title,link,channel,channel_link,date,video_length,time_diff,watch_time
Vinny - Cookie's Bustle,https://www.youtube.com/watch?v=nQrUUlOwFU4,JohnnyMonke,https://www.youtube.com/channel/UCkYWiGHq7DEjI3xTI7n9Ikg,2026-03-29T09:16:10.077Z,6515.0,,6515.0
HP Printer Baby - Advert,https://www.youtube.com/watch?v=p5V7bOBOJD4,MrRandom42011,https://www.youtube.com/channel/UCbpoOB9MSlQy4cCxeRXPmaA,2026-03-29T08:28:48.388Z,30.0,2841.689,30.0
Vinny - Steam Stink,https://www.youtube.com/watch?v=LQYIvPiQzt4,Vinesauce: The Full Sauce,https://www.youtube.com/channel/UC2_IYqb1Tc_8Azh7rByedPA,2026-03-29T07:23:58.570Z,6025.0,3889.818,3889.818
Vinny - The Powder Toy,https://www.youtube.com/watch?v=oW6b8Uf_7pc,Vinesauce: The Full Sauce,https://www.youtube.com/channel/UC2_IYqb1Tc_8Azh7rByedPA,2026-03-29T07:14:43.018Z,2924.0,555.552,555.552
I Robot,https://www.youtube.com/watch?v=vB8dweYCLes,The Alan Parsons Project - Topic,https://www.youtube.com/channel/UCvb0RGY80J8LSG1kIwNSXHA,2026-03-29T06:36:41.385Z,361.0,2281.633,361.0
HOME - Resonance,https://www.youtube.com/watch?v=8GW6sLrK40k,Electronic Gems,https://www.youtube.com/channel/UCPzWlhG7QM56Y8MYB3qMVnQ,2026-03-29T06:33:03.753Z,213.0,217.632,213.0
C418 - Aria Math (Minecraft Volume Beta),https://www.youtube.com/watch?v=atgjKEgSqSU,NycrypticProject,https://www.youtube.com/channel/UCUxyU2qAZyS0HlZMDkizq6g,2026-03-29T06:27:49.455Z,310.0,314.298,310.0
Minecraft C418 - Aria Math (Slowed To Perfection),https://www.youtube.com/watch?v=BXSOMo2uPWc,twentyone,https://www.youtube.com/channel/UC3_fxbCXr6_nb8PiXVxl1Xw,2026-03-29T06:27:06.909Z,332.0,42.546,42.546
c418 - aria math (slowed to perfection + 852Hz + reverb),https://www.youtube.com/watch?v=XXEW3NX0qZM,prodzi,https://www.youtube.com/channel/UCRJvnKJEvjLLmFWSY41pAuA,2026-03-29T06:26:27.617Z,356.0,39.292,39.292
#nobatidao,https://www.youtube.com/watch?v=glgDgS9WD0A,Minecrer,https://www.youtube.com/channel/UCY6iXsovTcyVI1DggvoB82g,2026-03-29T06:24:52.835Z,34.0,94.782,34.0
"Ngl, intrusive thoughts won. #shortsfeed #funny #comedy #shorts #youtubeshorts #reels #viral #gaming",https://www.youtube.com/watch?v=B25EEFSF7Q8,Marriedwithflaws,https://www.youtube.com/channel/UCb-MoFyHrcTUWN5ZS16vIAw,2026-03-29T06:23:47.917Z,61.0,64.918,61.0
#BotulismPunch #MeatCurtains #PullThemLipsApart #GrandmasScooterMeat #LickThatStrainer #BadBacon,https://www.youtube.com/watch?v=rphl_dO1q08,JapCarRealGood,https://www.youtube.com/channel/UCsSqhcXGLDb7BUH5NFlHSBw,2026-03-29T06:23:29.073Z,67.0,18.844,18.844
Vinny - Resident Evil 4 but it's corrupted,https://www.youtube.com/watch?v=9tqs47-NoHU,Vinesauce: Twitch Clips,https://www.youtube.com/channel/UCo03CCLE1x34004iBmjcHnA,2026-03-29T06:21:25.210Z,62.0,123.863,62.0
Ashley Hugs Leon 😳 (ORIGINAL VS REMAKE) #shorts #residentevil4,https://www.youtube.com/watch?v=8hWDbo_0sPs,IKKY 🌹,https://www.youtube.com/channel/UCN3fFoz27iEE_ddjLWqrHmg,2026-03-29T06:19:36.632Z,60.0,108.578,60.0
Vinny - The Powder Toy,https://www.youtube.com/watch?v=oW6b8Uf_7pc,Vinesauce: The Full Sauce,https://www.youtube.com/channel/UC2_IYqb1Tc_8Azh7rByedPA,2026-03-29T06:05:56.366Z,2924.0,820.266,820.266
Skyrim Competitive Mode is Here.,https://www.youtube.com/watch?v=RVZVfumCzsk,Joov Plus+,https://www.youtube.com/channel/UCTDVEI9KWSPwvC6kMiHPjzA,2026-03-29T05:26:38.015Z,3671.0,2358.351,2358.351
3 Murders With INSANE Plot Twists,https://www.youtube.com/watch?v=ccki70JLmNM,Kallmekris,https://www.youtube.com/channel/UCiciOsypkXcqSFqSPd-NRVA,2026-03-29T04:43:54.099Z,1805.0,2563.916,1805.0
https://www.youtube.com/watch?v=LdJf1G9bae0,https://www.youtube.com/watch?v=LdJf1G9bae0,,,2026-03-29T00:10:21.309Z,,16412.79,16412.79
Vinny - Tomodachi Life: Living the Dream Demo,https://www.youtube.com/watch?v=QHqGhNXcexY,Vinesauce: The Full Sauce,https://www.youtube.com/channel/UC2_IYqb1Tc_8Azh7rByedPA,2026-03-28T23:34:05.400Z,9067.0,2175.909,2175.909
babysitter 😭 #residentevil #residentevil9 #residentevilrequiem #leonkennedy #explore #ytshorts,https://www.youtube.com/watch?v=9pJWlhwC4XI,Infinite Plays,https://www.youtube.com/channel/UCkKzRWMgLVpl-LtRbxzU0Qw,2026-03-28T23:08:10.742Z,19.0,1554.658,19.0
"Skyrim, but it's a Zombie Apocalypse",https://www.youtube.com/watch?v=92jKBGHYyVw,Joov Plus+,https://www.youtube.com/channel/UCTDVEI9KWSPwvC6kMiHPjzA,2026-03-28T22:24:39.704Z,4134.0,2611.038,2611.038
Celebrities You Never Knew KILLED Someone,https://www.youtube.com/watch?v=HkUIaguwjfw,Kallmekris,https://www.youtube.com/channel/UCiciOsypkXcqSFqSPd-NRVA,2026-03-28T21:51:19.279Z,1992.0,2000.425,1992.0
Skyrim but my pacifist build went horribly wrong,https://www.youtube.com/watch?v=hwbuhJfd0YY,Scrollsii,https://www.youtube.com/channel/UCz3QfAjxdXYCl2G-4RcxQvA,2026-03-28T20:54:34.125Z,2598.0,3405.154,2598.0
The WORST Accidents In Caving  History,https://www.youtube.com/watch?v=Kacv7d0yBH8,Kallmekris,https://www.youtube.com/channel/UCiciOsypkXcqSFqSPd-NRVA,2026-03-28T20:07:27.107Z,2821.0,2827.018,2821.0
A dog in cat clothing,https://www.youtube.com/watch?v=9jzR7xMGADY,Girl With The Dogs,https://www.youtube.com/channel/UCUFnGWHIQvybwmR7XDh7-9A,2026-03-28T19:35:03.085Z,179.0,1944.022,179.0
leon 😭💔 #leonkennedy #residentevil #residentevil4remake #residentevil9 #explore #ytshorts,https://www.youtube.com/watch?v=7afn99pYKsQ,NonchalantMP4 ,https://www.youtube.com/channel/UCeBzYMdMGbQmJt3_QgQ8gKQ,2026-03-28T19:34:26.480Z,19.0,36.605,19.0
I Became a Terrible Bard in Skyrim,https://www.youtube.com/watch?v=DBfVIA6S3-A,Joov Plus+,https://www.youtube.com/channel/UCTDVEI9KWSPwvC6kMiHPjzA,2026-03-28T19:34:08.305Z,4918.0,18.175,18.175
Skyrim with Terribly Translated Dialogue (my goal is stupid),https://www.youtube.com/watch?v=VDXzwPvbFPg,Joov,https://www.youtube.com/channel/UC40Qux6JMAHiP34q6jja9Wg,2026-03-28T08:44:30.217Z,3502.0,38978.088,3502.0
3 Scary Games,https://www.youtube.com/watch?v=K7mGz8mr-xU,jacksepticeye,https://www.youtube.com/channel/UCYzPXprvl5Y-Sf0g4vX-m6g,2026-03-28T07:12:18.751Z,5379.0,5531.466,5379.0
The Viral Skyrim Reddit Build,https://www.youtube.com/watch?v=MBmFIWBkEng,Joov Plus+,https://www.youtube.com/channel/UCTDVEI9KWSPwvC6kMiHPjzA,2026-03-28T06:09:11.882Z,3250.0,3786.869,3250.0
Skyrim's PURE ORC Experience,https://www.youtube.com/watch?v=Xeevj8oSJwI,Joov Plus+,https://www.youtube.com/channel/UCTDVEI9KWSPwvC6kMiHPjzA,2026-03-28T05:29:49.627Z,2354.0,2362.255,2354.0
I Built a Terrible Skyrim Settlement,https://www.youtube.com/watch?v=-NId_v2-mfI,Joov Plus+,https://www.youtube.com/channel/UCTDVEI9KWSPwvC6kMiHPjzA,2026-03-28T04:48:08.725Z,2492.0,2500.902,2492.0
"Skyrim, but it's One LONG Dungeon",https://www.youtube.com/watch?v=H4L6SzGFVD4,Joov,https://www.youtube.com/channel/UC40Qux6JMAHiP34q6jja9Wg,2026-03-28T04:42:31.228Z,3809.0,337.497,337.497
"Skyrim, Playing as a Courier - Complete Series",https://www.youtube.com/watch?v=80Z5yTJjb0I,Jacoby Wakeby,https://www.youtube.com/channel/UCD71C66LY_OPP-WiI_xP6yw,2026-03-28T02:41:43.093Z,5841.0,7248.135,5841.0
Skyrim but I'm a pathetic useless Skeleton.,https://www.youtube.com/watch?v=1POAjzkSqvQ,Joov Plus+,https://www.youtube.com/channel/UCTDVEI9KWSPwvC6kMiHPjzA,2026-03-28T01:59:13.287Z,2543.0,2549.806,2543.0
Cats Causing Stuff,https://www.youtube.com/watch?v=LUDNjoGunJw,cat.404,https://www.youtube.com/channel/UCZqBGCBf3GzVyBnzf-61hCw,2026-03-28T01:39:06.949Z,1200.0,1206.338,1200.0
Baba Is You OST - Reed Is Sad - Rain,https://www.youtube.com/watch?v=CoXGdFEdMWQ,Hempuli,https://www.youtube.com/channel/UCjTafJmFk9D4eP-PCLUFO5Q,2026-03-28T01:35:47.215Z,348.0,199.734,199.734
HOME - Resonance,https://www.youtube.com/watch?v=8GW6sLrK40k,Electronic Gems,https://www.youtube.com/channel/UCPzWlhG7QM56Y8MYB3qMVnQ,2026-03-28T01:32:12.657Z,213.0,214.558,213.0
Subwoofer Lullaby,https://www.youtube.com/watch?v=lXoVugTertI,C418 - Topic,https://www.youtube.com/channel/UCONGElgDdV3FXSX-x7gBN4A,2026-03-28T01:28:37.159Z,209.0,215.498,209.0
Featherfall,https://www.youtube.com/watch?v=SLS9tUa2GXI,Aaron Cherof - Topic,https://www.youtube.com/channel/UCkkK21D3sqe4zjtbiA4QJqQ,2026-03-28T01:22:47.750Z,345.0,349.409,345.0
Puzzlebox,https://www.youtube.com/watch?v=ray1Svv6Sl8,Aaron Cherof - Topic,https://www.youtube.com/channel/UCkkK21D3sqe4zjtbiA4QJqQ,2026-03-28T01:17:42.094Z,300.0,305.656,300.0
Can you play Skyrim with ONLY One Color?,https://www.youtube.com/watch?v=JZSABuwMths,Joov,https://www.youtube.com/channel/UC40Qux6JMAHiP34q6jja9Wg,2026-03-28T01:03:36.975Z,3766.0,845.119,845.119
My Friends Sent Me TERRIBLE Skyrim Saves,https://www.youtube.com/watch?v=EGv-OBL9_SU,Joov,https://www.youtube.com/channel/UC40Qux6JMAHiP34q6jja9Wg,2026-03-27T23:37:41.447Z,5142.0,5155.528,5142.0
Cops Discover Killer's Hostage Tied Up in Basement,https://www.youtube.com/watch?v=tJHNxOjVfN0,BionicPIGtv,https://www.youtube.com/channel/UCrPArTqP5CTsnQI4-gQ2txw,2026-03-27T22:58:59.006Z,2317.0,2322.441,2317.0
They Experimented On Humans...Even Children | The Horrors Of MK Ultra,https://www.youtube.com/watch?v=pqcX-ToLBN0,Kallmekris,https://www.youtube.com/channel/UCiciOsypkXcqSFqSPd-NRVA,2026-03-27T22:38:38.747Z,4402.0,1220.259,1220.259
The Most DISTURBING CULT You’ve Never Heard Of | The Ant Hill Kids,https://www.youtube.com/watch?v=AQUCicVo0a8,Kallmekris,https://www.youtube.com/channel/UCiciOsypkXcqSFqSPd-NRVA,2026-03-27T05:13:40.348Z,3280.0,62698.399,3280.0
Russia's Deadliest Mystery Has Never Been Solved,https://www.youtube.com/watch?v=eN7z0rRlS6k,Kallmekris,https://www.youtube.com/channel/UCiciOsypkXcqSFqSPd-NRVA,2026-03-27T00:52:51.083Z,5232.0,15649.265,5232.0
The Most SICKENING S** CULT In History | Children Of God,https://www.youtube.com/watch?v=8KhJ1EZdwmc,Kallmekris,https://www.youtube.com/channel/UCiciOsypkXcqSFqSPd-NRVA,2026-03-27T00:01:54.205Z,3052.0,3056.878,3052.0
DISTURBING Cults You've Never Heard Of,https://www.youtube.com/watch?v=1nPyOgnpbo4,Kallmekris,https://www.youtube.com/channel/UCiciOsypkXcqSFqSPd-NRVA,2026-03-26T23:01:42.885Z,3173.0,3611.32,3173.0
The Demon Cat Invasion Of 1897 And 1901,https://www.youtube.com/watch?v=kOTUkffwQok,Shrouded Hand,https://www.youtube.com/channel/UCsVIQ2ipmCbua6s8ThFLo5A,2026-03-26T22:23:18.352Z,1733.0,2304.533,1733.0
The Internet's Darkest Fandom,https://www.youtube.com/watch?v=k_dryWbwJyo,Something Sinister,https://www.youtube.com/channel/UCQBJHoWMKDyg0_GpdoG1h-w,2026-03-26T21:47:40.663Z,1842.0,2137.689,1842.0
I heard the news.,https://www.youtube.com/watch?v=YmhzJCI1zuY,Schaffrillas Productions,https://www.youtube.com/channel/UC5UYMeKfZbFYnLHzoTJB1xA,2026-03-26T21:46:15.286Z,397.0,85.377,85.377
Beating Minecraft But Mobs Drop Random Items,https://www.youtube.com/watch?v=VRa-4-m-h6k,Torchy,https://www.youtube.com/channel/UC0Xf4sFeI5miqgtoXwY0a5g,2026-03-26T07:50:56.343Z,4140.0,50118.943,4140.0
"If I Laugh, The Video Ends 308",https://www.youtube.com/watch?v=96uyBkxNKAs,Jimmy Here,https://www.youtube.com/channel/UCfcc8OORrouV1lO_qeIZVNQ,2026-03-26T06:17:48.893Z,1807.0,5587.45,1807.0
Children Who Murder,https://www.youtube.com/watch?v=LFG6cBPqOis,Kallmekris,https://www.youtube.com/channel/UCiciOsypkXcqSFqSPd-NRVA,2026-03-26T05:48:23.704Z,1760.0,1765.189,1760.0
"Half Decapitated, Disemboweled and Left For Dead...But Survived | **SHOCKING CONTENT**",https://www.youtube.com/watch?v=PuMQjrnChrI,Kallmekris,https://www.youtube.com/channel/UCiciOsypkXcqSFqSPd-NRVA,2026-03-26T05:13:10.534Z,2109.0,2113.17,2109.0
"Skyblock 100 Days, But There's No Start Chest",https://www.youtube.com/watch?v=pHwqhCGGN74,bentheboss,https://www.youtube.com/channel/UCrMbxOiAhEgan4NDV1NOV7w,2026-03-26T04:55:05.483Z,4044.0,1085.051,1085.051
"Skyrim, Playing as a Woodcutter - Complete Series",https://www.youtube.com/watch?v=MZlWy6k5Bxo,Jacoby Wakeby,https://www.youtube.com/channel/UCD71C66LY_OPP-WiI_xP6yw,2026-03-26T04:34:21.666Z,11563.0,1243.817,1243.817
"Skyrim, but I'm just a Farmer Part 3 - The Wheat King",https://www.youtube.com/watch?v=K4f5oqCzTwk,Jacoby Wakeby,https://www.youtube.com/channel/UCD71C66LY_OPP-WiI_xP6yw,2026-03-25T21:51:58.929Z,2529.0,24142.737,2529.0
"Skyrim, but I'm just a Farmer Part 2 - Steel & Soil",https://www.youtube.com/watch?v=L6MKej2S_3Y,Jacoby Wakeby,https://www.youtube.com/channel/UCD71C66LY_OPP-WiI_xP6yw,2026-03-25T21:18:12.139Z,2013.0,2026.79,2013.0
This Might Be The Most Perfect Cat Ever,https://www.youtube.com/watch?v=fnxUpD0LcAA,Girl With The Dogs,https://www.youtube.com/channel/UCUFnGWHIQvybwmR7XDh7-9A,2026-03-25T20:51:22.788Z,575.0,1609.351,575.0
“Same guy btw” #residentevil #residentevilrequiem #leon,https://www.youtube.com/watch?v=BdYnzJZJA04,NEXPRO GAMER ,https://www.youtube.com/channel/UC1akORMW7PlHOStxGwOLHFA,2026-03-25T20:45:10.023Z,22.0,372.765,22.0
"Skyrim, but I'm just a Farmer",https://www.youtube.com/watch?v=pieyRnVx6bA,Jacoby Wakeby,https://www.youtube.com/channel/UCD71C66LY_OPP-WiI_xP6yw,2026-03-25T20:42:50.554Z,3261.0,139.469,139.469
Beating Minecraft On An Abandoned Save,https://www.youtube.com/watch?v=zZ1iEnS2lBQ,Kip2k,https://www.youtube.com/channel/UCXfE92nqTLZ8FgFLzwdKN9Q,2026-03-25T06:36:10.055Z,1931.0,50800.499,1931.0
Vinny - Lucid Blocks,https://www.youtube.com/watch?v=g86P0sSq-Tk,Vinesauce: The Full Sauce,https://www.youtube.com/channel/UC2_IYqb1Tc_8Azh7rByedPA,2026-03-25T06:15:23.611Z,7610.0,1246.444,1246.444
The Disturbing Case of Junko Furuta,https://www.youtube.com/watch?v=7uNwWcavYm4,Kallmekris,https://www.youtube.com/channel/UCiciOsypkXcqSFqSPd-NRVA,2026-03-25T05:34:23.691Z,3104.0,2459.92,2459.92
The BRUTAL Manson Family Cult Murders,https://www.youtube.com/watch?v=jgHSGK2Pgu0,Kallmekris,https://www.youtube.com/channel/UCiciOsypkXcqSFqSPd-NRVA,2026-03-25T04:11:02.734Z,4403.0,5000.957,4403.0
"Shooters shoot man, shooters shoot... #indiegames #gaming #funny #smallstreamer #quarantinezone",https://www.youtube.com/watch?v=ebdMng3WySw,DORADO,https://www.youtube.com/channel/UC3LIh0j5TCv60mc4TH0KTIg,2026-03-25T03:58:12.187Z,24.0,770.547,24.0
Portrait of a System with DID #art #interview #personality #painting,https://www.youtube.com/watch?v=yNXVgM6nSK0,Jakob Portrait,https://www.youtube.com/channel/UCRfKLty5vKG33XOzlIIwLVg,2026-03-25T03:56:04.859Z,62.0,127.328,62.0
What's Emily doing? #residentevil #re9 #animation,https://www.youtube.com/watch?v=aO2DKoE8iCM,Tang,https://www.youtube.com/channel/UCYbhVLA5zcOh8-17NnsBjFw,2026-03-25T03:55:12.216Z,11.0,52.643,11.0
Can you find all 8 bees?? #minecraft #fun #games #minecraftshorts #hunt #minecraftreels,https://www.youtube.com/watch?v=PQiqGdoTfYU,Hunt Me Minecraft,https://www.youtube.com/channel/UCZRv74LtspjJwfcwt4oTTYA,2026-03-25T03:54:49.449Z,7.0,22.767,7.0
The kindness of strangers makes people feel warm.#shorts,https://www.youtube.com/watch?v=sAjPBMJaoG4,SoftStarlit ,https://www.youtube.com/channel/UCy00oXxGioC9azOtTfVjsog,2026-03-25T03:52:53.859Z,,115.59,115.59
We can’t make those anymore,https://www.youtube.com/watch?v=VCc8I3YjAfU,Carisa Hendrix & Lucy Darling,https://www.youtube.com/channel/UCdKkJL5CZcSLgUjyQK1xLOA,2026-03-25T03:50:53.286Z,120.0,120.573,120.0
When Voice Actors Really Love Their Own Characters #residentevil #residentevilrequiem,https://www.youtube.com/watch?v=N8OqyXJ8pX4,Prizzaa Gaming Channel,https://www.youtube.com/channel/UCQDVCHyeLuPu8icc53uurmQ,2026-03-25T03:50:35.185Z,6.0,18.101,6.0
we get it grace #residentevil #residentevil9 #residentevilrequiem #leonkennedy #explore #ytshorts,https://www.youtube.com/watch?v=kV9Q7c_uO44,Infinite Plays,https://www.youtube.com/channel/UCkKzRWMgLVpl-LtRbxzU0Qw,2026-03-25T03:49:43.957Z,15.0,51.228,15.0
TV Shows That Drove People To KILL...,https://www.youtube.com/watch?v=cL25b9Gmo-w,Kallmekris,https://www.youtube.com/channel/UCiciOsypkXcqSFqSPd-NRVA,2026-03-25T03:20:09.978Z,2163.0,1773.979,1773.979
Vinny - Explicit Marios,https://www.youtube.com/watch?v=uikqhXjkscU,Vinesauce: The Full Sauce,https://www.youtube.com/channel/UC2_IYqb1Tc_8Azh7rByedPA,2026-03-25T02:22:52.495Z,3999.0,3437.483,3437.483
SMALL FARMING COMMUNITY! Aspen Bay The Sims 3 World Overview,https://www.youtube.com/watch?v=f-5CdCNKnyQ,Cjplays,https://www.youtube.com/channel/UCOMmn9Rp8vUOanlKBFaFDaw,2026-03-25T01:24:40.597Z,944.0,3491.898,944.0
FARMING WORLD! Stardew Valley The Sims 3 World Overview,https://www.youtube.com/watch?v=vQLHvL3JZxA,Cjplays,https://www.youtube.com/channel/UCOMmn9Rp8vUOanlKBFaFDaw,2026-03-25T01:19:58.540Z,1180.0,282.057,282.057
HE SAVED THEIR BODY PARTS FOR LATER… | Jerry Brudos,https://www.youtube.com/watch?v=RxF35pPZ4sc,Kallmekris,https://www.youtube.com/channel/UCiciOsypkXcqSFqSPd-NRVA,2026-03-25T00:54:48.901Z,2604.0,1509.639,1509.639
Vinny - Super Mario 64 Remade from Memory Update,https://www.youtube.com/watch?v=bWXyHKu8LjQ,Vinesauce: The Full Sauce,https://www.youtube.com/channel/UC2_IYqb1Tc_8Azh7rByedPA,2026-03-24T23:47:44.498Z,2280.0,4024.403,2280.0
The Most UNHINGED Minecraft Video! | Grox Reaction,https://www.youtube.com/watch?v=hN7e3GJOYag,Rosiebellmoo,https://www.youtube.com/channel/UCxS4WAak6mMsFbdEl36wm_A,2026-03-24T23:41:15.831Z,2428.0,388.667,388.667
Child Serial Killers,https://www.youtube.com/watch?v=qbfsx4xOv5M,Kallmekris,https://www.youtube.com/channel/UCiciOsypkXcqSFqSPd-NRVA,2026-03-24T23:12:58.421Z,2385.0,1697.41,1697.41
Omar being the hardest-working member of the cast for 9 minutes,https://www.youtube.com/watch?v=3zy9sOLXIQU,Anymore Edits,https://www.youtube.com/channel/UCuKgcxNZyc9KQEF0qt0iRxg,2026-03-24T23:00:04.223Z,543.0,774.198,543.0
"Leon Kennedy, a bicycle and a dream #residentevil #shorts #leonkennedy #re9 #residentevilrequiem",https://www.youtube.com/watch?v=baSQzmjq5dE,Lexy,https://www.youtube.com/channel/UCuEaRB19A02TAcWcq2nzgZg,2026-03-24T22:59:40.563Z,101.0,23.66,23.66
girl daddy leon #residentevil #residentevil9 #residentevilrequiem #leonkennedy #explore #ytshorts,https://www.youtube.com/watch?v=M1hJBfsc9GI,Infinite Plays,https://www.youtube.com/channel/UCkKzRWMgLVpl-LtRbxzU0Qw,2026-03-24T22:58:34.781Z,20.0,65.782,20.0
Vinny - Horse Riding Classic,https://www.youtube.com/watch?v=7Mamk0x7uY0,Vinesauce: The Full Sauce,https://www.youtube.com/channel/UC2_IYqb1Tc_8Azh7rByedPA,2026-03-24T08:14:53.484Z,3128.0,53021.297,3128.0
Vinny - Retro Rewind: Video Store Simulator,https://www.youtube.com/watch?v=HL0bKFiiPsw,Vinesauce: The Full Sauce,https://www.youtube.com/channel/UC2_IYqb1Tc_8Azh7rByedPA,2026-03-24T05:33:55.082Z,6580.0,9658.402,6580.0
yogurt shop cold case finally solved...,https://www.youtube.com/watch?v=kVCPqMmJEnM,don’t look at me,https://www.youtube.com/channel/UCBrKV6TRGNwUPuStYJlGzBw,2026-03-24T04:55:59.877Z,2227.0,2275.205,2227.0
one of the stranger cases i've covered...,https://www.youtube.com/watch?v=AXeTMFZNvQU,don’t look at me,https://www.youtube.com/channel/UCBrKV6TRGNwUPuStYJlGzBw,2026-03-24T04:15:39.633Z,2414.0,2420.244,2414.0
Vinny - Freaky  Mushrooms,https://www.youtube.com/watch?v=51jlBMseXzY,Vinesauce: The Full Sauce,https://www.youtube.com/channel/UC2_IYqb1Tc_8Azh7rByedPA,2026-03-24T02:37:18.634Z,1632.0,5900.999,1632.0
#find,https://www.youtube.com/watch?v=1BSX00zG6cc,Toiku,https://www.youtube.com/channel/UCg6oG5D1QpTihDtTuD7Mzhw,2026-03-24T02:29:29.741Z,22.0,468.893,22.0
Made a new friend today!,https://www.youtube.com/watch?v=k9UIjb85efc,Maui Jay,https://www.youtube.com/channel/UCxlh01kFIANDTY-jp0iJiAA,2026-03-24T02:29:21.256Z,12.0,8.485,8.485
Kareshi Kareshi  @LenaLemon             #learnjapanese #japaneseculture,https://www.youtube.com/watch?v=rA_AJKWkf5w,Real Real Japan,https://www.youtube.com/channel/UCyIhBDft5f3kj4Xcua3p3kQ,2026-03-24T02:28:44.809Z,27.0,36.447,27.0
Leon's logic😭#leonkennedy #residentevil #residentevil4remake #residentevilrequiem #explore #ytshorts,https://www.youtube.com/watch?v=v48aMB-5lD0,NonchalantMP4 ,https://www.youtube.com/channel/UCeBzYMdMGbQmJt3_QgQ8gKQ,2026-03-24T02:25:38.644Z,14.0,186.165,14.0
"these took forever, was it worth it? 😭😭😭 #embroidery  #artist  #diyclothes  #whimsy  #twee  #craft",https://www.youtube.com/watch?v=31wSsiqHny4,Paigey Doodles 🛸,https://www.youtube.com/channel/UCgwSw8uMA-OK8p6Uuk89-3Q,2026-03-24T02:25:29.724Z,14.0,8.92,8.92
#jennie #jenniekim #blackpink #blink #complexcon,https://www.youtube.com/watch?v=ZTSUYS9uM0o,IdolsUpdate,https://www.youtube.com/channel/UCR0Jo63duoIMD5AVap3auog,2026-03-24T02:25:19.526Z,27.0,10.198,10.198
Poor Trader Llama...I had to put him out of his misery 😭😭😭 #Trauma #minecraft,https://www.youtube.com/watch?v=rDUZH4x-QNQ,SoVeryNerdy,https://www.youtube.com/channel/UCWB_dlR7IeS8JfwDorx1lxA,2026-03-24T02:25:02.600Z,16.0,16.926,16.0
“I’m not your dad” is just way too funny 😭,https://www.youtube.com/watch?v=McXX6WW89lQ,TheGrumpiess,https://www.youtube.com/channel/UCpDJ1Gvh-HJ7GI3UakJehCw,2026-03-24T02:24:29.284Z,17.0,33.316,17.0
BOB ROSS FAN BRUSH EPIC WATERFALL #bobross #shorts,https://www.youtube.com/watch?v=PHSRdSoZ34Y,Master Temple Paints Pictures,https://www.youtube.com/channel/UCckjw_hFetgSRoLyLmlksuw,2026-03-24T02:24:09.329Z,16.0,19.955,16.0
#nobatidao 💃,https://www.youtube.com/watch?v=LbcNbmFyPrs,QUIP Memes,https://www.youtube.com/channel/UCpCuu4OIOoufFO8yx4zY0_Q,2026-03-24T02:24:01.328Z,5.0,8.001,5.0
The Help movie,https://www.youtube.com/watch?v=C7LPEjih8_M,Teacher Liza Tutorials,https://www.youtube.com/channel/UCnPwC60q2iU7Ut--i7KBW5Q,2026-03-24T02:22:25.956Z,128.0,95.372,95.372
campfire🏕️ #shorts #draw #art,https://www.youtube.com/watch?v=Kn7PrYE_gbs,reignroots ,https://www.youtube.com/channel/UCgkudNm5v6VgZ4nP3lBvlQw,2026-03-24T02:21:54.130Z,23.0,31.826,23.0
Resident Evil Requiem opened an old wound #leonkennedy #residentevil #residentevilrequiem,https://www.youtube.com/watch?v=CgCYiuL7v7w,Gaming SDP,https://www.youtube.com/channel/UC1bkMzX5QgY75Wkr2Se8_dg,2026-03-24T02:21:40.884Z,35.0,13.246,13.246
Soprano sings Bach's most famous unsung melody,https://www.youtube.com/watch?v=QLuUTeERo7g,The Urban Herald,https://www.youtube.com/channel/UCrpPj5-XqSdpawlUNAaL5kg,2026-03-24T02:20:55.679Z,45.0,45.205,45.0
Poor Nathan #Shorts,https://www.youtube.com/watch?v=aGH3QpOBdXc,Carisa Hendrix & Lucy Darling,https://www.youtube.com/channel/UCdKkJL5CZcSLgUjyQK1xLOA,2026-03-24T02:18:51.106Z,128.0,124.573,124.573
WAY!!🗣️ #leonkennedy #residentevil #residentevil4 #residentevilrequiem #explore #ytshorts,https://www.youtube.com/watch?v=tx6B_9xShaw,NonchalantMP4 ,https://www.youtube.com/channel/UCeBzYMdMGbQmJt3_QgQ8gKQ,2026-03-24T02:18:39.063Z,15.0,12.043,12.043
Len Kennedy core. #residentevil #leonskennedy #funny #memes,https://www.youtube.com/watch?v=cHq0FcjuCQo,Flameslight,https://www.youtube.com/channel/UCq2X8DbxRnuV2g-Ap0dzpOg,2026-03-24T02:18:31.511Z,23.0,7.552,7.552
Caseoh Finally Met Chris Redfield,https://www.youtube.com/watch?v=BZcdsxQ1usk,QualityCaseoh,https://www.youtube.com/channel/UCa3ATNSZA3xRMQWGFeIkBYA,2026-03-24T02:16:36.169Z,157.0,115.342,115.342
girl dad coded #residentevil #residentevil9 #residentevilrequiem #leonkennedy #explore #ytshorts,https://www.youtube.com/watch?v=Pa9Oy7iI-h4,Infinite Plays,https://www.youtube.com/channel/UCkKzRWMgLVpl-LtRbxzU0Qw,2026-03-24T02:12:45.779Z,25.0,230.39,25.0
Peter O'Toole | Drinking In Dublin With Peter Finch,https://www.youtube.com/watch?v=YFuQMHWz7WE,The Forgotten Podcast,https://www.youtube.com/channel/UCAMGfs2h4ghkKyWp-vYG0lg,2026-03-24T02:11:23.257Z,146.0,82.522,82.522
I keep playing Wonderland.jar.,https://www.youtube.com/watch?v=4VZ6WuJ40N0,tomatocat,https://www.youtube.com/channel/UCae0hqJP0lU__vocjqa1JQQ,2026-03-24T01:26:00.699Z,3102.0,2722.558,2722.558
iJeffrey (Intro Theme Song),https://www.youtube.com/watch?v=Y3xiJVBZni4,Dr Phoxotic,https://www.youtube.com/channel/UCo5nE1xrHBkUcIPf7Dxgt_w,2026-03-24T00:31:56.777Z,61.0,3243.922,61.0
The Gruesome REAL LIFE Dexter Killer,https://www.youtube.com/watch?v=rvfaUBFYysA,Kallmekris,https://www.youtube.com/channel/UCiciOsypkXcqSFqSPd-NRVA,2026-03-24T00:21:48.570Z,2992.0,608.207,608.207
The Smiley Face Killers Are Still Out There...,https://www.youtube.com/watch?v=y1GG7CXZTAo,Kallmekris,https://www.youtube.com/channel/UCiciOsypkXcqSFqSPd-NRVA,2026-03-23T22:34:46.252Z,2853.0,6422.318,2853.0
These Serial Killers Are STILL Out There,https://www.youtube.com/watch?v=e9IvxHSugmE,Kallmekris,https://www.youtube.com/channel/UCiciOsypkXcqSFqSPd-NRVA,2026-03-23T21:57:59.717Z,2422.0,2206.535,2206.535
These Serial Killers Are STILL Out There,https://www.youtube.com/watch?v=e9IvxHSugmE,Kallmekris,https://www.youtube.com/channel/UCiciOsypkXcqSFqSPd-NRVA,2026-03-23T05:49:10.969Z,2422.0,58128.748,2422.0
The Most SADISTIC Killer Couple | Fred and Rose West,https://www.youtube.com/watch?v=8yr6qEAaxRQ,Kallmekris,https://www.youtube.com/channel/UCiciOsypkXcqSFqSPd-NRVA,2026-03-23T02:40:19.730Z,3732.0,11331.239,3732.0
The Most INSANE Kidnapping Story In History,https://www.youtube.com/watch?v=ZjjEfFtenkE,Kallmekris,https://www.youtube.com/channel/UCiciOsypkXcqSFqSPd-NRVA,2026-03-23T02:05:18.362Z,2094.0,2101.368,2094.0
The Horrors Of Found Footage,https://www.youtube.com/watch?v=E0rJLtNlVyU,Void the warlock,https://www.youtube.com/channel/UCbEzitKNosuIcG4jqKtfrGQ,2026-03-23T01:25:12.541Z,2134.0,2405.821,2134.0
What You Didn’t Know About America's Most INFAMOUS Serial Killer,https://www.youtube.com/watch?v=X1_oA2RFqLM,Kallmekris,https://www.youtube.com/channel/UCiciOsypkXcqSFqSPd-NRVA,2026-03-23T01:24:18.957Z,3628.0,53.584,53.584
This Isn't Even Minecraft Anymore,https://www.youtube.com/watch?v=MsKCCNqbFzs,Baron of something,https://www.youtube.com/channel/UCWjddouGnGN2K9OYCv0eXfA,2026-03-23T00:41:24.176Z,8487.0,2574.781,2574.781
This Moms Horrifying Secret is too much....,https://www.youtube.com/watch?v=SiNz0tWcXJc,BionicPIGtv,https://www.youtube.com/channel/UCrPArTqP5CTsnQI4-gQ2txw,2026-03-22T23:37:47.493Z,3376.0,3816.683,3376.0
Who REALLY Killed The Black Dhalia?,https://www.youtube.com/watch?v=Hg5LrjYRpfQ,Kallmekris,https://www.youtube.com/channel/UCiciOsypkXcqSFqSPd-NRVA,2026-03-22T22:12:12.883Z,3156.0,5134.61,3156.0
The Most Bizarre Unexplainable COLD Case | The Yuba County 5,https://www.youtube.com/watch?v=1lI-sdKDBUU,Kallmekris,https://www.youtube.com/channel/UCiciOsypkXcqSFqSPd-NRVA,2026-03-22T21:39:40.553Z,1946.0,1952.33,1946.0
This Murdered Man's Riddle Still Stumps the FBI,https://www.youtube.com/watch?v=UKZBopyyLUQ,Kallmekris,https://www.youtube.com/channel/UCiciOsypkXcqSFqSPd-NRVA,2026-03-22T20:22:35.756Z,3283.0,4624.797,3283.0
Why Leon's Face Model HATES Leon #residentevil,https://www.youtube.com/watch?v=3zlIdUfkhSI,pixorphia,https://www.youtube.com/channel/UCI9kR9oC3qq6P5waq0-NiWg,2026-03-22T08:07:01.854Z,46.0,44133.902,46.0
Women. - Leon S Kennedy,https://www.youtube.com/watch?v=RXX_R7SPqMg,S.T.A.R.StruckEdits,https://www.youtube.com/channel/UCYTStrmQFQH_Bh4gKC1l1hg,2026-03-22T06:18:45.004Z,15.0,6496.85,15.0
I'll do anything to protect my my self... 😡#shortvideo,https://www.youtube.com/watch?v=eoEBZ4Io-eU,Ultimate2.0,https://www.youtube.com/channel/UCq2KTQe7usKBxAqQ8Lgrs7A,2026-03-22T06:17:04.637Z,,100.367,100.367
I'm a girl. #edit #trending #shorts,https://www.youtube.com/watch?v=3QBgwHQb6u8,Priya DJ remix,https://www.youtube.com/channel/UCvpLzTFEvls_XPNE2HW4mfw,2026-03-22T06:15:21.279Z,59.0,103.358,59.0
"The Flamboyant Life of Philippe I, Duke of Orléans #frenchhistory #painting #royalfamily #louisxiv",https://www.youtube.com/watch?v=nmVvhk6_efI,Past Diary,https://www.youtube.com/channel/UCToypSp8yOf2gUGguDd8vxw,2026-03-22T06:14:32.099Z,35.0,49.18,35.0
where’s everybody going? bingo?🧍🏼 *does a backflip* #residentevil #leonkennedy,https://www.youtube.com/watch?v=VgoMJbYmFCY,Kiera Please,https://www.youtube.com/channel/UC6cvmD53Do5_wtViBfeT5Ww,2026-03-22T06:14:16.564Z,15.0,15.535,15.0
🔴MICHAEL MYERS🔪 wipe me down pt.215 what’s bro doing🤣🔴,https://www.youtube.com/watch?v=LQNHOAwwhY0,LOUISIANA MICHAEL MYERS!!,https://www.youtube.com/channel/UCZa7pCVx_PPrWt9pA1SAT9Q,2026-03-22T06:14:10.990Z,16.0,5.574,5.574
He could never help but unleash malice.|I Swear (2025) #movies #cinema #movie #shorts #comments,https://www.youtube.com/watch?v=Rkwuf7szdXI,Deblo Lydiaf,https://www.youtube.com/channel/UC1T4vaNlOuHfUhLF-iUy15g,2026-03-22T06:12:19.759Z,60.0,111.231,60.0
I'm not a witch #edit #funny #piratesofthecaribbean,https://www.youtube.com/watch?v=tdyHErl7evs,CineVaulted,https://www.youtube.com/channel/UChxl4epiw2rZ1FXYnzXz0_w,2026-03-22T06:11:20.513Z,60.0,59.246,59.246
This scene had me crying 😭 #drama #viral #viralshort #greysanatomy #fanpage #drama #sad #trauma,https://www.youtube.com/watch?v=VzW8_Nr84VU,Fan4GreysAnatomy,https://www.youtube.com/channel/UCd33PNlpnmWJrUMIa9BmH7g,2026-03-22T06:10:18.064Z,59.0,62.449,59.0
Fr twin ♥🥀 #minecraft #gaming #hopecore #hopecoretiktok,https://www.youtube.com/watch?v=FML8quSTdCA,Ryzex,https://www.youtube.com/channel/UCN6tQdM9iOCuasc1x6IRm1w,2026-03-22T06:10:11.269Z,15.0,6.795,6.795
Spat my tea making this Antique’s Roadshow Parody #ukcomedy #BritainUnhinged #britishhumour,https://www.youtube.com/watch?v=KPanA_Er7Wg,Britain Unhinged,https://www.youtube.com/channel/UCDesJF9CnG9AIJ7Q2zIERFQ,2026-03-22T06:09:51.024Z,14.0,20.245,14.0
"1940s Infant ""LEG PRESS"" #shorts",https://www.youtube.com/watch?v=8UokztRrCMw,TimeQuest Facts,https://www.youtube.com/channel/UCwUW5FqzfXYRZYrTZH8P-gg,2026-03-22T06:07:59.647Z,6.0,111.377,6.0
Never playing in this world ever again #minecraft,https://www.youtube.com/watch?v=2KY1-d3u1-s,Yt Blade,https://www.youtube.com/channel/UCHo1VuMRaUq0e5MSXsRcpdw,2026-03-22T06:07:37.330Z,19.0,22.317,19.0
"🎬 ""Justice Has a New Face."" — Morgan's First Judgment as Queen in Camelot S1E7 👑⚖️👩‍⚖️",https://www.youtube.com/watch?v=zK2vQsVSsA4,Rose ,https://www.youtube.com/channel/UCLZFDws9vtXDc26M92oUuXQ,2026-03-22T06:07:31.446Z,59.0,5.884,5.884
44 Years of Mom's Birthday Cakes—Then Dad Tried After She Passed and It Melted My Heart,https://www.youtube.com/watch?v=LbpzVWUqG_A,Celebrity Tales,https://www.youtube.com/channel/UCm9o2JV_DiI-D915F2Uq6xQ,2026-03-22T06:05:40.210Z,5.0,111.236,5.0
mommy leon #residentevil #residentevil9 #residentevilrequiem #leonkennedy #explore #ytshorts,https://www.youtube.com/watch?v=U6bjPfgMtb0,Infinite Plays,https://www.youtube.com/channel/UCkKzRWMgLVpl-LtRbxzU0Qw,2026-03-22T06:05:12.834Z,15.0,27.376,15.0
ai lacks soul #art #history #culture #ancienthistory #ancientarchitecture #worldhistory #arthistory,https://www.youtube.com/watch?v=xEJbDTLuYkw,historybycat,https://www.youtube.com/channel/UCXG-R-ULajGTyZl7lLeHvMw,2026-03-22T06:05:01.772Z,8.0,11.062,8.0
Can Elpis Cure the Singing Zombie? #ResidentEvilRequiem #ResidentEvil9 #RE9,https://www.youtube.com/watch?v=4QD4NQAKQvo,GameGPT,https://www.youtube.com/channel/UCx6E8n8GQFjjyGd8qoDC0Iw,2026-03-22T06:04:42.435Z,7.0,19.337,7.0
This scallop is watching you! 👁️,https://www.youtube.com/watch?v=37OSxYqOj24,Curious as Hell,https://www.youtube.com/channel/UCy38OtTWhi8vabnv_VKUGVw,2026-03-22T06:04:12.947Z,9.0,29.488,9.0
Marilyn Monroe's character Cherie in the 1956 film Bus Stop,https://www.youtube.com/watch?v=shT7x9UKltM,F@#! It We'll Fix It In Post,https://www.youtube.com/channel/UCJOY22GdHaH5th_I_suZGrw,2026-03-22T06:03:38.248Z,40.0,34.699,34.699
The Apollo 17 Geologist Slipped on the Moon. It Took Him 40 Seconds to Fall.,https://www.youtube.com/watch?v=qTwH80KmrSI,Shadow of the Empire,https://www.youtube.com/channel/UCogE5Xzl6gJZE9LpM_g-2-w,2026-03-22T06:03:03.275Z,7.0,34.973,7.0
The Physics of a Grain Trap #shorts,https://www.youtube.com/watch?v=lKro0-ISy0s,TimeQuest Facts,https://www.youtube.com/channel/UCwUW5FqzfXYRZYrTZH8P-gg,2026-03-22T06:02:47.905Z,7.0,15.37,7.0
#brixlagerfeld,https://www.youtube.com/watch?v=uQO662eWTbo,Brixlagerfeld,https://www.youtube.com/channel/UCOiYoDunON6dBvBts3ox8Mw,2026-03-22T06:02:39.811Z,4.0,8.094,4.0
"Even in war, compassion remains",https://www.youtube.com/watch?v=OhCnrrbgAqg,Dose De Curiosidade,https://www.youtube.com/channel/UC8G9GUvs4Cnhx7kcp7YvAXg,2026-03-22T06:01:55.167Z,11.0,44.644,11.0
RE9 Developers is Actually Care About Lore Accurate Too Much - Resident Evil Requiem,https://www.youtube.com/watch?v=0azwjFb5SlE,Unbra,https://www.youtube.com/channel/UCF0WMOi__1DTPAAUdlpUqfg,2026-03-22T06:01:31.448Z,8.0,23.719,8.0
Love or Duty: The Story Behind the Painting  #shorts #history #art,https://www.youtube.com/watch?v=H9aamEg-OnM,Grimverse History,https://www.youtube.com/channel/UCYDkZhgWr7JEUAjAP1cg_Ag,2026-03-22T06:01:11.040Z,13.0,20.408,13.0
"""Why do we have three brown fingers?"" 🤔💅 #TheOsbournes #OzzyOsbourne #Funnymoment",https://www.youtube.com/watch?v=GBiuPfpkCz8,The Osbournes,https://www.youtube.com/channel/UCDVUlyPNOaMJPBnwQvW6U_g,2026-03-22T06:00:12.756Z,37.0,58.284,37.0
"In X-Men: The Last Stand (2006), Mystique’s Betrayal by Magneto",https://www.youtube.com/watch?v=-zvKjtzm4iM,Memelogyz,https://www.youtube.com/channel/UCJBBqGGHmo84rSoRDBWA3Uw,2026-03-22T05:59:29.354Z,10.0,43.402,10.0
That’s not a baby in her arms. #history,https://www.youtube.com/watch?v=RBIksS-ilZo,History with Asly ,https://www.youtube.com/channel/UCv3zC2xsa87tAA-QtuQQSWA,2026-03-22T05:58:52.389Z,22.0,36.965,22.0
Zaouli : Precision Mask Dance of Ivory Coast,https://www.youtube.com/watch?v=HIhJMMs-Trw,Existenzia,https://www.youtube.com/channel/UCB4YagXY6ogsRhc_yn3ENYA,2026-03-22T05:58:13.100Z,8.0,39.289,8.0
https://www.youtube.com/watch?v=ocYr9K9QvwE,https://www.youtube.com/watch?v=ocYr9K9QvwE,,,2026-03-22T05:57:28.474Z,,44.626,44.626
Death and the Maiden by Marianne Stokes (c.1908) #art #painting,https://www.youtube.com/watch?v=NyL8oGjZtGo,What Paintings Say,https://www.youtube.com/channel/UCjroI8t8qHg5WJ7CwOVfCKg,2026-03-22T05:57:18.084Z,29.0,10.39,10.39
#residentevil #residentevilrequiem #residentevilrequiem9 #re9 #leonskennedy #graceashcroft #re9emily,https://www.youtube.com/watch?v=2fq4NVL3wF4,Punkiinx Neon,https://www.youtube.com/channel/UC1N39YK_h7ochSxEy18RzfA,2026-03-22T05:55:56.395Z,7.0,81.689,7.0
Viper vs. Wolverine: Underrated Villian,https://www.youtube.com/watch?v=8hiIlclaaX0,AsgardAntics,https://www.youtube.com/channel/UCuhx6QLuH1OYPRbP-V4Sv_A,2026-03-22T05:55:32.096Z,6.0,24.299,6.0
When The Developers Have a Sense of Humor - Resident Evil Requem,https://www.youtube.com/watch?v=UgqTkXL84O0,Unbra,https://www.youtube.com/channel/UCF0WMOi__1DTPAAUdlpUqfg,2026-03-22T05:54:55.494Z,7.0,36.602,7.0
Victoria's portrait for Albert #history #art,https://www.youtube.com/watch?v=giG7CCtXMSI,History by Mae,https://www.youtube.com/channel/UCANp2YejdjMHJ4rIuce93oA,2026-03-22T05:54:31.185Z,15.0,24.309,15.0
Margot Robbie’s Real Foot Arch in Barbie,https://www.youtube.com/watch?v=UHoXnwxCv90,Joey Shull,https://www.youtube.com/channel/UCFYaskz_YP8INrGFQLdecSQ,2026-03-22T05:54:09.346Z,7.0,21.839,7.0
She Murd3rd her daughters murd3r3r #crime #crimestory #truecrimecommunity #trending #truestory,https://www.youtube.com/watch?v=fqa6GkkzUW4,Fig.Solves,https://www.youtube.com/channel/UCFE7f73wbyFmyX-eSlM_ZZQ,2026-03-22T05:54:06.867Z,18.0,2.479,2.479
Saving a Bloated Cow with an Emergency Trocar 🐄,https://www.youtube.com/watch?v=rLRj4rkDWaQ,Curious as Hell,https://www.youtube.com/channel/UCy38OtTWhi8vabnv_VKUGVw,2026-03-22T05:52:59.929Z,17.0,66.938,17.0
CBStv you rang??? 👄🔍#goldenglobes2026 #leonardodicaprio #lipreadinggirl #lipreading,https://www.youtube.com/watch?v=GIEhI6JcgoE,Jackie G,https://www.youtube.com/channel/UCvbhmqqyhPueDJYJ6Eqvfmg,2026-03-22T05:52:32.521Z,23.0,27.408,23.0
Japan travel tips that make no sense,https://www.youtube.com/watch?v=uQwZWphCVOA,Addy,https://www.youtube.com/channel/UCrORuRGsAGn6fhi6Z0NaLzQ,2026-03-22T05:51:57.255Z,9.0,35.266,9.0
Video Games 0.001 Seconds After Releasing on PC,https://www.youtube.com/watch?v=vSzHEdWE-ws,TurboVibeGaming,https://www.youtube.com/channel/UCmsqfHlH9DLDubewLooO4sA,2026-03-22T05:51:40.136Z,6.0,17.119,6.0
https://www.youtube.com/watch?v=S3O7C5ckFWY,https://www.youtube.com/watch?v=S3O7C5ckFWY,,,2026-03-22T05:51:22.787Z,,17.349,17.349
One Line… One Slap… A Scene Hollywood Never Forgot! #filmhistory #filmflashbacks #hollywoodflashback,https://www.youtube.com/watch?v=1Hmek7089-Y,Hollywood Flashback,https://www.youtube.com/channel/UCSiFFuHRNkEjGhoxH7_8u_w,2026-03-22T05:50:30.577Z,37.0,52.21,37.0
"Rare Rafflesia : The World’s Largest, Foul Smelling Flower",https://www.youtube.com/watch?v=UUNMarbWLlM,Existenzia,https://www.youtube.com/channel/UCB4YagXY6ogsRhc_yn3ENYA,2026-03-22T05:50:13.257Z,9.0,17.32,9.0
Our family is sleeping on the floor now #intentionalliving,https://www.youtube.com/watch?v=je31ktY4QC8,Life With The Potters,https://www.youtube.com/channel/UC3itVqqoHs8kA2-L4iQJBjA,2026-03-22T05:49:50.705Z,10.0,22.552,10.0
The Woman Who Lost 340 Days #shorts,https://www.youtube.com/watch?v=KvBrZ1iZp60,TimeQuest Facts,https://www.youtube.com/channel/UCwUW5FqzfXYRZYrTZH8P-gg,2026-03-22T05:48:49.246Z,8.0,61.459,8.0
The Deadliest Fashion Accessory in History😮#history #historical,https://www.youtube.com/watch?v=MxOUFBu3Zyw,Framed by History,https://www.youtube.com/channel/UCEW6AB4GNVofpXSevNLPWyg,2026-03-22T05:48:02.074Z,37.0,47.172,37.0
She Fed a Hungry Homeless Man 🥹❤️‍🩹,https://www.youtube.com/watch?v=o0wf1uXFCQA,Goated Eagle,https://www.youtube.com/channel/UCpuWWZBKVE_n_50K5KjZkhw,2026-03-22T05:47:27.147Z,25.0,34.927,25.0
me doing this anytime my kids run out of little bites since they are picky eaters..,https://www.youtube.com/watch?v=XJoCCu8RgDw,internet bastard,https://www.youtube.com/channel/UCF9bq-1c7DWbX19p7lBGgTQ,2026-03-22T05:47:22.777Z,8.0,4.37,4.37
Is That a Bad Pixel or a Planet? 🪐☀️,https://www.youtube.com/watch?v=rHRWXwur02s,UNIVERSIA,https://www.youtube.com/channel/UC3pXa_APcAuZC0tYZ0gqu1g,2026-03-22T05:46:54.044Z,5.0,28.733,5.0
https://www.youtube.com/watch?v=NpCef7-Bp2A,https://www.youtube.com/watch?v=NpCef7-Bp2A,,,2026-03-22T05:44:58.717Z,,115.327,115.327
Rare Vocal Technique Allows Single Performer To Generate Dual Pitches Without Electronic Processing,https://www.youtube.com/watch?v=8MZPJBpGOBs,Walking Streets,https://www.youtube.com/channel/UC1NyTQbUBJ81fDss4UJNSyQ,2026-03-22T05:44:48.267Z,10.0,10.45,10.0
https://www.youtube.com/watch?v=zRl6bDEs-VE,https://www.youtube.com/watch?v=zRl6bDEs-VE,,,2026-03-22T05:44:43.521Z,,4.746,4.746
Quite a unique Greek god #history #art,https://www.youtube.com/watch?v=TK7XMLepB9A,History by Mae,https://www.youtube.com/channel/UCANp2YejdjMHJ4rIuce93oA,2026-03-22T05:44:28.745Z,20.0,14.776,14.776
You spoke at both? Gir I could barely get up to say my last goodbye,https://www.youtube.com/watch?v=FL5Jbg-mYeA,GirlysHood,https://www.youtube.com/channel/UCtcrxWDZ979wrXu02at3SGA,2026-03-22T05:44:16.251Z,10.0,12.494,10.0
mascara tut? #viral #ytshorts #fyp #makeup #kpop #katseye,https://www.youtube.com/watch?v=3xRAYoXbn9Y,lilyytourney,https://www.youtube.com/channel/UCpeSWxVqVHbjX6tOCWzrPDA,2026-03-22T05:44:03.317Z,6.0,12.934,6.0
THIS is how my world ended💔,https://www.youtube.com/watch?v=fwdWYFMnO4E,Teal,https://www.youtube.com/channel/UCTVqY2ePeglSYQeliUg-sYA,2026-03-22T05:43:42.203Z,11.0,21.114,11.0
i gotchu girls #nursecomedy #healthcareworkers #nursehumor #crna #nurses ,https://www.youtube.com/watch?v=rNANT4z40lc,Joshua Condado,https://www.youtube.com/channel/UCYGaLAZRkZFALJSu6BVW0eQ,2026-03-22T05:43:15.504Z,8.0,26.699,8.0
RE9 Developers Shows How Much They Care About Tiny Details - Resident Evil Requiem,https://www.youtube.com/watch?v=cPdbnxTLBF4,Unbra,https://www.youtube.com/channel/UCF0WMOi__1DTPAAUdlpUqfg,2026-03-22T05:42:52.686Z,5.0,22.818,5.0
Minecraft Cherry Bed. #minecraft #minecraftbuilds #shorts,https://www.youtube.com/watch?v=A0YJyhZSfiI,aMuffinMC,https://www.youtube.com/channel/UCeyZQNFyG7MPyefTutSB2NQ,2026-03-22T05:42:49.617Z,,3.069,3.069
"once that stove’s cold, it’s x100 harder to clean up #stove #cooking",https://www.youtube.com/watch?v=cWAuOVg1gaY,Internet Archive,https://www.youtube.com/channel/UCdyWpgIxg2d-Z_rt0QLvP3Q,2026-03-22T05:42:40.335Z,6.0,9.282,6.0
Finding out your friends is a bit different than you 🥺 #blindcat #tripodcat #interesting #cats,https://www.youtube.com/watch?v=cx27z3Ar9zg,Donna & Archie,https://www.youtube.com/channel/UCe9JquwGcpuragdqpatxsNw,2026-03-22T05:42:21.136Z,40.0,19.199,19.199
They're real!!,https://www.youtube.com/watch?v=Xq1ZahYldwo,Jobless,https://www.youtube.com/channel/UCX0iUYDIcT7LZptDqc9Urdw,2026-03-22T05:41:50.544Z,7.0,30.592,7.0
make ice cream for my daughter  - day 148 🍱 和我一起做冰淇淋#icecream #cooking  #dessert  #asmrvideo #food,https://www.youtube.com/watch?v=AIOcb8QfYCM,Cookming,https://www.youtube.com/channel/UCPfgoivQYWmsoxOeVNSYWLg,2026-03-22T05:41:10.888Z,39.0,39.656,39.0
Just an everyday occurrence around here 🫠 #ocdproblems #sensorybinfiller,https://www.youtube.com/watch?v=9pEe40Mx-EY,The Creative Mix Shop,https://www.youtube.com/channel/UCafjD5mu1dwA7M4s2z1hRlA,2026-03-22T05:40:58.043Z,7.0,12.845,7.0
#Cross-stitch enthusiast#Tutorial on cross-stitch techniques#Cross-stitch stitch,https://www.youtube.com/watch?v=gyekhXPOEJA,Berliner Squitieri,https://www.youtube.com/channel/UC8u9NOTrGuX2Xug7D0FPLxw,2026-03-22T05:40:55.488Z,18.0,2.555,2.555
Playing Air Like An Instrument,https://www.youtube.com/watch?v=3RvozTs6SnE,Walking Streets,https://www.youtube.com/channel/UC1NyTQbUBJ81fDss4UJNSyQ,2026-03-22T05:40:21.886Z,8.0,33.602,8.0
"Babe, what time are you supposed to be at the shop??! #couple #bluecollar #boyfriend #relatable #fyp",https://www.youtube.com/watch?v=uQb31D5d9Ho,Matt&Aves,https://www.youtube.com/channel/UCniTejuIPWHClUV7bSsRtXQ,2026-03-22T05:40:01.858Z,6.0,20.028,6.0
Comment your favs 🖤🖤,https://www.youtube.com/watch?v=fA_j6Q27k_8,NyxariaFashion,https://www.youtube.com/channel/UCaxeFI9bxIR85wWUzKvbxQQ,2026-03-22T05:39:59.318Z,32.0,2.54,2.54
Bro said he added a few mods,https://www.youtube.com/watch?v=ZXE0icYvirc,NukeClips,https://www.youtube.com/channel/UC2Vk0P6hofhlXHFx1eGhPHg,2026-03-22T05:39:21.064Z,19.0,38.254,19.0
Solve this problem,https://www.youtube.com/watch?v=-ONlE9aWfCE,FoodLover Vlog,https://www.youtube.com/channel/UCqSryLgvAAAX1y5dheWV3Tg,2026-03-22T05:39:16.477Z,42184.0,4.587,4.587
"Taken in August 1997, this image of Princess Diana sitting quietly on the edge of a diving board",https://www.youtube.com/watch?v=5ItooiD3lg4,Eleanor OldMoneyFshion,https://www.youtube.com/channel/UCriGNxdzVM5rixVLGlzuY6Q,2026-03-22T05:38:45.852Z,9.0,30.625,9.0
bread baking #Shorts #wellbakedbaker,https://www.youtube.com/watch?v=LHMvx_RSgmo,The Bread Wizard🥖,https://www.youtube.com/channel/UCsa4L2WcSxl-9rjmWNkUHdw,2026-03-22T05:38:33.446Z,9.0,12.406,9.0
it was not jealousy IT WAS NOT JEALOUSY #repost,https://www.youtube.com/watch?v=wXO-2KZ-aNE,Sofiamins Art,https://www.youtube.com/channel/UCfOGMFMDgXw5YAJQMEBic9w,2026-03-22T05:38:17.830Z,13.0,15.616,13.0
Cherry Heart Portal 🌸🩷 #minecraft #cherry #heart #portal #pink,https://www.youtube.com/watch?v=oVe2lMi0RuA,ecastny,https://www.youtube.com/channel/UCDHzBQmc9e_fq46JULKpKJQ,2026-03-22T05:38:14.066Z,56.0,3.764,3.764
The curious case of Charles II of Spain #history #art,https://www.youtube.com/watch?v=vpE3hmOw7SI,History by Mae,https://www.youtube.com/channel/UCANp2YejdjMHJ4rIuce93oA,2026-03-22T05:37:44.364Z,14.0,29.702,14.0
and that's on getting pregnant at 16😭 #youngparents #family #Kids #funny #genz,https://www.youtube.com/watch?v=oXxQyJby3c8,Kayli Jones,https://www.youtube.com/channel/UCQ7KZphr649DtiMejnJWOPw,2026-03-22T05:37:33.136Z,7.0,11.228,7.0
OIL PAINTING HACK!! 🙌 #arttips,https://www.youtube.com/watch?v=cXfVx51G9wo,Safeyah Aljabouri,https://www.youtube.com/channel/UCtqDJHF0YNLa9jYb0Z1haJg,2026-03-22T05:37:29.585Z,21.0,3.551,3.551
They’re too nonchalant for me 😒 #stardewvalley #stardew #shortsfeed,https://www.youtube.com/watch?v=OcMgBZnAWnQ,lysha,https://www.youtube.com/channel/UCCHpMxE5Rt0sphzJKfAIuGg,2026-03-22T05:37:26.396Z,15.0,3.189,3.189
ME AS SOON AS MY PARENTS COME HOME #comedy #relatable #shorts,https://www.youtube.com/watch?v=e0YReoxQtxQ,Ethan Steele,https://www.youtube.com/channel/UC2eCyAorAlc9x8cX_xGvhTA,2026-03-22T05:37:05.265Z,16.0,21.131,16.0
Shower day in the nursing home is a battle 🚿😭 #cnahumor #ltc #humor,https://www.youtube.com/watch?v=Cz--BlFrRhI,NurseZee,https://www.youtube.com/channel/UCpTJRtcZvAa07ue6RAbgZKw,2026-03-22T05:35:55.585Z,8.0,69.68,8.0
Whatever he touches passes away but.. #shorts #alternative #music #rockmusic,https://www.youtube.com/watch?v=Z6psjEAUi9Y,Fraxriel,https://www.youtube.com/channel/UCkXL4QCfjvSHqOmABKUj3uQ,2026-03-22T05:35:00.937Z,60.0,54.648,54.648
How would they know 🤫 #crochet #crocheting #crochetaddict #crocheter,https://www.youtube.com/watch?v=QLSYyCmbiMw,Victoria Reyna,https://www.youtube.com/channel/UCaY0NbITGuSBs-qfRWgU_aQ,2026-03-22T05:34:39.477Z,13.0,21.46,13.0
OMG this designer created the human body🦴🌌 #RobertWun #Couture #Fashion #Runway,https://www.youtube.com/watch?v=lI8kQQSLgJA,Courtney Eliza,https://www.youtube.com/channel/UCKgcpWyJyidWKfdCa5ftWWA,2026-03-22T05:33:54.329Z,25.0,45.148,25.0
The magic of material transformation.,https://www.youtube.com/watch?v=GG4FmlOJU5s,Nala Kun,https://www.youtube.com/channel/UCrpwLBR3HVt7EVXnz3s4jdg,2026-03-22T05:33:36.336Z,8.0,17.993,8.0
Inva Mulas high notes in The Fifth Element (1997) shocked the world,https://www.youtube.com/watch?v=XALtgpWI81U,True Pop,https://www.youtube.com/channel/UCjd7kff7208NMY3b3iRRUlw,2026-03-22T05:33:09.448Z,,26.888,26.888
@musclementalitycoaching:  #catlovers #cat #kitten,https://www.youtube.com/watch?v=QH-8AniX8UQ,Cat Man,https://www.youtube.com/channel/UCTLP8Md19VL4T4E73eFIKAA,2026-03-22T05:32:54.178Z,8.0,15.27,8.0
Making Mona Lisa smile even MORE 😫😅 #artchallenge,https://www.youtube.com/watch?v=e22-CzPSH_4,Safeyah Aljabouri,https://www.youtube.com/channel/UCtqDJHF0YNLa9jYb0Z1haJg,2026-03-22T05:32:29.978Z,23.0,24.2,23.0
Deep Quotes Part 1 #quotes #minecraft #deepquotes #gameplay,https://www.youtube.com/watch?v=-Z8R2uU1qv8,Fevlow,https://www.youtube.com/channel/UCRecqf3i2ePz62ovCpqb7Tg,2026-03-22T05:32:04.664Z,,25.314,25.314
初ロータスでもたもたするあんの,https://www.youtube.com/watch?v=4SDGfbbjr1c,꧁༒☬Unknown☬༒꧂,https://www.youtube.com/channel/UCjmYlf-iA4yXC-ALB_kMGFw,2026-03-22T05:31:59.314Z,58.0,5.35,5.35
“To Wong Foo” (1995) 💅✨ Teaching Respect in the Most Fabulous Way Possible 👠🌈,https://www.youtube.com/watch?v=QQ-CRhkoUqI,Alexandra Ture,https://www.youtube.com/channel/UChsmGxjgplHJOwaLF0iVNyg,2026-03-22T05:31:14.385Z,59.0,44.929,44.929
How MOJANG told me to end the world #minecraft #shorts,https://www.youtube.com/watch?v=GkV__8tyvJI,BrotherHate,https://www.youtube.com/channel/UCQ9nyvPX0EYA33cjjvDnXeA,2026-03-22T05:30:52.417Z,17.0,21.968,17.0
When a Bedwars Player Plays Survival 😂#minecraft #shorts,https://www.youtube.com/watch?v=L7uGm93C_Vo,Algorithmics,https://www.youtube.com/channel/UC5jb0LxcpElBR37xgV8doVA,2026-03-22T05:30:33.917Z,36.0,18.5,18.5
Armor Swapper #minecraft #armor #swapper #build #building,https://www.youtube.com/watch?v=FYe42GxjYH0,ecastny,https://www.youtube.com/channel/UCDHzBQmc9e_fq46JULKpKJQ,2026-03-22T05:30:00.986Z,24.0,32.931,24.0
Pack a Bento for My Daughter  - day 122 🍱 和我一起做便當#lunchbox #cooking  #bento #asmrvideo #food,https://www.youtube.com/watch?v=hLLi7prTvvY,Cookming,https://www.youtube.com/channel/UCPfgoivQYWmsoxOeVNSYWLg,2026-03-22T05:29:10.221Z,49.0,50.765,49.0
Which Powerpuff girl is your favourite? ✨  #painting #powerpuffgirls #illustration,https://www.youtube.com/watch?v=x-MvQwAJM74,James Lewis,https://www.youtube.com/channel/UCFS_3C5WcfZL_5XK8rSz5gA,2026-03-22T05:28:27.293Z,62.0,42.928,42.928
#7x7,https://www.youtube.com/watch?v=Q6dGm6m5B2k,Crazygamer552,https://www.youtube.com/channel/UCB8QDkG7OC4bl1rCAsXkEnw,2026-03-22T05:28:18.383Z,42.0,8.91,8.91
POV: you trust your nail tech ❤️🎨💅🏽,https://www.youtube.com/watch?v=-npQQMXeE6E,Tnailguy,https://www.youtube.com/channel/UCnk45CW3XGS2LJYFRhMqgTA,2026-03-22T05:27:50.998Z,25.0,27.385,25.0
what if? || #shorts #twilight,https://www.youtube.com/watch?v=tUb8IX-cyek,cullenstwilight ౨ৎ,https://www.youtube.com/channel/UC56UK_tvLV2EF3g3mdbiZcA,2026-03-22T05:27:29.085Z,16.0,21.913,16.0
3d펜으로 스폰지밥 우정반지 만들기! How to make Spongebob BFF RING!👍,https://www.youtube.com/watch?v=ETCurdmoB8A,해보까Haebokka,https://www.youtube.com/channel/UCMaPNd0OQvHFldbM1tlxk9w,2026-03-22T05:27:10.824Z,60.0,18.261,18.261
3d펜으로 주토피아2 게리 만들기! How to make Zootopia2 Gary De'Snake! 🐍,https://www.youtube.com/watch?v=A2AaOX8_FKE,해보까Haebokka,https://www.youtube.com/channel/UCMaPNd0OQvHFldbM1tlxk9w,2026-03-22T05:25:09.515Z,60.0,121.309,60.0
Just thumbs laying down,https://www.youtube.com/watch?v=3nXLWGo2SDo,Emmy with cats,https://www.youtube.com/channel/UCEtnqc1oczhfLZ9cuT27bkQ,2026-03-22T05:22:00.910Z,8.0,188.605,8.0
"""To Wong Foo, Thanks for Everything! Julie Newmar (1995)",https://www.youtube.com/watch?v=mS2kT8Z9IdA,Alexandra Ture,https://www.youtube.com/channel/UChsmGxjgplHJOwaLF0iVNyg,2026-03-22T05:20:51.091Z,59.0,69.819,59.0
me realizing i could make fake wall chargers and place them around my school..,https://www.youtube.com/watch?v=sNZBcZzEyUE,internet bastard,https://www.youtube.com/channel/UCF9bq-1c7DWbX19p7lBGgTQ,2026-03-22T05:19:55.217Z,9.0,55.874,9.0
🔴MICHAEL MYERS🔪 wipe me down pt.232 what the birds doin🤣🔴,https://www.youtube.com/watch?v=S_IZC5qVpl4,LOUISIANA MICHAEL MYERS!!,https://www.youtube.com/channel/UCZa7pCVx_PPrWt9pA1SAT9Q,2026-03-22T05:19:22.992Z,16.0,32.225,16.0
#7x7,https://www.youtube.com/watch?v=D4qbFLjiQwY,Wanna_Gamer,https://www.youtube.com/channel/UCwUYJW9GrfaxroS47QaHRxQ,2026-03-22T05:18:26.428Z,45.0,56.564,45.0
Playing on my Minecraft world for the last time before quitting forever #minecraft,https://www.youtube.com/watch?v=3h6yRhvrI6w,bdz,https://www.youtube.com/channel/UCMG2CceGTlksRCVdMkU8Ifw,2026-03-22T05:16:56.247Z,70.0,90.181,70.0
“how big is your canvas??” yes. #artreveal #maximalism #orangeart,https://www.youtube.com/watch?v=1oXEo9suAKU,dkaism,https://www.youtube.com/channel/UCJnNwbQhqwMQNihkNJtH_vw,2026-03-22T05:16:29.735Z,25.0,26.512,25.0
💄⚡ To Wong Foo (1995) | Fierce Argument Turns Into a Moment of Truth 😳 #movie,https://www.youtube.com/watch?v=Qsi3G_-3X7Y,Alexandra Ture,https://www.youtube.com/channel/UChsmGxjgplHJOwaLF0iVNyg,2026-03-22T05:15:20.971Z,58.0,68.764,58.0
"Jump scared me, slight panick trying to find my way out🫣",https://www.youtube.com/watch?v=orwAvYHum7c,LeftyNotaGamer,https://www.youtube.com/channel/UCdgc9JE7MP9bn2yubro7BGQ,2026-03-22T05:14:29.618Z,31.0,51.353,31.0
Which pickaxe is the BEST?,https://www.youtube.com/watch?v=bxvT8h9j1l8,JP22,https://www.youtube.com/channel/UCpnv1V83KoWLAUkR3lKfesg,2026-03-22T05:14:15.420Z,26.0,14.198,14.198
Well #food,https://www.youtube.com/watch?v=QaBmK0Rs7cA,Jordan Howlett,https://www.youtube.com/channel/UC9PY_s84IkOV_MJwEL70sfQ,2026-03-22T05:12:35.819Z,71.0,99.601,71.0
#firtana,https://www.youtube.com/watch?v=x4FOu3wUHGc,DEBRO MC,https://www.youtube.com/channel/UCXmiXvwCjrbAR9Dg8w8IX4A,2026-03-22T05:11:38.666Z,38.0,57.153,38.0
#bouncingball,https://www.youtube.com/watch?v=CNhrO5_eNA4,Vexth Playz,https://www.youtube.com/channel/UC0LTAQ4sYYUVelqLy04o5jw,2026-03-22T05:11:28.206Z,24.0,10.46,10.46
making a lavender layered jelly cake 🪻🤍💜 #satisfying #jellycake #jelly,https://www.youtube.com/watch?v=lrr2hX9Dlrc,sweetzori,https://www.youtube.com/channel/UCVGWXBZjGohqhoHncdCdP3Q,2026-03-22T05:10:07.475Z,55.0,80.731,55.0
Sending love today! ❤️❤️#artjournal #mixedmedia #asmr,https://www.youtube.com/watch?v=jNYQhK0BsHc,Liu Journal,https://www.youtube.com/channel/UCaF-8c4PxUrq2An-XewTO3Q,2026-03-22T05:10:00.437Z,91.0,7.038,7.038
We all have done it...,https://www.youtube.com/watch?v=e-Gleu6AE7o,BionicPIGtv,https://www.youtube.com/channel/UCrPArTqP5CTsnQI4-gQ2txw,2026-03-22T05:09:50.377Z,29.0,10.06,10.06
Painting green light 🙌 #artchallenge,https://www.youtube.com/watch?v=1gA1m8EzlDA,Safeyah Aljabouri,https://www.youtube.com/channel/UCtqDJHF0YNLa9jYb0Z1haJg,2026-03-22T05:09:29.917Z,16.0,20.46,16.0
Yellow buttercream? Never heard of her 💁🏻‍♀️ #cake #cakedecorating #buttercream,https://www.youtube.com/watch?v=DgQLk3RJa7g,Baked by Steph,https://www.youtube.com/channel/UCRBLJpQNbRLC_7_eLbJUx3w,2026-03-22T05:08:53.537Z,21.0,36.38,21.0
"To Wong Foo, Julie Newmar — “Lady friends & the truth that brings them together”",https://www.youtube.com/watch?v=6iWVPSYBuYo,Alexandra Ture,https://www.youtube.com/channel/UChsmGxjgplHJOwaLF0iVNyg,2026-03-22T05:07:22.189Z,48.0,91.348,48.0
Minecraft vs Realism | Lava Bucket #minecraft #vr #drawing #painting #art #minecraftrealistic #asmr,https://www.youtube.com/watch?v=uv6EWYbdWZo,HydraVR,https://www.youtube.com/channel/UCTgelq3YlK3j2PrRAS5hVIA,2026-03-22T05:06:20.442Z,61.0,61.747,61.0
All Swords vs Warden,https://www.youtube.com/watch?v=iv_ETfTLlf4,SteveCraft,https://www.youtube.com/channel/UCoAwPHLaEHHHVRk1X0wFkrA,2026-03-22T05:04:11.156Z,56.0,129.286,56.0
What an odd thing to say…🤔 #nails #nailart #gelxnails #nailstamping #peekaboonails,https://www.youtube.com/watch?v=Zo8UjGOifCc,InsatiableNails,https://www.youtube.com/channel/UCOaf69K2AYdtkbD_e9EQoUw,2026-03-22T05:03:13.906Z,60.0,57.25,57.25
Minecraft Underground City🏠 #minecraft,https://www.youtube.com/watch?v=3J71s__3QGc,Blockical,https://www.youtube.com/channel/UCDcTMqejXColQz4bRgxokrw,2026-03-22T05:01:48.523Z,87.0,85.383,85.383
"It better be your wife, bro",https://www.youtube.com/watch?v=QmW_Qta82tc,Smosh Games,https://www.youtube.com/channel/UCJ2ZDzMRgSrxmwphstrm8Ww,2026-03-22T05:01:43.097Z,40.0,5.426,5.426
PAINTING THE ORIGINAL MONA LISA ✨ #artchallenge,https://www.youtube.com/watch?v=kp4GFBUgnhc,Safeyah Aljabouri,https://www.youtube.com/channel/UCtqDJHF0YNLa9jYb0Z1haJg,2026-03-22T05:01:00.679Z,35.0,42.418,35.0
The best behaved passenger on the plane 🥹,https://www.youtube.com/watch?v=9_zwOzNuLMQ,Prince Louie & Todd,https://www.youtube.com/channel/UCrt9ZL-oz9FBxFH_FtBuXLA,2026-03-22T05:00:45.748Z,31.0,14.931,14.931
CaseOh is a Expert at guessing food 😭,https://www.youtube.com/watch?v=iDeiA-xYo4U,Crunch,https://www.youtube.com/channel/UCjX_3cDF4VE56aPQn5JkoVg,2026-03-22T05:00:42.014Z,60.0,3.734,3.734
https://www.youtube.com/watch?v=hHZ-dmkrkEE,https://www.youtube.com/watch?v=hHZ-dmkrkEE,,,2026-03-22T05:00:41.013Z,,1.001,1.001
Batman | Campaign 3,https://www.youtube.com/watch?v=6_nC-Zdt6lU,Critical Role,https://www.youtube.com/channel/UCpXBGqwsBkpvcYjsJBQ7LEQ,2026-03-22T05:00:17.786Z,25.0,23.227,23.227
"To Wong Foo, Thanks for Everything! Julie Newmar (1995) | ""Style has nothing to do with money."" 💄👑",https://www.youtube.com/watch?v=OH-hYM37PEI,Alexandra Ture,https://www.youtube.com/channel/UChsmGxjgplHJOwaLF0iVNyg,2026-03-22T04:59:12.449Z,59.0,65.337,59.0
Trust The Process👀🥕 What do you think? Color Theory Carrot #watercolortutorial #colortheory,https://www.youtube.com/watch?v=8GYSb7cn9iI,Stasi Art,https://www.youtube.com/channel/UCEfW0ymMXLRsKwGcLQ21kHA,2026-03-22T04:58:37.071Z,20.0,35.378,20.0
What??? #ohio,https://www.youtube.com/watch?v=j60s1HX6T88,Columbus Library,https://www.youtube.com/channel/UCyJFZ3joUY_qo8S_m8ro4Bw,2026-03-22T04:57:50.281Z,43.0,46.79,43.0
It’s still an amazing time to have this💕 #animalcrossing #acnh #zelda,https://www.youtube.com/watch?v=ip6JHZqTspM,Lunaonisland,https://www.youtube.com/channel/UC8cQqIwUvxnSC_AlQBU4ddA,2026-03-22T04:57:30.647Z,6.0,19.634,6.0
Needed Some Emotional Support after That #minecrafshorts,https://www.youtube.com/watch?v=LtyV4Zy35GE,trewefor,https://www.youtube.com/channel/UCPlQ8xfkpnl_DZvaP-4M4Qw,2026-03-22T04:56:49.630Z,30.0,41.017,30.0
Schlatt Has A TERRIBLE Flashback 😭,https://www.youtube.com/watch?v=J_PzfZGv-wg,Big guy,https://www.youtube.com/channel/UCWZp4y1jqBuvLtiyxSs_ZBw,2026-03-22T04:56:06.332Z,40.0,43.298,40.0
When Mom's Childhood Hits Different 💀 #storytime #comedy,https://www.youtube.com/watch?v=gDQ32sWIv8Q,Comedy Crate,https://www.youtube.com/channel/UC1qKB6j1rMZqwcV34uqOMsA,2026-03-22T04:55:24.020Z,44.0,42.312,42.312
rip thomas #comedy #gaming #thecouchbrothers #thomasandfriends,https://www.youtube.com/watch?v=8Og6Nh02MS0,The Couch Brothers,https://www.youtube.com/channel/UCS8RC3QoSj94P9xPiwdEmPg,2026-03-22T04:55:22.640Z,19.0,1.38,1.38
You regret the location of your base…,https://www.youtube.com/watch?v=phbFzhC64kY,DrDonut Clips,https://www.youtube.com/channel/UCldCI5K_HmwS_iQX7xqIlPg,2026-03-22T04:55:01.644Z,22.0,20.996,20.996
When the face doesn't match the voice 🤣,https://www.youtube.com/watch?v=gEKJlMSNUDY,Joseph David-Jones,https://www.youtube.com/channel/UCHHKUd4dmLuhm_rretWPnsA,2026-03-22T04:54:48.602Z,15.0,13.042,13.042
#dublagem,https://www.youtube.com/watch?v=t0VK5l0-faY,SanSyn,https://www.youtube.com/channel/UCpwaGh-1yqRKCG8SD-GpSDg,2026-03-22T04:53:46.704Z,59.0,61.898,59.0
Add This Water Cooler to Your Minecraft House,https://www.youtube.com/watch?v=CaSmLpVtHrk,Nightfxll,https://www.youtube.com/channel/UCg1Ck4w10UIi8rmc8Kmqtew,2026-03-22T04:53:16.866Z,27.0,29.838,27.0
Can the Cheapest Watercolor Actually Work?👀🎨#watercolor #painting #watercolortutorial,https://www.youtube.com/watch?v=APfl4rNVC0U,Parand,https://www.youtube.com/channel/UCHLG2Ys8gDOLlkCEFyYc7wA,2026-03-22T04:52:46.605Z,27.0,30.261,27.0
Playing one minute of Minecraft each day Part Eight #minecraftshorts,https://www.youtube.com/watch?v=Sq04Fuq_K8A,TheMaskedGamingCentral,https://www.youtube.com/channel/UCaZ1Xv2WsoAdUIg4FjW2woA,2026-03-22T04:52:37.734Z,62.0,8.871,8.871
The Secret To D&D | Campaign 4,https://www.youtube.com/watch?v=bKO7gClSjtc,Critical Role,https://www.youtube.com/channel/UCpXBGqwsBkpvcYjsJBQ7LEQ,2026-03-22T04:51:51.277Z,26.0,46.457,26.0
Minecraft Horror mods on another level💀#shorts,https://www.youtube.com/watch?v=3x7Ohe-pvcY,DIDI_Gameplays,https://www.youtube.com/channel/UCta9I9ZNIZC3cB7OCmK4kYA,2026-03-22T04:51:07.948Z,36.0,43.329,36.0
7 building tricks for your minecraft world,https://www.youtube.com/watch?v=yYJ_p-av-D0,HypeCraft App,https://www.youtube.com/channel/UChVjaXP92OpHsl-TS19PZnA,2026-03-22T04:48:39.829Z,46.0,148.119,46.0
What Happens When You Grow Up With Only Women?,https://www.youtube.com/watch?v=PidIkZXdLoU,Comedy Crate,https://www.youtube.com/channel/UC1qKB6j1rMZqwcV34uqOMsA,2026-03-22T04:47:40.566Z,39.0,59.263,39.0
#dublagem,https://www.youtube.com/watch?v=jYDjHxG3n0o,Kajuto,https://www.youtube.com/channel/UCF5ksRyJ9DjjMScxLqPIcFw,2026-03-22T04:46:56.344Z,34.0,44.222,34.0
Something's not right. Maybe it's just me. Make it glow. And the light returned. art oil painting,https://www.youtube.com/watch?v=RwGEUIp2i14,Nathan Clements Art,https://www.youtube.com/channel/UCfD_SMCDrrADlOYghqa6Mtw,2026-03-22T04:46:42.888Z,10.0,13.456,10.0
10000 IQ Minecraft Moment #minecraft #viral #shorts,https://www.youtube.com/watch?v=QqtnCJ_EE6U,Pixel Player,https://www.youtube.com/channel/UCk_r15tkMdkt19bbgIXupvw,2026-03-22T04:45:41.508Z,57.0,61.38,57.0
#minecraft #minecraftbeauty #minecraftguide #minecraftbuilding #minecrafthowto #minecrafttutorial,https://www.youtube.com/watch?v=6BtWF27NNiM,XShadowWraithX,https://www.youtube.com/channel/UCw6qVoRyo8_K2WuJwo1vr4A,2026-03-22T04:45:36.248Z,11.0,5.26,5.26
He misses her too. 🥹 #acnh #animalcrossingnewhorizons ##animalcrossing #beardo #grief #parentloss,https://www.youtube.com/watch?v=t68u7pnTyYc,Goose,https://www.youtube.com/channel/UCeWU9J5NzHs3CYEutYeI2ng,2026-03-22T04:45:18.412Z,18.0,17.836,17.836
Grave in Minecraft,https://www.youtube.com/watch?v=On4UAzyLU1o,Golemzy,https://www.youtube.com/channel/UCoYBnzipbufk1HY5zB9f93Q,2026-03-22T04:44:32.755Z,41.0,45.657,41.0
You know this mine was good then this happens 🤨 #minecraft #usa,https://www.youtube.com/watch?v=lEFj_7WJ50c,Itz Me Illu,https://www.youtube.com/channel/UCOH9y60I-G3jPhXghlnnkig,2026-03-22T04:44:10.126Z,25.0,22.629,22.629
female armor,https://www.youtube.com/watch?v=luFqfv4504Q,StarrayDraws,https://www.youtube.com/channel/UC5vfUcTqb4Crmq27KTAUF-g,2026-03-22T04:43:56.867Z,8.0,13.259,8.0
Chillest Cop in America!,https://www.youtube.com/watch?v=XECwqy6N7UI,Snarp,https://www.youtube.com/channel/UCaiPWYj91M1p11bUliFA_VA,2026-03-22T04:42:48.364Z,7.0,68.503,7.0
He Saved It So Well🥹,https://www.youtube.com/watch?v=mxodC8l8fH0,SRJMotivation,https://www.youtube.com/channel/UCvI4gLSF1kIOv7cTU4dDUNg,2026-03-22T04:42:46.320Z,51.0,2.044,2.044
The Moment | Campaign 4,https://www.youtube.com/watch?v=36xx24ihLaA,Critical Role,https://www.youtube.com/channel/UCpXBGqwsBkpvcYjsJBQ7LEQ,2026-03-22T04:42:05.972Z,10.0,40.348,10.0
This Took An “Interesting” Turn...,https://www.youtube.com/watch?v=jxAOlBIXrEc,Big guy,https://www.youtube.com/channel/UCWZp4y1jqBuvLtiyxSs_ZBw,2026-03-22T04:41:47.863Z,17.0,18.109,17.0
#dublagem,https://www.youtube.com/watch?v=4oh6OHdtA_w,Kajuto,https://www.youtube.com/channel/UCF5ksRyJ9DjjMScxLqPIcFw,2026-03-22T04:41:23.854Z,13.0,24.009,13.0
Would you date...WHO?!?,https://www.youtube.com/watch?v=JL_CyJU69CY,"Respectfully, Xaviaer",https://www.youtube.com/channel/UCF2124fuiJvsNiVKLLT-RWw,2026-03-22T04:39:31.958Z,61.0,111.896,61.0
🔴Food Live🔴,https://www.youtube.com/watch?v=2F3txrSpoGk,Street Food Stall Live,https://www.youtube.com/channel/UCsPDT4js2prlEVLYX0KoLnA,2026-03-22T04:39:30.787Z,12447.0,1.171,1.171
This Iron golem is not letting me summon black concrete powder golem #shorts #minecraft,https://www.youtube.com/watch?v=Yr29FmZPeBU,ReladderbinMC,https://www.youtube.com/channel/UClVrqt-UfhU2_Tzu-BSY1_w,2026-03-22T04:39:13.214Z,8.0,17.573,8.0
#angst,https://www.youtube.com/watch?v=v1An-gMU3xo,potch,https://www.youtube.com/channel/UCKSLcSNS5i_CHdezZyovQTw,2026-03-22T04:38:37.581Z,30.0,35.633,30.0
1 boss to rule them all | Minecraft Timelapse #minecraft #minecraftbuilding #minecraftbuild #lotr,https://www.youtube.com/watch?v=cQVLKDbVoCg,Necron,https://www.youtube.com/channel/UCwuFw8yu4RVeT4Fr3l8Je9A,2026-03-22T04:37:39.331Z,60.0,58.25,58.25
This Might Genuinely Be The Most Evil Prank,https://www.youtube.com/watch?v=Xs-jljPQtsA,Tenshu plays,https://www.youtube.com/channel/UCOo_9LxYvCxQ7Ixr3vNNNaw,2026-03-22T04:37:15.046Z,16.0,24.285,16.0
This is how I’m gonna act on Valentine’s Day 😄 #flipnote  #flipnotes  #animation  #animations,https://www.youtube.com/watch?v=9YFJEvhLvTk,Karadio,https://www.youtube.com/channel/UC4RTOT3mJ21lviRCd8NNMhQ,2026-03-22T04:36:44.778Z,23.0,30.268,23.0
He Tricked Audrey Hepburn On Camera,https://www.youtube.com/watch?v=gpcxKur97R0,Throne Of Time,https://www.youtube.com/channel/UC25aloTRRqqx1dERp1x1N-g,2026-03-22T04:36:43.315Z,7.0,1.463,1.463
When Your Sister Gets Her Period 💀 #siblings #comedy #funny,https://www.youtube.com/watch?v=sV17HpydtI4,Comedy Crate,https://www.youtube.com/channel/UC1qKB6j1rMZqwcV34uqOMsA,2026-03-22T04:35:29.556Z,37.0,73.759,37.0
I DIDN'T KNOW IT COPIED THAT #minecrafthorror #gaming #horrorgaming,https://www.youtube.com/watch?v=oMLFek-5yh0,MangoFruitTea,https://www.youtube.com/channel/UCBevvraGiPXnMP0UxuL-pkQ,2026-03-22T04:34:58.857Z,24.0,30.699,24.0
Daughter Blames Her Father For The Pile Of Packages…,https://www.youtube.com/watch?v=SjnFThmOwUI,RingClips,https://www.youtube.com/channel/UCdc8KvpWVFQ4b5O50qDccvA,2026-03-22T04:34:33.316Z,15.0,25.541,15.0
The best farm?... #shorts,https://www.youtube.com/watch?v=wMT88zKK6Lo,Nibber & Nooby,https://www.youtube.com/channel/UCCoDeTplq8Krg8Cyrni4_vw,2026-03-22T04:33:39.706Z,49.0,53.61,49.0
Mariah Carey Can Speak Dolphin,https://www.youtube.com/watch?v=X52ochSMl4I,Who Could Have Thought?,https://www.youtube.com/channel/UCvvCA2SuOClkOMK1j7QIdNA,2026-03-22T04:33:26.123Z,8.0,13.583,8.0
Theo Von Has a Genius Idea,https://www.youtube.com/watch?v=O_NGArVd14M,Theo Rogan Shorts,https://www.youtube.com/channel/UCxKGou6OIoV68Rw5VYV9LHg,2026-03-22T04:33:01.519Z,14.0,24.604,14.0
I can't with this shot 😭 #lalaland,https://www.youtube.com/watch?v=nGFIJaIBM1s,RitSync ,https://www.youtube.com/channel/UCpXd9Rgj0_FNdIQaoYMAzUA,2026-03-22T04:32:24.940Z,12.0,36.579,12.0
EVERY Minecraft players knows this feeling.,https://www.youtube.com/watch?v=g_SdJxbAYR8,MonkeySZN,https://www.youtube.com/channel/UCU2GeScHFKgBdkU9jLFxokQ,2026-03-22T04:31:44.632Z,8.0,40.308,8.0
Schlatt Was Left BAFFLED 😭,https://www.youtube.com/watch?v=X7dQJKcu4PA,Big guy,https://www.youtube.com/channel/UCWZp4y1jqBuvLtiyxSs_ZBw,2026-03-22T04:30:50.546Z,18.0,54.086,18.0
wrong locker room #leonskennedy #mrx #residentevil2,https://www.youtube.com/watch?v=Bu6g7tKbxGM,rov,https://www.youtube.com/channel/UCxOqifXQmV0FrZ5CbPTna4w,2026-03-22T04:30:37.786Z,9.0,12.76,9.0
i risk my hardcore world for him,https://www.youtube.com/watch?v=QS8g2lYknLI,Kajuto,https://www.youtube.com/channel/UCF5ksRyJ9DjjMScxLqPIcFw,2026-03-22T04:29:23.698Z,59.0,74.088,59.0
I feel sorry for him now #minecraft #minecraftshorts #minecraftmemes,https://www.youtube.com/watch?v=EKgSPV4SEAM,Minecraft By Nick 👌,https://www.youtube.com/channel/UCDyXsl6s6cZQ_9ymRPCcIrA,2026-03-22T04:28:58.604Z,17.0,25.094,17.0
nah leon 😭✌🏻 #leonkennedy #ashleygraham #residentevil #residentevil4remake #explore #ytshorts,https://www.youtube.com/watch?v=55hGes1samU,NonchalantMP4 ,https://www.youtube.com/channel/UCeBzYMdMGbQmJt3_QgQ8gKQ,2026-03-22T04:28:52.839Z,13.0,5.765,5.765
bit of an underreaction #comedy #gaming #thecouchbrothers #minecraft,https://www.youtube.com/watch?v=s1GgxKDbEL8,The Couch Brothers,https://www.youtube.com/channel/UCS8RC3QoSj94P9xPiwdEmPg,2026-03-22T04:28:34.364Z,6.0,18.475,6.0
Adele- Skyfall 🎧 Let the sky fall | Lyrics |  #skyfall #adelesongs #shorts,https://www.youtube.com/watch?v=bBJVA8-hhEc,The Songs Factory ,https://www.youtube.com/channel/UCJh67mbGtynQnIeTv3mFjsA,2026-03-22T04:28:16.196Z,9.0,18.168,9.0
cat wants uppies #twitch #cat #shorts,https://www.youtube.com/watch?v=se5b3KdzkqM,Kait,https://www.youtube.com/channel/UC7L5wYKJye7gXQh3IYAUwgA,2026-03-22T04:27:40.923Z,41.0,35.273,35.273
"in honour of #brainawareness week, how is how als is affecting my life as a 25 year old asian woman",https://www.youtube.com/watch?v=pseqh2A3dbE,Amanda Tam,https://www.youtube.com/channel/UC-dqXykenbgNKzNKbMjFyww,2026-03-22T04:27:26.874Z,9.0,14.049,9.0
THE TINY DANCE INSTRUCTOR,https://www.youtube.com/watch?v=wuYq7xdSr48,Zack the Bison,https://www.youtube.com/channel/UCAkjHG_YVAKY5KtyTd8k0qw,2026-03-22T04:27:14.221Z,7.0,12.653,7.0
Girl Crazy (1943) ...,https://www.youtube.com/watch?v=ibgfqvKVXaM,RetroSnap,https://www.youtube.com/channel/UCBGvAewh3xHJP_5RDISLahQ,2026-03-22T04:26:31.005Z,23.0,43.216,23.0
The voice actor for Russell had to be tricked into making him sound out of breathe,https://www.youtube.com/watch?v=bJvK8dMRBJQ,Best of X,https://www.youtube.com/channel/UCnADKu77ESGnoIVH03ANbGQ,2026-03-22T04:26:05.395Z,19.0,25.61,19.0
21. February 2026,https://www.youtube.com/watch?v=oNh6Tr2T2Vk,Pawfect Clips Only,https://www.youtube.com/channel/UC0I1d1Ue5GGkMKgIRObORoA,2026-03-22T04:25:52.135Z,9.0,13.26,9.0
FUNNIEST COP INTERCOM MOMENTS,https://www.youtube.com/watch?v=zbw-blQnSjg,Rank It Shorts,https://www.youtube.com/channel/UCiWHt6wkiE001iqo8_wt1Dw,2026-03-22T04:25:22.794Z,37.0,29.341,29.341
Ash says No #criticalrole #campaignfour #no,https://www.youtube.com/watch?v=FcXvKnPzkro,TP Burrow,https://www.youtube.com/channel/UCj07jlN2tF1CUAKhElYCwtA,2026-03-22T04:25:11.192Z,7.0,11.602,7.0
this is a redraw of the old art i post heh🧑🏽‍⚖️ #shorts #caseoh #draw #art,https://www.youtube.com/watch?v=TYTG1N3gORU,reignroots ,https://www.youtube.com/channel/UCgkudNm5v6VgZ4nP3lBvlQw,2026-03-22T04:24:37.450Z,14.0,33.742,14.0
F**k Parkinson's (Shrinking Season 3),https://www.youtube.com/watch?v=VneWAxrSGgs,MagicalQuoteMTV,https://www.youtube.com/channel/UCh8uvIyPnEwgRLNHcS4V3ww,2026-03-22T04:24:27.719Z,,9.731,9.731
Your magesty there’s a second bus coming #memes #funny  #popular,https://www.youtube.com/watch?v=jzMzugmg9BE,AJ_65O,https://www.youtube.com/channel/UCK3xvjoiwq0yLwtPO6aQdew,2026-03-22T04:24:17.294Z,,10.425,10.425
Schlatt Finds The Most WHOLESOME TikTok 😭,https://www.youtube.com/watch?v=l0g_7QV3zdA,Big guy,https://www.youtube.com/channel/UCWZp4y1jqBuvLtiyxSs_ZBw,2026-03-22T04:23:57.395Z,17.0,19.899,17.0
Minecraft is a peaceful game 🥀 #minecraft #minecraftshorts #minecraftmemes #gaming #funny,https://www.youtube.com/watch?v=0lKrQkIJOKE,Nex Storm,https://www.youtube.com/channel/UCr45aaEYKSAt-DXTOzOexPA,2026-03-22T04:23:03.024Z,51.0,54.371,51.0
"""What, is pepper?"" #smosh #comedy #shorts",https://www.youtube.com/watch?v=YSaOB5g1Ybk,Here's Your Clip,https://www.youtube.com/channel/UCmwehWV5zC3kStWfachzc3w,2026-03-22T04:22:56.636Z,58.0,6.388,6.388
that walk 😩🔥 #leonkennedy #residentevil #residentevilrequiem #residentevil9 #explore #ytshorts,https://www.youtube.com/watch?v=y85akkurpbA,NonchalantMP4 ,https://www.youtube.com/channel/UCeBzYMdMGbQmJt3_QgQ8gKQ,2026-03-22T04:21:40.701Z,10.0,75.935,10.0
Now this is so funny #shorts,https://www.youtube.com/watch?v=doU0_vwbcuY,Sunwapta Mode,https://www.youtube.com/channel/UCZzKJQVrbR6XcMFnhsIKSDQ,2026-03-22T04:20:43.609Z,53.0,57.092,53.0
W CASEOH🗣️,https://www.youtube.com/watch?v=2p1goGqBG6w,NumberUno,https://www.youtube.com/channel/UCuFfEOjOu676mOYzUfgUSYA,2026-03-22T04:20:37.002Z,53.0,6.607,6.607
Best Deadpool Moments In Disneyland 2 #shorts #usa #disneyland,https://www.youtube.com/watch?v=zyFjwX4kdZo,Zed Owens,https://www.youtube.com/channel/UCms0bG8jjt-T7ilT0qtGpEw,2026-03-22T04:20:04.483Z,58.0,32.519,32.519
if 4ft is too high for a cat to jump off safely because I’m pretty new to the cat world 🫶🏼,https://www.youtube.com/watch?v=ROqV8c7Tao0,Wagging tails rescue ,https://www.youtube.com/channel/UC6cxG9Ibh9YdrEr9h0DXSxw,2026-03-22T04:19:37.668Z,85.0,26.815,26.815
Dramatic Cat🤣,https://www.youtube.com/watch?v=ogBGbTg4beY,Funnycats,https://www.youtube.com/channel/UC0xXsTglspiMP6lwN18jU8w,2026-03-22T04:19:27.367Z,76.0,10.301,10.301
new minecraft voice actor #transition,https://www.youtube.com/watch?v=a3g93_liDGQ,Mystical Productions,https://www.youtube.com/channel/UCqrMtmGSxycRKq9INd2JjXg,2026-03-22T04:18:58.746Z,15.0,28.621,15.0
A Cat Hater’s Journey to Feline Love! 🐱💕#rescue #lovestory #fyp #animalrescue #family,https://www.youtube.com/watch?v=e59vQsaWIKY,Heartfelt Rescues,https://www.youtube.com/channel/UCLSy5X9JULvsyOCyEN3tHxA,2026-03-22T04:17:50.867Z,60.0,67.879,60.0
Schlatt Didn’t Expect This Outcome,https://www.youtube.com/watch?v=639J1lrSagY,Big guy,https://www.youtube.com/channel/UCWZp4y1jqBuvLtiyxSs_ZBw,2026-03-22T04:15:09.777Z,24.0,161.09,24.0
https://www.youtube.com/watch?v=8FAtcVR8Ga4,https://www.youtube.com/watch?v=8FAtcVR8Ga4,,,2026-03-22T04:14:35.612Z,,34.165,34.165
Devs KNEW what they were doing with Leon in Resident Evil Requiem 😭,https://www.youtube.com/watch?v=cacyfW2hj4M,Stormfall33,https://www.youtube.com/channel/UCd0XRcCxVJdRrr8msPSDZAg,2026-03-22T04:14:02.607Z,51.0,33.005,33.005
Picking Pockets | Campaign 3,https://www.youtube.com/watch?v=pCUeF_HYbEA,Critical Role,https://www.youtube.com/channel/UCpXBGqwsBkpvcYjsJBQ7LEQ,2026-03-22T04:12:28.865Z,36.0,93.742,36.0
bye bye ducky @Issa_HoBo  | R.E.P.O.,https://www.youtube.com/watch?v=r32m5frT8KY,Vagabonkk,https://www.youtube.com/channel/UCOaAZvr8Y2thgpYG1z688Zg,2026-03-22T04:11:53.419Z,21.0,35.446,21.0
YOU Laugh YOU Lose,https://www.youtube.com/watch?v=pqbu7vTKqzU,Jimmy Here,https://www.youtube.com/channel/UCfcc8OORrouV1lO_qeIZVNQ,2026-03-22T04:11:02.299Z,34.0,51.12,34.0
How to Craft Ammo #re9 #residentevil9requiem,https://www.youtube.com/watch?v=1iq3Xm2sXWw,CarbotAnimations,https://www.youtube.com/channel/UC1uug_uZrVmylfPVBLBvitQ,2026-03-22T04:11:00.820Z,9.0,1.479,1.479
RE9@CarbotAnimations #games #residentevil #residentevilrequiem #carbotanimations,https://www.youtube.com/watch?v=JUNKFeHaq0k,obitoGAMER,https://www.youtube.com/channel/UCpVEbdtVqMTwgXcgp2PsUhg,2026-03-22T04:10:53.424Z,,7.396,7.396
"""I have been busy today."" #smosh #comedy #shorts",https://www.youtube.com/watch?v=hS__K4VqvYs,Here's Your Clip,https://www.youtube.com/channel/UCmwehWV5zC3kStWfachzc3w,2026-03-22T04:09:39.227Z,53.0,74.197,53.0
Minecraft new baby mobs be like:,https://www.youtube.com/watch?v=3jg9x9ISKek,hazypapa,https://www.youtube.com/channel/UCaKgiurcaN_7o6rvXtGaPcA,2026-03-22T04:09:08.179Z,25.0,31.048,25.0
Phillies land All-Star closer Jhoan Duran ahead of MLB trade deadline 👀🔥,https://www.youtube.com/watch?v=YzIc6NdxcKc,yahui88,https://www.youtube.com/channel/UC2GHNSJsu5_aOh0tfEdy2Tg,2026-03-22T04:08:17.031Z,59.0,51.148,51.148
the man #life #movie #love #marvel #hero #ironman,https://www.youtube.com/watch?v=E4SNpiboxLA,Friendship Maxi G,https://www.youtube.com/channel/UCFKGh0y5u_ozQw8Ihfx4Gvg,2026-03-22T04:07:44.916Z,27.0,32.115,27.0
These cats steal ALL the spotlight... 😹,https://www.youtube.com/watch?v=ZtJyrkmKsdo,𝗙𝘂𝗿𝗦𝗰𝗼𝗿𝗲,https://www.youtube.com/channel/UCrUfTPf9ugGpaO1nCcWVFDg,2026-03-22T04:07:03.616Z,39.0,41.3,39.0
POV You find the funniest reel… then accidentally refresh #shorts #residentevilrequiem #maxkeyyt,https://www.youtube.com/watch?v=CBpzN2KVOps,maXKeyYT,https://www.youtube.com/channel/UCnJ8l5bZcmkIM9Lzbk6IFSg,2026-03-22T04:06:43.802Z,7.0,19.814,7.0
How to stop them asking if you're having kids,https://www.youtube.com/watch?v=k1xps5_Upsg,Carisa Hendrix & Lucy Darling,https://www.youtube.com/channel/UCdKkJL5CZcSLgUjyQK1xLOA,2026-03-22T04:05:39.261Z,139.0,64.541,64.541
Leon and his dad jokes 😭,https://www.youtube.com/watch?v=9QL3rzA1aA0,S.T.A.R.StruckEdits,https://www.youtube.com/channel/UCYTStrmQFQH_Bh4gKC1l1hg,2026-03-22T04:04:41.438Z,19.0,57.823,19.0
"""All the Things She Said"" (t.A.T.u) | Orchestral Cover by Joseph William Morgan OFFICIAL VIDEO",https://www.youtube.com/watch?v=xaGNhFtjaHk,Joseph William Morgan,https://www.youtube.com/channel/UCpO4t4oNw6qRfE6-CPcjbHw,2026-03-22T04:04:06.974Z,196.0,34.464,34.464
BOOM HEADSHOT (original),https://www.youtube.com/watch?v=ovsVU6mktOw,S Khan,https://www.youtube.com/channel/UCWdYtWA8iDF0hEasSspMrtw,2026-03-22T04:00:46.789Z,222.0,200.185,200.185
Can I Survive 100 Days In An Expanding Border In Hardcore Minecraft?,https://www.youtube.com/watch?v=zDykqRXtTbI,Fully Pizza,https://www.youtube.com/channel/UCq00ONRP-DhGzKGbgSpSUEA,2026-03-22T02:32:30.206Z,8661.0,5296.583,5296.583
Can I Survive 100 Days Trapped on a Deserted Island in Minecraft Hardcore?,https://www.youtube.com/watch?v=w6_XFESAyxk,Fully Pizza,https://www.youtube.com/channel/UCq00ONRP-DhGzKGbgSpSUEA,2026-03-22T01:46:26.347Z,2757.0,2763.859,2757.0
3 Terrifying Cults You've Never Heard Of...,https://www.youtube.com/watch?v=SPIlEi5dEeY,Kallmekris,https://www.youtube.com/channel/UCiciOsypkXcqSFqSPd-NRVA,2026-03-22T00:16:11.968Z,5408.0,5414.379,5408.0
THE AMAZING DIGITAL CIRCUS - Ep 8: hjsakldfhl,https://www.youtube.com/watch?v=DMNlzf8PiEM,GLITCH,https://www.youtube.com/channel/UCn_FAXem2-e3HQvmK-mOH4g,2026-03-21T23:27:48.863Z,1910.0,2903.105,1910.0
The Most Haunting Unsolved Missing 411 Cases,https://www.youtube.com/watch?v=LPLi5D8WHII,Kallmekris,https://www.youtube.com/channel/UCiciOsypkXcqSFqSPd-NRVA,2026-03-21T23:18:22.471Z,3171.0,566.392,566.392
10 min CARDIO AEROBICS WORKOUT | All Standing | Low Impact & High Impact Options | To the Beat ♫,https://www.youtube.com/watch?v=tITZpya_F-Q,fitbymik,https://www.youtube.com/channel/UCuM9fe_QPFMTJT3uQmoNMFg,2026-03-21T22:46:59.015Z,684.0,1883.456,684.0
Kept His Daughter In A Basement Dungeon For 24 Years | Josef Fritzl,https://www.youtube.com/watch?v=taL0uxl_UOE,Kallmekris,https://www.youtube.com/channel/UCiciOsypkXcqSFqSPd-NRVA,2026-03-21T07:33:46.559Z,3697.0,54792.456,3697.0
I Randomized Every Minecraft Sound,https://www.youtube.com/watch?v=XCbqQ9weLSg,Skippy T,https://www.youtube.com/channel/UCi5-loC4B9rCp9oxXvFPCnw,2026-03-21T04:45:54.970Z,3712.0,10071.589,3712.0
We don’t deserve them: #selfimprovement #motivation #dogs #love #emotional #inspiration #goals,https://www.youtube.com/watch?v=V8o97ywhFds,menofivory,https://www.youtube.com/channel/UCsQeqDZo5Mx61r4Lb-JfaKA,2026-03-21T04:45:30.637Z,24.0,24.333,24.0
SHE DIDN'T MEAN THAT,https://www.youtube.com/watch?v=Iz2C9i1fgRA,Smosh Pit,https://www.youtube.com/channel/UCYJPby9DRCteedh5tfxVbrw,2026-03-21T04:45:28.739Z,41.0,1.898,1.898
Kid defends her cat 👀😍,https://www.youtube.com/watch?v=wNV2PYI1RAY,LADbible Ireland,https://www.youtube.com/channel/UClSowyKlkeVytg18eFy5ing,2026-03-21T04:45:11.341Z,17.0,17.398,17.0
EPIC SLAPSTICK🎄🥁#friends #band #percussion #sleighride #christmas,https://www.youtube.com/watch?v=hvXk5aCSIPY,smile.rat788,https://www.youtube.com/channel/UCwUJo1wbWF5hqYzJKhXyVcA,2026-03-21T04:44:54.234Z,60.0,17.107,17.107
GUESSING MY ANIMALS,https://www.youtube.com/watch?v=M1oakH8Mgy0,Annag,https://www.youtube.com/channel/UCCKs3glbBFWtZFFrAawVViA,2026-03-21T04:43:33.760Z,81.0,80.474,80.474
Leon Kennedy reacts to Jacksepticeye's thirsting 😳,https://www.youtube.com/watch?v=j7tiNjnSTgM,PARTYCHAT,https://www.youtube.com/channel/UCK7CPGf74Fpes6kKLMuAdBg,2026-03-21T04:42:53.308Z,15.0,40.452,15.0
Constantine is killing me 🤣🤣 | Smosh-Smosh Dating House | #angelagiarratana #smosh #smoshclips,https://www.youtube.com/watch?v=C5sFVND3KRM,Stephi,https://www.youtube.com/channel/UCMB4kz6xyNdkXkHRSLE2klQ,2026-03-21T04:42:40.965Z,12.0,12.343,12.0
When the Developer Joins your Game to Troll #gaming #flippingishard #indiegame,https://www.youtube.com/watch?v=_qg8viUvLDo,grizzbx,https://www.youtube.com/channel/UCvK0CRsqQuUrNqTJ1bJ9qQg,2026-03-21T04:41:43.002Z,103.0,57.963,57.963
Playing as Leon vs. Grace in RE9 #residentevil #residentevilrequiem #leonkennedy #shorts #fyp,https://www.youtube.com/watch?v=5CLYiAc8SHg,SabrinaNightmaren,https://www.youtube.com/channel/UCFTv-e2xqAn9L7kpoTfiRXQ,2026-03-21T04:41:21.601Z,21.0,21.401,21.0
my friend destroyed my base so I took revenge #minecraft #usa,https://www.youtube.com/watch?v=Ror9QGOSC8A,FloTech,https://www.youtube.com/channel/UCQ5omXQPtXkwy6NOhSmzFkA,2026-03-21T04:41:14.006Z,60.0,7.595,7.595
Japanese boyfriend @LenaLemon               #learnjapanese #japaneseculture,https://www.youtube.com/watch?v=mLMBt_-U0oE,Real Real Japan,https://www.youtube.com/channel/UCyIhBDft5f3kj4Xcua3p3kQ,2026-03-21T04:41:10.615Z,22.0,3.391,3.391
Not him trying to push my hand away with his nose 💀 #davethecat #clingypet #catdad #throwback,https://www.youtube.com/watch?v=ApMXtZjWbyk,IndoorOutdoorKat,https://www.youtube.com/channel/UCIseE_QpAGI0JH_CxfEmGXA,2026-03-21T04:40:48.386Z,22.0,22.229,22.0
That Was An AWFUL IDEA 💀,https://www.youtube.com/watch?v=ksGBSzcPhl8,Big guy,https://www.youtube.com/channel/UCWZp4y1jqBuvLtiyxSs_ZBw,2026-03-21T04:40:11.748Z,33.0,36.638,33.0
Last one is crazypodcastbasementyardbasementyardpodcastfunnyvideosfunn,https://www.youtube.com/watch?v=XfEaGhXuWLc,AnnA_Tonny,https://www.youtube.com/channel/UCwMrUaUydjiWW9VOYEy85jw,2026-03-21T04:39:03.761Z,,67.987,67.987
yeah no yeah for sure || #smoshpit #funny #comedy #smoshgames #smosh,https://www.youtube.com/watch?v=w6cxmYFnpVY,Smosh Or Pass,https://www.youtube.com/channel/UCgRYsXuzU1pzhlMCvxhDXTQ,2026-03-21T04:38:27.428Z,34.0,36.333,34.0
I’m holding back tears.. older sister guilt is the worst,https://www.youtube.com/watch?v=rBKXUkWIJ-g,GolGlobe,https://www.youtube.com/channel/UCkpn6sXEzrhvV3OgzmwdI8A,2026-03-21T04:37:51.896Z,29.0,35.532,29.0
The kitties everyone avoids? They’re the ones who need love most.,https://www.youtube.com/watch?v=ibj0a9sS7C0,Jax,https://www.youtube.com/channel/UCthwUyQbcZisp5hZaTq-j0w,2026-03-21T04:37:48.399Z,40.0,3.497,3.497
I was chosen by the Cat Distribution System #cat #catlovers#cats,https://www.youtube.com/watch?v=BKKfVgX2qzY,Cuteness Loop,https://www.youtube.com/channel/UCxkHFAh2y-Tiiysfdjlpd0Q,2026-03-21T04:37:04.307Z,67.0,44.092,44.092
the voice actor 🔥#leonkennedy #residentevil #residentevilrequiem #residentevil9 #explore #ytshorts,https://www.youtube.com/watch?v=ezF-1ipPXB0,NonchalantMP4 ,https://www.youtube.com/channel/UCeBzYMdMGbQmJt3_QgQ8gKQ,2026-03-21T04:37:00.309Z,14.0,3.998,3.998
Maya's new rescued parrot makes a gamer noise 😂 #funny #clips #shorts #maya,https://www.youtube.com/watch?v=91KE0cw8o88,TrendyTwitchClipz (TTClipz),https://www.youtube.com/channel/UCUDSEi3teEAAmSyEfiqb61Q,2026-03-21T04:36:25.137Z,34.0,35.172,34.0
Tell me it's true 😭,https://www.youtube.com/watch?v=R_preU_oPZw,reo,https://www.youtube.com/channel/UCDSoXRHRarliXl7rBsan7Pw,2026-03-21T04:36:07.307Z,14.0,17.83,14.0
the new clip studio paint 3D hand feature goes CRAZY #csp #digitalart #vtuber #veins #artist,https://www.youtube.com/watch?v=M3H6Qg8mFfI,MOONBTCH,https://www.youtube.com/channel/UCNajPrFkqq5u4o0ghUJ09Vw,2026-03-21T04:35:42.120Z,35.0,25.187,25.187
bro is everywhere #usa,https://www.youtube.com/watch?v=6LBGoSx3HWE,Remington,https://www.youtube.com/channel/UCgXTEIKvKik5ed-RLahmI5g,2026-03-21T04:34:45.223Z,35.0,56.897,35.0
Give this kid an Oscar,https://www.youtube.com/watch?v=PVjkR7Kg04Y,soul stitch,https://www.youtube.com/channel/UCr0kA3tTew1cTxW1LBCxgqQ,2026-03-21T04:33:54.737Z,50.0,50.486,50.0
Leon Kennedy simping Part 5  #residentevil #leonskennedy #leonkennedy #leon #residentevilrequiem,https://www.youtube.com/watch?v=5skL5F4CzhA,Nelady,https://www.youtube.com/channel/UCr1qJYLT2AquLebGiXRw53w,2026-03-21T04:33:28.871Z,36.0,25.866,25.866
🐶🦮 Dogs don’t need words to avoid conflict.,https://www.youtube.com/watch?v=o46AjsnKWuI,Off Leash K9,https://www.youtube.com/channel/UCRZUZJkTlk2wzTRPVs2-TvA,2026-03-21T04:33:26.112Z,25.0,2.759,2.759
Still a cuddly currous bb boy THE PURRS MY HEART 😭 💓🐈‍⬛ #straycat #feralcat #rescuecat @purrcilla.bb,https://www.youtube.com/watch?v=6FhSIJrVWQo,Cat Distribution System,https://www.youtube.com/channel/UCH_emEmwdqa6a1krfdQCPlw,2026-03-21T04:33:14.193Z,11.0,11.919,11.0
I got him,https://www.youtube.com/watch?v=pRfz-8hYrZ8,Steve,https://www.youtube.com/channel/UCRRqkXrDpFY25OAhG9mhgVg,2026-03-21T04:32:58.532Z,49.0,15.661,15.661
RANKING FUNNIEST OMEGLE TV MOMENTS,https://www.youtube.com/watch?v=2R-m6JprMFk,ClipHype,https://www.youtube.com/channel/UC0saKDdDgmDmzZXMuB1pT1Q,2026-03-21T04:31:42.015Z,75.0,76.517,75.0
she just keeps coming back for more 😭 #cat #cats #kitten #kittens @yeastybeasties,https://www.youtube.com/watch?v=9yKYuWvI_w0,My Cats,https://www.youtube.com/channel/UCxvqFPP_itKCDl8i-_OX7vQ,2026-03-21T04:31:13.298Z,,28.717,28.717
The Average Leon & Grace Experience,https://www.youtube.com/watch?v=eFzgi_9WIWk,CircleToonsHD,https://www.youtube.com/channel/UCV6g95OBbVtFmN9uiJzkFqQ,2026-03-21T04:31:01.981Z,23.0,11.317,11.317
I got a chance to say goodbye,https://www.youtube.com/watch?v=LAbyDwV8C4s,reo,https://www.youtube.com/channel/UCDSoXRHRarliXl7rBsan7Pw,2026-03-21T04:30:31.756Z,29.0,30.225,29.0
shayne making angela regret being in the room,https://www.youtube.com/watch?v=JQyIKpjJUKY,ange,https://www.youtube.com/channel/UCdSkkxlRF77MZ6F2MvfJQ0g,2026-03-21T04:29:33.585Z,29.0,58.171,29.0
"She does indeed, speak bird.   #dungeonsanddragons #dnd #dndactualplay #comedy",https://www.youtube.com/watch?v=xgs4YG1nh8I,Total Party What?,https://www.youtube.com/channel/UCaakCmuGc8xKX_bfq82Ahog,2026-03-21T04:29:01.033Z,31.0,32.552,31.0
POV: You are a zombie in Raccoon City #residentevil #leonkennedy,https://www.youtube.com/watch?v=HV601Yfju28,Jonkari P,https://www.youtube.com/channel/UCUJW2ZNkHOkhD-cWeBFq-gw,2026-03-21T04:28:42.832Z,18.0,18.201,18.0
https://www.youtube.com/watch?v=SUmea1oZtgY,https://www.youtube.com/watch?v=SUmea1oZtgY,,,2026-03-21T04:28:08.841Z,,33.991,33.991
Leon Kennedy Calls Out CaseOH #caseoh #leonskennedy #funny #residentevil #chrisredfield,https://www.youtube.com/watch?v=jZRWuL22baU,Hsb_Clips,https://www.youtube.com/channel/UC27aQeOP6b-Z5mgn-tS6G9Q,2026-03-21T04:27:34.872Z,21.0,33.969,21.0
I paused at the best (worst?) time possible #subnautica #twitchclips,https://www.youtube.com/watch?v=v0h2Nctg-ZA,cakejumper clips,https://www.youtube.com/channel/UCz_0Cwo3JhvhSRhrq1VVp_Q,2026-03-21T04:26:45.920Z,12.0,48.952,12.0
if the main character in a horror game is built like him it's not gonna be horror😭 #shorts #caseoh,https://www.youtube.com/watch?v=pyI_9EYjjjY,reignroots ,https://www.youtube.com/channel/UCgkudNm5v6VgZ4nP3lBvlQw,2026-03-21T04:25:44.949Z,43.0,60.971,43.0
"January 23, 2026",https://www.youtube.com/watch?v=F30V7MCeHTo,therianlover!<3,https://www.youtube.com/channel/UCMzLyozMpjJAu1NGBHHqS8A,2026-03-21T04:23:59.071Z,91.0,105.878,91.0
Great instruction chl0lex 🫡 #dinner #healthydinner #healthyrecipe #tzatziki #potatoes,https://www.youtube.com/watch?v=46_64bk3obk,The Plant Slant,https://www.youtube.com/channel/UCEMj2h7pP4QWkoGnSmaiiYw,2026-03-21T04:22:04.824Z,95.0,114.247,95.0
Harrison Ford & Ryan Gosling Completely Lose It 😂🥃 | The Funniest Interview You Forgot!,https://www.youtube.com/watch?v=QHesO3T0PNw,DefyNarrative,https://www.youtube.com/channel/UCmgk1-3o4ct-uLzGFnWxAfQ,2026-03-21T04:20:50.361Z,74.0,74.463,74.0
What do your C1 Characters think of the C4 ones? #criticalrole #popverse #voxmachina,https://www.youtube.com/watch?v=Lm-gZkoZkuY,TP Burrow,https://www.youtube.com/channel/UCj07jlN2tF1CUAKhElYCwtA,2026-03-21T04:19:55.637Z,44.0,54.724,44.0
I guess now we know who's leon married to !!  #leonskennedy #adawong #graceashcroft #explore #re9,https://www.youtube.com/watch?v=TSGj8p46zGo,ghosteditze,https://www.youtube.com/channel/UCW-uORqD1z_85E6bCWrXe5A,2026-03-21T04:19:35.019Z,18.0,20.618,18.0
By evermystical/ TikTok 😄 #leon #residentevilrequiem #adawong,https://www.youtube.com/watch?v=WJRclYJz1cE,NEXPRO GAMER ,https://www.youtube.com/channel/UC1akORMW7PlHOStxGwOLHFA,2026-03-21T04:19:30.874Z,60.0,4.145,4.145
"Leon ""TUFF"" Kennedy💔🥀",https://www.youtube.com/watch?v=KlL9ssX6Op8,Hell's meme,https://www.youtube.com/channel/UCMZK9dpccS7hzkd-De8d9dw,2026-03-21T04:18:31.041Z,61.0,59.833,59.833
Leon catches Ashley vs. Leon catches Ada comparison (Resident Evil 4 Remake),https://www.youtube.com/watch?v=lHsN1eskPsc,Datura Plays,https://www.youtube.com/channel/UCfT6ZXv__RD0Vdr5KAjez_w,2026-03-21T04:17:38.021Z,26.0,53.02,26.0
EVERY Lynn Ferguson with Craig Ferguson! (His Sister)  Show,https://www.youtube.com/watch?v=KJEZbVuIBoY,John Oliver,https://www.youtube.com/channel/UCgIwip52q8yQ2bQFotXf31w,2026-03-21T03:39:32.046Z,1115.0,2285.975,1115.0
HD Craig Ferguson and Peter Capaldi,https://www.youtube.com/watch?v=atijWqBG7Vw,arya1788,https://www.youtube.com/channel/UC4_rSQhnTBV3qD2DbW9_yPA,2026-03-21T03:39:27.174Z,648.0,4.872,4.872
The Most Haunting UNSOLVED MISSING Persons Case,https://www.youtube.com/watch?v=rd_xqfW6P2k,Kallmekris,https://www.youtube.com/channel/UCiciOsypkXcqSFqSPd-NRVA,2026-03-21T00:55:53.537Z,2135.0,9813.637,2135.0
When A Scam Call Ends Horrifically,https://www.youtube.com/watch?v=CFKWqWNth2Y,BionicPIGtv,https://www.youtube.com/channel/UCrPArTqP5CTsnQI4-gQ2txw,2026-03-21T00:30:39.603Z,1505.0,1513.934,1505.0
Fairy Minecraft: Pond Tutorial 🍄🌿✨Fairytale Fairycore Fairy tail Cottagecore Mizuno 🌸 Kelpie The Fox,https://www.youtube.com/watch?v=dI-DJdBTseI,Kelpie The Fox,https://www.youtube.com/channel/UCbLDBxam7cqSM3aO5-NxDGg,2026-03-20T23:41:27.037Z,548.0,2952.566,548.0
Minecraft: How to Build a Pond,https://www.youtube.com/watch?v=3AUcufvOYhI,One Team,https://www.youtube.com/channel/UCez_7W3tCOXBQ2EOuWk958w,2026-03-20T23:38:21.505Z,631.0,185.532,185.532
#shorts #minecraft #pond #lake #gamer #builder,https://www.youtube.com/watch?v=7HcCRku8G_8,The GaMer CraFt,https://www.youtube.com/channel/UCWRMS82lGWUpX-WrYOWD-OA,2026-03-20T23:37:55.749Z,10.0,25.756,10.0
The HORRIFIC Branch Davidian Cult Tragedy,https://www.youtube.com/watch?v=fDE3ylywOCU,Kallmekris,https://www.youtube.com/channel/UCiciOsypkXcqSFqSPd-NRVA,2026-03-20T23:17:47.616Z,4359.0,1208.133,1208.133
Minecraft | How to Build a Nether Portal | Nether Portal Design (Tutorial),https://www.youtube.com/watch?v=nRjTHfGvP1E,Foxel,https://www.youtube.com/channel/UCJsmECM-_JJRFHxbLJB5qUA,2026-03-20T22:58:37.922Z,613.0,1149.694,613.0
The GRUESOME Serial Killer That Outsmarted Everyone | Ed Kemper,https://www.youtube.com/watch?v=jY5VHqS_7E0,Kallmekris,https://www.youtube.com/channel/UCiciOsypkXcqSFqSPd-NRVA,2026-03-20T22:57:39.164Z,2900.0,58.758,58.758
Minecraft: Fairy Aesthetic Builds Pt.2 🍄🌿✨ Fairytail Cottagecore Fairycore Fairy 🌸 Kelpie The Fox,https://www.youtube.com/watch?v=OWcMLZdWmUU,Kelpie The Fox,https://www.youtube.com/channel/UCbLDBxam7cqSM3aO5-NxDGg,2026-03-20T22:54:32.349Z,1022.0,186.815,186.815
Minecraft How to build a Gazebo 🏗👷 | Timelapse⏲ #shorts,https://www.youtube.com/watch?v=b3KS4Y89J4k,SNOWARQ,https://www.youtube.com/channel/UCOnkgNAmpqJpdcJHfi6oXUw,2026-03-20T22:53:28.877Z,40.0,63.472,40.0
Minecraft: Greenhouse Tutorial w/ Automatic Composter (How To Build),https://www.youtube.com/watch?v=oetCrmkGXK8,Melthie,https://www.youtube.com/channel/UCHLt8DPTjVm6yf36KXelo5A,2026-03-20T22:49:46.527Z,807.0,222.35,222.35
Minecraft Greenhouse Build 🌱🍂,https://www.youtube.com/watch?v=F6mh2IPqtxk,Snifferish,https://www.youtube.com/channel/UCLsJV3jQb7C63OLmsuPGuTQ,2026-03-20T22:48:31.272Z,62.0,75.255,62.0
Minecraft: How to Make and Design a Minecraft Farm 🌿,https://www.youtube.com/watch?v=iGCXTFFvH1c,MCram,https://www.youtube.com/channel/UC5uUu7tQ65JAay4DvEXeqEg,2026-03-20T22:03:16.669Z,1091.0,2714.603,1091.0
[Minecraft] How to Build a Cherry Blossom Pond / Tutorial,https://www.youtube.com/watch?v=zjaZcLa3w9g,Polar Cat,https://www.youtube.com/channel/UCjFXF_sjV67wEH1Nr7e29wQ,2026-03-20T22:01:00.767Z,547.0,135.902,135.902
🌼Catching the sunrise☀️ #minecraft #cottagecore #minecraftbuilds #beachhouse #aesthetic #shorts,https://www.youtube.com/watch?v=OzOFMNNlFMM,cozysquirrel,https://www.youtube.com/channel/UCBdTkmgQVfv-QXPpVkaYgog,2026-03-20T22:00:01.944Z,61.0,58.823,58.823
POV: You go out picking some roses during golden hour ☀️ #minecraft #longplay #minecraftbuild #short,https://www.youtube.com/watch?v=2r-64dbSRyA,cozysquirrel,https://www.youtube.com/channel/UCBdTkmgQVfv-QXPpVkaYgog,2026-03-20T21:59:51.857Z,50.0,10.087,10.087
MayCraft Day 6 - Lavender Fields #aesthetic #cottagecore #minecraft #mcmaycraft #yumimigaming,https://www.youtube.com/watch?v=thIbYI1R8hY,cozysquirrel,https://www.youtube.com/channel/UCBdTkmgQVfv-QXPpVkaYgog,2026-03-20T21:59:37.351Z,16.0,14.506,14.506
Minecraft spirit blossom pond with bridge #shorts,https://www.youtube.com/watch?v=uLOfse3oXUA,JBuilds,https://www.youtube.com/channel/UC9spFPWICm2aqICTn7wikUw,2026-03-20T21:58:02.230Z,61.0,95.121,61.0
You Won't Believe These PLOT TWIST Murder Cases,https://www.youtube.com/watch?v=TJQViCpI40M,Kallmekris,https://www.youtube.com/channel/UCiciOsypkXcqSFqSPd-NRVA,2026-03-20T21:44:00.273Z,2954.0,841.957,841.957
Terrifying Stalkers Who Turned Into Killers,https://www.youtube.com/watch?v=U4HImwehIM0,Kallmekris,https://www.youtube.com/channel/UCiciOsypkXcqSFqSPd-NRVA,2026-03-20T20:49:51.126Z,3159.0,3249.147,3159.0
Murder Cases That Are Still Unfolding..,https://www.youtube.com/watch?v=EeyziyhVz70,Kallmekris,https://www.youtube.com/channel/UCiciOsypkXcqSFqSPd-NRVA,2026-03-20T18:18:54.981Z,2632.0,9056.145,2632.0
Trying a new modpack - DREAD,https://www.youtube.com/watch?v=sKyYC-5duWk,tomatocat,https://www.youtube.com/channel/UCae0hqJP0lU__vocjqa1JQQ,2026-03-20T09:09:56.398Z,,32938.583,32938.583
Minecraft: How to build a Medieval House!,https://www.youtube.com/watch?v=_QLAle4MRcE,BlaqPrune,https://www.youtube.com/channel/UCbiK7p0n-ceaXdHs1Kky1lw,2026-03-20T06:21:12.598Z,1366.0,10123.8,1366.0
This Cold Case STUMPED The FBI | The Springfield 3,https://www.youtube.com/watch?v=qSDrtbJ_8eI,Kallmekris,https://www.youtube.com/channel/UCiciOsypkXcqSFqSPd-NRVA,2026-03-20T05:46:50.979Z,3921.0,2061.619,2061.619
Did They Set A Brutal Killer Free? | Amanda Knox,https://www.youtube.com/watch?v=6vT6A_tO3Q8,Kallmekris,https://www.youtube.com/channel/UCiciOsypkXcqSFqSPd-NRVA,2026-03-20T04:57:27.502Z,2958.0,2963.477,2958.0
This Unsolved Murder Case Is Horrifying...,https://www.youtube.com/watch?v=3ZfGVb8ffCQ,Kallmekris,https://www.youtube.com/channel/UCiciOsypkXcqSFqSPd-NRVA,2026-03-20T03:54:08.452Z,3675.0,3799.05,3675.0
Minecraft OST Reaction: The Genius of Volume Beta (Tycho & Minimalism),https://www.youtube.com/watch?v=EvLSEY3BtDY,Mattias Holmgren,https://www.youtube.com/channel/UCPI1x2iyASeNaeRYVSGXTqA,2026-03-20T01:41:42.004Z,7665.0,7946.448,7665.0
Leon gets PTSD from this puzzle - RE Requiem VS RE2 Remake,https://www.youtube.com/watch?v=J8oVcuDhD80,Game Forensics ,https://www.youtube.com/channel/UC0fa7jE9MkzMwDHzr6V9eYQ,2026-03-20T01:40:35.510Z,26.0,66.494,26.0
How The Internet Solved A 35 Year Old Cold Case,https://www.youtube.com/watch?v=l0H7xBfSHyY,Kallmekris,https://www.youtube.com/channel/UCiciOsypkXcqSFqSPd-NRVA,2026-03-20T01:06:25.951Z,4306.0,2049.559,2049.559
The HORRIFYING Slaying Of Rebekah Gay,https://www.youtube.com/watch?v=BSp9LH7aO5A,Kallmekris,https://www.youtube.com/channel/UCiciOsypkXcqSFqSPd-NRVA,2026-03-20T00:37:18.391Z,1741.0,1747.56,1741.0
BIG Truck Almost Murders Someone And He Plays Dumb,https://www.youtube.com/watch?v=inpGnjgGeQM,BionicPIGtv,https://www.youtube.com/channel/UCrPArTqP5CTsnQI4-gQ2txw,2026-03-19T23:56:32.203Z,2488.0,2446.188,2446.188
The GOOFIEST Chase Ive Ever Seen,https://www.youtube.com/watch?v=cB9yDdSsprk,BionicPIGtv,https://www.youtube.com/channel/UCrPArTqP5CTsnQI4-gQ2txw,2026-03-19T23:32:05.853Z,1454.0,1466.35,1454.0
The Alan Parsons Project book is now on preorder,https://www.youtube.com/watch?v=MTKydh0mEUM,Rocket 88,https://www.youtube.com/channel/UCK9_S-v3hR1miGoABbaBIUQ,2026-03-19T22:42:23.891Z,137.0,2981.962,137.0
This Fishing Game Is Cursed… (Umigari Part 1),https://www.youtube.com/watch?v=9AzOoMm1CQ8,CaseOh,https://www.youtube.com/channel/UC63anZxfVGHUEmfBAf5w7pw,2026-03-19T21:56:39.121Z,7282.0,2744.77,2744.77
I think Sprinkle is dead...,https://www.youtube.com/watch?v=_DXjKhkQIvE,Anymore Edits,https://www.youtube.com/channel/UCuKgcxNZyc9KQEF0qt0iRxg,2026-03-19T21:53:37.139Z,700.0,181.982,181.982
UNDERTALE OST: Composer Reacts to YOUR Most Requested Songs LIVE,https://www.youtube.com/watch?v=897Wv-ho1QU,Mattias Holmgren,https://www.youtube.com/channel/UCPI1x2iyASeNaeRYVSGXTqA,2026-03-19T21:52:44.943Z,8285.0,52.196,52.196
This Capybara Visited My Farm…,https://www.youtube.com/watch?v=8j9z9429Oas,CaseOh,https://www.youtube.com/channel/UC63anZxfVGHUEmfBAf5w7pw,2026-03-19T21:50:23.548Z,4345.0,141.395,141.395
Matt Mercer's Ability Has One HUGE FLAW! #criticalrole #mattmercer,https://www.youtube.com/watch?v=uoW9rW23Nls,The Character Sheet on ComicBook.com,https://www.youtube.com/channel/UCqFMuvTZBh91gqkFLnlDzRA,2026-03-19T21:47:49.640Z,38.0,153.908,38.0
"Every Time I Laugh, I Lose $100",https://www.youtube.com/watch?v=s9Vox4EUt3w,Jimmy Here,https://www.youtube.com/channel/UCfcc8OORrouV1lO_qeIZVNQ,2026-03-19T08:30:47.875Z,1768.0,47821.765,1768.0
"Every Time I Laugh, I Lose $100",https://www.youtube.com/watch?v=s9Vox4EUt3w,Jimmy Here,https://www.youtube.com/channel/UCfcc8OORrouV1lO_qeIZVNQ,2026-03-19T06:07:46.315Z,1768.0,8581.56,1768.0
Minecraft: How to Build a Medieval Church Tutorial,https://www.youtube.com/watch?v=rp_BPkta2m0,Nanaroid,https://www.youtube.com/channel/UCTkQUw9nnhCEta6lHAdne4Q,2026-03-19T05:30:34.894Z,1219.0,2231.421,1219.0
The 1.10 Broken Script Movie,https://www.youtube.com/watch?v=M0ZCQlMV5sY,Baron of something,https://www.youtube.com/channel/UCWjddouGnGN2K9OYCv0eXfA,2026-03-19T03:49:39.368Z,10672.0,6055.526,6055.526
I Worked At A Photo Store…,https://www.youtube.com/watch?v=QoJe7NXUS4k,CaseOh,https://www.youtube.com/channel/UC63anZxfVGHUEmfBAf5w7pw,2026-03-19T03:43:28.717Z,3611.0,370.651,370.651
I Worked Night Shift At A Pawn Shop,https://www.youtube.com/watch?v=n20D8znK-1E,CaseOh,https://www.youtube.com/channel/UC63anZxfVGHUEmfBAf5w7pw,2026-03-19T02:49:45.540Z,3218.0,3223.177,3218.0
3 UNCAUGHT Serial Killers,https://www.youtube.com/watch?v=waYCrmBKjN4,Kallmekris,https://www.youtube.com/channel/UCiciOsypkXcqSFqSPd-NRVA,2026-03-19T01:56:25.639Z,3184.0,3199.901,3184.0
The BRUTALITY Of The Heaven's Gate Cult,https://www.youtube.com/watch?v=lj_cyTt4SxE,Kallmekris,https://www.youtube.com/channel/UCiciOsypkXcqSFqSPd-NRVA,2026-03-19T00:50:48.047Z,3931.0,3937.592,3931.0
Terrifying Internet Rabbit Holes,https://www.youtube.com/watch?v=Q-nuAC1EWgI,Snook,https://www.youtube.com/channel/UC45OWitn6BWG20rxLCL109A,2026-03-19T00:04:08.529Z,2791.0,2799.518,2791.0
A game where you find creepy ghosts in old photos,https://www.youtube.com/watch?v=7DQy20KPu-4,jacksepticeye,https://www.youtube.com/channel/UCYzPXprvl5Y-Sf0g4vX-m6g,2026-03-18T22:01:11.285Z,2148.0,7377.244,2148.0
"Spoiled Teen ""Randomly"" Kills Both His Friends",https://www.youtube.com/watch?v=cdzoDTDpdxA,BionicPIGtv,https://www.youtube.com/channel/UCrPArTqP5CTsnQI4-gQ2txw,2026-03-18T21:23:49.990Z,2235.0,2241.295,2235.0
Tom Hardy Meets Retired Police Dogs ❤️ Tom Hardy HAVOC Interview!,https://www.youtube.com/watch?v=1gZRhNQOYIg,VT,https://www.youtube.com/channel/UCAuGTeUm9JB0n6ojWdWU0Uw,2026-03-18T21:16:01.087Z,448.0,468.903,448.0
Nobody Wanted This Doberman...Until He Chose One Baby to Protect,https://www.youtube.com/watch?v=4or7p7OEXC8,HopeTails,https://www.youtube.com/channel/UChUt5I0ZMa7znb0d1Qm0R3Q,2026-03-18T21:13:24.542Z,461.0,156.545,156.545
Some Things Never Change,https://www.youtube.com/watch?v=uQspyMN29c8,Spedicey,https://www.youtube.com/channel/UC9EZVBHd4aiPkxK3MbmvBxg,2026-03-18T21:11:28.229Z,100.0,116.313,100.0
Look At Leon's Reaction When They Flirt With Him #residentevil #residentevil4,https://www.youtube.com/watch?v=ag-d32qLAqQ,Lightinx,https://www.youtube.com/channel/UCfJt2OYP-TtOeVpKref3qgA,2026-03-18T21:10:18.854Z,24.0,69.375,24.0
Leon Finally Breaks Down & Opens Up to Grace Resident Evil 9 Requiem (2026),https://www.youtube.com/watch?v=N0XS96lsYRk,Amarok Senthor,https://www.youtube.com/channel/UCTbbJU7XIQcgt8llXTBlu6A,2026-03-18T21:08:20.098Z,265.0,118.756,118.756
The Serial Killer That STUMPED The FBI | Israel Keyes,https://www.youtube.com/watch?v=RP20XVrWVzQ,Kallmekris,https://www.youtube.com/channel/UCiciOsypkXcqSFqSPd-NRVA,2026-03-18T08:09:22.240Z,4118.0,46737.858,4118.0
The Monster In The Woods | Gary Michael Hilton,https://www.youtube.com/watch?v=jIOdc1Drd6s,Kallmekris,https://www.youtube.com/channel/UCiciOsypkXcqSFqSPd-NRVA,2026-03-18T07:20:30.559Z,2921.0,2931.681,2921.0
The Serial Killer Who Hunted Women For Sport | Robert Hansen,https://www.youtube.com/watch?v=BzXEEmxioDA,Kallmekris,https://www.youtube.com/channel/UCiciOsypkXcqSFqSPd-NRVA,2026-03-18T05:34:14.173Z,5095.0,6376.386,5095.0
"Female “Sex Addict” Teacher Grooms Boy, has Sex in Classroom… then MOVES into his Home",https://www.youtube.com/watch?v=frIXD57gzTQ,Danielle Kirsty,https://www.youtube.com/channel/UC7QBeubzVIOqFjUjd_gNEBQ,2026-03-18T04:57:55.926Z,2331.0,2178.247,2178.247
"High School Mean Girl & “Wannabe TikToker” Commits Double Murder, Thinks She Can Get Away With It",https://www.youtube.com/watch?v=oAmfOxg84SQ,Danielle Kirsty,https://www.youtube.com/channel/UC7QBeubzVIOqFjUjd_gNEBQ,2026-03-18T04:07:27.343Z,2932.0,3028.583,2932.0
Opеn Marriage to VERY MESSY when “Sеx-Fuelled Wife” gets Jealous & Does UNТНІNKАВLЕ,https://www.youtube.com/watch?v=aoxy5wpvNs0,Danielle Kirsty,https://www.youtube.com/channel/UC7QBeubzVIOqFjUjd_gNEBQ,2026-03-18T03:25:15.634Z,2494.0,2531.709,2494.0
"Phil Collins on Rosie O'Donnell, May 21, 1999",https://www.youtube.com/watch?v=4Qr0fUVkngk,blaked36,https://www.youtube.com/channel/UCuCs369LyltR1FDAUUzdm1A,2026-03-18T02:08:22.807Z,662.0,4612.827,662.0
"The Rosie O'Donnell Show - October 3rd, 2001 (Season 6 - Partial Episode)",https://www.youtube.com/watch?v=SkNNp90uKBA,old news,https://www.youtube.com/channel/UCSYH7F3ueXl4zOgMs5YGnFA,2026-03-18T02:06:15.634Z,2314.0,127.173,127.173
"Late Late Show with Craig Ferguson 8/17/2007 Aisha Tyler, Dwayne Perkins, Augie March",https://www.youtube.com/watch?v=K31wAdOlwgI,Late Late Show w/ Craig Ferguson Archive,https://www.youtube.com/channel/UCyGzp9qxI4tJqXT62h54CTg,2026-03-18T01:59:33.094Z,2347.0,402.54,402.54
Joely Fisher - Late Late Show With Craig Ferguson 9-13-06,https://www.youtube.com/watch?v=Je-CKzeVSnM,BamBam1999,https://www.youtube.com/channel/UC9RctuqoU8NZ2KnNjJwNkRQ,2026-03-18T01:58:42.180Z,574.0,50.914,50.914
Late Night Monologue - 2/12/07,https://www.youtube.com/watch?v=oJWg4KyiIX0,Inflatable Conan,https://www.youtube.com/channel/UCtGTz-X7baUAgcT7DtK7chw,2026-03-18T01:58:25.042Z,401.0,17.138,17.138
Minecraft: How to Build a Medieval Church Tutorial,https://www.youtube.com/watch?v=rp_BPkta2m0,Nanaroid,https://www.youtube.com/channel/UCTkQUw9nnhCEta6lHAdne4Q,2026-03-18T01:19:16.203Z,1219.0,2348.839,1219.0
Minecraft: How to Build a Medieval Church | Church (Tutorial),https://www.youtube.com/watch?v=auoXVDKTFZc,Mechitect,https://www.youtube.com/channel/UCLD-ejCg8uNn0RB3Dlgddkw,2026-03-18T01:18:59.801Z,841.0,16.402,16.402
Minecraft - How to Build a Medieval Church [Tutorial],https://www.youtube.com/watch?v=OjkrFDoPxSE,Alpine Tutorials,https://www.youtube.com/channel/UC_DwDpN3cuMLACOAvZP9EGg,2026-03-18T01:18:50.255Z,1961.0,9.546,9.546
This IMPOSSIBLE Cold Case Was Solved By A Teenager | Marise Chiverella,https://www.youtube.com/watch?v=FX6t7--6dAw,Kallmekris,https://www.youtube.com/channel/UCiciOsypkXcqSFqSPd-NRVA,2026-03-18T01:07:16.734Z,2152.0,693.521,693.521
Minecraft: Medieval Church Tutorial!,https://www.youtube.com/watch?v=mUES3ewVeJU,Fresh Joy,https://www.youtube.com/channel/UCKchG5BnEdgbIHlMASCzcHw,2026-03-18T01:02:39.171Z,1300.0,277.563,277.563
Killer Husband Attempts To Act Sad After Killing His Wife,https://www.youtube.com/watch?v=Vl-rUPs0P_w,BionicPIGtv,https://www.youtube.com/channel/UCrPArTqP5CTsnQI4-gQ2txw,2026-03-18T00:09:17.886Z,3071.0,3201.285,3071.0
FEARS TO FATHOM: Ironbark Lookout #2,https://www.youtube.com/watch?v=oARx4OsVB1o,CaseOh,https://www.youtube.com/channel/UC63anZxfVGHUEmfBAf5w7pw,2026-03-17T23:47:09.427Z,4518.0,1328.459,1328.459
Reels That Make You PATRIOTIC,https://www.youtube.com/watch?v=rzhwTbfmuD4,BryceUp,https://www.youtube.com/channel/UCqxhVf_b7GWY9MxAGvMftIg,2026-03-17T22:45:50.568Z,1522.0,3678.859,1522.0
Leon Kennedy’s Voice Actor Reacts to Thirst Comments,https://www.youtube.com/watch?v=fVolkwqpM-8,PARTYCHAT,https://www.youtube.com/channel/UCK7CPGf74Fpes6kKLMuAdBg,2026-03-17T22:35:43.477Z,273.0,607.091,273.0
The 1.10 Broken Script Movie,https://www.youtube.com/watch?v=M0ZCQlMV5sY,Baron of something,https://www.youtube.com/channel/UCWjddouGnGN2K9OYCv0eXfA,2026-03-17T22:35:06.792Z,10672.0,36.685,36.685
