title,link,channel,channel_link,date,video_length,time_diff,watch_time
"Reality Transurfing Chapter 3 ""The Wave of Fortune""  by Vadim Zeland",https://www.youtube.com/watch?v=uYnMJ60k63A,Reality Transurfing TV,https://www.youtube.com/channel/UCM9BB90P-BgZzrlfSGxNSXA,2026-02-28T01:13:07.767Z,1475.0,,1475.0
cid=c6fa787ae1b798721e69f5c5751219b9,https://www.youtube.com/watch?v=mHs0Bskr0cw,,,2026-02-28T01:05:13.707Z,18.0,474.06,18.0
The Lakers are in SERIOUS TROUBLE,https://www.youtube.com/watch?v=xq0bHvXtQ9M,93 Zay,https://www.youtube.com/channel/UCE0Jh2QpBHPkD6g9EZ4Yb-w,2026-02-28T00:59:57.201Z,595.0,316.506,316.506
RAD Turvold MusicRecut UA V232870 29 1080x1920 S13690 AndroidiOSPC English&IMG=4ZOM,https://www.youtube.com/watch?v=cKtBtlIcOfU,,,2026-02-28T00:59:47.079Z,29.0,10.122,10.122
Watch the look in its eyes at the end. Hummingbird rescue,https://www.youtube.com/watch?v=URjAZwhZ334,Joker OC,https://www.youtube.com/channel/UC_FWVcvDj0F8aQqL799adgw,2026-02-27T21:57:42.159Z,184.0,10924.92,184.0
I thought my coworker was a baby this whole time…,https://www.youtube.com/watch?v=aTO1OY262ZQ,SUNGBOON EDITOR GLOBAL,https://www.youtube.com/channel/UCrwRcwGrYHZ52IGTXhWoPMA,2026-02-27T21:55:57.040Z,33.0,105.119,33.0
Books for Spiritual Evolution 𓂀  Book Recommendations for Spiritual Awakening,https://www.youtube.com/watch?v=RXXNhBMA2vY,Healing Water,https://www.youtube.com/channel/UCFTgPks1Oi9d7_MMRihEJYg,2026-02-27T21:23:27.097Z,1664.0,1949.943,1664.0
How To STOP “Manifesting” The Things You Don't Want,https://www.youtube.com/watch?v=Gg0TAvsAifs,Nero Knowledge,https://www.youtube.com/channel/UC5JWR1otGbD8iJO4qN_dsfA,2026-02-27T21:23:14.136Z,4232.0,12.961,12.961
Graham Hancock - The War on Consciousness BANNED TED TALK,https://www.youtube.com/watch?v=Y0c5nIvJH7w,James Dearden Bush,https://www.youtube.com/channel/UCL3IrnD2JJOld1MuAllp9kA,2026-02-27T21:23:01.907Z,1125.0,12.229,12.229
Brother Panic - The Lost Tapes | Detailed Instructions on How to Die and Not Come Back Here (Part 1),https://www.youtube.com/watch?v=sKReXKRPUek,Brother Panic - The Lost Tapes,https://www.youtube.com/channel/UC0_4edFfxsawk33TqpGc0Kw,2026-02-27T21:22:38.007Z,23177.0,23.9,23.9
Resident Evil Requiem - Part 2 - THE GIRL,https://www.youtube.com/watch?v=DH-S91JmVvs,Hollow,https://www.youtube.com/channel/UCmp5y07YIV6i2jPX4x82hVQ,2026-02-27T21:22:03.352Z,6042.0,34.655,34.655
🔴GM8 vs C9 | CDL WATCH PARTY,https://www.youtube.com/watch?v=Nt1k6cvORZ0,Jake Maverik 🚀,https://www.youtube.com/channel/UCUn3HWoBcmBUUOeVGy2K9SA,2026-02-27T21:19:00.814Z,19670.0,182.538,182.538
Unofficial New Year for Tool People,https://www.youtube.com/watch?v=_2JL0zJp5QU,,,2026-02-27T21:12:00.616Z,31.0,420.198,31.0
Football Cooler Zero 6s | Michelob ULTRA,https://www.youtube.com/watch?v=XdRX78aUPQ0,,,2026-02-27T21:11:54.461Z,7.0,6.155,6.155
OLV PTFT5903000H ALL HOURS TV 15 PROMO Feb Classic ENG 2026 1 15 Exp  2 27,https://www.youtube.com/watch?v=A0P15GsCvkM,,,2026-02-27T21:08:53.585Z,16.0,180.876,16.0
2302001_DBL_ESC_N_AA_BattleScene_i00_1920x1080_07s_EN,https://www.youtube.com/watch?v=t7PtJyf_xLA,,,2026-02-27T21:08:46.426Z,8.0,7.159,7.159
OKC keeps getting AWAY WITH THIS 🤨 #shorts,https://www.youtube.com/watch?v=S4X9egktlt0,Locoprezident,https://www.youtube.com/channel/UCNU_Ye0DSF3ShwFw1pXln_A,2026-02-27T21:06:48.444Z,35.0,117.982,35.0
Resident Evil Requiem - Part 1 - A NEW HORROR BEGINS..,https://www.youtube.com/watch?v=B-dIs7yb1EQ,Hollow,https://www.youtube.com/channel/UCmp5y07YIV6i2jPX4x82hVQ,2026-02-27T19:33:47.285Z,10145.0,5581.159,5581.159
Cat Adopts You As His Favorite Person 😻 Cute Cat and Human Moments,https://www.youtube.com/watch?v=C1TH3l4Op6U,Funny And Cute Cat's Life,https://www.youtube.com/channel/UCW_X3-IRNdOl9vrZ-zGthlQ,2026-02-27T19:13:04.125Z,626.0,1243.16,626.0
She Lost Everything in 24 Hours,https://www.youtube.com/watch?v=g8hpJPAznoU,hxsain,https://www.youtube.com/channel/UCZfTWLrTkaoZoSx5fkrAPJA,2026-02-27T19:12:59.234Z,88.0,4.891,4.891
They Messed Up Again!,https://www.youtube.com/watch?v=oLKkWpCW25w,Tobito,https://www.youtube.com/channel/UCy78RiMAoWykZ7oH2i05IjA,2026-02-27T18:25:55.354Z,46.0,2823.88,46.0
Pregnant Cat Shows Up at Man’s Home and Changes His Life,https://www.youtube.com/watch?v=_ihiQmBnAnc,Cuddle Buddies TV,https://www.youtube.com/channel/UCFG1vK0vkb1n3Ha_RSs6A7g,2026-02-27T15:38:44.070Z,644.0,10031.284,644.0
"Dashy FRYING in Scrims, FormaL REACTS to Exceed 😭👀",https://www.youtube.com/watch?v=7c_M7Nf_8EA,TacticalRab,https://www.youtube.com/channel/UCvAD3EQC4-_oEIThqMhWOAQ,2026-02-27T15:38:25.664Z,923.0,18.406,18.406
Activate All 7 Chakras • Get Rid Of All Bad Energy • Boost Positive Energy,https://www.youtube.com/watch?v=gsi046VshZ4,Balance Chakras Meditation,https://www.youtube.com/channel/UC9_xy2nn5WGvNrgrFMVfI0g,2026-02-27T10:56:55.513Z,0.0,16890.151,0.0
Attacking Luka Further Exposes LeBron James,https://www.youtube.com/watch?v=XFlrPVHQCIY,Angry Old Hoops Fan,https://www.youtube.com/channel/UCNHpaS72NmjT5Htnm8acKeA,2026-02-27T08:34:09.114Z,1578.0,8566.399,1578.0
ZELDA OCARINA of TIME MEDLEY on CLASSICAL GUITAR,https://www.youtube.com/watch?v=6Lx2tomnXIk,Josh GUITARofolo,https://www.youtube.com/channel/UCw8FjZctxnagcmjIdfj51HQ,2026-02-27T07:43:07.815Z,591.0,3061.299,591.0
GERUDO VALLEY - ZELDA OCARINA OF TIME meet flamenco gipsy guitarist GAME GUITAR COVER FINGERSTYLE,https://www.youtube.com/watch?v=CPUKGFVrQvE,LucasGitanoFamily,https://www.youtube.com/channel/UCpUAp8m92gecvW8EyV3fLCA,2026-02-27T07:36:37.284Z,387.0,390.531,387.0
SOUNDSCAPE TO ARDOR (BLEACH) meets flamenco gipsy guitarist [SAD OST COVERS],https://www.youtube.com/watch?v=_IV3VvTTDsU,LucasGitanoFamily,https://www.youtube.com/channel/UCpUAp8m92gecvW8EyV3fLCA,2026-02-27T07:29:39.514Z,416.0,417.77,416.0
『Treachery』(Bleach) meet LucasGitanoFamily【flamenco guitar cover】Aizen's Theme,https://www.youtube.com/watch?v=vhTfUx7WXvg,LucasGitanoFamily,https://www.youtube.com/channel/UCpUAp8m92gecvW8EyV3fLCA,2026-02-27T07:23:45.473Z,352.0,354.041,352.0
"Reality Transurfing Chapter 3 ""The Wave of Fortune""  by Vadim Zeland",https://www.youtube.com/watch?v=uYnMJ60k63A,Reality Transurfing TV,https://www.youtube.com/channel/UCM9BB90P-BgZzrlfSGxNSXA,2026-02-27T07:19:04.679Z,1475.0,280.794,280.794
"Reality Transurfing Chapter 4 ""Balance"" by Vadim Zeland",https://www.youtube.com/watch?v=Z1KUARFTd6s,Reality Transurfing TV,https://www.youtube.com/channel/UCM9BB90P-BgZzrlfSGxNSXA,2026-02-27T07:19:01.107Z,6764.0,3.572,3.572
IT FINALLY HAPPENED 😭🎊❤️ #spicycat #fostercat #cat,https://www.youtube.com/watch?v=HoDbqOyZEbw,Kayla Lyman,https://www.youtube.com/channel/UCWRE-S0-YD4Iy7tPFSuVp5A,2026-02-27T06:38:54.638Z,145.0,2406.469,145.0
Can you solve Harvard’s entry exam?,https://www.youtube.com/watch?v=08D84Uthzhs,Your SAT Coach,https://www.youtube.com/channel/UCMnEHFaYicEJ0QRO7vwSYdQ,2026-02-27T06:36:59.504Z,89.0,115.134,89.0
Alysa Liu Olympic champion gives me skating tips 😅 #sports #olympics #alysaliu #figureskating,https://www.youtube.com/watch?v=9Rx1mj0okgg,Ian Gunther,https://www.youtube.com/channel/UCU0dlKN6R16DL5KKWq62wNA,2026-02-27T06:35:42.587Z,21.0,76.917,21.0
The dumbest archery scene ever? #thehobbit,https://www.youtube.com/watch?v=4zX8IRZ1NXw,blumineck,https://www.youtube.com/channel/UCoDfzMpmDq2hotStuDhZc7w,2026-02-27T06:34:08.063Z,87.0,94.524,87.0
LEGO Roasted the Dumbest Star Wars Scene | The Dagger Problem,https://www.youtube.com/watch?v=TQCy9v4Kgyk,Tales of the Galaxy,https://www.youtube.com/channel/UC4Xqe_e6o4FTrBTm3iIx2bw,2026-02-27T06:33:25.962Z,34.0,42.101,34.0
"This Laker team is a 1st round exit once again, #nba #lakers #lebronjames #suns",https://www.youtube.com/watch?v=wZY2LtY1SBc,FSTV22,https://www.youtube.com/channel/UCiwDxpFEtOqtLVAsVddmBtA,2026-02-27T06:33:05.009Z,50.0,20.953,20.953
“I wanna go to the Warriors” - Luka Doncic postgame interview - Lakers vs Suns,https://www.youtube.com/watch?v=qTwuNzrDQY8,DangerousAI,https://www.youtube.com/channel/UClpYaV73nQDaJf-Vx3CYqVA,2026-02-27T06:31:35.267Z,51.0,89.742,51.0
My Dating Show Crush Came Over 😍👩🏻‍🦰 (ft. Keep Chambers),https://www.youtube.com/watch?v=O2H_ybfMxtE,Strawberry Park,https://www.youtube.com/channel/UCyLLL4Al34gr3XH2_h4db5g,2026-02-27T06:10:13.351Z,4798.0,1281.916,1281.916
W V AI DianTi NG EN 1920X1080,https://www.youtube.com/watch?v=o4HXhA2rDQE,,,2026-02-27T05:41:41.537Z,59.0,1711.814,59.0
"Suns Over Lakers, 113-110 | Another Awful Loss | Phoenix Wins Without Their Stars",https://www.youtube.com/watch?v=JX5eIiysKCY,Hoops Talk with Allen Sliwa,https://www.youtube.com/channel/UCiS_8yajk3EOOjh8GHKKz_A,2026-02-27T05:41:12.132Z,2940.0,29.405,29.405
Lakers vs Sus Live Reaction!,https://www.youtube.com/watch?v=VA0MUSIRV04,93 Zay,https://www.youtube.com/channel/UCE0Jh2QpBHPkD6g9EZ4Yb-w,2026-02-27T04:20:27.890Z,5872.0,4844.242,4844.242
Lakers vs Suns LIVE Play By Play & Reaction,https://www.youtube.com/watch?v=RX8wgdsPSsg,Lakers Nation,https://www.youtube.com/channel/UCbNWe0snu7U9H2qioNH2nvg,2026-02-27T03:48:50.029Z,9120.0,1897.861,1897.861
CFC英语口播 0202 横版,https://www.youtube.com/watch?v=HXT50LmQ1cI,,,2026-02-27T03:48:40.620Z,40.0,9.409,9.409
Jordan Seasonal Products: Women's Infrared Collection - Streetwear | 15s 9x16,https://www.youtube.com/watch?v=8ryOmAg_FFc,,,2026-02-27T03:48:25.978Z,17.0,14.642,14.642
Monarch: Legacy of Monsters | Apple TV,https://www.youtube.com/watch?v=T1HAvNeIPG8,,,2026-02-27T03:46:48.125Z,31.0,97.853,31.0
🔴OPTIC vs LAT THIS WEEKEND! | Around The CDL LIVE,https://www.youtube.com/watch?v=4oXbYP9fRaM,Jake Maverik 🚀,https://www.youtube.com/channel/UCUn3HWoBcmBUUOeVGy2K9SA,2026-02-27T03:45:57.531Z,1863.0,50.594,50.594
MAPLE OFFICIAL A LAUNCH VID IP TASTE EN 1920x1080,https://www.youtube.com/watch?v=gJdILSvcXiA,,,2026-02-27T03:45:35.147Z,32.0,22.384,22.384
LOC VNM 16x9 06s,https://www.youtube.com/watch?v=PHePyXns5Cc,,,2026-02-27T03:45:28.988Z,7.0,6.159,6.159
This anime will completely change the industry FOREVER,https://www.youtube.com/watch?v=7FvNSVmIJaQ,cedgehog,https://www.youtube.com/channel/UCtkWd8Tm6-3refTq5grg2aA,2026-02-27T02:45:37.453Z,59.0,3591.535,59.0
$25 Denim!,https://www.youtube.com/watch?v=x_6WUEwCFiA,,,2026-02-27T02:45:26.974Z,31.0,10.479,10.479
Falco eats Porco’s Jaw Titan - Attack On Titan Episode 78,https://www.youtube.com/watch?v=dp7M0VGt7_4,The Elite Eldian,https://www.youtube.com/channel/UCV151tfCkCLVupjFaovt2cQ,2026-02-27T02:43:59.079Z,182.0,87.895,87.895
NEW JAW TITAN Abilities and Appearance EXPLAINED!! | Attack on Titan Season 4 Episode 27 Breakdown,https://www.youtube.com/watch?v=_H2NTV3_Hmg,Finn Films ,https://www.youtube.com/channel/UCDqGD82P6Nd-s8KVp0cA-HQ,2026-02-27T02:43:27.805Z,587.0,31.274,31.274
Out of this World (1949) by Neville Goddard,https://www.youtube.com/watch?v=aO_XltYHGWc,Master Key Society,https://www.youtube.com/channel/UCXEns75ExsEwvw6UNmOQcNQ,2026-02-26T23:57:23.679Z,3310.0,9964.126,3310.0
"Reality Transurfing Chapter 1 ""The Rustle of the Morning Stars"" by Vadim Zeland",https://www.youtube.com/watch?v=K_A2S0a9a-k,Reality Transurfing TV,https://www.youtube.com/channel/UCM9BB90P-BgZzrlfSGxNSXA,2026-02-26T23:31:19.221Z,3718.0,1564.458,1564.458
"Reality Transurfing Chapter 2 ""Pendulums""  by Vadim Zeland",https://www.youtube.com/watch?v=v28i3r1Xbxc,Reality Transurfing TV,https://www.youtube.com/channel/UCM9BB90P-BgZzrlfSGxNSXA,2026-02-26T23:31:07.932Z,3823.0,11.289,11.289
🔴OPTIC SCRIMS vs G2/RAVENS | WATCH PARTY,https://www.youtube.com/watch?v=rF4ZNl6AaSU,Jake Maverik 🚀,https://www.youtube.com/channel/UCUn3HWoBcmBUUOeVGy2K9SA,2026-02-26T23:25:12.362Z,16103.0,355.57,355.57
Resident Evil Requiem - Part 1 - A NEW HORROR BEGINS..,https://www.youtube.com/watch?v=B-dIs7yb1EQ,Hollow,https://www.youtube.com/channel/UCmp5y07YIV6i2jPX4x82hVQ,2026-02-26T22:51:57.519Z,10145.0,1994.843,1994.843
LZEN-VA621-YY,https://www.youtube.com/watch?v=BEsKQPs9t-8,,,2026-02-26T22:15:03.430Z,27.0,2214.089,27.0
2404_DBDB_UA_ALL_BrolyEvergreen_VID_1080x1350_06s_ES,https://www.youtube.com/watch?v=rfmqr2_owHQ,,,2026-02-26T22:14:57.456Z,7.0,5.974,5.974
CIP8221 1282  Mo 1080x1080 6s 251224  イジらないで、長瀞さん single,https://www.youtube.com/watch?v=ug9nnhUTaNw,,,2026-02-26T22:14:51.289Z,7.0,6.167,6.167
#PlayGalaxy Cup: PUBG MOBILE Global Open hosted by Samsung Galaxy,https://www.youtube.com/watch?v=Tl9HNvi77qQ,,,2026-02-26T22:14:49.197Z,9018.0,2.092,2.092
Wishes | We All Do It | GEICO Insurance,https://www.youtube.com/watch?v=Vpc-gttlvHA,,,2026-02-26T22:07:18.078Z,,451.119,451.119
Jujutsu Kaisen Sorcerers in Real Life | 呪術廻戦 AIライブアクション,https://www.youtube.com/watch?v=wnaYRZRzxL0,AnimeAI Boost,https://www.youtube.com/channel/UCeeXtCBrqQz_1bsAK4X34hg,2026-02-26T21:58:18.416Z,,539.662,539.662
VoiceMemo Spanish 6s 16x9,https://www.youtube.com/watch?v=Uxt8k8F8QzQ,,,2026-02-26T21:58:12.225Z,7.0,6.191,6.191
Shortened: Q2 2023 Imagine – Knight MAI 15 1x1,https://www.youtube.com/watch?v=7imUmYaDQ30,,,2026-02-26T21:58:04.727Z,8.0,7.498,7.498
CIP8222 1282  Mo 1920x1080 6s 251224  イジらないで、長瀞さん singleblack,https://www.youtube.com/watch?v=VHyxI7XmUDw,,,2026-02-26T21:39:14.358Z,7.0,1130.369,7.0
2304004_DBL_ESC_N_AA_VersusArcade_i00_1920x1080_07s_EN,https://www.youtube.com/watch?v=I8shskRb-zE,,,2026-02-26T21:39:07.360Z,8.0,6.998,6.998
2404_DBDB_UA_ALL_BrolyEvergreen_VID_1080x1080_06s_ES,https://www.youtube.com/watch?v=6N7eBrzWBQ8,,,2026-02-26T21:39:01.201Z,7.0,6.159,6.159
Monarch: Legacy of Monsters | Apple TV,https://www.youtube.com/watch?v=Vo9QqRsGDHY,,,2026-02-26T21:38:55.597Z,31.0,5.604,5.604
Why is it called Bleach anyway?,https://www.youtube.com/watch?v=y334gZ-sNcQ,cedgehog,https://www.youtube.com/channel/UCtkWd8Tm6-3refTq5grg2aA,2026-02-26T21:30:04.289Z,57.0,531.308,57.0
This Celebrity Tried to STEAL Bleach!? #bleach #bleachanime #anime,https://www.youtube.com/watch?v=RKV_p0bL5ag,The Senpai,https://www.youtube.com/channel/UCFCf8VNE7PIapPpPkyBzE_w,2026-02-26T21:28:50.339Z,40.0,73.95,40.0
Fix_260212_0227_ストーリーイベント_XASTRAY_16x9_us,https://www.youtube.com/watch?v=T0ke6choMo4,,,2026-02-26T21:24:21.709Z,30.0,268.63,30.0
The Los Angeles Lakers are Imploding,https://www.youtube.com/watch?v=BDvQPkJ1s1Q,BlacktopBuckets,https://www.youtube.com/channel/UCPs_5uIPBr2kX8iZeDpR-rQ,2026-02-26T20:51:42.114Z,316.0,1959.595,316.0
GooglexPurdue 30s v7 0aF VERT 2,https://www.youtube.com/watch?v=wb8wP_uIR4Y,,,2026-02-26T20:51:36.360Z,31.0,5.754,5.754
"Remitly Helps You Be There, Even When You Can't | Remitly Pillars2 6 HON SPA 6 16x9",https://www.youtube.com/watch?v=xWm8dFG0qEo,,,2026-02-26T20:51:30.199Z,7.0,6.161,6.161
Klutch Sports And Lebron James Have Officially Started Their Luka Doncic Smear Campaign,https://www.youtube.com/watch?v=RhOCIEUIp5Y,DREAMERSPRO,https://www.youtube.com/channel/UCGun0enIN7p0ZfqzKqPvD5w,2026-02-26T20:46:33.028Z,696.0,297.171,297.171
cid=0321ba9b1e71ef5019960a32019eddfa,https://www.youtube.com/watch?v=ZcVwbkQSVL4,,,2026-02-26T20:44:59.437Z,40.0,93.591,40.0
Testing and Selecting German Shepherd Puppies for work,https://www.youtube.com/watch?v=OuPZo31vGjg,Shield K9 Dog Training,https://www.youtube.com/channel/UCp5DGdnv3zds4pXUc2BcWYg,2026-02-26T20:05:12.769Z,798.0,2386.668,798.0
[RAVEN2] Global Launch | The Brutal Dark Fantasy MMORPG - Download Now!,https://www.youtube.com/watch?v=rG_Q9h8vBNs,,,2026-02-26T19:59:03.342Z,30.0,369.427,30.0
Lyria 3 | Music Generation comes to Gemini,https://www.youtube.com/watch?v=TD6FPndjhoE,,,2026-02-26T19:58:49.687Z,66.0,13.655,13.655
"Pilot Stops Skydiver Jumping From Hot Air Balloon - ""We would have all died""",https://www.youtube.com/watch?v=TLsf7PjW11A,Newsnercom,https://www.youtube.com/channel/UCYCxYp7o8PZuer5vTGzuEUg,2026-02-26T19:49:11.632Z,201.0,578.055,201.0
Prisoners and their cats.,https://www.youtube.com/watch?v=i8xIwiPk0G8,maynardcat,https://www.youtube.com/channel/UCDDW5AO8tSmkBjrlb-cVRyQ,2026-02-26T19:47:28.967Z,328.0,102.665,102.665
Resident Evil 4 Inventory ASMR,https://www.youtube.com/watch?v=t8xz5Lcyn94,coolkarmact,https://www.youtube.com/channel/UCDWhVMtg-waiG0IO5uLlbxQ,2026-02-26T19:45:13.554Z,114.0,135.413,114.0
Steve Kerr IMPRESSED By New Warriors Player Malevy Leons 🔥,https://www.youtube.com/watch?v=nk83HD0HY-Y,Beyond NBA,https://www.youtube.com/channel/UCPGhgqNOGTj1o1qilS6K8mA,2026-02-26T19:44:20.839Z,73.0,52.715,52.715
Vertical Jump Has Nothing To Do With Your Height,https://www.youtube.com/watch?v=h5wPmcaryJ0,Jumpsbychi,https://www.youtube.com/channel/UCIbzpnSekQfYm-91r9HOLYg,2026-02-26T19:43:32.374Z,61.0,48.465,48.465
ITACHI vs PAIN | Full Fight | Fan animation by Bri Animation,https://www.youtube.com/watch?v=vvkVFk24arM,BRI ANIMATION,https://www.youtube.com/channel/UCUVcoCIxRqPbqFpws5Y_9vA,2026-02-26T19:42:58.750Z,564.0,33.624,33.624
Porcupine Parents Protect Babies from Leopard,https://www.youtube.com/watch?v=Aoh7j46xleE,Latest Sightings,https://www.youtube.com/channel/UCyfZleh4w7buTzi0WfY8WqA,2026-02-26T19:40:56.158Z,154.0,122.592,122.592
3 Movements That Fix 95% Of Your Problems,https://www.youtube.com/watch?v=kIElAa1Aa9A,Dr. Alyssa Lu  ,https://www.youtube.com/channel/UCKfJ9dxUoSkBf1mj26PZ7tQ,2026-02-26T19:38:22.250Z,223.0,153.908,153.908
Lebron James Bricks Game Winner Blames Luka,https://www.youtube.com/watch?v=u5tIS07JD7Q,UnCommon Cents,https://www.youtube.com/channel/UCD0Ob94aPTdq308tdjE9nRw,2026-02-26T19:37:59.955Z,774.0,22.295,22.295
I went for a 21K hike... got home with a kitten,https://www.youtube.com/watch?v=LVp7zH3yCi0,Taz,https://www.youtube.com/channel/UCLtPdXsR0bYyr5TL0ETdJdA,2026-02-26T19:36:17.063Z,899.0,102.892,102.892
Steve Kerr ANNOUNCES Draymond will be OUT FOR THE SEASON - Postgame Interview - Warriors - Grizzlies,https://www.youtube.com/watch?v=IruogpppWwQ,DangerousAI,https://www.youtube.com/channel/UClpYaV73nQDaJf-Vx3CYqVA,2026-02-26T19:32:27.375Z,60.0,229.688,60.0
Shortened: B0F3Y3BKYW Trailer na EN  YouTubelink 9x16 v1 TSAC US 15s,https://www.youtube.com/watch?v=Tx2CQES8DzE,,,2026-02-26T19:32:20.153Z,8.0,7.222,7.222
Top 21 Must-Visit Tourist Attractions in Nha Trang for 2025,https://www.youtube.com/watch?v=Fwrpa2cu0eQ,Vietnam Travel Experience ,https://www.youtube.com/channel/UCMCPYiwI73CGbmiZtuVhUgg,2026-02-26T19:27:30.474Z,101.0,289.679,101.0
And the government wonder why the birth rate is falling #history #japan #overworked #feedshorts,https://www.youtube.com/watch?v=XIz26lUpRN0,Just_curious,https://www.youtube.com/channel/UCU3LoIG_EplNNCG5r6fQlfA,2026-02-26T19:26:33.081Z,31.0,57.393,31.0
Sonic $6 All-American Smasher Meal,https://www.youtube.com/watch?v=mQls17C_VUg,,,2026-02-26T19:25:13.114Z,7.0,79.967,7.0
服にもぐりこんできてスヤスヤとお昼寝する黒猫ちゃん,https://www.youtube.com/watch?v=_fWkkCZ_D3Q,野郎が撮った猫動画,https://www.youtube.com/channel/UCftvr4AjFL2vVcF-3dteG2w,2026-02-26T19:22:10.437Z,190.0,182.677,182.677
Was Starrk Really The Strongest Espada? #bleach #anime #bleachanime,https://www.youtube.com/watch?v=gPku-7FXtYg,Captain Akan,https://www.youtube.com/channel/UC9dWOYmBMIyncXfMApL1HDA,2026-02-26T19:21:50.027Z,56.0,20.41,20.41
I've NEVER seen anything like this before.,https://www.youtube.com/watch?v=Rkhh2ovhMQA,Magnus Midtbø,https://www.youtube.com/channel/UC_gSotrFVZ_PiAxo3fTQVuQ,2026-02-26T19:20:24.752Z,1484.0,85.275,85.275
Cat appears the moment mom sits#cat #funny #funnyshorts,https://www.youtube.com/watch?v=q0MeSXCdPbc,Riti Fremont,https://www.youtube.com/channel/UCae6AVen-W5GJoJGUBrxkeQ,2026-02-26T19:19:07.315Z,65.0,77.437,65.0
If you sit on this beach you'll be surrounded by cats in no time!,https://www.youtube.com/watch?v=Wz2vkbW7ATg,Stray Paws Clips,https://www.youtube.com/channel/UC7WPmAW8K5tXbGwAZZ1kAFw,2026-02-26T18:43:07.178Z,114.0,2160.137,114.0
Fiesta De Guerra.,https://www.youtube.com/watch?v=4v6dp2N3e8U,Shiro Sagisu - Topic,https://www.youtube.com/channel/UCX1eEXAVyXoPviRXoEgKipQ,2026-02-26T10:08:14.834Z,149.0,30892.344,149.0
Clavar La Espada,https://www.youtube.com/watch?v=Z9Onb_z0XPI,Shiro Sagisu - Topic,https://www.youtube.com/channel/UCX1eEXAVyXoPviRXoEgKipQ,2026-02-26T10:04:29.980Z,220.0,224.854,220.0
♪OST EXTENDED♫ - Going Home,https://www.youtube.com/watch?v=OpUXpVa6y7w,Holo Togeshi (XxHoloTogeshixX),https://www.youtube.com/channel/UCkywy2uaYAKAM-p1TSwRrKQ,2026-02-26T09:58:16.802Z,964.0,373.178,373.178
CLAVAR LA ESPADA - BLEACH meets flamenco gipsy guitarist OST 3 GUITAR COVER,https://www.youtube.com/watch?v=WWc4HxnU5h4,LucasGitanoFamily,https://www.youtube.com/channel/UCpUAp8m92gecvW8EyV3fLCA,2026-02-26T09:54:09.022Z,242.0,247.78,242.0
Treachery,https://www.youtube.com/watch?v=0kYq-E8BJgU,Shiro Sagisu - Topic,https://www.youtube.com/channel/UCX1eEXAVyXoPviRXoEgKipQ,2026-02-26T09:36:21.201Z,203.0,1067.821,203.0
Anime symphony - Bleach Treachery,https://www.youtube.com/watch?v=0ZL6OAdy6C4,Rabbit,https://www.youtube.com/channel/UCeATFm3cjqUkkUqfldxzRfQ,2026-02-26T09:34:47.286Z,81.0,93.915,81.0
From the book ✨Reality Transurfing by Vadim Zeland✨,https://www.youtube.com/watch?v=Bwh2S3sa-CI,Neika Thara,https://www.youtube.com/channel/UC_07Bu_tfFHCDTZRe5ppysg,2026-02-26T08:29:46.730Z,31.0,3900.556,31.0
The Banh Mi Worth Flying 1000km For in Vietnam,https://www.youtube.com/watch?v=IeDEHlJvx5I,David Khai,https://www.youtube.com/channel/UCXDtHVw-kTFqiX87UsM2ZqA,2026-02-26T08:00:14.564Z,1693.0,1772.166,1693.0
Samsung S26,https://www.youtube.com/watch?v=5OvvrkG505Y,,,2026-02-26T07:54:45.152Z,,329.412,329.412
Kawhi’s hand compared to everyone else 😭 (via kya0ki/IG),https://www.youtube.com/watch?v=lHI_z8MjR8s,Bleacher Report,https://www.youtube.com/channel/UC9-OpMMVoNP5o10_Iyq7Ndw,2026-02-26T07:53:25.714Z,25.0,79.438,25.0
"Reality Transurfing Chapter 2 ""Pendulums""  by Vadim Zeland",https://www.youtube.com/watch?v=v28i3r1Xbxc,Reality Transurfing TV,https://www.youtube.com/channel/UCM9BB90P-BgZzrlfSGxNSXA,2026-02-26T06:40:54.518Z,3823.0,4351.196,3823.0
Lebron James Chokes AGAIN and Blames Luka Doncic ,https://www.youtube.com/watch?v=JEKIGGofkGQ,93 Zay,https://www.youtube.com/channel/UCE0Jh2QpBHPkD6g9EZ4Yb-w,2026-02-26T06:34:28.526Z,713.0,385.992,385.992
Temptation is the key to your greatness..,https://www.youtube.com/watch?v=mzgABMWG-Jo,Elekaiii,https://www.youtube.com/channel/UCNCyCZaZYbcb3QY6J0VQwNA,2026-02-26T06:05:29.510Z,1025.0,1739.016,1025.0
"LAKERS STATUES TOUR - Kobe, Shaq, Magic & more",https://www.youtube.com/watch?v=2boXaona5PE,Los Angeles Lakers,https://www.youtube.com/channel/UC8CSt-oVqy8pUAoKSApTxQw,2026-02-26T05:49:28.884Z,60.0,960.626,60.0
"Reality Transurfing Chapter 1 ""The Rustle of the Morning Stars"" by Vadim Zeland",https://www.youtube.com/watch?v=K_A2S0a9a-k,Reality Transurfing TV,https://www.youtube.com/channel/UCM9BB90P-BgZzrlfSGxNSXA,2026-02-26T04:21:51.869Z,3718.0,5257.015,3718.0
GIRL Got STRANDED On The Bridge…,https://www.youtube.com/watch?v=4TX9-kArbZ8,wavyymichelle,https://www.youtube.com/channel/UCwLxQFIPti-G9KS6lUngT4Q,2026-02-26T03:58:54.508Z,45.0,1377.361,45.0
"Just Stop Reacting, Watch What Happens",https://www.youtube.com/watch?v=hB7lFkqtd7U,Brian Withers,https://www.youtube.com/channel/UCJvwbnL8mN8HijridGNhfVQ,2026-02-26T03:58:46.223Z,1185.0,8.285,8.285
Girl had me STRESSED coming home 😅 #fostercat #spicycat #cat,https://www.youtube.com/watch?v=rkbw-GedStc,Kayla Lyman,https://www.youtube.com/channel/UCWRE-S0-YD4Iy7tPFSuVp5A,2026-02-26T03:57:58.866Z,98.0,47.357,47.357
Olympic Figure Skater switch skates with speed skater 😂#olympics #figureskating #speedskating,https://www.youtube.com/watch?v=mxZ_4Tol6Zo,Ian Gunther,https://www.youtube.com/channel/UCU0dlKN6R16DL5KKWq62wNA,2026-02-26T03:49:21.008Z,52.0,517.858,52.0
The Exact Moment You’ll Never See on TV | Milano Cortina 2026 🇮🇹,https://www.youtube.com/watch?v=S20TsF99JkU,samsfamilytrip,https://www.youtube.com/channel/UCdKA5G-SG_1EUEgjqjRW7Zg,2026-02-26T03:48:46.277Z,,34.731,34.731
they did them dirty... #skating #figureskating #olympics #trending #shorts #viral #viralshorts #new,https://www.youtube.com/watch?v=AgzkdaW8KYA,in love in figure skating,https://www.youtube.com/channel/UCUqNTFzSRkIsFt95mBmHKtw,2026-02-26T03:48:07.858Z,33.0,38.419,33.0
Why Japanese People Are Fed Up With Tourists 😠🇯🇵 #Japan,https://www.youtube.com/watch?v=OfRl6-L3UiM,Nihon Noir,https://www.youtube.com/channel/UC3xmyDbWVMnUPzvBSGNPr-g,2026-02-26T03:39:34.074Z,57.0,513.784,57.0
FormaL Reacts to Mercules & Shotzzy Running FaZe in Scrims! 🔥,https://www.youtube.com/watch?v=q9RSX70Dc1s,CDL Headquarters,https://www.youtube.com/channel/UCAwJYDzB5AYVhDG7WXRe5sg,2026-02-26T03:32:05.456Z,1824.0,448.618,448.618
“I’m benching Draymond” - Steve Kerr Postgame Interview - Warriors vs Pelicans,https://www.youtube.com/watch?v=f0aNT0jP4JA,DangerousAI,https://www.youtube.com/channel/UClpYaV73nQDaJf-Vx3CYqVA,2026-02-26T03:30:54.315Z,26.0,71.141,26.0
“LeBron has no clutch gene” - Luka Doncic Postgame Interview - Lakers vs Orlando Magic,https://www.youtube.com/watch?v=CJ7zOM-08Rc,DangerousAI,https://www.youtube.com/channel/UClpYaV73nQDaJf-Vx3CYqVA,2026-02-26T03:29:02.451Z,43.0,111.864,43.0
BREAKING: DEVASTATING DATA COMES OUT PROVING LEBRON JAMES IS THE #1 REASON THE LAKERS KEEP LOSING,https://www.youtube.com/watch?v=4sHvv3jg0Q8,DREAMERSPRO,https://www.youtube.com/channel/UCGun0enIN7p0ZfqzKqPvD5w,2026-02-26T02:42:28.789Z,3990.0,2793.662,2793.662
cid=0b339a3f00bd53b45cef94f9b8b5d504,https://www.youtube.com/watch?v=rV1_OHfQdrg,,,2026-02-26T02:42:17.546Z,18.0,11.243,11.243
DASHY QUAD FEED 🤯,https://www.youtube.com/watch?v=uwhJfJ1J1ZM,Jake Maverik 🚀,https://www.youtube.com/channel/UCUn3HWoBcmBUUOeVGy2K9SA,2026-02-26T02:14:42.146Z,15.0,1655.4,15.0
🔴OPTIC SCRIMS vs FAZE/KOI | WATCH PARTY,https://www.youtube.com/watch?v=Cm3Vi9v6gAY,Jake Maverik 🚀,https://www.youtube.com/channel/UCUn3HWoBcmBUUOeVGy2K9SA,2026-02-26T01:41:48.933Z,16717.0,1973.213,1973.213
Reality Transurfing - This Audiobook read by George Stoitzev will change your life,https://www.youtube.com/watch?v=ZvQMHM3iEwM,George Stoitzev,https://www.youtube.com/channel/UCw1XNlFZuCoEseFDLgPP42w,2026-02-25T23:32:11.878Z,8594.0,7777.055,7777.055
F26 FrozenCoastCollection Paid 30s Product Youtube 16x9,https://www.youtube.com/watch?v=gWStv_HZ-fo,,,2026-02-25T23:24:52.602Z,31.0,439.276,31.0
svod_uac_UA JK S1 Moment 16x9 15s en dub chance streamnow,https://www.youtube.com/watch?v=eiwefIHqCI4,,,2026-02-25T22:54:44.081Z,16.0,1808.521,16.0
Resident Evil Requiem Review,https://www.youtube.com/watch?v=G3tAquQx_Mg,IGN,https://www.youtube.com/channel/UCKy1dAqELo0zrOtPkf0eTMw,2026-02-25T22:38:39.915Z,820.0,964.166,820.0
Could a Six Eyes User Make Any CT Broken Like Limitless?,https://www.youtube.com/watch?v=nhvibX7qC1k,Og Senpai ,https://www.youtube.com/channel/UCvvAbU5cuX0rfTiJu5_ZahA,2026-02-25T22:36:14.065Z,59.0,145.85,59.0
What is your favorite stop on ice? #skating #skate #hockey #figureskating #iceskating,https://www.youtube.com/watch?v=bGUaJHcekWs,Niklaus prosper,https://www.youtube.com/channel/UCRRAFTktRoNbsHp8c3Ex2ww,2026-02-25T22:34:51.611Z,58.0,82.454,58.0
cid=c175f8e76b29c4e52397ea1d7f2523c3,https://www.youtube.com/watch?v=0ZtAo60_aoc,,,2026-02-25T22:34:50.408Z,122.0,1.203,1.203
"LEGO 1920s City Sidewalks Update, Realistic Details!",https://www.youtube.com/watch?v=PMIzwUJGpLM,The Brick Guru,https://www.youtube.com/channel/UCnDtnObqpG_MXoh42z2ZSkA,2026-02-25T22:34:24.911Z,23.0,25.497,23.0
The Kuda needs to return #callofduty #blackops3,https://www.youtube.com/watch?v=A-oS0l3VKxg,wavysullivan,https://www.youtube.com/channel/UC2OT3ZnfmPaCFpMGCLesXMA,2026-02-25T22:34:21.147Z,15.0,3.764,3.764
SledSurfers_AG11_59s_1080x1920__VAG11_ZayD7__EN,https://www.youtube.com/watch?v=fu17MhCyBvI,,,2026-02-25T22:34:20.198Z,60.0,0.949,0.949
Before feeding kittens Vs after 😂 #kitten  #shorts  #funny,https://www.youtube.com/watch?v=Ti_H9YQQP2E,Meow Show,https://www.youtube.com/channel/UCMMXPs8dAqYcIUn5srO-Svw,2026-02-25T22:34:02.600Z,16.0,17.598,16.0
brain teaser brain game #riddle,https://www.youtube.com/watch?v=dJjT9tG5VVc,i draw,https://www.youtube.com/channel/UCbtcACQJo-TaojHVF0d3y_A,2026-02-25T22:34:01.667Z,,0.933,0.933
The coolest spot ever! 🏝️,https://www.youtube.com/watch?v=VBC0fWl3Tog,Sendy Benji,https://www.youtube.com/channel/UCC69jY4h_sU7phC9yFrM0QA,2026-02-25T22:34:00.236Z,60.0,1.431,1.431
Pro Dunker Tris Volleyball,https://www.youtube.com/watch?v=5TSPlv1gSmk,Jordan Kilganon,https://www.youtube.com/channel/UCBLCKd6MgJQ4jfMVl-U76nQ,2026-02-25T22:33:59.408Z,61.0,0.828,0.828
Most People Punch Wrong 🥊,https://www.youtube.com/watch?v=3NkYtatNkko,Best Boxing Ever,https://www.youtube.com/channel/UCQZMa7PrAGdnL9rsmN27OCw,2026-02-25T22:33:57.012Z,13.0,2.396,2.396
Pouring BOILING Water Onto Ice! 🧊,https://www.youtube.com/watch?v=gQNxWn98WDg,InterestingAF,https://www.youtube.com/channel/UCQPvkI3Z8dpihQwPkhnFMDQ,2026-02-25T22:33:53.522Z,9.0,3.49,3.49
Crush4964_ym_30+_EN.mp4,https://www.youtube.com/watch?v=8PXHp4PHLkM,,,2026-02-25T22:33:51.195Z,60.0,2.327,2.327
TEAM WORK,https://www.youtube.com/watch?v=8zhaBSZQlH0,OG 2000,https://www.youtube.com/channel/UCIj5F8GkjxiEAknB9lw1b8A,2026-02-25T22:33:49.904Z,14.0,1.291,1.291
Smells like teen spirit . I am not disabled . For demonstration only #smellsliketeenspirit #nirvana,https://www.youtube.com/watch?v=8vFO7s02oY0,Eric Coquin,https://www.youtube.com/channel/UCHy6fGu-_GHR2Bs2RShssIA,2026-02-25T22:33:48.407Z,19.0,1.497,1.497
This Tuna Tastes Like Steak,https://www.youtube.com/watch?v=tQWg27P9zM4,Max the Meat Guy,https://www.youtube.com/channel/UC_pT_Iz6XjuM-eMTlXghdfw,2026-02-25T22:33:47.156Z,40.0,1.251,1.251
Why This Frozen Lake Falls Apart,https://www.youtube.com/watch?v=xm_e762x1QM,AnalogEcho,https://www.youtube.com/channel/UCi1KRIAosfsxPYdllqxtakA,2026-02-25T22:33:45.957Z,6.0,1.199,1.199
RAD AliceChesire 30sec Text V230841 30 1080x1920 S13426 AndroidiOSPC English&IMG=4Y49,https://www.youtube.com/watch?v=UcwR6OZFVuc,,,2026-02-25T22:33:44.707Z,30.0,1.25,1.25
The cat bites a woman then sorry kiss 🥹,https://www.youtube.com/watch?v=YnzFMaLsATI,So Adorable,https://www.youtube.com/channel/UCpTjYeN5RVJJ9ug6Y8j0bnw,2026-02-25T22:33:16.203Z,13.0,28.504,13.0
Handball Target Challenge 🎯,https://www.youtube.com/watch?v=kdeQ8-8Hjm8,Red Bull,https://www.youtube.com/channel/UCblfuW_4rakIf2h6aqANefA,2026-02-25T22:32:43.743Z,32.0,32.46,32.0
How ichigo be after every fight,https://www.youtube.com/watch?v=wukRpS1-Aps,Tony Statovci,https://www.youtube.com/channel/UCmzUN9l2gjbHiPDmW7brIAA,2026-02-25T22:22:27.139Z,34.0,616.604,34.0
Cero Metralleta,https://www.youtube.com/watch?v=pNB9i6sonoU,Bleach Central 46,https://www.youtube.com/channel/UCUgdt8lhtwXc1psSSbF245Q,2026-02-25T22:21:20.395Z,37.0,66.744,37.0
Aura farming even after getting sealed 😭🙏 | Gojo Saturo Edit | LOUCURA LETAL (Slowed) · Nakama,https://www.youtube.com/watch?v=jLr6A9S3Cqk,YASTATIC,https://www.youtube.com/channel/UCsJ3osN8uLXI65ZGx6BiUGg,2026-02-25T22:20:55.443Z,56.0,24.952,24.952
The Tool That Creates a Perfect Y Weave Pattern ⚒️ #shorts,https://www.youtube.com/watch?v=IJJIgwI-mT8,Invention,https://www.youtube.com/channel/UC320FcTMURBRJCW9BVxNP5w,2026-02-25T22:20:46.774Z,9.0,8.669,8.669
This Machine Eats Students’ Leftover Food 🤯,https://www.youtube.com/watch?v=XGCblu36Tbw,Shivamic,https://www.youtube.com/channel/UCsM_KdDhOyXUvPyCVsoQhrg,2026-02-25T22:02:42.709Z,22.0,1084.065,22.0
Allstate Check First Wave,https://www.youtube.com/watch?v=Og6MZ597k18,,,2026-02-25T22:02:41.459Z,16.0,1.25,1.25
Amateur Follows Pro Skier...,https://www.youtube.com/watch?v=NZp7W8XrjMk,steepsteep,https://www.youtube.com/channel/UCP7J1l9OQLgtmHNsMT8zHVQ,2026-02-25T22:02:13.421Z,21.0,28.038,21.0
Your Favorite Pro’s Favorite Pro,https://www.youtube.com/watch?v=7CGKH73VW40,OpTic Gaming,https://www.youtube.com/channel/UCVhkzoReyB25jpFEeXjh3kQ,2026-02-25T22:01:43.627Z,28.0,29.794,28.0
#volleyball #volleyballworld #sports #volley #volleyballplayer,https://www.youtube.com/watch?v=96h4VjGQD1k,Vc gorda,https://www.youtube.com/channel/UCIa68nnFYn5-BJSrmB26voQ,2026-02-25T22:01:21.298Z,30.0,22.329,22.329
"Shotzzy EXPOSES ""Useless"" Cloud9, OpTic SLAM Paris 😨",https://www.youtube.com/watch?v=GB1M8KXYPrc,TacticalRab,https://www.youtube.com/channel/UCvAD3EQC4-_oEIThqMhWOAQ,2026-02-25T21:10:54.490Z,955.0,3026.808,955.0
Lebron James Throws Luka Doncic Under The Bus After The Lakers Choke Away A Thriller At Home,https://www.youtube.com/watch?v=c7kfPl4QEsg,DREAMERSPRO,https://www.youtube.com/channel/UCGun0enIN7p0ZfqzKqPvD5w,2026-02-25T21:01:15.163Z,402.0,579.327,402.0
Luka FROZE AGAIN 😳 #shorts,https://www.youtube.com/watch?v=H1TIBA_NIeg,Locoprezident,https://www.youtube.com/channel/UCNU_Ye0DSF3ShwFw1pXln_A,2026-02-25T20:49:25.742Z,31.0,709.421,31.0
Rhino Kisses Baddie on Netflix Dating Show,https://www.youtube.com/watch?v=-J0LYZ7O4qY,Strawberry Park,https://www.youtube.com/channel/UCyLLL4Al34gr3XH2_h4db5g,2026-02-25T19:34:22.921Z,4229.0,4502.821,4229.0
When you buy every single ticket on the plane ✈️😱  -  🎥 phil.stringer,https://www.youtube.com/watch?v=5okZ08vWL00,UNILAD,https://www.youtube.com/channel/UCnQWRzqPuCpOw0aJ4HwQjIQ,2026-02-25T18:07:22.031Z,58.0,5220.89,58.0
Shotzzy Says It's Pointless to Scrim C9 👀 - Best CDL Clips of the Day #23,https://www.youtube.com/watch?v=N_ng42wEOJE,Call Of Duty League Clips,https://www.youtube.com/channel/UCxcskWm8ZSQdyCLUXx8QuVA,2026-02-25T18:06:25.172Z,1035.0,56.859,56.859
POV: Your ferret thinks everything in the store belongs to them 😆🐾 #ferret #adorably #ferrets,https://www.youtube.com/watch?v=yI8AfikgZdk,Anjela Fereet,https://www.youtube.com/channel/UCbGIzQ_XHyPZTONewP8hEKQ,2026-02-25T18:06:19.838Z,,5.334,5.334
How young Gojo sensed Toji even though he had no cursed energy!,https://www.youtube.com/watch?v=SDRJ6xkyZi4,Og Senpai ,https://www.youtube.com/channel/UCvvAbU5cuX0rfTiJu5_ZahA,2026-02-25T18:05:19.983Z,57.0,59.855,57.0
Coach was just like every other fan 🙌,https://www.youtube.com/watch?v=McTl066rQww,NBC Sports,https://www.youtube.com/channel/UCqZQlzSHbVJrwrn5XvzrzcA,2026-02-25T18:04:31.561Z,104.0,48.422,48.422
Alysa Liu almost missed her cue 😂 @NBCSports @YouTube #olympics #olympic #sports #d1 #figureskating,https://www.youtube.com/watch?v=RQVvdorsjsw,Ian Gunther,https://www.youtube.com/channel/UCU0dlKN6R16DL5KKWq62wNA,2026-02-25T18:01:10.823Z,16.0,200.738,16.0
LEBRON COMMITS 5 TURNOVERS AND LUKA IS BRICK CITY IN LOSS TO MAGIC! #2raw4tv,https://www.youtube.com/watch?v=f1E2yF1w76o,DARTH APOCALYPSE ,https://www.youtube.com/channel/UCGjWHhmHID3MEyXTE9JHTBg,2026-02-25T17:58:30.806Z,777.0,160.017,160.017
FormaL Reacts to Gentle Mates Rage Quitting Scrims Against OpTic! 😱 (8-0),https://www.youtube.com/watch?v=8KXaseXYUEY,CDL Headquarters,https://www.youtube.com/channel/UCAwJYDzB5AYVhDG7WXRe5sg,2026-02-25T17:57:27.661Z,1766.0,63.145,63.145
"""But still choose kindness""",https://www.youtube.com/watch?v=KhTRlMMFLSU,Theat,https://www.youtube.com/channel/UCGUe9xm-m_wJosAkpKAe-YA,2026-02-25T17:51:08.142Z,10.0,379.519,10.0
Does he even know he exists?,https://www.youtube.com/watch?v=8dd7irCAzTQ,Catzhub,https://www.youtube.com/channel/UCegfdq_piZGMYhpcJR56CZA,2026-02-25T17:50:30.101Z,8.0,38.041,8.0
@Black_venom-o5k #like #subscribe,https://www.youtube.com/watch?v=OoHFybD8c8A,#Black_Venom_FF#,https://www.youtube.com/channel/UCwFEUXPZyD-KZK45fm7YNOg,2026-02-25T17:50:16.600Z,11.0,13.501,11.0
Rubber bands vs Sundrop,https://www.youtube.com/watch?v=REHa9wao9ZI,CooL125,https://www.youtube.com/channel/UCiX_0o6wsr4hgUAN-dayZDA,2026-02-25T17:50:11.375Z,4796.0,5.225,5.225
Not trynna hear all that😒😂#fyp #warzone #warzonememes #gamingmemes #melfranchisegaming,https://www.youtube.com/watch?v=XWuIFFlzzOs,Mel Franchise Gaming,https://www.youtube.com/channel/UCnkWD7j8JaRmtRAA1CXdhcA,2026-02-25T17:50:07.739Z,7.0,3.636,3.636
First day on a rotation,https://www.youtube.com/watch?v=iexHXJhfGEM,Alimentary School,https://www.youtube.com/channel/UCO4u-yLVoGEOQy0KYZgNw1Q,2026-02-25T17:50:03.975Z,62.0,3.764,3.764
The Tenth Cycle of Humanity,https://www.youtube.com/watch?v=TeeF_Hm9wK4,,,2026-02-25T17:50:02.981Z,57.0,0.994,0.994
I was pet sitting my friends turtle and my cat wasn't very happy about it... 🤣 (🎥: ViralHog),https://www.youtube.com/watch?v=wN9zrXT3MR8,LADbible Shorts,https://www.youtube.com/channel/UCflpy-GNxlahbdRdN5CRUsA,2026-02-25T17:49:52.534Z,11.0,10.447,10.447
Throwback to when @luizfrancis.co blew all our minds 🤯,https://www.youtube.com/watch?v=dOIPcOUb6wY,Let's Skate Dude!,https://www.youtube.com/channel/UCuVh9YhAzPbdpP2dGKSxc9A,2026-02-25T17:49:18.945Z,30.0,33.589,30.0
Playing a game to decide who pays for dinner #familyfun #justforlaughs #tiktokfilter,https://www.youtube.com/watch?v=nLQtvxtwcxw,Michelle Tiang,https://www.youtube.com/channel/UCJe94S1WpjODuBS9hlJjtbg,2026-02-25T17:49:16.257Z,31.0,2.688,2.688
Why Your Double Bass Feels Broken at Slow Tempos #drums #bassdrum #technique,https://www.youtube.com/watch?v=677dEoVCNrI,Cameron Fleury,https://www.youtube.com/channel/UCr-1CyQdtGwR_GZLgUGx_cw,2026-02-25T17:49:06.390Z,49.0,9.867,9.867
This is HOW to FIND WATER in the forest 💧 #camp #outdoors #camping,https://www.youtube.com/watch?v=R9x_7F6gc7g,Wildstay,https://www.youtube.com/channel/UCQd1RlEssBwJYNZFf42Lk-Q,2026-02-25T17:48:33.944Z,32.0,32.446,32.0
svod_uac|UA|JK|S2|Moment|9x16|15s|en|dub|ep45-v3-watchdub,https://www.youtube.com/watch?v=q5usbDHt0s4,,,2026-02-25T17:48:28.497Z,16.0,5.447,5.447
I thought cats HATE the snow…,https://www.youtube.com/watch?v=IESyjy6Z8mw,Christian Digilio,https://www.youtube.com/channel/UC3wdeB-0GYWiZk2b-1fd-hA,2026-02-25T17:48:23.085Z,41.0,5.412,5.412
When you have both a cat and a dog 🐶🐱🤣#dog #funny #dogsoftiktok #cat #cats,https://www.youtube.com/watch?v=RGtFV6fmoqc,Funny moments with pets,https://www.youtube.com/channel/UC90-aZKAzt3rcOVQWNpIrrA,2026-02-25T17:47:20.837Z,60.0,62.248,60.0
A Stray Cat Walked Into Our Sales Office with Her Kittens Like She Owned the Place,https://www.youtube.com/watch?v=80-C0HwsOFE,HuiHui,https://www.youtube.com/channel/UCZZoE2cNDlO-7d3_Vp6db4g,2026-02-25T17:43:01.570Z,505.0,259.267,259.267
Reality Transurfing - Chapter 1-6 Audio - No Background Music.,https://www.youtube.com/watch?v=UIuwU3SDWz0,Better You Audio,https://www.youtube.com/channel/UCum-9oHIBoTA5IE215CBWlw,2026-02-25T09:51:46.387Z,26321.0,28275.183,26321.0
Luka Doncic BLAMES LEBRON after passing up game winning shot - Post Game Interview - Magic vs Lakers,https://www.youtube.com/watch?v=BizZjB3RHKY,DangerousAI,https://www.youtube.com/channel/UClpYaV73nQDaJf-Vx3CYqVA,2026-02-25T08:37:53.691Z,,4432.696,4432.696
OpTic vs Gentle Mates SCRIMS… This Got UGLY 😳,https://www.youtube.com/watch?v=mS1la1eY1SA,CDL & HALO HQ,https://www.youtube.com/channel/UCmmSXRylbjnSjuVR8szuSBg,2026-02-25T08:37:12.012Z,3122.0,41.679,41.679
Lakers Give Away Game To Magic,https://www.youtube.com/watch?v=wCLxdgfO7kc,Lakers Nation,https://www.youtube.com/channel/UCbNWe0snu7U9H2qioNH2nvg,2026-02-25T06:35:00.242Z,7002.0,7331.77,7002.0
Domino’s Best Deal Ever - How Do You Say “$9.99” In Basketball?,https://www.youtube.com/watch?v=VQMOLs-VRIc,,,2026-02-25T06:34:53.567Z,16.0,6.675,6.675
MAGIC SURVIVE LAKERS IN THRILLER 🔥,https://www.youtube.com/watch?v=XkY7S4ox3jo,Bleacher Report,https://www.youtube.com/channel/UC9-OpMMVoNP5o10_Iyq7Ndw,2026-02-25T06:34:00.996Z,45.0,52.571,45.0
Mama Bear Mode Cat Edition,https://www.youtube.com/watch?v=Lnqceq4nmu4,Jeanclaude Mcbrayer,https://www.youtube.com/channel/UCtzJb-CAgjXWEf4Ya94MuCg,2026-02-25T06:19:48.333Z,56.0,852.663,56.0
Ant different in the playoffs🥀#shorts,https://www.youtube.com/watch?v=JfUpKDzKH9A,Basket Play,https://www.youtube.com/channel/UCZOcOR4dbUYzReAlDJH3Saw,2026-02-25T06:19:39.309Z,28.0,9.024,9.024
Ranking Tuff NBA edits,https://www.youtube.com/watch?v=sRY6DFCY5Eg,NBA26K35,https://www.youtube.com/channel/UCaZT6fhxxJv9VzBSoX-hP6Q,2026-02-25T06:18:13.711Z,59.0,85.598,59.0
BLEACH | SPECIAL MUSIC VIDEO of Anime OP Song,https://www.youtube.com/watch?v=eW_0WA3E4dE,MANGA Plus by SHUEISHA,https://www.youtube.com/channel/UCvmV8bUB9ZAwHEo5_p2WXoA,2026-02-25T06:16:34.916Z,139.0,98.795,98.795
Orlando Magic vs Los Angeles Lakers | Live Play-By-Play & Reactions,https://www.youtube.com/watch?v=gBWVJBqDg-M,The Sports Fury,https://www.youtube.com/channel/UCiF5HFwipoXlNahMHMEII_g,2026-02-25T06:16:02.700Z,9504.0,32.216,32.216
Vanished (MGM+ 2026 Series) Post-Premiere 15 16x9,https://www.youtube.com/watch?v=EllakcARw6c,,,2026-02-25T06:15:56.196Z,16.0,6.504,6.504
GOTZR476_EN_FZT2-EN-Michael拟玩以战养战无开头_1080x1920,https://www.youtube.com/watch?v=2IVvhZ4AOlA,,,2026-02-25T06:15:52.066Z,73.0,4.13,4.13
INSANE ENDING to Los Angeles Lakers vs Orlando Magic,https://www.youtube.com/watch?v=rukyDBwi1JA,Chaz NBA,https://www.youtube.com/channel/UChgDp_uE5PVqnpdV05xKOOA,2026-02-25T06:14:12.153Z,192.0,99.913,99.913
LAKERS VS MAGIC‼️LUKA DONCIC TOUGH BUCKET LIKE FOR PART 2🔥#lakers #lukadoncic #orlandomagic #carlg3,https://www.youtube.com/watch?v=JaulGvzMvow,CarlG3,https://www.youtube.com/channel/UCH-AbaLLkthd-pmVF-q7I3w,2026-02-25T06:13:41.787Z,40.0,30.366,30.366
MAGIC STUN THE LAKERS!!! MY REACTION TO MAGIC VS LAKERS GAME #shorts,https://www.youtube.com/watch?v=1T9sFyrdM7Y,KingJon,https://www.youtube.com/channel/UCF65tllPavctNqr1QMAHwJg,2026-02-25T06:13:06.375Z,28.0,35.412,28.0
Lakers vs Magic Live Reaction!,https://www.youtube.com/watch?v=Z7Y7zizFttE,93 Zay,https://www.youtube.com/channel/UCE0Jh2QpBHPkD6g9EZ4Yb-w,2026-02-25T06:12:20.103Z,9526.0,46.272,46.272
svod_uac|UA|JK|S2|Moment|16x9|15s|en|dub|ep45-v3-watchdub,https://www.youtube.com/watch?v=18JejoITvLg,,,2026-02-25T06:12:10.975Z,15.0,9.128,9.128
Square: FPYF Place Alerts 06s ES,https://www.youtube.com/watch?v=wWBnEBCI8H0,,,2026-02-25T06:12:04.506Z,7.0,6.469,6.469
I’m about to get in major trouble for this.. 👀,https://www.youtube.com/watch?v=vBi9n2M0tnk,Zach Van Harris JR,https://www.youtube.com/channel/UCMbb54rtty5bxvWydwbTq2A,2026-02-25T05:33:58.076Z,898.0,2286.43,898.0
CHALLENGERS ROSTERMANIA 🔥,https://www.youtube.com/watch?v=D_s6xp-WCKY,Jake Maverik 🚀,https://www.youtube.com/channel/UCUn3HWoBcmBUUOeVGy2K9SA,2026-02-25T05:27:51.897Z,64.0,366.179,64.0
Nadeshot calls Scrap 🤣,https://www.youtube.com/watch?v=ATDzax7aoHA,Scrap,https://www.youtube.com/channel/UCKEN_rgie09OgUs-1M6oevA,2026-02-25T02:19:57.839Z,40.0,11274.058,40.0
🔴OPTIC SCRIMS vs C9/GM8 | WATCH PARTY,https://www.youtube.com/watch?v=7GFmoCUpDfI,Jake Maverik 🚀,https://www.youtube.com/channel/UCUn3HWoBcmBUUOeVGy2K9SA,2026-02-25T02:13:29.538Z,18923.0,388.301,388.301
"Can Gaming Burn 1,000 Calories?",https://www.youtube.com/watch?v=NqioO-ymRtc,OpTic Gaming,https://www.youtube.com/channel/UCVhkzoReyB25jpFEeXjh3kQ,2026-02-24T22:25:11.964Z,857.0,13697.574,857.0
Brazilian 🇧🇷 baller in Portugal 🔥🇵🇹 #1v1 #football #brazil #portugal #skills #futebol #lisboa,https://www.youtube.com/watch?v=l9CmagJvV90,Top Baller,https://www.youtube.com/channel/UCHcPqfkHN6NbWIK64HCw-Lg,2026-02-24T22:24:46.448Z,21.0,25.516,21.0
Is this the Finals preview🥀 #shorts,https://www.youtube.com/watch?v=LBxoOD0L15Q,Fast Break Films,https://www.youtube.com/channel/UCLLyM78WZ4ggxPLnU1CMUlA,2026-02-24T22:24:04.754Z,44.0,41.694,41.694
Pool Out RV,https://www.youtube.com/watch?v=U0ZVYbIMFLY,,,2026-02-24T22:23:37.485Z,31.0,27.269,27.269
cid=bc534446910715deb3912c481065ab52,https://www.youtube.com/watch?v=5HtAPp3L3LU,,,2026-02-24T22:16:28.736Z,29.0,428.749,29.0
Gojo vs Toji Round 2 - Full Fight | Jujutsu Kaisen Season 2 Episode 4 | 4K 60FPS | Eng Sub,https://www.youtube.com/watch?v=4Jt78n_A7jM,Neobrane,https://www.youtube.com/channel/UCr9vTf21pxyLao1LBh6iUjA,2026-02-24T22:09:20.275Z,385.0,428.461,385.0
"- ""Toji Sees Gojo for the first time 😨☠"" -「Instagram EDIT」",https://www.youtube.com/watch?v=W3_JFp7Qhfo,vesthae,https://www.youtube.com/channel/UCHbDI-5b2y0itJO0pDseBNw,2026-02-24T22:07:41.795Z,14.0,98.48,14.0
Gojo vs Toji Fushiguro - Full Fight | 4K | 60FPS | English Sub | Jujutsu Kaisen Season 2 Episode 3,https://www.youtube.com/watch?v=T3in1O6FLf8,Anicrad,https://www.youtube.com/channel/UCY7Ku9z2i8gxyxQj-cMUuHQ,2026-02-24T22:07:18.968Z,271.0,22.827,22.827
THE GREAT PRETENDER J.J. REDNECK LOSES HIS 40TH CAREER GAME BY DOUBLE DIGITS VS. CELTICS! #2raw4tv,https://www.youtube.com/watch?v=49So_079R90,DARTH APOCALYPSE ,https://www.youtube.com/channel/UCGjWHhmHID3MEyXTE9JHTBg,2026-02-24T22:04:39.412Z,888.0,159.556,159.556
Secret Clinical Skinification Nurses Rant third card ENG 15 OLV 16x9 PGSC4444000H Sep25,https://www.youtube.com/watch?v=aREbHZfDoN4,,,2026-02-24T22:03:55.225Z,16.0,44.187,16.0
DID WE JUST MAKE PROGRESS? 😭🎊❤️ #spicycat #fostercat #cat,https://www.youtube.com/watch?v=DzV6x0pt6Qo,Kayla Lyman,https://www.youtube.com/channel/UCWRE-S0-YD4Iy7tPFSuVp5A,2026-02-24T22:01:08.524Z,130.0,166.701,130.0
This DayZ Server Is Popping Off! (and Sons of The Forest),https://www.youtube.com/watch?v=zit-84NZfyo,Fresh Spawns,https://www.youtube.com/channel/UCwVJr6R-2Hbezs5Ur4zmcLw,2026-02-24T22:01:03.211Z,37029.0,5.313,5.313
svod_uac_UA JK S1 Moment 16x9 15s en dub chance streamnow,https://www.youtube.com/watch?v=eiwefIHqCI4,,,2026-02-24T21:59:27.968Z,16.0,95.243,16.0
Sideline Trash Talker Played Me 1v1🏀 #basketballtrashtalk #marthreenez #basketballchallenge,https://www.youtube.com/watch?v=0GPO1CcmyWQ,MarTHREEnez,https://www.youtube.com/channel/UCK1Mz5bROjcI_F_cp3wmVFg,2026-02-24T21:59:22.137Z,119.0,5.831,5.831
Anime de Japan - La Distancia Para Un Duelo (Bleach OST),https://www.youtube.com/watch?v=nGusAJYHcjo,AnimeDeJapanVEVO,https://www.youtube.com/channel/UC3R6wHoJWJE-Bb-Rcq3VjmQ,2026-02-24T21:53:36.103Z,179.0,346.034,179.0
Fiesta De Guerra.,https://www.youtube.com/watch?v=4v6dp2N3e8U,Shiro Sagisu - Topic,https://www.youtube.com/channel/UCX1eEXAVyXoPviRXoEgKipQ,2026-02-24T21:50:40.708Z,149.0,175.395,149.0
LA DISTANCIA PARA UN DUELO - BLEACH meets flamenco gipsy guitarist OST 3 GUITAR COVER,https://www.youtube.com/watch?v=v3hkdr1PbG0,LucasGitanoFamily,https://www.youtube.com/channel/UCpUAp8m92gecvW8EyV3fLCA,2026-02-24T21:46:05.275Z,270.0,275.433,270.0
Treachery,https://www.youtube.com/watch?v=0kYq-E8BJgU,Shiro Sagisu - Topic,https://www.youtube.com/channel/UCX1eEXAVyXoPviRXoEgKipQ,2026-02-24T21:42:35.804Z,203.0,209.471,203.0
CLAVAR LA ESPADA - BLEACH meets flamenco gipsy guitarist OST 3 GUITAR COVER,https://www.youtube.com/watch?v=WWc4HxnU5h4,LucasGitanoFamily,https://www.youtube.com/channel/UCpUAp8m92gecvW8EyV3fLCA,2026-02-24T21:38:28.124Z,242.0,247.68,242.0
『Treachery』(Bleach) meet LucasGitanoFamily【flamenco guitar cover】Aizen's Theme,https://www.youtube.com/watch?v=vhTfUx7WXvg,LucasGitanoFamily,https://www.youtube.com/channel/UCpUAp8m92gecvW8EyV3fLCA,2026-02-24T21:32:30.674Z,352.0,357.45,352.0
GERUDO VALLEY - ZELDA OCARINA OF TIME meet flamenco gipsy guitarist GAME GUITAR COVER FINGERSTYLE,https://www.youtube.com/watch?v=CPUKGFVrQvE,LucasGitanoFamily,https://www.youtube.com/channel/UCpUAp8m92gecvW8EyV3fLCA,2026-02-24T21:25:58.034Z,387.0,392.64,387.0
Bleach TYBW: Treachery『 Aizen's Main Theme 』- EPIC VERSION (feat. Sophie Anne),https://www.youtube.com/watch?v=XKKvgrMADPw,Paul Drew Music,https://www.youtube.com/channel/UCQv9gW85XDv4NB64-gOZdsw,2026-02-24T21:21:20.142Z,232.0,277.892,232.0
LA DISTANCIA,https://www.youtube.com/watch?v=VZZTNtXEqp4,Eternal Raijin,https://www.youtube.com/channel/UCC9GMoZSquz4vgSqGyK4iPA,2026-02-24T20:55:36.307Z,200.0,1543.835,200.0
(Bleach) La Distancia Para Un Duelo [Extended] (Drill Remix),https://www.youtube.com/watch?v=FTDcZpuBArk,Masshō Beats,https://www.youtube.com/channel/UCcpNEZ3vUSaI8McU0UUW83A,2026-02-24T20:54:05.812Z,259.0,90.495,90.495
Treachery  - Sosuke Aizen's Theme (Bleach OST Extended),https://www.youtube.com/watch?v=bWAVOlfUpx4,CHRISTO,https://www.youtube.com/channel/UCnbnxEhApz-JVOL6R3fQ8nQ,2026-02-24T20:47:57.580Z,357.0,368.232,357.0
Treachery  -「Treacherously」| Aizen vs Yhwach | ＜Bleach TYBW＞,https://www.youtube.com/watch?v=DCt0GgnqK8M,Hamon Music,https://www.youtube.com/channel/UC_LHDJXdyBvoNKppA4Cr_1g,2026-02-24T20:47:40.789Z,247.0,16.791,16.791
Clavar La Espada,https://www.youtube.com/watch?v=Z9Onb_z0XPI,Shiro Sagisu - Topic,https://www.youtube.com/channel/UCX1eEXAVyXoPviRXoEgKipQ,2026-02-24T20:43:16.099Z,220.0,264.69,220.0
Nube Negra,https://www.youtube.com/watch?v=MBJcmVQC2WI,Shiro Sagisu - Topic,https://www.youtube.com/channel/UCX1eEXAVyXoPviRXoEgKipQ,2026-02-24T20:41:39.973Z,116.0,96.126,96.126
Principio De Lucha,https://www.youtube.com/watch?v=omjLsvD5kwQ,Shiro Sagisu - Topic,https://www.youtube.com/channel/UCX1eEXAVyXoPviRXoEgKipQ,2026-02-24T20:39:03.801Z,150.0,156.172,150.0
BIG TIME WIN 😤🔥 #nba #spurs,https://www.youtube.com/watch?v=mOcDrc0xObE,San Antonio Spurs,https://www.youtube.com/channel/UCEZHE-0CoHqeL1LGFa2EmQw,2026-02-24T20:10:45.700Z,33.0,1698.101,33.0
N3on was SHOCKED that JAYCINCO and Lala baptiste have the FIRST ever frame Tv😳👀 #fyp #n3on,https://www.youtube.com/watch?v=IPtHiRlMu8c,Im Yayo,https://www.youtube.com/channel/UC26FV-D5EiXowqsDP6MFhCg,2026-02-24T17:45:04.136Z,14.0,8741.564,14.0
Why Do They Sweep the Ice in Curling?,https://www.youtube.com/watch?v=-aC4R5-I-5g,vt.physics,https://www.youtube.com/channel/UCuO1xKv8PwUCdQ1b3eY1TrA,2026-02-24T17:44:03.160Z,39.0,60.976,39.0
DBS 15 Power Punch 9x16,https://www.youtube.com/watch?v=pbpdgaztXw4,,,2026-02-24T17:44:01.865Z,16.0,1.295,1.295
"That looked like you came up with it on the spot, but was still beautiful",https://www.youtube.com/watch?v=y4Sb2_E_v90,VelcrumMMA,https://www.youtube.com/channel/UCV7qdEejziNE6M71RXOP8AA,2026-02-24T17:43:50.567Z,11.0,11.298,11.0
Who is the true criminal?🕵️‍♀️ #shorts #cat #funny,https://www.youtube.com/watch?v=EsH725N1h4c,링고다냥,https://www.youtube.com/channel/UCO-s9MFWm8ghwrcYIMAjDSw,2026-02-24T17:43:46.095Z,26.0,4.472,4.472
cid=5ee15c82dc806c2c11b468044c8e1213,https://www.youtube.com/watch?v=9dRqUHSWxBs,,,2026-02-24T17:43:42.871Z,13.0,3.224,3.224
Bro got enough 🤣 #shorts,https://www.youtube.com/watch?v=nNwRGmLAiS0,Erik Shorts,https://www.youtube.com/channel/UCTizXnuQ_H3Jnz60w7CkNbg,2026-02-24T17:43:41.970Z,21.0,0.901,0.901
Olympian tries rental skates 😂#olympics #olympic #figureskating #winterolympics #winterolympics2026,https://www.youtube.com/watch?v=amy7lx2vYdY,Ian Gunther,https://www.youtube.com/channel/UCU0dlKN6R16DL5KKWq62wNA,2026-02-24T17:43:29.767Z,47.0,12.203,12.203
NJ-Q40dj-60s-720x1280-V-ZKT-ZYY.mp4,https://www.youtube.com/watch?v=3efswUHNYRs,,,2026-02-24T17:43:27.503Z,61.0,2.264,2.264
Turning John Dee’s hieroglyphic monad into a clay ACEO,https://www.youtube.com/watch?v=p9NGmT8UX9I,Fool's Journey Books,https://www.youtube.com/channel/UCqa40CWy5hjvUIM4_XOEIFQ,2026-02-24T17:43:26.122Z,150.0,1.381,1.381
Making a Blue Gem Spearhead #bushcraft #crystals #minecraft #diy,https://www.youtube.com/watch?v=zxpQcx4cxhc,Lava Blades ,https://www.youtube.com/channel/UCBn0pEwTkO-Loip6t0rYP9g,2026-02-24T17:43:19.609Z,80.0,6.513,6.513
GAGAPPQ-5068_v1_113s_en_1080x1920.mp4,https://www.youtube.com/watch?v=0FynG0Wq-wU,,,2026-02-24T17:43:18.504Z,114.0,1.105,1.105
They Made the Moai Walk #history #facts,https://www.youtube.com/watch?v=2X5wBcmBP1Q,Discoverly,https://www.youtube.com/channel/UCbQSbUMcXh0Hi0jA-uO5bkQ,2026-02-24T17:42:48.590Z,8.0,29.914,8.0
Did you know how powerful it is for a calm trained adult dog to provide corrections to puppies? #dog,https://www.youtube.com/watch?v=9Qup3gp3FSw,Pearl The Golden Girl & Liz,https://www.youtube.com/channel/UCq57eV7gWSGOwzmX8q8QM3Q,2026-02-24T17:42:27.281Z,21.0,21.309,21.0
GFB Fail Mayan V1 NoCopy 9x16,https://www.youtube.com/watch?v=MudTNYlTiIc,,,2026-02-24T17:42:26.266Z,28.0,1.015,1.015
What A Comeback 👏,https://www.youtube.com/watch?v=YndR9mc86lg,Red Bull,https://www.youtube.com/channel/UCblfuW_4rakIf2h6aqANefA,2026-02-24T17:40:53.468Z,86.0,92.798,86.0
That Was NOT Necessary,https://www.youtube.com/watch?v=0P-CoHvedrc,Lost Guy,https://www.youtube.com/channel/UCBDDHDsLm-ELEhgnGDav5Dw,2026-02-24T17:40:13.422Z,,40.046,40.046
ST video117- 720×1280,https://www.youtube.com/watch?v=aWeKzYWH0P4,,,2026-02-24T17:40:12.099Z,47.0,1.323,1.323
Mail me your pants and I will sew this on for you!,https://www.youtube.com/watch?v=za2Ohmg5Pf4,Kornelija Newcomer,https://www.youtube.com/channel/UCX6WI1rAqbYar1lGZyjIoug,2026-02-24T17:39:58.181Z,20.0,13.918,13.918
My dad with the pet he didn't want 😅 (🎥: ViralHog),https://www.youtube.com/watch?v=urV3AIjsQaI,LADbible Shorts,https://www.youtube.com/channel/UCflpy-GNxlahbdRdN5CRUsA,2026-02-24T17:39:36.579Z,24.0,21.602,21.602
Writing subscribers name ✨ #live #foryou,https://www.youtube.com/watch?v=zC8dLnTrf7E,Calligraphy by Tazeen,https://www.youtube.com/channel/UCrX0YlkQ49cdB4iETgcYTig,2026-02-24T17:39:32.131Z,3645.0,4.448,4.448
Spurs vs pistons #spurs #pistons #nba #nbabasketball #victorwembanyama,https://www.youtube.com/watch?v=PTaSt5f5Bxw,2xbrysen ,https://www.youtube.com/channel/UCxl4rwCkXEFciZ7Y5CZTq1Q,2026-02-24T17:39:29.653Z,14.0,2.478,2.478
HiFi_Intro_H_04.mp4,https://www.youtube.com/watch?v=yyFYFPDTe3c,,,2026-02-24T17:39:28.391Z,63.0,1.262,1.262
"Would you risk $3,000 to do this #shorts #challenge #sanddune",https://www.youtube.com/watch?v=4-64EB9UhFg,Griff,https://www.youtube.com/channel/UC4-Sh-Wvx4HSPsWN-7sU6kA,2026-02-24T17:39:26.683Z,79.0,1.708,1.708
Real or Fake skate clip? 🤔,https://www.youtube.com/watch?v=JJvPQ_BjOQ8,Regular Jason,https://www.youtube.com/channel/UCvQ1SlGVAu2ks-rtixojasA,2026-02-24T17:39:05.286Z,47.0,21.397,21.397
AlienInvasion LJ5 59s 1080x1920  VLJ5 sZ4cU  safe,https://www.youtube.com/watch?v=pof81cWZocw,,,2026-02-24T17:38:38.762Z,60.0,26.524,26.524
When checking weight turns into a cute moment🦥🤣🐾 #shorts,https://www.youtube.com/watch?v=Oo1G-VADpDw,Pretty Romantic,https://www.youtube.com/channel/UCrvdMsIjkBv5VPUMZjSojaA,2026-02-24T17:38:37.881Z,25.0,0.881,0.881
How To Stop Nosey Neighbours #diy #howto #homeimprovement,https://www.youtube.com/watch?v=3bR0t9IlDWg,Home Improvements & Horsepower ,https://www.youtube.com/channel/UClGZclLbRNauwEcdcwAIkuQ,2026-02-24T17:38:36.149Z,15.0,1.732,1.732
BTAllStar EN 7in1 v693 56s 9 16,https://www.youtube.com/watch?v=s_m7y5lGY4I,,,2026-02-24T17:38:35.071Z,57.0,1.078,1.078
How These Energy Saving Stairs Work 😮,https://www.youtube.com/watch?v=F4s828fAnQw,Zack D. Films,https://www.youtube.com/channel/UCvz84_Q0BbvZThy75mbd-Dg,2026-02-24T17:38:34.163Z,34.0,0.908,0.908
DEADPOOL caught off guard by HUMAN TORCH😭🙏🏻 #deadpool #chrisevans #gozalo #memes #captainamerica #4k,https://www.youtube.com/watch?v=zLaDxJoBZvI,Quirky Things,https://www.youtube.com/channel/UCtnh-7Nnv5w3aMpbYZfg7hQ,2026-02-24T17:38:02.672Z,35.0,31.491,31.491
KasperCSC TargetCollabBen Dude CSC 9 18 25 9x16,https://www.youtube.com/watch?v=yn0dTBjkMSs,,,2026-02-24T17:38:01.114Z,44.0,1.558,1.558
Shepheards leap pole is genius,https://www.youtube.com/watch?v=koyMBDE3Jn4,axium,https://www.youtube.com/channel/UC3hgAlEEDBD80FmeFvU4PIw,2026-02-24T17:37:29.669Z,18.0,31.445,18.0
He Takes His Deliveries Seriously 🔥😟,https://www.youtube.com/watch?v=fm9lDZqqMyM,Red Bull,https://www.youtube.com/channel/UCblfuW_4rakIf2h6aqANefA,2026-02-24T17:36:27.502Z,49.0,62.167,49.0
W1-C2-A7-H1-Muz01-Col_0-916,https://www.youtube.com/watch?v=4A7iWJqgiOc,,,2026-02-24T17:36:25.943Z,34.0,1.559,1.559
Now I Get Why Mice Are TERRIFIED of Cats,https://www.youtube.com/watch?v=3iRZzuolaSI,Lost Guy,https://www.youtube.com/channel/UCBDDHDsLm-ELEhgnGDav5Dw,2026-02-24T17:36:09.224Z,,16.719,16.719
using sand as a mousepad isn't as bad as you think,https://www.youtube.com/watch?v=qQ8TLmQ5krI,mryeester,https://www.youtube.com/channel/UCPvRdfUooqCf0zPOYvbBzVA,2026-02-24T17:35:12.604Z,55.0,56.62,55.0
Mr. Getoffmydickerson was wrong🥀 #shorts,https://www.youtube.com/watch?v=QClq0CwPwbk,Fast Break Films,https://www.youtube.com/channel/UCLLyM78WZ4ggxPLnU1CMUlA,2026-02-24T17:35:01.760Z,33.0,10.844,10.844
BREACH DROP CAMMY FOR SPART 🚨,https://www.youtube.com/watch?v=KnecMEb5y-E,Jake Maverik 🚀,https://www.youtube.com/channel/UCUn3HWoBcmBUUOeVGy2K9SA,2026-02-24T17:32:26.112Z,46.0,155.648,46.0
Shaq’s Mt. Rushmore of flair dunkers 👀,https://www.youtube.com/watch?v=ELTKtHSr6aQ,thekickclub,https://www.youtube.com/channel/UCSYrTQxtlx9Y6htj6YtuEKA,2026-02-24T17:31:11.957Z,62.0,74.155,62.0
Charles Barkley Calls Out KAT 😳,https://www.youtube.com/watch?v=hiI7u3TKzh4,Inspiredbyhoops,https://www.youtube.com/channel/UCNR93hKfKy493U3lw-djSug,2026-02-24T16:44:16.378Z,53.0,2815.579,53.0
How 5 Kittens Raised by a Husky Grew Up After One Year,https://www.youtube.com/watch?v=DMPWCyeLuX8,Toby&Candy Family,https://www.youtube.com/channel/UCexzh-53f8kVdIEOONKY8Uw,2026-02-24T16:41:20.164Z,859.0,176.214,176.214
Shortened: Q2 2023 Imagine – Knight MAI 15 16x9,https://www.youtube.com/watch?v=dfIuq2F37KQ,,,2026-02-24T16:41:12.700Z,8.0,7.464,7.464
"Librela DTC - Taffy, US :15",https://www.youtube.com/watch?v=qa-JreMeZYs,,,2026-02-24T16:40:57.527Z,16.0,15.173,15.173
Bleach OST - Treachery (Aizen's Theme),https://www.youtube.com/watch?v=XZYFHgF7OBQ,PianoDeuss,https://www.youtube.com/channel/UCgMvjHTX7jn4iIKNHjIUJiw,2026-02-24T11:07:44.993Z,192.0,19992.534,192.0
Jujutsu Kaisen ~ anime lofi hip hop chill mix (1 hour),https://www.youtube.com/watch?v=_l8IjuNFC2M,Mr Dark,https://www.youtube.com/channel/UCBdC86qORmjBKqIMcmAF9rQ,2026-02-24T09:29:40.364Z,4346.0,5884.629,4346.0
Nha Trang: The Miami of Vietnam,https://www.youtube.com/watch?v=EmOrKzNSLuQ,David Khai,https://www.youtube.com/channel/UCXDtHVw-kTFqiX87UsM2ZqA,2026-02-24T08:24:06.851Z,2204.0,3933.513,2204.0
Nobody Talks About This Place in Vietnam... Yet,https://www.youtube.com/watch?v=YDwJwmSaNgw,David Khai,https://www.youtube.com/channel/UCXDtHVw-kTFqiX87UsM2ZqA,2026-02-24T08:23:47.979Z,1566.0,18.872,18.872
THIS IS HOW WE LIVE IN DA NANG VIETNAM,https://www.youtube.com/watch?v=qFGuD_4XS9w,Hobo Ventures ,https://www.youtube.com/channel/UCmXq0ZRIyR3eX9OhTrNHisA,2026-02-24T08:14:48.080Z,889.0,539.899,539.899
Japan vs USA Epic Volleyball Battle Highlights,https://www.youtube.com/watch?v=1M18CGTBJVM,Epic Volleyball,https://www.youtube.com/channel/UCoVKRbpoZ_TaK8Dhc2r5btA,2026-02-24T08:12:25.986Z,602.0,142.094,142.094
*BEST* MW3 SETTING FOR RANKED PLAY,https://www.youtube.com/watch?v=ewzqbpgaGJY,Shotzzy,https://www.youtube.com/channel/UCmUPc8k5mKDG_496VyOhVBA,2026-02-24T08:10:24.985Z,56.0,121.001,56.0
The American cameramen did their homework on Le SSerafim,https://www.youtube.com/watch?v=7e3bDAROvb0,djmbangah,https://www.youtube.com/channel/UCFYQasjjCz4AJNQWfCYc6eg,2026-02-24T07:55:41.453Z,29.0,883.532,29.0
Curling Scandal: The NEW ANGLE of the Canadian Cheat 🇨🇦 #curling #scandal #canada,https://www.youtube.com/watch?v=z6nITlG8GC8,laughub laughub,https://www.youtube.com/channel/UCGE9wfo_1c_rnXIdW4S7Wyg,2026-02-24T07:53:53.160Z,,108.293,108.293
Clavar La Espada,https://www.youtube.com/watch?v=Z9Onb_z0XPI,Shiro Sagisu - Topic,https://www.youtube.com/channel/UCX1eEXAVyXoPviRXoEgKipQ,2026-02-24T07:51:08.967Z,220.0,164.193,164.193
Anime de Japan - La Distancia Para Un Duelo (Bleach OST),https://www.youtube.com/watch?v=nGusAJYHcjo,AnimeDeJapanVEVO,https://www.youtube.com/channel/UC3R6wHoJWJE-Bb-Rcq3VjmQ,2026-02-24T07:48:23.539Z,179.0,165.428,165.428
Fiesta De Guerra.,https://www.youtube.com/watch?v=4v6dp2N3e8U,Shiro Sagisu - Topic,https://www.youtube.com/channel/UCX1eEXAVyXoPviRXoEgKipQ,2026-02-24T07:45:29.512Z,149.0,174.027,149.0
Treachery,https://www.youtube.com/watch?v=0kYq-E8BJgU,Shiro Sagisu - Topic,https://www.youtube.com/channel/UCX1eEXAVyXoPviRXoEgKipQ,2026-02-24T07:40:23.461Z,203.0,306.051,203.0
Nobody Talks About This Place in Vietnam... Yet,https://www.youtube.com/watch?v=YDwJwmSaNgw,David Khai,https://www.youtube.com/channel/UCXDtHVw-kTFqiX87UsM2ZqA,2026-02-24T06:15:10.951Z,1566.0,5112.51,1566.0
Ranked play is going well...,https://www.youtube.com/watch?v=gXaGBqUq7Ig,Scrap,https://www.youtube.com/channel/UCKEN_rgie09OgUs-1M6oevA,2026-02-24T05:18:27.041Z,25.0,3403.91,25.0
The Burnt Peanut’s Real Face Was Just Exposed…,https://www.youtube.com/watch?v=KWtVjCAp8GY,Brandon Conner,https://www.youtube.com/channel/UC6mboRNUSgSjumTsQoRwsVQ,2026-02-24T03:49:52.006Z,37.0,5315.035,37.0
"Why North East Indians Look ""Korean""?",https://www.youtube.com/watch?v=C0c584NVVgI,RandomStory,https://www.youtube.com/channel/UCi40s1eHN4Vjeoi__QbtHTw,2026-02-24T02:27:25.470Z,50.0,4946.536,50.0
Roo after dark always kills me 😂 #spicycat #cat,https://www.youtube.com/watch?v=bBw7ayFyRoU,Kayla Lyman,https://www.youtube.com/channel/UCWRE-S0-YD4Iy7tPFSuVp5A,2026-02-24T02:24:33.769Z,153.0,171.701,153.0
Canada Women’s Curling Team Caught Cheating at the Olympics! #Curling #Scandal #RachelHoman #Canada,https://www.youtube.com/watch?v=UJ-IE6Cz474,laughub laughub,https://www.youtube.com/channel/UCGE9wfo_1c_rnXIdW4S7Wyg,2026-02-24T02:23:47.134Z,,46.635,46.635
San Antonio Spurs vs Detroit Pistons | Live Play-By-Play & Reactions,https://www.youtube.com/watch?v=N6j4H2qjTWU,The Sports Fury,https://www.youtube.com/channel/UCiF5HFwipoXlNahMHMEII_g,2026-02-24T02:18:42.461Z,12800.0,304.673,304.673
Dashy EXPOSES CDL Bias: Facility Teams COOKED?! 😩🍑,https://www.youtube.com/watch?v=2p1C4Lzy3wQ,TacticalRab,https://www.youtube.com/channel/UCvAD3EQC4-_oEIThqMhWOAQ,2026-02-24T02:09:26.535Z,901.0,555.926,555.926
iFixit: The Industry Leader in Precision Tools,https://www.youtube.com/watch?v=Riz2Kvd2kdg,,,2026-02-24T01:36:48.034Z,29.0,1958.501,29.0
Straight from the source only 🌱,https://www.youtube.com/watch?v=_zUC9nWNy04,Jaylen Brown,https://www.youtube.com/channel/UCelmZalfinXZQP7dXw0ZauQ,2026-02-24T01:36:35.092Z,48.0,12.942,12.942
Comment yours below !,https://www.youtube.com/watch?v=owUVfGn7oyo,Jaylen Brown,https://www.youtube.com/channel/UCelmZalfinXZQP7dXw0ZauQ,2026-02-24T01:36:32.910Z,44.0,2.182,2.182
“There is great evil in the world don’t be naïve to it” #jaylenbrown,https://www.youtube.com/watch?v=F95N3GYRNUs,Jaylen Brown,https://www.youtube.com/channel/UCelmZalfinXZQP7dXw0ZauQ,2026-02-24T01:34:17.123Z,138.0,135.787,135.787
The Lakers Must Fire JJ Redick Now!,https://www.youtube.com/watch?v=5jzoyN0OtL0,DREAMERSPRO,https://www.youtube.com/channel/UCGun0enIN7p0ZfqzKqPvD5w,2026-02-24T01:33:44.292Z,504.0,32.831,32.831
Secret Clinical Stress Bar Baddie third card ENG 15 OLV 16x9 PGSC4443000H Sep25,https://www.youtube.com/watch?v=DAkBrMgKbnM,,,2026-02-24T01:33:38.055Z,16.0,6.237,6.237
Podzeimski led warriors is looking scary🥀 #shorts,https://www.youtube.com/watch?v=9oBuXu8fmvM,Fast Break Films,https://www.youtube.com/channel/UCLLyM78WZ4ggxPLnU1CMUlA,2026-02-24T01:31:07.639Z,28.0,150.416,28.0
LEBRON AND HIS MINIONS ARE HATING ON LUKA FROM WINNING THE MVP! #2raw4tv ,https://www.youtube.com/watch?v=JvZ7iL3EOko,DARTH APOCALYPSE ,https://www.youtube.com/channel/UCGjWHhmHID3MEyXTE9JHTBg,2026-02-24T01:26:43.063Z,624.0,264.576,264.576
CLS_GOT3D671_EN_FZT2峰回路转-沙漠迭代版_国王_1080x1920,https://www.youtube.com/watch?v=25y-FJQHvD4,,,2026-02-24T01:26:36.374Z,59.0,6.689,6.689
Scump's NEW Sleep Schedule,https://www.youtube.com/watch?v=ZYWPL8frsKk,OpTic Audio Network,https://www.youtube.com/channel/UCUv9pxNBIZLjYKrhaK_RqOw,2026-02-24T01:23:18.659Z,37.0,197.715,37.0
Scrap DRAMA with ZooMaa & OpTic: Scump RESPONDS 🚨😨,https://www.youtube.com/watch?v=K6_2EpxxR90,TacticalRab,https://www.youtube.com/channel/UCvAD3EQC4-_oEIThqMhWOAQ,2026-02-24T01:16:55.856Z,906.0,382.803,382.803
Lebron James Lost Another Milestone Game!,https://www.youtube.com/watch?v=9O0CUdA9tHc,93 Zay,https://www.youtube.com/channel/UCE0Jh2QpBHPkD6g9EZ4Yb-w,2026-02-24T01:02:00.812Z,589.0,895.044,589.0
Teen Driver Reports 0:06 9x16,https://www.youtube.com/watch?v=afBrS0_o-jA,,,2026-02-24T00:57:33.481Z,7.0,267.331,7.0
VoiceMemo Spanish 6s 16x9,https://www.youtube.com/watch?v=Uxt8k8F8QzQ,,,2026-02-24T00:57:27.269Z,7.0,6.212,6.212
People Are Upset At Pedro Pascal For Having A Boyfriend…,https://www.youtube.com/watch?v=y0298xtTQLQ,Brandon Conner,https://www.youtube.com/channel/UC6mboRNUSgSjumTsQoRwsVQ,2026-02-24T00:56:45.624Z,35.0,41.645,35.0
Day One Building The NEW Base + NEW Survival Game!,https://www.youtube.com/watch?v=XyZZoy1IwQw,Fresh Spawns,https://www.youtube.com/channel/UCwVJr6R-2Hbezs5Ur4zmcLw,2026-02-23T22:49:28.972Z,14305.0,7636.652,7636.652
🔴LAKERS SHOULD BE FACING A WRONGFUL TERMINATION LAWSUIT BY DARVIN HAM PLUS MORE!!,https://www.youtube.com/watch?v=JCM8Pmycy7c,TICKETtv LIVESTREAMS,https://www.youtube.com/channel/UCYpDuwvTs9bu9fpUcvspXtw,2026-02-23T22:49:18.799Z,1181.0,10.173,10.173
The 'Invisible' Wood Knot Repair 👍,https://www.youtube.com/watch?v=c87laYGlRf4,ToolerHacks,https://www.youtube.com/channel/UC_hMJFrP3VC1sn0KJY1RgPg,2026-02-23T20:29:42.659Z,33.0,8376.14,33.0
What is your status right now? 🤔🤫,https://www.youtube.com/watch?v=GxU4zw-_4Pw,First generation farmer ,https://www.youtube.com/channel/UCHi53OCY5N4yb7lOMQ4T-8A,2026-02-23T19:53:50.544Z,42896.0,2152.115,2152.115
"Every Make, We Shrink the Gap🤏 #shortsfeed #basketball",https://www.youtube.com/watch?v=08xEKtHyNnc,World of Wow,https://www.youtube.com/channel/UCfSMW5_Dvzk48cHpB-POA8w,2026-02-23T19:52:43.962Z,62.0,66.582,62.0
H5B3,https://www.youtube.com/watch?v=7CwkYCeAV_8,,,2026-02-23T19:52:42.793Z,19.0,1.169,1.169
Back when Ubisoft was peak,https://www.youtube.com/watch?v=sqyq8FdgjXs,Assassin's Creed Legends ,https://www.youtube.com/channel/UCiVmsHfpi-oC8ZYUOcg2WHg,2026-02-23T19:52:41.099Z,24.0,1.694,1.694
Did Blowing Game Cartridges Really Work 🤔,https://www.youtube.com/watch?v=WZF_XWDjVUo,Zack D. Films,https://www.youtube.com/channel/UCvz84_Q0BbvZThy75mbd-Dg,2026-02-23T19:51:50.988Z,44.0,50.111,44.0
PRIME-44347_Satisfying Fact - Blue Glass Bottle_1080x1920_37s_l52vtbw1id_l52vtbw1id.mp4,https://www.youtube.com/watch?v=YI_8nHFE4Q0,,,2026-02-23T19:51:50.146Z,38.0,0.842,0.842
Real bow or “fake” bow?,https://www.youtube.com/watch?v=wbuhhSA6rz4,blumineck,https://www.youtube.com/channel/UCoDfzMpmDq2hotStuDhZc7w,2026-02-23T19:51:49.361Z,78.0,0.785,0.785
Mid Price Bows Exist! Hoyt Enduro vs Mission Range  #archery #bowhunting #hunting  #deer,https://www.youtube.com/watch?v=wgh8ASk6dYU,The Archery Shepherd,https://www.youtube.com/channel/UCFdZjSXkc6WQ5yw6NJQ_RrQ,2026-02-23T19:51:47.094Z,78.0,2.267,2.267
He called a timeout in mid air 🤯,https://www.youtube.com/watch?v=SeACH7aXEB8,Valid Hoop,https://www.youtube.com/channel/UCPaVoMzmk3ZMO1yQYN5Ug2A,2026-02-23T19:51:35.539Z,11.0,11.555,11.0
Shortened: SledSurfers B1 53s 1080x1920  VB1 Hm7uU  EN,https://www.youtube.com/watch?v=Oahh41qVyeA,,,2026-02-23T19:51:34.503Z,51.0,1.036,1.036
Testing Cheap parachute 😄from amazon 4!!!,https://www.youtube.com/watch?v=o8PN4jNWtxs,VSS MAX,https://www.youtube.com/channel/UCXD1GvNXnGB1A1r5ljXsUsw,2026-02-23T19:51:28.767Z,38.0,5.736,5.736
Can I East Bay Dunk On 9 Feet?,https://www.youtube.com/watch?v=ht9NNcvKZyY,Bear9182,https://www.youtube.com/channel/UC9f_KqwccCMfLmrShUmBJvw,2026-02-23T19:51:25.107Z,104.0,3.66,3.66
Little too close 💁‍♂️ | Clay Kreiner,https://www.youtube.com/watch?v=Rkn1QUtqQ4E,Let's Skate Dude!,https://www.youtube.com/channel/UCuVh9YhAzPbdpP2dGKSxc9A,2026-02-23T19:51:09.873Z,7.0,15.234,7.0
The Wooden Cannon That Fooled Armies 😮,https://www.youtube.com/watch?v=pSaEeGr91kk,Zack D. Films,https://www.youtube.com/channel/UCvz84_Q0BbvZThy75mbd-Dg,2026-02-23T19:50:35.406Z,33.0,34.467,33.0
Making a Nike Logo,https://www.youtube.com/watch?v=B7lnYL7UhIQ,Kamnoony,https://www.youtube.com/channel/UCXD9JdyGWWvXq0-laP-Favg,2026-02-23T19:50:26.412Z,,8.994,8.994
Showing my dog brain rot for the first time 🤣 (🎥: Collab),https://www.youtube.com/watch?v=_0zReYwKfXY,LADbible Shorts,https://www.youtube.com/channel/UCflpy-GNxlahbdRdN5CRUsA,2026-02-23T19:50:13.438Z,32.0,12.974,12.974
GIMC_Kingdom Guard Official Commercial Video,https://www.youtube.com/watch?v=JYDAdXb8QJQ,,,2026-02-23T19:50:12.464Z,118.0,0.974,0.974
THE PHYSICS BEHIND KASSANDRA'S HIGHEST LEAP OF FAITH,https://www.youtube.com/watch?v=E2vg72fEB5w,Apogee Gaming,https://www.youtube.com/channel/UCY-kTaVv5GmRdiUcuR-fATw,2026-02-23T19:49:31.158Z,35.0,41.306,35.0
This guy showed exactly how to remove a tree stump using physics to your advantage.,https://www.youtube.com/watch?v=ASPKKpiXuLs,Outstanding Humans,https://www.youtube.com/channel/UCIsY6sqpC2bghzB3inBQPZQ,2026-02-23T19:49:29.502Z,,1.656,1.656
Provide Fidyah This Ramadan,https://www.youtube.com/watch?v=rH2t9_W8EH4,,,2026-02-23T19:49:27.150Z,53.0,2.352,2.352
They Didn't Hesitate 🫡,https://www.youtube.com/watch?v=i-4omx8S1ZY,Red Bull,https://www.youtube.com/channel/UCblfuW_4rakIf2h6aqANefA,2026-02-23T19:49:15.600Z,48.0,11.55,11.55
This doesn’t make sense to me at all #shorts,https://www.youtube.com/watch?v=WAodGyqQiiU,Built By Kyle,https://www.youtube.com/channel/UCtFNWtxDdM4yhSBmGN2qLdw,2026-02-23T19:49:09.759Z,14.0,5.841,5.841
This Black Vulture Flies Alongside Paraglider and Sits on Him Mid-Flight 😍,https://www.youtube.com/watch?v=Jl0Y8yvmbFQ,Endless Love,https://www.youtube.com/channel/UCH8x9zAJbpfipmHosNuwu_A,2026-02-23T19:49:07.842Z,32.0,1.917,1.917
cid=eb6e83cef60b5466a74319dab8da27ed,https://www.youtube.com/watch?v=MQwZkQMSqfY,,,2026-02-23T19:49:04.657Z,19.0,3.185,3.185
These Artists can ONLY Draw with an Eraser,https://www.youtube.com/watch?v=-QTQHY7UqU8,SLEW,https://www.youtube.com/channel/UCyPUBwc9IQl2FZZa0_Tn32Q,2026-02-23T19:47:28.084Z,175.0,96.573,96.573
'I know' 😤,https://www.youtube.com/watch?v=yw8Ygg26TBA,NBC Sports,https://www.youtube.com/channel/UCqZQlzSHbVJrwrn5XvzrzcA,2026-02-23T19:47:20.809Z,23.0,7.275,7.275
What anime do you recommend to your friends? Watch the biggest anime catalog on @crunchyroll,https://www.youtube.com/watch?v=BbT3Q5QxbEU,,,2026-02-23T19:47:14.258Z,45.0,6.551,6.551
"Even though the water looks calm, you should never underestimate the ocean 👀🔥",https://www.youtube.com/watch?v=Zp-sE4EVfR8,Teddy Dear,https://www.youtube.com/channel/UCJL9mc_79mw7ud8Yw9CBlHw,2026-02-23T19:47:10.082Z,,4.176,4.176
This arrow is a trap! (RIP bowstring),https://www.youtube.com/watch?v=riEL0miy67k,blumineck,https://www.youtube.com/channel/UCoDfzMpmDq2hotStuDhZc7w,2026-02-23T19:45:58.927Z,72.0,71.155,71.155
LBZW_002_DD_Q_JSB_EN_BC_SS_20251104_2026-01-04_08-22-37.mp4,https://www.youtube.com/watch?v=Uq-sn8kQu88,,,2026-02-23T19:45:49.381Z,22.0,9.546,9.546
Jesse Owens Wins Four Olympic Golds #shorts,https://www.youtube.com/watch?v=P7LPEqWHHYc,HistoryRapid,https://www.youtube.com/channel/UCr1-bGsHLDVbDxGFnDbtstQ,2026-02-23T19:45:18.866Z,7.0,30.515,7.0
Why Roman Soldiers Wore Sandals to War,https://www.youtube.com/watch?v=RXP3iCb_Fbw,Ancient Tech,https://www.youtube.com/channel/UCbJGT7QLhcSUti7zf_Epgqw,2026-02-23T19:45:14.784Z,48.0,4.082,4.082
Shortened: SP-Q368c-TP190-720x1280-V-JYB-ZYY.mp4,https://www.youtube.com/watch?v=-El9he4aqwc,,,2026-02-23T19:45:13.457Z,59.0,1.327,1.327
Stop Using Fake Brick Physics!,https://www.youtube.com/watch?v=h-mXogeshZs,Peanar,https://www.youtube.com/channel/UCTssYtBarRSF5D5Y-GvjLWw,2026-02-23T19:45:12.657Z,43.0,0.8,0.8
This is why practice makes perfect 🤞. #climbing #bouldering #sports #sport,https://www.youtube.com/watch?v=sWZx4HKViwI,Rise under Pressure,https://www.youtube.com/channel/UCKgI_vFU9tQfd3LV6OU_6-A,2026-02-23T19:45:08.719Z,73.0,3.938,3.938
reject the false god who deceives us 🕯️ #gnosticism #gnosis #esotericknowledge #hiddentruth #occult,https://www.youtube.com/watch?v=CeD8t0sFlAY,Blayden Kutik,https://www.youtube.com/channel/UCC9mxEUdsmOQqy8DHPIppKw,2026-02-23T19:42:03.860Z,181.0,184.859,181.0
17-year-old just became the first high school girl to do this #bowling #tvshow #trending,https://www.youtube.com/watch?v=2Mti-9apU1s,Storm Beat The Champ Presented By BowlersMart,https://www.youtube.com/channel/UC8JvviiC3vEkWiL5iC6tz6Q,2026-02-23T19:41:50.127Z,31.0,13.733,13.733
The sea showered us with fish because it knew they were meant for stray cats.,https://www.youtube.com/watch?v=bgEEcbMmyRk,Adorable Paws,https://www.youtube.com/channel/UCz_cPU8mjoveseNrasZ91rg,2026-02-23T19:40:05.019Z,608.0,105.108,105.108
LEBRON JAMES WISHES HE WAS JAYLEN BROWN IN REAL LIFE! #2raw4tv,https://www.youtube.com/watch?v=amwjrVx6-9o,DARTH APOCALYPSE ,https://www.youtube.com/channel/UCGjWHhmHID3MEyXTE9JHTBg,2026-02-23T19:17:56.988Z,749.0,1328.031,749.0
Place Alerts B 0:06 9x16,https://www.youtube.com/watch?v=KWjD3gXpVME,,,2026-02-23T19:17:50.747Z,7.0,6.241,6.241
Secret Clinical Skinification Nurses Rant third card ENG 15 OLV 16x9 PGSC4444000H Sep25,https://www.youtube.com/watch?v=aREbHZfDoN4,,,2026-02-23T19:17:30.514Z,16.0,20.233,16.0
Cats Protecting Babies Like Their Little Ones!😘😸,https://www.youtube.com/watch?v=CXwffuSCYl4,Funny And Cute Cat's Life,https://www.youtube.com/channel/UCW_X3-IRNdOl9vrZ-zGthlQ,2026-02-23T19:11:47.828Z,936.0,342.686,342.686
New Year Sale | Mint Mobile,https://www.youtube.com/watch?v=TRpWSlRUEgU,,,2026-02-23T19:01:58.653Z,16.0,589.175,16.0
Treachery  - Sosuke Aizen's Theme (Bleach OST Extended),https://www.youtube.com/watch?v=bWAVOlfUpx4,CHRISTO,https://www.youtube.com/channel/UCnbnxEhApz-JVOL6R3fQ8nQ,2026-02-23T10:21:51.565Z,357.0,31207.088,357.0
on the precipice of defeat,https://www.youtube.com/watch?v=KEKx6Yv4OYk,Shiro Sagisu - Topic,https://www.youtube.com/channel/UCX1eEXAVyXoPviRXoEgKipQ,2026-02-23T10:18:48.591Z,178.0,182.974,178.0
Principio De Lucha,https://www.youtube.com/watch?v=omjLsvD5kwQ,Shiro Sagisu - Topic,https://www.youtube.com/channel/UCX1eEXAVyXoPviRXoEgKipQ,2026-02-23T10:16:13.437Z,150.0,155.154,150.0
Number One - Bankai,https://www.youtube.com/watch?v=7JEjQG4-tpU,Shiro Sagisu - Topic,https://www.youtube.com/channel/UCX1eEXAVyXoPviRXoEgKipQ,2026-02-23T10:11:30.957Z,277.0,282.48,277.0
Bleach TYBW: Treachery『 Aizen's Main Theme 』- EPIC VERSION (feat. Sophie Anne),https://www.youtube.com/watch?v=XKKvgrMADPw,Paul Drew Music,https://www.youtube.com/channel/UCQv9gW85XDv4NB64-gOZdsw,2026-02-23T09:51:35.998Z,232.0,1194.959,232.0
No Regresar,https://www.youtube.com/watch?v=w0a97yOKnwA,Shiro Sagisu - Topic,https://www.youtube.com/channel/UCX1eEXAVyXoPviRXoEgKipQ,2026-02-23T09:49:35.814Z,115.0,120.184,115.0
Nube Negra,https://www.youtube.com/watch?v=MBJcmVQC2WI,Shiro Sagisu - Topic,https://www.youtube.com/channel/UCX1eEXAVyXoPviRXoEgKipQ,2026-02-23T09:47:34.476Z,116.0,121.338,116.0
Jujutsu Kaisen ~ anime lofi hip hop chill mix (1 hour),https://www.youtube.com/watch?v=_l8IjuNFC2M,Mr Dark,https://www.youtube.com/channel/UCBdC86qORmjBKqIMcmAF9rQ,2026-02-23T09:35:34.871Z,4346.0,719.605,719.605
24 Hours in The REAL Belize City 🇧🇿 (Bad Idea?),https://www.youtube.com/watch?v=56sQhCO2Dws,Lost With Warren,https://www.youtube.com/channel/UCs8GGfl4nOUKXDJKK8oY0Iw,2026-02-23T09:24:54.415Z,2121.0,640.456,640.456
She’s not happy about her cat gogurt intake reduction 😅 #cat #spicycat #fostercat,https://www.youtube.com/watch?v=qIFGdJzNCGc,Kayla Lyman,https://www.youtube.com/channel/UCWRE-S0-YD4Iy7tPFSuVp5A,2026-02-23T09:21:33.347Z,141.0,201.068,141.0
MARIO BARRIOS VS RYAN GARCIA | FIGHT HIGHLIGHTS,https://www.youtube.com/watch?v=1gdM2Hg2VWQ,DAZN Boxing,https://www.youtube.com/channel/UCurvRE5fGcdUgCYWgh-BDsg,2026-02-23T09:20:19.702Z,196.0,73.645,73.645
ZooMaa Watches FaZe COLLAPSE vs G2… Roster Change Incoming?! 😳,https://www.youtube.com/watch?v=yhbC48Urr0E,CDL & HALO HQ,https://www.youtube.com/channel/UCmmSXRylbjnSjuVR8szuSBg,2026-02-23T09:07:11.645Z,,788.057,788.057
Ask me Q's about cyber or whatever while I work (haters and mad people welcome),https://www.youtube.com/watch?v=MNJweayOxSM,Josh Madakor,https://www.youtube.com/channel/UC7L59ITupqEbdE_Wq47woVg,2026-02-23T09:06:16.286Z,3170.0,55.359,55.359
This Is How You Break A World Record 😎,https://www.youtube.com/watch?v=N-TTcfRI9ms,Red Bull,https://www.youtube.com/channel/UCblfuW_4rakIf2h6aqANefA,2026-02-23T08:35:03.390Z,41.0,1872.896,41.0
Everyone Is Speechless After Seeing Jake Webber’s Toothbrush…,https://www.youtube.com/watch?v=0dsF3meB_OU,Brandon Conner,https://www.youtube.com/channel/UC6mboRNUSgSjumTsQoRwsVQ,2026-02-23T08:34:52.765Z,33.0,10.625,10.625
“I’m tired of this team” - Luka Doncic Postgame Interview - Celtics vs Lakers,https://www.youtube.com/watch?v=Y2P4CkKRczI,DangerousAI,https://www.youtube.com/channel/UClpYaV73nQDaJf-Vx3CYqVA,2026-02-23T08:33:35.289Z,25.0,77.476,25.0
Luka Doncic THANKS REFS after scoring 38 points - Post Game interview - Clippers vs Lakers,https://www.youtube.com/watch?v=RmDhJSptHFU,DangerousAI,https://www.youtube.com/channel/UClpYaV73nQDaJf-Vx3CYqVA,2026-02-23T08:28:23.639Z,,311.65,311.65
Picture Perfect Passport,https://www.youtube.com/watch?v=WkKVjEUxIYM,U.S. Department of State,https://www.youtube.com/channel/UC6ZhpmNnLxlOYipqh8wbM3A,2026-02-23T04:45:32.091Z,72.0,13371.548,72.0
BREAKING: LEBRON JAMES DISSES JAYLEN BROWN FOR WHAT HE SAID ABOUT BRONNY JAMES IN SUMMER LEAGUE,https://www.youtube.com/watch?v=QDZ2CjMHi8M,DREAMERSPRO,https://www.youtube.com/channel/UCGun0enIN7p0ZfqzKqPvD5w,2026-02-23T03:59:44.379Z,2209.0,2747.712,2209.0
🔴FAZE vs G2 | CDL WATCH PARTY,https://www.youtube.com/watch?v=WSV5MDsmvvk,Jake Maverik 🚀,https://www.youtube.com/channel/UCUn3HWoBcmBUUOeVGy2K9SA,2026-02-23T01:21:16.626Z,20584.0,9507.753,9507.753
Place Alerts B 0:06 9x16,https://www.youtube.com/watch?v=KWjD3gXpVME,,,2026-02-23T01:21:10.187Z,7.0,6.439,6.439
VoiceMemo Spanish 6s 16x9,https://www.youtube.com/watch?v=Uxt8k8F8QzQ,,,2026-02-23T01:21:03.989Z,7.0,6.198,6.198
Merc SCARED Dashy.. 😭,https://www.youtube.com/watch?v=C6j0wsC7DO8,Dashy,https://www.youtube.com/channel/UC_N8Z_mNIIHcZBBDF8pHhMQ,2026-02-22T21:04:07.516Z,36.0,15416.473,36.0
The Moment Ilia hit the backflip for USA Olympic Gold 🥇❄️ #olympics,https://www.youtube.com/watch?v=sZwj_s7K0wc,JrzSaiyan,https://www.youtube.com/channel/UC7VBB3T8IuJc_-FVIE4qUvg,2026-02-22T21:02:18.825Z,30.0,108.691,30.0
cid=c298ae8f6331151c07296a2f5bc5b41e,https://www.youtube.com/watch?v=CyzE8j0WN70,,,2026-02-22T20:58:21.265Z,44.0,237.56,44.0
Teen Driver Reports 0:06 9x16,https://www.youtube.com/watch?v=afBrS0_o-jA,,,2026-02-22T20:58:15.108Z,7.0,6.157,6.157
They Actually Finished It…In Our Lifetime,https://www.youtube.com/watch?v=YNYufF-9ycc,GRNonline,https://www.youtube.com/channel/UCk0G7Q0srOL3amDcQ0V8BWw,2026-02-22T20:56:42.027Z,30.0,93.081,30.0
My cat is way too clingy…,https://www.youtube.com/watch?v=vyRnPOag7I4,Christian Digilio,https://www.youtube.com/channel/UC3wdeB-0GYWiZk2b-1fd-hA,2026-02-22T20:45:43.444Z,46.0,658.583,46.0
Angry Kitten Realizes Being Kidnapped Is Great❤️#kitten #cutecat #adorable,https://www.youtube.com/watch?v=pHdE7zS60ys,Wholesome Animals,https://www.youtube.com/channel/UCmX7Iw8rYnSEB3Q-vk3dKjQ,2026-02-22T20:44:49.508Z,56.0,53.936,53.936
How To Build a Doorstep The RIGHT Way ⚒️,https://www.youtube.com/watch?v=oaAuR_55S58,MrVex,https://www.youtube.com/channel/UCgs2s8BPQ0BiHpSl1QXMy0w,2026-02-22T20:44:20.870Z,55.0,28.638,28.638
Not The Average BASE Jump 🔥,https://www.youtube.com/watch?v=QGVIWsw-TYQ,Red Bull,https://www.youtube.com/channel/UCblfuW_4rakIf2h6aqANefA,2026-02-22T20:43:30.887Z,27.0,49.983,27.0
We are Lightning in a Bag: Human Soul #plasma #soul #electricuniverse #bioluminescence #electrical,https://www.youtube.com/watch?v=LK1XCr5D7hI,Library of the Untold,https://www.youtube.com/channel/UCur0Zbb7iwP95tVlxi5Q58A,2026-02-22T20:42:57.020Z,87.0,33.867,33.867
IS SHOTZZY A SUPERSTAR? ⭐️,https://www.youtube.com/watch?v=s447FMPgnJI,Jake Maverik 🚀,https://www.youtube.com/channel/UCUn3HWoBcmBUUOeVGy2K9SA,2026-02-22T20:42:49.269Z,27.0,7.751,7.751
She Crossed FIRST… But LOST Olympic Gold 😳⛸️,https://www.youtube.com/watch?v=IHDh4OdyqKQ,FitVision,https://www.youtube.com/channel/UCAiIa_eZPDJ26Sj6AbUKcNw,2026-02-22T20:37:06.583Z,70.0,342.686,70.0
Why Does She Float?,https://www.youtube.com/watch?v=_4J3UQpU_Ls,Dr Ben Miles,https://www.youtube.com/channel/UCUeZBocfxALSUdOgNJB5ySA,2026-02-22T20:35:30.348Z,85.0,96.235,85.0
Climbers face sudden avalanche! 😳🫣  -  🎥 BVIRAL / redddlong,https://www.youtube.com/watch?v=g9aH2asIKkI,UNILAD,https://www.youtube.com/channel/UCnQWRzqPuCpOw0aJ4HwQjIQ,2026-02-22T20:08:55.759Z,31.0,1594.589,31.0
Blurry: Vanished (MGM+ 2026 Series) Post-Premiere 30 16x9 Subtitled,https://www.youtube.com/watch?v=271TYW4XEWM,,,2026-02-22T20:08:54.881Z,31.0,0.878,0.878
I think we’re going to need a lot more kitty gogurts 😅 #spicycat #cat,https://www.youtube.com/watch?v=PDr1UabcdIA,Kayla Lyman,https://www.youtube.com/channel/UCWRE-S0-YD4Iy7tPFSuVp5A,2026-02-22T20:06:35.163Z,160.0,139.718,139.718
What Are These Crazy Glasses? 🤨,https://www.youtube.com/watch?v=YMt9LUEsW5w,Red Bull,https://www.youtube.com/channel/UCblfuW_4rakIf2h6aqANefA,2026-02-22T20:05:53.531Z,20.0,41.632,20.0
Ashley Farquharson Did That,https://www.youtube.com/watch?v=K0wTBI5ZYjI,Team USA,https://www.youtube.com/channel/UCPGpDwKpKj9vcoFAOxSbr7A,2026-02-22T20:05:50.144Z,60.0,3.387,3.387
RAD UGC Top3usesforAlice Shawn V222222 59 1920x1080 S12949 AndroidiOSPC English&IMG=4RGU,https://www.youtube.com/watch?v=Ym2iEZhZbVQ,,,2026-02-22T19:58:44.341Z,59.0,425.803,59.0
Bike Speed World Record 🏅,https://www.youtube.com/watch?v=8SjMZVO_wC8,Red Bull,https://www.youtube.com/channel/UCblfuW_4rakIf2h6aqANefA,2026-02-22T19:58:06.479Z,19.0,37.862,19.0
Sneaking into an abandoned Rothschild Mansion,https://www.youtube.com/watch?v=svUu59whfqg,emzo,https://www.youtube.com/channel/UCKVPTZ3scqS1NPh3HQ49WSw,2026-02-22T19:55:25.365Z,1843.0,161.114,161.114
#youtubeshorts #anime #jujutsukaisen #jjk #sukuna #fyp #animeshorts,https://www.youtube.com/watch?v=f_RDg_2hOic,mythix14,https://www.youtube.com/channel/UCoKOlvZnpFEqU_5ZqE9nrYQ,2026-02-22T19:54:03.204Z,25.0,82.161,25.0
Shylynne Hiller - It's not your fault,https://www.youtube.com/watch?v=fjvXmUblvw0,,,2026-02-22T19:54:02.467Z,55.0,0.737,0.737
Only One Door Is Real 🫣,https://www.youtube.com/watch?v=SbT5-7vD5gg,Red Bull,https://www.youtube.com/channel/UCblfuW_4rakIf2h6aqANefA,2026-02-22T19:53:14.609Z,32.0,47.858,32.0
Excellent use of time and free will,https://www.youtube.com/watch?v=2AdYTCj7UcQ,dogsbeingfun,https://www.youtube.com/channel/UC_z6d2hblrGzLRUcSpHWNBA,2026-02-22T19:52:29.675Z,,44.934,44.934
T1553.13_V1_VID_9x16.mp4,https://www.youtube.com/watch?v=8SB8JlfmTGk,,,2026-02-22T19:52:06.266Z,28.0,23.409,23.409
Why do they use bamboo to float on water,https://www.youtube.com/watch?v=5pcgAg0hHng,mu tian,https://www.youtube.com/channel/UCa2CxU9Nm32t2A2SAq1Izmg,2026-02-22T19:51:13.740Z,34.0,52.526,34.0
This is 5 trillion spores flying in the air,https://www.youtube.com/watch?v=tClkyvop6Ng,dr.bioforever,https://www.youtube.com/channel/UClIJnLah8dAWpmevXBiIyLQ,2026-02-22T19:49:58.427Z,61.0,75.313,61.0
How Ronaldo ruined Cristiano Jr.’s chances as a generational goalkeeper.😳🤯,https://www.youtube.com/watch?v=ppnkAgjOU80,FutVibes,https://www.youtube.com/channel/UCgfxjUYBKLUUjq0oE7DU-Iw,2026-02-22T19:48:58.369Z,29.0,60.058,29.0
Why Does EVERYONE HATE The Bount Arc? #bleach #bleachanime #anime,https://www.youtube.com/watch?v=HHhn5gfyO70,The Senpai,https://www.youtube.com/channel/UCFCf8VNE7PIapPpPkyBzE_w,2026-02-22T19:48:49.012Z,84.0,9.357,9.357
Why Billionaires struggle to get F1 tires,https://www.youtube.com/watch?v=CC5cX-043G4,Fast Stories,https://www.youtube.com/channel/UCtcE6bLi5Z8NdDfSjQACDcw,2026-02-22T19:05:03.792Z,50.0,2625.22,50.0
Can a Human Outrun an Indy Car?,https://www.youtube.com/watch?v=QsV2-H1rSZ8,Myth Busted,https://www.youtube.com/channel/UCdsMTRbhx22YNBceQv23e_w,2026-02-22T19:05:02.985Z,50.0,0.807,0.807
Riding the Cat Subway to the Cat School in time for Chinese New Years!,https://www.youtube.com/watch?v=i1savUPr-yU,Xing's World 爱鼓捣的邢志磊,https://www.youtube.com/channel/UCK9JrLjc-N2JB-Yh6AIM9hA,2026-02-22T19:02:14.979Z,155.0,168.006,155.0
SHOTZZY'S 3 SECOND ACE VS MIAMI HERETICS (BLACK OPS 7),https://www.youtube.com/watch?v=n91B0QMPknk,Shotzzy,https://www.youtube.com/channel/UCmUPc8k5mKDG_496VyOhVBA,2026-02-22T19:01:29.545Z,57.0,45.434,45.434
Connor McDavid REACTS to Canada losing Gold Medal game vs USA - Post Game Interview,https://www.youtube.com/watch?v=hBZ7TUJe1Pc,DangerousAI,https://www.youtube.com/channel/UClpYaV73nQDaJf-Vx3CYqVA,2026-02-22T19:00:32.790Z,44.0,56.755,44.0
Scientists Just Cured Paralysis with 3D-printed Spinal Cords,https://www.youtube.com/watch?v=IK4vZp2T_zM,Dr Ben Miles,https://www.youtube.com/channel/UCUeZBocfxALSUdOgNJB5ySA,2026-02-22T18:55:10.398Z,87.0,322.392,87.0
Activate All 7 Chakras • Get Rid Of All Bad Energy • Boost Positive Energy,https://www.youtube.com/watch?v=gsi046VshZ4,Balance Chakras Meditation,https://www.youtube.com/channel/UC9_xy2nn5WGvNrgrFMVfI0g,2026-02-22T18:50:00.899Z,0.0,309.499,0.0
22 Miles (35 km) in a Blizzard Without a Tent - Solo Camping in Survival Shelters,https://www.youtube.com/watch?v=-rJ55fp1JlY,Outdoor Boys,https://www.youtube.com/channel/UCfpCQ89W9wjkHc8J_6eTbBg,2026-02-22T18:02:23.881Z,1956.0,2857.018,1956.0
"3 Days Camping & Foraging in Arctic - Fishing, Hunting & Edible Plants",https://www.youtube.com/watch?v=XRDfETqZvJM,Outdoor Boys,https://www.youtube.com/channel/UCfpCQ89W9wjkHc8J_6eTbBg,2026-02-22T17:32:50.874Z,1770.0,1773.007,1770.0
#1 COD PRO Coaches 13 YEAR OLD in RANKED! (Black Ops 7),https://www.youtube.com/watch?v=IpGoJrW8BzQ,Shotzzy,https://www.youtube.com/channel/UCmUPc8k5mKDG_496VyOhVBA,2026-02-22T17:03:52.185Z,1736.0,1738.689,1736.0
AWWWW POOR LEBRON THE VICTIM OF LEBRON HATERS! #2raw4tv,https://www.youtube.com/watch?v=PScaJDZpB74,DARTH APOCALYPSE ,https://www.youtube.com/channel/UCGjWHhmHID3MEyXTE9JHTBg,2026-02-22T17:01:51.994Z,836.0,120.191,120.191
CATCHING PLAYERS In Our NEW TRAP BASE!,https://www.youtube.com/watch?v=aJIxxeERMbw,Fresh Spawns,https://www.youtube.com/channel/UCwVJr6R-2Hbezs5Ur4zmcLw,2026-02-22T16:38:41.856Z,1101.0,1390.138,1101.0
Turning pot holes into art…,https://www.youtube.com/watch?v=oyWRLlLVVEk,BanterKing,https://www.youtube.com/channel/UCxBvIqgmJBAk97tbCOCcfug,2026-02-22T16:27:33.151Z,72.0,668.705,72.0
Treachery,https://www.youtube.com/watch?v=0kYq-E8BJgU,Shiro Sagisu - Topic,https://www.youtube.com/channel/UCX1eEXAVyXoPviRXoEgKipQ,2026-02-22T10:06:57.468Z,203.0,22835.683,203.0
Jujutsu Kaisen ~ anime lofi hip hop chill mix (1 hour),https://www.youtube.com/watch?v=_l8IjuNFC2M,Mr Dark,https://www.youtube.com/channel/UCBdC86qORmjBKqIMcmAF9rQ,2026-02-22T09:22:41.171Z,4346.0,2656.297,2656.297
"Bleach - Treachery ""Aizen Theme"" Cello Cover",https://www.youtube.com/watch?v=I9neYcfL4GE,Stephan Bookman,https://www.youtube.com/channel/UCqbJFj7yIskS7jCu_NZv_iQ,2026-02-22T09:19:56.882Z,235.0,164.289,164.289
https://www.youtube.com/watch?v=woT7EFMti68,https://www.youtube.com/watch?v=woT7EFMti68,,,2026-02-22T09:17:59.541Z,,117.341,117.341
https://www.youtube.com/watch?v=LklrHAONKj0,https://www.youtube.com/watch?v=LklrHAONKj0,,,2026-02-22T09:14:51.693Z,,187.848,187.848
https://www.youtube.com/watch?v=KqfLVv9Rqtg,https://www.youtube.com/watch?v=KqfLVv9Rqtg,,,2026-02-22T09:13:40.498Z,,71.195,71.195
Treachery  - Sosuke Aizen's Theme (Bleach OST Extended),https://www.youtube.com/watch?v=bWAVOlfUpx4,CHRISTO,https://www.youtube.com/channel/UCnbnxEhApz-JVOL6R3fQ8nQ,2026-02-22T08:08:14.532Z,357.0,3925.966,357.0
Treachery  -「Treacherously」| Aizen vs Yhwach | ＜Bleach TYBW＞,https://www.youtube.com/watch?v=DCt0GgnqK8M,Hamon Music,https://www.youtube.com/channel/UC_LHDJXdyBvoNKppA4Cr_1g,2026-02-22T08:08:01.904Z,247.0,12.628,12.628
https://www.youtube.com/watch?v=ThU6LK8xEdE,https://www.youtube.com/watch?v=ThU6LK8xEdE,,,2026-02-22T08:04:22.948Z,,218.956,218.956
Are You Seriously Watching Porn by Yourself Meme,https://www.youtube.com/watch?v=cp5MRadSDYI,ChrisCrossFilms,https://www.youtube.com/channel/UCfA61BOxu2npYcECw76QEuQ,2026-02-22T08:03:01.578Z,7.0,81.37,7.0
Alysa Liu reacts to winning Olympic gold medal after free skate | Winter Olympics 2026 | NBC Sports,https://www.youtube.com/watch?v=VTnInJAWbV0,NBC Sports,https://www.youtube.com/channel/UCqZQlzSHbVJrwrn5XvzrzcA,2026-02-22T07:57:02.687Z,486.0,358.891,358.891
Cameras caught LeBron James snubbing Steph Curry’s dap attempt 👀 #lebronjames #stephencurry #viral,https://www.youtube.com/watch?v=a85xne8gS9g,Who Likes Sports,https://www.youtube.com/channel/UCb2oBLRB-huptDlyfpfx1Cw,2026-02-22T07:11:44.954Z,12.0,2717.733,12.0
NIUM COOKING BREACH 🔥,https://www.youtube.com/watch?v=5Jx3t-i6a64,Jake Maverik 🚀,https://www.youtube.com/channel/UCUn3HWoBcmBUUOeVGy2K9SA,2026-02-22T04:33:48.600Z,17.0,9476.354,17.0
on the precipice of defeat,https://www.youtube.com/watch?v=KEKx6Yv4OYk,Shiro Sagisu - Topic,https://www.youtube.com/channel/UCX1eEXAVyXoPviRXoEgKipQ,2026-02-22T03:51:39.409Z,178.0,2529.191,178.0
Bleach TYBW: Treachery『 Aizen's Main Theme 』- EPIC VERSION (feat. Sophie Anne),https://www.youtube.com/watch?v=XKKvgrMADPw,Paul Drew Music,https://www.youtube.com/channel/UCQv9gW85XDv4NB64-gOZdsw,2026-02-22T03:47:45.945Z,232.0,233.464,232.0
Treachery  - Sosuke Aizen's Theme (Bleach OST Extended),https://www.youtube.com/watch?v=bWAVOlfUpx4,CHRISTO,https://www.youtube.com/channel/UCnbnxEhApz-JVOL6R3fQ8nQ,2026-02-22T03:41:44.449Z,357.0,361.496,357.0
Number One - Bankai,https://www.youtube.com/watch?v=7JEjQG4-tpU,Shiro Sagisu - Topic,https://www.youtube.com/channel/UCX1eEXAVyXoPviRXoEgKipQ,2026-02-22T03:37:06.549Z,277.0,277.9,277.0
Principio De Lucha,https://www.youtube.com/watch?v=omjLsvD5kwQ,Shiro Sagisu - Topic,https://www.youtube.com/channel/UCX1eEXAVyXoPviRXoEgKipQ,2026-02-22T03:34:31.392Z,150.0,155.157,150.0
Nube Negra,https://www.youtube.com/watch?v=MBJcmVQC2WI,Shiro Sagisu - Topic,https://www.youtube.com/channel/UCX1eEXAVyXoPviRXoEgKipQ,2026-02-22T03:32:34.891Z,116.0,116.501,116.0
No Regresar,https://www.youtube.com/watch?v=w0a97yOKnwA,Shiro Sagisu - Topic,https://www.youtube.com/channel/UCX1eEXAVyXoPviRXoEgKipQ,2026-02-22T03:30:39.409Z,115.0,115.482,115.0
Anime de Japan - La Distancia Para Un Duelo (Bleach OST),https://www.youtube.com/watch?v=nGusAJYHcjo,AnimeDeJapanVEVO,https://www.youtube.com/channel/UC3R6wHoJWJE-Bb-Rcq3VjmQ,2026-02-22T03:27:35.994Z,179.0,183.415,179.0
Fiesta De Guerra.,https://www.youtube.com/watch?v=4v6dp2N3e8U,Shiro Sagisu - Topic,https://www.youtube.com/channel/UCX1eEXAVyXoPviRXoEgKipQ,2026-02-22T03:25:06.292Z,149.0,149.702,149.0
Treachery,https://www.youtube.com/watch?v=0kYq-E8BJgU,Shiro Sagisu - Topic,https://www.youtube.com/channel/UCX1eEXAVyXoPviRXoEgKipQ,2026-02-22T03:21:43.329Z,203.0,202.963,202.963
Clavar La Espada,https://www.youtube.com/watch?v=Z9Onb_z0XPI,Shiro Sagisu - Topic,https://www.youtube.com/channel/UCX1eEXAVyXoPviRXoEgKipQ,2026-02-22T03:18:03.195Z,220.0,220.134,220.0
Princess In Captivity,https://www.youtube.com/watch?v=HBG9pOD-Y5E,Shiro Sagisu - Topic,https://www.youtube.com/channel/UCX1eEXAVyXoPviRXoEgKipQ,2026-02-22T03:16:43.698Z,121.0,79.497,79.497
Don Toliver - Situation [Official Audio],https://www.youtube.com/watch?v=8PsqW7ydLGA,Don Toliver,https://www.youtube.com/channel/UCgT01FILdWB9BsXBXKjpQ7A,2026-02-22T03:14:22.829Z,140.0,140.869,140.0
Jujutsu Kaisen OST - Gojo's Theme『Infinite Potential』HQ cover,https://www.youtube.com/watch?v=32z66tM_at0,赤い神Enryu,https://www.youtube.com/channel/UCsizObefAFCPRBlg6F5B68g,2026-02-22T03:11:49.125Z,148.0,153.704,148.0
『Treachery』(Bleach) meet LucasGitanoFamily【flamenco guitar cover】Aizen's Theme,https://www.youtube.com/watch?v=vhTfUx7WXvg,LucasGitanoFamily,https://www.youtube.com/channel/UCpUAp8m92gecvW8EyV3fLCA,2026-02-22T02:46:22.204Z,352.0,1526.921,352.0
Treachery  -「Treacherously」| Aizen vs Yhwach | ＜Bleach TYBW＞,https://www.youtube.com/watch?v=DCt0GgnqK8M,Hamon Music,https://www.youtube.com/channel/UC_LHDJXdyBvoNKppA4Cr_1g,2026-02-22T02:40:11.838Z,247.0,370.366,247.0
Flawless S&D...,https://www.youtube.com/watch?v=5Ceu0WXRAzg,Scrap,https://www.youtube.com/channel/UCKEN_rgie09OgUs-1M6oevA,2026-02-22T01:44:24.999Z,51.0,3346.839,51.0
He Falls Into a Snow Crevasse.. 😓❄️,https://www.youtube.com/watch?v=zuq3IhJu3gY,Mental,https://www.youtube.com/channel/UC3LpohHAcXeE3AdCVedj3Kg,2026-02-22T01:37:10.708Z,57.0,434.291,57.0
What do blind people REALLY see?!,https://www.youtube.com/watch?v=KM6-vVmkHNU,Doctor Myro,https://www.youtube.com/channel/UCdc3KAozmMyzONSuDdul1mw,2026-02-22T01:37:09.121Z,48.0,1.587,1.587
Severe Toe Walking Surgery Before & After (90° Equinus Contracture Correction),https://www.youtube.com/watch?v=G8HT8epbKrk,Pediatric Foot & Ankle,https://www.youtube.com/channel/UCFUaADb1OK7XbOWPsPL8o5w,2026-02-22T01:36:39.171Z,31.0,29.95,29.95
Silly cow was getting ready to calve but was messing with the other calf. #calvingseason #ranching,https://www.youtube.com/watch?v=VXb5KcCnztA,Hammer Ranch,https://www.youtube.com/channel/UC64mIBLcIREVkhOC-cJGAoA,2026-02-22T01:36:36.761Z,87.0,2.41,2.41
Going Inside Of Black Hole w/ Neil deGrasse Tyson,https://www.youtube.com/watch?v=oPJ9DWOj5M0,Universe Science,https://www.youtube.com/channel/UC5knFTNWuQf96dniFlMUR2w,2026-02-22T01:36:34.890Z,48.0,1.871,1.871
Soccer Player Vs  NBA Player ⚽︎⛹🏼‍♂️,https://www.youtube.com/watch?v=YWzGmdH5QkI,Mr Spico,https://www.youtube.com/channel/UCMNaeKQuLdxlbx9TubpGafQ,2026-02-22T01:35:00.481Z,,94.409,94.409
Noah Boat went on a Dating Show,https://www.youtube.com/watch?v=2WS_5pLfCpM,Strawberry Park,https://www.youtube.com/channel/UCyLLL4Al34gr3XH2_h4db5g,2026-02-22T00:47:10.225Z,1291.0,2870.256,1291.0
🔴OPTIC vs HERETICS | CDL WATCH PARTY,https://www.youtube.com/watch?v=LbhtPO2StCY,Jake Maverik 🚀,https://www.youtube.com/channel/UCUn3HWoBcmBUUOeVGy2K9SA,2026-02-21T23:52:40.286Z,20083.0,3269.939,3269.939
Start Your Repair Journey with the Pro Tech Go Toolkit,https://www.youtube.com/watch?v=A63dB4nVCqw,,,2026-02-21T23:52:24.035Z,46.0,16.251,16.251
28 YEARS LATER: THE BONE TEMPLE - Blooper Reel,https://www.youtube.com/watch?v=zpu38t6ORPY,28 Years Later: The Bone Temple,https://www.youtube.com/channel/UC9JCMRw1iOBFB9AzvpjvXTg,2026-02-21T23:52:03.904Z,119.0,20.131,20.131
8 Days Camping & Building a Bushcraft Survival Shelter with My 5 yr old Son,https://www.youtube.com/watch?v=rxJQXa3jfsA,Outdoor Boys,https://www.youtube.com/channel/UCfpCQ89W9wjkHc8J_6eTbBg,2026-02-21T20:45:15.082Z,4023.0,11208.822,4023.0
Shave your beard for the first time to see my wife’s reaction 😂😂😂 #capcut #capcutpioneer #chatedi,https://www.youtube.com/watch?v=tuO6nPvS_k4,Bui Van Minh,https://www.youtube.com/channel/UCGFE-vC1gsNY-pnQ3gFl7SA,2026-02-21T20:35:43.569Z,60.0,571.513,60.0
JJ Redick was a BEAST!!,https://www.youtube.com/watch?v=ZnlEoLOJn5E,Heroball Entertainment,https://www.youtube.com/channel/UCcmH9HzWJBMXf-qebyqaYKg,2026-02-21T20:34:04.376Z,60.0,99.193,60.0
Gojo and Geto split up from both povs #jjk#jjkedit#jujutsukaisen#gojo,https://www.youtube.com/watch?v=JQkSZv-HM4w,Toji II とじ,https://www.youtube.com/channel/UCfn0maaOVY2oDepSh8zvFCQ,2026-02-21T20:33:00.690Z,17.0,63.686,17.0
Start Your Repair Journey with the Pro Tech Go Toolkit,https://www.youtube.com/watch?v=MI-wmn5J4U8,,,2026-02-21T20:11:53.278Z,30.0,1267.412,30.0
Skateboard Obstacle Course 😳,https://www.youtube.com/watch?v=YmgW81lKJCM,Red Bull,https://www.youtube.com/channel/UCblfuW_4rakIf2h6aqANefA,2026-02-21T19:53:32.505Z,55.0,1100.773,55.0
The go-to app for food in Southeast Asia,https://www.youtube.com/watch?v=VgpOVyZx9U8,,,2026-02-21T19:53:31.564Z,15.0,0.941,0.941
He Got Attacked By A Bear While Fishing 😳,https://www.youtube.com/watch?v=SMaWwCIndhA,Primalive,https://www.youtube.com/channel/UCHH9Ps9TwCn9a_s8OfREjyA,2026-02-21T19:53:30.550Z,21.0,1.014,1.014
Why Bears Only Eat Salmon Skin & Brains,https://www.youtube.com/watch?v=t7FocmSlFM0,Sadatoz,https://www.youtube.com/channel/UCvrNdBPWD6s0V9SrVp9sAqg,2026-02-21T19:52:17.987Z,63.0,72.563,63.0
Chatter shows MoistCr1tikal his PS2 games tier list #ps2 #ps5 #tierlist #penguinz0,https://www.youtube.com/watch?v=RORaHbgzh1E,The Moist Fan,https://www.youtube.com/channel/UCqWTO1mMwh_oYb4cGMFPBdQ,2026-02-21T19:51:46.620Z,60.0,31.367,31.367
Real Madrid’s High-Tech Secret 👨‍🔬,https://www.youtube.com/watch?v=Qi5pVvR6yUo,Pêche Football,https://www.youtube.com/channel/UC6F8qNdFapfoprCOQmhD2KA,2026-02-21T19:50:28.733Z,66.0,77.887,66.0
Mike Blueberry Explainer,https://www.youtube.com/watch?v=qKmYL2z1NiY,,,2026-02-21T19:50:19.058Z,70.0,9.675,9.675
Do you think you could do this? 👇🏻#icefishing #fishing #frozen #spearfishing #minnesota,https://www.youtube.com/watch?v=hIKtxJq28FM,UnReel Minnesota ,https://www.youtube.com/channel/UCi9PudPk2iNyVueQcb4srpQ,2026-02-21T19:49:13.698Z,64.0,65.36,64.0
Edible Prop Soap #shorts,https://www.youtube.com/watch?v=0TRQeU_dIrQ,Scott Prop and Roll,https://www.youtube.com/channel/UCTyvyVpWyspz8-anuyXUreA,2026-02-21T19:49:09.762Z,27.0,3.936,3.936
Teaching Jazz to Pigeons,https://www.youtube.com/watch?v=rzvPQ9DTJY8,Daily Dose Of Internet,https://www.youtube.com/channel/UCdC0An4ZPNr_YiFiYoVbwaw,2026-02-21T19:49:08.476Z,33.0,1.286,1.286
Kasper TVSmashTease Crashout 56 12 5 25 9x16,https://www.youtube.com/watch?v=82m4JkQG5sk,,,2026-02-21T19:49:07.516Z,50.0,0.96,0.96
Ranking Best Whitney Houston Drum Challenge 😂,https://www.youtube.com/watch?v=ePD9Jn-aBw4,RankShorts,https://www.youtube.com/channel/UC30YP4nJOQ5GoPxV81mL9YQ,2026-02-21T19:48:28.451Z,39.0,39.065,39.0
How to Make Starbucks Style Coffee at Home ☕ (Easy & Budget Friendly),https://www.youtube.com/watch?v=pjlISB6Vess,Cooking With Dean,https://www.youtube.com/channel/UCoHjtikb-cMrXCH1nJET37Q,2026-02-21T19:48:26.035Z,34.0,2.416,2.416
POOR and RICH 🤑 OR GENUINES?,https://www.youtube.com/watch?v=gYWidpEwjl4,Jeanne and Francis family ,https://www.youtube.com/channel/UCdoTx-74BXhhY4tPv_zB80g,2026-02-21T19:48:22.600Z,42900.0,3.435,3.435
Luka Reminded Booker of Game 7 🫣🔥 #shorts ,https://www.youtube.com/watch?v=4m2p-KTZ_OM,Lets Go Dallas,https://www.youtube.com/channel/UCZ2iPioHFKAkw3Z3ktNolaw,2026-02-21T19:48:19.514Z,30.0,3.086,3.086
Major Fatberg in the drain ! #blockage #plumbing #oddlysatisfying #fatberg,https://www.youtube.com/watch?v=4KpiOkTGx18,Josh pollard ,https://www.youtube.com/channel/UCOd9W-JfUUxvB-xauZcYdMQ,2026-02-21T19:48:14.581Z,84.0,4.933,4.933
New Year Sale | Mint Mobile,https://www.youtube.com/watch?v=c4gBBZcfCfg,,,2026-02-21T19:48:13.438Z,25.0,1.143,1.143
orange cats are smart too | Monroe learns buttons,https://www.youtube.com/watch?v=CEfQJZcDVBA,Pixel and Friends,https://www.youtube.com/channel/UCbQjNWKJpL5sfr_FpFJ5_YA,2026-02-21T19:47:10.922Z,62.0,62.516,62.0
Master Chef Works On Yin Yang Dessert,https://www.youtube.com/watch?v=tg9WDLIAnkI,Circle Review,https://www.youtube.com/channel/UCd1NZQZv76P4tnwwzSQcY8A,2026-02-21T19:46:36.602Z,32.0,34.32,32.0
cid=6db2fc12e8bec98c4959590cb642eeec,https://www.youtube.com/watch?v=XSmeBdqGnD0,,,2026-02-21T19:46:25.496Z,12.0,11.106,11.106
Landing far from the road,https://www.youtube.com/watch?v=-o7m400Fv-k,Benjamin Kellett,https://www.youtube.com/channel/UCJbjQL4KFq6PJxnmRFAxR1A,2026-02-21T19:45:25.329Z,56.0,60.167,56.0
Silence tunnel…🤫,https://www.youtube.com/watch?v=_NAEoHq9huM,Builder Brigade,https://www.youtube.com/channel/UCtSCsJ37NA4XWxnenmc6Znw,2026-02-21T19:45:17.749Z,29.0,7.58,7.58
TA6 V1,https://www.youtube.com/watch?v=jEb8kf1c8Yg,,,2026-02-21T19:45:04.423Z,40.0,13.326,13.326
How I accidentally discovered eraser stamp making!🎨🖌️🖼️,https://www.youtube.com/watch?v=epB8z6xjoMU,Daisy Cayton,https://www.youtube.com/channel/UC_CJci0X3n9NDn4bUuM003Q,2026-02-21T19:45:02.829Z,31.0,1.594,1.594
this watch is insane 😳,https://www.youtube.com/watch?v=weM4AgBJKOc,ohnepixel raw,https://www.youtube.com/channel/UCWX7tzz1JJVc2Usx0BRn1Cg,2026-02-21T19:44:43.588Z,13.0,19.241,13.0
H1B3,https://www.youtube.com/watch?v=O3R5Hnu2GuA,,,2026-02-21T19:44:41.590Z,19.0,1.998,1.998
Henry on True Football Genius #shorts,https://www.youtube.com/watch?v=5SIXI2rhQmE,GoalGlory Stories,https://www.youtube.com/channel/UCYhCzprD3nal7-DcZMGLSIw,2026-02-21T19:44:21.593Z,60.0,19.997,19.997
Feel good video of the day |  via @_johnnyringer_,https://www.youtube.com/watch?v=OXOn-BHXZ_8,Let's Skate Dude!,https://www.youtube.com/channel/UCuVh9YhAzPbdpP2dGKSxc9A,2026-02-21T19:43:16.502Z,61.0,65.091,61.0
This Customer Offered An Extra $500 Then Blocked My Number,https://www.youtube.com/watch?v=hjjxFnvySjA,All Sides Pressure Washing,https://www.youtube.com/channel/UCrqDOanWUSGYLBD9oy_AKTA,2026-02-21T19:41:32.171Z,61.0,104.331,61.0
Emergency Stitches 😷 #goodtoknow #surgeonlife #suturing #lifehacks #vet #medicine #stitch #firstaid,https://www.youtube.com/watch?v=pI95zoCxkCQ,Vetventures,https://www.youtube.com/channel/UC_qNHEw4tFK08cPCsUbwrOQ,2026-02-21T19:41:29.006Z,40.0,3.165,3.165
HiFi_Intro_H_04.mp4,https://www.youtube.com/watch?v=yyFYFPDTe3c,,,2026-02-21T19:41:28.051Z,63.0,0.955,0.955
Deadpool Finally Got What He Wanted… and It’s SO Deadpool 😂💥#movie #shorts,https://www.youtube.com/watch?v=-1TfkyphtyU,Harry6,https://www.youtube.com/channel/UCot5uZh7O9cydze5qnmzuzA,2026-02-21T19:40:18.903Z,60.0,69.148,60.0
This lake is DEEP,https://www.youtube.com/watch?v=RjaAv_UmDRA,Sendy Benji,https://www.youtube.com/channel/UCC69jY4h_sU7phC9yFrM0QA,2026-02-21T19:39:30.917Z,48.0,47.986,47.986
Your self-discovery companion,https://www.youtube.com/watch?v=QYr3-QQ5Cm0,,,2026-02-21T19:39:29.793Z,124.0,1.124,1.124
AbeZy gets CHECKED in Listen-In 😭✌️,https://www.youtube.com/watch?v=E3COIjj7G4g,Breaking Point,https://www.youtube.com/channel/UCi-nd4Y4U8DbxbO9SJTYG2A,2026-02-21T19:39:26.117Z,40.0,3.676,3.676
Lebron was so smart for this? 😭 #lebron #lebronjames #nba #nbamemes #basketball #sports #lakers,https://www.youtube.com/watch?v=9l2UC5lVuDY,Playoff Basketball,https://www.youtube.com/channel/UCpSEYnfwm7IvfhevJZct9eQ,2026-02-21T19:39:21.427Z,13.0,4.69,4.69
What's Good With Y'all Steph Curry Fans? 🤔,https://www.youtube.com/watch?v=41xeja9peyQ,Players Choice,https://www.youtube.com/channel/UCE1FN3sPMeDo253rgZJZd2A,2026-02-21T19:37:37.542Z,42.0,103.885,42.0
EXIT 8 - Official Trailer (2026),https://www.youtube.com/watch?v=4fIaG1RjWMU,IGN Movie Trailers,https://www.youtube.com/channel/UCWJ5MfdQZ6jXbF5gYuSAf5Q,2026-02-21T19:35:21.357Z,121.0,136.185,121.0
sensitive tummy meal prep,https://www.youtube.com/watch?v=atZaEwBEsaQ,,,2026-02-21T19:30:55.423Z,38.0,265.934,38.0
The excitement ❤️ (🎥: ViralHog),https://www.youtube.com/watch?v=5ek6Xux23e0,LADbible Shorts,https://www.youtube.com/channel/UCflpy-GNxlahbdRdN5CRUsA,2026-02-21T19:30:35.329Z,90.0,20.094,20.094
A Moment He'll Never Forget.,https://www.youtube.com/watch?v=Z4Zl4klumcA,GROWTH™,https://www.youtube.com/channel/UCGT_BYcMHygJYqYWZjGx68A,2026-02-21T19:30:08.090Z,47.0,27.239,27.239
Cat parents need to hear this,https://www.youtube.com/watch?v=2Tj-3I8u4m8,,,2026-02-21T19:30:05.675Z,141.0,2.415,2.415
Day 359 - how non stick pans work,https://www.youtube.com/watch?v=eoCzvv2RAaQ,Omuricedaily,https://www.youtube.com/channel/UCubox7yvlGtECKfja8EvR4g,2026-02-21T19:29:36.565Z,92.0,29.11,29.11
Your wildest ideas can become your greatest successes,https://www.youtube.com/watch?v=0yBODoF2iOI,Indigo Designs,https://www.youtube.com/channel/UC27-6jB3if24NF31AX-1USA,2026-02-21T19:29:35.091Z,73.0,1.474,1.474
The way she answered that question💔 #trending #shortvideos #motivation #fyp #life #shorts #sad,https://www.youtube.com/watch?v=XgDmvmBUg8c,,,2026-02-21T19:29:34.166Z,57.0,0.925,0.925
fraternity hazing got BUSTED,https://www.youtube.com/watch?v=7RZuzfoqkzs,Sam Wilber,https://www.youtube.com/channel/UC6iuUdKRJ3aqvIE5obak8Tw,2026-02-21T19:27:34.024Z,108.0,120.142,108.0
People Are Concerned For North West Because Of The Way She Walks…,https://www.youtube.com/watch?v=PIce6YKslWY,Brandon Conner,https://www.youtube.com/channel/UC6mboRNUSgSjumTsQoRwsVQ,2026-02-21T19:27:31.817Z,21.0,2.207,2.207
How This Fire Burns Underground,https://www.youtube.com/watch?v=oMWW5rkCC9w,Dr Ben Miles,https://www.youtube.com/channel/UCUeZBocfxALSUdOgNJB5ySA,2026-02-21T19:26:09.997Z,83.0,81.82,81.82
New Year Sale | Mint Mobile,https://www.youtube.com/watch?v=kH_ziaYpPh4,,,2026-02-21T19:21:46.693Z,34.0,263.304,34.0
Episode 90:Dog Distribution System🐶🥰#dog#funny#funnyanimals#funnypets#animals  #pet #foryou,https://www.youtube.com/watch?v=0VxbRMonNzY,Puppylovestoplay6,https://www.youtube.com/channel/UCzs1qINTlJFElrNyHfeEo3A,2026-02-21T19:21:19.315Z,51.0,27.378,27.378
When the intrusive thought takes over 😭 #shorts #cat #catlovers,https://www.youtube.com/watch?v=5DLpHn7SC18,So Adorable,https://www.youtube.com/channel/UCpTjYeN5RVJJ9ug6Y8j0bnw,2026-02-21T19:20:38.088Z,39.0,41.227,39.0
The Surprising Reason Babies Are NOT Afraid of Snakes | Secret Science,https://www.youtube.com/watch?v=3L4lxusff1c,ABC Science,https://www.youtube.com/channel/UCR_kFbcwWy1cKLCkmcMf4lg,2026-02-21T19:18:18.836Z,147.0,139.252,139.252
🔴 Live 🔴 Beautiful woman’s real street business  00后美食制作过程。 美女真实街头生意。0221 #路边摊美味 #麻糍 #美食,https://www.youtube.com/watch?v=XhoOAgQh6-k,愤怒麻糍铺,https://www.youtube.com/channel/UC2SIBAWATgvWf3lPtsgnjEw,2026-02-21T19:17:58.814Z,5415.0,20.022,20.022
Your self-discovery companion,https://www.youtube.com/watch?v=C9sKAMdBFGM,,,2026-02-21T19:17:55.928Z,173.0,2.886,2.886
the ultimate way to protect your CPU,https://www.youtube.com/watch?v=Dwg917DPuHU,mryeester,https://www.youtube.com/channel/UCPvRdfUooqCf0zPOYvbBzVA,2026-02-21T19:17:46.228Z,63.0,9.7,9.7
NABRAND 19834 FJ BAU Video XPOD Studio 50OFF BAU Combo 9x16 Weight Loss V9,https://www.youtube.com/watch?v=Yd3uywfc3sE,,,2026-02-21T19:17:45.233Z,31.0,0.995,0.995
I was wrong about this trope… kind of,https://www.youtube.com/watch?v=ik41eH5hAFs,blumineck,https://www.youtube.com/channel/UCoDfzMpmDq2hotStuDhZc7w,2026-02-21T19:16:22.887Z,77.0,82.346,77.0
One of the greatest Olympic comebacks of all-time ⛸️ #shorts,https://www.youtube.com/watch?v=N1t2YbfDIOs,Frank Michael Smith,https://www.youtube.com/channel/UCtab7TqLkMFc9MzOMvx5b-g,2026-02-21T19:16:20.865Z,126.0,2.022,2.022
Taking name suggestions bc Monday we pick her up to foster 🎊 #spicycat,https://www.youtube.com/watch?v=BMLOAr1w2A0,Kayla Lyman,https://www.youtube.com/channel/UCWRE-S0-YD4Iy7tPFSuVp5A,2026-02-21T19:15:00.951Z,128.0,79.914,79.914
https://www.youtube.com/watch?v=5_LUmpKv46A,https://www.youtube.com/watch?v=5_LUmpKv46A,,,2026-02-21T19:14:58.629Z,28.0,2.322,2.322
The video that got us featured in People magazine🤠 #wedding #engagement #proposal #engaged #bride,https://www.youtube.com/watch?v=Z1AgUo-jY_Y,Ryleigh Marie,https://www.youtube.com/channel/UCbQJQr4hgRB5AiKkdU0ftXA,2026-02-21T19:13:39.413Z,25.0,79.216,25.0
Alayna BornInUSA FULL BoxHit 11 20 25 9x16,https://www.youtube.com/watch?v=kZXMjwAcG0Q,,,2026-02-21T19:13:37.620Z,58.0,1.793,1.793
Rashford On The Striker Role!,https://www.youtube.com/watch?v=0DPYxH7w8JE,HDBaller,https://www.youtube.com/channel/UC9ss5FYkkGfybynK8vCI0Wg,2026-02-21T19:13:01.427Z,31.0,36.193,31.0
Can you Oil Paint in the WEIRDEST painting software??,https://www.youtube.com/watch?v=orW95TvI1BQ,JakeDontDraw,https://www.youtube.com/channel/UCeGQoHGnqmv71vGIqarX7cA,2026-02-21T19:13:00.448Z,160.0,0.979,0.979
My dog had his eyes removed & this is how we play fetch ❤️ (🎥: ViralHog),https://www.youtube.com/watch?v=NiJpu6nFcWg,LADbible Shorts,https://www.youtube.com/channel/UCflpy-GNxlahbdRdN5CRUsA,2026-02-21T19:11:49.500Z,66.0,70.948,66.0
I Tried Turning Juniper Berries into Soda,https://www.youtube.com/watch?v=yhA__s7UJ6I,Outdoor Roving,https://www.youtube.com/channel/UCDFdX47ng03AAdkMOlaGw_A,2026-02-21T19:10:27.343Z,54.0,82.157,54.0
China Launches World's First Flying Power Station,https://www.youtube.com/watch?v=Ndf1zmUUJQ8,Dr Ben Miles,https://www.youtube.com/channel/UCUeZBocfxALSUdOgNJB5ySA,2026-02-21T19:07:43.120Z,92.0,164.223,92.0
Dozens of fans flock to Japan zoo to see viral baby monkey Punch • FRANCE 24 English,https://www.youtube.com/watch?v=BICu0qTFhzY,FRANCE 24 English,https://www.youtube.com/channel/UCQfwfsi5VrQ8yKZ-UWmAEFg,2026-02-21T18:58:51.217Z,116.0,531.903,116.0
Largest gathering of golden retrievers in the world returns to Colorado,https://www.youtube.com/watch?v=aUDvAMEUTGs,CBS Colorado,https://www.youtube.com/channel/UC_-gT7OYiRCK9Sp8SIv9WgQ,2026-02-21T18:57:54.248Z,106.0,56.969,56.969
Forging a Knife & Survival Camping Alone in the Wilderness,https://www.youtube.com/watch?v=zHt1IEgEISo,Outdoor Boys,https://www.youtube.com/channel/UCfpCQ89W9wjkHc8J_6eTbBg,2026-02-21T11:25:58.584Z,2029.0,27115.664,2029.0
Building & Sleeping in a 'LEGO' House,https://www.youtube.com/watch?v=X9mPxBWXJ9g,Kent Survival,https://www.youtube.com/channel/UC-HFqs_7nzHwg1pD-_PrLcw,2026-02-21T10:51:18.644Z,2076.0,2079.94,2076.0
Everybody Thinks This Country Is F*cked Up..,https://www.youtube.com/watch?v=Y1dQaBElNtc,Sabbatical,https://www.youtube.com/channel/UCib80j_q5o_C5XsCA9YsAFg,2026-02-21T09:57:49.865Z,70.0,3208.779,70.0
"#02) BLEACH OST - Shiro Sagisu - BL_56 (Soft strums - ""Bankai... Tensa Zangetsu"")",https://www.youtube.com/watch?v=2KdKcfUZp9E,Ádám Pajor,https://www.youtube.com/channel/UCncO7bXohdnWyv687CNQbkw,2026-02-21T09:42:01.379Z,75.0,948.486,75.0
Jujutsu Kaisen ~ anime lofi hip hop chill mix (1 hour),https://www.youtube.com/watch?v=_l8IjuNFC2M,Mr Dark,https://www.youtube.com/channel/UCBdC86qORmjBKqIMcmAF9rQ,2026-02-21T07:57:45.771Z,4346.0,6255.608,4346.0
BEST CDL CARD PULL 🤣,https://www.youtube.com/watch?v=jH6DT7o-tpU,Jake Maverik 🚀,https://www.youtube.com/channel/UCUn3HWoBcmBUUOeVGy2K9SA,2026-02-21T07:54:32.697Z,20.0,193.074,20.0
COD PRO GOES UNDERCOVER TO 1V1 STREAMERS!,https://www.youtube.com/watch?v=X6rsaDNVG6A,Dashy,https://www.youtube.com/channel/UC_N8Z_mNIIHcZBBDF8pHhMQ,2026-02-21T07:35:39.564Z,1336.0,1133.133,1133.133
Did Kai Cenat Get Replaced? 💀🤯,https://www.youtube.com/watch?v=zHwzt72I1gE,PanthZyy,https://www.youtube.com/channel/UCmg4IeQmlCT4zLmgKUWQjNg,2026-02-21T07:35:22.210Z,60.0,17.354,17.354
Bleach characters having crazy theme songs,https://www.youtube.com/watch?v=UgKKU1f1kA4,Tony Statovci,https://www.youtube.com/channel/UCmzUN9l2gjbHiPDmW7brIAA,2026-02-21T05:50:55.309Z,17.0,6266.901,17.0
When you’re a bleach villain & you’re fighting Shinji,https://www.youtube.com/watch?v=Ng9oGLnPz2U,Tony Statovci,https://www.youtube.com/channel/UCmzUN9l2gjbHiPDmW7brIAA,2026-02-21T05:50:22.898Z,27.0,32.411,27.0
Lakers vs Clippers Live Reaction!,https://www.youtube.com/watch?v=pDu2fVbijOc,93 Zay,https://www.youtube.com/channel/UCE0Jh2QpBHPkD6g9EZ4Yb-w,2026-02-21T05:45:21.192Z,9795.0,301.706,301.706
Los Angeles Clippers vs Los Angeles Lakers | Live Play-By-Play & Reactions,https://www.youtube.com/watch?v=_qXR76f2DAo,The Sports Fury,https://www.youtube.com/channel/UCiF5HFwipoXlNahMHMEII_g,2026-02-21T05:43:43.233Z,14353.0,97.959,97.959
lmfao this guy #callofduty #blackops7 #codclips #bo7 #bo7clips #rankedplay #scrap #codbo7 #warzone,https://www.youtube.com/watch?v=Hk74KUIeBZM,Codlivestream Clips,https://www.youtube.com/channel/UCYvV4xc0Q3-5q5_gZ6lYU2g,2026-02-21T05:40:39.464Z,11.0,183.769,11.0
(0157-形式)原创_LIT_VN_251128_720x1280_TQ_12小时2.mp4,https://www.youtube.com/watch?v=59fZLf9kmrQ,,,2026-02-21T03:22:50.509Z,31.0,8268.955,31.0
I Hired a COD PRO to Secretly 1v1 Streamers,https://www.youtube.com/watch?v=Pvsoenj_lso,Swagg,https://www.youtube.com/channel/UCW1CGYCjfKhNLGp_Os1g_Pg,2026-02-21T02:14:15.906Z,1231.0,4114.603,1231.0
Inviting Strangers To My Home For Dinner,https://www.youtube.com/watch?v=rw7ZTncuGBQ,yairbmotivation,https://www.youtube.com/channel/UCblwmSWYANkS_a0JSzpGH-w,2026-02-21T01:34:47.423Z,62.0,2368.483,62.0
"Bride Furious After Her Family OrdersPizzas Instead Of Eating Her $15,000Vegan Wedding Catering",https://www.youtube.com/watch?v=_MIHLZx2X2k,Kiersten Mcclam,https://www.youtube.com/channel/UClEM8OecVfa03dh464D7g6w,2026-02-21T01:15:59.695Z,66.0,1127.728,66.0
top 5 most liked edit ☠️#anime #bleach #aizensousuke,https://www.youtube.com/watch?v=0mXTSBcAbes,KNOx,https://www.youtube.com/channel/UC8G8NL6A8rnTbVYyBr6X3fA,2026-02-21T01:14:09.359Z,,110.336,110.336
LA DISTANCIA PARA UN DUELO - BLEACH meets flamenco gipsy guitarist OST 3 GUITAR COVER,https://www.youtube.com/watch?v=v3hkdr1PbG0,LucasGitanoFamily,https://www.youtube.com/channel/UCpUAp8m92gecvW8EyV3fLCA,2026-02-21T01:09:46.657Z,270.0,262.702,262.702
Nube Negra,https://www.youtube.com/watch?v=MBJcmVQC2WI,Shiro Sagisu - Topic,https://www.youtube.com/channel/UCX1eEXAVyXoPviRXoEgKipQ,2026-02-21T01:07:44.477Z,116.0,122.18,116.0
GERUDO VALLEY - ZELDA OCARINA OF TIME meet flamenco gipsy guitarist GAME GUITAR COVER FINGERSTYLE,https://www.youtube.com/watch?v=CPUKGFVrQvE,LucasGitanoFamily,https://www.youtube.com/channel/UCpUAp8m92gecvW8EyV3fLCA,2026-02-21T01:01:12.323Z,387.0,392.154,387.0
No Regresar,https://www.youtube.com/watch?v=w0a97yOKnwA,Shiro Sagisu - Topic,https://www.youtube.com/channel/UCX1eEXAVyXoPviRXoEgKipQ,2026-02-21T00:59:11.641Z,115.0,120.682,115.0
Fiesta De Guerra.,https://www.youtube.com/watch?v=4v6dp2N3e8U,Shiro Sagisu - Topic,https://www.youtube.com/channel/UCX1eEXAVyXoPviRXoEgKipQ,2026-02-21T00:56:37.761Z,149.0,153.88,149.0
Your self-discovery companion,https://www.youtube.com/watch?v=QYr3-QQ5Cm0,,,2026-02-21T00:55:22.809Z,124.0,74.952,74.952
I Got STALKED In Greece 😬,https://www.youtube.com/watch?v=i5P6xjHVqDE,Landen Levine Shorts,https://www.youtube.com/channel/UC7ZcI9WM6DYFx9P6hWtEXfA,2026-02-21T00:53:49.370Z,52.0,93.439,52.0
Treachery,https://www.youtube.com/watch?v=0kYq-E8BJgU,Shiro Sagisu - Topic,https://www.youtube.com/channel/UCX1eEXAVyXoPviRXoEgKipQ,2026-02-21T00:53:09.594Z,203.0,39.776,39.776
Getting Robbed By A 10 Year Old in Romania,https://www.youtube.com/watch?v=Q1YWx7lg1Zs,Sabbatical,https://www.youtube.com/channel/UCib80j_q5o_C5XsCA9YsAFg,2026-02-21T00:52:58.852Z,42.0,10.742,10.742
『Treachery』(Bleach) meet LucasGitanoFamily【flamenco guitar cover】Aizen's Theme,https://www.youtube.com/watch?v=vhTfUx7WXvg,LucasGitanoFamily,https://www.youtube.com/channel/UCpUAp8m92gecvW8EyV3fLCA,2026-02-21T00:47:12.402Z,352.0,346.45,346.45
The Elder Scrolls: Skyrim | Winter Storms Music & Ambience 🎧 12 Peaceful Scenes,https://www.youtube.com/watch?v=FNBf2yNOzhY,Ambient Worlds,https://www.youtube.com/channel/UCfR8HhkbpDAwvYxrecNg4Mg,2026-02-21T00:45:48.316Z,7201.0,84.086,84.086
"JoeD HEATED as Thieves SLAM Toronto, Pred COOKS Cloud9 😭🚨",https://www.youtube.com/watch?v=TpSeMBp7_HA,TacticalRab,https://www.youtube.com/channel/UCvAD3EQC4-_oEIThqMhWOAQ,2026-02-21T00:29:53.229Z,944.0,955.087,944.0
Bleach TYBW: Treachery『 Aizen's Main Theme 』- EPIC VERSION (feat. Sophie Anne),https://www.youtube.com/watch?v=XKKvgrMADPw,Paul Drew Music,https://www.youtube.com/channel/UCQv9gW85XDv4NB64-gOZdsw,2026-02-21T00:26:11.294Z,232.0,221.935,221.935
Bleach OST - Treachery (Aizen's Theme),https://www.youtube.com/watch?v=XZYFHgF7OBQ,PianoDeuss,https://www.youtube.com/channel/UCgMvjHTX7jn4iIKNHjIUJiw,2026-02-21T00:14:29.621Z,192.0,701.673,192.0
Treachery  - Sosuke Aizen's Theme (Bleach OST Extended),https://www.youtube.com/watch?v=bWAVOlfUpx4,CHRISTO,https://www.youtube.com/channel/UCnbnxEhApz-JVOL6R3fQ8nQ,2026-02-21T00:08:27.480Z,357.0,362.141,357.0
Treachery  -「Treacherously」| Aizen vs Yhwach | ＜Bleach TYBW＞,https://www.youtube.com/watch?v=DCt0GgnqK8M,Hamon Music,https://www.youtube.com/channel/UC_LHDJXdyBvoNKppA4Cr_1g,2026-02-21T00:00:46.594Z,247.0,460.886,247.0
OpTic Gaming Eats The Best Food In Mexico City,https://www.youtube.com/watch?v=vwPbE47t-yo,BtH MaNiaC,https://www.youtube.com/channel/UCqabFRJaz-PzZ5PbZRWeICA,2026-02-20T23:48:08.271Z,2156.0,758.323,758.323
Orihime's Line,https://www.youtube.com/watch?v=uktGqLOBbVU,Shiro Sagisu - Topic,https://www.youtube.com/channel/UCX1eEXAVyXoPviRXoEgKipQ,2026-02-20T23:47:32.576Z,135.0,35.695,35.695
Don Toliver - Situation [Official Audio],https://www.youtube.com/watch?v=8PsqW7ydLGA,Don Toliver,https://www.youtube.com/channel/UCgT01FILdWB9BsXBXKjpQ7A,2026-02-20T23:43:06.938Z,140.0,265.638,140.0
My Hero Academia OST - You Say Run,https://www.youtube.com/watch?v=iYZIUtDAFIw,AnoKira Senpai,https://www.youtube.com/channel/UC-URGZqEJShChMu-ih6ZWRg,2026-02-20T23:38:56.514Z,232.0,250.424,232.0
🔴LAT vs KOI | CDL WATCH PARTY,https://www.youtube.com/watch?v=Roxe1P-YwUE,Jake Maverik 🚀,https://www.youtube.com/channel/UCUn3HWoBcmBUUOeVGy2K9SA,2026-02-20T22:32:40.675Z,15468.0,3975.839,3975.839
Shocking Effects of Kundalini Awakening,https://www.youtube.com/watch?v=Uc0Ku1QSnow,Curious Plus,https://www.youtube.com/channel/UCbSjS5qrkFpPiTDs_abjLeQ,2026-02-20T22:32:28.097Z,57.0,12.578,12.578
Scary Kundalini Awakening Symptoms 🤯😰 #kundalini #kundaliniawakening #spirituality #viralshorts,https://www.youtube.com/watch?v=gi7oPcQr-o8,T for Tarot,https://www.youtube.com/channel/UCFFG4ZIyxYk59QfMW6DhmlA,2026-02-20T22:25:37.897Z,12.0,410.2,12.0
What is Full Kundalini Awakening vs. Partial Awakening?,https://www.youtube.com/watch?v=0is0n1lBDOQ,Inner Quest,https://www.youtube.com/channel/UCr2cc3Y45b-zBavt-8kCjbg,2026-02-20T22:17:04.051Z,468.0,513.846,468.0
N3on Might’ve just made theEASIEST $100k In his life 👀💵#n3on,https://www.youtube.com/watch?v=6q97PgP_dFc,CSE,https://www.youtube.com/channel/UCCYkiHjET02H8Bs0rTkZ0TQ,2026-02-20T22:06:46.774Z,18.0,617.277,18.0
FormaL speaks on Alluka falling off 🗣️,https://www.youtube.com/watch?v=zzCMZhQVXYw,Clipped COD,https://www.youtube.com/channel/UCflmjGXW_sqw32HC8Cw0PCA,2026-02-20T22:06:29.821Z,48.0,16.953,16.953
iFixit: The World's Largest Repair Community,https://www.youtube.com/watch?v=QxWIZYlfwso,,,2026-02-20T21:45:42.995Z,30.0,1246.826,30.0
15 titles colder than absolute zero. ❄️ #anime #animeedit #jjkseason3,https://www.youtube.com/watch?v=-Fw80XMWmN8,RaviEditz,https://www.youtube.com/channel/UC3_gPPDvMBD1OhQFgm4356Q,2026-02-20T21:42:37.775Z,57.0,185.22,57.0
"Buy 1, Get 2 FREE Curtains!",https://www.youtube.com/watch?v=x40FXCKm8fU,,,2026-02-20T21:42:02.353Z,31.0,35.422,31.0
Bro baked Jeremy Sochan so bad omg 😭🔥🔥 #nbabasketball #cadecunningham #hoopplanet,https://www.youtube.com/watch?v=M54aa5IDDpU,Hoop Planet 🌍,https://www.youtube.com/channel/UC1O_36x2N-ngv61Z8ORjbgA,2026-02-20T21:41:47.816Z,64.0,14.537,14.537
"""Snakes of despair""",https://www.youtube.com/watch?v=d9b-9H2OoZ8,Shiro Sagisu - Topic,https://www.youtube.com/channel/UCX1eEXAVyXoPviRXoEgKipQ,2026-02-20T20:04:24.354Z,169.0,5843.462,169.0
Number One - Bankai,https://www.youtube.com/watch?v=7JEjQG4-tpU,Shiro Sagisu - Topic,https://www.youtube.com/channel/UCX1eEXAVyXoPviRXoEgKipQ,2026-02-20T19:55:43.811Z,277.0,520.543,277.0
Princess In Captivity,https://www.youtube.com/watch?v=HBG9pOD-Y5E,Shiro Sagisu - Topic,https://www.youtube.com/channel/UCX1eEXAVyXoPviRXoEgKipQ,2026-02-20T19:53:37.821Z,121.0,125.99,121.0
La Distancia Para Un Duelo,https://www.youtube.com/watch?v=NlZVSsHtIhQ,Shiro Sagisu - Topic,https://www.youtube.com/channel/UCX1eEXAVyXoPviRXoEgKipQ,2026-02-20T19:40:00.533Z,178.0,817.288,178.0
“That was EMBARRASSING” - Michael Jordan GOES OFF on the 2026 NBA Dunk Contest,https://www.youtube.com/watch?v=WxVq1-PnNMA,DangerousAI,https://www.youtube.com/channel/UClpYaV73nQDaJf-Vx3CYqVA,2026-02-20T17:23:18.291Z,47.0,8202.242,47.0
CLAVAR LA ESPADA - BLEACH meets flamenco gipsy guitarist OST 3 GUITAR COVER,https://www.youtube.com/watch?v=WWc4HxnU5h4,LucasGitanoFamily,https://www.youtube.com/channel/UCpUAp8m92gecvW8EyV3fLCA,2026-02-20T12:07:25.078Z,242.0,18953.213,242.0
『Clavar La Espada by Night』(Bleach) LucasGitanoFamily【flamenco guitar cover】Anime Ost Music ブリーチ,https://www.youtube.com/watch?v=3uDF4zzYoWQ,LucasGitanoFamily,https://www.youtube.com/channel/UCpUAp8m92gecvW8EyV3fLCA,2026-02-20T12:06:59.887Z,431.0,25.191,25.191
"INSANE Attack on Titan Season 4 (Final Season) OP - ""Boku no Sensou"" / ""My War"" (Piano)",https://www.youtube.com/watch?v=_FVzelKlBFs,Fonzi M - Melodies on Piano,https://www.youtube.com/channel/UCpQUBJrRfcpWLro4Oziff7Q,2026-02-20T11:58:07.402Z,222.0,532.485,222.0
Aizen vs All Captains AMV - Treachery (Bleach),https://www.youtube.com/watch?v=ZM48Obngg6A,Deathstroke24120,https://www.youtube.com/channel/UCoJJqEUAydFQVgvDglbpjtA,2026-02-20T10:22:40.953Z,167.0,5726.449,167.0
The Entirety of The Walking Dead BUT Just the Memes,https://www.youtube.com/watch?v=_HTADbMSAHk,TWD_Luce,https://www.youtube.com/channel/UCH3ZFsBaJSGuKyJJZq0EJAw,2026-02-20T10:22:30.283Z,180.0,10.67,10.67
Marat Raduga – Treachery. Shiro Sagisu (Symphonic Rock Cover) 2022 DEMO Aizen #Bleach,https://www.youtube.com/watch?v=xiTgAs3swB0,Marat Raduga,https://www.youtube.com/channel/UCUwi8tVcuCumBaagAuNpKPw,2026-02-20T10:19:51.567Z,56.0,158.716,56.0
Treachery (BLEACH OST/ AIZEN THEME) #bleach #aizen #treachery #animeost,https://www.youtube.com/watch?v=bjTfOfePVzw,Nikita Grek,https://www.youtube.com/channel/UC5YZvX9EbxhFBgR8qr6Ub_A,2026-02-20T10:19:04.898Z,61.0,46.669,46.669
Top 10 Bleach Soundtracks - Part 2 #aizen #aizensosuke #bleach,https://www.youtube.com/watch?v=dmwDvUYJJoA,windfly,https://www.youtube.com/channel/UCtMNlTAh16A5plFkKOIIB3Q,2026-02-20T10:17:45.933Z,60.0,78.965,60.0
Treachery - treacherously,https://www.youtube.com/watch?v=y7jLK65J458,Shiro Sagisu - Topic,https://www.youtube.com/channel/UCX1eEXAVyXoPviRXoEgKipQ,2026-02-20T10:15:56.973Z,274.0,108.96,108.96
Bleach - Treachery (Aizen's Theme) | ORCHESTRAL COVER |,https://www.youtube.com/watch?v=50izFnvAbIs,Edziovsky,https://www.youtube.com/channel/UCj9uVN8nbu3vwRG7tugoLKA,2026-02-20T10:15:08.220Z,153.0,48.753,48.753
Bleach OST - Treachery (Diamond Dust Rebellion) | EPIC VERSION,https://www.youtube.com/watch?v=1FzjEiUpZ-Y,Crystilo Music,https://www.youtube.com/channel/UCjmYh607aReyM9C7WqyVXDA,2026-02-20T10:14:04.670Z,167.0,63.55,63.55
TREACHERY (From BLEACH) | METAL COVER WITH VOCALS by Rocco Minichiello,https://www.youtube.com/watch?v=ODiQqVC1b9o,Rocco Minichiello,https://www.youtube.com/channel/UCZZSaqX_KU5zi2KwFs0KvgQ,2026-02-20T10:12:39.017Z,197.0,85.653,85.653
Clavar La Espada (Bleach) - Symphony Orchestra (Anime theme),https://www.youtube.com/watch?v=Urag3-S7fdA,Абдурашид Райдинов,https://www.youtube.com/channel/UCnPJKE3f_4WgilzJAUA1uig,2026-02-20T10:08:44.206Z,34.0,234.811,34.0
MFW Aizen Stops Ichigo's Theme Song,https://www.youtube.com/watch?v=NbwEsa7C_kM,Space Cowgirls,https://www.youtube.com/channel/UCiyRcvTyv2DHWg3WSz_2szA,2026-02-20T10:08:22.562Z,23.0,21.644,21.644
"Gintama, but it's only parodying Bleach",https://www.youtube.com/watch?v=g0BUyCZRhTM,Nightmare Awakened,https://www.youtube.com/channel/UCbTw0XtBm6XTHC71-nJR3eg,2026-02-20T10:06:30.168Z,523.0,112.394,112.394
Aizen literally stops the concert during Ichigo's Theme,https://www.youtube.com/watch?v=LatS8qgeyKc,Spirit Bomb,https://www.youtube.com/channel/UCoxeIKDWLjM2SmBqZM_aT0Q,2026-02-20T10:05:32.142Z,129.0,58.026,58.026
TVアニメ『BLEACH』20th PV,https://www.youtube.com/watch?v=GrletSTtDCk,『BLEACH』アニメ公式チャンネル,https://www.youtube.com/channel/UCwR6z7fsMpHPjypxQxMYAjw,2026-02-20T10:04:01.110Z,123.0,91.032,91.032
"""Cometh the hour"" Pt. B_Opus1",https://www.youtube.com/watch?v=OAkKe6NO-ds,Shiro Sagisu - Topic,https://www.youtube.com/channel/UCX1eEXAVyXoPviRXoEgKipQ,2026-02-20T10:03:20.801Z,182.0,40.309,40.309
"""Cometh the hour"" Pt. A_Opus1",https://www.youtube.com/watch?v=n6WPRsDQd_o,Shiro Sagisu - Topic,https://www.youtube.com/channel/UCX1eEXAVyXoPviRXoEgKipQ,2026-02-20T10:02:38.712Z,144.0,42.089,42.089
I LOVE IT | BLEACH OST REACTION & RANKING PART 3,https://www.youtube.com/watch?v=ijGifypovvc,starpatrickshow ,https://www.youtube.com/channel/UCNTu5CJjij_Nnm0nB1UvxEw,2026-02-20T10:01:07.441Z,1240.0,91.271,91.271
IT'S TOO GOOD | BLEACH OST REACTION & RANKING PART 2,https://www.youtube.com/watch?v=7BCdksj-sh8,starpatrickshow ,https://www.youtube.com/channel/UCNTu5CJjij_Nnm0nB1UvxEw,2026-02-20T09:58:47.673Z,990.0,139.768,139.768
BEST ANIME OST? | BLEACH OST REACTION & RANKING,https://www.youtube.com/watch?v=xz_ZRyfV1S8,starpatrickshow ,https://www.youtube.com/channel/UCNTu5CJjij_Nnm0nB1UvxEw,2026-02-20T09:51:34.632Z,1200.0,433.041,433.041
Playing BLEACH SONGS On Piano In PUBLIC!,https://www.youtube.com/watch?v=9sGUSjBFh64,Adrien Montout,https://www.youtube.com/channel/UCVgXEyyuVwz1UlSbFItlcBQ,2026-02-20T09:48:26.763Z,937.0,187.869,187.869
Everyone recognizes this ANIME song instantly  #animemusic #piano,https://www.youtube.com/watch?v=aZ3sGH_obic,Yeh Piano Covers,https://www.youtube.com/channel/UCkvf8iSqKy84GDmRgJ0EokQ,2026-02-20T09:48:01.612Z,20.0,25.151,20.0
Bleach Theme (Treachery) 🐐👻#shorts #bleach #anime,https://www.youtube.com/watch?v=3uf-TxnjnCA,Na One,https://www.youtube.com/channel/UC0G-1xwbzifHt3gOYAKtpUA,2026-02-20T09:47:44.144Z,20.0,17.468,17.468
Bleach on public piano 🔥 #shorts #pianomusic #pianist #animepiano #publicpiano,https://www.youtube.com/watch?v=9CNqO0fcqTU,friqtao,https://www.youtube.com/channel/UCirq_WM4a5bzTmSQBtGuD_g,2026-02-20T09:47:05.794Z,43.0,38.35,38.35
Aizen ost#anime #aizen #bleach #treachery,https://www.youtube.com/watch?v=mCdzmptuXF4,itodo,https://www.youtube.com/channel/UC0Jdg-zEPAgkPkE-QL2MQyA,2026-02-20T09:46:22.865Z,20.0,42.929,20.0
Imagine if Treachery was played at your wedding,https://www.youtube.com/watch?v=XI2q6gcRDSQ,Jordan D Piano,https://www.youtube.com/channel/UCQdRelrBnQD-Ri_gA_3JWIw,2026-02-20T09:45:46.630Z,28.0,36.235,28.0
Bleach - Treachery // Metal Cover by Vincent Moretto,https://www.youtube.com/watch?v=P4_r_xZCaHI,Vincent Moretto,https://www.youtube.com/channel/UCfdtOZc_EC9mi10cnap_Brw,2026-02-20T09:44:41.985Z,334.0,64.645,64.645
"Bleach - Treachery ""Aizen Theme"" Cello Cover",https://www.youtube.com/watch?v=I9neYcfL4GE,Stephan Bookman,https://www.youtube.com/channel/UCqbJFj7yIskS7jCu_NZv_iQ,2026-02-20T09:44:26.844Z,235.0,15.141,15.141
BLEACH | Treachery (Sosuke Aizen Theme) | Metal Guitar Cover,https://www.youtube.com/watch?v=IhMcMKyQWn8,Gabriele Motta (Carabus),https://www.youtube.com/channel/UCLFyWu4F6U0jn2prsPvdhEA,2026-02-20T09:40:15.254Z,249.0,251.59,249.0
Treachery / Aizen theme - Bleach - Violin cover,https://www.youtube.com/watch?v=KBxapUW8IYE,David Piché,https://www.youtube.com/channel/UCKaxi159GMKOH4S6mA2G8rw,2026-02-20T09:38:18.498Z,203.0,116.756,116.756
Do you remember the BEST SONGS from Bleach?🤯🤯 #bleach #anime #ichigo #piano #pianocover #shorts,https://www.youtube.com/watch?v=Yab5Vhfbkpo,Jaylen Wade,https://www.youtube.com/channel/UCycYK77c0dF_urSjpzp_r-w,2026-02-20T09:37:36.185Z,47.0,42.313,42.313
Treachery | Aizen Theme - (Electric Guitar Cover),https://www.youtube.com/watch?v=O51Ke8dPP-o,Quintessence of Music,https://www.youtube.com/channel/UCUQTA-yhMhvXYF82o7iEgbg,2026-02-20T09:36:51.075Z,60.0,45.11,45.11
Aizen dominates - Treachery [Bleach VIOLIN Cover],https://www.youtube.com/watch?v=smi9udGDjn4,Hankyô Music,https://www.youtube.com/channel/UC-l6FqMFJ_ThI-QpIugnecA,2026-02-20T09:36:33.138Z,27.0,17.937,17.937
Treachery (Aizen's Theme) Cover Accoustic,https://www.youtube.com/watch?v=bFVWCA7VFgg,Vincent Leonhart,https://www.youtube.com/channel/UCp8Fw9rYk2ojZAM1_4nfdfw,2026-02-20T09:35:53.546Z,44.0,39.592,39.592
Bleach OST Treachery lyrics explained #anime #bleach #aizen #shorts,https://www.youtube.com/watch?v=awE0gmp4Gnw,Legends Are Lessons,https://www.youtube.com/channel/UCVNMR7daPHBTp2zrV9vyY-w,2026-02-20T09:29:27.183Z,59.0,386.363,59.0
Aizen ~ Treachery [AMV] Bleach💥💥 || #bolti #bleach  #edit #shortsvideo,https://www.youtube.com/watch?v=9v2KROU5Lbk,Boltii,https://www.youtube.com/channel/UCl4pIbI8OVzlszj0qtgZDLA,2026-02-20T09:28:43.105Z,25.0,44.078,25.0
Bleach characters having crazy theme songs,https://www.youtube.com/watch?v=xWeWrmk0BnQ,Tony Statovci,https://www.youtube.com/channel/UCmzUN9l2gjbHiPDmW7brIAA,2026-02-20T09:27:13.711Z,17.0,89.394,17.0
Echoes of Elegance – Dark Cello Reverie,https://www.youtube.com/watch?v=S3eFxkxpe20,Timeless Serenade,https://www.youtube.com/channel/UCInvOytiW1QCVc2CCS9x7bA,2026-02-20T09:19:54.072Z,6274.0,439.639,439.639
BLEACH OST Treachery Orchestra BANZAI AIZEN-SAMAanimesymphony_koncert #anime #shorts #bleach #fyp,https://www.youtube.com/watch?v=e7EvsOOd2Zg,anime fantastica,https://www.youtube.com/channel/UCQeXvgIjLPTe_4VxNup-kRw,2026-02-20T09:08:02.354Z,60.0,711.718,60.0
"""The Hell Verse"" - a medley from Bleach | Mid-Spring Concert 2019",https://www.youtube.com/watch?v=ik7dHgR2Lx8,The Intermission Orchestra at Berkeley,https://www.youtube.com/channel/UCsN-lyLIZcOZP-NqaGgWfUQ,2026-02-20T09:04:06.625Z,310.0,235.729,235.729
Treachery | Bleach | iTSO,https://www.youtube.com/watch?v=gXjS6gqSZGI,iconiQ The Soundtrack Orchestra,https://www.youtube.com/channel/UCYO14v3ja9pbb5cCmak2HPw,2026-02-20T09:01:09.742Z,192.0,176.883,176.883
Anime symphony - Bleach Treachery,https://www.youtube.com/watch?v=0ZL6OAdy6C4,Rabbit,https://www.youtube.com/channel/UCeATFm3cjqUkkUqfldxzRfQ,2026-02-20T09:00:11.263Z,81.0,58.479,58.479
Treachery - Bleach OST (Epic Orchestral Version) - By MonstarMashMedia,https://www.youtube.com/watch?v=dVkMP-x-7rw,MonstarMashMedia,https://www.youtube.com/channel/UCffWNsaCOsQUwir5j79-ChQ,2026-02-20T08:58:26.597Z,254.0,104.666,104.666
on the precipice of defeat,https://www.youtube.com/watch?v=KEKx6Yv4OYk,Shiro Sagisu - Topic,https://www.youtube.com/channel/UCX1eEXAVyXoPviRXoEgKipQ,2026-02-20T08:46:55.757Z,178.0,690.84,178.0
Jujutsu Kaisen OST - Gojo's Theme『Infinite Potential』HQ cover,https://www.youtube.com/watch?v=32z66tM_at0,赤い神Enryu,https://www.youtube.com/channel/UCsizObefAFCPRBlg6F5B68g,2026-02-20T08:44:22.373Z,148.0,153.384,148.0
Vertical: Carl's Jr. | BOGO Famous Star | Famous for a Reason,https://www.youtube.com/watch?v=m3HGjSbAoRc,,,2026-02-20T07:43:41.252Z,16.0,3641.121,16.0
I Don’t Even Want To Think About It…” 😢 NBA Stars React To LeBron’s Retirement 👑 #nba #basketball,https://www.youtube.com/watch?v=7nOne78EZWc,ClipsVY,https://www.youtube.com/channel/UCtI6Ar6RXjuByNmLUsyvoGg,2026-02-20T07:42:00.790Z,38.0,100.462,38.0
someone FINALLY found the golden ticket,https://www.youtube.com/watch?v=z7gOVx1LaO8,mryeester,https://www.youtube.com/channel/UCPvRdfUooqCf0zPOYvbBzVA,2026-02-20T07:36:42.140Z,44.0,318.65,44.0
N3on didn’t Realize He just HOPPED on MOZZY music video for his new HIT 😮👀 #n3on #mozzy,https://www.youtube.com/watch?v=Ual9rf5-y_M,Kick_Clippers,https://www.youtube.com/channel/UCIPD8q8n3Vy7Qfz59RTc1Jg,2026-02-20T07:36:29.082Z,18.0,13.058,13.058
How Secret Maneuver Used To Drive Parked Car 😳,https://www.youtube.com/watch?v=ZJv_iFkGGO4,ArS,https://www.youtube.com/channel/UC_o7ssvRg2cpnkvqQGPGMSg,2026-02-20T07:34:31.181Z,39.0,117.901,39.0
The Most Random Cover Athlete Of All Time #nbabasketball #nba #nba2k #basketball,https://www.youtube.com/watch?v=DQsh3p-ReHk,Top Five Moments,https://www.youtube.com/channel/UC21wDWqEcXkVf7BwIq1GRVg,2026-02-20T07:33:11.658Z,57.0,79.523,57.0
The best way to study Japanese  #interview  #streetinterview #bunpo #studyjapanese #learnjapanese,https://www.youtube.com/watch?v=4MRv0XRWy0k,,,2026-02-20T07:33:10.929Z,61.0,0.729,0.729
FormaL talks about what it would take for Dashy to surpass his legacy 😳,https://www.youtube.com/watch?v=LpNr7px6ovE,Clipped COD,https://www.youtube.com/channel/UCflmjGXW_sqw32HC8Cw0PCA,2026-02-20T07:33:08.745Z,29.0,2.184,2.184
CAUGHT RABIES FROM THIS,https://www.youtube.com/watch?v=Ci2ncZXvXOU,GreenSlime Gaming,https://www.youtube.com/channel/UCS3c5BPyielIDJztkUaAdmQ,2026-02-20T07:32:23.318Z,20.0,45.427,20.0
Vanished (MGM+ 2026 Series) Post-Premiere 30 16x9 Subtitled,https://www.youtube.com/watch?v=DUx0KzYUnrI,,,2026-02-20T07:32:13.996Z,31.0,9.322,9.322
Boston Celtics vs Golden State Warriors | Live Play-By-Play & Reactions,https://www.youtube.com/watch?v=7-IA5Gu9lZA,The Sports Fury,https://www.youtube.com/channel/UCiF5HFwipoXlNahMHMEII_g,2026-02-20T07:32:06.849Z,13466.0,7.147,7.147
Steve Kerr CONGRATULATES Draymond for scoring 0 points - Post Game Interview - Celtics vs Warriors,https://www.youtube.com/watch?v=ZSfW_XLeXnQ,DangerousAI,https://www.youtube.com/channel/UClpYaV73nQDaJf-Vx3CYqVA,2026-02-20T07:13:23.580Z,60.0,1123.269,60.0
28 DAYS LATER | Dad's Infected (2002) Movie CLIP HD,https://www.youtube.com/watch?v=2tLDpOxs5cA,JoBlo Horror,https://www.youtube.com/channel/UCXc2VYUIXG0vXu9cDXgQyMQ,2026-02-20T06:49:37.760Z,185.0,1425.82,185.0
OpTic vs NEW LA Thieves — Absolute Beatdown in Scrims,https://www.youtube.com/watch?v=5Vwxo9IKco4,CDL & HALO HQ,https://www.youtube.com/channel/UCmmSXRylbjnSjuVR8szuSBg,2026-02-20T06:48:25.661Z,3075.0,72.099,72.099
"ATTACH,SHOTZZY & PRED FUNNIEST IRL STREAM 🤣",https://www.youtube.com/watch?v=5ODKV0YWEyI,Attach Live,https://www.youtube.com/channel/UCouiN8YH2IqFs8BR6DCg7uw,2026-02-20T06:47:21.262Z,3593.0,64.399,64.399
"Through Guild and Purdue Global, Ashley has what she needs to come back and move forward",https://www.youtube.com/watch?v=e7WOi3ttr8U,,,2026-02-20T06:47:14.519Z,16.0,6.743,6.743
"Wolfdog jumps into Olympic XC ski race, goes for gold | Winter Olympics 2026 | NBC Sports",https://www.youtube.com/watch?v=vo_jyxSnk2Q,NBC Sports,https://www.youtube.com/channel/UCqZQlzSHbVJrwrn5XvzrzcA,2026-02-20T06:44:08.171Z,80.0,186.348,80.0
The Vietnamese Dessert That Shouldn’t Work (But Does),https://www.youtube.com/watch?v=p7j-pZ95MfQ,Curious About Vietnam,https://www.youtube.com/channel/UCp6nlKj9ETQmf2J48Kq-c5g,2026-02-20T06:43:57.105Z,34.0,11.066,11.066
Your self-discovery companion,https://www.youtube.com/watch?v=QYr3-QQ5Cm0,,,2026-02-20T06:43:47.054Z,124.0,10.051,10.051
Oil Painter tries Blind Color Matching Challenge,https://www.youtube.com/watch?v=UFU0zMhyzyg,JakeDontDraw,https://www.youtube.com/channel/UCeGQoHGnqmv71vGIqarX7cA,2026-02-20T06:43:46.158Z,179.0,0.896,0.896
bro responded on the court after all the talking 😭🔥🔥 #nbabasketball #kevindurant #hoopplanet,https://www.youtube.com/watch?v=PkqD61tSAFc,Hoop Planet 🌍,https://www.youtube.com/channel/UC1O_36x2N-ngv61Z8ORjbgA,2026-02-20T06:42:34.392Z,60.0,71.766,60.0
MrBeast Caused A SCAFFOLDING CRISIS,https://www.youtube.com/watch?v=MfKzP-fU1OE,Short Affinity,https://www.youtube.com/channel/UCKPZWKaa7rxVhE2E7nfB4sA,2026-02-20T06:42:31.387Z,39.0,3.005,3.005
bro actually exposed Bear Grylls 😳,https://www.youtube.com/watch?v=k33WqRgOQHs,ohnepixel raw,https://www.youtube.com/channel/UCWX7tzz1JJVc2Usx0BRn1Cg,2026-02-20T06:41:27.501Z,39.0,63.886,39.0
🇻🇳 SKIP THE VISA RUN! How to Live and Retire in Vietnam on a Long Term Visa,https://www.youtube.com/watch?v=S7iXO9oo14M,Evan Eh! 🇨🇦,https://www.youtube.com/channel/UC224bB24ee43tWYpaD6QWkQ,2026-02-20T06:13:37.166Z,1867.0,1670.335,1670.335
The Toy Story 5 Trailer Looks...,https://www.youtube.com/watch?v=wFWs_ut6L-4,3C Films,https://www.youtube.com/channel/UCkFbAywlXz4W0BCle2eFyUw,2026-02-20T06:11:34.848Z,564.0,122.318,122.318
Toy Story 5 | Official Trailer | In Theaters June 19,https://www.youtube.com/watch?v=c51ND9Hdbw0,Pixar,https://www.youtube.com/channel/UC_IRYSp4auq7hKLvziWVH6w,2026-02-20T06:08:13.800Z,145.0,201.048,145.0
ROSTERMANIA CONTINUES!? | Around The CDL Ep. 73,https://www.youtube.com/watch?v=Ue-0bffcM_8,Jake Maverik 🚀,https://www.youtube.com/channel/UCUn3HWoBcmBUUOeVGy2K9SA,2026-02-20T05:56:03.516Z,3661.0,730.284,730.284
High-Rise Condo Living in Vung Tau for Under $400 – Full Tour! 🇻🇳🏝️,https://www.youtube.com/watch?v=dQ_VvBg1u-o,Reborn Abroad,https://www.youtube.com/channel/UCj3uohRHt2UmNCTEvHJE8aQ,2026-02-20T05:44:57.268Z,1711.0,666.248,666.248
"Forget Nha Trang, Forget Da Nang & Come Here!",https://www.youtube.com/watch?v=fTg-ZInwGZY,David Khai,https://www.youtube.com/channel/UCXDtHVw-kTFqiX87UsM2ZqA,2026-02-20T05:40:11.200Z,1943.0,286.068,286.068
"NEW BEACH BOULEVARD IN VUNG TAU, Vietnam 🇻🇳 #vungtau #vungtaucity #vũngtàu",https://www.youtube.com/watch?v=iSzdl1xVTwY,Diana Neven,https://www.youtube.com/channel/UCT8bGVecgWlZ76VaBkLtvBg,2026-02-20T05:39:00.587Z,166.0,70.613,70.613
"summer in vietnam ☀️| 48 hours solo trip in vung tau ⛱️, a seaside city near saigon",https://www.youtube.com/watch?v=WSqaxpXzxMw,Miraaa Solo,https://www.youtube.com/channel/UCmPQEQl41UjdQ_m4slm0dnA,2026-02-20T05:31:15.404Z,1490.0,465.183,465.183
Top things to do in Vung Tau #vietnam #travel #localexperience #vungtau,https://www.youtube.com/watch?v=8TtrSnvwZFg,Asianway Travel Company,https://www.youtube.com/channel/UCLCGrXXDKLUhv1A-5XlcQNA,2026-02-20T05:28:09.033Z,55.0,186.371,55.0
"This is Vũng Tàu, Vietnam 🇻🇳 — The Beach City Everyone Overlooks (But Shouldn’t)",https://www.youtube.com/watch?v=9OGkviHTFM4,Travel Asia Daily,https://www.youtube.com/channel/UC74-H7XGCGcKdQaBHDNW0yw,2026-02-20T05:27:49.963Z,16.0,19.07,16.0
Discover Hai Phong: Vietnam's Hidden Gem! #HaiPhong #Vietnam #VietnamTravel #HiddenGem #AsiaTravel,https://www.youtube.com/watch?v=t0BSoo-j_Rg,World Wonders Unveiled,https://www.youtube.com/channel/UCeQx6yXoEum1ezuO8NkNdjQ,2026-02-20T05:25:29.920Z,45.0,140.043,45.0
Rạch Giá - Kiên Giang ( nay là Phường Rạch Giá - An Giang...) #vietnam #rachgia,https://www.youtube.com/watch?v=A8JiavD8k7E,Phat Nguyen,https://www.youtube.com/channel/UCqj7AijUkzl9snzRKgZ9FAQ,2026-02-20T05:25:01.470Z,21.0,28.45,21.0
Rach Gia Kien Giang Vietnam 🇻🇳,https://www.youtube.com/watch?v=lbypS3Eor1Q,Baby Ila Nguyen,https://www.youtube.com/channel/UC0rXHYGRSinlMql4HB2lWIw,2026-02-20T05:24:50.947Z,8.0,10.523,8.0
"Exploring Vung Tau Vietnam 🇻🇳 Stunning Beaches, Seafood & Hidden Gems!",https://www.youtube.com/watch?v=QWFWzzeP6Ms,Diana Neven,https://www.youtube.com/channel/UCT8bGVecgWlZ76VaBkLtvBg,2026-02-20T05:22:23.512Z,1959.0,147.435,147.435
🇻🇳|  NEW BEST BEACH TOWN NEAR Ho Chi Minh City! 🏖️ Vũng Tàu FULL TOUR,https://www.youtube.com/watch?v=yiugODYKYxs,Chai Travel,https://www.youtube.com/channel/UCNDk_kGqNSg60VNnzSeym_g,2026-02-20T05:20:17.515Z,1515.0,125.997,125.997
"🇻🇳| TRUE OPINIONS ⚠️ NHA TRANG, What Is it REALLY Like?",https://www.youtube.com/watch?v=M_38lF5Bh5g,Chai Travel,https://www.youtube.com/channel/UCNDk_kGqNSg60VNnzSeym_g,2026-02-20T05:17:34.173Z,983.0,163.342,163.342
Formal Reacts to OpTic vs Thieves Scrim! 🔥,https://www.youtube.com/watch?v=5A9h90iS43E,CDL Headquarters,https://www.youtube.com/channel/UCAwJYDzB5AYVhDG7WXRe5sg,2026-02-20T04:36:45.982Z,1312.0,2448.191,1312.0
MORE CDL ROSTERMANIA!? 🚨,https://www.youtube.com/watch?v=72zqstjWKFA,Jake Maverik 🚀,https://www.youtube.com/channel/UCUn3HWoBcmBUUOeVGy2K9SA,2026-02-20T04:00:04.129Z,59.0,2201.853,59.0
I Dropped a Crate of Chocolate from the Sky,https://www.youtube.com/watch?v=y_u72RPerfU,MrBeast 2,https://www.youtube.com/channel/UC4-79UOlP48-QNGgCko5p2g,2026-02-20T03:59:49.189Z,38.0,14.94,14.94
🔴ROSTERMANIA INCOMING??? | Around The CDL LIVE,https://www.youtube.com/watch?v=P58hy6EUhDc,Jake Maverik 🚀,https://www.youtube.com/channel/UCUn3HWoBcmBUUOeVGy2K9SA,2026-02-20T03:58:24.906Z,3918.0,84.283,84.283
"Scrap RESPONDS to Dashy Advantage, Beans vs Censor 😭",https://www.youtube.com/watch?v=yUmIpwNzYAU,TacticalRab,https://www.youtube.com/channel/UCvAD3EQC4-_oEIThqMhWOAQ,2026-02-20T01:30:08.212Z,798.0,8896.694,798.0
Brutally Ranking The BEST Plays From Major 1,https://www.youtube.com/watch?v=wlhr_f0Cvy0,OpTic Gaming,https://www.youtube.com/channel/UCVhkzoReyB25jpFEeXjh3kQ,2026-02-19T23:49:40.473Z,736.0,6027.739,736.0
🔴OPTIC SCRIMS vs LAT/BREACH!,https://www.youtube.com/watch?v=jXg-qLgp87o,Jake Maverik 🚀,https://www.youtube.com/channel/UCUn3HWoBcmBUUOeVGy2K9SA,2026-02-19T23:47:15.485Z,17295.0,144.988,144.988
OpTic Gaming Visits Mexico City!,https://www.youtube.com/watch?v=7oKegCNtLFQ,BtH MaNiaC,https://www.youtube.com/channel/UCqabFRJaz-PzZ5PbZRWeICA,2026-02-19T23:16:21.071Z,1416.0,1854.414,1416.0
We Reacted to Ourselves Reacting to Ourselves,https://www.youtube.com/watch?v=7e7XNQuMVKk,Strawberry Park,https://www.youtube.com/channel/UCyLLL4Al34gr3XH2_h4db5g,2026-02-19T23:00:08.924Z,1005.0,972.147,972.147
T2227.1_V1_VIDS_4x5.mp4,https://www.youtube.com/watch?v=cEoNNDxo2rU,,,2026-02-19T23:00:02.585Z,60.0,6.339,6.339
Sonic $6 All-American Smasher Meal,https://www.youtube.com/watch?v=mQls17C_VUg,,,2026-02-19T22:59:56.428Z,7.0,6.157,6.157
CLS_GOT3D654_EN_BJHT1慢速塔防-正交视角_国王_1920x1080,https://www.youtube.com/watch?v=AQz4LZDfSqk,,,2026-02-19T22:43:43.374Z,53.0,973.054,53.0
cid=eb107c69f94a54e388967604998fc9e6,https://www.youtube.com/watch?v=zWFnVEpn7Ms,,,2026-02-19T22:37:12.208Z,24.0,391.166,24.0
Built For Your Every Day.,https://www.youtube.com/watch?v=OZlX102vxUc,,,2026-02-19T22:15:07.758Z,45.0,1324.45,45.0
Vung Tau: The Road That Led Me To Jesus 🇻🇳,https://www.youtube.com/watch?v=j74zlAm1XNU,David Khai,https://www.youtube.com/channel/UCXDtHVw-kTFqiX87UsM2ZqA,2026-02-19T21:40:58.475Z,1685.0,2049.283,1685.0
RAD UGC Top3usesforAlice Shawn V222222 59 1920x1080 S12949 AndroidiOSPC English&IMG=4RGU,https://www.youtube.com/watch?v=Ym2iEZhZbVQ,,,2026-02-19T21:25:18.012Z,59.0,940.463,59.0
GenX Nostalgia_E Banks Chan Chan_15s_VA,https://www.youtube.com/watch?v=BjYOpdWc-1M,,,2026-02-19T21:19:25.040Z,16.0,352.972,16.0
2304002_DBL_ESC_N_AA_BattleScene_i01_1920x1080_07s_EN,https://www.youtube.com/watch?v=vX5eu29XFoc,,,2026-02-19T21:19:17.899Z,8.0,7.141,7.141
TOY STORY 5 Official Trailer (2026),https://www.youtube.com/watch?v=_Tct2P89RRc,FilmSelect,https://www.youtube.com/channel/UCT0hbLDa-unWsnZ6Rjzkfug,2026-02-19T21:17:11.880Z,155.0,126.019,126.019
Polar Bear Purrs When Cuddling with Her Human Dad,https://www.youtube.com/watch?v=eiE7GNkr9Uo,Animal Planet,https://www.youtube.com/channel/UCkEBDbzLyH-LbB2FgMoSMaQ,2026-02-19T21:16:24.543Z,218.0,47.337,47.337
Scathing Article Highlights The Problems With The NBA Since Adam Silvers Took Over From David Stern,https://www.youtube.com/watch?v=DGyPB4fzZ_w,DREAMERSPRO,https://www.youtube.com/channel/UCGun0enIN7p0ZfqzKqPvD5w,2026-02-19T21:15:14.610Z,551.0,69.933,69.933
Foxes are just cat software running on dog hardware 😂🦊 #petfox #cuteanimals #animallovers #cutestp,https://www.youtube.com/watch?v=mgx7oaf1pII,Hường Trần 3,https://www.youtube.com/channel/UCJ_n6AoqqpyK-uLPsqR4ZdQ,2026-02-19T21:14:00.953Z,66.0,73.657,66.0
MrBeast ILLEGALLY Entered A Country,https://www.youtube.com/watch?v=PcVrYx49hTw,Income Infinity,https://www.youtube.com/channel/UCKKulaP5iONYDplhcneCX_w,2026-02-19T21:13:59.944Z,33.0,1.009,1.009
It all MAKE SENSE NOW 👀 #shorts,https://www.youtube.com/watch?v=Zfqno6C_kdk,MD Productions,https://www.youtube.com/channel/UCoKFBIpf65_knnZyB77Ecwg,2026-02-19T21:13:31.537Z,29.0,28.407,28.407
🔴BREAKING NEWS! CLIPPERS AND KAWHI ABOUT TO GET THE DEATH PENALTY NBA EXECS FEEL!,https://www.youtube.com/watch?v=QF4JRYTENZY,TICKETtv LIVESTREAMS,https://www.youtube.com/channel/UCYpDuwvTs9bu9fpUcvspXtw,2026-02-19T21:10:05.894Z,4705.0,205.643,205.643
AAA® Petey Pays To Grow Up,https://www.youtube.com/watch?v=j2STX8UHXR4,,,2026-02-19T21:04:36.944Z,30.0,328.95,30.0
cid=8076f6614a4ffe12af19ddadb72438bf,https://www.youtube.com/watch?v=nlrNxacCj3Y,,,2026-02-19T21:04:10.311Z,22.0,26.633,22.0
"Master Herbal Pain Relief | Ultra Strength, Extra Strength & Pain Relieving Patch | :30",https://www.youtube.com/watch?v=neMLpq1whFA,,,2026-02-19T20:46:36.625Z,31.0,1053.686,31.0
SJ Matters YouTube 9x16 Dec 2025 SoCal v1,https://www.youtube.com/watch?v=gIaCzYyecFE,,,2026-02-19T20:46:02.549Z,29.0,34.076,29.0
PRIME-48495_Attack into Playable_EN_1080X1080_37s_hm50mcmj45_hm50mcmj45.mp4,https://www.youtube.com/watch?v=5NuzsnWiczo,,,2026-02-19T20:29:01.333Z,38.0,1021.216,38.0
RAD Top3UsesForTurvold 59sec V232142 59 1920x1080 S13576 AndroidiOSPC English&IMG=4Z4E,https://www.youtube.com/watch?v=yQ7qmGgmA8c,,,2026-02-19T20:27:54.103Z,59.0,67.23,59.0
cid=c3d8cec75564c79f24a244dcab27d177,https://www.youtube.com/watch?v=q1LZ5y87D88,,,2026-02-19T20:09:51.870Z,46.0,1082.233,46.0
eSIM Holafly,https://www.youtube.com/watch?v=V7VAD9fQtNA,,,2026-02-19T19:51:40.139Z,31.0,1091.731,31.0
YoungLA - We Do It All - 30s,https://www.youtube.com/watch?v=757snvaEkcc,,,2026-02-19T19:30:37.463Z,31.0,1262.676,31.0
THE BONE TEMPLE Ending Explained - What it's REALLY about,https://www.youtube.com/watch?v=WCOEtR36k5M,MadMorph Movie Club,https://www.youtube.com/channel/UCeXeeh_uSE9_ng6EnC-lQqg,2026-02-19T18:55:11.976Z,1744.0,2125.487,1744.0
Ralph Fiennes on preparing for the Iron Maiden scene | 28 Years Later: The Bone Temple,https://www.youtube.com/watch?v=xrrFEXGpadk,Digital Spy,https://www.youtube.com/channel/UC6rCU522MdNNvlCt45OEMng,2026-02-19T18:50:49.539Z,301.0,262.437,262.437
Kendrick Perkins Says Players Look Up to Kobe Not Lebron,https://www.youtube.com/watch?v=nFYsFnwWPow,UnCommon Cents,https://www.youtube.com/channel/UCD0Ob94aPTdq308tdjE9nRw,2026-02-19T18:43:17.744Z,700.0,451.795,451.795
26Q1 AGRNAT PDS YT15 Save Storewide SPAN,https://www.youtube.com/watch?v=3iU0Bp3X4As,,,2026-02-19T16:12:32.930Z,15.0,9044.814,15.0
Shortened: B0F3Y3BKYW Trailer na EN  YouTubelink 9x16 v1 TSAC US 15s,https://www.youtube.com/watch?v=Tx2CQES8DzE,,,2026-02-19T16:12:25.739Z,8.0,7.191,7.191
Everyone Is Apologizing To Kanye West Because Of This…,https://www.youtube.com/watch?v=Zn4Q-bTc4VQ,Brandon Conner,https://www.youtube.com/channel/UC6mboRNUSgSjumTsQoRwsVQ,2026-02-19T16:11:25.439Z,42.0,60.3,42.0
Arsenal have dropped points in four of their last six Premier League matches 😮,https://www.youtube.com/watch?v=DGGgHoWj6sk,CBS Sports Golazo,https://www.youtube.com/channel/UCET00YnetHT7tOpu12v8jxg,2026-02-19T16:10:00.318Z,52.0,85.121,52.0
FormaL Loses it After Getting Called OpTic Dork in Ranked! 🤣 (COMEDY),https://www.youtube.com/watch?v=1ufteMgOzmY,CDL Headquarters,https://www.youtube.com/channel/UCAwJYDzB5AYVhDG7WXRe5sg,2026-02-19T15:48:03.839Z,636.0,1316.479,636.0
"CDL Rostermania LEAKED, OpTic vs FaZe Scrims 👀🙌",https://www.youtube.com/watch?v=YkdmQRNPvwE,TacticalRab,https://www.youtube.com/channel/UCvAD3EQC4-_oEIThqMhWOAQ,2026-02-19T15:37:17.505Z,893.0,646.334,646.334
"Hunting & Camping with Hadza Tribe in Africa - Forging Spears, Foraging Honey & Primitive Survival",https://www.youtube.com/watch?v=mH0FKVM2y0A,Outdoor Boys,https://www.youtube.com/channel/UCfpCQ89W9wjkHc8J_6eTbBg,2026-02-19T12:04:41.177Z,6110.0,12756.328,6110.0
"3 Days Camping & Foraging in Arctic - Fishing, Hunting & Edible Plants",https://www.youtube.com/watch?v=XRDfETqZvJM,Outdoor Boys,https://www.youtube.com/channel/UCfpCQ89W9wjkHc8J_6eTbBg,2026-02-19T11:35:08.651Z,1770.0,1772.526,1770.0
28 YEARS LATER Behind The Scenes #5 (2025),https://www.youtube.com/watch?v=GceGcht_9fI,JoBlo Behind-the-Scenes + Bloopers,https://www.youtube.com/channel/UCOan0aqy1BjzFfCL8sXHmcA,2026-02-19T10:51:05.669Z,816.0,2642.982,816.0
Chi sees alllll the comments 👀  #28YearsLater: The Bone Temple #Shorts,https://www.youtube.com/watch?v=C9x_LdUlkO4,Sony Pictures Releasing UK,https://www.youtube.com/channel/UCJJap_3RGZ2UxqLTLz0K39g,2026-02-19T10:46:11.054Z,64.0,294.615,64.0
First Sail on my New 40 foot Boat,https://www.youtube.com/watch?v=C991l90oU-0,Garrett’s Adventure,https://www.youtube.com/channel/UCmYlT-HtYMTMAawpAxgfjoQ,2026-02-19T08:14:27.522Z,1353.0,9103.532,1353.0
5 days Sailing Offshore to Australia,https://www.youtube.com/watch?v=cm3o6HMXZ-Y,Garrett’s Adventure,https://www.youtube.com/channel/UCmYlT-HtYMTMAawpAxgfjoQ,2026-02-19T07:02:14.052Z,1169.0,4333.47,1169.0
"Thierry, Micah & Jamie REACT To Arsenal's Draw With Wolves 🤯 | CBS Sports Golazo",https://www.youtube.com/watch?v=K--kIsU2mXE,CBS Sports Golazo,https://www.youtube.com/channel/UCET00YnetHT7tOpu12v8jxg,2026-02-19T06:48:35.539Z,404.0,818.513,404.0
The Confidence Boost That Stays Between Us.,https://www.youtube.com/watch?v=rp8LAWNW91o,,,2026-02-19T06:47:37.957Z,17.0,57.582,17.0
OpTic Just Made Ravens Look Like Literal Bots! 😱,https://www.youtube.com/watch?v=zctsGtCHJD8,CDL Headquarters,https://www.youtube.com/channel/UCAwJYDzB5AYVhDG7WXRe5sg,2026-02-19T06:38:38.704Z,482.0,539.253,482.0
Ashley |  Performance Fabric 2024 (Triage NGN),https://www.youtube.com/watch?v=DvsjMuWbLJ0,,,2026-02-19T06:38:31.564Z,16.0,7.14,7.14
Vietnamese Steak So Good You Can't Stop Eating It! 🇻🇳,https://www.youtube.com/watch?v=6Sidhg16q_M,David Khai,https://www.youtube.com/channel/UCXDtHVw-kTFqiX87UsM2ZqA,2026-02-19T04:27:44.465Z,887.0,7847.099,887.0
FormaL Watches the CRAZIEST Overload OT Game EVER… (OpTic vs FaZe),https://www.youtube.com/watch?v=Nvq00j1rtIE,CDL & HALO HQ,https://www.youtube.com/channel/UCmmSXRylbjnSjuVR8szuSBg,2026-02-19T04:25:56.431Z,708.0,108.034,108.034
THIS City is Vietnam's Best Kept Secret 🇻🇳 Dong Hoi,https://www.youtube.com/watch?v=4I_lCuJ5pB0,David Khai,https://www.youtube.com/channel/UCXDtHVw-kTFqiX87UsM2ZqA,2026-02-19T04:22:44.722Z,2353.0,191.709,191.709
Arsenal Fans DEVASTATED 😫 Reactions to Wolves 2-2 Arsenal | Premier League Fan Reactions,https://www.youtube.com/watch?v=fmQPRGoBzIo,FAN REACTION TV,https://www.youtube.com/channel/UCs1M0wmfxAbv7m5TCoQYtGw,2026-02-19T04:13:47.614Z,875.0,537.108,537.108
Hanoi Adventures NEVER Let You Down!,https://www.youtube.com/watch?v=S3qperAslOA,David Khai,https://www.youtube.com/channel/UCXDtHVw-kTFqiX87UsM2ZqA,2026-02-19T04:10:11.315Z,1756.0,216.299,216.299
The Best Banh Mi's in Vietnam 🇻🇳 Pt.1,https://www.youtube.com/watch?v=HEUrIbeOS8M,David Khai,https://www.youtube.com/channel/UCXDtHVw-kTFqiX87UsM2ZqA,2026-02-19T04:01:31.821Z,1597.0,519.494,519.494
Blake Griffin Calls Out Stars to Join the Dunk Contest 👀,https://www.youtube.com/watch?v=UoyGfhHfNzQ,BallGrounds,https://www.youtube.com/channel/UCOottyz_cnhp4l9l5FV4rhg,2026-02-19T03:55:35.877Z,43.0,355.944,43.0
dunking on giannis & embiid like it’s nothing 😭🔥🔥 #nbabasketball #kawhileonard #hoopplanet,https://www.youtube.com/watch?v=Zmx_xfiKL7s,Hoop Planet 🌍,https://www.youtube.com/channel/UC1O_36x2N-ngv61Z8ORjbgA,2026-02-19T03:52:04.391Z,59.0,211.486,59.0
Secret Clinical Skinification Nurses Rant third card ENG 15 OLV 16x9 PGSC4444000H Sep25,https://www.youtube.com/watch?v=aREbHZfDoN4,,,2026-02-19T03:38:32.733Z,16.0,811.658,16.0
Best Moments of N3on's IRL STREAMS!,https://www.youtube.com/watch?v=DcrQM5Q93ZQ,N3ON,https://www.youtube.com/channel/UCsiqlKIUDHZJVG4smMvhF4w,2026-02-19T03:23:31.862Z,920.0,900.871,900.871
2406_DBL_NEW_ALL_NumberOfCharacters_VID_1920x1080_6s_EN,https://www.youtube.com/watch?v=htSa_Mzxevw,,,2026-02-19T03:00:16.928Z,7.0,1394.934,7.0
Wolves v. Arsenal | PREMIER LEAGUE HIGHLIGHTS | 2/18/2026 | NBC Sports,https://www.youtube.com/watch?v=oXllA7juRNE,NBC Sports,https://www.youtube.com/channel/UCqZQlzSHbVJrwrn5XvzrzcA,2026-02-19T02:59:00.003Z,800.0,76.925,76.925
The Country Within A Country  #iraq,https://www.youtube.com/watch?v=Xq6zCswo8nY,Sabbatical,https://www.youtube.com/channel/UCib80j_q5o_C5XsCA9YsAFg,2026-02-19T01:06:29.196Z,87.0,6750.807,87.0
"Forget Ha Long Bay, Forget Sapa & Come Here!",https://www.youtube.com/watch?v=42Nsmi9Crj4,David Khai,https://www.youtube.com/channel/UCXDtHVw-kTFqiX87UsM2ZqA,2026-02-19T00:53:58.947Z,1358.0,750.249,750.249
🔴OPTIC SCRIMS vs FAZE/RAVENS!,https://www.youtube.com/watch?v=KCG2bzOBfK4,Jake Maverik 🚀,https://www.youtube.com/channel/UCUn3HWoBcmBUUOeVGy2K9SA,2026-02-19T00:27:27.146Z,18238.0,1591.801,1591.801
This Tattoo Setting Changes Everything 💉⚡️ #shorts,https://www.youtube.com/watch?v=T5IYhF8lQoM,Invention,https://www.youtube.com/channel/UC320FcTMURBRJCW9BVxNP5w,2026-02-19T00:14:04.493Z,38.0,802.653,38.0
Building an infinite ice-cooled PC,https://www.youtube.com/watch?v=F9MZzEMEWkQ,mryeester,https://www.youtube.com/channel/UCPvRdfUooqCf0zPOYvbBzVA,2026-02-19T00:05:14.117Z,64.0,530.376,64.0
"Introducing Homes Ai, Your Home Search Guide | Homes.com",https://www.youtube.com/watch?v=KPOHlpwIUHk,,,2026-02-19T00:05:13.246Z,60.0,0.871,0.871
"7 Hunnid 60 THOUSAAAAND??? For almost $800k, I shouldn’t be able to take your bricks home with me😂",https://www.youtube.com/watch?v=8qUK28-KF1Q,Inspector Knight,https://www.youtube.com/channel/UC713DtxVVEOjcvAm_3SthmQ,2026-02-19T00:05:12.449Z,63.0,0.797,0.797
OpTicMethodz  Reaction to The ColtHavok Situation. #codleague,https://www.youtube.com/watch?v=j_LMZbQja64,GRGreenCrossHair AIMING,https://www.youtube.com/channel/UCK8eW8IcaH1r3nxAZY1mcLw,2026-02-19T00:04:21.344Z,74.0,51.105,51.105
Royal Albatross Chick Graduates To A Bigger Bag During Weight Check | DOC | Cornell Lab,https://www.youtube.com/watch?v=XCmi1KMDt70,Cornell Lab Bird Cams,https://www.youtube.com/channel/UCZXZQxS3d6NpR-eH_gdDwYA,2026-02-18T23:56:04.337Z,99.0,497.007,99.0
Kawhi Leonard & Shipley: The NBA’s Most Secretive Couple#nbashorts,https://www.youtube.com/watch?v=ygNZKyl_xfY,The dunk spot,https://www.youtube.com/channel/UCeoFnik3lIDcwew9jWNc6qQ,2026-02-18T23:54:31.741Z,59.0,92.596,59.0
RAD Top3UsesForCheshireCat 59sec V227217 59 1920x1080 S13210 AndroidiOSPC English&IMG=4VBL,https://www.youtube.com/watch?v=rNrwNDPj2MY,,,2026-02-18T23:51:56.927Z,59.0,154.814,59.0
"FormaL RESPONDS to Rostermania, Exposes Merc Masterclass 🚨",https://www.youtube.com/watch?v=O5uw57PHOaI,TacticalRab,https://www.youtube.com/channel/UCvAD3EQC4-_oEIThqMhWOAQ,2026-02-18T23:46:18.208Z,727.0,338.719,338.719
Ashley | Retro Revival (Paid Social Look & Feel),https://www.youtube.com/watch?v=vsnFDv8L4o0,,,2026-02-18T23:46:12.147Z,16.0,6.061,6.061
cid=19bb27334d5d9e18f4b7c0c5c6ec3d68,https://www.youtube.com/watch?v=RzxHWmxCrZ8,,,2026-02-18T23:32:58.891Z,18.0,793.256,18.0
When a fish understands the system better than humans 🥹❤️‍🩹,https://www.youtube.com/watch?v=1RrWZVYtewY,Endless Love,https://www.youtube.com/channel/UCH8x9zAJbpfipmHosNuwu_A,2026-02-18T23:32:33.425Z,27.0,25.466,25.466
You Can See Your Heartbeat in Water #heart #biology #science,https://www.youtube.com/watch?v=2ddxm6PdY4U,Brainrot's Antidote,https://www.youtube.com/channel/UC1Dicvz6zFsVE0vcRPHQM5Q,2026-02-18T23:32:19.372Z,7.0,14.053,7.0
New Year Sale | Mint Mobile,https://www.youtube.com/watch?v=jH0b8uBklyM,,,2026-02-18T23:32:18.681Z,16.0,0.691,0.691
World at War is officially 17 years old… 🥹😭 #callofduty #worldatwar,https://www.youtube.com/watch?v=f98UFBMJu8I,DominantForce64,https://www.youtube.com/channel/UCsEX39R2k8eWtMp3qqEW2_Q,2026-02-18T23:32:14.448Z,34.0,4.233,4.233
Mr. Beast lost millions of dollars on this video!,https://www.youtube.com/watch?v=ut9Ek4epp8s,Superverse Central,https://www.youtube.com/channel/UCnoOX392v-ibhuBdYrF3S0A,2026-02-18T23:31:35.464Z,37.0,38.984,37.0
TA6 V1,https://www.youtube.com/watch?v=jEb8kf1c8Yg,,,2026-02-18T23:31:32.631Z,40.0,2.833,2.833
This Coffee Is Brewed in Hot Sand and the Result Is Wild ☕️ #shorts,https://www.youtube.com/watch?v=pnwUX5TmNvo,Invention,https://www.youtube.com/channel/UC320FcTMURBRJCW9BVxNP5w,2026-02-18T23:30:31.065Z,35.0,61.566,35.0
DONT SWITCH UR SEAT ON A PLANE…,https://www.youtube.com/watch?v=lUGPIs2ES3E,Mark Roberts,https://www.youtube.com/channel/UCYMOlh3ylBZdtm3R2CRNMYg,2026-02-18T22:59:21.827Z,141.0,1869.238,141.0
Fresh and affordable orange juice #pricecomparison #manualjuicer #kitchengadgets #freshjuice,https://www.youtube.com/watch?v=TTcO-ZoUSyw,Small and Fragile Club,https://www.youtube.com/channel/UC1e8a2qzQXeqLDwxe2hMQiw,2026-02-18T22:58:59.345Z,174.0,22.482,22.482
Vanished (MGM+ 2026 Series) Post-Premiere 30 16x9 Subtitled,https://www.youtube.com/watch?v=DUx0KzYUnrI,,,2026-02-18T22:58:12.886Z,31.0,46.459,31.0
Jeanie Buss Reveals Lebron James Has Made No Indication He Wants To Be With The Lakers Next Season,https://www.youtube.com/watch?v=SpCz4OM5B68,DREAMERSPRO,https://www.youtube.com/channel/UCGun0enIN7p0ZfqzKqPvD5w,2026-02-18T22:35:14.777Z,482.0,1378.109,482.0
One Layer of Black Paint Proved Trump’s Genius#knowledge #trumpwall #didyouknow #construction,https://www.youtube.com/watch?v=Aopz6ThIOME,wowlife,https://www.youtube.com/channel/UCSqJIZ-rN3Utp10MPYdWj3g,2026-02-18T21:59:30.416Z,61.0,2144.361,61.0
"LeBron,KD and kawhi nba all star game Los Angeles",https://www.youtube.com/watch?v=EiUFFuwzCc4,United Life 4 ever,https://www.youtube.com/channel/UCJo1ij261XiXxuLeYU0G9Bw,2026-02-18T21:58:42.300Z,46.0,48.116,46.0
you think the USA should do this ?#expatlife #cultureshock #MexicoTravel #mexicolife #movingabroad,https://www.youtube.com/watch?v=gq5d_mGSzUw,The Mexico Experiment,https://www.youtube.com/channel/UCQSSFI9ehsS2UmhHfdUq0wQ,2026-02-18T21:55:56.647Z,39.0,165.653,39.0
MY 2026 LUXURY HIGH RISE APARTMENT TOUR,https://www.youtube.com/watch?v=FpGA7rJABqY,BtH MaNiaC,https://www.youtube.com/channel/UCqabFRJaz-PzZ5PbZRWeICA,2026-02-18T21:39:54.257Z,2461.0,962.39,962.39
I NEVER thought I'd have to make this video...,https://www.youtube.com/watch?v=FLzE7uQ_Hq4,Magnus Midtbø,https://www.youtube.com/channel/UC_gSotrFVZ_PiAxo3fTQVuQ,2026-02-18T21:17:30.268Z,1183.0,1343.989,1183.0
We Quizzed 16 Esports Pros ft. NiceWigg,https://www.youtube.com/watch?v=HlDWKJijAGg,100 Thieves,https://www.youtube.com/channel/UCnrX2_FoKieobtw19PiphDw,2026-02-18T21:11:11.296Z,1123.0,378.972,378.972
Kyrie Irving Takes A Subtle Shot At Lebron James Over His Answers During Press Conference,https://www.youtube.com/watch?v=fuo2F7Ms5mE,DREAMERSPRO,https://www.youtube.com/channel/UCGun0enIN7p0ZfqzKqPvD5w,2026-02-18T20:57:26.439Z,663.0,824.857,663.0
Ron Harper Goes Viral for Roasting Lebron and Bronny James,https://www.youtube.com/watch?v=9GBrGdpYdug,93 Zay,https://www.youtube.com/channel/UCE0Jh2QpBHPkD6g9EZ4Yb-w,2026-02-18T20:40:26.347Z,544.0,1020.092,544.0
RAD UGC Top3usesforAlice Shawn V222222 59 1920x1080 S12949 AndroidiOSPC English&IMG=4RGU,https://www.youtube.com/watch?v=Ym2iEZhZbVQ,,,2026-02-18T20:12:49.499Z,59.0,1656.848,59.0
The anxiety around Japan being more anti immigration #lifeinjapan #blackinjapan #africaninjapan,https://www.youtube.com/watch?v=sZcTyY2WFQ8,Yllah,https://www.youtube.com/channel/UCMijH1kTa2Cf_mBwVlbJ5gQ,2026-02-18T20:10:07.170Z,,162.329,162.329
Cruise Ship Trapped In Antarctic Ice Freed By Us Coast Guard,https://www.youtube.com/watch?v=Qzc2vnDmg04,FOX Weather,https://www.youtube.com/channel/UC1FbPiXx59_ltnFVx7IxWow,2026-02-18T20:08:22.454Z,123.0,104.716,104.716
Shannon Sharpe Almost Bursts Into Tears After Lebron James Former GM Says He Played In The Weak East,https://www.youtube.com/watch?v=1SQUcERWMhw,DREAMERSPRO,https://www.youtube.com/channel/UCGun0enIN7p0ZfqzKqPvD5w,2026-02-18T20:08:01.706Z,481.0,20.748,20.748
Questions| Peds Base :15,https://www.youtube.com/watch?v=L94ZIyX7T9U,,,2026-02-18T20:06:37.559Z,16.0,84.147,16.0
cid=badee6b6a9a5050f63305de42c63d442,https://www.youtube.com/watch?v=Ykx8oxauFnU,,,2026-02-18T20:06:03.734Z,26.0,33.825,26.0
CIP6684 660  Mo 1920x1080 7s 230331,https://www.youtube.com/watch?v=LOmd5B-2wWI,,,2026-02-18T20:05:56.625Z,8.0,7.109,7.109
2001’s all star game was pure cinema🥀 #shorts,https://www.youtube.com/watch?v=ozWDZwUWr5E,Fast Break Films,https://www.youtube.com/channel/UCLLyM78WZ4ggxPLnU1CMUlA,2026-02-18T20:05:47.263Z,41.0,9.362,9.362
The Day FIFA Lost to a Spray Can #football #soccer #fifa #worldcup,https://www.youtube.com/watch?v=Mlef29I6i5Q,Pe News,https://www.youtube.com/channel/UCQ5TiOififrQPlt4tzsYXfA,2026-02-18T17:17:49.590Z,61.0,10077.673,61.0
RAD AliceChesire 30sec Text V230841 30 1080x1920 S13426 AndroidiOSPC English&IMG=4Y49,https://www.youtube.com/watch?v=UcwR6OZFVuc,,,2026-02-18T17:08:51.707Z,30.0,537.883,30.0
Why Manatees Are SO Thirsty! 🌊💧,https://www.youtube.com/watch?v=R2PhLsnMQLo,Mr Tomato,https://www.youtube.com/channel/UC56cYpjVRMFE9UMRPVWK__A,2026-02-18T17:07:59.492Z,37.0,52.215,37.0
The security guard didn't recognize Travis Scott 😭,https://www.youtube.com/watch?v=pbFuAYL0E5A,POPVEIN,https://www.youtube.com/channel/UCAa6dQiR-acYUYbHznG5CVg,2026-02-18T17:07:56.287Z,7.0,3.205,3.205
Crush4964_ym_30+_EN.mp4,https://www.youtube.com/watch?v=8PXHp4PHLkM,,,2026-02-18T17:07:55.257Z,60.0,1.03,1.03
"This guy is among the first people to ever see this spring, which could someday grow into",https://www.youtube.com/watch?v=1xu2CWG-Gpk,Outstanding Humans,https://www.youtube.com/channel/UCIsY6sqpC2bghzB3inBQPZQ,2026-02-18T17:07:30.352Z,,24.905,24.905
Ranking The Best Demolition Videos #construction #best #demolition,https://www.youtube.com/watch?v=U3yY2Oln9dI,Rasta Ranks ,https://www.youtube.com/channel/UCiJ88bCtcw2WB04761Rip8A,2026-02-18T17:07:27.509Z,86.0,2.843,2.843
High Protein Cottage Cheese Snack ft. Peanut Butter Cookie Granola,https://www.youtube.com/watch?v=fPWQzdzLs3o,,,2026-02-18T17:07:15.475Z,11.0,12.034,11.0
#relatablememes ￼ 🥰,https://www.youtube.com/watch?v=zRo6TVGdrD0,DAL3XA BONES,https://www.youtube.com/channel/UCHDE-Hu16JeqyqQ7aDiA9AA,2026-02-18T17:06:57.397Z,16.0,18.078,16.0
Dashy Keeps Hitting the Same Route in Ranked 😭#opticgaming,https://www.youtube.com/watch?v=Ely8lSCLW_A,SlideCancel HQ,https://www.youtube.com/channel/UCG715LMk9xpEkF_ja4PKbMw,2026-02-18T17:06:52.808Z,13.0,4.589,4.589
The PROBLEM with my Spider-Man Prosthetic Leg!?,https://www.youtube.com/watch?v=Q8uUq0j2t98,Alex1Leg,https://www.youtube.com/channel/UCtoUmuogwpofcjshstQPnfQ,2026-02-18T17:06:01.737Z,25.0,51.071,25.0
Mom CAT Won’t Leave Her Babies Alone… This Is Real Love 😭💖 (Part 141),https://www.youtube.com/watch?v=C67jpwmG7js,CuteVibe,https://www.youtube.com/channel/UCqjYCYiq_OQKPrK_mEdjbDQ,2026-02-18T17:04:17.091Z,119.0,104.646,104.646
JEFFREY EP$TEIN WAS EATING JERKY MADE OF WHAT?!!??? ⚠️‼️🤮,https://www.youtube.com/watch?v=zqBkl-ZcE8k,JayDee Milo,https://www.youtube.com/channel/UCJmEdXwyHeA_cm4jNVN3deg,2026-02-18T17:03:27.841Z,175.0,49.25,49.25
How dare you refuse my biting!,https://www.youtube.com/watch?v=AoQKL3MqpKY,Meow,https://www.youtube.com/channel/UC9620DU22Y8Xt4So6LmOG8w,2026-02-18T17:02:22.735Z,64.0,65.106,64.0
"Remitly Helps You Be There, Even When You Can't | Remitly Pillars2 6 HON SPA 6 16x9",https://www.youtube.com/watch?v=xWm8dFG0qEo,,,2026-02-18T17:02:05.203Z,7.0,17.532,7.0
Jujutsu Kaisen ~ anime lofi hip hop chill mix (1 hour),https://www.youtube.com/watch?v=_l8IjuNFC2M,Mr Dark,https://www.youtube.com/channel/UCBdC86qORmjBKqIMcmAF9rQ,2026-02-18T09:11:38.220Z,4346.0,28226.983,4346.0
Kina - get you the moon (ft. Snow),https://www.youtube.com/watch?v=WTsmIbNku5g,the bootleg boy,https://www.youtube.com/channel/UC0fiLCwTmAukotCXYnqfj0A,2026-02-18T09:11:12.772Z,195.0,25.448,25.448
Manly P. Hall: RARE LECTURE VIDEO: Is There a Guardian Angel?,https://www.youtube.com/watch?v=svB4fqNuMxM,Manly Hall Society,https://www.youtube.com/channel/UCEmkRAyunoq8dYdFMjOHTlA,2026-02-18T08:51:59.666Z,4885.0,1153.106,1153.106
Jujutsu Kaisen ~ anime lofi hip hop chill mix (1 hour),https://www.youtube.com/watch?v=_l8IjuNFC2M,Mr Dark,https://www.youtube.com/channel/UCBdC86qORmjBKqIMcmAF9rQ,2026-02-18T07:55:47.071Z,4346.0,3372.595,3372.595
ZOOMAA REACTS TO NEW FAZE FALCONS TEAM! (BLACK OPS 7),https://www.youtube.com/watch?v=ymXlw-ko7Os,ZooMaa Live,https://www.youtube.com/channel/UCZl9WPRUS4BSDlw1tmPrcJw,2026-02-18T07:26:50.414Z,2578.0,1736.657,1736.657
Books for Spiritual Evolution 𓂀  Book Recommendations for Spiritual Awakening,https://www.youtube.com/watch?v=RXXNhBMA2vY,Healing Water,https://www.youtube.com/channel/UCFTgPks1Oi9d7_MMRihEJYg,2026-02-18T05:59:34.845Z,1664.0,5235.569,1664.0
When Kitties Show Their Soft Side.#animals #animallife #funnyanimals #funny #wildlife #bigcat,https://www.youtube.com/watch?v=s8Cp25Poz-E,PawsHaven,https://www.youtube.com/channel/UCR3eJtXhsbrfd6JyS5glm9g,2026-02-18T04:09:00.564Z,60.0,6634.281,60.0
Everyone Is Starting To Apologize To Michael Jordan…,https://www.youtube.com/watch?v=E5SxX0XF7ds,Brandon Conner,https://www.youtube.com/channel/UC6mboRNUSgSjumTsQoRwsVQ,2026-02-18T04:06:33.065Z,35.0,147.499,35.0
Detained and Questioned at China's Most Controversial Border,https://www.youtube.com/watch?v=JQRIjoRDY6c,Small Brained American,https://www.youtube.com/channel/UCHASrbCS-niYRn-Y3WX38pA,2026-02-18T02:49:18.872Z,2102.0,4634.193,2102.0
I Flew Her Out To Da Nang 🇻🇳,https://www.youtube.com/watch?v=B4X4lUzXT7o,David Khai,https://www.youtube.com/channel/UCXDtHVw-kTFqiX87UsM2ZqA,2026-02-18T02:28:22.006Z,1827.0,1256.866,1256.866
TBUSH GAMING DRAMA 😳,https://www.youtube.com/watch?v=BEmjbdoZ4qo,Jake Maverik 🚀,https://www.youtube.com/channel/UCUn3HWoBcmBUUOeVGy2K9SA,2026-02-18T02:25:23.311Z,94.0,178.695,94.0
LeBron Exposes Shocking Michael Jordan Footage 😂 #nba #nbanews #nbamemes #sportsmemes #sportsnews,https://www.youtube.com/watch?v=KQ3ycH9a0b0,RiOT Comedy,https://www.youtube.com/channel/UCJdK2xfUOQsBr3XWtfMCKhw,2026-02-18T02:24:00.619Z,40.0,82.692,40.0
Every South Korean Province Explained by a Korean,https://www.youtube.com/watch?v=OdiqA1AFK30,Fat Little Asian Man,https://www.youtube.com/channel/UC7hVEBYDz2bn54TyjKv7aSw,2026-02-18T02:23:22.677Z,1270.0,37.942,37.942
"CDL Rostermania LEAKED, Jersey Jerry SAVES The Bush 🙌😭",https://www.youtube.com/watch?v=czE27HgajDM,TacticalRab,https://www.youtube.com/channel/UCvAD3EQC4-_oEIThqMhWOAQ,2026-02-18T02:21:23.082Z,1040.0,119.595,119.595
ATTACH REACTS TO TORONTO KOI DROPPING REEAL & INSIGHT! (CDL ROSTERMANIA),https://www.youtube.com/watch?v=k9l5iRGrcRs,Attach Live,https://www.youtube.com/channel/UCouiN8YH2IqFs8BR6DCg7uw,2026-02-18T02:19:13.922Z,1650.0,129.16,129.16
A Gang of Trolls Bullying me on Minecraft,https://www.youtube.com/watch?v=5-WIp190T1s,Good Griefs,https://www.youtube.com/channel/UCSR9du0aPaNwR4N222kj5BA,2026-02-18T01:45:57.041Z,1300.0,1996.881,1300.0
Trolling EVERYONE I meet in Arc Raiders!,https://www.youtube.com/watch?v=zE9QGgKDPYc,Good Griefs,https://www.youtube.com/channel/UCSR9du0aPaNwR4N222kj5BA,2026-02-18T01:45:39.987Z,923.0,17.054,17.054
Turtle and Funguy are TOO STONED to Play Arc Raiders...,https://www.youtube.com/watch?v=Zy9XDzRRU0s,Good Griefs,https://www.youtube.com/channel/UCSR9du0aPaNwR4N222kj5BA,2026-02-18T01:45:00.258Z,1913.0,39.729,39.729
‘Good Griefs’ MOST VIRAL TikToks Ever!! | Hilarious Tiktok Compilation,https://www.youtube.com/watch?v=n7u1GWL2QuA,Good Griefs,https://www.youtube.com/channel/UCSR9du0aPaNwR4N222kj5BA,2026-02-18T01:44:47.049Z,1863.0,13.209,13.209
25Q2 AGRNAT PF3WholeHome YT15s Furn 1920x1080,https://www.youtube.com/watch?v=BrqSRlizpeU,,,2026-02-18T01:44:15.901Z,16.0,31.148,16.0
We Met The Strangest Player in DayZ… (It Got Weird Fast),https://www.youtube.com/watch?v=OyxlUuet6rA,More Fresh Spawns,https://www.youtube.com/channel/UCbi1sQ4sTRuLvi3mBWLOsBg,2026-02-18T01:36:00.937Z,1934.0,494.964,494.964
Kawhi Leonard GOES OFF for 31 points in 12 mins vs Team World in All Star Game,https://www.youtube.com/watch?v=WwVC5crVa04,Chaz NBA,https://www.youtube.com/channel/UChgDp_uE5PVqnpdV05xKOOA,2026-02-18T01:20:06.993Z,193.0,953.944,193.0
$10 Big New Yorker | Meal Math :15,https://www.youtube.com/watch?v=pjd4RfTdIXs,,,2026-02-18T01:19:58.718Z,16.0,8.275,8.275
NÚÑEZ DOUBLE crowns Al Hilal in the West! | Al Hilal 🇸🇦 vs Al Wahda 🇦🇪 | Highlights ACL Elite™,https://www.youtube.com/watch?v=D2kZwjrlNRc,The AFC Hub,https://www.youtube.com/channel/UCnj0TjaM0wyxkAWW_nz8_1g,2026-02-18T01:13:17.330Z,201.0,401.388,201.0
Expedia UAC microstories Secret madetotravel usa en 9x16 06,https://www.youtube.com/watch?v=g5sJ-V21uc4,,,2026-02-18T01:13:11.229Z,7.0,6.101,6.101
Shortened: B0F3Y3BKYW Trailer na EN  YouTubelink 9x16 v1 TSAC US 15s,https://www.youtube.com/watch?v=Tx2CQES8DzE,,,2026-02-18T01:13:04.047Z,8.0,7.182,7.182
This Saigon District Treats You Like Family! 🇻🇳,https://www.youtube.com/watch?v=8510Igw1dZY,David Khai,https://www.youtube.com/channel/UCXDtHVw-kTFqiX87UsM2ZqA,2026-02-18T00:54:24.048Z,1468.0,1119.999,1119.999
I PLAYED AGAINST MY NEW TEAMMATE... (SCRAP VS NIUM),https://www.youtube.com/watch?v=PL7CdZa7BWM,Scrap,https://www.youtube.com/channel/UCKEN_rgie09OgUs-1M6oevA,2026-02-18T00:42:07.405Z,711.0,736.643,711.0
FormaL Reacts to the NEW KOI Roster Getting Fried by OpTic in Scrims! 😱 (KIPS vs OpTic),https://www.youtube.com/watch?v=339aA6VI3jA,CDL Headquarters,https://www.youtube.com/channel/UCAwJYDzB5AYVhDG7WXRe5sg,2026-02-18T00:40:51.680Z,2072.0,75.725,75.725
Benfica vs. Real Madrid: Extended Highlights | UCL Knockout Play-offs - Leg 1 | CBS Sports Golazo,https://www.youtube.com/watch?v=VizCEhgTO5E,CBS Sports Golazo,https://www.youtube.com/channel/UCET00YnetHT7tOpu12v8jxg,2026-02-18T00:39:12.620Z,643.0,99.06,99.06
Arriving Into The Wild West Of Hanoi 🇻🇳,https://www.youtube.com/watch?v=A3J91n7_0CY,David Khai,https://www.youtube.com/channel/UCXDtHVw-kTFqiX87UsM2ZqA,2026-02-17T23:53:56.115Z,1875.0,2716.505,1875.0
Indian Traders in Vietnam | Day 3 Documentary,https://www.youtube.com/watch?v=sOTCCz_6eY0,0.1% Club,https://www.youtube.com/channel/UC0nKSqkCcKMFvktUlLXbWnw,2026-02-17T23:52:20.479Z,1920.0,95.636,95.636
Nightlife in Vietnam,https://www.youtube.com/watch?v=SzM-JzubpVk,BoneTheExplorer,https://www.youtube.com/channel/UCvuvJaz_Owz_jVVpD3UBj4Q,2026-02-17T23:46:07.412Z,54.0,373.067,54.0
Taking the Night Off | The Gangs Club Saigon - W/ @xshrimpboy ,https://www.youtube.com/watch?v=rCOltXGQYyI,ENERGI ,https://www.youtube.com/channel/UCcDjc9KJiWtD-ddNAdpxomA,2026-02-17T23:43:51.026Z,2248.0,136.386,136.386
🔴OPTIC SCRIMS vs G2/KOI!,https://www.youtube.com/watch?v=4Rr26r8yUc0,Jake Maverik 🚀,https://www.youtube.com/channel/UCUn3HWoBcmBUUOeVGy2K9SA,2026-02-17T23:42:18.079Z,17855.0,92.947,92.947
A HEARTBREAKING FINISH AT MAJOR 1 | THE PROCESS,https://www.youtube.com/watch?v=fbD9zQCwsL8,OpTic Gaming,https://www.youtube.com/channel/UCVhkzoReyB25jpFEeXjh3kQ,2026-02-17T23:03:39.482Z,4665.0,2318.597,2318.597
Everblue_Places to Go Seasonless_30s_PFA,https://www.youtube.com/watch?v=_ovzfVf9BGo,,,2026-02-17T21:39:52Z,31.0,5027.482,31.0
AAA® Petey Pays To Grow Up,https://www.youtube.com/watch?v=7EOv6P18HhY,,,2026-02-17T21:39:45.914Z,6.0,6.086,6.0
The Mall,https://www.youtube.com/watch?v=Ol7uc9OqEf8,killerb3756,https://www.youtube.com/channel/UCvDu8fbBg0wKl0RFYFlSMhQ,2026-02-17T21:39:25.570Z,41.0,20.344,20.344
Cat reacts immediately if I stop petting him,https://www.youtube.com/watch?v=QRKKInszFYg,ZGN,https://www.youtube.com/channel/UCGxacyUHaTSczgHUz043zWg,2026-02-17T21:32:32.666Z,42.0,412.904,42.0
Practical Tips for Getting More Out of Claude Code,https://www.youtube.com/watch?v=WcVHhj4j2to,,,2026-02-17T21:31:18.547Z,45.0,74.119,45.0
They actually FIXED it 👀 #shorts,https://www.youtube.com/watch?v=xWmd84CbwDA,MD Productions,https://www.youtube.com/channel/UCoKFBIpf65_knnZyB77Ecwg,2026-02-17T21:30:40.785Z,27.0,37.762,27.0
China's humanoid robots perform incredible martial arts stunts for Chinese New Year,https://www.youtube.com/watch?v=R6T-Ea5CfRE,The Sun,https://www.youtube.com/channel/UCIzXayRP7-P0ANpq-nD-h5g,2026-02-17T21:29:41.176Z,157.0,59.609,59.609
Pred COOKS Shotzzy: Mercules OpTic Bailout?! 🙌😩,https://www.youtube.com/watch?v=yHRBBWyG400,TacticalRab,https://www.youtube.com/channel/UCvAD3EQC4-_oEIThqMhWOAQ,2026-02-17T21:24:56.209Z,897.0,284.967,284.967
26Q1 AGRNATLOC PDS YT15 Hotbuys UGC SPAN 1920x1080,https://www.youtube.com/watch?v=zJHG1awuFC4,,,2026-02-17T21:24:49.855Z,17.0,6.354,6.354
RJ Breaks Down How to Fix the NBA Draft 😤 #nba,https://www.youtube.com/watch?v=ET7jYDYjzKg,AlleyNBA,https://www.youtube.com/channel/UCYqeek4JMtZV90riW5vfpLw,2026-02-17T21:21:39.822Z,36.0,190.033,36.0
Carmelo Anthony Said This About LeBron 😱,https://www.youtube.com/watch?v=l_Y5Y6955Ww,Inspiredbyhoops,https://www.youtube.com/channel/UCNR93hKfKy493U3lw-djSug,2026-02-17T19:59:40.360Z,49.0,4919.462,49.0
MrBeast Winner Before VS After🤯,https://www.youtube.com/watch?v=aflTGtco_U4,Insane,https://www.youtube.com/channel/UCoAuQ3RdlwaJFMMl5w-gz6g,2026-02-17T19:58:06.718Z,54.0,93.642,54.0
You Are Not Suguru. — Jujutsu Kaisen Season 2 OST (Slowed / 1 Hour) | Satoru & Geto Theme.,https://www.youtube.com/watch?v=G3cz7_z2rxk,Maiestro,https://www.youtube.com/channel/UCOD6OhiKqmtYlqgpuKOawgA,2026-02-17T19:55:41.351Z,5156.0,145.367,145.367
"Jason Reveals He Pays $12,000 a Month in Rent 😳💸",https://www.youtube.com/watch?v=DKhlZrgAhiI,ImGoochy,https://www.youtube.com/channel/UChXI8QSzITrct1rN38ifRLQ,2026-02-17T19:20:09.867Z,64.0,2131.484,64.0
Venmo Stash - Nicole McLaughlin TWBS,https://www.youtube.com/watch?v=mOC2B09D2DM,,,2026-02-17T19:20:08.522Z,29.0,1.345,1.345
Bro even has an alarm system 🥀,https://www.youtube.com/watch?v=gtgs8fgSPzY,lowkiMC,https://www.youtube.com/channel/UCw6RhEg_Yb8tLjuz4H1jKtg,2026-02-17T19:20:01.002Z,16.0,7.52,7.52
This Shortage Going On At The Winter Olympics Is Leaving Everyone Speechless…,https://www.youtube.com/watch?v=PXnYw9bVCkU,Brandon Conner,https://www.youtube.com/channel/UC6mboRNUSgSjumTsQoRwsVQ,2026-02-17T19:19:59.994Z,30.0,1.008,1.008
HiFi_Intro_H_04.mp4,https://www.youtube.com/watch?v=yyFYFPDTe3c,,,2026-02-17T19:19:59.032Z,63.0,0.962,0.962
How Examiners Grade Art,https://www.youtube.com/watch?v=rCVSpwVV63E,Sharpler,https://www.youtube.com/channel/UCHgxFFO-OA9JwIEcn_TCCUw,2026-02-17T19:19:55.808Z,,3.224,3.224
Tout simplement le plus beau des snowparks 🤩 🏂 @pierrevaultier #RedBull #snowboard,https://www.youtube.com/watch?v=3E0aMBEZ4P4,Red Bull France 🇫🇷,https://www.youtube.com/channel/UCYtfWWJFqnqMBAUs56jkeBg,2026-02-17T19:19:50.235Z,30.0,5.573,5.573
What anime do you recommend to your friends? Watch the biggest anime catalog on @crunchyroll,https://www.youtube.com/watch?v=BbT3Q5QxbEU,,,2026-02-17T19:19:46.301Z,45.0,3.934,3.934
Super winner 🏆 WHAT A COMEBACK 🤯🔥#carromboard #shorts #superwinner #2025,https://www.youtube.com/watch?v=8S6CCNMObQw,Math Brain,https://www.youtube.com/channel/UCbslXT33Fr-557qMntXVlOQ,2026-02-17T19:19:45.173Z,40.0,1.128,1.128
You've Never Touched Anything,https://www.youtube.com/watch?v=0U6OcfxYZ7U,Low Poly Shorts,https://www.youtube.com/channel/UCbibn1Hwqr0xTHBA6sWV7Lw,2026-02-17T19:19:03.833Z,39.0,41.34,39.0
Crush3644_zml_60+_EN.mp4-sinodemo,https://www.youtube.com/watch?v=kfOU2tj_9XU,,,2026-02-17T19:19:02.651Z,62.0,1.182,1.182
Hydra’s laugh is so hilarious 😭 #shorts,https://www.youtube.com/watch?v=MPVt8A3jtHo,CompPlays-CODHQ,https://www.youtube.com/channel/UCBurQxUCa64ZwxtJAEuWXCA,2026-02-17T19:18:56.370Z,35.0,6.281,6.281
Them old heads don't want to admit this 🥀🥀 #shorts,https://www.youtube.com/watch?v=Q8hpdqCyIEo,CrunchTime,https://www.youtube.com/channel/UCr3L-JJAmYcOXGRJDkh4pRw,2026-02-17T19:18:35.944Z,56.0,20.426,20.426
Rescue Cat Follows Dad Everywhere And Ignores Mom | Cuddle Buddies,https://www.youtube.com/watch?v=Jz8s250_Pyw,Cuddle Buddies,https://www.youtube.com/channel/UCzDHTVhThC_VIT7kTchIQAg,2026-02-17T19:15:06.507Z,214.0,209.437,209.437
Samsung Galaxy x Google Gemini Tunnel Fit | 15,https://www.youtube.com/watch?v=IatbbtaPtN0,,,2026-02-17T19:14:28.265Z,16.0,38.242,16.0
cid=a1c4c5a95f018bcbddc3bc5c0baaef0e,https://www.youtube.com/watch?v=Skhr9kFF-uk,,,2026-02-17T19:13:27.011Z,19.0,61.254,19.0
Summer Allergies 🤝 Claritin,https://www.youtube.com/watch?v=XkTrw0PXf5g,,,2026-02-17T19:13:20.470Z,7.0,6.541,6.541
KOI ROSTERMANIA!? 😳,https://www.youtube.com/watch?v=94AKBOIaBAo,Jake Maverik 🚀,https://www.youtube.com/channel/UCUn3HWoBcmBUUOeVGy2K9SA,2026-02-17T19:12:56.874Z,52.0,23.596,23.596
How Reiner Thought Eren Would React,https://www.youtube.com/watch?v=-Vht5f7mnjE,KoreanSwede,https://www.youtube.com/channel/UCg5vmPKeJYpaBv4RTnjlTog,2026-02-17T10:43:22.251Z,83.0,30574.623,83.0
How JJ Redick knew that Luka Doncic and Kristaps Porzingis wouldn’t work out! #nba #lukadoncic,https://www.youtube.com/watch?v=nyW0LWijFyc,Card Rip Bros,https://www.youtube.com/channel/UCIgrJwWZG047h7uAmHninNQ,2026-02-17T10:43:02.501Z,50.0,19.75,19.75
Full Diamond Armor Speedrun World Record [3:14],https://www.youtube.com/watch?v=vIZq5PBtKVg,Benex,https://www.youtube.com/channel/UC-yQAPzcgFgU39WEZOGnWjw,2026-02-17T10:38:02.303Z,341.0,300.198,300.198
Surviving ALL The DayZ Quests!,https://www.youtube.com/watch?v=O33hawHclFE,Fresh Spawns,https://www.youtube.com/channel/UCwVJr6R-2Hbezs5Ur4zmcLw,2026-02-17T10:19:38.237Z,38975.0,1104.066,1104.066
gojo: nah I'd win /#anime /#jjk /#gojo,https://www.youtube.com/watch?v=lWrvVzhfUxc,Safixz anime,https://www.youtube.com/channel/UC1Q9_dSF12ki42v4J4OBn3g,2026-02-17T08:39:03.044Z,17.0,6035.193,17.0
"When Gojo Said ""Nah I'd Win"" his Famous Lines 💀🥶 | #jujutsukaisen #jjk #gojo #gojosatoru #anime",https://www.youtube.com/watch?v=_eJiHu1UCBw,NitroX Official,https://www.youtube.com/channel/UCfIgly0ZJXcVUK6f0kyTH0Q,2026-02-17T08:38:37.461Z,17.0,25.583,17.0
Jujutsu Kaisen OST - Gojo's Theme『Infinite Potential』HQ cover,https://www.youtube.com/watch?v=32z66tM_at0,赤い神Enryu,https://www.youtube.com/channel/UCsizObefAFCPRBlg6F5B68g,2026-02-17T08:29:49.527Z,148.0,527.934,148.0
Carne Asada Tacos! 🌮,https://www.youtube.com/watch?v=y3kOUVS4G30,Nolan,https://www.youtube.com/channel/UCv1u20pr8U-U85PGLpKxNKw,2026-02-17T08:24:40.051Z,25.0,309.476,25.0
BREAKING: THE INTERNET ACCUSES MICHEAL JORDAN OF THE UNTHINKABLE DURING HIS TITLE CELEBRATION,https://www.youtube.com/watch?v=5PIhS-yocjc,DREAMERSPRO,https://www.youtube.com/channel/UCGun0enIN7p0ZfqzKqPvD5w,2026-02-17T08:22:56.949Z,4485.0,103.102,103.102
Everything you need to know about living in Vietnam,https://www.youtube.com/watch?v=O2VSDauJq48,David Khai,https://www.youtube.com/channel/UCXDtHVw-kTFqiX87UsM2ZqA,2026-02-17T07:48:55.521Z,2940.0,2041.428,2041.428
FormaL & Karma Talk About How Good Gentle Mates are While Watching Them Play Miami!,https://www.youtube.com/watch?v=6RECwyoNGLk,CDL Headquarters,https://www.youtube.com/channel/UCAwJYDzB5AYVhDG7WXRe5sg,2026-02-17T07:48:18.481Z,1478.0,37.04,37.04
90% of Knee Pain Comes from THIS (do this instead),https://www.youtube.com/watch?v=I3nXJjhi8E4,Zac Cupples,https://www.youtube.com/channel/UCKrx8MQ1G7bRWkxN_adE32A,2026-02-17T07:29:57.172Z,769.0,1101.309,769.0
Maddie Mastro,https://www.youtube.com/watch?v=HwCQ1BD9nBc,,,2026-02-17T07:29:54.877Z,61.0,2.295,2.295
THIS IS MICHAEL JORDANS SECRET #nba #basketball #lakers,https://www.youtube.com/watch?v=qokx1kAXbNU,Ballers,https://www.youtube.com/channel/UCBiwmxNF578xoS6Pg8_TULA,2026-02-17T07:25:07.461Z,8.0,287.416,8.0
MERC GOT WORST COD TIMING 😭,https://www.youtube.com/watch?v=jKub0Ry0lJM,Jake Maverik 🚀,https://www.youtube.com/channel/UCUn3HWoBcmBUUOeVGy2K9SA,2026-02-17T06:31:51.758Z,29.0,3195.703,29.0
I Sold Everything & Moved to Vietnam 🇻🇳,https://www.youtube.com/watch?v=3dF5hZpnQnU,David Khai,https://www.youtube.com/channel/UCXDtHVw-kTFqiX87UsM2ZqA,2026-02-17T06:11:42.751Z,1698.0,1209.007,1209.007
SONGKRAN BANGKOK 2025 IS CRAZY (My First Time),https://www.youtube.com/watch?v=MsYztL0LTDI,David Khai,https://www.youtube.com/channel/UCXDtHVw-kTFqiX87UsM2ZqA,2026-02-17T06:08:37.240Z,1201.0,185.511,185.511
"CRAZY NIGHTLIFE in Pattaya, Thailand (Adult Disney Land)",https://www.youtube.com/watch?v=2w8D1EASfAc,David Khai,https://www.youtube.com/channel/UCXDtHVw-kTFqiX87UsM2ZqA,2026-02-17T06:05:51.348Z,2043.0,165.892,165.892
"There ain't no party, like a Korean party 🇰🇷",https://www.youtube.com/watch?v=UDC9uE6UiS0,David Khai,https://www.youtube.com/channel/UCXDtHVw-kTFqiX87UsM2ZqA,2026-02-17T06:01:46.669Z,2343.0,244.679,244.679
This is the best nightlife in Vietnam!,https://www.youtube.com/watch?v=ERkShg7UVf8,David Khai,https://www.youtube.com/channel/UCXDtHVw-kTFqiX87UsM2ZqA,2026-02-17T06:00:16.875Z,739.0,89.794,89.794
24 Hours in the Gay Capital of China 🇨🇳,https://www.youtube.com/watch?v=_t66VnWySQ8,David Khai,https://www.youtube.com/channel/UCXDtHVw-kTFqiX87UsM2ZqA,2026-02-17T06:00:11.590Z,2237.0,5.285,5.285
The Nightlife in CHINA is SHOCKING 🇨🇳,https://www.youtube.com/watch?v=CGPo72P0_yg,David Khai,https://www.youtube.com/channel/UCXDtHVw-kTFqiX87UsM2ZqA,2026-02-17T05:58:07.221Z,1285.0,124.369,124.369
MrBeast’s $0 Video Ideas For A New Channel,https://www.youtube.com/watch?v=HIpPpynbWuc,Income Infinity,https://www.youtube.com/channel/UCKKulaP5iONYDplhcneCX_w,2026-02-17T04:42:25.760Z,17.0,4541.461,17.0
woman b,https://www.youtube.com/watch?v=wovtPKWToXA,Ahsan Chishty,https://www.youtube.com/channel/UCWAKxeX9Obrf3dHAwWvXfkg,2026-02-17T04:34:03.694Z,10.0,502.066,10.0
woman a,https://www.youtube.com/watch?v=JPrxuJ-29yY,Ahsan Chishty,https://www.youtube.com/channel/UCWAKxeX9Obrf3dHAwWvXfkg,2026-02-17T04:33:52.049Z,10.0,11.645,10.0
Video B,https://www.youtube.com/watch?v=IftxKUSVUWA,Ahsan Chishty,https://www.youtube.com/channel/UCWAKxeX9Obrf3dHAwWvXfkg,2026-02-17T04:31:24.441Z,6.0,147.608,6.0
Video A,https://www.youtube.com/watch?v=4VfBhYsnTA4,Ahsan Chishty,https://www.youtube.com/channel/UCWAKxeX9Obrf3dHAwWvXfkg,2026-02-17T04:31:13.565Z,10.0,10.876,10.0
Michelin-Starred Italian Fine Dining in Bangkok #bangkokfood #michelin #bangkokfoodies,https://www.youtube.com/watch?v=7fC63jHTV4I,리모 Limo : Live in the moment,https://www.youtube.com/channel/UCiD7BO0Zmz37-l4ZGVZZ-9A,2026-02-17T02:45:25.812Z,22.0,6347.753,22.0
🇰🇷 Italian fine dining experience,https://www.youtube.com/watch?v=eRqlHMKsreQ,eatcacia,https://www.youtube.com/channel/UC0q--wJnaVA_uPB6iO8yoIw,2026-02-17T02:45:07.826Z,37.0,17.986,17.986
Is it the greatest? Yes. #steaksandwich #steak,https://www.youtube.com/watch?v=FV0mlEPy69c,The Tailgate Foodie,https://www.youtube.com/channel/UCngzbSbRNTBxxYg2ei1Ln7A,2026-02-17T02:44:32.551Z,60.0,35.275,35.275
"Cosy Valentine’s Dinner at Home 🤍 Steak, Prawns & Red Wine",https://www.youtube.com/watch?v=ObAe5yoYhI8,CasaMarrone,https://www.youtube.com/channel/UCAnQeGL1etKZBTXbhLUGsqw,2026-02-17T02:43:03.980Z,56.0,88.571,56.0
Spending $500 at Sydney's Bistro George,https://www.youtube.com/watch?v=gR6TIEmv9-8,2 Hungry Guys,https://www.youtube.com/channel/UCEgc1exCBrhC_duR1u75ajA,2026-02-17T02:40:56.745Z,34.0,127.235,34.0
Intimate fine dining in Marikina City.,https://www.youtube.com/watch?v=Qq9bV_AV5SU,Panda Eatss,https://www.youtube.com/channel/UCF83caoturP13vc-JkIQGeA,2026-02-17T02:40:27.613Z,88.0,29.132,29.132
A5 Wagyu with Coffee Carrots #wagyu #steak #meatlovers,https://www.youtube.com/watch?v=GZgKfFSGQvU,Vendador,https://www.youtube.com/channel/UC9HVtNUnmZ1httpdUw-hvRg,2026-02-17T02:40:06.325Z,16.0,21.288,16.0
"🥩 First Timer of Long Island Restaurant Week, Starting with Morton’s the Steakhouse in Great Neck",https://www.youtube.com/watch?v=C7XhKZhRCYs,Rack of Lam,https://www.youtube.com/channel/UCr_r-d9vdm-X5kE2VPgjMDA,2026-02-17T02:39:38.297Z,67.0,28.028,28.028
Sea Grill – Charlotte’s Premier Fine Dining Experience,https://www.youtube.com/watch?v=52yKtC7Ux-U,Sea Grill,https://www.youtube.com/channel/UC8VFhmLVo65EPh026RJEHgA,2026-02-17T02:38:56.040Z,57.0,42.257,42.257
Italian Fine Dining in Dallas | Carbone,https://www.youtube.com/watch?v=VjfGOYCtCR4,Destiny Adams TV,https://www.youtube.com/channel/UCsGSdapfUakt_M3RVp1gV0Q,2026-02-17T02:38:11.394Z,20.0,44.646,20.0
CLOUDNINE FINE DINING  RESTAURANT HANOI-VIETNAM#hanoivietnam #tourist#mustwatch  #foryou,https://www.youtube.com/watch?v=QsVR0OfYW9k,Anne Mazing story,https://www.youtube.com/channel/UCzDDmIFRy0QENxk4SJAboyg,2026-02-17T02:36:37.268Z,64.0,94.126,64.0
Fine dining in Vietnam ✨ #vietnam #food #restaurantrecommendations #travel ￼,https://www.youtube.com/watch?v=gl-io1FJn1Q,Janibee,https://www.youtube.com/channel/UCrvcN_Cg1cygCeFopwSSbqA,2026-02-17T02:33:35.868Z,24.0,181.4,24.0
Underwater Foods: Da Nang's Buffet Poseidon 🇻🇳,https://www.youtube.com/watch?v=mUG68ZE3RTE,Food 2ravelers,https://www.youtube.com/channel/UCMBvwmvp1bMpfAxW4A3j8SA,2026-02-17T02:32:23.953Z,560.0,71.915,71.915
WORST $400 Michelin Meal of My Life Zero Flavor #michelin #foodreview,https://www.youtube.com/watch?v=0ut5FKoDm1I,Locals Travel ,https://www.youtube.com/channel/UC_llp9xkvOwqFx09NhvFpeA,2026-02-17T02:31:50.875Z,162.0,33.078,33.078
Inside Vietnam’s First Korean Fine Dining Restaurant,https://www.youtube.com/watch?v=rnWLCrXItZU,Curious About Vietnam,https://www.youtube.com/channel/UCp6nlKj9ETQmf2J48Kq-c5g,2026-02-17T02:31:12.282Z,77.0,38.593,38.593
THAT'S A LOT OF CAVIAR! ⭐️ Michelin Star Masseria in Washington DC,https://www.youtube.com/watch?v=oO2IJQ84600,High Speed Dining,https://www.youtube.com/channel/UC6SCyrv_VveLZm_tOkiZeEQ,2026-02-17T02:30:51.870Z,37.0,20.412,20.412
Tuna Tartare / Nori / Caviar #finedining #cooking #food #recipe,https://www.youtube.com/watch?v=eSWgS2PmRG8,gourmet_guilherme,https://www.youtube.com/channel/UCGk8_vOcQyzQSXLckCHHdjA,2026-02-17T02:29:34.759Z,33.0,77.111,33.0
🤤10 Best Restaurants in the Cancun Hotel Zone. It’s not just Mexican food,https://www.youtube.com/watch?v=gDxWxe35FjY,Cancun Vacation Secrets,https://www.youtube.com/channel/UCz_H2grGPOD2XoEbMLigCKQ,2026-02-17T02:28:28.470Z,23.0,66.289,23.0
Mexico Guanajuato Casa Mercedes fine dining #mexicanfood #finedining #CasaMercedes,https://www.youtube.com/watch?v=Hp1MwIREMCc,tiffin unboxed,https://www.youtube.com/channel/UCRm2BjBL9RfLUFxx5xNALTA,2026-02-17T02:28:11.938Z,17.0,16.532,16.532
You won’t believe how much is a meal in Mexico City’s MOST EXPENSIVE RESTAURANT #mexico #finedining,https://www.youtube.com/watch?v=zJBfG979wrc,At the Immigrants Table,https://www.youtube.com/channel/UCrxwn-mwXH_Kek8Cbqjq4gA,2026-02-17T02:25:02.726Z,25.0,189.212,25.0
"Why Baja California, Mexico Should Be on Your Gay Travel List",https://www.youtube.com/watch?v=Ie7d2UlbeOc,Logan Ly,https://www.youtube.com/channel/UCeY0v1bR2DEDEIODOrBTTpA,2026-02-17T02:22:45.861Z,2082.0,136.865,136.865
veg hookah noddles #shorts #streetfood,https://www.youtube.com/watch?v=mBNXgglHzTM,Nature hub 8006,https://www.youtube.com/channel/UCZQ7a6xnxcurLtdM4qN8BFA,2026-02-17T02:22:15.683Z,4.0,30.178,4.0
🇲🇽 MY SECRET SPOT 🇲🇽,https://www.youtube.com/watch?v=lXk9w2p3UKE,Mikey In Mexico,https://www.youtube.com/channel/UCC_32rR9WvcXH_2d71TDUew,2026-02-17T02:21:55.530Z,31.0,20.153,20.153
San Diego just got a new hot mexican spot 🌸🌴 🎀 Follow for more San Diego hidden gems We got a,https://www.youtube.com/watch?v=wyybOhqhuvs,Giselle Lelux,https://www.youtube.com/channel/UCCCO2lA1Tsv61VloaZJs-eg,2026-02-17T02:20:38.161Z,16.0,77.369,16.0
Massive tacos & margaritas #mexico #mexicanfood #tacos #puertovallarta #margaritas #fyp #foodreview,https://www.youtube.com/watch?v=hq8PCGWTNkc,Erin Zeiadin,https://www.youtube.com/channel/UCgb0ultuNbGOgdld5CMHYvA,2026-02-17T02:20:18.119Z,29.0,20.042,20.042
"The Ultimate Mexico City Day Tour: History, Food & Views! 🇲🇽✨",https://www.youtube.com/watch?v=jJsWNh3xQE8,Vibe Adventures,https://www.youtube.com/channel/UCQ9qyA-fVkdXarHBlzDCUBA,2026-02-17T02:20:05.154Z,43.0,12.965,12.965
$2 street tacos in Morelia 🇲🇽 #mexicotravel #michoacan #moreli #mexicostreetfood #streetfood,https://www.youtube.com/watch?v=0ibq1qFAPEc,Luke On The Move,https://www.youtube.com/channel/UCR2e5AqDnOOTthxobpiYn3A,2026-02-17T02:19:49.539Z,13.0,15.615,13.0
San Antonio Mexican Food Adventure 🌮🔥  A Flavor Packed Tex Mex Journey 🇲🇽,https://www.youtube.com/watch?v=KiHxB3rcT3A,Taqueria Datapoint- Stone Oak-San Antonio,https://www.youtube.com/channel/UCPcDnWTtjTdQUOQhGb9ND0g,2026-02-17T02:19:42.489Z,61.0,7.05,7.05
【墨西哥中部自由行1】 首都墨西哥城 宝藏人气美食攻略｜“北美第一“人类学博物馆｜绝美空中花园的城堡博物馆｜墨西哥城旅行攻略 墨西哥中部旅行攻略 墨西哥自由行,https://www.youtube.com/watch?v=tGnWt45xTWo,Lumie简生活,https://www.youtube.com/channel/UCcT78iLEPfq-2OohzYp7MUQ,2026-02-17T02:19:11.299Z,1323.0,31.19,31.19
Don’t Visit Mexico City Without Eating at These Restaurants,https://www.youtube.com/watch?v=_i5Ma3Jrols,All World Travel Channel,https://www.youtube.com/channel/UCNVRQzSI4MjWrbMzGGYsfHw,2026-02-17T02:17:13.030Z,499.0,118.269,118.269
Puerto Vallarta Food Guide  Why this Hidden Gem is Worth the Wait,https://www.youtube.com/watch?v=UZzZs_1FPZc,Tours Excursions Vallarta,https://www.youtube.com/channel/UCMAWKcgJ4MQdQMje-9Va8Yw,2026-02-17T02:16:40.649Z,407.0,32.381,32.381
Food tour around Mexico City’s Roma neighbourhood 🌮 #mexicocity #cdmx #mexicofood #foodvlog,https://www.youtube.com/watch?v=7faO95yAlF4,Maz - Where To Find Me,https://www.youtube.com/channel/UC5XFrQH0OA4hZi0UYD60o0g,2026-02-17T02:15:13.993Z,53.0,86.656,53.0
Everything You Need to Eat in Mexico City | The best street food and more,https://www.youtube.com/watch?v=qEnkpXZvofs,Elsie | Latina Travel Creator,https://www.youtube.com/channel/UCqgBBRo1CJ8Y6tRUg2Nk2-Q,2026-02-17T02:14:52.424Z,52.0,21.569,21.569
Vietnamese Food That Will Kill You!!,https://www.youtube.com/watch?v=AxCxgIypLYc,More Best Ever Food Review Show,https://www.youtube.com/channel/UCXw1ddyrUmib3zmCmvSI1ow,2026-02-17T02:13:37.089Z,1344.0,75.335,75.335
8 Foods You MUST Try In Hanoi 🇻🇳,https://www.youtube.com/watch?v=u35JpmvJlNo,Locavore Eats,https://www.youtube.com/channel/UC5bRW6t65qnSgVSuKYB-WSA,2026-02-17T02:11:39.473Z,110.0,117.616,110.0
Exploring Rich Malaysia! Is this Kuala Lumpur or New York? 🇲🇾,https://www.youtube.com/watch?v=Xt3V_7Mjx9I,David Khai,https://www.youtube.com/channel/UCXDtHVw-kTFqiX87UsM2ZqA,2026-02-17T02:09:50.170Z,2105.0,109.303,109.303
The Best Foods in Vietnam 🇻🇳 Pt.1,https://www.youtube.com/watch?v=vhUcaffAqkI,David Khai,https://www.youtube.com/channel/UCXDtHVw-kTFqiX87UsM2ZqA,2026-02-17T02:05:11.733Z,1357.0,278.437,278.437
24 Vietnamese Foods You Need To Eat In Your Lifetime,https://www.youtube.com/watch?v=doY8UFUt08g,David Khai,https://www.youtube.com/channel/UCXDtHVw-kTFqiX87UsM2ZqA,2026-02-17T02:02:11.438Z,5751.0,180.295,180.295
How Vietnam Is DESTROYING American Fast Food!!,https://www.youtube.com/watch?v=JkH_ZlMMpKs,More Best Ever Food Review Show,https://www.youtube.com/channel/UCXw1ddyrUmib3zmCmvSI1ow,2026-02-17T02:00:51.178Z,1238.0,80.26,80.26
Imagery That Will HAUNT You - INNOCENT,https://www.youtube.com/watch?v=Sr0Q2VftC4Q,RealLifeRyan,https://www.youtube.com/channel/UCUfqDk4PJINUhKddpjRVKUQ,2026-02-17T01:33:02.686Z,636.0,1668.492,636.0
Can dev1ce CARRY Call of Duty Pros in CS2?,https://www.youtube.com/watch?v=YKaw22b5ntY,LA Thieves,https://www.youtube.com/channel/UCHTiuvpzDW0WRXHT-WZvjNg,2026-02-17T01:29:38.277Z,644.0,204.409,204.409
Rhino FUMBLES Baddie on Netflix Dating Show,https://www.youtube.com/watch?v=0Ow4tEe-pwI,Strawberry Park,https://www.youtube.com/channel/UCyLLL4Al34gr3XH2_h4db5g,2026-02-17T00:57:49.224Z,3197.0,1909.053,1909.053
LA THIEVES VS GENTLEMATES IN RANKED PLAY (BLACK OPS 7),https://www.youtube.com/watch?v=0gFopNVL2a4,Scrap,https://www.youtube.com/channel/UCKEN_rgie09OgUs-1M6oevA,2026-02-17T00:53:00.856Z,1210.0,288.368,288.368
"THIS WAGERS TEAM HAS ZERO IQ (SCRAP, SIMP, DASHY & KAYSAN)",https://www.youtube.com/watch?v=Yzi3SgiDjT4,Scrap,https://www.youtube.com/channel/UCKEN_rgie09OgUs-1M6oevA,2026-02-17T00:30:40.632Z,1337.0,1340.224,1337.0
The side of Vietnam they NEVER show you!,https://www.youtube.com/watch?v=o2-7egujyb4,David Khai,https://www.youtube.com/channel/UCXDtHVw-kTFqiX87UsM2ZqA,2026-02-16T23:34:02.562Z,1499.0,3398.07,1499.0
Nice Guys Don’t Get Chosen. Here’s Why.,https://www.youtube.com/watch?v=ZBH53mpy21o,Kimberly Michelli,https://www.youtube.com/channel/UC2wNfXWcqCc63jOiMrC9-Fg,2026-02-16T23:14:55.398Z,386.0,1147.164,386.0
How Much Money To Break Up With Your Girlfriend? | Vybes Villa Finale,https://www.youtube.com/watch?v=mEm9yol65D8,Zach Justice,https://www.youtube.com/channel/UCIKGhmu-KdHCG5vZvOuNaww,2026-02-16T22:50:58.156Z,2595.0,1437.242,1437.242
CDL Roster DRAMA Returns: Surge & Falcons Must Go?! 💥,https://www.youtube.com/watch?v=DsZQwdG3MOA,TacticalRab,https://www.youtube.com/channel/UCvAD3EQC4-_oEIThqMhWOAQ,2026-02-16T22:38:34.572Z,850.0,743.584,743.584
the sylvers - Remember the Rain,https://www.youtube.com/watch?v=63nfV47oDhU,luckyJacksonradio,https://www.youtube.com/channel/UC6jhym_TyM2c3PiXdN5kSlA,2026-02-16T22:34:41.700Z,236.0,232.872,232.872
Do you remember... THE RAIN (Lyrics),https://www.youtube.com/watch?v=8gk5acdsUQA,Cherry Lu,https://www.youtube.com/channel/UCOj3FYGMsz8case3LaoTHGQ,2026-02-16T22:34:34.509Z,240.0,7.191,7.191
26Q1 AGRNATLOC PDS YT15 Hotbuys produced 1920x1080,https://www.youtube.com/watch?v=r7jN4SMTzwg,,,2026-02-16T22:09:25.457Z,16.0,1509.052,16.0
MrBeast Doesn’t like People’s Gifts,https://www.youtube.com/watch?v=ohJ1-EB8Fno,Short Affinity,https://www.youtube.com/channel/UCKPZWKaa7rxVhE2E7nfB4sA,2026-02-16T22:08:32.529Z,29.0,52.928,29.0
When MrBeast Offered People To Quit Their Jobs,https://www.youtube.com/watch?v=3OwH9SL8Yvk,Income Infinity,https://www.youtube.com/channel/UCKKulaP5iONYDplhcneCX_w,2026-02-16T20:52:54.255Z,20.0,4538.274,20.0
How to Greatly Improve in BO7 Ranked?,https://www.youtube.com/watch?v=qI2SsJ4N-W4,LunchTime,https://www.youtube.com/channel/UCIUXwNNq0kNXkF9E_YTnfvg,2026-02-16T20:52:04.763Z,21.0,49.492,21.0
Feels incomplete not seeing Steph in All Star Game 🥀🥀 #shorts,https://www.youtube.com/watch?v=qiGLuJqq_Jg,CrunchTime,https://www.youtube.com/channel/UCr3L-JJAmYcOXGRJDkh4pRw,2026-02-16T20:45:07.069Z,58.0,417.694,58.0
The moment N3on explained to Ashton Hall why streaming will end in 3 years😳😱#n3on #ashtonhall,https://www.youtube.com/watch?v=TJgpWAVqVWU,quickclipsn3on,https://www.youtube.com/channel/UCF6ydHSPo_hOJac0OIWVZzQ,2026-02-16T20:42:13.141Z,22.0,173.928,22.0
A surprise discovery of a kitten family! 🐾#rescue #heartwarming #lovestory #fyp  #family,https://www.youtube.com/watch?v=OHe9FlipApg,Heartfelt Rescues,https://www.youtube.com/channel/UCLSy5X9JULvsyOCyEN3tHxA,2026-02-16T20:42:04.588Z,59.0,8.553,8.553
NT CC 05 H2,https://www.youtube.com/watch?v=GAFXoLTgK8s,,,2026-02-16T20:41:08.583Z,47.0,56.005,47.0
Why DON'T We Build Beds Like This in The United States? 😯🤯,https://www.youtube.com/watch?v=VZPBHb8y2HE,MrVex,https://www.youtube.com/channel/UCgs2s8BPQ0BiHpSl1QXMy0w,2026-02-16T20:41:07.729Z,56.0,0.854,0.854
He did me dirty 😭,https://www.youtube.com/watch?v=uHbBHLjzA9Q,Scrap,https://www.youtube.com/channel/UCKEN_rgie09OgUs-1M6oevA,2026-02-16T20:40:32.890Z,15.0,34.839,15.0
New Year Sale | Mint Mobile,https://www.youtube.com/watch?v=c4gBBZcfCfg,,,2026-02-16T20:40:31.981Z,25.0,0.909,0.909
How bulletproof is a Cybertruck?,https://www.youtube.com/watch?v=H3iTVprK7wU,Yee Yee Life,https://www.youtube.com/channel/UCP0yqWtqwQv_0khsdY-i2LA,2026-02-16T20:40:31.023Z,102.0,0.958,0.958
bro single handedly revived the All-Star games 😭🔥 #nbabasketball #victorwembanyama #hoopplanet,https://www.youtube.com/watch?v=s-SiV9UHMlY,Hoop Planet 🌍,https://www.youtube.com/channel/UC1O_36x2N-ngv61Z8ORjbgA,2026-02-16T20:38:14.851Z,61.0,136.172,61.0
Intuit Intelligence: Instant answers and trusted insights to grow your business,https://www.youtube.com/watch?v=EecbeADiyXM,,,2026-02-16T20:38:09.056Z,16.0,5.795,5.795
How MrBeast Got Rid Of Randomness In Beast Games,https://www.youtube.com/watch?v=HYeElez0cto,Short Affinity,https://www.youtube.com/channel/UCKPZWKaa7rxVhE2E7nfB4sA,2026-02-16T20:38:05.206Z,44.0,3.85,3.85
Kawhi’s all star update was lethal🥀 #shorts,https://www.youtube.com/watch?v=cZJE0lM9eA0,Fast Break Films,https://www.youtube.com/channel/UCLLyM78WZ4ggxPLnU1CMUlA,2026-02-16T20:28:26.300Z,36.0,578.906,36.0
"Dashy, Simp & Kaysan Spectate Scrap Losing 1v1s vs a Random! 🤣",https://www.youtube.com/watch?v=Pt9UBxvyq3I,CDL Headquarters,https://www.youtube.com/channel/UCAwJYDzB5AYVhDG7WXRe5sg,2026-02-16T20:13:41.944Z,1136.0,884.356,884.356
🔴INTERNET WANT ME TO BEEF WITH 2 RAW NOW!!,https://www.youtube.com/watch?v=T3HSMhlgQ00,TICKETtv LIVESTREAMS,https://www.youtube.com/channel/UCYpDuwvTs9bu9fpUcvspXtw,2026-02-16T20:12:50.840Z,9508.0,51.104,51.104
Dreamerspro Gets Jumped By A Mob Of Kawhi Leonard Haters For Giving Him Props For The 5th Time,https://www.youtube.com/watch?v=_vV_XZ1zxj0,DREAMERSPRO,https://www.youtube.com/channel/UCGun0enIN7p0ZfqzKqPvD5w,2026-02-16T20:11:49.332Z,547.0,61.508,61.508
"Dashy, Scrap, Simp & Kaysan are Pure Comedy 🤣 - Best CDL Clips of the Day #14",https://www.youtube.com/watch?v=iUYmotrfUeg,Call Of Duty League Clips,https://www.youtube.com/channel/UCxcskWm8ZSQdyCLUXx8QuVA,2026-02-16T20:05:56.553Z,648.0,352.779,352.779
"10 Singles Blind Date for $25,000  | Vybes Villa Episode 1",https://www.youtube.com/watch?v=VttMsrZpU_0,Zach Justice,https://www.youtube.com/channel/UCIKGhmu-KdHCG5vZvOuNaww,2026-02-16T20:04:42.004Z,2153.0,74.549,74.549
RANKING EVERY CDL TEAM AFTER STAGE 2 WEEK 1!,https://www.youtube.com/watch?v=tnwukjzF9aE,Jake Maverik 🚀,https://www.youtube.com/channel/UCUn3HWoBcmBUUOeVGy2K9SA,2026-02-16T20:02:40.022Z,696.0,121.982,121.982
BLACK SOCIAL MEDIA IS NOW TRYING TO DESTROY MICHAEL JORDAN! #2raw4tv,https://www.youtube.com/watch?v=tYD7pEVTpG8,DARTH APOCALYPSE ,https://www.youtube.com/channel/UCGjWHhmHID3MEyXTE9JHTBg,2026-02-16T19:59:14.050Z,706.0,205.972,205.972
Tokyo Train Problems are Real,https://www.youtube.com/watch?v=3b1VpFOKtAs,Max D. Capo,https://www.youtube.com/channel/UCQHldoL2stICpOoVLlDs-tA,2026-02-16T18:03:38.322Z,67.0,6935.728,67.0
Lebron James is Very Upset With Former Cavs GM David Griffin,https://www.youtube.com/watch?v=nyVJk1bCsys,93 Zay,https://www.youtube.com/channel/UCE0Jh2QpBHPkD6g9EZ4Yb-w,2026-02-16T17:43:11.195Z,609.0,1227.127,609.0
"OpTic NOT HAPPY with CDL Changes, Cloud9 Will Win?! 😨🙌",https://www.youtube.com/watch?v=emRW1g7rHqc,TacticalRab,https://www.youtube.com/channel/UCvAD3EQC4-_oEIThqMhWOAQ,2026-02-16T17:38:24.419Z,880.0,286.776,286.776
Kevin Durant's Career Might Be Over...,https://www.youtube.com/watch?v=rtmMpkWPQd8,93 Zay,https://www.youtube.com/channel/UCE0Jh2QpBHPkD6g9EZ4Yb-w,2026-02-16T17:25:48.853Z,775.0,755.566,755.566
Wemby brought life to the all star game🥀 #shorts,https://www.youtube.com/watch?v=qh8uxi6Hu78,Fast Break Films,https://www.youtube.com/channel/UCLLyM78WZ4ggxPLnU1CMUlA,2026-02-16T17:21:26.499Z,33.0,262.354,33.0
NEW LA THIEVES SLAM 💯,https://www.youtube.com/watch?v=th4lQTDgnwQ,Jake Maverik 🚀,https://www.youtube.com/channel/UCUn3HWoBcmBUUOeVGy2K9SA,2026-02-16T17:20:45.085Z,30.0,41.414,30.0
The cat that starts the day by cuddling with mom #shorts #cat #funny,https://www.youtube.com/watch?v=7ZQW5E29crk,링고다냥,https://www.youtube.com/channel/UCO-s9MFWm8ghwrcYIMAjDSw,2026-02-16T17:20:40.094Z,30.0,4.991,4.991
Monarch: Legacy of Monsters | Apple TV,https://www.youtube.com/watch?v=Vo9QqRsGDHY,,,2026-02-16T17:20:01.305Z,31.0,38.789,31.0
What’s under that tennis court buddy??,https://www.youtube.com/watch?v=Dprlzn3Nlt4,Interesting Books Reviewed,https://www.youtube.com/channel/UCOg32zSuLGiBEkV5fpn4cHQ,2026-02-16T17:17:22.339Z,37.0,158.966,37.0
Hiding as a Shulker Box,https://www.youtube.com/watch?v=1x3DkSMoRmI,CoffeeFuelledGenius,https://www.youtube.com/channel/UCse4ijB3OGm6fWKxEaFvLKw,2026-02-16T17:17:12.870Z,133.0,9.469,9.469
On Betraying Your Own Potential | a perspective from Sartre,https://www.youtube.com/watch?v=CDbXzVwdyo8,Zoë Winter,https://www.youtube.com/channel/UCZuNC5BF3v__0NuBpcqAOQA,2026-02-16T10:17:16.275Z,1139.0,25196.595,1139.0
How to Smash Your First CELTA Teaching Practice (Even If You’re Terrified),https://www.youtube.com/watch?v=UQ-CYoIhwZo,Jo Gakonga - ELT Training,https://www.youtube.com/channel/UC66na0VJZmiyBux060wpa3g,2026-02-16T10:09:46.862Z,229.0,449.413,229.0
CELTA TP 1 - 3 Mistakes to Avoid,https://www.youtube.com/watch?v=0Acwnwl3t4Q,CELTA Helper,https://www.youtube.com/channel/UC-H1Vlo2P7s2tStT66hU3bQ,2026-02-16T10:07:52.809Z,595.0,114.053,114.053
First Day of The CELTA Course,https://www.youtube.com/watch?v=qR-iqkJOnrA,International House Cairo,https://www.youtube.com/channel/UC5aQy6X3RFqV_WoCsxTJmVg,2026-02-16T10:07:01.957Z,24.0,50.852,24.0
International House Izmir - CELTA Demo Lesson - Intermediate Listening,https://www.youtube.com/watch?v=ZaJzk1ZGxW4,Billy Sevki Hasirci,https://www.youtube.com/channel/UCxfPeoyYJB2jO5qA6dEzlyg,2026-02-16T09:47:39.508Z,2502.0,1162.449,1162.449
Three Things 'Pass A' CELTA Candidates Always Do,https://www.youtube.com/watch?v=qeo8Ibg3sLg,Jo Gakonga - ELT Training,https://www.youtube.com/channel/UC66na0VJZmiyBux060wpa3g,2026-02-16T09:46:11.870Z,188.0,87.638,87.638
CELTA Teaching Practice,https://www.youtube.com/watch?v=vQji5e14Z_k,Yuliia Teacher Trainer ,https://www.youtube.com/channel/UCr7KE4eRYS6ybgQATJIeLww,2026-02-16T09:45:57.220Z,711.0,14.65,14.65
5 Books For CELTA,https://www.youtube.com/watch?v=jt-BRoDoqiU,Yuliia Teacher Trainer ,https://www.youtube.com/channel/UCr7KE4eRYS6ybgQATJIeLww,2026-02-16T09:42:57.962Z,407.0,179.258,179.258
CELTA Teaching Practice: Common Mistakes to Avoid,https://www.youtube.com/watch?v=Ma5XxbTnerA,Yuliia Teacher Trainer ,https://www.youtube.com/channel/UCr7KE4eRYS6ybgQATJIeLww,2026-02-16T09:40:48.822Z,727.0,129.14,129.14
CELTA pre-course interview. What to expect and how to prepare?,https://www.youtube.com/watch?v=m8nL1L2vx3I,Yuliia Teacher Trainer ,https://www.youtube.com/channel/UCr7KE4eRYS6ybgQATJIeLww,2026-02-16T09:35:35.535Z,553.0,313.287,313.287
Lesson observation,https://www.youtube.com/watch?v=Niel3vqgwrU,Paullo Abreu,https://www.youtube.com/channel/UC4iTxb_2FC_gkFpb8YjhNmw,2026-02-16T09:29:22.214Z,3822.0,373.321,373.321
CELTA TEACHING PRACTICE 7 - WRITING A MOVIE REVIEW,https://www.youtube.com/watch?v=q5m-GcoqhPw,ENI HASEEN,https://www.youtube.com/channel/UCHHAHaR8sFJw_nK6KlKz_gg,2026-02-16T09:28:42.497Z,2343.0,39.717,39.717
CELTA TEACHING PRACTICE 3 - SPEAKING - ELEMENTARY LEVEL,https://www.youtube.com/watch?v=_-XTeJaytuk,ENI HASEEN,https://www.youtube.com/channel/UCHHAHaR8sFJw_nK6KlKz_gg,2026-02-16T09:28:12.195Z,2314.0,30.302,30.302
5 things you need to do before the CELTA course,https://www.youtube.com/watch?v=FzjjWo5AYCs,Grade Education Centre,https://www.youtube.com/channel/UCm8LqGGOgIRt36dWpBT5hpA,2026-02-16T09:27:15.141Z,18.0,57.054,18.0
How to Teach Speaking #tefl #tesol #celta #lesson_frameworks,https://www.youtube.com/watch?v=7T3Uo9sZy8Q,CELTA & DELTA Secrets,https://www.youtube.com/channel/UCdjPZlNihTf47t-H8GZGsUw,2026-02-16T09:27:14.117Z,61.0,1.024,1.024
TP 1 Vocabulary l text based approach l content vocabulary dictionary approach,https://www.youtube.com/watch?v=LRKJBJjahF4,T Lana,https://www.youtube.com/channel/UCLsqYv5lNV1ZX3lr_x847ww,2026-02-16T09:23:14.350Z,1552.0,239.767,239.767
Чого являєшся мені у сні? Ukrainian poem by Ivan Franko,https://www.youtube.com/watch?v=IPX_QOLnVvA,T Lana,https://www.youtube.com/channel/UCLsqYv5lNV1ZX3lr_x847ww,2026-02-16T09:22:55.896Z,123.0,18.454,18.454
The value of Academic writing,https://www.youtube.com/watch?v=z6Bpc509mGM,T Lana,https://www.youtube.com/channel/UCLsqYv5lNV1ZX3lr_x847ww,2026-02-16T09:21:29.568Z,290.0,86.328,86.328
Text-based framework Grammar lesson | Teaching Practice 4 Grammar Intermediate | CELTA,https://www.youtube.com/watch?v=cYEHn-1YMak,T Lana,https://www.youtube.com/channel/UCLsqYv5lNV1ZX3lr_x847ww,2026-02-16T09:20:28.776Z,1243.0,60.792,60.792
The prince scumpii junior .#codleague,https://www.youtube.com/watch?v=QVtue5A1I-0,GRGreenCrossHair AIMING,https://www.youtube.com/channel/UCK8eW8IcaH1r3nxAZY1mcLw,2026-02-16T09:18:40.459Z,117.0,108.317,108.317
500 Hunters vs Minecraft's Deadliest Players,https://www.youtube.com/watch?v=XW2JitRrZig,Karl,https://www.youtube.com/channel/UCrYrcFGGs_nke1MggS8Jvqg,2026-02-16T08:16:10.304Z,2465.0,3750.155,2465.0
11 Ways to Travel Ho Chi Minh City Properly,https://www.youtube.com/watch?v=8MGkOgO9Nyo,David Khai,https://www.youtube.com/channel/UCXDtHVw-kTFqiX87UsM2ZqA,2026-02-16T07:24:44.203Z,1976.0,3086.101,1976.0
Let's Talk About the All Star Game 2026,https://www.youtube.com/watch?v=LtbKXcaucMY,UnCommon Cents,https://www.youtube.com/channel/UCD0Ob94aPTdq308tdjE9nRw,2026-02-16T07:07:14.900Z,3467.0,1049.303,1049.303
"If LeBron is GOAT & best “all around” player, why does he have ONLY 3 Top 100 Game Scores all time?",https://www.youtube.com/watch?v=EBi13m0p3Rg,Self Researched NBA Facts,https://www.youtube.com/channel/UCy8H7WdyfXDvP0Bt0f0p9qA,2026-02-16T07:03:02.901Z,1282.0,251.999,251.999
Bro was doing stuff I’ve never seen him do 😭 #nbabasketball  #kawhileonard #hoopplanet,https://www.youtube.com/watch?v=HOpL4rWDqms,Hoop Planet 🌍,https://www.youtube.com/channel/UC1O_36x2N-ngv61Z8ORjbgA,2026-02-16T06:46:24.149Z,86.0,998.752,86.0
$4000 Thai Hair Transplant!! Success or Regret??,https://www.youtube.com/watch?v=jDbNV1BYXGw,David Khai,https://www.youtube.com/channel/UCXDtHVw-kTFqiX87UsM2ZqA,2026-02-16T06:42:15.017Z,883.0,249.132,249.132
Hanoi Adventures NEVER Let You Down!,https://www.youtube.com/watch?v=S3qperAslOA,David Khai,https://www.youtube.com/channel/UCXDtHVw-kTFqiX87UsM2ZqA,2026-02-16T06:16:37.394Z,1756.0,1537.623,1537.623
Vietnam Street Food Like You've Never Seen!! 🇻🇳,https://www.youtube.com/watch?v=eU97fABFuIg,David Khai,https://www.youtube.com/channel/UCXDtHVw-kTFqiX87UsM2ZqA,2026-02-16T06:13:12.226Z,1969.0,205.168,205.168
Unique Grafting🪴 #bonsaitree #nature #grafting #shorts,https://www.youtube.com/watch?v=fXg0qfk23uQ,Dekino Garden,https://www.youtube.com/channel/UC5gcYErbB--aDVH43mTg1aQ,2026-02-16T05:50:39.763Z,18.0,1352.463,18.0
DAZN   BVG 03 Garcia   15s A 9x16,https://www.youtube.com/watch?v=QsslKbGd_xk,,,2026-02-16T05:50:36.629Z,16.0,3.134,3.134
MrBeast’s proudest accomplishment,https://www.youtube.com/watch?v=1xPwC3l10kc,Short Affinity,https://www.youtube.com/channel/UCKPZWKaa7rxVhE2E7nfB4sA,2026-02-16T05:50:01.076Z,31.0,35.553,31.0
What’s your opinion on this purple-blue combination? #penplotter #oddlysatisfying #generativeart,https://www.youtube.com/watch?v=bOTSy9cUTdU,PlotterPen,https://www.youtube.com/channel/UClNFzhhrWauoF8gCK_odYsQ,2026-02-16T05:49:59.713Z,31.0,1.363,1.363
the best arc raider,https://www.youtube.com/watch?v=RXvbxIYXjxo,amethystdoll,https://www.youtube.com/channel/UCdt4hEJ8kZat-EdNXmvpCfQ,2026-02-16T05:49:56.988Z,19217.0,2.725,2.725
This Bag Makes DIRTY Water Safe,https://www.youtube.com/watch?v=6__-zHX6uow,BattlBox,https://www.youtube.com/channel/UC3vnC9pyxJVfKT4Zv3YILUQ,2026-02-16T05:49:29.389Z,19.0,27.599,19.0
Adding m&m’s to an espresso shot,https://www.youtube.com/watch?v=iyLHtDr4C4w,Ryantagcoffee,https://www.youtube.com/channel/UCJ19KBELNeVLV7LdgrM9nMw,2026-02-16T05:49:04.047Z,45.0,25.342,25.342
cid=4ce122df7413fedc0b420ee622c4852f,https://www.youtube.com/watch?v=thYnqOEx7lk,,,2026-02-16T05:48:14.622Z,42.0,49.425,42.0
How Persians Made Electricity 2000 Years Ago ⚡,https://www.youtube.com/watch?v=38v-UYOY24c,SagaLens Films,https://www.youtube.com/channel/UCdwImYoLblsBYSaIan2yVSg,2026-02-16T05:48:13.795Z,27.0,0.827,0.827
Bro forgot he is a F1 Driver 💀,https://www.youtube.com/watch?v=tBwsZbeAu58,MotorHub,https://www.youtube.com/channel/UCjCpOQGElQlbCu2yPjOHj4g,2026-02-16T05:48:12.468Z,8.0,1.327,1.327
He Bends Solid Wood Like Rubber,https://www.youtube.com/watch?v=y-BHMqco-Rk,OffGrid Origins,https://www.youtube.com/channel/UCzkhSc3OemdR2JuHEwrOsAQ,2026-02-16T05:48:07.472Z,39.0,4.996,4.996
#food #kuliner #fypシ#foodie pizza#yummy#food#pizza#pizzalover#pizzalovers#chefpizza#shorts #foodie,https://www.youtube.com/watch?v=fIcWwuoytkM,Family Food Chanel,https://www.youtube.com/channel/UC93dGay85rY3H_rniA6grhQ,2026-02-16T05:48:05.600Z,,1.872,1.872
NT CC 05 H2,https://www.youtube.com/watch?v=GAFXoLTgK8s,,,2026-02-16T05:48:02.333Z,47.0,3.267,3.267
Mercury reaction to Aluminium (details 👇)https://youtube.com/shorts/lVkmrLegXCE?si=9WGs6SE12GnRCwu-,https://www.youtube.com/watch?v=sGUaOPd7SKM,Mr. SID Sir,https://www.youtube.com/channel/UCxFBR8b8Ymse145eJw4kqAQ,2026-02-16T05:47:29.732Z,14.0,32.601,14.0
Formal glazing him #callofduty #blackops7 #codclips #bo7 #bo7clips #codbo7 #dashy #rankedplay,https://www.youtube.com/watch?v=7C-mOhGXdLo,Codlivestream Clips,https://www.youtube.com/channel/UCYvV4xc0Q3-5q5_gZ6lYU2g,2026-02-16T05:47:23.356Z,25.0,6.376,6.376
RAD BeAVillain Generic V196908 37 1080x1920 S11906 AndroidiOSPC English&IMG=47XO,https://www.youtube.com/watch?v=0wgMc9mXOA8,,,2026-02-16T05:47:21.662Z,37.0,1.694,1.694
cardboard glove.. 🥹,https://www.youtube.com/watch?v=vGO95f2p-eg,Cam 23,https://www.youtube.com/channel/UCEDIJP_CH6Onk5bXsfUs0iQ,2026-02-16T05:47:15.414Z,37.0,6.248,6.248
LeBron & Luka All-Star intros 🤩 #NBA,https://www.youtube.com/watch?v=eYXxEqk4pnU,Los Angeles Lakers,https://www.youtube.com/channel/UC8CSt-oVqy8pUAoKSApTxQw,2026-02-16T05:45:57.823Z,23.0,77.591,23.0
Intuit Intelligence: Instant answers and trusted insights to grow your business,https://www.youtube.com/watch?v=EecbeADiyXM,,,2026-02-16T05:45:52.711Z,16.0,5.112,5.112
The Biggest and Baddest Bun Cha in Hanoi 🇻🇳,https://www.youtube.com/watch?v=tuxM95932GI,David Khai,https://www.youtube.com/channel/UCXDtHVw-kTFqiX87UsM2ZqA,2026-02-16T05:35:14.691Z,1655.0,638.02,638.02
Winter Truck Camping with no heater- staying warm with Hot Water (-10 degrees),https://www.youtube.com/watch?v=60weR9voIBA,Mav,https://www.youtube.com/channel/UCL_BZpt0J9Kqwy6YPWr30ow,2026-02-16T05:22:33.478Z,2396.0,761.213,761.213
LA THIEVES ARE BACK? | TEAMS BLOW IT UP WATCH! | THE FLANK,https://www.youtube.com/watch?v=hXMBA6Ae0IA,ZooMaa,https://www.youtube.com/channel/UCLF-hR7gDrpUnEm3NdKAb6g,2026-02-16T05:21:37.615Z,7107.0,55.863,55.863
The Best Banh Mi's in Vietnam 🇻🇳 Pt.1,https://www.youtube.com/watch?v=HEUrIbeOS8M,David Khai,https://www.youtube.com/channel/UCXDtHVw-kTFqiX87UsM2ZqA,2026-02-16T04:53:54.602Z,1597.0,1663.013,1597.0
She Gave Me A Night I’ll Never Forget In Vietnam,https://www.youtube.com/watch?v=Z7a9WvEjdrA,David Khai,https://www.youtube.com/channel/UCXDtHVw-kTFqiX87UsM2ZqA,2026-02-16T03:54:51.722Z,3189.0,3542.88,3189.0
cid=143b858d930c6b33dad8eb417408e801,https://www.youtube.com/watch?v=YbmreL5kwbw,,,2026-02-16T03:49:24.026Z,21.0,327.696,21.0
Kawhi Leonard ANGRY at his teammates after Allstar Game - Post Game Interview ,https://www.youtube.com/watch?v=Wxpr7v2cKNM,DangerousAI,https://www.youtube.com/channel/UClpYaV73nQDaJf-Vx3CYqVA,2026-02-16T03:48:23.877Z,,60.149,60.149
18-year-old Kylian Mbappe meets Kobe Bryant 🏀 #shorts,https://www.youtube.com/watch?v=CdBaW249A50,New York Post Sports,https://www.youtube.com/channel/UCR7hOJFBzhEpgwBL_HJVteA,2026-02-16T03:46:11.639Z,9.0,132.238,9.0
"Lionel Messi has been called the GOAT, but here are the athletes he considers to be among the best",https://www.youtube.com/watch?v=9PCOap9Hq-Q,NBC News,https://www.youtube.com/channel/UCeY0bbntWzzVIaj2z3QigXg,2026-02-16T03:44:55.800Z,93.0,75.839,75.839
Leo Messi vs Kobe Bryant - Legends on Board - Turkish Airlines,https://www.youtube.com/watch?v=ApPkdTNbcY8,LeoMessiFanClub,https://www.youtube.com/channel/UCdj_wG140XjWKjbFzOZ96xw,2026-02-16T03:43:47.411Z,61.0,68.389,61.0
Living rent-free in my box truck tiny home,https://www.youtube.com/watch?v=NjF-8bm7fhg,Nomad Brad ,https://www.youtube.com/channel/UC9Qzh2HydRzlEaAFMYDyA9A,2026-02-16T03:42:34.949Z,1918.0,72.462,72.462
Ant isn’t ducking KD or LeBron 😤,https://www.youtube.com/watch?v=vZiX019uDHs,Bleacher Report,https://www.youtube.com/channel/UC9-OpMMVoNP5o10_Iyq7Ndw,2026-02-16T03:40:27.253Z,,127.696,127.696
LeBron & Kawhi cookin' early 🔥,https://www.youtube.com/watch?v=ZiDBnG2JjS8,NBA,https://www.youtube.com/channel/UCWJ2lWNubArHWmf3FIHbfcQ,2026-02-16T03:39:16.370Z,12.0,70.883,12.0
LeBron James with the HUGE SLAM #NBAAllStar,https://www.youtube.com/watch?v=QhUydDNTIi0,NBA Europe,https://www.youtube.com/channel/UCbOixsLe8WLQXiIHTUTMAeQ,2026-02-16T03:39:01.024Z,23.0,15.346,15.346
LeBron leaves the court 👀,https://www.youtube.com/watch?v=kNIndcEvkTk,ESPN,https://www.youtube.com/channel/UCiWLfSweyRNmLpgEHekhoAg,2026-02-16T03:38:32.777Z,11.0,28.247,11.0
Shorts Expert: This is How You Go Viral in 2026,https://www.youtube.com/watch?v=gojnqfiJTyc,1of10 Podcast,https://www.youtube.com/channel/UCFmWPX3f0zi0g--uYziLNxA,2026-02-16T03:36:21.853Z,2350.0,130.924,130.924
LEBRON TRIPLE-DOUBLE!! LAKERS WIN!!,https://www.youtube.com/watch?v=3ToBy9GUf6A,haytrendzz,https://www.youtube.com/channel/UCzDkOupX_7K2evn9SBefOMQ,2026-02-16T02:55:54.877Z,1398.0,2426.976,1398.0
Dream 6th hunter is..,https://www.youtube.com/watch?v=E8UgBScLcwA,DrDonut Clips,https://www.youtube.com/channel/UCldCI5K_HmwS_iQX7xqIlPg,2026-02-16T02:51:36.798Z,59.0,258.079,59.0
De Bruyne 🥺,https://www.youtube.com/watch?v=ycvU9NY8TvA,D'Football Genius,https://www.youtube.com/channel/UCiBU933K56yAQNIbbJspDAg,2026-02-16T02:50:06.001Z,20.0,90.797,20.0
Luka got locked up 😭 #nba,https://www.youtube.com/watch?v=dCzK0NTpfoQ,AirBall Insider,https://www.youtube.com/channel/UCk701vImxU9oBCDt3q9khmQ,2026-02-16T02:49:36.625Z,,29.376,29.376
"Colin Cowherd calls LeBron a ""BETTER version of Magic"", what a joke! ",https://www.youtube.com/watch?v=kMSnNeoZA1A,Self Researched NBA Facts,https://www.youtube.com/channel/UCy8H7WdyfXDvP0Bt0f0p9qA,2026-02-16T02:33:50.561Z,1047.0,946.064,946.064
Steph Curry is INSANE! Drills basket from NBA Showtime desk | NBA All-Star Game | NBA on NBC,https://www.youtube.com/watch?v=OamSn3UJF7w,NBA on NBC,https://www.youtube.com/channel/UCFw3-5NBx1XJTaF0TPcK8iQ,2026-02-16T02:31:06.070Z,82.0,164.491,82.0
"NBA All Star Game Full Game Highlights – February 15, 2026 | NBA All Star Game",https://www.youtube.com/watch?v=6v3rkCSy1b8,GAMETIME HIGHLIGHTS,https://www.youtube.com/channel/UC0LrZO9wORIqn_aRJtKdgfA,2026-02-16T02:29:45.704Z,584.0,80.366,80.366
🗣️ LeBron sounds off on ANT-MAN following his KIA NBA All-Star Most Valuable Player performance! 🐜,https://www.youtube.com/watch?v=D2WTxBt82Mw,NBA,https://www.youtube.com/channel/UCWJ2lWNubArHWmf3FIHbfcQ,2026-02-16T02:28:58.895Z,18.0,46.809,18.0
FormaL Reacts to Thieves Absolutely Slamming Ravens Online! 👀,https://www.youtube.com/watch?v=8iSE9zVdDfw,CDL Headquarters,https://www.youtube.com/channel/UCAwJYDzB5AYVhDG7WXRe5sg,2026-02-16T02:17:38.637Z,2049.0,680.258,680.258
Lost in Mexico’s Jungle 🇲🇽 (What Could Go Wrong?),https://www.youtube.com/watch?v=NjCNuSdizcQ,Lost With Warren,https://www.youtube.com/channel/UCs8GGfl4nOUKXDJKK8oY0Iw,2026-02-16T01:28:49.562Z,1889.0,2929.075,1889.0
“I had the WORST team” - Victor Wembanyama Postgame Interview - NBA Allstar Game,https://www.youtube.com/watch?v=59eIoKsPTTI,DangerousAI,https://www.youtube.com/channel/UClpYaV73nQDaJf-Vx3CYqVA,2026-02-16T01:24:34.933Z,37.0,254.629,37.0
Kawhi SCORES 15 STRAIGHT PTS 🔥 World vs USA Stripes | 2026 NBA All-Star Game,https://www.youtube.com/watch?v=vaqXEACAHco,NBA,https://www.youtube.com/channel/UCWJ2lWNubArHWmf3FIHbfcQ,2026-02-16T01:21:39.957Z,184.0,174.976,174.976
LeBron does his iconic chalk toss at the All-Star game ⭐️,https://www.youtube.com/watch?v=hqvdc86EQ8s,NBA,https://www.youtube.com/channel/UCWJ2lWNubArHWmf3FIHbfcQ,2026-02-16T01:18:23.787Z,13.0,196.17,13.0
NBA All-Star Game 2026 | Live Play-By-Play & Reactions,https://www.youtube.com/watch?v=usCYCBqTCwE,The Sports Fury,https://www.youtube.com/channel/UCiF5HFwipoXlNahMHMEII_g,2026-02-16T01:18:02.990Z,16721.0,20.797,20.797
