title,link,channel,channel_link,date,video_length,time_diff,watch_time
deadmau5 - Strobe,https://music.youtube.com/watch?v=tKi9Z-f6qX4,deadmau5,https://www.youtube.com/channel/UCYEK6xds6eo-3tr4xRdflmQ,2026-03-09T03:19:33.925Z,637,,637.0
Vicetone & Tony Igy - Astronomia,https://music.youtube.com/watch?v=iLBBRuVDOo4,Vicetone,https://www.youtube.com/channel/UCLWhjdcnGgn6E5WeG5Q7wvQ,2026-03-09T03:16:14.960Z,199,198.965,198.965
deadmau5 / Faxing Berlin (Original Mix),https://music.youtube.com/watch?v=QnccxyatrD0,Play Records,https://www.youtube.com/channel/UCbPfg_x4RjLrfpt37eXpBUw,2026-03-09T03:07:00.902Z,523,554.058,523.0
Ben Böhmer - Ground Control,https://music.youtube.com/watch?v=9E2pX27Exkc,Anjunadeep,https://www.youtube.com/channel/UCbDgBFAketcO26wz-pR6OKA,2026-03-09T02:59:33.570Z,407,447.332,407.0
Derezzed (Remixed by The Glitch Mob),https://music.youtube.com/watch?v=ejwwxJQF8lw,Daft Punk - Topic,https://www.youtube.com/channel/UCRr1xG_2WIDs18a6cIiCxeA,2026-03-09T00:20:34.400Z,263,9539.17,263.0
REZZ & deadmau5 - Hypnocurrency,https://music.youtube.com/watch?v=RT2No1vusjg,deadmau5,https://www.youtube.com/channel/UCYEK6xds6eo-3tr4xRdflmQ,2026-03-08T23:24:17.819Z,297,3376.581,297.0
Out Of Reach (feat. Sansa),https://music.youtube.com/watch?v=sP_rgz3LRgg,Cristoph - Topic,https://www.youtube.com/channel/UCIman9Hvsu_v6PlZS68niFw,2026-03-08T23:20:01.091Z,256,256.728,256.0
Noisia - Tommy's Theme (Official Video),https://music.youtube.com/watch?v=jjbiMXfe2NU,Noisia,https://www.youtube.com/channel/UCPSso4A-41Rth8KMf0O40iw,2026-03-08T23:14:42.913Z,287,318.178,287.0
Big Wild - Aftergold,https://music.youtube.com/watch?v=dXHVuIqGzSU,TheSoundYouNeed,https://www.youtube.com/channel/UCudKvbd6gvbm5UCYRk5tZKA,2026-03-08T23:10:51.769Z,231,231.144,231.0
Lane 8 & Massane - And We Knew It Was Our Time,https://music.youtube.com/watch?v=q4Za7K6RZAQ,This Never Happened,https://www.youtube.com/channel/UCozj7uHtfr48i6yX6vkJzsA,2026-03-08T23:00:56.721Z,564,595.048,564.0
Oliver Heldens - Flamingo (Official Music Video),https://music.youtube.com/watch?v=4XHg7l-I6-0,Spinnin' Records,https://www.youtube.com/channel/UCpDJl2EmP7Oh90Vylx0dZtA,2026-03-08T22:57:49.094Z,187,187.627,187.0
David Guetta & Becky Hill & Ella Henderson - Crazy What Love Can Do (Official Music Video),https://music.youtube.com/watch?v=8bzesUu_a4I,David Guetta,https://www.youtube.com/channel/UC1l7wYrva1qCH-wgqcHaaRg,2026-03-08T21:55:52.510Z,178,3716.584,178.0
Tujamo - Drop That Low (When I Dip) [Official Music Video],https://music.youtube.com/watch?v=souJM4aCk6w,Spinnin' Records,https://www.youtube.com/channel/UCpDJl2EmP7Oh90Vylx0dZtA,2026-03-08T21:53:07.286Z,165,165.224,165.0
Swedish House Mafia and Connie Constance - Heaven Takes You Home (Connies Lens),https://music.youtube.com/watch?v=kYHoSET3SGU,Swedish House Mafia,https://www.youtube.com/channel/UC5HEq5U--O5nn134mizyCcw,2026-03-08T21:48:48.564Z,258,258.722,258.0
Martin Garrix feat. Usher - 'Don't Look Down' (Towel Boy) [Official Video YTMAs],https://music.youtube.com/watch?v=nJSdYlAFKqA,Martin Garrix,https://www.youtube.com/channel/UC5H_KXkPbEsGs0tFt8R35mA,2026-03-08T21:44:44.324Z,228,244.24,228.0
"DJ Snake, AlunaGeorge - You Know You Like It",https://music.youtube.com/watch?v=aBn7bjy9c4U,DJSnakeVEVO,https://www.youtube.com/channel/UCGkSXL5saM8y3VvJD_PdMFQ,2026-03-08T21:34:24.417Z,273,619.907,273.0
Galantis -  Peanut Butter Jelly (Official Video),https://music.youtube.com/watch?v=4jBDnYE1WjI,Galantis,https://www.youtube.com/channel/UC0YlhwQabxkHb2nfRTzsTTA,2026-03-08T21:30:30.126Z,234,234.291,234.0
twocolors x Safri Duo x Chris de Sarandy - Cynical (Directed by Specter Berlin),https://music.youtube.com/watch?v=a0Ri763zXR8,twocolorsVEVO,https://www.youtube.com/channel/UCKEknN8uHGaEB04h3UdJBxA,2026-03-08T21:26:43.188Z,210,226.938,210.0
Avicii - You Make Me (Official),https://music.youtube.com/watch?v=2GADx4Hy-Gg,AviciiOfficialVEVO,https://www.youtube.com/channel/UC1SqP7_RfOC9Jf9L_GRHANg,2026-03-08T21:22:51.645Z,231,231.543,231.0
Ofenbach - Be Mine (Official Video),https://music.youtube.com/watch?v=oNWOC_Pvo4w,Ofenbach,https://www.youtube.com/channel/UCvHO0zC7igslo1uivYGOFmA,2026-03-08T21:19:24.609Z,176,207.036,176.0
"David Guetta, Martin Garrix & Brooks - Like I Do (Lyric Video)",https://music.youtube.com/watch?v=WfPu9Jrcpuk,David Guetta,https://www.youtube.com/channel/UC1l7wYrva1qCH-wgqcHaaRg,2026-03-08T21:16:00.885Z,203,203.724,203.0
Jonas Blue - By Your Side ft. RAYE (Official Video),https://music.youtube.com/watch?v=AQ4MQ_uhBSs,JonasBlueVEVO,https://www.youtube.com/channel/UCC6sWkXNQqyS2r6u6xQ_GdQ,2026-03-08T21:12:29.036Z,205,211.849,205.0
Martin Solveig & GTA - Intoxicated (Official Music Video),https://music.youtube.com/watch?v=94Rq2TX0wj4,Spinnin' Records,https://www.youtube.com/channel/UCpDJl2EmP7Oh90Vylx0dZtA,2026-03-08T21:08:43.284Z,195,225.752,195.0
ZHU - Faded (Official Music Video),https://music.youtube.com/watch?v=CVvJp3d8xGQ,Spinnin' Records,https://www.youtube.com/channel/UCpDJl2EmP7Oh90Vylx0dZtA,2026-03-08T21:04:29.109Z,254,254.175,254.0
Alesso - Heroes (we could be) ft. Tove Lo,https://music.youtube.com/watch?v=a7SouU3ECpU,AlessoOfficialVEVO,https://www.youtube.com/channel/UCPew18bTw43HRb5Rt5m-liw,2026-03-08T20:59:34.294Z,295,294.815,294.815
"Alan Walker, K-391, Tungevaag, Mangoo - PLAY (Alan Walker's Video)",https://music.youtube.com/watch?v=YQRHrco73g4,Alan Walker,https://www.youtube.com/channel/UCJrOtniJ0-NWz37R30urifQ,2026-03-08T20:56:42.149Z,172,172.145,172.0
Sigala - Sweet Lovin' (Official Video),https://music.youtube.com/watch?v=qj5zT4t7S6c,SigalaVEVO,https://www.youtube.com/channel/UC17CHWNv_gML0yOcsrh_v1g,2026-03-08T20:21:13.256Z,214,2128.893,214.0
Calvin Harris - Outside (Official Video) ft. Ellie Goulding,https://music.youtube.com/watch?v=J9NQFACZYEU,CalvinHarrisVEVO,https://www.youtube.com/channel/UCaHNFIob5Ixv74f5on3lvIw,2026-03-08T20:16:56.359Z,226,256.897,226.0
Tiësto & KSHMR feat. Vassy - Secrets (Official Music Video),https://music.youtube.com/watch?v=Dr1nN__-2Po,Spinnin' Records,https://www.youtube.com/channel/UCpDJl2EmP7Oh90Vylx0dZtA,2026-03-08T20:12:45.634Z,220,250.725,220.0
Avicii vs Nicky Romero - I Could Be The One (Nicktim),https://music.youtube.com/watch?v=bek1y2uiQGA,AviciiOfficialVEVO,https://www.youtube.com/channel/UC1SqP7_RfOC9Jf9L_GRHANg,2026-03-08T20:07:59.424Z,286,286.21,286.0
Riton x Nightcrawlers - Friday ft. Mufasa & Hypeman (Dopamine Re-edit) [Official Video],https://music.youtube.com/watch?v=U6n2NcJ7rLc,RitonTimeVEVO,https://www.youtube.com/channel/UCoRuUD55rEpgfu_w4DXNx1g,2026-03-08T20:04:29.670Z,177,209.754,177.0
Deorro x Chris Brown - Five More Hours (Official Video) [Ultra Records],https://music.youtube.com/watch?v=j3CaHeakZF4,Ultra Records,https://www.youtube.com/channel/UC4rasfm9J-X4jNl9SvXp8xA,2026-03-08T19:59:26.457Z,287,303.213,287.0
Lilly Wood & The Prick and Robin Schulz - Prayer In C (Robin Schulz Remix) (Official),https://music.youtube.com/watch?v=fiore9Z5iUg,Robin Schulz,https://www.youtube.com/channel/UCLVVBWrp9jw4-SYUoU42hcg,2026-03-08T19:55:41.752Z,194,224.705,194.0
Calvin Harris - Summer (Official Video),https://music.youtube.com/watch?v=ebXbLfLACGM,CalvinHarrisVEVO,https://www.youtube.com/channel/UCaHNFIob5Ixv74f5on3lvIw,2026-03-08T19:51:46.950Z,234,234.802,234.0
Alan Walker - The Spectre,https://music.youtube.com/watch?v=wJnBTPUQS5A,Alan Walker,https://www.youtube.com/channel/UCJrOtniJ0-NWz37R30urifQ,2026-03-08T19:47:49.482Z,207,237.468,207.0
Martin Garrix feat. Bonn - High On Life (Official Video),https://music.youtube.com/watch?v=Lpjcm1F8tY8,Martin Garrix,https://www.youtube.com/channel/UC5H_KXkPbEsGs0tFt8R35mA,2026-03-08T19:43:30.629Z,227,258.853,227.0
Avicii - Levels,https://music.youtube.com/watch?v=_ovdm2yX4MA,AviciiOfficialVEVO,https://www.youtube.com/channel/UC1SqP7_RfOC9Jf9L_GRHANg,2026-03-08T19:40:11.548Z,199,199.081,199.0
Galantis - No Money (Official Video),https://music.youtube.com/watch?v=xUVz4nRmxn4,Galantis,https://www.youtube.com/channel/UC0YlhwQabxkHb2nfRTzsTTA,2026-03-08T19:36:33.515Z,202,218.033,202.0
Robin Schulz - Sugar (feat. Francesco Yates) (OFFICIAL MUSIC VIDEO),https://music.youtube.com/watch?v=bvC_0foemLY,Robin Schulz,https://www.youtube.com/channel/UCLVVBWrp9jw4-SYUoU42hcg,2026-03-08T19:32:17.380Z,225,256.135,225.0
Calvin Harris & Disciples - How Deep Is Your Love,https://music.youtube.com/watch?v=EgqUJOudrcM,CalvinHarrisVEVO,https://www.youtube.com/channel/UCaHNFIob5Ixv74f5on3lvIw,2026-03-08T19:27:25.660Z,261,291.72,261.0
Alan Walker - Alone,https://music.youtube.com/watch?v=1-xGerv5FOk,Alan Walker,https://www.youtube.com/channel/UCJrOtniJ0-NWz37R30urifQ,2026-03-08T19:24:41.725Z,164,163.935,163.935
"LMFAO - Party Rock Anthem ft. Lauren Bennett, GoonRock",https://music.youtube.com/watch?v=KQ6zr6kCPj8,LMFAOVEVO,https://www.youtube.com/channel/UCk78ZcA6kflEvBR0UrGDH0Q,2026-03-08T19:17:54.119Z,376,407.606,376.0
Journey - Don't Stop Believin' (Official Audio),https://music.youtube.com/watch?v=1k8craCGpgs,journeyVEVO,https://www.youtube.com/channel/UCoehRqkqt8QGZCWPrXxltXg,2026-03-08T19:17:46.091Z,251,8.028,8.028
Official髭男dism - Pretender［Official Video］,https://music.youtube.com/watch?v=TQ8WlA2GXbk,Official髭男dism,https://www.youtube.com/channel/UC3vg17IZ1IV73xx069jG44w,2026-03-08T19:13:59.035Z,336,227.056,227.056
Mrs. GREEN APPLE「ライラック」Official Music Video,https://music.youtube.com/watch?v=QjrkrVmC-8M,Mrs. GREEN APPLE,https://www.youtube.com/channel/UCpFgmZm65yOU5X-hmWkWjuw,2026-03-08T19:08:55.130Z,304,303.905,303.905
ONE OK ROCK - The Beginning [Official Music Video],https://music.youtube.com/watch?v=Hh9yZWeTmVM,ONE OK ROCK,https://www.youtube.com/channel/UCzycs8MqvIY4nXWwS-v4J9g,2026-03-08T19:03:25.263Z,314,329.867,314.0
"Juanes, Sebastián Yatra - Bonita",https://music.youtube.com/watch?v=YROfN6pUS08,JuanesVEVO,https://www.youtube.com/channel/UCbGmbLGPhxIlp1JF4tybiAg,2026-03-08T07:02:50.925Z,156,43234.338,156.0
Jarabe De Palo - La Flaca (Videoclip Oficial),https://music.youtube.com/watch?v=r2g0pM3PMNQ,Jarabe de Palo Catálogo,https://www.youtube.com/channel/UCg_F5XwgjY-QAJSxPk1Ib0Q,2026-03-08T06:58:21.301Z,269,269.624,269.0
"Shakira, Cardi B - Puntería (Official Video)",https://music.youtube.com/watch?v=SHnDwYgGKkY,shakiraVEVO,https://www.youtube.com/channel/UCGnjeahCJW1AF34HBmQTJ-Q,2026-03-08T06:55:12.668Z,188,188.633,188.0
KAROL G - WATATI (feat. Aldo Ranks) (From Barbie The Album) [Official Music Video],https://music.youtube.com/watch?v=AqG0GF_LA0Q,KAROL G,https://www.youtube.com/channel/UCZuPJZ2kGFdlbQu1qotZaHw,2026-03-08T06:51:54.055Z,168,198.613,168.0
Miranda! - Perfecta (Video Oficial),https://music.youtube.com/watch?v=a3hOeU7w59o,Pelo Music Group,https://www.youtube.com/channel/UCoaZxek7vVcEz4vr65JFgHA,2026-03-08T06:48:04.763Z,229,229.292,229.0
Camila Cabello - Bam Bam (Official Music Video) ft. Ed Sheeran,https://music.youtube.com/watch?v=-8VfKZCOo_I,CamilaCabelloVEVO,https://www.youtube.com/channel/UCk0wwaFCIkxwSfi6gpRqQUw,2026-03-08T06:43:17.473Z,257,287.29,257.0
Yuridia - Ya Te Olvidé,https://music.youtube.com/watch?v=uMLuLLCXXx4,YuridiaVEVO,https://www.youtube.com/channel/UC22QP-rNb5wWyJ0BQOWlXQA,2026-03-08T06:39:48.255Z,209,209.218,209.0
Carlos Baute - Colgando en tus manos (con Marta Sanchez),https://music.youtube.com/watch?v=qExd-3oCTl4,Carlos Baute,https://www.youtube.com/channel/UCr20IRb6bEs8Dw8HgL6iMRQ,2026-03-08T06:35:53.197Z,235,235.058,235.0
KAROL G - Milagros (Cover Audio),https://music.youtube.com/watch?v=5SqxM864Fy8,KarolGVEVO,https://www.youtube.com/channel/UCz9yS18zJGQObwUL_K-ICnw,2026-03-08T06:31:26.205Z,236,266.992,236.0
Sebastián Yatra - Cristina,https://music.youtube.com/watch?v=1Jw_mhoCiFY,SebastianYatraVEVO,https://www.youtube.com/channel/UC3Df9-SvQY9BbfCmyvR0J5A,2026-03-08T06:25:34.766Z,323,351.439,323.0
Paulo Londra - Plan A (Official Video),https://music.youtube.com/watch?v=dmW68lzaaqs,Paulo Londra,https://www.youtube.com/channel/UCzI7wZyqk7jpXWT_MILjepw,2026-03-08T06:22:06.675Z,186,208.091,186.0
"Morat, Juanes - Besos En Guerra (Video Oficial)",https://music.youtube.com/watch?v=1oeD2m2UQAI,MoratVEVO,https://www.youtube.com/channel/UCncmmq2xV1002xNnx9_rDhw,2026-03-08T06:18:08.874Z,238,237.801,237.801
Camilo - Favorito (Official Video),https://music.youtube.com/watch?v=2mY7AFTtYwQ,CamiloVEVO,https://www.youtube.com/channel/UCXQIVincj_W4CYfWKB1iPVQ,2026-03-08T06:14:22.283Z,211,226.591,211.0
Manuel Medrano - Bajo El Agua (Video Oficial),https://music.youtube.com/watch?v=zLX_GcXt2pI,Manuel Medrano,https://www.youtube.com/channel/UC5imdbLT1yRvjbyqeHhnt0A,2026-03-08T06:10:24.598Z,231,237.685,231.0
"Shakira, Rauw Alejandro - Te Felicito (Official Video)",https://music.youtube.com/watch?v=4I25nV9hXGA,shakiraVEVO,https://www.youtube.com/channel/UCGnjeahCJW1AF34HBmQTJ-Q,2026-03-08T06:07:08.667Z,196,195.931,195.931
Danny Ocean x Kapo - Imagínate (OFFICIAL VIDEO),https://music.youtube.com/watch?v=TVyLcqNg5lY,Danny Ocean,https://www.youtube.com/channel/UC8OjoQHmGd7fDWluxKlQGdg,2026-03-08T06:03:56.817Z,175,191.85,175.0
Beéle - frente al mar (Video Oficial),https://music.youtube.com/watch?v=IryOLXtyTRU,BeeleVEVO,https://www.youtube.com/channel/UCYQV_J85c0cjxixuXIoEnzw,2026-03-08T06:00:48.537Z,169,188.28,169.0
Sebastián Yatra - Tacones Rojos (Official Video),https://music.youtube.com/watch?v=Qz9gmiLBVFA,SebastianYatraVEVO,https://www.youtube.com/channel/UC3Df9-SvQY9BbfCmyvR0J5A,2026-03-08T05:57:24.649Z,204,203.888,203.888
"Carlos Vives, Shakira - La Bicicleta",https://music.youtube.com/watch?v=-UV0QGLmYys,CarlosVivesVEVO,https://www.youtube.com/channel/UChcn-n6L8vYHzsqOwOubdRQ,2026-03-08T05:53:10.747Z,238,253.902,238.0
KAROL G - Amargura (Visualizer),https://music.youtube.com/watch?v=fEWhm_TVvUw,KarolGVEVO,https://www.youtube.com/channel/UCz9yS18zJGQObwUL_K-ICnw,2026-03-08T05:50:20.713Z,170,170.034,170.0
"Rvssian, Rauw Alejandro, Ayra Starr - Santa (Official Video)",https://music.youtube.com/watch?v=9V_HpS9p4QY,Rvssian,https://www.youtube.com/channel/UCgtDkLbESdzKgJT_oB9AVTw,2026-03-08T05:46:48.971Z,199,211.742,199.0
OHNANA - Kapo (Video Oficial),https://music.youtube.com/watch?v=lmDfmilZ4Xo,Kapo,https://www.youtube.com/channel/UCMuUGNq6D6FJXVss3yayfpQ,2026-03-08T05:44:12.047Z,157,156.924,156.924
"Thalia, NATTI NATASHA - No Me Acuerdo (Official Video)",https://music.youtube.com/watch?v=iQEVguV71sI,ThaliaVEVO,https://www.youtube.com/channel/UCwhR7Yzx_liQ-mR4nMUHhkg,2026-03-08T05:40:02.543Z,221,249.504,221.0
"Carlos Vives, Sebastián Yatra - Robarte un Beso (Official Video)",https://music.youtube.com/watch?v=Mtau4v6foHA,CarlosVivesVEVO,https://www.youtube.com/channel/UChcn-n6L8vYHzsqOwOubdRQ,2026-03-08T05:36:27.651Z,198,214.892,198.0
Shakira - Soltera (Official Video),https://music.youtube.com/watch?v=oBofuVYDoG4,shakiraVEVO,https://www.youtube.com/channel/UCGnjeahCJW1AF34HBmQTJ-Q,2026-03-08T05:31:47.432Z,249,280.219,249.0
"Beéle, Ovy On The Drums - mi refe (Video Oficial)",https://music.youtube.com/watch?v=w8l33K5D5CI,BeeleVEVO,https://www.youtube.com/channel/UCYQV_J85c0cjxixuXIoEnzw,2026-03-08T05:29:08.027Z,159,159.405,159.0
La Oreja de Van Gogh - Rosas (Vídeo Oficial),https://music.youtube.com/watch?v=nYnLVWXmRm8,LODVGVEVO,https://www.youtube.com/channel/UCZMo3HVu00Ky9HLDUW8jx7g,2026-03-08T05:25:15.004Z,232,233.023,232.0
KAROL G - Si Antes Te Hubiera Conocido | Coke Studio,https://music.youtube.com/watch?v=QCZZwZQ4qNs,KarolGVEVO,https://www.youtube.com/channel/UCz9yS18zJGQObwUL_K-ICnw,2026-03-08T05:21:27.493Z,196,227.511,196.0
Juanes - La Camisa Negra,https://music.youtube.com/watch?v=kRt2sRyup6A,JuanesVEVO,https://www.youtube.com/channel/UCbGmbLGPhxIlp1JF4tybiAg,2026-03-08T05:16:48.753Z,248,278.74,248.0
"Mau y Ricky, Manuel Turizo, Camilo - Desconocidos (Official Video)",https://music.youtube.com/watch?v=8avC3hHNeSE,MauyRickyVEVO,https://www.youtube.com/channel/UCCws9e4Tnl73Mg08e_tuF3w,2026-03-08T05:13:17.671Z,204,211.082,204.0
"Carlos Rivera, Becky G, Pedro Capó - Perdiendo la Cabeza",https://music.youtube.com/watch?v=yS0OXxdFUJM,CarlosRiveraVEVO,https://www.youtube.com/channel/UC98xNCw0IbVamYucnjMdu5g,2026-03-08T05:09:40.071Z,211,217.6,211.0
Morat - No Se Va (Video Oficial),https://music.youtube.com/watch?v=USDX0X-d588,MoratVEVO,https://www.youtube.com/channel/UCncmmq2xV1002xNnx9_rDhw,2026-03-08T05:05:17.933Z,231,262.138,231.0
"Sebastián Yatra, Myke Towers - Pareja Del Año",https://music.youtube.com/watch?v=SRm2Ch4oFWs,SebastianYatraVEVO,https://www.youtube.com/channel/UC3Df9-SvQY9BbfCmyvR0J5A,2026-03-08T05:01:28.089Z,208,229.844,208.0
SHAKIRA || BZRP Music Sessions #53/66,https://music.youtube.com/watch?v=CocEMWdc7Ck,Bizarrap,https://www.youtube.com/channel/UCmS75G-98QihSusY7NfCZtw,2026-03-08T04:57:18.512Z,218,249.577,218.0
La 5a Estación - El Sol No Regresa,https://music.youtube.com/watch?v=0mSNnobHcYQ,laquintaestacionVEVO,https://www.youtube.com/channel/UCUVcsOZhmHnlZQ0_i8mmyvg,2026-03-08T04:53:26.115Z,226,232.397,226.0
"Carlos Vives, Ricky Martin - Canción Bonita (Official Video)",https://music.youtube.com/watch?v=KIBeny5wq6M,CarlosVivesVEVO,https://www.youtube.com/channel/UChcn-n6L8vYHzsqOwOubdRQ,2026-03-08T04:49:55.930Z,179,210.185,179.0
"Sebastián Yatra, Guaynaa - Chica Ideal (Official Video)",https://music.youtube.com/watch?v=t_Fi3J4UTlg,SebastianYatraVEVO,https://www.youtube.com/channel/UC3Df9-SvQY9BbfCmyvR0J5A,2026-03-08T04:46:31.574Z,188,204.356,188.0
Belanova - Rosa Pastel,https://music.youtube.com/watch?v=bUkJLkoh3kA,BelanovaVEVO,https://www.youtube.com/channel/UChI8VwnZuH6vcu1j8ld1Czw,2026-03-08T04:43:09.099Z,189,202.475,189.0
Morat - Cuando Nadie Ve (Video Oficial),https://music.youtube.com/watch?v=szeA9tvItJY,MoratVEVO,https://www.youtube.com/channel/UCncmmq2xV1002xNnx9_rDhw,2026-03-08T04:39:22.651Z,226,226.448,226.0
Camilo - Vida de Rico (Official Video),https://music.youtube.com/watch?v=qKp1f7Vn9dM,CamiloVEVO,https://www.youtube.com/channel/UCXQIVincj_W4CYfWKB1iPVQ,2026-03-08T04:36:12.291Z,190,190.36,190.0
QUEVEDO || BZRP Music Sessions #52/66,https://music.youtube.com/watch?v=A_g3lMcWVy0,Bizarrap,https://www.youtube.com/channel/UCmS75G-98QihSusY7NfCZtw,2026-03-08T04:32:32.183Z,204,220.108,204.0
UWAIE - Kapo (Video Oficial),https://music.youtube.com/watch?v=spbagny8OjM,Kapo,https://www.youtube.com/channel/UCMuUGNq6D6FJXVss3yayfpQ,2026-03-08T04:29:18.282Z,172,193.901,172.0
"KAROL G, Nicki Minaj - Tusa (Official Video)",https://music.youtube.com/watch?v=tbneQDc2H3I,KarolGVEVO,https://www.youtube.com/channel/UCz9yS18zJGQObwUL_K-ICnw,2026-03-08T04:25:22.943Z,204,235.339,204.0
KAROL G - Provenza (Official Video),https://music.youtube.com/watch?v=ca48oMV59LU,KarolGVEVO,https://www.youtube.com/channel/UCz9yS18zJGQObwUL_K-ICnw,2026-03-08T04:21:05.296Z,227,257.647,227.0
Peggy Gou - (It Goes Like) Nanana - Official Video,https://music.youtube.com/watch?v=sCz5y84dwuA,Peggy Gou,https://www.youtube.com/channel/UCWd5yMFDEuSCWzTM4xuA1fg,2026-03-08T03:53:29.532Z,165,1655.764,165.0
Charli xcx - 360 (official video),https://music.youtube.com/watch?v=WJW-VvmRKsE,Charli xcx,https://www.youtube.com/channel/UCOvEMf00DnwdkpOCRWdc6uA,2026-03-08T03:48:55.924Z,265,273.608,265.0
Gabi Sklar - Miami,https://music.youtube.com/watch?v=66g4pZr_1mY,GabiSklarVEVO,https://www.youtube.com/channel/UCZmWnxTX0SfvHeW2KoQ02VA,2026-03-08T03:45:47.142Z,178,188.782,178.0
Drake - NOKIA (Official Music Video),https://music.youtube.com/watch?v=8ekJMC8OtGU,DrakeVEVO,https://www.youtube.com/channel/UCQznUf1SjfDqx65hX3zRDiA,2026-03-07T01:41:09.775Z,266,93877.367,266.0
"Metro Boomin - Take Me Thru Dere ft. Quavo, Breskii, YK Niece, & DJ Spinz (Official Music Video)",https://music.youtube.com/watch?v=iUZyn_w6Y1Q,Metro Boomin,https://www.youtube.com/channel/UCKC11MOR51CLg4JpYj8jb4g,2026-03-07T01:38:11.227Z,163,178.548,163.0
GODS ft. NewJeans (뉴진스) (Official Music Video) | Worlds 2023 Anthem - League of Legends,https://music.youtube.com/watch?v=C3GouGa0noM,League of Legends,https://www.youtube.com/channel/UC2t5bjwHdUX4vM2g8TRDq5g,2026-03-07T01:33:25.103Z,256,286.124,256.0
Montagem Bandido,https://music.youtube.com/watch?v=cQ9E7DwZmgs,Jmilton - Topic,https://www.youtube.com/channel/UCAYGRszQig3GCjACOUdeEmg,2026-03-07T01:31:30.281Z,87,114.822,87.0
MONTAGEM BAILÃO,https://music.youtube.com/watch?v=yHcHGyg-mY0,repsaj - Topic,https://www.youtube.com/channel/UCVjNHuax7CBTnDj8lZpt7Rw,2026-03-07T01:29:30.699Z,104,119.582,104.0
The Weeknd & Ariana Grande - Save Your Tears (Remix) (Official Video),https://music.youtube.com/watch?v=LIIDh-qI9oI,TheWeekndVEVO,https://www.youtube.com/channel/UCF_fDSgPpBQuh1MsUTgIARQ,2026-03-07T01:26:05.050Z,206,205.649,205.649
ILLIT (아일릿) 'jellyous’ Official MV,https://music.youtube.com/watch?v=GkG60kISnfc,HYBE LABELS,https://www.youtube.com/channel/UC3IZKseVpdzPSBaWxBxundA,2026-03-07T00:31:26.125Z,189,3278.925,189.0
Imagine Dragons x J.I.D - Enemy (from the series Arcane League of Legends),https://music.youtube.com/watch?v=D9G1VOjN_84,ImagineDragonsVEVO,https://www.youtube.com/channel/UCpx_k19S2vUutWUUM9qmXEg,2026-03-07T00:27:52.159Z,214,213.966,213.966
Kendrick Lamar - tv off (Official Audio),https://music.youtube.com/watch?v=U8F5G5wR1mk,Kendrick Lamar,https://www.youtube.com/channel/UC3lBXcrKFnFAFkfVk5WuKcQ,2026-03-07T00:23:40.136Z,221,252.023,221.0
"""Your Idol"" | Official Song Clip | KPop Demon Hunters | Sony Animation",https://music.youtube.com/watch?v=cWppAbqm9I8,Sony Pictures Animation,https://www.youtube.com/channel/UCnLuLSV-Oi0ctqjxGgxFlmg,2026-03-07T00:21:40Z,120,120.136,120.0
"The Weeknd, Playboi Carti - Timeless",https://music.youtube.com/watch?v=5EpyN_6dqyk,TheWeekndVEVO,https://www.youtube.com/channel/UCF_fDSgPpBQuh1MsUTgIARQ,2026-03-07T00:16:53.063Z,257,286.937,257.0
"Stray Kids ""CEREMONY"" M/V",https://music.youtube.com/watch?v=P7vBoGWoReg,JYP Entertainment,https://www.youtube.com/channel/UCaO6TYtlC8U5ttz62hTrZgg,2026-03-07T00:13:45.882Z,172,187.181,172.0
Lady Gaga - Abracadabra (Official Music Video),https://music.youtube.com/watch?v=vBynw9Isr28,LadyGagaVEVO,https://www.youtube.com/channel/UC07Kxew-cMIaykMOkzqHtBQ,2026-03-07T00:08:45.375Z,270,300.507,270.0
"MOLIY, Shenseea, Skillibeng, Silent Addy - Shake It To The Max (Fly) (Remix) (OFFICIAL MUSIC VIDEO)",https://music.youtube.com/watch?v=UjBhbMMgLzc,MOLIY,https://www.youtube.com/channel/UC4F7jajuvvz5qoe-GjtHVDA,2026-03-07T00:05:40.016Z,185,185.359,185.0
BLACKPINK - ‘뛰어(JUMP)’ M/V,https://music.youtube.com/watch?v=CgCVZdcKcqY,BLACKPINK,https://www.youtube.com/channel/UCOmHUn--16B90oW2L6FRR3A,2026-03-07T00:02:26.283Z,194,193.733,193.733
PASSO BEM SOLTO (Slowed),https://music.youtube.com/watch?v=NT4eF9YsYnM,ATLXS - Topic,https://www.youtube.com/channel/UC9FBjk2GblJyOuOcMpjWTvA,2026-03-06T23:59:59.399Z,117,146.884,117.0
“Gabriela” Performance Video | KATSEYE,https://music.youtube.com/watch?v=co-TFLbaZAE,KATSEYE,https://www.youtube.com/channel/UCA61H4fWOMHikLcUFKyQUog,2026-03-06T23:56:41.047Z,198,198.352,198.0
Ed Sheeran - Sapphire (Official Music Video),https://music.youtube.com/watch?v=JgDNFQ2RaLQ,Ed Sheeran,https://www.youtube.com/channel/UC0C-w0YjGpqDXGB8IHb662A,2026-03-06T23:53:36.915Z,184,184.132,184.0
Billie Eilish - BIRDS OF A FEATHER (Official Music Video),https://music.youtube.com/watch?v=V9PVRfjEBTI,BillieEilishVEVO,https://www.youtube.com/channel/UCDGmojLIoWpXok597xYo8cg,2026-03-06T23:49:15.151Z,231,261.764,231.0
"MONTAGEM XONADA (Brazilian Funk + Phonk) MXZI, DJ SAMIR, DJ JAVI26",https://music.youtube.com/watch?v=pUklUX8ITeo,Dj Samir,https://www.youtube.com/channel/UCnaXHKWEaVh-NcGDOCqoyFw,2026-03-06T23:47:59.014Z,76,76.137,76.0
DIA DELÍCIA - NAKAMA (Official Music Video),https://music.youtube.com/watch?v=2cnloO84LA0,Nakama,https://www.youtube.com/channel/UCD_m0vG_FGqs8QCx6me8zKg,2026-03-06T23:46:12.429Z,76,106.585,76.0
“Takedown” KPop Demon Hunters (Soundtrack from the Netflix Film) | HUNTR/X,https://music.youtube.com/watch?v=Ve_a9CXjlQc,Republic Records,https://www.youtube.com/channel/UCE4pdOAge35Ylr-DJgvllbQ,2026-03-06T23:43:10.607Z,182,181.822,181.822
ROSÉ & Bruno Mars - APT. (Official Music Video),https://music.youtube.com/watch?v=ekr2nIex040,ROSÉ,https://www.youtube.com/channel/UCBo1hnzxV9rz3WVsv__Rn1g,2026-03-06T23:40:16.607Z,174,174.0,174.0
“Golden” Official Lyric Video | KPop Demon Hunters | Sony Animation,https://music.youtube.com/watch?v=yebNIHKAC4A,Sony Pictures Animation,https://www.youtube.com/channel/UCnLuLSV-Oi0ctqjxGgxFlmg,2026-03-06T23:36:41.827Z,199,214.78,199.0
sma$her & MXZI - ACELERADA | Car Music,https://music.youtube.com/watch?v=ADUis5-M15Y,Niza,https://www.youtube.com/channel/UCLJ5p3cgcPE-2EQEtOK4pYA,2026-03-06T23:35:39.845Z,62,61.982,61.982
"""How It's Done"" Official Lyric Video | KPop Demon Hunters | Sony Animation",https://music.youtube.com/watch?v=QGsevnbItdU,Sony Pictures Animation,https://www.youtube.com/channel/UCnLuLSV-Oi0ctqjxGgxFlmg,2026-03-06T23:32:35.426Z,184,184.419,184.0
Calvin Harris - Let's Go (Official Video) ft. Ne-Yo,https://music.youtube.com/watch?v=LYZ6gXWZfZM,CalvinHarrisVEVO,https://www.youtube.com/channel/UCaHNFIob5Ixv74f5on3lvIw,2026-03-06T23:22:12.885Z,247,622.541,247.0
"Axwell /\ Ingrosso, Axwell, Sebastian Ingrosso - Dreamer (Official Video) feat. Trevor Guthrie",https://music.youtube.com/watch?v=yl2GaxVGUaI,AxwellIngrossoVEVO,https://www.youtube.com/channel/UCKIrzR0N23B3GoKfh_eTDrg,2026-03-06T23:17:47.481Z,235,265.404,235.0
Zedd - Spectrum ft. Matthew Koma (Official Music Video),https://music.youtube.com/watch?v=IsuVMdnF8A0,ZEDDVEVO,https://www.youtube.com/channel/UCFzm6oAGFmmZfkrzQ5wATSQ,2026-03-06T23:13:39.322Z,248,248.159,248.0
Martin Garrix - Pizza (Official Video),https://music.youtube.com/watch?v=JsKIAO11q1Y,Martin Garrix,https://www.youtube.com/channel/UC5H_KXkPbEsGs0tFt8R35mA,2026-03-06T23:08:51.565Z,257,287.757,257.0
Otto Knows - Million Voices,https://music.youtube.com/watch?v=S8jhXmfdRFY,OttoKnowsVEVO,https://www.youtube.com/channel/UCUJKz48gEbG58nVv6a0BlNA,2026-03-06T23:05:41.856Z,190,189.709,189.709
R3hab & NERVO & Ummet Ozcan - Revolution (Official Music Video),https://music.youtube.com/watch?v=TWwIztjs29Y,Spinnin' Records,https://www.youtube.com/channel/UCpDJl2EmP7Oh90Vylx0dZtA,2026-03-06T21:31:09.246Z,246,5672.61,246.0
"Calvin Harris, Rag'n'Bone Man - Giant (Lyric Video)",https://music.youtube.com/watch?v=U9Im71aNhYA,CalvinHarrisVEVO,https://www.youtube.com/channel/UCaHNFIob5Ixv74f5on3lvIw,2026-03-06T21:27:19.738Z,229,229.508,229.0
ACRAZE - Do It To It (ft. Cherish) - (Official Lyric Video),https://music.youtube.com/watch?v=tyITL_exICo,Thrive Music,https://www.youtube.com/channel/UC1rgZZ6cR4WwnWcE17o83HA,2026-03-06T21:24:07.053Z,162,192.685,162.0
"James Hype, Miggy Dela Rosa - Ferrari",https://music.youtube.com/watch?v=S83AQhEWmPY,JamesHypeVEVO,https://www.youtube.com/channel/UCY09A-9Zbx4phb5Ni-VuNug,2026-03-06T21:20:25.897Z,191,221.156,191.0
Martin Garrix feat. Usher - 'Don't Look Down' (Towel Boy) [Official Video YTMAs],https://music.youtube.com/watch?v=nJSdYlAFKqA,Martin Garrix,https://www.youtube.com/channel/UC5H_KXkPbEsGs0tFt8R35mA,2026-03-06T21:16:18.010Z,228,247.887,228.0
DVBBS & Borgeous - TSUNAMI (Music Video),https://music.youtube.com/watch?v=I41CX0RdmPQ,Spinnin' Records,https://www.youtube.com/channel/UCpDJl2EmP7Oh90Vylx0dZtA,2026-03-06T21:13:20.133Z,147,177.877,147.0
Pursuit Of Happiness (Extended Steve Aoki Remix),https://music.youtube.com/watch?v=9Go1GQZcK1U,Kid Cudi - Topic,https://www.youtube.com/channel/UCo2-dPLJcpbZK84FIt0vD-w,2026-03-06T21:06:50.355Z,374,389.778,374.0
Calvin Harris - Feel So Close (Official Video),https://music.youtube.com/watch?v=dGghkjpNCQ8,CalvinHarrisVEVO,https://www.youtube.com/channel/UCaHNFIob5Ixv74f5on3lvIw,2026-03-06T21:02:27.930Z,247,262.425,247.0
Sigma ft Paloma Faith - Changing (Official Video),https://music.youtube.com/watch?v=oAeotgCHL3E,3 Beat,https://www.youtube.com/channel/UCeZiul_hKxc-r0yEL27i1Xw,2026-03-06T20:58:43.776Z,209,224.154,209.0
"Avicii, Sandro Cavazza - Without You (Part 4)",https://music.youtube.com/watch?v=fTYhYsG9e20,AviciiOfficialVEVO,https://www.youtube.com/channel/UC1SqP7_RfOC9Jf9L_GRHANg,2026-03-06T20:55:11.084Z,182,212.692,182.0
Martin Garrix & Tiësto - The Only Way Is Up (Official Music Video),https://music.youtube.com/watch?v=AewNd29wRUM,Spinnin' Records,https://www.youtube.com/channel/UCpDJl2EmP7Oh90Vylx0dZtA,2026-03-06T20:51:30.474Z,190,220.61,190.0
Joel Corry & Tom Grennan - Lionheart (Fearless) [Official Video],https://music.youtube.com/watch?v=n5F-4Dd0LwU,Joel Corry,https://www.youtube.com/channel/UCr-yZBBIzqOkcHjmAF7YR7A,2026-03-06T20:47:55.062Z,188,215.412,188.0
"Steve Aoki, Chris Lake & Tujamo - Boneless (Official Video)",https://music.youtube.com/watch?v=gl2p4G3CUrI,Ultra Records,https://www.youtube.com/channel/UC4rasfm9J-X4jNl9SvXp8xA,2026-03-06T20:43:40.850Z,234,254.212,234.0
Calvin Harris - Sweet Nothing (Official Video) ft. Florence Welch,https://music.youtube.com/watch?v=17ozSeGw-fY,CalvinHarrisVEVO,https://www.youtube.com/channel/UCaHNFIob5Ixv74f5on3lvIw,2026-03-06T20:38:40.053Z,269,300.797,269.0
"Sebastian Ingrosso, Tommy Trash, John Martin - Reload  (Official Video)",https://music.youtube.com/watch?v=GuAtcpFQpMw,Vevo,https://www.youtube.com/channel/UC2pmfLm7iq6Ov1UwYrWYkZA,2026-03-06T20:34:04.933Z,244,275.12,244.0
Martin Solveig & Dragonette - Hello (Official Short Video Version HD),https://music.youtube.com/watch?v=kK42LZqO0wA,Kontor.TV,https://www.youtube.com/channel/UCb3tJ5NKw7mDxyaQ73mwbRg,2026-03-06T20:29:20.799Z,253,284.134,253.0
Martin Garrix & Jay Hardway - Wizard (Official Music Video),https://music.youtube.com/watch?v=KnL2RJZTdA4,Spinnin' Records,https://www.youtube.com/channel/UCpDJl2EmP7Oh90Vylx0dZtA,2026-03-06T20:25:08.417Z,218,252.382,218.0
"Majestic, Boney M. - Rasputin (Official Video)",https://music.youtube.com/watch?v=cZwYpAh3bXQ,Club Sounds,https://www.youtube.com/channel/UCfiRDetbZHqjfVHOUz-kolw,2026-03-06T20:21:23.879Z,193,224.538,193.0
Tujamo - Drop That Low (When I Dip) [Official Music Video],https://music.youtube.com/watch?v=souJM4aCk6w,Spinnin' Records,https://www.youtube.com/channel/UCpDJl2EmP7Oh90Vylx0dZtA,2026-03-06T20:18:08.412Z,165,195.467,165.0
Calvin Harris - My Way (Official Video),https://music.youtube.com/watch?v=b4Bj7Zb-YD4,CalvinHarrisVEVO,https://www.youtube.com/channel/UCaHNFIob5Ixv74f5on3lvIw,2026-03-06T20:13:32.727Z,245,275.685,245.0
Axwell Λ Ingrosso - Sun Is Shining,https://music.youtube.com/watch?v=nbXgHAzUWB0,AxwellIngrossoVEVO,https://www.youtube.com/channel/UCKIrzR0N23B3GoKfh_eTDrg,2026-03-06T20:09:06.475Z,251,266.252,251.0
Tiësto - Red Lights,https://music.youtube.com/watch?v=CFF0mV24WCY,TiestoVEVO,https://www.youtube.com/channel/UCO59y9XJIJZS5i86lUOvMGA,2026-03-06T20:05:02.928Z,213,243.547,213.0
Martin Garrix - Forbidden Voices (Official Video),https://music.youtube.com/watch?v=Zv1QV6lrc_Y,Martin Garrix,https://www.youtube.com/channel/UC5H_KXkPbEsGs0tFt8R35mA,2026-03-06T20:01:01.152Z,211,241.776,211.0
Alesso - Heroes (we could be) ft. Tove Lo,https://music.youtube.com/watch?v=a7SouU3ECpU,AlessoOfficialVEVO,https://www.youtube.com/channel/UCPew18bTw43HRb5Rt5m-liw,2026-03-06T19:55:35.762Z,295,325.39,295.0
Calvin Harris & Alesso - Under Control (Official Video) ft. Hurts,https://music.youtube.com/watch?v=yZqmarGShxg,CalvinHarrisVEVO,https://www.youtube.com/channel/UCaHNFIob5Ixv74f5on3lvIw,2026-03-06T19:51:34.231Z,211,241.531,211.0
Calvin Harris - Outside (Official Video) ft. Ellie Goulding,https://music.youtube.com/watch?v=J9NQFACZYEU,CalvinHarrisVEVO,https://www.youtube.com/channel/UCaHNFIob5Ixv74f5on3lvIw,2026-03-06T19:47:17.362Z,226,256.869,226.0
Duke Dumont - I Got U (Official video) ft. Jax Jones,https://music.youtube.com/watch?v=FHCYHldJi_g,DukeDumontVEVO,https://www.youtube.com/channel/UCBn0VobeNWV_SZ6UV65UIJw,2026-03-06T19:43:02.372Z,239,254.99,239.0
Zedd - Clarity ft. Foxes,https://music.youtube.com/watch?v=IxxstCcJlsc,ZEDDVEVO,https://www.youtube.com/channel/UCFzm6oAGFmmZfkrzQ5wATSQ,2026-03-06T19:37:55.924Z,276,306.448,276.0
Galantis - Runaway (U & I) (Official Video),https://music.youtube.com/watch?v=5XR7naZ_zZA,Galantis,https://www.youtube.com/channel/UC0YlhwQabxkHb2nfRTzsTTA,2026-03-06T19:33:16.189Z,264,279.735,264.0
David Guetta - She Wolf (Falling To Pieces) ft. Sia (Official Video),https://music.youtube.com/watch?v=PVzljDmoPVs,David Guetta,https://www.youtube.com/channel/UC1l7wYrva1qCH-wgqcHaaRg,2026-03-06T19:29:02.503Z,238,253.686,238.0
Tiësto & Ava Max - The Motto (Official Music Video),https://music.youtube.com/watch?v=1_4ELAxKrDc,Tiësto,https://www.youtube.com/channel/UCPk3RMMXAfLhMJPFpQhye9g,2026-03-06T19:25:24.157Z,212,218.346,212.0
Kiesza - Hideaway (Official Video),https://music.youtube.com/watch?v=ESXgJ9-H-2U,lokallegend,https://www.youtube.com/channel/UCnfQ5zUjQdPMWnrhRUN-wZg,2026-03-06T19:20:18.038Z,275,306.119,275.0
Lost Frequencies - Are You With Me (Official Music Video),https://music.youtube.com/watch?v=VjHMDlAPMUw,Armada Music TV,https://www.youtube.com/channel/UCGZXYc32ri4D0gSLPf2pZXQ,2026-03-06T19:17:23.089Z,144,174.949,144.0
"David Guetta - Play Hard ft. Ne-Yo, Akon (Official Video)",https://music.youtube.com/watch?v=5dbEhBKGOtY,David Guetta,https://www.youtube.com/channel/UC1l7wYrva1qCH-wgqcHaaRg,2026-03-06T19:13:05.270Z,242,257.819,242.0
Calvin Harris & Disciples - How Deep Is Your Love,https://music.youtube.com/watch?v=EgqUJOudrcM,CalvinHarrisVEVO,https://www.youtube.com/channel/UCaHNFIob5Ixv74f5on3lvIw,2026-03-06T19:08:13.709Z,261,291.561,261.0
Tiësto - The Business (Official Music Video),https://music.youtube.com/watch?v=nCg3ufihKyU,Tiësto,https://www.youtube.com/channel/UCPk3RMMXAfLhMJPFpQhye9g,2026-03-06T19:05:01.046Z,192,192.663,192.0
"Calvin Harris, Rihanna - This Is What You Came For (Official Video)",https://music.youtube.com/watch?v=kOkQ4T5WO9E,CalvinHarrisVEVO,https://www.youtube.com/channel/UCaHNFIob5Ixv74f5on3lvIw,2026-03-06T19:00:30.646Z,240,270.4,240.0
Deorro x Chris Brown - Five More Hours (Official Video) [Ultra Records],https://music.youtube.com/watch?v=j3CaHeakZF4,Ultra Records,https://www.youtube.com/channel/UC4rasfm9J-X4jNl9SvXp8xA,2026-03-06T18:55:42.906Z,287,287.74,287.0
Swedish House Mafia ft. John Martin - Don't You Worry Child (Official Video),https://music.youtube.com/watch?v=1y6smkh6c-0,SHMVEVO,https://www.youtube.com/channel/UCtHY_7BXK9Bn3Dp3cjBgCLA,2026-03-06T18:49:36.766Z,335,366.14,335.0
Calvin Harris - Summer (Official Video),https://music.youtube.com/watch?v=ebXbLfLACGM,CalvinHarrisVEVO,https://www.youtube.com/channel/UCaHNFIob5Ixv74f5on3lvIw,2026-03-06T18:45:41.973Z,234,234.793,234.0
Martin Garrix - Animals (Official Video),https://music.youtube.com/watch?v=gCYcHz2k5x0,STMPD RCRDS,https://www.youtube.com/channel/UCB-7IEpKGIdXkgGUObE5D5A,2026-03-06T18:42:23.100Z,192,198.873,192.0
Tiësto & Mark Knight feat Dino 'Beautiful World' OFFICIAL MUSIC VIDEO,https://music.youtube.com/watch?v=d6dnO41ocRA,Toolroom Records,https://www.youtube.com/channel/UCpiZh3AGeTygzfmUgioOFFg,2026-03-06T18:38:09.312Z,253,253.788,253.0
"Axwell /\ Ingrosso, Axwell, Sebastian Ingrosso - More Than You Know",https://music.youtube.com/watch?v=GsF05B8TFWg,AxwellIngrossoVEVO,https://www.youtube.com/channel/UCKIrzR0N23B3GoKfh_eTDrg,2026-03-06T18:34:14.861Z,204,234.451,204.0
Avicii - Levels,https://music.youtube.com/watch?v=_ovdm2yX4MA,AviciiOfficialVEVO,https://www.youtube.com/channel/UC1SqP7_RfOC9Jf9L_GRHANg,2026-03-06T18:30:55.673Z,199,199.188,199.0
Embers,https://music.youtube.com/watch?v=96UbdovVb5E,Hayla - Topic,https://www.youtube.com/channel/UC5thcJO5W-7SYUa-E-YIHcQ,2026-03-06T18:27:31.217Z,170,204.456,170.0
Wake Me Up,https://music.youtube.com/watch?v=2NiyrtYegso,Avicii - Topic,https://www.youtube.com/channel/UCuACQmW04T3v9Mz_1_suFYw,2026-03-06T18:23:23.057Z,248,248.16,248.0
Ghosts 'n' Stuff,https://music.youtube.com/watch?v=oz7-7ouXUJU,deadmau5 - Topic,https://www.youtube.com/channel/UCL44WZGVf-BU5N0ymCXrpBg,2026-03-06T18:20:07.377Z,195,195.68,195.0
Your Love,https://music.youtube.com/watch?v=sU7h_5T3TfM,David Guetta - Topic,https://www.youtube.com/channel/UCh-4c1ZoBPNP1C8c-7iVvUQ,2026-03-06T18:16:30.674Z,186,216.703,186.0
How We Party,https://music.youtube.com/watch?v=z10dAMnp1gc,R3HAB - Topic,https://www.youtube.com/channel/UCjpBcfMn2g8afa3XIZmS3mw,2026-03-06T18:12:58.055Z,212,212.619,212.0
Meet Her (Tiësto vs. Da Hool - Extended Mix),https://music.youtube.com/watch?v=QGD6jeiX4hs,Tiësto - Topic,https://www.youtube.com/channel/UC8VSaPhuiHkjobAgNpRqLIA,2026-03-06T18:09:51.107Z,187,186.948,186.948
Scared to Be Lonely,https://music.youtube.com/watch?v=vFFT1iAUNDE,Martin Garrix - Topic,https://www.youtube.com/channel/UCqJnSdHjKtfsrHi9aI-9d3g,2026-03-06T18:05:39.120Z,221,251.987,221.0
Surrender (AYDEN LOYDE Remix),https://music.youtube.com/watch?v=37wGM0k4pJM,Alesso - Topic,https://www.youtube.com/channel/UCyFLp2WBpLae_p0j73_lGLA,2026-03-06T18:01:27.837Z,220,251.283,220.0
Redlight,https://music.youtube.com/watch?v=893Hji9r8sI,Swedish House Mafia - Topic,https://www.youtube.com/channel/UCl5p1gD46TZVsoQmM8VZ2gQ,2026-03-06T17:57:24.195Z,243,243.642,243.0
Sexy Bitch (feat. Akon),https://music.youtube.com/watch?v=tWgNjm0DYjs,David Guetta - Topic,https://www.youtube.com/channel/UCh-4c1ZoBPNP1C8c-7iVvUQ,2026-03-06T17:54:07.697Z,196,196.498,196.0
This Is What It Feels Like,https://music.youtube.com/watch?v=1SN3-qR3Bq0,Armin van Buuren - Topic,https://www.youtube.com/channel/UCAeLFBCQS7FvI8PvBrWvSBg,2026-03-06T17:50:12.299Z,205,235.398,205.0
Tiger,https://music.youtube.com/watch?v=I7CmuyyQS0Q,R3HAB - Topic,https://www.youtube.com/channel/UCjpBcfMn2g8afa3XIZmS3mw,2026-03-06T17:46:50.978Z,201,201.321,201.0
Aria,https://music.youtube.com/watch?v=Rybjj4Gpm_A,Argy - Topic,https://www.youtube.com/channel/UCEIFXVEf5DULGLCKSRJbabQ,2026-03-06T17:42:54.142Z,237,236.836,236.836
Don't Start Now,https://music.youtube.com/watch?v=htg8v0g_4e4,Dua Lipa - Topic,https://www.youtube.com/channel/UCzVb0SIXp9q9PeKCcFjsBtA,2026-03-06T16:48:31.408Z,184,3262.734,184.0
Another Love (Tiësto Remix),https://music.youtube.com/watch?v=f3onSYwTsq4,Tom Odell - Topic,https://www.youtube.com/channel/UCrP3Rfz32MT-OH9MZh_N9kA,2026-03-06T16:45:10.165Z,186,201.243,186.0
DNCR,https://music.youtube.com/watch?v=h9G95pdaHgE,Kaskade - Topic,https://www.youtube.com/channel/UChpyo_FdUl3eqy_OM2lk7bQ,2026-03-06T16:41:46.835Z,188,203.33,188.0
Turn Me On (feat. Nicki Minaj),https://music.youtube.com/watch?v=L50aIoPvMoY,David Guetta - Topic,https://www.youtube.com/channel/UCh-4c1ZoBPNP1C8c-7iVvUQ,2026-03-06T16:37:55.579Z,200,231.256,200.0
You & Me (Flume Remix),https://music.youtube.com/watch?v=Q3_vX-I16I0,Disclosure - Topic,https://www.youtube.com/channel/UCMqoUCDT2rtlvBS93GXGqDA,2026-03-06T16:32:56.867Z,283,298.712,283.0
Tuesday,https://music.youtube.com/watch?v=aVDLBQpWefM,Burak Yeter - Topic,https://www.youtube.com/channel/UCml9UY0Jv7t5bsGu1cNwVJg,2026-03-06T16:28:54.286Z,242,242.581,242.0
Wild Ones (feat. Sia),https://music.youtube.com/watch?v=c2S1x2kTYJM,Flo Rida - Topic,https://www.youtube.com/channel/UC3VBeY60GWWpe3w8b4QWDYQ,2026-03-06T16:24:29.334Z,235,264.952,235.0
Oxygen,https://music.youtube.com/watch?v=1LA2AHbHhkw,Winona Oak - Topic,https://www.youtube.com/channel/UC6AGdO9OtCd_f6cHjOxNVzQ,2026-03-06T16:21:16.464Z,193,192.87,192.87
Repeat After Me,https://music.youtube.com/watch?v=F6X897DPmas,Dimitri Vegas & Like Mike - Topic,https://www.youtube.com/channel/UCeNAGMwB7p3gxizQPsU9Cpw,2026-03-06T16:17:30.727Z,195,225.737,195.0
Don't Let Me Down,https://music.youtube.com/watch?v=CpTr4USXjQw,The Chainsmokers - Topic,https://www.youtube.com/channel/UCQgUHOPJJrmzCjExg-ISupA,2026-03-06T16:14:01.377Z,209,209.35,209.0
A Sky Full of Stars,https://music.youtube.com/watch?v=KWuyx6yZ21U,Coldplay - Topic,https://www.youtube.com/channel/UCIaFw5VBEK8qaW6nRpx_qnw,2026-03-06T16:09:32.889Z,268,268.488,268.0
Fast Car,https://music.youtube.com/watch?v=rkE_oBe8ABw,Jonas Blue - Topic,https://www.youtube.com/channel/UC9TtDYU2xYw98fHJS2l6Egw,2026-03-06T16:05:29.407Z,213,243.482,213.0
10:35,https://music.youtube.com/watch?v=TG2AtaWuikA,Tiësto - Topic,https://www.youtube.com/channel/UC8VSaPhuiHkjobAgNpRqLIA,2026-03-06T16:02:36.424Z,173,172.983,172.983
Gabi Sklar - Miami,https://music.youtube.com/watch?v=66g4pZr_1mY,GabiSklarVEVO,https://www.youtube.com/channel/UCZmWnxTX0SfvHeW2KoQ02VA,2026-03-06T07:08:00.425Z,178,32075.999,178.0
"ok, i ᐸ3 u",https://music.youtube.com/watch?v=fOVMm9eRhtI,Valeria Wolf - Topic,https://www.youtube.com/channel/UCnxCkBBU4kDRdC5md4armew,2026-03-06T07:04:49.434Z,175,190.991,175.0
Runaway,https://music.youtube.com/watch?v=r334Uj0UPpU,Paige Cavell - Topic,https://www.youtube.com/channel/UCsXoYximYCSPJG-3JRO0D0g,2026-03-06T07:01:53.961Z,175,175.473,175.0
Bebe Rexha- I'm The Drama (Official Music Video),https://music.youtube.com/watch?v=q4AHJ22hz-E,Bebe Rexha,https://www.youtube.com/channel/UC5-gWZXAQqSGVfPHkA7NRiQ,2026-03-06T06:59:01.485Z,157,172.476,157.0
Meet Again (ft Little Boots)  [Official Lyric Video],https://music.youtube.com/watch?v=KHvIxqLxR_g,LP Giobbi,https://www.youtube.com/channel/UCEjLlx9Gsi76cfggHDSoakQ,2026-03-06T06:55:15.721Z,226,225.764,225.764
No One,https://music.youtube.com/watch?v=T6beXlrBcNs,Blond:ish - Topic,https://www.youtube.com/channel/UC3gLbGC4vhPgfzywQNY7nAw,2026-03-06T06:50:54.466Z,245,261.255,245.0
Gypsy Woman (She's Homeless) (La Da Dee La Da Da) (Radio Edit),https://music.youtube.com/watch?v=KHIgpxwdZfg,Crystal Waters - Topic,https://www.youtube.com/channel/UCCn2MdiFc57xE2HynCCESTg,2026-03-06T06:47:04.234Z,230,230.232,230.0
Charli XCX - Boom Clap (The Fault In Our Stars Soundtrack) [Official Video],https://music.youtube.com/watch?v=AOPMlIIg_38,Charli xcx,https://www.youtube.com/channel/UCOvEMf00DnwdkpOCRWdc6uA,2026-03-06T06:44:06.453Z,178,177.781,177.781
Age Of Love - The Age Of Love (Charlotte de Witte & Enrico Sangiuliano Remix)  [Official VIDEO],https://music.youtube.com/watch?v=AUSl0rtytz8,Babaorum Records ,https://www.youtube.com/channel/UCFA_n93ZeL43ned1lThhe4A,2026-03-06T06:40:25.586Z,213,220.867,213.0
Eliza Rose & Interplanetary Criminal - B.O.T.A. (Baddest Of Them All) [Official Video],https://music.youtube.com/watch?v=KtGFByAJRQQ,Eliza Rose,https://www.youtube.com/channel/UCaVHiwJ1N03YThNdMEUecZA,2026-03-06T06:36:05.691Z,227,259.895,227.0
Belong to Me,https://music.youtube.com/watch?v=KsEsF3FcYN4,Anabel Englund - Topic,https://www.youtube.com/channel/UCFfivFBqOH85zjhtQq_gqZg,2026-03-06T06:33:29.755Z,156,155.936,155.936
Sorry (with Madonna),https://music.youtube.com/watch?v=F9CMdWPFWvs,Blond:ish - Topic,https://www.youtube.com/channel/UC3gLbGC4vhPgfzywQNY7nAw,2026-03-06T06:30:47.578Z,162,162.177,162.0
HAYLA - Fall Again (Live Session),https://music.youtube.com/watch?v=fLYxcdRaCzQ,HAYLA SINGS,https://www.youtube.com/channel/UC6FclAu6T2BPl4d8T2eawFA,2026-03-06T06:27:02.210Z,210,225.368,210.0
Say It Right (Deborah De Luca Remix),https://music.youtube.com/watch?v=dfT65LjqVTg,Nelly Furtado - Topic,https://www.youtube.com/channel/UCWV94Z763GSdhLQ8WIb2JRQ,2026-03-06T06:23:08.406Z,234,233.804,233.804
Peggy Gou - (It Goes Like) Nanana - Official Video,https://music.youtube.com/watch?v=sCz5y84dwuA,Peggy Gou,https://www.youtube.com/channel/UCWd5yMFDEuSCWzTM4xuA1fg,2026-03-06T06:20:07.588Z,165,180.818,165.0
Charli xcx - 360 (official video),https://music.youtube.com/watch?v=WJW-VvmRKsE,Charli xcx,https://www.youtube.com/channel/UCOvEMf00DnwdkpOCRWdc6uA,2026-03-06T06:15:42.526Z,265,265.062,265.0
Avis Vox covers The Chemical Brothers 'Block Rockin' Beats' | Live Performance,https://music.youtube.com/watch?v=YNeA7V5YszY,Avis Vox,https://www.youtube.com/channel/UC6acAoF195idgVwjd4bcBZQ,2026-03-06T06:12:17.394Z,198,205.132,198.0
One Million,https://music.youtube.com/watch?v=NwNM6rYuKaU,Tujamo - Topic,https://www.youtube.com/channel/UCdPkvmPosZnfb0aZd5K88sw,2026-03-06T01:40:22.576Z,188,16314.818,188.0
Burn,https://music.youtube.com/watch?v=Yw-vvxnG9Y4,Ellie Goulding - Topic,https://www.youtube.com/channel/UCZSxBlUEOKgXkzaj_VlBLlg,2026-03-06T01:36:30.562Z,232,232.014,232.0
Infinity 2008 (Klaas Vocal Edit),https://music.youtube.com/watch?v=KSMCybhA8ho,Guru Josh Project - Topic,https://www.youtube.com/channel/UCbEOyLJCKnlhswUl8LMBrmA,2026-03-06T01:32:47.202Z,193,223.36,193.0
The Spectre,https://music.youtube.com/watch?v=lNM9HlEK4q4,Alan Walker - Topic,https://www.youtube.com/channel/UCaXJEi-wOOVe2eZZHzyz4mQ,2026-03-06T01:29:32.749Z,194,194.453,194.0
Yee (Extended Mix),https://music.youtube.com/watch?v=npEP5vTUOKc,Deorro - Topic,https://www.youtube.com/channel/UC89YRh6abbGfAHln2-rGHRA,2026-03-06T01:26:02.037Z,210,210.712,210.0
You Make Me,https://music.youtube.com/watch?v=aD57DeQ7afE,Avicii - Topic,https://www.youtube.com/channel/UCuACQmW04T3v9Mz_1_suFYw,2026-03-06T01:21:37.576Z,234,264.461,234.0
"Sweet Disposition (a moment, a love)",https://music.youtube.com/watch?v=MDe979H7LME,Lost Frequencies - Topic,https://www.youtube.com/channel/UC824jbNWWDR-NBv8wuE-OUg,2026-03-06T01:18:04.729Z,213,212.847,212.847
In My Mind,https://music.youtube.com/watch?v=VWQ-e0qXX0M,Dynoro - Topic,https://www.youtube.com/channel/UCGMInlMqj4-JwIWAQiJ0WEg,2026-03-06T01:14:59.491Z,185,185.238,185.0
The Otherside,https://music.youtube.com/watch?v=UcSdqAUSmtE,ACRAZE - Topic,https://www.youtube.com/channel/UCGo9kyx07ixlhU9lzTM2HnA,2026-03-06T01:11:20.504Z,203,218.987,203.0
Turn The Lights Trance Version,https://music.youtube.com/watch?v=-DsJhyPgPls,Black Velvet - Topic,https://www.youtube.com/channel/UCKn50I91_WTq7qzKjdHxR0Q,2026-03-06T01:06:56.602Z,264,263.902,263.902
Heartbeat,https://music.youtube.com/watch?v=HkFxQV9sBds,KSHMR - Topic,https://www.youtube.com/channel/UCO1CjpSuBGPieW1WK2a9QmA,2026-03-06T01:03:18.934Z,217,217.668,217.0
I Could Be The One (Avicii Vs. Nicky Romero) (Radio Edit),https://music.youtube.com/watch?v=ppWbG03O_AU,Avicii - Topic,https://www.youtube.com/channel/UCuACQmW04T3v9Mz_1_suFYw,2026-03-06T00:59:19.674Z,209,239.26,209.0
Safe and Sound,https://music.youtube.com/watch?v=jWpZuFM0Qtk,Capital Cities - Topic,https://www.youtube.com/channel/UClxuMOFeLBJXk8nt-SolPvw,2026-03-06T00:55:13.019Z,193,246.655,193.0
Blah Blah Blah,https://music.youtube.com/watch?v=XEgz93syRTc,Armin van Buuren - Topic,https://www.youtube.com/channel/UCAeLFBCQS7FvI8PvBrWvSBg,2026-03-06T00:51:38.215Z,184,214.804,184.0
Hear Me Now,https://music.youtube.com/watch?v=HNkfAjBjqdI,Alok - Topic,https://www.youtube.com/channel/UCyeThGzVYx1MbxUGgIkj3iQ,2026-03-06T00:48:09.344Z,193,208.871,193.0
Bad Habits,https://music.youtube.com/watch?v=hJWSZDJb-W4,Ed Sheeran - Topic,https://www.youtube.com/channel/UClmXPfaYhXOYsNn_QUyheWQ,2026-03-06T00:44:17.667Z,231,231.677,231.0
Lean On,https://music.youtube.com/watch?v=5vOid-7uBdQ,Major Lazer - Topic,https://www.youtube.com/channel/UCKQ-xBLhj3SkN9Wz6MwjLaA,2026-03-06T00:40:49.738Z,177,207.929,177.0
The Days (NOTION Remix),https://music.youtube.com/watch?v=m5brBz2t4Vs,Chrystal - Topic,https://www.youtube.com/channel/UCy4Sv11C62ob83I1Ef4oOVw,2026-03-06T00:36:55.652Z,234,234.086,234.0
Heroes Tonight,https://music.youtube.com/watch?v=yP32JFCwxB0,Janji - Topic,https://www.youtube.com/channel/UCcfl-DXH0_4fSECs4cpjhww,2026-03-06T00:33:11.107Z,209,224.545,209.0
Hey Brother,https://music.youtube.com/watch?v=OjpX8ILe2N4,Avicii - Topic,https://www.youtube.com/channel/UCuACQmW04T3v9Mz_1_suFYw,2026-03-06T00:28:24.511Z,256,286.596,256.0
Teenage Crime (Axwell Remix),https://music.youtube.com/watch?v=OCzX3oEPtT0,Adrian Lux - Topic,https://www.youtube.com/channel/UCz79Cxv8dOh_2HmR2JnUMUQ,2026-03-06T00:21:27.446Z,417,417.065,417.0
'IN THE AIR' (Axwell Radio Edit) TV ROCK ft Rudy [HQ],https://music.youtube.com/watch?v=1Y4sJm9wBL0,tvrockofficial,https://www.youtube.com/channel/UCJt5ylNmR1wRC6tr_LPGcTw,2026-03-06T00:18:47.275Z,159,160.171,159.0
Adrian Lux - Teenage Crime (Axwell Remix),https://music.youtube.com/watch?v=B7dZ-MceBVw,Axtone,https://www.youtube.com/channel/UC0fpPkYoKHpNtr8P2kWtgdg,2026-03-06T00:11:18.803Z,402,448.472,402.0
Slumber (Original Mix),https://music.youtube.com/watch?v=6IPSUecem7c,Steve Forte Rio - Topic,https://www.youtube.com/channel/UCMLVzCwtugAChtzk2K9HD-g,2026-03-06T00:04:18.451Z,420,420.352,420.0
C'mon (Original Mix),https://music.youtube.com/watch?v=L6EJq1w5EAs,Diplo - Topic,https://www.youtube.com/channel/UCXAX3AtRPPdesKYSS8FKayg,2026-03-05T23:58:32.575Z,315,345.876,315.0
Steve Angello - Freedom (feat. Pusha T) [Audio],https://music.youtube.com/watch?v=t5JFpUU1g-Y,Steve Angello,https://www.youtube.com/channel/UCbrrpok3PUDPRufpLk-WZiA,2026-03-05T23:54:30.857Z,241,241.718,241.0
"Halsey, Axwell - Graveyard (Axwell Remix) [Audio]",https://music.youtube.com/watch?v=XK_sKJrSnxM,HalseyVEVO,https://www.youtube.com/channel/UCm3FgJ2Hqm7tb70T-GfwXVA,2026-03-05T23:50:29.019Z,211,241.838,211.0
Fedde Le Grand - Don't Give Up (Cover Art),https://music.youtube.com/watch?v=LUDUB10-jD8,Ultra Records,https://www.youtube.com/channel/UC4rasfm9J-X4jNl9SvXp8xA,2026-03-05T23:45:00.384Z,322,328.635,322.0
Blessed (Original Mix),https://music.youtube.com/watch?v=4i-saYwhrm0,Avicii - Topic,https://www.youtube.com/channel/UCuACQmW04T3v9Mz_1_suFYw,2026-03-05T23:37:39.570Z,410,440.814,410.0
KLINGANDE Feat M-22 - Somewhere New (Official Video),https://music.youtube.com/watch?v=-ow7iUul1mg,EGO TV,https://www.youtube.com/channel/UCQYLzinJiumJLvKuQs0_7Xg,2026-03-05T22:58:44.612Z,224,2334.958,224.0
"Dimitri Vegas, Like Mike & Steve Aoki vs Ummet Ozcan - Melody (Official Music Video)",https://music.youtube.com/watch?v=jN7dSXCfrIs,Ummet Ozcan,https://www.youtube.com/channel/UC4qJCrMrXpb1D9ddbF9Z_GQ,2026-03-05T22:54:49.499Z,235,235.113,235.0
Seamus D - Like That (Official TikTok Video),https://music.youtube.com/watch?v=HiKL5yaqWkE,SeamusDVEVO,https://www.youtube.com/channel/UCW7qewsGzkPJJ5AgM2ez9AQ,2026-03-05T22:51:08.204Z,181,221.295,181.0
Calling (Lose My Mind),https://music.youtube.com/watch?v=980gSgaXSIs,Sebastian Ingrosso - Topic,https://www.youtube.com/channel/UCu0wke9uXUAloM7--Vd4xtQ,2026-03-05T22:44:53.534Z,374,374.67,374.0
Benny Benassi ft. Gary Go - Cinema [OFFICAL VIDEO HD],https://music.youtube.com/watch?v=SUgmtvP42Ms,Energy TV,https://www.youtube.com/channel/UC5eYHWDQqAsiKlnvLCz-ezg,2026-03-05T22:41:08.142Z,210,225.392,210.0
Hardwell & Thomas Newson - 8Fifty,https://music.youtube.com/watch?v=9k3NpVLa-z8,Hardwell,https://www.youtube.com/channel/UCPT5Q93YbgJ_7du1gV7UHQQ,2026-03-05T22:37:18.778Z,229,229.364,229.0
Oliver Heldens - Last All Night (Koala) feat. KStewart (Official Music Video),https://music.youtube.com/watch?v=qrV6SWp5h4g,Spinnin' Records,https://www.youtube.com/channel/UCpDJl2EmP7Oh90Vylx0dZtA,2026-03-05T22:32:43.531Z,245,275.247,245.0
Bassjackers - F*CK (Dimitri Vegas & Like Mike Edit) [Official Music Video],https://music.youtube.com/watch?v=nAygLkdS2ZY,Smash The House,https://www.youtube.com/channel/UC3S6m1mbQbyYed33uK3-n1w,2026-03-05T22:30:19.717Z,144,143.814,143.814
Keanu Silva - Children (Official Music Video),https://music.youtube.com/watch?v=MWUJKmTEuns,Spinnin' Records,https://www.youtube.com/channel/UCpDJl2EmP7Oh90Vylx0dZtA,2026-03-05T22:27:08.324Z,191,191.393,191.0
Can U Feel It / It Gets Better / Greyhound (Live From New York),https://music.youtube.com/watch?v=CM0GDJtegIw,Swedish House Mafia - Topic,https://www.youtube.com/channel/UCl5p1gD46TZVsoQmM8VZ2gQ,2026-03-05T22:20:37.486Z,384,390.838,384.0
Steve Aoki & Boehm - Back 2 U feat. Walk The Moon (Official Video),https://music.youtube.com/watch?v=QNkbw5h7pOQ,Ultra Records,https://www.youtube.com/channel/UC4rasfm9J-X4jNl9SvXp8xA,2026-03-05T22:15:51.614Z,285,285.872,285.0
Michael Calfan - Resurrection (Audio Oficial),https://music.youtube.com/watch?v=J-C3oxNGG3g,Blanco y Negro Music,https://www.youtube.com/channel/UC_MsAEyTYUBfxp9j1XwMhMw,2026-03-05T21:43:01.048Z,170,1970.566,170.0
Joel Corry - Liquor Store,https://music.youtube.com/watch?v=FOHig53at9o,Joel Corry,https://www.youtube.com/channel/UCr-yZBBIzqOkcHjmAF7YR7A,2026-03-05T21:39:38.648Z,202,202.4,202.0
BURNS - Talamanca (Official Music Video),https://music.youtube.com/watch?v=IWvtdmXPFek,BURNS,https://www.youtube.com/channel/UCqmnnHRqeoqf7nKgTZ5BMnw,2026-03-05T21:35:21.346Z,226,257.302,226.0
One (Radio Edit),https://music.youtube.com/watch?v=GKZgTk1dSJg,Swedish House Mafia - Topic,https://www.youtube.com/channel/UCl5p1gD46TZVsoQmM8VZ2gQ,2026-03-05T21:32:00.199Z,170,201.147,170.0
Galantis - 1x1 (Official Lyric Video),https://music.youtube.com/watch?v=GWYZlxdZerw,Galantis,https://www.youtube.com/channel/UC0YlhwQabxkHb2nfRTzsTTA,2026-03-05T21:29:39.876Z,140,140.323,140.0
Otto Knows feat. Avicii - Back Where I Belong | LYRIC VIDEO,https://music.youtube.com/watch?v=OggDVRkivs8,Otto Knows,https://www.youtube.com/channel/UC-RcLOfoJrFN8eDGPtVlrPw,2026-03-05T21:26:13.986Z,175,205.89,175.0
Jay Hardway - Stardust (Official Music Video),https://music.youtube.com/watch?v=63TR6gPlEXg,Spinnin' Records,https://www.youtube.com/channel/UCpDJl2EmP7Oh90Vylx0dZtA,2026-03-05T21:22:41.014Z,213,212.972,212.972
R3hab & Quintino - Freak (VIP Remix),https://music.youtube.com/watch?v=Lc14Z1kgTb8,Spinnin' Records,https://www.youtube.com/channel/UCpDJl2EmP7Oh90Vylx0dZtA,2026-03-05T21:17:53.714Z,256,287.3,256.0
David Guetta – Family Affair (Dance For Me) [visualizer],https://music.youtube.com/watch?v=RKWamu47De8,David Guetta,https://www.youtube.com/channel/UC1l7wYrva1qCH-wgqcHaaRg,2026-03-05T21:15:14.325Z,159,159.389,159.0
Ummet Ozcan - Spacecats (Official Music Video),https://music.youtube.com/watch?v=Dn3ZMhmmzK0,Spinnin' Records,https://www.youtube.com/channel/UCpDJl2EmP7Oh90Vylx0dZtA,2026-03-05T21:11:01.507Z,222,252.818,222.0
SHOUSE - Love Tonight (David Guetta Remix),https://music.youtube.com/watch?v=oDNQnm_9h-U,SHOUSE,https://www.youtube.com/channel/UC3qFgk2FWSSuFBnXjybFVmA,2026-03-05T21:07:59.456Z,182,182.051,182.0
"Topic, A7S - Kernkraft 400 (A Better Day) (Official Music Video)",https://music.youtube.com/watch?v=pOc2EmfVhL4,TopicMusicVEVO,https://www.youtube.com/channel/UCFs-myrKhV4pz0MYK8bftmw,2026-03-05T21:05:13.017Z,166,166.439,166.0
Blasterjaxx & DBSTF feat. Ryder - Beautiful World (Official Music Video),https://music.youtube.com/watch?v=ka6HFK7dYtA,Revealed Music,https://www.youtube.com/channel/UCnhHe0_bk_1_0So41vsZvWw,2026-03-05T21:00:53.850Z,228,259.167,228.0
Tiësto & Black Eyed Peas - Pump It Louder (Official Video),https://music.youtube.com/watch?v=H7qR7xvKFEU,Tiësto,https://www.youtube.com/channel/UCPk3RMMXAfLhMJPFpQhye9g,2026-03-05T20:58:01.119Z,173,172.731,172.731
Afrojack & David Guetta - Hero (Official Music Video),https://music.youtube.com/watch?v=cZSoOQ-7Cuc,Afrojack,https://www.youtube.com/channel/UCmKm7HJdOfkWLyml-fzKlVg,2026-03-05T20:54:53.893Z,187,187.226,187.0
Supermode - Tell Me Why (Meduza Extended Remix),https://music.youtube.com/watch?v=GUaltRgMaMA,Axtone,https://www.youtube.com/channel/UC0fpPkYoKHpNtr8P2kWtgdg,2026-03-05T20:45:54.419Z,509,539.474,509.0
Nathan Dawe x Ella Henderson - 21 Reasons [Official Club Video],https://music.youtube.com/watch?v=gV6KNVii7XQ,Nathan Dawe,https://www.youtube.com/channel/UChQqd1hMFRMs92bLa_CaZng,2026-03-05T20:42:47.516Z,156,186.903,156.0
Hardwell - Spaceman (Original Mix),https://music.youtube.com/watch?v=7ty7mk3UOmo,Scorpio Music,https://www.youtube.com/channel/UCXaPWso3Q85gEzQ-DJ5lBoQ,2026-03-05T20:36:20.254Z,387,387.262,387.0
R3HAB & KSHMR - Strong (Official Music Video),https://music.youtube.com/watch?v=wD5yKGhuzqY,Spinnin' Records,https://www.youtube.com/channel/UCpDJl2EmP7Oh90Vylx0dZtA,2026-03-05T20:33:02.038Z,183,198.216,183.0
Don Diablo feat. Maluca - My Window (Official Music Video),https://music.youtube.com/watch?v=L2OPOOSPOHU,Spinnin' Records,https://www.youtube.com/channel/UCpDJl2EmP7Oh90Vylx0dZtA,2026-03-05T20:30:04.244Z,177,177.794,177.0
"David Guetta, Brooks & Loote - Better When You're Gone (Lyric Video)",https://music.youtube.com/watch?v=-OrSxiUHk4E,David Guetta,https://www.youtube.com/channel/UC1l7wYrva1qCH-wgqcHaaRg,2026-03-05T20:26:21.098Z,192,223.146,192.0
Quintino x Cheat Codes - Can't Fight It (Official Music Video),https://music.youtube.com/watch?v=S2PeAVB4fhg,Spinnin' Records,https://www.youtube.com/channel/UCpDJl2EmP7Oh90Vylx0dZtA,2026-03-05T20:23:10.927Z,190,190.171,190.0
John Summit & Hayla - Shiver (Official Music Video),https://music.youtube.com/watch?v=LlTkluUkbLk,John Summit,https://www.youtube.com/channel/UCsIVrho83JfwUieSs_UKCmA,2026-03-05T20:19:15.908Z,235,235.019,235.0
Michael Calfan - Treasured Soul (Official Music Video),https://music.youtube.com/watch?v=IAdUzo4XmLk,Spinnin' Records,https://www.youtube.com/channel/UCpDJl2EmP7Oh90Vylx0dZtA,2026-03-05T19:18:15.395Z,175,3660.513,175.0
Tiësto & Charli XCX - Hot In It [Official Music Video],https://music.youtube.com/watch?v=r0bhF7SJLYQ,Tiësto,https://www.youtube.com/channel/UCPk3RMMXAfLhMJPFpQhye9g,2026-03-05T19:15:34.703Z,161,160.692,160.692
Watermät - Bullit (Official Music Video),https://music.youtube.com/watch?v=HoMzLLWNV1g,Spinnin' Records,https://www.youtube.com/channel/UCpDJl2EmP7Oh90Vylx0dZtA,2026-03-05T19:12:00.483Z,199,214.22,199.0
Oliver Heldens x Becky Hill - Gecko (Overdrive) [Official Music Video],https://music.youtube.com/watch?v=kcZMCMI24gs,FFRR,https://www.youtube.com/channel/UCmV2SO-wJJ6FLmkxe7by4pA,2026-03-05T19:07:47.750Z,222,252.733,222.0
Armin van Buuren feat. Mr. Probz - Another You (Official Music Video),https://music.youtube.com/watch?v=6Xf038zEVvM,Armada Music TV,https://www.youtube.com/channel/UCGZXYc32ri4D0gSLPf2pZXQ,2026-03-05T19:03:57.539Z,200,230.211,200.0
Calvin Harris - Let's Go (Official Video) ft. Ne-Yo,https://music.youtube.com/watch?v=LYZ6gXWZfZM,CalvinHarrisVEVO,https://www.youtube.com/channel/UCaHNFIob5Ixv74f5on3lvIw,2026-03-05T18:59:50.652Z,247,246.887,246.887
"Axwell /\ Ingrosso, Axwell, Sebastian Ingrosso - Dreamer (Official Video) feat. Trevor Guthrie",https://music.youtube.com/watch?v=yl2GaxVGUaI,AxwellIngrossoVEVO,https://www.youtube.com/channel/UCKIrzR0N23B3GoKfh_eTDrg,2026-03-05T18:55:25.503Z,235,265.149,235.0
Zedd - Spectrum ft. Matthew Koma (Official Music Video),https://music.youtube.com/watch?v=IsuVMdnF8A0,ZEDDVEVO,https://www.youtube.com/channel/UCFzm6oAGFmmZfkrzQ5wATSQ,2026-03-05T18:51:17.186Z,248,248.317,248.0
Martin Garrix - Pizza (Official Video),https://music.youtube.com/watch?v=JsKIAO11q1Y,Martin Garrix,https://www.youtube.com/channel/UC5H_KXkPbEsGs0tFt8R35mA,2026-03-05T18:46:28.888Z,257,288.298,257.0
Otto Knows - Million Voices,https://music.youtube.com/watch?v=S8jhXmfdRFY,OttoKnowsVEVO,https://www.youtube.com/channel/UCUJKz48gEbG58nVv6a0BlNA,2026-03-05T18:43:19.131Z,190,189.757,189.757
R3hab & NERVO & Ummet Ozcan - Revolution (Official Music Video),https://music.youtube.com/watch?v=TWwIztjs29Y,Spinnin' Records,https://www.youtube.com/channel/UCpDJl2EmP7Oh90Vylx0dZtA,2026-03-05T18:39:12.811Z,246,246.32,246.0
"Calvin Harris, Rag'n'Bone Man - Giant (Lyric Video)",https://music.youtube.com/watch?v=U9Im71aNhYA,CalvinHarrisVEVO,https://www.youtube.com/channel/UCaHNFIob5Ixv74f5on3lvIw,2026-03-05T18:35:08.101Z,229,244.71,229.0
ACRAZE - Do It To It (ft. Cherish) - (Official Lyric Video),https://music.youtube.com/watch?v=tyITL_exICo,Thrive Music,https://www.youtube.com/channel/UC1rgZZ6cR4WwnWcE17o83HA,2026-03-05T18:32:25.875Z,162,162.226,162.0
"James Hype, Miggy Dela Rosa - Ferrari",https://music.youtube.com/watch?v=S83AQhEWmPY,JamesHypeVEVO,https://www.youtube.com/channel/UCY09A-9Zbx4phb5Ni-VuNug,2026-03-05T17:51:11.587Z,191,2474.288,191.0
Martin Garrix feat. Usher - 'Don't Look Down' (Towel Boy) [Official Video YTMAs],https://music.youtube.com/watch?v=nJSdYlAFKqA,Martin Garrix,https://www.youtube.com/channel/UC5H_KXkPbEsGs0tFt8R35mA,2026-03-05T17:47:23.325Z,228,228.262,228.0
DVBBS & Borgeous - TSUNAMI (Music Video),https://music.youtube.com/watch?v=I41CX0RdmPQ,Spinnin' Records,https://www.youtube.com/channel/UCpDJl2EmP7Oh90Vylx0dZtA,2026-03-05T17:44:40.626Z,147,162.699,147.0
Pursuit Of Happiness (Extended Steve Aoki Remix),https://music.youtube.com/watch?v=9Go1GQZcK1U,Kid Cudi - Topic,https://www.youtube.com/channel/UCo2-dPLJcpbZK84FIt0vD-w,2026-03-05T17:38:11.009Z,374,389.617,374.0
Calvin Harris - Feel So Close (Official Video),https://music.youtube.com/watch?v=dGghkjpNCQ8,CalvinHarrisVEVO,https://www.youtube.com/channel/UCaHNFIob5Ixv74f5on3lvIw,2026-03-05T17:33:33.904Z,247,277.105,247.0
Sigma ft Paloma Faith - Changing (Official Video),https://music.youtube.com/watch?v=oAeotgCHL3E,3 Beat,https://www.youtube.com/channel/UCeZiul_hKxc-r0yEL27i1Xw,2026-03-05T17:29:30.815Z,209,243.089,209.0
"Avicii, Sandro Cavazza - Without You (Part 4)",https://music.youtube.com/watch?v=fTYhYsG9e20,AviciiOfficialVEVO,https://www.youtube.com/channel/UC1SqP7_RfOC9Jf9L_GRHANg,2026-03-05T17:25:58.325Z,182,212.49,182.0
Martin Garrix & Tiësto - The Only Way Is Up (Official Music Video),https://music.youtube.com/watch?v=AewNd29wRUM,Spinnin' Records,https://www.youtube.com/channel/UCpDJl2EmP7Oh90Vylx0dZtA,2026-03-05T17:22:33.115Z,190,205.21,190.0
Joel Corry & Tom Grennan - Lionheart (Fearless) [Official Video],https://music.youtube.com/watch?v=n5F-4Dd0LwU,Joel Corry,https://www.youtube.com/channel/UCr-yZBBIzqOkcHjmAF7YR7A,2026-03-05T17:19:09.947Z,188,203.168,188.0
"Steve Aoki, Chris Lake & Tujamo - Boneless (Official Video)",https://music.youtube.com/watch?v=gl2p4G3CUrI,Ultra Records,https://www.youtube.com/channel/UC4rasfm9J-X4jNl9SvXp8xA,2026-03-05T17:14:59.775Z,234,250.172,234.0
Calvin Harris - Sweet Nothing (Official Video) ft. Florence Welch,https://music.youtube.com/watch?v=17ozSeGw-fY,CalvinHarrisVEVO,https://www.youtube.com/channel/UCaHNFIob5Ixv74f5on3lvIw,2026-03-05T17:09:59.481Z,269,300.294,269.0
"Sebastian Ingrosso, Tommy Trash, John Martin - Reload  (Official Video)",https://music.youtube.com/watch?v=GuAtcpFQpMw,Vevo,https://www.youtube.com/channel/UC2pmfLm7iq6Ov1UwYrWYkZA,2026-03-05T17:05:23.927Z,244,275.554,244.0
Martin Solveig & Dragonette - Hello (Official Short Video Version HD),https://music.youtube.com/watch?v=kK42LZqO0wA,Kontor.TV,https://www.youtube.com/channel/UCb3tJ5NKw7mDxyaQ73mwbRg,2026-03-05T17:00:40.320Z,253,283.607,253.0
Martin Garrix & Jay Hardway - Wizard (Official Music Video),https://music.youtube.com/watch?v=KnL2RJZTdA4,Spinnin' Records,https://www.youtube.com/channel/UCpDJl2EmP7Oh90Vylx0dZtA,2026-03-05T16:56:32.241Z,218,248.079,218.0
"Majestic, Boney M. - Rasputin (Official Video)",https://music.youtube.com/watch?v=cZwYpAh3bXQ,Club Sounds,https://www.youtube.com/channel/UCfiRDetbZHqjfVHOUz-kolw,2026-03-05T16:53:03.509Z,193,208.732,193.0
Tujamo - Drop That Low (When I Dip) [Official Music Video],https://music.youtube.com/watch?v=souJM4aCk6w,Spinnin' Records,https://www.youtube.com/channel/UCpDJl2EmP7Oh90Vylx0dZtA,2026-03-05T16:50:03.407Z,165,180.102,165.0
Calvin Harris - My Way (Official Video),https://music.youtube.com/watch?v=b4Bj7Zb-YD4,CalvinHarrisVEVO,https://www.youtube.com/channel/UCaHNFIob5Ixv74f5on3lvIw,2026-03-05T16:45:28.161Z,245,275.246,245.0
Axwell Λ Ingrosso - Sun Is Shining,https://music.youtube.com/watch?v=nbXgHAzUWB0,AxwellIngrossoVEVO,https://www.youtube.com/channel/UCKIrzR0N23B3GoKfh_eTDrg,2026-03-05T16:40:47.075Z,251,281.086,251.0
Tiësto - Red Lights,https://music.youtube.com/watch?v=CFF0mV24WCY,TiestoVEVO,https://www.youtube.com/channel/UCO59y9XJIJZS5i86lUOvMGA,2026-03-05T16:36:58.532Z,213,228.543,213.0
Martin Garrix - Forbidden Voices (Official Video),https://music.youtube.com/watch?v=Zv1QV6lrc_Y,Martin Garrix,https://www.youtube.com/channel/UC5H_KXkPbEsGs0tFt8R35mA,2026-03-05T16:32:57.275Z,211,241.257,211.0
Alesso - Heroes (we could be) ft. Tove Lo,https://music.youtube.com/watch?v=a7SouU3ECpU,AlessoOfficialVEVO,https://www.youtube.com/channel/UCPew18bTw43HRb5Rt5m-liw,2026-03-05T16:27:47.225Z,295,310.05,295.0
Calvin Harris & Alesso - Under Control (Official Video) ft. Hurts,https://music.youtube.com/watch?v=yZqmarGShxg,CalvinHarrisVEVO,https://www.youtube.com/channel/UCaHNFIob5Ixv74f5on3lvIw,2026-03-05T16:24:00.658Z,211,226.567,211.0
Calvin Harris - Outside (Official Video) ft. Ellie Goulding,https://music.youtube.com/watch?v=J9NQFACZYEU,CalvinHarrisVEVO,https://www.youtube.com/channel/UCaHNFIob5Ixv74f5on3lvIw,2026-03-05T16:20:14.336Z,226,226.322,226.0
Duke Dumont - I Got U (Official video) ft. Jax Jones,https://music.youtube.com/watch?v=FHCYHldJi_g,DukeDumontVEVO,https://www.youtube.com/channel/UCBn0VobeNWV_SZ6UV65UIJw,2026-03-05T16:15:40.321Z,239,274.015,239.0
Zedd - Clarity ft. Foxes,https://music.youtube.com/watch?v=IxxstCcJlsc,ZEDDVEVO,https://www.youtube.com/channel/UCFzm6oAGFmmZfkrzQ5wATSQ,2026-03-05T16:11:04.265Z,276,276.056,276.0
Galantis - Runaway (U & I) (Official Video),https://music.youtube.com/watch?v=5XR7naZ_zZA,Galantis,https://www.youtube.com/channel/UC0YlhwQabxkHb2nfRTzsTTA,2026-03-05T16:06:09.675Z,264,294.59,264.0
David Guetta - She Wolf (Falling To Pieces) ft. Sia (Official Video),https://music.youtube.com/watch?v=PVzljDmoPVs,David Guetta,https://www.youtube.com/channel/UC1l7wYrva1qCH-wgqcHaaRg,2026-03-05T16:02:11.463Z,238,238.212,238.0
Tiësto & Ava Max - The Motto (Official Music Video),https://music.youtube.com/watch?v=1_4ELAxKrDc,Tiësto,https://www.youtube.com/channel/UCPk3RMMXAfLhMJPFpQhye9g,2026-03-05T15:58:33.111Z,212,218.352,212.0
Kiesza - Hideaway (Official Video),https://music.youtube.com/watch?v=ESXgJ9-H-2U,lokallegend,https://www.youtube.com/channel/UCnfQ5zUjQdPMWnrhRUN-wZg,2026-03-05T15:53:57.474Z,275,275.637,275.0
Lost Frequencies - Are You With Me (Official Music Video),https://music.youtube.com/watch?v=VjHMDlAPMUw,Armada Music TV,https://www.youtube.com/channel/UCGZXYc32ri4D0gSLPf2pZXQ,2026-03-05T15:51:02.991Z,144,174.483,144.0
"David Guetta - Play Hard ft. Ne-Yo, Akon (Official Video)",https://music.youtube.com/watch?v=5dbEhBKGOtY,David Guetta,https://www.youtube.com/channel/UC1l7wYrva1qCH-wgqcHaaRg,2026-03-05T15:46:37.579Z,242,265.412,242.0
Calvin Harris & Disciples - How Deep Is Your Love,https://music.youtube.com/watch?v=EgqUJOudrcM,CalvinHarrisVEVO,https://www.youtube.com/channel/UCaHNFIob5Ixv74f5on3lvIw,2026-03-05T15:42:16.390Z,261,261.189,261.0
Tiësto - The Business (Official Music Video),https://music.youtube.com/watch?v=nCg3ufihKyU,Tiësto,https://www.youtube.com/channel/UCPk3RMMXAfLhMJPFpQhye9g,2026-03-05T15:38:33.365Z,192,223.025,192.0
"Calvin Harris, Rihanna - This Is What You Came For (Official Video)",https://music.youtube.com/watch?v=kOkQ4T5WO9E,CalvinHarrisVEVO,https://www.youtube.com/channel/UCaHNFIob5Ixv74f5on3lvIw,2026-03-05T15:34:33.628Z,240,239.737,239.737
Deorro x Chris Brown - Five More Hours (Official Video) [Ultra Records],https://music.youtube.com/watch?v=j3CaHeakZF4,Ultra Records,https://www.youtube.com/channel/UC4rasfm9J-X4jNl9SvXp8xA,2026-03-05T15:29:16.043Z,287,317.585,287.0
Swedish House Mafia ft. John Martin - Don't You Worry Child (Official Video),https://music.youtube.com/watch?v=1y6smkh6c-0,SHMVEVO,https://www.youtube.com/channel/UCtHY_7BXK9Bn3Dp3cjBgCLA,2026-03-05T15:23:40.500Z,335,335.543,335.0
Calvin Harris - Summer (Official Video),https://music.youtube.com/watch?v=ebXbLfLACGM,CalvinHarrisVEVO,https://www.youtube.com/channel/UCaHNFIob5Ixv74f5on3lvIw,2026-03-05T15:20:16.777Z,234,203.723,203.723
Calvin Harris - Summer (Official Video),https://music.youtube.com/watch?v=ebXbLfLACGM,CalvinHarrisVEVO,https://www.youtube.com/channel/UCaHNFIob5Ixv74f5on3lvIw,2026-03-05T00:25:41.412Z,234,53675.365,234.0
Martin Garrix - Animals (Official Video),https://music.youtube.com/watch?v=gCYcHz2k5x0,STMPD RCRDS,https://www.youtube.com/channel/UCB-7IEpKGIdXkgGUObE5D5A,2026-03-05T00:22:22.820Z,192,198.592,192.0
Tiësto & Mark Knight feat Dino 'Beautiful World' OFFICIAL MUSIC VIDEO,https://music.youtube.com/watch?v=d6dnO41ocRA,Toolroom Records,https://www.youtube.com/channel/UCpiZh3AGeTygzfmUgioOFFg,2026-03-05T00:17:54.105Z,253,268.715,253.0
"Axwell /\ Ingrosso, Axwell, Sebastian Ingrosso - More Than You Know",https://music.youtube.com/watch?v=GsF05B8TFWg,AxwellIngrossoVEVO,https://www.youtube.com/channel/UCKIrzR0N23B3GoKfh_eTDrg,2026-03-05T00:14:30.173Z,204,203.932,203.932
Avicii - Levels,https://music.youtube.com/watch?v=_ovdm2yX4MA,AviciiOfficialVEVO,https://www.youtube.com/channel/UC1SqP7_RfOC9Jf9L_GRHANg,2026-03-05T00:11:06.886Z,199,203.287,199.0
David Guetta - Titanium ft. Sia (Official Video),https://music.youtube.com/watch?v=JRfuAukYTKg,David Guetta,https://www.youtube.com/channel/UC1l7wYrva1qCH-wgqcHaaRg,2026-03-05T00:07:00.972Z,246,245.914,245.914
Alesso - Words (Feat. Zara Larsson) [Official Music Video],https://music.youtube.com/watch?v=zIJEOEZdLzE,Alesso,https://www.youtube.com/channel/UC05i95k-w8CvrtZ-yGTob7A,2026-03-04T23:56:30.934Z,143,630.038,143.0
Kygo & Ellie Goulding - First Time (Official Video),https://music.youtube.com/watch?v=OlH1RCs96JA,KygoOfficialVEVO,https://www.youtube.com/channel/UCYpVqLSvfseUqb2URAkexlw,2026-03-04T23:53:16.048Z,195,194.886,194.886
Tinlicker & Helsloot - Because You Move Me (Official Music Video),https://music.youtube.com/watch?v=s3O8-vodvKI,Armada Music TV,https://www.youtube.com/channel/UCGZXYc32ri4D0gSLPf2pZXQ,2026-03-04T23:49:48.235Z,208,207.813,207.813
HUGEL x Topic x Arash feat. Daecolm - I Adore You  (Music Video),https://music.youtube.com/watch?v=Mf_pvNkNJjk,HUGEL,https://www.youtube.com/channel/UCWVBfvVTf3UrPA-z5gos60w,2026-03-04T23:45:28.511Z,229,259.724,229.0
Marshmello - Silence Ft. Khalid (Official Music Video),https://music.youtube.com/watch?v=Tx1sqYc3qas,Marshmello,https://www.youtube.com/channel/UCEdvpU2pFRCVqU6yIPyTpMQ,2026-03-04T23:41:59.232Z,203,209.279,203.0
ZHU - Faded (Official Music Video),https://music.youtube.com/watch?v=CVvJp3d8xGQ,Spinnin' Records,https://www.youtube.com/channel/UCpDJl2EmP7Oh90Vylx0dZtA,2026-03-04T22:41:50.168Z,254,3609.064,254.0
Chris Brown - Hmmm (Official Video) feat. Davido,https://music.youtube.com/watch?v=zMlDG1E2xSU,Chris Brown,https://www.youtube.com/channel/UCcYrdFJF7hmPXRNaWdrko4w,2026-03-04T22:38:38.938Z,191,191.23,191.0
Robin Schulz - Headlights [feat. Ilsey] [Official Music Video],https://music.youtube.com/watch?v=vAEwLvxHVVk,Robin Schulz,https://www.youtube.com/channel/UCLVVBWrp9jw4-SYUoU42hcg,2026-03-04T22:34:49.150Z,229,229.788,229.0
"MEDUZA, James Carter - Bad Memories ft. Elley Duhé, FAST BOY",https://music.youtube.com/watch?v=T-jNkwesjpk,MeduzaVEVO,https://www.youtube.com/channel/UCReWRdJWBp4q0AKSF6amdWQ,2026-03-04T22:31:45.220Z,153,183.93,153.0
Kygo - Freeze (Official Video),https://music.youtube.com/watch?v=H0NFTIhxOpc,KygoOfficialVEVO,https://www.youtube.com/channel/UCYpVqLSvfseUqb2URAkexlw,2026-03-04T22:23:35.950Z,489,489.27,489.0
Mike Perry - The Ocean ft. Shy Martin,https://music.youtube.com/watch?v=5JxgDJvqGmM,MikePerryVEVO,https://www.youtube.com/channel/UCxWPS1rYQ_Ix4yglZcfjVXA,2026-03-04T22:20:00.570Z,185,215.38,185.0
Zedd - I Want You To Know ft. Selena Gomez,https://music.youtube.com/watch?v=X46t8ZFqUB4,ZEDDVEVO,https://www.youtube.com/channel/UCFzm6oAGFmmZfkrzQ5wATSQ,2026-03-04T22:15:37.534Z,247,263.036,247.0
The Chainsmokers - Paris (Official Video),https://music.youtube.com/watch?v=fRNkQH4DVg8,ChainsmokersVEVO,https://www.youtube.com/channel/UCRzzwLpLiUNIs6YOPe33eMg,2026-03-04T22:11:38.921Z,223,238.613,223.0
Disclosure - You & Me (Rivo Remix) ft. Eliza Doolittle,https://music.youtube.com/watch?v=rO5UDrIoTTs,DisclosureVEVO,https://www.youtube.com/channel/UCVEQWNjqi2vnxrfvpH58neg,2026-03-04T22:08:09.616Z,209,209.305,209.0
"Alan Walker, Putri Ariani, Peder Elias - Who I Am (Official Music Video)",https://music.youtube.com/watch?v=ccu6JuC21rk,Alan Walker,https://www.youtube.com/channel/UCJrOtniJ0-NWz37R30urifQ,2026-03-04T22:04:21.908Z,212,227.708,212.0
"Kygo, Selena Gomez - It Ain't Me (Official Video)",https://music.youtube.com/watch?v=u3VTKvdAuIY,KygoOfficialVEVO,https://www.youtube.com/channel/UCYpVqLSvfseUqb2URAkexlw,2026-03-04T21:38:00.210Z,242,1581.698,242.0
Martin Garrix feat. Khalid - Ocean (Official Video),https://music.youtube.com/watch?v=BDocp-VpCwY,Martin Garrix,https://www.youtube.com/channel/UC5H_KXkPbEsGs0tFt8R35mA,2026-03-04T21:34:25.202Z,215,215.008,215.0
Lost Frequencies ft. Calum Scott - Where Are You Now (Official video),https://music.youtube.com/watch?v=PoP2Sa7wYNQ,Lost Frequencies,https://www.youtube.com/channel/UCdKS_mDSLUkS6vDK6u1mjOg,2026-03-04T21:31:00.804Z,174,204.398,174.0
"The Chainsmokers, ILLENIUM - Takeaway (Official Video) ft. Lennon Stella",https://music.youtube.com/watch?v=lzkKzZmRZk8,ChainsmokersVEVO,https://www.youtube.com/channel/UCRzzwLpLiUNIs6YOPe33eMg,2026-03-04T21:27:11.522Z,229,229.282,229.0
Disclosure - Latch ft. Sam Smith,https://music.youtube.com/watch?v=93ASUImTedo,DisclosureVEVO,https://www.youtube.com/channel/UCVEQWNjqi2vnxrfvpH58neg,2026-03-04T21:22:22.966Z,257,288.556,257.0
Swedish House Mafia and The Weeknd - Moth To A Flame (Official Video),https://music.youtube.com/watch?v=u9n7Cw-4_HQ,TheWeekndVEVO,https://www.youtube.com/channel/UCF_fDSgPpBQuh1MsUTgIARQ,2026-03-04T21:18:08.318Z,254,254.648,254.0
Martin Garrix & Troye Sivan - There For You (Official Video),https://music.youtube.com/watch?v=pNNMr5glICM,Martin Garrix,https://www.youtube.com/channel/UC5H_KXkPbEsGs0tFt8R35mA,2026-03-04T21:14:20.768Z,221,227.55,221.0
Lost Frequencies - Are You With Me (Official Music Video),https://music.youtube.com/watch?v=VjHMDlAPMUw,Armada Music TV,https://www.youtube.com/channel/UCGZXYc32ri4D0gSLPf2pZXQ,2026-03-04T21:11:25.994Z,144,174.774,144.0
Felix Jaehn - Ain't Nobody (Loves Me Better) (Official Video) ft. Jasmine Thompson,https://music.youtube.com/watch?v=5j1RCys4R0g,FelixJaehnVEVO,https://www.youtube.com/channel/UCIHkmksgEfqmx7fesWqIeKw,2026-03-04T21:08:16.930Z,189,189.064,189.0
Robin Schulz - Sun Goes Down feat. Jasmine Thompson (Official Music Video),https://music.youtube.com/watch?v=Mo4cmTaEDIk,Robin Schulz,https://www.youtube.com/channel/UCLVVBWrp9jw4-SYUoU42hcg,2026-03-04T21:05:21.902Z,175,175.028,175.0
Dua Lipa - Be The One (Official Music Video),https://music.youtube.com/watch?v=-rey3m8SWQI,Dua Lipa,https://www.youtube.com/channel/UC-J-KZfRV8c13fOCkhXdLiQ,2026-03-04T21:01:41.340Z,205,220.562,205.0
Marshmello - FLY (Official Music Video),https://music.youtube.com/watch?v=oRArmtMA9AI,Marshmello,https://www.youtube.com/channel/UCEdvpU2pFRCVqU6yIPyTpMQ,2026-03-04T20:57:56.230Z,194,225.11,194.0
Calvin Harris - My Way (Official Video),https://music.youtube.com/watch?v=b4Bj7Zb-YD4,CalvinHarrisVEVO,https://www.youtube.com/channel/UCaHNFIob5Ixv74f5on3lvIw,2026-03-04T20:53:20.584Z,245,275.646,245.0
Major Lazer – Light it Up (feat. Nyla & Fuse ODG) (Remix) [Official 4K Music Video],https://music.youtube.com/watch?v=r2LpOUwca94,Major Lazer Official,https://www.youtube.com/channel/UCMJ5Qf3sOvQpcYiai1Noa3Q,2026-03-04T20:50:15.217Z,170,185.367,170.0
David Guetta ft Justin Bieber - 2U (The Victoria’s Secret Angels Lip Sync),https://music.youtube.com/watch?v=RqcjBLMaWCg,David Guetta,https://www.youtube.com/channel/UC1l7wYrva1qCH-wgqcHaaRg,2026-03-04T20:25:00.714Z,195,1514.503,195.0
"Alok, Bruno Martini feat. Zeeba - Hear Me Now (Official Music Video)",https://music.youtube.com/watch?v=JVpTp8IHdEg,Spinnin' Records,https://www.youtube.com/channel/UCpDJl2EmP7Oh90Vylx0dZtA,2026-03-04T20:20:35.603Z,265,265.111,265.0
Martin Garrix & Dua Lipa - Scared To Be Lonely (Official Video),https://music.youtube.com/watch?v=e2vBLd5Egnk,Martin Garrix,https://www.youtube.com/channel/UC5H_KXkPbEsGs0tFt8R35mA,2026-03-04T20:16:14.139Z,231,261.464,231.0
Chiké & Mohbad - Egwu (Official Video),https://music.youtube.com/watch?v=scK6RRYEiUY,Chike,https://www.youtube.com/channel/UCVXhwLsuNli6N8FElr7sNvQ,2026-03-04T20:13:18.114Z,145,176.025,145.0
Move,https://music.youtube.com/watch?v=j1QrD9-S4sU,Adam Port - Topic,https://www.youtube.com/channel/UCYBqBp_o9W58XpAuPM8eQjg,2026-03-04T20:10:04.451Z,178,193.663,178.0
Alan Walker - Sing Me To Sleep,https://music.youtube.com/watch?v=2i2khp_npdE,Alan Walker,https://www.youtube.com/channel/UCJrOtniJ0-NWz37R30urifQ,2026-03-04T20:06:21.652Z,192,222.799,192.0
The Chainsmokers - Don't Let Me Down (Official Video) ft. Daya,https://music.youtube.com/watch?v=Io0fBr1XBUA,ChainsmokersVEVO,https://www.youtube.com/channel/UCRzzwLpLiUNIs6YOPe33eMg,2026-03-04T20:02:12.542Z,218,249.11,218.0
Kygo - Firestone ft. Conrad Sewell (Official Video),https://music.youtube.com/watch?v=9Sc-ir2UwGU,KygoOfficialVEVO,https://www.youtube.com/channel/UCYpVqLSvfseUqb2URAkexlw,2026-03-04T19:57:58.858Z,223,253.684,223.0
Martin Garrix & Bebe Rexha - In The Name Of Love (Official Video),https://music.youtube.com/watch?v=RnBT9uUYb1w,Martin Garrix,https://www.youtube.com/channel/UC5H_KXkPbEsGs0tFt8R35mA,2026-03-04T19:54:02.752Z,206,236.106,206.0
The Weeknd - I Feel It Coming ft. Daft Punk (Official Video),https://music.youtube.com/watch?v=qFLhGq0060w,TheWeekndVEVO,https://www.youtube.com/channel/UCF_fDSgPpBQuh1MsUTgIARQ,2026-03-04T19:48:33.928Z,298,328.824,298.0
"Skrillex and Diplo - ""Where Are Ü Now"" with Justin Bieber (Official Video)",https://music.youtube.com/watch?v=nntGTK2Fhb0,Jack Ü,https://www.youtube.com/channel/UCtuGozGshjqqErhHGEmHnJw,2026-03-04T19:43:51.496Z,252,282.432,252.0
The Chainsmokers & Coldplay - Something Just Like This (Official Lyric Video),https://music.youtube.com/watch?v=FM7MFYoylVs,ChainsmokersVEVO,https://www.youtube.com/channel/UCRzzwLpLiUNIs6YOPe33eMg,2026-03-04T19:39:09.208Z,248,282.288,248.0
Alan Walker - Alone,https://music.youtube.com/watch?v=1-xGerv5FOk,Alan Walker,https://www.youtube.com/channel/UCJrOtniJ0-NWz37R30urifQ,2026-03-04T19:35:54.868Z,164,194.34,164.0
Marshmello ft. Bastille - Happier (Official Music Video),https://music.youtube.com/watch?v=m7Bc3pLyij0,Marshmello,https://www.youtube.com/channel/UCEdvpU2pFRCVqU6yIPyTpMQ,2026-03-04T19:31:30.393Z,234,264.475,234.0
DJ Snake - Let Me Love You ft. Justin Bieber,https://music.youtube.com/watch?v=euCqAq6BRa4,DJSnakeVEVO,https://www.youtube.com/channel/UCGkSXL5saM8y3VvJD_PdMFQ,2026-03-04T19:27:33.859Z,206,236.534,206.0
"Calvin Harris, Rihanna - This Is What You Came For (Official Video)",https://music.youtube.com/watch?v=kOkQ4T5WO9E,CalvinHarrisVEVO,https://www.youtube.com/channel/UCaHNFIob5Ixv74f5on3lvIw,2026-03-04T19:23:34.036Z,240,239.823,239.823
Tove Lo - Habits (Stay High) - Hippie Sabotage Remix,https://music.youtube.com/watch?v=SYM-RJwSGQ8,ToveLoVEVO,https://www.youtube.com/channel/UC0sVahwZgKFHjOBaxvm-a7Q,2026-03-04T19:18:39.763Z,264,294.273,264.0
Major Lazer - Cold Water (feat. Justin Bieber & MØ) [Official Dance Video],https://music.youtube.com/watch?v=nBtDsQ4fhXY,Major Lazer Official,https://www.youtube.com/channel/UCMJ5Qf3sOvQpcYiai1Noa3Q,2026-03-04T19:15:34.004Z,185,185.759,185.0
The Weeknd - Starboy ft. Daft Punk (Official Video) ft. Daft Punk,https://music.youtube.com/watch?v=34Na4j8AVgA,TheWeekndVEVO,https://www.youtube.com/channel/UCF_fDSgPpBQuh1MsUTgIARQ,2026-03-04T19:10:29.544Z,274,304.46,274.0
Alan Walker - Faded,https://music.youtube.com/watch?v=60ItHLz5WEA,Alan Walker,https://www.youtube.com/channel/UCJrOtniJ0-NWz37R30urifQ,2026-03-04T19:06:25.811Z,213,243.733,213.0
Don't Forget My Love,https://music.youtube.com/watch?v=1hza_T_NYK8,Diplo - Topic,https://www.youtube.com/channel/UCXAX3AtRPPdesKYSS8FKayg,2026-03-04T19:03:05.876Z,200,199.935,199.935
On My Knees,https://music.youtube.com/watch?v=JbOz0sMLFko,RÜFÜS DU SOL - Topic,https://www.youtube.com/channel/UC29fOlrXpIg8xhmrSS2phUw,2026-03-04T18:58:44.166Z,262,261.71,261.71
In My Head,https://music.youtube.com/watch?v=tVRMO45PCPA,Gryffin - Topic,https://www.youtube.com/channel/UCO4t4bsN65024PXQUnENGkw,2026-03-04T18:54:36.688Z,216,247.478,216.0
Lush Life,https://music.youtube.com/watch?v=RG-D4bcg54s,Zara Larsson - Topic,https://www.youtube.com/channel/UCB-GmTOjewVU2F_7S4ZFmEA,2026-03-04T18:34:30.638Z,202,1206.05,202.0
Something Just Like This,https://music.youtube.com/watch?v=owTWCbq_nSk,The Chainsmokers - Topic,https://www.youtube.com/channel/UCQgUHOPJJrmzCjExg-ISupA,2026-03-04T18:29:51.952Z,248,278.686,248.0
Numb,https://music.youtube.com/watch?v=RvegizX3GqY,Elderbrook - Topic,https://www.youtube.com/channel/UClWkDlikoBvhfQMC0b2niUQ,2026-03-04T18:25:30.866Z,231,261.086,231.0
Polaroid,https://music.youtube.com/watch?v=pFRgA8TMw7I,Jonas Blue - Topic,https://www.youtube.com/channel/UC9TtDYU2xYw98fHJS2l6Egw,2026-03-04T18:21:46.295Z,194,224.571,194.0
The Chase (Rebūke Remix),https://music.youtube.com/watch?v=WPgoIEEQqIk,Emmit Fenn - Topic,https://www.youtube.com/channel/UCxVWCEihdJ1Sxwsh-yZshyQ,2026-03-04T18:18:06.834Z,189,219.461,189.0
I Remember (Radio Edit),https://music.youtube.com/watch?v=72uQmknnefI,deadmau5 - Topic,https://www.youtube.com/channel/UCL44WZGVf-BU5N0ymCXrpBg,2026-03-04T18:14:15.119Z,201,231.715,201.0
Ray Of Solar,https://music.youtube.com/watch?v=9ogvgYTUT-0,Swedish House Mafia - Topic,https://www.youtube.com/channel/UCl5p1gD46TZVsoQmM8VZ2gQ,2026-03-04T18:09:42.038Z,242,273.081,242.0
The Sound of Silence (CYRIL Remix),https://music.youtube.com/watch?v=nbWXi1cWfm0,Disturbed - Topic,https://www.youtube.com/channel/UCMHHDXMvnMKRzuEKtMe8ZRA,2026-03-04T18:06:05.727Z,186,216.311,186.0
What Do You Mean?,https://music.youtube.com/watch?v=DcDbKDAb7go,Justin Bieber - Topic,https://www.youtube.com/channel/UCGvj8kfUV5Q6lzECIrGY19g,2026-03-04T18:02:08.991Z,206,236.736,206.0
You,https://music.youtube.com/watch?v=_kBFFEWGBl4,Alex Skrindo - Topic,https://www.youtube.com/channel/UCWnFN2af-PL00oyF_avCE-w,2026-03-04T17:58:49.509Z,199,199.482,199.0
Mama,https://music.youtube.com/watch?v=RH-Rco7s8v8,Jonas Blue - Topic,https://www.youtube.com/channel/UC9TtDYU2xYw98fHJS2l6Egw,2026-03-04T17:55:14.605Z,185,214.904,185.0
Nelly Furtado - Maneater (M+ike Remix),https://music.youtube.com/watch?v=uRJqrIvA2fI,MikeMusic,https://www.youtube.com/channel/UCnGz54FHGoPHQKRgvapgAhw,2026-03-04T17:51:34.067Z,190,220.538,190.0
Head Down,https://music.youtube.com/watch?v=XZogcY3aEsg,Lost Frequencies - Topic,https://www.youtube.com/channel/UC824jbNWWDR-NBv8wuE-OUg,2026-03-04T17:48:39.466Z,174,174.601,174.0
Symphony (feat. Zara Larsson),https://music.youtube.com/watch?v=-SttFgyRNCI,Clean Bandit - Topic,https://www.youtube.com/channel/UCdZLr2GYlZMZOQDPdH3J1Lw,2026-03-04T17:44:35.781Z,213,243.685,213.0
Roses (Imanbek Remix),https://music.youtube.com/watch?v=t0aXItJPodE,SAINt JHN - Topic,https://www.youtube.com/channel/UCvfjizX8aIDWRKl9ff70qmQ,2026-03-04T17:41:08.694Z,177,207.087,177.0
A Moment Apart,https://music.youtube.com/watch?v=BwmzXTjDt7A,ODESZA - Topic,https://www.youtube.com/channel/UCqbIVM8TSSWcYmImtAltzlQ,2026-03-04T17:36:43.380Z,235,265.314,235.0
Stumblin' In,https://music.youtube.com/watch?v=7sAD23kUZuc,CYRIL - Topic,https://www.youtube.com/channel/UCPEb3k7RnC4SJ7mmGxtGGDg,2026-03-04T17:33:09.356Z,214,214.024,214.0
Vintage Intro XX,https://music.youtube.com/watch?v=ss_LXmnp3sE,Mark Diaz - Topic,https://www.youtube.com/channel/UCZ5cJREafSYumiC5RQkm-Lw,2026-03-04T17:28:59.750Z,219,249.606,219.0
Mwaki,https://music.youtube.com/watch?v=wr62oNJORAI,Zerb - Topic,https://www.youtube.com/channel/UCyDQm19rpnoANvgEhzdnRgw,2026-03-04T17:21:08.550Z,209,471.2,209.0
Stole the Show,https://music.youtube.com/watch?v=-MxGVSch7EU,Kygo - Topic,https://www.youtube.com/channel/UCkhjJ1ozo9YkGtZ2Vl-QpwA,2026-03-04T17:17:24.945Z,223,223.605,223.0
Beat Of My Heart,https://music.youtube.com/watch?v=Y3KjWS5gLkw,Lost Frequencies - Topic,https://www.youtube.com/channel/UC824jbNWWDR-NBv8wuE-OUg,2026-03-04T17:13:50.665Z,184,214.28,184.0
Sweet Nothing,https://music.youtube.com/watch?v=5Bc5rEjwKME,Calvin Harris - Topic,https://www.youtube.com/channel/UCZ0Aezmtk-S2l8A9Ln-2lKw,2026-03-04T17:10:11.926Z,214,218.739,214.0
Wolves,https://music.youtube.com/watch?v=3ZJ1PkZt3M8,Selena Gomez - Topic,https://www.youtube.com/channel/UCeBYRgPhy8kcRmIGQWKuqdQ,2026-03-04T17:06:22.719Z,198,229.207,198.0
Sugar (feat. Francesco Yates),https://music.youtube.com/watch?v=j1h0rPYKces,Robin Schulz - Topic,https://www.youtube.com/channel/UCIpo9tfpIGXMzNQcZVWoXVw,2026-03-04T17:02:42.859Z,220,219.86,219.86
You,https://music.youtube.com/watch?v=yIQcsvKnxqw,Regard - Topic,https://www.youtube.com/channel/UCfwd83cvG2c613A6lSmRIow,2026-03-04T16:58:18.507Z,234,264.352,234.0
Destiny,https://music.youtube.com/watch?v=8nfbRrLFUjU,Alesso - Topic,https://www.youtube.com/channel/UCyFLp2WBpLae_p0j73_lGLA,2026-03-04T16:55:11.969Z,171,186.538,171.0
Shiver,https://music.youtube.com/watch?v=6woMoRzOSac,John Summit - Topic,https://www.youtube.com/channel/UCYrRVObtpYuSQ6LzNpV8Sqg,2026-03-04T16:51:16.888Z,235,235.081,235.0
Don’t Wake Me Up,https://music.youtube.com/watch?v=MexqtLQvHy4,Jonas Blue - Topic,https://www.youtube.com/channel/UC9TtDYU2xYw98fHJS2l6Egw,2026-03-04T16:47:36.727Z,189,220.161,189.0
High On Life,https://music.youtube.com/watch?v=K2UAIvQ_lNY,Martin Garrix - Topic,https://www.youtube.com/channel/UCqJnSdHjKtfsrHi9aI-9d3g,2026-03-04T16:37:08.156Z,231,628.571,231.0
Light It Up,https://music.youtube.com/watch?v=4IcAIrPCerA,Robin Hustin - Topic,https://www.youtube.com/channel/UCcyE4iFhz_3tXPY7Ody7epA,2026-03-04T16:34:01.999Z,186,186.157,186.0
Ocean Drive,https://music.youtube.com/watch?v=dmaE78oaVLg,Duke Dumont - Topic,https://www.youtube.com/channel/UCmOc5q8hTHMhurRJE5wDb0Q,2026-03-04T16:30:04.236Z,207,237.763,207.0
Feel So Close (Radio Edit),https://music.youtube.com/watch?v=Nh_bdvA8cVM,Calvin Harris - Topic,https://www.youtube.com/channel/UCZ0Aezmtk-S2l8A9Ln-2lKw,2026-03-04T16:26:35.655Z,208,208.581,208.0
Run Away,https://music.youtube.com/watch?v=yAvcI6hEyno,Ian Storm - Topic,https://www.youtube.com/channel/UCoEdcDzSKBL7gsml2xH3pPw,2026-03-04T16:23:05.301Z,180,210.354,180.0
Never Be Like You,https://music.youtube.com/watch?v=IwK-pa6hhbg,Flume - Topic,https://www.youtube.com/channel/UCEdhHl4ZB0JXIinqZ367F6w,2026-03-04T16:19:09.540Z,235,235.761,235.0
Feel Good,https://music.youtube.com/watch?v=1U_2WqZ3pzI,Syn Cole - Topic,https://www.youtube.com/channel/UC6xnpevb-8LwUHpdfkY2FNw,2026-03-04T16:15:36.454Z,182,213.086,182.0
Beautiful People,https://music.youtube.com/watch?v=QzK9XBWE4e4,David Guetta - Topic,https://www.youtube.com/channel/UCh-4c1ZoBPNP1C8c-7iVvUQ,2026-03-04T16:12:13.301Z,188,203.153,188.0
Where You Are,https://music.youtube.com/watch?v=NXiadwKM-bA,John Summit - Topic,https://www.youtube.com/channel/UCYrRVObtpYuSQ6LzNpV8Sqg,2026-03-04T16:07:46.266Z,236,267.035,236.0
Waves (Robin Schulz Radio Edit),https://music.youtube.com/watch?v=kAt6H_JkVxQ,Mr. Probz - Topic,https://www.youtube.com/channel/UCwSJio5esLrOQk7YGXsd80g,2026-03-04T16:03:47.034Z,209,239.232,209.0
Blame,https://music.youtube.com/watch?v=70BASPcfWVQ,Calvin Harris - Topic,https://www.youtube.com/channel/UCZ0Aezmtk-S2l8A9Ln-2lKw,2026-03-04T16:00:13.229Z,213,213.805,213.0
Avis Vox covers The Chemical Brothers 'Block Rockin' Beats' | Live Performance,https://music.youtube.com/watch?v=YNeA7V5YszY,Avis Vox,https://www.youtube.com/channel/UC6acAoF195idgVwjd4bcBZQ,2026-03-04T15:13:45.671Z,198,2787.558,198.0
Whatever,https://music.youtube.com/watch?v=9alAlD059hc,Kygo - Topic,https://www.youtube.com/channel/UCkhjJ1ozo9YkGtZ2Vl-QpwA,2026-03-03T23:48:03.443Z,179,55542.228,179.0
Never Walk Alone,https://music.youtube.com/watch?v=yglg8PFmj48,Blond:ish - Topic,https://www.youtube.com/channel/UC3gLbGC4vhPgfzywQNY7nAw,2026-03-03T23:44:23.909Z,189,219.534,189.0
Blinding Lights,https://music.youtube.com/watch?v=J7p4bzqLvCw,The Weeknd - Topic,https://www.youtube.com/channel/UClYV6hHlupm_S_ObS1W-DYw,2026-03-03T23:41:01.386Z,202,202.523,202.0
gravity,https://music.youtube.com/watch?v=VrSFMyEso-M,all things break - Topic,https://www.youtube.com/channel/UCE-dTA0dh-o93RJvQ-hMRIw,2026-03-03T23:36:55.176Z,231,246.21,231.0
Modern Modern Life - How Ya Been? (visualiser),https://music.youtube.com/watch?v=ErhA89uAPbY,Modern Modern Life,https://www.youtube.com/channel/UCflug2-ybRR36RnSb9g3sZQ,2026-03-03T23:34:00.583Z,174,174.593,174.0
"DJ S.K.T, Jem Cooke - Boomerang Round & Round (Higgo Remix)",https://music.youtube.com/watch?v=QWMDZlu5lj8,3 Beat,https://www.youtube.com/channel/UCeZiul_hKxc-r0yEL27i1Xw,2026-03-03T23:30:31.500Z,209,209.083,209.0
Rezident - Wellenlänge,https://music.youtube.com/watch?v=5NfJmsD_Wwk,Rezident,https://www.youtube.com/channel/UC1RxuESsYjmWG6Zb__JlgIg,2026-03-03T23:26:52.517Z,219,218.983,218.983
All We Are - Bad Advice (Buscabulla Remix) (Official Audio),https://music.youtube.com/watch?v=GB8BhKGSdPw,AllWeAreVEVO,https://www.youtube.com/channel/UCw5zg2icJg-ZZQOEn9MhC1Q,2026-03-03T23:23:28.684Z,194,203.833,194.0
Griff - Forgive Myself (Jayda G Remix) [Official Audio],https://music.youtube.com/watch?v=BnogHqOv4u8,Griff,https://www.youtube.com/channel/UCIY8ucMI3c54m9P35x6UZOw,2026-03-03T23:18:25.346Z,273,303.338,273.0
Astrocolor - Sunshine (feat. MAKUTA) [Steve Kroeger Remix],https://music.youtube.com/watch?v=_PsizIQDAFc,Astrocolor,https://www.youtube.com/channel/UCav-TbH1GwBGcUyFWqdvHbg,2026-03-03T23:14:30.994Z,219,234.352,219.0
Joe Goddard - Ordinary Madness (RAC Mix),https://music.youtube.com/watch?v=O5af8lLklTc,JoeGoddardVEVO,https://www.youtube.com/channel/UCOD4vMIe2j5Gihgpo0yNGKQ,2026-03-03T23:09:05.269Z,325,325.725,325.0
Ana Galeli - Cold (Lyric Video),https://music.youtube.com/watch?v=u-0sOtdiHv0,Ana Galeli,https://www.youtube.com/channel/UCP9BHqYBJW0zNoGWp-ycF3Q,2026-03-03T23:05:17.049Z,198,228.22,198.0
Joe Turner - Solace,https://music.youtube.com/watch?v=4tt5PUafQy0,Joe Turner,https://www.youtube.com/channel/UC6qo1VkFBOjL-A-kGYbaWVw,2026-03-03T22:59:55.561Z,291,321.488,291.0
We'll Always Have This Dance,https://music.youtube.com/watch?v=K_DRsywxl2A,Riton - Topic,https://www.youtube.com/channel/UCV8xe6MuWr2AEXOpm3ZEWKQ,2026-03-03T22:56:39.251Z,196,196.31,196.0
SAINT WKND - Golden (Official Video) ft. Hoodlem,https://music.youtube.com/watch?v=kkrI4iF23M4,SAINTWKNDVEVO,https://www.youtube.com/channel/UCO7zzoc_vS4KqDd1YXmJhaQ,2026-03-03T22:52:40.841Z,238,238.41,238.0
Model Man - Why?,https://music.youtube.com/watch?v=eWh9RJA58Wo,Model Man,https://www.youtube.com/channel/UC49YPFe92BJT1_BWhpkO7ng,2026-03-03T22:47:45.769Z,273,295.072,273.0
Anthony Lazaro & Horizon Blue - September Nights (Official Video),https://music.youtube.com/watch?v=h9HLKU4t880,Anthony Lazaro,https://www.youtube.com/channel/UCUbiUysTEyPJR_3ukl3IcBA,2026-03-03T22:44:31.868Z,178,193.901,178.0
Soda State - Electrified,https://music.youtube.com/watch?v=7rv7371dL4Y,SodaState,https://www.youtube.com/channel/UCurGX61W5lgV1_LFFpJ7O5Q,2026-03-03T22:26:58.334Z,209,1053.534,209.0
Ross Quinn - Our Love,https://music.youtube.com/watch?v=Vw1HdxpFU6Q,Ross Quinn,https://www.youtube.com/channel/UC5B0cpxNuBHEi3EYWd8JxnQ,2026-03-03T22:23:26.234Z,212,212.1,212.0
Tycho – Weather (Nitemoves Remix) [Official Audio],https://music.youtube.com/watch?v=B22caOZewow,Tycho,https://www.youtube.com/channel/UCWzGCSf-1fluXYvVOuh-aVA,2026-03-03T22:18:51.039Z,245,275.195,245.0
SAINT WKND - Make You Mine (Official Video) ft. Boy Matthews,https://music.youtube.com/watch?v=zq9wlFQOGz0,SAINTWKNDVEVO,https://www.youtube.com/channel/UCO7zzoc_vS4KqDd1YXmJhaQ,2026-03-03T22:14:37.054Z,254,253.985,253.985
ones - blessings (Official Video) ft. just lil,https://music.youtube.com/watch?v=jeg_Y2-Y1KM,onmyonesVEVO,https://www.youtube.com/channel/UCdbFpNcIwZjcV0gVj4pw6Cg,2026-03-03T22:10:47.425Z,219,229.629,219.0
Vera - Falling feat. Okay Kaya (Official Video) [Ultra Music],https://music.youtube.com/watch?v=xtNA33KylfA,Ultra Records,https://www.youtube.com/channel/UC4rasfm9J-X4jNl9SvXp8xA,2026-03-03T22:07:23.091Z,204,204.334,204.0
Blank & Jones feat. Laid Back - Sitting In My Sofa (Official Video),https://music.youtube.com/watch?v=ZZbw_AtozxA,Blank & Jones,https://www.youtube.com/channel/UCmK9OXZIWyugvAdLBZkZW1A,2026-03-03T22:04:14.857Z,188,188.234,188.0
Come with Me (Satin Jackets Radio Edit),https://music.youtube.com/watch?v=33iQbOQDxZY,Nora en Pure - Topic,https://www.youtube.com/channel/UC6JGKPReGZm_c3dHjb2YjBA,2026-03-03T22:00:56.097Z,198,198.76,198.0
Big Wild - 'Touch (Poolside Remix)' (Official Audio),https://music.youtube.com/watch?v=B5ihqUvh9og,Big Wild,https://www.youtube.com/channel/UCtYwWz5NOjy-ony-iCkqVkQ,2026-03-03T21:55:49.339Z,276,306.758,276.0
Cry Boy Cry - My Heart Is So Heavy (Official Video),https://music.youtube.com/watch?v=8ubkaOlgHlU,CryBoyCryVEVO,https://www.youtube.com/channel/UCEeO-ZVaoZe9_hrzjBnsgaQ,2026-03-03T21:52:48.683Z,180,180.656,180.0
First Wave,https://music.youtube.com/watch?v=hNHaX5qb9aw,Roland Tings - Topic,https://www.youtube.com/channel/UChsZmQ123yMbVP0NHVQixmg,2026-03-03T21:48:09.275Z,279,279.408,279.0
Felix Jaehn - Shine (feat. Freddy Verano & Linying),https://music.youtube.com/watch?v=tVbSh7pVeUM,AirwaveMusicTV,https://www.youtube.com/channel/UCwIgPuUJXuf2nY-nKsEvLOg,2026-03-03T21:42:56.059Z,298,313.216,298.0
Matoma & MAGIC! feat. D.R.A.M. - Girl At Coachella (Official Lyric Video),https://music.youtube.com/watch?v=JQlbUNyFZNc,Matoma,https://www.youtube.com/channel/UCdjoz9EURsObi2ov6BD1m-g,2026-03-03T21:39:01.629Z,204,234.43,204.0
Matisse & Sadko - Into You (feat. Hanne Mjøen),https://music.youtube.com/watch?v=mHQkum3y5wM,Matisse & Sadko,https://www.youtube.com/channel/UCo3k9omEUs5QuZn63ajcyPg,2026-03-03T21:36:18.976Z,162,162.653,162.0
Lonely in the Rain - Sky On Fire (feat. NVRT),https://music.youtube.com/watch?v=Ik6YDZHNaYc,Lonely in the Rain,https://www.youtube.com/channel/UC4byrfSU3t6Uajruf_MTa9Q,2026-03-03T21:33:02.214Z,197,196.762,196.762
Let the Fire Catch,https://music.youtube.com/watch?v=qbRo12Hid48,D.Polo - Topic,https://www.youtube.com/channel/UChqJOIuUFWYmPPUqrR-sIVg,2026-03-03T21:29:38.274Z,188,203.94,188.0
Good As I Wanted,https://music.youtube.com/watch?v=LuiXbXJhjZg,Art School Girlfriend - Topic,https://www.youtube.com/channel/UC5Pc3A_0yrywYD7iCY5CwCA,2026-03-03T21:24:54.969Z,283,283.305,283.0
Daylight,https://music.youtube.com/watch?v=zy2WHSB7COE,Paul Arthur - Topic,https://www.youtube.com/channel/UCEhXomjAPTj7d0_Zb6DJGtA,2026-03-03T21:21:04.938Z,199,230.031,199.0
Make It,https://music.youtube.com/watch?v=wz-f6eLLa54,Burnie - Topic,https://www.youtube.com/channel/UC-QAA6so4pXTcbGh3s_Kcfw,2026-03-03T21:17:37.713Z,207,207.225,207.0
Autograf - You Might Be (feat. Lils) (Goldfish Remix),https://music.youtube.com/watch?v=s0BOnq6OR8c,Big Beat Records,https://www.youtube.com/channel/UCDCCLsZ0OBG8Dt-3JMc3hkA,2026-03-03T21:14:35.292Z,182,182.421,182.0
shallou - Fictions | Nomad Series,https://music.youtube.com/watch?v=CBz3HbWyCjQ,Shallou,https://www.youtube.com/channel/UCkAYL8bMzOvKxzCCkR74mdA,2026-03-03T21:11:01.791Z,198,213.501,198.0
Negentropy (Drexler Rework),https://music.youtube.com/watch?v=YCjtg347arw,BPMoore - Topic,https://www.youtube.com/channel/UCSUnTTV-OVyd8IERgoCschw,2026-03-03T21:05:51.850Z,309,309.941,309.0
Mansionair - Don't Wait (feat. Yahtzel) (Official Video),https://music.youtube.com/watch?v=vjLi0PEm3xY,Mansionair,https://www.youtube.com/channel/UCA5KpE3Cux59UNILO5XYlQw,2026-03-03T20:55:58.656Z,230,593.194,230.0
HOSH - Tighter (feat. Jalja) (Official Audio),https://music.youtube.com/watch?v=j-MlUOmj3qU,HOSHVEVO,https://www.youtube.com/channel/UCwxNWjb53kpswn_SlcZIXvQ,2026-03-03T20:52:47.896Z,191,190.76,190.76
EDX feat. Jess Ball - I Found You (Neptune) (Official Video HD),https://music.youtube.com/watch?v=AjViPqP-JGc,Kontor.TV,https://www.youtube.com/channel/UCb3tJ5NKw7mDxyaQ73mwbRg,2026-03-03T20:49:34.310Z,163,193.586,163.0
Keeping Your Head Up (Jonas Blue Remix) [Extended],https://music.youtube.com/watch?v=gRIXVIH4Yew,Birdy - Topic,https://www.youtube.com/channel/UC8v5OGljUo7ATs_14mm-aQw,2026-03-03T20:43:30.543Z,364,363.767,363.767
"Chicane - Hello, Goodbye (Official Music Video)",https://music.youtube.com/watch?v=1iTHBBv0n5c,Armada Music TV,https://www.youtube.com/channel/UCGZXYc32ri4D0gSLPf2pZXQ,2026-03-03T20:38:31.902Z,268,298.641,268.0
Catch 22,https://music.youtube.com/watch?v=Gly28CDWYTg,Junge Junge - Topic,https://www.youtube.com/channel/UCRTo4L9drhaNumZhDKCM51Q,2026-03-03T20:35:04.042Z,192,207.86,192.0
Sun Comes Out,https://music.youtube.com/watch?v=S6_u4POct-A,Decco - Topic,https://www.youtube.com/channel/UCzEiltUYG3Pm2RRVOCp2wlA,2026-03-03T20:31:25.028Z,219,219.014,219.0
ODESZA - Sun Models (feat. Madelyn Grant) - Official Audio,https://music.youtube.com/watch?v=cwLRN5sdfnA,ODESZA,https://www.youtube.com/channel/UCW935N0msb0eDy4zQmxTwQg,2026-03-03T20:28:12.967Z,162,192.061,162.0
A R I Z O N A - I Was Wrong (Robin Schulz Remix) [Official Audio],https://music.youtube.com/watch?v=-UElj7B9OV8,A R I Z O N A,https://www.youtube.com/channel/UCoQJcz3rOY-CbzM-t4CRioQ,2026-03-03T20:24:33.647Z,219,219.32,219.0
Vera - Mystery (Lyric Video) [Ultra Music],https://music.youtube.com/watch?v=EfhMvAaHoXU,Ultra Records,https://www.youtube.com/channel/UC4rasfm9J-X4jNl9SvXp8xA,2026-03-03T20:20:58.854Z,184,214.793,184.0
Sam Feldt & Kav Verhouzer - Hot Skin (Official Music Video),https://music.youtube.com/watch?v=_UHh1j1rCbk,Spinnin' Records,https://www.youtube.com/channel/UCpDJl2EmP7Oh90Vylx0dZtA,2026-03-03T20:17:24.946Z,214,213.908,213.908
Oliver Heldens X Anabel Englund - DEJA VU (Official Lyric Video),https://music.youtube.com/watch?v=WSom0jOEtTo,Oliver Heldens,https://www.youtube.com/channel/UC-EVnno6x6-aAG6g1ZVoN3A,2026-03-03T20:14:05.477Z,199,199.469,199.0
EDX - We Can't Give Up (Official Music Video),https://music.youtube.com/watch?v=IA5KCXHE80I,Spinnin' Records,https://www.youtube.com/channel/UCpDJl2EmP7Oh90Vylx0dZtA,2026-03-03T20:11:06.381Z,164,179.096,164.0
Sia - Cheap Thrills (Hex Cougar Remix - Official Audio),https://music.youtube.com/watch?v=2bCQAOZanuk,SiaVEVO,https://www.youtube.com/channel/UCmKdSrwf1e8coqAzUsrVHZw,2026-03-03T19:56:24.995Z,232,881.386,232.0
Shallou - Heartaches (Fan-Made Nomad Series #2),https://music.youtube.com/watch?v=-sm9jPpXhgk,ShallouVEVO,https://www.youtube.com/channel/UCs5_GcZEM4OnReLc9viY6dw,2026-03-03T19:52:59.143Z,205,205.852,205.0
"Gryffin, Two Feet - I Want Love (Lyric Video)",https://music.youtube.com/watch?v=Ou3ztX-NYZo,GryffinVEVO,https://www.youtube.com/channel/UCeqZi_19IJ0bNaGVugG7u7A,2026-03-03T19:49:11.787Z,197,227.356,197.0
Sam Feldt & Hook N Sling - Open Your Eyes (Official Music Video),https://music.youtube.com/watch?v=JB4OBcXklr4,Spinnin' Records,https://www.youtube.com/channel/UCpDJl2EmP7Oh90Vylx0dZtA,2026-03-03T19:45:30.613Z,191,221.174,191.0
"ZHU, Yuna - Sky Is Crying (Official Video)",https://music.youtube.com/watch?v=6ZS71EApldw,ZHUVEVO,https://www.youtube.com/channel/UC5TAVjAan5LMwArZ59l_nQg,2026-03-03T19:41:22.701Z,232,247.912,232.0
ODESZA - Higher Ground feat. Naomi Wild (Netflix | People We Meet on Vacation Soundtrack),https://music.youtube.com/watch?v=xqoLCvsy8_c,ODESZA,https://www.youtube.com/channel/UCW935N0msb0eDy4zQmxTwQg,2026-03-03T19:37:32.440Z,215,230.261,215.0
Freischwimmer - California Dreamin (Official Music Video),https://music.youtube.com/watch?v=CHaGFE0szJk,Warner Music Singapore,https://www.youtube.com/channel/UCvjE1RnGrEWH7KNH6voYWgA,2026-03-03T19:33:54.478Z,187,217.962,187.0
Heaven Takes You Home (Moojo Remix),https://music.youtube.com/watch?v=n_izgOczSnQ,Swedish House Mafia - Topic,https://www.youtube.com/channel/UCl5p1gD46TZVsoQmM8VZ2gQ,2026-03-03T19:26:40.907Z,434,433.571,433.571
Don Diablo ft. A R I Z O N A - Take Her Place | Official Music Video,https://music.youtube.com/watch?v=k-nA-Vd9Z0M,Don Diablo,https://www.youtube.com/channel/UC8y7Xa0E1Lo6PnVsu2KJbOA,2026-03-03T19:22:56.674Z,209,224.233,209.0
Jonas Blue - Fast Car ft. Dakota (Lyric Video),https://music.youtube.com/watch?v=3FzOwAEQoF4,Jonas Blue,https://www.youtube.com/channel/UCBIzPk0lne1w22jZR3LA36g,2026-03-03T19:19:25.039Z,211,211.635,211.0
Kygo feat. Will Heard - Nothing Left (Cover Art),https://music.youtube.com/watch?v=YuzVOZqDuh0,Ultra Records,https://www.youtube.com/channel/UC4rasfm9J-X4jNl9SvXp8xA,2026-03-03T19:15:23.481Z,237,241.558,237.0
Cities,https://music.youtube.com/watch?v=6fchNJT_J1Y,Throttle - Topic,https://www.youtube.com/channel/UCEJu7LPK-CoZrW5gSBMH7yw,2026-03-03T19:11:52.833Z,180,210.648,180.0
Felix Jaehn - Do It Better (Official Video) ft. Zoe Wees,https://music.youtube.com/watch?v=uWB9JQP3R1Q,FelixJaehnVEVO,https://www.youtube.com/channel/UCIHkmksgEfqmx7fesWqIeKw,2026-03-03T19:09:01.601Z,171,171.232,171.0
"The Chainsmokers, Anna Sofia - Helium (Official Video)",https://music.youtube.com/watch?v=GWoK3HULCLo,ChainsmokersVEVO,https://www.youtube.com/channel/UCRzzwLpLiUNIs6YOPe33eMg,2026-03-03T19:06:42.151Z,140,139.45,139.45
You & Me (Flume Remix),https://music.youtube.com/watch?v=m_GBqSnvaL0,Disclosure - Topic,https://www.youtube.com/channel/UCMqoUCDT2rtlvBS93GXGqDA,2026-03-03T18:41:32.909Z,283,1509.242,283.0
Gryffin & Jason Ross - After You (ft. Calle Lehmann) [Official Video],https://music.youtube.com/watch?v=9asbnOdSDfQ,GryffinVEVO,https://www.youtube.com/channel/UCeqZi_19IJ0bNaGVugG7u7A,2026-03-03T18:37:50.421Z,222,222.488,222.0
Lost Frequencies ft. Sandro Cavazza - Beautiful Life,https://music.youtube.com/watch?v=RNC1IA1POw0,Lost Frequencies,https://www.youtube.com/channel/UCdKS_mDSLUkS6vDK6u1mjOg,2026-03-03T18:34:41.516Z,173,188.905,173.0
Martin Garrix & Lloyiso - Real Love (Official Video),https://music.youtube.com/watch?v=aDNRphs9MiY,Martin Garrix,https://www.youtube.com/channel/UC5H_KXkPbEsGs0tFt8R35mA,2026-03-03T18:30:59.248Z,192,222.268,192.0
Cut Your Teeth (Kygo Remix),https://music.youtube.com/watch?v=WDhEG0mDxcY,Kyla La Grange - Topic,https://www.youtube.com/channel/UCiPXRXZj-IUtzV2515u2wSQ,2026-03-03T18:23:48.721Z,400,430.527,400.0
"Jonas Blue, Julian Perretta - Perfect Melody (Official Video)",https://music.youtube.com/watch?v=kmfOCnS5MU4,JonasBlueVEVO,https://www.youtube.com/channel/UCC6sWkXNQqyS2r6u6xQ_GdQ,2026-03-03T18:20:53.544Z,160,175.177,160.0
A R I Z O N A - Oceans Away [Official Video],https://music.youtube.com/watch?v=1MoAdVyuEuU,A R I Z O N A,https://www.youtube.com/channel/UCoQJcz3rOY-CbzM-t4CRioQ,2026-03-03T18:17:22.634Z,195,210.91,195.0
"Jax Jones, Au/Ra - i miss u (official video)",https://music.youtube.com/watch?v=Qt6IXiVN0L8,JaxJonesVEVO,https://www.youtube.com/channel/UCzbcw181Z5akuNUNLXqFtsQ,2026-03-03T18:13:59.408Z,188,203.226,188.0
Lost Frequencies - Rise (Official Music Video),https://music.youtube.com/watch?v=ORoAb5NPi8I,Lost Frequencies,https://www.youtube.com/channel/UCdKS_mDSLUkS6vDK6u1mjOg,2026-03-03T18:10:30.339Z,194,209.069,194.0
Parra for Cuva ft. Anna Naklab - Wicked Games (Official Music Video),https://music.youtube.com/watch?v=Vh5j7zDpy-4,Spinnin' Records,https://www.youtube.com/channel/UCpDJl2EmP7Oh90Vylx0dZtA,2026-03-03T18:06:55.525Z,199,214.814,199.0
Kygo - Here for You ft. Ella Henderson (Official Video),https://music.youtube.com/watch?v=b8PPap4dJog,KygoOfficialVEVO,https://www.youtube.com/channel/UCYpVqLSvfseUqb2URAkexlw,2026-03-03T18:02:33.619Z,246,261.906,246.0
Martin Garrix feat. Tove Lo - Pressure (Official Video),https://music.youtube.com/watch?v=U4dilE1eh9s,Martin Garrix,https://www.youtube.com/channel/UC5H_KXkPbEsGs0tFt8R35mA,2026-03-03T17:59:52.598Z,145,161.021,145.0
I’ll Find My Way To You,https://music.youtube.com/watch?v=mAOslsJndbo,Elderbrook - Topic,https://www.youtube.com/channel/UClWkDlikoBvhfQMC0b2niUQ,2026-03-03T17:55:12.653Z,265,279.945,265.0
Justice – Neverender (Starring Tame Impala) (Official Video),https://music.youtube.com/watch?v=E7FU_mqhFGk,Justice,https://www.youtube.com/channel/UCQ5Ssrs48yJBfOesfDqXUeA,2026-03-03T17:51:36.802Z,200,215.851,200.0
Lost Frequencies & James Arthur - Questions (Official video),https://music.youtube.com/watch?v=RBW4YfwJN-E,Lost Frequencies,https://www.youtube.com/channel/UCdKS_mDSLUkS6vDK6u1mjOg,2026-03-03T17:48:21.445Z,180,195.357,180.0
Don Diablo - Save A Little Love | Official Music Video,https://music.youtube.com/watch?v=k4LphhTa_xg,Don Diablo,https://www.youtube.com/channel/UC8y7Xa0E1Lo6PnVsu2KJbOA,2026-03-03T17:44:42.733Z,203,218.712,203.0
Kygo - Love Me Now (Official Video) ft. Zoe Wees,https://music.youtube.com/watch?v=rfxnmIPCzIc,KygoOfficialVEVO,https://www.youtube.com/channel/UCYpVqLSvfseUqb2URAkexlw,2026-03-03T17:40:58.357Z,209,224.376,209.0
"Calvin Harris, Rag'n'Bone Man - Lovers In A Past Life (Official Video)",https://music.youtube.com/watch?v=uksTezIJqA4,CalvinHarrisVEVO,https://www.youtube.com/channel/UCaHNFIob5Ixv74f5on3lvIw,2026-03-03T17:38:07.941Z,170,170.416,170.0
Klangkarussell - Sonnentanz ft. Will Heard,https://music.youtube.com/watch?v=79YDgv_zWA4,KlangkarussellVEVO,https://www.youtube.com/channel/UCQkxyYY3C1w6VmB93dXc1oQ,2026-03-03T17:33:46.361Z,231,261.58,231.0
Kx5 - Escape (feat. Hayla) [Official Lyric Video],https://music.youtube.com/watch?v=BMFNN40fNp0,Kx5,https://www.youtube.com/channel/UCVgH6evwgL_bbZai_TB2R4w,2026-03-03T17:29:45.273Z,241,241.088,241.0
The Chainsmokers - All We Know (Official Video) ft. Phoebe Ryan,https://music.youtube.com/watch?v=7mWQ38SpEf8,ChainsmokersVEVO,https://www.youtube.com/channel/UCRzzwLpLiUNIs6YOPe33eMg,2026-03-03T17:25:52.965Z,217,232.308,217.0
Seinabo Sey - Younger (Kygo Remix),https://music.youtube.com/watch?v=gx4rsZkCCss,SeinaboSeyVEVO,https://www.youtube.com/channel/UCAoXVUoZivSCGP2o5NJ_8QA,2026-03-03T17:19:57.828Z,355,355.137,355.0
"Kygo, Dean Lewis - Lost Without You (with Dean Lewis) (Official Video)",https://music.youtube.com/watch?v=QzakjlbO2Lc,KygoOfficialVEVO,https://www.youtube.com/channel/UCYpVqLSvfseUqb2URAkexlw,2026-03-03T17:16:16.516Z,206,221.312,206.0
"Faul, Wad Ad, Pnau - Changes (Videoclip)",https://music.youtube.com/watch?v=Cj25UpcBDt0,faulwadadVEVO,https://www.youtube.com/channel/UCj58rpTQuv2Hhl60LSwx2Kw,2026-03-03T17:12:51.712Z,205,204.804,204.804
Elderbrook - Inner Light with Bob Moses (Official Music Video),https://music.youtube.com/watch?v=4DPCHufDWJQ,Elderbrook,https://www.youtube.com/channel/UC4tntgiHp_0jy4C1ie61fpw,2026-03-03T17:08:32.848Z,259,258.864,258.864
Calvin Harris - Thinking About You ft. Ayah Marar,https://music.youtube.com/watch?v=cl3b7dDBLpo,CalvinHarrisVEVO,https://www.youtube.com/channel/UCaHNFIob5Ixv74f5on3lvIw,2026-03-03T17:03:55.688Z,277,277.16,277.0
"DJ Snake, AlunaGeorge - You Know You Like It",https://music.youtube.com/watch?v=aBn7bjy9c4U,DJSnakeVEVO,https://www.youtube.com/channel/UCGkSXL5saM8y3VvJD_PdMFQ,2026-03-03T16:59:23.002Z,273,272.686,272.686
Petit Biscuit - Sunset Lover (Official Music Video),https://music.youtube.com/watch?v=4fQeaM62mOY,Petit Biscuit,https://www.youtube.com/channel/UCFuxVFn94f6Neyix7KPzyTg,2026-03-03T16:55:32.984Z,215,230.018,215.0
The Chainsmokers - Roses (Official Video) ft. ROZES,https://music.youtube.com/watch?v=G5Mv2iV0wkU,ChainsmokersVEVO,https://www.youtube.com/channel/UCRzzwLpLiUNIs6YOPe33eMg,2026-03-03T16:51:32.314Z,241,240.67,240.67
"Zedd, Alessia Cara - Stay (Official Music Video)",https://music.youtube.com/watch?v=yWEK4v9AVKQ,ZEDDVEVO,https://www.youtube.com/channel/UCFzm6oAGFmmZfkrzQ5wATSQ,2026-03-03T16:47:58.476Z,214,213.838,213.838
Alesso - Words (Feat. Zara Larsson) [Official Music Video],https://music.youtube.com/watch?v=zIJEOEZdLzE,Alesso,https://www.youtube.com/channel/UC05i95k-w8CvrtZ-yGTob7A,2026-03-03T16:45:35.102Z,143,143.374,143.0
Kygo & Ellie Goulding - First Time (Official Video),https://music.youtube.com/watch?v=OlH1RCs96JA,KygoOfficialVEVO,https://www.youtube.com/channel/UCYpVqLSvfseUqb2URAkexlw,2026-03-03T16:42:20.306Z,195,194.796,194.796
Tinlicker & Helsloot - Because You Move Me (Official Music Video),https://music.youtube.com/watch?v=s3O8-vodvKI,Armada Music TV,https://www.youtube.com/channel/UCGZXYc32ri4D0gSLPf2pZXQ,2026-03-03T16:38:30.656Z,208,229.65,208.0
HUGEL x Topic x Arash feat. Daecolm - I Adore You  (Music Video),https://music.youtube.com/watch?v=Mf_pvNkNJjk,HUGEL,https://www.youtube.com/channel/UCWVBfvVTf3UrPA-z5gos60w,2026-03-03T16:34:41.129Z,229,229.527,229.0
Marshmello - Silence Ft. Khalid (Official Music Video),https://music.youtube.com/watch?v=Tx1sqYc3qas,Marshmello,https://www.youtube.com/channel/UCEdvpU2pFRCVqU6yIPyTpMQ,2026-03-03T16:31:18.368Z,203,202.761,202.761
ZHU - Faded (Official Music Video),https://music.youtube.com/watch?v=CVvJp3d8xGQ,Spinnin' Records,https://www.youtube.com/channel/UCpDJl2EmP7Oh90Vylx0dZtA,2026-03-03T16:27:03.959Z,254,254.409,254.0
Chris Brown - Hmmm (Official Video) feat. Davido,https://music.youtube.com/watch?v=zMlDG1E2xSU,Chris Brown,https://www.youtube.com/channel/UCcYrdFJF7hmPXRNaWdrko4w,2026-03-03T16:23:52.870Z,191,191.089,191.0
Robin Schulz - Headlights [feat. Ilsey] [Official Music Video],https://music.youtube.com/watch?v=vAEwLvxHVVk,Robin Schulz,https://www.youtube.com/channel/UCLVVBWrp9jw4-SYUoU42hcg,2026-03-03T16:20:03.317Z,229,229.553,229.0
"MEDUZA, James Carter - Bad Memories ft. Elley Duhé, FAST BOY",https://music.youtube.com/watch?v=T-jNkwesjpk,MeduzaVEVO,https://www.youtube.com/channel/UCReWRdJWBp4q0AKSF6amdWQ,2026-03-03T16:17:30.571Z,153,152.746,152.746
Kygo - Freeze (Official Video),https://music.youtube.com/watch?v=H0NFTIhxOpc,KygoOfficialVEVO,https://www.youtube.com/channel/UCYpVqLSvfseUqb2URAkexlw,2026-03-03T16:14:56.930Z,489,153.641,153.641
Kygo - Freeze (Official Video),https://music.youtube.com/watch?v=H0NFTIhxOpc,KygoOfficialVEVO,https://www.youtube.com/channel/UCYpVqLSvfseUqb2URAkexlw,2026-03-03T01:21:07.639Z,489,53629.291,489.0
Mike Perry - The Ocean ft. Shy Martin,https://music.youtube.com/watch?v=5JxgDJvqGmM,MikePerryVEVO,https://www.youtube.com/channel/UCxWPS1rYQ_Ix4yglZcfjVXA,2026-03-03T01:17:32.419Z,185,215.22,185.0
Zedd - I Want You To Know ft. Selena Gomez,https://music.youtube.com/watch?v=X46t8ZFqUB4,ZEDDVEVO,https://www.youtube.com/channel/UCFzm6oAGFmmZfkrzQ5wATSQ,2026-03-03T01:13:24.838Z,247,247.581,247.0
The Chainsmokers - Paris (Official Video),https://music.youtube.com/watch?v=fRNkQH4DVg8,ChainsmokersVEVO,https://www.youtube.com/channel/UCRzzwLpLiUNIs6YOPe33eMg,2026-03-03T01:09:41.865Z,223,222.973,222.973
Disclosure - You & Me (Rivo Remix) ft. Eliza Doolittle,https://music.youtube.com/watch?v=rO5UDrIoTTs,DisclosureVEVO,https://www.youtube.com/channel/UCVEQWNjqi2vnxrfvpH58neg,2026-03-03T01:05:42.291Z,209,239.574,209.0
"Alan Walker, Putri Ariani, Peder Elias - Who I Am (Official Music Video)",https://music.youtube.com/watch?v=ccu6JuC21rk,Alan Walker,https://www.youtube.com/channel/UCJrOtniJ0-NWz37R30urifQ,2026-03-03T01:02:10.268Z,212,212.023,212.0
"Kygo, Selena Gomez - It Ain't Me (Official Video)",https://music.youtube.com/watch?v=u3VTKvdAuIY,KygoOfficialVEVO,https://www.youtube.com/channel/UCYpVqLSvfseUqb2URAkexlw,2026-03-03T00:58:08.491Z,242,241.777,241.777
Martin Garrix feat. Khalid - Ocean (Official Video),https://music.youtube.com/watch?v=BDocp-VpCwY,Martin Garrix,https://www.youtube.com/channel/UC5H_KXkPbEsGs0tFt8R35mA,2026-03-03T00:54:03.376Z,215,245.115,215.0
Lost Frequencies ft. Calum Scott - Where Are You Now (Official video),https://music.youtube.com/watch?v=PoP2Sa7wYNQ,Lost Frequencies,https://www.youtube.com/channel/UCdKS_mDSLUkS6vDK6u1mjOg,2026-03-03T00:26:25.233Z,174,1658.143,174.0
"The Chainsmokers, ILLENIUM - Takeaway (Official Video) ft. Lennon Stella",https://music.youtube.com/watch?v=lzkKzZmRZk8,ChainsmokersVEVO,https://www.youtube.com/channel/UCRzzwLpLiUNIs6YOPe33eMg,2026-03-03T00:22:35.879Z,229,229.354,229.0
Disclosure - Latch ft. Sam Smith,https://music.youtube.com/watch?v=93ASUImTedo,DisclosureVEVO,https://www.youtube.com/channel/UCVEQWNjqi2vnxrfvpH58neg,2026-03-03T00:17:48.087Z,257,287.792,257.0
Swedish House Mafia and The Weeknd - Moth To A Flame (Official Video),https://music.youtube.com/watch?v=u9n7Cw-4_HQ,TheWeekndVEVO,https://www.youtube.com/channel/UCF_fDSgPpBQuh1MsUTgIARQ,2026-03-03T00:13:03.381Z,254,284.706,254.0
Martin Garrix & Troye Sivan - There For You (Official Video),https://music.youtube.com/watch?v=pNNMr5glICM,Martin Garrix,https://www.youtube.com/channel/UC5H_KXkPbEsGs0tFt8R35mA,2026-03-03T00:08:52.275Z,221,251.106,221.0
Lost Frequencies - Are You With Me (Official Music Video),https://music.youtube.com/watch?v=VjHMDlAPMUw,Armada Music TV,https://www.youtube.com/channel/UCGZXYc32ri4D0gSLPf2pZXQ,2026-03-03T00:06:28.428Z,144,143.847,143.847
Felix Jaehn - Ain't Nobody (Loves Me Better) (Official Video) ft. Jasmine Thompson,https://music.youtube.com/watch?v=5j1RCys4R0g,FelixJaehnVEVO,https://www.youtube.com/channel/UCIHkmksgEfqmx7fesWqIeKw,2026-03-03T00:03:03.981Z,189,204.447,189.0
Robin Schulz - Sun Goes Down feat. Jasmine Thompson (Official Music Video),https://music.youtube.com/watch?v=Mo4cmTaEDIk,Robin Schulz,https://www.youtube.com/channel/UCLVVBWrp9jw4-SYUoU42hcg,2026-03-03T00:00:08.771Z,175,175.21,175.0
Dua Lipa - Be The One (Official Music Video),https://music.youtube.com/watch?v=-rey3m8SWQI,Dua Lipa,https://www.youtube.com/channel/UC-J-KZfRV8c13fOCkhXdLiQ,2026-03-02T23:56:28.492Z,205,220.279,205.0
Marshmello - FLY (Official Music Video),https://music.youtube.com/watch?v=oRArmtMA9AI,Marshmello,https://www.youtube.com/channel/UCEdvpU2pFRCVqU6yIPyTpMQ,2026-03-02T23:52:43.317Z,194,225.175,194.0
Calvin Harris - My Way (Official Video),https://music.youtube.com/watch?v=b4Bj7Zb-YD4,CalvinHarrisVEVO,https://www.youtube.com/channel/UCaHNFIob5Ixv74f5on3lvIw,2026-03-02T23:48:38.257Z,245,245.06,245.0
Major Lazer – Light it Up (feat. Nyla & Fuse ODG) (Remix) [Official 4K Music Video],https://music.youtube.com/watch?v=r2LpOUwca94,Major Lazer Official,https://www.youtube.com/channel/UCMJ5Qf3sOvQpcYiai1Noa3Q,2026-03-02T23:45:17.765Z,170,200.492,170.0
David Guetta ft Justin Bieber - 2U (The Victoria’s Secret Angels Lip Sync),https://music.youtube.com/watch?v=RqcjBLMaWCg,David Guetta,https://www.youtube.com/channel/UC1l7wYrva1qCH-wgqcHaaRg,2026-03-02T23:42:02.644Z,195,195.121,195.0
"Alok, Bruno Martini feat. Zeeba - Hear Me Now (Official Music Video)",https://music.youtube.com/watch?v=JVpTp8IHdEg,Spinnin' Records,https://www.youtube.com/channel/UCpDJl2EmP7Oh90Vylx0dZtA,2026-03-02T23:37:37.196Z,265,265.448,265.0
Martin Garrix & Dua Lipa - Scared To Be Lonely (Official Video),https://music.youtube.com/watch?v=e2vBLd5Egnk,Martin Garrix,https://www.youtube.com/channel/UC5H_KXkPbEsGs0tFt8R35mA,2026-03-02T23:33:40.094Z,231,237.102,231.0
Chiké & Mohbad - Egwu (Official Video),https://music.youtube.com/watch?v=scK6RRYEiUY,Chike,https://www.youtube.com/channel/UCVXhwLsuNli6N8FElr7sNvQ,2026-03-02T19:49:55.659Z,145,13424.435,145.0
Move,https://music.youtube.com/watch?v=j1QrD9-S4sU,Adam Port - Topic,https://www.youtube.com/channel/UCYBqBp_o9W58XpAuPM8eQjg,2026-03-02T19:46:57.294Z,178,178.365,178.0
Alan Walker - Sing Me To Sleep,https://music.youtube.com/watch?v=2i2khp_npdE,Alan Walker,https://www.youtube.com/channel/UCJrOtniJ0-NWz37R30urifQ,2026-03-02T19:43:14.857Z,192,222.437,192.0
The Chainsmokers - Don't Let Me Down (Official Video) ft. Daya,https://music.youtube.com/watch?v=Io0fBr1XBUA,ChainsmokersVEVO,https://www.youtube.com/channel/UCRzzwLpLiUNIs6YOPe33eMg,2026-03-02T19:39:36.449Z,218,218.408,218.0
Kygo - Firestone ft. Conrad Sewell (Official Video),https://music.youtube.com/watch?v=9Sc-ir2UwGU,KygoOfficialVEVO,https://www.youtube.com/channel/UCYpVqLSvfseUqb2URAkexlw,2026-03-02T19:35:23.018Z,223,253.431,223.0
Martin Garrix & Bebe Rexha - In The Name Of Love (Official Video),https://music.youtube.com/watch?v=RnBT9uUYb1w,Martin Garrix,https://www.youtube.com/channel/UC5H_KXkPbEsGs0tFt8R35mA,2026-03-02T19:31:57.323Z,206,205.695,205.695
The Weeknd - I Feel It Coming ft. Daft Punk (Official Video),https://music.youtube.com/watch?v=qFLhGq0060w,TheWeekndVEVO,https://www.youtube.com/channel/UCF_fDSgPpBQuh1MsUTgIARQ,2026-03-02T19:26:28.555Z,298,328.768,298.0
"Skrillex and Diplo - ""Where Are Ü Now"" with Justin Bieber (Official Video)",https://music.youtube.com/watch?v=nntGTK2Fhb0,Jack Ü,https://www.youtube.com/channel/UCtuGozGshjqqErhHGEmHnJw,2026-03-02T19:22:16.335Z,252,252.22,252.0
The Chainsmokers & Coldplay - Something Just Like This (Official Lyric Video),https://music.youtube.com/watch?v=FM7MFYoylVs,ChainsmokersVEVO,https://www.youtube.com/channel/UCRzzwLpLiUNIs6YOPe33eMg,2026-03-02T19:18:08.528Z,248,247.807,247.807
Alan Walker - Alone,https://music.youtube.com/watch?v=1-xGerv5FOk,Alan Walker,https://www.youtube.com/channel/UCJrOtniJ0-NWz37R30urifQ,2026-03-02T19:14:54.424Z,164,194.104,164.0
Marshmello ft. Bastille - Happier (Official Music Video),https://music.youtube.com/watch?v=m7Bc3pLyij0,Marshmello,https://www.youtube.com/channel/UCEdvpU2pFRCVqU6yIPyTpMQ,2026-03-02T19:11:00.567Z,234,233.857,233.857
DJ Snake - Let Me Love You ft. Justin Bieber,https://music.youtube.com/watch?v=euCqAq6BRa4,DJSnakeVEVO,https://www.youtube.com/channel/UCGkSXL5saM8y3VvJD_PdMFQ,2026-03-02T19:06:18.594Z,206,281.973,206.0
"Calvin Harris, Rihanna - This Is What You Came For (Official Video)",https://music.youtube.com/watch?v=kOkQ4T5WO9E,CalvinHarrisVEVO,https://www.youtube.com/channel/UCaHNFIob5Ixv74f5on3lvIw,2026-03-02T19:01:48.624Z,240,269.97,240.0
Tove Lo - Habits (Stay High) - Hippie Sabotage Remix,https://music.youtube.com/watch?v=SYM-RJwSGQ8,ToveLoVEVO,https://www.youtube.com/channel/UC0sVahwZgKFHjOBaxvm-a7Q,2026-03-02T18:57:09.682Z,264,278.942,264.0
Major Lazer - Cold Water (feat. Justin Bieber & MØ) [Official Dance Video],https://music.youtube.com/watch?v=nBtDsQ4fhXY,Major Lazer Official,https://www.youtube.com/channel/UCMJ5Qf3sOvQpcYiai1Noa3Q,2026-03-02T18:53:33.297Z,185,216.385,185.0
The Weeknd - Starboy ft. Daft Punk (Official Video) ft. Daft Punk,https://music.youtube.com/watch?v=34Na4j8AVgA,TheWeekndVEVO,https://www.youtube.com/channel/UCF_fDSgPpBQuh1MsUTgIARQ,2026-03-02T18:48:59.359Z,274,273.938,273.938
Alan Walker - Faded,https://music.youtube.com/watch?v=60ItHLz5WEA,Alan Walker,https://www.youtube.com/channel/UCJrOtniJ0-NWz37R30urifQ,2026-03-02T18:45:26.285Z,213,213.074,213.0
The Chainsmokers - Closer (Lyric) ft. Halsey,https://music.youtube.com/watch?v=PT2_F-1esPk,ChainsmokersVEVO,https://www.youtube.com/channel/UCRzzwLpLiUNIs6YOPe33eMg,2026-03-02T18:41:03.861Z,262,262.424,262.0
Guns N' Roses - You Could Be Mine (Visualizer),https://music.youtube.com/watch?v=6Sp1bLrBAuQ,GunsNRosesVEVO,https://www.youtube.com/channel/UCJN4c_lZorb_0eyIP_tSS3A,2026-03-02T18:30:27.621Z,344,636.24,344.0
Nickelback - Burn It To The Ground (Official Video) [HD Remaster],https://music.youtube.com/watch?v=BxgeSv88c2w,Nickelback,https://www.youtube.com/channel/UCz8FPpkJMwayyReSDLTX8IQ,2026-03-02T18:26:25.291Z,213,242.33,213.0
Shinedown - DEVIL (Official Video),https://music.youtube.com/watch?v=_AsPY1bQx70,Shinedown,https://www.youtube.com/channel/UCv7Bgr5Mq-dPYu-Ol4AocEA,2026-03-02T18:21:47.657Z,247,277.634,247.0
Three Days Grace - The Mountain (Official Video),https://music.youtube.com/watch?v=XblV5A1PlDo,ThreeDaysGraceVEVO,https://www.youtube.com/channel/UCK-VRwguZP3cokOAxI0F1HA,2026-03-02T18:18:24.573Z,203,203.084,203.0
"Metallica: Atlas, Rise! (Official Music Video)",https://music.youtube.com/watch?v=JFAcOnhcpGA,Metallica,https://www.youtube.com/channel/UCbulh9WdLtEXiooRcYK7SWw,2026-03-02T18:11:21.558Z,392,423.015,392.0
Foo Fighters - My Hero (Official HD Video),https://music.youtube.com/watch?v=EqWRaAF6_WY,foofightersVEVO,https://www.youtube.com/channel/UCGRjJrpD2bmk9Ilq6nq80qg,2026-03-02T17:14:01.235Z,243,3440.323,243.0
Volbeat - Shotgun Blues (Official Music Video),https://music.youtube.com/watch?v=snItFJlBtTc,VolbeatVEVO,https://www.youtube.com/channel/UCMS--2qqdLlCd1CpBnrcClQ,2026-03-02T17:09:08.457Z,293,292.778,292.778
Five Finger Death Punch - Welcome To The Circus (Official Music Video) - Episode 2,https://music.youtube.com/watch?v=AW5llNTnXj0,Five Finger Death Punch,https://www.youtube.com/channel/UCQjw3b3Ay5zMmEHUAxL93Rw,2026-03-02T17:03:45.659Z,316,322.798,316.0
Three Days Grace - So Called Life (Official Video),https://music.youtube.com/watch?v=7ViIny2YZH0,ThreeDaysGraceVEVO,https://www.youtube.com/channel/UCK-VRwguZP3cokOAxI0F1HA,2026-03-02T17:00:05.111Z,205,220.548,205.0
Disturbed - Stricken (Official Music Video) [4K UPGRADE],https://music.youtube.com/watch?v=I77mjesUbkw,Disturbed,https://www.youtube.com/channel/UCveWMJeHgcIUPMnFzd7Vxjg,2026-03-02T16:55:52.389Z,253,252.722,252.722
P.O.D. - Alive (Official Music Video) [4K],https://music.youtube.com/watch?v=ce2KN06dS7c,P.O.D. Videos,https://www.youtube.com/channel/UCYaelMZ6hVf8izrZY0eMWmw,2026-03-02T16:51:54.210Z,223,238.179,223.0
Foo Fighters - All My Life (Official HD Video),https://music.youtube.com/watch?v=xQ04WbgI9rg,foofightersVEVO,https://www.youtube.com/channel/UCGRjJrpD2bmk9Ilq6nq80qg,2026-03-02T16:46:54.014Z,285,300.196,285.0
Rage Against The Machine - Bulls On Parade (Official HD Video),https://music.youtube.com/watch?v=3L4YrGaR8E4,RATMVEVO,https://www.youtube.com/channel/UCFcytuxeGAHyM67L_nHDTIA,2026-03-02T16:42:29.154Z,234,264.86,234.0
Three Days Grace - Riot (Official Audio),https://music.youtube.com/watch?v=ixZDTiXiHsc,ThreeDaysGraceVEVO,https://www.youtube.com/channel/UCK-VRwguZP3cokOAxI0F1HA,2026-03-02T16:38:30.069Z,208,239.085,208.0
Bleed It Out (Official Music Video) [4K Upgrade] - Linkin Park,https://music.youtube.com/watch?v=OnuuYcqhzCE,Linkin Park,https://www.youtube.com/channel/UCZU9T1ceaOgwfLRq7OKFU4Q,2026-03-02T16:32:54.648Z,169,335.421,169.0
Avis Vox covers The Chemical Brothers 'Block Rockin' Beats' | Live Performance,https://music.youtube.com/watch?v=YNeA7V5YszY,Avis Vox,https://www.youtube.com/channel/UC6acAoF195idgVwjd4bcBZQ,2026-03-02T16:29:51.423Z,198,183.225,183.225
Skillet - Legendary (Official Video),https://music.youtube.com/watch?v=DApP8dCZOdU,Skillet,https://www.youtube.com/channel/UCE8NoMFnai3tTuwdiQJ-78A,2026-03-02T16:28:37.179Z,257,74.244,74.244
Saliva - Click Click Boom (Official Music Video),https://music.youtube.com/watch?v=YfjTZLxekig,SalivaVEVO,https://www.youtube.com/channel/UC3WA6hJjhjoiG9wU1K72Q9Q,2026-03-02T16:24:45.006Z,232,232.173,232.0
Godsmack - Bulletproof (Audio),https://music.youtube.com/watch?v=wKdOrFGojQE,GodsmackVEVO,https://www.youtube.com/channel/UC0a4ZRoauYMqgllbEbFBnaw,2026-03-02T16:21:16.795Z,178,208.211,178.0
Five Finger Death Punch - Jekyll And Hyde,https://music.youtube.com/watch?v=HCBPmxiVMKk,5FDPVEVO,https://www.youtube.com/channel/UC_fN8QapvzsTxrddAN3w9tw,2026-03-02T16:15:45.750Z,300,331.045,300.0
Alice In Chains - Man in the Box (Official Video),https://music.youtube.com/watch?v=TAqZb52sgpU,AliceInChainsVEVO,https://www.youtube.com/channel/UChf0Knt-e9Pw8VywfuTZCjA,2026-03-02T16:11:13.136Z,272,272.614,272.0
"DEF LEPPARD - ""Pour Some Sugar On Me"" (Official Music Video)",https://music.youtube.com/watch?v=0UIB9Y4OFPs,DEF LEPPARD,https://www.youtube.com/channel/UCZjBqZjGsmI5OAVsLSroaWQ,2026-03-02T16:05:46.588Z,296,326.548,296.0
Pearl Jam - Even Flow (Official Video),https://music.youtube.com/watch?v=CxKWTzr-k6s,PearljamVEVO,https://www.youtube.com/channel/UCqSQvq0K7rtRL8hX175LkMA,2026-03-02T15:59:50.072Z,326,356.516,326.0
Audioslave - Show Me How to Live (Official Video),https://music.youtube.com/watch?v=vVXIK1xCRpY,AudioslaveVEVO,https://www.youtube.com/channel/UCHc7ICbMq7vwaToJQeEtnrA,2026-03-02T15:54:31.508Z,298,318.564,298.0
Avis Vox covers The Chemical Brothers 'Block Rockin' Beats' | Live Performance,https://music.youtube.com/watch?v=YNeA7V5YszY,Avis Vox,https://www.youtube.com/channel/UC6acAoF195idgVwjd4bcBZQ,2026-03-02T05:10:25.551Z,198,38645.957,198.0
No One,https://music.youtube.com/watch?v=T6beXlrBcNs,Blond:ish - Topic,https://www.youtube.com/channel/UC3gLbGC4vhPgfzywQNY7nAw,2026-03-02T05:06:18.938Z,245,246.613,245.0
Gypsy Woman (She's Homeless) (La Da Dee La Da Da) (Radio Edit),https://music.youtube.com/watch?v=KHIgpxwdZfg,Crystal Waters - Topic,https://www.youtube.com/channel/UCCn2MdiFc57xE2HynCCESTg,2026-03-02T05:01:58.055Z,230,260.883,230.0
Charli XCX - Boom Clap (The Fault In Our Stars Soundtrack) [Official Video],https://music.youtube.com/watch?v=AOPMlIIg_38,Charli xcx,https://www.youtube.com/channel/UCOvEMf00DnwdkpOCRWdc6uA,2026-03-02T04:58:57.526Z,178,180.529,178.0
Age Of Love - The Age Of Love (Charlotte de Witte & Enrico Sangiuliano Remix)  [Official VIDEO],https://music.youtube.com/watch?v=AUSl0rtytz8,Babaorum Records ,https://www.youtube.com/channel/UCFA_n93ZeL43ned1lThhe4A,2026-03-02T04:55:17.763Z,213,219.763,213.0
Eliza Rose & Interplanetary Criminal - B.O.T.A. (Baddest Of Them All) [Official Video],https://music.youtube.com/watch?v=KtGFByAJRQQ,Eliza Rose,https://www.youtube.com/channel/UCaVHiwJ1N03YThNdMEUecZA,2026-03-02T04:51:30.065Z,227,227.698,227.0
Belong to Me,https://music.youtube.com/watch?v=KsEsF3FcYN4,Anabel Englund - Topic,https://www.youtube.com/channel/UCFfivFBqOH85zjhtQq_gqZg,2026-03-02T04:48:54.359Z,156,155.706,155.706
Sorry (with Madonna),https://music.youtube.com/watch?v=F9CMdWPFWvs,Blond:ish - Topic,https://www.youtube.com/channel/UC3gLbGC4vhPgfzywQNY7nAw,2026-03-02T04:45:56.603Z,162,177.756,162.0
HAYLA - Fall Again (Live Session),https://music.youtube.com/watch?v=fLYxcdRaCzQ,HAYLA SINGS,https://www.youtube.com/channel/UC6FclAu6T2BPl4d8T2eawFA,2026-03-02T04:42:26.633Z,210,209.97,209.97
Say It Right (Deborah De Luca Remix),https://music.youtube.com/watch?v=dfT65LjqVTg,Nelly Furtado - Topic,https://www.youtube.com/channel/UCWV94Z763GSdhLQ8WIb2JRQ,2026-03-02T04:38:32.713Z,234,233.92,233.92
Peggy Gou - (It Goes Like) Nanana - Official Video,https://music.youtube.com/watch?v=sCz5y84dwuA,Peggy Gou,https://www.youtube.com/channel/UCWd5yMFDEuSCWzTM4xuA1fg,2026-03-02T04:35:47.698Z,165,165.015,165.0
Charli xcx - 360 (official video),https://music.youtube.com/watch?v=WJW-VvmRKsE,Charli xcx,https://www.youtube.com/channel/UCOvEMf00DnwdkpOCRWdc6uA,2026-03-02T04:31:03.621Z,265,284.077,265.0
Runaway,https://music.youtube.com/watch?v=r334Uj0UPpU,Paige Cavell - Topic,https://www.youtube.com/channel/UCsXoYximYCSPJG-3JRO0D0g,2026-03-02T04:27:41.661Z,175,201.96,175.0
Bebe Rexha- I'm The Drama (Official Music Video),https://music.youtube.com/watch?v=q4AHJ22hz-E,Bebe Rexha,https://www.youtube.com/channel/UC5-gWZXAQqSGVfPHkA7NRiQ,2026-03-02T01:15:02.111Z,157,11559.55,157.0
Meet Again (ft Little Boots)  [Official Lyric Video],https://music.youtube.com/watch?v=KHvIxqLxR_g,LP Giobbi,https://www.youtube.com/channel/UCEjLlx9Gsi76cfggHDSoakQ,2026-03-02T00:55:03.625Z,226,1198.486,226.0
"MEDUZA, Becky Hill, Goodboys - Lose Control (Official Video)",https://music.youtube.com/watch?v=-3P2USPFDcE,MeduzaVEVO,https://www.youtube.com/channel/UCReWRdJWBp4q0AKSF6amdWQ,2026-03-02T00:09:05.935Z,170,2757.69,170.0
Charli xcx - Guess featuring billie eilish (official video),https://music.youtube.com/watch?v=huGd4efgdPA,Charli xcx,https://www.youtube.com/channel/UCOvEMf00DnwdkpOCRWdc6uA,2026-03-01T19:21:39.311Z,161,17246.624,161.0
BLOND:ISH & Stevie Appleton - Never Walk Alone (Official Lyric Video),https://music.youtube.com/watch?v=3dBFTf8jWYg,BLOND:ISH,https://www.youtube.com/channel/UCBJTF1uErYbDM_ZQE-pIChg,2026-03-01T19:18:20.273Z,192,199.038,192.0
Tom's Diner,https://music.youtube.com/watch?v=WCGwPuShF0c,Amal Nemer - Topic,https://www.youtube.com/channel/UCAIdg_uomPLiTZhVXOQ8SlQ,2026-03-01T19:14:49.885Z,194,210.388,194.0
CHANGE IT,https://music.youtube.com/watch?v=JaiB5IGyjOw,Deborah De Luca - Topic,https://www.youtube.com/channel/UC-yKOWx-OoRcBCVgi3JAcTQ,2026-03-01T19:07:59.560Z,380,410.325,380.0
Gabi Sklar - Miami,https://music.youtube.com/watch?v=66g4pZr_1mY,GabiSklarVEVO,https://www.youtube.com/channel/UCZmWnxTX0SfvHeW2KoQ02VA,2026-03-01T19:05:01.088Z,178,178.472,178.0
"ok, i ᐸ3 u",https://music.youtube.com/watch?v=fOVMm9eRhtI,Valeria Wolf - Topic,https://www.youtube.com/channel/UCnxCkBBU4kDRdC5md4armew,2026-03-01T19:01:35.407Z,175,205.681,175.0
The First Guy To Ever Be A Coach,https://www.youtube.com/watch?v=o1Hi-uKc83Y,Ryan George,https://www.youtube.com/channel/UCh9IfI45mmk59eDvSWtuuhQ,2026-03-01T06:34:04.711Z,287,44850.696,287.0
What Did 2025 Teach INDYCAR Drivers?,https://www.youtube.com/watch?v=6ISIczog0nI,NTT INDYCAR SERIES,https://www.youtube.com/channel/UCy1F61QvUUQXAXi2Voa_fUw,2026-03-01T05:36:07.267Z,175,3477.444,175.0
The Cheap Eats Guide to a Brooklyn Date Night,https://www.youtube.com/watch?v=vzbaudIKGLc,Great Big Story,https://www.youtube.com/channel/UCajXeitgFL-rb5-gXI-aG8Q,2026-03-01T05:32:07.859Z,611,239.408,239.408
Daughter Sees Deceased Father’s Car CLEANED For First Time Since Childhood | *EMOTIONAL REACTION*,https://www.youtube.com/watch?v=0tJZX5gwp0U,WD Detailing,https://www.youtube.com/channel/UCfP224f7wOyuEtoTh80cNkQ,2026-03-01T05:30:39.257Z,1711,88.602,88.602
4-Year-Old Ice Skates to Her Own Cover of “Golden” (K-Pop Demon Hunters),https://www.youtube.com/watch?v=3Gub3wO7LD4,Angelica Nero,https://www.youtube.com/channel/UC8DqgEaBMapyd19TQxNf-3A,2026-03-01T05:30:32.657Z,321,6.6,6.6
Good Girl Helped the Mean Boy | No One Knows Their Secret,https://www.youtube.com/watch?v=PFAGH2HmhM8,Troom Troom,https://www.youtube.com/channel/UCWwqHwqLSrdWMgp5DZG5Dzg,2026-03-01T05:30:22.163Z,866,10.494,10.494
Practice 2 Highlights | 2026 INDY NXT by Firestone Grand Prix of St. Petersburg,https://www.youtube.com/watch?v=52lC-tkRgvI,INDY NXT by Firestone,https://www.youtube.com/channel/UCSihlA2prskLkYQkHpfrxmA,2026-03-01T05:30:08.571Z,589,13.592,13.592
'We Might Win It All!' 👀 | Pato O’Ward Sets the Tone for 2026 | INDYCAR,https://www.youtube.com/watch?v=hcKM9BVd90c,NTT INDYCAR SERIES,https://www.youtube.com/channel/UCy1F61QvUUQXAXi2Voa_fUw,2026-03-01T05:29:49.653Z,265,18.918,18.918
Audioslave - Show Me How to Live (Official Video),https://music.youtube.com/watch?v=vVXIK1xCRpY,AudioslaveVEVO,https://www.youtube.com/channel/UCHc7ICbMq7vwaToJQeEtnrA,2026-02-28T00:25:28.854Z,298,104660.799,298.0
Disturbed - The Vengeful One (Official Music Video) [4K UPGRADE],https://music.youtube.com/watch?v=8nW-IPrzM1g,Disturbed,https://www.youtube.com/channel/UCveWMJeHgcIUPMnFzd7Vxjg,2026-02-28T00:21:05.346Z,263,263.508,263.0
Kickstart My Heart,https://music.youtube.com/watch?v=y5Qkk42iYQE,Mötley Crüe - Topic,https://www.youtube.com/channel/UCaeBWvnAVVgyfFT-gnWwURg,2026-02-28T00:16:06.635Z,283,298.711,283.0
Godsmack - I Stand Alone,https://music.youtube.com/watch?v=OYjZK_6i37M,GodsmackVEVO,https://www.youtube.com/channel/UC0a4ZRoauYMqgllbEbFBnaw,2026-02-28T00:11:24.446Z,282,282.189,282.0
Rob Zombie - Dragula,https://music.youtube.com/watch?v=EqQuihD0hoI,RobZombieVEVO,https://www.youtube.com/channel/UCML9SiKFG9zTgJ7d83Dslbw,2026-02-28T00:07:35.924Z,228,228.522,228.0
Limp Bizkit - Break Stuff (Official Music Video),https://music.youtube.com/watch?v=ZpUYjpKg9KY,LimpBizkitVEVO,https://www.youtube.com/channel/UCUPvo-jwM02Fp-vigFEiG2A,2026-02-28T00:04:32.780Z,168,183.144,168.0
Drowning Pool - Bodies (Official HD Music Video),https://music.youtube.com/watch?v=04F4xlWSFh0,DrowningPoolVEVO,https://www.youtube.com/channel/UCLJF_9P8YB6ijI9x8bl2N8Q,2026-02-28T00:01:02.041Z,210,210.739,210.0
"The Offspring - You're Gonna Go Far, Kid (Official Music Video)",https://music.youtube.com/watch?v=ql9-82oV2JE,OffspringVEVO,https://www.youtube.com/channel/UCF3EnnuLjeab3r8l1k2rV9g,2026-02-27T23:57:44.990Z,197,197.051,197.0
Foo Fighters - Everlong (Official HD Video),https://music.youtube.com/watch?v=eBG7P-K-r1Y,foofightersVEVO,https://www.youtube.com/channel/UCGRjJrpD2bmk9Ilq6nq80qg,2026-02-27T23:52:53.016Z,292,291.974,291.974
Alien Ant Farm - Smooth Criminal (Official Music Video),https://music.youtube.com/watch?v=CDl9ZMfj6aE,AlienAntFarmVEVO,https://www.youtube.com/channel/UCS4K7vSumGqCQp3n1U994jg,2026-02-27T23:49:19.906Z,213,213.11,213.0
AC/DC - Highway to Hell (Official Video),https://music.youtube.com/watch?v=l482T0yNkeo,acdcVEVO,https://www.youtube.com/channel/UCmPuJ2BltKsGE2966jLgCnw,2026-02-27T23:38:03.050Z,208,676.856,208.0
3 Doors Down - Kryptonite (Official Video),https://music.youtube.com/watch?v=xPU8OAjjS4k,3DoorsDownVEVO,https://www.youtube.com/channel/UCRxxOhTdsfA0hdvDG9Tb0HA,2026-02-27T23:34:07.992Z,235,235.058,235.0
Faint (Official Music Video) [4K UPGRADE] – Linkin Park,https://music.youtube.com/watch?v=LYU-8IFcDPw,Linkin Park,https://www.youtube.com/channel/UCZU9T1ceaOgwfLRq7OKFU4Q,2026-02-27T23:31:18.930Z,169,169.062,169.0
"Skillet - ""Feel Invincible"" [Official Music Video]",https://music.youtube.com/watch?v=Qzw6A2WC5Qo,Skillet,https://www.youtube.com/channel/UCE8NoMFnai3tTuwdiQJ-78A,2026-02-27T23:27:30.630Z,228,228.3,228.0
Foo Fighters - The Pretender,https://music.youtube.com/watch?v=SBjQ9tuuTJQ,foofightersVEVO,https://www.youtube.com/channel/UCGRjJrpD2bmk9Ilq6nq80qg,2026-02-27T23:22:08.540Z,271,322.09,271.0
Guns N' Roses - Welcome To The Jungle,https://music.youtube.com/watch?v=o1tj2zJ2Wvg,GunsNRosesVEVO,https://www.youtube.com/channel/UCJN4c_lZorb_0eyIP_tSS3A,2026-02-27T23:17:28.578Z,280,279.962,279.962
The Offspring - The Kids Aren't Alright (Official Music Video),https://music.youtube.com/watch?v=7iNbnineUCI,OffspringVEVO,https://www.youtube.com/channel/UCF3EnnuLjeab3r8l1k2rV9g,2026-02-27T23:14:28.272Z,180,180.306,180.0
AC/DC - Back In Black (Official 4K Video),https://music.youtube.com/watch?v=pAgnJDJN4VA,acdcVEVO,https://www.youtube.com/channel/UCmPuJ2BltKsGE2966jLgCnw,2026-02-27T23:10:07.138Z,254,261.134,254.0
Breaking Benjamin - I Will Not Bow,https://music.youtube.com/watch?v=7qrRzNidzIc,BreakingBenjaminVEVO,https://www.youtube.com/channel/UCzsKCFGWpOk9gxkOjORRkZw,2026-02-27T23:06:27.828Z,219,219.31,219.0
Animals,https://music.youtube.com/watch?v=0fZyNUikfEM,Nickelback - Topic,https://www.youtube.com/channel/UC1T4LYUer48KhKlrru13kUg,2026-02-27T23:03:20.382Z,187,187.446,187.0
Avenged Sevenfold - Hail To The King [Official Music Video],https://music.youtube.com/watch?v=DelhLppPSxY,Avenged Sevenfold,https://www.youtube.com/channel/UCFcqi7MrlzIp9RMTtUlxE8g,2026-02-27T22:58:05.636Z,314,314.746,314.0
Volbeat - A Warrior's Call (Closed-Captioned),https://music.youtube.com/watch?v=rSmtHBMjXLU,VolbeatVEVO,https://www.youtube.com/channel/UCMS--2qqdLlCd1CpBnrcClQ,2026-02-27T22:53:42.627Z,263,263.009,263.0
Disturbed - Indestructible [Official Music Video],https://music.youtube.com/watch?v=aWxBrI0g1kE,Disturbed,https://www.youtube.com/channel/UCveWMJeHgcIUPMnFzd7Vxjg,2026-02-27T22:49:10.445Z,272,272.182,272.0
Godsmack - When Legends Rise (Audio),https://music.youtube.com/watch?v=WH-E98MltJc,GodsmackVEVO,https://www.youtube.com/channel/UC0a4ZRoauYMqgllbEbFBnaw,2026-02-27T22:46:16.666Z,173,173.779,173.0
Five Finger Death Punch - Sham Pain (Official Video),https://music.youtube.com/watch?v=HbaQ9xnoMGQ,5FDPVEVO,https://www.youtube.com/channel/UC_fN8QapvzsTxrddAN3w9tw,2026-02-27T22:42:39.201Z,217,217.465,217.0
Limp Bizkit - Rollin' (Air Raid Vehicle),https://music.youtube.com/watch?v=RYnFIRc0k6E,LimpBizkitVEVO,https://www.youtube.com/channel/UCUPvo-jwM02Fp-vigFEiG2A,2026-02-27T22:38:35.547Z,243,243.654,243.0
Three Days Grace - Animal I Have Become (Official Video),https://music.youtube.com/watch?v=xqds0B_meys,ThreeDaysGraceVEVO,https://www.youtube.com/channel/UCK-VRwguZP3cokOAxI0F1HA,2026-02-27T22:34:43.993Z,231,231.554,231.0
I Miss the Misery,https://music.youtube.com/watch?v=hComisqDS1I,Halestorm - Topic,https://www.youtube.com/channel/UC5lcF1AOTeSEbeEPtfywewg,2026-02-27T22:31:08.745Z,184,215.248,184.0
Don't Stay,https://music.youtube.com/watch?v=O1WAuqn9t0o,Linkin Park - Topic,https://www.youtube.com/channel/UCxgN32UVVztKAQd2HkXzBtw,2026-02-27T22:28:00.106Z,188,188.639,188.0
Eat You Alive,https://music.youtube.com/watch?v=Npg2PtVV2I0,Limp Bizkit - Topic,https://www.youtube.com/channel/UCXe06VQdj4l_LyuUGh__DQg,2026-02-27T22:17:39.199Z,237,620.907,237.0
Asylum,https://music.youtube.com/watch?v=OzQiidY4agg,Disturbed - Topic,https://www.youtube.com/channel/UCMHHDXMvnMKRzuEKtMe8ZRA,2026-02-27T22:13:02.238Z,277,276.961,276.961
Hero,https://music.youtube.com/watch?v=EDNZ2zubuKg,Skillet - Topic,https://www.youtube.com/channel/UCUHYrf3BF5yI9QdRw09__BA,2026-02-27T22:09:54.703Z,187,187.535,187.0
Breaking the Habit,https://music.youtube.com/watch?v=_e7bqZGPyFI,Linkin Park - Topic,https://www.youtube.com/channel/UCxgN32UVVztKAQd2HkXzBtw,2026-02-27T22:06:37.980Z,197,196.723,196.723
Headstrong,https://music.youtube.com/watch?v=jtpfIwoV3DU,Trapt - Topic,https://www.youtube.com/channel/UCVuiAIW8LBJrJVFlSm3TVAA,2026-02-27T22:01:51.364Z,286,286.616,286.0
By a Monster’s Hand,https://music.youtube.com/watch?v=_UzSInQXyNQ,Volbeat - Topic,https://www.youtube.com/channel/UC5p42RKUQutsl7bDxFrCHKw,2026-02-27T21:58:07.799Z,223,223.565,223.0
The Light,https://music.youtube.com/watch?v=gwzDPVTRklQ,Disturbed - Topic,https://www.youtube.com/channel/UCMHHDXMvnMKRzuEKtMe8ZRA,2026-02-27T21:53:19.765Z,257,288.034,257.0
Psycho,https://music.youtube.com/watch?v=TDWT4GdMzy0,Puddle of Mudd - Topic,https://www.youtube.com/channel/UCy5z9kIPyuoTkd95dNxpRkA,2026-02-27T21:49:48.410Z,211,211.355,211.0
Full Nelson,https://music.youtube.com/watch?v=zsX0zHB4LwE,Limp Bizkit - Topic,https://www.youtube.com/channel/UCXe06VQdj4l_LyuUGh__DQg,2026-02-27T21:45:40.422Z,248,247.988,247.988
Something in Your Mouth,https://music.youtube.com/watch?v=gO_gwBXTkg8,Nickelback - Topic,https://www.youtube.com/channel/UC1T4LYUer48KhKlrru13kUg,2026-02-27T21:42:00.397Z,220,220.025,220.0
In the End,https://music.youtube.com/watch?v=BLZWkjBXfN8,Linkin Park - Topic,https://www.youtube.com/channel/UCxgN32UVVztKAQd2HkXzBtw,2026-02-27T21:27:35.626Z,217,864.771,217.0
Learn to Fly,https://music.youtube.com/watch?v=HJMLLKgknvk,Foo Fighters - Topic,https://www.youtube.com/channel/UCwDw2KaS8jRUxAPScL2U8og,2026-02-27T21:23:39.602Z,236,236.024,236.0
Shepherd of Fire,https://music.youtube.com/watch?v=FDNiE5CKuSw,Avenged Sevenfold - Topic,https://www.youtube.com/channel/UCJls2FMEbRYxi28jcuKe2vA,2026-02-27T21:17:59.868Z,324,339.734,324.0
Savin' Me,https://music.youtube.com/watch?v=AJTJzc-HAEE,Nickelback - Topic,https://www.youtube.com/channel/UC1T4LYUer48KhKlrru13kUg,2026-02-27T21:14:19.926Z,220,219.942,219.942
With You,https://music.youtube.com/watch?v=lF4AQzguAR8,Linkin Park - Topic,https://www.youtube.com/channel/UCxgN32UVVztKAQd2HkXzBtw,2026-02-27T21:10:40.568Z,204,219.358,204.0
Driven Under,https://music.youtube.com/watch?v=iFRLbzyrzZI,Seether - Topic,https://www.youtube.com/channel/UCkaUo9_prasM6xGgpZjXFJQ,2026-02-27T21:06:07.086Z,273,273.482,273.0
The Night,https://music.youtube.com/watch?v=QPG-NZr3ilk,Disturbed - Topic,https://www.youtube.com/channel/UCMHHDXMvnMKRzuEKtMe8ZRA,2026-02-27T21:01:04.912Z,286,302.174,286.0
If Everyone Cared,https://music.youtube.com/watch?v=gXtBTvrWiog,Nickelback - Topic,https://www.youtube.com/channel/UC1T4LYUer48KhKlrru13kUg,2026-02-27T20:57:26.240Z,219,218.672,218.672
Numb,https://music.youtube.com/watch?v=dxp9w9Ggehc,Linkin Park - Topic,https://www.youtube.com/channel/UCxgN32UVVztKAQd2HkXzBtw,2026-02-27T20:54:18.032Z,188,188.208,188.0
Best of You,https://music.youtube.com/watch?v=L6SIgRlijmU,Foo Fighters - Topic,https://www.youtube.com/channel/UCwDw2KaS8jRUxAPScL2U8og,2026-02-27T20:49:46.499Z,256,271.533,256.0
Break,https://music.youtube.com/watch?v=3K7l8-GmkVw,Three Days Grace - Topic,https://www.youtube.com/channel/UCfgRkxIufLnYKicOY8aJQ2g,2026-02-27T20:46:32.721Z,194,193.778,193.778
Remedy,https://music.youtube.com/watch?v=V8Ffhvjl46E,Seether - Topic,https://www.youtube.com/channel/UCkaUo9_prasM6xGgpZjXFJQ,2026-02-27T19:11:55.134Z,208,5677.587,208.0
Awaken,https://music.youtube.com/watch?v=UkafjN76VFo,Breaking Benjamin - Topic,https://www.youtube.com/channel/UCgdqrZsRnxy1qGIusPhQEyg,2026-02-27T18:14:29.178Z,219,3445.956,219.0
New Divide,https://music.youtube.com/watch?v=GVakVXR1RIg,Linkin Park - Topic,https://www.youtube.com/channel/UCxgN32UVVztKAQd2HkXzBtw,2026-02-27T18:09:58.690Z,270,270.488,270.0
Far Away,https://music.youtube.com/watch?v=umdZ_lTbwk4,Nickelback - Topic,https://www.youtube.com/channel/UC1T4LYUer48KhKlrru13kUg,2026-02-27T18:05:59.862Z,239,238.828,238.828
Second Chance,https://music.youtube.com/watch?v=kOFVsn6U9L8,Shinedown - Topic,https://www.youtube.com/channel/UCaWl0HHyhwtrtfVw4bN2wJA,2026-02-27T18:02:01.878Z,223,237.984,223.0
Surrender,https://music.youtube.com/watch?v=qT-iRDrdG6Y,Godsmack - Topic,https://www.youtube.com/channel/UCAekf1Wstvqk5LeNNHuMlDg,2026-02-27T17:58:20.364Z,221,221.514,221.0
I Am Machine,https://music.youtube.com/watch?v=iL9yYc68MY8,Three Days Grace - Topic,https://www.youtube.com/channel/UCfgRkxIufLnYKicOY8aJQ2g,2026-02-27T17:54:59.566Z,201,200.798,200.798
Hey You,https://music.youtube.com/watch?v=8E9TUT0f8UY,Disturbed - Topic,https://www.youtube.com/channel/UCMHHDXMvnMKRzuEKtMe8ZRA,2026-02-27T17:50:30.358Z,269,269.208,269.0
Blurry,https://music.youtube.com/watch?v=ui-TR4U9WOs,Puddle of Mudd - Topic,https://www.youtube.com/channel/UCy5z9kIPyuoTkd95dNxpRkA,2026-02-27T17:45:25.592Z,304,304.766,304.0
BURN IT DOWN,https://music.youtube.com/watch?v=vIOO_7DLr3M,Linkin Park - Topic,https://www.youtube.com/channel/UCxgN32UVVztKAQd2HkXzBtw,2026-02-27T17:41:34.639Z,231,230.953,230.953
She Keeps Me Up,https://music.youtube.com/watch?v=SgmM3m3MHUc,Nickelback - Topic,https://www.youtube.com/channel/UC1T4LYUer48KhKlrru13kUg,2026-02-27T17:37:36.362Z,238,238.277,238.0
Times Like These,https://music.youtube.com/watch?v=EpRPOTh1KUg,Foo Fighters - Topic,https://www.youtube.com/channel/UCwDw2KaS8jRUxAPScL2U8og,2026-02-27T17:33:10.054Z,266,266.308,266.0
Unstoppable,https://music.youtube.com/watch?v=htUtpfPYrNE,Disturbed - Topic,https://www.youtube.com/channel/UCMHHDXMvnMKRzuEKtMe8ZRA,2026-02-27T17:29:11.227Z,239,238.827,238.827
Pain,https://music.youtube.com/watch?v=h74nkELyHhM,Three Days Grace - Topic,https://www.youtube.com/channel/UCfgRkxIufLnYKicOY8aJQ2g,2026-02-27T17:25:47.624Z,203,203.603,203.0
"Afterlife (from the Netflix Series ""Devil May Cry"")",https://music.youtube.com/watch?v=fLc4FbhLqgE,Evanescence - Topic,https://www.youtube.com/channel/UC1ObIyFsDJn62iAZYLWcNxA,2026-02-27T17:21:36.911Z,250,250.713,250.0
Sound of Madness,https://music.youtube.com/watch?v=gqM8S4geS5w,Shinedown - Topic,https://www.youtube.com/channel/UCaWl0HHyhwtrtfVw4bN2wJA,2026-02-27T17:17:42.209Z,234,234.702,234.0
What I've Done,https://music.youtube.com/watch?v=Jrprk5dNboI,Linkin Park - Topic,https://www.youtube.com/channel/UCxgN32UVVztKAQd2HkXzBtw,2026-02-27T17:14:16.044Z,206,206.165,206.0
Mayday,https://music.youtube.com/watch?v=AL5BJZBgalY,Three Days Grace - Topic,https://www.youtube.com/channel/UCfgRkxIufLnYKicOY8aJQ2g,2026-02-27T17:10:52.010Z,204,204.034,204.0
How You Remind Me,https://music.youtube.com/watch?v=vkvrbbtnp6s,Nickelback - Topic,https://www.youtube.com/channel/UC1T4LYUer48KhKlrru13kUg,2026-02-27T17:07:07.431Z,224,224.579,224.0
The Reason,https://music.youtube.com/watch?v=qQ0zxuWFxrY,Hoobastank - Topic,https://www.youtube.com/channel/UCApYZt0aLG30DTt0g4yKLmw,2026-02-27T17:03:00.530Z,233,246.901,233.0
Somewhere I Belong,https://music.youtube.com/watch?v=MFmhftOjiA8,Linkin Park - Topic,https://www.youtube.com/channel/UCxgN32UVVztKAQd2HkXzBtw,2026-02-27T16:59:25.713Z,215,214.817,214.817
I Will Not Break,https://music.youtube.com/watch?v=y-Yy0Kpng7M,Disturbed - Topic,https://www.youtube.com/channel/UCMHHDXMvnMKRzuEKtMe8ZRA,2026-02-27T16:54:32.897Z,293,292.816,292.816
When I'm Gone,https://music.youtube.com/watch?v=Gt4xZnBBOHQ,3 Doors Down - Topic,https://www.youtube.com/channel/UC9eiPNoDEg2Ji4ESvq3IPXA,2026-02-27T16:50:11.773Z,261,261.124,261.0
Pop Evil - Eye of the Storm (Official Music Video),https://music.youtube.com/watch?v=U9jGRtmCsNQ,PopEvilVEVO,https://www.youtube.com/channel/UCpIRqGRf10E6p5osa4rioXw,2026-02-27T16:46:09.735Z,242,242.038,242.0
Ayron Jones - Take Me Away (Lyric Video),https://music.youtube.com/watch?v=t72TJLL23nY,AyronJonesVEVO,https://www.youtube.com/channel/UCPV07IrDjp1TO5xtLTW9ueg,2026-02-27T16:41:56.929Z,253,252.806,252.806
Saint Asonia - Above It All,https://music.youtube.com/watch?v=tYmWabIC_QY,SaintAsoniaVEVO,https://www.youtube.com/channel/UCIyKYqw7pDuW__evE91YTAg,2026-02-27T16:38:08.623Z,228,228.306,228.0
Pop Evil - Be Legendary (Official Music Video),https://music.youtube.com/watch?v=8Xs-wzsjcKk,PopEvilVEVO,https://www.youtube.com/channel/UCpIRqGRf10E6p5osa4rioXw,2026-02-27T16:33:53.311Z,255,255.312,255.0
Move,https://music.youtube.com/watch?v=Q7k4QCAtgjE,Thousand Foot Krutch - Topic,https://www.youtube.com/channel/UC_o4Fz0kJt1pY-45KT10BEA,2026-02-27T16:30:24.005Z,209,209.306,209.0
Bad Wolves - If Tomorrow Never Comes (Official Music Video),https://music.youtube.com/watch?v=WOGBXY9sGos,Better Noise Music,https://www.youtube.com/channel/UCqh8RdUfSR9lGyasBhM_bjA,2026-02-27T16:27:01.423Z,202,202.582,202.0
Disturbed - Warrior [Official Audio],https://music.youtube.com/watch?v=O-1Q25kb-2w,Disturbed,https://www.youtube.com/channel/UCveWMJeHgcIUPMnFzd7Vxjg,2026-02-27T16:15:55.697Z,205,665.726,205.0
Staind - For You (Official Video),https://music.youtube.com/watch?v=JT8bhhDCPQc,Staind Videos,https://www.youtube.com/channel/UCuO6aLbv0QPJ8UAzrLcq1nQ,2026-02-27T16:12:16.049Z,219,219.648,219.0
Seether - Bruised And Bloodied (Official Music Video),https://music.youtube.com/watch?v=RbslF7GISf0,SeetherVEVO,https://www.youtube.com/channel/UC2lkUzsiOARl3nwZDeZus3g,2026-02-27T16:08:36.649Z,219,219.4,219.0
Pop Evil - Breathe Again (Official Music Video),https://music.youtube.com/watch?v=A8fW4raUopI,PopEvilVEVO,https://www.youtube.com/channel/UCpIRqGRf10E6p5osa4rioXw,2026-02-27T16:05:11.259Z,205,205.39,205.0
Stone Temple Pilots - Wicked Garden (Official Music Video),https://music.youtube.com/watch?v=2oPeZFOpPAM,Stone Temple Pilots,https://www.youtube.com/channel/UCocfdCiKujljqcGC-STMsCQ,2026-02-27T16:01:05.837Z,245,245.422,245.0
Shinedown - Planet Zero,https://music.youtube.com/watch?v=VRMqCGkI15A,Shinedown,https://www.youtube.com/channel/UCv7Bgr5Mq-dPYu-Ol4AocEA,2026-02-27T15:57:22.423Z,223,223.414,223.0
Staind - Mudshovel (Official Video),https://music.youtube.com/watch?v=FuAC9YIC2Bs,Staind Videos,https://www.youtube.com/channel/UCuO6aLbv0QPJ8UAzrLcq1nQ,2026-02-26T23:14:23.053Z,281,60179.37,281.0
Metallica: Fuel (Official Music Video),https://music.youtube.com/watch?v=G1cjHbXdU0s,Metallica,https://www.youtube.com/channel/UCbulh9WdLtEXiooRcYK7SWw,2026-02-26T23:09:30.227Z,277,292.826,277.0
Pop Evil - Waking Lions,https://music.youtube.com/watch?v=DOhsP6F2RmQ,PopEvilVEVO,https://www.youtube.com/channel/UCpIRqGRf10E6p5osa4rioXw,2026-02-26T23:05:37.495Z,232,232.732,232.0
P.O.D. - Boom (Official Music Video) [HD],https://music.youtube.com/watch?v=lYHA_7vxrgc,P.O.D. Videos,https://www.youtube.com/channel/UCYaelMZ6hVf8izrZY0eMWmw,2026-02-26T23:02:11.981Z,190,205.514,190.0
Godsmack - Whatever,https://music.youtube.com/watch?v=ME3Ahe8z16k,GodsmackVEVO,https://www.youtube.com/channel/UC0a4ZRoauYMqgllbEbFBnaw,2026-02-26T22:58:42.870Z,209,209.111,209.0
Judas,https://music.youtube.com/watch?v=PitJAQg_pBQ,Fozzy - Topic,https://www.youtube.com/channel/UCYlZBIXvhzDhZwEiXVqOHfA,2026-02-26T22:54:31.541Z,251,251.329,251.0
Breaking Benjamin - Torn in Two (Official Video),https://music.youtube.com/watch?v=sn3Ct2_L4OA,BreakingBenjaminVEVO,https://www.youtube.com/channel/UCzsKCFGWpOk9gxkOjORRkZw,2026-02-26T22:49:49.100Z,267,282.441,267.0
Rev Theory - Hell Yeah,https://music.youtube.com/watch?v=7LuSP4QaXiQ,RevTheoryVEVO,https://www.youtube.com/channel/UCHHJrdLv7EcJ83UWrzhtxxg,2026-02-26T22:27:52.358Z,257,1316.742,257.0
Bush - Machinehead,https://music.youtube.com/watch?v=5WPbqYoz9HA,BushVEVO,https://www.youtube.com/channel/UCoXOrC2tqxpIMYnQvbdONtQ,2026-02-26T22:23:35.090Z,257,257.268,257.0
Halestorm - Freak Like Me [Official Video],https://music.youtube.com/watch?v=4sXoA7B5yJo,Halestorm,https://www.youtube.com/channel/UCjPsvugkwOr9oOk8D7icstQ,2026-02-26T22:19:16.330Z,228,258.76,228.0
Nine Inch Nails - The Hand That Feeds,https://music.youtube.com/watch?v=xwhBRJStz7w,NineInchNailsVEVO,https://www.youtube.com/channel/UCeQAnhVwklc7uo0cpMGqBiA,2026-02-26T22:15:33.548Z,223,222.782,222.782
Shinedown - Bully (Official Video),https://music.youtube.com/watch?v=Y7NVxAMQn_I,Shinedown,https://www.youtube.com/channel/UCv7Bgr5Mq-dPYu-Ol4AocEA,2026-02-26T22:10:53.264Z,250,280.284,250.0
Five Finger Death Punch - AfterLife (Official Lyric Video),https://music.youtube.com/watch?v=Yj4h3NI1vUQ,Five Finger Death Punch,https://www.youtube.com/channel/UCQjw3b3Ay5zMmEHUAxL93Rw,2026-02-26T22:06:48.616Z,244,244.648,244.0
Seether - Fake It,https://music.youtube.com/watch?v=gy8HPSIFXEM,SeetherVEVO,https://www.youtube.com/channel/UC2lkUzsiOARl3nwZDeZus3g,2026-02-26T22:02:56.377Z,202,232.239,202.0
Volbeat - Leviathan,https://music.youtube.com/watch?v=siIaaBIVbZE,VolbeatVEVO,https://www.youtube.com/channel/UCMS--2qqdLlCd1CpBnrcClQ,2026-02-26T21:58:15.511Z,281,280.866,280.866
Disturbed - Are You Ready [Official Music Video],https://music.youtube.com/watch?v=55NJzOSuKuY,Disturbed,https://www.youtube.com/channel/UCveWMJeHgcIUPMnFzd7Vxjg,2026-02-26T21:53:47.149Z,268,268.362,268.0
Rage Against The Machine - Sleep Now in the Fire (Official HD Video),https://music.youtube.com/watch?v=kl4wkIPiTcY,RATMVEVO,https://www.youtube.com/channel/UCFcytuxeGAHyM67L_nHDTIA,2026-02-26T21:49:36.905Z,235,250.244,235.0
Theory of a Deadman - Bad Girlfriend [OFFICIAL VIDEO],https://music.youtube.com/watch?v=9YrWsmlJSiw,THEORY,https://www.youtube.com/channel/UCcFUPGt_tgcP5iMxiBDsXoA,2026-02-26T21:46:08.883Z,208,208.022,208.0
Chevelle - Send the Pain Below (Official HD Video),https://music.youtube.com/watch?v=gpyRI1j9t6c,ChevelleVEVO,https://www.youtube.com/channel/UCTi7MZD2HjG9J8DBl6qXvNA,2026-02-26T21:41:53.537Z,255,255.346,255.0
Sick Puppies - You're Going Down (Official Video),https://music.youtube.com/watch?v=liW-kWFiXtQ,SickPuppiesVEVO,https://www.youtube.com/channel/UCH-G_MCcuLa3PCdZayDB7XA,2026-02-26T21:38:31.994Z,186,201.543,186.0
Guns N' Roses - You Could Be Mine (Visualizer),https://music.youtube.com/watch?v=6Sp1bLrBAuQ,GunsNRosesVEVO,https://www.youtube.com/channel/UCJN4c_lZorb_0eyIP_tSS3A,2026-02-26T20:48:15.242Z,344,3016.752,344.0
Nickelback - Burn It To The Ground (Official Video) [HD Remaster],https://music.youtube.com/watch?v=BxgeSv88c2w,Nickelback,https://www.youtube.com/channel/UCz8FPpkJMwayyReSDLTX8IQ,2026-02-26T20:44:42.094Z,213,213.148,213.0
Shinedown - DEVIL (Official Video),https://music.youtube.com/watch?v=_AsPY1bQx70,Shinedown,https://www.youtube.com/channel/UCv7Bgr5Mq-dPYu-Ol4AocEA,2026-02-26T20:40:19.621Z,247,262.473,247.0
Three Days Grace - The Mountain (Official Video),https://music.youtube.com/watch?v=XblV5A1PlDo,ThreeDaysGraceVEVO,https://www.youtube.com/channel/UCK-VRwguZP3cokOAxI0F1HA,2026-02-26T20:36:41.391Z,203,218.23,203.0
"Metallica: Atlas, Rise! (Official Music Video)",https://music.youtube.com/watch?v=JFAcOnhcpGA,Metallica,https://www.youtube.com/channel/UCbulh9WdLtEXiooRcYK7SWw,2026-02-26T20:29:53.643Z,392,407.748,392.0
Foo Fighters - My Hero (Official HD Video),https://music.youtube.com/watch?v=EqWRaAF6_WY,foofightersVEVO,https://www.youtube.com/channel/UCGRjJrpD2bmk9Ilq6nq80qg,2026-02-26T20:25:50.331Z,243,243.312,243.0
Volbeat - Shotgun Blues (Official Music Video),https://music.youtube.com/watch?v=snItFJlBtTc,VolbeatVEVO,https://www.youtube.com/channel/UCMS--2qqdLlCd1CpBnrcClQ,2026-02-26T20:20:57.522Z,293,292.809,292.809
Five Finger Death Punch - Welcome To The Circus (Official Music Video) - Episode 2,https://music.youtube.com/watch?v=AW5llNTnXj0,Five Finger Death Punch,https://www.youtube.com/channel/UCQjw3b3Ay5zMmEHUAxL93Rw,2026-02-26T20:15:25.979Z,316,331.543,316.0
Three Days Grace - So Called Life (Official Video),https://music.youtube.com/watch?v=7ViIny2YZH0,ThreeDaysGraceVEVO,https://www.youtube.com/channel/UCK-VRwguZP3cokOAxI0F1HA,2026-02-26T20:02:01.989Z,205,803.99,205.0
Disturbed - Stricken (Official Music Video) [4K UPGRADE],https://music.youtube.com/watch?v=I77mjesUbkw,Disturbed,https://www.youtube.com/channel/UCveWMJeHgcIUPMnFzd7Vxjg,2026-02-26T19:57:49.267Z,253,252.722,252.722
P.O.D. - Alive (Official Music Video) [4K],https://music.youtube.com/watch?v=ce2KN06dS7c,P.O.D. Videos,https://www.youtube.com/channel/UCYaelMZ6hVf8izrZY0eMWmw,2026-02-26T19:53:51.157Z,223,238.11,223.0
Foo Fighters - All My Life (Official HD Video),https://music.youtube.com/watch?v=xQ04WbgI9rg,foofightersVEVO,https://www.youtube.com/channel/UCGRjJrpD2bmk9Ilq6nq80qg,2026-02-26T19:49:06.248Z,285,284.909,284.909
Rage Against The Machine - Bulls On Parade (Official HD Video),https://music.youtube.com/watch?v=3L4YrGaR8E4,RATMVEVO,https://www.youtube.com/channel/UCFcytuxeGAHyM67L_nHDTIA,2026-02-26T19:45:11.854Z,234,234.394,234.0
Three Days Grace - Riot (Official Audio),https://music.youtube.com/watch?v=ixZDTiXiHsc,ThreeDaysGraceVEVO,https://www.youtube.com/channel/UCK-VRwguZP3cokOAxI0F1HA,2026-02-26T19:41:27.892Z,208,223.962,208.0
Bleed It Out (Official Music Video) [4K Upgrade] - Linkin Park,https://music.youtube.com/watch?v=OnuuYcqhzCE,Linkin Park,https://www.youtube.com/channel/UCZU9T1ceaOgwfLRq7OKFU4Q,2026-02-26T19:38:38.672Z,169,169.22,169.0
Skillet - Legendary (Official Video),https://music.youtube.com/watch?v=DApP8dCZOdU,Skillet,https://www.youtube.com/channel/UCE8NoMFnai3tTuwdiQJ-78A,2026-02-26T19:34:14.843Z,257,263.829,257.0
Saliva - Click Click Boom (Official Music Video),https://music.youtube.com/watch?v=YfjTZLxekig,SalivaVEVO,https://www.youtube.com/channel/UC3WA6hJjhjoiG9wU1K72Q9Q,2026-02-26T19:30:22.890Z,232,231.953,231.953
Godsmack - Bulletproof (Audio),https://music.youtube.com/watch?v=wKdOrFGojQE,GodsmackVEVO,https://www.youtube.com/channel/UC0a4ZRoauYMqgllbEbFBnaw,2026-02-26T19:27:25.288Z,178,177.602,177.602
Five Finger Death Punch - Jekyll And Hyde,https://music.youtube.com/watch?v=HCBPmxiVMKk,5FDPVEVO,https://www.youtube.com/channel/UC_fN8QapvzsTxrddAN3w9tw,2026-02-26T19:22:06.362Z,300,318.926,300.0
Alice In Chains - Man in the Box (Official Video),https://music.youtube.com/watch?v=TAqZb52sgpU,AliceInChainsVEVO,https://www.youtube.com/channel/UChf0Knt-e9Pw8VywfuTZCjA,2026-02-26T19:17:33.902Z,272,272.46,272.0
"DEF LEPPARD - ""Pour Some Sugar On Me"" (Official Music Video)",https://music.youtube.com/watch?v=0UIB9Y4OFPs,DEF LEPPARD,https://www.youtube.com/channel/UCZjBqZjGsmI5OAVsLSroaWQ,2026-02-26T19:12:37.690Z,296,296.212,296.0
Pearl Jam - Even Flow (Official Video),https://music.youtube.com/watch?v=CxKWTzr-k6s,PearljamVEVO,https://www.youtube.com/channel/UCqSQvq0K7rtRL8hX175LkMA,2026-02-26T19:06:56.379Z,326,341.311,326.0
Audioslave - Show Me How to Live (Official Video),https://music.youtube.com/watch?v=vVXIK1xCRpY,AudioslaveVEVO,https://www.youtube.com/channel/UCHc7ICbMq7vwaToJQeEtnrA,2026-02-26T19:01:58.651Z,298,297.728,297.728
Disturbed - The Vengeful One (Official Music Video) [4K UPGRADE],https://music.youtube.com/watch?v=8nW-IPrzM1g,Disturbed,https://www.youtube.com/channel/UCveWMJeHgcIUPMnFzd7Vxjg,2026-02-26T18:57:35.283Z,263,263.368,263.0
Kickstart My Heart,https://music.youtube.com/watch?v=y5Qkk42iYQE,Mötley Crüe - Topic,https://www.youtube.com/channel/UCaeBWvnAVVgyfFT-gnWwURg,2026-02-26T18:52:36.799Z,283,298.484,283.0
Godsmack - I Stand Alone,https://music.youtube.com/watch?v=OYjZK_6i37M,GodsmackVEVO,https://www.youtube.com/channel/UC0a4ZRoauYMqgllbEbFBnaw,2026-02-26T18:47:54.816Z,282,281.983,281.983
Rob Zombie - Dragula,https://music.youtube.com/watch?v=EqQuihD0hoI,RobZombieVEVO,https://www.youtube.com/channel/UCML9SiKFG9zTgJ7d83Dslbw,2026-02-26T18:44:06.476Z,228,228.34,228.0
Limp Bizkit - Break Stuff (Official Music Video),https://music.youtube.com/watch?v=ZpUYjpKg9KY,LimpBizkitVEVO,https://www.youtube.com/channel/UCUPvo-jwM02Fp-vigFEiG2A,2026-02-26T18:41:03.248Z,168,183.228,168.0
Drowning Pool - Bodies (Official HD Music Video),https://music.youtube.com/watch?v=04F4xlWSFh0,DrowningPoolVEVO,https://www.youtube.com/channel/UCLJF_9P8YB6ijI9x8bl2N8Q,2026-02-26T18:37:32.670Z,210,210.578,210.0
"The Offspring - You're Gonna Go Far, Kid (Official Music Video)",https://music.youtube.com/watch?v=ql9-82oV2JE,OffspringVEVO,https://www.youtube.com/channel/UCF3EnnuLjeab3r8l1k2rV9g,2026-02-26T18:34:15.760Z,197,196.91,196.91
Foo Fighters - Everlong (Official HD Video),https://music.youtube.com/watch?v=eBG7P-K-r1Y,foofightersVEVO,https://www.youtube.com/channel/UCGRjJrpD2bmk9Ilq6nq80qg,2026-02-26T18:29:23.946Z,292,291.814,291.814
Alien Ant Farm - Smooth Criminal (Official Music Video),https://music.youtube.com/watch?v=CDl9ZMfj6aE,AlienAntFarmVEVO,https://www.youtube.com/channel/UCS4K7vSumGqCQp3n1U994jg,2026-02-26T18:25:35.538Z,213,228.408,213.0
AC/DC - Highway to Hell (Official Video),https://music.youtube.com/watch?v=l482T0yNkeo,acdcVEVO,https://www.youtube.com/channel/UCmPuJ2BltKsGE2966jLgCnw,2026-02-26T18:22:07.832Z,208,207.706,207.706
3 Doors Down - Kryptonite (Official Video),https://music.youtube.com/watch?v=xPU8OAjjS4k,3DoorsDownVEVO,https://www.youtube.com/channel/UCRxxOhTdsfA0hdvDG9Tb0HA,2026-02-26T18:18:13.003Z,235,234.829,234.829
Faint (Official Music Video) [4K UPGRADE] – Linkin Park,https://music.youtube.com/watch?v=LYU-8IFcDPw,Linkin Park,https://www.youtube.com/channel/UCZU9T1ceaOgwfLRq7OKFU4Q,2026-02-26T18:15:09.002Z,169,184.001,169.0
"Skillet - ""Feel Invincible"" [Official Music Video]",https://music.youtube.com/watch?v=Qzw6A2WC5Qo,Skillet,https://www.youtube.com/channel/UCE8NoMFnai3tTuwdiQJ-78A,2026-02-26T17:56:06.816Z,228,1142.186,228.0
Foo Fighters - The Pretender,https://music.youtube.com/watch?v=SBjQ9tuuTJQ,foofightersVEVO,https://www.youtube.com/channel/UCGRjJrpD2bmk9Ilq6nq80qg,2026-02-26T17:51:35.833Z,271,270.983,270.983
Guns N' Roses - Welcome To The Jungle,https://music.youtube.com/watch?v=o1tj2zJ2Wvg,GunsNRosesVEVO,https://www.youtube.com/channel/UCJN4c_lZorb_0eyIP_tSS3A,2026-02-26T17:46:40.615Z,280,295.218,280.0
The Offspring - The Kids Aren't Alright (Official Music Video),https://music.youtube.com/watch?v=7iNbnineUCI,OffspringVEVO,https://www.youtube.com/channel/UCF3EnnuLjeab3r8l1k2rV9g,2026-02-26T17:43:09.886Z,180,210.729,180.0
AC/DC - Back In Black (Official 4K Video),https://music.youtube.com/watch?v=pAgnJDJN4VA,acdcVEVO,https://www.youtube.com/channel/UCmPuJ2BltKsGE2966jLgCnw,2026-02-26T17:38:39.933Z,254,269.953,254.0
Breaking Benjamin - I Will Not Bow,https://music.youtube.com/watch?v=7qrRzNidzIc,BreakingBenjaminVEVO,https://www.youtube.com/channel/UCzsKCFGWpOk9gxkOjORRkZw,2026-02-26T17:34:45.649Z,219,234.284,219.0
Animals,https://music.youtube.com/watch?v=0fZyNUikfEM,Nickelback - Topic,https://www.youtube.com/channel/UC1T4LYUer48KhKlrru13kUg,2026-02-26T17:31:38.508Z,187,187.141,187.0
Avenged Sevenfold - Hail To The King [Official Music Video],https://music.youtube.com/watch?v=DelhLppPSxY,Avenged Sevenfold,https://www.youtube.com/channel/UCFcqi7MrlzIp9RMTtUlxE8g,2026-02-26T17:26:08.737Z,314,329.771,314.0
Volbeat - A Warrior's Call (Closed-Captioned),https://music.youtube.com/watch?v=rSmtHBMjXLU,VolbeatVEVO,https://www.youtube.com/channel/UCMS--2qqdLlCd1CpBnrcClQ,2026-02-26T17:21:45.874Z,263,262.863,262.863
Disturbed - Indestructible [Official Music Video],https://music.youtube.com/watch?v=aWxBrI0g1kE,Disturbed,https://www.youtube.com/channel/UCveWMJeHgcIUPMnFzd7Vxjg,2026-02-26T17:16:58.741Z,272,287.133,272.0
Godsmack - When Legends Rise (Audio),https://music.youtube.com/watch?v=WH-E98MltJc,GodsmackVEVO,https://www.youtube.com/channel/UC0a4ZRoauYMqgllbEbFBnaw,2026-02-26T17:14:05.255Z,173,173.486,173.0
Five Finger Death Punch - Sham Pain (Official Video),https://music.youtube.com/watch?v=HbaQ9xnoMGQ,5FDPVEVO,https://www.youtube.com/channel/UC_fN8QapvzsTxrddAN3w9tw,2026-02-26T17:10:28.046Z,217,217.209,217.0
Limp Bizkit - Rollin' (Air Raid Vehicle),https://music.youtube.com/watch?v=RYnFIRc0k6E,LimpBizkitVEVO,https://www.youtube.com/channel/UCUPvo-jwM02Fp-vigFEiG2A,2026-02-26T17:06:08.460Z,243,259.586,243.0
Three Days Grace - Animal I Have Become (Official Video),https://music.youtube.com/watch?v=xqds0B_meys,ThreeDaysGraceVEVO,https://www.youtube.com/channel/UCK-VRwguZP3cokOAxI0F1HA,2026-02-26T17:02:17.116Z,231,231.344,231.0
One Step Closer [Official HD Music Video] - Linkin Park,https://music.youtube.com/watch?v=4qlCC1GOwFw,Linkin Park,https://www.youtube.com/channel/UCZU9T1ceaOgwfLRq7OKFU4Q,2026-02-26T16:59:19.870Z,177,177.246,177.0
Where Are You,https://music.youtube.com/watch?v=CGiQYnIGaRQ,Abel York - Topic,https://www.youtube.com/channel/UCtTCRnkVAnTvkDWUQl5-1QQ,2026-02-26T16:54:01.266Z,199,318.604,199.0
In My Arms (KREAM Remix),https://music.youtube.com/watch?v=x9uLCk5Oo1Q,Illenium - Topic,https://www.youtube.com/channel/UCX1RfjxgafTHW4gYocAD1lw,2026-02-26T16:50:07.802Z,218,233.464,218.0
Crusade (Club Edit),https://music.youtube.com/watch?v=LFQdPZ7qsm8,Gabry Ponte - Topic,https://www.youtube.com/channel/UCRbE5KUg1bl2lakELrAgWlA,2026-02-26T16:46:52.574Z,180,195.228,180.0
Sean Paul - She Doesn't Mind (Jesse Bloch Remix),https://music.youtube.com/watch?v=ghK8FuP4mB4,Jesse Bloch,https://www.youtube.com/channel/UCBHAVMoOFkwC0P76tluaNaA,2026-02-26T16:43:28.864Z,188,203.71,188.0
In Your Eyes (feat. Alida) (LUM!X Remix),https://music.youtube.com/watch?v=EnaPGxlGLyo,Robin Schulz - Topic,https://www.youtube.com/channel/UCIpo9tfpIGXMzNQcZVWoXVw,2026-02-26T16:39:49.104Z,204,219.76,204.0
Summer,https://music.youtube.com/watch?v=KSgKKSny0Qo,Calvin Harris - Topic,https://www.youtube.com/channel/UCZ0Aezmtk-S2l8A9Ln-2lKw,2026-02-26T16:35:50.692Z,223,238.412,223.0
Cynical,https://music.youtube.com/watch?v=BtcyfmbuvaU,twocolors - Topic,https://www.youtube.com/channel/UCuKzo7qs8JQC7XF0j7Gy2Lw,2026-02-26T16:32:23.520Z,192,207.172,192.0
Heroes (we could be),https://music.youtube.com/watch?v=y0VAozNZN3Q,Alesso - Topic,https://www.youtube.com/channel/UCyFLp2WBpLae_p0j73_lGLA,2026-02-26T16:28:37.428Z,211,226.092,211.0
Feel Your Ghost,https://music.youtube.com/watch?v=OH47qvJHk2U,Tiësto - Topic,https://www.youtube.com/channel/UC8VSaPhuiHkjobAgNpRqLIA,2026-02-26T16:24:56.132Z,206,221.296,206.0
Heaven Takes You Home (Extended Mix),https://music.youtube.com/watch?v=u8qsC4l_xhU,Swedish House Mafia - Topic,https://www.youtube.com/channel/UCl5p1gD46TZVsoQmM8VZ2gQ,2026-02-26T16:20:17.985Z,263,278.147,263.0
Let's Ride Away (Dimitri Vangelis & Wyman Golden Era Mix),https://music.youtube.com/watch?v=wE6uBp8p7jY,Avicii - Topic,https://www.youtube.com/channel/UCuACQmW04T3v9Mz_1_suFYw,2026-02-26T16:16:36.026Z,222,221.959,221.959
Where Are You Tonight,https://music.youtube.com/watch?v=Qq5PPijPKJE,KREAM - Topic,https://www.youtube.com/channel/UCfeML9fTPGi0rK_MN1Xk0Cw,2026-02-26T16:12:24.844Z,236,251.182,236.0
This Is What You Came For,https://music.youtube.com/watch?v=zCh4jIWOKrI,Calvin Harris - Topic,https://www.youtube.com/channel/UCZ0Aezmtk-S2l8A9Ln-2lKw,2026-02-26T16:08:42.383Z,222,222.461,222.0
Never say never,https://music.youtube.com/watch?v=pxhvZ8rKKrc,Mr Luspak - Topic,https://www.youtube.com/channel/UCvgBSmGxuuylcrnEprpSUqw,2026-02-26T16:03:31.826Z,310,310.557,310.0
Love Is A Drug,https://music.youtube.com/watch?v=yL7mSvtFV1o,Armin van Buuren - Topic,https://www.youtube.com/channel/UCAeLFBCQS7FvI8PvBrWvSBg,2026-02-26T16:00:10.536Z,201,201.29,201.0
You Know You Like It,https://music.youtube.com/watch?v=AxQ6pUmh61Q,DJ Snake - Topic,https://www.youtube.com/channel/UC0c4bK_92XYr0YtASqqWOJg,2026-02-26T15:56:02.492Z,248,248.044,248.0
Loofy - Last Night (STUCHLY Remix),https://music.youtube.com/watch?v=QYCJZwqW1dw,STUCHLY,https://www.youtube.com/channel/UCnRFZhemhXqrydAVhRmWyqg,2026-02-26T15:52:49.884Z,192,192.608,192.0
Thank You (Not So Bad) (Extended),https://music.youtube.com/watch?v=aAlzpDB20tM,Dimitri Vegas & Like Mike - Topic,https://www.youtube.com/channel/UCeNAGMwB7p3gxizQPsU9Cpw,2026-02-26T15:46:29.110Z,292,380.774,292.0
Clarity,https://music.youtube.com/watch?v=Lur-rvf6A1c,Zedd - Topic,https://www.youtube.com/channel/UCGVGIqHPzwLhZg8KQNVaRbA,2026-02-26T15:41:57.071Z,272,272.039,272.0
Sweet Dreams - Eurythmics [Epic Dark Techno] [INFERNUM],https://music.youtube.com/watch?v=rX3WA0D9bkE,Infernum,https://www.youtube.com/channel/UCfHqFpAh3mnc9tknsNyOEew,2026-02-26T15:37:07.453Z,259,289.618,259.0
Blessings,https://music.youtube.com/watch?v=tImti6vu0mE,Calvin Harris - Topic,https://www.youtube.com/channel/UCZ0Aezmtk-S2l8A9Ln-2lKw,2026-02-26T15:32:56.852Z,220,250.601,220.0
ESKEi83 - AFRICA ft. Sedric Perry (official audio),https://music.youtube.com/watch?v=58v0PxhIPQk,Eskei83,https://www.youtube.com/channel/UCD06enDoiReLU1ZDVB6p-CQ,2026-02-26T15:29:27.470Z,179,209.382,179.0
Selena Faider - Under My Feet (Official Audio),https://music.youtube.com/watch?v=UNA2TVkZh_U,Selena Faider,https://www.youtube.com/channel/UCKLJ9MVX1IKFFUlzDg6EYUw,2026-02-26T15:26:32.044Z,175,175.426,175.0
Monocule & Marcus Santoro - Fine Day (Official Lyric Video),https://music.youtube.com/watch?v=WffFvrIRmqM,Nicky Romero,https://www.youtube.com/channel/UCLFiirHOF-wa3QRExEa4m8A,2026-02-26T15:22:56.336Z,215,215.708,215.0
Vintage Culture - Rock The Casbah,https://music.youtube.com/watch?v=Z-jk8UBvasI,Vintage Culture,https://www.youtube.com/channel/UC4N1snt2b0d83vOkvaWP6mg,2026-02-26T15:19:49.852Z,186,186.484,186.0
The Outfield & Diplo - Your Love (Lyrics) | 8D Audio 🎧,https://music.youtube.com/watch?v=ZAFFCeyrPb8,8D TUNES,https://www.youtube.com/channel/UCrRpYEytIHGyDgNWO6VbHlQ,2026-02-26T15:16:58.143Z,156,171.709,156.0
Circles,https://music.youtube.com/watch?v=T1z7BdY199o,Disco Fries - Topic,https://www.youtube.com/channel/UCWuFLadEUSpwytvVDI6NV7A,2026-02-26T15:14:20.090Z,158,158.053,158.0
Romy – Always Forever (Official Music Video),https://music.youtube.com/watch?v=p_a1x1HJYUY,Romy,https://www.youtube.com/channel/UC_spo9PJJu8DlljG5xsV3fw,2026-02-26T15:10:56.654Z,188,203.436,188.0
Dimitri Vegas & Like Mike & Bassjackers - Axel F (Official video),https://music.youtube.com/watch?v=XEI-c94BTRY,Dimitri Vegas & Like Mike,https://www.youtube.com/channel/UCxmNWF8fQ4miqfGs84dFVrg,2026-02-26T15:08:28.299Z,148,148.355,148.0
The Way It Is,https://music.youtube.com/watch?v=qzISX-NZLOg,Block & Crown - Topic,https://www.youtube.com/channel/UCHY4HgAF0wvyyVphvMcRF8w,2026-02-26T15:02:58.485Z,330,329.814,329.814
"Oliver Heldens, David Guetta, FAST BOY - Chills (Feel My Love) (Official Lyric Video)",https://music.youtube.com/watch?v=AoRAW3X6zFU,OliverHeldensVEVO,https://www.youtube.com/channel/UCGlEsm9OH04YYcnMpAYXobg,2026-02-26T15:00:12.507Z,166,165.978,165.978
Don Diablo - Smalltown Boy | A.I. Visualizer,https://music.youtube.com/watch?v=69mK64CYxzs,Don Diablo,https://www.youtube.com/channel/UC8y7Xa0E1Lo6PnVsu2KJbOA,2026-02-26T14:56:37.383Z,215,215.124,215.0
The Chainsmokers - Kanye ft. SirenXX,https://music.youtube.com/watch?v=8ELh8eOzq_0,ChainsmokersVEVO,https://www.youtube.com/channel/UCRzzwLpLiUNIs6YOPe33eMg,2026-02-25T23:30:49.427Z,254,55547.956,254.0
"Luude, Bru-C - TMO (Turn Me On ) [Feat Kevin Lyttle] - Official Music Video",https://music.youtube.com/watch?v=Quf7dSIhcBU,Luude,https://www.youtube.com/channel/UCxnwygtCV1Ao99zplWGlJDA,2026-02-25T23:28:04.144Z,165,165.283,165.0
Wuki - Sunshine (My Girl) [Official Music Video],https://music.youtube.com/watch?v=FNtXgDv5D50,Wuki,https://www.youtube.com/channel/UCTv611dn5xK-azjBaWh9zbg,2026-02-25T23:25:50.148Z,134,133.996,133.996
bambam,https://music.youtube.com/watch?v=1d6jq-MCPi4,babyspoon - Topic,https://www.youtube.com/channel/UC8Ux_WylKM1CncdW3rJ_V3A,2026-02-25T23:23:28.685Z,141,141.463,141.0
Gryffin – Last of Us (Ft. Rita Ora) [Official Video],https://music.youtube.com/watch?v=m-8bstxuOeY,Rita Ora,https://www.youtube.com/channel/UCfSAqqftdc7FM1SY5vJjKfA,2026-02-25T23:20:16.759Z,191,191.926,191.0
The Chainsmokers - Let You Go ft. Great Good Fine Ok,https://music.youtube.com/watch?v=iiNXf0n_hrA,ChainsmokersVEVO,https://www.youtube.com/channel/UCRzzwLpLiUNIs6YOPe33eMg,2026-02-25T23:16:10.488Z,246,246.271,246.0
Bittersweet Goodbye (Tiësto’s Hardcore Remix),https://music.youtube.com/watch?v=N343lBRin4s,Issey Cross - Topic,https://www.youtube.com/channel/UCorbr4wPR17qIS1OqVqm9JA,2026-02-25T23:13:24.750Z,159,165.738,159.0
All the Things She Said,https://music.youtube.com/watch?v=md7HXsU6KB0,Robin Schulz - Topic,https://www.youtube.com/channel/UCIpo9tfpIGXMzNQcZVWoXVw,2026-02-25T23:10:38.756Z,166,165.994,165.994
"Tiësto, Dimitri Vegas & Like Mike, Gabry Ponte - Mockingbird (Official Lyric Video)",https://music.youtube.com/watch?v=LCY0SUhS6ec,Tiësto,https://www.youtube.com/channel/UCPk3RMMXAfLhMJPFpQhye9g,2026-02-25T23:08:03.202Z,155,155.554,155.0
Fred again.. x Swedish House Mafia - Turn On The Lights again.. (feat. Future) [Visualiser],https://music.youtube.com/watch?v=Q22MCFC0CP0,Fred again . .,https://www.youtube.com/channel/UCXF6DMVLIVRr2OQAqyfEGeg,2026-02-25T23:03:37.801Z,265,265.401,265.0
"Zedd, Maren Morris, Grey - The Middle (Official Music Video)",https://music.youtube.com/watch?v=M3mJkSqZbX4,ZEDDVEVO,https://www.youtube.com/channel/UCFzm6oAGFmmZfkrzQ5wATSQ,2026-02-25T23:00:26.924Z,191,190.877,190.877
Joel Corry x MNEK - Head & Heart [Official Video],https://music.youtube.com/watch?v=CRuOOxF-ENQ,Joel Corry,https://www.youtube.com/channel/UCr-yZBBIzqOkcHjmAF7YR7A,2026-02-25T22:57:38.240Z,168,168.684,168.0
Tiësto - The Business (Official Music Video),https://music.youtube.com/watch?v=nCg3ufihKyU,Tiësto,https://www.youtube.com/channel/UCPk3RMMXAfLhMJPFpQhye9g,2026-02-25T22:54:25.572Z,192,192.668,192.0
Clean Bandit - Solo (feat. Demi Lovato) [Official Video],https://music.youtube.com/watch?v=8JnfIa84TnU,Clean Bandit,https://www.youtube.com/channel/UCvhQPdeTHzIRneScV8MIocg,2026-02-25T22:50:41.449Z,224,224.123,224.0
KREAM - Wicked Game,https://music.youtube.com/watch?v=axWlQUExPYk,KREAM,https://www.youtube.com/channel/UC3_wlMNxKBG4c_P39zFH6Hw,2026-02-25T22:47:42.162Z,179,179.287,179.0
The Chainsmokers - Roses (Official Video) ft. ROZES,https://music.youtube.com/watch?v=G5Mv2iV0wkU,ChainsmokersVEVO,https://www.youtube.com/channel/UCRzzwLpLiUNIs6YOPe33eMg,2026-02-25T22:43:41.248Z,241,240.914,240.914
Dimitri Vegas & Like Mike x Timmy Trumpet x Edward Maya - Feel Your Love (Tomorrowland Mix),https://music.youtube.com/watch?v=6DdfN5Ch8AE,Edward Maya,https://www.youtube.com/channel/UCC6S-Imvwvp3vIhFTkw0E5Q,2026-02-25T22:40:49.549Z,171,171.699,171.0
Dreams (feat. Lanie Gardner),https://music.youtube.com/watch?v=UWAUfS0uPAE,David Guetta - Topic,https://www.youtube.com/channel/UCh-4c1ZoBPNP1C8c-7iVvUQ,2026-02-25T22:37:24.737Z,205,204.812,204.812
You & Me (Rivo Remix),https://music.youtube.com/watch?v=4d_vkvE3Iys,Disclosure - Topic,https://www.youtube.com/channel/UCMqoUCDT2rtlvBS93GXGqDA,2026-02-25T22:33:55.601Z,209,209.136,209.0
Motive (Club Mix),https://music.youtube.com/watch?v=LU99IYnaqV0,Armin van Buuren - Topic,https://www.youtube.com/channel/UCAeLFBCQS7FvI8PvBrWvSBg,2026-02-25T22:30:32.250Z,203,203.351,203.0
Stay The Night (Featuring Hayley Williams Of Paramore),https://music.youtube.com/watch?v=1z-cnsnJxt0,Zedd - Topic,https://www.youtube.com/channel/UCGVGIqHPzwLhZg8KQNVaRbA,2026-02-25T22:26:54.288Z,218,217.962,217.962
Se Que Quiere,https://music.youtube.com/watch?v=Ebe-3Bf1zeM,KREAM - Topic,https://www.youtube.com/channel/UCfeML9fTPGi0rK_MN1Xk0Cw,2026-02-25T22:23:13.644Z,221,220.644,220.644
Limerence,https://music.youtube.com/watch?v=DTD3AkWF7vU,R3DN1K - Topic,https://www.youtube.com/channel/UCp-NTVdjM5v4xuQkm18BnXA,2026-02-25T22:19:29.781Z,224,223.863,223.863
I Follow Rivers,https://music.youtube.com/watch?v=T_ne-XlDULA,Tiësto - Topic,https://www.youtube.com/channel/UC8VSaPhuiHkjobAgNpRqLIA,2026-02-25T22:16:10.364Z,199,199.417,199.0
Party Till We Die (feat. Andrew W.K.) (Extended Mix),https://music.youtube.com/watch?v=MY7tzr4r6_c,MAKJ - Topic,https://www.youtube.com/channel/UCW_kpaE81HoubSV611k55HA,2026-02-25T22:12:15.708Z,234,234.656,234.0
Follow The Light,https://music.youtube.com/watch?v=G953w5EmlqQ,Armin van Buuren - Topic,https://www.youtube.com/channel/UCAeLFBCQS7FvI8PvBrWvSBg,2026-02-25T22:09:02Z,193,193.708,193.0
Future City (A Dreamstate Anthem),https://music.youtube.com/watch?v=KlmCECBjIJA,ATB - Topic,https://www.youtube.com/channel/UCVkV7KFvVLDhGCpoj8OJ2lA,2026-02-25T22:05:28.190Z,214,213.81,213.81
I Want You To Know,https://music.youtube.com/watch?v=7NMrrRQqzN0,Zedd - Topic,https://www.youtube.com/channel/UCGVGIqHPzwLhZg8KQNVaRbA,2026-02-25T21:16:31.564Z,240,2936.626,240.0
Drifting - Mixed,https://music.youtube.com/watch?v=vetoDhy7rJI,Tiësto - Topic,https://www.youtube.com/channel/UC8VSaPhuiHkjobAgNpRqLIA,2026-02-25T21:13:23.954Z,187,187.61,187.0
Wait So Long (Why Do I Have To) [Agents Of Time Remix],https://music.youtube.com/watch?v=84JYMdYQL98,Swedish House Mafia - Topic,https://www.youtube.com/channel/UCl5p1gD46TZVsoQmM8VZ2gQ,2026-02-25T21:09:17.717Z,246,246.237,246.0
Love Tonight (Edit),https://music.youtube.com/watch?v=ZLpY32XFBMc,Shouse - Topic,https://www.youtube.com/channel/UCvtVuGxdL1LhR-5qZiRmMnA,2026-02-25T21:05:15.087Z,242,242.63,242.0
Let It Be For Love,https://music.youtube.com/watch?v=7KZkzyLtmdY,Armin van Buuren - Topic,https://www.youtube.com/channel/UCAeLFBCQS7FvI8PvBrWvSBg,2026-02-25T20:57:54.104Z,203,440.983,203.0
Giant,https://music.youtube.com/watch?v=E55WQGiVKko,Calvin Harris - Topic,https://www.youtube.com/channel/UCZ0Aezmtk-S2l8A9Ln-2lKw,2026-02-25T20:54:04.156Z,230,229.948,229.948
Ascend,https://music.youtube.com/watch?v=b0MporUDb2s,Dezko - Topic,https://www.youtube.com/channel/UCXOnJ2RtQLfGe-uB3wyLvcw,2026-02-25T20:50:43.398Z,201,200.758,200.758
Forever Young,https://music.youtube.com/watch?v=hCv7DjM4j9Q,Talla 2XLC - Topic,https://www.youtube.com/channel/UCHFLQeGETmMe9DfC4we6HbA,2026-02-25T20:46:39.897Z,243,243.501,243.0
"Anyma, Massano, Nathan Nicholson - Angel In The Dark (DEVANK REMIX)",https://music.youtube.com/watch?v=uokkzUOqYJA,Devank°,https://www.youtube.com/channel/UCSahBixcxlIejSGkKYe0eIQ,2026-02-25T20:41:46.273Z,293,293.624,293.0
Sugar (feat. Francesco Yates) [Zerb Remix],https://music.youtube.com/watch?v=sNIeNoMP0bg,Robin Schulz - Topic,https://www.youtube.com/channel/UCIpo9tfpIGXMzNQcZVWoXVw,2026-02-25T20:38:22.596Z,204,203.677,203.677
Destino,https://music.youtube.com/watch?v=SWDt7zlaodg,CamelPhat - Topic,https://www.youtube.com/channel/UCw1tXWc_xuP0H6oLER5GBYA,2026-02-25T20:34:55.041Z,207,207.555,207.0
Ray Of Solar (Tiësto Remix),https://music.youtube.com/watch?v=B5zjYZBShJ8,Swedish House Mafia - Topic,https://www.youtube.com/channel/UCl5p1gD46TZVsoQmM8VZ2gQ,2026-02-25T20:26:49.171Z,216,485.87,216.0
Silence (John Summit Remix),https://music.youtube.com/watch?v=l3VNypTMXpg,Delerium - Topic,https://www.youtube.com/channel/UCOK3cF2Q1G70HAP--47RmTw,2026-02-25T20:22:13.739Z,275,275.432,275.0
Bad Habits (Techno),https://music.youtube.com/watch?v=xj0L7s4m2Lk,FUTURAMI - Topic,https://www.youtube.com/channel/UCzThN_-7sm1UO-Ak2x66deA,2026-02-25T20:17:52.579Z,192,261.16,192.0
Where Are You,https://music.youtube.com/watch?v=CGiQYnIGaRQ,Abel York - Topic,https://www.youtube.com/channel/UCtTCRnkVAnTvkDWUQl5-1QQ,2026-02-25T20:14:31.915Z,199,200.664,199.0
In My Arms (KREAM Remix),https://music.youtube.com/watch?v=x9uLCk5Oo1Q,Illenium - Topic,https://www.youtube.com/channel/UCX1RfjxgafTHW4gYocAD1lw,2026-02-25T20:10:53.633Z,218,218.282,218.0
Crusade (Club Edit),https://music.youtube.com/watch?v=LFQdPZ7qsm8,Gabry Ponte - Topic,https://www.youtube.com/channel/UCRbE5KUg1bl2lakELrAgWlA,2026-02-25T20:07:38.378Z,180,195.255,180.0
Sean Paul - She Doesn't Mind (Jesse Bloch Remix),https://music.youtube.com/watch?v=ghK8FuP4mB4,Jesse Bloch,https://www.youtube.com/channel/UCBHAVMoOFkwC0P76tluaNaA,2026-02-25T20:04:30.065Z,188,188.313,188.0
In Your Eyes (feat. Alida) (LUM!X Remix),https://music.youtube.com/watch?v=EnaPGxlGLyo,Robin Schulz - Topic,https://www.youtube.com/channel/UCIpo9tfpIGXMzNQcZVWoXVw,2026-02-25T20:01:05.404Z,204,204.661,204.0
Summer,https://music.youtube.com/watch?v=KSgKKSny0Qo,Calvin Harris - Topic,https://www.youtube.com/channel/UCZ0Aezmtk-S2l8A9Ln-2lKw,2026-02-25T19:57:22.008Z,223,223.396,223.0
Cynical,https://music.youtube.com/watch?v=BtcyfmbuvaU,twocolors - Topic,https://www.youtube.com/channel/UCuKzo7qs8JQC7XF0j7Gy2Lw,2026-02-25T19:54:10.042Z,192,191.966,191.966
Heroes (we could be),https://music.youtube.com/watch?v=y0VAozNZN3Q,Alesso - Topic,https://www.youtube.com/channel/UCyFLp2WBpLae_p0j73_lGLA,2026-02-25T19:50:39.267Z,211,210.775,210.775
Feel Your Ghost,https://music.youtube.com/watch?v=OH47qvJHk2U,Tiësto - Topic,https://www.youtube.com/channel/UC8VSaPhuiHkjobAgNpRqLIA,2026-02-25T19:46:58.036Z,206,221.231,206.0
Let's Ride Away (Dimitri Vangelis & Wyman Golden Era Mix),https://music.youtube.com/watch?v=wE6uBp8p7jY,Avicii - Topic,https://www.youtube.com/channel/UCuACQmW04T3v9Mz_1_suFYw,2026-02-25T19:38:53.142Z,222,484.894,222.0
Where Are You Tonight,https://music.youtube.com/watch?v=Qq5PPijPKJE,KREAM - Topic,https://www.youtube.com/channel/UCfeML9fTPGi0rK_MN1Xk0Cw,2026-02-25T19:33:46.079Z,236,307.063,236.0
This Is What You Came For,https://music.youtube.com/watch?v=zCh4jIWOKrI,Calvin Harris - Topic,https://www.youtube.com/channel/UCZ0Aezmtk-S2l8A9Ln-2lKw,2026-02-25T19:30:03.669Z,222,222.41,222.0
Never say never,https://music.youtube.com/watch?v=pxhvZ8rKKrc,Mr Luspak - Topic,https://www.youtube.com/channel/UCvgBSmGxuuylcrnEprpSUqw,2026-02-25T19:24:53.085Z,310,310.584,310.0
Love Is A Drug,https://music.youtube.com/watch?v=yL7mSvtFV1o,Armin van Buuren - Topic,https://www.youtube.com/channel/UCAeLFBCQS7FvI8PvBrWvSBg,2026-02-25T17:45:23.125Z,201,5969.96,201.0
You Know You Like It,https://music.youtube.com/watch?v=AxQ6pUmh61Q,DJ Snake - Topic,https://www.youtube.com/channel/UC0c4bK_92XYr0YtASqqWOJg,2026-02-25T17:41:14.954Z,248,248.171,248.0
Loofy - Last Night (STUCHLY Remix),https://music.youtube.com/watch?v=QYCJZwqW1dw,STUCHLY,https://www.youtube.com/channel/UCnRFZhemhXqrydAVhRmWyqg,2026-02-25T17:38:02.263Z,192,192.691,192.0
Thank You (Not So Bad) (Extended),https://music.youtube.com/watch?v=aAlzpDB20tM,Dimitri Vegas & Like Mike - Topic,https://www.youtube.com/channel/UCeNAGMwB7p3gxizQPsU9Cpw,2026-02-25T17:33:10.046Z,292,292.217,292.0
Clarity,https://music.youtube.com/watch?v=Lur-rvf6A1c,Zedd - Topic,https://www.youtube.com/channel/UCGVGIqHPzwLhZg8KQNVaRbA,2026-02-25T17:28:37.861Z,272,272.185,272.0
Sweet Dreams - Eurythmics [Epic Dark Techno] [INFERNUM],https://music.youtube.com/watch?v=rX3WA0D9bkE,Infernum,https://www.youtube.com/channel/UCfHqFpAh3mnc9tknsNyOEew,2026-02-25T17:24:18.193Z,259,259.668,259.0
Blessings,https://music.youtube.com/watch?v=tImti6vu0mE,Calvin Harris - Topic,https://www.youtube.com/channel/UCZ0Aezmtk-S2l8A9Ln-2lKw,2026-02-25T17:20:37.711Z,220,220.482,220.0
ESKEi83 - AFRICA ft. Sedric Perry (official audio),https://music.youtube.com/watch?v=58v0PxhIPQk,Eskei83,https://www.youtube.com/channel/UCD06enDoiReLU1ZDVB6p-CQ,2026-02-25T17:17:38.804Z,179,178.907,178.907
Selena Faider - Under My Feet (Official Audio),https://music.youtube.com/watch?v=UNA2TVkZh_U,Selena Faider,https://www.youtube.com/channel/UCKLJ9MVX1IKFFUlzDg6EYUw,2026-02-25T17:14:43.074Z,175,175.73,175.0
Monocule & Marcus Santoro - Fine Day (Official Lyric Video),https://music.youtube.com/watch?v=WffFvrIRmqM,Nicky Romero,https://www.youtube.com/channel/UCLFiirHOF-wa3QRExEa4m8A,2026-02-25T17:11:07.471Z,215,215.603,215.0
Vintage Culture - Rock The Casbah,https://music.youtube.com/watch?v=Z-jk8UBvasI,Vintage Culture,https://www.youtube.com/channel/UC4N1snt2b0d83vOkvaWP6mg,2026-02-25T17:08:01.261Z,186,186.21,186.0
The Outfield & Diplo - Your Love (Lyrics) | 8D Audio 🎧,https://music.youtube.com/watch?v=ZAFFCeyrPb8,8D TUNES,https://www.youtube.com/channel/UCrRpYEytIHGyDgNWO6VbHlQ,2026-02-25T17:01:24.843Z,156,396.418,156.0
Circles,https://music.youtube.com/watch?v=T1z7BdY199o,Disco Fries - Topic,https://www.youtube.com/channel/UCWuFLadEUSpwytvVDI6NV7A,2026-02-25T16:58:46.694Z,158,158.149,158.0
Romy – Always Forever (Official Music Video),https://music.youtube.com/watch?v=p_a1x1HJYUY,Romy,https://www.youtube.com/channel/UC_spo9PJJu8DlljG5xsV3fw,2026-02-25T16:55:38.667Z,188,188.027,188.0
Dimitri Vegas & Like Mike & Bassjackers - Axel F (Official video),https://music.youtube.com/watch?v=XEI-c94BTRY,Dimitri Vegas & Like Mike,https://www.youtube.com/channel/UCxmNWF8fQ4miqfGs84dFVrg,2026-02-25T16:53:10.395Z,148,148.272,148.0
The Way It Is,https://music.youtube.com/watch?v=qzISX-NZLOg,Block & Crown - Topic,https://www.youtube.com/channel/UCHY4HgAF0wvyyVphvMcRF8w,2026-02-25T16:47:40.459Z,330,329.936,329.936
"Oliver Heldens, David Guetta, FAST BOY - Chills (Feel My Love) (Official Lyric Video)",https://music.youtube.com/watch?v=AoRAW3X6zFU,OliverHeldensVEVO,https://www.youtube.com/channel/UCGlEsm9OH04YYcnMpAYXobg,2026-02-25T16:44:54.601Z,166,165.858,165.858
Don Diablo - Smalltown Boy | A.I. Visualizer,https://music.youtube.com/watch?v=69mK64CYxzs,Don Diablo,https://www.youtube.com/channel/UC8y7Xa0E1Lo6PnVsu2KJbOA,2026-02-25T16:41:19.770Z,215,214.831,214.831
