title,link,channel,channel_link,date,video_length,time_diff,watch_time
Upgrade to Pixel 10a with Camera Coach,https://www.youtube.com/watch?v=WhHchGXPWpU,,,2026-03-08T14:44:19.708Z,16.0,,16.0
【 Megumi on the other 】【 jujutsu kaisen Edit – JJK 】#jjk #jujutsukaisen #shorts,https://www.youtube.com/watch?v=n-5SoZ-U3YU,AnimeMaven公,https://www.youtube.com/channel/UCB3VUv6HyPRczyMy-B1nvrw,2026-03-08T14:44:17.284Z,20.0,2.424,2.424
Dani’s Mom Speaks up #trendingshorts #katseye #kpopedits #kpopidols #viral #gnarly #eyekon,https://www.youtube.com/watch?v=kE1rfDfoSD0,cvsmic ♡,https://www.youtube.com/channel/UCOja-26BdxY0yOXWcpRHCIg,2026-03-08T14:41:27.896Z,16.0,169.388,16.0
gimme more x the way i are,https://www.youtube.com/watch?v=uUXo8GJRfAU,wontbelong,https://www.youtube.com/channel/UCk5k9uspwRSqFBksJXSfyaA,2026-03-08T14:41:08.678Z,148.0,19.218,19.218
pay to play,https://www.youtube.com/watch?v=_UuGhtJYct4,wontbelong,https://www.youtube.com/channel/UCk5k9uspwRSqFBksJXSfyaA,2026-03-08T14:41:01.888Z,14.0,6.79,6.79
angelcore siren,https://www.youtube.com/watch?v=uzfZ16WTvBg,wontbelong,https://www.youtube.com/channel/UCk5k9uspwRSqFBksJXSfyaA,2026-03-08T14:40:57.794Z,71.0,4.094,4.094
𝐑𝐨𝐜𝐤 𝐚𝐰𝐚𝐲. ₊᪥⋆.,https://www.youtube.com/watch?v=zknnZKwAXe4,XG,https://www.youtube.com/channel/UC12HMtO5MYph9dCZZ7yygng,2026-03-08T14:40:34.629Z,25.0,23.165,23.165
Shortened: RAD AC 60sec BoxDesign V228912 60 1920x1080 S586 AndroidiOSPC English&IMG=4WMO,https://www.youtube.com/watch?v=JqkBCNXYAwg,,,2026-03-08T14:40:06.747Z,7.0,27.882,7.0
Buy & Sell Women's Clothing on Whatnot!,https://www.youtube.com/watch?v=W0b1yas6egE,,,2026-03-08T14:40:03.371Z,43.0,3.376,3.376
Xavier Is Cooking And I'm Scared! #LoveandDeepspace #Xavier #Reaction,https://www.youtube.com/watch?v=ToUen7y0yhw,Mimberly,https://www.youtube.com/channel/UC7OTjuXti2-LXSz4OKWLuYQ,2026-03-08T14:39:25.545Z,79.0,37.826,37.826
XAVIER LOVE AND DEEPSPACE COSPLAY #xavier #loveanddeepspacecosplay #恋与深空 #沈星回 #cosplaying #cosplay,https://www.youtube.com/watch?v=HIQgyRrIxZA,Tomaghochi,https://www.youtube.com/channel/UC8s9-vBHw_jyrftU2IhHsBg,2026-03-08T14:39:01.860Z,16.0,23.685,16.0
miss the old them💔 #residentevil #residentevil4remake #residentevil2 #leonkennedy #explore #ytshorts,https://www.youtube.com/watch?v=bniZV6K8m20,NonchalantMP4 ,https://www.youtube.com/channel/UCeBzYMdMGbQmJt3_QgQ8gKQ,2026-03-08T12:10:08.607Z,17.0,8933.253,17.0
dani's hip work and megan's footwork is smooth asf #daniela #megan #katseye,https://www.youtube.com/watch?v=zlOg5wmkrhM,𝑹𝒖𝒃𝒙𝒚 𝒌𝒊𝒎★,https://www.youtube.com/channel/UCSjIoNN8r6VitTpBusmzywA,2026-03-08T12:09:42.188Z,30.0,26.419,26.419
Sylus in 1st Person Pov in 3D Home  | Love and Deepspace #sylus #loveandeepspace,https://www.youtube.com/watch?v=hS0dg-735-E,Dawn The Purple Fox 🪻,https://www.youtube.com/channel/UCUFdtackvw2xGLOGZ0wCDzQ,2026-03-08T12:09:06.689Z,15.0,35.499,15.0
Leon LOVES Dogs! - RE4 (ORIGINAL VS REMAKE) #shorts #residentevil4,https://www.youtube.com/watch?v=KMGc6b85s3k,IKKY 🌹,https://www.youtube.com/channel/UCN3fFoz27iEE_ddjLWqrHmg,2026-03-08T12:03:01.740Z,30.0,364.949,30.0
LAY'S® | Last Harvest | Bags,https://www.youtube.com/watch?v=OIUAvnJJE6A,,,2026-03-08T12:02:58.135Z,7.0,3.605,3.605
1분 요약으로 보는 캣츠아이 'Gnarly' 직캠,https://www.youtube.com/watch?v=G9T95W0v7zU,M2,https://www.youtube.com/channel/UCTQVIXvcHrR9jYoJ6qaBAow,2026-03-08T12:02:57.389Z,57.0,0.746,0.746
The Adventures of the Phillyboy: Origin Story,https://www.youtube.com/watch?v=VmlVTHoKJ4M,,,2026-03-08T12:02:53.598Z,16.0,3.791,3.791
Meet OCREVUS ZUNOVO®,https://www.youtube.com/watch?v=68RMTQqcIyE,,,2026-03-08T11:55:54.176Z,16.0,419.422,16.0
Viking's European River Voyages,https://www.youtube.com/watch?v=EhzFsXpBlIY,,,2026-03-08T09:19:55.236Z,37.0,9358.94,37.0
Matt Mahan for Governor: Cut Fees,https://www.youtube.com/watch?v=W4cIXrsLDPc,,,2026-03-08T09:19:44.937Z,11.0,10.299,10.299
AYO?? Xavier: Tranquil Moments Trailer Reaction. Love and Deepspace,https://www.youtube.com/watch?v=h9Mc7BxMdO4,Nightalize LIVE,https://www.youtube.com/channel/UC6m-z9tV0ZVLfyFkR2g_GjA,2026-03-08T08:07:47.951Z,619.0,4316.986,619.0
Last Day 59% OFF - Waterproof Four-tip Beard and Eyebrow Pen,https://www.youtube.com/watch?v=_OGBf0mUFQI,,,2026-03-08T08:07:40.870Z,162.0,7.081,7.081
"Mother,Father and Son 🥶🔥 || Jujutsu kaisen #megumi #toji #fushiguro",https://www.youtube.com/watch?v=x39NQjfIZJg,YUJI公,https://www.youtube.com/channel/UCWeBZm7cwhEVeQNeRbAIBtQ,2026-03-08T08:07:26.368Z,27.0,14.502,14.502
Americans glamorizing water ✨ #pov #moms #water #hydration #relatable  #drink #recipe,https://www.youtube.com/watch?v=EvSYN4txbp0,Hannasaur,https://www.youtube.com/channel/UCMxBHqOQl3nSb3aOT7sQpeg,2026-03-08T08:07:23.034Z,47.0,3.334,3.334
red hair lara supremacy. (credits: heekiholic on tiktok) #fyp #katseye #lararaj,https://www.youtube.com/watch?v=uCLfd4pHBXQ,kat,https://www.youtube.com/channel/UC2M7beUdKD0dSEfhPD2Gt_Q,2026-03-08T07:17:41.592Z,12.0,2981.442,12.0
"Some people said they didn’t know how to use the taco-shaped napkin I showed before,",https://www.youtube.com/watch?v=BzwMHUBHN6I,SakuraMaya【beauty talk🗣️💄】,https://www.youtube.com/channel/UC4q5VBqwwC3HRzhz-TUt65w,2026-03-08T07:16:48.852Z,25.0,52.74,25.0
Do Hana and Megumi love each other.#jujutsukaisen #explanation #animeexplanation #megumi #mystery,https://www.youtube.com/watch?v=lBvNKHdK3RI,DINO GUY EXPLANATION,https://www.youtube.com/channel/UCz3ArF_wembFlbs-pGyB8BA,2026-03-08T07:15:53.890Z,42.0,54.962,42.0
Jerma Streams - Resident Evil 2 Remake,https://www.youtube.com/watch?v=n4-T_k2uPUg,Jerma Stream Archive,https://www.youtube.com/channel/UC2oWuUSd3t3t5O3Vxp4lgAA,2026-03-08T07:13:47.196Z,17059.0,126.694,126.694
Shortened: iGame_V_EN_JJ_黑化bgm迭代1_CB_184_1080x1920_45s_250418_NR_890849,https://www.youtube.com/watch?v=h4gxEkwQRow,,,2026-03-08T07:13:22.571Z,7.0,24.625,7.0
Happy Birthday RAFAYEL! 🎂 | Love and Deepspace Each Step to You Event Story,https://www.youtube.com/watch?v=kRMnzdzBFKw,luingene,https://www.youtube.com/channel/UCCWs0cGGQplEBtS-sqhe45w,2026-03-08T03:03:15.742Z,1500.0,15006.829,1500.0
Real rewards start day one,https://www.youtube.com/watch?v=3fcZz_wpsek,,,2026-03-08T03:03:06.110Z,31.0,9.632,9.632
Zelda Finally Says The THING 💀,https://www.youtube.com/watch?v=tdK_7N3BL10,Tasty Husbands,https://www.youtube.com/channel/UCRYkWIQFtDQniOirNctWX7A,2026-03-08T03:02:47.997Z,24.0,18.113,18.113
BUFFED MEGUMI 👀 《 JUJUTSU KAISEN S3》Megumi Edit #anime #jjk #megumi,https://www.youtube.com/watch?v=VgvNlTzvNOw,AX7-JK,https://www.youtube.com/channel/UCftNC1Wg5lQbSn3Wo3qXUvQ,2026-03-08T03:02:37.678Z,22.0,10.319,10.319
AYO?? Xavier: Tranquil Moments Trailer Reaction. Love and Deepspace,https://www.youtube.com/watch?v=h9Mc7BxMdO4,Nightalize LIVE,https://www.youtube.com/channel/UC6m-z9tV0ZVLfyFkR2g_GjA,2026-03-08T01:29:53.156Z,619.0,5564.522,619.0
DK PREDICTIONS 15V PREDICTMMA FINAL,https://www.youtube.com/watch?v=Jh8IHLI8dB0,,,2026-03-08T01:29:44.634Z,16.0,8.522,8.522
So THATS why cloak is always behind dagger… #marvelrivals #marvel #cloakanddagger #gaming #fyp,https://www.youtube.com/watch?v=kI0ykDbBfZM,Mugenszns,https://www.youtube.com/channel/UCmtXRKCAiaUTfGr5MmRWphA,2026-03-08T01:28:57.043Z,42.0,47.591,42.0
😭😭 #katseye #gabriela,https://www.youtube.com/watch?v=xARaayCvF0g,JOHNN,https://www.youtube.com/channel/UCRVcZTwpoUJ_ucLBDeWIo0w,2026-03-08T01:28:34.443Z,13.0,22.6,13.0
The Corporate Program vs. Business Cards | American Express Business,https://www.youtube.com/watch?v=5dZeaXurqMk,,,2026-03-08T01:18:12.827Z,31.0,621.616,31.0
Megumi Being Savage 🤩✨ || Jujutsu kaisen Season 3 || #jujutsukaisen #anime #gojo #megumi,https://www.youtube.com/watch?v=lhA03vzPFFY,Paxx_edits,https://www.youtube.com/channel/UCwz239enUnopmhxW3PR2aCw,2026-03-08T01:15:34.949Z,27.0,157.878,27.0
"Her mom's ""lie"" was heartbreaking 😮 #Shorts #twist",https://www.youtube.com/watch?v=O6MMPJg8Y80,FrostReel ,https://www.youtube.com/channel/UCOF8K1sgd3wyA5MRfB_4bwQ,2026-03-08T01:15:30.775Z,60.0,4.174,4.174
Starsand Island Looked So Cute…But Is It Actually Good?,https://www.youtube.com/watch?v=iVxOok-Jn1o,Nina Gabriella,https://www.youtube.com/channel/UCk6uVd6rMm3aTSWbF8LgivA,2026-03-08T01:15:09.281Z,101.0,21.494,21.494
Why does my New TTS Voice sound so Fruity ✨🏳️‍🌈,https://www.youtube.com/watch?v=WH2IE62DQ6k,kindredspiritva,https://www.youtube.com/channel/UCnpzoV0y8oBQTD-xyjW4yog,2026-03-08T01:14:12.644Z,43.0,56.637,43.0
HAPPY BIRTHDAY RAFAYEL| Love and Deepspace #loveanddeepspace #shorts,https://www.youtube.com/watch?v=7aKe7wMX76c,Lavandyre2.0,https://www.youtube.com/channel/UCjCW7HXDxy-mnUJZsAp6m7w,2026-03-08T01:14:06.096Z,48.0,6.548,6.548
UPDATED SCHEDULE UNTIL MAY | Love and Deepspace,https://www.youtube.com/watch?v=aRw2DcNHoqc,Gacha Goblin,https://www.youtube.com/channel/UC8TPrM0t6pw2XYNbuFbYxcQ,2026-03-08T01:14:04.622Z,918.0,1.474,1.474
The orchard opens soon. Sign-up to play at cashapples.com 🍏,https://www.youtube.com/watch?v=VEnZMQy0su8,,,2026-03-08T01:13:54.030Z,9.0,10.592,9.0
Clorox Scentiva: Coconut Float 6s,https://www.youtube.com/watch?v=XeE7UkVR1fQ,,,2026-03-08T01:13:47.605Z,7.0,6.425,6.425
T PRIORITY CONNECTION & COVERAGE,https://www.youtube.com/watch?v=ycGGUdUSZAA,,,2026-03-08T01:13:43.933Z,31.0,3.672,3.672
Bro Thinks He Sigma Male💀- JJK | jujutsu kaisen | megumi edit | megumi | jjk edit | #megumi #jjk,https://www.youtube.com/watch?v=fAdBz2Lp0bE,Exorion.,https://www.youtube.com/channel/UCtEkd2qpkLxoHq81vfyiWHA,2026-03-08T01:06:49.851Z,46.0,414.082,46.0
Pulling for RAFAYEL Duskbright Steps and Enjoying the New Birthday Event in Love and Deepspace,https://www.youtube.com/watch?v=RgqTcp_-OrM,luingene,https://www.youtube.com/channel/UCCWs0cGGQplEBtS-sqhe45w,2026-03-08T01:06:35.415Z,473.0,14.436,14.436
R1 TP & R1 MS 🐠 RAFAYEL Fire Orbit 190,https://www.youtube.com/watch?v=DIhA1HrJo64,luingene,https://www.youtube.com/channel/UCCWs0cGGQplEBtS-sqhe45w,2026-03-08T01:06:19.501Z,242.0,15.914,15.914
Matt Mahan for Governor: Red Tape,https://www.youtube.com/watch?v=bHs7A-nHNls,,,2026-03-08T01:06:10.329Z,11.0,9.172,9.172
my goose deserves a cute outfit !!!!,https://www.youtube.com/watch?v=iJhIsiRf0G0,Mia Maples,https://www.youtube.com/channel/UCzzOKT1SkE7qdycJvPCR3Gg,2026-03-08T01:05:47.916Z,138.0,22.413,22.413
Xavier Is Cooking You Guys... | Tranquil Moments Trailer Reaction | Love and Deepspace,https://www.youtube.com/watch?v=Woa2DrA2FWU,LADSButterfly,https://www.youtube.com/channel/UCKS7kCu-8SwNhcqjMmoqAnQ,2026-03-08T01:05:24.413Z,1016.0,23.503,23.503
Gross Items in Tears of the Kingdom,https://www.youtube.com/watch?v=ybuxdDv23EM,Deerstalker Pictures,https://www.youtube.com/channel/UCEqT_Q5_ijLOcVv930jSimg,2026-03-07T17:52:03.818Z,58.0,26000.595,58.0
Tranquil Moments - UPDATE - LET XAVIER COOK! [ Love and Deepspace ],https://www.youtube.com/watch?v=9OKXD7QpQQ8,Scarlet 龍魔女,https://www.youtube.com/channel/UCXOf15C3Q3-cpPr6d6AN9QQ,2026-03-07T17:51:51.057Z,1772.0,12.761,12.761
Now Taxes is Staying in the Loop -TurboTax 2026 Commercial (:15 Snap),https://www.youtube.com/watch?v=5_R-WUO31k0,,,2026-03-07T17:51:44.818Z,16.0,6.239,6.239
Still Dreaming About Study Abroad? Enter to Win a Free Study Abroad!,https://www.youtube.com/watch?v=clFY1OMFYGA,,,2026-03-07T17:38:06.570Z,16.0,818.248,16.0
Furry grandbabies require Claritin-D® for the grandparents. Use as directed.,https://www.youtube.com/watch?v=fej6DHfQkrc,,,2026-03-07T17:37:59.158Z,7.0,7.412,7.0
"If it’s epic, it’s on eBay Live.",https://www.youtube.com/watch?v=5uY65yVPPdo,,,2026-03-07T17:33:30.088Z,31.0,269.07,31.0
"With TUMS®, you can LOVE FOOD BACK",https://www.youtube.com/watch?v=dqHBTjYMgsw,,,2026-03-07T17:33:23.732Z,7.0,6.356,6.356
Deducing the exact year Mulan takes place in 🤔,https://www.youtube.com/watch?v=1auNYiy7hD8,Xiran Jay Zhao,https://www.youtube.com/channel/UCqSz_KlrE8_IDht7tWsQ-RA,2026-03-07T17:32:28.530Z,48.0,55.202,48.0
The Most Iconic TWICE Challenge Duo,https://www.youtube.com/watch?v=GnT6TZ8Akas,CCS TWICE,https://www.youtube.com/channel/UC7zynAJqNVyaK_tgnQTsEVQ,2026-03-07T17:28:44.046Z,22.0,224.484,22.0
🙏🙏help yoonchae sub to @Kpop_fusion-cutie   #katseye #yoonchae #why#makethisgoviral #makethismakesense,https://www.youtube.com/watch?v=pwgxxRprRKM,eyekonic.Emi🧷,https://www.youtube.com/channel/UCRkCECXXsn6LpEw6DOTK5tQ,2026-03-07T17:28:15.556Z,,28.49,28.49
X Ray :15,https://www.youtube.com/watch?v=oIKMdOeax-s,,,2026-03-07T17:27:58.414Z,18.0,17.142,17.142
[EXPIRED] FREE DIAMONDS! - New Redeem Code - Love and Deepspace,https://www.youtube.com/watch?v=iChgbi0Em6I,Meira's Multiverse,https://www.youtube.com/channel/UCXuZqFldsTgxISbZr8nTDyw,2026-03-07T17:27:23.164Z,41.0,35.25,35.25
Be a princess with me! 🎀✨👑 #partyprincess #ariel #glinda,https://www.youtube.com/watch?v=rIGqhFvYwpc,Chloé Laverson,https://www.youtube.com/channel/UCWZR6YlAJcXbkjYYdXNqqJw,2026-03-07T16:33:07.980Z,90.0,3255.184,90.0
하우스 노래 요즘 빠졌다..🩶#XG #hypnotize #dancecover #dancechallenge #엑스지 #댄스챌린지 #원픽이엔티,https://www.youtube.com/watch?v=L9YKYuJdhQ0,이퍼플 _purple_lee_,https://www.youtube.com/channel/UC95-0IwrvoqmBlhqTcLKVSQ,2026-03-07T16:31:21.455Z,24.0,106.525,24.0
v1 123 en h & 39s,https://www.youtube.com/watch?v=0hv3RF4s2dE,,,2026-03-07T16:08:36.361Z,40.0,1365.094,40.0
Melon gets bigger | Beastars Season 3 Part 2 | English Dub |,https://www.youtube.com/watch?v=GloiiXeWuTc,QdaddyBeastarsFan,https://www.youtube.com/channel/UC8WCqgs71Cv3gZMiu1z8VYw,2026-03-07T16:07:35.758Z,66.0,60.603,60.603
Melon’s Mom | Beastars Season 3 Part 2 | English Dub |,https://www.youtube.com/watch?v=6EDRCTLW9QQ,QdaddyBeastarsFan,https://www.youtube.com/channel/UC8WCqgs71Cv3gZMiu1z8VYw,2026-03-07T16:07:23.067Z,44.0,12.691,12.691
WHO IS THIS IDOL?,https://www.youtube.com/watch?v=6GWM-60oWjY,Kpop Cancelled with Angelina,https://www.youtube.com/channel/UCZAJrhG2F_8DGejMeCk_rEA,2026-03-07T16:06:41.289Z,25.0,41.778,25.0
XAVIER IS COOKING!!!! 😱😱 | Tranquil Moments XAVIER New Solo Memory | Love and Deepspace,https://www.youtube.com/watch?v=NGqJN33eT80,Dawn🪻,https://www.youtube.com/channel/UCV7onSbW1jp6E-61b1rbKZA,2026-03-07T11:33:40.639Z,1024.0,16380.65,1024.0
All-Star Bundle,https://www.youtube.com/watch?v=VnHedD5qGps,,,2026-03-07T11:33:32.314Z,18.0,8.325,8.325
My wife?#shorts #love,https://www.youtube.com/watch?v=7htjrTSJ0n8,DarkConvergence ,https://www.youtube.com/channel/UCeyDVseADlLmHllIKglmb3Q,2026-03-07T11:32:48.504Z,59.0,43.81,43.81
His obsession is so creepy.🙌😱#kdrama #kdramaedit #shortvideo,https://www.youtube.com/watch?v=fOa6Hnal5-I,Gnarlykawaii,https://www.youtube.com/channel/UCwLr4eTrgBbsWcCiIEx5kVw,2026-03-07T11:32:26.614Z,53.0,21.89,21.89
260210-EN-迭代-男性向-转盘漫画-GG-QXY-横-2.mp4,https://www.youtube.com/watch?v=X7YCc382jdE,,,2026-03-07T11:27:38.418Z,21.0,288.196,21.0
LOVE AND DEEPSPACE!! FIRST PLAYTHROUGH EVER!!! Day 1!,https://www.youtube.com/watch?v=dIwDdB1YRX8,itsIanWatson,https://www.youtube.com/channel/UC97TmM1QJTrANq5iOIXK8QA,2026-03-07T11:23:09.032Z,15695.0,269.386,269.386
PUPPET SHOW - XG [Music Bank] | KBS WORLD TV 231013 #puppetshow  #xg,https://www.youtube.com/watch?v=FM4Y7oXZ57A,KBS WORLD Latino,https://www.youtube.com/channel/UC_vrqgb3YLoe2MYSJm2aO-A,2026-03-07T11:23:04.166Z,51.0,4.866,4.866
Matt Mahan for Governor: Fixin Wrench,https://www.youtube.com/watch?v=-KumMa165WE,,,2026-03-07T11:22:52.596Z,16.0,11.57,11.57
The British Airways Visa Signature® Credit card that rewards your Mediterranean side,https://www.youtube.com/watch?v=4pNmsm4-orM,,,2026-03-07T11:14:40.095Z,15.0,492.501,15.0
All Stars 2026!,https://www.youtube.com/watch?v=OXdm6AcYzKo,,,2026-03-07T11:14:34.130Z,6.0,5.965,5.965
000389 US LC en NBD EssentialsRange IFCmpIF0000 GraceWellsTT 202601 Digital 15 9x16,https://www.youtube.com/watch?v=1eb6ri38Qdo,,,2026-03-07T11:09:17.458Z,16.0,316.672,16.0
1 H Aphmau Mods for Minecraft Sharapov M .mp4,https://www.youtube.com/watch?v=R1RT6j9aiyQ,,,2026-03-07T11:03:53.030Z,31.0,324.428,31.0
Impeccable Waste.,https://www.youtube.com/watch?v=HAGa8N8KWB4,,,2026-03-07T10:55:40.595Z,15.0,492.435,15.0
009 2405 BeachBabe NAM Acq ES MX UAC 1920x1080 15s Null IG M2 895,https://www.youtube.com/watch?v=Jqz_YPt8p0c,,,2026-03-07T10:49:15.408Z,15.0,385.187,15.0
iGame_V_EN_AI_AI帕尔修斯vs布鲁特斯3_CB_505_1280x720_21s_260211_LP_1109990,https://www.youtube.com/watch?v=ANnlOLAKvWo,,,2026-03-07T10:41:45.433Z,22.0,449.975,22.0
2 H Aphmau Mods for Minecraft Melentev A .mp4,https://www.youtube.com/watch?v=s1g5rFrEfGA,,,2026-03-07T10:35:09.837Z,30.0,395.596,30.0
M US 00025031v1 0 HEMLIBRA HCP Online Video OLV Q4 2024 646 On The Road,https://www.youtube.com/watch?v=9vtRosLDy7E,,,2026-03-07T10:25:43.890Z,59.0,565.947,59.0
Is it crazy to get a cattoo? Or is it love?,https://www.youtube.com/watch?v=FXmgTmPOXII,,,2026-03-07T10:25:28.694Z,16.0,15.196,15.196
Clorox Scentiva: Coconut 15s,https://www.youtube.com/watch?v=nTjKcHqAAU0,,,2026-03-07T10:19:39.933Z,16.0,348.761,16.0
009 2405 BeachBabe NAM Acq ES MX UAC 1080x1080 15s Null IG M2 895,https://www.youtube.com/watch?v=Q_xNGlazyRg,,,2026-03-07T10:19:19.475Z,15.0,20.458,15.0
Introducing CeraVe's New Face of Legs,https://www.youtube.com/watch?v=TSmM-BpRphs,,,2026-03-07T10:06:18.855Z,16.0,780.62,16.0
Matt Mahan for Governor: Housing,https://www.youtube.com/watch?v=hXmkTYs3NcU,,,2026-03-07T10:01:07.320Z,11.0,311.535,11.0
I LOVE XAVIER IN LOVE AND DEEPSPACE!!! #loveanddeepspace #loveanddeepspacexavier #xavier #otome,https://www.youtube.com/watch?v=lULvBPjVQLg,itsIanWatson,https://www.youtube.com/channel/UC97TmM1QJTrANq5iOIXK8QA,2026-03-07T10:00:34.943Z,138.0,32.377,32.377
Falling in love with Rafayel!! Part 2! 🥹🥰🫠 #loveanddeepspace #loveanddeepspacerafayel #rafayel,https://www.youtube.com/watch?v=Xf5Jacc3jm8,itsIanWatson,https://www.youtube.com/channel/UC97TmM1QJTrANq5iOIXK8QA,2026-03-07T10:00:18.641Z,163.0,16.302,16.302
OCREVUS ZUNOVO® and the MS Roll Call M-US-00027094(v2.0),https://www.youtube.com/watch?v=ZgYK9KwBqMg,,,2026-03-07T09:24:27.961Z,61.0,2150.68,61.0
Thomas’ Breakfast | Meet Thom,https://www.youtube.com/watch?v=luwwAqgw5QA,,,2026-03-07T09:24:11.342Z,16.0,16.619,16.0
J.P. Morgan Payments gives you clarity to lead with confidence. | J.P. Morgan,https://www.youtube.com/watch?v=-06C7qlKPQw,,,2026-03-07T09:01:48.817Z,30.0,1342.525,30.0
Puffs Plus Lotion Tissues: It's Coming :15,https://www.youtube.com/watch?v=5YvBBJB93dI,,,2026-03-07T09:01:33.543Z,16.0,15.274,15.274
Rafayel's B-day!! 🍰🎈 Event Story | Affinity Farming | CHEF XAVIER SOLO | ◇ Love and Deepspace ◇,https://www.youtube.com/watch?v=GFhUJeErYPQ,Lalafluffbunny,https://www.youtube.com/channel/UCzO1RswSn-hQHwsBMYWgM-g,2026-03-07T08:56:41.604Z,20465.0,291.939,291.939
Subscribe ✌️#megumi #fushiguro #zenin,https://www.youtube.com/watch?v=43EAkXFn8Ag,Kitkat Gojo,https://www.youtube.com/channel/UCrp3Jz59sCTYGFb83LMGuWQ,2026-03-07T08:56:22.574Z,8.0,19.03,8.0
Sapphire Reserve | Ella’s Nashville :06 (Dining),https://www.youtube.com/watch?v=x8O0MG9x0u0,,,2026-03-07T08:56:18.908Z,7.0,3.666,3.666
Jerma's Reaction to the McDonald's BIG ARCH,https://www.youtube.com/watch?v=-phxW67hkfM,Jermoments,https://www.youtube.com/channel/UCRJNBsjni05du-Q0_uIJn9A,2026-03-07T08:46:25.419Z,937.0,593.489,593.489
Teamwork Collection: It's a Team Changer | Atlassian | :30 CIO 9x16,https://www.youtube.com/watch?v=nKhtxdzOqDc,,,2026-03-07T08:46:18.523Z,31.0,6.896,6.896
Jimmy John's | Mouthwatering :06,https://www.youtube.com/watch?v=L60zhlDb3dE,,,2026-03-07T08:46:11.584Z,7.0,6.939,6.939
Kirara Caught in Megumi's Trap 😏 | #kirara #jjk #anime #jjkseason3 #megumi #jujutsukaisen,https://www.youtube.com/watch?v=z-AVFO1I2wo,αnιωhørᥱ‪‪,https://www.youtube.com/channel/UC9AZYkkNBXETbzZvheAsg0Q,2026-03-07T08:45:42.467Z,17.0,29.117,17.0
the stand user could be anyone… #cosplay #katsucon #jojosbizzareadventure,https://www.youtube.com/watch?v=Lr-QHxcwGis,Allthepotsnpans Gale ,https://www.youtube.com/channel/UCXeL9UEShSqpZk1Ie_T1Q7Q,2026-03-07T08:45:36.907Z,12.0,5.56,5.56
Falling in love with Rafayel! 🥹 Part 1! #loveanddeepspace #loveanddeepspacerafayel #rafayel #lads,https://www.youtube.com/watch?v=MjjppdOEQik,itsIanWatson,https://www.youtube.com/channel/UC97TmM1QJTrANq5iOIXK8QA,2026-03-07T08:45:12.932Z,58.0,23.975,23.975
RMY593v29 YT 16x9 su 38s INT HK1156,https://www.youtube.com/watch?v=mYkF-MBBGes,,,2026-03-07T08:20:06.596Z,39.0,1506.336,39.0
10 Any Lg 5 Top Possibilities :06 YT shorts 9:16,https://www.youtube.com/watch?v=Ejft40BfZxk,,,2026-03-07T08:20:00.028Z,7.0,6.568,6.568
Top 10 Most Viewed 2nd Gen Girl Groups MV#kpop#short#girlgroups#2ndgen#snsd#sistar#2ne1#4minute,https://www.youtube.com/watch?v=ph5p9tzlkFI,Kpop Universe,https://www.youtube.com/channel/UCTm7RA_JbNahls9Dqd4I_Qg,2026-03-07T07:58:38.352Z,60.0,1281.676,60.0
Click the link and try Cayden's favorite pizza for only $9.99! Via @CaydenBoozer on IG,https://www.youtube.com/watch?v=IKaFOjzeF48,,,2026-03-07T07:58:33.025Z,30.0,5.327,5.327
Fans really brought the most random things—and Katseye signed them ALL 😭😂 #katseye #shorts,https://www.youtube.com/watch?v=f1nVNHCNzgs,MintChocoPop,https://www.youtube.com/channel/UCmo9SHPRtqCl_pkaNpuq5vQ,2026-03-07T07:54:57.554Z,35.0,215.471,35.0
"Living your dream bbno$, Justin Han, tuonto, Ant, and KNITE #loveanddeepspace",https://www.youtube.com/watch?v=Ca4fxC96D_E,Stella Chuu,https://www.youtube.com/channel/UCApByCEDqQM8PgDypC_i6BQ,2026-03-07T07:54:47.463Z,16.0,10.091,10.091
"Yes, those are all real cards",https://www.youtube.com/watch?v=w0dSmBYFVX0,Xiran Jay Zhao,https://www.youtube.com/channel/UCqSz_KlrE8_IDht7tWsQ-RA,2026-03-07T07:54:42.329Z,29.0,5.134,5.134
Momo at the VS show 🎀❤️ #MOMO #モモ #모모 #TWICE #트와이스 #VSFashionshow,https://www.youtube.com/watch?v=iaaSYJr-NUE,Y2J,https://www.youtube.com/channel/UClIqzintVCp3Cj48vsUpdxg,2026-03-07T07:54:17.139Z,19.0,25.19,19.0
Even the Zombies in Resident Evil 9 Are Absolutely Beautiful #residentevil #residentevilrequiem,https://www.youtube.com/watch?v=UC5470T7ulw,Prizzaa Gaming Channel,https://www.youtube.com/channel/UCQDVCHyeLuPu8icc53uurmQ,2026-03-07T07:52:46.210Z,6.0,90.929,6.0
LORD help us ALL lol | Xavier Solo Trailer | Tranquil Moments | Love and Deepspace | LIVE REACTION,https://www.youtube.com/watch?v=dlkNhDedHhY,Atomic Sade,https://www.youtube.com/channel/UCIqWP3AeIE5x9sjb2VPFeJA,2026-03-07T07:52:40.990Z,287.0,5.22,5.22
COCONA on the way to set up a wolf statue next to Hachiko 🐺🐕 #XG #COCONA　#XG_SOMETHINGAINTRIGHT,https://www.youtube.com/watch?v=oIRwx4gHzhs,XG,https://www.youtube.com/channel/UC12HMtO5MYph9dCZZ7yygng,2026-03-07T07:52:39.264Z,16.0,1.726,1.726
Always Radiant with Flexfoam Can.,https://www.youtube.com/watch?v=40pFTrlSljE,,,2026-03-07T07:52:35.669Z,7.0,3.595,3.595
Why is my newborn standing up?,https://www.youtube.com/watch?v=Sk_-saqs0C0,Connor And Liana,https://www.youtube.com/channel/UC949o8thQEP15p9_VK69Vbw,2026-03-07T07:52:34.910Z,21.0,0.759,0.759
Matt Mahan for Governor: Cut Fees,https://www.youtube.com/watch?v=W4cIXrsLDPc,,,2026-03-07T07:52:31.703Z,11.0,3.207,3.207
Remember to Celebrate Rafayel Birthday | Love and Deepspace,https://www.youtube.com/watch?v=xCafr48ahlM,Amethyst,https://www.youtube.com/channel/UCCBiBmPvHiD5bjJdlMRAtSQ,2026-03-07T06:28:36.661Z,102.0,5035.042,102.0
Love and Deepspace | Tranquil Moments · Showcase,https://www.youtube.com/watch?v=tzFfPv75wtA,Love and Deepspace ,https://www.youtube.com/channel/UCSYnLE11DE8q5Q9eqbG5eTw,2026-03-07T06:28:12.358Z,44.0,24.303,24.303
⭐DANGER IN THE KITCHEN! | Tranquil Moments Trailer Reaction | Love and Deepspace,https://www.youtube.com/watch?v=475nlS_2GWc,Tama,https://www.youtube.com/channel/UCqJe_4cOK0S99drrUb9tmMg,2026-03-07T06:13:25.585Z,249.0,886.773,249.0
Donkey Kong Bananza - Available Now,https://www.youtube.com/watch?v=R0xjQvvGgvs,,,2026-03-07T06:13:09.051Z,16.0,16.534,16.0
This Boy Thinks He's A Master Chef... | Tranquil Moments Trailer Reaction | Love and Deepspace,https://www.youtube.com/watch?v=evaFGIIsP-I,RileySnowCrystal,https://www.youtube.com/channel/UCl1-YyCGDlKgwz_CZZ2D2nw,2026-03-07T05:47:05.435Z,471.0,1563.616,471.0
FIERY XAVIER | Tranquil Moments Trailer Reaction! | Love and Deepspace,https://www.youtube.com/watch?v=Vc4zXIM9oGs,SawCSim,https://www.youtube.com/channel/UCAVMQ98tGn_FclJA9M1uq6w,2026-03-07T05:43:01.389Z,225.0,244.046,225.0
XAVIER BLOWS UP THE KITCHEN! | Love and Deepspace,https://www.youtube.com/watch?v=7UOpnfPS1wY,Gacha Goblin,https://www.youtube.com/channel/UC8TPrM0t6pw2XYNbuFbYxcQ,2026-03-07T05:42:52.875Z,968.0,8.514,8.514
More Iconic | Reese's,https://www.youtube.com/watch?v=Rndr40FWYjg,,,2026-03-07T05:42:50.751Z,6.0,2.124,2.124
#cosplay #Caleb​#love​and​Deepspace​#Cute​boy​#fyp​#like​#fashiongoals,https://www.youtube.com/watch?v=J0IbO0URGDs,CUTH​-BOY​,https://www.youtube.com/channel/UCWWknMjIyMiuAM5VNlyl2Zw,2026-03-07T05:42:49.881Z,9.0,0.87,0.87
The Adventures of the Phillyboy: Origin Story,https://www.youtube.com/watch?v=dM8r8ifpB3Y,,,2026-03-07T05:42:46.844Z,16.0,3.037,3.037
Love and Deepspace | Tranquil Moments,https://www.youtube.com/watch?v=WhnAuvxRHig,Love and Deepspace ,https://www.youtube.com/channel/UCSYnLE11DE8q5Q9eqbG5eTw,2026-03-07T03:11:56.426Z,90.0,9050.418,90.0
"Happy Birthday, Rafayel!! | All Birthday Cards + Event + Other Memories? | Love and Deepspace Stream",https://www.youtube.com/watch?v=JYveJuNdksI,RileySnowCrystal,https://www.youtube.com/channel/UCl1-YyCGDlKgwz_CZZ2D2nw,2026-03-07T02:06:43.073Z,27903.0,3913.353,3913.353
I went to 3 Love and Deepspace EVENTS in NEW YORK as a cosplayer,https://www.youtube.com/watch?v=B1maYFDlg5g,Nikkosplay,https://www.youtube.com/channel/UCsWUs4iumCwpjwDdL8-5iAw,2026-03-07T02:06:34.294Z,387.0,8.779,8.779
Pulling for Duskbright Steps | Rafayel's Birthday 🐟 | Love and Deepspace,https://www.youtube.com/watch?v=FoHpRwJbDKc,WondereLand,https://www.youtube.com/channel/UC_P7CHw5dEGlPjQnctBD5NQ,2026-03-07T02:05:42.978Z,1516.0,51.316,51.316
HBD Rafayel! 🥳 From Froggy Gang! Pulling on “Duskbright Steps”Card! | Love and Deepspace |AtomicSade,https://www.youtube.com/watch?v=u3VnQ-0rK0Y,Atomic Sade,https://www.youtube.com/channel/UCIqWP3AeIE5x9sjb2VPFeJA,2026-03-07T02:04:56.891Z,1739.0,46.087,46.087
Now Taxes is Expertise No Hidden Fees - TurboTax 2026 Commercial (:15),https://www.youtube.com/watch?v=WxVVEycJv6M,,,2026-03-07T02:04:46.399Z,16.0,10.492,10.492
Shortened: iGame_V_EN_JJ_黑化bgm迭代1_CB_184_1080x1920_45s_250418_NR_890849,https://www.youtube.com/watch?v=h4gxEkwQRow,,,2026-03-07T02:04:39.638Z,7.0,6.761,6.761
a best friend but more 🤍,https://www.youtube.com/watch?v=Q8DI4zjlNlc,Lalaleluu,https://www.youtube.com/channel/UCQVmeRY3N2sN1lU6zajlVFQ,2026-03-07T02:04:06.731Z,23.0,32.907,23.0
2 year old SURPRISES OLDER SISTER 🫢😭 #momlife #shorts #family #cute,https://www.youtube.com/watch?v=L3uGpV-64BQ,Jacqueline Woodwell,https://www.youtube.com/channel/UCYEWRxUoOQdOCLab1SAyVLA,2026-03-07T02:03:47.360Z,61.0,19.371,19.371
Why is Megumi so cute?😍,https://www.youtube.com/watch?v=inQBAt2YRmk,nuyuki,https://www.youtube.com/channel/UCEobp-tFFdskz7sMuxmIG9g,2026-03-06T17:54:00.655Z,20.0,29386.705,20.0
I mad impressed she’s fighting in crocs😆 #dollunboxing #unboxing  #blindbox #dollseries #mysterytoy,https://www.youtube.com/watch?v=KKZK4leAHFM,Chic Plastic,https://www.youtube.com/channel/UCO8f39OAWYkZG6uLxkkzlIw,2026-03-06T15:02:12.903Z,124.0,10307.752,124.0
PowerCrunch03 PWC Simplified TV 15s vF 01,https://www.youtube.com/watch?v=eNZOPqEsK_E,,,2026-03-06T14:56:16.886Z,16.0,356.017,16.0
Leads Search Afeela Video V1 15s (5),https://www.youtube.com/watch?v=NtR8bRvyLm4,,,2026-03-06T14:56:01.653Z,16.0,15.233,15.233
Why Does Turning Red Get So Many Weird Reviews?!,https://www.youtube.com/watch?v=OYzW1OSH714,Xiran Jay Zhao,https://www.youtube.com/channel/UCqSz_KlrE8_IDht7tWsQ-RA,2026-03-06T14:43:05.190Z,1529.0,776.463,776.463
RMY593v29 YT 16x9 su 38s INT HK1156,https://www.youtube.com/watch?v=mYkF-MBBGes,,,2026-03-06T14:42:58.611Z,39.0,6.579,6.579
Chauffeur | $5/$7/$9 Luxe Boxes (Chicken Bacon Ranch Street Chalupas) | Taco Bell,https://www.youtube.com/watch?v=cnIeDySXv3I,,,2026-03-06T14:42:52.333Z,7.0,6.278,6.278
So… Now what?,https://www.youtube.com/watch?v=4HVKbE1AqRY,Claire Chen in Space,https://www.youtube.com/channel/UCQKAe8CG1adMAvHlksYP39g,2026-03-06T14:42:26.177Z,35.0,26.156,26.156
𝓕𝓮𝓮𝓵𝓲𝓷𝓰 𝓯𝓪𝓷𝓬𝔂 ✧˖°.⊹˚,https://www.youtube.com/watch?v=uZzPOY44pgE,XG,https://www.youtube.com/channel/UC12HMtO5MYph9dCZZ7yygng,2026-03-06T14:41:20.677Z,17.0,65.5,17.0
Autotune - 15s ENG_Optimized,https://www.youtube.com/watch?v=v22DXSS8YeI,,,2026-03-06T11:37:54.709Z,16.0,11005.968,16.0
Ore-Ida Shredded Hash Browns,https://www.youtube.com/watch?v=A559-Zfoqqw,,,2026-03-06T11:37:48.280Z,7.0,6.429,6.429
Coslaying everyone’s childhood crush 🫶🏻,https://www.youtube.com/watch?v=ER_4EcNqvYQ,JourdanGames,https://www.youtube.com/channel/UCP6uPaIYN9N4Fy6lcOU3U7g,2026-03-06T11:33:51.888Z,17.0,236.392,17.0
RAFAYEL IS SUCH A TEASE OMG | Love and Deepspace,https://www.youtube.com/watch?v=QT-y9qQ-8us,Gacha Goblin,https://www.youtube.com/channel/UC8TPrM0t6pw2XYNbuFbYxcQ,2026-03-06T11:33:19.079Z,940.0,32.809,32.809
Let me wear the fashion sleeping bag…#jemandtheholograms  #dollcollector #vintagetoys,https://www.youtube.com/watch?v=-Wzory5Lzzs,MaryLoveMew,https://www.youtube.com/channel/UC4um4a73oGchTKih4rUhEwQ,2026-03-06T11:33:17.425Z,14.0,1.654,1.654
9-2_Rock_15s_Horizontal,https://www.youtube.com/watch?v=75pXeKYq4xA,,,2026-03-06T11:33:07.273Z,15.0,10.152,10.152
atleast they reunited 😿 #yujiitadori #megumi #jjkmodulo #jujutsukaisenmanga #itafushi,https://www.youtube.com/watch?v=h2Og7zUMlaw,kenyoii.,https://www.youtube.com/channel/UCD9JOAVTouL9ypd7N7JYSBw,2026-03-06T11:32:27.119Z,8.0,40.154,8.0
Unlock Buildings,https://www.youtube.com/watch?v=dTHhz3D7GjQ,,,2026-03-06T08:54:24.338Z,35.0,9482.781,35.0
"Please, your grandma’s were shorter. || History of Mini Skirts & Hemlines",https://www.youtube.com/watch?v=GBrJ4g1osD4,Trends of the Times,https://www.youtube.com/channel/UCtww7C-L5Aii9fROE6VcaGw,2026-03-06T08:51:03.536Z,55.0,200.802,55.0
LOVE AND DEEPSPACE.... Isn't failing lol,https://www.youtube.com/watch?v=XhgWQY9KKV8,Gacha Goblin,https://www.youtube.com/channel/UC8TPrM0t6pw2XYNbuFbYxcQ,2026-03-06T08:50:54.129Z,829.0,9.407,9.407
I watched Mulan 2...,https://www.youtube.com/watch?v=-SPur05VCT8,CeeAyeJay,https://www.youtube.com/channel/UChnlYqs5SaUBoI5N8oBxRRA,2026-03-06T08:50:53.194Z,53.0,0.935,0.935
RAFAYEL LIKES SEEING ME SUFFER I SWEAR,https://www.youtube.com/watch?v=nmjRwdYHfmc,Gacha Goblin,https://www.youtube.com/channel/UC8TPrM0t6pw2XYNbuFbYxcQ,2026-03-06T08:49:30.509Z,70.0,82.685,70.0
Why Does Turning Red Get So Many Weird Reviews?!,https://www.youtube.com/watch?v=OYzW1OSH714,Xiran Jay Zhao,https://www.youtube.com/channel/UCqSz_KlrE8_IDht7tWsQ-RA,2026-03-06T06:53:37.235Z,1529.0,6953.274,1529.0
Now Taxes is Expertise No Hidden Fees - TurboTax 2026 Commercial (TikTok :30),https://www.youtube.com/watch?v=OD-c6-WjnGM,,,2026-03-06T06:53:25.405Z,31.0,11.83,11.83
The Appropriate Fork | Luxe Value Menu | Taco Bell,https://www.youtube.com/watch?v=Uh2crct86BM,,,2026-03-06T06:53:18.988Z,7.0,6.417,6.417
EVERYTHING CULTURALLY RIGHT AND WRONG WITH MULAN 1998,https://www.youtube.com/watch?v=8SHC7CnmErM,Xiran Jay Zhao,https://www.youtube.com/channel/UCqSz_KlrE8_IDht7tWsQ-RA,2026-03-06T06:47:43.979Z,2322.0,335.009,335.009
Predator: Badlands | Now Streaming on Hulu and Hulu on Disney+,https://www.youtube.com/watch?v=PiyySWPM79U,,,2026-03-06T06:47:37.417Z,31.0,6.562,6.562
WE COULD'VE HAD IT ALLLLLLLL (My full #mulan analysis is right here on my channel btw),https://www.youtube.com/watch?v=22L_WbDxA7E,Xiran Jay Zhao,https://www.youtube.com/channel/UCqSz_KlrE8_IDht7tWsQ-RA,2026-03-06T06:46:50.132Z,24.0,47.285,24.0
Shopping Cart | All About You | GEICO Insurance,https://www.youtube.com/watch?v=yEYC4rlX_so,,,2026-03-06T05:18:50.978Z,16.0,5279.154,16.0
Influencer_15s_Vertical,https://www.youtube.com/watch?v=Km5w5buw95A,,,2026-03-06T05:18:35.660Z,16.0,15.318,15.318
See how Kasey Keller's LBCL Treatment Game Plan Led to Remission,https://www.youtube.com/watch?v=6MZXwW_BQ9E,,,2026-03-06T05:10:02.795Z,91.0,512.865,91.0
Chauffeur | $5/$7/$9 Luxe Boxes (Chicken Bacon Ranch Street Chalupas) | Taco Bell,https://www.youtube.com/watch?v=vPDZUp-40fQ,,,2026-03-06T05:09:47.384Z,16.0,15.411,15.411
UC Youtube 16x9,https://www.youtube.com/watch?v=PzJlxmuwooE,,,2026-03-06T05:06:25.191Z,46.0,202.193,46.0
Fountainhead | Farmers Insurance®,https://www.youtube.com/watch?v=50XqpgCkbp0,,,2026-03-06T05:06:10.001Z,16.0,15.19,15.19
"Ranking Your Video Game Fashion ""Hear Me Outs""",https://www.youtube.com/watch?v=8C3O8NbfnFU,clovergirle,https://www.youtube.com/channel/UCH920NsZf7Obss7Bl2WWi0w,2026-03-06T05:00:40.511Z,2124.0,329.49,329.49
Express March26 W 15 16x9.mp4,https://www.youtube.com/watch?v=05m317xdG34,,,2026-03-06T05:00:32.053Z,16.0,8.458,8.458
Leads Search Afeela Video V1 15s (5),https://www.youtube.com/watch?v=NtR8bRvyLm4,,,2026-03-06T05:00:16.590Z,16.0,15.463,15.463
Mini Sylus✨ | Love and Deepspace Art Animation #shorts,https://www.youtube.com/watch?v=eG8u_61CNx4,Angel,https://www.youtube.com/channel/UCK_Q1QYLS-2dJFzDyIJ4AYg,2026-03-06T04:59:09.322Z,13.0,67.268,13.0
Ranking the cutest Bridgerton BTS moments ✨ #BRIDGERTON #netflix #funny,https://www.youtube.com/watch?v=s8H1YlRt5Hw,allgood taliya,https://www.youtube.com/channel/UC00ctQOCAYWCdWHcSwMuULw,2026-03-06T04:11:36.871Z,42.0,2852.451,42.0
𝑰𝒕'𝒔 𝒋𝒖𝒔𝒕 𝒄𝒐𝒎𝒎𝒐𝒏 𝒔𝒆𝒏𝒔𝒆*ੈ✩‧₊˚,https://www.youtube.com/watch?v=uDaNwxsULa8,XG,https://www.youtube.com/channel/UC12HMtO5MYph9dCZZ7yygng,2026-03-06T04:11:14.525Z,17.0,22.346,17.0
Analyzing Eye Color in Interview With the Vampire | Video Essay,https://www.youtube.com/watch?v=Lap3bUS_Pv4,pumah,https://www.youtube.com/channel/UCrktVjzZCFEal-5Qq8nkaDw,2026-03-06T04:06:47.469Z,1085.0,267.056,267.056
Rafayel 5-Star memories I haven't played yet! 🥰 Love and Deepspace | Gameplay/REACTION,https://www.youtube.com/watch?v=MdMrUa8w9bY,Atomic Sade,https://www.youtube.com/channel/UCIqWP3AeIE5x9sjb2VPFeJA,2026-03-06T04:06:15.787Z,7358.0,31.682,31.682
🪷✨Floral Beauty ✨🪷 Winx Club Flora Doll Unboxing,https://www.youtube.com/watch?v=Wh_UDD0QrZI,Dollistic,https://www.youtube.com/channel/UCF6KY8BD03jmd_ZBkXEjQDQ,2026-03-06T04:04:04.045Z,606.0,131.742,131.742
The Real Reason Hakari Fell for Kirara EXPLAINED – Jujutsu Kaisen,https://www.youtube.com/watch?v=b3JZTslBtFs,Rewind Ramen,https://www.youtube.com/channel/UCAglI_RJAOawGkjPMbk0Qrw,2026-03-06T04:04:03.482Z,30.0,0.563,0.563
Matt Mahan for Governor: Housing,https://www.youtube.com/watch?v=hXmkTYs3NcU,,,2026-03-06T04:03:55.856Z,11.0,7.626,7.626
why she doing allat😭✌️#jjk#jujutsukaisen#gojo#gojosatoru#yujiitadori#yutaokkotsu#shorts#jjkseason3,https://www.youtube.com/watch?v=jwO7qjQk9ww,Noeheather,https://www.youtube.com/channel/UCeQaO7XmcjsdHlXzQ-vhMgQ,2026-03-06T03:41:44.393Z,14.0,1331.463,14.0
iGame_V_EN_AI_博德选人日漫3打码版_CB_184_1080x1920_30s_260107_NR_1079134,https://www.youtube.com/watch?v=5QgQTGpsbEU,,,2026-03-06T03:40:19.883Z,31.0,84.51,31.0
Zayne​Cosplay​#Zayne​#love​and​Deepspace​#fashiongoals #handsome​#Cute​boy​#fyp​#like​,https://www.youtube.com/watch?v=elkhJ7aeBDk,CUTH​-BOY​,https://www.youtube.com/channel/UCWWknMjIyMiuAM5VNlyl2Zw,2026-03-06T03:36:24.103Z,19.0,235.78,19.0
RAFAYEL'S BIRTHDAY PLUSHIES | Love and Deepspace #loveanddeepspace #shorts,https://www.youtube.com/watch?v=oozaaUjN_6I,Lavandyre2.0,https://www.youtube.com/channel/UCjCW7HXDxy-mnUJZsAp6m7w,2026-03-06T02:13:03.949Z,38.0,5000.154,38.0
his FACECARD never declined✌🏻🥹. # #megumi #toji #jjk #fyp #viral,https://www.youtube.com/watch?v=2bova8KqRes,GAAG EditZ,https://www.youtube.com/channel/UCEiSh228QResztHCKb-vxtA,2026-03-05T19:55:05.570Z,9.0,22678.379,9.0
"Introducing: Gatorade Lower Sugar. No artificial flavors, sweeteners, or colors.",https://www.youtube.com/watch?v=qtHbkb9koFE,,,2026-03-05T19:54:59.647Z,16.0,5.923,5.923
Sylus makes us Beg for it in his new promise card | Love and Deepspace,https://www.youtube.com/watch?v=k2zi4dwX4BQ,Love and Chickspace,https://www.youtube.com/channel/UC1aSEGq5jrlKnJa6SOWpxUQ,2026-03-05T18:04:30.224Z,4506.0,6629.423,4506.0
Gerudo Link + Urbosa Photoshoot ft. ​⁠@StellaChuu #botw,https://www.youtube.com/watch?v=MMypfs0NFTw,CutiePieSensei,https://www.youtube.com/channel/UCFTLkazurb0V9eyjLr7RL4g,2026-03-05T18:04:03.926Z,17.0,26.298,17.0
The Way They Reacted To A Baby😭💀,https://www.youtube.com/watch?v=GVmFCErG6ys,Immediately Know,https://www.youtube.com/channel/UC_bLbk-sInAhTe-eIxSuleA,2026-03-05T17:23:22.801Z,7.0,2441.125,7.0
#kirarahoshi #kirarahoshicosplay #jjk #jujutsukaisen #jujutsukaisencosplay,https://www.youtube.com/watch?v=C4t5sGmrX-4,Your anime waifu,https://www.youtube.com/channel/UCm_0WM7iUCMnRQtTIPcJ-FQ,2026-03-05T17:23:17.791Z,,5.01,5.01
𝐺𝑜𝑖𝑛𝑔 𝑢𝑝?🫧⊹₊˚⊹⋆,https://www.youtube.com/watch?v=494uSXQTfZQ,XG,https://www.youtube.com/channel/UC12HMtO5MYph9dCZZ7yygng,2026-03-05T17:22:58.520Z,15.0,19.271,15.0
A little trolling 🤪 || Love and Deepspace #mortalitytenderness #rafayel #rafayeledit #fypシ,https://www.youtube.com/watch?v=RNVY9lh0k-0,Pabels,https://www.youtube.com/channel/UC8zNeeXfMKySWLtwb0zjPHw,2026-03-05T17:18:55.278Z,97.0,243.242,97.0
aid105555-OLV-M/F EDU 2  - Educational Factors/Treatment Areas (Multicast),https://www.youtube.com/watch?v=iz_Nb-Vd6L4,,,2026-03-05T17:16:34.612Z,46.0,140.666,46.0
RMY593v29 YT 16x9 su 38s INT HK1156,https://www.youtube.com/watch?v=mYkF-MBBGes,,,2026-03-05T17:08:43.603Z,39.0,471.009,39.0
Duskbright Steps | Rafayel's B-day Memory! 🎈 Vesperine Glimmer Free 4⭐ & More ◇ Love and Deepspace ◇,https://www.youtube.com/watch?v=Eikoq42mCs4,Lalafluffbunny,https://www.youtube.com/channel/UCzO1RswSn-hQHwsBMYWgM-g,2026-03-05T17:03:51.122Z,23020.0,292.481,292.481
Zayne from Love and deepspace cosplay 🫶🏻 | #zayne #cosplay,https://www.youtube.com/watch?v=3sDk-127HKo,AKI ,https://www.youtube.com/channel/UC1AgfklCyjX4fObWrK7kb_w,2026-03-05T17:03:50.715Z,13.0,0.407,0.407
CEFCU Auto Loan Fit My Needs Promo 4.49% APR Rate - 06,https://www.youtube.com/watch?v=Lbsl_F5wisA,,,2026-03-05T17:03:46.889Z,7.0,3.826,3.826
Asana makes it easy to keep every team on the same page and every project on track,https://www.youtube.com/watch?v=VxQKcRYl2-U,,,2026-03-05T17:03:43.747Z,6.0,3.142,3.142
X Ray :15,https://www.youtube.com/watch?v=oIKMdOeax-s,,,2026-03-05T14:32:41.659Z,18.0,9062.088,18.0
Shortened: iGame_V_EN_JJ_黑化bgm迭代1_CB_184_1080x1920_45s_250418_NR_890849,https://www.youtube.com/watch?v=h4gxEkwQRow,,,2026-03-05T14:32:35.183Z,7.0,6.476,6.476
put the mouth scar and it's done #megumi #megumifushiguro #jjk #jujutsukaisenseason3 #fyp,https://www.youtube.com/watch?v=AGK_wqh9lgI,kenyoii.,https://www.youtube.com/channel/UCD9JOAVTouL9ypd7N7JYSBw,2026-03-05T14:31:13.642Z,8.0,81.541,8.0
Azzi Fudd | Miles That Matter | GEICO,https://www.youtube.com/watch?v=JujbzoQT4uE,,,2026-03-05T14:31:10.382Z,31.0,3.26,3.26
Just The Way You Are,https://www.youtube.com/watch?v=nAHDnuaIook,Milky - Topic,https://www.youtube.com/channel/UC8FfIzD5DkuqxwBu9bTJ1mA,2026-03-05T12:02:17.484Z,160.0,8932.898,160.0
Just The Way You Are,https://www.youtube.com/watch?v=xlmJZOxb-Nk,Milky - Topic,https://www.youtube.com/channel/UC8FfIzD5DkuqxwBu9bTJ1mA,2026-03-05T12:01:40.666Z,211.0,36.818,36.818
P500000 RD0490 NULL YOUTUBE FY27 RX Delivery   H&W HNW RMTT SFOE VID 1920x1080 15 GM AA EL 260107300,https://www.youtube.com/watch?v=VE0HtZqmzF4,,,2026-03-05T12:01:31.376Z,16.0,9.29,9.29
"Spin (Price, Pre-Avail) / 06 / USEN / 16:9 / Pre-Roll / Web Mix",https://www.youtube.com/watch?v=-jLuP-SnebY,,,2026-03-05T12:01:24.915Z,7.0,6.461,6.461
Middle Class Homes,https://www.youtube.com/watch?v=NFvkB__IAfo,,,2026-03-05T12:01:20.533Z,16.0,4.382,4.382
Gardeners | Farmers Insurance®,https://www.youtube.com/watch?v=cPaU_jg1QL0,,,2026-03-05T10:53:13.759Z,7.0,4086.774,7.0
🥀 playing as a cdrama concubine #cdrama #gaming #gamerecommendations #manhua,https://www.youtube.com/watch?v=79ZfYPowyqU,Chonnie,https://www.youtube.com/channel/UC_Wcz_xdzDrVERaTHuWLoBw,2026-03-05T10:49:22.227Z,26.0,231.532,26.0
Dr. ZOMBIE CALEB? 3RD MYTH... VEGGIES? | Love and Deepspace,https://www.youtube.com/watch?v=1E2dKORH1OY,Gacha Goblin,https://www.youtube.com/channel/UC8TPrM0t6pw2XYNbuFbYxcQ,2026-03-05T10:49:20.741Z,634.0,1.486,1.486
Electric Monopolies,https://www.youtube.com/watch?v=T7V-C8rxJUk,,,2026-03-05T10:49:18.278Z,16.0,2.463,2.463
Is this anime figure a flop?,https://www.youtube.com/watch?v=N7-kd59Vlxo,Addy,https://www.youtube.com/channel/UCrORuRGsAGn6fhi6Z0NaLzQ,2026-03-05T10:49:17.657Z,176.0,0.621,0.621
The Adventures of the Phillyboy: Origin Story,https://www.youtube.com/watch?v=VmlVTHoKJ4M,,,2026-03-05T10:49:14.117Z,16.0,3.54,3.54
Like father like son 🗣️ #jjks3 #jjkseason3 #megumi #toji #fypシ #anime #shorts #fypage,https://www.youtube.com/watch?v=0M6PHNKz9vg,KRRISH AMZ,https://www.youtube.com/channel/UCj8p8pDESjfd5dbEluYodag,2026-03-05T10:48:23.691Z,9.0,50.426,9.0
#cosplay​#handsome #Cute​boy​#fyp​#like​#china​#fashiongoals​#Zayne​#love​and​Deepspace​,https://www.youtube.com/watch?v=ZRmomS92BHg,CUTH​-BOY​,https://www.youtube.com/channel/UCWWknMjIyMiuAM5VNlyl2Zw,2026-03-05T09:41:30.839Z,15.0,4012.852,15.0
Caleb’s New Myth? MC as Diana #caleb #verdantwetlands #loveanddeepspace #mobilegame #analysis #otome,https://www.youtube.com/watch?v=840MQ9S7M9M,Serena N2D,https://www.youtube.com/channel/UCBvM3O5DdVO1Kaq8Dv5J5oA,2026-03-05T09:41:08.010Z,138.0,22.829,22.829
MitsuAya 💕💚 The Guy She Was Interested In Wasn't A Guy At All cosplay #mitsuaya #greenyuri,https://www.youtube.com/watch?v=RLZCwLsZKxc,v2niee,https://www.youtube.com/channel/UCZgzkdRwp3LUOUS3EQKCh6A,2026-03-05T09:41:01.252Z,6.0,6.758,6.0
cid=9470765865428400859e1279388932bf,https://www.youtube.com/watch?v=UaFjiZImaMY,,,2026-03-05T09:40:38.884Z,22.0,22.368,22.0
Millie’s 22nd birthday look review #fashionreview #review #fashion #looks,https://www.youtube.com/watch?v=XoUEulffOlo,The Carpet Critic,https://www.youtube.com/channel/UCdHzZv2lphusQtcPHKLRASQ,2026-03-05T08:06:38.681Z,60.0,5640.203,60.0
🤯OMFG IT'S ANGEWOMON!!!🤯Four Knights of the Apocalypse Chapter 228 Live Reaction,https://www.youtube.com/watch?v=IXFS20fobzo,Nerdigans Inc.,https://www.youtube.com/channel/UC4oZt4dh86B_L9wSLBuZ0Sg,2026-03-05T04:58:41.389Z,843.0,11277.292,843.0
ELIZABETH BECAME THE NEW SUPREME DEITY!? PERFECT TIME ACTIVATE! (Four Knights Of The Apocalypse 228),https://www.youtube.com/watch?v=324fkZJnhRk,The Greek Weeb,https://www.youtube.com/channel/UCQZzXNelNP8lAWsBgOr-m1Q,2026-03-05T04:57:38.195Z,1198.0,63.194,63.194
Elizabeth in Seven Deadly Sins 4 knights of the apocalypse #anime #sevendeadlysins #shorts,https://www.youtube.com/watch?v=K6GHaqSEYwY,Toon B.D.G.,https://www.youtube.com/channel/UCck0Yi23TfBODLXFFZqHukg,2026-03-05T04:57:37.209Z,29.0,0.986,0.986
Fountainhead | Farmers Insurance®,https://www.youtube.com/watch?v=50XqpgCkbp0,,,2026-03-05T04:57:33.774Z,16.0,3.435,3.435
MOTHER!🥀 NEW Monster High WEDNESDAY Morticia Addams!!💋🍵🔥 #dolls #monsterhigh #wednesday #shorts,https://www.youtube.com/watch?v=uCa0FOZAkFM,PeachY Reviews,https://www.youtube.com/channel/UCZWmCH5EzhkuRT3hU0SSaHw,2026-03-05T04:29:51.923Z,63.0,1661.851,63.0
𝐁𝐚𝐜𝐤 𝐢𝐧 𝐛𝐥𝐚𝐜𝐤🖤꒱ˎˊ˗˖⊹⋆,https://www.youtube.com/watch?v=dnZAhipVaWY,XG,https://www.youtube.com/channel/UC12HMtO5MYph9dCZZ7yygng,2026-03-05T04:29:19.714Z,28.0,32.209,28.0
MC is Great… But Could be Better.,https://www.youtube.com/watch?v=xVqqQHPXdxA,Claire Chen in Space,https://www.youtube.com/channel/UCQKAe8CG1adMAvHlksYP39g,2026-03-05T01:24:41.287Z,399.0,11078.427,399.0
What is The Genre of Love and Deepspace?,https://www.youtube.com/watch?v=ysWFn0sIoNs,Claire Chen in Space,https://www.youtube.com/channel/UCQKAe8CG1adMAvHlksYP39g,2026-03-05T01:23:50.500Z,650.0,50.787,50.787
【 Megumi Fushiguro 🤫 『 Jujutsu Kaisen Edit 🔥』#manga #anime #megumi #jjk #gojo,https://www.youtube.com/watch?v=z_e-MyDZo0I,SATURO-悟る,https://www.youtube.com/channel/UCx_S9mKWWBg9GqKlJFGYIeg,2026-03-05T01:23:43.983Z,23.0,6.517,6.517
9 year old ATTEMPTS HEATLESS curls?! 😳 #shorts #cute #hair,https://www.youtube.com/watch?v=mZZMGkBuDzg,Jacqueline Woodwell,https://www.youtube.com/channel/UCYEWRxUoOQdOCLab1SAyVLA,2026-03-05T00:39:53.021Z,64.0,2630.962,64.0
恋と深空体験レポ #恋と深空 #shorts #pr,https://www.youtube.com/watch?v=RZOeu1enFT4,崖っぷちけぷ子,https://www.youtube.com/channel/UCsT3VcaibIr9GBhGHNG7PVg,2026-03-04T11:43:50.075Z,56.0,46562.946,56.0
Another city another jellycat!! 💂‍♀️🏰🎡🇬🇧,https://www.youtube.com/watch?v=gGRpiAHsPNA,Lalaleluu,https://www.youtube.com/channel/UCQVmeRY3N2sN1lU6zajlVFQ,2026-03-04T09:46:43.229Z,155.0,7026.846,155.0
his FACECARD never declined✌🏻🥹. # #megumi #toji #jjk #fyp #viral,https://www.youtube.com/watch?v=tKTobo6Waaw,kenyoii.,https://www.youtube.com/channel/UCD9JOAVTouL9ypd7N7JYSBw,2026-03-04T09:45:46.267Z,9.0,56.962,9.0
Plastique Vietnamese Wedding Transformation,https://www.youtube.com/watch?v=UadjuNdz79w,Plastique Tiara,https://www.youtube.com/channel/UCSwl9DAdv_x90Ywsf7b3lnQ,2026-03-04T08:31:24.632Z,51.0,4461.635,51.0
The Terrifying Psychopath: Lemonette | Love and Deepspace,https://www.youtube.com/watch?v=AFiTiZ2_7_c,Claire Chen in Space,https://www.youtube.com/channel/UCQKAe8CG1adMAvHlksYP39g,2026-03-04T08:31:13.132Z,395.0,11.5,11.5
XG - HYPNOTIZE (Official Music Video),https://www.youtube.com/watch?v=cUfDOS2SINM,XG,https://www.youtube.com/channel/UC12HMtO5MYph9dCZZ7yygng,2026-03-04T08:28:11.695Z,190.0,181.437,181.437
Wallet | All About You | GEICO Insurance,https://www.youtube.com/watch?v=qK6MMMjQ8iE,,,2026-03-04T08:27:54.439Z,31.0,17.256,17.256
Women_ThemeG_16x9_Wellness_Move_6s_Video.mp4.mp4 2,https://www.youtube.com/watch?v=hDqZA-XKG90,,,2026-03-04T08:27:47.967Z,7.0,6.472,6.472
Light Elizabeth Ultimate - Grand Cross,https://www.youtube.com/watch?v=Myj6uK0Vh38,VADER SENPAII,https://www.youtube.com/channel/UCeBqexYFaSug82ZYgqas0Ww,2026-03-04T08:27:13.046Z,19.0,34.921,19.0
"[7DS Grand Cross] : Elizabeth & Uncle King ""Goddess Garden"" #7dsgrandcross #game",https://www.youtube.com/watch?v=v4URLYz7ajQ,NusiMoko Gaming,https://www.youtube.com/channel/UC65SCsDvhwAaWUv2qTHnUsw,2026-03-04T08:27:05.858Z,27.0,7.188,7.188
The Seven Deadly Sins: Grand Cross👉🏼Elizabeth👈🏼,https://www.youtube.com/watch?v=5gfc7vhmTWk,🎮RAFIQ 7DS🎮,https://www.youtube.com/channel/UCodCUpUl6eSDwQ09CFOru0g,2026-03-04T08:26:27.313Z,52.0,38.545,38.545
7 Deadly Sins Goddess Elizabeth Moveset,https://www.youtube.com/watch?v=L9iO2ixln5c,OinK Gaming,https://www.youtube.com/channel/UCGzlzbsEVzJNJW_es9a0iDw,2026-03-04T08:26:17.006Z,96.0,10.307,10.307
[Showcase] Goddess Elizabeth - Skills Animations (7DS: Grand Cross),https://www.youtube.com/watch?v=Oq9aPfDk8_E,1440pGamer,https://www.youtube.com/channel/UCfut5axE1po9S6siC9XXp3A,2026-03-04T08:25:59.327Z,65.0,17.679,17.679
Elizabeth Liones x Bloody Eli #nanatsunotaizai #sevendeadlysins #goddess #anime #edit,https://www.youtube.com/watch?v=RSp9OgIzKY0,Zoraymo Galaxy 5,https://www.youtube.com/channel/UCvGvoJ7iwAI9Q98Q7SYitmQ,2026-03-04T08:25:30.795Z,16.0,28.532,16.0
Bloodie Ellie goes hard fr #sds #nanatsunotaizai #sevendeadlysins #elizabethliones,https://www.youtube.com/watch?v=b1iFBSXYU78,Kiyurix ,https://www.youtube.com/channel/UCeDioogTVVIoTd3PHxlvyMw,2026-03-04T08:25:27.290Z,25.0,3.505,3.505
Bloody Eli~ #7ds #bloddyeli #elizabeth #sevendeadlysins #meliodas #edit #anime #capcut,https://www.youtube.com/watch?v=8MWoUeCJInw,_Astrø.vps0,https://www.youtube.com/channel/UCVITwwE5Nkl5q6Lrc0ECv4w,2026-03-04T08:25:18.974Z,25.0,8.316,8.316
💔 The Truth Behind Meliodas & Elizabeth's Past! 😱🔥 A Love Cursed for Eternity! #7DS #Anime,https://www.youtube.com/watch?v=LLVrNSFVYfI,Xbo,https://www.youtube.com/channel/UCm_IEEn7hn_4_kntErqaSiQ,2026-03-04T08:22:10.003Z,43.0,188.971,43.0
When Did You Get Sooo Hot?! | Duskbright Steps Playthrough | Love and Deepspace,https://www.youtube.com/watch?v=o416MAVVFtg,LADSButterfly,https://www.youtube.com/channel/UCKS7kCu-8SwNhcqjMmoqAnQ,2026-03-04T08:20:40.396Z,14.0,89.607,14.0
Doll NEWS RECAP: FEBRUARY 2026 Edition!💖🔥🍵,https://www.youtube.com/watch?v=5Q6Ihg83BQg,PeachY Reviews,https://www.youtube.com/channel/UCZWmCH5EzhkuRT3hU0SSaHw,2026-03-04T08:19:59.600Z,1780.0,40.796,40.796
That DRESS💀 SKULLECTOR Coraline Doll REVEAL!!💙🔥🍵 #dolls #monsterhigh #coraline #shorts #doll,https://www.youtube.com/watch?v=4klHrGMM2Ig,PeachY Reviews,https://www.youtube.com/channel/UCZWmCH5EzhkuRT3hU0SSaHw,2026-03-04T08:19:59.282Z,94.0,0.318,0.318
Save Your Way™ only at Hotels.com,https://www.youtube.com/watch?v=TSi1f2ppUB4,,,2026-03-04T08:19:56.508Z,,2.774,2.774
Chick-fil-A | GM | Beverage – Old School Cool | :06 | OLV,https://www.youtube.com/watch?v=TiL1LuTqjdE,,,2026-03-04T08:19:55.041Z,7.0,1.467,1.467
Puffs Plus Lotion Tissues: Billy Sneeze (:06),https://www.youtube.com/watch?v=4rG1jmk7_FM,,,2026-03-04T08:19:52.862Z,7.0,2.179,2.179
#otomegames #anime #sylus #mysticmessanger,https://www.youtube.com/watch?v=GUrIx29_Q1c,V!CE Watched it,https://www.youtube.com/channel/UCFlct_bS2bnjK0z0OxB9T6Q,2026-03-04T08:19:31.388Z,7.0,21.474,7.0
XG moving like this on Korean TV?? I’m gone  #xg,https://www.youtube.com/watch?v=fHcvnw_ulcU,XG Edits,https://www.youtube.com/channel/UCWyggKv7_L5KK0zJyRGHkmQ,2026-03-04T05:47:05.027Z,11.0,9146.361,11.0
Single mom LOVESTORY?!? 🫣 #shorts #family #cute,https://www.youtube.com/watch?v=q_UFre29fBg,Jacqueline Woodwell,https://www.youtube.com/channel/UCYEWRxUoOQdOCLab1SAyVLA,2026-03-04T04:28:01.013Z,8.0,4744.014,8.0
What the Kids Who Didn't Have WoW Played Instead,https://www.youtube.com/watch?v=EE0fQKS_cv4,clovergirle,https://www.youtube.com/channel/UCH920NsZf7Obss7Bl2WWi0w,2026-03-04T03:27:12.302Z,1869.0,3648.711,1869.0
WE NEED BRAZILIAN MIKU FIGURE 😮‍💨 #art #artist #fyp #foryou #yt #ytshorts #shorts #reels #tiktok,https://www.youtube.com/watch?v=6Ute4Z0Qjtc,Burger Flipper,https://www.youtube.com/channel/UCTMdkDQE08GtAhDxl4fYtFA,2026-03-04T03:27:11.144Z,9.0,1.158,1.158
Is it crazy to film 3 AM zoomies? Or is it love?,https://www.youtube.com/watch?v=btlspc2JcPw,,,2026-03-04T03:27:04.202Z,7.0,6.942,6.942
Five Completely Different Vibes | Mortality's Tenderness MC Breakdown,https://www.youtube.com/watch?v=muBJTZg-Ros,Love and Chickspace,https://www.youtube.com/channel/UC1aSEGq5jrlKnJa6SOWpxUQ,2026-03-04T03:26:53.637Z,344.0,10.565,10.565
Love and Deepspace | Trailer of New 5-Star Memory [Zayne: Everlasting Wish] Released!,https://www.youtube.com/watch?v=pmdA2kJZiOo,Love and Deepspace ,https://www.youtube.com/channel/UCSYnLE11DE8q5Q9eqbG5eTw,2026-03-04T03:20:45.413Z,81.0,368.224,81.0
Love and Deepspace | Boundless Seas,https://www.youtube.com/watch?v=YU4_hpGN79c,Love and Deepspace ,https://www.youtube.com/channel/UCSYnLE11DE8q5Q9eqbG5eTw,2026-03-04T03:20:02.242Z,85.0,43.171,43.171
Shortened: iGame_V_EN_JJ_黑化bgm迭代1_CB_184_1080x1920_45s_250418_NR_890849,https://www.youtube.com/watch?v=h4gxEkwQRow,,,2026-03-04T03:19:41.003Z,7.0,21.239,7.0
$9.99 for any pizza with any toppings. Truly. Honestly. The Best Deal Ever 🏆 Speechless.,https://www.youtube.com/watch?v=thVsJO0wLoc,,,2026-03-03T14:05:33.636Z,7.0,47647.367,7.0
Secret JFM26 WNBA CQC Aja ENG 15s OLV 16x9 PGSC4837000H Jan26,https://www.youtube.com/watch?v=R8MRo6LAs8Q,,,2026-03-03T14:05:18.373Z,16.0,15.263,15.263
Did I Really Wear THAT?! Plastique Tiara Reacts to Season 11 Looks 😳,https://www.youtube.com/watch?v=S2aQqQcaXsc,Plastique Tiara,https://www.youtube.com/channel/UCSwl9DAdv_x90Ywsf7b3lnQ,2026-03-03T14:02:20.429Z,1538.0,177.944,177.944
Rate our catwalks! (Rosalina: @pearllhime Sephiroth: @allthepotsnpans ) #cosplay #videogames,https://www.youtube.com/watch?v=vjGp1-KP3H0,Sailor Scholar,https://www.youtube.com/channel/UCmQ42_Qd78jr1vcI8Oo4Jgw,2026-03-03T14:02:02.640Z,17.0,17.789,17.0
Old Spice-Brand-ENG-Cosmic Quest Deo PBA-APDO/PCC-6-Bumper-16x9-,https://www.youtube.com/watch?v=kWnZyUv_vII,,,2026-03-03T14:02:00.261Z,6.0,2.379,2.379
What’s the vibe for you guys today? #rosalina #cosplay,https://www.youtube.com/watch?v=R8REOZYEsIs,My Oh Mya,https://www.youtube.com/channel/UCApdDhcTKu05OHydNdQUZOQ,2026-03-03T14:01:59.098Z,8.0,1.163,1.163
Good Hands,https://www.youtube.com/watch?v=I3s1cGP-Yc8,,,2026-03-03T14:01:55.500Z,16.0,3.598,3.598
"Daisy, Rosalina, and Peach racing bike suits cosplay ⭐️🏁🏎",https://www.youtube.com/watch?v=OpEac0kmzZk,Raine Emery,https://www.youtube.com/channel/UCzoSsShyKaUKrEYC1v8T9fA,2026-03-03T14:01:21.408Z,12.0,34.092,12.0
#otomegames #sylus #anime #loveanddeepspacegameplay,https://www.youtube.com/watch?v=IhzB43x9wAA,V!CE Watched it,https://www.youtube.com/channel/UCFlct_bS2bnjK0z0OxB9T6Q,2026-03-03T13:59:19.127Z,8.0,122.281,8.0
First time trying din tai fung and I am slightly disappointed 🙂,https://www.youtube.com/watch?v=3gaCUeu1Q-k,Lalaleluu,https://www.youtube.com/channel/UCQVmeRY3N2sN1lU6zajlVFQ,2026-03-03T13:58:57.782Z,117.0,21.345,21.345
"Ranking Your Video Game Fashion ""Hear Me Outs""",https://www.youtube.com/watch?v=8C3O8NbfnFU,clovergirle,https://www.youtube.com/channel/UCH920NsZf7Obss7Bl2WWi0w,2026-03-03T13:58:35.369Z,2124.0,22.413,22.413
All Stars 2026!,https://www.youtube.com/watch?v=htoH1c6YfmY,,,2026-03-03T13:58:27.922Z,15.0,7.447,7.447
GBPWB26 POLV YouTube 1920x1080 15s US EN ZenCommuteAV 50587 011533 273468,https://www.youtube.com/watch?v=pdPYScxlfu8,,,2026-03-03T13:58:12.527Z,16.0,15.395,15.395
Just Dance,https://www.youtube.com/watch?v=ACNwMzZejQQ,Lady Gaga - Topic,https://www.youtube.com/channel/UCGKXb1syicud01CJOOFRykg,2026-03-03T11:54:04.649Z,242.0,7447.878,242.0
Love Hypnotise ♡ | #xg #hypnotise #viral #kpop #jpop #fypシ #fun #hair #trending #trend #hypnotize,https://www.youtube.com/watch?v=F3MdDZyacbM,𝚈𝚞𝚔𝚒 ⟡˖ ࣪,https://www.youtube.com/channel/UCncyCKDZsTGvwBKeQbUxArg,2026-03-03T11:45:51.751Z,20.0,492.898,20.0
"LEON: We’re in this together—me, you, and Jake — Game of the Year confirmed.",https://www.youtube.com/watch?v=8WnMl1KcNhg,Ditech Gaming,https://www.youtube.com/channel/UCBn3SzNyicS1hmsZU-0rM_g,2026-03-03T11:45:34.527Z,20.0,17.224,17.224
Zelda Breath of the Wild SUS Moments,https://www.youtube.com/watch?v=bge-zAdOOrs,WhitmasCooks,https://www.youtube.com/channel/UCl26hXznDwZEAZ5_6OaojrA,2026-03-03T11:44:26.905Z,425.0,67.622,67.622
Which Protocores to Decompose pt 2,https://www.youtube.com/watch?v=Gl1dut7FLa0,Thalry Games,https://www.youtube.com/channel/UCoDm5lnsbMON4RUYrU9gEjQ,2026-03-03T11:44:22.728Z,26.0,4.177,4.177
Sensitive Teeth? Try NEW Sensodyne Clinical Repair,https://www.youtube.com/watch?v=yJHzdyfeH6g,,,2026-03-03T11:44:16.346Z,7.0,6.382,6.382
Fountainhead | Farmers Insurance®,https://www.youtube.com/watch?v=50XqpgCkbp0,,,2026-03-03T11:44:11.476Z,16.0,4.87,4.87
매력 미쳤네ㅋㅋㅋㅋㅋㅋ,https://www.youtube.com/watch?v=uVlkjJwUoww,젠지밈,https://www.youtube.com/channel/UC77-OwrqI9W97_fk_jskDxg,2026-03-03T11:43:36.773Z,49.0,34.703,34.703
Happy Valentines Day 💖 #kidicarus #smashbros #pit #palutena #cosplay #kidicarusuprising #cosplayer,https://www.youtube.com/watch?v=i2V6_T-oneY,Re:Star ,https://www.youtube.com/channel/UCcnY_0I8DIMKTMDs0PmkJrg,2026-03-03T11:43:24.745Z,14.0,12.028,12.028
"Rafayel ""Duskbright Steps"" FULL Reaction 🐟🎓 + Birthday Rerun Kindled | Love and Deepspace",https://www.youtube.com/watch?v=RzGxG4eMLRw,Virtual Heartbeats,https://www.youtube.com/channel/UClyYompNxymxKtkFrf7xcmQ,2026-03-03T11:37:24.678Z,3807.0,360.067,360.067
Ditch The Tricks Revised Endcard OLV GM 06 KNZY0328000H,https://www.youtube.com/watch?v=Zq6_YWFhM-0,,,2026-03-03T11:35:49.753Z,7.0,94.925,7.0
Munch Better Deals | One Thing | Jack in the Box,https://www.youtube.com/watch?v=KF8TY_p5RI4,,,2026-03-03T11:35:43.367Z,7.0,6.386,6.386
When the Hero Can’t Speak,https://www.youtube.com/watch?v=xsZZrpK7vRM,Deerstalker Pictures,https://www.youtube.com/channel/UCEqT_Q5_ijLOcVv930jSimg,2026-03-03T11:34:53.799Z,60.0,49.568,49.568
2次元が3次元になって頭バグった😵‍💫💞#恋と深空 #推し活 #社会人vlog,https://www.youtube.com/watch?v=JTbNmq95zcQ,やまこ / yamako,https://www.youtube.com/channel/UCEZo10UOqOQr35_k2ta9Zaw,2026-03-03T11:34:22.873Z,60.0,30.926,30.926
Get them both,https://www.youtube.com/watch?v=c01sD-_4jL8,,,2026-03-03T11:26:10.035Z,64.0,492.838,64.0
DO NOT TRUST SOMEONE ELSE WITH YOUR ACCOUNT | Love and Deepspace,https://www.youtube.com/watch?v=eEMVOTfTOaE,Dawn🪻,https://www.youtube.com/channel/UCV7onSbW1jp6E-61b1rbKZA,2026-03-03T11:20:23.642Z,1170.0,346.393,346.393
"Hoppers | ""Funniest Movie Review"" | In Theaters Friday",https://www.youtube.com/watch?v=IUKUsxbUevc,,,2026-03-03T11:20:07.452Z,16.0,16.19,16.0
Split :06,https://www.youtube.com/watch?v=LosaIvhWVqc,,,2026-03-03T11:20:01.040Z,7.0,6.412,6.412
ANOTHER CALEB 3rd MYTH VEGGIE! | Love and Deepspace,https://www.youtube.com/watch?v=Mn_Y_ZFUG_A,Gacha Goblin,https://www.youtube.com/channel/UC8TPrM0t6pw2XYNbuFbYxcQ,2026-03-03T11:16:19.971Z,562.0,221.069,221.069
We know women’s healthcare has felt outdated. Hers makes it modern and accessible.,https://www.youtube.com/watch?v=gIrIbOfKsuw,,,2026-03-03T11:16:13.744Z,154.0,6.227,6.227
Clorox Scentiva,https://www.youtube.com/watch?v=WYFcrFvpkkM,,,2026-03-03T10:13:46.686Z,16.0,3747.058,16.0
🍎Caleb & Waterproof Bandage 🩹 facial accessory  - LOVE AND DEEPSPACE💫,https://www.youtube.com/watch?v=pKFpnGpTFOs,Dark Grimreaper91,https://www.youtube.com/channel/UC7KU3iIG9uvRasZ4AOKD7_w,2026-03-03T10:04:47.741Z,72.0,538.945,72.0
Nick Apostolides On Evolving Leon S. Kennedy,https://www.youtube.com/watch?v=ZqpUwrdhucc,Shacknews Interviews,https://www.youtube.com/channel/UCWdXbx28xPxbotxGIQDjIbA,2026-03-03T10:04:33.947Z,1236.0,13.794,13.794
Infold Chose to Protect LADS | FANDOM SPECULATION | Love and Deepspace,https://www.youtube.com/watch?v=vUHKGa8qGwc,Gacha Goblin,https://www.youtube.com/channel/UC8TPrM0t6pw2XYNbuFbYxcQ,2026-03-03T10:04:15.617Z,1227.0,18.33,18.33
Know it all with IWant,https://www.youtube.com/watch?v=GBmZDc7gaHk,,,2026-03-03T10:04:08.880Z,16.0,6.737,6.737
"Fast, Free Delivery That Keeps Life Moving | The Home Depot",https://www.youtube.com/watch?v=P-gzkIVZawI,,,2026-03-03T10:03:53.562Z,16.0,15.318,15.318
katseye overused memes |,https://www.youtube.com/watch?v=SLgxfCe-_NI,⊱ᴡɪɴᴛᴇʀ,https://www.youtube.com/channel/UCUQIq6UPF4lgnT9DB_WZsIw,2026-03-03T07:09:36.932Z,35.0,10456.63,35.0
"Rafayel ""Duskbright Steps"" FULL Reaction 🐟🎓 + Birthday Rerun Kindled | Love and Deepspace",https://www.youtube.com/watch?v=RzGxG4eMLRw,Virtual Heartbeats,https://www.youtube.com/channel/UClyYompNxymxKtkFrf7xcmQ,2026-03-03T07:09:07.464Z,3807.0,29.468,29.468
Professor Rafayel's Birthday Date! Duskbright Steps Event Gameplay,https://www.youtube.com/watch?v=iRk9m6sTqJg,Mana,https://www.youtube.com/channel/UC9KUC-0isi4Z59XvcuGkNMw,2026-03-03T07:08:56.040Z,25118.0,11.424,11.424
Happy Birthday Rafayel Minigame Episode 2 - Did you know...? - Love and Deepspace,https://www.youtube.com/watch?v=ZPsqDj5ygRQ,Meira's Multiverse,https://www.youtube.com/channel/UCXuZqFldsTgxISbZr8nTDyw,2026-03-03T07:08:38.776Z,1028.0,17.264,17.264
🍎🍋FINALLY R3 CALEB: CHASING SUMMER - LOVE AND DEEPSPACE💫,https://www.youtube.com/watch?v=xLrqTJIKAGU,Dark Grimreaper91,https://www.youtube.com/channel/UC7KU3iIG9uvRasZ4AOKD7_w,2026-03-03T07:07:48.440Z,38.0,50.336,38.0
Rafayel Does It Again... | Duskbright Steps Pulls | Love and Deepspace,https://www.youtube.com/watch?v=K28H6JGgmLg,LADSButterfly,https://www.youtube.com/channel/UCKS7kCu-8SwNhcqjMmoqAnQ,2026-03-03T06:57:29.043Z,388.0,619.397,388.0
Simple difference nobody talks about #LoveandDeepspace #shorts,https://www.youtube.com/watch?v=HIxs7dqx80Q,Love and Chickspace,https://www.youtube.com/channel/UC1aSEGq5jrlKnJa6SOWpxUQ,2026-03-03T06:57:03.350Z,7.0,25.693,7.0
9 year old UNBOXES SuRpRiSE DUMPLINGS 🫣🫢 #shorts #unboxing #vlog #cute,https://www.youtube.com/watch?v=WYcAK-4gZ5g,Jacqueline Woodwell,https://www.youtube.com/channel/UCYEWRxUoOQdOCLab1SAyVLA,2026-03-03T06:56:38.362Z,40.0,24.988,24.988
This Higuruma Meme Still Gets Complaints? 😭 #jjk #jujutsukaisen #shorts,https://www.youtube.com/watch?v=CEHsnb10YY8,WEEB Choices,https://www.youtube.com/channel/UCjwpJEqZXiDrvRjNhOokv4g,2026-03-03T02:00:57.158Z,60.0,17741.204,60.0
Celebrating with LORD FISHIE! and More! - Rafayel's Birthday Weekend Recap Love and Deepspace,https://www.youtube.com/watch?v=R3T8UsXRsHI,Meira's Multiverse,https://www.youtube.com/channel/UCXuZqFldsTgxISbZr8nTDyw,2026-03-03T02:00:24.187Z,799.0,32.971,32.971
Love and Deepspace | Where Drakeshadows Fall Rerun,https://www.youtube.com/watch?v=InOoqMrafZs,Love and Deepspace ,https://www.youtube.com/channel/UCSYnLE11DE8q5Q9eqbG5eTw,2026-03-03T01:00:41.531Z,192.0,3582.656,192.0
Google Pixel 10a | Gemini Live,https://www.youtube.com/watch?v=tHTcocmVHJM,,,2026-03-03T00:59:39.633Z,16.0,61.898,16.0
KATSEYE Megan's Deleted Post Sparks Speculation Over Manon's Hiatus #kpop,https://www.youtube.com/watch?v=hMMb9YxdYfo,KPOP Mae-il,https://www.youtube.com/channel/UCPDZnFbLVlhVFCY7JvxmdqQ,2026-03-02T14:48:25.363Z,27.0,36674.27,27.0
MEGUMI EE😭#jjk#jujutsukaisen#gojo#gojosatoru#yujiitadori#yutaokkotsu#shorts,https://www.youtube.com/watch?v=Mncag35vnaw,TooTired,https://www.youtube.com/channel/UC4OImAOG1GgZVO5assDVzTg,2026-03-02T14:48:00.708Z,14.0,24.655,14.0
2000s-2010s Shipping Culture was Peak Insanity,https://www.youtube.com/watch?v=cLeDEV8W1UM,𝒫𝓁𝑜𝑜𝓅𝒾𝑒,https://www.youtube.com/channel/UC9erhlLXKT0gg2cu45D2rYg,2026-03-02T14:47:49.361Z,897.0,11.347,11.347
Save the Everyday - Western :15 US EN,https://www.youtube.com/watch?v=OrhUgGKyy38,,,2026-03-02T14:47:41.978Z,15.0,7.383,7.383
Fountainhead | Farmers Insurance®,https://www.youtube.com/watch?v=50XqpgCkbp0,,,2026-03-02T14:47:26.711Z,16.0,15.267,15.267
Official first look at the new Coraline doll! #doll #coraline #monsterhigh,https://www.youtube.com/watch?v=-h3FdJ7OGPA,Ashley,https://www.youtube.com/channel/UC26LK8uv2UF9HtDOVEBbJQg,2026-03-02T14:47:08.916Z,39.0,17.795,17.795
Zayne​Cosplay​#Zayne​#love​and​Deepspace​ #handsome #like #fyp​#handsome​,https://www.youtube.com/watch?v=LY8VVToLLj8,CUTH​-BOY​,https://www.youtube.com/channel/UCWWknMjIyMiuAM5VNlyl2Zw,2026-03-02T14:46:41.201Z,11.0,27.715,11.0
We get absolutely NOTHING 😭,https://www.youtube.com/watch?v=wlAGcpclim4,kindredspiritva,https://www.youtube.com/channel/UCnpzoV0y8oBQTD-xyjW4yog,2026-03-02T14:46:11.937Z,26.0,29.264,26.0
What happened to Barbie fashion?,https://www.youtube.com/watch?v=0yVRkI8up5g,Aliflower,https://www.youtube.com/channel/UCICQcjx4-L-0H8NxI09h1Lw,2026-03-02T11:48:07.399Z,1095.0,10684.538,1095.0
Becoming a Disney Creator | Happy Blonde,https://www.youtube.com/watch?v=spYl_bQRPH4,Happy Blonde,https://www.youtube.com/channel/UC7Qa0HkHUqOAb0XSDGBCKkQ,2026-03-02T11:47:51.732Z,832.0,15.667,15.667
Is It Wrong To Kiss The Ghost? |  PART 1 Homicipher ALL ENDINGS | Horror Dating Sim Game,https://www.youtube.com/watch?v=qVuce8XXYJM,Hello Yinny,https://www.youtube.com/channel/UC7dWlmTH5lxaDCRHzkIxOog,2026-03-02T11:47:36.111Z,1215.0,15.621,15.621
KATSEYE.,https://www.youtube.com/watch?v=gEgqyW5QlAY,AAnana.,https://www.youtube.com/channel/UCVP5hgT8lqbx3n2JRdnFN7Q,2026-03-02T11:47:35.185Z,12.0,0.926,0.926
You're already craving it. Don't fight it...cause it's just $9.99. 😮‍💨❤️‍🔥🍕,https://www.youtube.com/watch?v=6KQjuhZL4ss,,,2026-03-02T11:47:33.117Z,7.0,2.068,2.068
A Cookie Crush on Cloud Nine,https://www.youtube.com/watch?v=ilbv1AEmu1E,,,2026-03-02T11:47:28.661Z,61.0,4.456,4.456
STOP MISSING This Item Rarity Indicator in Love and Deepspace!,https://www.youtube.com/watch?v=2rgvjrK3HLc,Thalry Games,https://www.youtube.com/channel/UCoDm5lnsbMON4RUYrU9gEjQ,2026-03-02T11:44:31.776Z,49.0,176.885,49.0
Most Controversial Disney Princess Dress #disney #princess #dress,https://www.youtube.com/watch?v=OkGuX7akVhc,Samantha Zazz,https://www.youtube.com/channel/UCPTdcbFdrXZZl5en87qxE4Q,2026-03-02T11:24:48.811Z,30.0,1182.965,30.0
Introducing CeraVe's New Face of Legs,https://www.youtube.com/watch?v=LkhwwN9pZf8,,,2026-03-02T11:24:42.732Z,7.0,6.079,6.079
A normal day for a princess performer! #cosplaywig #princessparty #wigstyling #partyprincess,https://www.youtube.com/watch?v=Acy8poDNBUg,Wigs by Coddi,https://www.youtube.com/channel/UCiiNmN45IGozgWaxJKlvInQ,2026-03-02T11:24:27.726Z,181.0,15.006,15.006
When you’re aging but your hobbies never did #monsterhigh #itsmybirthday!,https://www.youtube.com/watch?v=xBNe52tFhno,MonsterHighLuvMe,https://www.youtube.com/channel/UCk2LTqZt6ELZ3XEKgLXEkdg,2026-03-02T11:18:28.682Z,11.0,359.044,11.0
Ranking EVERY Disney Princess Design ,https://www.youtube.com/watch?v=KV_UPDmy8vk,Aliflower,https://www.youtube.com/channel/UCICQcjx4-L-0H8NxI09h1Lw,2026-03-02T10:59:38.623Z,1279.0,1130.059,1130.059
Re-designing Disney Princesses Based on Their Release Date ,https://www.youtube.com/watch?v=oDJUqlw0kTU,Aliflower,https://www.youtube.com/channel/UCICQcjx4-L-0H8NxI09h1Lw,2026-03-02T10:58:36.580Z,966.0,62.043,62.043
Cartoon Network's Tubi Takeover GETS EVEN BETTER,https://www.youtube.com/watch?v=mjNDKL4e_sI,The Roundtable,https://www.youtube.com/channel/UCnZrjucYjaXKUx8rD3qOBlw,2026-03-02T10:58:19.013Z,495.0,17.567,17.567
https://www.youtube.com/watch?v=1p-tztz9W3A,https://www.youtube.com/watch?v=1p-tztz9W3A,,,2026-03-02T10:58:17.792Z,,1.221,1.221
Google Pixel 10 Pro | Oscar Piastri's Switcher Story,https://www.youtube.com/watch?v=iPef56BgOdU,,,2026-03-02T10:58:10.065Z,15.0,7.727,7.727
Safeguard JFM26 Skin Zen MomentOfZen Eng 15 YT 16x9 PGSG2397000H,https://www.youtube.com/watch?v=8NAs48eYBIA,,,2026-03-02T09:48:51.925Z,16.0,4158.14,16.0
onX Access & Stewardship | Rebuilding Trails After Hurricane Helene,https://www.youtube.com/watch?v=JA7GszbpZcQ,,,2026-03-02T09:27:01.921Z,16.0,1310.004,16.0
You Deserve Great Coffee Without the Grind - Keurig,https://www.youtube.com/watch?v=IRvF2eFcPN4,,,2026-03-02T09:26:55.784Z,7.0,6.137,6.137
chinese trend tutorial,https://www.youtube.com/watch?v=htjJ-s7HmKA,Helen Peng,https://www.youtube.com/channel/UCZuqYEgEqd5gwn7ueUCmhlw,2026-03-02T09:23:37.307Z,33.0,198.477,33.0
His moans and smirk is everything 🩵❄️ #loveanddeepspacezayne,https://www.youtube.com/watch?v=KP0Xfl-G63c,Kimikoangel,https://www.youtube.com/channel/UC6w5o7oorqD79UvDRQdMDQg,2026-03-02T09:21:14.538Z,110.0,142.769,110.0
SOLO STAN PURISTS STRIKE AGAIN! | Love and Deepspace,https://www.youtube.com/watch?v=YZicjLSUnU0,Gacha Goblin,https://www.youtube.com/channel/UC8TPrM0t6pw2XYNbuFbYxcQ,2026-03-02T09:19:09.033Z,885.0,125.505,125.505
Why they flashing us!!? #katseye #lesserafim #yunjin #sophia #lara  #trend #fypviralシ #kpop #shorts,https://www.youtube.com/watch?v=mr6CtesedJ0,Eyekonic,https://www.youtube.com/channel/UCJ5rre9OxgRBCgPVNXbiLMQ,2026-03-02T09:19:07.913Z,,1.12,1.12
cid=fa97b9d7ef70115f33097b380b997dc0,https://www.youtube.com/watch?v=WweW66F4-_Q,,,2026-03-02T07:40:23.908Z,21.0,5924.005,21.0
Bachelor Mansion Takeover Special Series Premiere Tonight 8|7c,https://www.youtube.com/watch?v=AmVXRYBZiwo,,,2026-03-02T07:33:40.620Z,31.0,403.288,31.0
Pronamel EX Clinical Enamel Strength Dr Corey  CON OLV 16x9 6s en USA 1139536,https://www.youtube.com/watch?v=zIPkIMPUqUs,,,2026-03-02T07:28:17.031Z,7.0,323.589,7.0
You're already craving it. Don't fight it...cause it's just $9.99. 😮‍💨❤️‍🔥🍕,https://www.youtube.com/watch?v=6KQjuhZL4ss,,,2026-03-02T07:28:10.813Z,7.0,6.218,6.218
Reminders of Him | Only in Theaters March 13,https://www.youtube.com/watch?v=tKPswyVqdf4,,,2026-03-02T07:21:44.567Z,16.0,386.246,16.0
Fountainhead | Farmers Insurance®,https://www.youtube.com/watch?v=50XqpgCkbp0,,,2026-03-02T07:21:29.522Z,16.0,15.045,15.045
Be Ready for almost any job imaginable with a Cintas Apparel+ program,https://www.youtube.com/watch?v=307zuQmFok8,,,2026-03-02T07:15:50.896Z,31.0,338.626,31.0
"If it’s epic, it’s on eBay Live.",https://www.youtube.com/watch?v=lCcDqxim7Zc,,,2026-03-02T07:09:41.275Z,16.0,369.621,16.0
"You say ""dream pizza"" we say ""It's just $9.99"" oh and ""you're welcome."" ❤️‍🔥🤤🍕",https://www.youtube.com/watch?v=uyrme_gxRG0,,,2026-03-02T07:09:35.174Z,7.0,6.101,6.101
"Ese mismo delicioso sabor de Luisiana de nuestro pollo, se lo hicimos al nuestro menú de pescados.",https://www.youtube.com/watch?v=SIHSdqLB1TU,,,2026-03-02T07:02:43.525Z,16.0,411.649,16.0
GenX Nostalgia_E Banks Chan Chan_15s_VA,https://www.youtube.com/watch?v=BjYOpdWc-1M,,,2026-03-02T07:02:28.307Z,16.0,15.218,15.218
Reminders of Him | Only in Theaters March 13,https://www.youtube.com/watch?v=GKo_FUeNCt4,,,2026-03-02T06:56:40.413Z,31.0,347.894,31.0
L’Oreal Paris Preference Hair Color: Up to 9 Weeks of Fade-defying Color,https://www.youtube.com/watch?v=IEjbdsbYLFc,,,2026-03-02T06:56:25.513Z,15.0,14.9,14.9
Duskbright Steps | Rafayel's B-day Memory! 🎈 Vesperine Glimmer Free 4⭐ & More ◇ Love and Deepspace ◇,https://www.youtube.com/watch?v=Eikoq42mCs4,Lalafluffbunny,https://www.youtube.com/channel/UCzO1RswSn-hQHwsBMYWgM-g,2026-03-02T06:53:17.975Z,23020.0,187.538,187.538
DANIII 😭 #katseye #daniela,https://www.youtube.com/watch?v=FBcxuE6nfI0,JOHNN,https://www.youtube.com/channel/UCRVcZTwpoUJ_ucLBDeWIo0w,2026-03-02T06:53:14.952Z,13.0,3.023,3.023
https://www.youtube.com/watch?v=q6UryKNU1-c,https://www.youtube.com/watch?v=q6UryKNU1-c,,,2026-03-02T06:18:34.771Z,,2080.181,2080.181
cid=fce7eba131b8be32fec93d1d7dce0c37,https://www.youtube.com/watch?v=MOBdUJG8AGo,,,2026-03-02T06:11:50.003Z,31.0,404.768,31.0
Be Transported | Sandbox VR,https://www.youtube.com/watch?v=0ThadEetZcg,,,2026-03-02T06:05:42.677Z,20.0,367.326,20.0
DS-V-023-001_PuzzleSplit_LadyTramp_EN_30s_1080x1080.mp4,https://www.youtube.com/watch?v=ejAe1xLLu2E,,,2026-03-02T05:55:56.299Z,30.0,586.378,30.0
v1585 top moments port sveta 2024 08 30 1,https://www.youtube.com/watch?v=kMWn2qNc-i0,,,2026-03-02T05:49:09.490Z,41.0,406.809,41.0
20260130 jiazhong 1080X1920 EN mp4,https://www.youtube.com/watch?v=yEtPwFWbpyM,,,2026-03-02T05:42:36.782Z,48.0,392.708,48.0
cid=922273e097cf0e9374ae27e2c0991d09,https://www.youtube.com/watch?v=492YNdJPVIk,,,2026-03-02T05:37:13.495Z,39.0,323.287,39.0
https://www.youtube.com/watch?v=EKvfJGZjHLo,https://www.youtube.com/watch?v=EKvfJGZjHLo,,,2026-03-02T05:30:30.250Z,,403.245,403.245
Gardeners | Farmers Insurance®,https://www.youtube.com/watch?v=cPaU_jg1QL0,,,2026-03-02T05:30:23.992Z,7.0,6.258,6.258
Save the Everyday - Romance Rain :15 US EN,https://www.youtube.com/watch?v=bkWDoOfoyEg,,,2026-03-02T05:22:11.361Z,15.0,492.631,15.0
Reminders of Him | Only in Theaters March 13,https://www.youtube.com/watch?v=zhhXPljbWJw,,,2026-03-02T04:09:03.766Z,31.0,4387.595,31.0
We know women’s healthcare has felt outdated. Hers makes it modern and accessible.,https://www.youtube.com/watch?v=gIrIbOfKsuw,,,2026-03-02T03:57:50.702Z,154.0,673.064,154.0
Jerma Streams - Resident Evil 2 Remake,https://www.youtube.com/watch?v=n4-T_k2uPUg,Jerma Stream Archive,https://www.youtube.com/channel/UC2oWuUSd3t3t5O3Vxp4lgAA,2026-03-02T03:27:42.008Z,17059.0,1808.694,1808.694
Quick Share now works with AirDrop® on Pixel 10,https://www.youtube.com/watch?v=Pqty9w2uuIo,,,2026-03-02T03:25:40.382Z,31.0,121.626,31.0
putting on a MALE REPELLENT OUTFIT,https://www.youtube.com/watch?v=lsoUrZ3ZgDU,Alana Fay,https://www.youtube.com/channel/UCFWCVPonsX-eq2YI4lp-olg,2026-03-02T02:21:39.280Z,66.0,3841.102,66.0
Happy Birthday Rafayel Minigame Episode 1 - A new Minigame! - Love and Deepspace,https://www.youtube.com/watch?v=-gJ-f4o_-2w,Meira's Multiverse,https://www.youtube.com/channel/UCXuZqFldsTgxISbZr8nTDyw,2026-03-02T01:48:52.049Z,1498.0,1967.231,1498.0
POV: You make a joke in front of your Latino mom 🩴💀,https://www.youtube.com/watch?v=crz6_-dCTHg,kindredspiritva,https://www.youtube.com/channel/UCnpzoV0y8oBQTD-xyjW4yog,2026-03-02T01:47:48.964Z,37.0,63.085,37.0
manon look so good though #katseye #manon  #memes #sophia #transition #trend #fypviralシ#kpop#shorts,https://www.youtube.com/watch?v=mUrXKZNPSJE,Eyekonic,https://www.youtube.com/channel/UCJ5rre9OxgRBCgPVNXbiLMQ,2026-03-02T01:47:30.642Z,7.0,18.322,7.0
The family I AWLAYS WANTED 😭🤍 #family #momlife #shortsfeed,https://www.youtube.com/watch?v=swWJyTp6Hmk,Jacqueline Woodwell,https://www.youtube.com/channel/UCYEWRxUoOQdOCLab1SAyVLA,2026-03-02T01:47:19.368Z,7.0,11.274,7.0
DTF St Louis | HBO Max,https://www.youtube.com/watch?v=cXb0vCZPk5o,,,2026-03-02T01:47:13.790Z,31.0,5.578,5.578
It's the Birthday Boy and he's a college professor now! - Duskbright Steps - Love and Deepspace,https://www.youtube.com/watch?v=I7bLkOvWPgg,kindredspiritva,https://www.youtube.com/channel/UCnpzoV0y8oBQTD-xyjW4yog,2026-03-01T23:20:15.029Z,6606.0,8818.761,6606.0
2026 RAFAYEL'S BIRTHDAY!! - Catching professor HOTTIE! -  LIVESTREAM [ Love and Deepspace ],https://www.youtube.com/watch?v=fnJVei__B5A,Scarlet 龍魔女,https://www.youtube.com/channel/UCXOf15C3Q3-cpPr6d6AN9QQ,2026-03-01T23:18:03.217Z,11285.0,131.812,131.812
20260114 huamen 1080X1920 EN mp4,https://www.youtube.com/watch?v=-lu5ZaGKC04,,,2026-03-01T23:17:55.635Z,43.0,7.582,7.582
The Sounds That Sylus Made Come Out Of Me!? | Rosy Hues | Love and Deepspace,https://www.youtube.com/watch?v=rd7ZwcrR_n4,Mimberly,https://www.youtube.com/channel/UC7OTjuXti2-LXSz4OKWLuYQ,2026-03-01T23:10:41.682Z,2339.0,433.953,433.953
"Shortened: Waterproof Eyebrow & Beard Pen – 4-in-1 Tips, Long-Lasting & Precise",https://www.youtube.com/watch?v=R97dLcywaO4,,,2026-03-01T23:10:35.017Z,57.0,6.665,6.665
I Got 20 Free Pulls and $20! Let's Get 🐟Rafayel's New Birthday card! Love and Deepspace Gacha RPG,https://www.youtube.com/watch?v=Fc8rWFXAfcg,Gaming With The Queen,https://www.youtube.com/channel/UCHZlCh6FK1QdIy1uuyK-WrA,2026-03-01T18:09:44.796Z,3502.0,18050.221,3502.0
60 PULLS LATER… 🐟💸💥FISHIE BIRTHDAY #loveanddeepspace #rafayel #rafayelbirthday,https://www.youtube.com/watch?v=T_sTPdN0ogk,Virtual Heartbeats,https://www.youtube.com/channel/UClyYompNxymxKtkFrf7xcmQ,2026-03-01T17:39:24.989Z,48.0,1819.807,48.0
#trendingshorts #katseye #kpopidols #manon #kpopedit #viral #edit #gnarly #koreanidol,https://www.youtube.com/watch?v=05TZlwTjYYM,cvsmic ♡,https://www.youtube.com/channel/UCOja-26BdxY0yOXWcpRHCIg,2026-03-01T11:42:07.048Z,12.0,21437.941,12.0
iPhone 11.mp4,https://www.youtube.com/watch?v=vTW24D8tejs,,,2026-03-01T11:20:55.870Z,24.0,1271.178,24.0
RMY881v10 YT 16x9 af 30s INT hk1802,https://www.youtube.com/watch?v=PUPLSWQmx1U,,,2026-03-01T11:15:02.556Z,31.0,353.314,31.0
Shortened: cid=42d7bb6ce95879103218fbd1401f1a24,https://www.youtube.com/watch?v=xKjqo-s5s1A,,,2026-03-01T11:06:25.640Z,20.0,516.916,20.0
Plastique Tiara STILL doesn’t know who Beyoncé is… or does she? 😂🐝 #Shorts #ThePitStop,https://www.youtube.com/watch?v=A3WgFQe5hRo,RuPaul's Drag Race,https://www.youtube.com/channel/UC0sEIyXXalzD1lbwm3D2xpA,2026-03-01T11:02:20.850Z,23.0,244.79,23.0
The Madison | Official Trailer | Paramount+,https://www.youtube.com/watch?v=OSb-X_YkLg4,,,2026-03-01T10:59:13.771Z,128.0,187.079,128.0
Sensitive Teeth? Try NEW Sensodyne Clinical Repair,https://www.youtube.com/watch?v=yJHzdyfeH6g,,,2026-03-01T10:59:07.818Z,7.0,5.953,5.953
LE SSERAFIM x Sabrina Carpenter collab WHEN??💅✨ #QuestionParade_LESSERAFIM #LESSERAFIM #hello82,https://www.youtube.com/watch?v=6A6JreYO1fo,hello82,https://www.youtube.com/channel/UC1HHeTLXHMM5FiEyQpS1toA,2026-03-01T10:55:51.006Z,22.0,196.812,22.0
CR2_1x1.mp4,https://www.youtube.com/watch?v=4HkTeopte9c,,,2026-03-01T10:55:46.753Z,41.0,4.253,4.253
Advil No Pain  More Gain  Basketball  CON OLV 16x9 6s en USA 1114743,https://www.youtube.com/watch?v=X1lJAM1jPBo,,,2026-03-01T10:55:40.333Z,7.0,6.42,6.42
2000s me would have an absolute meltdown over socks with sandals *shudders* #2000s,https://www.youtube.com/watch?v=wD-pXz41Wp4,Jenna Barclay,https://www.youtube.com/channel/UCxiVxPUAC7YA1DUAJKJ6Y9g,2026-03-01T10:55:23.490Z,61.0,16.843,16.843
Positions I want Resident Evil Requiem Leon to put me in,https://www.youtube.com/watch?v=tlCgUgCfxQs,Antonio ,https://www.youtube.com/channel/UCsEKihS0O8noS7-50fk_0cw,2026-03-01T10:32:51.461Z,181.0,1352.029,181.0
~restart~? *yes*?? or noo~~,https://www.youtube.com/watch?v=TY29iKLyTQw,NeoCranium,https://www.youtube.com/channel/UCwhxZg8wtOjRvjS99TsPSsQ,2026-03-01T10:32:49.891Z,15.0,1.57,1.57
Canada: Québec,https://www.youtube.com/watch?v=Hs9sMYXgaxM,,,2026-03-01T10:32:46.069Z,7.0,3.822,3.822
when your gf walks in but you're addicted to wow,https://www.youtube.com/watch?v=Du2LFI-bkF0,Masayoshi,https://www.youtube.com/channel/UCvvXM9uvYKXgDy3fdXGeJLw,2026-03-01T10:32:45.815Z,59.0,0.254,0.254
NEW Shirley Temple | poppi,https://www.youtube.com/watch?v=6iBHqDBSK58,,,2026-03-01T10:32:42.099Z,7.0,3.716,3.716
Love and deepspace time's banquet main interaction mini dialogue,https://www.youtube.com/watch?v=XmFy60VcprA,小黑JARS,https://www.youtube.com/channel/UCX2aB9FZO183jmjlNioKxig,2026-03-01T10:32:36.544Z,62.0,5.555,5.555
NEW Coraline Skullector looks like WHAT? #MonsterHigh,https://www.youtube.com/watch?v=NI05dO1AvnI,MonsterHighLuvMe,https://www.youtube.com/channel/UCk2LTqZt6ELZ3XEKgLXEkdg,2026-03-01T10:31:31.459Z,104.0,65.085,65.085
The seafood menu everyone's been waiting for is back. Catch it before it leaves!,https://www.youtube.com/watch?v=zcuUtVtfRtA,,,2026-03-01T09:57:55.470Z,16.0,2015.989,16.0
He's My Stalker But I Match His Freak | Marry My Stalker CHAPTER 1 | Yandere Dating Sim,https://www.youtube.com/watch?v=HFDR3_X7R4U,Hello Yinny,https://www.youtube.com/channel/UC7dWlmTH5lxaDCRHzkIxOog,2026-03-01T09:52:46.126Z,1825.0,309.344,309.344
Ranking the Winx Club Casual Outfits,https://www.youtube.com/watch?v=Fepjkec9-5M,TheWickedMerman,https://www.youtube.com/channel/UCU015gkiUQIjSiuFWRd_PCA,2026-03-01T09:51:44.788Z,2017.0,61.338,61.338
Turning MLP Characters into WINX CLUB fairies [ My Little Pony Redesign part1],https://www.youtube.com/watch?v=C8xWXqMxWsA,Jelliemia Art,https://www.youtube.com/channel/UCMebg62iq-mPcJMQCQ7fY1Q,2026-03-01T09:51:24.461Z,708.0,20.327,20.327
I Rebooted Winx Club Flora into  Monster High,https://www.youtube.com/watch?v=IS6XM2X-PkQ,Jelliemia Art,https://www.youtube.com/channel/UCMebg62iq-mPcJMQCQ7fY1Q,2026-03-01T09:51:22.841Z,542.0,1.62,1.62
Winx Club Retrospective: From PILOT to REBOOT [Nostalgic Review],https://www.youtube.com/watch?v=j5dKthoq7iQ,Jelliemia Art,https://www.youtube.com/channel/UCMebg62iq-mPcJMQCQ7fY1Q,2026-03-01T09:50:49.880Z,1760.0,32.961,32.961
Winx Club's Strangest Art Style & Its Legacy || Fairy Couture Winxplained,https://www.youtube.com/watch?v=3cIShXjNvro,TalkyTilki,https://www.youtube.com/channel/UC9FrbhthP6zFtmiQcLDnY1g,2026-03-01T09:50:25.567Z,814.0,24.313,24.313
K-Pop is the Fast Fashion of the Music Industry,https://www.youtube.com/watch?v=x6fUxxxcsqU,Paiboo,https://www.youtube.com/channel/UCA0RctuMBd2gA3DnyWzJTUQ,2026-03-01T09:50:04.766Z,647.0,20.801,20.801
WINX CLUB REBOOT 2025 Fairy Dolls (Playmates Toys) COMPLETE Collection UNBOXING & Review!!🧚🏼‍♀️💖🍵,https://www.youtube.com/watch?v=RTPotuJR4nc,PeachY Reviews,https://www.youtube.com/channel/UCZWmCH5EzhkuRT3hU0SSaHw,2026-03-01T09:49:33.662Z,1506.0,31.104,31.104
GBPWB26 POLV YouTube 1920x1080 15s US EN ZenCommuteAV 50587 011533 273468,https://www.youtube.com/watch?v=pdPYScxlfu8,,,2026-03-01T09:49:22.756Z,16.0,10.906,10.906
which one’s your fav? i think they all did good! #katseye #internetgirl,https://www.youtube.com/watch?v=ECrHJsK3SIc,JOHNN,https://www.youtube.com/channel/UCRVcZTwpoUJ_ucLBDeWIo0w,2026-03-01T09:47:53.335Z,18.0,89.421,18.0
Full first try on of our Pit & Palutena cosplay! #nintendo #kidicarusuprising #smashbros #cosplay,https://www.youtube.com/watch?v=Tqy7X4Ru9Ok,Re:Star ,https://www.youtube.com/channel/UCcnY_0I8DIMKTMDs0PmkJrg,2026-03-01T09:47:02.077Z,34.0,51.258,34.0
MACKIE!⭐️ New BARBIE Lunar NEW YEAR 2026!!🌼🎀🔥 #dolls #doll #barbie #shorts #barbiedoll #mattel,https://www.youtube.com/watch?v=OT84x4pwfKA,PeachY Reviews,https://www.youtube.com/channel/UCZWmCH5EzhkuRT3hU0SSaHw,2026-03-01T09:45:48.746Z,45.0,73.331,45.0
Crispy Shrimp Tacos & Bowls | Better | Jack in the Box,https://www.youtube.com/watch?v=wkJunD4xLD8,,,2026-03-01T09:45:47.201Z,7.0,1.545,1.545
PKTV 000108823 000290668,https://www.youtube.com/watch?v=g0mpIE6xMiQ,,,2026-03-01T09:45:43.260Z,7.0,3.941,3.941
FLORA!!🌿 Winx Club 2025 REBOOT Fairy Doll UNBOXING!🩷🍵🧚🏼‍♀️ #dolls #doll #winx #winxclub #shorts,https://www.youtube.com/watch?v=pO7Fjdcbrl0,PeachY Reviews,https://www.youtube.com/channel/UCZWmCH5EzhkuRT3hU0SSaHw,2026-03-01T09:45:22.811Z,57.0,20.449,20.449
FLORA!🌿 Winx Club 2025 REBOOT Iconic Doll UNBOXING🩷🍵🧚🏼‍♀️ #dolls #doll #winx #winxclub #shorts,https://www.youtube.com/watch?v=hLHSBAfeQck,PeachY Reviews,https://www.youtube.com/channel/UCZWmCH5EzhkuRT3hU0SSaHw,2026-03-01T09:44:19.232Z,46.0,63.579,46.0
Who IS SHE👀  Skullector CORALINE Doll Comparison…💙🍵🔥#dolls #monsterhigh #coraline #mattel #shorts,https://www.youtube.com/watch?v=EuxX2FCADCE,PeachY Reviews,https://www.youtube.com/channel/UCZWmCH5EzhkuRT3hU0SSaHw,2026-03-01T09:43:32.843Z,41.0,46.389,41.0
CHOP?✂️ Coraline Jones SKULLECTOR First LOOK!!😳🍵🔥 #dolls #doll #monsterhigh #laika #coraline,https://www.youtube.com/watch?v=VW-_6a4Hf6Y,PeachY Reviews,https://www.youtube.com/channel/UCZWmCH5EzhkuRT3hU0SSaHw,2026-03-01T09:42:17.564Z,67.0,75.279,67.0
We’ve Been DECEIVED!!😭  Coraline IS Chantel!😂🍵 #dolls #monsterhigh #coraline #shorts #funny #meme,https://www.youtube.com/watch?v=ibmi_GwUzwg,PeachY Reviews,https://www.youtube.com/channel/UCZWmCH5EzhkuRT3hU0SSaHw,2026-03-01T09:41:55.030Z,16.0,22.534,16.0
TF Is With The Pervs?! This Is Why We Gatekeep.,https://www.youtube.com/watch?v=1zKdbmrIHAI,Angela Benedict,https://www.youtube.com/channel/UCL_rHxfP79Dc6DtNz6HpM9w,2026-03-01T09:41:31.495Z,154.0,23.535,23.535
Shortened: Bizee Start an LLC 16x9,https://www.youtube.com/watch?v=_YVgGl9cE7U,,,2026-03-01T09:41:20.113Z,28.0,11.382,11.382
Sephiroth is always mogging @fluffycos #sephiroth #finalfantasy #cosplay #ffvii,https://www.youtube.com/watch?v=s4vAfuQ1FLI,Allthepotsnpans Gale ,https://www.youtube.com/channel/UCXeL9UEShSqpZk1Ie_T1Q7Q,2026-03-01T09:40:19.728Z,24.0,60.385,24.0
Princess Palutena #cosplay Kid Icarus,https://www.youtube.com/watch?v=XwNGQo4xhQk,Ashley Mclaurins,https://www.youtube.com/channel/UCD_Ha4EMLkEB_9UEsvhM6Hg,2026-03-01T09:39:58.933Z,20.0,20.795,20.0
Thrive Causemetics - LLEM 16x9 Crystal V2,https://www.youtube.com/watch?v=-cmu2vSbnAE,,,2026-03-01T09:35:42.052Z,29.0,256.881,29.0
Never know what to expect 🤣,https://www.youtube.com/watch?v=UYSImvaeuTg,KBandBaby,https://www.youtube.com/channel/UCZkl8u6qhMAbNawHIbp4KXQ,2026-03-01T09:29:22.869Z,47.0,379.183,47.0
SYLUS 4 STARS ARE BORING? | Love and Deepspace,https://www.youtube.com/watch?v=xKYzyeg5zUk,Gacha Goblin,https://www.youtube.com/channel/UC8TPrM0t6pw2XYNbuFbYxcQ,2026-03-01T09:28:40.047Z,754.0,42.822,42.822
DUCKS 15s 50kbs 241017,https://www.youtube.com/watch?v=YCfl0lipsP4,,,2026-03-01T09:28:19.322Z,16.0,20.725,16.0
K-Pop is the Fast Fashion of the Music Industry,https://www.youtube.com/watch?v=x6fUxxxcsqU,Paiboo,https://www.youtube.com/channel/UCA0RctuMBd2gA3DnyWzJTUQ,2026-03-01T07:30:55.689Z,647.0,7043.633,647.0
Reminders of Him | Only in Theaters March 13,https://www.youtube.com/watch?v=GKo_FUeNCt4,,,2026-03-01T07:30:47.837Z,31.0,7.852,7.852
I CANT PULL MY SWORD OUT 💔 #LOZ #tearsofthekingdom  #Link #Legendofzelda #TOK #BOTW #Cosplay,https://www.youtube.com/watch?v=fDRLn8S_ePc,DJ HARU,https://www.youtube.com/channel/UCX-dvrKX8DeVyE_RooiCltA,2026-03-01T07:30:29.418Z,9.0,18.419,9.0
Levi Ackerman Cosplay MAKE UP TUTORIAL | HOW TO Male Cosplay Makeup Tips and Tricks,https://www.youtube.com/watch?v=Q1G58bncwvc,Nikkosplay,https://www.youtube.com/channel/UCsWUs4iumCwpjwDdL8-5iAw,2026-03-01T06:59:34.679Z,819.0,1854.739,819.0
Link Can’t pull the sword 💀 #zelda #link #mastersword #cosplay #costume,https://www.youtube.com/watch?v=QeFr_a6QMiY,Bbbbbb_l,https://www.youtube.com/channel/UC2vM3sRo5IJGEc0s6y3caGg,2026-03-01T06:58:05.683Z,14.0,88.996,14.0
Male Character Cosplay Makeup Tips and Tricks | HOW TO DO BOY COSPLAY MAKE UP,https://www.youtube.com/watch?v=hT85J2UwthY,Nikkosplay,https://www.youtube.com/channel/UCsWUs4iumCwpjwDdL8-5iAw,2026-03-01T06:57:48.168Z,453.0,17.515,17.515
Chick-fil-A | GM | Primary – Generations 1 | :15 | OLV,https://www.youtube.com/watch?v=PbjAV84L_Lk,,,2026-03-01T06:56:08.238Z,16.0,99.93,16.0
Male Cosplay Eye Makeup tips and tricks  | Boy Anime and Video game Cosplay makeup transformation,https://www.youtube.com/watch?v=E4kHJrd58tQ,Nikkosplay,https://www.youtube.com/channel/UCsWUs4iumCwpjwDdL8-5iAw,2026-03-01T06:50:47.174Z,677.0,321.064,321.064
Google Pixel 10a | Gemini Live,https://www.youtube.com/watch?v=tHTcocmVHJM,,,2026-03-01T06:50:34.525Z,16.0,12.649,12.649
cid=f9bc883ed0c63c6abefc20033ac9e389,https://www.youtube.com/watch?v=U335-qNlOrA,,,2026-03-01T06:44:36.040Z,24.0,358.485,24.0
The Adventures of the Phillyboy: Origin Story,https://www.youtube.com/watch?v=dsk37gAK-Jo,,,2026-03-01T06:38:38.663Z,31.0,357.377,31.0
Google Pixel 10 Pro | Oscar Piastri's Switcher Story,https://www.youtube.com/watch?v=kzQYbS4sb7o,,,2026-03-01T06:38:23.432Z,15.0,15.231,15.0
Face Tape for Male Cosplay like a pro! ✨ Instant Jawline & Lift | Safe & Easy Tutorial,https://www.youtube.com/watch?v=QocMLtOBtB0,Nikkosplay,https://www.youtube.com/channel/UCsWUs4iumCwpjwDdL8-5iAw,2026-03-01T06:34:20.208Z,943.0,243.224,243.224
Link Cosplay MAKEUP TUTORIAL| Zelda Tears of the Kingdom,https://www.youtube.com/watch?v=qqpm8Pnisec,Nikkosplay,https://www.youtube.com/channel/UCsWUs4iumCwpjwDdL8-5iAw,2026-03-01T06:34:00.758Z,334.0,19.45,19.45
009 2546 IYKYK Instructional GLOBAL Acq EN UAC 1080x1620 15s Discover IG M2 869,https://www.youtube.com/watch?v=oQWzK4xd5-g,,,2026-03-01T06:33:53.752Z,15.0,7.006,7.006
Shoujo Manga and the Fashion Industry (ft. @stealthespotlight_),https://www.youtube.com/watch?v=EHcK2LVQbXg,Colleen's Manga Recs,https://www.youtube.com/channel/UC5rQoBV8XBhKM0nE2RrxtDA,2026-03-01T05:48:25.417Z,1854.0,2728.335,1854.0
Breath of the Wild | Memory Cinematic,https://www.youtube.com/watch?v=HRgtlBH33vk,aDoylible,https://www.youtube.com/channel/UCycuzyZIcGq22Z1AgSn-Ezw,2026-03-01T05:48:02.274Z,130.0,23.143,23.143
Brawl Stars: No Time to Explain,https://www.youtube.com/watch?v=CaryjOdYFa0,,,2026-03-01T05:47:55.350Z,80.0,6.924,6.924
Turning Myself Into Yor Forger | Spy x Family,https://www.youtube.com/watch?v=0Gcw6yeTgok,Bizzy,https://www.youtube.com/channel/UCTzNWHKcs814CL3OxuO9SNw,2026-03-01T05:41:55.792Z,843.0,359.558,359.558
Yor Forger Cosplay Build | Spy x Family,https://www.youtube.com/watch?v=ynVA6V81m0M,OneEmilys Cosplay,https://www.youtube.com/channel/UCkgW6lPCgw_UtSpgiB3iPJg,2026-03-01T05:39:20.198Z,883.0,155.594,155.594
"Hoppers | ""Different Beaver First"" | In Theaters March 6",https://www.youtube.com/watch?v=2anjrZNqlks,,,2026-03-01T05:38:56.065Z,31.0,24.133,24.133
VML250710H Roll Call 06 GM Everyday Leann,https://www.youtube.com/watch?v=sGg3DYEIc1A,,,2026-03-01T05:38:49.202Z,7.0,6.863,6.863
Tears of the Kingdom LINK COSPLAY!! | tutorial from NotQuiteIcarus,https://www.youtube.com/watch?v=OUAXfsWGFOk,NotQuiteIcarus,https://www.youtube.com/channel/UC-9S0uRSV1bE0DeNecY7s9g,2026-03-01T05:20:39.576Z,1154.0,1089.626,1089.626
Cosplay Japan Expo 2022 - Impa - Hyrule Warriors Age Of Calamity - @sann.cosplay,https://www.youtube.com/watch?v=_yvqZuyE7mM,TVHLAND,https://www.youtube.com/channel/UCG1c2W9EwoHLzi2B-YlxtKw,2026-03-01T05:20:17.022Z,12.0,22.554,12.0
#11350 Testimonial Supercut Video-Video 2-58s-Sqaure-1080 x 1080,https://www.youtube.com/watch?v=mpHH8VKj7bU,,,2026-03-01T04:49:23.414Z,58.0,1853.608,58.0
iPhone 11.mp4,https://www.youtube.com/watch?v=vTW24D8tejs,,,2026-03-01T04:31:46.642Z,24.0,1056.772,24.0
cheap copy of some kpop songs #shorts,https://www.youtube.com/watch?v=i-Qwot0vW78,𝑲𝒐𝒓𝒆𝒂 𝒃𝒖𝒅𝒅𝒚,https://www.youtube.com/channel/UCyWIbk5lOgk3PB0GNY1_FDA,2026-03-01T04:31:01.021Z,45.0,45.621,45.0
"In Japan, even the junk food is healthy",https://www.youtube.com/watch?v=TTsHBc_8nMY,Japan Eat,https://www.youtube.com/channel/UCNzFhleZyCHPeIgmp-McMmQ,2026-03-01T04:29:12.181Z,60.0,108.84,60.0
What allergies Megan still hasn't dropped 😭 #megan #katseye #shorts,https://www.youtube.com/watch?v=t2_tLoYU4l4,MintChocoPop,https://www.youtube.com/channel/UCmo9SHPRtqCl_pkaNpuq5vQ,2026-03-01T04:28:34.347Z,14.0,37.834,14.0
Jerma Streams - Resident Evil 2 Remake,https://www.youtube.com/watch?v=n4-T_k2uPUg,Jerma Stream Archive,https://www.youtube.com/channel/UC2oWuUSd3t3t5O3Vxp4lgAA,2026-03-01T04:27:56.430Z,17059.0,37.917,37.917
How Much Does It Cost To Pull For a Rerun? | Love and Deepspace,https://www.youtube.com/watch?v=u3QTTlWmzoo,Gacha Goblin,https://www.youtube.com/channel/UC8TPrM0t6pw2XYNbuFbYxcQ,2026-03-01T04:26:48.009Z,843.0,68.421,68.421
Ready to try a different path with SPRAVATO® (esketamine)?,https://www.youtube.com/watch?v=e4rpq4WAQjU,,,2026-03-01T04:26:40.821Z,90.0,7.188,7.188
Mom Song :30: The End of Adolescents | Old Spice,https://www.youtube.com/watch?v=poMDjgrRSMQ,,,2026-03-01T04:11:11.339Z,31.0,929.482,31.0
Not packing anything because you are getting everything new is wild. #nepo #husband  #hollywood,https://www.youtube.com/watch?v=aR7sAwl5Ak4,Jordan Martin,https://www.youtube.com/channel/UCCo7S3FAV7BvTAfMoC_FHqg,2026-03-01T03:57:52.350Z,27.0,798.989,27.0
"Female Rage, Explained",https://www.youtube.com/watch?v=-sk3yFOxEDY,femme fatale's heels,https://www.youtube.com/channel/UCxHjAT6Q1tPss3VUyhHFDuw,2026-03-01T03:57:51.591Z,1439.0,0.759,0.759
Secret Clinical Stress Stress Sweat ENG 06 OLV 16x9 PGSC4180000H July25,https://www.youtube.com/watch?v=CQsKH2L8nio,,,2026-03-01T03:57:45.792Z,7.0,5.799,5.799
Hotels com | Bellboy | Manicure | US | 16x9 | 15,https://www.youtube.com/watch?v=p9wQzcscPLI,,,2026-03-01T03:53:06.946Z,16.0,278.846,16.0
It’s Your Equinox EV,https://www.youtube.com/watch?v=D3be-eQUZRM,,,2026-03-01T03:53:00.749Z,,6.197,6.197
Disability in Horror Movies: A Deep Dive,https://www.youtube.com/watch?v=F8IRcUS0-Lw,Girl On Film ,https://www.youtube.com/channel/UC3Bw5I0O0rtA46DoHpzCX0Q,2026-03-01T03:51:29.349Z,2408.0,91.4,91.4
Every Living Breathing Moment (by Grant Steller) x BOTW Trailer #botw #zelda #nintendogame,https://www.youtube.com/watch?v=evXnZftaW80,Kasnell,https://www.youtube.com/channel/UCBR0NFTPTzFRORBfthBzXzQ,2026-03-01T03:50:47.854Z,61.0,41.495,41.495
Rafayel’s 3rd Birthday Is LIVE on Asia Servers | Full Feature Breakdown | Love and Deepspace,https://www.youtube.com/watch?v=TMZsrSzUP8s,SawCSim,https://www.youtube.com/channel/UCAVMQ98tGn_FclJA9M1uq6w,2026-03-01T01:45:51.173Z,499.0,7496.681,499.0
"MODERN PRINCESS ZELDA?? Redesigning Skyward Sword, BOTW, and Ocarina of Time!",https://www.youtube.com/watch?v=YhdGPwxMQVw,carlifae,https://www.youtube.com/channel/UCkQ457geo1esMYmIRtp9MWw,2026-03-01T01:44:49.656Z,311.0,61.517,61.517
cid=ba008323a79775de8cad45e60fb18d3b,https://www.youtube.com/watch?v=CZhecMYQ8LU,,,2026-03-01T00:56:48.767Z,11.0,2880.889,11.0
BRIDE REINVIGORATED REVIEW 15 TOS,https://www.youtube.com/watch?v=fPx7AS7k-PU,,,2026-03-01T00:50:56.016Z,16.0,352.751,16.0
Resident Evil Requiem on Switch 2 Changes Everything,https://www.youtube.com/watch?v=DEqqR4unn4w,SwitchForce,https://www.youtube.com/channel/UC8wucBti_VxVFhUAzOLyMHw,2026-02-28T20:57:16.277Z,551.0,14019.739,551.0
Who IS SHE👀  Skullector CORALINE Doll Comparison…💙🍵🔥#dolls #monsterhigh #coraline #mattel #shorts,https://www.youtube.com/watch?v=EuxX2FCADCE,PeachY Reviews,https://www.youtube.com/channel/UCZWmCH5EzhkuRT3hU0SSaHw,2026-02-28T20:55:40.265Z,41.0,96.012,41.0
4 COSPLAYS 2 CONS 2 COUNTRIES ~ Which one is your fav? #cosplay #makeuptransformation #hazbinhotel,https://www.youtube.com/watch?v=muedMoOsDsk,Tea,https://www.youtube.com/channel/UCu-mXzMTQ3Mqcr0y0FCc5sQ,2026-02-28T13:40:30.286Z,23.0,26109.979,23.0
Nurse Joy #nerdlesque act! #burlesqueperformer,https://www.youtube.com/watch?v=zUcSvrhLDF0,Nichole Fox,https://www.youtube.com/channel/UCvYSfdMcWD_L4vYOdqIO7iA,2026-02-28T13:39:50.448Z,26.0,39.838,26.0
Cosplay Wig Tutorial: Impa from Zelda,https://www.youtube.com/watch?v=cxBmu2RO9Ss,Nichole Fox,https://www.youtube.com/channel/UCvYSfdMcWD_L4vYOdqIO7iA,2026-02-28T13:39:30.762Z,322.0,19.686,19.686
🤩 AWESOME IMPA Cosplayer from Mcm Comic Con! 🐸💚 #shorts #cosplay,https://www.youtube.com/watch?v=KySqu-3BsKs,86th Floor Shorts,https://www.youtube.com/channel/UCFwnew0Yf53pEBk0j0zqR6A,2026-02-28T13:39:21.558Z,8.0,9.204,8.0
Collect with the best,https://www.youtube.com/watch?v=sCR0hY7BaIo,,,2026-02-28T13:23:17.683Z,21.0,963.875,21.0
UberHaxorNova Plays MODDED Resident Evil 2 - Part 1,https://www.youtube.com/watch?v=OMCVAZ8yNHE,Twitch Snips,https://www.youtube.com/channel/UCSY09uIIXMv22YXejvXHKVA,2026-02-28T12:56:15.844Z,12015.0,1621.839,1621.839
Jerma Streams - Resident Evil 4 Remake,https://www.youtube.com/watch?v=VOXGbh3gxj8,Jerma Stream Archive,https://www.youtube.com/channel/UC2oWuUSd3t3t5O3Vxp4lgAA,2026-02-28T12:55:12.358Z,18743.0,63.486,63.486
Jerma Streams - Resident Evil Requiem,https://www.youtube.com/watch?v=4rAj_864GtA,Jerma Stream Archive,https://www.youtube.com/channel/UC2oWuUSd3t3t5O3Vxp4lgAA,2026-02-28T12:54:41.160Z,16096.0,31.198,31.198
"Micro Changes, Big Results from Noom",https://www.youtube.com/watch?v=o8ddo8SCEc0,,,2026-02-28T12:54:33.019Z,8.0,8.141,8.0
Asked Zelda cosplayers to film an EPIC action video! #dragoncon2023 #zeldatearsofthekingdom,https://www.youtube.com/watch?v=QXS1K_gbw4I,Kien Quan,https://www.youtube.com/channel/UCZYCu97fvU-DyvHmCQz0QDw,2026-02-28T11:39:46.285Z,61.0,4486.734,61.0
So Mad She Ate The Whole Stage🔥,https://www.youtube.com/watch?v=B_bDaT25I9Q,KatsEditor,https://www.youtube.com/channel/UC9eezTUnLEY8IRztXBCfBhw,2026-02-28T11:10:16.356Z,14.0,1769.929,14.0
Yuji Meets Hiromi Higuruma #jujutsukaisen,https://www.youtube.com/watch?v=YJ2Gc7SwuR0,King Soda,https://www.youtube.com/channel/UCgTeI1JfRGHfCLjJpxf0oVw,2026-02-28T11:09:51.874Z,61.0,24.482,24.482
Hella Good,https://www.youtube.com/watch?v=u6Gsv7BjYPQ,No Doubt - Topic,https://www.youtube.com/channel/UCc-WjJ7FgjeD4eARSlRYqwg,2026-02-28T11:09:38.160Z,243.0,13.714,13.714
Quick - Version C Rev | McDonalds,https://www.youtube.com/watch?v=3JlsDaBg-Bc,,,2026-02-28T11:09:22.178Z,16.0,15.982,15.982
✨DEEPSPACE GALA✨ Ballroom Dancing with Cosplayers & Zayne Limousine || Love and Deepspace Vlog,https://www.youtube.com/watch?v=iGcN9UKmF7k,The World Brenda Only Knows,https://www.youtube.com/channel/UCtvPJ3ZfnLw535kCPXqdGWA,2026-02-28T09:26:57.070Z,1671.0,6145.108,1671.0
Meet NEW Neutrogena® Evenly Clear,https://www.youtube.com/watch?v=HBJ7WGx-06Y,,,2026-02-28T09:26:16.884Z,14.0,40.186,14.0
⋆˚🐾˖° I Visited a Love & Deepspace Cat Butler Café… and Was Not Ready,https://www.youtube.com/watch?v=mA1vcwCTIVQ,v2niee,https://www.youtube.com/channel/UCZgzkdRwp3LUOUS3EQKCh6A,2026-02-28T09:22:36.057Z,1291.0,220.827,220.827
"Final Fantasy X ""Will"" Still Haunts Us",https://www.youtube.com/watch?v=iBFCcUJWzJA,Ollie Dreamer,https://www.youtube.com/channel/UC1itGekCVG1XI3m18wxAkZg,2026-02-28T09:22:18.655Z,3302.0,17.402,17.402
they handled it like pros 😎 #katseye #debut,https://www.youtube.com/watch?v=93lbOIOwrH0,JOHNN,https://www.youtube.com/channel/UCRVcZTwpoUJ_ucLBDeWIo0w,2026-02-28T09:22:06.469Z,20.0,12.186,12.186
Reminders of Him | Only In Theaters March 13,https://www.youtube.com/watch?v=OxMAEO3832M,,,2026-02-28T09:22:01.367Z,7.0,5.102,5.102
Strategic Space Collection | Apple App Store,https://www.youtube.com/watch?v=ukruMRVf9uQ,,,2026-02-28T09:16:40.276Z,15.0,321.091,15.0
".✦ ݁Love and Deepspace IS REAL?! I met Sylus and Zayne for Valentines Day || LADs Vlog, Cosplay 恋与深空",https://www.youtube.com/watch?v=Wd0nYF0JRjQ,v2niee,https://www.youtube.com/channel/UCZgzkdRwp3LUOUS3EQKCh6A,2026-02-28T09:13:55.481Z,986.0,164.795,164.795
PROFESSOR RAFAYEL?! 🐟 I'm failing this class on purpose! | Duskbright Steps PV Reaction | LADS,https://www.youtube.com/watch?v=sQDYpB6RgM4,Virtual Heartbeats,https://www.youtube.com/channel/UClyYompNxymxKtkFrf7xcmQ,2026-02-28T09:13:41.130Z,1236.0,14.351,14.351
AZTEC CALEB MYTH BASED ON TAROT CARDS! | Love and Deepspace,https://www.youtube.com/watch?v=nCriyA4MeqA,Gacha Goblin,https://www.youtube.com/channel/UC8TPrM0t6pw2XYNbuFbYxcQ,2026-02-28T09:13:33.117Z,1502.0,8.013,8.013
Naoya BDYJTB🥀 YOU on Roblox | It's Also My Bday 🎂,https://www.youtube.com/watch?v=idOPI4McK0k,King Soda,https://www.youtube.com/channel/UCgTeI1JfRGHfCLjJpxf0oVw,2026-02-28T09:13:24.779Z,5293.0,8.338,8.338
What my Vietnamese family eats in a day,https://www.youtube.com/watch?v=25G0CIlTwPg,Uyen Ninh,https://www.youtube.com/channel/UC-uNVV92llYIMC5-ZUF0Q4w,2026-02-28T09:13:23.779Z,49.0,1.0,1.0
Zoho Payroll - All in One Payroll Software for the USA,https://www.youtube.com/watch?v=aVxV0y0TzFQ,,,2026-02-28T09:13:20.327Z,31.0,3.452,3.452
forever dm tyh avalinxrenae,https://www.youtube.com/watch?v=2ME5dmEZTrs,,,2026-02-28T09:13:14.230Z,6.0,6.097,6.0
LaDs House Episode 3: The Twins have arrived!,https://www.youtube.com/watch?v=DCOitdw39AI,Dreamy Galaxi,https://www.youtube.com/channel/UCochs4pDFXtqrBhL93hvv-A,2026-02-28T09:13:12.703Z,10141.0,1.527,1.527
That one guy that doesn’t play about Monster 💀,https://www.youtube.com/watch?v=WbRvk0x0MLo,Ribaibu,https://www.youtube.com/channel/UCHfg2DDRjhgYOLE_SwAZZ0A,2026-02-28T09:12:50.501Z,13.0,22.202,13.0
When they say they're only going to have one... 💀,https://www.youtube.com/watch?v=sP0-Sl-BQVg,Ribaibu,https://www.youtube.com/channel/UCHfg2DDRjhgYOLE_SwAZZ0A,2026-02-28T09:12:48.328Z,9.0,2.173,2.173
Join me for my Breath of the Wild Zelda cosplay photoshoot!,https://www.youtube.com/watch?v=8Oarf1f5FK4,Ribaibu,https://www.youtube.com/channel/UCHfg2DDRjhgYOLE_SwAZZ0A,2026-02-28T09:12:41.857Z,57.0,6.471,6.471
You looking at Purah? Finished Legend of Zelda Cosplay!,https://www.youtube.com/watch?v=5fWp3ETUvkE,Miss Twisted,https://www.youtube.com/channel/UCj2iyEUusvLJlWAS8HV4y1Q,2026-02-28T09:12:20.054Z,11.0,21.803,11.0
Princess Zelda’s Costume Origins in Smash Ultimate,https://www.youtube.com/watch?v=uJn5QvJxGK4,Aaronitmar,https://www.youtube.com/channel/UC82NOEHfqeXOLT8gNJB1mFw,2026-02-28T09:12:15.092Z,54.0,4.962,4.962
BOTW or TOTK? 👀 which is your fave? #zelda #zeldacosplay #botw #totk #loz #legendsofzelda,https://www.youtube.com/watch?v=B7Jm5GLHWhM,Justagh0stgirl,https://www.youtube.com/channel/UC0NS_KhRBhujv7OTxDkSHLw,2026-02-28T09:12:02.248Z,9.0,12.844,9.0
who allowed harvey to step on stage like THIS  #xg #harvey,https://www.youtube.com/watch?v=ekkLjn1oT68,XG Edits,https://www.youtube.com/channel/UCWyggKv7_L5KK0zJyRGHkmQ,2026-02-28T09:06:41.281Z,13.0,320.967,13.0
what was the funny thought ?! 😭 #katseye,https://www.youtube.com/watch?v=uwVlMX08egE,JOHNN,https://www.youtube.com/channel/UCRVcZTwpoUJ_ucLBDeWIo0w,2026-02-28T09:06:39.527Z,22.0,1.754,1.754
WAYMO THE SQUEEZE 15s BRAND MASTER TCP,https://www.youtube.com/watch?v=InbePNaMCNA,,,2026-02-28T08:52:56.028Z,16.0,823.499,16.0
Reacting to Your BDYJTB 🥀 Edits,https://www.youtube.com/watch?v=lNUsyPQ3Osk,King Soda,https://www.youtube.com/channel/UCgTeI1JfRGHfCLjJpxf0oVw,2026-02-28T07:25:47.253Z,5249.0,5228.775,5228.775
Naoya BDYJTB🥀 YOU on Roblox | It's Also My Bday 🎂,https://www.youtube.com/watch?v=idOPI4McK0k,King Soda,https://www.youtube.com/channel/UCgTeI1JfRGHfCLjJpxf0oVw,2026-02-28T07:25:45.304Z,5293.0,1.949,1.949
Google Pixel 10 Pro | Oscar Piastri's Switcher Story,https://www.youtube.com/watch?v=kzQYbS4sb7o,,,2026-02-28T07:25:39.831Z,15.0,5.473,5.473
harvey pls what was the plan??  #xg #harvey,https://www.youtube.com/watch?v=X5awFE_fu-g,XG Edits,https://www.youtube.com/channel/UCWyggKv7_L5KK0zJyRGHkmQ,2026-02-28T07:24:05.857Z,21.0,93.974,21.0
Pt. 4 - Zelda Ancient Armor - FULL TRY ON!!,https://www.youtube.com/watch?v=ie0KhoHsbco,Vandrillee,https://www.youtube.com/channel/UCSj5_B8t9qvk98trUcQmYeQ,2026-02-28T07:02:17.504Z,44.0,1308.353,44.0
What my Vietnamese family eats in a day,https://www.youtube.com/watch?v=25G0CIlTwPg,Uyen Ninh,https://www.youtube.com/channel/UC-uNVV92llYIMC5-ZUF0Q4w,2026-02-28T07:02:09.789Z,49.0,7.715,7.715
New Chinese Trend #dance,https://www.youtube.com/watch?v=4OGqFKwJZSs,plwxOy ,https://www.youtube.com/channel/UCGoTE990834z6RxTS1FSm0Q,2026-02-28T07:01:51.718Z,,18.071,18.071
#otomegames #anime #sylus #manga #loveanddeepspacegameplay  #v1ce,https://www.youtube.com/watch?v=HLbXCKTsg0s,V!CE Watched it,https://www.youtube.com/channel/UCFlct_bS2bnjK0z0OxB9T6Q,2026-02-28T06:25:54.482Z,10.0,2157.236,10.0
LaDs House Episode 3: The Twins have arrived!,https://www.youtube.com/watch?v=DCOitdw39AI,Dreamy Galaxi,https://www.youtube.com/channel/UCochs4pDFXtqrBhL93hvv-A,2026-02-28T05:45:47.838Z,10141.0,2406.644,2406.644
LaDs House Episode 2: Proposals and Romances,https://www.youtube.com/watch?v=vZEGVMtpZ2Q,Dreamy Galaxi,https://www.youtube.com/channel/UCochs4pDFXtqrBhL93hvv-A,2026-02-28T05:25:16.543Z,12111.0,1231.295,1231.295
Yunjin doing Chaewon’s part😭😭😂😂♥️#lesserafim #funny #chaewon #yunjin #spaghetti #shortsfeed ,https://www.youtube.com/watch?v=8txffe7bcxg,Fearnot Blink,https://www.youtube.com/channel/UCzE4P4ALtX1DNgMti95gMJA,2026-02-28T04:27:20.824Z,29.0,3475.719,29.0
Lyria 3 | Music Generation comes to Gemini,https://www.youtube.com/watch?v=TD6FPndjhoE,,,2026-02-28T04:27:16.637Z,66.0,4.187,4.187
Birthday Rerun! How do they work? - Love and Deepsapce - Rafayel Birthday,https://www.youtube.com/watch?v=5O8YL_SSslM,Meira's Multiverse,https://www.youtube.com/channel/UCXuZqFldsTgxISbZr8nTDyw,2026-02-28T04:25:02.511Z,180.0,134.126,134.126
I could make 50 of these the way we were goofing around all weekend #millennialtok,https://www.youtube.com/watch?v=gvw4TA8tPCI,Jenna Barclay,https://www.youtube.com/channel/UCxiVxPUAC7YA1DUAJKJ6Y9g,2026-02-28T04:24:56.148Z,64.0,6.363,6.363
final fantasy is pretty gay y'all,https://www.youtube.com/watch?v=ZzgojWUqXBQ,Kevyn Fong,https://www.youtube.com/channel/UC70n32ZVRd2NwRoQyZAEwwA,2026-02-28T03:18:57.038Z,612.0,3959.11,612.0
5 min Minecraft DIY to heal the soul #minecraft,https://www.youtube.com/watch?v=bxGvx1K70eQ,NotQuiteIcarus,https://www.youtube.com/channel/UC-9S0uRSV1bE0DeNecY7s9g,2026-02-28T03:17:10.901Z,12.0,106.137,12.0
Beastars Creator Got Even WEIRDER | Taika no Risei,https://www.youtube.com/watch?v=DKQxYNxPgWY,Jack vs. The World,https://www.youtube.com/channel/UCzSjSCZeGoVmyGwm5I0RR1A,2026-02-28T03:16:29.181Z,,41.72,41.72
OAI Task2 USA Pet 9x16 18s,https://www.youtube.com/watch?v=xMriuzRzZWI,,,2026-02-28T03:16:22.729Z,19.0,6.452,6.452
BEASTARS Final Season Part 2 | Final Trailer |,https://www.youtube.com/watch?v=jFUcsP6sKCQ,QdaddyBeastarsFan,https://www.youtube.com/channel/UC8WCqgs71Cv3gZMiu1z8VYw,2026-02-28T03:15:03.836Z,96.0,78.893,78.893
Rafayel Likes Sea Creatures right? #loveanddeepspace #lads #rafayel,https://www.youtube.com/watch?v=FeVTJojD2pc,Meira's Multiverse,https://www.youtube.com/channel/UCXuZqFldsTgxISbZr8nTDyw,2026-02-28T03:14:29.987Z,28.0,33.849,28.0
9 year old SEARCHES for VIRAL GLITTER DUMPLINGS ✨🥲 #momlife #family #unboxing #shorts,https://www.youtube.com/watch?v=gw5mzv37S_8,Jacqueline Woodwell,https://www.youtube.com/channel/UCYEWRxUoOQdOCLab1SAyVLA,2026-02-28T03:14:26.640Z,71.0,3.347,3.347
SPECULATION ON FUTURE BIRTHDAY CARDS! | Love and Deepspace,https://www.youtube.com/watch?v=DgSiHDdQmQM,Gacha Goblin,https://www.youtube.com/channel/UC8TPrM0t6pw2XYNbuFbYxcQ,2026-02-27T23:21:03.790Z,620.0,14002.85,620.0
Meet NEW Neutrogena® Evenly Clear,https://www.youtube.com/watch?v=Lov8Au6fyhk,,,2026-02-27T23:20:57.475Z,18.0,6.315,6.315
Pinky Party mini vlog ⭐️💍 #dcc #nflcheer #shorts #kleinepowell #vlog,https://www.youtube.com/watch?v=YjM0cQHNxAE,Kleine Powell,https://www.youtube.com/channel/UCgRy-aUCKdBe8VmHMMdkeSQ,2026-02-27T23:18:59.389Z,83.0,118.086,83.0
AZTEC CALEB MYTH BASED ON TAROT CARDS! | Love and Deepspace,https://www.youtube.com/watch?v=nCriyA4MeqA,Gacha Goblin,https://www.youtube.com/channel/UC8TPrM0t6pw2XYNbuFbYxcQ,2026-02-27T23:08:50.269Z,1502.0,609.12,609.12
Law Brothers | Super Bowl 2026 Commercial 'Courtroom',https://www.youtube.com/watch?v=slcDXjcrhPs,,,2026-02-27T23:08:19.556Z,31.0,30.713,30.713
Q1 2026 - Kids Table :06 - Jean Smart Shirley Temple,https://www.youtube.com/watch?v=IgoklujtJVA,,,2026-02-27T23:07:56.157Z,7.0,23.399,7.0
009 2546 IYKYK Instructional GLOBAL Acq EN UAC 1080x1620 15s Discover IG M2 869,https://www.youtube.com/watch?v=oQWzK4xd5-g,,,2026-02-27T23:03:52.462Z,15.0,243.695,15.0
Sapphire Reserve | Color of Holi Travel :15,https://www.youtube.com/watch?v=UxMeB9yXpTM,,,2026-02-27T23:03:37.197Z,16.0,15.265,15.265
NO MORE HATE MAIL YAY! | Love and Deepspace,https://www.youtube.com/watch?v=dWV4y6CDqhc,Gacha Goblin,https://www.youtube.com/channel/UC8TPrM0t6pw2XYNbuFbYxcQ,2026-02-27T22:56:41.982Z,558.0,415.215,415.215
This little LYTE of mine,https://www.youtube.com/watch?v=eM4jF_BPqYw,,,2026-02-27T22:56:14.047Z,61.0,27.935,27.935
First time mom trying to love her body again🥹,https://www.youtube.com/watch?v=48BoDrWsNUA,Sierra Ann,https://www.youtube.com/channel/UCfzdwrvkTuoBqQDpQVC8gpg,2026-02-27T22:08:39.766Z,83.0,2854.281,83.0
A better deal.,https://www.youtube.com/watch?v=p4CVyLy_f8Y,,,2026-02-27T20:31:54.617Z,16.0,5805.149,16.0
Hyrule Field -  The Legend of Zelda: Ocarina of Time | EPIC VERSION,https://www.youtube.com/watch?v=bDup2fG2srw,L'Orchestra Cinématique,https://www.youtube.com/channel/UCLuEtEE-MF7EYtGcN0Z6mDg,2026-02-27T13:18:48.733Z,244.0,25985.884,244.0
"FRIEREN IS PEAK - Frieren X ''Every Living Breathing Moment"" By Grant Steller [Amv/Edit]",https://www.youtube.com/watch?v=feHVD3vamMg,JUST_ACE,https://www.youtube.com/channel/UCa71PLu-uQe0P-8zsp_tfRw,2026-02-27T13:18:14.140Z,105.0,34.593,34.593
When you hear Colgera's theme for the first time,https://www.youtube.com/watch?v=JQZu_HUC4EI,Orkbank,https://www.youtube.com/channel/UCXNLvWrzkX_jgiOnNlz284Q,2026-02-27T13:17:38.361Z,23.0,35.779,23.0
Great Fairy Fountain but it's a little much.. - The Legend of Zelda Piano Cover,https://www.youtube.com/watch?v=8FuRsZ7U4BU,Ryan Z 'Piano Guy',https://www.youtube.com/channel/UCJPC5-8eqqmB5W-390I1roQ,2026-02-27T13:17:24.008Z,258.0,14.353,14.353
NEW Kotex Powered by Gravity™ Core,https://www.youtube.com/watch?v=d2Nn_uLJJpM,,,2026-02-27T13:17:18.125Z,31.0,5.883,5.883
Expect a lot of reuploads in the next few days as I transfer my content over here 💙,https://www.youtube.com/watch?v=dAaEak_wv3U,NotQuiteIcarus,https://www.youtube.com/channel/UC-9S0uRSV1bE0DeNecY7s9g,2026-02-27T13:09:35.274Z,20.0,462.851,20.0
THE LEGEND OF ZELDA X EVERY LIVING BREATHING MOMENT| Ambient Piano (Cinematic Film Music),https://www.youtube.com/watch?v=QipNAwmDOjA,CHRIS MUHAMA,https://www.youtube.com/channel/UCRVHKzSY0349MlgxRGCxarg,2026-02-27T13:02:09.765Z,101.0,445.509,101.0
Great Fairy's Fountain - Possibly The Best Remix,https://www.youtube.com/watch?v=SdI_y4Urcso,CoolMapleStore,https://www.youtube.com/channel/UCatNd0W8iUNvIHqeNUO9_7Q,2026-02-27T13:01:59.194Z,280.0,10.571,10.571
Every Living Breathing Moment Left Ear Great Fairy Fountain.,https://www.youtube.com/watch?v=j7jpgS4ouWU,DEFINITELYNOTCLICKBAIT,https://www.youtube.com/channel/UCbgVWgrHtOVWiZgkH382c3w,2026-02-27T13:01:06.283Z,108.0,52.911,52.911
Every Living Breath of the Wild Moment | Legend of Zelda Breath of the Wild Trailer | Fan Made,https://www.youtube.com/watch?v=uLLM3Rip6aA,Kasnell,https://www.youtube.com/channel/UCBR0NFTPTzFRORBfthBzXzQ,2026-02-27T13:00:52.655Z,107.0,13.628,13.628
Every Living Breathing Moment (of Cinema) | Cinema Edit,https://www.youtube.com/watch?v=g5pw0uC5V88,Cinema Edits,https://www.youtube.com/channel/UCzEOy_OYPqH-OiNLpYZ5Ijg,2026-02-27T13:00:02.598Z,107.0,50.057,50.057
Every Living Breathing Moment - Grant Steller (Piano Cover),https://www.youtube.com/watch?v=fbpxfuLfJ2U,Clavier,https://www.youtube.com/channel/UCQjKC0g8cQVWiwDzp4Cn5MQ,2026-02-27T12:59:50.180Z,147.0,12.418,12.418
Every Living Breathing Moment,https://www.youtube.com/watch?v=Cq54DnQQ4h4,Grant Steller - Topic,https://www.youtube.com/channel/UCOvebrknnok3dTPZddTWFtA,2026-02-27T12:59:16.218Z,107.0,33.962,33.962
"Post-surgery,Cristina Yang struggles with fever and weakness,forcing herself to work",https://www.youtube.com/watch?v=AaPaPTsAfhI,Desmadre Bear,https://www.youtube.com/channel/UC1_mA182dJ03pg2ZsXsVT2w,2026-02-27T12:59:15.668Z,60.0,0.55,0.55
US NON 6460   Brand Connected 15s YouTube Audio (FY23),https://www.youtube.com/watch?v=vDTyAi9ZedQ,,,2026-02-27T12:59:03.175Z,16.0,12.493,12.493
Great Fairy's Fountain - Zelda (Choir & Piano Cover),https://www.youtube.com/watch?v=WJR1tXdEU3c,Laurence Manning,https://www.youtube.com/channel/UCWK6SX1sUmJxnOjhKKWTomg,2026-02-27T12:54:44.168Z,206.0,259.007,206.0
Shortened: Bizee Start an LLC 16x9,https://www.youtube.com/watch?v=_YVgGl9cE7U,,,2026-02-27T12:54:37.438Z,28.0,6.73,6.73
great fairy fountain #zelda #legendofzelda #videogames #videogamemusic #music #loz #cover #nintendo,https://www.youtube.com/watch?v=n0YFjRYY6Uo,Sixth Station Trio,https://www.youtube.com/channel/UCSEkDfv6QCaSFZVy0WdkRNQ,2026-02-27T12:54:21.908Z,87.0,15.53,15.53
Great Fairy's Fountain - Zelda: Symphony of the Goddesses Master Quest [Live from the Venetian],https://www.youtube.com/watch?v=3OslcPZ2yZE,The Nintendo Music Channel,https://www.youtube.com/channel/UCiKzE8Objh2sJfWLU5mxx8w,2026-02-27T12:52:18.987Z,161.0,122.921,122.921
Great Fairy Fountain - The Legend of Zelda: 30th Anniversary Concert,https://www.youtube.com/watch?v=ut2va1SnO7M,SilvaGunner,https://www.youtube.com/channel/UCntYNszx4R3oyQdug1U3S4Q,2026-02-27T12:52:02.371Z,193.0,16.616,16.616
The Legend of Zelda - Great Fairy's Fountain [Orchestra Cover],https://www.youtube.com/watch?v=kGkj4FQzl8g,Rennato Nuñez,https://www.youtube.com/channel/UC2mgfuLu0GUQO6_ynx9GDpw,2026-02-27T12:51:42.506Z,229.0,19.865,19.865
"[Epic Orchestra Arrangement] Zelda | ""Great Fairy Fountain"" - Koji Kondo",https://www.youtube.com/watch?v=6486itquHwo,Alxev,https://www.youtube.com/channel/UCJn4GEtaEZvucXQS46KBNTA,2026-02-27T12:51:05.450Z,200.0,37.056,37.056
Great Fairy Fountain - The Legend of Zelda | EPIC VERSION,https://www.youtube.com/watch?v=8hKXaFo16nY,L'Orchestra Cinématique,https://www.youtube.com/channel/UCLuEtEE-MF7EYtGcN0Z6mDg,2026-02-27T12:50:19.493Z,229.0,45.957,45.957
Great Fairy's Fountain Theme - The Legend Of Zelda 25th Anniversary Soundtrack,https://www.youtube.com/watch?v=JWSjPaJUisI,KINGaSPADES1128,https://www.youtube.com/channel/UCFdCubtzjIIPsHeAdl_hwww,2026-02-27T12:50:09.450Z,184.0,10.043,10.043
The Recording of The Legend of Zelda 25th Anniversary Orchestra CD - Great Fairy's Fountain Theme,https://www.youtube.com/watch?v=SO-FTl5fM18,morromocotudo,https://www.youtube.com/channel/UComrEMHnCM32x_wDVpBUPpg,2026-02-27T12:49:50.176Z,198.0,19.274,19.274
Where Do We Find Mold & Mildew?,https://www.youtube.com/watch?v=FnPVV0LykW4,,,2026-02-27T12:49:42.953Z,16.0,7.223,7.223
Light Litter Life Hack,https://www.youtube.com/watch?v=QZQC0e7cp1A,,,2026-02-27T12:49:40.538Z,16.0,2.415,2.415
The Legend of Zelda OST | EPIC ORCHESTRAL MIX,https://www.youtube.com/watch?v=OEnVXg6RCBs,L'Orchestra Cinématique,https://www.youtube.com/channel/UCLuEtEE-MF7EYtGcN0Z6mDg,2026-02-27T12:47:37.822Z,4186.0,122.716,122.716
The Legend Of Zelda: Main Theme | EPIC VERSION (Overworld Theme),https://www.youtube.com/watch?v=V3_mDillzvI,Anuba,https://www.youtube.com/channel/UCifSMCf03PpYoyCh6wr-etw,2026-02-27T12:47:30.472Z,418.0,7.35,7.35
The Legend of Zelda Main Theme | EPIC VERSION,https://www.youtube.com/watch?v=mYwttzacQxE,L'Orchestra Cinématique,https://www.youtube.com/channel/UCLuEtEE-MF7EYtGcN0Z6mDg,2026-02-27T12:47:22.045Z,264.0,8.427,8.427
The Legend of Zelda Theme - Epic Orchestral Version,https://www.youtube.com/watch?v=1iM9m_0GrNY,Bitimi Studios,https://www.youtube.com/channel/UC4J8YwZDVEh0v48HsE7hGhw,2026-02-27T12:46:51.693Z,179.0,30.352,30.352
Zelda's Lullaby - The Legend of Zelda: Ocarina Of Time | EPIC VERSION,https://www.youtube.com/watch?v=eDnxUTthIK4,L'Orchestra Cinématique,https://www.youtube.com/channel/UCLuEtEE-MF7EYtGcN0Z6mDg,2026-02-27T12:46:48.590Z,196.0,3.103,3.103
Sad CrAIg? Not possible. He's happily protected by AT&T Dynamic Defense,https://www.youtube.com/watch?v=f8z9g7m19XQ,,,2026-02-27T12:46:32.849Z,16.0,15.741,15.741
"Mipha ALMOST Revealed Her Secret to Zelda, But Then…",https://www.youtube.com/watch?v=0SFimuwhpZM,hChatNation,https://www.youtube.com/channel/UCdghqkfbwVTexUetxD4leNA,2026-02-27T12:33:55.759Z,65.0,757.09,65.0
more mipha cause she's best girl #miphacosplay #mipha #botwcosplay #botw #botwshorts,https://www.youtube.com/watch?v=SXORFODs6dM,That Lazy Snail,https://www.youtube.com/channel/UCPEJalN_-J4HK5pm5mT-rXQ,2026-02-27T12:33:48.636Z,16.0,7.123,7.123
I’m sorry my Mipha and Link shippers 😭#edits #legendofzelda #characters #botw #Zelink,https://www.youtube.com/watch?v=EEKDKj1bveI,Zelda The Silent Princess,https://www.youtube.com/channel/UCSYO5LmE7-7pn-0nRUrOhug,2026-02-27T12:33:19.424Z,16.0,29.212,16.0
The Legend of Zelda Cosplay Breath of the wild #shorts #nintendo #thelegendofzeldatearsofthekingdom,https://www.youtube.com/watch?v=hQl5Gyuty8M,NZO MV,https://www.youtube.com/channel/UCBiu35DRnAT_bSJeAXtuaCA,2026-02-27T12:33:05.934Z,12.0,13.49,12.0
Mipha is a giant RED FLAG! #zelda #nintendo #link #gaming #totk,https://www.youtube.com/watch?v=kCfta1ojQ7c,swaggmasta,https://www.youtube.com/channel/UCEhcgbb4VsRflaeHZS4rM-Q,2026-02-27T12:32:53.577Z,80.0,12.357,12.357
Eleita melhor cosplay de Princesa Mipha de the legend of Zelda : breath of the wild #nintendo #link,https://www.youtube.com/watch?v=_4H5Ti1DMkU,RAFAKS,https://www.youtube.com/channel/UCKN0xeYQyNoBSEi7dSYuyKA,2026-02-27T12:32:38.068Z,9.0,15.509,9.0
Progress on my Mipha cosplay,https://www.youtube.com/watch?v=yTI25lVGC_Q,Vraskaa Cosplay,https://www.youtube.com/channel/UCTW0AR44A7jV_S03RdxHPMw,2026-02-27T12:32:28.382Z,8.0,9.686,8.0
Love and Deepspace | Boundless Seas · Showcase,https://www.youtube.com/watch?v=vPKFiAwr_0U,Love and Deepspace ,https://www.youtube.com/channel/UCSYnLE11DE8q5Q9eqbG5eTw,2026-02-27T12:31:45.399Z,37.0,42.983,37.0
PROFESSOR RAFAYEL?! 🐟 I'm failing this class on purpose! | Duskbright Steps PV Reaction | LADS,https://www.youtube.com/watch?v=sQDYpB6RgM4,Virtual Heartbeats,https://www.youtube.com/channel/UClyYompNxymxKtkFrf7xcmQ,2026-02-27T12:24:30.440Z,1236.0,434.959,434.959
Jerma Streams - Withering Realms Demo,https://www.youtube.com/watch?v=N6XuQgfBDCE,Jerma Stream Archive,https://www.youtube.com/channel/UC2oWuUSd3t3t5O3Vxp4lgAA,2026-02-27T12:24:11.796Z,6241.0,18.644,18.644
Drone_Hoz_English.mp4,https://www.youtube.com/watch?v=FJGgkJJ2YOw,,,2026-02-27T12:21:18.170Z,31.0,173.626,31.0
Barilla Protein+ Pasta: First Place in Taste Among Major US Protein Pasta Brands,https://www.youtube.com/watch?v=EanlTaN4iDs,,,2026-02-27T12:15:55.666Z,16.0,322.504,16.0
Tom Steyer Is Fighting Back Against Trump,https://www.youtube.com/watch?v=OGu2zpWHA6U,,,2026-02-27T12:15:40.373Z,16.0,15.293,15.293
Dean's French Onion Dip: Everyone Dips Differently,https://www.youtube.com/watch?v=L3oyaZSIDfk,,,2026-02-27T12:08:45.812Z,31.0,414.561,31.0
CHAT SAVED ME!? Pulling for Spring and Flowers Cards! Love and Deepspace,https://www.youtube.com/watch?v=8YSzpteJGfo,Nightalize LIVE,https://www.youtube.com/channel/UC6m-z9tV0ZVLfyFkR2g_GjA,2026-02-27T12:00:44.777Z,1902.0,481.035,481.035
NCA MIDWEST CHRISSI CD15 9X16 SOCIAL,https://www.youtube.com/watch?v=WQVZde0yUpk,,,2026-02-27T12:00:37.511Z,16.0,7.266,7.266
The Adventures of the Phillyboy: Origin Story,https://www.youtube.com/watch?v=-foLP_UABpc,,,2026-02-27T11:56:24.508Z,31.0,253.003,31.0
english us ytgc 0109 twice yearly hiv prevention spot b 60 video youtube video learn more yeztugo 60,https://www.youtube.com/watch?v=OCeCWnhMjiY,,,2026-02-27T11:53:21.429Z,61.0,183.079,61.0
Everblue_Places to Go Seasonless_30s_PFA,https://www.youtube.com/watch?v=_ovzfVf9BGo,,,2026-02-27T11:46:56.060Z,31.0,385.369,31.0
#sylus #zayne #otomegames #shojoanime #loveanddeepspace,https://www.youtube.com/watch?v=vmSVuHrnBQI,V!CE Watched it,https://www.youtube.com/channel/UCFlct_bS2bnjK0z0OxB9T6Q,2026-02-27T11:41:02.005Z,65.0,354.055,65.0
BLESSED BIRTHDAY PULLS! | Mortality's Tenderness | Love and Deepspace,https://www.youtube.com/watch?v=qg-fJVpGXHc,Tama,https://www.youtube.com/channel/UCqJe_4cOK0S99drrUb9tmMg,2026-02-27T11:40:51.318Z,1119.0,10.687,10.687
Launch Your Business with Confidence – Bizee Has Your Back,https://www.youtube.com/watch?v=jzlkiyMWFjY,,,2026-02-27T11:40:44.893Z,16.0,6.425,6.425
"Final Fantasy X ""Will"" Still Haunts Us",https://www.youtube.com/watch?v=iBFCcUJWzJA,Ollie Dreamer,https://www.youtube.com/channel/UC1itGekCVG1XI3m18wxAkZg,2026-02-27T09:57:46.560Z,3302.0,6178.333,3302.0
Do you want a piece of $100K?! Cash in on @FanumLive's Twitch starting on February 17th. #giveaway,https://www.youtube.com/watch?v=wDn23jId6oo,,,2026-02-27T09:54:47.456Z,44.0,179.104,44.0
Zayne's confidence is insane #loveanddeepspace #zayne #shorts,https://www.youtube.com/watch?v=0c4DMulW_2k,Love and Chickspace,https://www.youtube.com/channel/UC1aSEGq5jrlKnJa6SOWpxUQ,2026-02-27T09:50:21.292Z,16.0,266.164,16.0
Screen 16x9,https://www.youtube.com/watch?v=5U1A0AJ9Nek,,,2026-02-27T09:49:11.485Z,16.0,69.807,16.0
vi_ease_ani_eng_100322_cpp0_26s_16x9_buycryptoin6simplesteps_2,https://www.youtube.com/watch?v=M_d-UiSYvKQ,,,2026-02-27T09:43:47.885Z,26.0,323.6,26.0
cid=ba008323a79775de8cad45e60fb18d3b,https://www.youtube.com/watch?v=CZhecMYQ8LU,,,2026-02-27T09:38:06.424Z,11.0,341.461,11.0
DUSKBRIGHT STEPS - Rafayel's Birthday - Love and Deepspace,https://www.youtube.com/watch?v=QBhDpQm7WB4,Slashterpiece Gaming,https://www.youtube.com/channel/UCm4KcBB3l4NqTXHSqrHaYDA,2026-02-27T09:31:40.993Z,1651.0,385.431,385.431
Stealth Cam - The Leader In Cellular Trail Camera Technology,https://www.youtube.com/watch?v=oEB7Ba29dQk,,,2026-02-27T09:31:19.842Z,16.0,21.151,16.0
QULIPTA Forget-You-Get Chaperone :30,https://www.youtube.com/watch?v=8N1qZ7oko5U,,,2026-02-27T09:30:49.016Z,31.0,30.826,30.826
v1825 v1 v1825 soulmate MC SH land sv EN 2,https://www.youtube.com/watch?v=0LXFk2-ROgY,,,2026-02-27T09:26:48.120Z,58.0,240.896,58.0
"CEFCU ""Auto Loan Fit My Needs Promo 4.49% APR Rate” - 30",https://www.youtube.com/watch?v=4lPRXH8eXm4,,,2026-02-27T09:19:46.954Z,31.0,421.166,31.0
Google Pixel 10a | Gemini Live,https://www.youtube.com/watch?v=tHTcocmVHJM,,,2026-02-27T09:19:31.574Z,16.0,15.38,15.38
Monarch: Legacy of Monsters | Apple TV,https://www.youtube.com/watch?v=T1HAvNeIPG8,,,2026-02-27T07:32:38.234Z,31.0,6413.34,31.0
WAYMO THE SQUEEZE 15s BRAND MASTER TCP,https://www.youtube.com/watch?v=InbePNaMCNA,,,2026-02-27T07:24:21.216Z,16.0,497.018,16.0
".✦ ݁Love and Deepspace IS REAL?! I met Sylus and Zayne for Valentines Day || LADs Vlog, Cosplay 恋与深空",https://www.youtube.com/watch?v=Wd0nYF0JRjQ,v2niee,https://www.youtube.com/channel/UCZgzkdRwp3LUOUS3EQKCh6A,2026-02-27T07:08:30.079Z,986.0,951.137,951.137
"Discover INVEGA SUSTENNA®, 1-Month Schizophrenia Symptom Control With Just One Dose",https://www.youtube.com/watch?v=kTTEaHLKS7I,,,2026-02-27T07:08:23.316Z,,6.763,6.763
cid=35152ea60ff707507dbd9b7cb0f506cf,https://www.youtube.com/watch?v=XJ_LBm_DYv8,,,2026-02-27T07:03:20.926Z,21.0,302.39,21.0
NEW PROMISE! ZAYNE AND SYLUS ARE WILD | Love and Deepspace,https://www.youtube.com/watch?v=Kaz-6xxxfSc,Gacha Goblin,https://www.youtube.com/channel/UC8TPrM0t6pw2XYNbuFbYxcQ,2026-02-27T06:54:43.613Z,851.0,517.313,517.313
Shortened: [AD][PMAX] DocHub SHORT ** 1920x1080,https://www.youtube.com/watch?v=oPLTI5rkM5U,,,2026-02-27T06:54:20.015Z,18.0,23.598,18.0
ME Anthem Rev Female VO 15s,https://www.youtube.com/watch?v=BeLzuHT6TEc,,,2026-02-27T06:54:04.652Z,16.0,15.363,15.363
Omg Sylus New Promise card??? #恋与深空 #lads #sylus #loveanddeepspacegameplay,https://www.youtube.com/watch?v=no9CuWiZDXI,YumiiLune ⋆˚࿔,https://www.youtube.com/channel/UC_WGXhziwNGVci9QuffCxtA,2026-02-27T06:53:54.864Z,14.0,9.788,9.788
Hit Decline When Odor Calls,https://www.youtube.com/watch?v=JavgMekzM6U,,,2026-02-27T06:43:00.485Z,10.0,654.379,10.0
Infold really wants my whole paycheck... 💸💳  SNOWCROW Heartfelt Promise #LoveandDeepspace,https://www.youtube.com/watch?v=BBT89nCk5ZQ,Virtual Heartbeats,https://www.youtube.com/channel/UClyYompNxymxKtkFrf7xcmQ,2026-02-27T06:40:15.522Z,15.0,164.963,15.0
new chinese trend,https://www.youtube.com/watch?v=ZgahQ3OMZA8,Helen Peng,https://www.youtube.com/channel/UCZuqYEgEqd5gwn7ueUCmhlw,2026-02-27T06:39:51.567Z,16.0,23.955,16.0
Ireland Goes Beyond | Become part of a story no one else can tell,https://www.youtube.com/watch?v=_qVD73Q-114,,,2026-02-27T06:34:53.704Z,15.0,297.863,15.0
November Savings Offer 1,https://www.youtube.com/watch?v=jO16_ALk3QY,,,2026-02-27T06:34:38.190Z,16.0,15.514,15.514
how my parents met,https://www.youtube.com/watch?v=zTqglZWvAhw,rootedinspice,https://www.youtube.com/channel/UCu24exFs7T594W4qAXNtiJA,2026-02-27T06:34:19.639Z,104.0,18.551,18.551
SYLUS!! SOOOO HOT!!! 🥵🥵 | New Promise Banner | Love and Deepspace,https://www.youtube.com/watch?v=de34t32r95g,Dawn🪻,https://www.youtube.com/channel/UCV7onSbW1jp6E-61b1rbKZA,2026-02-27T06:32:50.480Z,579.0,89.159,89.159
my morning as a first time stay at home mom🥲,https://www.youtube.com/watch?v=O_ng_xyESMw,Sierra Ann,https://www.youtube.com/channel/UCfzdwrvkTuoBqQDpQVC8gpg,2026-02-27T06:31:26.665Z,138.0,83.815,83.815
$25 Denim!,https://www.youtube.com/watch?v=x_6WUEwCFiA,,,2026-02-27T06:31:24.371Z,31.0,2.294,2.294
RIT_VID_PP-LGF-USA-0687_PUB_1X1_60S_BR_ENG_V1_F00072OH_GROWOUTLOUD_VANFLAVCHRIMUSVID_DTC_YT Video,https://www.youtube.com/watch?v=GmErWhhzHZk,,,2026-02-27T06:31:21.002Z,61.0,3.369,3.369
Lay's Baked Crisps: Made With 50% Less Fat,https://www.youtube.com/watch?v=KFvXqgwvY_4,,,2026-02-27T06:23:49.396Z,7.0,451.606,7.0
Hannah Berner Ultra Facial Medicated,https://www.youtube.com/watch?v=V8s5mo00Lpw,,,2026-02-27T06:23:43.271Z,7.0,6.125,6.125
The Choice | Pepsi | Super Bowl,https://www.youtube.com/watch?v=7vKCq52wWUY,,,2026-02-27T06:16:17.744Z,31.0,445.527,31.0
https://www.youtube.com/watch?v=EKvfJGZjHLo,https://www.youtube.com/watch?v=EKvfJGZjHLo,,,2026-02-27T06:06:22.462Z,,595.282,595.282
Duskbright Steps - Rafayel’s 3rd Birthday Event Update [ Love and Deepspace ],https://www.youtube.com/watch?v=gv0Ea3AIro0,Scarlet 龍魔女,https://www.youtube.com/channel/UCXOf15C3Q3-cpPr6d6AN9QQ,2026-02-27T05:59:27.015Z,2321.0,415.447,415.447
Start an LLC for Free in 2024 Quick & Easy! $0,https://www.youtube.com/watch?v=IKQ8rC6DF-w,,,2026-02-27T05:59:23.503Z,24.0,3.512,3.512
cid=ba008323a79775de8cad45e60fb18d3b,https://www.youtube.com/watch?v=CZhecMYQ8LU,,,2026-02-27T05:59:12.844Z,11.0,10.659,10.659
Going to be like THIS 👀 to wake up like THAT 🫢🤯 #shorts #hair #cute,https://www.youtube.com/watch?v=tI0yrgnTN0o,Jacqueline Woodwell,https://www.youtube.com/channel/UCYEWRxUoOQdOCLab1SAyVLA,2026-02-27T04:54:34.303Z,11.0,3878.541,11.0
My CAR is going to BLOW UP?! 😭 *SToRYtImE* #shorts #storytime #grwm,https://www.youtube.com/watch?v=YhFwbSVXf5A,Jacqueline Woodwell,https://www.youtube.com/channel/UCYEWRxUoOQdOCLab1SAyVLA,2026-02-27T04:54:29.278Z,93.0,5.025,5.025
2 year old has DIFFERENT size FEET?! #shorts #vlog,https://www.youtube.com/watch?v=cI77JvBD0fg,Jacqueline Woodwell,https://www.youtube.com/channel/UCYEWRxUoOQdOCLab1SAyVLA,2026-02-27T04:54:10.827Z,48.0,18.451,18.451
"Love and Deepspace | ""Duskbright Healing Steps"" Introductory Course",https://www.youtube.com/watch?v=6qUj7X7eR_Q,Love and Deepspace ,https://www.youtube.com/channel/UCSYnLE11DE8q5Q9eqbG5eTw,2026-02-27T04:53:46.377Z,1168.0,24.45,24.45
lara still serving face ✨ #katseye,https://www.youtube.com/watch?v=hiKUF3PqU5g,JOHNN,https://www.youtube.com/channel/UCRVcZTwpoUJ_ucLBDeWIo0w,2026-02-27T04:38:51.407Z,14.0,894.97,14.0
OMG Professor Rafayel | Reacting to Raf's 2026 Birthday Banner | Duskbright Steps,https://www.youtube.com/watch?v=9_3W9VvGhts,Ash0tki !,https://www.youtube.com/channel/UCjm-usFv5qIq3ZCLGEw3ltQ,2026-02-27T04:38:11.863Z,839.0,39.544,39.544
"Strong Odor-Control, Light Lift",https://www.youtube.com/watch?v=6JY1DMOp0Gk,,,2026-02-27T04:35:39.734Z,14.0,152.129,14.0
New Promises! - Ready for some Spice and Ice? - Love and Deepspace,https://www.youtube.com/watch?v=Q4VZXWGhZes,Meira's Multiverse,https://www.youtube.com/channel/UCXuZqFldsTgxISbZr8nTDyw,2026-02-27T04:33:12.474Z,181.0,147.26,147.26
DUSKBRIGHT STEPS - Rafayel's Birthday - Love and Deepspace,https://www.youtube.com/watch?v=QBhDpQm7WB4,Slashterpiece Gaming,https://www.youtube.com/channel/UCm4KcBB3l4NqTXHSqrHaYDA,2026-02-27T01:14:54.340Z,1651.0,11898.134,1651.0
Domino’s Best Deal Ever - You Pick,https://www.youtube.com/watch?v=a1QA8-q32Zc,,,2026-02-27T01:14:47.446Z,16.0,6.894,6.894
Jurassic - Cut Your Bill,https://www.youtube.com/watch?v=VF5fcNqKI98,,,2026-02-27T01:09:18.177Z,16.0,329.269,16.0
Zara Larsson Will Never Listen to This Artist's Music | Cosmopolitan,https://www.youtube.com/watch?v=cLbODYE27_k,Cosmopolitan,https://www.youtube.com/channel/UC4LADtN8xwppFydHUB1s5uA,2026-02-27T00:20:19.764Z,17.0,2938.413,17.0
#PlayGalaxy Cup: PUBG MOBILE Global Open hosted by Samsung Galaxy,https://www.youtube.com/watch?v=Tl9HNvi77qQ,,,2026-02-26T23:22:36.407Z,9018.0,3463.357,3463.357
Caleb is looking a bit off today??? - LOVE AND DEEPSPACE💫,https://www.youtube.com/watch?v=-UZepnJZULg,Dark Grimreaper91,https://www.youtube.com/channel/UC7KU3iIG9uvRasZ4AOKD7_w,2026-02-26T23:21:42.043Z,55.0,54.364,54.364
MC HAIR GLITCH & ILLUSIO FIX TUTORIAL | Love and Deepspace #loveanddeepspace #shorts,https://www.youtube.com/watch?v=VsUpIC9Tcck,Lavandyre2.0,https://www.youtube.com/channel/UCjCW7HXDxy-mnUJZsAp6m7w,2026-02-26T23:21:34.798Z,61.0,7.245,7.245
AllegraBase 2026 No Brainer Hiking BOTH None EN VAR VID15,https://www.youtube.com/watch?v=UXw69Jj5G7k,,,2026-02-26T23:20:40.861Z,15.0,53.937,15.0
BA YouTube 1920x1080 30s US EN Committed 50537 015125,https://www.youtube.com/watch?v=7OL6Qk56Xtg,,,2026-02-26T23:20:10.566Z,31.0,30.295,30.295
Help Is On The Way | Ford Bronco®,https://www.youtube.com/watch?v=n0oxGSavhxs,,,2026-02-26T23:12:48.036Z,16.0,442.53,16.0
Ready to try a different path with SPRAVATO® (esketamine)?,https://www.youtube.com/watch?v=e4rpq4WAQjU,,,2026-02-26T23:05:23.074Z,90.0,444.962,90.0
Wellness on Your Terms,https://www.youtube.com/watch?v=4bfolhlquEI,,,2026-02-26T22:58:54.357Z,31.0,388.717,31.0
Chase for Business® with OSOMTEX | :06 #Shorts,https://www.youtube.com/watch?v=yNpMxxxb-z4,,,2026-02-26T22:58:47.939Z,7.0,6.418,6.418
PKTV 000113488 000298972,https://www.youtube.com/watch?v=QM0_rpaTVhg,,,2026-02-26T21:51:23.793Z,31.0,4044.146,31.0
Is Rafayel’s 3rd Birthday Worth Your Diamonds? | Love and Deepspace,https://www.youtube.com/watch?v=otpKmXhah-Q,SawCSim,https://www.youtube.com/channel/UCAVMQ98tGn_FclJA9M1uq6w,2026-02-26T21:40:35.651Z,,648.142,648.142
Stardew’s NEW Romance Candidates were Revealed?!,https://www.youtube.com/watch?v=0utlGXHsG-g,millkberry,https://www.youtube.com/channel/UCGD0-R4uLf-Krvi2gzNJl8Q,2026-02-26T21:40:13.529Z,48.0,22.122,22.122
"Caleb's AU Red Flags & The ""Ass-Tapping"" Mini-Game | Love and Deepspace",https://www.youtube.com/watch?v=pIYrwsfBAl4,Love and Chickspace,https://www.youtube.com/channel/UC1aSEGq5jrlKnJa6SOWpxUQ,2026-02-26T21:39:37.479Z,3067.0,36.05,36.05
Stardew Valley 10-year Anniversary Video (Retrospective & New Spouse Reveal),https://www.youtube.com/watch?v=geiTg6Z7w3A,ConcernedApe,https://www.youtube.com/channel/UClLilfnwQ_8LoGVpjo4SP3g,2026-02-26T21:39:15.389Z,1365.0,22.09,22.09
Pure  Potent  Powerful 1920x1080 - US,https://www.youtube.com/watch?v=Mvf3mNZlNgY,,,2026-02-26T21:39:04.954Z,23.0,10.435,10.435
Professor Fishy #loveanddeepspacerafayel #loveanddeepspace,https://www.youtube.com/watch?v=G8H1MUItvac,Milady Confetti,https://www.youtube.com/channel/UCmhArx74v9mxAj6xLGhJK1A,2026-02-26T21:38:57.197Z,133.0,7.757,7.757
F2P Luck Got Me More Than Pretty Ponytails… | Love and Deepspace,https://www.youtube.com/watch?v=pYa08Z0apbg,SawCSim,https://www.youtube.com/channel/UCAVMQ98tGn_FclJA9M1uq6w,2026-02-26T21:13:33.503Z,962.0,1523.694,962.0
Domino’s Best Deal Ever - Savings,https://www.youtube.com/watch?v=kX8IFF6hBv0,,,2026-02-26T21:13:25.793Z,16.0,7.71,7.71
Abduction - Doritos Crash the Super Bowl 2025,https://www.youtube.com/watch?v=8QYumKtpfNY,,,2026-02-26T15:14:36.146Z,31.0,21529.647,31.0
BEFORE YOU PULL Rafayel’s Birthday Banner | Love and Deepspace,https://www.youtube.com/watch?v=yTVLZcPhFsg,Thalry Games,https://www.youtube.com/channel/UCoDm5lnsbMON4RUYrU9gEjQ,2026-02-26T15:08:22.296Z,374.0,373.85,373.85
"Clorox Pure™ Works on Soft Surfaces to Neutralize Dust Mite Matter, Pollen & Pet Dander",https://www.youtube.com/watch?v=lC7W7M1Zec0,,,2026-02-26T15:08:12.176Z,16.0,10.12,10.12
Shortened: iGame_V_EN_JJ_黑化bgm迭代1_CB_184_1080x1920_45s_250418_NR_890849,https://www.youtube.com/watch?v=h4gxEkwQRow,,,2026-02-26T15:08:05.351Z,7.0,6.825,6.825
Lyria 3 | Music Generation comes to Gemini,https://www.youtube.com/watch?v=TD6FPndjhoE,,,2026-02-26T15:07:38.520Z,66.0,26.831,26.831
"Micro Changes, Big Results from Noom",https://www.youtube.com/watch?v=2KdEpOTA8YA,,,2026-02-26T15:05:01.072Z,16.0,157.448,16.0
ME Anthem Rev Female VO 30s,https://www.youtube.com/watch?v=ERVMXjxYS8o,,,2026-02-26T14:55:30.086Z,31.0,570.986,31.0
"You say ""dream pizza"" we say ""It's just $9.99"" oh and ""you're welcome."" ❤️‍🔥🤤🍕",https://www.youtube.com/watch?v=uyrme_gxRG0,,,2026-02-26T14:55:23.914Z,7.0,6.172,6.172
10 Any Large Pizza - 5 Toppings :15,https://www.youtube.com/watch?v=wXprkffl6ac,,,2026-02-26T14:47:28.003Z,16.0,475.911,16.0
"Final Fantasy X ""Will"" Still Haunts Us",https://www.youtube.com/watch?v=iBFCcUJWzJA,Ollie Dreamer,https://www.youtube.com/channel/UC1itGekCVG1XI3m18wxAkZg,2026-02-26T14:40:01.350Z,3302.0,446.653,446.653
RAFAYEL BDAY TRAILER!!! Duskbright Steps Trailer Reaction. Love and Deepspace,https://www.youtube.com/watch?v=cBX99VJIj7Y,Nightalize LIVE,https://www.youtube.com/channel/UC6m-z9tV0ZVLfyFkR2g_GjA,2026-02-26T14:39:45.510Z,323.0,15.84,15.84
Playing the First Hour of Resident Evil Requiem on Nintendo Switch 2,https://www.youtube.com/watch?v=YYD2PUCjylY,Kit & Krysta,https://www.youtube.com/channel/UCl0XiEgng4LZFpYVDd8oR8A,2026-02-26T14:39:42.911Z,3559.0,2.599,2.599
Tom Steyer Is Fighting Back Against Trump,https://www.youtube.com/watch?v=OGu2zpWHA6U,,,2026-02-26T14:39:40.155Z,16.0,2.756,2.756
iGame_V_EN_UA-KOL_notkinja再评价Vala视频切片_CB_184_1080x1920_5s_260213_NR_1112560,https://www.youtube.com/watch?v=F-4ShDx1vsg,,,2026-02-26T14:39:36.556Z,6.0,3.599,3.599
styling a string bikini for winter 👀,https://www.youtube.com/watch?v=Xv2J3YkLUBw,Jessica Blair,https://www.youtube.com/channel/UCuwM2b9HrshP_lo2llpgQdA,2026-02-26T13:31:41.498Z,51.0,4075.058,51.0
PROFESSOR RAFAYEL?! 🐟 I'm failing this class on purpose! | Duskbright Steps PV Reaction | LADS,https://www.youtube.com/watch?v=sQDYpB6RgM4,Virtual Heartbeats,https://www.youtube.com/channel/UClyYompNxymxKtkFrf7xcmQ,2026-02-26T13:30:48.610Z,1236.0,52.888,52.888
Reruns for ALL and Custom Plushies For LIs! | Duskbright Steps Event Overview | Love and Deepspace,https://www.youtube.com/watch?v=9793OhR4c0w,LADSButterfly,https://www.youtube.com/channel/UCKS7kCu-8SwNhcqjMmoqAnQ,2026-02-26T10:53:56.663Z,1086.0,9411.947,1086.0
[7DS] 6th Anniversary Festival: Dreamy Night Update,https://www.youtube.com/watch?v=Wq8Sj0TEzgU,The Seven Deadly Sins: Grand Cross,https://www.youtube.com/channel/UC_DhcobxUWJcD_LS33gzwwg,2026-02-26T10:53:39.507Z,124.0,17.156,17.156
RAFAYEL’S BIRTHDAY EVENT TRAILER?! 🐟 | Love and Deepspace Reaction,https://www.youtube.com/watch?v=cqr4UB2XRkA,itsIanWatson,https://www.youtube.com/channel/UC97TmM1QJTrANq5iOIXK8QA,2026-02-26T10:53:19.582Z,264.0,19.925,19.925
TW 20260123 积木拦Blake CFC英语 CYH CYH 1080X1920 EN  mp4,https://www.youtube.com/watch?v=UqiAHJL5fy0,,,2026-02-26T10:53:12.628Z,45.0,6.954,6.954
Average Pulls but make it FLUFF! - Mortality's Tenderness Pulls,https://www.youtube.com/watch?v=oPrWGkVGb14,Meira's Multiverse,https://www.youtube.com/channel/UCXuZqFldsTgxISbZr8nTDyw,2026-02-26T08:10:53.911Z,1389.0,9738.717,1389.0
Boundless Seas - Rafayel’s 2nd Birthday Event Update [ Love and Deepspace ],https://www.youtube.com/watch?v=VxhSqrPNK9Y,Scarlet 龍魔女,https://www.youtube.com/channel/UCXOf15C3Q3-cpPr6d6AN9QQ,2026-02-26T08:10:10.773Z,1764.0,43.138,43.138
UC Youtube 16x9,https://www.youtube.com/watch?v=PzJlxmuwooE,,,2026-02-26T08:10:03.449Z,46.0,7.324,7.324
RAFAYEL Birthday Event ! Trailer REACTION ! and Major Updates.| Love and Deepspace.,https://www.youtube.com/watch?v=reHQLw9uyNI,Dawn🪻,https://www.youtube.com/channel/UCV7onSbW1jp6E-61b1rbKZA,2026-02-26T08:07:17.643Z,925.0,165.806,165.806
https://www.youtube.com/watch?v=F4oyWD7JRtI,https://www.youtube.com/watch?v=F4oyWD7JRtI,,,2026-02-26T08:07:14.746Z,,2.897,2.897
PP-TR-US-2783,https://www.youtube.com/watch?v=9MSE6xJE1yc,,,2026-02-26T08:06:54.857Z,7.0,19.889,7.0
Romancing the Wizard in Stardew Valley… 🧙🏻‍♂️,https://www.youtube.com/watch?v=qU9zQJ7ZPfw,JourdanGames,https://www.youtube.com/channel/UCP6uPaIYN9N4Fy6lcOU3U7g,2026-02-26T07:51:35.146Z,23.0,919.711,23.0
Happy 40th Anniversary Zelda!!! #zelda,https://www.youtube.com/watch?v=vuxPKpU3zdk,andeeon,https://www.youtube.com/channel/UCrFm7pl1GruqUn96QqkUC-g,2026-02-26T07:41:30.991Z,14.0,604.155,14.0
Final Fantasy fans when they're in an arcade #finalfantasy,https://www.youtube.com/watch?v=H6TO9ly5oWE,Ollie Dreamer,https://www.youtube.com/channel/UC1itGekCVG1XI3m18wxAkZg,2026-02-26T07:41:03.711Z,31.0,27.28,27.28
A DATE WITH YOUR PROFESSOR ! 😱😏| Happy Birthday RAFAYEL 🥳 | Love and Deepspace,https://www.youtube.com/watch?v=IeKuzGP58c4,Dawn🪻,https://www.youtube.com/channel/UCV7onSbW1jp6E-61b1rbKZA,2026-02-26T07:40:55.820Z,1533.0,7.891,7.891
W100000 0011 NULL YOUTUBE HEALTH & WELL FY26 HNW QUAL YHAW VID 1920X1080 30 GM AA EL 25022630001PWP2,https://www.youtube.com/watch?v=hmg56_XHfUM,,,2026-02-26T07:40:44.858Z,31.0,10.962,10.962
iGame_V_EN_UA-KOL_notkinja再评价Vala视频切片_CB_184_1080x1920_5s_260213_NR_1112560,https://www.youtube.com/watch?v=F-4ShDx1vsg,,,2026-02-26T07:40:39.194Z,6.0,5.664,5.664
Rafayel's Birthday Comes Again! 🔥 | Love and Deepspace,https://www.youtube.com/watch?v=cc6TJdEuAZs,Tama,https://www.youtube.com/channel/UCqJe_4cOK0S99drrUb9tmMg,2026-02-26T07:35:20.131Z,330.0,319.063,319.063
Hitman x Milla Jovovich (From Resident Evil),https://www.youtube.com/watch?v=cvLQq4f9GgU,Nova,https://www.youtube.com/channel/UC22TOQWJue006Lp6DB5QhDA,2026-02-26T07:35:17.923Z,45.0,2.208,2.208
"Hoppers | ""Tom Review"" | In Theaters March 6",https://www.youtube.com/watch?v=5izaQmfM2Uo,,,2026-02-26T07:35:16.387Z,31.0,1.536,1.536
Make Your Best Stir Fry,https://www.youtube.com/watch?v=uZoVHpBbW6Y,,,2026-02-26T07:35:10.117Z,7.0,6.27,6.27
Professor Rafayel For His BIRTHDAY!? | Duskbright Steps | Love and Deepspace,https://www.youtube.com/watch?v=AIawssEoO50,Mimberly,https://www.youtube.com/channel/UC7OTjuXti2-LXSz4OKWLuYQ,2026-02-26T07:29:18.113Z,347.0,352.004,347.0
Membership Promo 25 328 MemDrive2026Wave2WBSB Video 1920x1080 30s,https://www.youtube.com/watch?v=U6T32iRk8hc,,,2026-02-26T07:29:09.224Z,31.0,8.889,8.889
Ben & Jerry's | Sweet-and-Salty Sundae Bestie,https://www.youtube.com/watch?v=DKT5xW_PzgI,,,2026-02-26T07:29:02.676Z,7.0,6.548,6.548
https://www.youtube.com/watch?v=FjRgUga3fcc,https://www.youtube.com/watch?v=FjRgUga3fcc,,,2026-02-26T07:24:42.137Z,,260.539,260.539
https://www.youtube.com/watch?v=F4oyWD7JRtI,https://www.youtube.com/watch?v=F4oyWD7JRtI,,,2026-02-26T07:24:39.594Z,,2.543,2.543
Lady Gaga made her debut performance count! #ladygaga #sytycd,https://www.youtube.com/watch?v=wOXoX7zYkBE,Mathias Werner,https://www.youtube.com/channel/UCM-Twz5gyBPT4shgLKlGaDQ,2026-02-26T07:24:38.514Z,46.0,1.08,1.08
SP24 MS100H Claims OTV Paid M6 6s GL 9x16 H264 UNDER100 1,https://www.youtube.com/watch?v=7Vh0skqsoeU,,,2026-02-26T07:24:33.193Z,7.0,5.321,5.321
OMG MY BIRTHDAY GIFT IS HERE!!! PROFESSOR RAFAYEL MY LOVE AHHHHH!!!!,https://www.youtube.com/watch?v=abSTt0UrOnQ,Crystal VODS,https://www.youtube.com/channel/UCT_kPRpmo711eAr1zeOyHUg,2026-02-26T07:24:25.637Z,382.0,7.556,7.556
Roleplaying With Rafayel!! | Duskbright Steps Trailer Reaction | Love and Deepspace,https://www.youtube.com/watch?v=5TNqW_IskTs,LADSButterfly,https://www.youtube.com/channel/UCKS7kCu-8SwNhcqjMmoqAnQ,2026-02-26T07:19:18.137Z,321.0,307.5,307.5
PROFESSOR RAFAYEL!!! | Duskbright Steps Trailer Reaction | Love and Deepspace,https://www.youtube.com/watch?v=suTrMsR-bcU,RileySnowCrystal,https://www.youtube.com/channel/UCl1-YyCGDlKgwz_CZZ2D2nw,2026-02-26T07:07:48.834Z,728.0,689.303,689.303
Class in Session for Professor Rafayel! - Duskbright Steps Trailer Reaceion - Love and Deepspce,https://www.youtube.com/watch?v=c6KsiAY5Cy8,Meira's Multiverse,https://www.youtube.com/channel/UCXuZqFldsTgxISbZr8nTDyw,2026-02-26T06:58:46.931Z,577.0,541.903,541.903
Enjoy Crisps Baked to Perfection,https://www.youtube.com/watch?v=6qfc-4noT0E,,,2026-02-26T06:52:32.872Z,16.0,374.059,16.0
RERUNNING 2 CARDS AT THE SAME TIME? | Love and Deepspace,https://www.youtube.com/watch?v=Z73GhblnLtw,Gacha Goblin,https://www.youtube.com/channel/UC8TPrM0t6pw2XYNbuFbYxcQ,2026-02-26T06:45:44.518Z,787.0,408.354,408.354
The Other Side - Single Woman,https://www.youtube.com/watch?v=4OBYkTHUJQk,,,2026-02-26T06:45:37.555Z,61.0,6.963,6.963
iGame_V_EN_UA-KOL_notkinja再评价Valka视频切片_CB_184_1080x1920_7s_260213_NR_1112561,https://www.youtube.com/watch?v=sIjHvg4Wbgw,,,2026-02-26T06:45:30.065Z,8.0,7.49,7.49
Wellness on Your Terms,https://www.youtube.com/watch?v=gT2ln3Iz_rM,,,2026-02-26T06:06:10.352Z,31.0,2359.713,31.0
Everblue_Places to Go Seasonless_30s_PFA,https://www.youtube.com/watch?v=_ovzfVf9BGo,,,2026-02-26T05:59:55.278Z,31.0,375.074,31.0
Who’s the new Stardew 1.7 marriage candidates?,https://www.youtube.com/watch?v=b8ZF1YPwwPA,Nino Kito,https://www.youtube.com/channel/UCTI1CIJWqDP75Ttqeh7ZGqA,2026-02-26T05:58:57.444Z,46.0,57.834,46.0
Shortened: DS V 051 001 SetComplete Loop 15s EN 1080X1080,https://www.youtube.com/watch?v=i6PmIuDl2Vs,,,2026-02-26T05:19:01.006Z,14.0,2396.438,14.0
RAFAYEL'S BIRTHDAY IS FINALLY HERE! | Love and Deepspace,https://www.youtube.com/watch?v=yYqzrhQRbcg,Gacha Goblin,https://www.youtube.com/channel/UC8TPrM0t6pw2XYNbuFbYxcQ,2026-02-26T05:12:26.822Z,1373.0,394.184,394.184
cid=619f1e9a9649fbd191ea9b80f7db348e,https://www.youtube.com/watch?v=tQ1wHUoyz1g,,,2026-02-26T05:12:19.985Z,38.0,6.837,6.837
PROFESSOR RAFAYEL IS REAL! | Love and Deepspace,https://www.youtube.com/watch?v=ki4lenMRNEQ,Gacha Goblin,https://www.youtube.com/channel/UC8TPrM0t6pw2XYNbuFbYxcQ,2026-02-26T05:00:54.640Z,616.0,685.345,616.0
"Disney+, Hulu, HBO Max",https://www.youtube.com/watch?v=7D4pBdQMEDw,,,2026-02-26T05:00:45.696Z,31.0,8.944,8.944
Love and Deepspace | Duskbright Steps,https://www.youtube.com/watch?v=-1ndF8eManE,Love and Deepspace ,https://www.youtube.com/channel/UCSYnLE11DE8q5Q9eqbG5eTw,2026-02-26T03:09:50.380Z,111.0,6655.316,111.0
【寝息/ASMR】年上彼氏に密着されながら寝落ちする音声【添い寝/睡眠導入】,https://www.youtube.com/watch?v=wvw0sAzMnoI,かたりべ,https://www.youtube.com/channel/UCdfxDs-MyLwGHGxJivg12lw,2026-02-25T11:18:21.736Z,1879.0,57088.644,1879.0
【ASMR･睡眠用】だって初めてだからさ…【添い寝･女性向け･シチュエーションボイス】,https://www.youtube.com/watch?v=-JuINklJihI,ぱんくん,https://www.youtube.com/channel/UCWFdFv4NIydBLtiswlm_fcw,2026-02-25T11:11:55.602Z,2742.0,386.134,386.134
【女性向け】ひとりでするの手伝ってあげる【シチュエーションボイス】【カウントダウン】【ASMR】,https://www.youtube.com/watch?v=y4JV3YDpEi4,楽 / Raku,https://www.youtube.com/channel/UCRlQxZ-v04A8KZCf3I2XlZQ,2026-02-25T11:11:18.684Z,482.0,36.918,36.918
SP26 MS100 Awareness M2 06s GL 9x16 Under100 2,https://www.youtube.com/watch?v=Vp4ZR8Ev_ms,,,2026-02-25T11:11:11.664Z,7.0,7.02,7.0
Sonic $6 All-American Smasher Meal,https://www.youtube.com/watch?v=b0h5__s1pXs,,,2026-02-25T11:11:05.207Z,7.0,6.457,6.457
【ASMR】S甘彼氏にひたすら奥とんとんされる音声【女性向け】,https://www.youtube.com/watch?v=y55IZGkv1tM,夜神ゆい【ASMR】,https://www.youtube.com/channel/UCSKgn_KrVL_3BKKDVixHZEg,2026-02-25T11:11:00.574Z,,4.633,4.633
【女性向け】一緒に寝てあげよっか？……【SUB】（口腔音/添い寝/アドリブ/キス/寝息/ハグ/甘々）【ASMR・バイノーラル】,https://www.youtube.com/watch?v=9IiP7jKWHvs,ぱんくん,https://www.youtube.com/channel/UCWFdFv4NIydBLtiswlm_fcw,2026-02-25T11:10:51.828Z,1710.0,8.746,8.746
【ASMR】年上弟弟/16分钟亲亲纯享版 黏黏的亲吻声和呼吸声(女性向),https://www.youtube.com/watch?v=6yKtNKc-Orc,GeGe个个 ASMR,https://www.youtube.com/channel/UCmPqqNbtesOpVArLfR2ToNg,2026-02-25T11:09:55.230Z,997.0,56.598,56.598
【ASMR】专属的舔耳体验❤ 大量亲吻声/会员音频预览,https://www.youtube.com/watch?v=ZmvUbXi_Prg,GeGe个个 ASMR,https://www.youtube.com/channel/UCmPqqNbtesOpVArLfR2ToNg,2026-02-25T11:06:15.548Z,270.0,219.682,219.682
【女性向音声/s向】初体验就玩这么大 #asmr #女性向 #音声 #剧情 #dirtytalk,https://www.youtube.com/watch?v=DIZN_pbVMTM,明日枝枝,https://www.youtube.com/channel/UCTekaLgCksExkcwD4ERMqdQ,2026-02-25T11:05:51.541Z,573.0,24.007,24.007
(THIS IS A JOKE) #stevenuniverse,https://www.youtube.com/watch?v=3aqRgNcylRM,Xiran Jay Zhao,https://www.youtube.com/channel/UCqSz_KlrE8_IDht7tWsQ-RA,2026-02-25T11:04:57.521Z,13.0,54.02,13.0
[ASMR]Ear Eating | Kisses | 亲吻音 | 女性向,https://www.youtube.com/watch?v=aSCBpt9CWMM,陈三彡,https://www.youtube.com/channel/UCcFwq_Y_CwThXToxx51J6NA,2026-02-25T10:54:02.121Z,1072.0,655.4,655.4
【女性向ASMR】偶像男友深夜回家抚慰你的小情绪（齿音、亲吻、各种撩）,https://www.youtube.com/watch?v=Q1nuVwrRqxQ,微雨影零落,https://www.youtube.com/channel/UCWNS71Z8Q5dcnTnk_9qS8mg,2026-02-25T10:54:00.009Z,843.0,2.112,2.112
【ASMR】幼馴染の家に泊まりに行ったら告白されて押し倒されちゃう【女性向けシチュエーションボイス】,https://www.youtube.com/watch?v=NU72012JG3s,かたりべ,https://www.youtube.com/channel/UCdfxDs-MyLwGHGxJivg12lw,2026-02-25T10:53:57.095Z,909.0,2.914,2.914
The way I can quote every iconic line word for word 🧡🤍🩷,https://www.youtube.com/watch?v=3LfzxqqG3CE,Netflix Philippines,https://www.youtube.com/channel/UCEnaoRpbxiSbAhBkuvODGpw,2026-02-25T10:53:01.375Z,50.0,55.72,50.0
Zelda’s big surprise 🥸 #zelda #cosplay #nintendo #thelegendofzelda,https://www.youtube.com/watch?v=anWhI3Q6zbk,Intrepid Siblings,https://www.youtube.com/channel/UCBzd-iJIm3atqUzYW4Oucew,2026-02-25T10:48:15.655Z,10.0,285.72,10.0
International Travel Insurance 30s,https://www.youtube.com/watch?v=XcIG8F7Y2BU,,,2026-02-25T10:48:01.689Z,23.0,13.966,13.966
The Chinese Cultural Details in Netflix's Over the Moon,https://www.youtube.com/watch?v=hpbWR-XxFl4,Xiran Jay Zhao,https://www.youtube.com/channel/UCqSz_KlrE8_IDht7tWsQ-RA,2026-02-25T10:44:50.706Z,1316.0,190.983,190.983
The Chinese god of male-male love...? 👀 #lgbt,https://www.youtube.com/watch?v=A2tiF519J-k,Xiran Jay Zhao,https://www.youtube.com/channel/UCqSz_KlrE8_IDht7tWsQ-RA,2026-02-25T10:44:48.315Z,49.0,2.391,2.391
See how Kasey Keller's LBCL Treatment Game Plan Led to Remission,https://www.youtube.com/watch?v=6MZXwW_BQ9E,,,2026-02-25T10:44:44.623Z,91.0,3.692,3.692
Aveeno Daily Moisturizing Routine,https://www.youtube.com/watch?v=Pu4G0nyDAb4,,,2026-02-25T10:44:40.552Z,16.0,4.071,4.071
Asian Superheroes in movies #funny #comedy,https://www.youtube.com/watch?v=-JLTSiqhqCs,Becauseimmissy_,https://www.youtube.com/channel/UCkTfLxwUYhLdy60HDhbya2A,2026-02-25T10:40:52.963Z,38.0,227.589,38.0
Princess Zelda Inspired Cosplays | Infinity Nikki,https://www.youtube.com/watch?v=DxMa8Tp67VY,CurlsFantasy,https://www.youtube.com/channel/UCwpOeTUImPjHV9cq1EI2ojQ,2026-02-25T10:40:23.203Z,40.0,29.76,29.76
Immersion in Inaccuracy,https://www.youtube.com/watch?v=8UohkL-WRpc,Deep Diver,https://www.youtube.com/channel/UCArqx3HhKbL1MwX-k5J5pJg,2026-02-25T09:59:55.321Z,1204.0,2427.882,1204.0
Scream 🦫🦎🐻 | Hoppers | @disneykids,https://www.youtube.com/watch?v=L71L2qxSHXI,,,2026-02-25T09:59:48.389Z,19.0,6.932,6.932
The Symbolism of White Hair,https://www.youtube.com/watch?v=6-i3HGD43Zc,Deep Diver,https://www.youtube.com/channel/UCArqx3HhKbL1MwX-k5J5pJg,2026-02-25T09:43:01.995Z,1394.0,1006.394,1006.394
😂😂😂 #shorts #jenniferlopez,https://www.youtube.com/watch?v=PHkRlp2n4vc,Tnb Jayyy,https://www.youtube.com/channel/UChheFVh3JCCJGVpHCs5ghCA,2026-02-25T09:43:01.816Z,60.0,0.179,0.179
FY26 DOTW 022226 Colgate dental care V2,https://www.youtube.com/watch?v=sroO8ThaVtY,,,2026-02-25T09:42:56.499Z,15.0,5.317,5.317
Final Fantasy Paladin Fashion and Design Analysis,https://www.youtube.com/watch?v=n7TPO-QHcfo,clovergirle,https://www.youtube.com/channel/UCH920NsZf7Obss7Bl2WWi0w,2026-02-25T08:13:41.438Z,1433.0,5355.061,1433.0
cynthia is a girl's girl... 🤍 || ginny and georgia #shorts,https://www.youtube.com/watch?v=Oy4VLgKy78w,goodlvxk,https://www.youtube.com/channel/UCaYA-IsTOmS6cBEUheQEy4A,2026-02-25T08:13:40.117Z,46.0,1.321,1.321
M-US-00030195 XOLAIR Unbranded Bumper ad Talk to your Allergist 6s w/ vo,https://www.youtube.com/watch?v=-rEg4nQhRVA,,,2026-02-25T08:13:37.180Z,7.0,2.937,2.937
(FINAL) aMDD Girl Dad EXT YouTube 60,https://www.youtube.com/watch?v=3N1jBrsp7sU,,,2026-02-25T08:13:33.380Z,61.0,3.8,3.8
I spent $400 on this... Hearts Ablaze Idol Multibanner Pulls. Love and Deepspace,https://www.youtube.com/watch?v=QT-nxE_qRwI,Nightalize LIVE,https://www.youtube.com/channel/UC6m-z9tV0ZVLfyFkR2g_GjA,2026-02-25T08:13:04.791Z,6441.0,28.589,28.589
The recipe to a good Caleb card💥🍎Caleb's Promise: HELD ORCHARD ★★★★ - LOVE AND DEEPSPACE💫,https://www.youtube.com/watch?v=kG68R-ItFYM,Dark Grimreaper91,https://www.youtube.com/channel/UC7KU3iIG9uvRasZ4AOKD7_w,2026-02-25T08:12:36.241Z,51.0,28.55,28.55
THE LEGEND OF ZELDA : TWILIGHT PRINCESS #Cosplay,https://www.youtube.com/watch?v=9754SNAFI50,Alyson Tabbitha,https://www.youtube.com/channel/UCi1BlZbfl9dUsMGryKjE7Lw,2026-02-25T08:12:19.658Z,23.0,16.583,16.583
You looking at Purah? Finished Legend of Zelda Cosplay!,https://www.youtube.com/watch?v=5fWp3ETUvkE,Miss Twisted,https://www.youtube.com/channel/UCj2iyEUusvLJlWAS8HV4y1Q,2026-02-25T08:11:31.273Z,11.0,48.385,11.0
it's a canon event #linkcosplay #link #loz #cosplay #botw,https://www.youtube.com/watch?v=qTIR0-Zs20A,NotQuiteIcarus,https://www.youtube.com/channel/UC-9S0uRSV1bE0DeNecY7s9g,2026-02-25T08:11:05.124Z,14.0,26.149,14.0
Princess Zelda’s Costume Origins in Smash Ultimate,https://www.youtube.com/watch?v=uJn5QvJxGK4,Aaronitmar,https://www.youtube.com/channel/UC82NOEHfqeXOLT8gNJB1mFw,2026-02-25T08:10:43.918Z,54.0,21.206,21.206
とても幸せな時間でした【#恋と深空2周年オフイベ #マヒル #エンドレス星間舞踏会 #恋と深空 #LoveandDeepspace】#Shorts,https://www.youtube.com/watch?v=4HC88FgCaeY,天之つき - TUKI AMANO -,https://www.youtube.com/channel/UCWRT6QfKuqKnhG0JKpSdklg,2026-02-25T07:58:08.553Z,44.0,755.365,44.0
LaDs House Episode 2: Proposals and Romances,https://www.youtube.com/watch?v=vZEGVMtpZ2Q,Dreamy Galaxi,https://www.youtube.com/channel/UCochs4pDFXtqrBhL93hvv-A,2026-02-25T07:34:03.039Z,12111.0,1445.514,1445.514
LaDs House Episode 1: The MCs arrive!,https://www.youtube.com/watch?v=4YEpuYDQhw0,Dreamy Galaxi,https://www.youtube.com/channel/UCochs4pDFXtqrBhL93hvv-A,2026-02-25T07:33:54.429Z,23036.0,8.61,8.61
Conserving a Banned Poster!,https://www.youtube.com/watch?v=z2sPoZSNal8,Fourth Cone Restoration,https://www.youtube.com/channel/UCvvvkkWPJAmQvjycsZ6lzxw,2026-02-25T06:54:40.743Z,83.0,2353.686,83.0
"""Yoonchae, curse!"" 💀 #katseye #viralshorts",https://www.youtube.com/watch?v=fU0MPqj6268,zaikometry,https://www.youtube.com/channel/UCJ0mI6hTpKlRhDbgIAcpQVA,2026-02-25T06:53:44.850Z,35.0,55.893,35.0
I’m sorry Sidon 😭😭 #zelda #sidon #totk #tearsofthekingdom #gaming #funny #funnygameplay #botw,https://www.youtube.com/watch?v=C_E0yMA3uv8,TRK311,https://www.youtube.com/channel/UCdfC23xsHNjCTyxT4rIyUyQ,2026-02-25T06:47:15.301Z,31.0,389.549,31.0
Friend..? Rafayel are you serious..? #lads #gaming,https://www.youtube.com/watch?v=Zoy3ePHbmIs,Nightalize LIVE,https://www.youtube.com/channel/UC6m-z9tV0ZVLfyFkR2g_GjA,2026-02-25T06:46:51.664Z,20.0,23.637,20.0
Mipha Cosplay Commission (based on Hannah Alexander art),https://www.youtube.com/watch?v=xsna3-hDkcg,AmazonMandy,https://www.youtube.com/channel/UCSV2IZJis_CzyPgcDZyV2yw,2026-02-25T05:53:36.174Z,29.0,3195.49,29.0
SHES A BADDIEEE #viral #dance #skating #olympics #alysaliu #notmyedit,https://www.youtube.com/watch?v=ki_TlPSes40,𝒴𝒶𝓎𝒶,https://www.youtube.com/channel/UC3i5EzsyAW7odDxxrnAqGNQ,2026-02-25T04:22:35.204Z,14.0,5460.97,14.0
How do the Gerudo make MORE Gerudo? #botw #totk #gerudo #zelda,https://www.youtube.com/watch?v=m3-HFLcMcv8,The Legends Keep,https://www.youtube.com/channel/UC0g3DujTV6PDCwBRwDUoQBw,2026-02-25T04:21:28.101Z,54.0,67.103,54.0
Discovering the most OP strat in Mario Tennis Fever,https://www.youtube.com/watch?v=c6NvWtg4fGw,Nova,https://www.youtube.com/channel/UC22TOQWJue006Lp6DB5QhDA,2026-02-24T23:55:44.587Z,99.0,15943.514,99.0
We cracked the CODE👀 ✨with @officialclickeez #Clickeez #GoliathPartner @goliathgames,https://www.youtube.com/watch?v=ju0RWbSmCDY,Jacqueline Woodwell,https://www.youtube.com/channel/UCYEWRxUoOQdOCLab1SAyVLA,2026-02-24T23:55:06.508Z,30.0,38.079,30.0
"Calm down guys, it's a break 😭 #katseye",https://www.youtube.com/watch?v=X8fo-NbhpqA,Katseye tea,https://www.youtube.com/channel/UCCqEtJB0zhxBZ4KVDmC7Hyg,2026-02-24T16:50:14.332Z,6.0,25492.176,6.0
LITERALLY enemies To Lovers 😭  #katseye #manon #sophia #katseyeedit #meme #maphinz,https://www.youtube.com/watch?v=vgRy58b7-Os,SwoopTea,https://www.youtube.com/channel/UCCBCUpX8WH4rIBzrGZVv2gQ,2026-02-24T16:49:57.091Z,93.0,17.241,17.241
I played the wrong note for these Zelda Cosplayers💀 #mipha #breathofthewild #majorasmask,https://www.youtube.com/watch?v=gDB6V7U96LU,Freckled Zelda,https://www.youtube.com/channel/UCngV1MDKM6WSH7ihiOfa5qg,2026-02-24T16:48:22.356Z,16.0,94.735,16.0
Boys night out but it’s the worst dudes you’ve ever met 😆,https://www.youtube.com/watch?v=pDizZodqnbs,Jenna Barclay,https://www.youtube.com/channel/UCxiVxPUAC7YA1DUAJKJ6Y9g,2026-02-24T16:47:31.695Z,33.0,50.661,33.0
That drink didn’t work 😂 #stardewvalley #stardew #shortsfeed,https://www.youtube.com/watch?v=yKdoVRywxwE,lysha,https://www.youtube.com/channel/UCCHpMxE5Rt0sphzJKfAIuGg,2026-02-24T16:45:44.082Z,13.0,107.613,13.0
"Unpopular Opinion: ""Bad"" Games and Movies Are Better 💀",https://www.youtube.com/watch?v=z2HVITs1qN4,kindredspiritva,https://www.youtube.com/channel/UCnpzoV0y8oBQTD-xyjW4yog,2026-02-24T16:45:21.230Z,60.0,22.852,22.852
Love & Deep Space | Mortality's Tenderness | FINALLY! #loveanddeepspace #sylus,https://www.youtube.com/watch?v=WwCA4PK2gkg,Kawaii Lola,https://www.youtube.com/channel/UC6RorLzsffBcn7OCPLvMS-A,2026-02-24T16:44:01.937Z,69.0,79.293,69.0
I wonder if this will link to Main Story? 🍎Caleb's Promise: HELD ORCHARD ★★★★ - LOVE AND DEEPSPACE💫,https://www.youtube.com/watch?v=tSSV6hPjzT8,Dark Grimreaper91,https://www.youtube.com/channel/UC7KU3iIG9uvRasZ4AOKD7_w,2026-02-24T16:43:55.740Z,180.0,6.197,6.197
