title,link,channel,channel_link,date,video_length,time_diff,watch_time
ULTRA Curling ft. Kurt Russell,https://www.youtube.com/watch?v=ZooweAKXRqU,,,2026-03-29T01:13:23.051Z,16.0,,16.0
Sparkle® Paper Towels | Piggy Bank,https://www.youtube.com/watch?v=EqZPejCg9qo,,,2026-03-29T01:13:17.102Z,7.0,5.949,5.949
2026 PetSmart x Royal Canin - March 30 OLV,https://www.youtube.com/watch?v=tgpDL4MtpKw,,,2026-03-29T01:05:21.054Z,31.0,476.048,31.0
Elevate Your Scent Game with Dove Men Sandalwood Cardamom Oil Body Wash,https://www.youtube.com/watch?v=Q4GlCnJug8s,,,2026-03-29T01:05:15.014Z,6.0,6.04,6.0
Pete Holmes | Silly Silly Fun Boy (Full Comedy Special),https://www.youtube.com/watch?v=qzsHolR05hg,800 Pound Gorilla Media,https://www.youtube.com/channel/UCJ9hfZ2sU7jFT9isA2rN58Q,2026-03-29T00:59:02.628Z,3349.0,372.386,372.386
Mustache | LiMu Emu & Doug | Liberty Mutual Insurance Commercial,https://www.youtube.com/watch?v=wVqq7P5FRVw,,,2026-03-29T00:58:56.337Z,16.0,6.291,6.291
Dscout for Product and Design Teams,https://www.youtube.com/watch?v=mzC9XHS3O1w,,,2026-03-29T00:52:47.684Z,59.0,368.653,59.0
Doctor Reacts To GOATED Medical Memes,https://www.youtube.com/watch?v=LTlBzLnmghk,Doctor Mike,https://www.youtube.com/channel/UC0QHWhjbe5fGJEPz3sVb6nw,2026-03-29T00:47:55.087Z,646.0,292.597,292.597
"Walk More, Stress Less: Move Together",https://www.youtube.com/watch?v=g8uw8dbE4qo,,,2026-03-29T00:47:36.102Z,31.0,18.985,18.985
[The Seven Deadly Sins: Origin] Available Now_000197,https://www.youtube.com/watch?v=BrXbe1RMe3Q,,,2026-03-29T00:46:24.353Z,64.0,71.749,64.0
My Landlord Better Like What I Did to My Bedroom. (PART 2),https://www.youtube.com/watch?v=kGBdXN-7xgs,Caroline Winkler,https://www.youtube.com/channel/UC8JOgFXp-I3YV6dsKqqQdUw,2026-03-29T00:45:57.645Z,2616.0,26.708,26.708
Activating Experts Conversion :15,https://www.youtube.com/watch?v=xo870EYoaMk,,,2026-03-29T00:45:48.326Z,16.0,9.319,9.319
timothee shares his letterboxd top 5 with kylie,https://www.youtube.com/watch?v=6JjYUiwbwlA,ButterFaces,https://www.youtube.com/channel/UCpdSyiteC-qkmg0ZWZSqY6w,2026-03-28T23:22:04.429Z,54.0,5023.897,54.0
12 tonnes of kitkats stolen,https://www.youtube.com/watch?v=grQTxtdEWTc,Garron,https://www.youtube.com/channel/UCUNbVdwPCfo3iOac_PRNNsg,2026-03-28T23:15:50.983Z,60.0,373.446,60.0
Buying German gifts for my family,https://www.youtube.com/watch?v=rHAlG2E0AFw,Uyen Ninh,https://www.youtube.com/channel/UC-uNVV92llYIMC5-ZUF0Q4w,2026-03-28T20:05:10.753Z,42.0,11440.23,42.0
Bloodsport: The Führer’s Fav Movie & More! | Puttin on Airs w/ Trae Crowder & Corey Ryan Forrester,https://www.youtube.com/watch?v=TYR-vO3RJ14,Puttin On Airs Podcast,https://www.youtube.com/channel/UCE_luEVRgClC6dPceGVEZeg,2026-03-28T19:12:38.140Z,6216.0,3152.613,3152.613
Trying Every Restaurant on the NYT 2025 Top 100 List - Mam,https://www.youtube.com/watch?v=BbJLU3A2oPw,Kaitlyn Lavery,https://www.youtube.com/channel/UCqZDrYZzMKawDbxV-SiMLAQ,2026-03-28T19:10:46.708Z,79.0,111.432,79.0
Now Taxes is Expertise No Hidden Fees - TurboTax 2026 Commercial (3/31 :15),https://www.youtube.com/watch?v=IaUDx5L3_HM,,,2026-03-28T19:04:31.526Z,16.0,375.182,16.0
Are cancer deaths increasing?,https://www.youtube.com/watch?v=nSta05uE988,Hank Green,https://www.youtube.com/channel/UCOT2iLov0V7Re7ku_3UBtcQ,2026-03-28T19:02:19.146Z,132.0,132.38,132.0
Pet Love Cremation & Memorial,https://www.youtube.com/watch?v=vHgMZ3215EE,,,2026-03-28T13:13:17.269Z,84.0,20941.877,84.0
Free federal tax filing for homeowners.,https://www.youtube.com/watch?v=HCsbHFYDNwM,,,2026-03-28T13:04:05.201Z,31.0,552.068,31.0
The Old Stories: Moses | Official Trailer | Wonder Project,https://www.youtube.com/watch?v=j6-tk3_1sk8,,,2026-03-28T12:58:08.222Z,138.0,356.979,138.0
Now Taxes is Staying in the Loop - TurboTax 2026 Commercial (Official TV Ad :30),https://www.youtube.com/watch?v=XuIDdnPxBlY,,,2026-03-28T12:57:33.104Z,31.0,35.118,31.0
Stone Cold - Rick Jackson for Governor,https://www.youtube.com/watch?v=CRINplUdS3E,,,2026-03-28T12:41:14.507Z,16.0,978.597,16.0
FX's Love Story,https://www.youtube.com/watch?v=XDOXRL6iWJA,,,2026-03-28T12:41:10.458Z,31.0,4.049,4.049
| Chewy,https://www.youtube.com/watch?v=b0tRMebVYOE,,,2026-03-28T03:25:54.424Z,16.0,33316.034,16.0
I haven’t slept in days 😂 #2000s #millennials #nostalgia,https://www.youtube.com/watch?v=-j_I0WHAOhY,Itskatesteinberg,https://www.youtube.com/channel/UCJ4NZv03lmheHqlG7aLaMBA,2026-03-28T03:25:25.460Z,13.0,28.964,13.0
Dscout for Product and Design Teams,https://www.youtube.com/watch?v=mzC9XHS3O1w,,,2026-03-28T03:25:13.565Z,59.0,11.895,11.895
See how Amazon is empowering hourly employees,https://www.youtube.com/watch?v=f4elFiZ7UAA,,,2026-03-28T03:11:49.756Z,16.0,803.809,16.0
"Play the games you love, the way you want",https://www.youtube.com/watch?v=FpU-M2QJxRg,,,2026-03-28T03:03:05.925Z,30.0,523.831,30.0
Recharge your strength in the Black Card Spa with the PF Black Card.,https://www.youtube.com/watch?v=3wWu1X6cFAg,,,2026-03-28T03:02:59.859Z,7.0,6.066,6.066
My Favorite Twilight Knockoff,https://www.youtube.com/watch?v=-Gq1P2aaDqM,Jenny Nicholson,https://www.youtube.com/channel/UC7-E5xhZBZdW-8d7V80mzfg,2026-03-28T02:14:46.498Z,6033.0,2893.361,2893.361
The Old Stories: Moses | Official Trailer | Wonder Project,https://www.youtube.com/watch?v=j6-tk3_1sk8,,,2026-03-28T02:12:18.514Z,138.0,147.984,138.0
Meet The Ordinary | Ulta Beauty,https://www.youtube.com/watch?v=PJgPeJ-EbMg,,,2026-03-28T02:12:12.321Z,7.0,6.193,6.193
Shopping Cart | All About You | GEICO Insurance,https://www.youtube.com/watch?v=yEYC4rlX_so,,,2026-03-28T01:39:01.935Z,16.0,1990.386,16.0
GCIQ0144000H ESCALADE IQ,https://www.youtube.com/watch?v=q3Q_2iDBYVo,,,2026-03-28T01:38:46.927Z,16.0,15.008,15.008
2026 PetSmart x Royal Canin - March 06 OLV,https://www.youtube.com/watch?v=s4mvDlpRdQo,,,2026-03-28T01:31:26.392Z,7.0,440.535,7.0
L'Alma: The Legend | LOUIS VUITTON,https://www.youtube.com/watch?v=DkUD9uy8Spg,,,2026-03-28T01:22:17.082Z,46.0,549.31,46.0
Parent Teacher Conference (Short) | LiMu Emu & Doug | Liberty Mutual Insurance Commercial,https://www.youtube.com/watch?v=gCuFlkVQl0Y,,,2026-03-28T01:22:01.960Z,,15.122,15.122
VANITY FAIR AFTER PARTY 2026 FASHION ROAST (heidi that is criminal),https://www.youtube.com/watch?v=_yNPYLxJIM8,HauteLeMode,https://www.youtube.com/channel/UCoEj4uRzynPXEEegNqMnJVw,2026-03-28T01:08:38.033Z,1966.0,803.927,803.927
GCIQ0134000H ESCALADE IQ,https://www.youtube.com/watch?v=bkQdZkHvALs,,,2026-03-28T01:08:32.532Z,31.0,5.501,5.501
When they start question the system…🫪 #shorts #cat #funny,https://www.youtube.com/watch?v=06pwoK9vBVI,링고다냥,https://www.youtube.com/channel/UCO-s9MFWm8ghwrcYIMAjDSw,2026-03-27T22:51:35.615Z,17.0,8216.917,17.0
Taking My Black Friend Clothes Shopping,https://www.youtube.com/watch?v=uivTRZsB7U8,Tbone & Solo ,https://www.youtube.com/channel/UCWBBoHrCi1jd3AgweQxmB_A,2026-03-27T22:50:24.855Z,65.0,70.76,65.0
DA_PerfectSideHustle_long_CH_1920x1080_RA01.mp4,https://www.youtube.com/watch?v=eUz-2Gtkw-E,,,2026-03-27T22:50:21.353Z,77.0,3.502,3.502
POV timothee and kylie have an insufferable podcast,https://www.youtube.com/watch?v=f1H0Z8y0ypU,ButterFaces,https://www.youtube.com/channel/UCpdSyiteC-qkmg0ZWZSqY6w,2026-03-27T22:50:20.886Z,42.0,0.467,0.467
"My natural habitat, a brick wall.",https://www.youtube.com/watch?v=fE2-gwNLQQU,Kyle Kinane,https://www.youtube.com/channel/UCDAukC261mCbmA3Ft9mLUoQ,2026-03-27T22:49:53.412Z,28.0,27.474,27.474
robotaxi,https://www.youtube.com/watch?v=7zefBOmp1qw,Stage,https://www.youtube.com/channel/UCsu9mw59rTEn3ygQ9mXnHKg,2026-03-27T19:52:01.319Z,25.0,10672.093,25.0
How does your self care birb support you? 👀❤️ #finchapp,https://www.youtube.com/watch?v=soYENgxL1cs,,,2026-03-27T19:12:20.620Z,18.0,2380.699,18.0
FX's Love Story,https://www.youtube.com/watch?v=XDOXRL6iWJA,,,2026-03-27T19:12:16.380Z,31.0,4.24,4.24
How does my dresser work?,https://www.youtube.com/watch?v=QgMUChoxcGk,Hank Green,https://www.youtube.com/channel/UCOT2iLov0V7Re7ku_3UBtcQ,2026-03-27T19:10:58.261Z,35.0,78.119,35.0
Poo powder,https://www.youtube.com/watch?v=IveX_Ro9FPI,Garron,https://www.youtube.com/channel/UCUNbVdwPCfo3iOac_PRNNsg,2026-03-27T19:09:52.091Z,61.0,66.17,61.0
"Throwback to a fun interview and also I like this sweater, I wonder where it went",https://www.youtube.com/watch?v=QyYCrXvMOzc,racheldoesstuff,https://www.youtube.com/channel/UCs8sqIPEhf8lqM2C8rTVfYg,2026-03-27T19:08:41.139Z,62.0,70.952,62.0
The only reason I wasn’t on MTV’s Wild’n Out. #standupcomedy,https://www.youtube.com/watch?v=PyiEkrvrgGM,Anthony Jeselnik,https://www.youtube.com/channel/UCgNLQb0HXIU2jspQAhISRYA,2026-03-27T19:07:59.813Z,32.0,41.326,32.0
#neurodivergent #marriage #autism #adhd #audhd,https://www.youtube.com/watch?v=t40swr-x-3U,Studiesshow,https://www.youtube.com/channel/UCEcsiiGYa-LWV6GN48fSynQ,2026-03-27T15:52:35.528Z,106.0,11724.285,106.0
Do Vets Pad The Bill?,https://www.youtube.com/watch?v=b6Uhu28zSwo,Doctor Mike,https://www.youtube.com/channel/UC0QHWhjbe5fGJEPz3sVb6nw,2026-03-27T15:51:02.764Z,87.0,92.764,87.0
Close enough.,https://www.youtube.com/watch?v=uOsZxDRRulk,Erin Miller,https://www.youtube.com/channel/UCijiSgwJUGgFi_7yMW48Enw,2026-03-27T15:49:54.773Z,45.0,67.991,45.0
Now Taxes is Expertise No Hidden Fees - TurboTax 2026 Commercial (3/31 :15),https://www.youtube.com/watch?v=IaUDx5L3_HM,,,2026-03-27T15:49:52.537Z,16.0,2.236,2.236
"Doctor Reacts To SNL ""MAHA"" Pitt Sketch",https://www.youtube.com/watch?v=a0EosHHYO98,Doctor Mike,https://www.youtube.com/channel/UC0QHWhjbe5fGJEPz3sVb6nw,2026-03-27T15:48:12.124Z,81.0,100.413,81.0
Homesense: The Home of No Compromise 15s,https://www.youtube.com/watch?v=XYELHikQp_E,,,2026-03-27T13:18:58.036Z,16.0,8954.088,16.0
Welp…here’s part 15 of this series.,https://www.youtube.com/watch?v=0o0rk9fwbtQ,The Speech Prof,https://www.youtube.com/channel/UCWGRQoP72M-Mq2gO73K7Y7Q,2026-03-27T13:16:31.092Z,146.0,146.944,146.0
#neurodivergent #marriage #autism #adhd,https://www.youtube.com/watch?v=S5CjS2scQro,Studiesshow,https://www.youtube.com/channel/UCEcsiiGYa-LWV6GN48fSynQ,2026-03-27T04:45:28.805Z,61.0,30662.287,61.0
Afroman's defamation victory is a win for Americans who cherish the right to cuck the police in song,https://www.youtube.com/watch?v=12vxMFK2gbE,The Daily Show,https://www.youtube.com/channel/UCwWhs_6x42TyRM4Wstoq8HA,2026-03-27T04:42:43.415Z,153.0,165.39,153.0
Irish People Hate Looking “Notionsy” 😂,https://www.youtube.com/watch?v=oVQT9cJSRyU,Diane Jennings,https://www.youtube.com/channel/UCep4XCEgpz2TZJkbk-rf5Pw,2026-03-27T04:42:06.896Z,32.0,36.519,32.0
Hugo CTV - No Commitment -  9x16 15s,https://www.youtube.com/watch?v=zKttU4sxyfk,,,2026-03-27T04:41:58.197Z,16.0,8.699,8.699
2 different reactions to a butterfly 🦋 😁,https://www.youtube.com/watch?v=builVTmUgxg,Toren Wolf,https://www.youtube.com/channel/UCgWMBvGnkAPOqlLa1gkBjQg,2026-03-27T04:41:06.642Z,39.0,51.555,39.0
How to Satisfy Her,https://www.youtube.com/watch?v=cubTPOB-oq4,Jimmy on Relationships,https://www.youtube.com/channel/UCaehsa75y02rDJW1oPom-Xw,2026-03-27T04:40:12.733Z,33.0,53.909,33.0
Real Flavor,https://www.youtube.com/watch?v=hIAsecmuoL0,,,2026-03-27T04:40:11.795Z,7.0,0.938,0.938
We’ve got a Peepaw pup in the house 🐶🐾  @thatchaddaniels  #puppy #podcast #shorts #pets,https://www.youtube.com/watch?v=AV44io5LZMs,Kelsey Cook,https://www.youtube.com/channel/UCeFplBg-HWc6TSRGCAprLNQ,2026-03-27T04:39:23.495Z,48.0,48.3,48.0
Blurry: Dscout for Product and Design Teams,https://www.youtube.com/watch?v=8yQc50w4PUs,,,2026-03-27T04:39:05.920Z,59.0,17.575,17.575
Trying to Make Conservatives Laugh,https://www.youtube.com/watch?v=NsTy9VwZ9BM,Lovett or Leave It,https://www.youtube.com/channel/UCj_5BUSpa0yXiD06f0MDZFw,2026-03-27T04:38:24.171Z,39.0,41.749,39.0
Cat transplant challenge! #shorts #cat #funny,https://www.youtube.com/watch?v=r57gJVhQHJA,링고다냥,https://www.youtube.com/channel/UCO-s9MFWm8ghwrcYIMAjDSw,2026-03-27T04:38:21.682Z,58.0,2.489,2.489
ONLY 7 days left till the raffal ends 😬 Making the potion from Death Becomes Her ⚡️,https://www.youtube.com/watch?v=TMICmP9xqNs,Silver Rox,https://www.youtube.com/channel/UC8LBJeV600OCFrOV0ut2A5w,2026-03-27T04:38:19.667Z,29.0,2.015,2.015
Gas is up AND so is my blood pressure. 😒🛢️🐔,https://www.youtube.com/watch?v=lS5bnUQ04N8,Kiran Deol,https://www.youtube.com/channel/UC-2x1mX6_5Powctg0dR-xtg,2026-03-27T04:37:53.927Z,24.0,25.74,24.0
Duolingo doesn't teach you how to read the room 😭,https://www.youtube.com/watch?v=jrrITffrjaE,Atsuko Okatsuka,https://www.youtube.com/channel/UCp_jbSj7zcQxLezB0uJ-fWw,2026-03-27T04:35:19.154Z,139.0,154.773,139.0
Did Trump get catfished?,https://www.youtube.com/watch?v=8J-aLuYR8G8,Lovett or Leave It,https://www.youtube.com/channel/UCj_5BUSpa0yXiD06f0MDZFw,2026-03-27T04:35:14.922Z,96.0,4.232,4.232
"Where Are You From, Robert Reich?",https://www.youtube.com/watch?v=q5m38z66lSg,Game Changer Shorts,https://www.youtube.com/channel/UCTcw8GqWQlFcc6ioeJQOMAQ,2026-03-27T04:35:12.814Z,57.0,2.108,2.108
3 signs of ADHD nobody talks about 🤣 #adhd #adhdbrain #adhdprobs,https://www.youtube.com/watch?v=pFx8L34zSac,ADHD Love ,https://www.youtube.com/channel/UCI7FAn9t-xxugYmX8w84PTw,2026-03-27T04:34:26.650Z,52.0,46.164,46.164
They Put Me on a Helicopter to Make Soldiers Laugh #standupcomedy #military #comedy,https://www.youtube.com/watch?v=vv4f8jdvK_w,christophertitustv,https://www.youtube.com/channel/UCNUTZU0Xh8Aem_RlYkSSLrQ,2026-03-27T04:33:49.837Z,74.0,36.813,36.813
what I didn't say about child free women,https://www.youtube.com/watch?v=ZetRslRk13Q,Sommer Tothill,https://www.youtube.com/channel/UCmcr56Yq_5AJNGUtT7fhGgw,2026-03-27T04:33:48.591Z,111.0,1.246,1.246
#ceramics #clay #handmadepottery #highschoolteacher #handbuilding,https://www.youtube.com/watch?v=ah5b2_Bb99A,Franny Hartley,https://www.youtube.com/channel/UCcs-XLTAqYr2ZSrA6g62H6Q,2026-03-27T04:32:01.579Z,19.0,107.012,19.0
Me after taking the past few weeks away from belly dancing 🫠,https://www.youtube.com/watch?v=ZTxvWR0ezqE,Nurjahan Boulden,https://www.youtube.com/channel/UCk044q8vYD2Qdp6EmDocXlA,2026-03-27T04:31:51.980Z,14.0,9.599,9.599
$30 vs $1700 cat bowl,https://www.youtube.com/watch?v=YvFlLGn0l28,Abram Engle,https://www.youtube.com/channel/UCvsTLkf9SiHt-3HPqq_2TFw,2026-03-27T04:31:25.394Z,30.0,26.586,26.586
Cologuard Plus - Screening Draft :30s,https://www.youtube.com/watch?v=es1ITVk8hq8,,,2026-03-27T04:31:23.456Z,36.0,1.938,1.938
Probably my most requested topic ever. Live Tuesday at 9pm eastern here,https://www.youtube.com/watch?v=kHERdKpLwL0,Josh Johnson,https://www.youtube.com/channel/UCLuYADJ6hESLHX87JnsGbjA,2026-03-27T04:30:56.489Z,17.0,26.967,17.0
Tricky Lawyer Ads,https://www.youtube.com/watch?v=TfRFSA6g1UM,Mike Rafi - Personal Injury Lawyer,https://www.youtube.com/channel/UC04RYGK0kWq2GJH7uKuvdFg,2026-03-27T04:29:48.384Z,66.0,68.105,66.0
BVNO_YT_Big_Video_NoOffer_9x16_15_EN,https://www.youtube.com/watch?v=fo4zjBHQZP0,,,2026-03-27T04:29:47.297Z,16.0,1.087,1.087
EYE- CAN’T BELIEVE THAT DRESS #fashion #style #redcarpet,https://www.youtube.com/watch?v=431Q9pxSNJM,HauteLeMode,https://www.youtube.com/channel/UCoEj4uRzynPXEEegNqMnJVw,2026-03-27T04:28:11.184Z,94.0,96.113,94.0
Sam Says...Make a Prediction 🔮,https://www.youtube.com/watch?v=e8wjJfkZtWs,Game Changer Shorts,https://www.youtube.com/channel/UCTcw8GqWQlFcc6ioeJQOMAQ,2026-03-27T04:27:04.646Z,60.0,66.538,60.0
I Disagree: Republicans LEADING POLL in CA Gov Race?,https://www.youtube.com/watch?v=F99-viOUSO4,Frazz,https://www.youtube.com/channel/UCZkiVzaBu78Y7BXKqdHaCdQ,2026-03-27T04:25:59.316Z,106.0,65.33,65.33
Chelsea Handler knows she's the fun aunt,https://www.youtube.com/watch?v=tZu4tBpYho4,Late Night with Seth Meyers,https://www.youtube.com/channel/UCVTyTA7-g9nopHeHbeuvpRA,2026-03-27T04:25:58.479Z,109.0,0.837,0.837
California Christmastime #crazyexgirlfriend,https://www.youtube.com/watch?v=0M3XIjqlSlk,racheldoesstuff,https://www.youtube.com/channel/UCs8sqIPEhf8lqM2C8rTVfYg,2026-03-27T04:24:52.308Z,42.0,66.171,42.0
My secret to speaking German,https://www.youtube.com/watch?v=J8bFFwT1Zh0,Uyen Ninh,https://www.youtube.com/channel/UC-uNVV92llYIMC5-ZUF0Q4w,2026-03-27T04:24:50.764Z,52.0,1.544,1.544
Native-KOL-ENG-CoVa India New Moms-APDO-37-Shorts-9x16,https://www.youtube.com/watch?v=Od56Dwxbgp4,,,2026-03-27T04:24:49.607Z,39.0,1.157,1.157
I was WRONG about Gen Z #comedy #shorts,https://www.youtube.com/watch?v=t86jD5QHxpw,christophertitustv,https://www.youtube.com/channel/UCNUTZU0Xh8Aem_RlYkSSLrQ,2026-03-27T04:21:49.327Z,180.0,180.28,180.0
Sauerkraut Balls (1979),https://www.youtube.com/watch?v=crZ9FO53wIA,B. Dylan Hollis,https://www.youtube.com/channel/UCDkEssvZ2uu_ntlIGy64GIg,2026-03-27T04:21:47.929Z,70.0,1.398,1.398
OlayBody JFM26 PremiumBW Lineup ENG 6s Social 9x16 PGOM1715000H Mar26,https://www.youtube.com/watch?v=HSzqFDHXdGc,,,2026-03-27T04:21:46.902Z,7.0,1.027,1.027
Where are my fellow disorganized girls? 😂,https://www.youtube.com/watch?v=_Yq5EWJx2o8,Atsuko Okatsuka,https://www.youtube.com/channel/UCp_jbSj7zcQxLezB0uJ-fWw,2026-03-27T04:20:19.257Z,85.0,87.645,85.0
A song about OCD,https://www.youtube.com/watch?v=wqHHGq_gYmU,racheldoesstuff,https://www.youtube.com/channel/UCs8sqIPEhf8lqM2C8rTVfYg,2026-03-27T04:19:23.989Z,53.0,55.268,53.0
Class dismissed. Brought the drop challenge out of retirement for my girls at @avantgardey,https://www.youtube.com/watch?v=7nBUlRQfTxk,Atsuko Okatsuka,https://www.youtube.com/channel/UCp_jbSj7zcQxLezB0uJ-fWw,2026-03-27T04:19:00.712Z,22.0,23.277,22.0
I’ve had it with flavours #shorts,https://www.youtube.com/watch?v=-FINn5ztz7Y,Garron,https://www.youtube.com/channel/UCUNbVdwPCfo3iOac_PRNNsg,2026-03-27T04:17:57.586Z,61.0,63.126,61.0
Cops Raid Afromans home,https://www.youtube.com/watch?v=87RhmVkbgb4,Josh Johnson,https://www.youtube.com/channel/UCLuYADJ6hESLHX87JnsGbjA,2026-03-27T04:15:17.208Z,158.0,160.378,158.0
Stop Attacking Doctors!,https://www.youtube.com/watch?v=rXFlkb3EaL4,Doctor Mike,https://www.youtube.com/channel/UC0QHWhjbe5fGJEPz3sVb6nw,2026-03-27T04:13:37.528Z,124.0,99.68,99.68
Trying a Minneola Tangelo!,https://www.youtube.com/watch?v=YXH00Qog19E,Toren Wolf,https://www.youtube.com/channel/UCgWMBvGnkAPOqlLa1gkBjQg,2026-03-27T04:12:22.570Z,69.0,74.958,69.0
Target Circle Deal Days is built for Mom mode.,https://www.youtube.com/watch?v=swxiFaOdPJw,,,2026-03-27T04:11:54.545Z,37.0,28.025,28.025
Old stuff IS NOT the best…,https://www.youtube.com/watch?v=7ASk9rMDPoI,Frazz,https://www.youtube.com/channel/UCZkiVzaBu78Y7BXKqdHaCdQ,2026-03-27T04:10:52.207Z,60.0,62.338,60.0
How Afroman responded to police raiding his home,https://www.youtube.com/watch?v=EzQsEhes8bg,Josh Johnson,https://www.youtube.com/channel/UCLuYADJ6hESLHX87JnsGbjA,2026-03-27T04:05:56.217Z,156.0,295.99,156.0
Are Peptides Even Legal?,https://www.youtube.com/watch?v=iM3TACEG-cQ,Doctor Mike,https://www.youtube.com/channel/UC0QHWhjbe5fGJEPz3sVb6nw,2026-03-27T04:04:52.061Z,62.0,64.156,62.0
Spot the sleeve fitting issue,https://www.youtube.com/watch?v=e5XM9f3UvQY,Charlotta’s Pattern Cutting School,https://www.youtube.com/channel/UCd8IZqtKq1hB8CHxAuGVk9w,2026-03-27T04:04:31.355Z,17.0,20.706,17.0
The Choice | Pepsi | Super Bowl | 9x16 :30,https://www.youtube.com/watch?v=BU2Hulkw9u8,,,2026-03-27T04:04:30.381Z,31.0,0.974,0.974
This isn't being 'spoiled!',https://www.youtube.com/watch?v=1OUj3goDCt8,Toren Wolf,https://www.youtube.com/channel/UCgWMBvGnkAPOqlLa1gkBjQg,2026-03-27T04:03:59.772Z,30.0,30.609,30.0
#ad I found the most useful Teacher Assistant by CK-12 and it’s completely free @CK12,https://www.youtube.com/watch?v=0KbKHrq97eU,Jere Chang (@mschanggifted),https://www.youtube.com/channel/UCZlj7huZPgHcTK99s_L_AMw,2026-03-27T04:03:35.612Z,73.0,24.16,24.16
Officer Pound Cake. Afroman vs Cops,https://www.youtube.com/watch?v=V0OfAi5czrI,Josh Johnson,https://www.youtube.com/channel/UCLuYADJ6hESLHX87JnsGbjA,2026-03-27T04:01:18.282Z,134.0,137.33,134.0
Your weird thoughts are safe here 😌 @NHKWORLDJAPAN,https://www.youtube.com/watch?v=KABXQZdgO6w,Atsuko Okatsuka,https://www.youtube.com/channel/UCp_jbSj7zcQxLezB0uJ-fWw,2026-03-27T04:00:31.011Z,46.0,47.271,46.0
Tips on going to the Chinese buffet,https://www.youtube.com/watch?v=kNqCGzOAdyI,Uyen Ninh,https://www.youtube.com/channel/UC-uNVV92llYIMC5-ZUF0Q4w,2026-03-27T03:59:48.526Z,40.0,42.485,40.0
"Easter Decor-Meadow Easter Table, US :15 (Vertical) | Michaels",https://www.youtube.com/watch?v=Jax6_NcXntU,,,2026-03-27T03:59:35.121Z,14.0,13.405,13.405
Vic Got A House For Free On Craigslist? 🏠,https://www.youtube.com/watch?v=Us_D7eF6Opk,Game Changer Shorts,https://www.youtube.com/channel/UCTcw8GqWQlFcc6ioeJQOMAQ,2026-03-27T03:57:41.922Z,83.0,113.199,83.0
FEEDING KURT WITH RC CAR #viral,https://www.youtube.com/watch?v=Qw1sG904RyY,Abram Engle,https://www.youtube.com/channel/UCvsTLkf9SiHt-3HPqq_2TFw,2026-03-27T03:57:07.113Z,61.0,34.809,34.809
My cat has many pawsonalities✨ #shorts #cat #funny,https://www.youtube.com/watch?v=sSQYzJ_8UVY,링고다냥,https://www.youtube.com/channel/UCO-s9MFWm8ghwrcYIMAjDSw,2026-03-27T03:56:41.539Z,24.0,25.574,24.0
DO I NEED MORE???,https://www.youtube.com/watch?v=7CnV7n9CHJQ,Abram Engle,https://www.youtube.com/channel/UCvsTLkf9SiHt-3HPqq_2TFw,2026-03-27T03:56:40.604Z,61.0,0.935,0.935
It’s actually a cute book  Support your local book store and give it a buy #comedy #michellewolf,https://www.youtube.com/watch?v=bMvCDBHqCE0,Michelle Wolf,https://www.youtube.com/channel/UCAgD0g88yjBGT9R-GRBglHA,2026-03-27T03:55:14.768Z,75.0,85.836,75.0
Stephen Merchant Is Too Tall #shorts #stephenmerchant #theoffice,https://www.youtube.com/watch?v=Bwx4maD_FYA,Lovett or Leave It,https://www.youtube.com/channel/UCj_5BUSpa0yXiD06f0MDZFw,2026-03-27T03:53:19.784Z,59.0,114.984,59.0
Hey Atlanta! Visit the Wayfair Store At Howell Mill,https://www.youtube.com/watch?v=arsi2AD8Cng,,,2026-03-27T03:53:10.342Z,16.0,9.442,9.442
Pete Hegseth is keeping his hand on the throttle #ACloserLook,https://www.youtube.com/watch?v=okUy7876azU,Late Night with Seth Meyers,https://www.youtube.com/channel/UCVTyTA7-g9nopHeHbeuvpRA,2026-03-27T03:53:04.532Z,120.0,5.81,5.81
🖤 #ukulele #100daysuke2026 #jazz #ballad,https://www.youtube.com/watch?v=GLzl8zpYoWY,Cynthia Lin,https://www.youtube.com/channel/UCD2q6i-C0ZLJUK-VCp49TJA,2026-03-27T03:53:03.302Z,46.0,1.23,1.23
Confidentiality,https://www.youtube.com/watch?v=eQfy9GOZukY,Mike Rafi - Personal Injury Lawyer,https://www.youtube.com/channel/UC04RYGK0kWq2GJH7uKuvdFg,2026-03-27T03:52:06.502Z,54.0,56.8,54.0
Close Up,https://www.youtube.com/watch?v=GOjVgJ7EkR0,,,2026-03-27T03:52:05.031Z,7.0,1.471,1.471
American vs European refrigerators #usa #american #europe #european #cultureshock,https://www.youtube.com/watch?v=Z65ajGwRhMc,Roya,https://www.youtube.com/channel/UCjhebDbxJHNM0w2O1qkJA-g,2026-03-27T03:52:02.724Z,14.0,2.307,2.307
Carving cable designs into a silver ring,https://www.youtube.com/watch?v=_nkAIxnDjUk,Massoyan Jewelers,https://www.youtube.com/channel/UCX_kOlX9HLzihXlCkrZnmvA,2026-03-27T03:52:00.580Z,62.0,2.144,2.144
#CrestPartner #Ad Bright white smile courtesy of @Crest  😁 #3DWhitestrips #CrestRealityCheckup,https://www.youtube.com/watch?v=au3w5bImyek,Jenna Barclay,https://www.youtube.com/channel/UCxiVxPUAC7YA1DUAJKJ6Y9g,2026-03-27T03:51:55.565Z,46.0,5.015,5.015
Wanna hear my butt hair theories?,https://www.youtube.com/watch?v=wqi1rEugXbk,Hank Green,https://www.youtube.com/channel/UCOT2iLov0V7Re7ku_3UBtcQ,2026-03-27T03:51:09.004Z,41.0,46.561,41.0
Police Stings #lastweektonight,https://www.youtube.com/watch?v=wMcbUGcdm2A,LastWeekTonight,https://www.youtube.com/channel/UC3XTzVzaHQEd30rQbuvCtTQ,2026-03-27T03:51:08.472Z,138.0,0.532,0.532
10 PeachvsNinjasVerticalToolkit UPSX265138BH,https://www.youtube.com/watch?v=FAV1IksIVWo,,,2026-03-27T03:50:58.325Z,11.0,10.147,10.147
We’ve never released this formula before 🤔👀💦 Holo Taco jellies are here! 💅,https://www.youtube.com/watch?v=yUfTxyUK4QM,Simply Not Logical,https://www.youtube.com/channel/UCnaXc7HBuxqyP5fwOTH58FQ,2026-03-27T03:50:56.398Z,60.0,1.927,1.927
"Trump is receiving a ""special award"" #ACloserLook",https://www.youtube.com/watch?v=44OaN9q-JSk,Late Night with Seth Meyers,https://www.youtube.com/channel/UCVTyTA7-g9nopHeHbeuvpRA,2026-03-27T03:50:45.148Z,90.0,11.25,11.25
Cis ≠ straight #transrightsarehumanrights #transrights #lgbtq,https://www.youtube.com/watch?v=mWeHcwsewuo,The Speech Prof,https://www.youtube.com/channel/UCWGRQoP72M-Mq2gO73K7Y7Q,2026-03-27T03:50:08.313Z,30.0,36.835,30.0
Carving florals on Blossom Bub #handmadeceramics,https://www.youtube.com/watch?v=Jjljt-6NAJ4,Wandering Bud,https://www.youtube.com/channel/UChR_MNN2-dJbe2VRuslXgjg,2026-03-27T03:49:15.472Z,15.0,52.841,15.0
#neurodivergent #marriage #adhd #autism #audhd,https://www.youtube.com/watch?v=_rm04e5iPAQ,Studiesshow,https://www.youtube.com/channel/UCEcsiiGYa-LWV6GN48fSynQ,2026-03-27T03:48:01.516Z,61.0,73.956,61.0
Travel Hanoi with a local,https://www.youtube.com/watch?v=mlAdOl_AmDs,Uyen Ninh,https://www.youtube.com/channel/UC-uNVV92llYIMC5-ZUF0Q4w,2026-03-27T03:47:24.064Z,32.0,37.452,32.0
Happier Than Ever Cover Live,https://www.youtube.com/watch?v=1FOJ_Q5hJxE,Caroline Baniewicz,https://www.youtube.com/channel/UCsO2e8NQS0KUFHgZPdSloig,2026-03-27T03:47:15.352Z,37.0,8.712,8.712
A cat and mom waiting for Christmas while listening to carol #shorts #cute #cat,https://www.youtube.com/watch?v=sTafn-fFrBw,링고다냥,https://www.youtube.com/channel/UCO-s9MFWm8ghwrcYIMAjDSw,2026-03-27T03:46:56.733Z,38.0,18.619,18.619
Mayhem Star of Your Team :15,https://www.youtube.com/watch?v=QJ7oVDjMaEY,,,2026-03-27T03:46:55.581Z,16.0,1.152,1.152
I challenged him to a shot of wheatgrass 🌱,https://www.youtube.com/watch?v=tfzopr0k93k,Simply Not Logical,https://www.youtube.com/channel/UCnaXc7HBuxqyP5fwOTH58FQ,2026-03-27T03:46:54.931Z,58.0,0.65,0.65
just me and the sewing aunties,https://www.youtube.com/watch?v=zZ1kmFkLmhM,Joe Ando,https://www.youtube.com/channel/UCrFqlY36hnuiN9y8lNJzXPQ,2026-03-27T03:46:21.496Z,10.0,33.435,10.0
How to Talk to Guests Who Don't Have a Reservation,https://www.youtube.com/watch?v=9WguDY9LiqU,Drew Talbert,https://www.youtube.com/channel/UCT_QEGH0myu6lgbE_biQPuw,2026-03-27T03:46:05.950Z,94.0,15.546,15.546
u guys are snatching up these tickets 🤭❤️‍🔥,https://www.youtube.com/watch?v=wdigtZEwnBU,Qveen Herby,https://www.youtube.com/channel/UCx26KtPU7eYKxyOblAxAkdQ,2026-03-27T03:45:37.357Z,14.0,28.593,14.0
Native-KOL-ENG-Jeff - Awareness-Hair-Scalp-55-Shorts-9x16-,https://www.youtube.com/watch?v=SNw12dCL6Lc,,,2026-03-27T03:45:35.648Z,57.0,1.709,1.709
Brennan Is Getting Suspicious,https://www.youtube.com/watch?v=HgJwUjePXM4,Game Changer Shorts,https://www.youtube.com/channel/UCTcw8GqWQlFcc6ioeJQOMAQ,2026-03-27T03:44:42.297Z,52.0,53.351,52.0
A Noble Knight's Sworn Oath Starts To Concern Their Liege Lord,https://www.youtube.com/watch?v=v9FnPDUQSxU,Make Some Noise,https://www.youtube.com/channel/UCSoJcY9wS0_L2yWOTWJWV5Q,2026-03-27T03:44:31.238Z,104.0,11.059,11.059
What happens if you put jelly over HOLO? Jelly experiments for extra sparkle✨💅,https://www.youtube.com/watch?v=jPNm0dr9w_U,Simply Not Logical,https://www.youtube.com/channel/UCnaXc7HBuxqyP5fwOTH58FQ,2026-03-27T03:43:15.856Z,60.0,75.382,60.0
#10  oreo roommate cups vF,https://www.youtube.com/watch?v=n2V_gaj9Qko,,,2026-03-27T03:43:14.116Z,13.0,1.74,1.74
🌴LA Coffee Shop🌴 Episode 49: Gallery Owner featuring @AtsukoComedy,https://www.youtube.com/watch?v=LG-Qs9EJl5k,Pooja Tripathi,https://www.youtube.com/channel/UClMuJ-LqVoH3e_5xZa_rfuw,2026-03-27T03:43:13.241Z,103.0,0.875,0.875
Purina Pro Plan AdvantEDGE Lines Dog Line TrueView 9x16 15s,https://www.youtube.com/watch?v=IBOEOIuLy3g,,,2026-03-27T03:42:58.678Z,16.0,14.563,14.563
"Educators, that meeting can only be an email if we read the email #statetesting #teacher #principal",https://www.youtube.com/watch?v=QIHhXRs_sos,Jere Chang (@mschanggifted),https://www.youtube.com/channel/UCZlj7huZPgHcTK99s_L_AMw,2026-03-27T03:41:35.787Z,78.0,82.891,78.0
Beatles songwriting is ✨elite✨ Here There and Everywhere  #ukulele,https://www.youtube.com/watch?v=Qa15IvEsckY,Cynthia Lin,https://www.youtube.com/channel/UCD2q6i-C0ZLJUK-VCp49TJA,2026-03-27T03:41:30.572Z,27.0,5.215,5.215
BV Candle Warmer Hack IG Reel,https://www.youtube.com/watch?v=Ju3E40kiJcU,,,2026-03-27T03:41:29.276Z,11.0,1.296,1.296
#steampunk #arduino #engineering #cosplay #costume,https://www.youtube.com/watch?v=WOVom4jOLEA,She Builds Robots,https://www.youtube.com/channel/UCvcCMoqzi8TGwk44osfvoJA,2026-03-27T03:41:02.224Z,26.0,27.052,26.0
Share What You're Working On In Therapy,https://www.youtube.com/watch?v=j-bHCkTD-2M,Game Changer Shorts,https://www.youtube.com/channel/UCTcw8GqWQlFcc6ioeJQOMAQ,2026-03-27T03:38:47.164Z,88.0,135.06,88.0
Discovering the coral + mint + chevron + sock bun combo felt like cracking a secret code in 2012,https://www.youtube.com/watch?v=4D-VPsePRT8,Jenna Barclay,https://www.youtube.com/channel/UCxiVxPUAC7YA1DUAJKJ6Y9g,2026-03-27T03:38:15.234Z,22.0,31.93,22.0
"What’s Your Deal? At Target Circle Deal Days, it’s probably 40% off.",https://www.youtube.com/watch?v=AK6zPqwKuSU,,,2026-03-27T03:38:14.274Z,48.0,0.96,0.96
adding a lil whimsy to ur tuesday 💅🏼,https://www.youtube.com/watch?v=gmh1HttwAaY,Qveen Herby,https://www.youtube.com/channel/UCx26KtPU7eYKxyOblAxAkdQ,2026-03-27T03:37:55.772Z,17.0,18.502,17.0
That’s my baby!❤️ #shorts #cat #funny,https://www.youtube.com/watch?v=HSniwb1citY,링고다냥,https://www.youtube.com/channel/UCO-s9MFWm8ghwrcYIMAjDSw,2026-03-27T03:37:29.144Z,15.0,26.628,15.0
3rd times the charm ✨ Come see me on tour! #marriage #relationship #standupcomedy #crowdwork #shorts,https://www.youtube.com/watch?v=oPouM50kOYE,Kelsey Cook,https://www.youtube.com/channel/UCeFplBg-HWc6TSRGCAprLNQ,2026-03-27T03:35:29.404Z,117.0,119.74,117.0
Brooklyn Coffee Shop Episode 40: @kareemrahmatv visits the shop,https://www.youtube.com/watch?v=Pyq8sT1q0ac,Pooja Tripathi,https://www.youtube.com/channel/UClMuJ-LqVoH3e_5xZa_rfuw,2026-03-27T03:33:36.598Z,86.0,112.806,86.0
Maria Bamford has a fear...,https://www.youtube.com/watch?v=Slws_guZIfY,Lovett or Leave It,https://www.youtube.com/channel/UCj_5BUSpa0yXiD06f0MDZFw,2026-03-27T03:33:03.026Z,26.0,33.572,26.0
ONLY 5 days left till the raffal ends 😬 Making the potion from Death Becomes Her ⚡️,https://www.youtube.com/watch?v=NIhi20Uls3M,Silver Rox,https://www.youtube.com/channel/UC8LBJeV600OCFrOV0ut2A5w,2026-03-27T03:32:51.049Z,13.0,11.977,11.977
VMAs Fashion Roast Part 2 #fashion #vmas #redcarpet #addisonrae #sabrinacarpenter,https://www.youtube.com/watch?v=Mi2exDFNuTM,HauteLeMode,https://www.youtube.com/channel/UCoEj4uRzynPXEEegNqMnJVw,2026-03-27T03:31:45.094Z,60.0,65.955,60.0
"March 25, 2026",https://www.youtube.com/watch?v=eB8szrVmldw,Late Night with Seth Meyers,https://www.youtube.com/channel/UCVTyTA7-g9nopHeHbeuvpRA,2026-03-27T03:31:42.693Z,92.0,2.401,2.401
Gary really has his favorites…,https://www.youtube.com/watch?v=7QYG-2M6Ois,Abram Engle,https://www.youtube.com/channel/UCvsTLkf9SiHt-3HPqq_2TFw,2026-03-27T03:31:12.688Z,28.0,30.005,28.0
The chronic stress of being neurodivergent🧠🎧🫣,https://www.youtube.com/watch?v=p_BFSlTdr5A,Morgan Foley,https://www.youtube.com/channel/UCBPQEmXGMQ94cVvWwNaJYvA,2026-03-27T03:30:36.941Z,56.0,35.747,35.747
Where are all my hyper mobile peeps at? #adhd #adhdbrain #adhdprobs,https://www.youtube.com/watch?v=6xY-FiKRTyE,ADHD Love ,https://www.youtube.com/channel/UCI7FAn9t-xxugYmX8w84PTw,2026-03-27T03:30:02.304Z,14.0,34.637,14.0
ISOPURE,https://www.youtube.com/watch?v=j-JtH1RcquI,,,2026-03-27T03:30:01.196Z,16.0,1.108,1.108
Toast Water (1901),https://www.youtube.com/watch?v=WTPUBu1oMBc,B. Dylan Hollis,https://www.youtube.com/channel/UCDkEssvZ2uu_ntlIGy64GIg,2026-03-27T03:29:59.062Z,73.0,2.134,2.134
2: I don’t have to look far for educators who inspire me #teachers #giftededucation #mschanggifted,https://www.youtube.com/watch?v=sNuljdLC1dc,Jere Chang (@mschanggifted),https://www.youtube.com/channel/UCZlj7huZPgHcTK99s_L_AMw,2026-03-27T03:29:18.177Z,38.0,40.885,38.0
LMAOOOOO,https://www.youtube.com/watch?v=iBuiVSifrl4,Frazz,https://www.youtube.com/channel/UCZkiVzaBu78Y7BXKqdHaCdQ,2026-03-27T03:28:47.513Z,28.0,30.664,28.0
👀 #shorts,https://www.youtube.com/watch?v=PKF-F7iggp8,gabschase,https://www.youtube.com/channel/UCCSPK-oUAK6gtdV_fSdkdaQ,2026-03-27T03:28:32.116Z,13.0,15.397,13.0
KER SOC Kerastase Demi Moore Hero Video US Legal Adaptation 15s 9 16 OP1 1,https://www.youtube.com/watch?v=cBI8_uGdiKo,,,2026-03-27T03:28:31.175Z,16.0,0.941,0.941
We made this nail polish see through on purpose🤯🤔 Holo Taco new jellies collection🧃💦,https://www.youtube.com/watch?v=AlNyqdU7Iyw,Simply Not Logical,https://www.youtube.com/channel/UCnaXc7HBuxqyP5fwOTH58FQ,2026-03-27T03:27:37.612Z,60.0,53.563,53.563
This story takes a turn you are NOT ready for...,https://www.youtube.com/watch?v=vYgSo0bqQws,Lovett or Leave It,https://www.youtube.com/channel/UCj_5BUSpa0yXiD06f0MDZFw,2026-03-27T03:26:23.536Z,56.0,74.076,56.0
Google Maps Lawsuit,https://www.youtube.com/watch?v=p_PGbz9jdtA,Mike Rafi - Personal Injury Lawyer,https://www.youtube.com/channel/UC04RYGK0kWq2GJH7uKuvdFg,2026-03-27T03:26:22.804Z,60.0,0.732,0.732
ONLY 5 days left till the raffal ends 😬 Making the potion from Death Becomes Her ⚡️,https://www.youtube.com/watch?v=rb8AJ-w5UF4,Silver Rox,https://www.youtube.com/channel/UC8LBJeV600OCFrOV0ut2A5w,2026-03-27T03:25:08.824Z,61.0,73.98,61.0
Forever a mama's boy!😻 #shorts #cat #funny,https://www.youtube.com/watch?v=QCxrIst9HvM,링고다냥,https://www.youtube.com/channel/UCO-s9MFWm8ghwrcYIMAjDSw,2026-03-27T03:24:44.149Z,12.0,24.675,12.0
CeraVe Intensive Moisturizers,https://www.youtube.com/watch?v=od9WvDHlrm0,,,2026-03-27T03:24:43.308Z,31.0,0.841,0.841
Tell Melania ROBOTS ARE NOT TEACHERS,https://www.youtube.com/watch?v=ON1C3nMPxdc,Frazz,https://www.youtube.com/channel/UCZkiVzaBu78Y7BXKqdHaCdQ,2026-03-27T03:23:55.253Z,39.0,48.055,39.0
Amanda Peet’s mom fell asleep at one of her first movie premieres,https://www.youtube.com/watch?v=L4bFFi9-2dg,Late Night with Seth Meyers,https://www.youtube.com/channel/UCVTyTA7-g9nopHeHbeuvpRA,2026-03-27T03:21:08.513Z,164.0,166.74,164.0
Dorothy Introduces Members Of Her Entourage And What They're Missing,https://www.youtube.com/watch?v=qyP8ZveIzzk,Make Some Noise,https://www.youtube.com/channel/UCSoJcY9wS0_L2yWOTWJWV5Q,2026-03-27T03:19:47.010Z,77.0,81.503,77.0
Share the pic | AT&T,https://www.youtube.com/watch?v=Aup1s_oPhEk,,,2026-03-27T03:19:34.774Z,16.0,12.236,12.236
Introducing: German Husband,https://www.youtube.com/watch?v=kE8Ae8Zii-w,Uyen Ninh,https://www.youtube.com/channel/UC-uNVV92llYIMC5-ZUF0Q4w,2026-03-27T03:19:32.363Z,34.0,2.411,2.411
Thanks for having me on #dontbealone to talk shop,https://www.youtube.com/watch?v=H3InoHiL5JE,racheldoesstuff,https://www.youtube.com/channel/UCs8sqIPEhf8lqM2C8rTVfYg,2026-03-27T03:18:34.604Z,56.0,57.759,56.0
If language learning ads were honest @preply #languagelearning #languages #french #learnfrench,https://www.youtube.com/watch?v=gxerKFQmshM,Roya,https://www.youtube.com/channel/UCjhebDbxJHNM0w2O1qkJA-g,2026-03-27T03:18:32.273Z,52.0,2.331,2.331
Allstate Check First Wave,https://www.youtube.com/watch?v=Og6MZ597k18,,,2026-03-27T03:18:31.242Z,16.0,1.031,1.031
We FINALLY made it to our cabin on Svalbard 🏠☃️⛷️,https://www.youtube.com/watch?v=Ka1Srh6oFys,Cecilia Blomdahl,https://www.youtube.com/channel/UCnFhQlaQIqs6vw_mmG0bRww,2026-03-27T03:17:12.572Z,78.0,78.67,78.0
ONLY 6 days left till the raffal ends 😬 Making the potion from Death Becomes Her ⚡️,https://www.youtube.com/watch?v=04kWgmFrxJM,Silver Rox,https://www.youtube.com/channel/UC8LBJeV600OCFrOV0ut2A5w,2026-03-27T03:16:02.580Z,63.0,69.992,63.0
Become the dictator of her dreams! 🔥#shorts,https://www.youtube.com/watch?v=twlYFbmObrw,Stanzi,https://www.youtube.com/channel/UC2AHbLEqIvutOqS4UjumAHQ,2026-03-27T03:14:32.845Z,88.0,89.735,88.0
Chris Fleming and Seth both grew up in New England but had very different upbringings,https://www.youtube.com/watch?v=Z3sg3KxwhDQ,Late Night with Seth Meyers,https://www.youtube.com/channel/UCVTyTA7-g9nopHeHbeuvpRA,2026-03-27T03:11:37.214Z,123.0,175.631,123.0
We put butterflies in a nail polish bottle 🦋💅✨,https://www.youtube.com/watch?v=PYd0IhR07Hc,Simply Not Logical,https://www.youtube.com/channel/UCnaXc7HBuxqyP5fwOTH58FQ,2026-03-27T03:10:37.283Z,60.0,59.931,59.931
POV: You moved an inch and broke his trust😿 #shorts #cat #funny,https://www.youtube.com/watch?v=iMujtbOp-yU,링고다냥,https://www.youtube.com/channel/UCO-s9MFWm8ghwrcYIMAjDSw,2026-03-27T03:05:13.869Z,13.0,323.414,13.0
Blue Buffalo Wilderness Made for Adventure Sweepstakes,https://www.youtube.com/watch?v=5AIKLmZQcMg,,,2026-03-27T03:05:07.408Z,16.0,6.461,6.461
It's literally not what you think #woodyling #army #measurement #6inches,https://www.youtube.com/watch?v=NQGfcoZra20,WoodyLing,https://www.youtube.com/channel/UCgg3cI0I47-vHOi5vqkoPww,2026-03-27T03:04:22.591Z,103.0,44.817,44.817
Side quest unlocked! The mission: Target Circle Deal Days.,https://www.youtube.com/watch?v=iYzZQd8qOCs,,,2026-03-27T03:04:21.420Z,55.0,1.171,1.171
What to bake with ripe bananas 🍌,https://www.youtube.com/watch?v=Ax9G13wWugo,fromscratchbaker,https://www.youtube.com/channel/UCempXys9JzA6dZuv5eW_gkg,2026-03-27T02:55:30.452Z,66.0,530.968,66.0
Blurry: Dscout for Product and Design Teams,https://www.youtube.com/watch?v=8yQc50w4PUs,,,2026-03-27T02:53:24.041Z,59.0,126.411,59.0
#neurodivergent #marriage #autism #adhd #audhd,https://www.youtube.com/watch?v=bO0Uiank-6Y,Studiesshow,https://www.youtube.com/channel/UCEcsiiGYa-LWV6GN48fSynQ,2026-03-27T02:51:02.719Z,101.0,141.322,101.0
i dont like ian #accent #language #linguistics,https://www.youtube.com/watch?v=hCyG_fE-Hwg,zay dupree,https://www.youtube.com/channel/UCeyXZDXNyOVpnSNNYIhlJpA,2026-03-27T02:50:57.420Z,101.0,5.299,5.299
Deciding Between the Valentine’s Day Cuties,https://www.youtube.com/watch?v=IL1n5GVYDLg,,,2026-03-27T02:50:56.450Z,44.0,0.97,0.97
Are We All Just Proud of... Nothing? | Carla Rockmore #maximalistfashion #style #grwm,https://www.youtube.com/watch?v=FCiL8x7An9c,Carla Rockmore,https://www.youtube.com/channel/UCmCCGWDjKxI2U1xHSLFzbrw,2026-03-27T02:49:35.276Z,88.0,81.174,81.174
JUICE IS JUST FLAT SODA,https://www.youtube.com/watch?v=8WHNWi23Jb0,Hank Green,https://www.youtube.com/channel/UCOT2iLov0V7Re7ku_3UBtcQ,2026-03-27T02:48:56.853Z,36.0,38.423,36.0
GARY WITH A SNEAK ATTACK,https://www.youtube.com/watch?v=4POxSN7AM9A,Abram Engle,https://www.youtube.com/channel/UCvsTLkf9SiHt-3HPqq_2TFw,2026-03-27T02:48:28.982Z,24.0,27.871,24.0
Hollywood Execs Making Huge Decisions,https://www.youtube.com/watch?v=_fro5bzzW9M,Make Some Noise,https://www.youtube.com/channel/UCSoJcY9wS0_L2yWOTWJWV5Q,2026-03-27T02:47:00.264Z,90.0,88.718,88.718
Pink Crush Salad (1970s),https://www.youtube.com/watch?v=gbVnfUFwRzs,B. Dylan Hollis,https://www.youtube.com/channel/UCDkEssvZ2uu_ntlIGy64GIg,2026-03-27T02:45:41.780Z,65.0,78.484,65.0
N°5 Eau de Toilette. A monument to minimalism.,https://www.youtube.com/watch?v=mceMGeGDUIU,,,2026-03-27T02:45:40.826Z,15.0,0.954,0.954
I added a diamond… can you find it?,https://www.youtube.com/watch?v=JlX55DwqjV0,Massoyan Jewelers,https://www.youtube.com/channel/UCX_kOlX9HLzihXlCkrZnmvA,2026-03-27T02:44:36.432Z,62.0,64.394,62.0
Pittsburgh Style Explained,https://www.youtube.com/watch?v=A1_186CLpNQ,Drew Talbert,https://www.youtube.com/channel/UCT_QEGH0myu6lgbE_biQPuw,2026-03-27T02:42:41.628Z,87.0,114.804,87.0
Fancy Fixins: Hillbilly Makes Focaccia Dolce | Trae Crowder,https://www.youtube.com/watch?v=DSCAG0IWfnY,Trae Crowder (Liberal Redneck),https://www.youtube.com/channel/UCTHsQd-vRXK1bp4vpifl6yA,2026-03-27T00:26:00.803Z,165.0,8200.825,165.0
Introducing a very Chewy kind of Vet experience,https://www.youtube.com/watch?v=1mOC8df1gr8,,,2026-03-26T22:22:57.335Z,16.0,7383.468,16.0
bookingdotcom ridiculously broadway couple 15 v03 h264,https://www.youtube.com/watch?v=ZlKk-35efmA,,,2026-03-26T22:03:30.030Z,16.0,1167.305,16.0
My Favorite Twilight Knockoff,https://www.youtube.com/watch?v=-Gq1P2aaDqM,Jenny Nicholson,https://www.youtube.com/channel/UC7-E5xhZBZdW-8d7V80mzfg,2026-03-26T21:54:40.949Z,6033.0,529.081,529.081
See Your Risks - Denial Dial,https://www.youtube.com/watch?v=Bs9uMVPeOGs,,,2026-03-26T21:54:35.388Z,11.0,5.561,5.561
2026 PetSmart x Royal Canin - March 30 OLV,https://www.youtube.com/watch?v=tgpDL4MtpKw,,,2026-03-26T21:54:22.635Z,31.0,12.753,12.753
"Play the games you love, the way you want",https://www.youtube.com/watch?v=FpU-M2QJxRg,,,2026-03-26T21:54:06.880Z,30.0,15.755,15.755
Over-explaining Sequinning // How I Embellish With Beads & Sequins,https://www.youtube.com/watch?v=ja39815WDME,TheClosetHistorian,https://www.youtube.com/channel/UCbH0Fj-R756TzpRohxfqKVA,2026-03-26T21:53:56.831Z,1485.0,10.049,10.049
See how Amazon is empowering American small businesses,https://www.youtube.com/watch?v=TDLPSb8t8JQ,,,2026-03-26T21:36:12.779Z,31.0,1064.052,31.0
06 LumaCop06Bumper UPSX265400BH,https://www.youtube.com/watch?v=j85qQ3ZxNUo,,,2026-03-26T21:36:06.539Z,7.0,6.24,6.24
We Are Ulta | Ulta Beauty,https://www.youtube.com/watch?v=8B9DICbvcNQ,,,2026-03-26T21:35:55.075Z,16.0,11.464,11.464
OH SNAP #fashion #redcarpet #bvlgari,https://www.youtube.com/watch?v=NO-Mty1I6qM,HauteLeMode,https://www.youtube.com/channel/UCoEj4uRzynPXEEegNqMnJVw,2026-03-26T21:33:56.515Z,47.0,118.56,47.0
Taylor Swift | The Eras Tour | The Final Show & The End of an Era | Now on Disney+,https://www.youtube.com/watch?v=MsqUOslaybc,,,2026-03-26T21:33:53.191Z,31.0,3.324,3.324
"First Google, now this 🫠",https://www.youtube.com/watch?v=1IaXc1gAwIs,Erin Miller,https://www.youtube.com/channel/UCijiSgwJUGgFi_7yMW48Enw,2026-03-26T21:33:38.992Z,12.0,14.199,12.0
Introducing a very Chewy kind of Vet experience,https://www.youtube.com/watch?v=t2CRlHLS4os,,,2026-03-26T21:20:36.708Z,16.0,782.284,16.0
Meet The Ordinary | Ulta Beauty,https://www.youtube.com/watch?v=PJgPeJ-EbMg,,,2026-03-26T21:20:30.429Z,7.0,6.279,6.279
2026 PetSmart x Royal Canin - March 15 OLV,https://www.youtube.com/watch?v=8Y1VDBnl-9k,,,2026-03-26T21:20:03.511Z,16.0,26.918,16.0
Now Taxes is Expertise No Hidden Fees - TurboTax 2026 Commercial (3/31 :15),https://www.youtube.com/watch?v=IaUDx5L3_HM,,,2026-03-26T21:19:51.093Z,16.0,12.418,12.418
"A formal apology to Prague, Denmark and North Macedonia are quaking",https://www.youtube.com/watch?v=svHe4UnSc-k,Garron,https://www.youtube.com/channel/UCUNbVdwPCfo3iOac_PRNNsg,2026-03-26T20:48:04.573Z,59.0,1906.52,59.0
Chappell Roan’s got a point 🦄🤣 | Gianmarco Soresi | Stand Up Comedy,https://www.youtube.com/watch?v=bWwZrdiN8y4,Gianmarco Soresi,https://www.youtube.com/channel/UCCYWagpWEequTwx61dYGT0w,2026-03-26T20:45:45.710Z,67.0,138.863,67.0
RIP old school YouTube,https://www.youtube.com/watch?v=jOPJUKhAZWU,Hank Green,https://www.youtube.com/channel/UCOT2iLov0V7Re7ku_3UBtcQ,2026-03-26T20:45:07.328Z,33.0,38.382,33.0
Get them both,https://www.youtube.com/watch?v=c01sD-_4jL8,,,2026-03-26T20:45:03.860Z,64.0,3.468,3.468
This is German currency,https://www.youtube.com/watch?v=Jw1YuwSaIS8,Uyen Ninh,https://www.youtube.com/channel/UC-uNVV92llYIMC5-ZUF0Q4w,2026-03-26T20:44:45.580Z,15.0,18.28,15.0
Rating All PR My Girlfriend Gets In A Week,https://www.youtube.com/watch?v=74VhK6x0B98,Kaitlyn Lavery,https://www.youtube.com/channel/UCqZDrYZzMKawDbxV-SiMLAQ,2026-03-26T17:52:32.040Z,91.0,10333.54,91.0
Dscout for Product and Design Teams,https://www.youtube.com/watch?v=mzC9XHS3O1w,,,2026-03-26T14:51:21.411Z,59.0,10870.629,59.0
Dino :15,https://www.youtube.com/watch?v=F2UHAAW3Fs4,,,2026-03-26T14:42:21.016Z,16.0,540.395,16.0
Savings Wrangler Elevator 15 59,https://www.youtube.com/watch?v=-TPNU1e9efs,,,2026-03-26T14:33:42.467Z,16.0,518.549,16.0
2026 PetSmart x Royal Canin - March 06 OLV,https://www.youtube.com/watch?v=s4mvDlpRdQo,,,2026-03-26T14:33:36.447Z,7.0,6.02,6.02
Now Taxes is Expertise No Hidden Fees - TurboTax 2026 Commercial (3/31 :30),https://www.youtube.com/watch?v=2qACnWjLrRs,,,2026-03-26T14:26:44.759Z,31.0,411.688,31.0
"WellRED Podcast: Toy Story, Reacher, Afroman, & Cornhole Tink Tink!",https://www.youtube.com/watch?v=Zjf69vUximc,Trae Crowder (Liberal Redneck),https://www.youtube.com/channel/UCTHsQd-vRXK1bp4vpifl6yA,2026-03-26T14:17:59.163Z,3796.0,525.596,525.596
Mustache | LiMu Emu & Doug | Liberty Mutual Insurance Commercial,https://www.youtube.com/watch?v=wVqq7P5FRVw,,,2026-03-26T14:17:52.800Z,16.0,6.363,6.363
Dino :06,https://www.youtube.com/watch?v=JuOcXTQe08Q,,,2026-03-26T14:17:46.584Z,7.0,6.216,6.216
Name one thing,https://www.youtube.com/watch?v=QpGItHEo6ho,Hank Green,https://www.youtube.com/channel/UCOT2iLov0V7Re7ku_3UBtcQ,2026-03-26T04:40:57.956Z,10.0,34608.628,10.0
It's Unclear Where This Skywriting Message Is Going,https://www.youtube.com/watch?v=bx8yfRj2PsM,Make Some Noise,https://www.youtube.com/channel/UCSoJcY9wS0_L2yWOTWJWV5Q,2026-03-26T04:39:08.611Z,108.0,109.345,108.0
Going to the hospital & doctor in France story time #france #french #healthcare #cultureshock,https://www.youtube.com/watch?v=ZlIsjJ9RFVQ,Roya,https://www.youtube.com/channel/UCjhebDbxJHNM0w2O1qkJA-g,2026-03-26T04:33:57.722Z,180.0,310.889,180.0
The Choice | Pepsi | Super Bowl | 9x16 :30,https://www.youtube.com/watch?v=BU2Hulkw9u8,,,2026-03-26T04:33:56.756Z,31.0,0.966,0.966
Happy 3 year anniversary to Labour ❤️‍🔥,https://www.youtube.com/watch?v=vf1YHHRsCaI,Paris Paloma,https://www.youtube.com/channel/UCdNen4E3nI4P5_5M8s1hz1w,2026-03-26T04:33:32.031Z,51.0,24.725,24.725
Trump Voter Regrets Her Vote: 'I'm an Idiot!',https://www.youtube.com/watch?v=EagBa5S2zXw,Lovett or Leave It,https://www.youtube.com/channel/UCj_5BUSpa0yXiD06f0MDZFw,2026-03-26T04:33:18.616Z,16.0,13.415,13.415
The myth of the alpha wolf,https://www.youtube.com/watch?v=clSKSTCVRFA,Pop Culture Detective,https://www.youtube.com/channel/UCHiwtz2tCEfS17N9A-WoSSw,2026-03-26T04:33:03.482Z,180.0,15.134,15.134
Baby Ozempic,https://www.youtube.com/watch?v=8qEPPnxJRQI,Caroline Baniewicz,https://www.youtube.com/channel/UCsO2e8NQS0KUFHgZPdSloig,2026-03-26T04:31:39.943Z,32.0,83.539,32.0
Should translations be more or less direct? #linguistics #translation #korean#subtitles#sololeveling,https://www.youtube.com/watch?v=rZ4N86dZHrI,WoodyLing,https://www.youtube.com/channel/UCgg3cI0I47-vHOi5vqkoPww,2026-03-26T04:31:38.130Z,174.0,1.813,1.813
All Your Eggs in One Basket,https://www.youtube.com/watch?v=SilADWBhS0I,,,2026-03-26T04:31:37.368Z,8.0,0.762,0.762
My boy and girl cats are like night and day😂 #shorts #cat #funny,https://www.youtube.com/watch?v=DKxM5Fzqh0o,링고다냥,https://www.youtube.com/channel/UCO-s9MFWm8ghwrcYIMAjDSw,2026-03-26T04:31:35.591Z,17.0,1.777,1.777
I HATE this person  #towerofgod #tog #the25thbam #siu #webtoon,https://www.youtube.com/watch?v=qs_UCGVXVi8,WoodyLing,https://www.youtube.com/channel/UCgg3cI0I47-vHOi5vqkoPww,2026-03-26T04:28:27.290Z,176.0,188.301,176.0
crispy chicken crunchwrap slider,https://www.youtube.com/watch?v=XlTxovIQ2YA,,,2026-03-26T04:28:26.310Z,16.0,0.98,0.98
Mango’s secret story 🤫🐱 #shorts #cat #funny,https://www.youtube.com/watch?v=aw4A41_qyRA,링고다냥,https://www.youtube.com/channel/UCO-s9MFWm8ghwrcYIMAjDSw,2026-03-26T04:27:46.445Z,38.0,39.865,38.0
🐰,https://www.youtube.com/watch?v=ks8LL5v-3g0,Trixie Mattel,https://www.youtube.com/channel/UC0biFgrMdkv1hFAFLVePODQ,2026-03-26T04:27:22.244Z,23.0,24.201,23.0
What my German bf eats,https://www.youtube.com/watch?v=3Z0QHntXNvw,Uyen Ninh,https://www.youtube.com/channel/UC-uNVV92llYIMC5-ZUF0Q4w,2026-03-26T04:26:47.240Z,18.0,35.004,18.0
So many 😭😭🤣,https://www.youtube.com/watch?v=H-XzXoeHHfE,csapunch,https://www.youtube.com/channel/UCz5tmOCXjR7ZKiHEjBK5Erg,2026-03-26T04:26:23.270Z,10.0,23.97,10.0
Just a trim 😉 #2000s #nostalgia #millennials,https://www.youtube.com/watch?v=F_pVmCQlNKM,Itskatesteinberg,https://www.youtube.com/channel/UCJ4NZv03lmheHqlG7aLaMBA,2026-03-26T04:25:03.393Z,15.0,79.877,15.0
The autistic brain’s literal nature hates this 😆#adhd #autism #neurodivergent #marriage #audhd,https://www.youtube.com/watch?v=goNOqnf_HMo,Studiesshow,https://www.youtube.com/channel/UCEcsiiGYa-LWV6GN48fSynQ,2026-03-26T04:24:37.696Z,61.0,25.697,25.697
Can you imagine showing up to church and hearing this?,https://www.youtube.com/watch?v=C8iigvmCNg8,The Speech Prof,https://www.youtube.com/channel/UCWGRQoP72M-Mq2gO73K7Y7Q,2026-03-26T04:23:50.989Z,32.0,46.707,32.0
video_prod_cto_glue_spaceshuttle_6s 9x16.mp4,https://www.youtube.com/watch?v=nvK_GVwJqNM,,,2026-03-26T04:23:49.919Z,7.0,1.07,1.07
Can anyone be more tired than this cat?🥱 #shorts #cat #funny,https://www.youtube.com/watch?v=E-m-cCHzsgQ,링고다냥,https://www.youtube.com/channel/UCO-s9MFWm8ghwrcYIMAjDSw,2026-03-26T04:23:32.565Z,17.0,17.354,17.0
Are you a pickle already?,https://www.youtube.com/watch?v=8U9xveXvQ3g,Sister Anya,https://www.youtube.com/channel/UCqZNZFmkMW1XhTeZuNSVYsQ,2026-03-26T04:23:29.039Z,49.0,3.526,3.526
Our school cafeteria wins again #schoollunch #fries #teacher #mschanggifted,https://www.youtube.com/watch?v=oP3WUfR27hk,Jere Chang (@mschanggifted),https://www.youtube.com/channel/UCZlj7huZPgHcTK99s_L_AMw,2026-03-26T04:20:31.263Z,104.0,177.776,104.0
SO GRATEFUL FOR OVER 1M STREAMS on THE FOOL already!!!  Love yall 🙏❤️‍🔥💫,https://www.youtube.com/watch?v=iHnzvrSxC9c,Qveen Herby,https://www.youtube.com/channel/UCx26KtPU7eYKxyOblAxAkdQ,2026-03-26T04:20:06.635Z,23.0,24.628,23.0
#neurodivergent #marriage #autism #adhd #audhd,https://www.youtube.com/watch?v=OgnGNWbji5w,Studiesshow,https://www.youtube.com/channel/UCEcsiiGYa-LWV6GN48fSynQ,2026-03-26T04:18:46.167Z,69.0,80.468,69.0
just a bit of a spring wardrobe #fashion #uniqlo #mensfashion,https://www.youtube.com/watch?v=0t5iL8odtXA,HauteLeMode,https://www.youtube.com/channel/UCoEj4uRzynPXEEegNqMnJVw,2026-03-26T04:17:54.005Z,48.0,52.162,48.0
"Bad judgment, great judger. From Thinky Pain ‘13.",https://www.youtube.com/watch?v=tjBpbsMhxZo,Marc Maron,https://www.youtube.com/channel/UCLfcZ_p1zxGvVob0dLcjzuw,2026-03-26T04:17:20.876Z,31.0,33.129,31.0
I’m glad we stopped this when we did 🌸😳 #neurodivergent #neurodiversity,https://www.youtube.com/watch?v=Q7DcXf3Unpw,ADHD Love ,https://www.youtube.com/channel/UCI7FAn9t-xxugYmX8w84PTw,2026-03-26T04:16:47.311Z,29.0,33.565,29.0
4 Reasons We Can See Eliquis/Blood Thinner 💊Treatment Failure #doctor #pharmacist #clot #stroke,https://www.youtube.com/watch?v=Z9RFTXhD7ls,YOUR.FAV.PHARMACIST,https://www.youtube.com/channel/UCIszq3-NNrJDnQHAu7iE4dw,2026-03-26T04:16:42.437Z,115.0,4.874,4.874
1: I don’t have to look far for educators who inspire me #teachers #giftededucation #mschanggifted,https://www.youtube.com/watch?v=Fdv8-35_mg4,Jere Chang (@mschanggifted),https://www.youtube.com/channel/UCZlj7huZPgHcTK99s_L_AMw,2026-03-26T04:14:12.751Z,147.0,149.686,147.0
And somehow I get it all done,https://www.youtube.com/watch?v=MUNgvWlXRmc,csapunch,https://www.youtube.com/channel/UCz5tmOCXjR7ZKiHEjBK5Erg,2026-03-26T04:14:05.215Z,6.0,7.536,6.0
#AveenoPartner Buy @aveeno on Amazon during its spring sale from 3/25-3/31,https://www.youtube.com/watch?v=lmY1CaZklBo,Lylli,https://www.youtube.com/channel/UCbRNqbU_oU_yeTY9XdoYP5w,2026-03-26T04:13:11.466Z,50.0,53.749,50.0
Where would you haunt as a ghost?,https://www.youtube.com/watch?v=9B1e7ggQVZY,Lovett or Leave It,https://www.youtube.com/channel/UCj_5BUSpa0yXiD06f0MDZFw,2026-03-26T04:11:40.251Z,89.0,91.215,89.0
Native-KOL-ENG-CoVa India New Moms-APDO-37-Shorts-9x16,https://www.youtube.com/watch?v=Od56Dwxbgp4,,,2026-03-26T04:11:39.012Z,39.0,1.239,1.239
"I went clubbing in Milan, Italy??? Millennial story time 💃💅🇮🇹",https://www.youtube.com/watch?v=P_QmVzg6Wrk,Simply Not Logical,https://www.youtube.com/channel/UCnaXc7HBuxqyP5fwOTH58FQ,2026-03-26T04:10:34.591Z,60.0,64.421,60.0
This made me hug my cat so hard😭😿 #shorts #cat #funny,https://www.youtube.com/watch?v=t154CUBWAF4,링고다냥,https://www.youtube.com/channel/UCO-s9MFWm8ghwrcYIMAjDSw,2026-03-26T04:07:49.288Z,27.0,165.303,27.0
#neurodivergent #marriage #autism #adhd #audhd,https://www.youtube.com/watch?v=p-fTfvT9m_c,Studiesshow,https://www.youtube.com/channel/UCEcsiiGYa-LWV6GN48fSynQ,2026-03-26T04:06:00.600Z,61.0,108.688,61.0
Flower carving oops 🤭 #handmadeceramics #trialanderror,https://www.youtube.com/watch?v=t2hfIPtGb-c,Wandering Bud,https://www.youtube.com/channel/UChR_MNN2-dJbe2VRuslXgjg,2026-03-26T04:05:59.485Z,8.0,1.115,1.115
Ceramic carving mistake 🤝 new design idea #handmadeceramics,https://www.youtube.com/watch?v=WT4DU9-yz9M,Wandering Bud,https://www.youtube.com/channel/UChR_MNN2-dJbe2VRuslXgjg,2026-03-26T04:05:52.827Z,12.0,6.658,6.658
Flower carving oops 🤭 #handmadeceramics #trialanderror,https://www.youtube.com/watch?v=t2hfIPtGb-c,Wandering Bud,https://www.youtube.com/channel/UChR_MNN2-dJbe2VRuslXgjg,2026-03-26T03:51:36.411Z,8.0,856.416,8.0
UK tour tickets now available. Link in bio,https://www.youtube.com/watch?v=BcwuQwuczDs,Michelle Wolf,https://www.youtube.com/channel/UCAgD0g88yjBGT9R-GRBglHA,2026-03-26T03:51:25.267Z,76.0,11.144,11.144
My mom. My hero. #cancersurvivor #momsofyoutube #ovariancancer,https://www.youtube.com/watch?v=zorPZRVO_qg,The Speech Prof,https://www.youtube.com/channel/UCWGRQoP72M-Mq2gO73K7Y7Q,2026-03-26T03:50:33.867Z,45.0,51.4,45.0
Oprah's Lawsuit,https://www.youtube.com/watch?v=UZBmE68Z46E,Mike Rafi - Personal Injury Lawyer,https://www.youtube.com/channel/UC04RYGK0kWq2GJH7uKuvdFg,2026-03-26T03:49:41.924Z,50.0,51.943,50.0
Listening to 21 questions as a grown ass woman hits different 😆,https://www.youtube.com/watch?v=ddF8icBvGFc,csapunch,https://www.youtube.com/channel/UCz5tmOCXjR7ZKiHEjBK5Erg,2026-03-26T03:48:58.305Z,27.0,43.619,27.0
Now that I am a parent I 100% agree with every claim made in this song. #mothersintuition #mamabear,https://www.youtube.com/watch?v=fFL_OvcnzR8,racheldoesstuff,https://www.youtube.com/channel/UCs8sqIPEhf8lqM2C8rTVfYg,2026-03-26T03:48:15.054Z,41.0,43.251,41.0
"Easter Decor-Meadow Easter Table, US :15 (Vertical) | Michaels",https://www.youtube.com/watch?v=Jax6_NcXntU,,,2026-03-26T03:48:13.336Z,14.0,1.718,1.718
Listing: One slightly used sister. Free to a good home📦 #shorts #cat #funny,https://www.youtube.com/watch?v=UWeaLWNg1z0,링고다냥,https://www.youtube.com/channel/UCO-s9MFWm8ghwrcYIMAjDSw,2026-03-26T03:47:58.964Z,11.0,14.372,11.0
Gen Z Hospital Pharmacist 💊 part 19 #doctor #pharmacist #fyp #hospital #genz,https://www.youtube.com/watch?v=AM7PVOdtdPg,YOUR.FAV.PHARMACIST,https://www.youtube.com/channel/UCIszq3-NNrJDnQHAu7iE4dw,2026-03-26T03:46:29.506Z,79.0,89.458,79.0
"very near and dear to my #heart, please take the 30 seconds and use your voice to save our #forests",https://www.youtube.com/watch?v=B-SJMIzosfw,Lylli,https://www.youtube.com/channel/UCbRNqbU_oU_yeTY9XdoYP5w,2026-03-26T03:45:39.896Z,51.0,49.61,49.61
Blue Buffalo Wilderness Made for Adventure Sweepstakes,https://www.youtube.com/watch?v=5AIKLmZQcMg,,,2026-03-26T03:45:16.568Z,16.0,23.328,16.0
Driving an ambulance to Uganda,https://www.youtube.com/watch?v=qVncYNFMogU,Garron,https://www.youtube.com/channel/UCUNbVdwPCfo3iOac_PRNNsg,2026-03-26T03:44:41.998Z,36.0,34.57,34.57
This Is An Educational Podcast,https://www.youtube.com/watch?v=heyVpdQWrsY,Matteo Lane,https://www.youtube.com/channel/UCHtaXqDklDTydmwgLj5siMg,2026-03-26T03:44:31.702Z,88.0,10.296,10.296
#neurodivergent #marriage #adhd #autism,https://www.youtube.com/watch?v=Oet8rELlou8,Studiesshow,https://www.youtube.com/channel/UCEcsiiGYa-LWV6GN48fSynQ,2026-03-26T03:43:29.681Z,61.0,62.021,61.0
Coders: How to sign up for DataAnnotation.,https://www.youtube.com/watch?v=n02iKiPRCSE,,,2026-03-26T03:43:28.864Z,23.0,0.817,0.817
Blurry: Trips for families and friends | Booking.com,https://www.youtube.com/watch?v=3AL-bNhLOAY,,,2026-03-26T03:42:44.068Z,16.0,44.796,16.0
Kurt & Gary try a wall climbing rug!,https://www.youtube.com/watch?v=EXoLpZ0m67U,Abram Engle,https://www.youtube.com/channel/UCvsTLkf9SiHt-3HPqq_2TFw,2026-03-26T03:41:25.913Z,50.0,78.155,50.0
this is TMI,https://www.youtube.com/watch?v=QQEco25tzRo,Trixie Mattel,https://www.youtube.com/channel/UC0biFgrMdkv1hFAFLVePODQ,2026-03-26T03:41:22.932Z,81.0,2.981,2.981
Hey Atlanta! Visit the Wayfair Store At Howell Mill,https://www.youtube.com/watch?v=arsi2AD8Cng,,,2026-03-26T03:40:57.050Z,16.0,25.882,16.0
RUN TO THE BOOKSTORE #shorts,https://www.youtube.com/watch?v=oWxybqZT22A,gabschase,https://www.youtube.com/channel/UCCSPK-oUAK6gtdV_fSdkdaQ,2026-03-26T03:40:10.636Z,45.0,46.414,45.0
Maria Bamford reveals her intrusive thoughts,https://www.youtube.com/watch?v=rVvDdQB34tI,Lovett or Leave It,https://www.youtube.com/channel/UCj_5BUSpa0yXiD06f0MDZFw,2026-03-26T03:38:36.812Z,92.0,93.824,92.0
Blurry: DA CoderSignUp Google Ads - 1080x1080,https://www.youtube.com/watch?v=GO_tWkBUXG4,,,2026-03-26T03:38:35.371Z,23.0,1.441,1.441
Do mirrors show us the past?,https://www.youtube.com/watch?v=crk5jv2XcBw,Hank Green,https://www.youtube.com/channel/UCOT2iLov0V7Re7ku_3UBtcQ,2026-03-26T03:37:03.195Z,47.0,92.176,47.0
Your Kooky Aunt,https://www.youtube.com/watch?v=nFIPhJHrDTk,Caroline Baniewicz,https://www.youtube.com/channel/UCsO2e8NQS0KUFHgZPdSloig,2026-03-26T03:35:58.628Z,50.0,64.567,50.0
DA CoderSignUp Google Ads - 1080x1080,https://www.youtube.com/watch?v=chDNhRV-dkE,,,2026-03-26T03:22:03.704Z,23.0,834.924,23.0
SAINT LAURENT - SUMMER 26,https://www.youtube.com/watch?v=WT6tcuiYkks,,,2026-03-26T02:45:44.112Z,59.0,2179.592,59.0
See how Amazon is empowering hourly employees,https://www.youtube.com/watch?v=f4elFiZ7UAA,,,2026-03-26T02:45:29.065Z,16.0,15.047,15.047
OSCARS 2026 FASHION ROAST PART 2 (this is where it gets GOOD),https://www.youtube.com/watch?v=Qdf_lCH1aEk,HauteLeMode,https://www.youtube.com/channel/UCoEj4uRzynPXEEegNqMnJVw,2026-03-26T02:38:30.348Z,1743.0,418.717,418.717
GCIQ0144000H ESCALADE IQ,https://www.youtube.com/watch?v=q3Q_2iDBYVo,,,2026-03-26T02:38:23.357Z,16.0,6.991,6.991
2026 PetSmart x Royal Canin - March 15 OLV,https://www.youtube.com/watch?v=8Y1VDBnl-9k,,,2026-03-26T02:38:15.860Z,16.0,7.497,7.497
BayerAspirin SeeYourRisks HeroReactions Social 15s Horizontal,https://www.youtube.com/watch?v=yN_A9UkDaiw,,,2026-03-26T02:37:54.946Z,17.0,20.914,17.0
Social media user?,https://www.youtube.com/watch?v=Dfdec_mjlWc,,,2026-03-26T02:37:42.850Z,32.0,12.096,12.096
Can someone please confirm 😂 #2000s #millennials #nostalgia,https://www.youtube.com/watch?v=BApQ_UWC04A,Itskatesteinberg,https://www.youtube.com/channel/UCJ4NZv03lmheHqlG7aLaMBA,2026-03-26T02:32:16.948Z,20.0,325.902,20.0
#neurodivergent #marriage #autism #adhd #audhd,https://www.youtube.com/watch?v=MiTvoqXlxLc,Studiesshow,https://www.youtube.com/channel/UCEcsiiGYa-LWV6GN48fSynQ,2026-03-25T23:58:25.790Z,76.0,9231.158,76.0
Drop your favorite cat names in the chat! Bonus points for TITLES or RANKS,https://www.youtube.com/watch?v=7IW0WeWEthc,Kristin Key,https://www.youtube.com/channel/UCo29IVwS9RGHIT8cMtzCzZQ,2026-03-25T23:57:44.295Z,37.0,41.495,37.0
| Chewy,https://www.youtube.com/watch?v=b0tRMebVYOE,,,2026-03-25T23:57:40.431Z,16.0,3.864,3.864
chappell roan when she sees a six year old,https://www.youtube.com/watch?v=tjwFcKMRycE,ButterFaces,https://www.youtube.com/channel/UCpdSyiteC-qkmg0ZWZSqY6w,2026-03-25T23:57:28.129Z,7.0,12.302,7.0
Multi coloured potato block,https://www.youtube.com/watch?v=QlQ8tKjDY1w,Garron,https://www.youtube.com/channel/UCUNbVdwPCfo3iOac_PRNNsg,2026-03-25T21:17:23.397Z,61.0,9604.732,61.0
Trying Every Restaurant on the NYT 2025 Top 100 List - Sofreh,https://www.youtube.com/watch?v=Ez1fgOEzWxw,Kaitlyn Lavery,https://www.youtube.com/channel/UCqZDrYZzMKawDbxV-SiMLAQ,2026-03-25T21:16:14.444Z,66.0,68.953,66.0
First Time Trying Vegan Food #DUDEpartner,https://www.youtube.com/watch?v=PRaV8w8RKXw,Tbone & Solo ,https://www.youtube.com/channel/UCWBBoHrCi1jd3AgweQxmB_A,2026-03-25T21:15:02.881Z,66.0,71.563,66.0
Introducing a very Chewy kind of Vet experience,https://www.youtube.com/watch?v=t2CRlHLS4os,,,2026-03-25T21:15:02.367Z,16.0,0.514,0.514
https://www.youtube.com/watch?v=UPnT0XCAZxo,https://www.youtube.com/watch?v=UPnT0XCAZxo,,,2026-03-25T21:11:34.684Z,,207.683,207.683
"WellRED Podcast: Toy Story, Reacher, Afroman, & Cornhole Tink Tink!",https://www.youtube.com/watch?v=Zjf69vUximc,Trae Crowder (Liberal Redneck),https://www.youtube.com/channel/UCTHsQd-vRXK1bp4vpifl6yA,2026-03-25T19:44:44.620Z,3796.0,5210.064,3796.0
Dscout for Product and Design Teams,https://www.youtube.com/watch?v=mzC9XHS3O1w,,,2026-03-25T19:44:38.707Z,59.0,5.913,5.913
See Your Risks - Denial Dial,https://www.youtube.com/watch?v=Bs9uMVPeOGs,,,2026-03-25T19:44:30.681Z,11.0,8.026,8.026
Shortened: Pet Love Cremation & Memorial,https://www.youtube.com/watch?v=O3dnyXlwLag,,,2026-03-25T19:44:26.845Z,77.0,3.836,3.836
#neurodivergent #marriage #autism #adhd #audhd,https://www.youtube.com/watch?v=eZTvIopS-mM,Studiesshow,https://www.youtube.com/channel/UCEcsiiGYa-LWV6GN48fSynQ,2026-03-25T18:45:36.996Z,97.0,3529.849,97.0
#neurodivergent #marriage #autism #adhd #audhd,https://www.youtube.com/watch?v=k518UP-fgSg,Studiesshow,https://www.youtube.com/channel/UCEcsiiGYa-LWV6GN48fSynQ,2026-03-25T18:45:21.749Z,72.0,15.247,15.247
#neurodivergent #marriage #autism #adhd #audhd,https://www.youtube.com/watch?v=gWtUkhWgHzI,Studiesshow,https://www.youtube.com/channel/UCEcsiiGYa-LWV6GN48fSynQ,2026-03-25T18:44:22.736Z,69.0,59.013,59.013
#neurodivergent #marriage #autism #adhd #audhd,https://www.youtube.com/watch?v=7qA5KjKSmyo,Studiesshow,https://www.youtube.com/channel/UCEcsiiGYa-LWV6GN48fSynQ,2026-03-25T18:43:12.705Z,70.0,70.031,70.0
#neurodivergent #marriage #autism #adhd #audhd,https://www.youtube.com/watch?v=NSuQjOQ5uL4,Studiesshow,https://www.youtube.com/channel/UCEcsiiGYa-LWV6GN48fSynQ,2026-03-25T18:43:10.947Z,62.0,1.758,1.758
Spend less on your everyday mess with Sparkle® Paper Towels.,https://www.youtube.com/watch?v=Hz7zIl6KqoI,,,2026-03-25T18:43:09.988Z,15.0,0.959,0.959
#neurodivergent #marriage #autism #adhd #audhd,https://www.youtube.com/watch?v=p5MPeni7888,Studiesshow,https://www.youtube.com/channel/UCEcsiiGYa-LWV6GN48fSynQ,2026-03-25T18:43:08.299Z,72.0,1.689,1.689
#neurodivergent #marriage #autism #adhd #audhd,https://www.youtube.com/watch?v=4H1kmVBrPME,Studiesshow,https://www.youtube.com/channel/UCEcsiiGYa-LWV6GN48fSynQ,2026-03-25T18:43:06.743Z,77.0,1.556,1.556
#neurodivergent #marriage #autism #adhd #audhd,https://www.youtube.com/watch?v=Jru0rIkNBC0,Studiesshow,https://www.youtube.com/channel/UCEcsiiGYa-LWV6GN48fSynQ,2026-03-25T18:43:02.796Z,70.0,3.947,3.947
#neurodivergent #marriage #autism #adhd #audhd,https://www.youtube.com/watch?v=LmZDBdkX0SY,Studiesshow,https://www.youtube.com/channel/UCEcsiiGYa-LWV6GN48fSynQ,2026-03-25T18:41:38.940Z,108.0,83.856,83.856
These weird intersections DO make sense,https://www.youtube.com/watch?v=ADepL83L9rU,Hank Green,https://www.youtube.com/channel/UCOT2iLov0V7Re7ku_3UBtcQ,2026-03-25T18:39:53.242Z,16.0,105.698,16.0
GC Baseball :15 16x9 UHD,https://www.youtube.com/watch?v=87zgAhyxcjM,,,2026-03-25T18:39:49.366Z,16.0,3.876,3.876
Can’t have it all. #standupcomedy,https://www.youtube.com/watch?v=Oxk_kZ9sreY,Anthony Jeselnik,https://www.youtube.com/channel/UCgNLQb0HXIU2jspQAhISRYA,2026-03-25T18:39:16.164Z,29.0,33.202,29.0
My liberal friends,https://www.youtube.com/watch?v=dzRmSHvQ7_w,Josh Johnson,https://www.youtube.com/channel/UCLuYADJ6hESLHX87JnsGbjA,2026-03-25T18:39:09.955Z,139.0,6.209,6.209
Compounding Med Error Sends 3 Kids to the Hospital💊🏥 #doctor #pharmacist #children #hospital #ADHD,https://www.youtube.com/watch?v=f5WMVAtkfIw,YOUR.FAV.PHARMACIST,https://www.youtube.com/channel/UCIszq3-NNrJDnQHAu7iE4dw,2026-03-25T18:36:39.066Z,148.0,150.889,148.0
Blurry: Dscout for Product and Design Teams,https://www.youtube.com/watch?v=8yQc50w4PUs,,,2026-03-25T18:36:38.495Z,59.0,0.571,0.571
"Definitely the hardest thing I’ve ever shared, I hope it helps someone 🩵",https://www.youtube.com/watch?v=nqEx2l6BZlg,ADHD Love ,https://www.youtube.com/channel/UCI7FAn9t-xxugYmX8w84PTw,2026-03-25T18:32:43.829Z,122.0,234.666,122.0
How the hell did we get to THIS being a discussion online?!,https://www.youtube.com/watch?v=tAmkvlV2Drg,The Speech Prof,https://www.youtube.com/channel/UCWGRQoP72M-Mq2gO73K7Y7Q,2026-03-25T18:30:16.783Z,147.0,147.046,147.0
Every Episode of How I Met Your Mother,https://www.youtube.com/watch?v=RrXxbp26Ef8,ButterFaces,https://www.youtube.com/channel/UCpdSyiteC-qkmg0ZWZSqY6w,2026-03-25T18:30:14.566Z,35.0,2.217,2.217
Viola Davis Had To DM Elizabeth Gilbert After Reading Her Latest Book,https://www.youtube.com/watch?v=JalOD11Warc,Bustle,https://www.youtube.com/channel/UCqLj_VGACwmDa0FZ4UV3j-w,2026-03-25T18:30:07.366Z,33.0,7.2,7.2
Tripping in front of hot guys for attention,https://www.youtube.com/watch?v=dsxXtlKelUw,Gabrielle Kennedy,https://www.youtube.com/channel/UCBaUfaTfq8oQlIJaO5x15qw,2026-03-25T18:30:00.641Z,74.0,6.725,6.725
One shift in a hospital show #shorts,https://www.youtube.com/watch?v=blo9HBk_kF4,Stanzi,https://www.youtube.com/channel/UC2AHbLEqIvutOqS4UjumAHQ,2026-03-25T18:28:34.798Z,76.0,85.843,76.0
"You heard it right. With Farmers, you can get quality and savings.",https://www.youtube.com/watch?v=O9a9K7WAVcY,,,2026-03-25T18:27:36.816Z,12.0,57.982,12.0
My daughter is obsessed with Subway right now and that shouldn’t feel like a luxury purchase 😅,https://www.youtube.com/watch?v=3D3HqUutcps,The Speech Prof,https://www.youtube.com/channel/UCWGRQoP72M-Mq2gO73K7Y7Q,2026-03-25T18:26:55.490Z,41.0,41.326,41.0
Disney's AI,https://www.youtube.com/watch?v=-JFCo1u7deo,Mike Rafi - Personal Injury Lawyer,https://www.youtube.com/channel/UC04RYGK0kWq2GJH7uKuvdFg,2026-03-25T18:25:51.184Z,61.0,64.306,61.0
Premium Game Room Furniture by Jack Game Room,https://www.youtube.com/watch?v=4mbjQuK8xWM,,,2026-03-25T18:25:02.567Z,50.0,48.617,48.617
"Half Off Apps, $6 Tropical Cocktails and Good Vibes",https://www.youtube.com/watch?v=R2lIJO-_ayU,,,2026-03-25T18:24:41.787Z,16.0,20.78,16.0
Everyone’s invited to the RITZ Party,https://www.youtube.com/watch?v=XNcdlOHI1Fs,,,2026-03-25T18:24:19.231Z,16.0,22.556,16.0
Tony Hawk x Cancerguard | Detect over 50 cancer types and subtypes,https://www.youtube.com/watch?v=OcjTsg4LHsg,,,2026-03-25T18:23:49.692Z,18.0,29.539,18.0
WE FINALLY SHARED THE STORY(Mango's Adoption)😺🐾 #cat #catadoption #rescuecat,https://www.youtube.com/watch?v=LI6ECnFs9QU,링고다냥,https://www.youtube.com/channel/UCO-s9MFWm8ghwrcYIMAjDSw,2026-03-25T18:23:23.879Z,482.0,25.813,25.813
2026 GMC ACADIA | GMC,https://www.youtube.com/watch?v=AoooJA6kwdo,,,2026-03-25T18:23:09.598Z,16.0,14.281,14.281
BayerAspirin SeeYourRisks 15s V1A Horizontal,https://www.youtube.com/watch?v=R4RvuhTmEDw,,,2026-03-25T18:22:33.623Z,16.0,35.975,16.0
Wallet | All About You | GEICO Insurance,https://www.youtube.com/watch?v=4Ev6kDy2mzU,,,2026-03-25T18:21:30.984Z,16.0,62.639,16.0
Genesis Signature Event,https://www.youtube.com/watch?v=g6QpqxgDj20,,,2026-03-25T18:19:45.467Z,16.0,105.517,16.0
Pothole | All About You | GEICO Insurance,https://www.youtube.com/watch?v=2VgfEzAyd6g,,,2026-03-25T18:11:36.238Z,31.0,489.229,31.0
Elevate Your Scent Game with Dove Men Blackcurrant Cedarwood Body Wash,https://www.youtube.com/watch?v=rRlnnZuSxsU,,,2026-03-25T18:11:30.322Z,6.0,5.916,5.916
See how Amazon is empowering hourly employees,https://www.youtube.com/watch?v=otBdDVCmwps,,,2026-03-25T18:04:17.570Z,31.0,432.752,31.0
Meet The Ordinary | Ulta Beauty,https://www.youtube.com/watch?v=PJgPeJ-EbMg,,,2026-03-25T18:04:11.469Z,7.0,6.101,6.101
Is $300/Day Possible DoorDashing In 2026?,https://www.youtube.com/watch?v=B5HdehLN9Ts,Nuggs,https://www.youtube.com/channel/UCCL-CNpDpjuVdi4ggJFF9UQ,2026-03-25T17:57:30.607Z,1321.0,400.862,400.862
Chewy Vet Care - Now Open,https://www.youtube.com/watch?v=VSTtoAAJW3Y,,,2026-03-25T17:57:24.398Z,26.0,6.209,6.209
Dating App (Short) | Truth Tellers | Liberty Mutual Insurance Commercial,https://www.youtube.com/watch?v=d6Pz0Evx7OQ,,,2026-03-25T17:57:09.150Z,,15.248,15.248
Share the pic | AT&T,https://www.youtube.com/watch?v=-dTIv_dZwbA,,,2026-03-25T17:56:53.285Z,16.0,15.865,15.865
I didn’t blink/breathe/was on the verge of tears the entire time,https://www.youtube.com/watch?v=Cg7cQ-8pHoU,Erin Miller,https://www.youtube.com/channel/UCijiSgwJUGgFi_7yMW48Enw,2026-03-25T17:54:32.305Z,71.0,140.98,71.0
I Designed My Dream Dark and Moody Bedroom (How to Use Dark Colors in Your Space),https://www.youtube.com/watch?v=H4yBj9e23wE,Design Daddy,https://www.youtube.com/channel/UCgyOCQzPtxJopL4P36_ijbg,2026-03-25T17:50:22.337Z,137.0,249.968,137.0
A Weekday In My Life As A Content Creator In NYC,https://www.youtube.com/watch?v=dVH1p-OumA8,Kaitlyn Lavery,https://www.youtube.com/channel/UCqZDrYZzMKawDbxV-SiMLAQ,2026-03-25T17:48:54.628Z,72.0,87.709,72.0
Love | Truth Tellers | Liberty Mutual Insurance Commercial,https://www.youtube.com/watch?v=B7cZ68gorNY,,,2026-03-25T03:13:48.316Z,16.0,52506.312,16.0
"Anyone can use language to add magic & poetry to life, why not use it to make sex acts sound boring?",https://www.youtube.com/watch?v=Lc8Ma9jjG_0,Brennan Mulligan,https://www.youtube.com/channel/UC68_mqP7a7I17_DA5i1eInw,2026-03-25T03:12:37.026Z,71.0,71.29,71.0
OSCARS 2026 FASHION ROAST PART 2 (this is where it gets GOOD),https://www.youtube.com/watch?v=Qdf_lCH1aEk,HauteLeMode,https://www.youtube.com/channel/UCoEj4uRzynPXEEegNqMnJVw,2026-03-25T02:28:47.048Z,1743.0,2629.978,1743.0
Dscout for Product and Design Teams,https://www.youtube.com/watch?v=mzC9XHS3O1w,,,2026-03-25T02:28:41.264Z,59.0,5.784,5.784
every faith film,https://www.youtube.com/watch?v=X47jLkzDq_E,ButterFaces,https://www.youtube.com/channel/UCpdSyiteC-qkmg0ZWZSqY6w,2026-03-25T02:24:33.955Z,208.0,247.309,208.0
What are laryngeal consonants?   #linguistics #phonetics #consonants #phonemes,https://www.youtube.com/watch?v=XDJ-wk8kBpY,WoodyLing,https://www.youtube.com/channel/UCgg3cI0I47-vHOi5vqkoPww,2026-03-24T22:54:29.822Z,77.0,12604.133,77.0
How DoorDash and Grubhub Screw You with Hidden Fees,https://www.youtube.com/watch?v=JAK6Et6CET0,Some More News,https://www.youtube.com/channel/UCvlj0IzjSnNoduQF0l3VGng,2026-03-24T22:54:26.497Z,122.0,3.325,3.325
"Blurry: Easter Sale, US :15 | Michaels",https://www.youtube.com/watch?v=DCTnx029plM,,,2026-03-24T22:54:25.712Z,16.0,0.785,0.785
Fave thing to do for a weekend in NYC. Thanks FlixBus! #nyc #weekendgetaways #thingstodo #travel,https://www.youtube.com/watch?v=OuXmtAQ9DeA,Roya,https://www.youtube.com/channel/UCjhebDbxJHNM0w2O1qkJA-g,2026-03-24T22:53:44.800Z,40.0,40.912,40.0
Life as a cat brother is HARD😹 #shorts #cat #funny,https://www.youtube.com/watch?v=A6hRdyLxhEY,링고다냥,https://www.youtube.com/channel/UCO-s9MFWm8ghwrcYIMAjDSw,2026-03-24T22:53:23.827Z,62.0,20.973,20.973
Viola Davis Says Claude Brown Brought Her Into Consciousness,https://www.youtube.com/watch?v=VmuAm_aMTDE,Bustle,https://www.youtube.com/channel/UCqLj_VGACwmDa0FZ4UV3j-w,2026-03-24T22:52:39.124Z,43.0,44.703,43.0
The Pitt Scenes: Pharmacist 💊Thoughts #doctor #pharmacist #thepitt #hospital #fyp,https://www.youtube.com/watch?v=ZXMH5AIK6P8,YOUR.FAV.PHARMACIST,https://www.youtube.com/channel/UCIszq3-NNrJDnQHAu7iE4dw,2026-03-24T22:44:09.893Z,127.0,509.231,127.0
Sparkle® Paper Towels - perfect for cleaning everyday messes without cleaning out your piggy bank!,https://www.youtube.com/watch?v=C4xhjaB9ouo,,,2026-03-24T22:44:08.899Z,15.0,0.994,0.994
The system isn't broken. That's exactly why they want to control it.,https://www.youtube.com/watch?v=cQlPbxd_4ts,The Speech Prof,https://www.youtube.com/channel/UCWGRQoP72M-Mq2gO73K7Y7Q,2026-03-24T22:43:00.223Z,69.0,68.676,68.676
#neurodivergent #marriage #autism #adhd #audhd,https://www.youtube.com/watch?v=p5MPeni7888,Studiesshow,https://www.youtube.com/channel/UCEcsiiGYa-LWV6GN48fSynQ,2026-03-24T22:41:48.291Z,72.0,71.932,71.932
Blurry: Dscout for Product and Design Teams,https://www.youtube.com/watch?v=8yQc50w4PUs,,,2026-03-24T22:41:47.537Z,59.0,0.754,0.754
3D printing elastic scissors with @Formlabs #formlabs #form4,https://www.youtube.com/watch?v=OGRd3mzxC8s,She Builds Robots,https://www.youtube.com/channel/UCvcCMoqzi8TGwk44osfvoJA,2026-03-24T22:41:12.338Z,29.0,35.199,29.0
Pittsburgh Style,https://www.youtube.com/watch?v=jR-WpJR5J9Y,Drew Talbert,https://www.youtube.com/channel/UCT_QEGH0myu6lgbE_biQPuw,2026-03-24T22:39:25.564Z,96.0,106.774,96.0
Zombie apocalypse as a woman #shorts,https://www.youtube.com/watch?v=uF94mWR7m90,Stanzi,https://www.youtube.com/channel/UC2AHbLEqIvutOqS4UjumAHQ,2026-03-24T22:38:16.092Z,65.0,69.472,65.0
Purina Pro Plan AdvantEDGE Lines Dog Line TrueView 9x16 15s,https://www.youtube.com/watch?v=IBOEOIuLy3g,,,2026-03-24T22:37:56.428Z,16.0,19.664,16.0
This hair needs work,https://www.youtube.com/watch?v=GtZlzw_WNQU,Uyen Ninh,https://www.youtube.com/channel/UC-uNVV92llYIMC5-ZUF0Q4w,2026-03-24T22:37:16.153Z,38.0,40.275,38.0
Mexican Day in the Life,https://www.youtube.com/watch?v=q6nZJ0e9gWQ,Tbone & Solo ,https://www.youtube.com/channel/UCWBBoHrCi1jd3AgweQxmB_A,2026-03-24T22:36:05.841Z,64.0,70.312,64.0
"Both sides have value, so why aren’t we treating it that way?",https://www.youtube.com/watch?v=2xFdKO9-EpQ,The Speech Prof,https://www.youtube.com/channel/UCWGRQoP72M-Mq2gO73K7Y7Q,2026-03-24T22:34:23.578Z,101.0,102.263,101.0
I'm Reaching My Limit...,https://www.youtube.com/watch?v=67mdBdwaybM,Doctor Mike,https://www.youtube.com/channel/UC0QHWhjbe5fGJEPz3sVb6nw,2026-03-24T22:33:02.138Z,79.0,81.44,79.0
I’m unwell #shorts,https://www.youtube.com/watch?v=e-K5GggJgU8,gabschase,https://www.youtube.com/channel/UCCSPK-oUAK6gtdV_fSdkdaQ,2026-03-24T22:32:21.326Z,30.0,40.812,30.0
How I Source Natural Stone to Design a Home That Looks Expensive 👀,https://www.youtube.com/watch?v=ztvgYZyPfXE,Design Daddy,https://www.youtube.com/channel/UCgyOCQzPtxJopL4P36_ijbg,2026-03-24T22:30:23.921Z,116.0,117.405,116.0
CeraVe Intensive Moisturizers,https://www.youtube.com/watch?v=od9WvDHlrm0,,,2026-03-24T22:30:23.141Z,31.0,0.78,0.78
Trying Every Restaurant on the NYT 2025 Top 100 List - 188 Bakery Cuchifritos,https://www.youtube.com/watch?v=bB6i28LVhLw,Kaitlyn Lavery,https://www.youtube.com/channel/UCqZDrYZzMKawDbxV-SiMLAQ,2026-03-24T22:29:15.679Z,67.0,67.462,67.0
Going to the airport in the US in 2026 be like #tsa #airport #travel #usa #american,https://www.youtube.com/watch?v=4lAz8DipIWo,Roya,https://www.youtube.com/channel/UCjhebDbxJHNM0w2O1qkJA-g,2026-03-24T22:28:11.224Z,62.0,64.455,62.0
"You, Me & Tuscany - In Theaters April 10 (Call Happy Tickets)",https://www.youtube.com/watch?v=u-msvOvi89Q,,,2026-03-24T22:28:10.292Z,31.0,0.932,0.932
I love her #shorts,https://www.youtube.com/watch?v=JcZo4RjgUmA,gabschase,https://www.youtube.com/channel/UCCSPK-oUAK6gtdV_fSdkdaQ,2026-03-24T22:27:55.847Z,12.0,14.445,12.0
Some rivalries go too far. 🎤 Anthony Jeselnik: Bones and All is now playing only on Netflix.,https://www.youtube.com/watch?v=xj6VdLI8NtA,Anthony Jeselnik,https://www.youtube.com/channel/UCgNLQb0HXIU2jspQAhISRYA,2026-03-24T22:27:54.241Z,33.0,1.606,1.606
Rhubarb Tart = Happiness,https://www.youtube.com/watch?v=SBIKgVEAG0M,fromscratchbaker,https://www.youtube.com/channel/UCempXys9JzA6dZuv5eW_gkg,2026-03-24T22:25:52.297Z,113.0,121.944,113.0
Patient Shorted 30 tabs at Walgreens 💊 Stitch #doctor #pharmacist #pharmacy #fyp #stitch,https://www.youtube.com/watch?v=8OJMkTvbbaY,YOUR.FAV.PHARMACIST,https://www.youtube.com/channel/UCIszq3-NNrJDnQHAu7iE4dw,2026-03-24T22:23:02.333Z,168.0,169.964,168.0
ONLY 8 days left till the raffal ends 😬 Making the potion from Death Becomes Her ⚡️,https://www.youtube.com/watch?v=YCJUx_gkxis,Silver Rox,https://www.youtube.com/channel/UC8LBJeV600OCFrOV0ut2A5w,2026-03-24T22:21:09.696Z,111.0,112.637,111.0
Dating App | Truth Tellers | Liberty Mutual Insurance Commercial,https://www.youtube.com/watch?v=FF8IHX-nYWE,,,2026-03-24T22:21:08.550Z,31.0,1.146,1.146
Unboxing Our ONE-OF-A-KIND Dishware 🤤,https://www.youtube.com/watch?v=amSqShmIQ8s,Design Daddy,https://www.youtube.com/channel/UCgyOCQzPtxJopL4P36_ijbg,2026-03-24T21:38:41.275Z,126.0,2547.275,126.0
Told him I love flowers,https://www.youtube.com/watch?v=uZ7EhrHgj-g,Uyen Ninh,https://www.youtube.com/channel/UC-uNVV92llYIMC5-ZUF0Q4w,2026-03-24T21:38:22.209Z,15.0,19.066,15.0
Everywhere I ate this week as a food content creator in NYC,https://www.youtube.com/watch?v=4fYzHqvPBXo,Kaitlyn Lavery,https://www.youtube.com/channel/UCqZDrYZzMKawDbxV-SiMLAQ,2026-03-24T21:37:14.664Z,64.0,67.545,64.0
The Magic Bullet Is A Lie,https://www.youtube.com/watch?v=p07mT763un4,Matteo Lane,https://www.youtube.com/channel/UCHtaXqDklDTydmwgLj5siMg,2026-03-24T21:35:50.639Z,79.0,84.025,79.0
| Chewy,https://www.youtube.com/watch?v=b0tRMebVYOE,,,2026-03-24T21:35:47.292Z,16.0,3.347,3.347
"SWEET NIBLETS, WE’RE SO BACK #2000s #millennials #nostalgia",https://www.youtube.com/watch?v=hZrG91deenE,Itskatesteinberg,https://www.youtube.com/channel/UCJ4NZv03lmheHqlG7aLaMBA,2026-03-24T21:35:27.060Z,16.0,20.232,16.0
i’m EXHILARATED #fashion #photo #couture,https://www.youtube.com/watch?v=gd1lyiAbfbo,HauteLeMode,https://www.youtube.com/channel/UCoEj4uRzynPXEEegNqMnJVw,2026-03-24T21:01:26.412Z,42.0,2040.648,42.0
I feel feelings,https://www.youtube.com/watch?v=ev8l74sg58Y,Trixie Mattel,https://www.youtube.com/channel/UC0biFgrMdkv1hFAFLVePODQ,2026-03-24T21:00:16.172Z,64.0,70.24,64.0
Introducing a very Chewy kind of Vet experience,https://www.youtube.com/watch?v=t2CRlHLS4os,,,2026-03-24T20:59:59.898Z,16.0,16.274,16.0
Consider Me Shook 🤯,https://www.youtube.com/watch?v=d9p-4PV-mLs,Doctor Mike,https://www.youtube.com/channel/UC0QHWhjbe5fGJEPz3sVb6nw,2026-03-24T20:59:51.126Z,93.0,8.772,8.772
NEW CHANEL LORE UNLOCKED #fashion #chanel #margotrobbie,https://www.youtube.com/watch?v=F0FynPTkvJA,HauteLeMode,https://www.youtube.com/channel/UCoEj4uRzynPXEEegNqMnJVw,2026-03-23T14:42:31.414Z,52.0,109039.712,52.0
Bob the Drag Queen Reviews Oscars 2026 Looks | Red Carpet Fashion Breakdown,https://www.youtube.com/watch?v=6bpTKc3XK_c,Bob The Drag Queen,https://www.youtube.com/channel/UCi7cIUhc2tuAf6_3FrKgcfg,2026-03-23T03:21:18.428Z,882.0,40872.986,882.0
Pet Love Cremation & Memorial,https://www.youtube.com/watch?v=vHgMZ3215EE,,,2026-03-23T03:21:12.372Z,84.0,6.056,6.056
Video Ad,https://www.youtube.com/watch?v=NSK7RXaiCfc,,,2026-03-23T03:20:57.124Z,16.0,15.248,15.248
Maybe We Should Have Banned TikTok,https://www.youtube.com/watch?v=oF_SBqhdXoE,Doctor Mike,https://www.youtube.com/channel/UC0QHWhjbe5fGJEPz3sVb6nw,2026-03-23T03:20:05.800Z,1224.0,51.324,51.324
Ready to try a different path with SPRAVATO® (esketamine)?,https://www.youtube.com/watch?v=e4rpq4WAQjU,,,2026-03-23T03:16:21.026Z,90.0,224.774,90.0
Shop at Temu,https://www.youtube.com/watch?v=l9jLXD89VIU,,,2026-03-23T03:16:14.986Z,7.0,6.04,6.04
Alex & Dennis Piecing It All Together | J.P. Morgan Wealth Management,https://www.youtube.com/watch?v=eC7PKtDD7Go,,,2026-03-23T03:08:32.742Z,60.0,462.244,60.0
Swoon | Truth Tellers | Liberty Mutual Insurance Commercial,https://www.youtube.com/watch?v=dE5UsXXhREw,,,2026-03-23T03:03:04.361Z,16.0,328.381,16.0
Viva | Honey Bear,https://www.youtube.com/watch?v=-U5YCGSFNBk,,,2026-03-23T03:02:58.308Z,7.0,6.053,6.053
Interior Designer Reacts to Mandy Moore’s AD House Tour (I’m VERY Shocked!),https://www.youtube.com/watch?v=pF9ei1rpBVY,Design Daddy,https://www.youtube.com/channel/UCgyOCQzPtxJopL4P36_ijbg,2026-03-23T02:55:12.517Z,1452.0,465.791,465.791
Dscout for Product and Design Teams,https://www.youtube.com/watch?v=mzC9XHS3O1w,,,2026-03-23T02:55:06.478Z,59.0,6.039,6.039
Our first marriage talk,https://www.youtube.com/watch?v=xBLEDjk0siA,Uyen Ninh,https://www.youtube.com/channel/UC-uNVV92llYIMC5-ZUF0Q4w,2026-03-23T02:54:10.603Z,43.0,55.875,43.0
Waymo Drivers?,https://www.youtube.com/watch?v=0_t3WhPAveo,Mike Rafi - Personal Injury Lawyer,https://www.youtube.com/channel/UC04RYGK0kWq2GJH7uKuvdFg,2026-03-23T02:33:40.002Z,,1230.601,1230.601
I can't believe Labour is nearly 3 years old!!!,https://www.youtube.com/watch?v=ojLM5-B_tFc,Paris Paloma,https://www.youtube.com/channel/UCdNen4E3nI4P5_5M8s1hz1w,2026-03-23T02:32:41.200Z,47.0,58.802,47.0
ONLY 11 days left till the raffal ends 😬 heres a wee throwback to 2023  #deathbecomesher,https://www.youtube.com/watch?v=L4oWott5HA8,Silver Rox,https://www.youtube.com/channel/UC8LBJeV600OCFrOV0ut2A5w,2026-03-23T02:32:14.180Z,26.0,27.02,26.0
Mapo Tofu Udon 🍜🤨,https://www.youtube.com/watch?v=38N2RN6n6ew,Fitgreenmind,https://www.youtube.com/channel/UCeBRdQWMFduE1cjeoulqaqw,2026-03-23T02:32:02.944Z,33.0,11.236,11.236
2026 PetSmart x Royal Canin - March 06 9x16 OLV,https://www.youtube.com/watch?v=ZkIx9K5f9nQ,,,2026-03-23T02:31:54.825Z,7.0,8.119,7.0
Built in Bookshelves!,https://www.youtube.com/watch?v=VdH1iA3lmXg,Mercury Stardust,https://www.youtube.com/channel/UC4uAI3alDB7kUisg24_nKEw,2026-03-23T02:30:03.767Z,96.0,111.058,96.0
Why don’t elephants have balls?,https://www.youtube.com/watch?v=PvFLQHBEJTw,Hank Green,https://www.youtube.com/channel/UCOT2iLov0V7Re7ku_3UBtcQ,2026-03-23T02:29:59.718Z,59.0,4.049,4.049
Make it yours | AT&T,https://www.youtube.com/watch?v=th0gvt2K5h8,,,2026-03-23T02:29:58.691Z,7.0,1.027,1.027
Simplify!,https://www.youtube.com/watch?v=Z38ABjxnPjc,The Seasonal Homestead,https://www.youtube.com/channel/UCp5ABXcBBekH9mUrUqTE8UA,2026-03-23T02:29:34.158Z,26.0,24.533,24.533
Gold Star Gays vs. Platinum Gays,https://www.youtube.com/watch?v=biz3Ylbqtec,Crowd Control,https://www.youtube.com/channel/UCugSSTPFKUPjFF1hMk6fFlA,2026-03-23T02:29:22.546Z,85.0,11.612,11.612
crispy chicken crunchwrap slider,https://www.youtube.com/watch?v=XlTxovIQ2YA,,,2026-03-23T02:27:44.285Z,16.0,98.261,16.0
Blurry: We’re Swishing $25 Into New Accounts. No Hoops.,https://www.youtube.com/watch?v=ZX47H47d60Q,,,2026-03-23T02:27:26.184Z,31.0,18.101,18.101
The Reptile Theory,https://www.youtube.com/watch?v=o8n0-EaoXC8,Mike Rafi - Personal Injury Lawyer,https://www.youtube.com/channel/UC04RYGK0kWq2GJH7uKuvdFg,2026-03-23T02:25:40.110Z,103.0,106.074,103.0
Was Timmy actually RIGHT about Opera?,https://www.youtube.com/watch?v=XrB0a3XZ26I,Lovett or Leave It,https://www.youtube.com/channel/UCj_5BUSpa0yXiD06f0MDZFw,2026-03-23T02:24:47.664Z,52.0,52.446,52.0
"Shawn Hatosy had to draw inspiration from outside sources for his character in “Ready or Not 2""",https://www.youtube.com/watch?v=xOcZtqvIRl0,Late Night with Seth Meyers,https://www.youtube.com/channel/UCVTyTA7-g9nopHeHbeuvpRA,2026-03-23T02:24:32.214Z,71.0,15.45,15.45
Secret Clinical Skinification Lets Talk Armpits ENG Social 9x16 PGSC4467000H Sep25,https://www.youtube.com/watch?v=TBBV0rOL4CM,,,2026-03-23T02:24:31.281Z,12.0,0.933,0.933
On sale now! 🇨🇦🇺🇸 US & Canada tix in my bio #shorts,https://www.youtube.com/watch?v=9__xahIv4f8,Laura Ramoso,https://www.youtube.com/channel/UCBUfFQ0DqSb9rXQuGv2OftA,2026-03-23T02:23:53.151Z,37.0,38.13,37.0
His first time EVER trying Lucky Charms?!🍀🥣,https://www.youtube.com/watch?v=qkxfQNifl-4,Simply Not Logical,https://www.youtube.com/channel/UCnaXc7HBuxqyP5fwOTH58FQ,2026-03-23T02:23:29.605Z,60.0,23.546,23.546
Allstate Check First Wave,https://www.youtube.com/watch?v=Og6MZ597k18,,,2026-03-23T02:23:28.521Z,16.0,1.084,1.084
Brooklyn Coffee Shop Episode 46: Wandering Nomad,https://www.youtube.com/watch?v=4XdbvANWWcc,Pooja Tripathi,https://www.youtube.com/channel/UClMuJ-LqVoH3e_5xZa_rfuw,2026-03-23T02:22:10.282Z,98.0,78.239,78.239
Getting into the BAFTAS situation,https://www.youtube.com/watch?v=PTKXKtnFk-U,Bob The Drag Queen,https://www.youtube.com/channel/UCi7cIUhc2tuAf6_3FrKgcfg,2026-03-23T02:20:07.876Z,60.0,122.406,60.0
Blurry: Dscout for Product and Design Teams,https://www.youtube.com/watch?v=8yQc50w4PUs,,,2026-03-23T02:20:06.721Z,59.0,1.155,1.155
jam with me! #ukulele #100daysuke2026 day14/100,https://www.youtube.com/watch?v=6nkfp--lu0c,Cynthia Lin,https://www.youtube.com/channel/UCD2q6i-C0ZLJUK-VCp49TJA,2026-03-23T02:19:44.997Z,27.0,21.724,21.724
ADHD fraud #adhd,https://www.youtube.com/watch?v=jer3RM9ZW4o,ADHD Love ,https://www.youtube.com/channel/UCI7FAn9t-xxugYmX8w84PTw,2026-03-23T02:19:25.162Z,52.0,19.835,19.835
J.P. Morgan Wealth Management | Ruth & Shari Minis,https://www.youtube.com/watch?v=vxnpxVNewvw,,,2026-03-23T02:18:53.212Z,16.0,31.95,16.0
The past is in every direction,https://www.youtube.com/watch?v=Ln6i1M3jnCE,Hank Green,https://www.youtube.com/channel/UCOT2iLov0V7Re7ku_3UBtcQ,2026-03-23T02:18:52.396Z,180.0,0.816,0.816
#neurodivergent #marriage #autism #adhd #audhd,https://www.youtube.com/watch?v=4H1kmVBrPME,Studiesshow,https://www.youtube.com/channel/UCEcsiiGYa-LWV6GN48fSynQ,2026-03-23T02:15:49.808Z,77.0,182.588,77.0
“unbreakable” cat wand,https://www.youtube.com/watch?v=VTQ0_ejJ5ow,Abram Engle,https://www.youtube.com/channel/UCvsTLkf9SiHt-3HPqq_2TFw,2026-03-23T02:13:12.768Z,41.0,157.04,41.0
Blurry: Lindt GOLD BUNNY 'Golden Trail' - 6s (2024),https://www.youtube.com/watch?v=yT2XJv5dSgY,,,2026-03-23T02:12:57.064Z,7.0,15.704,7.0
Shawn Hatosy admits he doesn’t have the skills to be a real doctor,https://www.youtube.com/watch?v=U5BpJrhw3hU,Late Night with Seth Meyers,https://www.youtube.com/channel/UCVTyTA7-g9nopHeHbeuvpRA,2026-03-23T02:12:50.021Z,59.0,7.043,7.043
ONLY 13 days left till the raffal ends 😬 Making the potion from Death Becomes Her ⚡️,https://www.youtube.com/watch?v=nCH8m1lzkoc,Silver Rox,https://www.youtube.com/channel/UC8LBJeV600OCFrOV0ut2A5w,2026-03-23T02:11:44.172Z,50.0,65.849,50.0
Don’t let sensitivity hold you back! NEW Sensodyne Clinical Repair starts repairing after 60 seconds,https://www.youtube.com/watch?v=1KEL8spU50I,,,2026-03-23T02:11:27.356Z,17.0,16.816,16.816
Asking the Chef For a Taste,https://www.youtube.com/watch?v=qwIcHBY4aRI,Drew Talbert,https://www.youtube.com/channel/UCT_QEGH0myu6lgbE_biQPuw,2026-03-23T02:11:17.196Z,84.0,10.16,10.16
My cats ran a mile on an exercise wheel…,https://www.youtube.com/watch?v=imhkc4hbjcI,Abram Engle,https://www.youtube.com/channel/UCvsTLkf9SiHt-3HPqq_2TFw,2026-03-23T02:10:56.380Z,20.0,20.816,20.0
TOUVLAKI… or tofu souvlaki 👀,https://www.youtube.com/watch?v=NgvE0rA4xxI,Fitgreenmind,https://www.youtube.com/channel/UCeBRdQWMFduE1cjeoulqaqw,2026-03-23T02:10:52.539Z,33.0,3.841,3.841
Is Nick Graceful?,https://www.youtube.com/watch?v=-E-oc703kyA,Matteo Lane,https://www.youtube.com/channel/UCHtaXqDklDTydmwgLj5siMg,2026-03-23T02:09:17.725Z,95.0,94.814,94.814
"Try the Daily 4 from Nature Made, a four supplement routine designed by our experts.",https://www.youtube.com/watch?v=EHp3xSSHcIs,,,2026-03-23T02:09:16.810Z,7.0,0.915,0.915
Resisting cynicism in difficult times,https://www.youtube.com/watch?v=Uj2xYh5cVuU,Pop Culture Detective,https://www.youtube.com/channel/UCHiwtz2tCEfS17N9A-WoSSw,2026-03-23T02:07:08.017Z,127.0,128.793,127.0
Fake Raw Chicken You Can Eat #shorts,https://www.youtube.com/watch?v=Lk-GC_BVUFw,Scott Prop and Roll,https://www.youtube.com/channel/UCTyvyVpWyspz8-anuyXUreA,2026-03-23T02:04:50.985Z,62.0,137.032,62.0
2026 PetSmart x Royal Canin - March 30 9x16 OLV,https://www.youtube.com/watch?v=bFhySImq0GY,,,2026-03-23T02:04:50.172Z,31.0,0.813,0.813
Why do certain Life Savers spark when you bite them?,https://www.youtube.com/watch?v=6hlnbwJcH94,Hank Green,https://www.youtube.com/channel/UCOT2iLov0V7Re7ku_3UBtcQ,2026-03-23T02:03:51.443Z,57.0,58.729,57.0
live video of labour from North America tour is out now!!! #labour #parispaloma,https://www.youtube.com/watch?v=qMTkyCLTWK0,Paris Paloma,https://www.youtube.com/channel/UCdNen4E3nI4P5_5M8s1hz1w,2026-03-23T02:03:35.037Z,31.0,16.406,16.406
Trump Says He Avoided Nuclear Holocaust....,https://www.youtube.com/watch?v=GxuWQ8u6ko4,Lovett or Leave It,https://www.youtube.com/channel/UCj_5BUSpa0yXiD06f0MDZFw,2026-03-23T02:03:33.163Z,23.0,1.874,1.874
Happy #MarchMadness Day 🏀🏆 Throwback to my own 3-point contest #basketball #shorts #sports,https://www.youtube.com/watch?v=SKWDC5ITdd8,Kelsey Cook,https://www.youtube.com/channel/UCeFplBg-HWc6TSRGCAprLNQ,2026-03-23T02:02:30.136Z,47.0,63.027,47.0
Someone’s getting fired for this 🤣 #autism #adhd #neurodivergent,https://www.youtube.com/watch?v=AOPJNmRmqkk,ADHD Love ,https://www.youtube.com/channel/UCI7FAn9t-xxugYmX8w84PTw,2026-03-23T02:01:40.487Z,17.0,49.649,17.0
Blurry: Revlon,https://www.youtube.com/watch?v=Ro-YV-moIFk,,,2026-03-23T02:01:39.722Z,27.0,0.765,0.765
Weirdest Wall Art,https://www.youtube.com/watch?v=cnbb4M29mfM,Ali Spagnola,https://www.youtube.com/channel/UCVyx4HhDowwspssrwuNeTZg,2026-03-23T02:01:10.216Z,29.0,29.506,29.0
My German mother when we go for a drink #shorts,https://www.youtube.com/watch?v=_D3K4J2zrek,Laura Ramoso,https://www.youtube.com/channel/UCBUfFQ0DqSb9rXQuGv2OftA,2026-03-23T02:00:59.945Z,83.0,10.271,10.271
Native-KOL-ENG-CoVa India New Moms-APDO-37-Shorts-9x16,https://www.youtube.com/watch?v=Od56Dwxbgp4,,,2026-03-23T02:00:53.364Z,39.0,6.581,6.581
FIFA or FAFSA?,https://www.youtube.com/watch?v=W-1oU79-uJw,Trixie Mattel,https://www.youtube.com/channel/UC0biFgrMdkv1hFAFLVePODQ,2026-03-23T01:59:48.061Z,11.0,65.303,11.0
Have I redeemed myself? 😂 @AndrewSantinoWhiskeyGinger,https://www.youtube.com/watch?v=gHzHPyb5Ai0,Atsuko Okatsuka,https://www.youtube.com/channel/UCp_jbSj7zcQxLezB0uJ-fWw,2026-03-23T01:59:27.006Z,83.0,21.055,21.055
Halley Kate,https://www.youtube.com/watch?v=Oy9fe418SbM,,,2026-03-23T01:59:26.028Z,29.0,0.978,0.978
😀 celebrity smiles 😀 #shorts,https://www.youtube.com/watch?v=wIDatJKwHUM,Mary Elizabeth Kelly (mare_kell),https://www.youtube.com/channel/UCRGT1AKZwq-zkEmpn5zlBQA,2026-03-23T01:58:35.975Z,65.0,50.053,50.053
Mom said I get Churu if everyone fails to guess!😻 #shorts #cat #funny,https://www.youtube.com/watch?v=IPKiryIjrZE,링고다냥,https://www.youtube.com/channel/UCO-s9MFWm8ghwrcYIMAjDSw,2026-03-23T01:58:16.598Z,8.0,19.377,8.0
Madison H Final SS,https://www.youtube.com/watch?v=o23QlI1CdhM,,,2026-03-23T01:58:15.227Z,73.0,1.371,1.371
floor it,https://www.youtube.com/watch?v=qiplXHC7X4A,Saturday Night Live,https://www.youtube.com/channel/UCqFzWxSCi39LnW1JKFR3efg,2026-03-23T01:57:15.067Z,176.0,60.16,60.16
Homemade hot cocoa!  Mmmm mmm good 😋☕️🍫,https://www.youtube.com/watch?v=qYV_vCqtnfY,The Seasonal Homestead,https://www.youtube.com/channel/UCp5ABXcBBekH9mUrUqTE8UA,2026-03-23T01:55:55.229Z,58.0,79.838,58.0
I’m so overwhelmed by all of your videos under this sound. Here’s a quick sketchbook flip for you,https://www.youtube.com/watch?v=2_sGq3skpsU,Paris Paloma,https://www.youtube.com/channel/UCdNen4E3nI4P5_5M8s1hz1w,2026-03-23T01:55:25.445Z,24.0,29.784,24.0
We’re telling everybody—Target Circle Deal Days is coming soon!,https://www.youtube.com/watch?v=m0qXF3WoSd8,,,2026-03-23T01:55:24.497Z,56.0,0.948,0.948
KURT x GARY BOOGIE,https://www.youtube.com/watch?v=3MQi0UT0rpY,Abram Engle,https://www.youtube.com/channel/UCvsTLkf9SiHt-3HPqq_2TFw,2026-03-23T01:55:10.327Z,11.0,14.17,11.0
Could you survive a tsunami in a plane?,https://www.youtube.com/watch?v=C2N6q_Jsr1c,Hank Green,https://www.youtube.com/channel/UCOT2iLov0V7Re7ku_3UBtcQ,2026-03-23T01:54:11.846Z,58.0,58.481,58.0
No More Online Tests,https://www.youtube.com/watch?v=5z395xezzv0,Mike Rafi - Personal Injury Lawyer,https://www.youtube.com/channel/UC04RYGK0kWq2GJH7uKuvdFg,2026-03-23T01:52:55.962Z,64.0,75.884,64.0
Jorkin' it to Trixie and Katya Talking about The Night of the Seven Kingdoms,https://www.youtube.com/watch?v=q6041jjM4z0,Trixie & Katya Clips,https://www.youtube.com/channel/UCc7fTkYvRNTuS6hnt9rLIYQ,2026-03-23T01:52:00.240Z,55.0,55.722,55.0
the whole time?!,https://www.youtube.com/watch?v=x5AEDVmzvCI,Trixie Mattel,https://www.youtube.com/channel/UC0biFgrMdkv1hFAFLVePODQ,2026-03-23T01:51:18.788Z,40.0,41.452,40.0
Accessorizing the sensory sock,https://www.youtube.com/watch?v=jOF03MEbd4Y,Toren Wolf,https://www.youtube.com/channel/UCgWMBvGnkAPOqlLa1gkBjQg,2026-03-23T01:51:18.117Z,18.0,0.671,0.671
POV: you left me alone with your baby #shorts,https://www.youtube.com/watch?v=3llzD20OKq4,Stanzi,https://www.youtube.com/channel/UC2AHbLEqIvutOqS4UjumAHQ,2026-03-23T01:51:06.234Z,112.0,11.883,11.883
celebs greet trick-or-treaters 🎃👻 #shorts,https://www.youtube.com/watch?v=vnQDWZG6FUE,Mary Elizabeth Kelly (mare_kell),https://www.youtube.com/channel/UCRGT1AKZwq-zkEmpn5zlBQA,2026-03-23T01:50:00.964Z,62.0,65.27,62.0
The kitten effect is real😻 #shorts #cat #funny,https://www.youtube.com/watch?v=ivS9LOWhBZg,링고다냥,https://www.youtube.com/channel/UCO-s9MFWm8ghwrcYIMAjDSw,2026-03-23T01:49:21.989Z,36.0,38.975,36.0
https://www.youtube.com/watch?v=qVH3_0LTL9o,https://www.youtube.com/watch?v=qVH3_0LTL9o,,,2026-03-23T01:49:20.969Z,,1.02,1.02
The Post-Match Ophthalmology Elective,https://www.youtube.com/watch?v=P69EjCqvYoc,Dr. Glaucomflecken,https://www.youtube.com/channel/UCYDVFfp_AN1WBiNwaf9522w,2026-03-23T01:48:14.807Z,66.0,66.162,66.0
"The Donald Trump ""Oh, F*ck"" Moment of the Week",https://www.youtube.com/watch?v=b26NHikCNig,Lovett or Leave It,https://www.youtube.com/channel/UCj_5BUSpa0yXiD06f0MDZFw,2026-03-23T01:48:03.946Z,41.0,10.861,10.861
Had a great time at the airport ✈️,https://www.youtube.com/watch?v=R1ef7y6KA98,Andy Huggins,https://www.youtube.com/channel/UC6eNtP1uClh66eackMdthlw,2026-03-23T01:48:01.896Z,125.0,2.05,2.05
FY26 DOTW Colgate or Hello dental care 032226 V2 9x16,https://www.youtube.com/watch?v=HNX43kI-U6o,,,2026-03-23T01:48:00.937Z,15.0,0.959,0.959
Homemade Jerky!!  Cam could eat just this for the rest of his life!!,https://www.youtube.com/watch?v=3j_ETIKuLmw,The Seasonal Homestead,https://www.youtube.com/channel/UCp5ABXcBBekH9mUrUqTE8UA,2026-03-23T01:46:36.101Z,83.0,84.836,83.0
Is Katya gonna name names or 👀,https://www.youtube.com/watch?v=GrvQX6uXObU,Trixie & Katya Clips,https://www.youtube.com/channel/UCc7fTkYvRNTuS6hnt9rLIYQ,2026-03-23T01:45:35.864Z,43.0,60.237,43.0
The Whopper Perfected,https://www.youtube.com/watch?v=b6oN2ZEsI84,,,2026-03-23T01:45:28.703Z,31.0,7.161,7.161
Was writing invented in Germany? #archeology #writing #cuneiform #protowriting #symbolism,https://www.youtube.com/watch?v=FGbprkCzI3E,WoodyLing,https://www.youtube.com/channel/UCgg3cI0I47-vHOi5vqkoPww,2026-03-23T01:45:20.779Z,144.0,7.924,7.924
Why the name Kevin is so hated in France #france #french #learnfrench #frenchculture #learn #kevin,https://www.youtube.com/watch?v=8ep0-DSoWZc,Roya,https://www.youtube.com/channel/UCjhebDbxJHNM0w2O1qkJA-g,2026-03-23T01:45:18.354Z,113.0,2.425,2.425
Trump’s voters are starting to turn against him #ACloserLook,https://www.youtube.com/watch?v=lyrjwaYRyhw,Late Night with Seth Meyers,https://www.youtube.com/channel/UCVTyTA7-g9nopHeHbeuvpRA,2026-03-23T01:45:10.723Z,98.0,7.631,7.631
plot twist: everyone is wearing Faux Brow #lorealparis #makeup #browpen,https://www.youtube.com/watch?v=t2D3wgu_FDg,,,2026-03-23T01:45:09.753Z,23.0,0.97,0.97
Coming out to that friend who already knows 🌈 pt. 🤷🏽 w dez.thelez #shorts,https://www.youtube.com/watch?v=zSTzC9VFsv0,Dez the Lez,https://www.youtube.com/channel/UCqU6sOps57CKe82AvIMqtOA,2026-03-23T01:43:46.508Z,83.0,83.245,83.0
Longest 5-seconds of my life #2000s #nostalgia #millennials,https://www.youtube.com/watch?v=myghz5QjWfI,Itskatesteinberg,https://www.youtube.com/channel/UCJ4NZv03lmheHqlG7aLaMBA,2026-03-23T01:43:30.583Z,15.0,15.925,15.0
Made with Fresh Milk and Real Cream,https://www.youtube.com/watch?v=MseRJ-ycZHk,,,2026-03-23T01:43:29.615Z,7.0,0.968,0.968
You are their whole world🌎 #shorts #cat #funny,https://www.youtube.com/watch?v=y6srAHx4AvU,링고다냥,https://www.youtube.com/channel/UCO-s9MFWm8ghwrcYIMAjDSw,2026-03-23T01:43:05.578Z,12.0,24.037,12.0
Lost In Translation if they were like happy to be in Japan 🍙🎑😁,https://www.youtube.com/watch?v=r5ISclPdrBk,Pooja Tripathi,https://www.youtube.com/channel/UClMuJ-LqVoH3e_5xZa_rfuw,2026-03-23T01:42:19.918Z,44.0,45.66,44.0
Spend less on your everyday mess with Sparkle® Paper Towels.,https://www.youtube.com/watch?v=Hz7zIl6KqoI,,,2026-03-23T01:42:00.656Z,15.0,19.262,15.0
And here’s the kid’s perspective #statetesting #schoollife #mschanggifted,https://www.youtube.com/watch?v=SxVyLOizC5Y,Jere Chang (@mschanggifted),https://www.youtube.com/channel/UCZlj7huZPgHcTK99s_L_AMw,2026-03-23T01:41:57.316Z,63.0,3.34,3.34
When the Tip Out is Whack,https://www.youtube.com/watch?v=d4MGuAyKr7s,Drew Talbert,https://www.youtube.com/channel/UCT_QEGH0myu6lgbE_biQPuw,2026-03-23T01:41:52.065Z,78.0,5.251,5.251
Blue Buffalo Wilderness Made for Adventure Sweepstakes,https://www.youtube.com/watch?v=5AIKLmZQcMg,,,2026-03-23T01:41:51.230Z,16.0,0.835,0.835
deserted island makeup routine #shorts,https://www.youtube.com/watch?v=_h9gRCjtXVc,gabschase,https://www.youtube.com/channel/UCCSPK-oUAK6gtdV_fSdkdaQ,2026-03-23T01:39:35.196Z,136.0,136.034,136.0
POV: You thought he was just a biter😼 #shorts #cat #funny,https://www.youtube.com/watch?v=mO8y3jqwLKE,링고다냥,https://www.youtube.com/channel/UCO-s9MFWm8ghwrcYIMAjDSw,2026-03-23T01:39:17.276Z,12.0,17.92,12.0
Corporate team bonding in the US vs France #france #american #usa #cultureshock #corporate #office,https://www.youtube.com/watch?v=D1N7m86X8jE,Roya,https://www.youtube.com/channel/UCjhebDbxJHNM0w2O1qkJA-g,2026-03-23T01:38:02.232Z,70.0,75.044,70.0
Millennial vs Gen Z coworker,https://www.youtube.com/watch?v=L8xYGRZEcn8,Caroline Baniewicz,https://www.youtube.com/channel/UCsO2e8NQS0KUFHgZPdSloig,2026-03-23T01:37:38.057Z,21.0,24.175,21.0
I think “on my way” means something different our ADHD girlies 🤣🩵 #adhd #adhdbrain #adhdprobs,https://www.youtube.com/watch?v=Pomr3lJD3Ss,ADHD Love ,https://www.youtube.com/channel/UCI7FAn9t-xxugYmX8w84PTw,2026-03-23T01:37:01.108Z,16.0,36.949,16.0
J.P. Morgan Wealth Management | Nimisha Minis,https://www.youtube.com/watch?v=otxmEjAk53k,,,2026-03-23T01:37:00.028Z,16.0,1.08,1.08
The food in Germany,https://www.youtube.com/watch?v=3iyxinV1TaY,Uyen Ninh,https://www.youtube.com/channel/UC-uNVV92llYIMC5-ZUF0Q4w,2026-03-23T01:36:58.041Z,35.0,1.987,1.987
BTS Jeopardy! Clues | JEOPARDY!,https://www.youtube.com/watch?v=lmJhr3a--iE,Jeopardy!,https://www.youtube.com/channel/UCnxxhf9PSA3VJ4Q80pWJoow,2026-03-23T01:36:32.017Z,51.0,26.024,26.024
The Choice | Pepsi | Super Bowl | 9x16 :30,https://www.youtube.com/watch?v=BU2Hulkw9u8,,,2026-03-23T01:36:31.291Z,31.0,0.726,0.726
When You Forget Which One is Diet,https://www.youtube.com/watch?v=1ls5SLJ88RQ,Drew Talbert,https://www.youtube.com/channel/UCT_QEGH0myu6lgbE_biQPuw,2026-03-23T01:13:11.883Z,92.0,1399.408,92.0
1 Year Transformation😇😈 #shorts #cat #funny,https://www.youtube.com/watch?v=TZwwpLvdOdA,링고다냥,https://www.youtube.com/channel/UCO-s9MFWm8ghwrcYIMAjDSw,2026-03-23T01:12:51.671Z,14.0,20.212,14.0
Allstate Check First Blue Man,https://www.youtube.com/watch?v=uSgPBOuKI6o,,,2026-03-23T01:12:50.455Z,16.0,1.216,1.216
Recreating my carrot cake Jellycat (because I can) #baking,https://www.youtube.com/watch?v=fgyWdMaYWy0,fromscratchbaker,https://www.youtube.com/channel/UCempXys9JzA6dZuv5eW_gkg,2026-03-23T01:11:42.533Z,65.0,67.922,65.0
How I handle Chicago hospitality. #standupcomedy,https://www.youtube.com/watch?v=LJquioGjxdY,Anthony Jeselnik,https://www.youtube.com/channel/UCgNLQb0HXIU2jspQAhISRYA,2026-03-23T01:10:57.140Z,43.0,45.393,43.0
Pretty much exactly how it went #2000s,https://www.youtube.com/watch?v=gqvwZrFAByQ,Jenna Barclay,https://www.youtube.com/channel/UCxiVxPUAC7YA1DUAJKJ6Y9g,2026-03-23T01:09:51.421Z,61.0,65.719,61.0
ONLY 9 days left till the raffal ends 😬 Making the potion from Death Becomes Her ⚡️,https://www.youtube.com/watch?v=eqPwRG0LAW8,Silver Rox,https://www.youtube.com/channel/UC8LBJeV600OCFrOV0ut2A5w,2026-03-23T01:09:07.633Z,31.0,43.788,31.0
Consensually Agreed,https://www.youtube.com/watch?v=lQgMNur0eak,Mike Rafi - Personal Injury Lawyer,https://www.youtube.com/channel/UC04RYGK0kWq2GJH7uKuvdFg,2026-03-23T01:08:06.430Z,51.0,61.203,51.0
Taking notes 📝 #shorts,https://www.youtube.com/watch?v=K7CzjdFbZtA,gabschase,https://www.youtube.com/channel/UCCSPK-oUAK6gtdV_fSdkdaQ,2026-03-23T01:07:51.434Z,8.0,14.996,8.0
Gen Z Hospital Pharmacist 💊 part 18 #doctor #pharmacist #fyp #hospital #genz,https://www.youtube.com/watch?v=-8MVRyXPXZk,YOUR.FAV.PHARMACIST,https://www.youtube.com/channel/UCIszq3-NNrJDnQHAu7iE4dw,2026-03-23T01:06:41.981Z,69.0,69.453,69.0
"Breakfast 🫱🏼‍🫲🏾 Desayuno     
#breakfast #desayuno #translation #linguistics #woodyling",https://www.youtube.com/watch?v=EpK0gRMtclM,WoodyLing,https://www.youtube.com/channel/UCgg3cI0I47-vHOi5vqkoPww,2026-03-23T01:05:13.444Z,88.0,88.537,88.0
Pantene-Brand-ENG-Danielle Juhl_Shedding Cinema KOL-Abundance30s-YouTube - Shorts-9x16-,https://www.youtube.com/watch?v=GfDaDyHmMgk,,,2026-03-23T01:05:02.438Z,31.0,11.006,11.006
The Horrible Meal from Steerage c. 1890,https://www.youtube.com/watch?v=X6xGeqeC8vk,Tasting History with Max Miller,https://www.youtube.com/channel/UCsaGKqPZnGp_7N80hcHySGQ,2026-03-23T01:03:42.697Z,79.0,79.741,79.0
What ADHD paralysis looks like vs feels like 🩵 #adhd #adhdbrain #adhdprobs,https://www.youtube.com/watch?v=u5HIF0lch0c,ADHD Love ,https://www.youtube.com/channel/UCI7FAn9t-xxugYmX8w84PTw,2026-03-23T01:03:21.211Z,11.0,21.486,11.0
The Friend with the Pro Controller,https://www.youtube.com/watch?v=376QM9Eb5Js,ButterFaces,https://www.youtube.com/channel/UCpdSyiteC-qkmg0ZWZSqY6w,2026-03-23T01:02:58.913Z,17.0,22.298,17.0
"""They're independent,"" they said.😮‍💨 #shorts #cat #funny",https://www.youtube.com/watch?v=b1gjpHaRDSs,링고다냥,https://www.youtube.com/channel/UCO-s9MFWm8ghwrcYIMAjDSw,2026-03-23T01:02:42.106Z,13.0,16.807,13.0
I can’t tell if I should be Miley or Hannah #2000s #millennials #nostalgia,https://www.youtube.com/watch?v=Yk5ZDE8sJjM,Itskatesteinberg,https://www.youtube.com/channel/UCJ4NZv03lmheHqlG7aLaMBA,2026-03-23T01:02:10.529Z,29.0,31.577,29.0
"Target Circle Deal Days is giving us all the feels, and all the deals.",https://www.youtube.com/watch?v=Hx393luGyk8,,,2026-03-23T01:02:04.230Z,37.0,6.299,6.299
Falling in front of hot guys,https://www.youtube.com/watch?v=RDgNvxO8IJk,Gabrielle Kennedy,https://www.youtube.com/channel/UCBaUfaTfq8oQlIJaO5x15qw,2026-03-23T01:01:21.279Z,129.0,42.951,42.951
Elevate Your Scent Game with Dove Men Blackcurrant Cedarwood Body Wash,https://www.youtube.com/watch?v=M17ZPFSzFe4,,,2026-03-23T01:01:09.938Z,6.0,11.341,6.0
#grwm while i answer some of your questions #storytime,https://www.youtube.com/watch?v=RCvijxwFFCk,Lylli,https://www.youtube.com/channel/UCbRNqbU_oU_yeTY9XdoYP5w,2026-03-23T01:01:08.509Z,138.0,1.429,1.429
Gardening with 🌈 instead of 🥄 #handmadeceramics,https://www.youtube.com/watch?v=vX4CM1dd7Pg,Wandering Bud,https://www.youtube.com/channel/UChR_MNN2-dJbe2VRuslXgjg,2026-03-23T01:00:35.124Z,7.0,33.385,7.0
I am I glad to be calling Chad my fiancé now instead of my lord 💕 #NationalProposalDay #Shorts,https://www.youtube.com/watch?v=zu_eV5ACXKw,Kelsey Cook,https://www.youtube.com/channel/UCeFplBg-HWc6TSRGCAprLNQ,2026-03-23T00:58:47.200Z,112.0,107.924,107.924
KER CHRONOLOGISTE 26 HERO KILLER CLAIM 6s 3474637332372 VA 9x16,https://www.youtube.com/watch?v=UL4SXlTNvuE,,,2026-03-23T00:58:46.209Z,7.0,0.991,0.991
Vietnamese vs Thai makeup,https://www.youtube.com/watch?v=fwEDXtflQn0,Uyen Ninh,https://www.youtube.com/channel/UC-uNVV92llYIMC5-ZUF0Q4w,2026-03-23T00:58:27.518Z,11.0,18.691,11.0
I’m reading to bring back colorful denim. I SAID WHAT I SAID 😆 #2010s,https://www.youtube.com/watch?v=95D5JyHjqYM,Jenna Barclay,https://www.youtube.com/channel/UCxiVxPUAC7YA1DUAJKJ6Y9g,2026-03-23T00:57:24.723Z,61.0,62.795,61.0
See above for Important Safety Info and Prescribing Info at biib.mobi/2Yy8Av6.,https://www.youtube.com/watch?v=dlS9HRlaSZk,,,2026-03-23T00:57:23.246Z,101.0,1.477,1.477
Misty Copeland had NO padding in her shoes 🩰,https://www.youtube.com/watch?v=c6Atf57IfWo,MasterClass,https://www.youtube.com/channel/UCFk7dqVnBayNPbrMtIwtaSw,2026-03-23T00:56:19.158Z,60.0,64.088,60.0
What People Think Happens When They Send Food Back,https://www.youtube.com/watch?v=-FSFNS115_4,Drew Talbert,https://www.youtube.com/channel/UCT_QEGH0myu6lgbE_biQPuw,2026-03-23T00:55:02.843Z,74.0,76.315,74.0
Taking My Black Friend to Celebrate St Patty'sDay,https://www.youtube.com/watch?v=3p5aHuKycMg,Tbone & Solo ,https://www.youtube.com/channel/UCWBBoHrCi1jd3AgweQxmB_A,2026-03-23T00:53:28.703Z,64.0,94.14,64.0
The EASIEST Chocolate Cake you’ll ever make!,https://www.youtube.com/watch?v=DCtp12ajClw,fromscratchbaker,https://www.youtube.com/channel/UCempXys9JzA6dZuv5eW_gkg,2026-03-23T00:51:28.686Z,54.0,120.017,54.0
measuring snoots with anything but the metric system #nowyouknow #silkenwindhound #borzoi #snoot,https://www.youtube.com/watch?v=5Vt-_9A8yn4,Cleolonglegs,https://www.youtube.com/channel/UCSk-ObEYne6m_DiFw6MGV_g,2026-03-23T00:51:25.816Z,113.0,2.87,2.87
girls with that one article of clothing they refuse to throw away,https://www.youtube.com/watch?v=C5hDtxuSBBo,ButterFaces,https://www.youtube.com/channel/UCpdSyiteC-qkmg0ZWZSqY6w,2026-03-23T00:50:08.605Z,60.0,77.211,60.0
This Bathroom Design is a Safety Hazard! (How NOT to Design Your Bathroom 🚫),https://www.youtube.com/watch?v=32sEoi7LC0g,Design Daddy,https://www.youtube.com/channel/UCgyOCQzPtxJopL4P36_ijbg,2026-03-22T21:01:25.075Z,80.0,13723.53,80.0
"Everything I ate (and spent) on a Chinatown food crawl in Flushing, Queens",https://www.youtube.com/watch?v=2kLaijW3ACY,Kaitlyn Lavery,https://www.youtube.com/channel/UCqZDrYZzMKawDbxV-SiMLAQ,2026-03-22T20:59:51.834Z,89.0,93.241,89.0
They don’t count here,https://www.youtube.com/watch?v=yL8MahNO0wU,Erin Miller,https://www.youtube.com/channel/UCijiSgwJUGgFi_7yMW48Enw,2026-03-22T20:59:36.684Z,10.0,15.15,10.0
Useful thing that I crochet,https://www.youtube.com/watch?v=0FFrplrfvh8,Uyen Ninh,https://www.youtube.com/channel/UC-uNVV92llYIMC5-ZUF0Q4w,2026-03-22T20:59:10.359Z,22.0,26.325,22.0
Is Caribbean Spanish the original? #linguistics #history #spanish #puertorico,https://www.youtube.com/watch?v=QcL3_eMlp5I,WoodyLing,https://www.youtube.com/channel/UCgg3cI0I47-vHOi5vqkoPww,2026-03-22T02:19:34.820Z,131.0,67175.539,131.0
2026 PetSmart x Royal Canin -  March 15 9x16 OLV,https://www.youtube.com/watch?v=X9cGKjcDvgg,,,2026-03-22T02:19:19.486Z,16.0,15.334,15.334
EEEEeeeek EeEEeek,https://www.youtube.com/watch?v=LR80pQzRuCY,Abram Engle,https://www.youtube.com/channel/UCvsTLkf9SiHt-3HPqq_2TFw,2026-03-22T02:19:13.120Z,16.0,6.366,6.366
Anya Taylor-Joy didn’t realize how much effort went into doing voiceovers for animated movies,https://www.youtube.com/watch?v=_T6LNfxwFfA,Late Night with Seth Meyers,https://www.youtube.com/channel/UCVTyTA7-g9nopHeHbeuvpRA,2026-03-22T02:16:47.589Z,82.0,145.531,82.0
"Hey, Trump: WTF Are You Talking About?!",https://www.youtube.com/watch?v=6ymxvTmJZAw,Lovett or Leave It,https://www.youtube.com/channel/UCj_5BUSpa0yXiD06f0MDZFw,2026-03-22T02:16:47.049Z,73.0,0.54,0.54
Blurry: Dscout for Product and Design Teams,https://www.youtube.com/watch?v=8yQc50w4PUs,,,2026-03-22T02:16:33.344Z,59.0,13.705,13.705
Stop Ignoring These Colors In Your Closet! 😁 | Carla Rockmore #grwm #styletips #midtones,https://www.youtube.com/watch?v=yDejQQK4G4A,Carla Rockmore,https://www.youtube.com/channel/UCmCCGWDjKxI2U1xHSLFzbrw,2026-03-22T02:15:14.385Z,63.0,78.959,63.0
Chick-fil-A | GM | Berry Fizzy | :06 | YTS,https://www.youtube.com/watch?v=j2Xp_XxkNK4,,,2026-03-22T02:15:13.468Z,7.0,0.917,0.917
Does Warrior Cats have better theology than we do?,https://www.youtube.com/watch?v=smGCehyk-1g,Hank Green,https://www.youtube.com/channel/UCOT2iLov0V7Re7ku_3UBtcQ,2026-03-22T02:14:22.946Z,42.0,50.522,42.0
Ryan Gosling gets homemade pop-tarts from Donna when he hosts SNL ❤️,https://www.youtube.com/watch?v=DPdB4fD9mSQ,Late Night with Seth Meyers,https://www.youtube.com/channel/UCVTyTA7-g9nopHeHbeuvpRA,2026-03-22T02:12:44.198Z,86.0,98.748,86.0
Colonel should be Coronel #colonel #etymology #phonetics #etymology #linguistics,https://www.youtube.com/watch?v=Fl9TUEaTJx0,WoodyLing,https://www.youtube.com/channel/UCgg3cI0I47-vHOi5vqkoPww,2026-03-22T02:10:44.137Z,123.0,120.061,120.061
Talk about a rookie mistake. Oops #3rdgrade #giftededucation #schoollife #mschanggifted,https://www.youtube.com/watch?v=iEXI_-nv08c,Jere Chang (@mschanggifted),https://www.youtube.com/channel/UCZlj7huZPgHcTK99s_L_AMw,2026-03-22T02:10:29.469Z,126.0,14.668,14.668
J.P. Morgan Wealth Management | Nimisha Minis,https://www.youtube.com/watch?v=otxmEjAk53k,,,2026-03-22T02:08:16.913Z,16.0,132.556,16.0
POV you just told selena gomez you were trafficked as a child,https://www.youtube.com/watch?v=B-CbSiygxUc,ButterFaces,https://www.youtube.com/channel/UCpdSyiteC-qkmg0ZWZSqY6w,2026-03-22T02:07:46.051Z,29.0,30.862,29.0
Spend less on your everyday mess with Sparkle® Paper Towels.,https://www.youtube.com/watch?v=Hz7zIl6KqoI,,,2026-03-22T02:07:32.020Z,15.0,14.031,14.031
Rebuying everything I had in high school 😭 #2000s #millennials #nostalgia,https://www.youtube.com/watch?v=AIvly2Wynfg,Itskatesteinberg,https://www.youtube.com/channel/UCJ4NZv03lmheHqlG7aLaMBA,2026-03-22T02:07:04.145Z,24.0,27.875,24.0
"Women's History Month: ""Winter"" By Agnes Pelton",https://www.youtube.com/watch?v=s2LBAwVpnks,Crocker Art Museum,https://www.youtube.com/channel/UC-bFrzIyUfqHfM_Z-NplzEw,2026-03-22T02:05:58.405Z,129.0,65.74,65.74
The Best Thing That Can Happen In Med School,https://www.youtube.com/watch?v=sqD2tD5cYbo,Dr. Glaucomflecken,https://www.youtube.com/channel/UCYDVFfp_AN1WBiNwaf9522w,2026-03-22T02:04:03.352Z,55.0,115.053,55.0
Blending in is a superpower I do not have 😂,https://www.youtube.com/watch?v=Iv76Q59dvAU,Atsuko Okatsuka,https://www.youtube.com/channel/UCp_jbSj7zcQxLezB0uJ-fWw,2026-03-22T02:03:50.323Z,79.0,13.029,13.029
Always Flexfoam Health Care Professional - Dr. Charis,https://www.youtube.com/watch?v=H8yjCjxPfJg,,,2026-03-22T02:03:49.239Z,59.0,1.084,1.084
Raise your hand if you’ve been personally victimized by your own uterus 🙋🏽 @plannedparenthood,https://www.youtube.com/watch?v=mbkKHCdauMM,Dez the Lez,https://www.youtube.com/channel/UCqU6sOps57CKe82AvIMqtOA,2026-03-22T02:03:02.971Z,84.0,46.268,46.268
I have been FOOLED by this recipe 😭,https://www.youtube.com/watch?v=ekAm2T7_qX8,fromscratchbaker,https://www.youtube.com/channel/UCempXys9JzA6dZuv5eW_gkg,2026-03-22T02:01:39.845Z,56.0,83.126,56.0
One Of Viola Davis's Favorite Authors Is Richard Wright.,https://www.youtube.com/watch?v=UXqvwrsxVNs,Bustle,https://www.youtube.com/channel/UCqLj_VGACwmDa0FZ4UV3j-w,2026-03-22T02:00:37.766Z,51.0,62.079,51.0
Nothing wrong with having hobbies...and great insurance.,https://www.youtube.com/watch?v=EsulIGA1BeQ,,,2026-03-22T01:59:55.005Z,14.0,42.761,14.0
Triggering the Autistic singing disorder 🤣 #autism #neurodivergent #neurodiversity,https://www.youtube.com/watch?v=gQYtGjm7Anc,ADHD Love ,https://www.youtube.com/channel/UCI7FAn9t-xxugYmX8w84PTw,2026-03-22T01:59:18.498Z,34.0,36.507,34.0
"Octopuses, Octopi, or Octopodes? 🐙 #linguistics #morphology #etymology #octopuses",https://www.youtube.com/watch?v=JD8E_Cend54,WoodyLing,https://www.youtube.com/channel/UCgg3cI0I47-vHOi5vqkoPww,2026-03-22T01:57:09.593Z,145.0,128.905,128.905
Target Circle Deal Days = making new friends (and finding big deals).,https://www.youtube.com/watch?v=y0rkXCfqraE,,,2026-03-22T01:57:08.475Z,34.0,1.118,1.118
What Do You See Challenge,https://www.youtube.com/watch?v=xLchQnwFPgQ,Make Some Noise,https://www.youtube.com/channel/UCSoJcY9wS0_L2yWOTWJWV5Q,2026-03-22T01:56:06.272Z,63.0,62.203,62.203
Rating All PR My Girlfriend Gets in a Week,https://www.youtube.com/watch?v=J36KvPKJz5Y,Kaitlyn Lavery,https://www.youtube.com/channel/UCqZDrYZzMKawDbxV-SiMLAQ,2026-03-22T01:53:54.475Z,78.0,131.797,78.0
Chiara announces my North American tour dates #shorts,https://www.youtube.com/watch?v=HTinsRZfXzs,Laura Ramoso,https://www.youtube.com/channel/UCBUfFQ0DqSb9rXQuGv2OftA,2026-03-22T01:52:01.848Z,112.0,112.627,112.0
The Comeback is back!!,https://www.youtube.com/watch?v=7nMHYbXNb-o,Trixie Mattel,https://www.youtube.com/channel/UC0biFgrMdkv1hFAFLVePODQ,2026-03-21T22:01:55.776Z,50.0,13806.072,50.0
Language time travel with colonization? #linguistics #colonization #dialects,https://www.youtube.com/watch?v=b429uRUpqH0,WoodyLing,https://www.youtube.com/channel/UCgg3cI0I47-vHOi5vqkoPww,2026-03-21T21:59:19.236Z,158.0,156.54,156.54
celebs on the pitt 🩺,https://www.youtube.com/watch?v=Zw_Gt71ZxYw,Mary Elizabeth Kelly (mare_kell),https://www.youtube.com/channel/UCRGT1AKZwq-zkEmpn5zlBQA,2026-03-21T21:58:19.941Z,49.0,59.295,49.0
do u guys know this song,https://www.youtube.com/watch?v=OMMVjwR6N-o,Qveen Herby,https://www.youtube.com/channel/UCx26KtPU7eYKxyOblAxAkdQ,2026-03-21T21:57:45.535Z,30.0,34.406,30.0
Blurry: We’re Swishing $25 Into New Accounts. No Hoops.,https://www.youtube.com/watch?v=ZX47H47d60Q,,,2026-03-21T21:57:35.304Z,31.0,10.231,10.231
Boneless Chicken Wings,https://www.youtube.com/watch?v=zX9NUOO7Bsw,Mike Rafi - Personal Injury Lawyer,https://www.youtube.com/channel/UC04RYGK0kWq2GJH7uKuvdFg,2026-03-21T21:57:21.817Z,47.0,13.487,13.487
We really peaked in the 90s 😭,https://www.youtube.com/watch?v=MILS7WCn_vE,csapunch,https://www.youtube.com/channel/UCz5tmOCXjR7ZKiHEjBK5Erg,2026-03-21T21:57:04.992Z,16.0,16.825,16.0
Trump's Economy Guy,https://www.youtube.com/watch?v=tfGD_4dhzUQ,Lovett or Leave It,https://www.youtube.com/channel/UCj_5BUSpa0yXiD06f0MDZFw,2026-03-21T21:56:54.780Z,72.0,10.212,10.212
Rainbow + Cloud Tray Tutorial #handmadeceramics,https://www.youtube.com/watch?v=trrTJXmbKfk,Wandering Bud,https://www.youtube.com/channel/UChR_MNN2-dJbe2VRuslXgjg,2026-03-21T21:56:33.853Z,20.0,20.927,20.0
You're sealed in now. #satisfying #art,https://www.youtube.com/watch?v=mE7CfMQYyUg,KK Der Obst,https://www.youtube.com/channel/UCYEfhOPt67TgU3F22VMukgw,2026-03-21T21:56:20.049Z,124.0,13.804,13.804
J.P. Morgan Wealth Management | Ruth & Shari POV,https://www.youtube.com/watch?v=43O9-GTJEMU,,,2026-03-21T21:56:08.158Z,16.0,11.891,11.891
Nothing like a father’s approval 🥹 w dez.thelez #shorts,https://www.youtube.com/watch?v=NzvfnQ6oNnU,Dez the Lez,https://www.youtube.com/channel/UCqU6sOps57CKe82AvIMqtOA,2026-03-21T21:54:54.244Z,73.0,73.914,73.0
Sometimes ur life falling apart is actually falling into place #newmusic,https://www.youtube.com/watch?v=fnyV9rN6uYA,Qveen Herby,https://www.youtube.com/channel/UCx26KtPU7eYKxyOblAxAkdQ,2026-03-21T21:54:23.089Z,20.0,31.155,20.0
🦷 #WorstThingsInDrag,https://www.youtube.com/watch?v=YtkUunxBVN8,Trixie Mattel,https://www.youtube.com/channel/UC0biFgrMdkv1hFAFLVePODQ,2026-03-21T21:54:20.296Z,70.0,2.793,2.793
"Try the Daily 4 from Nature Made, a four supplement routine designed by our experts.",https://www.youtube.com/watch?v=EHp3xSSHcIs,,,2026-03-21T21:54:19.271Z,7.0,1.025,1.025
What Do You See Challenge: Rorschach Test Edition,https://www.youtube.com/watch?v=5mHeHUfCZwo,Make Some Noise,https://www.youtube.com/channel/UCSoJcY9wS0_L2yWOTWJWV5Q,2026-03-21T21:53:15.579Z,65.0,63.692,63.692
ONLY 12 days left till the raffal ends 😬 Making the potion from Death Becomes Her ⚡️,https://www.youtube.com/watch?v=2Q7kFAUUpis,Silver Rox,https://www.youtube.com/channel/UC8LBJeV600OCFrOV0ut2A5w,2026-03-21T21:52:00.692Z,74.0,74.887,74.0
"Target Circle Deal Days is giving us all the feels, and all the deals.",https://www.youtube.com/watch?v=Hx393luGyk8,,,2026-03-21T21:51:44.340Z,37.0,16.352,16.352
Look we’re just gonna ignore their “we have to card everyone” policy 🤣,https://www.youtube.com/watch?v=MdejwWxwjsk,csapunch,https://www.youtube.com/channel/UCz5tmOCXjR7ZKiHEjBK5Erg,2026-03-21T21:51:26.727Z,15.0,17.613,15.0
Chasing the Cherry Blossoms,https://www.youtube.com/watch?v=s0cx_4jZ7Vg,J. Draper,https://www.youtube.com/channel/UCF0-84qhSDVOq8i2I3jDVcA,2026-03-21T21:49:55.439Z,65.0,91.288,65.0
Native-KOL-ENG-CoVa India New Moms-APDO-37-Shorts-9x16,https://www.youtube.com/watch?v=Od56Dwxbgp4,,,2026-03-21T21:49:54.113Z,39.0,1.326,1.326
Our curators are lowkey rizzlers...,https://www.youtube.com/watch?v=sHBb4cMUsTs,National Gallery of Art,https://www.youtube.com/channel/UC416BswuE2ItX23GySxZcRQ,2026-03-21T21:48:49.541Z,63.0,64.572,63.0
Proof That Personal Style Takes Time To Develop! | Carla Rockmore #fashiondesigner #personalstyle,https://www.youtube.com/watch?v=FaCe3r19m40,Carla Rockmore,https://www.youtube.com/channel/UCmCCGWDjKxI2U1xHSLFzbrw,2026-03-21T21:47:23.310Z,86.0,86.231,86.0
An Alt Dimension Where Everything Is The Same Except For One Thing,https://www.youtube.com/watch?v=wszcT_1HI0E,Make Some Noise,https://www.youtube.com/channel/UCSoJcY9wS0_L2yWOTWJWV5Q,2026-03-21T21:46:27.934Z,55.0,55.376,55.0
This Counts As Science?!?,https://www.youtube.com/watch?v=3K2AVDVilPQ,Doctor Mike,https://www.youtube.com/channel/UC0QHWhjbe5fGJEPz3sVb6nw,2026-03-21T21:46:08.271Z,82.0,19.663,19.663
send edward the same message #twilight #comedy,https://www.youtube.com/watch?v=qUqohK0v-dQ,Lylli,https://www.youtube.com/channel/UCbRNqbU_oU_yeTY9XdoYP5w,2026-03-21T21:45:48.673Z,9.0,19.598,9.0
crispy chicken crunchwrap slider,https://www.youtube.com/watch?v=XlTxovIQ2YA,,,2026-03-21T21:45:47.766Z,16.0,0.907,0.907
The Only Home Accessories You Need To Elevate Your Space,https://www.youtube.com/watch?v=VkE9aSCM_C8,Design Daddy,https://www.youtube.com/channel/UCgyOCQzPtxJopL4P36_ijbg,2026-03-21T21:43:41.304Z,126.0,126.462,126.0
Alex from Love is Blind #shorts,https://www.youtube.com/watch?v=dHVlrzi2U6E,Stanzi,https://www.youtube.com/channel/UC2AHbLEqIvutOqS4UjumAHQ,2026-03-21T21:41:50.021Z,96.0,111.283,96.0
Blue Buffalo Wilderness Made for Adventure Sweepstakes,https://www.youtube.com/watch?v=5AIKLmZQcMg,,,2026-03-21T21:41:20.721Z,16.0,29.3,16.0
Can confirm that my mom’s playlist slaps🙂‍↕️ George benson 1980 never gets old!,https://www.youtube.com/watch?v=IIcfVySZfQo,csapunch,https://www.youtube.com/channel/UCz5tmOCXjR7ZKiHEjBK5Erg,2026-03-21T21:40:43.469Z,34.0,37.252,34.0
Closet Tour with Kanye's Wife,https://www.youtube.com/watch?v=Y78ZqxvAGi4,ButterFaces,https://www.youtube.com/channel/UCpdSyiteC-qkmg0ZWZSqY6w,2026-03-21T21:39:49.248Z,50.0,54.221,50.0
Why I Can't Switch Off,https://www.youtube.com/watch?v=VZt0GiFPKLc,Autism From The Inside,https://www.youtube.com/channel/UC-FpBZR7DbpvNj5UrFN8qUA,2026-03-21T21:39:43.700Z,49.0,5.548,5.548
Bold flavor starts here — NEW Maggi Noodles redefine your next bowl 🔥,https://www.youtube.com/watch?v=2B6tC69ozCM,,,2026-03-21T21:39:42.614Z,16.0,1.086,1.086
This painting is a Patreon contest Prize! You could earn it! #art #satisfying,https://www.youtube.com/watch?v=MI9Y5_6VNMc,KK Der Obst,https://www.youtube.com/channel/UCYEfhOPt67TgU3F22VMukgw,2026-03-21T21:36:57.442Z,164.0,165.172,164.0
GasSouth MechanicShop 30 9x16 20250513,https://www.youtube.com/watch?v=cPiOSBGDAVs,,,2026-03-21T21:36:46.743Z,31.0,10.699,10.699
Did we really need anymore info? 😆,https://www.youtube.com/watch?v=5E-R4nR506k,The Speech Prof,https://www.youtube.com/channel/UCWGRQoP72M-Mq2gO73K7Y7Q,2026-03-21T21:36:27.237Z,15.0,19.506,15.0
Trixie is a barista's dream!,https://www.youtube.com/watch?v=a_5aNfW6Rq8,Trixie & Katya Clips,https://www.youtube.com/channel/UCc7fTkYvRNTuS6hnt9rLIYQ,2026-03-21T21:35:32.758Z,49.0,54.479,49.0
KER CHRONOLOGISTE 26 HERO KILLER CLAIM 6s 3474637332372 VA 9x16,https://www.youtube.com/watch?v=UL4SXlTNvuE,,,2026-03-21T21:35:31.779Z,7.0,0.979,0.979
An absolute dream for an Autistic person 🤣 #neurodivergent #autism #neurodiversity,https://www.youtube.com/watch?v=wFQmMxPVICQ,ADHD Love ,https://www.youtube.com/channel/UCI7FAn9t-xxugYmX8w84PTw,2026-03-21T21:34:51.939Z,35.0,39.84,35.0
those musicians on tiktok trying to pretend they aren't just ripping off other artists,https://www.youtube.com/watch?v=3udNCMEHczg,ButterFaces,https://www.youtube.com/channel/UCpdSyiteC-qkmg0ZWZSqY6w,2026-03-21T21:34:06.196Z,44.0,45.743,44.0
feeling breezyyyy #fashion,https://www.youtube.com/watch?v=vOE8mT1nbrA,Lylli,https://www.youtube.com/channel/UCbRNqbU_oU_yeTY9XdoYP5w,2026-03-21T21:33:47.052Z,15.0,19.144,15.0
My Favorite Twilight Knockoff,https://www.youtube.com/watch?v=-Gq1P2aaDqM,Jenny Nicholson,https://www.youtube.com/channel/UC7-E5xhZBZdW-8d7V80mzfg,2026-03-21T19:34:44.304Z,6033.0,7142.748,6033.0
"This isn’t a flex, it’s the bare minimum.",https://www.youtube.com/watch?v=dLZ7m7Sa_24,The Speech Prof,https://www.youtube.com/channel/UCWGRQoP72M-Mq2gO73K7Y7Q,2026-03-21T19:22:48.733Z,79.0,715.571,79.0
Getting my nails done… by a jeweler,https://www.youtube.com/watch?v=jujYkkp6mT0,Massoyan Jewelers,https://www.youtube.com/channel/UCX_kOlX9HLzihXlCkrZnmvA,2026-03-21T19:22:40.207Z,66.0,8.526,8.526
Mayhem Star of Your Team :15,https://www.youtube.com/watch?v=QJ7oVDjMaEY,,,2026-03-21T19:19:23.864Z,16.0,196.343,16.0
yikes #fashion #oscars #redcarpet,https://www.youtube.com/watch?v=gVwRRBoPCzw,HauteLeMode,https://www.youtube.com/channel/UCoEj4uRzynPXEEegNqMnJVw,2026-03-21T19:16:49.939Z,69.0,153.925,69.0
Pharmacist Interventions part 42💊 #doctor #pharmacist #pharmacy #women #birthcontrol #fyp #reel,https://www.youtube.com/watch?v=aU93kM6jM7U,YOUR.FAV.PHARMACIST,https://www.youtube.com/channel/UCIszq3-NNrJDnQHAu7iE4dw,2026-03-21T19:15:02.995Z,143.0,106.944,106.944
KKBP10148_KC_FC_CTNL_Come Clean_06_Fuzzy Slippers_v2_9x16 (1).mp4,https://www.youtube.com/watch?v=LJWc3V5lliA,,,2026-03-21T19:15:02.008Z,9.0,0.987,0.987
POV: You Hired an Interior Designer to Style Your Home,https://www.youtube.com/watch?v=tFv3ITbqZ8w,Design Daddy,https://www.youtube.com/channel/UCgyOCQzPtxJopL4P36_ijbg,2026-03-21T19:13:33.872Z,80.0,88.136,80.0
happy st. patrick’s day! ☘️,https://www.youtube.com/watch?v=tnV96o0NSbA,Saturday Night Live,https://www.youtube.com/channel/UCqFzWxSCi39LnW1JKFR3efg,2026-03-21T19:11:16.780Z,120.0,137.092,120.0
I think we nailed it 😆 duet with @ystbyou,https://www.youtube.com/watch?v=XBihxhZN950,csapunch,https://www.youtube.com/channel/UCz5tmOCXjR7ZKiHEjBK5Erg,2026-03-21T19:10:19.321Z,33.0,57.459,33.0
that australian guy just speaking from his personal experience,https://www.youtube.com/watch?v=Ek9M2oG9BZI,ButterFaces,https://www.youtube.com/channel/UCpdSyiteC-qkmg0ZWZSqY6w,2026-03-21T19:10:17.941Z,55.0,1.38,1.38
Why is the lord the only one who gets to work in mysterious ways?,https://www.youtube.com/watch?v=2cd6ei2oGFQ,Kyle Kinane,https://www.youtube.com/channel/UCDAukC261mCbmA3Ft9mLUoQ,2026-03-21T19:09:12.032Z,108.0,65.909,65.909
"je t'aime, paris ✨",https://www.youtube.com/watch?v=9c0EbTQjejE,Erin Miller,https://www.youtube.com/channel/UCijiSgwJUGgFi_7yMW48Enw,2026-03-21T18:47:41.524Z,12.0,1290.508,12.0
How to Clean & Protect your Marble!,https://www.youtube.com/watch?v=RXaE5RBhG4s,Design Daddy,https://www.youtube.com/channel/UCgyOCQzPtxJopL4P36_ijbg,2026-03-21T17:23:32.412Z,81.0,5049.112,81.0
Trying Every Restaurant on the NYT 2025 Top 100 List - Four Twenty Five,https://www.youtube.com/watch?v=0zbkzqkAixg,Kaitlyn Lavery,https://www.youtube.com/channel/UCqZDrYZzMKawDbxV-SiMLAQ,2026-03-21T17:21:45.217Z,98.0,107.195,98.0
Tiny Desk | LiMu Emu & Doug | Liberty Mutual Insurance Commercial,https://www.youtube.com/watch?v=wGWyV8fSlkg,,,2026-03-21T14:17:57.556Z,31.0,11027.661,31.0
Sophisticated Idiots Talk Movies w/ Alex Byrnes!| Puttin on Airs w/ Trae Crowder & Corey Forrester,https://www.youtube.com/watch?v=Kx-RKUY55PI,Puttin On Airs Podcast,https://www.youtube.com/channel/UCE_luEVRgClC6dPceGVEZeg,2026-03-21T14:06:10.340Z,4626.0,707.216,707.216
Dscout for Product and Design Teams,https://www.youtube.com/watch?v=mzC9XHS3O1w,,,2026-03-21T14:06:04.228Z,59.0,6.112,6.112
The Titanic's 1st Class Chicken Lyonnaise,https://www.youtube.com/watch?v=8BUEadcIkng,Tasting History with Max Miller,https://www.youtube.com/channel/UCsaGKqPZnGp_7N80hcHySGQ,2026-03-21T04:08:11.549Z,87.0,35872.679,87.0
Domestic masculinity in media,https://www.youtube.com/watch?v=SCq6nAJau7s,Pop Culture Detective,https://www.youtube.com/channel/UCHiwtz2tCEfS17N9A-WoSSw,2026-03-21T04:05:08.032Z,180.0,183.517,180.0
GRWM: How Andrew and I Started Dating,https://www.youtube.com/watch?v=MJlLzFY_tMA,Kaitlyn Lavery,https://www.youtube.com/channel/UCqZDrYZzMKawDbxV-SiMLAQ,2026-03-21T04:02:01.776Z,180.0,186.256,180.0
98% of the photos no longer exist on FB 😭,https://www.youtube.com/watch?v=0WDMJkRHvQI,Erin Miller,https://www.youtube.com/channel/UCijiSgwJUGgFi_7yMW48Enw,2026-03-21T04:01:18.494Z,22.0,43.282,22.0
Fisk vs. Daredevil | Stream Marvel Television's Daredevil: Born Again Season 2 March 24 on Disney+,https://www.youtube.com/watch?v=KphqeJeCfjc,,,2026-03-20T23:56:54.615Z,24.0,14663.879,24.0
My black friend took me to the hood,https://www.youtube.com/watch?v=rMl2bW622js,Tbone & Solo ,https://www.youtube.com/channel/UCWBBoHrCi1jd3AgweQxmB_A,2026-03-20T23:12:10.636Z,63.0,2683.979,63.0
DoorDash Dasher Beginner Guide! | Step By Step,https://www.youtube.com/watch?v=vgAY2TW4D40,Trevor’s Deliveries,https://www.youtube.com/channel/UCvYKjxTBCT_GwnTy0CVG93g,2026-03-20T21:40:46.177Z,1553.0,5484.459,1553.0
"Your Earnings, Your Way | Uber",https://www.youtube.com/watch?v=Zwxuhjs5-Ys,,,2026-03-20T21:40:40.226Z,49.0,5.951,5.951
The Chevy Silverado HD: Strong Made Easy | Chevrolet,https://www.youtube.com/watch?v=ioYMRyoxqEg,,,2026-03-20T21:33:19.845Z,16.0,440.381,16.0
Shortened: US en MOT UAC 1200x1500 JS 14018 MT2 Gen LF1 Q124,https://www.youtube.com/watch?v=NHRLGudEfEM,,,2026-03-20T21:33:12.987Z,7.0,6.858,6.858
2026 PetSmart x Royal Canin - March 30 OLV,https://www.youtube.com/watch?v=tgpDL4MtpKw,,,2026-03-20T21:27:02.144Z,31.0,370.843,31.0
Parent Teacher Conference (Short) | LiMu Emu & Doug | Liberty Mutual Insurance Commercial,https://www.youtube.com/watch?v=gCuFlkVQl0Y,,,2026-03-20T21:26:47.064Z,,15.08,15.08
J.P. Morgan Wealth Management | Nimisha & Karishma Piecing It All Together,https://www.youtube.com/watch?v=enGlK8bgOFU,,,2026-03-20T21:17:52.526Z,51.0,534.538,51.0
XNJ33134000H DKB AllFootage Transformations 16x9 30 AN,https://www.youtube.com/watch?v=2aOnS0_By98,,,2026-03-20T21:10:11.472Z,31.0,461.054,31.0
Shortened: US en MOT UAC 1200x1500 JS 14018 MT2 Gen SF1 Q124,https://www.youtube.com/watch?v=neKpCKLpxgA,,,2026-03-20T21:10:03.770Z,8.0,7.702,7.702
Driving For DoorDash (25 Expert Tips For Beginners) | Complete Guide 2025,https://www.youtube.com/watch?v=yL80zkRx1nI,Your Driver Mike,https://www.youtube.com/channel/UCbGdkBwstr1fT_tgZLAFjHQ,2026-03-20T21:02:59.037Z,1508.0,424.733,424.733
Shortened: Introducing Georgia Registered Agent,https://www.youtube.com/watch?v=EWXXf6TtyNI,,,2026-03-20T21:02:52.838Z,117.0,6.199,6.199
Brooklyn Coffee Shop Episode 67: Thyme's Sister,https://www.youtube.com/watch?v=42rbnyFHI0A,Pooja Tripathi,https://www.youtube.com/channel/UClMuJ-LqVoH3e_5xZa_rfuw,2026-03-20T21:01:27.356Z,127.0,85.482,85.482
Putting the Irish in jail,https://www.youtube.com/watch?v=nzj1vJl7_RY,Garron,https://www.youtube.com/channel/UCUNbVdwPCfo3iOac_PRNNsg,2026-03-20T19:12:17.654Z,61.0,6549.702,61.0
Hard water in Germany,https://www.youtube.com/watch?v=H54PP1k88m0,Uyen Ninh,https://www.youtube.com/channel/UC-uNVV92llYIMC5-ZUF0Q4w,2026-03-20T19:11:59.741Z,9.0,17.913,9.0
Copy of UGC-1920x1080-22s.mp4,https://www.youtube.com/watch?v=BTYl5SUvKjM,,,2026-03-20T18:31:02.181Z,22.0,2457.56,22.0
Why We’re Not Married After 10+ Years,https://www.youtube.com/watch?v=ABKvhHoU8MU,Kaitlyn Lavery,https://www.youtube.com/channel/UCqZDrYZzMKawDbxV-SiMLAQ,2026-03-20T18:03:19.392Z,92.0,1662.789,92.0
Full review and Q&A of “Paradais” by Fernanda Melchor on YouTube now.,https://www.youtube.com/watch?v=ZESuj1vX_VY,Anthony Jeselnik,https://www.youtube.com/channel/UCgNLQb0HXIU2jspQAhISRYA,2026-03-19T22:19:30.527Z,66.0,71028.865,66.0
@KumailNanjianiOfficial on Scientology. From S1E4 of Good Talk with Anthony Jeselnik.,https://www.youtube.com/watch?v=dgocOKfimOc,Anthony Jeselnik,https://www.youtube.com/channel/UCgNLQb0HXIU2jspQAhISRYA,2026-03-19T22:17:07.292Z,19.0,143.235,19.0
OHHHHHHH SNAP #fashion #zendaya #thedrama #redcarpet,https://www.youtube.com/watch?v=UoiwgrTDr7U,HauteLeMode,https://www.youtube.com/channel/UCoEj4uRzynPXEEegNqMnJVw,2026-03-19T20:54:25.980Z,51.0,4961.312,51.0
Trying Every Restaurant on the NYT 2025 Top 100 List - S&P Lunch,https://www.youtube.com/watch?v=0K0b34WgKLc,Kaitlyn Lavery,https://www.youtube.com/channel/UCqZDrYZzMKawDbxV-SiMLAQ,2026-03-19T16:27:01.676Z,67.0,16044.304,67.0
How I meal prep,https://www.youtube.com/watch?v=bhrZI2eMV-I,Uyen Ninh,https://www.youtube.com/channel/UC-uNVV92llYIMC5-ZUF0Q4w,2026-03-18T14:16:37.899Z,61.0,94223.777,61.0
People want to see the greats. #standupcomedy @ronfunches,https://www.youtube.com/watch?v=G_haNrVzBmU,Anthony Jeselnik,https://www.youtube.com/channel/UCgNLQb0HXIU2jspQAhISRYA,2026-03-18T12:04:32.124Z,30.0,7925.775,30.0
St Patrick’s Day Observed,https://www.youtube.com/watch?v=7Iw6yeBSH-s,Kyle Kinane,https://www.youtube.com/channel/UCDAukC261mCbmA3Ft9mLUoQ,2026-03-18T01:28:06.934Z,23.0,38185.19,23.0
How to Give Subcutaneous Fluids to Your Pet,https://www.youtube.com/watch?v=F9O__u9Wazk,atDove,https://www.youtube.com/channel/UChsuTzIcGC2-6A2LJE5FfkA,2026-03-17T20:46:20.252Z,449.0,16906.682,449.0
Simparica Trio®️ - Triple Parasite Protection Commercial (:15),https://www.youtube.com/watch?v=mNO-DWd8XtU,,,2026-03-17T20:44:44.908Z,16.0,95.344,16.0
SQUISH THAT CAT,https://www.youtube.com/watch?v=jz3xgtDRruI,FAVFE - Funny Animal Videos From Everywhere,https://www.youtube.com/channel/UCHI38yWqzYnQuQVrwYd8naw,2026-03-17T20:05:57.790Z,35.0,2327.118,35.0
Math | LiMu Emu & Doug | Liberty Mutual Insurance Commercial,https://www.youtube.com/watch?v=5FuZv0HPAPg,,,2026-03-17T20:05:51.493Z,7.0,6.297,6.297
$1 Billion Bracket,https://www.youtube.com/watch?v=91XBx3wJrrY,,,2026-03-17T16:12:49.416Z,31.0,13982.077,31.0
"Once you love a cat, you love them all🤗🐈 #shorts #cat #funny",https://www.youtube.com/watch?v=7bzuFR2GiIM,링고다냥,https://www.youtube.com/channel/UCO-s9MFWm8ghwrcYIMAjDSw,2026-03-17T16:12:46.745Z,16.0,2.671,2.671
PLASTER!?!? #fashion #redcarpet #oscars,https://www.youtube.com/watch?v=El01oUC3NlM,HauteLeMode,https://www.youtube.com/channel/UCoEj4uRzynPXEEegNqMnJVw,2026-03-17T16:02:58.216Z,59.0,588.529,59.0
https://www.youtube.com/watch?v=qVH3_0LTL9o,https://www.youtube.com/watch?v=qVH3_0LTL9o,,,2026-03-17T16:02:57.461Z,,0.755,0.755
My whole heart in one tiny ball of fluff☁️ #shorts #cat #funny,https://www.youtube.com/watch?v=7EB0jZUk2rs,링고다냥,https://www.youtube.com/channel/UCO-s9MFWm8ghwrcYIMAjDSw,2026-03-17T16:02:51.504Z,11.0,5.957,5.957
Instagram sucks #instagram #reels #instagramsucks,https://www.youtube.com/watch?v=kHy2JQa4s04,WoodyLing,https://www.youtube.com/channel/UCgg3cI0I47-vHOi5vqkoPww,2026-03-17T16:01:45.756Z,161.0,65.748,65.748
Politics belong at the Oscars,https://www.youtube.com/watch?v=wMxxS6cmicc,Pop Culture Detective,https://www.youtube.com/channel/UCHiwtz2tCEfS17N9A-WoSSw,2026-03-17T15:58:37.598Z,180.0,188.158,180.0
Everywhere I ate this week as a food content creator in NYC,https://www.youtube.com/watch?v=ixUSd2-UHsk,Kaitlyn Lavery,https://www.youtube.com/channel/UCqZDrYZzMKawDbxV-SiMLAQ,2026-03-17T15:58:34.534Z,61.0,3.064,3.064
GC Baseball :15 9x16,https://www.youtube.com/watch?v=FUN-aZ_7bG4,,,2026-03-17T15:58:23.777Z,16.0,10.757,10.757
Fermented foods = good and healthy for you foods!! #growyourownfood,https://www.youtube.com/watch?v=X5NtK19HoLc,The Seasonal Homestead,https://www.youtube.com/channel/UCp5ABXcBBekH9mUrUqTE8UA,2026-03-17T15:56:10.696Z,59.0,133.081,59.0
here we go again #fashion #vanityfair #redcarpet,https://www.youtube.com/watch?v=sjO3cllMv1k,HauteLeMode,https://www.youtube.com/channel/UCoEj4uRzynPXEEegNqMnJVw,2026-03-17T15:54:30.095Z,67.0,100.601,67.0
Republican straight,https://www.youtube.com/watch?v=yA_xzhvqWw8,Michelle Wolf,https://www.youtube.com/channel/UCAgD0g88yjBGT9R-GRBglHA,2026-03-17T15:54:20.539Z,44.0,9.556,9.556
Elevate Your Scent Game with Dove Men Blackcurrant Cedarwood Body Wash,https://www.youtube.com/watch?v=M17ZPFSzFe4,,,2026-03-17T15:54:18.993Z,6.0,1.546,1.546
Name That Sword Challenge (Microphone Sword),https://www.youtube.com/watch?v=A-utTfdV3EA,Make Some Noise,https://www.youtube.com/channel/UCSoJcY9wS0_L2yWOTWJWV5Q,2026-03-17T15:53:39.736Z,38.0,39.257,38.0
Mini Tuna Puffs (1969),https://www.youtube.com/watch?v=2FP9hoqZix8,B. Dylan Hollis,https://www.youtube.com/channel/UCDkEssvZ2uu_ntlIGy64GIg,2026-03-17T15:53:35.367Z,76.0,4.369,4.369
Viola Davis Explains Her Viral Moment With Michael B. Jordan At The Actor Awards,https://www.youtube.com/watch?v=pS34bqs__cs,Bustle,https://www.youtube.com/channel/UCqLj_VGACwmDa0FZ4UV3j-w,2026-03-17T15:53:33.230Z,30.0,2.137,2.137
yikes #fashion #redcarpet #oscars,https://www.youtube.com/watch?v=em6_agNGIpI,HauteLeMode,https://www.youtube.com/channel/UCoEj4uRzynPXEEegNqMnJVw,2026-03-17T15:51:41.879Z,82.0,111.351,82.0
What it’s Like to Be a Hospital/Clinical Pharmacist 💊 part 13 #doctor #pharmacist #skit #hospital,https://www.youtube.com/watch?v=6pU4igSUd58,YOUR.FAV.PHARMACIST,https://www.youtube.com/channel/UCIszq3-NNrJDnQHAu7iE4dw,2026-03-17T15:51:35.216Z,72.0,6.663,6.663
choose your quest companion ⚔️ #silkenwindhound #borzoi #youchoose #specialattack #wholesome,https://www.youtube.com/watch?v=Bg0FJjkZqFQ,Cleolonglegs,https://www.youtube.com/channel/UCSk-ObEYne6m_DiFw6MGV_g,2026-03-17T15:51:32.925Z,99.0,2.291,2.291
Bert the Spreader,https://www.youtube.com/watch?v=vBSL1eCzbhk,Drew Talbert,https://www.youtube.com/channel/UCT_QEGH0myu6lgbE_biQPuw,2026-03-17T15:50:14.700Z,78.0,78.225,78.0
