title,link,channel,channel_link,date,video_length,time_diff,watch_time
All HELL BREAKS LOOSE as AG Bondi HEARING Goes SIDEWAYS!!!,https://www.youtube.com/watch?v=pX0tB1NK8QI,MeidasTouch,https://www.youtube.com/channel/UC9r9HYFxEQOBXSopFS61ZWg,2026-02-11T22:19:36.249Z,1704.0,,1704.0
WHOA! GOP Hearing BACKFIRES as DEMS EXPOSE WITNESSES,https://www.youtube.com/watch?v=8aQjFIHufkw,MeidasTouch,https://www.youtube.com/channel/UC9r9HYFxEQOBXSopFS61ZWg,2026-02-11T22:09:48.029Z,1649.0,588.22,588.22
"BREAKING: Jason Crow Leads Press Briefing After DOJ Fails To Indict Him, Other Dems For Orders Video",https://www.youtube.com/watch?v=s3lQmJ_E3uA,Forbes Breaking News,https://www.youtube.com/channel/UCg40OxZ1GYh3u3jBntB6DLg,2026-02-11T21:51:12.283Z,1110.0,1115.746,1110.0
Jared Moskowitz Outright Asks Pam Bondi To Attack Him From Her 'Burn Book',https://www.youtube.com/watch?v=fQNzvuTPr7k,Forbes Breaking News,https://www.youtube.com/channel/UCg40OxZ1GYh3u3jBntB6DLg,2026-02-11T21:44:22.276Z,404.0,410.007,404.0
LIVE: Sen. Kelly and Sen. Slotkin hold news conference on failed grand jury indictment,https://www.youtube.com/watch?v=saKMOO68YJA,ABC News,https://www.youtube.com/channel/UCBi2mrWuNuyYy4gbM6fU18Q,2026-02-11T21:17:57.969Z,1606.0,1584.307,1584.307
It’s Happening with Velshi & Ruhle | MS NOW LIVE Q&A,https://www.youtube.com/watch?v=FtSs_nFTJec,MS NOW,https://www.youtube.com/channel/UCaXkIU1QidjPwiAYu6GcHjg,2026-02-11T20:16:03.477Z,3594.0,3714.492,3594.0
LIVE: Kash Patel Grilled on New Epstein Files During Senate Judiciary Hearing | APT,https://www.youtube.com/watch?v=NNpBFrpl3Js,APT,https://www.youtube.com/channel/UCpLEtz3H0jSfEneSdf1YKnw,2026-02-11T20:12:54.961Z,3085352.0,188.516,188.516
LIVE: Pam Bondi DESTROYED By Raskin & Co. over ICE and Epstein in Marathon Judiciary Drubbing,https://www.youtube.com/watch?v=4nQs5KISGqA,TYT Investigates,https://www.youtube.com/channel/UCwNJt9PYyN1uyw2XhNIQMMA,2026-02-11T20:09:43.672Z,16305.0,191.289,191.289
LIVE: Epstein Files Tipster IDENTIFIES MISSING DOCS!!!,https://www.youtube.com/watch?v=xiSmcNVxIF8,MeidasTouch,https://www.youtube.com/channel/UC9r9HYFxEQOBXSopFS61ZWg,2026-02-11T19:50:43.855Z,1163.0,1139.817,1139.817
🚨 Raskin EXCORIATES Bondi TO HER FACE in OPENING STATEMENT,https://www.youtube.com/watch?v=pjLOLd1UyWM,MeidasTouch,https://www.youtube.com/channel/UC9r9HYFxEQOBXSopFS61ZWg,2026-02-11T19:28:47.651Z,1310.0,1316.204,1310.0
Trump LOSES IT in AM as Hearing GOES OFF THE RAILS!!,https://www.youtube.com/watch?v=ciTujpMPr4s,MeidasTouch,https://www.youtube.com/channel/UC9r9HYFxEQOBXSopFS61ZWg,2026-02-11T19:10:09.793Z,1112.0,1117.858,1112.0
LIVE: Pam Bondi testifies for Congress amid Epstein coverup,https://www.youtube.com/watch?v=UP50zxW8hes,Brian Tyler Cohen,https://www.youtube.com/channel/UCQANb2YPwAtK-IQJrLaaUFw,2026-02-11T17:54:05.801Z,11752.0,4563.992,4563.992
LIVE: AG Bondi testifies at House hearing amid scrutiny over Epstein files,https://www.youtube.com/watch?v=nXwXAI69iRs,MS NOW,https://www.youtube.com/channel/UCaXkIU1QidjPwiAYu6GcHjg,2026-02-11T17:16:23.916Z,18971.0,2261.885,2261.885
All HELL BREAKS LOOSE as ICE RAMPS UP for SUPER BOWL!!,https://www.youtube.com/watch?v=AMlBopj7MvU,MeidasTouch,https://www.youtube.com/channel/UC9r9HYFxEQOBXSopFS61ZWg,2026-02-11T15:50:14.736Z,1276.0,5169.18,1276.0
Trump has CATASTROPHIC SUNDAY as GHISLAINE INVOKES FIFTH,https://www.youtube.com/watch?v=3apAx4oQGgY,MeidasTouch,https://www.youtube.com/channel/UC9r9HYFxEQOBXSopFS61ZWg,2026-02-11T15:28:08.746Z,1319.0,1325.99,1319.0
UH OH! Trump COLLAPSES in Florida at WORST TIME!!!,https://www.youtube.com/watch?v=ZnkZZjM_fKg,MeidasTouch,https://www.youtube.com/channel/UC9r9HYFxEQOBXSopFS61ZWg,2026-02-11T15:09:45.066Z,1097.0,1103.68,1097.0
MAGA Mike IN TERROR as he LOSES CONTROL of HOUSE!!,https://www.youtube.com/watch?v=JPvU8SPN5TA,MeidasTouch,https://www.youtube.com/channel/UC9r9HYFxEQOBXSopFS61ZWg,2026-02-11T14:45:28.068Z,1451.0,1456.998,1451.0
BREAKING: Trump suffers HUGE LOSS in Minnesota,https://www.youtube.com/watch?v=b-OTA3GEmfA,Brian Tyler Cohen,https://www.youtube.com/channel/UCQANb2YPwAtK-IQJrLaaUFw,2026-02-11T14:35:19.336Z,610.0,608.732,608.732
BREAKING UPDATE in Kristi Noem IMPEACHMENT,https://www.youtube.com/watch?v=bEJ0jMDA12U,Brian Tyler Cohen,https://www.youtube.com/channel/UCQANb2YPwAtK-IQJrLaaUFw,2026-02-11T14:19:46.785Z,655.0,932.551,655.0
UPDATE in move to IMPEACH Pam Bondi,https://www.youtube.com/watch?v=Ku5pMYdrc3E,Brian Tyler Cohen,https://www.youtube.com/channel/UCQANb2YPwAtK-IQJrLaaUFw,2026-02-11T14:14:12.108Z,905.0,334.677,334.677
Ro Khanna reaveals BOMBSHELL UPDATE on Epstein files,https://www.youtube.com/watch?v=19Pl0HPYpa0,Brian Tyler Cohen,https://www.youtube.com/channel/UCQANb2YPwAtK-IQJrLaaUFw,2026-02-11T13:47:39.302Z,967.0,1592.806,967.0
Justice Department issues GRAVE THREAT ahead of election,https://www.youtube.com/watch?v=UNfHr8IT3Js,Brian Tyler Cohen,https://www.youtube.com/channel/UCQANb2YPwAtK-IQJrLaaUFw,2026-02-11T13:32:35.826Z,897.0,903.476,897.0
"Trump “picked the wrong judge,” dealt BLOCKBUSTER ruling by FURIOUS judge",https://www.youtube.com/watch?v=lUrkBV3oyLo,Brian Tyler Cohen,https://www.youtube.com/channel/UCQANb2YPwAtK-IQJrLaaUFw,2026-02-11T13:20:15.435Z,734.0,740.391,734.0
Trump dealt HUMILIATION from Bad Bunny at Super Bowl halftime show,https://www.youtube.com/watch?v=GuZMSh1ckvs,Brian Tyler Cohen,https://www.youtube.com/channel/UCQANb2YPwAtK-IQJrLaaUFw,2026-02-11T13:11:56.898Z,492.0,498.537,492.0
BREAKING: Epstein survivors use Super Bowl to drop MAJOR UPDATE,https://www.youtube.com/watch?v=QPAiJw4EScA,Brian Tyler Cohen,https://www.youtube.com/channel/UCQANb2YPwAtK-IQJrLaaUFw,2026-02-11T13:01:05.879Z,644.0,651.019,644.0
Trump ATTACKS Olympian in INSANE tirade,https://www.youtube.com/watch?v=cV_3EyVNr7I,Brian Tyler Cohen,https://www.youtube.com/channel/UCQANb2YPwAtK-IQJrLaaUFw,2026-02-11T12:52:55.027Z,484.0,490.852,484.0
🚨 Republicans lose ANOTHER election in DEEP RED race,https://www.youtube.com/watch?v=Zwkce7R7VVY,Brian Tyler Cohen,https://www.youtube.com/channel/UCQANb2YPwAtK-IQJrLaaUFw,2026-02-11T11:53:13.925Z,3574.0,3581.102,3574.0
Trump’s SHOCKING plan to ATTACK upcoming election is REVEALED,https://www.youtube.com/watch?v=EtQZmk9wdJk,Brian Tyler Cohen,https://www.youtube.com/channel/UCQANb2YPwAtK-IQJrLaaUFw,2026-02-11T11:41:09.995Z,718.0,723.93,718.0
BREAKING UPDATE in Trump’s Georgia ballot seizure,https://www.youtube.com/watch?v=B0pNQXvPkw0,Brian Tyler Cohen,https://www.youtube.com/channel/UCQANb2YPwAtK-IQJrLaaUFw,2026-02-11T11:27:13.065Z,831.0,836.93,831.0
Commerce Secretary Howard Lutnick insists relationship with Epstein was limitied,https://www.youtube.com/watch?v=GIv2KRb5pVo,WHAS11,https://www.youtube.com/channel/UCTvZcgH_rsvaGuZ8mU5jpnA,2026-02-11T11:25:19.174Z,108.0,113.891,108.0
Person released in Nancy Guthrie case as search for 'armed individual' continues,https://www.youtube.com/watch?v=srmXgOLVrzg,ABC News,https://www.youtube.com/channel/UCBi2mrWuNuyYy4gbM6fU18Q,2026-02-11T11:20:50.132Z,263.0,269.042,263.0
13 Potato Hacks You Need to Know | Allrecipes,https://www.youtube.com/watch?v=wvUz5x08-lA,Allrecipes,https://www.youtube.com/channel/UC4tAgeVdaNB5vD_mBoxg50w,2026-02-11T11:08:31.894Z,1386.0,738.238,738.238
5 Lazy One-Pan Dinners for When You're Too Tired to Cook | Allrecipes,https://www.youtube.com/watch?v=9FFAGAYxqOQ,Allrecipes,https://www.youtube.com/channel/UC4tAgeVdaNB5vD_mBoxg50w,2026-02-11T10:53:07.773Z,917.0,924.121,917.0
Trump Is Spiraling | Strategy Session with Rick Wilson and Stuart Stevens,https://www.youtube.com/watch?v=3veNQIRA_og,Lincoln Square,https://www.youtube.com/channel/UCkBrtQrHN6Lc3vJUzXT0m6A,2026-02-11T10:49:30.623Z,2261.0,217.15,217.15
GOP Finally FLIPS ON TRUMP over EPSTEIN FALL OUT!!!,https://www.youtube.com/watch?v=gTr2ASAlezE,MeidasTouch,https://www.youtube.com/channel/UC9r9HYFxEQOBXSopFS61ZWg,2026-02-11T10:45:32.389Z,1146.0,238.234,238.234
DESPERATE Trump Plans Hostile Election Takeover,https://www.youtube.com/watch?v=ODU-tIrb4iA,Democracy Docket,https://www.youtube.com/channel/UCWmMgbc1g6g5O8Tn_-k5qgA,2026-02-11T10:20:44.750Z,2131.0,1487.639,1487.639
Trump is Crashing Out And We're LOVING It | The Next Level,https://www.youtube.com/watch?v=eT8rbYgfHJI,The Bulwark,https://www.youtube.com/channel/UCG4Hp1KbGw4e02N7FpPXDgQ,2026-02-11T09:18:56.751Z,3702.0,3707.999,3702.0
On The Words We Are Taught To Fear ,https://www.youtube.com/watch?v=dmydSQiUYoc,Robert Arnold ,https://www.youtube.com/channel/UCCXljx9lsaAUJrVzRdoPhXg,2026-02-11T09:10:53.907Z,459.0,482.844,459.0
Sen. Jack Reed CALLS OUT Scott Bessent For 'Childish' Senate Conduct,https://www.youtube.com/watch?v=VD2PeTne6Ek,Daniel Reed,https://www.youtube.com/channel/UCCwQyRHW5mzagIMU6FLTH9A,2026-02-11T08:59:50.760Z,759.0,663.147,663.147
"The Last Word With Lawrence O'Donnell 2/10/26 | 🅼🆂🅽🅱️🅲 Breaking News Today February 10, 2026",https://www.youtube.com/watch?v=x_KbSCJUnjk,ام كريم 31 ,https://www.youtube.com/channel/UCbJA4yPy4z7nCDjf6qIEwvQ,2026-02-11T08:53:00.587Z,,410.173,410.173
South Park Just Went ALL OUT On ICE In Latest Episode! ,https://www.youtube.com/watch?v=BwapoVPykh8,Traitor Triumph,https://www.youtube.com/channel/UCLtE-fE4iIRX5DcFmRNo_Fg,2026-02-11T08:52:41.224Z,835.0,19.363,19.363
Trump PANICS after SHOCK FINDING in UNREDACTED FILES!!!,https://www.youtube.com/watch?v=DRoK-Xk4Ff0,MeidasTouch,https://www.youtube.com/channel/UC9r9HYFxEQOBXSopFS61ZWg,2026-02-11T08:34:55.037Z,1097.0,1066.187,1066.187
The Latest Batch Of Epstein Files Is INSANE,https://www.youtube.com/watch?v=QoexZ5VftBc,The Lincoln Project,https://www.youtube.com/channel/UCpYCxV51bykhMY-wSUozQRg,2026-02-11T08:33:51.301Z,4248.0,63.736,63.736
"Epstein, Lutnick, ICE & GOP Anti Hispanic Hysteria",https://www.youtube.com/watch?v=6OBOls3Abn4,David Feldman,https://www.youtube.com/channel/UCPx_etxYtUYRyrdOszrDA0g,2026-02-11T07:19:06.265Z,4479.0,4485.036,4479.0
The fallout and impact of the Epstein files | BBC News,https://www.youtube.com/watch?v=KACKbPWEGo4,BBC News,https://www.youtube.com/channel/UC16niRr50-MSBwiO3YDb3RA,2026-02-11T07:00:01.788Z,1614.0,1144.477,1144.477
Epstein Files Cover Up – and Whose Lies are Fueling It,https://www.youtube.com/watch?v=Z7rF-6TP9h0,Sen. Adam Schiff,https://www.youtube.com/channel/UCadiUi-KZoFk1K5ZDsluLcA,2026-02-11T06:47:50.702Z,725.0,731.086,725.0
'Likely incriminated': Congressman names SIX MEN unredacted from Epstein files,https://www.youtube.com/watch?v=f-8lLt8fVZo,MS NOW,https://www.youtube.com/channel/UCaXkIU1QidjPwiAYu6GcHjg,2026-02-11T06:35:35.753Z,729.0,734.949,729.0
Protecting Pedophile Predators: Carole Cadwalladr on Jeffrey Epstein & the Elite's Veil of Silence,https://www.youtube.com/watch?v=P0P8GrAlTEk,Democracy Now!,https://www.youtube.com/channel/UCzuqE7-t13O4NIDYJfakrhw,2026-02-11T05:25:26.750Z,1428.0,4209.003,1428.0
"Trump’s Name in Epstein Files “More Than ONE MILLION"" Times & MAGA Explodes with Rage Over Bad Bunny",https://www.youtube.com/watch?v=shzx9MPdV44,Jimmy Kimmel Live,https://www.youtube.com/channel/UCa6vGFO9ty8v5KZJXQxdhaw,2026-02-11T05:10:49.569Z,871.0,877.181,871.0
"Trump in Epstein Files ""a Million Times"" & Lutnick Admits Lunch with Epstein | The Daily Show",https://www.youtube.com/watch?v=4Y9NnzkxamQ,The Daily Show,https://www.youtube.com/channel/UCwWhs_6x42TyRM4Wstoq8HA,2026-02-11T04:57:00.711Z,823.0,828.858,823.0
"Democrats, Republicans address unredacted Epstein files",https://www.youtube.com/watch?v=rsm7BNcF0Kc,Face the Nation,https://www.youtube.com/channel/UC2x_qNZXKDxNP1j4jvHATRQ,2026-02-11T04:27:10.743Z,1784.0,1789.968,1784.0
Dem Gov FLIPS THE SCRIPT on Trump after VP is BOOED | PoliticsGirl,https://www.youtube.com/watch?v=5NSHrCgBx9w,MeidasTouch,https://www.youtube.com/channel/UC9r9HYFxEQOBXSopFS61ZWg,2026-02-11T03:40:31.596Z,2793.0,2799.147,2793.0
LIVE: Popok Gives URGENT UPDATE on Epstein FILES RELEASE | 2/10/2026,https://www.youtube.com/watch?v=vc8tyZW3q5c,MeidasTouch,https://www.youtube.com/channel/UC9r9HYFxEQOBXSopFS61ZWg,2026-02-11T02:18:39.765Z,4139.0,4911.831,4139.0
LIVE: Ben Meiselas RESPONDS to BREAKING NEWS!! 2/10/2026,https://www.youtube.com/watch?v=loE4HShpSM8,MeidasTouch,https://www.youtube.com/channel/UC9r9HYFxEQOBXSopFS61ZWg,2026-02-11T01:50:48.632Z,3293.0,1671.133,1671.133
“Please get me out of here”: Rep. reads kids’ ICE detention letters in DHS hearing,https://www.youtube.com/watch?v=P6Azm5w3KVE,KARE 11,https://www.youtube.com/channel/UC1JAwKeDUjN2orv5t7LWODQ,2026-02-10T23:46:20.723Z,1704.0,7467.909,1704.0
Trump TOP ICE AIDE gets EXPOSED under CROSS-EXAM at HEARING,https://www.youtube.com/watch?v=bc6CLXGaesI,MeidasTouch,https://www.youtube.com/channel/UC9r9HYFxEQOBXSopFS61ZWg,2026-02-10T23:15:31.016Z,1844.0,1849.707,1844.0
BREAKING NEWS: John Thune Shares Public Message To Democrats As Another Shutdown Looms,https://www.youtube.com/watch?v=ZANMWAOYeJM,Forbes Breaking News,https://www.youtube.com/channel/UCg40OxZ1GYh3u3jBntB6DLg,2026-02-10T23:15:21.615Z,526.0,9.401,9.401
Better Call Abbe: The lawyer defending Trump's targets,https://www.youtube.com/watch?v=qKa2BWeiBX0,On with Kara Swisher,https://www.youtube.com/channel/UCMDxbhGcsE7EnknxPEzC_Iw,2026-02-10T20:53:03.748Z,3108.0,8537.867,3108.0
"Is There Still a Free Press in the U.S.? Joy Reid, Jim Acosta and Mehdi Discuss",https://www.youtube.com/watch?v=ZFdKPdsU0Us,Zeteo,https://www.youtube.com/channel/UCVG72F2Q5yCmLQfctNK6M2A,2026-02-10T19:57:07.278Z,3349.0,3356.47,3349.0
Release of 'Epstein Files' sparks MAGA anger and disappointment,https://www.youtube.com/watch?v=-_HVL8WIRcM,MS NOW,https://www.youtube.com/channel/UCaXkIU1QidjPwiAYu6GcHjg,2026-02-10T19:50:07.407Z,413.0,419.871,413.0
🚨 Lutnick CAUGHT Lying about Epstein at SENATE HEARING!!!,https://www.youtube.com/watch?v=pAmNdI5q53A,MeidasTouch,https://www.youtube.com/channel/UC9r9HYFxEQOBXSopFS61ZWg,2026-02-10T19:27:55.225Z,1325.0,1332.182,1325.0
Jeanine Pirro makes DISGUSTING move in court,https://www.youtube.com/watch?v=eoOSZXDoEU8,Brian Tyler Cohen,https://www.youtube.com/channel/UCQANb2YPwAtK-IQJrLaaUFw,2026-02-10T19:24:51.903Z,906.0,183.322,183.322
“Secret police” debate erupts as lawmaker demands ICE agents show badges,https://www.youtube.com/watch?v=aMbkM_eceMQ,KARE 11,https://www.youtube.com/channel/UC1JAwKeDUjN2orv5t7LWODQ,2026-02-10T19:13:32.645Z,673.0,679.258,673.0
"DHS hearing turns tense over citizenship questions, masks, and accountability",https://www.youtube.com/watch?v=RT9wYk-akgA,KARE 11,https://www.youtube.com/channel/UC1JAwKeDUjN2orv5t7LWODQ,2026-02-10T19:02:56.302Z,630.0,636.343,630.0
BREAKING: DHS Hearing Derailed When McIver Asks ICE Head If He Thinks He's Going To Hell,https://www.youtube.com/watch?v=qlC4v0TGbt0,Forbes Breaking News,https://www.youtube.com/channel/UCg40OxZ1GYh3u3jBntB6DLg,2026-02-10T18:57:55.669Z,311.0,300.633,300.633
"'If You Vote For The Rule, You Own These Tariffs': Pete Aguilar Rips GOP For Tariff Measure Vote",https://www.youtube.com/watch?v=zKYdwon8W4g,Forbes Breaking News,https://www.youtube.com/channel/UCg40OxZ1GYh3u3jBntB6DLg,2026-02-10T18:55:44.458Z,123.0,131.211,123.0
Congressman Exposes Epstein Cover-Up Secrets | Rep. Jake Auchincloss,https://www.youtube.com/watch?v=uX1uotE12r0,Democracy Docket,https://www.youtube.com/channel/UCWmMgbc1g6g5O8Tn_-k5qgA,2026-02-10T18:51:47.942Z,2586.0,236.516,236.516
Trump Announces Plot to Cancel the 2026 Elections,https://www.youtube.com/watch?v=DK8A8gTmD1I,Democracy Docket,https://www.youtube.com/channel/UCWmMgbc1g6g5O8Tn_-k5qgA,2026-02-10T18:08:35.726Z,2585.0,2592.216,2585.0
BREAKING: Trump’s Redistricting Plan Just Backfired,https://www.youtube.com/watch?v=DNpQ87xObsU,Democracy Docket,https://www.youtube.com/channel/UCWmMgbc1g6g5O8Tn_-k5qgA,2026-02-10T17:29:39.494Z,2329.0,2336.232,2329.0
"Jennifer Welch, Host of the Podcast “I’ve Had It,” Goes “Dark Woke” | The New Yorker Interview",https://www.youtube.com/watch?v=TGPYXF7y9o0,The New Yorker,https://www.youtube.com/channel/UCsD-Qms-AkXDrsU962OicLw,2026-02-10T16:59:41.453Z,1791.0,1798.041,1791.0
Trump’s Epstein Problem Just Got Worse,https://www.youtube.com/watch?v=zjcOdH-Qx1o,Pod Save America,https://www.youtube.com/channel/UCKRoXz3hHAu2XL_k3Ef4vJQ,2026-02-10T15:49:05.375Z,4228.0,4236.078,4228.0
ICE Protestors Speak Up! & Don Lemon’s Arrest: EXPLAINED! | HIGNFYUS,https://www.youtube.com/watch?v=ucinslJJYig,Have I Got News For You US,https://www.youtube.com/channel/UCqRLVFfAW07FtEhYXycbW4A,2026-02-10T15:30:44.992Z,1094.0,1100.383,1094.0
Insider Reveals Plan to CRUSH The GOP In 2026 | Devan Barber,https://www.youtube.com/watch?v=7c_gCkgGzQY,Democracy Docket,https://www.youtube.com/channel/UCWmMgbc1g6g5O8Tn_-k5qgA,2026-02-10T14:42:42.510Z,2875.0,2882.482,2875.0
MS NOW Highlights - Feb. 8,https://www.youtube.com/watch?v=h6B-p8DRNc8,MS NOW,https://www.youtube.com/channel/UCaXkIU1QidjPwiAYu6GcHjg,2026-02-10T14:13:10.172Z,1766.0,1772.338,1766.0
MS NOW Highlights - Feb. 9,https://www.youtube.com/watch?v=ZYneT2UjSc4,MS NOW,https://www.youtube.com/channel/UCaXkIU1QidjPwiAYu6GcHjg,2026-02-10T13:36:57.761Z,2165.0,2172.411,2165.0
Gov. Andy Beshear - Breaking the Trump Fever in Kentucky | The Daily Show,https://www.youtube.com/watch?v=ttaBXnqmRwg,The Daily Show,https://www.youtube.com/channel/UCwWhs_6x42TyRM4Wstoq8HA,2026-02-10T13:19:33.199Z,1038.0,1044.562,1038.0
BREAKING: Thomas Massie And Ro Khanna Hold A Press Briefing After Viewing Unredacted Epstein Files,https://www.youtube.com/watch?v=Tf6fw66aXM4,Forbes Breaking News,https://www.youtube.com/channel/UCg40OxZ1GYh3u3jBntB6DLg,2026-02-10T13:02:32.275Z,1015.0,1020.924,1015.0
New Numbers Send Trump Into PANIC MODE,https://www.youtube.com/watch?v=Uh1VVeD597c,Really American,https://www.youtube.com/channel/UCpJ7ZS8hK-IOeciv952Xhug,2026-02-10T12:53:44.036Z,522.0,528.239,522.0
If Your Cat Sleeps Like This… It Could Be a Warning (Most Owners Miss This),https://www.youtube.com/watch?v=krJxS7l1qXU,Meowtopia,https://www.youtube.com/channel/UC6raXBeP0c7hSUfDTEQ-xpQ,2026-02-10T12:50:49.193Z,1154.0,174.843,174.843
Do you have rice and eggs at home? Make this simple but incredibly delicious recipe! # 321,https://www.youtube.com/watch?v=Lb_pxq9L-ho,viele Rezepte,https://www.youtube.com/channel/UCc4eXhqonISp20nWYy6ukIA,2026-02-10T12:49:39.048Z,484.0,70.145,70.145
"Do you have tortillas and eggs at home? Tasty and easy, quick to prepare! 3 Top recipes # 300",https://www.youtube.com/watch?v=cYL3ZrSfdEQ,viele Rezepte,https://www.youtube.com/channel/UCc4eXhqonISp20nWYy6ukIA,2026-02-10T12:42:19.739Z,1190.0,439.309,439.309
Thunfisch mit Kartoffeln mischen! Diesen Trick habe ich in einem schicken Restaurant gelernt!,https://www.youtube.com/watch?v=UmaBy5_MkJQ,Essen mit Leidenschaft   ,https://www.youtube.com/channel/UC9JAWBmYZoIpkSrvgCCHTjw,2026-02-10T12:42:06.853Z,951.0,12.886,12.886
MeidasTouch Full Podcast - 2/10/26 [AD-FREE],https://www.youtube.com/watch?v=38QjCYuM_FU,MeidasTouch,https://www.youtube.com/channel/UC9r9HYFxEQOBXSopFS61ZWg,2026-02-10T12:41:22.018Z,4562.0,44.835,44.835
FELON Trump FACES KARMA as Country WANTS HIM OUT!!,https://www.youtube.com/watch?v=Vo0QjCh-brA,MeidasTouch,https://www.youtube.com/channel/UC9r9HYFxEQOBXSopFS61ZWg,2026-02-10T12:21:48.131Z,1201.0,1173.887,1173.887
MS NOW Highlights - Jan. 28,https://www.youtube.com/watch?v=y2daxoeblO8,MS NOW,https://www.youtube.com/channel/UCaXkIU1QidjPwiAYu6GcHjg,2026-02-10T11:44:32.897Z,1999.0,2235.234,1999.0
MS NOW reacts to Jack Smith's historic hearing,https://www.youtube.com/watch?v=li5jHuKpayg,MS NOW,https://www.youtube.com/channel/UCaXkIU1QidjPwiAYu6GcHjg,2026-02-10T11:00:05.447Z,2660.0,2667.45,2660.0
"The Last Word With Lawrence O'Donnell 2/9/26 | 🅼🆂🅽🅱️🅲 Breaking News Today February 9, 2026",https://www.youtube.com/watch?v=_EZSb6uTXzo,ام كريم 31 ,https://www.youtube.com/channel/UCbJA4yPy4z7nCDjf6qIEwvQ,2026-02-10T10:32:06.770Z,,1678.677,1678.677
"Epstein ERUPTS Worldwide| British PM, Royal Family, Clintons, Trump Can't Contain Damage",https://www.youtube.com/watch?v=Ft39MzjPrxg,David Feldman,https://www.youtube.com/channel/UCPx_etxYtUYRyrdOszrDA0g,2026-02-10T10:29:49.392Z,3225.0,137.378,137.378
“Clearly diminishing”: Susan Rice sounds ALARM on Trump insulting U.S. allies,https://www.youtube.com/watch?v=Hdt2J7qLHhU,MS NOW,https://www.youtube.com/channel/UCaXkIU1QidjPwiAYu6GcHjg,2026-02-10T10:10:27.050Z,3208.0,1162.342,1162.342
“Alarming”: Media expert on how right-wing media is “poisoning the public well”,https://www.youtube.com/watch?v=jZDcbRjnSR4,MS NOW,https://www.youtube.com/channel/UCaXkIU1QidjPwiAYu6GcHjg,2026-02-10T09:53:28.935Z,2923.0,1018.115,1018.115
Heather Cox Richardson: Trump is acting like Putin...The feckless MAGA GOP needs to STOP him,https://www.youtube.com/watch?v=GrFF6OMVDEs,MS NOW,https://www.youtube.com/channel/UCaXkIU1QidjPwiAYu6GcHjg,2026-02-10T08:59:01.559Z,3260.0,3267.376,3260.0
"For Trump's opponents, a model for finding their fight to stop him",https://www.youtube.com/watch?v=Ohs1wpmGTOA,MS NOW,https://www.youtube.com/channel/UCaXkIU1QidjPwiAYu6GcHjg,2026-02-10T08:08:22.314Z,3032.0,3039.245,3032.0
"The Rachel Maddow Show 2/9/26 | 🅼🆂🅽🅱️🅲 Breaking News Today February 9, 2026",https://www.youtube.com/watch?v=O-ZWz0XvWho,ام كريم 31 ,https://www.youtube.com/channel/UCbJA4yPy4z7nCDjf6qIEwvQ,2026-02-10T07:40:42.177Z,,1660.137,1660.137
"Do you have pasta, eggs and tuna? This budget recipe is surprisingly delicious!",https://www.youtube.com/watch?v=B89wMkrkMbA,The Food Explorer,https://www.youtube.com/channel/UCJ9sq8G-ZZAbMzZPSGfseSA,2026-02-10T06:45:57.340Z,1003.0,3284.837,1003.0
Meine Familie liebt dieses Rezept! So lecker wie bei Oma!,https://www.youtube.com/watch?v=VgTzpi1wbNQ,Gutes Kochen,https://www.youtube.com/channel/UCPQpicHFGLxZVUxXHEnjQRg,2026-02-10T06:41:56.542Z,1577.0,240.798,240.798
Ham and Pineapple Fried Rice {30-minute Dinner},https://www.youtube.com/watch?v=wWW35073nlg,Kitchen Sanctuary,https://www.youtube.com/channel/UC0alwLbzL_MzSRfV-eQTALw,2026-02-10T06:39:19.003Z,172.0,157.539,157.539
EGG TORTILLA WRAP: the dinner idea ready in 5 minutes! 😋,https://www.youtube.com/watch?v=xR_LccUhvBs,Cookist Wow,https://www.youtube.com/channel/UC16APGRpXNZyHXjfs-hxF3g,2026-02-10T06:36:32.856Z,20.0,166.147,20.0
Crockpot Fried Egg Beef Noodles! 🤤,https://www.youtube.com/watch?v=vaL8_4zILqQ,seanyboycooks,https://www.youtube.com/channel/UCddSWuFs6Jyhlw8aCf6Q99Q,2026-02-10T06:25:56.817Z,169.0,636.039,169.0
"U.S. elections are as ""verifiable and secure as they have ever been,"" Becker says #shorts",https://www.youtube.com/watch?v=mDHKR7hsF8s,Face the Nation,https://www.youtube.com/channel/UC2x_qNZXKDxNP1j4jvHATRQ,2026-02-10T06:25:20.937Z,112.0,35.88,35.88
Fair swing collapses in India,https://www.youtube.com/watch?v=NUrD6-D_wQo,CNN,https://www.youtube.com/channel/UCupvZG-5ko_eiXAupbDfxWw,2026-02-10T05:55:06.969Z,27.0,1813.968,27.0
"When people ask why you vote blue,  show them this.",https://www.youtube.com/watch?v=0SXtm3yLEmg,Steve Hofstetter,https://www.youtube.com/channel/UCHVd0LM1g9S0cttDHkidEHA,2026-02-10T05:51:01.999Z,106.0,244.97,106.0
Enten: Trump support ‘absolutely collapsing’ with key voting group,https://www.youtube.com/watch?v=2i2PeXJnkM8,CNN,https://www.youtube.com/channel/UCupvZG-5ko_eiXAupbDfxWw,2026-02-10T05:47:03.177Z,517.0,238.822,238.822
"Jon on Alex Pretti Shooting & Desi on ""Melania"" Doc and Ilhan Omar Attack | The Daily Show",https://www.youtube.com/watch?v=lzaytWaRxsk,The Daily Show,https://www.youtube.com/channel/UCwWhs_6x42TyRM4Wstoq8HA,2026-02-10T05:29:38.101Z,2663.0,1045.076,1045.076
Jon on Trump Dodging Epstein Fallout & Kosta on MAGA-fied Halftime & D.C. Makeover | The Daily Show,https://www.youtube.com/watch?v=2birvlyTye0,The Daily Show,https://www.youtube.com/channel/UCwWhs_6x42TyRM4Wstoq8HA,2026-02-10T04:45:29.513Z,2642.0,2648.588,2642.0
Trump Defends Racist Obama Meme & MAGA Rages Over Bad Bunny’s Spanish Halftime Show | The Daily Show,https://www.youtube.com/watch?v=vfpQbv7CmeE,The Daily Show,https://www.youtube.com/channel/UCwWhs_6x42TyRM4Wstoq8HA,2026-02-10T04:18:47.821Z,1595.0,1601.692,1595.0
Trump: ICE Killings Create Bad Publicity | America's Secret Weapon | Epstein's Muffin Recipe,https://www.youtube.com/watch?v=fLokxfCko9s,The Late Show with Stephen Colbert,https://www.youtube.com/channel/UCMtFAi84ehTSYSE9XoHefig,2026-02-10T04:06:55.537Z,706.0,712.284,706.0
"The Beat With Ari Melber 2/9/26 | 🅼🆂🅽🅱️🅲 Breaking News Today February 9, 2026",https://www.youtube.com/watch?v=M8dDuSi80as,ام كريم 31 ,https://www.youtube.com/channel/UCbJA4yPy4z7nCDjf6qIEwvQ,2026-02-10T03:38:51.420Z,,1684.117,1684.117
Trump makes SHOCK ADMISSION after NIGHTMARE POLL!!!!,https://www.youtube.com/watch?v=IxmE2lb3MRo,MeidasTouch,https://www.youtube.com/channel/UC9r9HYFxEQOBXSopFS61ZWg,2026-02-10T03:18:14.967Z,1295.0,1236.453,1236.453
Trump Flunky US Attorney Jeanine Pirro Files Motion to UNDO Steve Bannon's Criminal Convictions!,https://www.youtube.com/watch?v=X7r5GJtD0pk,Glenn Kirschner,https://www.youtube.com/channel/UCrWmonkmTk5NbvmVnc7f70w,2026-02-10T03:07:49.032Z,1131.0,625.935,625.935
🚨UNLAWFUL REDACTIONS in Epstein Files REVEALED BY DEMS!!!,https://www.youtube.com/watch?v=BFDwhTvOJ5c,MeidasTouch,https://www.youtube.com/channel/UC9r9HYFxEQOBXSopFS61ZWg,2026-02-10T02:44:58.130Z,1365.0,1370.902,1365.0
The Scene From An Alhambra City Council Meeting,https://www.youtube.com/watch?v=ejcZ6fcPcRg,TYT Investigates,https://www.youtube.com/channel/UCwNJt9PYyN1uyw2XhNIQMMA,2026-02-10T02:31:59.535Z,77.0,778.595,77.0
Katt Williams Destroys Trump's Puerto Rico Gaffe,https://www.youtube.com/watch?v=dusQg3kAPhY,Politicalpyro0 ,https://www.youtube.com/channel/UCg6QbhwgI7fkWm6FTJU94Hg,2026-02-10T02:31:59.352Z,35.0,0.183,0.183
"Gaza Update Feb 2026: Ceasefire Fragile, Civilians Suffer | Israel-Palestine",https://www.youtube.com/watch?v=F5dZDKUqpaA,World Unlock,https://www.youtube.com/channel/UCkEjareciuFC7ehX6wBjXJg,2026-02-10T02:31:27.111Z,52.0,32.241,32.241
I Can't Stop Laughing 😆😁🤣,https://www.youtube.com/watch?v=2IAZmb6Vazs,Crazy Funny,https://www.youtube.com/channel/UCzoAgK9MNbLgcOgjQ8HxaxA,2026-02-10T02:30:25.246Z,,61.865,61.865
🕯️⚖️ Told She’s Dead… Then Her Heart Faces the Feather 😱,https://www.youtube.com/watch?v=BPQz4MULC7w,BleakWire,https://www.youtube.com/channel/UCeO2kidsPJ6uh1EPhVG4OUQ,2026-02-10T02:29:24.288Z,60.0,60.958,60.0
"February 9, 2026",https://www.youtube.com/watch?v=jgn1qg9v1vI,Through His Eyes,https://www.youtube.com/channel/UC33BvXyaSTCgDsxqQVsCzog,2026-02-10T02:29:12.134Z,69.0,12.154,12.154
Know your history,https://www.youtube.com/watch?v=ZfZseKmHNwo,Garys Economics,https://www.youtube.com/channel/UC5Ghe5TBQGYIOANuiNW4hDQ,2026-02-10T02:28:07.173Z,63.0,64.961,63.0
Isn’t he the best? 🥹❤️ #wholesome #animals #shorts,https://www.youtube.com/watch?v=G7zg5D7e8BE,Sunny,https://www.youtube.com/channel/UCbd0EfSsaKuqgPkeKts-9ag,2026-02-10T02:27:11.596Z,55.0,55.577,55.0
DC council Robert White on Brooke Pinto's dishonesty in Campaign for Congress. #DC #ethics #politics,https://www.youtube.com/watch?v=3NM3J_fByrQ,DC Government Crimes ,https://www.youtube.com/channel/UCxg9_zbJhBjpROd5_HeXtbQ,2026-02-10T02:27:00.866Z,130.0,10.73,10.73
Mehdi in 60 Seconds: 'Somali Fraud' VS. ACTUAL Fraud,https://www.youtube.com/watch?v=QuhckU7yi_c,Zeteo,https://www.youtube.com/channel/UCVG72F2Q5yCmLQfctNK6M2A,2026-02-10T02:25:35.773Z,89.0,85.093,85.093
A trick to deal with rude customers. #shorts,https://www.youtube.com/watch?v=RmwIHH4zltQ,USMAN GAMING 47,https://www.youtube.com/channel/UCkbO9mqMKBfRDPkBHTeajvA,2026-02-10T02:24:10.031Z,85.0,85.742,85.0
The epstein files ! #epsteinfiles #horror,https://www.youtube.com/watch?v=CewFWZqECh4,Tape Wasn’t Blank,https://www.youtube.com/channel/UCkBzx3rPS-bxkAUN2DT5lvg,2026-02-10T02:23:59.786Z,66.0,10.245,10.245
Incredible takedown at Republican's town hall meeting,https://www.youtube.com/watch?v=01_uU19ezyk,Fight For Progress,https://www.youtube.com/channel/UCyvJv3JD9xfQCDj47Rd1yfA,2026-02-10T02:22:18.969Z,99.0,100.817,99.0
She Did Their Job For Them When They Neglected To Do It #shorts,https://www.youtube.com/watch?v=-Mt0KkcWVX4,Alter007,https://www.youtube.com/channel/UC2S1I2zERZGFTBCIPdijYwQ,2026-02-10T02:21:10.176Z,66.0,68.793,66.0
Signal Flash - Washington Post CEO Will Lewis Resigns,https://www.youtube.com/watch?v=sS9vSF5JYtw,RenegadeChronicles,https://www.youtube.com/channel/UCbQBVrHOQJApKd2QLm4u9Xg,2026-02-10T02:20:56.529Z,80.0,13.647,13.647
Charlie Sheen tells INSANE story about Trump #election #trump #biden #charliesheen,https://www.youtube.com/watch?v=zFpwgU3YDe8,Celebs AgainstTrump,https://www.youtube.com/channel/UCVhSS17jxUOueWmIUYfQcWg,2026-02-10T02:19:53.151Z,61.0,63.378,61.0
She is absolutely disgusting #duet #emilyaustin #gaza #palestine #israel #genocide #war #warcrimes,https://www.youtube.com/watch?v=CaGmStSvCG0,Hawk's Podcasts / mdg650hawk,https://www.youtube.com/channel/UCCcrmvbQbfwSZaTgBZPrjMQ,2026-02-10T02:19:03.924Z,47.0,49.227,47.0
"February 9, 2026",https://www.youtube.com/watch?v=9yAQr3_VzCo,pot pie and stubby ,https://www.youtube.com/channel/UCPsB2JZGzQjcIBzcMn7Q41w,2026-02-10T02:19:00.048Z,16.0,3.876,3.876
Samuel L Jackson says Trump is full of 💩 #election #politics #trump #samuelljackson #kamalaharris,https://www.youtube.com/watch?v=PigXOvEcc1c,Celebs AgainstTrump,https://www.youtube.com/channel/UCVhSS17jxUOueWmIUYfQcWg,2026-02-10T02:18:24.937Z,61.0,35.111,35.111
Conservatives Cannot Explain This,https://www.youtube.com/watch?v=41AHCBrYuoA,NowThis Impact,https://www.youtube.com/channel/UCn4sPeUomNGIr26bElVdDYg,2026-02-10T02:17:05.339Z,78.0,79.598,78.0
Colbert’s Biblical Roast of Mike Johnson Goes Brutally Viral,https://www.youtube.com/watch?v=UROIBU5WNVg,Daily Talking Show,https://www.youtube.com/channel/UCoPe_CeJW3rD8S241CFipWQ,2026-02-10T02:16:17.857Z,47.0,47.482,47.0
Sunny Hostin Pressed to Pay REPARATIONS for Slave-Owning Ancestors! (Satire),https://www.youtube.com/watch?v=6X4h7lFOnb8,Damon Imani Clips,https://www.youtube.com/channel/UCdUq1SGXWgdbHYVU4VQlHPA,2026-02-10T02:15:19.460Z,52.0,58.397,52.0
Richard Pryor Was a LEGEND #reaction #shorts #funny #comedy #ytshorts #shortsfeed #history,https://www.youtube.com/watch?v=5El29UtyaOI,SosoFat TV,https://www.youtube.com/channel/UCOdKZyumXLzSHHhrangWzbw,2026-02-10T02:14:40.704Z,38.0,38.756,38.0
This Cat Was Dying Than There Is an Angel#catvideos,https://www.youtube.com/watch?v=kIMcn6HBSKs,Cat Sing a Song,https://www.youtube.com/channel/UCWgPPoJiq1R8pBxMVIAwmGg,2026-02-10T02:13:21.155Z,,79.549,79.549
Mr Inbetween (2019) | Ray handles a school bully the only way he knows 😳👊🎒,https://www.youtube.com/watch?v=d8fIqOj4Nc0,Choose78,https://www.youtube.com/channel/UC9xy_DazKRIiNlyDWZyLoDQ,2026-02-10T02:12:21.413Z,58.0,59.742,58.0
🇺🇸 Jimmy Fallon “What’s next?”,https://www.youtube.com/watch?v=S4lwlY8RkwY,"Red,Blue & Bruised ",https://www.youtube.com/channel/UCTt-GMrYUdsgBSQvKh2GM3A,2026-02-10T02:11:21.632Z,58.0,59.781,58.0
The friendship between Michelle and bush #celebrity #funny #michelleobama #comedy #funnyshorts,https://www.youtube.com/watch?v=mjV0pbOLjFE,Celeb funny bits ,https://www.youtube.com/channel/UCqmcN9Lg4zE37nnC9V8rWkA,2026-02-10T02:11:14.109Z,59.0,7.523,7.523
Man go viral for humbling a whole police team #iceagent #ice #policechase #police #america #bts,https://www.youtube.com/watch?v=TPUqVCXoDf0,Rav the Dreamer,https://www.youtube.com/channel/UCi_Nq28Am6wCflNByXpxXWA,2026-02-10T02:09:52.158Z,,81.951,81.951
NFL for the W. #trump #funny #usa #superbowl #greenday,https://www.youtube.com/watch?v=lFn23Bg3Vgs,Trevor's History Reels,https://www.youtube.com/channel/UCTcI-IQvhORR3XIitQcHvqQ,2026-02-10T02:08:26.381Z,102.0,85.777,85.777
Obama Closes Out WTF Podcast,https://www.youtube.com/watch?v=OrPmvEfPqeU,NowThis Impact,https://www.youtube.com/channel/UCn4sPeUomNGIr26bElVdDYg,2026-02-10T02:06:13.073Z,132.0,133.308,132.0
Seth Rogen Tried to Get Trump to Resign #sethrogen #trump #democrats,https://www.youtube.com/watch?v=i048XQbAc_o,Celebs AgainstTrump,https://www.youtube.com/channel/UCVhSS17jxUOueWmIUYfQcWg,2026-02-10T02:05:31.663Z,42.0,41.41,41.41
Donald Trump LIVE | US President Donald Trump Responsend to Obama Ape Video Controversy,https://www.youtube.com/watch?v=3Y0ON9PVmyE,deepdivetv,https://www.youtube.com/channel/UCtH1muLh1SzBgDgN0nlhDMw,2026-02-10T02:05:26.920Z,,4.743,4.743
He Convinced Her To Pay Him Instead #manipulation #psychology #frankabagnale,https://www.youtube.com/watch?v=T-zbzPphcTw,Chad Money,https://www.youtube.com/channel/UCOCvGaK-2yZaK4gy45xmZkg,2026-02-10T02:04:19.628Z,66.0,67.292,66.0
The baby saw himself in the mirror for the first time. 😂😂😂,https://www.youtube.com/watch?v=xA_3GGAkJM0,Perez Brian,https://www.youtube.com/channel/UCAhVbLUEiJeFrrIMC-8MYyQ,2026-02-10T02:03:59.803Z,56.0,19.825,19.825
Immigrants Aren’t Scary… White People Are! | Marcello Hernández,https://www.youtube.com/watch?v=aV4EWIlcRGg,Jey Morales: Unbound,https://www.youtube.com/channel/UCXCITTpxfVpLBARvONv7ecw,2026-02-10T02:03:00.090Z,59.0,59.713,59.0
#funny #funnyanimation #animation #work #worklife #job #office #funnyvideo #memes,https://www.youtube.com/watch?v=KHtgV-pkQgk,Little matchstick man,https://www.youtube.com/channel/UC24CEPzDoPro8_juJ4kScBQ,2026-02-10T02:01:40.373Z,121.0,79.717,79.717
ICE Stopped a School Bus to Detain a Child,https://www.youtube.com/watch?v=5iC_YtOhg0o,JUSTICE & COURT,https://www.youtube.com/channel/UCcOtuFRXUVxSS2KuwmttvhQ,2026-02-10T02:00:27.673Z,72.0,72.7,72.0
Classy and sassy grannys #everyone #funny #lol #comedy #fypシ #granny,https://www.youtube.com/watch?v=mYZM68XIbng,cs35ky88,https://www.youtube.com/channel/UCpyf3edh5aAxXTYU5oZR_Iw,2026-02-10T01:59:51.864Z,,35.809,35.809
I couldn’t believe it when it happened 🥺 RIP #wholesome #wolf #sad #mother #animals #rip #rescue,https://www.youtube.com/watch?v=n7eRzCAV9JI,WilliamTheWolfMan,https://www.youtube.com/channel/UCwEP1sh-9Y6g8hii0rgwZZg,2026-02-10T01:58:34.803Z,78.0,77.061,77.061
#duet #cantstoplaughing #funny,https://www.youtube.com/watch?v=qzJIZXj8-dY,Chittoo Duets,https://www.youtube.com/channel/UC2w9CTlcPkHrQ3SDhFjiHew,2026-02-10T01:57:47.834Z,,46.969,46.969
Scott Jennings Challenges The Guest Directly During The Exchange #cnn,https://www.youtube.com/watch?v=NQzIl9infSc,PoliDuck,https://www.youtube.com/channel/UC2pj8ZPiTHHMGihGjLla5Ow,2026-02-10T01:57:01.249Z,,46.585,46.585
Gaga SLAMS Trump #ladygaga #trump #democrats,https://www.youtube.com/watch?v=2541LgjZdJo,Celebs AgainstTrump,https://www.youtube.com/channel/UCVhSS17jxUOueWmIUYfQcWg,2026-02-10T01:55:27.913Z,71.0,93.336,71.0
"A CBP officer shot Marimar Martinez, a U.S. citizen, 5 times. Then bragged about it in a group chat.",https://www.youtube.com/watch?v=PjbKCzFJpUA,Oversight Committee Democrats ,https://www.youtube.com/channel/UCXSlyao4qkUFiPqghptHtZA,2026-02-10T01:55:20.413Z,85.0,7.5,7.5
"Yesterday, at horn lake",https://www.youtube.com/watch?v=H_ppT9tjNj8,Great Gang,https://www.youtube.com/channel/UCbpfchsCAHwcB1hVWRDbPcg,2026-02-10T01:55:04.719Z,7.0,15.694,7.0
His task has been completed.#shorts,https://www.youtube.com/watch?v=Kesrrbzh-Qg,Frame Margin,https://www.youtube.com/channel/UCb7iBvr2a94Y-dTe6vyHTdw,2026-02-10T01:53:19.149Z,,105.57,105.57
Gun Control Solved in 3 Minutes,https://www.youtube.com/watch?v=XtWRWkiFIoQ,Steve Hofstetter,https://www.youtube.com/channel/UCHVd0LM1g9S0cttDHkidEHA,2026-02-10T01:50:21.973Z,177.0,177.176,177.0
Mr Parrot 🦜 told ALEXA is an AI-Absolute Idiot 🤣🤣 #funny #talkingparot #funnyanimal #parrot #fun,https://www.youtube.com/watch?v=JcMgaFqseS8,SuperProf,https://www.youtube.com/channel/UC-YPZquVg4QiLt-j3-NHgsg,2026-02-10T01:50:09.561Z,16.0,12.412,12.412
They Thought the Cat Was Being Dangerous — Until 2:18 a.m.,https://www.youtube.com/watch?v=67uUqdJp66s,Pawverse Stories,https://www.youtube.com/channel/UCIDoJGK8F6MQZAwTVWIzWjw,2026-02-10T01:48:40.375Z,88.0,89.186,88.0
Best Barack Obama Moments 😭 #celebrity #funny #barackobama #michelle #funnyvideos #laugh,https://www.youtube.com/watch?v=_V768siCLz4,Judico Show,https://www.youtube.com/channel/UC-Galc7vIweMhg4BVIGrtIQ,2026-02-10T01:47:00.097Z,99.0,100.278,99.0
Everyone NEEDS A Kind Word Sometimes! #kindness,https://www.youtube.com/watch?v=K022xWPahw0,Grandpa Chuck,https://www.youtube.com/channel/UCehDHOkCDNjKWoge044Wjig,2026-02-10T01:46:30.715Z,,29.382,29.382
Mehdi Hasan Destroys Mulvaney‼️,https://www.youtube.com/watch?v=W1vRFI259D4,EDUTAINMENT VIBES ,https://www.youtube.com/channel/UCdNOF9vMNdQmkLP_qBDgKQA,2026-02-10T01:45:21.407Z,62.0,69.308,62.0
Classic 1980's ✨ Buddy Hackett Has Johnny Carson Laughing Like Never Before 🤣,https://www.youtube.com/watch?v=rUHztR9I7fQ,History's Odd,https://www.youtube.com/channel/UCyZiYDvKxXBF4eq1ygguL8A,2026-02-10T01:45:12.023Z,,9.384,9.384
Police dragged him to jail- hours their badges were gone #foryou #viral #trend #shorts #youtube,https://www.youtube.com/watch?v=3m80AXNT2HY,Sugardubai ,https://www.youtube.com/channel/UCpp6J5ZjmypMSvfnLSIIX1A,2026-02-10T01:43:12.418Z,118.0,119.605,118.0
Funny Cute Interview Compilations.. Don't laugh Alone. ☺😆😂🥰,https://www.youtube.com/watch?v=nEJxUDknt9I,BABIES FunLife,https://www.youtube.com/channel/UCx2q8796nass45C28xLzeGw,2026-02-10T01:41:32.214Z,,100.204,100.204
What name vibe do you all get from him?,https://www.youtube.com/watch?v=0lnoVaByigk,AskMyCats,https://www.youtube.com/channel/UCgQTkQoPd5BC4CDBSE6i9mw,2026-02-10T01:41:25.972Z,13.0,6.242,6.242
Malcolm Kenyatta UNLEASHES On Pennsylvania Republicans,https://www.youtube.com/watch?v=-jKAFRoUJ2w,TYT Investigates,https://www.youtube.com/channel/UCwNJt9PYyN1uyw2XhNIQMMA,2026-02-10T01:40:39.658Z,45.0,46.314,45.0
Part1.Dad's Hilarious Trash Talk Showdown!,https://www.youtube.com/watch?v=YmnLe4b2oTU,cracklimax,https://www.youtube.com/channel/UCpIvFgrM_ynIG21_GH0AFGw,2026-02-10T01:38:22.156Z,137.0,137.502,137.0
Puras risas con los perritos 😂😂 #perros #gracioso #gatos #pets #funny #family #love #fyp,https://www.youtube.com/watch?v=e1OR7ONIquY,Hechos Impresionantes,https://www.youtube.com/channel/UC6wEYzSccez_ut93JW3RMqA,2026-02-10T01:37:15.598Z,66.0,66.558,66.0
that's so hilarious I can't stop laughing 😀😅😂,https://www.youtube.com/watch?v=zfUk7eT0zSU,Enni duet,https://www.youtube.com/channel/UCXlGQy_2aq_gxYVsDP2Rlgg,2026-02-10T01:35:59.013Z,,76.585,76.585
Ralphie ENDED The Race Debate Funny #shorts #funny,https://www.youtube.com/watch?v=hmK9fr5Jkms,The Research Guy,https://www.youtube.com/channel/UCvhjUKuGv6zMfIyJmj78wag,2026-02-10T01:35:13.728Z,,45.285,45.285
REPARATIONS,https://www.youtube.com/watch?v=P3Liec5Ejek,CULTURE,https://www.youtube.com/channel/UC-o7g6-uNttg0xWQgTxkG6g,2026-02-10T01:35:02.067Z,76.0,11.661,11.661
Your church is more accepting than you are #duet #church #whitenationalist #religion #christianity,https://www.youtube.com/watch?v=jG5QobI5Y-U,Hawk's Podcasts / mdg650hawk,https://www.youtube.com/channel/UCCcrmvbQbfwSZaTgBZPrjMQ,2026-02-10T01:33:08.298Z,113.0,113.769,113.0
Trump took the bait set by Trevor Noah #mzansirealtalk,https://www.youtube.com/watch?v=458TEveURps,Mzansi Real Talk,https://www.youtube.com/channel/UCO9bo2Dkn8f8YGhoDuvXcqQ,2026-02-10T01:32:00.271Z,66.0,68.027,66.0
Heartwarming Soldier Homecoming: Dog Spots Dad Instantly #soldier #doglove #homecoming #shorts,https://www.youtube.com/watch?v=YBCTjajopkg,True Tale,https://www.youtube.com/channel/UCOqMPjvXm77OuFd4EKG_j-w,2026-02-10T01:30:25.071Z,60.0,95.2,60.0
Raising a Gangster Kid 🤣🤣 #standupcomedy #davelandau #fyp,https://www.youtube.com/watch?v=xEEvpTeIbhs,Daily Comedy Cave ,https://www.youtube.com/channel/UCZSaNfQTkpLR1N7zkBq0YpA,2026-02-10T01:27:40.282Z,167.0,164.789,164.789
Desperado - Eagles cover | Northern Starlight,https://www.youtube.com/watch?v=-A_qJSOh6vI,Northern Starlight,https://www.youtube.com/channel/UC9CpaVtu3QcRzq9Sze1vZaw,2026-02-10T01:27:36.710Z,59.0,3.572,3.572
Jim Carrey’s POWERFUL speech against Trump #jimcarrey #trump #democrats,https://www.youtube.com/watch?v=uB34NOfWhsk,Celebs AgainstTrump,https://www.youtube.com/channel/UCVhSS17jxUOueWmIUYfQcWg,2026-02-10T01:26:43.424Z,52.0,53.286,52.0
Toxic managers be like #animation #funny #comedy #work #worklife #job #corporate #joblife #memes,https://www.youtube.com/watch?v=ciiREMhW8UQ,Little matchstick man,https://www.youtube.com/channel/UC24CEPzDoPro8_juJ4kScBQ,2026-02-10T01:25:39.180Z,65.0,64.244,64.244
My Cat Raised This... But It Wasn’t a Cat #wholesome #animals,https://www.youtube.com/watch?v=tLpIN3SNdvY,NobleAnimals,https://www.youtube.com/channel/UCciFTaMNFywKBYk26ixTlXg,2026-02-10T01:24:36.929Z,,62.251,62.251
The Original Peoples of America! We are all one People! #indigenous #nativeamerican #americanindian,https://www.youtube.com/watch?v=4yoULkdJxxc,Indigenous Revolution ,https://www.youtube.com/channel/UCsKiL4DEkK3gExP88MU-jyw,2026-02-10T01:24:35.096Z,122.0,1.833,1.833
"This was Puss in Boots, He was found to have an inoperable liver shunt when he was young.",https://www.youtube.com/watch?v=luCu4x-TBqM,AskMyCats,https://www.youtube.com/channel/UCgQTkQoPd5BC4CDBSE6i9mw,2026-02-10T01:24:22.644Z,13.0,12.452,12.452
Sassy and classic granny's #everyone #funny #lol #comedy #fypシ #granny,https://www.youtube.com/watch?v=iBEqfc3-X2w,cs35ky88,https://www.youtube.com/channel/UCpyf3edh5aAxXTYU5oZR_Iw,2026-02-10T01:23:18.524Z,,64.12,64.12
ICE Broke Down the Door Without a Warrant,https://www.youtube.com/watch?v=uTLR2lQfJCA,JUSTICE & COURT,https://www.youtube.com/channel/UCcOtuFRXUVxSS2KuwmttvhQ,2026-02-10T01:21:56.002Z,80.0,82.522,80.0
Good vs bad person #good #truth #honest #wisdom #funny #bes,https://www.youtube.com/watch?v=QuxgSmYE_n8,Horse ,https://www.youtube.com/channel/UC_x0J_ckNxqwY2p5LIruy5g,2026-02-10T01:20:53.282Z,62.0,62.72,62.0
Wait for the End 😂#waitforend #funnyjokes #tiktokusa #funnyvideos #lol #comedy #viralvideo #fyp,https://www.youtube.com/watch?v=hg97RRCUxkM,Brightue Jokes,https://www.youtube.com/channel/UCPH0Lhec4Gq1o4hcKNojOyg,2026-02-10T01:19:25.776Z,89.0,87.506,87.506
Eminem goes Off on Donald Trump ☠️,https://www.youtube.com/watch?v=Akdtw1PNixU,SlimShots,https://www.youtube.com/channel/UCByeH9bXLQiNzOyyXcWgAzA,2026-02-10T01:18:21.994Z,60.0,63.782,60.0
When a Stranger Interferes: Dale Cooper's Barstool Justice | Twin Peaks: The Return#shorts #movie,https://www.youtube.com/watch?v=j3jQS27nsM8,Faithful Percy,https://www.youtube.com/channel/UC7wE7KL9HxdYHUbUU92JwQw,2026-02-10T01:17:04.712Z,63.0,77.282,63.0
How much longer?,https://www.youtube.com/watch?v=ZWv-WDgr0fQ,Fr David ,https://www.youtube.com/channel/UC6OFo4oUqTH1qLvLSSr_liA,2026-02-10T01:14:58.088Z,126.0,126.624,126.0
https://www.youtube.com/watch?v=kNKKz2rEOM0,https://www.youtube.com/watch?v=kNKKz2rEOM0,,,2026-02-10T01:12:27.064Z,,151.024,151.024
Are you a catholic? 🐈👀 #CatLife #CatLovers #CatsOfInstagram,https://www.youtube.com/watch?v=h7MNoEPX0Gs,AskMyCats,https://www.youtube.com/channel/UCgQTkQoPd5BC4CDBSE6i9mw,2026-02-10T01:10:40.746Z,12.0,106.318,12.0
Whose lyrics sound like they promote good old-fashioned Christian values?,https://www.youtube.com/watch?v=fvCvVSl0IbY,The Bulwark,https://www.youtube.com/channel/UCG4Hp1KbGw4e02N7FpPXDgQ,2026-02-10T01:09:01.949Z,97.0,98.797,97.0
Ooh people are angry at Bad Bunny’s Super Bowl halftime show,https://www.youtube.com/watch?v=UDAOPt9u1xU,Josh Johnson,https://www.youtube.com/channel/UCLuYADJ6hESLHX87JnsGbjA,2026-02-10T01:06:27.468Z,170.0,154.481,154.481
YAAA!!! ❤️,https://www.youtube.com/watch?v=qJ9Zor_ncxo,Tubby Nugget,https://www.youtube.com/channel/UC6Ag1g02ev_3RtDIwLUCZSg,2026-02-10T01:06:13.175Z,12.0,14.293,12.0
"Epstein ERUPTS Worldwide| British PM, Royal Family, Clintons, Trump Can't Contain Damage",https://www.youtube.com/watch?v=Ft39MzjPrxg,David Feldman,https://www.youtube.com/channel/UCPx_etxYtUYRyrdOszrDA0g,2026-02-09T23:22:33.795Z,3225.0,6219.38,3225.0
LIVE: Reps. Khanna and Massie speak after reviewing unredacted Epstein files,https://www.youtube.com/watch?v=Deh5tR1fTk8,MS NOW,https://www.youtube.com/channel/UCaXkIU1QidjPwiAYu6GcHjg,2026-02-09T23:21:26.207Z,1006.0,67.588,67.588
This was the moment Trump camp was ‘exposed’ in its ICE lie | Scott Lucas,https://www.youtube.com/watch?v=BGKn8HF6DAs,The Trump Report,https://www.youtube.com/channel/UCTjDhFuGXlhx9Us0gq0VK2w,2026-02-09T23:21:06.121Z,1384.0,20.086,20.086
WARNING: Trump’s Fascist Takeover Has Accelerated | Ruth Ben-Ghiat,https://www.youtube.com/watch?v=hAAj7kemCuc,Democracy Docket,https://www.youtube.com/channel/UCWmMgbc1g6g5O8Tn_-k5qgA,2026-02-09T22:27:11.824Z,3228.0,3234.297,3228.0
WARNING: The Supreme Court Is Out of Control | Steve Vladeck,https://www.youtube.com/watch?v=0WY7hPTEAUk,Democracy Docket,https://www.youtube.com/channel/UCWmMgbc1g6g5O8Tn_-k5qgA,2026-02-09T21:39:09.223Z,2876.0,2882.601,2876.0
New Epstein Files Expose Trump and Break MAGA | Rick Wilson,https://www.youtube.com/watch?v=PNLIhrjLEpo,Democracy Docket,https://www.youtube.com/channel/UCWmMgbc1g6g5O8Tn_-k5qgA,2026-02-09T20:53:01.457Z,2781.0,2767.766,2767.766
WHOA!! Trump is Finally DITCHED BY MAGA as RED LINE CROSSED!!!,https://www.youtube.com/watch?v=DJH7mnKN2EA,MeidasTouch,https://www.youtube.com/channel/UC9r9HYFxEQOBXSopFS61ZWg,2026-02-09T20:13:34.449Z,999.0,2367.008,999.0
"Trump “picked the wrong judge,” dealt BLOCKBUSTER ruling by FURIOUS judge",https://www.youtube.com/watch?v=lUrkBV3oyLo,Brian Tyler Cohen,https://www.youtube.com/channel/UCQANb2YPwAtK-IQJrLaaUFw,2026-02-09T20:04:35.668Z,734.0,538.781,538.781
CNBC Host TEARS APART Bessent's Inflation Story As Crowd Loses It,https://www.youtube.com/watch?v=3mQRtiajk9o,Rebel HQ,https://www.youtube.com/channel/UCuMo0RRtnNDuMB8DV5stEag,2026-02-09T19:53:45.891Z,643.0,649.777,643.0
'SPELLBINDING!': Chock and Bates turn it up for free dance win | Winter Olympics 2026 | NBC Sports,https://www.youtube.com/watch?v=aT3RKsnLIfE,NBC Sports,https://www.youtube.com/channel/UCqZQlzSHbVJrwrn5XvzrzcA,2026-02-09T19:53:26.633Z,,19.258,19.258
Trump LOSES IT in AM and has GHISLAINE GO SILENT!!!,https://www.youtube.com/watch?v=CEfmHChTsRs,MeidasTouch,https://www.youtube.com/channel/UC9r9HYFxEQOBXSopFS61ZWg,2026-02-09T18:09:06.469Z,1015.0,6260.164,1015.0
Impeaching Trump Revisited: ‘He Has Not Changed’,https://www.youtube.com/watch?v=9FxNBDUGMmE,Sen. Adam Schiff,https://www.youtube.com/channel/UCadiUi-KZoFk1K5ZDsluLcA,2026-02-09T18:01:21.690Z,1153.0,464.779,464.779
Noem Loses If As ICE Protested Out At Super Bowl In Viral Humiliation ,https://www.youtube.com/watch?v=c04Q6cEdAnk,Jack Cocchiarella,https://www.youtube.com/channel/UC7ddSzBrkukSCJzMIXfGEdg,2026-02-09T17:47:55.136Z,800.0,806.554,800.0
Republicans Own What Happens Next (w/ Michael Steele) | The Bulwark Podcast,https://www.youtube.com/watch?v=0SEUMYTdePc,The Bulwark,https://www.youtube.com/channel/UCG4Hp1KbGw4e02N7FpPXDgQ,2026-02-09T17:06:08.248Z,3142.0,2506.888,2506.888
Trump TOP AIDE makes FATAL PREDICTION on MIDTERM WIPEOUT!!,https://www.youtube.com/watch?v=tSGy6wmygcI,MeidasTouch,https://www.youtube.com/channel/UC9r9HYFxEQOBXSopFS61ZWg,2026-02-09T16:40:38.992Z,1562.0,1529.256,1529.256
Steve Schmidt on what options are on the table,https://www.youtube.com/watch?v=fZCLErdZxJo,Jim Acosta,https://www.youtube.com/channel/UC2fxRvKzrxnWKZcqUdmS_Xg,2026-02-09T15:46:38.668Z,3693.0,3240.324,3240.324
"ABC World News Tonight with David Muir Full Broadcast - February 8, 2026",https://www.youtube.com/watch?v=rCkr7ondS18,ABC News,https://www.youtube.com/channel/UCBi2mrWuNuyYy4gbM6fU18Q,2026-02-09T15:45:37.498Z,1220.0,61.17,61.17
The Scheme 36: A MAGA Smear Campaign,https://www.youtube.com/watch?v=daVJzu7iWAM,Senator Sheldon Whitehouse,https://www.youtube.com/channel/UCnG0N70SNBkNqvIMLodPTIA,2026-02-09T15:12:41.262Z,1651.0,1976.236,1651.0
"""What a Strange Thing"": Sen. Whitehouse Demands the Truth on Minnesota, Trump Administration Fraud",https://www.youtube.com/watch?v=RpJ_U8okVUE,Senator Sheldon Whitehouse,https://www.youtube.com/channel/UCnG0N70SNBkNqvIMLodPTIA,2026-02-09T15:03:56.364Z,519.0,524.898,519.0
Rick Wilson on Why Trump's Team Ignored A Spy Leak!?!?,https://www.youtube.com/watch?v=qKwVBBWHaXE,Fast Politics w/ Molly Jong-Fast,https://www.youtube.com/channel/UCZBa6jNegMZjpYOE9z8oz7g,2026-02-09T14:45:03.820Z,1126.0,1132.544,1126.0
FURIOUS Zelenskyy STRIKES BACK at Trump’s SECRET SURRENDER!!,https://www.youtube.com/watch?v=QPq5O44cWE8,MeidasTouch,https://www.youtube.com/channel/UC9r9HYFxEQOBXSopFS61ZWg,2026-02-09T14:32:52.048Z,1201.0,731.772,731.772
Bessent gets CORNERED by SENATE under BRUTAL CROSS-EXAM,https://www.youtube.com/watch?v=OLlsRiCJIYs,MeidasTouch,https://www.youtube.com/channel/UC9r9HYFxEQOBXSopFS61ZWg,2026-02-09T14:25:14.340Z,1492.0,457.708,457.708
Trump LOSES IT as Super Bowl BLOWS UP in HIS FACE,https://www.youtube.com/watch?v=Nd03YBUlq90,MeidasTouch,https://www.youtube.com/channel/UC9r9HYFxEQOBXSopFS61ZWg,2026-02-09T14:08:30.174Z,998.0,1004.166,998.0
Trump Is Kicking Open Doors And Dragging People Out Of Their Cars Without A Warrant,https://www.youtube.com/watch?v=i15nF3PMx18,David Feldman,https://www.youtube.com/channel/UCPx_etxYtUYRyrdOszrDA0g,2026-02-09T13:58:51.560Z,7263.0,578.614,578.614
On being Unapologetically Unaltered ,https://www.youtube.com/watch?v=FYb7_zXuOYU,Robert Arnold ,https://www.youtube.com/channel/UCCXljx9lsaAUJrVzRdoPhXg,2026-02-09T11:37:59.707Z,240.0,8451.853,240.0
Trump Losing Control as Everything Unravels,https://www.youtube.com/watch?v=S9H3fYK7iiI,Mary Trump Media,https://www.youtube.com/channel/UCSzRlpPbZTA6b8weTKnSHlA,2026-02-09T11:34:06.894Z,937.0,232.813,232.813
All HELL BREAKS LOOSE as ICE RAMPS UP for SUPER BOWL!!,https://www.youtube.com/watch?v=AMlBopj7MvU,MeidasTouch,https://www.youtube.com/channel/UC9r9HYFxEQOBXSopFS61ZWg,2026-02-09T11:23:25.107Z,1276.0,641.787,641.787
Stephen Miller: Edgelord in Chief | If You're Listening,https://www.youtube.com/watch?v=60psYSeQoK8,ABC News In-depth,https://www.youtube.com/channel/UCxcrzzhQDj5zKJbXfIscCtg,2026-02-09T11:23:03.313Z,1305.0,21.794,21.794
Trump RAGES After Bill Maher SHREDS His Insane Post,https://www.youtube.com/watch?v=3SXxefpwvR4,Really American,https://www.youtube.com/channel/UCpJ7ZS8hK-IOeciv952Xhug,2026-02-09T11:10:37.823Z,740.0,745.49,740.0
Ice Cube - American Scheme (2025),https://www.youtube.com/watch?v=V20D-UBPc9g,Compton Bred Music,https://www.youtube.com/channel/UCkNHZtjTTIfT6wmZjquHbiQ,2026-02-09T11:10:07.349Z,319.0,30.474,30.474
"Eminem - Free America (Donald Trump Diss) ft. 50 Cent, Snoop Dogg, Lil Wayne, Ice Cube, Lamar, 2Pac",https://www.youtube.com/watch?v=NrV-84fa50E,Hollywood Remix,https://www.youtube.com/channel/UCwH-lORF3rBFef9gk8HGwUg,2026-02-09T11:01:59.979Z,486.0,487.37,486.0
"Eminem - No Kings (Donald Trump Diss) ft. 50 Cent, Snoop Dogg, Lil Wayne, Ice Cube, Dr. Dre, Lamar",https://www.youtube.com/watch?v=Vdjfpi7SsNs,Hollywood Remix,https://www.youtube.com/channel/UCwH-lORF3rBFef9gk8HGwUg,2026-02-09T10:53:53.839Z,486.0,486.14,486.0
Clinical Psychologist John Gartner makes LIVE DIAGNOSIS of Trump Mental Illness - The Weekend Show.,https://www.youtube.com/watch?v=UNoCXAeUmy8,FIVE MINUTE NEWS,https://www.youtube.com/channel/UCkbwLFZhawBqK2b9gW08z3g,2026-02-09T10:51:09.990Z,5088.0,163.849,163.849
"This Week with George Stephanopoulos Full Broadcast - Sunday, February 8, 2026",https://www.youtube.com/watch?v=4BFOAJFMCyg,ABC News,https://www.youtube.com/channel/UCBi2mrWuNuyYy4gbM6fU18Q,2026-02-09T10:04:16.982Z,2786.0,2813.008,2786.0
"Sen. Warnock GRILLS Scott Bessent Over 72,000 Lost Jobs",https://www.youtube.com/watch?v=0_9xH-3sCoM,Daniel Reed,https://www.youtube.com/channel/UCCwQyRHW5mzagIMU6FLTH9A,2026-02-09T09:50:00.068Z,851.0,856.914,851.0
Holder sees MAGA “destruction” ahead,https://www.youtube.com/watch?v=XMu4GAJ1tzw,MS NOW,https://www.youtube.com/channel/UCaXkIU1QidjPwiAYu6GcHjg,2026-02-09T09:49:03.092Z,3277.0,56.976,56.976
"Hayes, Soboroff and Wagner on ‘glimpse of what it’s like to live in a not free society’",https://www.youtube.com/watch?v=N2fCP1J3wao,MS NOW,https://www.youtube.com/channel/UCaXkIU1QidjPwiAYu6GcHjg,2026-02-09T08:46:04.101Z,3575.0,3778.991,3575.0
LIVE: Popok Gives URGENT UPDATE on Breaking Legal news | 2/3/2026,https://www.youtube.com/watch?v=eRanoMteHpg,MeidasTouch,https://www.youtube.com/channel/UC9r9HYFxEQOBXSopFS61ZWg,2026-02-09T07:29:33.109Z,4585.0,4590.992,4585.0
LIVE: Trump Midterm RIGGING THREAT is BLOWN WIDE OPEN | The Weekend Show,https://www.youtube.com/watch?v=u_xJYFmlE6I,MeidasTouch,https://www.youtube.com/channel/UC9r9HYFxEQOBXSopFS61ZWg,2026-02-09T06:48:15.269Z,3693.0,2477.84,2477.84
The false savings and damage done by DOGE,https://www.youtube.com/watch?v=YHTJ4LgVrgw,MS NOW,https://www.youtube.com/channel/UCaXkIU1QidjPwiAYu6GcHjg,2026-02-08T22:03:56.955Z,687.0,31458.314,687.0
Abortion rights activist Julie Burkhart reacts to Wyoming Supreme Court ruling,https://www.youtube.com/watch?v=Gk5eVEmE93k,MS NOW,https://www.youtube.com/channel/UCaXkIU1QidjPwiAYu6GcHjg,2026-02-08T21:55:06.577Z,530.0,530.378,530.0
Here’s what should happen with Trump & the Nobel Prize. It might surprise you.,https://www.youtube.com/watch?v=x-ins3uif74,MS NOW,https://www.youtube.com/channel/UCaXkIU1QidjPwiAYu6GcHjg,2026-02-08T21:50:22.377Z,283.0,284.2,283.0
What it looks like when the federal government occupies an American city,https://www.youtube.com/watch?v=pz1vEgjqE24,MS NOW,https://www.youtube.com/channel/UCaXkIU1QidjPwiAYu6GcHjg,2026-02-08T21:41:16.963Z,545.0,545.414,545.0
Velshi Banned Book Club: ‘Station Eleven’ by Emily St. John Mandel,https://www.youtube.com/watch?v=oNoRaPeodnE,MS NOW,https://www.youtube.com/channel/UCaXkIU1QidjPwiAYu6GcHjg,2026-02-08T21:28:18.485Z,778.0,778.478,778.0
Velshi: We the people set the pace of American democracy,https://www.youtube.com/watch?v=Jd_OC5p-bWM,MS NOW,https://www.youtube.com/channel/UCaXkIU1QidjPwiAYu6GcHjg,2026-02-08T21:22:12.914Z,365.0,365.571,365.0
Trump has gone beyond ‘retribution’,https://www.youtube.com/watch?v=a2THb1qN7nE,MS NOW,https://www.youtube.com/channel/UCaXkIU1QidjPwiAYu6GcHjg,2026-02-08T21:17:34.973Z,277.0,277.941,277.0
"As Trump calls for ‘new leadership,’ Iran suffers from ‘political vacuum’",https://www.youtube.com/watch?v=EPT3M03PJis,MS NOW,https://www.youtube.com/channel/UCaXkIU1QidjPwiAYu6GcHjg,2026-02-08T21:10:09.033Z,445.0,445.94,445.0
Detained for dissent: Judge slams Trump’s campus crackdown as ‘authoritarian’,https://www.youtube.com/watch?v=tbc4sq0InNE,MS NOW,https://www.youtube.com/channel/UCaXkIU1QidjPwiAYu6GcHjg,2026-02-08T20:57:00.372Z,788.0,788.661,788.0
‘You don’t have the privilege to be exhausted’: Jon Meacham reflects on this moment in history,https://www.youtube.com/watch?v=g8JaIm6xK9A,MS NOW,https://www.youtube.com/channel/UCaXkIU1QidjPwiAYu6GcHjg,2026-02-08T20:43:58.669Z,781.0,781.703,781.0
Arndrea Waters King ahead of MLK Day: ‘We really are looking at a battle for the soul of America’,https://www.youtube.com/watch?v=QV-_zZTVsm0,MS NOW,https://www.youtube.com/channel/UCaXkIU1QidjPwiAYu6GcHjg,2026-02-08T20:30:21.604Z,816.0,817.065,816.0
BREAKING: Video of Shooting in Minneapolis by Federal Agent on Camera,https://www.youtube.com/watch?v=xsJhg3q11Qo,MS NOW,https://www.youtube.com/channel/UCaXkIU1QidjPwiAYu6GcHjg,2026-02-08T20:18:05.055Z,736.0,736.549,736.0
A frame-by-frame break down of the fatal shooting of Alex Pretti,https://www.youtube.com/watch?v=Yr8Fknv-u3o,MS NOW,https://www.youtube.com/channel/UCaXkIU1QidjPwiAYu6GcHjg,2026-02-08T20:03:01.774Z,902.0,903.281,902.0
"Velshi: To honor Renee Good and Alex Pretti, keep up the fight for the truth",https://www.youtube.com/watch?v=Ak2upY6B3pk,MS NOW,https://www.youtube.com/channel/UCaXkIU1QidjPwiAYu6GcHjg,2026-02-08T19:59:01.232Z,240.0,240.542,240.0
"Velshi: Music can't save democracy, but it reminds us what fighting back sounds like",https://www.youtube.com/watch?v=eY6f4JZIvbs,MS NOW,https://www.youtube.com/channel/UCaXkIU1QidjPwiAYu6GcHjg,2026-02-08T19:54:35.590Z,265.0,265.642,265.0
Ben & Jerry's co-founder: 'Support your consumers and your consumers will support you',https://www.youtube.com/watch?v=tgoS-oWdSz8,MS NOW,https://www.youtube.com/channel/UCaXkIU1QidjPwiAYu6GcHjg,2026-02-08T19:46:14.214Z,500.0,501.376,500.0
Know your rights: How to safely & legally protest,https://www.youtube.com/watch?v=4NRsaqJpVUw,MS NOW,https://www.youtube.com/channel/UCaXkIU1QidjPwiAYu6GcHjg,2026-02-08T19:36:22.785Z,591.0,591.429,591.0
A look at the corporations enabling ICE operations,https://www.youtube.com/watch?v=PzLDO49-wBk,MS NOW,https://www.youtube.com/channel/UCaXkIU1QidjPwiAYu6GcHjg,2026-02-08T19:26:15.355Z,607.0,607.43,607.0
When a bookshop owner turns anger into resistance,https://www.youtube.com/watch?v=WnvF274Eeho,MS NOW,https://www.youtube.com/channel/UCaXkIU1QidjPwiAYu6GcHjg,2026-02-08T19:13:48.229Z,746.0,747.126,746.0
'A form of nonviolent protest:' St. Paul Council VP on neighborhood rapid response teams,https://www.youtube.com/watch?v=GGAepgi9Xn4,MS NOW,https://www.youtube.com/channel/UCaXkIU1QidjPwiAYu6GcHjg,2026-02-08T19:04:12.613Z,575.0,575.616,575.0
A more perfect union: How labor groups help to shape American society,https://www.youtube.com/watch?v=I8urKkFvdYE,MS NOW,https://www.youtube.com/channel/UCaXkIU1QidjPwiAYu6GcHjg,2026-02-08T18:57:39.671Z,392.0,392.942,392.0
Inside ICE’s Surveillance Tool Kit,https://www.youtube.com/watch?v=a05XZGazgsg,MS NOW,https://www.youtube.com/channel/UCaXkIU1QidjPwiAYu6GcHjg,2026-02-08T18:44:19.701Z,799.0,799.97,799.0
Labor unions ‘challenge the oligarchy:’ Thom Hartmann on how unions ‘stand up for democracy’,https://www.youtube.com/watch?v=7RI6Z8YfPEo,MS NOW,https://www.youtube.com/channel/UCaXkIU1QidjPwiAYu6GcHjg,2026-02-08T18:35:51.390Z,508.0,508.311,508.0
The Washington Post under Jeff Bezos is hit with crushing layoffs,https://www.youtube.com/watch?v=a8GrYwaugu0,MS NOW,https://www.youtube.com/channel/UCaXkIU1QidjPwiAYu6GcHjg,2026-02-08T18:27:32.314Z,498.0,499.076,498.0
Sec. Adrian Fontes: voters are ‘sick and tired’ of Trump’s ‘nonsensical’ 2020 grievances,https://www.youtube.com/watch?v=ziJsz6TN_8o,MS NOW,https://www.youtube.com/channel/UCaXkIU1QidjPwiAYu6GcHjg,2026-02-08T18:20:17.488Z,434.0,434.826,434.0
Velshi Banned Book Club: 'Brave New World' by Aldous Huxley,https://www.youtube.com/watch?v=CzAZermzWos,MS NOW,https://www.youtube.com/channel/UCaXkIU1QidjPwiAYu6GcHjg,2026-02-08T18:07:51.021Z,746.0,746.467,746.0
"🔴SNOWY Bird Feeder 24/7 | ❄️Cardinals, Blue Jays & Squirrels ❄️",https://www.youtube.com/watch?v=x730yZFbRxg,Nashville Bird Cam,https://www.youtube.com/channel/UClOWy1mPxNB1D3cpmmxqGEg,2026-02-08T17:35:42.838Z,5104026.0,1928.183,1928.183
John Fugelsang Leaves Stephanie Ruhle SPEECHLESS with EPIC TRUMP TAKEDOWN,https://www.youtube.com/watch?v=KbCx5_tKOQY,Political Voices Network,https://www.youtube.com/channel/UCAHVeeUYu70LGb0c0Rfb5Ig,2026-02-08T17:34:25.636Z,711.0,77.202,77.202
Trump Takes MAJOR LOSS as SCRIPT Gets FLIPPED on HIM,https://www.youtube.com/watch?v=I-xjYCQxfKM,Legal AF,https://www.youtube.com/channel/UCJgZJZZbnLFPr5GJdCuIwpA,2026-02-08T17:30:39.390Z,1404.0,226.246,226.246
Trump PANICS as SCOTUS SCREWS his MIDTERM SCHEME | Unprecedented,https://www.youtube.com/watch?v=jPDi0EOCWi0,Legal AF,https://www.youtube.com/channel/UCJgZJZZbnLFPr5GJdCuIwpA,2026-02-08T16:57:51.805Z,1961.0,1967.585,1961.0
Trump Admin Gets DESPERATE as Trump Sees WRITING ON THE WALL,https://www.youtube.com/watch?v=ATo1l0PInew,Legal AF,https://www.youtube.com/channel/UCJgZJZZbnLFPr5GJdCuIwpA,2026-02-08T16:39:41.888Z,1083.0,1089.917,1083.0
BREAKING: Republicans EXECUTE election scheme,https://www.youtube.com/watch?v=RwIoy5ZBNAI,Brian Tyler Cohen,https://www.youtube.com/channel/UCQANb2YPwAtK-IQJrLaaUFw,2026-02-08T16:38:52.178Z,807.0,49.71,49.71
Trump Is Lying About ICE Warrants | Here's What's Really Happening,https://www.youtube.com/watch?v=FSOFlYv5ECs,David Feldman,https://www.youtube.com/channel/UCPx_etxYtUYRyrdOszrDA0g,2026-02-08T16:27:24.040Z,681.0,688.138,681.0
"Jon on Alex Pretti's Killing, DHS vs. Video Evidence & MAGA's Gun Rights Surrender | The Daily Show",https://www.youtube.com/watch?v=I-eNduwugmY,The Daily Show,https://www.youtube.com/channel/UCwWhs_6x42TyRM4Wstoq8HA,2026-02-08T16:27:06.186Z,1407.0,17.854,17.854
Trump Floats Canceling Midterms & MAGA Pushes Alt Super Bowl Halftime Show | The Daily Show,https://www.youtube.com/watch?v=WCX2SKsUg0g,The Daily Show,https://www.youtube.com/channel/UCwWhs_6x42TyRM4Wstoq8HA,2026-02-08T16:18:48.145Z,700.0,498.041,498.041
MAGA Star's Halftime Show Gets BRUTAL Reality Check,https://www.youtube.com/watch?v=wge17TB1xWo,Really American,https://www.youtube.com/channel/UCpJ7ZS8hK-IOeciv952Xhug,2026-02-08T15:41:10.381Z,510.0,2257.764,510.0
Trump PANICS as Meidas SAVES Deleted EPSTEIN REPORT!!,https://www.youtube.com/watch?v=1L9b2_5Ee3M,MeidasTouch,https://www.youtube.com/channel/UC9r9HYFxEQOBXSopFS61ZWg,2026-02-08T15:38:24.679Z,1026.0,165.702,165.702
Responding to Speaker Mike Johnson,https://www.youtube.com/watch?v=bM5ueJA3p1w,Dan McClellan,https://www.youtube.com/channel/UCAAJCQ0FCqRmAEv95SyTfNg,2026-02-08T15:23:31.111Z,2097.0,893.568,893.568
"Music Therapy for Cats - Make Your Cat Happy, Relaxation Music & Rain Sounds, Deep Sleep♬",https://www.youtube.com/watch?v=vkw4lqaZSfY,Cats Love Music,https://www.youtube.com/channel/UCkD0c5xbBXlNKQR07NZfb-w,2026-02-08T15:22:52.591Z,19436402.0,38.52,38.52
"Football, Money, Power and Donald Trump",https://www.youtube.com/watch?v=7lU-zmPZL1o,Pod Save America,https://www.youtube.com/channel/UCKRoXz3hHAu2XL_k3Ef4vJQ,2026-02-08T15:22:02.586Z,3664.0,50.005,50.005
"The Weekend 2/8/26 | 🅼🆂🅽🅱️🅲 Breaking News Today February 8, 2026",https://www.youtube.com/watch?v=hdkQEC3y42E,ام كريم 31 ,https://www.youtube.com/channel/UCbJA4yPy4z7nCDjf6qIEwvQ,2026-02-08T15:20:00.328Z,,122.258,122.258
Why EVERY Basil Plant You Buy Dies In 1 Week,https://www.youtube.com/watch?v=nK7uPpYBkpA,Sheffield Made Plants,https://www.youtube.com/channel/UCWqlAk2AsB_g80-_wyRqZpA,2026-02-08T15:18:59.477Z,641.0,60.851,60.851
"Adam Kinzinger: ""They Lie Like It's Breathing.""",https://www.youtube.com/watch?v=GjC6BHDMp0U,Katie Couric,https://www.youtube.com/channel/UCim9TnNKH5yinZm8_L95C-A,2026-02-08T15:11:56.016Z,2353.0,423.461,423.461
"Pete Breaks Down Where We Go From Here, Live with Jen Psaki",https://www.youtube.com/watch?v=np9cKgszXko,Pete Buttigieg,https://www.youtube.com/channel/UCxauM3N4Nb47HG6PuDMh0Ow,2026-02-08T14:57:35.376Z,854.0,860.64,854.0
"Pete Doesn't Hold Back, Blasts Trump & Noem",https://www.youtube.com/watch?v=KfIs_SDGcEM,Pete Buttigieg,https://www.youtube.com/channel/UCxauM3N4Nb47HG6PuDMh0Ow,2026-02-08T14:41:36.239Z,953.0,959.137,953.0
Karoline PANICS as Hillary Drops BOMB on Trump,https://www.youtube.com/watch?v=RQsxQ7IC_pU,Adam Mockler,https://www.youtube.com/channel/UC8DA4o0SyaGfyVaBLbF5EXg,2026-02-08T14:30:37.187Z,679.0,659.052,659.052
SNL Absolutely Destroying Trump and Epstein”,https://www.youtube.com/watch?v=ZciL_d_jA2I,SNL Laugh Lab,https://www.youtube.com/channel/UCi-eYGhNrZC-7giyC0OKCBA,2026-02-08T14:22:54.167Z,,463.02,463.02
How Low Can Donald Trump Go? | A Dubious Peace Prize | Failing The ICE Fitness Test,https://www.youtube.com/watch?v=iZYolssub5Y,The Late Show with Stephen Colbert,https://www.youtube.com/channel/UCMtFAi84ehTSYSE9XoHefig,2026-02-08T14:09:33.327Z,746.0,800.84,746.0
Not Into Bad Bunny? MAGA Halftime Has Kid Rock | Gen Z Olympic Mascots | Help Coldbert Plow Chicago,https://www.youtube.com/watch?v=-nLvQW_otrI,The Late Show with Stephen Colbert,https://www.youtube.com/channel/UCMtFAi84ehTSYSE9XoHefig,2026-02-08T13:58:00.588Z,687.0,692.739,687.0
Trump Appeasement is Getting Worse,https://www.youtube.com/watch?v=64mb2JBNigw,Mary Trump Media,https://www.youtube.com/channel/UCSzRlpPbZTA6b8weTKnSHlA,2026-02-08T13:46:52.132Z,662.0,668.456,662.0
"Blumenkohl, der alle in den Wahnsinn treibt! Dieses Rezept kennen Sie nicht! Meine Enkel lieben das!",https://www.youtube.com/watch?v=ydnkt9IT5xE,Wärme der Hausküche,https://www.youtube.com/channel/UCdInNqaMlwJ1k6cd-hL7Z9w,2026-02-08T13:41:08.868Z,1276.0,343.264,343.264
WHOA! Trump FALLS into PERFECT TRAP to EXPOSE HIS PAST,https://www.youtube.com/watch?v=c2_mVu7dasI,MeidasTouch,https://www.youtube.com/channel/UC9r9HYFxEQOBXSopFS61ZWg,2026-02-08T13:40:14.166Z,959.0,54.702,54.702
I've never tried zucchini like this before! This is a delicious and very simple recipe!,https://www.youtube.com/watch?v=IOPP3UqfTWc,Frische Rezepte,https://www.youtube.com/channel/UCMln36Lf0LS8Q-2B9dRWZFA,2026-02-08T13:28:36.278Z,692.0,697.888,692.0
Trump has 1 AM MELTDOWN as HORRORS UNCOVERED!!!,https://www.youtube.com/watch?v=qv5bfo_m1_Y,MeidasTouch,https://www.youtube.com/channel/UC9r9HYFxEQOBXSopFS61ZWg,2026-02-08T13:15:42.660Z,751.0,773.618,751.0
Trump on Verge of War Over Nobel Peace Prize Snub & He Celebrates His First Year in Office,https://www.youtube.com/watch?v=22TJbqBCQA0,Jimmy Kimmel Live,https://www.youtube.com/channel/UCa6vGFO9ty8v5KZJXQxdhaw,2026-02-08T13:14:57.496Z,848.0,45.164,45.164
"Trump Berates World Leaders, Declares Victory on Greenland & We Receive Another Threat from the FCC!",https://www.youtube.com/watch?v=84aa__f8yF8,Jimmy Kimmel Live,https://www.youtube.com/channel/UCa6vGFO9ty8v5KZJXQxdhaw,2026-02-08T12:59:05.865Z,945.0,951.631,945.0
"Trump Celebrates Melania’s Movie Premiere, Has New BFF Nicki Minaj & Government Shutdown Looms",https://www.youtube.com/watch?v=jWrEsPjZ8LY,Jimmy Kimmel Live,https://www.youtube.com/channel/UCa6vGFO9ty8v5KZJXQxdhaw,2026-02-08T12:43:12.276Z,947.0,953.589,947.0
"Trump's Suing Absolutely Everyone, is Tired of Hearing About Epstein & Millions Protest ICE",https://www.youtube.com/watch?v=VF4vpMQB5ic,Jimmy Kimmel Live,https://www.youtube.com/channel/UCa6vGFO9ty8v5KZJXQxdhaw,2026-02-08T12:27:06.672Z,959.0,965.604,959.0
Trump Hit With NASTY SURPRISE Ahead of Super Bowl LX,https://www.youtube.com/watch?v=Sh-nYw3YIes,Really American,https://www.youtube.com/channel/UCpJ7ZS8hK-IOeciv952Xhug,2026-02-08T12:15:09.631Z,711.0,717.041,711.0
Rep. McGovern CRUSHES Comer's Epstein Double Standard,https://www.youtube.com/watch?v=GfDR3sJLxoM,Daniel Reed,https://www.youtube.com/channel/UCCwQyRHW5mzagIMU6FLTH9A,2026-02-08T12:08:30.840Z,1865.0,398.791,398.791
Comer PANICS As Rep. Garcia Reads The List,https://www.youtube.com/watch?v=Dg8j8hk9JBE,Daniel Reed,https://www.youtube.com/channel/UCCwQyRHW5mzagIMU6FLTH9A,2026-02-08T11:57:12.028Z,672.0,678.812,672.0
Jack Smith SCHOOLS Rep On 30-Year Career,https://www.youtube.com/watch?v=2XgDohnsfvE,Daniel Reed,https://www.youtube.com/channel/UCCwQyRHW5mzagIMU6FLTH9A,2026-02-08T11:42:31.083Z,874.0,880.945,874.0
Rep. Lynch EXPOSES Scott Bessent Over $3.1 Billion in Dropped Cases,https://www.youtube.com/watch?v=EZt9Gg27KSo,Daniel Reed,https://www.youtube.com/channel/UCCwQyRHW5mzagIMU6FLTH9A,2026-02-08T11:25:52.840Z,992.0,998.243,992.0
Waj and Rick Wilson: Trump’s RACISM Backfires as MAGA Starts to Break,https://www.youtube.com/watch?v=bO4-jVp3Yts,Wajahat Ali,https://www.youtube.com/channel/UCGhNS1zYbtFdIajr9WSbs1A,2026-02-08T11:25:08.950Z,3477.0,43.89,43.89
LIVE: Trump in LEGAL HELL as DOJ COVER UP FAILS!!! | Legal AF,https://www.youtube.com/watch?v=VeUwpQTsCzc,MeidasTouch,https://www.youtube.com/channel/UC9r9HYFxEQOBXSopFS61ZWg,2026-02-08T10:22:28.721Z,6281.0,3760.229,3760.229
Minneapolis police chief: “There isn't an insurrection happening here”,https://www.youtube.com/watch?v=sB4I7vNmO9I,Firing Line with Margaret Hoover | PBS,https://www.youtube.com/channel/UC8aPgmbaduIocE9OZM3yQ8Q,2026-02-08T08:53:58.763Z,137.0,5309.958,137.0
"Entitled Mayor's Son Threatens Judge Boyd, Gets Handcuffed INSTANTLY",https://www.youtube.com/watch?v=8ISNVZtN_4A,Justice Ledger 1991,https://www.youtube.com/channel/UCHjplay6ssHRRF3D-MQgQ_A,2026-02-08T08:01:48.503Z,,3130.26,3130.26
'The President Said He'd Bring Down Prices On Day One': Jon Ossoff Laces Into Trump's Tariffs,https://www.youtube.com/watch?v=GhihuJXsqAQ,Forbes Breaking News,https://www.youtube.com/channel/UCg40OxZ1GYh3u3jBntB6DLg,2026-02-08T07:59:57.845Z,99.0,110.658,99.0
LIVE: Trump in LEGAL HELL as DOJ COVER UP FAILS!!! | Legal AF,https://www.youtube.com/watch?v=VeUwpQTsCzc,MeidasTouch,https://www.youtube.com/channel/UC9r9HYFxEQOBXSopFS61ZWg,2026-02-08T07:25:14.846Z,6281.0,2082.999,2082.999
'Buncha Bureaucrats Going To Tell You What You Can Say': Jordan Rips Disinformation Governance Board,https://www.youtube.com/watch?v=fURsx8QNSFc,Forbes Breaking News,https://www.youtube.com/channel/UCg40OxZ1GYh3u3jBntB6DLg,2026-02-08T05:22:45.739Z,67.0,7349.107,67.0
Can New Melania Movie Trailer Save This Giant Turkey? (Parody),https://www.youtube.com/watch?v=v0YsZq0p5vQ,scaredketchup,https://www.youtube.com/channel/UClYZHeHiZHLf6FkS1_DAUbQ,2026-02-08T05:03:42.214Z,96.0,1143.525,96.0
12 Hours Of Calming Music for Cats 😻Winter Evening Stillness for Deep and Secure Rest❄️Cat TV No Ads,https://www.youtube.com/watch?v=pGCXvqwLx5Y,Healing Cat Music,https://www.youtube.com/channel/UCHfkX2WPRE8uxNykIYesoWQ,2026-02-08T04:07:34.527Z,5570770.0,3367.687,3367.687
'Unconstitutional': Jerry Nadler Lays Into Balanced Budget Amendment,https://www.youtube.com/watch?v=JQqOfc_zm6M,Forbes Breaking News,https://www.youtube.com/channel/UCg40OxZ1GYh3u3jBntB6DLg,2026-02-08T00:29:44.371Z,148.0,13070.156,148.0
Trump administration ordered to restore funding for rail tunnel,https://www.youtube.com/watch?v=YwcvSq9F-ok,ABC News,https://www.youtube.com/channel/UCBi2mrWuNuyYy4gbM6fU18Q,2026-02-08T00:10:32.864Z,116.0,1151.507,116.0
Trump Asked Point Blank About IRS Lawsuit: 'Is It Fair To Ask The American People To Pay For That?',https://www.youtube.com/watch?v=vfsJhyvQfe0,Forbes Breaking News,https://www.youtube.com/channel/UCg40OxZ1GYh3u3jBntB6DLg,2026-02-07T23:59:57.974Z,52.0,634.89,52.0
Trump LOSES IT in AM as ADMIN FALLS into PERJURY TRAP!!!,https://www.youtube.com/watch?v=WUWo2cuf7qM,MeidasTouch,https://www.youtube.com/channel/UC9r9HYFxEQOBXSopFS61ZWg,2026-02-07T21:56:02.502Z,944.0,7435.472,944.0
GOP gets Quickly OUTMANEUVERED at MAJOR HEARING,https://www.youtube.com/watch?v=rzbklbUhuJQ,MeidasTouch,https://www.youtube.com/channel/UC9r9HYFxEQOBXSopFS61ZWg,2026-02-07T21:25:23.716Z,1832.0,1838.786,1832.0
PSAKI BOMBS! No One Likes Ted Cruz / Wembanyama Speaks Out / Melania's Flop / Hannity Gets Owned,https://www.youtube.com/watch?v=FdZRcAF4gkc,MS NOW,https://www.youtube.com/channel/UCaXkIU1QidjPwiAYu6GcHjg,2026-02-07T21:09:03.355Z,974.0,980.361,974.0
PSAKI BOMBS! MAGA's Bad Bunny MELTDOWN / Mike Johnson Election Denier / Trump’s Baby Ego,https://www.youtube.com/watch?v=xJiOeEp2U5Q,MS NOW,https://www.youtube.com/channel/UCaXkIU1QidjPwiAYu6GcHjg,2026-02-07T20:43:13.176Z,1544.0,1550.179,1544.0
"Grievance Politics, Fake Outrage, and the New Republican Playbook",https://www.youtube.com/watch?v=vEXXLdxzShg,Mary Trump Media,https://www.youtube.com/channel/UCSzRlpPbZTA6b8weTKnSHlA,2026-02-07T20:27:45.613Z,899.0,927.563,899.0
Our Historically Unpopular President | Trump's Sub Deals | DOGE Done? | Celebrating Pope Francis,https://www.youtube.com/watch?v=sf7mEyepBk4,The Late Show with Stephen Colbert,https://www.youtube.com/channel/UCMtFAi84ehTSYSE9XoHefig,2026-02-07T20:22:17.377Z,778.0,328.236,328.236
"Trump's Tariff Whiplash Psychodrama | DOGE's Lame Apology | Musk Faces GOP's ""Gentle"" Fury",https://www.youtube.com/watch?v=1kKBUyJnpcI,The Late Show with Stephen Colbert,https://www.youtube.com/channel/UCMtFAi84ehTSYSE9XoHefig,2026-02-07T20:08:56.450Z,795.0,800.927,795.0
Will ICE Freeze? | Trump: I'm Helping Europe | Weapons Nobody Knows About | Occupying Canada,https://www.youtube.com/watch?v=_nxGKdQero4,The Late Show with Stephen Colbert,https://www.youtube.com/channel/UCMtFAi84ehTSYSE9XoHefig,2026-02-07T19:56:41.037Z,729.0,735.413,729.0
ICE Outrage Goes Viral | White House Blame Game | Ilhan Omar: Tough Under Pressure | Poo-tomac River,https://www.youtube.com/watch?v=SN3vdDKct9o,The Late Show with Stephen Colbert,https://www.youtube.com/channel/UCMtFAi84ehTSYSE9XoHefig,2026-02-07T19:44:46.549Z,708.0,714.488,708.0
Rubio: U.S. Wants To Buy Greenland | Stealing Venezuela's Oil | Dr. Oz: Booze Brings People Together,https://www.youtube.com/watch?v=VSGNAfPAsGY,The Late Show with Stephen Colbert,https://www.youtube.com/channel/UCMtFAi84ehTSYSE9XoHefig,2026-02-07T19:32:15.641Z,745.0,750.908,745.0
Powell Charges Set Off Alarm Bells | Trump Is Destroying The World | Monkey 'Mergency,https://www.youtube.com/watch?v=ru_zrMewNK4,The Late Show with Stephen Colbert,https://www.youtube.com/channel/UCMtFAi84ehTSYSE9XoHefig,2026-02-07T19:20:03.432Z,726.0,732.209,726.0
Infinitely Greenland | Billion Dollar Peace Board | Chairman For Life | Peace Buddies,https://www.youtube.com/watch?v=eeOOxZsryNk,The Late Show with Stephen Colbert,https://www.youtube.com/channel/UCMtFAi84ehTSYSE9XoHefig,2026-02-07T19:07:28.121Z,749.0,755.311,749.0
"Springsteen's Scathing Protest | Italy: No ICE | Trump Threatens MAGA Donors | Skipping ""Melania""",https://www.youtube.com/watch?v=d88QPtB1nWk,The Late Show with Stephen Colbert,https://www.youtube.com/channel/UCMtFAi84ehTSYSE9XoHefig,2026-02-07T18:54:23.735Z,778.0,784.386,778.0
"Bye Bye, Bovino | Noem Is The Face Of Trump's ICE Mess | Presidential Decay | The ""Melania"" Disaster",https://www.youtube.com/watch?v=FWliY79mnm8,The Late Show with Stephen Colbert,https://www.youtube.com/channel/UCMtFAi84ehTSYSE9XoHefig,2026-02-07T18:41:43.591Z,754.0,760.144,754.0
Trump Is All Over The Epstein Files | DOJ Exposes Epstein Victims | Trump Admin Won't Investigate,https://www.youtube.com/watch?v=F9ZreI7Ny_Y,The Late Show with Stephen Colbert,https://www.youtube.com/channel/UCMtFAi84ehTSYSE9XoHefig,2026-02-07T18:29:53.308Z,704.0,710.283,704.0
Trump gets TRASHED by ENTIRE WORLD on SATURDAY FROM HELL!!,https://www.youtube.com/watch?v=20KOGythcb0,MeidasTouch,https://www.youtube.com/channel/UC9r9HYFxEQOBXSopFS61ZWg,2026-02-07T18:16:41.265Z,786.0,792.043,786.0
AOC Wipes The SMUG Look Off Of RFK Jr.'s Face In LIVE Hearing,https://www.youtube.com/watch?v=CrfquYXnicc,TYT Investigates,https://www.youtube.com/channel/UCwNJt9PYyN1uyw2XhNIQMMA,2026-02-07T17:57:24.558Z,2615.0,1156.707,1156.707
How to Revive Any Dying Plant With This Simple Trick (Works Every Time!)🌳,https://www.youtube.com/watch?v=ctN_xAIsAYM,Wonder Garden,https://www.youtube.com/channel/UCPK9Dek4gM4chHNzh8x2hww,2026-02-07T17:54:34.322Z,1029.0,170.236,170.236
Rachel Maddow. Where Does This All End? Racist Trump Posts New Racist Crap.,https://www.youtube.com/watch?v=fVYkq51chck,Independent Americans,https://www.youtube.com/channel/UCG_D36OeiIq1_IZsv3pGSpw,2026-02-07T17:53:51.736Z,4494.0,42.586,42.586
Trump's MASSIVE MENTAL DECLINE and family history of ALZHEIMER'S| Mary Trump's FIRST-HAND experience,https://www.youtube.com/watch?v=_WnY_KnM0-g,Mary Trump Media,https://www.youtube.com/channel/UCSzRlpPbZTA6b8weTKnSHlA,2026-02-07T17:53:36.337Z,769.0,15.399,15.399
"Stop freezing your herbs! Chef’s secret to fresh green onion, parsley, herbs for months",https://www.youtube.com/watch?v=qDEdMtfSVVA,Clever Tricks,https://www.youtube.com/channel/UCIOaBsG_yAD6j7JzhVJcVvg,2026-02-07T17:52:47.918Z,898.0,48.419,48.419
Top 10 Fruit Trees That Thrive in Pots and Small Spaces,https://www.youtube.com/watch?v=g0Mh8QELSVc,Golden Seniors Living,https://www.youtube.com/channel/UCJarlVFtaxAYWtZneBpmbug,2026-02-07T17:51:43.386Z,1012.0,64.532,64.532
Ted Cruz HIJACKS Merger Hearing With Culture War Rant,https://www.youtube.com/watch?v=m2pMxDsb5Ak,Daniel Reed,https://www.youtube.com/channel/UCCwQyRHW5mzagIMU6FLTH9A,2026-02-07T17:50:26.285Z,1371.0,77.101,77.101
Besser als Medizin! Diese Zwiebelsuppe heilt und wärmt sofort 🔥Omas Rezept,https://www.youtube.com/watch?v=IaURvo7vsnE,Einfach leckere Rezepte,https://www.youtube.com/channel/UCu2V_zp77PWIwQ82iiaSbmg,2026-02-07T17:49:48.932Z,494.0,37.353,37.353
Germany made fun of Melania Trump's movie. It is a very efficient roast.,https://www.youtube.com/watch?v=D45JdyE6wTQ,Raw America,https://www.youtube.com/channel/UCyeAtCy_GiWYkWGWmgoiyiA,2026-02-07T17:49:23.824Z,580.0,25.108,25.108
HOLY SH*T! Trump ADMITS IT about his RACIST video,https://www.youtube.com/watch?v=o9JSMUwcR48,Pondering Politics,https://www.youtube.com/channel/UCbU6Rve0XMNZ2a2yaYgjlTA,2026-02-07T17:48:57.712Z,679.0,26.112,26.112
'ICE Won't Be Able To Enter New York City...': Zohran Mamdani Delivers Shock To Trump | US News,https://www.youtube.com/watch?v=qokjOy6kdbg,Hook Global,https://www.youtube.com/channel/UCyri-PL3l4Dn9IooWXQAqfA,2026-02-07T17:48:31.036Z,788.0,26.676,26.676
QAnon experts drop MAJOR Epstein news,https://www.youtube.com/watch?v=UDes0oyL5cc,Brian Tyler Cohen,https://www.youtube.com/channel/UCQANb2YPwAtK-IQJrLaaUFw,2026-02-07T17:48:09.338Z,2054.0,21.698,21.698
MS NOW Highlights - Feb. 6,https://www.youtube.com/watch?v=CxniTieSQbs,MS NOW,https://www.youtube.com/channel/UCaXkIU1QidjPwiAYu6GcHjg,2026-02-07T17:33:56.953Z,2766.0,852.385,852.385
YIKES! Trump’s HEALTH CRASHES as Doctors CAN’T HIDE IT!!!,https://www.youtube.com/watch?v=VLaqjkF8PPs,MeidasTouch,https://www.youtube.com/channel/UC9r9HYFxEQOBXSopFS61ZWg,2026-02-07T17:03:58.215Z,1792.0,1798.738,1792.0
Why Trump Is WRECKING THE DOLLAR  w/ Justin Wolfers,https://www.youtube.com/watch?v=DZiIZ6Q1_yE,Fast Politics w/ Molly Jong-Fast,https://www.youtube.com/channel/UCZBa6jNegMZjpYOE9z8oz7g,2026-02-07T16:55:06.985Z,1114.0,531.23,531.23
US Senate LIVE | 'Give Me A Break:' Lindsey Graham Erupts At Kristi Noem In Fiery Hearing,https://www.youtube.com/watch?v=g-h5sploOqg,Times Of India,https://www.youtube.com/channel/UCckHqySbfy5FcPP6MD_S-Yg,2026-02-07T15:00:05.876Z,704784.0,6901.109,6901.109
How to Cook Pasta with Lentils: Authentic Italian Lentil Soup (One Pot),https://www.youtube.com/watch?v=9_DqcwS3Cag,Giovanni Siracusa,https://www.youtube.com/channel/UCYB8tKu50cj4wsIQJiRx56g,2026-02-07T14:59:13.846Z,505.0,52.03,52.03
14 Egg Hacks You Need to Know | Allrecipes,https://www.youtube.com/watch?v=OzgcxF8EVUM,Allrecipes,https://www.youtube.com/channel/UC4tAgeVdaNB5vD_mBoxg50w,2026-02-07T14:44:57.488Z,1338.0,856.358,856.358
MAGA Bigot FINDS OUT After Getting THROWN Out Of Bar,https://www.youtube.com/watch?v=zi5LFLvqyZY,Really American,https://www.youtube.com/channel/UCpJ7ZS8hK-IOeciv952Xhug,2026-02-07T14:44:08.692Z,1050.0,48.796,48.796
New Epstein Cell Footage Reveals EVERYTHING,https://www.youtube.com/watch?v=ddrPM5qxUKQ,Harry Sisson,https://www.youtube.com/channel/UCDtTPzMBTHr-NIWqdXwwh2g,2026-02-07T14:19:03.439Z,712.0,1505.253,712.0
Trump PANICS after MASSIVE LOSS...IN TEXAS!!!,https://www.youtube.com/watch?v=HUPYonw0xAE,MeidasTouch,https://www.youtube.com/channel/UC9r9HYFxEQOBXSopFS61ZWg,2026-02-07T14:17:42.348Z,1351.0,81.091,81.091
🚨Trump PANICS Over SHOCK MIDTERM POLL!!,https://www.youtube.com/watch?v=yoDdWDxxTtQ,MeidasTouch,https://www.youtube.com/channel/UC9r9HYFxEQOBXSopFS61ZWg,2026-02-07T13:54:21.942Z,1394.0,1400.406,1394.0
🚨World Leaders give FATAL BLOW to Trump as ALLIANCES END!!,https://www.youtube.com/watch?v=BIaX0ZS38Bw,MeidasTouch,https://www.youtube.com/channel/UC9r9HYFxEQOBXSopFS61ZWg,2026-02-07T13:34:02.483Z,1213.0,1219.459,1213.0
Trump LOSES IT on AIR FORCE ONE as COLLAPSE ACCELERATES!!!,https://www.youtube.com/watch?v=C7x0LRD4Gkw,MeidasTouch,https://www.youtube.com/channel/UC9r9HYFxEQOBXSopFS61ZWg,2026-02-07T13:19:00.050Z,896.0,902.433,896.0
"BREAKING: Greg Bovino Taking Early Retirement, Quitting Government, According to Atlantic",https://www.youtube.com/watch?v=g-61_3JuXX8,David Feldman,https://www.youtube.com/channel/UCPx_etxYtUYRyrdOszrDA0g,2026-02-07T13:17:57.233Z,3580.0,62.817,62.817
BREAKING: Trump Tells WSJ Federal Agents Leaving Minneapolis Soon,https://www.youtube.com/watch?v=Un0qkEdQnEw,David Feldman,https://www.youtube.com/channel/UCPx_etxYtUYRyrdOszrDA0g,2026-02-07T12:04:36.640Z,4370.0,4400.593,4370.0
EASY One-Pot Cabbage Soup That Hits Every Time!,https://www.youtube.com/watch?v=zkWcnEPy9wI,Chef Ange,https://www.youtube.com/channel/UCjZdDB0_a0DiDuaHm09IWpQ,2026-02-07T11:41:26.344Z,1379.0,1390.296,1379.0
🚨Trump’s Health CRASHES as his OWN AIDES are SCARED!!!,https://www.youtube.com/watch?v=5Hm8jTDxd94,MeidasTouch,https://www.youtube.com/channel/UC9r9HYFxEQOBXSopFS61ZWg,2026-02-07T11:14:18.834Z,1624.0,1627.51,1624.0
Crispy Roasted Cabbage Wedges - Quick & Tasty!,https://www.youtube.com/watch?v=aQtjh5CsD40,Chef Ange,https://www.youtube.com/channel/UCjZdDB0_a0DiDuaHm09IWpQ,2026-02-07T10:53:04.362Z,1268.0,1274.472,1268.0
Trump’s Late-Night Post Set Off a Political Firestorm,https://www.youtube.com/watch?v=O-KDWj-23RU,Adam Kinzinger,https://www.youtube.com/channel/UCQR48yfPOO656Y9SxHhZU5Q,2026-02-07T10:52:17.777Z,1846.0,46.585,46.585
10 Things Your CAT LOVES MORE Than Getting PETS! (I Bet You Don’t Know! 🙀),https://www.youtube.com/watch?v=9ZoI3VmrmqM,The Curious Cat,https://www.youtube.com/channel/UCcP3cV95w9VAym7RrYcTtAw,2026-02-07T10:51:55.971Z,1173.0,21.806,21.806
"Overtime with Bill Maher: Chris Christie, Chrystia Freeland (HBO)",https://www.youtube.com/watch?v=3rn57brxT-g,Real Time with Bill Maher,https://www.youtube.com/channel/UCy6kyFxaMqGtpE3pQTflK8A,2026-02-07T10:39:03.466Z,748.0,772.505,748.0
American Conversations: Representative Joe Neguse,https://www.youtube.com/watch?v=F7ELj9jQgqg,Heather Cox Richardson,https://www.youtube.com/channel/UCnbKOlm6H9njgmN-Yil90Rg,2026-02-07T10:31:23.473Z,2247.0,459.993,459.993
Trump SCRAMBLES After His Racist Meme BLOWS UP In His face,https://www.youtube.com/watch?v=PSG0lpqAm8o,Really American,https://www.youtube.com/channel/UCpJ7ZS8hK-IOeciv952Xhug,2026-02-07T09:25:36.349Z,3941.0,3947.124,3941.0
The Latest Batch Of Epstein Files Is INSANE,https://www.youtube.com/watch?v=QoexZ5VftBc,The Lincoln Project,https://www.youtube.com/channel/UCpYCxV51bykhMY-wSUozQRg,2026-02-07T09:25:14.694Z,4248.0,21.655,21.655
"Carole King - So Far Away (BBC In Concert, February 10, 1971)",https://www.youtube.com/watch?v=zBMGovfHccI,CaroleKingVEVO,https://www.youtube.com/channel/UCcNRI6tpeKCd-KrQWgsS1kg,2026-02-07T08:16:45.852Z,314.0,4108.842,314.0
Shy Cleaning Lady Sings PITCH-PERFECT Rolling Stones Cover on BGT!,https://www.youtube.com/watch?v=LEmciBm-_YU,Viral Feed,https://www.youtube.com/channel/UCmSPDMxfLphFJlZirsHbP0A,2026-02-07T08:16:22.149Z,497.0,23.703,23.703
Alex Honnold on Free-Climbing Taipei 101 Skyscraper Live on Netflix & the Last Time He Felt Scared,https://www.youtube.com/watch?v=1vle6fLJ91g,Jimmy Kimmel Live,https://www.youtube.com/channel/UCa6vGFO9ty8v5KZJXQxdhaw,2026-02-07T08:14:13.344Z,550.0,128.805,128.805
Alex Honnold on Free-Climbing Taipei 101 Skyscraper Live on Netflix & the Last Time He Felt Scared,https://www.youtube.com/watch?v=1vle6fLJ91g,Jimmy Kimmel Live,https://www.youtube.com/channel/UCa6vGFO9ty8v5KZJXQxdhaw,2026-02-07T07:58:17.827Z,550.0,955.517,550.0
Trump PANICS After Reporter CONFRONTS Him On Epstein,https://www.youtube.com/watch?v=wloS9BVvyYI,Really American,https://www.youtube.com/channel/UCpJ7ZS8hK-IOeciv952Xhug,2026-02-07T07:49:19.614Z,532.0,538.213,532.0
6 Words That Make Your Cat Know You Love Them (Instantly!),https://www.youtube.com/watch?v=AdkErhPeUFg,Purrfect Facts,https://www.youtube.com/channel/UC10ZrtXRUv9zmgrlzw19Uww,2026-02-07T07:19:33.704Z,,1785.91,1785.91
https://www.youtube.com/watch?v=GQ17dRl8igM,https://www.youtube.com/watch?v=GQ17dRl8igM,,,2026-02-07T07:18:20.780Z,,72.924,72.924
Jon Stewart DESTROYS Stephen Miller... This is BRUTAL!,https://www.youtube.com/watch?v=UQEQ9NKWhwQ,The Damage Report,https://www.youtube.com/channel/UCl9roQQwv4o4OuBj3FhQdDQ,2026-02-07T07:16:54.524Z,761.0,86.256,86.256
MAGA Troll INSTANTLY REGRETS Asking Liberal to FIGHT,https://www.youtube.com/watch?v=j7QKIM_Zi9Y,Adam Mockler,https://www.youtube.com/channel/UC8DA4o0SyaGfyVaBLbF5EXg,2026-02-07T07:16:38.995Z,954.0,15.529,15.529
Melania Movie PULLED From Local Theater After TROLL Amazon,https://www.youtube.com/watch?v=Gt3Q6RfavGM,Really American,https://www.youtube.com/channel/UCpJ7ZS8hK-IOeciv952Xhug,2026-02-07T07:16:03.416Z,825.0,35.579,35.579
ALARM BELLS RING as SHOCK POLL Shows Trump-Era COLLAPSE,https://www.youtube.com/watch?v=PHwjFPDRQjc,MeidasTouch,https://www.youtube.com/channel/UC9r9HYFxEQOBXSopFS61ZWg,2026-02-07T07:15:42.930Z,652.0,20.486,20.486
"Judge LOSES IT, demolishes Trump in court",https://www.youtube.com/watch?v=8HtoHKvq6-Q,Brian Tyler Cohen,https://www.youtube.com/channel/UCQANb2YPwAtK-IQJrLaaUFw,2026-02-07T07:14:52.038Z,872.0,50.892,50.892
Justice Department gets BAD NEWS on Epstein files,https://www.youtube.com/watch?v=o0EDhmyi_Us,Brian Tyler Cohen,https://www.youtube.com/channel/UCQANb2YPwAtK-IQJrLaaUFw,2026-02-07T06:58:04.828Z,1001.0,1007.21,1001.0
OMG: JD Vance issues JAW-DROPPING announcement,https://www.youtube.com/watch?v=4geSOyp8Aug,Brian Tyler Cohen,https://www.youtube.com/channel/UCQANb2YPwAtK-IQJrLaaUFw,2026-02-07T06:41:27.190Z,992.0,997.638,992.0
Trump caught in OFF THE RAILS new scandal | Another Day,https://www.youtube.com/watch?v=05VOvO0KvHM,Brian Tyler Cohen,https://www.youtube.com/channel/UCQANb2YPwAtK-IQJrLaaUFw,2026-02-07T06:29:49.353Z,730.0,697.837,697.837
https://www.youtube.com/watch?v=eSKtUPnHtBc,https://www.youtube.com/watch?v=eSKtUPnHtBc,,,2026-02-07T05:31:07.054Z,,3522.299,3522.299
"Power, Sex, Silence: The Epstein Files They Don't Want You To See",https://www.youtube.com/watch?v=lM7KCzKJwHY,The Lincoln Project,https://www.youtube.com/channel/UCpYCxV51bykhMY-wSUozQRg,2026-02-07T05:04:29.796Z,2216.0,1597.258,1597.258
Democrats SLAM Trump Over Election Takeover Plot,https://www.youtube.com/watch?v=E3eK1QINhZM,Pod Save America,https://www.youtube.com/channel/UCKRoXz3hHAu2XL_k3Ef4vJQ,2026-02-07T05:03:15.654Z,5811.0,74.142,74.142
Federal Judge CORNERS Trump in EXPLOSIVE SHOWDOWN,https://www.youtube.com/watch?v=WkLLyJ99Wxk,MeidasTouch,https://www.youtube.com/channel/UC9r9HYFxEQOBXSopFS61ZWg,2026-02-07T05:01:11.237Z,949.0,124.417,124.417
"Trump's Disgusting NBC Interview, Rambling Prayer Breakfast & Guillermo Visits Super Bowl Players",https://www.youtube.com/watch?v=UvbB9uUuXzI,Jimmy Kimmel Live,https://www.youtube.com/channel/UCa6vGFO9ty8v5KZJXQxdhaw,2026-02-07T04:55:34.139Z,1035.0,337.098,337.098
"Trump’s All Over the Epstein Files, Attacks Jimmy Kimmel After the Grammys & Don Lemon Gets Arrested",https://www.youtube.com/watch?v=oC8qsi9Uu7c,Jimmy Kimmel Live,https://www.youtube.com/channel/UCa6vGFO9ty8v5KZJXQxdhaw,2026-02-07T04:38:11.205Z,1037.0,1042.934,1037.0
Trump's DISASTER Week Roasted In The Best Way!,https://www.youtube.com/watch?v=wGh-M15TRGE,Really American,https://www.youtube.com/channel/UCpJ7ZS8hK-IOeciv952Xhug,2026-02-07T03:55:51.357Z,3915.0,2539.848,2539.848
"New Epstein files rock WH: See damning TIMELINE busting lies, secrets, & DOJ hiding traffickers",https://www.youtube.com/watch?v=HLhIv7eZRJc,MS NOW,https://www.youtube.com/channel/UCaXkIU1QidjPwiAYu6GcHjg,2026-02-07T02:43:25.981Z,1164.0,4345.376,1164.0
MAGA Panics As Jeffrey Epstein's Dark QAnon Ties EXPOSED,https://www.youtube.com/watch?v=dEoKvZbMsb4,Really American,https://www.youtube.com/channel/UCpJ7ZS8hK-IOeciv952Xhug,2026-02-07T02:21:28.094Z,1330.0,1317.887,1317.887
Trump gets NIGHTMARE NEWS with WORST POLL IN HISTORY!!,https://www.youtube.com/watch?v=mS8pKQp7CeE,MeidasTouch,https://www.youtube.com/channel/UC9r9HYFxEQOBXSopFS61ZWg,2026-02-07T02:18:36.684Z,1692.0,171.41,171.41
https://www.youtube.com/watch?v=tIfrYOgWrSw,https://www.youtube.com/watch?v=tIfrYOgWrSw,,,2026-02-07T02:04:45.232Z,,831.452,831.452
MEMBERS ONLY: Ben and Ron Respond to Your Questions - 2/6/26,https://www.youtube.com/watch?v=jAlJ6vUCdz8,MeidasTouch,https://www.youtube.com/channel/UC9r9HYFxEQOBXSopFS61ZWg,2026-02-07T01:28:14.604Z,2085.0,2190.628,2085.0
"DOJ Protects Trump From Epstein Accountability as MAGA Attacks ""Sanctuary Cities"" | The Daily Show",https://www.youtube.com/watch?v=cwXIq81eE24,The Daily Show,https://www.youtube.com/channel/UCwWhs_6x42TyRM4Wstoq8HA,2026-02-07T00:51:58.822Z,1149.0,2175.782,1149.0
JD Vance's Racist Statements Now Causing Trouble for Trump's Justice Department,https://www.youtube.com/watch?v=MjCpGkvW0ow,David Feldman,https://www.youtube.com/channel/UCPx_etxYtUYRyrdOszrDA0g,2026-02-07T00:40:52.999Z,660.0,665.823,660.0
The MAGA Floor Just Gave Way | It's The End!... Of The Week w/ Sam Osterhout & Max Burns,https://www.youtube.com/watch?v=U2HV-P3mRqw,Lincoln Square,https://www.youtube.com/channel/UCkBrtQrHN6Lc3vJUzXT0m6A,2026-02-07T00:38:12.699Z,2249.0,160.3,160.3
For the Southern Men,https://www.youtube.com/watch?v=TNN5gIVS4Co,Robert Arnold ,https://www.youtube.com/channel/UCCXljx9lsaAUJrVzRdoPhXg,2026-02-07T00:37:39.318Z,497.0,33.381,33.381
Women Hate ICE & Trump's Poll Numbers Are Plummeting | Behind the Numbers with Rick & Andrew Wilson,https://www.youtube.com/watch?v=QnT1Ibv8ku0,Lincoln Square,https://www.youtube.com/channel/UCkBrtQrHN6Lc3vJUzXT0m6A,2026-02-07T00:01:30.582Z,2149.0,2168.736,2149.0
This guys knocks it outta the park ,https://www.youtube.com/watch?v=-ZWb1fKdj3g,Tom Powell Jr,https://www.youtube.com/channel/UCRvsrJB_GhMhdLSA4ae5MqQ,2026-02-06T23:57:43.058Z,231.0,227.524,227.524
Sen. Gallego EXPOSES Bessent's Plan To Pay Trump $10B In Taxpayer MONEY,https://www.youtube.com/watch?v=63rpTPLNezY,Daniel Reed,https://www.youtube.com/channel/UCCwQyRHW5mzagIMU6FLTH9A,2026-02-06T23:40:47.513Z,946.0,1015.545,946.0
"Democrats Al Green, Others Demand Kristi Noem Impeachment & Jail Over Fatal ICE Shootings I US News",https://www.youtube.com/watch?v=azWb6YfA4Yk,Hook Global,https://www.youtube.com/channel/UCyri-PL3l4Dn9IooWXQAqfA,2026-02-06T23:39:56.246Z,2198.0,51.267,51.267
Trump LOSES IT as GOP CONDEMNS him PUBLICLY!!,https://www.youtube.com/watch?v=MDelflJ4l1Y,MeidasTouch,https://www.youtube.com/channel/UC9r9HYFxEQOBXSopFS61ZWg,2026-02-06T23:17:57.145Z,1304.0,1319.101,1304.0
Trump PANICS and BLOCKS Clintons FROM PUBLIC TESTIMONY,https://www.youtube.com/watch?v=iyFVGDmhCSw,MeidasTouch,https://www.youtube.com/channel/UC9r9HYFxEQOBXSopFS61ZWg,2026-02-06T17:08:05.584Z,950.0,22191.561,950.0
🚨Survivor REVEALS ALL to MEIDAS on EPSTEIN HORRORS!!!,https://www.youtube.com/watch?v=xSkzN7R5VAM,MeidasTouch,https://www.youtube.com/channel/UC9r9HYFxEQOBXSopFS61ZWg,2026-02-06T16:16:25.959Z,3064.0,3099.625,3064.0
James Comer TARGETS The Clintons with New Contempt Charges,https://www.youtube.com/watch?v=NBioBZSS1dQ,Daniel Reed,https://www.youtube.com/channel/UCCwQyRHW5mzagIMU6FLTH9A,2026-02-06T16:14:51.798Z,1087.0,94.161,94.161
Rep. Maxine Waters EXPOSES Bessent’s Massive Tariff Lie,https://www.youtube.com/watch?v=mwIY344U7YA,Daniel Reed,https://www.youtube.com/channel/UCCwQyRHW5mzagIMU6FLTH9A,2026-02-06T16:01:07.792Z,809.0,824.006,809.0
‘Too many small mistakes’: Former Labour MP reacts to Starmer’s apology,https://www.youtube.com/watch?v=ndNetZSHq64,Sky News Australia,https://www.youtube.com/channel/UCO0akufu9MOzyz3nvGIXAAw,2026-02-06T15:56:40.513Z,179.0,267.279,179.0
Lawrence: Treasury Secy. Bessent is Trump’s most tortured accomplice,https://www.youtube.com/watch?v=-D3YcOIvCM8,MS NOW,https://www.youtube.com/channel/UCaXkIU1QidjPwiAYu6GcHjg,2026-02-06T13:07:19.883Z,705.0,10160.63,705.0
Liberal Like a Badge,https://www.youtube.com/watch?v=xNN4y4aOHZc,Robert Arnold ,https://www.youtube.com/channel/UCCXljx9lsaAUJrVzRdoPhXg,2026-02-06T13:04:05.144Z,191.0,194.739,191.0
Trump: ICE Killings Create Bad Publicity | America's Secret Weapon | Epstein's Muffin Recipe,https://www.youtube.com/watch?v=fLokxfCko9s,The Late Show with Stephen Colbert,https://www.youtube.com/channel/UCMtFAi84ehTSYSE9XoHefig,2026-02-06T12:59:56.739Z,706.0,248.405,248.405
LIVE: Ben Meiselas RESPONDS to BREAKING NEWS!! 2/5/2026,https://www.youtube.com/watch?v=bjOqswBriCM,MeidasTouch,https://www.youtube.com/channel/UC9r9HYFxEQOBXSopFS61ZWg,2026-02-06T12:53:51.833Z,3493.0,364.906,364.906
Trump has MELTDOWN ALL NIGHT over CALLS TO REMOVE HIM!!,https://www.youtube.com/watch?v=AvoQXxLB2Vw,MeidasTouch,https://www.youtube.com/channel/UC9r9HYFxEQOBXSopFS61ZWg,2026-02-06T12:37:52.917Z,953.0,958.916,953.0
'Would The President Bail Him Out?': Leavitt Asked About Mamdani Announcing NYC Budget Deficit,https://www.youtube.com/watch?v=WBY4_gGGeMs,Forbes Breaking News,https://www.youtube.com/channel/UCg40OxZ1GYh3u3jBntB6DLg,2026-02-06T09:27:03.962Z,152.0,11448.955,152.0
https://www.youtube.com/watch?v=2Y3ek-S9Tsw,https://www.youtube.com/watch?v=2Y3ek-S9Tsw,,,2026-02-05T21:39:08.830Z,,42475.132,42475.132
https://www.youtube.com/watch?v=NKK6f6PZlLs,https://www.youtube.com/watch?v=NKK6f6PZlLs,,,2026-02-05T21:04:06.149Z,,2102.681,2102.681
"Trump Gives Rambling, Combative Speech at National Prayer Breakfast",https://www.youtube.com/watch?v=R2H0bqJr7r0,The Bulwark,https://www.youtube.com/channel/UCG4Hp1KbGw4e02N7FpPXDgQ,2026-02-05T20:34:22.717Z,1777.0,1783.432,1777.0
Trump in WORLD OF HELL as ALL PLANS BACKFIRE,https://www.youtube.com/watch?v=dZgoYL40FXo,MeidasTouch,https://www.youtube.com/channel/UC9r9HYFxEQOBXSopFS61ZWg,2026-02-05T20:27:20.250Z,1039.0,422.467,422.467
Bessent gets CORNERED by SENATE under BRUTAL CROSS-EXAM,https://www.youtube.com/watch?v=OLlsRiCJIYs,MeidasTouch,https://www.youtube.com/channel/UC9r9HYFxEQOBXSopFS61ZWg,2026-02-05T20:27:06.800Z,1492.0,13.45,13.45
Watch Trump Get BRUTALLY EXPOSED in front of EVERYONE,https://www.youtube.com/watch?v=JvgQ0Ff16ak,Adam Mockler,https://www.youtube.com/channel/UC8DA4o0SyaGfyVaBLbF5EXg,2026-02-05T20:15:08.885Z,641.0,717.915,641.0
Warren GRILLS Bessent So Hard He Turns Into BLABBERING IDIOT,https://www.youtube.com/watch?v=C8XJ-4lDSPg,Reflect Politics,https://www.youtube.com/channel/UCAL2QP3LRh-IgU_AFBrDF0g,2026-02-05T20:05:17.236Z,604.0,591.649,591.649
"US Congress LIVE: Lawmaker Calls Trump a ‘Fraud,’ Flags Epstein Files Betrayal & $3B Net Worth Surge",https://www.youtube.com/watch?v=BBmGQVWqMfk,Hook Global,https://www.youtube.com/channel/UCyri-PL3l4Dn9IooWXQAqfA,2026-02-05T20:04:10.207Z,225002.0,67.029,67.029
Trump Family Secrets Backfire Into Resistance,https://www.youtube.com/watch?v=HPQAUTkN8PQ,Mary Trump Media,https://www.youtube.com/channel/UCSzRlpPbZTA6b8weTKnSHlA,2026-02-05T20:02:02.970Z,2153.0,127.237,127.237
LIVE: White House briefs after Trump says admin could use ‘softer touch’ on immigration,https://www.youtube.com/watch?v=1YCcgmDV5s0,MS NOW,https://www.youtube.com/channel/UCaXkIU1QidjPwiAYu6GcHjg,2026-02-05T19:56:21.907Z,2307.0,341.063,341.063
12 Hours Of Calming Music for Cats 🐈 Nighttime Sleep Tunes 😻 Cat TV 🐈 Soothing Music for Cats,https://www.youtube.com/watch?v=Ii8bJrMvBo0,Healing Cat Music,https://www.youtube.com/channel/UCHfkX2WPRE8uxNykIYesoWQ,2026-02-05T18:41:28.996Z,42868.0,4492.911,4492.911
"Trump BOMBS ON STAGE, Republicans FINALLY STUNNED",https://www.youtube.com/watch?v=u9YRjSc8-aA,Pondering Politics,https://www.youtube.com/channel/UCbU6Rve0XMNZ2a2yaYgjlTA,2026-02-05T18:33:35.145Z,827.0,473.851,473.851
MAGA Mike RUNS FROM PRESS as Trump DESTROYS GOP,https://www.youtube.com/watch?v=PEOK9WTVVAE,MeidasTouch,https://www.youtube.com/channel/UC9r9HYFxEQOBXSopFS61ZWg,2026-02-05T18:20:25.284Z,845.0,789.861,789.861
Trump says Gabbard attended FBI raid on Georgia election office at AG Bondi's insistence,https://www.youtube.com/watch?v=s6f89SQSuU8,ABC News,https://www.youtube.com/channel/UCBi2mrWuNuyYy4gbM6fU18Q,2026-02-05T18:17:18.988Z,160.0,186.296,160.0
Trump PANICS as Lawsuit DEMANDS his Medical File…in 30 DAYS!!!!,https://www.youtube.com/watch?v=Md-gR3iZgVU,MeidasTouch,https://www.youtube.com/channel/UC9r9HYFxEQOBXSopFS61ZWg,2026-02-05T18:05:23.210Z,896.0,715.778,715.778
World Leaders DIRECTLY CONFRONT Trump and CALL HIS BLUFF,https://www.youtube.com/watch?v=AZMrwCDiwQ8,MeidasTouch,https://www.youtube.com/channel/UC9r9HYFxEQOBXSopFS61ZWg,2026-02-05T17:45:03.881Z,1213.0,1219.329,1213.0
🚨AG Bondi HIDES from Public as Trump TURNS AGAINST HER,https://www.youtube.com/watch?v=KixWp0M0cb4,MeidasTouch,https://www.youtube.com/channel/UC9r9HYFxEQOBXSopFS61ZWg,2026-02-05T17:25:24.410Z,1173.0,1179.471,1173.0
Trump Admin LOSES IT as MOST DOJ LAWYERS QUIT!!,https://www.youtube.com/watch?v=SV8ICj-O6ec,MeidasTouch,https://www.youtube.com/channel/UC9r9HYFxEQOBXSopFS61ZWg,2026-02-05T17:08:12.158Z,1026.0,1032.252,1026.0
🚨SCOTUS Abruptly TURNS ON Trump after ERROR DETECTED,https://www.youtube.com/watch?v=s14ug6wONDA,MeidasTouch,https://www.youtube.com/channel/UC9r9HYFxEQOBXSopFS61ZWg,2026-02-05T16:54:12.550Z,834.0,839.608,834.0
UH OH! Trump PANICS as Health takes TURN FOR WORSE!!,https://www.youtube.com/watch?v=XnJPrtFOfq8,MeidasTouch,https://www.youtube.com/channel/UC9r9HYFxEQOBXSopFS61ZWg,2026-02-05T16:35:59.756Z,1087.0,1092.794,1087.0
Congress STRIKES BACK against Trump amid BALLOT SEIZURE,https://www.youtube.com/watch?v=nTvjuFEDQT8,Brian Tyler Cohen,https://www.youtube.com/channel/UCQANb2YPwAtK-IQJrLaaUFw,2026-02-05T16:35:38.258Z,967.0,21.498,21.498
Prosecutor drops BAD NEWS for Trump’s DOJ after latest Epstein release,https://www.youtube.com/watch?v=EeNyBP9OwO0,Brian Tyler Cohen,https://www.youtube.com/channel/UCQANb2YPwAtK-IQJrLaaUFw,2026-02-05T16:22:00.064Z,812.0,818.194,812.0
Rep. Raskin and Hageman CLASH Over Epstein Files,https://www.youtube.com/watch?v=XDOJh_IrYkc,Daniel Reed,https://www.youtube.com/channel/UCCwQyRHW5mzagIMU6FLTH9A,2026-02-05T15:49:19.262Z,1548.0,1960.802,1548.0
Ohio GOP leader says no to Trump election plan,https://www.youtube.com/watch?v=-ZP0tayF8BA,News 5 Cleveland,https://www.youtube.com/channel/UCAAmkc2sRESFoEtiKRTaTRA,2026-02-05T15:46:04.828Z,188.0,194.434,188.0
"Trump Has a Nasty New Bruise, Launches Board of Peace & Jimmy Kimmel Breaks Down the FCC’s Threats",https://www.youtube.com/watch?v=w5no2b-iHWM,Jimmy Kimmel Live,https://www.youtube.com/channel/UCa6vGFO9ty8v5KZJXQxdhaw,2026-02-05T15:44:31.794Z,1071.0,93.034,93.034
Jimmy Kimmel on the Vile and Heartless Murder of Nurse Alex Pretti by ICE in Minneapolis,https://www.youtube.com/watch?v=P2WsfwD45cc,Jimmy Kimmel Live,https://www.youtube.com/channel/UCa6vGFO9ty8v5KZJXQxdhaw,2026-02-05T11:28:35.232Z,1038.0,15356.562,1038.0
"Trump Wants to Control Voting, ICE Backs Off in Minnesota & Epstein Redactions Protecting Creeps",https://www.youtube.com/watch?v=uXuaI3amBm8,Jimmy Kimmel Live,https://www.youtube.com/channel/UCa6vGFO9ty8v5KZJXQxdhaw,2026-02-05T11:11:21.123Z,1028.0,1034.109,1028.0
Trump Is Kicking Open Doors And Dragging People Out Of Their Cars Without A Warrant,https://www.youtube.com/watch?v=i15nF3PMx18,David Feldman,https://www.youtube.com/channel/UCPx_etxYtUYRyrdOszrDA0g,2026-02-05T09:39:57.340Z,7263.0,5483.783,5483.783
Moskowitz Pulls Out Trump Doll…and Completely WRECKS Trump & Noem,https://www.youtube.com/watch?v=cgMH3GYsY1s,Reflect Politics,https://www.youtube.com/channel/UCAL2QP3LRh-IgU_AFBrDF0g,2026-02-05T08:35:46.962Z,536.0,3850.378,536.0
MS NOW Highlights - Feb. 4,https://www.youtube.com/watch?v=cHiSWst39SQ,MS NOW,https://www.youtube.com/channel/UCaXkIU1QidjPwiAYu6GcHjg,2026-02-05T08:15:46.492Z,2338.0,1200.47,1200.47
Trump’s Immigration Crackdown Backfires Publicly,https://www.youtube.com/watch?v=uWMNW8rADzw,Mary Trump Media,https://www.youtube.com/channel/UCSzRlpPbZTA6b8weTKnSHlA,2026-02-05T07:49:26.286Z,,1580.206,1580.206
LIVE: Supreme Court HANDS Trump DEVASTATING LOSS + EPSTEIN UPDATES | Legal AF,https://www.youtube.com/watch?v=R5Uw_GHO_JA,MeidasTouch,https://www.youtube.com/channel/UC9r9HYFxEQOBXSopFS61ZWg,2026-02-05T07:46:44.432Z,5263.0,161.854,161.854
"It's Not A Sci-Fi Thriller, It's The Future We All Face - Jacob Soboroff On ""Firestorm""",https://www.youtube.com/watch?v=4AqKWCC59B0,The Late Show with Stephen Colbert,https://www.youtube.com/channel/UCMtFAi84ehTSYSE9XoHefig,2026-02-05T07:42:39.045Z,239.0,245.387,239.0
"Donald Trump Is Nothing To Smile About | Mike Johnson vs. Pope Leo XIV | Bezos ""Murders"" Journalism",https://www.youtube.com/watch?v=6Irn2IPmGvk,The Late Show with Stephen Colbert,https://www.youtube.com/channel/UCMtFAi84ehTSYSE9XoHefig,2026-02-05T07:31:01.440Z,692.0,697.605,692.0
https://www.youtube.com/watch?v=nJ4uW-8z4Vs,https://www.youtube.com/watch?v=nJ4uW-8z4Vs,,,2026-02-05T06:50:43.519Z,,2417.921,2417.921
https://www.youtube.com/watch?v=Bu13-puEG3M,https://www.youtube.com/watch?v=Bu13-puEG3M,,,2026-02-05T06:23:17.600Z,,1645.919,1645.919
LIVE: MAGA gets UNCOVERED as Trump ELECTION PLOT SURFACES,https://www.youtube.com/watch?v=IY6MGJyijFU,MeidasTouch,https://www.youtube.com/channel/UC9r9HYFxEQOBXSopFS61ZWg,2026-02-05T04:33:02.837Z,5543.0,6614.763,5543.0
"Reporter describes covering Trump's health: ""A series of plays that were put on just for me""",https://www.youtube.com/watch?v=qB5NRfJ2nvE,CBS News,https://www.youtube.com/channel/UC8p1vwvWtl6T73JiExfWs1g,2026-02-05T01:58:01.130Z,388.0,9301.707,388.0
LIVE: Meiselas AND DEM AGs on MAJOR BREAKING NEWS!!,https://www.youtube.com/watch?v=r9epkV-1K34,MeidasTouch,https://www.youtube.com/channel/UC9r9HYFxEQOBXSopFS61ZWg,2026-02-04T22:23:16.310Z,4840.0,12884.82,4840.0
🚨Trump’s TOP Lawyer FINALLY SURRENDERS in OPEN COURT!!,https://www.youtube.com/watch?v=Vf3R_URqHEE,MeidasTouch,https://www.youtube.com/channel/UC9r9HYFxEQOBXSopFS61ZWg,2026-02-04T22:05:44.998Z,1045.0,1051.312,1045.0
🚨Trump is BLINDSIDED as Judge Finally Makes EPSTEIN RULING!!,https://www.youtube.com/watch?v=yVQ1WbvzsKg,MeidasTouch,https://www.youtube.com/channel/UC9r9HYFxEQOBXSopFS61ZWg,2026-02-04T21:50:35.383Z,903.0,909.615,903.0
Trump ADMITS IN OPEN COURT that ALL HIS Lawyers QUIT,https://www.youtube.com/watch?v=2aTK6PC6PHE,MeidasTouch,https://www.youtube.com/channel/UC9r9HYFxEQOBXSopFS61ZWg,2026-02-04T21:33:28.615Z,1021.0,1026.768,1021.0
Trump STUNNED as Judge GOES FOR CONTEMPT…FINALLY!!!,https://www.youtube.com/watch?v=vqd2ADO7nhc,MeidasTouch,https://www.youtube.com/channel/UC9r9HYFxEQOBXSopFS61ZWg,2026-02-04T21:17:57.479Z,925.0,931.136,925.0
Trump LOSES IT as MORE TOP ATTORNEYS QUIT,https://www.youtube.com/watch?v=-3FG88-DoBo,MeidasTouch,https://www.youtube.com/channel/UC9r9HYFxEQOBXSopFS61ZWg,2026-02-04T20:59:42.884Z,1089.0,1094.595,1089.0
🚨Trump gets HUMILIATED in Court over Minnesota CHURCH ARRESTS,https://www.youtube.com/watch?v=FSC5DuF3UI4,MeidasTouch,https://www.youtube.com/channel/UC9r9HYFxEQOBXSopFS61ZWg,2026-02-04T20:40:32.730Z,1144.0,1150.154,1144.0
Judge Cannon SCREWS UP Plan for Trump…Possible APPEAL?!,https://www.youtube.com/watch?v=Lmt9gbJZUSA,MeidasTouch,https://www.youtube.com/channel/UC9r9HYFxEQOBXSopFS61ZWg,2026-02-04T20:24:14.800Z,972.0,977.93,972.0
GOP gets INSTANTLY BOOED at Town Hall as WORST FEARS ARRIVE!!,https://www.youtube.com/watch?v=Om1MfGfiaZ4,MeidasTouch,https://www.youtube.com/channel/UC9r9HYFxEQOBXSopFS61ZWg,2026-02-04T20:04:16.862Z,1192.0,1197.938,1192.0
Minnesota Senator Gives Trump and ICE BAD NEWS In New Interview,https://www.youtube.com/watch?v=LFRNmkCceFo,Pod Save America,https://www.youtube.com/channel/UCKRoXz3hHAu2XL_k3Ef4vJQ,2026-02-04T19:48:39.802Z,931.0,937.06,931.0
Trump and MAGA FALL APART Over Devastating New Ad,https://www.youtube.com/watch?v=mscsRNm4KF4,Pod Save America,https://www.youtube.com/channel/UCKRoXz3hHAu2XL_k3Ef4vJQ,2026-02-04T19:27:30.625Z,1276.0,1269.177,1269.177
"Trump’s “Smile, Woman” Meltdown in the Oval Office",https://www.youtube.com/watch?v=EiaZjv7SLnk,The Bulwark,https://www.youtube.com/channel/UCG4Hp1KbGw4e02N7FpPXDgQ,2026-02-04T19:26:47.391Z,1210.0,43.234,43.234
BREAKING: Judge hits ICE agents with BRUTAL NEWS,https://www.youtube.com/watch?v=gvL9ckyrDTM,Brian Tyler Cohen,https://www.youtube.com/channel/UCQANb2YPwAtK-IQJrLaaUFw,2026-02-04T19:15:52.112Z,763.0,655.279,655.279
Lawmaker Shows ‘DEATH CARD’ Allegedly Left By ICE Agents After Detaining People | US Senate | Trump,https://www.youtube.com/watch?v=oiWMebrTUYQ,Hook Global,https://www.youtube.com/channel/UCyri-PL3l4Dn9IooWXQAqfA,2026-02-04T19:03:32.983Z,2973.0,739.129,739.129
Trump LOSES IT in AM as ADMIN FALLS into PERJURY TRAP!!!,https://www.youtube.com/watch?v=WUWo2cuf7qM,MeidasTouch,https://www.youtube.com/channel/UC9r9HYFxEQOBXSopFS61ZWg,2026-02-04T18:28:44.648Z,944.0,2088.335,944.0
🚨 BREAKING: Trump FORCED TO TESTIFY about Epstein,https://www.youtube.com/watch?v=rXomseiJ2dk,Pondering Politics,https://www.youtube.com/channel/UCbU6Rve0XMNZ2a2yaYgjlTA,2026-02-04T18:14:55.907Z,847.0,828.741,828.741
Omg Trump Abruptly Cancels As Boos Make Him Lose It,https://www.youtube.com/watch?v=muWUOYpYV7M,Jack Cocchiarella,https://www.youtube.com/channel/UC7ddSzBrkukSCJzMIXfGEdg,2026-02-04T18:07:01.447Z,785.0,474.46,474.46
Kristi Noem Impeachment LIVE: US Congress Decides Fate of DHS Secretary Amid ICE Crisis,https://www.youtube.com/watch?v=wyKdzvKoKqE,ET Now World,https://www.youtube.com/channel/UCJ04m06GHw3DUDQG6chCAUA,2026-02-04T16:36:51.843Z,1527888.0,5409.604,5409.604
GOP gets Quickly OUTMANEUVERED at MAJOR HEARING,https://www.youtube.com/watch?v=rzbklbUhuJQ,MeidasTouch,https://www.youtube.com/channel/UC9r9HYFxEQOBXSopFS61ZWg,2026-02-04T16:35:47.863Z,1832.0,63.98,63.98
🚨GOP Hearing BLOWS UP in THEIR FACES as DEMS go ON OFFENSE,https://www.youtube.com/watch?v=H4HHmgriCFM,MeidasTouch,https://www.youtube.com/channel/UC9r9HYFxEQOBXSopFS61ZWg,2026-02-04T16:31:24.203Z,1687.0,263.66,263.66
https://www.youtube.com/watch?v=JzAlqBrcJxc,https://www.youtube.com/watch?v=JzAlqBrcJxc,,,2026-02-04T16:10:51.465Z,1227.0,1232.738,1227.0
https://www.youtube.com/watch?v=iEMH0bQ08C8,https://www.youtube.com/watch?v=iEMH0bQ08C8,,,2026-02-04T15:46:52.641Z,,1438.824,1438.824
MS NOW Highlights - Feb. 3,https://www.youtube.com/watch?v=60Osmi_QGEo,MS NOW,https://www.youtube.com/channel/UCaXkIU1QidjPwiAYu6GcHjg,2026-02-04T15:03:52.706Z,2574.0,2579.935,2574.0
'Are you proud of this Republicans?' Joe outraged after witness describes violent ICE encounter,https://www.youtube.com/watch?v=aSzRZQdx4is,MS NOW,https://www.youtube.com/channel/UCaXkIU1QidjPwiAYu6GcHjg,2026-02-04T14:45:18.527Z,1108.0,1114.179,1108.0
Trump Puts Up ICE Ads And INSTANTLY Regrets It,https://www.youtube.com/watch?v=e1sd_ho-ASU,Really American,https://www.youtube.com/channel/UCpJ7ZS8hK-IOeciv952Xhug,2026-02-04T14:32:19.006Z,758.0,779.521,758.0
Trump Reveals His Deepest Fears,https://www.youtube.com/watch?v=3e0Pd1mEW1I,Mary Trump Media,https://www.youtube.com/channel/UCSzRlpPbZTA6b8weTKnSHlA,2026-02-04T14:30:49.744Z,541.0,89.262,89.262
https://www.youtube.com/watch?v=-1I1gbpwr7o,https://www.youtube.com/watch?v=-1I1gbpwr7o,,,2026-02-04T14:26:19.050Z,,270.694,270.694
Epstein Files Expose Network of Corrupt Global Elites,https://www.youtube.com/watch?v=PbEUUp90PXc,Pod Save the World,https://www.youtube.com/channel/UCWeKyWiFeb4YV8e3EibEqQw,2026-02-04T14:20:19.588Z,5856.0,359.462,359.462
Adam Kinzinger UNLOADS on Donald Trump — “I’m NOT Intimidated by You”,https://www.youtube.com/watch?v=8tQcHo4Chb0,Adam Kinzinger,https://www.youtube.com/channel/UCQR48yfPOO656Y9SxHhZU5Q,2026-02-04T13:15:09.737Z,496.0,3909.851,496.0
IT JUST GOT EVEN WORSE...,https://www.youtube.com/watch?v=9KcAMQME6DQ,Harry Sisson,https://www.youtube.com/channel/UCDtTPzMBTHr-NIWqdXwwh2g,2026-02-04T13:14:45.561Z,570.0,24.176,24.176
Our Collective National Trauma,https://www.youtube.com/watch?v=cxymS1cHkI4,TheThinkingAtheist,https://www.youtube.com/channel/UCeYP27qLtfUMY1b1Cyy3WdQ,2026-02-04T13:14:22.802Z,4376.0,22.759,22.759
All HELL BREAKS LOOSE as ICE gets HOMICIDE FINDING!!!,https://www.youtube.com/watch?v=yHgnwqPlj4c,MeidasTouch,https://www.youtube.com/channel/UC9r9HYFxEQOBXSopFS61ZWg,2026-02-04T13:14:09.359Z,1032.0,13.443,13.443
"IHIP News: Ted Cruz CAUGHT on HOT Mic TRASHING Trump as He Responds ""F**CK YOU, TED!""",https://www.youtube.com/watch?v=yj5Gl0ILkbw,I've Had It,https://www.youtube.com/channel/UCZ5cvDR2HhVUcdVoTvvQKLw,2026-02-04T13:13:50.069Z,1376.0,19.29,19.29
IHIP News: 🚨 Trump Wants Stephen Miller GONE as Republicans Call For HIS REMOVAL in Public ATTACKS!,https://www.youtube.com/watch?v=SZ6pP3lDFac,I've Had It,https://www.youtube.com/channel/UCZ5cvDR2HhVUcdVoTvvQKLw,2026-02-04T12:32:02.857Z,1369.0,2507.212,1369.0
Am I Guilty of Hate Speech?   Call-In Line: 918-528-7244,https://www.youtube.com/watch?v=zsRMZ1sJ5nM,TheThinkingAtheist,https://www.youtube.com/channel/UCeYP27qLtfUMY1b1Cyy3WdQ,2026-02-04T11:11:09.015Z,4837.0,4853.842,4837.0
Trump SHOCKS with BOMBSHELL CONFESSION | Another Day,https://www.youtube.com/watch?v=K2mA03ZQ02Y,Brian Tyler Cohen,https://www.youtube.com/channel/UCQANb2YPwAtK-IQJrLaaUFw,2026-02-04T11:10:06.633Z,687.0,62.382,62.382
Officer Walks Around with His Package Out and Gets Arrested,https://www.youtube.com/watch?v=mEM0CPeRvbk,penguinz0,https://www.youtube.com/channel/UCq6VFHwMzcMXbuKyG7SQYIg,2026-02-04T10:55:59.671Z,851.0,846.962,846.962
"Jon on Alex Pretti's Killing, DHS vs. Video Evidence & MAGA's Gun Rights Surrender | The Daily Show",https://www.youtube.com/watch?v=I-eNduwugmY,The Daily Show,https://www.youtube.com/channel/UCwWhs_6x42TyRM4Wstoq8HA,2026-02-04T10:55:13.017Z,1407.0,46.654,46.654
Trump PANICS After Getting CAUGHT Rigging Election,https://www.youtube.com/watch?v=6UqKBp4gTa4,Really American,https://www.youtube.com/channel/UCpJ7ZS8hK-IOeciv952Xhug,2026-02-04T09:50:42.247Z,3864.0,3870.77,3864.0
The Epstein Files Just Changed The World Forever | The Kyle Kulinski Show,https://www.youtube.com/watch?v=GZa938jzqc4,Secular Talk,https://www.youtube.com/channel/UCldfgbzNILYZA4dmDt4Cd6A,2026-02-04T09:50:10.637Z,4027.0,31.61,31.61
Nebraska MAGA’s Uproar: Trump’s Tariffs Bankrupt Farms & Factories Collapse,https://www.youtube.com/watch?v=f0eDIWbm3Fs,Mind Mirror,https://www.youtube.com/channel/UCpKD5qi8pBbTGzjwkocTrRA,2026-02-04T09:49:30.249Z,2371.0,40.388,40.388
https://www.youtube.com/watch?v=GnwygA6g83k,https://www.youtube.com/watch?v=GnwygA6g83k,,,2026-02-04T09:48:55.127Z,,35.122,35.122
https://www.youtube.com/watch?v=cDQhvDI8rgM,https://www.youtube.com/watch?v=cDQhvDI8rgM,,,2026-02-04T09:22:37.374Z,,1577.753,1577.753
MS NOW Highlights - Feb. 2,https://www.youtube.com/watch?v=WYt5mrJYzGg,MS NOW,https://www.youtube.com/channel/UCaXkIU1QidjPwiAYu6GcHjg,2026-02-04T09:21:07.488Z,2383.0,89.886,89.886
Head of MN teachers union claims elected officials are in anti-ICE signal chats,https://www.youtube.com/watch?v=skYxJZCuNdM,Fox News Clips,https://www.youtube.com/channel/UCqlYzSgsh5jdtWYfVIBoTDw,2026-02-04T09:15:55.293Z,150.0,312.195,150.0
https://www.youtube.com/watch?v=cZI6CjNsxpI,https://www.youtube.com/watch?v=cZI6CjNsxpI,,,2026-02-04T08:44:33.045Z,,1882.248,1882.248
New Epstein Files Reveal Pathetic Depths of America’s Elites | The Next Level,https://www.youtube.com/watch?v=SYYht2e0bP4,The Bulwark,https://www.youtube.com/channel/UCG4Hp1KbGw4e02N7FpPXDgQ,2026-02-04T07:33:24.989Z,4262.0,4268.056,4262.0
"BOMBSHELL Florida Prosecutor: DOJ Ignoring 38,000 Trump References in Epstein Files",https://www.youtube.com/watch?v=edh_Kovx2xY,Jim Acosta,https://www.youtube.com/channel/UC2fxRvKzrxnWKZcqUdmS_Xg,2026-02-04T07:32:39.438Z,1243.0,45.551,45.551
LIVE: Popok Gives URGENT UPDATE on Breaking Legal news | 2/3/2026,https://www.youtube.com/watch?v=eRanoMteHpg,MeidasTouch,https://www.youtube.com/channel/UC9r9HYFxEQOBXSopFS61ZWg,2026-02-04T07:32:04.967Z,4585.0,34.471,34.471
Mehdi Hasan on Trump's Latest ELECTION RIGGING Schemes,https://www.youtube.com/watch?v=-1ydBK3NEDY,Fast Politics w/ Molly Jong-Fast,https://www.youtube.com/channel/UCZBa6jNegMZjpYOE9z8oz7g,2026-02-04T07:08:58.124Z,1234.0,1386.843,1234.0
Will the Files FINALLY End Trump? | PoliticsGirl,https://www.youtube.com/watch?v=k0FkJdd_I2k,MeidasTouch,https://www.youtube.com/channel/UC9r9HYFxEQOBXSopFS61ZWg,2026-02-04T06:20:34.848Z,3411.0,2903.276,2903.276
Elon Musk Finds Out as Trump Leaked His Epstein Emails,https://www.youtube.com/watch?v=ydA5UK6EuwE,Reese Waters,https://www.youtube.com/channel/UCCcr-MvAMettt8yktc9t4ag,2026-02-04T06:19:12.148Z,2346.0,82.7,82.7
Jack Smith SCHOOLS Rep On 30-Year Career,https://www.youtube.com/watch?v=2XgDohnsfvE,Daniel Reed,https://www.youtube.com/channel/UCCwQyRHW5mzagIMU6FLTH9A,2026-02-04T06:18:50.120Z,874.0,22.028,22.028
New Epstein Files Expose Trump and Break MAGA | Rick Wilson,https://www.youtube.com/watch?v=PNLIhrjLEpo,Democracy Docket,https://www.youtube.com/channel/UCWmMgbc1g6g5O8Tn_-k5qgA,2026-02-04T06:18:19.090Z,2781.0,31.03,31.03
Rep. McGovern CRUSHES Comer's Epstein Double Standard,https://www.youtube.com/watch?v=GfDR3sJLxoM,Daniel Reed,https://www.youtube.com/channel/UCCwQyRHW5mzagIMU6FLTH9A,2026-02-04T05:46:57.286Z,1865.0,1881.804,1865.0
"“Lawless Regime”, Jasmine Crockett Confronts ICE Over Renee Good Killing in Explosive Hearing | AC1G",https://www.youtube.com/watch?v=LPkhcefiGYk,DRM News,https://www.youtube.com/channel/UCrvG04V6wbOau6fVJI01OlQ,2026-02-04T05:39:14.065Z,646.0,463.221,463.221
ICE Officers FIND OUT After Trump REFUSES To Pay,https://www.youtube.com/watch?v=ITfEaVpQzFA,Really American,https://www.youtube.com/channel/UCpJ7ZS8hK-IOeciv952Xhug,2026-02-04T05:28:19.938Z,585.0,654.127,585.0
Epstein–Barr - SNL,https://www.youtube.com/watch?v=MD9knji2F0w,Saturday Night Live,https://www.youtube.com/channel/UCqFzWxSCi39LnW1JKFR3efg,2026-02-04T05:21:51.438Z,407.0,388.5,388.5
Trump BLOWS UP in OVAL OFFICE over EPSTEIN FILES!!!,https://www.youtube.com/watch?v=9_isCR0FZVs,MeidasTouch,https://www.youtube.com/channel/UC9r9HYFxEQOBXSopFS61ZWg,2026-02-04T05:20:46.335Z,938.0,65.103,65.103
https://www.youtube.com/watch?v=DZInLh34AwU,https://www.youtube.com/watch?v=DZInLh34AwU,,,2026-02-04T04:57:13.947Z,,1412.388,1412.388
DOJ Lawyer ASKS TO BE ARRESTED over Trump’s ORDERS!!!,https://www.youtube.com/watch?v=4XlXX9BZMJg,MeidasTouch,https://www.youtube.com/channel/UC9r9HYFxEQOBXSopFS61ZWg,2026-02-04T04:46:04.849Z,726.0,669.098,669.098
LIVE: MeidasTouch RESPONDS to BREAKING NEWS!! 2/3/2026,https://www.youtube.com/watch?v=GoUGuDilPg8,MeidasTouch,https://www.youtube.com/channel/UC9r9HYFxEQOBXSopFS61ZWg,2026-02-04T03:59:42.975Z,3585.0,2781.874,2781.874
"Walz, Ellison: “None of this is normal” | officials warn ICE operations are harming kids",https://www.youtube.com/watch?v=4OrCE0J15MM,KARE 11,https://www.youtube.com/channel/UC1JAwKeDUjN2orv5t7LWODQ,2026-02-04T03:18:26.389Z,2449.0,2476.586,2449.0
This Is What The FINAL Epstein Dump Just Revealed About The Rich And Powerful,https://www.youtube.com/watch?v=lCg2v__I4Vk,David Feldman,https://www.youtube.com/channel/UCPx_etxYtUYRyrdOszrDA0g,2026-02-04T02:48:00.928Z,1811.0,1825.461,1811.0
Don Lemon drops HUGE UPDATE after arrest,https://www.youtube.com/watch?v=okFtfzZfYSs,Brian Tyler Cohen,https://www.youtube.com/channel/UCQANb2YPwAtK-IQJrLaaUFw,2026-02-03T23:23:22.391Z,1156.0,12278.537,1156.0
ICE operations in Minnesota: testimony gets underway,https://www.youtube.com/watch?v=DHqb-zv8d8E,KARE 11,https://www.youtube.com/channel/UC1JAwKeDUjN2orv5t7LWODQ,2026-02-03T22:38:38.460Z,2677.0,2683.931,2677.0
"""No License to Kill"" – Rep. Garcia & Sen. Blumenthal Slam ICE Violence | DRM News | AC1F",https://www.youtube.com/watch?v=enPnJic4cRU,DRM News,https://www.youtube.com/channel/UCrvG04V6wbOau6fVJI01OlQ,2026-02-03T22:35:59.803Z,1011.0,158.657,158.657
"WATCH LIVE: Warner blasts Trump, Gabbard involvement in FBI search on Fulton County election office",https://www.youtube.com/watch?v=7ysOIanGzvU,PBS NewsHour,https://www.youtube.com/channel/UC6ZFN9Tx6xh-skXCuRHCDpQ,2026-02-03T22:07:15.829Z,1741.0,1723.974,1723.974
Ilhan Omar: 'Democrats Are Ready And Willing To Impeach' Kristi Noem Over ICE Actions,https://www.youtube.com/watch?v=IRgfSQSBzKA,Forbes Breaking News,https://www.youtube.com/channel/UCg40OxZ1GYh3u3jBntB6DLg,2026-02-03T22:04:30.583Z,162.0,165.246,162.0
Ted Lieu: 'Impeachment Proceedings Need To Proceed' If Kristi Noem Is Not Fired From Her Position,https://www.youtube.com/watch?v=NXuwoC9uZVU,Forbes Breaking News,https://www.youtube.com/channel/UCg40OxZ1GYh3u3jBntB6DLg,2026-02-03T22:02:08.372Z,136.0,142.211,136.0
Melania Documentary FLOP Blows Up In Trump's Face,https://www.youtube.com/watch?v=aKQTEl0ltMA,Pod Save America,https://www.youtube.com/channel/UCKRoXz3hHAu2XL_k3Ef4vJQ,2026-02-03T16:32:36.718Z,1119.0,19771.654,1119.0
Epstein BOMBSHELL Reveals DISASTER For Trump,https://www.youtube.com/watch?v=8MdwuSD3txI,Pod Save America,https://www.youtube.com/channel/UCKRoXz3hHAu2XL_k3Ef4vJQ,2026-02-03T14:44:06.144Z,6504.0,6510.574,6504.0
The Decency Era is Over,https://www.youtube.com/watch?v=bk4RGj1R0R0,The Lincoln Project,https://www.youtube.com/channel/UCpYCxV51bykhMY-wSUozQRg,2026-02-03T13:51:12.318Z,4540.0,3173.826,3173.826
Fresh Blood vs. Fossilized Fools with James Talarico,https://www.youtube.com/watch?v=yX_d9_sFQZk,The Lincoln Project,https://www.youtube.com/channel/UCpYCxV51bykhMY-wSUozQRg,2026-02-03T13:27:29.018Z,3043.0,1423.3,1423.3
ICE vs. Minnesota Nice: Mayor Frey's Minneapolis Resistance,https://www.youtube.com/watch?v=iOVBYxGCMmg,The Lincoln Project,https://www.youtube.com/channel/UCpYCxV51bykhMY-wSUozQRg,2026-02-03T12:51:20.536Z,2166.0,2168.482,2166.0
Mary Trump on Donald's Rapidly Declining Mental and Physical Health,https://www.youtube.com/watch?v=7PEpViytXPQ,The Back Room with Andy Ostroy,https://www.youtube.com/channel/UCDM9fB1HAGE5AjDsxTTokVQ,2026-02-03T08:40:06.210Z,2410.0,15074.326,2410.0
MS NOW Highlights - Feb. 1,https://www.youtube.com/watch?v=4LiTse4dP64,MS NOW,https://www.youtube.com/channel/UCaXkIU1QidjPwiAYu6GcHjg,2026-02-03T08:39:08.972Z,2805.0,57.238,57.238
Noem's coarse tweet comes back to bite her in blistering ruling on protections for Haitians,https://www.youtube.com/watch?v=Mirkl9YRsU0,MS NOW,https://www.youtube.com/channel/UCaXkIU1QidjPwiAYu6GcHjg,2026-02-03T08:33:10.550Z,352.0,358.422,352.0
LIVE: Popok Gives URGENT UPDATE on Breaking Legal news | 1/27/2026,https://www.youtube.com/watch?v=HCiQMfKkjQs,MeidasTouch,https://www.youtube.com/channel/UC9r9HYFxEQOBXSopFS61ZWg,2026-02-03T07:54:19.090Z,4029.0,2331.46,2331.46
Fraud Of Donald Trump's Self-Made Persona Exposed In Father's Financials | Rachel Maddow | MSNBC,https://www.youtube.com/watch?v=OM9f2YAKIJg,MS NOW,https://www.youtube.com/channel/UCaXkIU1QidjPwiAYu6GcHjg,2026-02-03T07:39:33.516Z,879.0,885.574,879.0
"Unlike Richard Nixon, Donald Trump Misconduct Piling Up In Full Public View | Rachel Maddow | MSNBC",https://www.youtube.com/watch?v=T-Bb2R9jncQ,MS NOW,https://www.youtube.com/channel/UCaXkIU1QidjPwiAYu6GcHjg,2026-02-03T07:14:19.958Z,1507.0,1513.558,1507.0
https://www.youtube.com/watch?v=FhKlMqVc460,https://www.youtube.com/watch?v=FhKlMqVc460,,,2026-02-03T06:46:52.522Z,,1647.436,1647.436
Jimmy Kimmel Interviews Don Lemon for the First Time Post-Arrest,https://www.youtube.com/watch?v=tW0UKsrxjyA,Jimmy Kimmel Live,https://www.youtube.com/channel/UCa6vGFO9ty8v5KZJXQxdhaw,2026-02-03T06:30:02.718Z,972.0,1009.804,972.0
Trump Cover-Up UNRAVELS as TOP Official EXPOSED IN THE FILES,https://www.youtube.com/watch?v=2O_dwnOpyE8,MeidasTouch,https://www.youtube.com/channel/UC9r9HYFxEQOBXSopFS61ZWg,2026-02-03T06:12:31.326Z,1065.0,1051.392,1051.392
Paramount’s Trump Settlement: A Big Fat Bribe | Jeffrey Epstein Never Dies | FIFA Trophy Row,https://www.youtube.com/watch?v=zzvx3L3DQb8,The Late Show with Stephen Colbert,https://www.youtube.com/channel/UCMtFAi84ehTSYSE9XoHefig,2026-02-03T06:10:36.099Z,761.0,115.227,115.227
Vance's Epstein Dinner | ICE's Age Cap | RFK Jr. Attacks Vaccines | Trump Burns Our Tax Dollars,https://www.youtube.com/watch?v=hQbf9KX2fVU,The Late Show with Stephen Colbert,https://www.youtube.com/channel/UCMtFAi84ehTSYSE9XoHefig,2026-02-03T05:59:34.027Z,656.0,662.072,656.0
Trump Is All Over The Epstein Files | DOJ Exposes Epstein Victims | Trump Admin Won't Investigate,https://www.youtube.com/watch?v=F9ZreI7Ny_Y,The Late Show with Stephen Colbert,https://www.youtube.com/channel/UCMtFAi84ehTSYSE9XoHefig,2026-02-03T05:47:43.630Z,704.0,710.397,704.0
"Trump’s All Over the Epstein Files, Attacks Jimmy Kimmel After the Grammys & Don Lemon Gets Arrested",https://www.youtube.com/watch?v=oC8qsi9Uu7c,Jimmy Kimmel Live,https://www.youtube.com/channel/UCa6vGFO9ty8v5KZJXQxdhaw,2026-02-03T05:30:20.156Z,1037.0,1043.474,1037.0
Sketchy Kazakh Money Finds Its Way Into President Donald Trump's Dealings | Rachel Maddow | MSNBC,https://www.youtube.com/watch?v=YexnrlGhNEY,MS NOW,https://www.youtube.com/channel/UCaXkIU1QidjPwiAYu6GcHjg,2026-02-03T05:10:01.850Z,1212.0,1218.306,1212.0
Mayor Johnson signs ICE executive order,https://www.youtube.com/watch?v=LaRnjMF52UM,FOX 32 Chicago,https://www.youtube.com/channel/UCFmofUYwZd1Ibf_O3PF71jg,2026-02-03T04:51:18.390Z,151.0,1123.46,151.0
https://www.youtube.com/watch?v=-6Cpt35DiKM,https://www.youtube.com/watch?v=-6Cpt35DiKM,,,2026-02-03T04:38:30.115Z,,768.275,768.275
"DOJ Protects Trump From Epstein Accountability as MAGA Attacks ""Sanctuary Cities"" | The Daily Show",https://www.youtube.com/watch?v=cwXIq81eE24,The Daily Show,https://www.youtube.com/channel/UCwWhs_6x42TyRM4Wstoq8HA,2026-02-03T04:19:14.286Z,1149.0,1155.829,1149.0
"Trump Says He's Spoken To Congressional Leadership, Resolution For Shutdown Is 'Pretty Close'",https://www.youtube.com/watch?v=OnWFG2yElY4,Forbes Breaking News,https://www.youtube.com/channel/UCg40OxZ1GYh3u3jBntB6DLg,2026-02-03T04:13:37.548Z,44.0,336.738,44.0
"Musk's Emails to Epstein Revealed; Trump Sues IRS for $10 Billion, Rakes in UAE Money: A Closer Look",https://www.youtube.com/watch?v=SDuxH6m4ld0,Late Night with Seth Meyers,https://www.youtube.com/channel/UCVTyTA7-g9nopHeHbeuvpRA,2026-02-03T04:07:55.274Z,673.0,342.274,342.274
Trump VISIBLY PANICS at PRESS CONFERENCE over Epstein Files!!!,https://www.youtube.com/watch?v=apvJx4K_JuY,MeidasTouch,https://www.youtube.com/channel/UC9r9HYFxEQOBXSopFS61ZWg,2026-02-03T03:50:12.770Z,1057.0,1062.504,1057.0
Trump Threatens to Sue Trevor Noah Over Epstein Joke,https://www.youtube.com/watch?v=3qIAbaZ-MU0,Glenn Kirschner,https://www.youtube.com/channel/UCrWmonkmTk5NbvmVnc7f70w,2026-02-03T03:50:00Z,748.0,12.77,12.77
Trump PANICS After Teens Diary Reveals The WORST,https://www.youtube.com/watch?v=T2sdankrW6Q,Really American,https://www.youtube.com/channel/UCpJ7ZS8hK-IOeciv952Xhug,2026-02-03T03:28:29.008Z,1285.0,1290.992,1285.0
"Trump Wants Greenland Whether They Like it Or Not, Lindsey Graham Bombshell & FCC Chair Testifies",https://www.youtube.com/watch?v=R_hnjZGqXUY,Jimmy Kimmel Live,https://www.youtube.com/channel/UCa6vGFO9ty8v5KZJXQxdhaw,2026-02-03T03:16:18.100Z,797.0,730.908,730.908
"Trump Celebrates Melania’s Movie Premiere, Has New BFF Nicki Minaj & Government Shutdown Looms",https://www.youtube.com/watch?v=jWrEsPjZ8LY,Jimmy Kimmel Live,https://www.youtube.com/channel/UCa6vGFO9ty8v5KZJXQxdhaw,2026-02-03T03:00:24.918Z,947.0,953.182,947.0
Melania Documentary Staff Flee as Director Linked to Epstein Allegations,https://www.youtube.com/watch?v=xdaw60frWzQ,David Feldman,https://www.youtube.com/channel/UCPx_etxYtUYRyrdOszrDA0g,2026-02-03T02:50:38.747Z,580.0,586.171,580.0
LIVE: MeidasTouch RESPONDS to MAJOR BREAKING NEWS - 2/2/26,https://www.youtube.com/watch?v=BeJ5mvDT-JE,MeidasTouch,https://www.youtube.com/channel/UC9r9HYFxEQOBXSopFS61ZWg,2026-02-03T02:50:27.128Z,4765.0,11.619,11.619
IHIP News: MAGA Turns on JD Vance in Disgusting RACIST CIVIL WAR! They Want Usha OUT!,https://www.youtube.com/watch?v=uZRem7duw5s,I've Had It,https://www.youtube.com/channel/UCZ5cvDR2HhVUcdVoTvvQKLw,2026-02-03T02:25:27.235Z,1606.0,1499.893,1499.893
IHIP Next: Trump RAMPS UP Fascism as He Grows WEAK; Expert Breaks Down Why HE WILL FAIL!,https://www.youtube.com/watch?v=ASgJmFx8utg,I've Had It,https://www.youtube.com/channel/UCZ5cvDR2HhVUcdVoTvvQKLw,2026-02-03T01:41:01.107Z,2660.0,2666.128,2660.0
"IHIP News: Trump ALLY Speaks Out AGAINST HIM on His Mental DECLINE! ""He's OUT of His MIND!""",https://www.youtube.com/watch?v=71i-ogkOm5Y,I've Had It,https://www.youtube.com/channel/UCZ5cvDR2HhVUcdVoTvvQKLw,2026-02-03T01:19:02.720Z,1312.0,1318.387,1312.0
Senator Murphy: Trump Sold Out America's National Security For Crypto Profit,https://www.youtube.com/watch?v=R7F7wcMMCNY,Senator Chris Murphy,https://www.youtube.com/channel/UCbcEa40PIFpLpdDe06n3F3Q,2026-02-03T01:09:56.816Z,937.0,545.904,545.904
Trump mentioned more than 1000 times in new Epstein documents,https://www.youtube.com/watch?v=225RfXOb6pE,MS NOW,https://www.youtube.com/channel/UCaXkIU1QidjPwiAYu6GcHjg,2026-02-03T00:58:09.221Z,,707.595,707.595
‘Devastating and heartbreaking’: Epstein survivor slams DOJ for failure to protect victims,https://www.youtube.com/watch?v=h_1O0ahbJA4,MS NOW,https://www.youtube.com/channel/UCaXkIU1QidjPwiAYu6GcHjg,2026-02-03T00:45:48.010Z,735.0,741.211,735.0
https://www.youtube.com/watch?v=2f5AikvlBS8,https://www.youtube.com/watch?v=2f5AikvlBS8,,,2026-02-03T00:13:36.593Z,,1931.417,1931.417
Trump’s Health Claims Are Getting Embarrassing (w/ Ben Terris),https://www.youtube.com/watch?v=FR1BMD1HPkU,The Bulwark,https://www.youtube.com/channel/UCG4Hp1KbGw4e02N7FpPXDgQ,2026-02-03T00:11:37.359Z,1235.0,119.234,119.234
Trump’s DELETED EPST**N FILES get LEAKED OUT!,https://www.youtube.com/watch?v=qpy3EY8CA4o,Adam Mockler,https://www.youtube.com/channel/UC8DA4o0SyaGfyVaBLbF5EXg,2026-02-03T00:01:56.732Z,591.0,580.627,580.627
LIVE: Newsom HOLD MAJOR PRESSER at BORDER!!!,https://www.youtube.com/watch?v=xk7Y2FGH5bA,MeidasTouch,https://www.youtube.com/channel/UC9r9HYFxEQOBXSopFS61ZWg,2026-02-03T00:01:15.329Z,2800.0,41.403,41.403
Trump’s Election Moves Spark Serious Concerns,https://www.youtube.com/watch?v=61xHdIAh7Ls,Mary Trump Media,https://www.youtube.com/channel/UCSzRlpPbZTA6b8weTKnSHlA,2026-02-03T00:00:43.644Z,1600.0,31.685,31.685
IHIP News: 🚨 Doctors CONFIRM Trump Had a STROKE & WH Covered It Up! He WANTS to Cancel ELECTIONS!,https://www.youtube.com/watch?v=4pWTGNkdkCQ,I've Had It,https://www.youtube.com/channel/UCZ5cvDR2HhVUcdVoTvvQKLw,2026-02-02T23:56:34.159Z,1225.0,249.485,249.485
IHIP News: Kristi Noem EXPOSED After ICE RECRUITMENT Investigation Scandal!,https://www.youtube.com/watch?v=11QnDhq8I3Y,I've Had It,https://www.youtube.com/channel/UCZ5cvDR2HhVUcdVoTvvQKLw,2026-02-02T23:34:11.434Z,1337.0,1342.725,1337.0
Joe: It's time for the Supreme Court to start acting; there is no more time to waste,https://www.youtube.com/watch?v=TEKtpNhjujA,MS NOW,https://www.youtube.com/channel/UCaXkIU1QidjPwiAYu6GcHjg,2026-02-02T23:18:24.269Z,941.0,947.165,941.0
"🚨 RED ALERT for Democrats, YOU NEED TO HEAR THIS",https://www.youtube.com/watch?v=DydX81PEbVQ,Pondering Politics,https://www.youtube.com/channel/UCbU6Rve0XMNZ2a2yaYgjlTA,2026-02-02T22:54:16.572Z,1442.0,1447.697,1442.0
BREAKING: UPDATE on REVOKING Trump prosecutor's law license,https://www.youtube.com/watch?v=c8pl2j-AUJ8,Brian Tyler Cohen,https://www.youtube.com/channel/UCQANb2YPwAtK-IQJrLaaUFw,2026-02-02T22:53:42.820Z,831.0,33.752,33.752
Prosecutor drops BAD NEWS for Trump amid legal threat against Trevor Noah,https://www.youtube.com/watch?v=HLaIkFP15ME,Brian Tyler Cohen,https://www.youtube.com/channel/UCQANb2YPwAtK-IQJrLaaUFw,2026-02-02T22:38:00.462Z,936.0,942.358,936.0
Grammys Erupt as Trump Loses It Over Epstein Joke,https://www.youtube.com/watch?v=6qa9M3CLk-E,Mary Trump Media,https://www.youtube.com/channel/UCSzRlpPbZTA6b8weTKnSHlA,2026-02-02T22:24:32.669Z,801.0,807.793,801.0
Trump gets NIGHTMARE NEWS with WORST POLL IN HISTORY!!,https://www.youtube.com/watch?v=mS8pKQp7CeE,MeidasTouch,https://www.youtube.com/channel/UC9r9HYFxEQOBXSopFS61ZWg,2026-02-02T22:24:25.228Z,1692.0,7.441,7.441
Infinitely Greenland | Billion Dollar Peace Board | Chairman For Life | Peace Buddies,https://www.youtube.com/watch?v=eeOOxZsryNk,The Late Show with Stephen Colbert,https://www.youtube.com/channel/UCMtFAi84ehTSYSE9XoHefig,2026-02-02T22:24:06.643Z,749.0,18.585,18.585
"20-Below In Chicago | Trump Ditches Auto Standards | Hegseth In Hot Water | Congrats, Bad Bunny!",https://www.youtube.com/watch?v=OmW6oTOUo0U,The Late Show with Stephen Colbert,https://www.youtube.com/channel/UCMtFAi84ehTSYSE9XoHefig,2026-02-02T22:12:17.783Z,703.0,708.86,703.0
Will ICE Freeze? | Trump: I'm Helping Europe | Weapons Nobody Knows About | Occupying Canada,https://www.youtube.com/watch?v=_nxGKdQero4,The Late Show with Stephen Colbert,https://www.youtube.com/channel/UCMtFAi84ehTSYSE9XoHefig,2026-02-02T22:00:02.477Z,729.0,735.306,729.0
"Springsteen's Scathing Protest | Italy: No ICE | Trump Threatens MAGA Donors | Skipping ""Melania""",https://www.youtube.com/watch?v=d88QPtB1nWk,The Late Show with Stephen Colbert,https://www.youtube.com/channel/UCMtFAi84ehTSYSE9XoHefig,2026-02-02T21:46:58.276Z,778.0,784.201,778.0
ICE Official Goes FULL PANIC Over Minnesota Judge Ultimatum After Major Legal Mistake,https://www.youtube.com/watch?v=kqIRZ4RKagE,The Damage Report,https://www.youtube.com/channel/UCl9roQQwv4o4OuBj3FhQdDQ,2026-02-02T21:37:17.607Z,575.0,580.669,575.0
Trump PANICS after MASSIVE LOSS...IN TEXAS!!!,https://www.youtube.com/watch?v=HUPYonw0xAE,MeidasTouch,https://www.youtube.com/channel/UC9r9HYFxEQOBXSopFS61ZWg,2026-02-02T21:37:01.648Z,1351.0,15.959,15.959
How to Make Pasta and Peas: What Italians ACTUALLY Eat at Home,https://www.youtube.com/watch?v=8NFqnhWHxNY,Giovanni Siracusa,https://www.youtube.com/channel/UCYB8tKu50cj4wsIQJiRx56g,2026-02-02T21:30:15.087Z,401.0,406.561,401.0
The Administration Is STILL Stonewalling on Epstein (w/ Bill Kristol) | The Bulwark Podcast,https://www.youtube.com/watch?v=bbesKdsPtNk,The Bulwark,https://www.youtube.com/channel/UCG4Hp1KbGw4e02N7FpPXDgQ,2026-02-02T21:20:20.432Z,3321.0,594.655,594.655
BOMBSHELL: Trump official CAUGHT in ELECTION scheme,https://www.youtube.com/watch?v=qd0bIMXOaWQ,Brian Tyler Cohen,https://www.youtube.com/channel/UCQANb2YPwAtK-IQJrLaaUFw,2026-02-02T21:17:47.990Z,1148.0,152.442,152.442
FIVE-ALARM FIRE: Trump gets NIGHTMARE news,https://www.youtube.com/watch?v=5NVzJK21akw,Brian Tyler Cohen,https://www.youtube.com/channel/UCQANb2YPwAtK-IQJrLaaUFw,2026-02-02T21:03:10.426Z,871.0,877.564,871.0
Justice Department gets BAD NEWS on Epstein files,https://www.youtube.com/watch?v=o0EDhmyi_Us,Brian Tyler Cohen,https://www.youtube.com/channel/UCQANb2YPwAtK-IQJrLaaUFw,2026-02-02T20:46:23.288Z,1001.0,1007.138,1001.0
Trump THREATENS GOP for VOTING AGAINST WAR POWERS,https://www.youtube.com/watch?v=uwniHUfdtvo,MeidasTouch,https://www.youtube.com/channel/UC9r9HYFxEQOBXSopFS61ZWg,2026-02-02T20:32:44.899Z,884.0,818.389,818.389
Trump LOSES IT as Senate VOTES AGAINST HIM on WAR,https://www.youtube.com/watch?v=iEBuyYqiM58,MeidasTouch,https://www.youtube.com/channel/UC9r9HYFxEQOBXSopFS61ZWg,2026-02-02T20:16:23.311Z,975.0,981.588,975.0
MAGA Mike LOSES CONTROL of HOUSE FLOOR and RUNS AWAY,https://www.youtube.com/watch?v=2X0N2b1yuuQ,MeidasTouch,https://www.youtube.com/channel/UC9r9HYFxEQOBXSopFS61ZWg,2026-02-02T19:58:47.122Z,1050.0,1056.189,1050.0
WHOA! GOP Hearing BACKFIRES as DEMS EXPOSE WITNESSES,https://www.youtube.com/watch?v=8aQjFIHufkw,MeidasTouch,https://www.youtube.com/channel/UC9r9HYFxEQOBXSopFS61ZWg,2026-02-02T19:31:12.128Z,1649.0,1654.994,1649.0
Trump PANICS in AM and STARTS DELETING FILES!!!,https://www.youtube.com/watch?v=KSkeZIEqb4Q,MeidasTouch,https://www.youtube.com/channel/UC9r9HYFxEQOBXSopFS61ZWg,2026-02-02T19:11:15.558Z,1190.0,1196.57,1190.0
Trump TOP WITNESS Gets EXPOSED by CROSS-EXAM in SENATE HEARING,https://www.youtube.com/watch?v=E-HpxaWHcBk,MeidasTouch,https://www.youtube.com/channel/UC9r9HYFxEQOBXSopFS61ZWg,2026-02-02T19:04:54.581Z,1777.0,380.977,380.977
Trump has AWFUL MORNING as ENTIRE GOV CRUMBLES,https://www.youtube.com/watch?v=yPkkly-nrbg,MeidasTouch,https://www.youtube.com/channel/UC9r9HYFxEQOBXSopFS61ZWg,2026-02-02T18:48:42.062Z,966.0,972.519,966.0
Trump THROWS entire GOP UNDER BUS before WINTER RECESS,https://www.youtube.com/watch?v=lNGd5g-crUw,MeidasTouch,https://www.youtube.com/channel/UC9r9HYFxEQOBXSopFS61ZWg,2026-02-02T18:29:55.225Z,1121.0,1126.837,1121.0
🚨Trump PANICS Over SHOCK MIDTERM POLL!!,https://www.youtube.com/watch?v=yoDdWDxxTtQ,MeidasTouch,https://www.youtube.com/channel/UC9r9HYFxEQOBXSopFS61ZWg,2026-02-02T18:06:34.735Z,1394.0,1400.49,1394.0
Trump LOSES IT as REDACTIONS OF HIMSELF UNCOVERED!!,https://www.youtube.com/watch?v=FTUGElu6_Hg,MeidasTouch,https://www.youtube.com/channel/UC9r9HYFxEQOBXSopFS61ZWg,2026-02-02T17:48:52.435Z,1056.0,1062.3,1056.0
Shocking New Evidence in the Homicide of Renee Good!,https://www.youtube.com/watch?v=N5FtnMUJn9M,Glenn Kirschner,https://www.youtube.com/channel/UCrWmonkmTk5NbvmVnc7f70w,2026-02-02T17:25:10.449Z,1412.0,1421.986,1412.0
"""He Should Know Better"": Van Hollen HITS BACK At J.D. Vance's ""Absolute Immunity"" Claim",https://www.youtube.com/watch?v=L9Gip7vcmQw,TYT Investigates,https://www.youtube.com/channel/UCwNJt9PYyN1uyw2XhNIQMMA,2026-02-02T17:10:05.077Z,899.0,905.372,899.0
"Trump HUMILIATED at the Grammys by Bad Bunny, Trevor Noah, Billie Eilish & more",https://www.youtube.com/watch?v=F_eG3H5ytIc,Brian Tyler Cohen,https://www.youtube.com/channel/UCQANb2YPwAtK-IQJrLaaUFw,2026-02-02T16:59:21.994Z,654.0,643.083,643.083
US Senate LIVE: 'Give Me A Break:' Lindsey Graham Erupts At Kristi Noem In Fiery Hearing | Watch...,https://www.youtube.com/watch?v=qhGp5ElQNZA,Times Now,https://www.youtube.com/channel/UC6RJ7-PaXg6TIH2BzZfTV7w,2026-02-02T16:56:55.682Z,389533.0,146.312,146.312
"Lawrence: As criminal as Nixon was, he had more respect for the Constitution than Trump",https://www.youtube.com/watch?v=HauAJVQVvLU,MS NOW,https://www.youtube.com/channel/UCaXkIU1QidjPwiAYu6GcHjg,2026-02-02T16:40:08.865Z,1042.0,1006.817,1006.817
Lawrence: The protesters are forcing Trump’s retreat.,https://www.youtube.com/watch?v=3G34PsQvEH4,MS NOW,https://www.youtube.com/channel/UCaXkIU1QidjPwiAYu6GcHjg,2026-02-02T16:29:15.616Z,647.0,653.249,647.0
"Epstein, Melania, Ratner, I.C.E. and The Shutdown",https://www.youtube.com/watch?v=JL8uEBva_nA,David Feldman,https://www.youtube.com/channel/UCPx_etxYtUYRyrdOszrDA0g,2026-02-02T14:51:20.300Z,5989.0,5875.316,5875.316
5 Unique Words Your Cat Actually Understands (You Won't Believe #3!),https://www.youtube.com/watch?v=Sr3tdeNevyI,The Curious Cat,https://www.youtube.com/channel/UCcP3cV95w9VAym7RrYcTtAw,2026-02-02T14:05:30.019Z,588.0,2750.281,588.0
22 Heartbreaking Things That Secretly Hurt Your Cat Every Day,https://www.youtube.com/watch?v=mH9HmBoWDPU,Meowtopia,https://www.youtube.com/channel/UC6raXBeP0c7hSUfDTEQ-xpQ,2026-02-02T13:44:25.486Z,1258.0,1264.533,1258.0
"If You Have an Indoor Cat, Never Do This ( Scientists Warn )",https://www.youtube.com/watch?v=ZhRkmlV_nro,Meowtopia,https://www.youtube.com/channel/UC6raXBeP0c7hSUfDTEQ-xpQ,2026-02-02T13:17:01.218Z,1638.0,1644.268,1638.0
10 Irresistible Things Cats Love More Than Petting,https://www.youtube.com/watch?v=-DzH_AuFHs4,Meowtopia,https://www.youtube.com/channel/UC6raXBeP0c7hSUfDTEQ-xpQ,2026-02-02T12:55:34.709Z,1280.0,1286.509,1280.0
10 Adorable Things Cats Do When They Truly Trust You,https://www.youtube.com/watch?v=kin7Uns3ldI,Meowtopia,https://www.youtube.com/channel/UC6raXBeP0c7hSUfDTEQ-xpQ,2026-02-02T12:29:40.692Z,1548.0,1554.017,1548.0
Why Your Cat Checks on You + 11 Ways to Show Them Love,https://www.youtube.com/watch?v=iuHyCXHZAi8,Meowtopia,https://www.youtube.com/channel/UC6raXBeP0c7hSUfDTEQ-xpQ,2026-02-02T12:09:04.100Z,1230.0,1236.592,1230.0
THESE 9 EVERYDAY THINGS HURT YOUR CAT'S FEELINGS! 🐈,https://www.youtube.com/watch?v=au4ddiYQlVc,The Curious Cat,https://www.youtube.com/channel/UCcP3cV95w9VAym7RrYcTtAw,2026-02-02T11:49:40.105Z,1158.0,1163.995,1158.0
20 Signs Your Cat Loves You That Are HARD TO NOTICE! (Congrats if Yours Does THIS!),https://www.youtube.com/watch?v=jQCLYV0NsDg,The Curious Cat,https://www.youtube.com/channel/UCcP3cV95w9VAym7RrYcTtAw,2026-02-02T11:30:28.812Z,1145.0,1151.293,1145.0
The ACTUAL REASONS Why Your Cat SLEEP With YOU! 😴🐈,https://www.youtube.com/watch?v=glb6l_3Z8Lc,The Curious Cat,https://www.youtube.com/channel/UCcP3cV95w9VAym7RrYcTtAw,2026-02-02T11:12:07.525Z,1095.0,1101.287,1095.0
Republicans Own What Happens Next (w/ Michael Steele) | The Bulwark Podcast,https://www.youtube.com/watch?v=0SEUMYTdePc,The Bulwark,https://www.youtube.com/channel/UCG4Hp1KbGw4e02N7FpPXDgQ,2026-02-02T11:11:43.097Z,3142.0,24.428,24.428
Legal developments in Epstein Files Case and In Disqualified US Attorney Lindsey Halligan Matter,https://www.youtube.com/watch?v=aW0us-7o-Uw,Glenn Kirschner,https://www.youtube.com/channel/UCrWmonkmTk5NbvmVnc7f70w,2026-02-02T10:27:52.831Z,2064.0,2630.266,2064.0
Trump IMPLICATED In New Epstein File... It's REALLY Bad,https://www.youtube.com/watch?v=3T0aPE7XZxQ,Harry Sisson,https://www.youtube.com/channel/UCDtTPzMBTHr-NIWqdXwwh2g,2026-02-02T10:16:32.060Z,675.0,680.771,675.0
US Congress LIVE: Jack Smith Traps GOP With Legal Bomb in Kevin McCarthy Subpoena Fight | Trump News,https://www.youtube.com/watch?v=lRg6ULDjE1s,Hook Global,https://www.youtube.com/channel/UCyri-PL3l4Dn9IooWXQAqfA,2026-02-02T10:13:00.614Z,262962.0,211.446,211.446
BREAKING: Trump Tells WSJ Federal Agents Leaving Minneapolis Soon,https://www.youtube.com/watch?v=Un0qkEdQnEw,David Feldman,https://www.youtube.com/channel/UCPx_etxYtUYRyrdOszrDA0g,2026-02-02T10:00:20.752Z,4370.0,759.862,759.862
The Most Relaxing Facts About Cats to Fall Asleep To,https://www.youtube.com/watch?v=yU6rtt4X2Tw,Sleepy Science Channel,https://www.youtube.com/channel/UCNZegH5HQPx_chNsPqJw1Rw,2026-02-02T07:43:09.913Z,8223.0,8230.839,8223.0
Trump THROWS Bondi UNDER THE BUS in OPEN COURT!!,https://www.youtube.com/watch?v=FrvLAFEXP34,MeidasTouch,https://www.youtube.com/channel/UC9r9HYFxEQOBXSopFS61ZWg,2026-02-02T07:43:06.086Z,926.0,3.827,3.827
ICE Kills With Your Money,https://www.youtube.com/watch?v=BcFIMswBszc,The Lincoln Project,https://www.youtube.com/channel/UCpYCxV51bykhMY-wSUozQRg,2026-02-02T07:00:10.589Z,4633.0,2575.497,2575.497
Trump’s Greenland Gambit Ends in TACO,https://www.youtube.com/watch?v=ODwgkLjWReg,The Lincoln Project,https://www.youtube.com/channel/UCpYCxV51bykhMY-wSUozQRg,2026-02-02T06:27:22.178Z,1962.0,1968.411,1962.0
"Game Over, Assholes: The Economy Chose Violence",https://www.youtube.com/watch?v=24-S0NPcwZU,The Lincoln Project,https://www.youtube.com/channel/UCpYCxV51bykhMY-wSUozQRg,2026-02-02T05:53:52.923Z,2003.0,2009.255,2003.0
"This Week with George Stephanopoulos Full Broadcast - Sunday, February 1, 2026",https://www.youtube.com/watch?v=8y56krM2vlc,ABC News,https://www.youtube.com/channel/UCBi2mrWuNuyYy4gbM6fU18Q,2026-02-02T05:07:12.219Z,2797.0,2800.704,2797.0
Trump’s STUNT in LA BACKFIRES in HIS FACE…INSTANTLY!!! | Alien Super Show,https://www.youtube.com/watch?v=R78gM-xlye4,MeidasTouch,https://www.youtube.com/channel/UC9r9HYFxEQOBXSopFS61ZWg,2026-02-02T04:46:16.336Z,1250.0,1255.883,1250.0
"PARADE of FOOLS: Loyalty, Lies, and a Mic Drop",https://www.youtube.com/watch?v=Rt0csxl7vQQ,Mary Trump Media,https://www.youtube.com/channel/UCSzRlpPbZTA6b8weTKnSHlA,2026-02-02T04:41:57.882Z,576.0,258.454,258.454
'Trump will not make it to the end of this term compos mentis' | Psychologist analyses Trump,https://www.youtube.com/watch?v=9OtO-cypKmY,The Trump Report,https://www.youtube.com/channel/UCTjDhFuGXlhx9Us0gq0VK2w,2026-02-02T03:53:34.652Z,1445.0,2903.23,1445.0
LIVE: Trump CULT EXPERT Reveals His TACTICS!!,https://www.youtube.com/watch?v=hC16Z-_Xy0A,MeidasTouch,https://www.youtube.com/channel/UC9r9HYFxEQOBXSopFS61ZWg,2026-02-02T02:52:16.470Z,3672.0,3678.182,3672.0
BREAKING: Articles of Impeachment Drafted as More Bombshell Epstein Files are Released,https://www.youtube.com/watch?v=IUnAOLdWDnI,Aaron Parnas,https://www.youtube.com/channel/UCyxcZgX1wNU-nk1yB9CvzSw,2026-02-02T02:51:29.456Z,802.0,47.014,47.014
Melania's $40 Million Docu-Bribe Movie Premieres & Dems Make ICE Demands | The Daily Show,https://www.youtube.com/watch?v=2J9cRSDS5g8,The Daily Show,https://www.youtube.com/channel/UCwWhs_6x42TyRM4Wstoq8HA,2026-02-02T02:40:29.055Z,638.0,660.401,638.0
SNL Brutally Trolls MAGA Finally Turning On Trump,https://www.youtube.com/watch?v=xg2NTb9I2KM,Really American,https://www.youtube.com/channel/UCpJ7ZS8hK-IOeciv952Xhug,2026-02-02T02:28:12.698Z,721.0,736.357,721.0
"Bash presses Deputy AG on Trump in Epstein files, Don Lemon arrest",https://www.youtube.com/watch?v=gyvDiAO9eDg,CNN,https://www.youtube.com/channel/UCupvZG-5ko_eiXAupbDfxWw,2026-02-02T02:26:07.779Z,660.0,124.919,124.919
We found out who they are,https://www.youtube.com/watch?v=DIGkHnDnXe0,Chris Norlund,https://www.youtube.com/channel/UCahJ9IsvXnaQiuNyWQSkrkw,2026-02-02T02:12:48.122Z,772.0,799.657,772.0
Trump PANICS as FURIOUS Police Chief GIVES FINAL WARNING,https://www.youtube.com/watch?v=pwgUD_7-uk0,MeidasTouch,https://www.youtube.com/channel/UC9r9HYFxEQOBXSopFS61ZWg,2026-02-02T02:00:55.502Z,707.0,712.62,707.0
"Agriculture Secretary Suggests ""Affordable"" Meal of Tortilla, Broccoli and ""a Piece of Chicken""",https://www.youtube.com/watch?v=zR2hI0X273Q,Late Night with Seth Meyers,https://www.youtube.com/channel/UCVTyTA7-g9nopHeHbeuvpRA,2026-02-02T01:56:38.589Z,1073.0,256.913,256.913
Chris Hayes Addresses the Trump Administration's Sociopathic Response to Minneapolis ICE Shootings,https://www.youtube.com/watch?v=sUkIiEZ1AF8,Late Night with Seth Meyers,https://www.youtube.com/channel/UCVTyTA7-g9nopHeHbeuvpRA,2026-02-02T01:41:06.865Z,926.0,931.724,926.0
Inside ICE’s Surveillance Tool Kit,https://www.youtube.com/watch?v=a05XZGazgsg,MS NOW,https://www.youtube.com/channel/UCaXkIU1QidjPwiAYu6GcHjg,2026-02-02T01:27:41.327Z,799.0,805.538,799.0
🚨 BOMBSHELL: Trump PANICS as MASSIVE BRIBE EXPOSED,https://www.youtube.com/watch?v=hb0LtAz-htc,Pondering Politics,https://www.youtube.com/channel/UCbU6Rve0XMNZ2a2yaYgjlTA,2026-02-02T01:12:32.994Z,902.0,908.333,902.0
BOMBSHELL: Trump executes plan to SEIZE BALLOTS,https://www.youtube.com/watch?v=T5LAMKdMdd0,Brian Tyler Cohen,https://www.youtube.com/channel/UCQANb2YPwAtK-IQJrLaaUFw,2026-02-02T01:12:04.880Z,1324.0,28.114,28.114
Rep. Eric Swalwell: ‘We’re not going to fund public executions’,https://www.youtube.com/watch?v=hbVlUPm4Th4,MS NOW,https://www.youtube.com/channel/UCaXkIU1QidjPwiAYu6GcHjg,2026-02-02T01:02:57.965Z,541.0,546.915,541.0
"Rick Wilson ""QAnon Was Right?!"" Trump Epstein Coverup Fallout!",https://www.youtube.com/watch?v=QX5FAMU7xCQ,Fast Politics w/ Molly Jong-Fast,https://www.youtube.com/channel/UCZBa6jNegMZjpYOE9z8oz7g,2026-02-02T00:45:04.558Z,1163.0,1073.407,1073.407
Elizabeth Warren drops BOMBSHELL warning on Trump,https://www.youtube.com/watch?v=g3-yRrM58IE,Brian Tyler Cohen,https://www.youtube.com/channel/UCQANb2YPwAtK-IQJrLaaUFw,2026-02-02T00:42:53.101Z,1020.0,131.457,131.457
Jamie Raskin takes ACTION on REDACTED Epstein files,https://www.youtube.com/watch?v=v_sIxj7LwJg,Brian Tyler Cohen,https://www.youtube.com/channel/UCQANb2YPwAtK-IQJrLaaUFw,2026-02-02T00:24:29.251Z,1097.0,1103.85,1097.0
Trump has CATASTROPHIC SUNDAY as DOMINOES FALL from FILES,https://www.youtube.com/watch?v=lLi-MZsEsVA,MeidasTouch,https://www.youtube.com/channel/UC9r9HYFxEQOBXSopFS61ZWg,2026-02-02T00:20:16.395Z,1236.0,252.856,252.856
ICE Outrage Goes Viral | White House Blame Game | Ilhan Omar: Tough Under Pressure | Poo-tomac River,https://www.youtube.com/watch?v=SN3vdDKct9o,The Late Show with Stephen Colbert,https://www.youtube.com/channel/UCMtFAi84ehTSYSE9XoHefig,2026-02-01T23:24:45.439Z,708.0,3330.956,708.0
Trump's Lifetime of Impunity Finally Shatters,https://www.youtube.com/watch?v=wgQRjpXHdj0,Mary Trump Media,https://www.youtube.com/channel/UCSzRlpPbZTA6b8weTKnSHlA,2026-02-01T23:16:45.769Z,474.0,479.67,474.0
Elon MELTS DOWN Online As Epstein Connection EXPOSED,https://www.youtube.com/watch?v=o-Ms5TB7Mdw,Harry Sisson,https://www.youtube.com/channel/UCDtTPzMBTHr-NIWqdXwwh2g,2026-02-01T23:10:43.285Z,510.0,362.484,362.484
Trump PANICS as GOP is BOOED OUT OF NORTH CAROLINA!!!,https://www.youtube.com/watch?v=SMdnQBEVr38,MeidasTouch,https://www.youtube.com/channel/UC9r9HYFxEQOBXSopFS61ZWg,2026-02-01T23:01:46.121Z,1341.0,537.164,537.164
🚨DARK SECRETS of ALL 3 MILLION Epstein Files FINALLY REVEALED!!,https://www.youtube.com/watch?v=2z1a2_dvrPM,MeidasTouch,https://www.youtube.com/channel/UC9r9HYFxEQOBXSopFS61ZWg,2026-02-01T22:53:53.717Z,981.0,472.404,472.404
"Rachel Maddow on Trump Being Extremely Unpopular, ICE Shooting in Minneapolis & Peaceful Protests",https://www.youtube.com/watch?v=xHP-1U81jy8,Jimmy Kimmel Live,https://www.youtube.com/channel/UCa6vGFO9ty8v5KZJXQxdhaw,2026-02-01T16:22:40.835Z,722.0,23472.882,722.0
Kristi Noem AMBUSHED BY SEAN HANNITY on Fox News!!!,https://www.youtube.com/watch?v=hwogDdRhwuE,Jesse Dollemore,https://www.youtube.com/channel/UCUSySH2YjIwsDu2Hx6DWwTA,2026-02-01T16:12:37.521Z,601.0,603.314,601.0
All HELL BREAKS LOOSE as ICE GOES AFTER MEIDAS!!!,https://www.youtube.com/watch?v=yqi-9kCvFuk,MeidasTouch,https://www.youtube.com/channel/UC9r9HYFxEQOBXSopFS61ZWg,2026-02-01T16:00:02.798Z,1697.0,754.723,754.723
Courts make major decisions on ICE actions in Minnesota,https://www.youtube.com/watch?v=Tydt1fArvs8,KHOU 11,https://www.youtube.com/channel/UCXwRxm0zS0jBNTMOVI6xZJw,2026-02-01T15:52:55.976Z,30.0,426.822,30.0
BREAKING: Top ICE official LOSES HIS JOB,https://www.youtube.com/watch?v=-DOGqbc6rj0,Brian Tyler Cohen,https://www.youtube.com/channel/UCQANb2YPwAtK-IQJrLaaUFw,2026-02-01T15:46:51.240Z,578.0,364.736,364.736
BREAKING: Trump suffers HUGE LOSS in Minnesota,https://www.youtube.com/watch?v=b-OTA3GEmfA,Brian Tyler Cohen,https://www.youtube.com/channel/UCQANb2YPwAtK-IQJrLaaUFw,2026-02-01T15:36:35.514Z,610.0,615.726,610.0
BREAKING UPDATE in Kristi Noem IMPEACHMENT,https://www.youtube.com/watch?v=bEJ0jMDA12U,Brian Tyler Cohen,https://www.youtube.com/channel/UCQANb2YPwAtK-IQJrLaaUFw,2026-02-01T15:25:34.243Z,655.0,661.271,655.0
UPDATE in move to IMPEACH Pam Bondi,https://www.youtube.com/watch?v=Ku5pMYdrc3E,Brian Tyler Cohen,https://www.youtube.com/channel/UCQANb2YPwAtK-IQJrLaaUFw,2026-02-01T15:10:22.979Z,905.0,911.264,905.0
Pam Bondi dealt BAD NEWS from Minnesota governor,https://www.youtube.com/watch?v=dXYnvLE4_Cs,Brian Tyler Cohen,https://www.youtube.com/channel/UCQANb2YPwAtK-IQJrLaaUFw,2026-02-01T14:58:41.138Z,696.0,701.841,696.0
Prosecutor drops BAD NEWS for Bondi amid ICE shooting,https://www.youtube.com/watch?v=f1Sq_7lKOX0,Brian Tyler Cohen,https://www.youtube.com/channel/UCQANb2YPwAtK-IQJrLaaUFw,2026-02-01T14:44:04.052Z,871.0,877.086,871.0
WHOA: Republicans TURN on Trump amid ICE shooting,https://www.youtube.com/watch?v=7Cqa91gm02w,Brian Tyler Cohen,https://www.youtube.com/channel/UCQANb2YPwAtK-IQJrLaaUFw,2026-02-01T13:51:17.793Z,3532.0,3166.259,3166.259
MS NOW reacts to Jack Smith's historic hearing,https://www.youtube.com/watch?v=li5jHuKpayg,MS NOW,https://www.youtube.com/channel/UCaXkIU1QidjPwiAYu6GcHjg,2026-02-01T13:36:35.374Z,2660.0,882.419,882.419
Fox News SKEWERS Trump ON LIVE TV as HE WATCHED IT,https://www.youtube.com/watch?v=6_UaeiPX_h4,MeidasTouch,https://www.youtube.com/channel/UC9r9HYFxEQOBXSopFS61ZWg,2026-02-01T12:52:11.490Z,812.0,2663.884,812.0
“Feels Like a Cover-Up”: Minnesota AG Keith Ellison Slams Trump Admin over Deadly ICE Crackdown,https://www.youtube.com/watch?v=Pc1b0OMXB24,Democracy Now!,https://www.youtube.com/channel/UCzuqE7-t13O4NIDYJfakrhw,2026-02-01T12:34:41.658Z,1395.0,1049.832,1049.832
"""F*ck This"" - ICE Officers Speak Out",https://www.youtube.com/watch?v=qZEKX6urO2A,Really American,https://www.youtube.com/channel/UCpJ7ZS8hK-IOeciv952Xhug,2026-02-01T12:21:08.681Z,883.0,812.977,812.977
Trump’s Rhetoric Creates Victims He Then Blames,https://www.youtube.com/watch?v=E2EPFO2m4bY,Mary Trump Media,https://www.youtube.com/channel/UCSzRlpPbZTA6b8weTKnSHlA,2026-02-01T12:16:36.703Z,1180.0,271.978,271.978
Trump PANICS on AIR FORCE ONE as Files CRUSH HIS TERM!!!,https://www.youtube.com/watch?v=RWNZOP3Bac4,MeidasTouch,https://www.youtube.com/channel/UC9r9HYFxEQOBXSopFS61ZWg,2026-02-01T12:09:17.437Z,944.0,439.266,439.266
"IHIP News: 🚨 Ex-ICE INSIDER EXPOSES Cruel Practices, It's Even WORSE Than You Imagined!",https://www.youtube.com/watch?v=AvZlYDXQPjk,I've Had It,https://www.youtube.com/channel/UCZ5cvDR2HhVUcdVoTvvQKLw,2026-02-01T12:08:31.743Z,2871.0,45.694,45.694
IHIP News: 🚨 Trump's WH in FREE FALL As Miller ICED OUT of SECRET Meetings & Noem BLAMING HIM!,https://www.youtube.com/watch?v=ZjHlMkAHAV0,I've Had It,https://www.youtube.com/channel/UCZ5cvDR2HhVUcdVoTvvQKLw,2026-02-01T11:50:40.909Z,1065.0,1070.834,1065.0
IHIP News: 🚨 Trump DESTROYED By New EPSTEIN BOMBSHELL Drop! He's ALL Over Them!,https://www.youtube.com/watch?v=QXx0jWoP6RE,I've Had It,https://www.youtube.com/channel/UCZ5cvDR2HhVUcdVoTvvQKLw,2026-02-01T11:09:13.256Z,2481.0,2487.653,2481.0
🚨GOP has SHOCK LOSS in TEXAS ELECTION on Saturday Night!!!,https://www.youtube.com/watch?v=vhI_hwhyDFc,MeidasTouch,https://www.youtube.com/channel/UC9r9HYFxEQOBXSopFS61ZWg,2026-02-01T11:08:26.588Z,887.0,46.668,46.668
This Week in Politics | Explainer,https://www.youtube.com/watch?v=WbIJBf59q5E,Heather Cox Richardson,https://www.youtube.com/channel/UCnbKOlm6H9njgmN-Yil90Rg,2026-02-01T11:07:06.782Z,2682.0,79.806,79.806
Minnesota DOC holds press conference on ICE detainers,https://www.youtube.com/watch?v=eFofkRmchII,ABC 6 News - KAAL TV,https://www.youtube.com/channel/UC3iJFDLIMrruDC1qMlYIEHg,2026-02-01T10:43:56.625Z,1384.0,1390.157,1384.0
Trump and ICE Sink To New Low In Shock Move,https://www.youtube.com/watch?v=Z6lWX0FZeNU,Pod Save America,https://www.youtube.com/channel/UCKRoXz3hHAu2XL_k3Ef4vJQ,2026-02-01T09:24:17.515Z,4773.0,4779.11,4773.0
The Killing Of Alex Pretti Splits MAGA In Turning Point,https://www.youtube.com/watch?v=1N8o7Sp4jDU,Pod Save America,https://www.youtube.com/channel/UCKRoXz3hHAu2XL_k3Ef4vJQ,2026-02-01T07:57:13.719Z,5218.0,5223.796,5218.0
ICE & Border Patrol Face Intense National Backlash After Second Deadly Shooting in MN: A Closer Look,https://www.youtube.com/watch?v=m3otpjno0UQ,Late Night with Seth Meyers,https://www.youtube.com/channel/UCVTyTA7-g9nopHeHbeuvpRA,2026-02-01T07:46:06.021Z,662.0,667.698,662.0
"Trump Says He'll Withdraw ICE Agents from Minneapolis ""At Some Point""",https://www.youtube.com/watch?v=6RWk4co_SzQ,Late Night with Seth Meyers,https://www.youtube.com/channel/UCVTyTA7-g9nopHeHbeuvpRA,2026-02-01T07:30:27.290Z,933.0,938.731,933.0
"Trump Has a Nasty New Bruise, Launches Board of Peace & Jimmy Kimmel Breaks Down the FCC’s Threats",https://www.youtube.com/watch?v=w5no2b-iHWM,Jimmy Kimmel Live,https://www.youtube.com/channel/UCa6vGFO9ty8v5KZJXQxdhaw,2026-02-01T07:12:30.189Z,1071.0,1077.101,1071.0
Trump Thinks The Only Way To Stay In Power Is By Destroying America,https://www.youtube.com/watch?v=V_UL57Hcz2E,David Feldman,https://www.youtube.com/channel/UCPx_etxYtUYRyrdOszrDA0g,2026-02-01T06:12:47.735Z,3576.0,3582.454,3576.0
"TRUMP is an EVIL CONMAN, Rubio Quotes Coolio??",https://www.youtube.com/watch?v=ArQvIae0j0c,christophertitustv,https://www.youtube.com/channel/UCNUTZU0Xh8Aem_RlYkSSLrQ,2026-02-01T06:04:32.828Z,488.0,494.907,488.0
Why Even Trump Is Annoyed at Melania's Doc: Wolff | Inside Trump's Head,https://www.youtube.com/watch?v=cUN_FVN6kMo,The Daily Beast,https://www.youtube.com/channel/UC7qZ_e097NBkgOljy1joVRA,2026-02-01T05:57:07.955Z,3059.0,444.873,444.873
https://www.youtube.com/watch?v=kFLLgqQfEgg,https://www.youtube.com/watch?v=kFLLgqQfEgg,,,2026-02-01T05:24:59.692Z,,1928.263,1928.263
MTG SCREWS Trump On Way OUT!,https://www.youtube.com/watch?v=QKtSXxaMmD8,Really American,https://www.youtube.com/channel/UCpJ7ZS8hK-IOeciv952Xhug,2026-02-01T05:16:33.389Z,544.0,506.303,506.303
Mike Fanone: This Is an Authoritarian Fascist Takeover,https://www.youtube.com/watch?v=WsQyy-dmNVg,Lincoln Square,https://www.youtube.com/channel/UCkBrtQrHN6Lc3vJUzXT0m6A,2026-02-01T05:15:32.666Z,522.0,60.723,60.723
Trump Suffers MASSIVE CRISIS AS BAD NEWS HITS,https://www.youtube.com/watch?v=o9rO_5J8F1Y,MeidasTouch,https://www.youtube.com/channel/UC9r9HYFxEQOBXSopFS61ZWg,2026-02-01T05:15:12.101Z,1441.0,20.565,20.565
Trump DARK PAST Haunts him as SECRET TIES REVEALED,https://www.youtube.com/watch?v=zKk00ppbDSA,MeidasTouch,https://www.youtube.com/channel/UC9r9HYFxEQOBXSopFS61ZWg,2026-02-01T04:59:08.648Z,1537.0,963.453,963.453
15 Human Foods Cats Actually Need More Than Cat Food ( Less Cost -  More Health ),https://www.youtube.com/watch?v=55pany7vgZs,Cats Insider ,https://www.youtube.com/channel/UCi7WrTo9M4qVVZ9qhYuUmIQ,2026-02-01T04:39:54.522Z,1148.0,1154.126,1148.0
"Minnesota governor deals BAD NEWS for Trump, Noem, and ICE",https://www.youtube.com/watch?v=WMBL5ud_79I,Brian Tyler Cohen,https://www.youtube.com/channel/UCQANb2YPwAtK-IQJrLaaUFw,2026-02-01T04:38:48.122Z,876.0,66.4,66.4
Justice Department CAUGHT pulling Epstein CON,https://www.youtube.com/watch?v=08HipfjVsaY,Brian Tyler Cohen,https://www.youtube.com/channel/UCQANb2YPwAtK-IQJrLaaUFw,2026-02-01T04:22:32.631Z,969.0,975.491,969.0
"Judge LOSES IT, demolishes Trump in court",https://www.youtube.com/watch?v=8HtoHKvq6-Q,Brian Tyler Cohen,https://www.youtube.com/channel/UCQANb2YPwAtK-IQJrLaaUFw,2026-02-01T04:07:54.828Z,872.0,877.803,872.0
🚨AG Bondi HIDES from Public as Trump TURNS AGAINST HER,https://www.youtube.com/watch?v=KixWp0M0cb4,MeidasTouch,https://www.youtube.com/channel/UC9r9HYFxEQOBXSopFS61ZWg,2026-02-01T03:48:14.877Z,1173.0,1179.951,1173.0
Trump Already Picked His Next Supreme Court Justice – and He's Worse Than You Can Imagine,https://www.youtube.com/watch?v=9rZFa6evHYk,Sen. Adam Schiff,https://www.youtube.com/channel/UCadiUi-KZoFk1K5ZDsluLcA,2026-02-01T03:37:14.594Z,720.0,660.283,660.283
Trump's Bigot in Chief,https://www.youtube.com/watch?v=KRqTWe7ZV2s,Sen. Adam Schiff,https://www.youtube.com/channel/UCadiUi-KZoFk1K5ZDsluLcA,2026-02-01T03:27:43.464Z,565.0,571.13,565.0
"1 Cup Will Tell Your KIDNEYS to Never Give Up | Dr Alan Mandell, DC",https://www.youtube.com/watch?v=4DreH-07sRI,motivationaldoc,https://www.youtube.com/channel/UCKcWSiffY8MpZ3NKav8LeRA,2026-02-01T03:21:25.933Z,371.0,377.531,371.0
Trump REGIME RIPPED APART by WHISTLEBLOWER Lawyer,https://www.youtube.com/watch?v=OSKAuDwylps,Katie Phang,https://www.youtube.com/channel/UCZl9z2UMvN9mwpUoU9-E9bA,2026-02-01T03:20:40.040Z,1787.0,45.893,45.893
Jim Acosta issues Trump SMACKDOWN amid Don Lemon arrest,https://www.youtube.com/watch?v=9fFkszHJ8gM,Brian Tyler Cohen,https://www.youtube.com/channel/UCQANb2YPwAtK-IQJrLaaUFw,2026-02-01T03:06:48.284Z,970.0,831.756,831.756
Trump FACT CHECKED to HIS FACE as KARMA IS SERVED!!!,https://www.youtube.com/watch?v=psnrXXb4VrM,MeidasTouch,https://www.youtube.com/channel/UC9r9HYFxEQOBXSopFS61ZWg,2026-02-01T02:39:08.479Z,1653.0,1659.805,1653.0
The Kids Who Led the Resistance Against the Nazis,https://www.youtube.com/watch?v=kBPFeEPaLhw,Fact Quickie,https://www.youtube.com/channel/UCy8LfEjAzL-5ZHgLUmeExUA,2026-02-01T02:38:43.611Z,1866.0,24.868,24.868
Leader Jeffries on MS Now's PoliticsNation,https://www.youtube.com/watch?v=S6fIB9GizyA,Rep. Jeffries,https://www.youtube.com/channel/UCYVmbsjoNbQ4j-PCQIYgpWQ,2026-02-01T02:14:19.641Z,1088.0,1463.97,1088.0
Brain Drain Erupts Under Trump Regime,https://www.youtube.com/watch?v=h4vqjZ8itKc,Mary Trump Media,https://www.youtube.com/channel/UCSzRlpPbZTA6b8weTKnSHlA,2026-02-01T02:04:39.058Z,574.0,580.583,574.0
"Republican Voters' Confidence In Trump's Mental, Physical Health Slips In Latest Poll",https://www.youtube.com/watch?v=44n2svtGGg8,Forbes Breaking News,https://www.youtube.com/channel/UCg40OxZ1GYh3u3jBntB6DLg,2026-02-01T01:58:46.234Z,87.0,352.824,87.0
One Exhausting Year | Americans Pay For Trump's Tariffs | No Obligation To Make Peace,https://www.youtube.com/watch?v=-Mk_DD5inuc,The Late Show with Stephen Colbert,https://www.youtube.com/channel/UCMtFAi84ehTSYSE9XoHefig,2026-02-01T01:56:34.926Z,711.0,131.308,131.308
The Secret Police Fitness Test | Smoking Diplomacy | Sexualized Human-Dog Hybrids At Mar-a-Lago,https://www.youtube.com/watch?v=Ak11FfvTrMc,The Late Show with Stephen Colbert,https://www.youtube.com/channel/UCMtFAi84ehTSYSE9XoHefig,2026-02-01T01:44:09.954Z,739.0,744.972,739.0
"Bye Bye, Bovino | Noem Is The Face Of Trump's ICE Mess | Presidential Decay | The ""Melania"" Disaster",https://www.youtube.com/watch?v=FWliY79mnm8,The Late Show with Stephen Colbert,https://www.youtube.com/channel/UCMtFAi84ehTSYSE9XoHefig,2026-02-01T01:31:29.841Z,754.0,760.113,754.0
"Trump Scrambles to Clean Up Mess in Minneapolis, Calls Protesters Paid Agitators & A Snow Day Prank!",https://www.youtube.com/watch?v=FWjnx_zkD70,Jimmy Kimmel Live,https://www.youtube.com/channel/UCa6vGFO9ty8v5KZJXQxdhaw,2026-02-01T01:17:17.783Z,846.0,852.058,846.0
Adam Mockler BULLIES MAGA Goons ON LIVE TV,https://www.youtube.com/watch?v=tO1KCTmYI-A,Pondering Politics,https://www.youtube.com/channel/UCbU6Rve0XMNZ2a2yaYgjlTA,2026-02-01T01:02:29.888Z,901.0,887.895,887.895
LIVE: Epstein BOMBSHELLS and Trump’s ATTACK on US LAWS!! | Legal AF,https://www.youtube.com/watch?v=1vHaoTqOhZY,MeidasTouch,https://www.youtube.com/channel/UC9r9HYFxEQOBXSopFS61ZWg,2026-02-01T01:01:08.142Z,5385.0,81.746,81.746
Masked Secret Police Are Not Victims | The Truth About Alex Pretti | What Would The Founders Do?,https://www.youtube.com/watch?v=ky5B7xrontY,The Late Show with Stephen Colbert,https://www.youtube.com/channel/UCMtFAi84ehTSYSE9XoHefig,2026-02-01T00:50:26.039Z,705.0,642.103,642.103
"Pete Doesn't Hold Back, Blasts Trump & Noem",https://www.youtube.com/watch?v=KfIs_SDGcEM,Pete Buttigieg,https://www.youtube.com/channel/UCxauM3N4Nb47HG6PuDMh0Ow,2026-02-01T00:34:27.096Z,953.0,958.943,953.0
Democrat HUMILIATES Hannity ON HIS OWN SHOW,https://www.youtube.com/watch?v=O_yGW-lGzzg,Pondering Politics,https://www.youtube.com/channel/UCbU6Rve0XMNZ2a2yaYgjlTA,2026-02-01T00:15:45.420Z,1116.0,1121.676,1116.0
🚨Trump DOJ COLLAPSES as NO ONE SHOWS UP!!,https://www.youtube.com/watch?v=TpX-PYZRYTk,MeidasTouch,https://www.youtube.com/channel/UC9r9HYFxEQOBXSopFS61ZWg,2026-02-01T00:14:46.411Z,913.0,59.009,59.009
Latest details after fishing boat Lily Jean sinks off Gloucester with 7 on board,https://www.youtube.com/watch?v=tvsZSlGvm20,CBS Boston,https://www.youtube.com/channel/UCi4fcBVyo4CAnmdgXeO-NvA,2026-02-01T00:14:43.903Z,1991.0,2.508,2.508
Trump gets BETRAYED by MAGA PODCASTERS at WORST TIME!!,https://www.youtube.com/watch?v=nA0zOoGrELo,MeidasTouch,https://www.youtube.com/channel/UC9r9HYFxEQOBXSopFS61ZWg,2026-02-01T00:14:15.923Z,1689.0,27.98,27.98
Trump dealt NIGHTMARE NEWS amid ICE shootings,https://www.youtube.com/watch?v=9RQj17eB4oY,Brian Tyler Cohen,https://www.youtube.com/channel/UCQANb2YPwAtK-IQJrLaaUFw,2026-01-31T22:24:39.901Z,905.0,6576.022,905.0
Prosecutor drops BAD NEWS on Greg Bovino,https://www.youtube.com/watch?v=r3ja_tuYHX4,Brian Tyler Cohen,https://www.youtube.com/channel/UCQANb2YPwAtK-IQJrLaaUFw,2026-01-31T22:09:00.052Z,933.0,939.849,933.0
OMG: Trump allies ABANDON him over ICE shooting | Another Day,https://www.youtube.com/watch?v=DjCaGHb3Khg,Brian Tyler Cohen,https://www.youtube.com/channel/UCQANb2YPwAtK-IQJrLaaUFw,2026-01-31T21:57:49.755Z,664.0,670.297,664.0
BREAKING: Top ICE official LOSES HIS JOB,https://www.youtube.com/watch?v=-DOGqbc6rj0,Brian Tyler Cohen,https://www.youtube.com/channel/UCQANb2YPwAtK-IQJrLaaUFw,2026-01-31T21:48:05.369Z,578.0,584.386,578.0
BREAKING: Trump suffers HUGE LOSS in Minnesota,https://www.youtube.com/watch?v=b-OTA3GEmfA,Brian Tyler Cohen,https://www.youtube.com/channel/UCQANb2YPwAtK-IQJrLaaUFw,2026-01-31T21:37:49.817Z,610.0,615.552,610.0
BREAKING UPDATE in Kristi Noem IMPEACHMENT,https://www.youtube.com/watch?v=bEJ0jMDA12U,Brian Tyler Cohen,https://www.youtube.com/channel/UCQANb2YPwAtK-IQJrLaaUFw,2026-01-31T21:26:48.559Z,655.0,661.258,655.0
UPDATE in move to IMPEACH Pam Bondi,https://www.youtube.com/watch?v=Ku5pMYdrc3E,Brian Tyler Cohen,https://www.youtube.com/channel/UCQANb2YPwAtK-IQJrLaaUFw,2026-01-31T21:11:37.046Z,905.0,911.513,905.0
Epstein Dumps on Trump Again | The Coffee Klatch with Robert Reich,https://www.youtube.com/watch?v=xsioa_zP7iQ,Robert Reich,https://www.youtube.com/channel/UCuDv5p8E-evaRSh542hDV5g,2026-01-31T20:30:35.893Z,2493.0,2461.153,2461.153
IHIP News: EXPERTS Warn of Trump's Fast DECLINE & MAGA PANICS to Pick SUCCESSOR! The Cult is DYING!,https://www.youtube.com/watch?v=S1KEruiLv2o,I've Had It,https://www.youtube.com/channel/UCZ5cvDR2HhVUcdVoTvvQKLw,2026-01-31T20:25:26.813Z,1730.0,309.08,309.08
"IHIP News: Ted Cruz CAUGHT on HOT Mic TRASHING Trump as He Responds ""F**CK YOU, TED!""",https://www.youtube.com/watch?v=yj5Gl0ILkbw,I've Had It,https://www.youtube.com/channel/UCZ5cvDR2HhVUcdVoTvvQKLw,2026-01-31T20:02:25.063Z,1376.0,1381.75,1376.0
BREAKING: Marc Elias CRUSHES Trump in court,https://www.youtube.com/watch?v=ICEZFz8NM7k,Brian Tyler Cohen,https://www.youtube.com/channel/UCQANb2YPwAtK-IQJrLaaUFw,2026-01-31T19:50:15.250Z,705.0,729.813,705.0
"BREAKING: Greg Bovino Taking Early Retirement, Quitting Government, According to Atlantic",https://www.youtube.com/watch?v=g-61_3JuXX8,David Feldman,https://www.youtube.com/channel/UCPx_etxYtUYRyrdOszrDA0g,2026-01-31T19:40:39.059Z,3580.0,576.191,576.191
Kristi Noem Throws TANTRUM FIT After South Park Humiliated Her In SHOCKING Episode!,https://www.youtube.com/watch?v=TYlHI6E9Qr4,Traitor Triumph,https://www.youtube.com/channel/UCLtE-fE4iIRX5DcFmRNo_Fg,2026-01-31T19:28:32.298Z,745.0,726.761,726.761
https://www.youtube.com/watch?v=U4N_9p0GNXQ,https://www.youtube.com/watch?v=U4N_9p0GNXQ,,,2026-01-31T19:24:03.922Z,,268.376,268.376
All EYES on the WHITE HOUSE for THIS?,https://www.youtube.com/watch?v=-vUPuRs6qV8,Mary Trump Media,https://www.youtube.com/channel/UCSzRlpPbZTA6b8weTKnSHlA,2026-01-31T19:11:35.364Z,694.0,748.558,694.0
Trump has AWFUL SATURDAY as Americans WANT HIM OUT,https://www.youtube.com/watch?v=MuYmnmoo3bk,MeidasTouch,https://www.youtube.com/channel/UC9r9HYFxEQOBXSopFS61ZWg,2026-01-31T19:08:19.958Z,969.0,195.406,195.406
Jon Stewart on Who Trump’s Big Beautiful Bill Really Helps — and Hurts | The Daily Show,https://www.youtube.com/watch?v=jF8mNnuNvEA,The Daily Show,https://www.youtube.com/channel/UCwWhs_6x42TyRM4Wstoq8HA,2026-01-31T18:51:00.015Z,1395.0,1039.943,1039.943
"Jon on Alex Pretti Shooting & Desi on ""Melania"" Doc and Ilhan Omar Attack | The Daily Show",https://www.youtube.com/watch?v=lzaytWaRxsk,The Daily Show,https://www.youtube.com/channel/UCwWhs_6x42TyRM4Wstoq8HA,2026-01-31T18:06:30.939Z,2663.0,2669.076,2663.0
Trump GETS CAUGHT as 3 MILLION Epstein Files REMAIN MISSING!!,https://www.youtube.com/watch?v=xJADThgt8lQ,MeidasTouch,https://www.youtube.com/channel/UC9r9HYFxEQOBXSopFS61ZWg,2026-01-31T17:31:02.480Z,2122.0,2128.459,2122.0
"Epstein files release has references to Trump, other powerful figures",https://www.youtube.com/watch?v=FCb02Un9TOo,CNN,https://www.youtube.com/channel/UCupvZG-5ko_eiXAupbDfxWw,2026-01-31T17:30:21.443Z,655.0,41.037,41.037
Judge Cannon SCREWS UP Plan for Trump…Possible APPEAL?!,https://www.youtube.com/watch?v=Lmt9gbJZUSA,MeidasTouch,https://www.youtube.com/channel/UC9r9HYFxEQOBXSopFS61ZWg,2026-01-31T16:15:47.075Z,972.0,4474.368,972.0
Trump’s HEALTH CRASHES as TOP LAWYER Calls for HELP!!!,https://www.youtube.com/watch?v=tuLQWsKxdno,MeidasTouch,https://www.youtube.com/channel/UC9r9HYFxEQOBXSopFS61ZWg,2026-01-31T16:02:01.439Z,820.0,825.636,820.0
Why Republicans Are Finally Abandoning Trump | David Pakman,https://www.youtube.com/watch?v=MZExJhheZ54,Democracy Docket,https://www.youtube.com/channel/UCWmMgbc1g6g5O8Tn_-k5qgA,2026-01-31T15:21:04.776Z,2429.0,2456.663,2429.0
WARNING: Trump’s Fascist Takeover Has Accelerated | Ruth Ben-Ghiat,https://www.youtube.com/watch?v=hAAj7kemCuc,Democracy Docket,https://www.youtube.com/channel/UCWmMgbc1g6g5O8Tn_-k5qgA,2026-01-31T14:27:10.601Z,3228.0,3234.175,3228.0
ICE must get out of Minnesota now. It must get out of Maine now.,https://www.youtube.com/watch?v=CQnQZqL9p9c,Senator Bernie Sanders,https://www.youtube.com/channel/UCD_DaKNac0Ta-2PeHuoQ1uA,2026-01-31T13:54:28.418Z,1956.0,1962.183,1956.0
Tim Walz says Trump administration is “trying to twist reality” in Minnesota | NPR,https://www.youtube.com/watch?v=amTa8Fz96vQ,NPR,https://www.youtube.com/channel/UCJnS2EsPfv46u1JR8cnD0NA,2026-01-31T13:34:41.448Z,1181.0,1186.97,1181.0
FURIOUS GOP Judge UNLEASHES on Trump in OPEN COURT in MN!!,https://www.youtube.com/watch?v=MPAV-R89J8k,MeidasTouch,https://www.youtube.com/channel/UC9r9HYFxEQOBXSopFS61ZWg,2026-01-31T13:24:23.862Z,612.0,617.586,612.0
"‘HIS DARK VISION OF AMERICA’ Slotkin Torches Trump, Rains Hell on Stephen Miller & Kristi Noem | ICE",https://www.youtube.com/watch?v=WidLk-PLtuQ,Hook Global,https://www.youtube.com/channel/UCyri-PL3l4Dn9IooWXQAqfA,2026-01-31T12:56:34.452Z,332907.0,1669.41,1669.41
Trump LOSES IT as HUGE PROTESTS Demand IMPEACHMENT!!,https://www.youtube.com/watch?v=9cIzSnNvGvY,MeidasTouch,https://www.youtube.com/channel/UC9r9HYFxEQOBXSopFS61ZWg,2026-01-31T12:42:10.826Z,834.0,863.626,834.0
On Megyn Kelly's Remarks on Alex Pretti,https://www.youtube.com/watch?v=TExKD8Ad4lA,Robert Arnold ,https://www.youtube.com/channel/UCCXljx9lsaAUJrVzRdoPhXg,2026-01-31T12:07:10.622Z,379.0,2100.204,379.0
Stephen Miller’s OWN FAMILY Sounds the Alarm,https://www.youtube.com/watch?v=yISAsnjtsxc,Rebel HQ,https://www.youtube.com/channel/UCuMo0RRtnNDuMB8DV5stEag,2026-01-31T12:06:51.746Z,492.0,18.876,18.876
Finally Super Bowl Nukes Noem And Makes Her Quit In Shocking Move,https://www.youtube.com/watch?v=eVAlSZIw5bI,Jack Cocchiarella,https://www.youtube.com/channel/UC7ddSzBrkukSCJzMIXfGEdg,2026-01-31T12:02:12.087Z,831.0,279.659,279.659
Your Android Phone Tracking You And Listening. TURN THIS OFF,https://www.youtube.com/watch?v=Tw1wX9sbstw,Trevor Nace,https://www.youtube.com/channel/UCU5pjAzVVE68WbU9KbAB6QA,2026-01-31T11:57:36.879Z,293.0,275.208,275.208
IHIP News: 🚨 Trump FIRES Head ICE Officer as PANIC & FEAR Over Looming IMPEACHMENT Threats Grow!,https://www.youtube.com/watch?v=N4BTJAw_asM,I've Had It,https://www.youtube.com/channel/UCZ5cvDR2HhVUcdVoTvvQKLw,2026-01-31T11:53:31.661Z,1310.0,245.218,245.218
IHIP News: 🚨 Trump Wants Stephen Miller GONE as Republicans Call For HIS REMOVAL in Public ATTACKS!,https://www.youtube.com/watch?v=SZ6pP3lDFac,I've Had It,https://www.youtube.com/channel/UCZ5cvDR2HhVUcdVoTvvQKLw,2026-01-31T11:51:14.406Z,1369.0,137.255,137.255
Hakeem Jeffries Issues Ultimatum To Trump On Kristi Noem: 'Remove Her Or Face Impeachment' | US News,https://www.youtube.com/watch?v=in0KzUk6vFI,Hook Global,https://www.youtube.com/channel/UCyri-PL3l4Dn9IooWXQAqfA,2026-01-31T11:24:38.434Z,1444.0,1595.972,1444.0
Trump gets BAD NEWS about Don Lemon arrest,https://www.youtube.com/watch?v=QXo33M33Mz4,Brian Tyler Cohen,https://www.youtube.com/channel/UCQANb2YPwAtK-IQJrLaaUFw,2026-01-31T11:21:04.327Z,962.0,214.107,214.107
"Buckle Up, There Are MORE Crazy Epstein Emails",https://www.youtube.com/watch?v=XE_lO-n4zHg,The Bulwark,https://www.youtube.com/channel/UCG4Hp1KbGw4e02N7FpPXDgQ,2026-01-31T10:53:52.840Z,1640.0,1631.487,1631.487
Trump LOSES IT as Country WANTS HIM OUT…NOW!!!!,https://www.youtube.com/watch?v=wpJYeSNnK8g,MeidasTouch,https://www.youtube.com/channel/UC9r9HYFxEQOBXSopFS61ZWg,2026-01-31T10:38:31.528Z,943.0,921.312,921.312
https://www.youtube.com/watch?v=91x6Kcaihw8,https://www.youtube.com/watch?v=91x6Kcaihw8,,,2026-01-31T09:35:21.634Z,,3789.894,3789.894
We CANNOT Let Trump ARREST JOURNALISTS w/ George Conway,https://www.youtube.com/watch?v=y5AOUTbrEzg,Fast Politics w/ Molly Jong-Fast,https://www.youtube.com/channel/UCZBa6jNegMZjpYOE9z8oz7g,2026-01-31T09:34:41.820Z,1151.0,39.814,39.814
How to Stop Christian Nationalism | Tim Whitaker of The New Evangelicals,https://www.youtube.com/watch?v=TM0LNn605sE,VALOR Media Network,https://www.youtube.com/channel/UC28pQS7vRVO2X0tnFxzkgCQ,2026-01-31T08:42:28.446Z,5056.0,3133.374,3133.374
Graham Issues Brutal Response To Reports White House 'Doesn't Like' His Opposition To Funding Bill,https://www.youtube.com/watch?v=iLTVK-f3VIs,Forbes Breaking News,https://www.youtube.com/channel/UCg40OxZ1GYh3u3jBntB6DLg,2026-01-31T08:26:06.316Z,46.0,982.13,46.0
Republicans move to IMPEACH NOEM as DAM BREAKS,https://www.youtube.com/watch?v=k0P_49Oihic,Brian Tyler Cohen,https://www.youtube.com/channel/UCQANb2YPwAtK-IQJrLaaUFw,2026-01-31T08:24:22.239Z,4140.0,104.077,104.077
MS NOW Highlights - Jan. 30,https://www.youtube.com/watch?v=p4t3dh9e4bI,MS NOW,https://www.youtube.com/channel/UCaXkIU1QidjPwiAYu6GcHjg,2026-01-31T07:47:06.128Z,2230.0,2236.111,2230.0
https://www.youtube.com/watch?v=SRet1ymN3yo,https://www.youtube.com/watch?v=SRet1ymN3yo,,,2026-01-31T07:07:57.590Z,,2348.538,2348.538
FURIOUS Canada STRIKES BACK after Trump’s SECESSION THREATS!!,https://www.youtube.com/watch?v=6pnHBXQMe_s,MeidasTouch,https://www.youtube.com/channel/UC9r9HYFxEQOBXSopFS61ZWg,2026-01-31T06:55:17.357Z,1267.0,760.233,760.233
https://www.youtube.com/watch?v=nVHZag_sQC8,https://www.youtube.com/watch?v=nVHZag_sQC8,,,2026-01-31T06:25:04.279Z,,1813.078,1813.078
Trump SINKS to NEW LOW as Operation TURNS into DISASTER,https://www.youtube.com/watch?v=0-TukIqiQNg,MeidasTouch,https://www.youtube.com/channel/UC9r9HYFxEQOBXSopFS61ZWg,2026-01-31T06:22:47.974Z,640.0,136.305,136.305
"Overtime with Bill Maher: Joe Scarborough, Marjorie Taylor Greene (HBO)",https://www.youtube.com/watch?v=iKlPAWFAc2Y,Real Time with Bill Maher,https://www.youtube.com/channel/UCy6kyFxaMqGtpE3pQTflK8A,2026-01-31T05:59:51.277Z,1361.0,1376.697,1361.0
"Infighting, Leaks, and Panic Inside Trump’s Inner Circle",https://www.youtube.com/watch?v=yr42S0ClXsU,Adam Kinzinger,https://www.youtube.com/channel/UCQR48yfPOO656Y9SxHhZU5Q,2026-01-31T05:39:52.951Z,1770.0,1198.326,1198.326
Something Is Changing In America After Alex Pretti,https://www.youtube.com/watch?v=aKdKiWvzHyM,Pod Save America,https://www.youtube.com/channel/UCKRoXz3hHAu2XL_k3Ef4vJQ,2026-01-31T05:39:31.675Z,7403.0,21.276,21.276
6 Daily Habits That Make Your Cat Feel Deeply Loved | That's How Cats Know You Love Them..,https://www.youtube.com/watch?v=Syi3pg6QVug,Cat Class,https://www.youtube.com/channel/UC0Ynsq5-09OsrssVvdAPy3A,2026-01-31T05:12:53.116Z,567.0,1598.559,567.0
Washington Gov. Ferguson is preparing for 'worst-case' ICE scenario,https://www.youtube.com/watch?v=TYc_bl_U-Kw,KOMO News,https://www.youtube.com/channel/UC__2_0RJ8XnHt2angfw6S1Q,2026-01-31T05:09:37.686Z,2081.0,195.43,195.43
Jimmy Kimmel on the Vile and Heartless Murder of Nurse Alex Pretti by ICE in Minneapolis,https://www.youtube.com/watch?v=P2WsfwD45cc,Jimmy Kimmel Live,https://www.youtube.com/channel/UCa6vGFO9ty8v5KZJXQxdhaw,2026-01-31T04:52:13.317Z,1038.0,1044.369,1038.0
"Jon on Alex Pretti's Killing, DHS vs. Video Evidence & MAGA's Gun Rights Surrender | The Daily Show",https://www.youtube.com/watch?v=I-eNduwugmY,The Daily Show,https://www.youtube.com/channel/UCwWhs_6x42TyRM4Wstoq8HA,2026-01-31T04:28:40.547Z,1407.0,1412.77,1407.0
Americans Hate Trump's Gestapo | Behind the Numbers w/ Rick & Andrew Wilson,https://www.youtube.com/watch?v=eCI6hSyXjOw,Lincoln Square,https://www.youtube.com/channel/UCkBrtQrHN6Lc3vJUzXT0m6A,2026-01-31T03:51:49.288Z,2205.0,2211.259,2205.0
Republicans Abandon Ship | Behind the Numbers with Rick & Andrew Wilson,https://www.youtube.com/watch?v=3Cy5yl4T0RI,Lincoln Square,https://www.youtube.com/channel/UCkBrtQrHN6Lc3vJUzXT0m6A,2026-01-31T03:14:44.368Z,2219.0,2224.92,2219.0
The Erika Kirk Rumors Were True...,https://www.youtube.com/watch?v=FRzJ6j5dwQM,Really American,https://www.youtube.com/channel/UCpJ7ZS8hK-IOeciv952Xhug,2026-01-31T03:10:44.826Z,645.0,239.542,239.542
"Melania Movie FLOPS At Box Offices, Humiliating The Trumps",https://www.youtube.com/watch?v=Lnv_w8fO5wg,Rebel HQ,https://www.youtube.com/channel/UCuMo0RRtnNDuMB8DV5stEag,2026-01-31T03:10:07.542Z,493.0,37.284,37.284
Don Lemon Arrested!,https://www.youtube.com/watch?v=Bt3Sbf8Ea9Y,Glenn Kirschner,https://www.youtube.com/channel/UCrWmonkmTk5NbvmVnc7f70w,2026-01-31T02:36:42.475Z,2496.0,2005.067,2005.067
Epstein Files Explode as Trump Named,https://www.youtube.com/watch?v=wejD2BPoN-8,Mary Trump Media,https://www.youtube.com/channel/UCSzRlpPbZTA6b8weTKnSHlA,2026-01-31T02:12:35.917Z,2196.0,1446.558,1446.558
🚨FULL 3 MILLION Epstein DOJ DOCUMENTS EXPOSED!!,https://www.youtube.com/watch?v=hHQ6LRhH9_c,MeidasTouch,https://www.youtube.com/channel/UC9r9HYFxEQOBXSopFS61ZWg,2026-01-31T01:44:46.300Z,2044.0,1669.617,1669.617
"Game Over, Assholes: The Economy Chose Violence",https://www.youtube.com/watch?v=24-S0NPcwZU,The Lincoln Project,https://www.youtube.com/channel/UCpYCxV51bykhMY-wSUozQRg,2026-01-31T01:00:13.393Z,2003.0,2672.907,2003.0
Congress STRIKES BACK against Trump amid BALLOT SEIZURE,https://www.youtube.com/watch?v=nTvjuFEDQT8,Brian Tyler Cohen,https://www.youtube.com/channel/UCQANb2YPwAtK-IQJrLaaUFw,2026-01-31T00:59:29.748Z,967.0,43.645,43.645
'A line we as a country cannot uncross’: Nicolle Wallace reacts to Don Lemon’s arrest over protest,https://www.youtube.com/watch?v=oKjHQOjDwQ8,MS NOW,https://www.youtube.com/channel/UCaXkIU1QidjPwiAYu6GcHjg,2026-01-31T00:49:11.176Z,612.0,618.572,612.0
Don Lemon speaks at courthouse after indictment,https://www.youtube.com/watch?v=_gYeUHvnsbs,MS NOW,https://www.youtube.com/channel/UCaXkIU1QidjPwiAYu6GcHjg,2026-01-31T00:43:55.028Z,285.0,316.148,285.0
FURIOUS Sheriff BREAKS SILENCE After Trump’s ICE Murder | On Democracy,https://www.youtube.com/watch?v=OUoxGFNe6LU,MeidasTouch,https://www.youtube.com/channel/UC9r9HYFxEQOBXSopFS61ZWg,2026-01-31T00:42:18.224Z,2229.0,96.804,96.804
