title,link,channel,channel_link,date,video_length,time_diff,watch_time
explaining the rise of KATSEYE if you're employed and wanna know the tea,https://www.youtube.com/watch?v=w516PDHttp0,Amanda Todhunter,https://www.youtube.com/channel/UCRM-7S6Y8_SaTY9zyr_lV9A,2026-03-11T12:41:30.141Z,3870.0,,3870.0
Manon went on hiatus and things got INSANE,https://www.youtube.com/watch?v=Gwj0h8uz8O4,Extra Ashley,https://www.youtube.com/channel/UCjFlyp6Ntk7mfenzYdQzL5Q,2026-03-11T11:59:38.094Z,1490.0,2512.047,1490.0
The Massage That Nearly Finished Me,https://www.youtube.com/watch?v=-P8--AN_bn8,Josh Johnson,https://www.youtube.com/channel/UCLuYADJ6hESLHX87JnsGbjA,2026-03-11T02:33:43.484Z,2249.0,33954.61,2249.0
"Bridgerton season 4, Cinderella, and the upstairs/downstairs of it all",https://www.youtube.com/watch?v=zUJOXv5nyGE,Dove Makes,https://www.youtube.com/channel/UCIDZqs3E7Gw7mx4lu18mBjA,2026-03-10T21:01:45.375Z,3726.0,19918.109,3726.0
The Disney Love Triangle Curse,https://www.youtube.com/watch?v=2eDFrwJm-tM,Ashley Norton,https://www.youtube.com/channel/UCIJb-CXWLZvNg-6sIel_TiA,2026-03-10T20:02:38.012Z,3547.0,3547.363,3547.0
Eating Crow: How Benjen Stark Died (ASOIAF Theory),https://www.youtube.com/watch?v=p0y2wBA-t_c,Quinn The GM,https://www.youtube.com/channel/UCE78zgLt2W5v633M95a-6sg,2026-03-10T19:45:32.608Z,994.0,1025.404,994.0
A Medieval Makeover for Sleeping Beauty’s Iconic Gown,https://www.youtube.com/watch?v=bfhUVusK8fI,ladyanniebelle,https://www.youtube.com/channel/UC-ebILBBv3C9iSeZoBaFLRw,2026-03-10T19:45:07.368Z,2036.0,25.24,25.24
Jon Connington's Insane Crash Out in The Winds of Winter,https://www.youtube.com/watch?v=qnc4kprCZQY,Quinn The GM,https://www.youtube.com/channel/UCE78zgLt2W5v633M95a-6sg,2026-03-10T19:32:11.768Z,776.0,775.6,775.6
When GRRM's Attitude on The Winds of Winter Changed,https://www.youtube.com/watch?v=H8Aa85A5hvY,Quinn The GM,https://www.youtube.com/channel/UCE78zgLt2W5v633M95a-6sg,2026-03-10T19:29:23.751Z,861.0,168.017,168.017
i edited Sophie Bridgerton because i miss stress,https://www.youtube.com/watch?v=nOpQGtXjddg,League of Silly,https://www.youtube.com/channel/UCxd9UrVbUGZM1dc1gh8B61w,2026-03-10T19:21:22.600Z,437.0,481.151,437.0
Will Daenerys Go Mad in The Winds of Winter?,https://www.youtube.com/watch?v=UJeuOrKwYk8,Quinn The GM,https://www.youtube.com/channel/UCE78zgLt2W5v633M95a-6sg,2026-03-10T18:53:27.832Z,961.0,1674.768,961.0
I Was Wrong About Jon Snow in The Winds of Winter,https://www.youtube.com/watch?v=GIZaabD6BVM,Quinn The GM,https://www.youtube.com/channel/UCE78zgLt2W5v633M95a-6sg,2026-03-10T18:48:36.875Z,548.0,290.957,290.957
"we need to talk about ""alpine divorce""",https://www.youtube.com/watch?v=jMyLFgv1Zd8,Swell Entertainment,https://www.youtube.com/channel/UC_HF-dqn4lCs4fEA4GB210g,2026-03-10T18:48:25.297Z,1531.0,11.578,11.578
GRRM's 4th Confirmed Winds of Winter Plot: Brienne's Knighting,https://www.youtube.com/watch?v=4kNwepp_tjk,Quinn The GM,https://www.youtube.com/channel/UCE78zgLt2W5v633M95a-6sg,2026-03-10T18:30:05.885Z,778.0,1099.412,778.0
Leaving Things In Beer For A Month (ft. Madison Beer),https://www.youtube.com/watch?v=5Fg7q_9_zNE,Good Mythical Morning,https://www.youtube.com/channel/UC4PooiX37Pld1T8J5SYT-SQ,2026-03-10T18:29:57.897Z,1645.0,7.988,7.988
The ASOIAF Publishing Process & What It Means for Winds,https://www.youtube.com/watch?v=kPUj-B40zNM,Quinn The GM,https://www.youtube.com/channel/UCE78zgLt2W5v633M95a-6sg,2026-03-10T18:17:27.782Z,742.0,750.115,742.0
The Winds of Winter is Coming for Barristan Selmy,https://www.youtube.com/watch?v=FMMLdS0_98Q,Quinn The GM,https://www.youtube.com/channel/UCE78zgLt2W5v633M95a-6sg,2026-03-10T18:01:32.144Z,956.0,955.638,955.638
Battle of the Bastards: The Winds of Winter's Final Conflict,https://www.youtube.com/watch?v=7QLcYzbVZPA,Quinn The GM,https://www.youtube.com/channel/UCE78zgLt2W5v633M95a-6sg,2026-03-10T17:55:55.156Z,1006.0,336.988,336.988
Analyzing the Winds of Winter Information Drought,https://www.youtube.com/watch?v=XocQs_QETco,Quinn The GM,https://www.youtube.com/channel/UCE78zgLt2W5v633M95a-6sg,2026-03-10T16:28:14.259Z,1280.0,5260.897,1280.0
Who Would Be the Best King or Queen of Westeros?,https://www.youtube.com/watch?v=9cnSi8n2AYE,Quinn The GM,https://www.youtube.com/channel/UCE78zgLt2W5v633M95a-6sg,2026-03-10T16:09:29.413Z,1124.0,1124.846,1124.0
Is Victarion Greyjoy Dead in The Winds of Winter?,https://www.youtube.com/watch?v=trVUaR3uAg8,Quinn The GM,https://www.youtube.com/channel/UCE78zgLt2W5v633M95a-6sg,2026-03-10T15:56:40.805Z,769.0,768.608,768.608
Why JonCon Won't Cut Off His Hand (Winds of Winter Theory),https://www.youtube.com/watch?v=GjcXmVecU0I,Quinn The GM,https://www.youtube.com/channel/UCE78zgLt2W5v633M95a-6sg,2026-03-10T15:47:36.656Z,544.0,544.149,544.0
The ASOIAF Chapter that Spoils The Winds of Winter,https://www.youtube.com/watch?v=Q07yf5IiGP0,Quinn The GM,https://www.youtube.com/channel/UCE78zgLt2W5v633M95a-6sg,2026-03-10T15:35:56.334Z,700.0,700.322,700.0
The Winds of Winter is Coming for Sam Tarly,https://www.youtube.com/watch?v=W6jEEgKDnA8,Quinn The GM,https://www.youtube.com/channel/UCE78zgLt2W5v633M95a-6sg,2026-03-10T15:22:25.847Z,810.0,810.487,810.0
Where is House Lannister’s Lost Sword in The Winds of Winter?,https://www.youtube.com/watch?v=0oc5SXpZu04,Quinn The GM,https://www.youtube.com/channel/UCE78zgLt2W5v633M95a-6sg,2026-03-10T15:15:46.924Z,678.0,398.923,398.923
The Stark Succession Crisis in The Winds of Winter,https://www.youtube.com/watch?v=plZ0Lsek4xo,Quinn The GM,https://www.youtube.com/channel/UCE78zgLt2W5v633M95a-6sg,2026-03-10T14:35:11.436Z,1075.0,2435.488,1075.0
The Winds of Winter is Coming for Jon Connington,https://www.youtube.com/watch?v=TAG3G7WHgMg,Quinn The GM,https://www.youtube.com/channel/UCE78zgLt2W5v633M95a-6sg,2026-03-10T12:47:34.367Z,1008.0,6457.069,1008.0
Every Chapter in The Winds of Winter (That We Know About),https://www.youtube.com/watch?v=9cYfYYgtwww,Quinn The GM,https://www.youtube.com/channel/UCE78zgLt2W5v633M95a-6sg,2026-03-10T12:27:57.126Z,1177.0,1177.241,1177.0
The Winds of Winter is Coming for Daenerys Targaryen,https://www.youtube.com/watch?v=fw1KMPf0nGo,Quinn The GM,https://www.youtube.com/channel/UCE78zgLt2W5v633M95a-6sg,2026-03-10T12:08:30.461Z,1104.0,1166.665,1104.0
Solving Jon Snow's Resurrection in The Winds of Winter,https://www.youtube.com/watch?v=NRUV75bUxBU,Quinn The GM,https://www.youtube.com/channel/UCE78zgLt2W5v633M95a-6sg,2026-03-10T11:55:23.372Z,904.0,787.089,787.089
Solving Jon Snow's Resurrection in The Winds of Winter,https://www.youtube.com/watch?v=NRUV75bUxBU,Quinn The GM,https://www.youtube.com/channel/UCE78zgLt2W5v633M95a-6sg,2026-03-10T02:37:41.741Z,904.0,33461.631,904.0
The Winds of Winter is Coming for House Greyjoy,https://www.youtube.com/watch?v=YdCyhjLa4Og,Quinn The GM,https://www.youtube.com/channel/UCE78zgLt2W5v633M95a-6sg,2026-03-10T02:21:21.137Z,981.0,980.604,980.604
How GRRM Should Split The Winds of Winter,https://www.youtube.com/watch?v=ENvr20vI9Vs,Quinn The GM,https://www.youtube.com/channel/UCE78zgLt2W5v633M95a-6sg,2026-03-10T02:15:31.520Z,1058.0,349.617,349.617
The Disturbing Disappearance of the Beaumont Children,https://www.youtube.com/watch?v=7Diut0h2ryM,Wendigang,https://www.youtube.com/channel/UCuX9VrqRC3-EUq1eZ0NBbQg,2026-03-10T00:59:44.182Z,2714.0,4547.338,2714.0
I made Dungeons and Dragons Food… IRL,https://www.youtube.com/watch?v=4GqREjsIiYc,Everhearth Inn,https://www.youtube.com/channel/UCGfzkqIwgZAfXFk3D8cq7Pw,2026-03-10T00:29:56.057Z,2245.0,1788.125,1788.125
I made World of Warcraft food... IRL,https://www.youtube.com/watch?v=jdydajyNXqk,Everhearth Inn,https://www.youtube.com/channel/UCGfzkqIwgZAfXFk3D8cq7Pw,2026-03-09T23:35:11.178Z,2201.0,3284.879,2201.0
"The New ""Ancient Aliens: Origins"" Is Insane - Pt. 2",https://www.youtube.com/watch?v=J9PIbZ_upFc,Miniminuteman,https://www.youtube.com/channel/UC-SrCCzkGq0wmSAuRs7EBFg,2026-03-09T23:34:47.686Z,4070.0,23.492,23.492
How Will Tommen Die in The Winds of Winter? (ASOIAF Theory),https://www.youtube.com/watch?v=kKwiFKzwxxc,Quinn The GM,https://www.youtube.com/channel/UCE78zgLt2W5v633M95a-6sg,2026-03-09T18:10:19.022Z,688.0,19468.664,688.0
The Chapter That Exploded The Winds of Winter,https://www.youtube.com/watch?v=-FKi4CUQWks,Quinn The GM,https://www.youtube.com/channel/UCE78zgLt2W5v633M95a-6sg,2026-03-09T17:52:54.791Z,1044.0,1044.231,1044.0
Which Characters Are Delaying The Winds of Winter?,https://www.youtube.com/watch?v=SMMzKSqLsbk,Quinn The GM,https://www.youtube.com/channel/UCE78zgLt2W5v633M95a-6sg,2026-03-09T17:36:23.545Z,991.0,991.246,991.0
The ASOIAF Character GRRM Should Not Have Killed,https://www.youtube.com/watch?v=10Yr0JHyROQ,Quinn The GM,https://www.youtube.com/channel/UCE78zgLt2W5v633M95a-6sg,2026-03-09T17:23:17.098Z,762.0,786.447,762.0
Euron Greyjoy: Magical Kraken or Con Artist? (ASOIAF Theory),https://www.youtube.com/watch?v=BbVsTTY84iU,Quinn The GM,https://www.youtube.com/channel/UCE78zgLt2W5v633M95a-6sg,2026-03-09T17:06:17.847Z,964.0,1019.251,964.0
The Winds of Winter is Coming for Theon Greyjoy,https://www.youtube.com/watch?v=v3bKUP0MdcE,Quinn The GM,https://www.youtube.com/channel/UCE78zgLt2W5v633M95a-6sg,2026-03-09T16:23:51.800Z,994.0,2546.047,994.0
The Winds of Winter is Coming for Brienne of Tarth,https://www.youtube.com/watch?v=C0jwLNxi_Ko,Quinn The GM,https://www.youtube.com/channel/UCE78zgLt2W5v633M95a-6sg,2026-03-09T16:07:15.609Z,996.0,996.191,996.0
The Winds of Winter is Coming for Davos Seaworth,https://www.youtube.com/watch?v=jLn2TzWgHXY,Quinn The GM,https://www.youtube.com/channel/UCE78zgLt2W5v633M95a-6sg,2026-03-09T15:48:59.403Z,1088.0,1096.206,1088.0
Winds of Winter Theory: The Fate of Stannis Baratheon,https://www.youtube.com/watch?v=Kn_TCjW8vOc,Quinn The GM,https://www.youtube.com/channel/UCE78zgLt2W5v633M95a-6sg,2026-03-09T15:31:53.069Z,1060.0,1026.334,1026.334
What Comes After The Winds of Winter? (According to GRRM),https://www.youtube.com/watch?v=sYjvuaYhwgk,Quinn The GM,https://www.youtube.com/channel/UCE78zgLt2W5v633M95a-6sg,2026-03-09T15:12:04.940Z,705.0,1188.129,705.0
Which Characters Are Doomed in the Winds of Winter?,https://www.youtube.com/watch?v=t5bgn14WIn0,Quinn The GM,https://www.youtube.com/channel/UCE78zgLt2W5v633M95a-6sg,2026-03-09T14:48:11.480Z,902.0,1433.46,902.0
The Winds of Winter is Coming for Jon Snow,https://www.youtube.com/watch?v=oidxfq2Ej3k,Quinn The GM,https://www.youtube.com/channel/UCE78zgLt2W5v633M95a-6sg,2026-03-09T14:20:11.677Z,1104.0,1679.803,1104.0
Is Jon Snow a Trueborn Targaryen? ASOIAF Theory,https://www.youtube.com/watch?v=DGlTjYxOAA4,Quinn The GM,https://www.youtube.com/channel/UCE78zgLt2W5v633M95a-6sg,2026-03-09T14:07:08.603Z,783.0,783.074,783.0
The Winds of Winter is Coming for Bran Stark,https://www.youtube.com/watch?v=gZTnVyXRVLM,Quinn The GM,https://www.youtube.com/channel/UCE78zgLt2W5v633M95a-6sg,2026-03-09T13:52:44.581Z,864.0,864.022,864.0
Redecorating to Treat Depression Absolutely WORKS! Making a Thin Room Look WAY Bigger,https://www.youtube.com/watch?v=WNs9eD4l7NA,Midwest Magic Cleaning,https://www.youtube.com/channel/UCxbfjWZKBHJ-FY7B4Jb_aug,2026-03-09T13:50:06.860Z,1354.0,157.721,157.721
The Winds of Winter is Coming for Arya Stark,https://www.youtube.com/watch?v=A3cYXmzXiQo,Quinn The GM,https://www.youtube.com/channel/UCE78zgLt2W5v633M95a-6sg,2026-03-09T13:32:43.066Z,888.0,1043.794,888.0
The Winds of Winter is Coming for Sansa Stark,https://www.youtube.com/watch?v=0XH8PKGqIwg,Quinn The GM,https://www.youtube.com/channel/UCE78zgLt2W5v633M95a-6sg,2026-03-09T13:16:25.425Z,978.0,977.641,977.641
Winds of Winter Theory: How Long Does Connington Have Left?,https://www.youtube.com/watch?v=0wbBy3Slmq8,Quinn The GM,https://www.youtube.com/channel/UCE78zgLt2W5v633M95a-6sg,2026-03-09T12:36:47.379Z,719.0,2378.046,719.0
6 Times Scientists Were Wrong About the Periodic Table,https://www.youtube.com/watch?v=NJ4jXxZmKfY,SciShow,https://www.youtube.com/channel/UCZYTClx2T1of7BRZ86-8fow,2026-03-09T12:36:17.640Z,904.0,29.739,29.739
The Winds of Winter is Coming for Tyrion Lannister,https://www.youtube.com/watch?v=rb5mAcjo--4,Quinn The GM,https://www.youtube.com/channel/UCE78zgLt2W5v633M95a-6sg,2026-03-09T11:57:41.928Z,920.0,2315.712,920.0
"The New ""Ancient Aliens: Origins"" Is Insane - Pt. 2",https://www.youtube.com/watch?v=J9PIbZ_upFc,Miniminuteman,https://www.youtube.com/channel/UC-SrCCzkGq0wmSAuRs7EBFg,2026-03-09T01:28:54.469Z,4070.0,37727.459,4070.0
Is Hyrule's Rainfall CATACLYSMIC?,https://www.youtube.com/watch?v=ztrA0yw1Pdo,Papa Goron,https://www.youtube.com/channel/UCuz2lZmcLk4YyoyDwnaw1Fg,2026-03-09T00:25:27.338Z,3595.0,3807.131,3595.0
The Winds of Winter is Coming for Tyrion Lannister,https://www.youtube.com/watch?v=rb5mAcjo--4,Quinn The GM,https://www.youtube.com/channel/UCE78zgLt2W5v633M95a-6sg,2026-03-08T18:56:10.804Z,920.0,19756.534,920.0
The Winds of Winter is Coming for Jaime Lannister,https://www.youtube.com/watch?v=rJ-AX6S6MIY,Quinn The GM,https://www.youtube.com/channel/UCE78zgLt2W5v633M95a-6sg,2026-03-08T18:41:06.304Z,904.0,904.5,904.0
The Winds of Winter is Coming for Cersei Lannister,https://www.youtube.com/watch?v=52qH0k3B5N4,Quinn The GM,https://www.youtube.com/channel/UCE78zgLt2W5v633M95a-6sg,2026-03-08T18:28:30.105Z,755.0,756.199,755.0
Jon Snow's True Fate in the Game of Thrones Books: The Jon Swap (ASOIAF Theory),https://www.youtube.com/watch?v=tgYVM9xMWAc,Quinn The GM,https://www.youtube.com/channel/UCE78zgLt2W5v633M95a-6sg,2026-03-08T03:04:22.212Z,560.0,55447.893,560.0
The Mystery of Ashara Dayne (ASOIAF Theory),https://www.youtube.com/watch?v=0IN_Ihu1eas,Quinn The GM,https://www.youtube.com/channel/UCE78zgLt2W5v633M95a-6sg,2026-03-08T02:50:51.031Z,811.0,811.181,811.0
Which Characters Will Survive The Winds of Winter?,https://www.youtube.com/watch?v=stgzrA6UqUY,Quinn The GM,https://www.youtube.com/channel/UCE78zgLt2W5v633M95a-6sg,2026-03-08T02:33:39.431Z,1032.0,1031.6,1031.6
The Role of Aerion Targaryen in the Winds of Winter,https://www.youtube.com/watch?v=z5c6Q7zSy5Y,Quinn The GM,https://www.youtube.com/channel/UCE78zgLt2W5v633M95a-6sg,2026-03-08T02:23:37.322Z,602.0,602.109,602.0
The Role of Hardhome in the Winds of Winter (ASOIAF Theory),https://www.youtube.com/watch?v=4Fjc-uF8Q88,Quinn The GM,https://www.youtube.com/channel/UCE78zgLt2W5v633M95a-6sg,2026-03-08T02:13:37.007Z,600.0,600.315,600.0
Jon Snow's Resurrection in the Winds of Winter (ASOIAF Theory),https://www.youtube.com/watch?v=mY7V4im-2TE,Quinn The GM,https://www.youtube.com/channel/UCE78zgLt2W5v633M95a-6sg,2026-03-08T02:01:00.594Z,756.0,756.413,756.0
ASOIAF Theory: Coldhands' True Identity,https://www.youtube.com/watch?v=3LXyawbzGtY,Quinn The GM,https://www.youtube.com/channel/UCE78zgLt2W5v633M95a-6sg,2026-03-08T01:46:54.399Z,846.0,846.195,846.0
Winds of Winter Theory: Dark Sister's Location,https://www.youtube.com/watch?v=SbaB1n0hoBg,Quinn The GM,https://www.youtube.com/channel/UCE78zgLt2W5v633M95a-6sg,2026-03-08T01:33:21.173Z,813.0,813.226,813.0
Valonqar: Who will kill Cersei Lannister? (ASOIAF Theory),https://www.youtube.com/watch?v=2NtXKJ4Kv34,Quinn The GM,https://www.youtube.com/channel/UCE78zgLt2W5v633M95a-6sg,2026-03-08T01:18:09.976Z,911.0,911.197,911.0
Ranking Every Winds of Winter Sample Chapter,https://www.youtube.com/watch?v=aJs6UQlj6vE,Quinn The GM,https://www.youtube.com/channel/UCE78zgLt2W5v633M95a-6sg,2026-03-08T01:04:45.423Z,805.0,804.553,804.553
Newly Unearthed ASOIAF Drafts! Discussion/Speculation on the Winds of Winter,https://www.youtube.com/watch?v=ME1axte9Q5M,Quinn The GM,https://www.youtube.com/channel/UCE78zgLt2W5v633M95a-6sg,2026-03-08T01:04:34.457Z,3254.0,10.966,10.966
the air was heavy with.... what was it? | D [2],https://www.youtube.com/watch?v=YmKrv86NOFs,GameGrumps,https://www.youtube.com/channel/UC9CuvdOVfMPvKCiwdGKL3cQ,2026-03-08T01:04:21.601Z,2542.0,12.856,12.856
Victarion Greyjoy is Azor Ahai and the Valonqar,https://www.youtube.com/watch?v=1so4lO-SjO0,Quinn The GM,https://www.youtube.com/channel/UCE78zgLt2W5v633M95a-6sg,2026-03-08T00:51:29.186Z,773.0,772.415,772.415
ASOIAF Theory: Who is the Stallion That Mounts the World?,https://www.youtube.com/watch?v=cRuP_Slw3iE,Quinn The GM,https://www.youtube.com/channel/UCE78zgLt2W5v633M95a-6sg,2026-03-08T00:40:56.340Z,633.0,632.846,632.846
"Winds of Winter Theory: Stannis, the Night Lamp, and the Battle of Ice",https://www.youtube.com/watch?v=U4lfxgyf2G8,Quinn The GM,https://www.youtube.com/channel/UCE78zgLt2W5v633M95a-6sg,2026-03-08T00:25:34.280Z,922.0,922.06,922.0
ASOIAF Theory - Martin's Plan for Jon and Bran in ADWD Drafts,https://www.youtube.com/watch?v=jpE8kpHqP9k,Quinn The GM,https://www.youtube.com/channel/UCE78zgLt2W5v633M95a-6sg,2026-03-08T00:15:23.053Z,611.0,611.227,611.0
Jon Connington - ASOIAF Character Analysis,https://www.youtube.com/watch?v=AuwdzUdPQgk,Quinn The GM,https://www.youtube.com/channel/UCE78zgLt2W5v633M95a-6sg,2026-03-08T00:15:18.453Z,937.0,4.6,4.6
Saving my Historic Home,https://www.youtube.com/watch?v=7eS7JSNXAis,Nicole Rudolph,https://www.youtube.com/channel/UCca-WkVPVe9nzs2iFct4wxg,2026-03-07T23:53:37.448Z,1473.0,1301.005,1301.005
Baking whatever Instagram tells me to for a week,https://www.youtube.com/watch?v=IFjv8xXD71w,gabi belle,https://www.youtube.com/channel/UC-oYqxpi6TO1J7BjQksSuOA,2026-03-07T01:22:32.180Z,2679.0,81065.268,2679.0
Should These Vintage Pants Come Back?,https://www.youtube.com/watch?v=A8-nzhT5SFo,Good Mythical MORE,https://www.youtube.com/channel/UCzpCc5n9hqiVC7HhPwcIKEg,2026-03-07T01:01:55.013Z,1228.0,1237.167,1228.0
Kid Food vs. Adult Food (Taste Test),https://www.youtube.com/watch?v=SYqi9RvqtLc,Good Mythical Morning,https://www.youtube.com/channel/UC4PooiX37Pld1T8J5SYT-SQ,2026-03-07T00:38:30.506Z,1402.0,1404.507,1402.0
Jon Connington - ASOIAF Character Analysis,https://www.youtube.com/watch?v=AuwdzUdPQgk,Quinn The GM,https://www.youtube.com/channel/UCE78zgLt2W5v633M95a-6sg,2026-03-07T00:38:20.594Z,937.0,9.912,9.912
Getting Into Our Fans' Family Drama,https://www.youtube.com/watch?v=64ZbXjA_1N4,Good Mythical MORE,https://www.youtube.com/channel/UCzpCc5n9hqiVC7HhPwcIKEg,2026-03-07T00:17:34.157Z,1245.0,1246.437,1245.0
Testing Crazy Reusable Products,https://www.youtube.com/watch?v=JuPGKgxUnM8,Good Mythical Morning,https://www.youtube.com/channel/UC4PooiX37Pld1T8J5SYT-SQ,2026-03-06T23:52:27.208Z,1504.0,1506.949,1504.0
E-Bikes Are Replacing Cars (Here’s Why),https://www.youtube.com/watch?v=8TOW9WikThs,WheezyWaiter,https://www.youtube.com/channel/UCQL5ABUvwY7YoW5lgMyAS_w,2026-03-06T23:12:54.587Z,493.0,2372.621,493.0
Wood Door Harp Chime Welcome Sign Video available at VintageVibeHeartland.etsy.com.,https://www.youtube.com/watch?v=h8guHuTo9UA,Vintage V Heartland,https://www.youtube.com/channel/UCQE8bN3XnAoYe3xhBF9hTHw,2026-03-06T23:02:39.225Z,22.0,615.362,22.0
Woodsong Door Harps - sound,https://www.youtube.com/watch?v=7SmBcUjA_C4,Pete Isacowitz Woodsong Galilee,https://www.youtube.com/channel/UC9IpWZ_WtEJH7Ov6RYPxl4A,2026-03-06T23:02:25.085Z,7.0,14.14,7.0
Is the Door Harp a Classical Instrument?,https://www.youtube.com/watch?v=BVFgLCjqY8k,Matthew M. Honas,https://www.youtube.com/channel/UChCGvE0IfTfldtAE_i7gLpA,2026-03-06T23:01:27.971Z,52.0,57.114,52.0
I had a weird week,https://www.youtube.com/watch?v=aZ7D4tQ4ed8,John Green,https://www.youtube.com/channel/UChIUP-_S3PzypasXVsY1kJQ,2026-03-06T22:30:32.088Z,95.0,1855.883,95.0
Austin Powers - 3 point turn / maneuvering / parking Scene,https://www.youtube.com/watch?v=IGiQOCX9UbM,Red15,https://www.youtube.com/channel/UClFGB79JR1DQh-tPYroV3Rg,2026-03-06T22:29:18.746Z,34.0,73.342,34.0
Winds of Winter Theory: Blackfyre’s Location,https://www.youtube.com/watch?v=ET2L5OhMYas,Quinn The GM,https://www.youtube.com/channel/UCE78zgLt2W5v633M95a-6sg,2026-03-06T20:40:49.111Z,735.0,6509.635,735.0
Chaos at Oldtown and Euron's Plan in the Winds of Winter (ASOIAF Theory),https://www.youtube.com/watch?v=LxCpH91SxL0,Quinn The GM,https://www.youtube.com/channel/UCE78zgLt2W5v633M95a-6sg,2026-03-06T20:27:06.679Z,822.0,822.432,822.0
The Role of Skagos in the Winds of Winter,https://www.youtube.com/watch?v=jW1B2yBKtBY,Quinn The GM,https://www.youtube.com/channel/UCE78zgLt2W5v633M95a-6sg,2026-03-06T20:15:43.208Z,683.0,683.471,683.0
The Prophetic Role of Stannis Baratheon (ASOIAF Theory),https://www.youtube.com/watch?v=BWSwbalBk8E,Quinn The GM,https://www.youtube.com/channel/UCE78zgLt2W5v633M95a-6sg,2026-03-06T20:02:33.903Z,789.0,789.305,789.0
Who Wrote the Pink Letter? (ASOIAF Theory),https://www.youtube.com/watch?v=1Wl9dDWZSGM,Quinn The GM,https://www.youtube.com/channel/UCE78zgLt2W5v633M95a-6sg,2026-03-06T19:46:16.888Z,767.0,977.015,767.0
Casterly Rock in the Winds of Winter - GRRM Blog Analysis,https://www.youtube.com/watch?v=lWZ9pas9lRc,Quinn The GM,https://www.youtube.com/channel/UCE78zgLt2W5v633M95a-6sg,2026-03-06T19:36:54.309Z,563.0,562.579,562.579
ASOIAF's Abandoned Five-Year Gap: What would have changed?,https://www.youtube.com/watch?v=BGVmC_dMgV0,Quinn The GM,https://www.youtube.com/channel/UCE78zgLt2W5v633M95a-6sg,2026-03-06T19:26:06.701Z,647.0,647.608,647.0
The Role of Greyscale in the Winds of Winter (ASOIAF Theory),https://www.youtube.com/watch?v=gtZ2gh86Fdc,Quinn The GM,https://www.youtube.com/channel/UCE78zgLt2W5v633M95a-6sg,2026-03-06T19:15:39.923Z,627.0,626.778,626.778
What is Jon Snow's true name in the books? (ASOIAF Theory),https://www.youtube.com/watch?v=38okbLVkSMI,Quinn The GM,https://www.youtube.com/channel/UCE78zgLt2W5v633M95a-6sg,2026-03-06T19:05:41.279Z,599.0,598.644,598.644
Winds of Winter Theory: The Battle of Steel Won't Happen,https://www.youtube.com/watch?v=H7LCc3SzoL0,Quinn The GM,https://www.youtube.com/channel/UCE78zgLt2W5v633M95a-6sg,2026-03-06T18:55:51.964Z,575.0,589.315,575.0
Will Davos burn Shireen in the Winds of Winter? (ASOIAF Theory),https://www.youtube.com/watch?v=Y2Xo7BaHq0Q,Quinn The GM,https://www.youtube.com/channel/UCE78zgLt2W5v633M95a-6sg,2026-03-06T18:47:10.569Z,521.0,521.395,521.0
The Winds of Winter Prologue Theory: The Heir to the North,https://www.youtube.com/watch?v=1Pgrn9q1KEs,Quinn The GM,https://www.youtube.com/channel/UCE78zgLt2W5v633M95a-6sg,2026-03-06T18:28:10.191Z,1140.0,1140.378,1140.0
Theon Wrote the Pink Letter (ASOIAF Theory),https://www.youtube.com/watch?v=Ziig5aTrsaY,Quinn The GM,https://www.youtube.com/channel/UCE78zgLt2W5v633M95a-6sg,2026-03-06T18:19:01.112Z,930.0,549.079,549.079
Aegon Targaryen's Queen in the Winds of Winter (ASOIAF Theory),https://www.youtube.com/watch?v=AWLefI3oh48,Quinn The GM,https://www.youtube.com/channel/UCE78zgLt2W5v633M95a-6sg,2026-03-06T18:18:57.293Z,977.0,3.819,3.819
The Winds of Winter is Coming for Sansa Stark,https://www.youtube.com/watch?v=0XH8PKGqIwg,Quinn The GM,https://www.youtube.com/channel/UCE78zgLt2W5v633M95a-6sg,2026-03-06T18:11:05.902Z,978.0,471.391,471.391
Why Ned Stark Isn't a Warg (ASOIAF Theory),https://www.youtube.com/watch?v=RslkKfZdR1I,Quinn The GM,https://www.youtube.com/channel/UCE78zgLt2W5v633M95a-6sg,2026-03-06T18:03:56.855Z,540.0,429.047,429.047
Should Lady Stoneheart be a POV in The Winds of Winter?,https://www.youtube.com/watch?v=z6FkukTFC5E,Quinn The GM,https://www.youtube.com/channel/UCE78zgLt2W5v633M95a-6sg,2026-03-06T17:55:38.985Z,486.0,497.87,486.0
The True Fate of Benjen Stark (ASOIAF Theory),https://www.youtube.com/watch?v=8TtlU-xkRSw,Quinn The GM,https://www.youtube.com/channel/UCE78zgLt2W5v633M95a-6sg,2026-03-06T17:34:39.410Z,1247.0,1259.575,1247.0
Varys' Web of Chaos in The Winds of Winter (ASOIAF Theory),https://www.youtube.com/watch?v=P0jHKimxYoE,Quinn The GM,https://www.youtube.com/channel/UCE78zgLt2W5v633M95a-6sg,2026-03-06T17:18:22.316Z,951.0,977.094,951.0
My Top 10 LEAST Favorite ASOIAF Theories,https://www.youtube.com/watch?v=Fqymv5tsmvw,Quinn The GM,https://www.youtube.com/channel/UCE78zgLt2W5v633M95a-6sg,2026-03-06T17:00:35.634Z,1002.0,1066.682,1002.0
Predicting Every Character Arc in The Winds of Winter,https://www.youtube.com/watch?v=eZu39i09pOU,Quinn The GM,https://www.youtube.com/channel/UCE78zgLt2W5v633M95a-6sg,2026-03-06T15:38:32.256Z,1637.0,4923.378,1637.0
Valyrian steel: who has the swords that can defeat white walkers?,https://www.youtube.com/watch?v=FBEGuOPlDUE,Alt Shift X,https://www.youtube.com/channel/UCveZqqGewoyPiacooywP5Ig,2026-03-06T15:18:13.918Z,1091.0,1218.338,1091.0
East: the strangest places in Game of Thrones?,https://www.youtube.com/watch?v=P4J16GzUJ28,Alt Shift X,https://www.youtube.com/channel/UCveZqqGewoyPiacooywP5Ig,2026-03-06T14:54:34.272Z,1394.0,1419.646,1394.0
Ancient Stark secrets and the end of Game of Thrones,https://www.youtube.com/watch?v=z3sp0Q2SAhM,Alt Shift X,https://www.youtube.com/channel/UCveZqqGewoyPiacooywP5Ig,2026-03-06T14:41:09.239Z,802.0,805.033,802.0
Others: what do we know about the white walkers?,https://www.youtube.com/watch?v=Ih_ZAGCfMY0,Alt Shift X,https://www.youtube.com/channel/UCveZqqGewoyPiacooywP5Ig,2026-03-06T14:22:28.150Z,1118.0,1121.089,1118.0
What do Daenerys' Undying visions mean?,https://www.youtube.com/watch?v=5tuNsMZQbqw,Alt Shift X,https://www.youtube.com/channel/UCveZqqGewoyPiacooywP5Ig,2026-03-06T14:02:30.836Z,1200.0,1197.314,1197.314
How To ACTIVATE A BEACON In MINECRAFT,https://www.youtube.com/watch?v=AV-_iR5xa5s,RajCraft,https://www.youtube.com/channel/UCkKqqnbOZT6NvBEDN2fu2wg,2026-03-06T14:01:02.949Z,191.0,87.887,87.887
Dorne: will House Martell survive the Game of Thrones books?,https://www.youtube.com/watch?v=9vqoYIAwmNo,Alt Shift X,https://www.youtube.com/channel/UCveZqqGewoyPiacooywP5Ig,2026-03-06T13:37:33.340Z,1312.0,1409.609,1312.0
The Grand Maester Conspiracy: what are the maesters up to?,https://www.youtube.com/watch?v=svPOe0OrGAg,Alt Shift X,https://www.youtube.com/channel/UCveZqqGewoyPiacooywP5Ig,2026-03-06T13:20:22.634Z,1027.0,1030.706,1027.0
Spider: what's Varys up to?,https://www.youtube.com/watch?v=0M_hhVg9XUE,Alt Shift X,https://www.youtube.com/channel/UCveZqqGewoyPiacooywP5Ig,2026-03-06T12:33:42.270Z,1198.0,2800.364,1198.0
Euron Greyjoy's apocalypse in the Game of Thrones books,https://www.youtube.com/watch?v=sbX_ak0N1EI,Alt Shift X,https://www.youtube.com/channel/UCveZqqGewoyPiacooywP5Ig,2026-03-06T12:07:39.236Z,1537.0,1563.034,1537.0
HS=HR: is the High Sparrow secretly Howland Reed?,https://www.youtube.com/watch?v=UOD7O7migDw,Alt Shift X,https://www.youtube.com/channel/UCveZqqGewoyPiacooywP5Ig,2026-03-06T11:56:05.266Z,684.0,693.97,684.0
Starfall: will House Dayne save Westeros?,https://www.youtube.com/watch?v=M1RHHj6NcHk,Alt Shift X,https://www.youtube.com/channel/UCveZqqGewoyPiacooywP5Ig,2026-03-06T03:21:40.867Z,1519.0,30864.399,1519.0
Bloodraven: what’s the three-eyed raven’s secret plan?,https://www.youtube.com/watch?v=1oEqnDAbCfE,Alt Shift X,https://www.youtube.com/channel/UCveZqqGewoyPiacooywP5Ig,2026-03-06T02:59:59.349Z,1242.0,1301.518,1242.0
"Tall, Dark and Racially Ambiguous",https://www.youtube.com/watch?v=xvg5nShcAOU,Princess Weekes,https://www.youtube.com/channel/UClnCLTkRd1vhQYU1t1HyivQ,2026-03-06T02:21:20.119Z,2405.0,2319.23,2319.23
Heathcliff Isn't White,https://www.youtube.com/watch?v=psNBXRA0y6Y,Princess Weekes,https://www.youtube.com/channel/UClnCLTkRd1vhQYU1t1HyivQ,2026-03-06T01:48:36.496Z,2126.0,1963.623,1963.623
"Sadly, Wuthering Heights Discourse Is That Deep",https://www.youtube.com/watch?v=9734qH3A1iE,Princess Weekes,https://www.youtube.com/channel/UClnCLTkRd1vhQYU1t1HyivQ,2026-03-06T00:08:01.800Z,3950.0,6034.696,3950.0
The Try Guys go to NOLA!! Starting February 25th on 2nd try🎊🍾,https://www.youtube.com/watch?v=g98aeWUV5Mk,The Try Guys,https://www.youtube.com/channel/UCpi8TJfiA4lKGkaXs__YdBA,2026-03-05T23:16:56.705Z,46.0,3065.095,46.0
Sean's table manners are impeccable.,https://www.youtube.com/watch?v=5ZyCh1yse6c,Good Mythical Morning,https://www.youtube.com/channel/UC4PooiX37Pld1T8J5SYT-SQ,2026-03-05T23:16:55.022Z,32.0,1.683,1.683
It's important to be neighborly!,https://www.youtube.com/watch?v=NsSAnySQnA8,Good Mythical Morning,https://www.youtube.com/channel/UC4PooiX37Pld1T8J5SYT-SQ,2026-03-05T23:16:51.651Z,27.0,3.371,3.371
Can @KevinLangue  spot the real chef?,https://www.youtube.com/watch?v=spopwW5kxak,Mythical Kitchen,https://www.youtube.com/channel/UCXGR70CkW_pXb8n52LzCCRw,2026-03-05T23:16:50.355Z,67.0,1.296,1.296
Would You Eat Noah Kahan's Last Meal?,https://www.youtube.com/watch?v=QB5PFZpUrSI,Mythical Kitchen,https://www.youtube.com/channel/UCXGR70CkW_pXb8n52LzCCRw,2026-03-05T22:40:24.852Z,24.0,2185.503,24.0
Dylan Mulvaney's Debut in SIX! #broadway,https://www.youtube.com/watch?v=mAzQRXzAx7U,Mister Golightly,https://www.youtube.com/channel/UCXW04XeC3zqz4vhlt70jB8Q,2026-03-05T22:40:06.991Z,25.0,17.861,17.861
Doctor Mike as THE BACHELOR?,https://www.youtube.com/watch?v=0K3oSFr6rU0,Mythical Kitchen,https://www.youtube.com/channel/UCXGR70CkW_pXb8n52LzCCRw,2026-03-05T22:40:05.787Z,59.0,1.204,1.204
Would You Eat Matthew Lillard's Last Meal?,https://www.youtube.com/watch?v=Sl8yRFVZ95g,Mythical Kitchen,https://www.youtube.com/channel/UCXGR70CkW_pXb8n52LzCCRw,2026-03-05T22:40:04.972Z,29.0,0.815,0.815
Making Courtney Miller's Struggle Meal,https://www.youtube.com/watch?v=ZrvQOE-6_Hg,Mythical Kitchen,https://www.youtube.com/channel/UCXGR70CkW_pXb8n52LzCCRw,2026-03-05T22:40:04.131Z,130.0,0.841,0.841
pregnancy is my BIGGEST fear,https://www.youtube.com/watch?v=q0QUcGWM63A,The Try Guys,https://www.youtube.com/channel/UCpi8TJfiA4lKGkaXs__YdBA,2026-03-05T22:40:03.054Z,119.0,1.077,1.077
GOOD FOOD = HEAVY FOOD,https://www.youtube.com/watch?v=MZxxT4uioyQ,Mythical Kitchen,https://www.youtube.com/channel/UCXGR70CkW_pXb8n52LzCCRw,2026-03-05T22:40:02.035Z,86.0,1.019,1.019
We're sure Rhett & Link's invite to Taylor Swift & Travis Kelce's wedding just got lost in the mail,https://www.youtube.com/watch?v=552dG0CdGPo,Good Mythical MORE,https://www.youtube.com/channel/UCzpCc5n9hqiVC7HhPwcIKEg,2026-03-05T22:40:01.147Z,20.0,0.888,0.888
"Once you crack, you gotta put it back.",https://www.youtube.com/watch?v=_evNCRzFjLQ,Good Mythical MORE,https://www.youtube.com/channel/UCzpCc5n9hqiVC7HhPwcIKEg,2026-03-05T22:39:59.749Z,26.0,1.398,1.398
i thought EVERYONE would be GAY!,https://www.youtube.com/watch?v=dMDbK92IR9I,The Try Guys,https://www.youtube.com/channel/UCpi8TJfiA4lKGkaXs__YdBA,2026-03-05T22:39:26.474Z,88.0,33.275,33.275
does pregnancy change your style?!,https://www.youtube.com/watch?v=Bfk_ZJihR38,The Try Guys,https://www.youtube.com/channel/UCpi8TJfiA4lKGkaXs__YdBA,2026-03-05T22:39:25.036Z,54.0,1.438,1.438
Top 5 Family Recipes on LAST MEALS,https://www.youtube.com/watch?v=cCS9CFpMqvg,Mythical Kitchen,https://www.youtube.com/channel/UCXGR70CkW_pXb8n52LzCCRw,2026-03-05T22:39:23.549Z,104.0,1.487,1.487
A Game Gyaru COMIC?!?,https://www.youtube.com/watch?v=0sKeECmkJNA,GameGrumps,https://www.youtube.com/channel/UC9CuvdOVfMPvKCiwdGKL3cQ,2026-03-05T22:39:22.599Z,20.0,0.95,0.95
My mouth is on my face 🗣️🗣️🗣️ #exmormon #athiest #lds￼,https://www.youtube.com/watch?v=ZB2p2rbg8DM,Alyssa Grenfell,https://www.youtube.com/channel/UCqrqFLPh4cRM1VomUzG24sQ,2026-03-05T22:39:16.494Z,83.0,6.105,6.105
The math ain’t mathing 🧮 #tradwife #lds #exmormon,https://www.youtube.com/watch?v=jYORm5-KMGc,Alyssa Grenfell,https://www.youtube.com/channel/UCqrqFLPh4cRM1VomUzG24sQ,2026-03-05T22:39:14.968Z,90.0,1.526,1.526
I can’t wait to see you all on my next tour. Starting this June. Presale tickets starts today.,https://www.youtube.com/watch?v=EPlJbxb81Rk,Josh Johnson,https://www.youtube.com/channel/UCLuYADJ6hESLHX87JnsGbjA,2026-03-05T22:39:10.495Z,33.0,4.473,4.473
Respect your Mood,https://www.youtube.com/watch?v=sVvycQmGfNM,WheezyWaiter,https://www.youtube.com/channel/UCQL5ABUvwY7YoW5lgMyAS_w,2026-03-05T22:39:09.394Z,43.0,1.101,1.101
Anyone else remember this game?,https://www.youtube.com/watch?v=cTFAwkdiFT4,The Grumps,https://www.youtube.com/channel/UCXq2nALoSbxLMehAvYTxt_A,2026-03-05T22:39:07.946Z,17.0,1.448,1.448
How to play D&D at Madison Square Garden (🤫 it's luck),https://www.youtube.com/watch?v=a97UeBQrzC4,Mythical Kitchen,https://www.youtube.com/channel/UCXGR70CkW_pXb8n52LzCCRw,2026-03-05T22:39:05.448Z,144.0,2.498,2.498
Trying the soup dumpling onion cup hack from TikTok,https://www.youtube.com/watch?v=2OVSKJzbWQ4,A Hot Dog Is A Sandwich,https://www.youtube.com/channel/UCgcVfgkzo4oBgSdPCB0B2Cg,2026-03-05T22:39:04.568Z,76.0,0.88,0.88
nothing new under the lazarus pit,https://www.youtube.com/watch?v=GY0U2v73Me8,Overly Sarcastic Productions,https://www.youtube.com/channel/UCodbH5mUeF-m_BsNueRDjcw,2026-03-05T22:39:03.827Z,54.0,0.741,0.741
STOP in the name of TIM!,https://www.youtube.com/watch?v=1bTNLN2GIBI,The Grumps,https://www.youtube.com/channel/UCXq2nALoSbxLMehAvYTxt_A,2026-03-05T22:38:54.106Z,29.0,9.721,9.721
"Rhett, Link, & Mckenna Grace go way, WAY back.",https://www.youtube.com/watch?v=hcAdjlf8CN8,Good Mythical Morning,https://www.youtube.com/channel/UC4PooiX37Pld1T8J5SYT-SQ,2026-03-05T22:38:11.575Z,42.0,42.531,42.0
Would You Eat Priyanka Chopra Jonas' Last Meal?,https://www.youtube.com/watch?v=jHNJn5bctGg,Mythical Kitchen,https://www.youtube.com/channel/UCXGR70CkW_pXb8n52LzCCRw,2026-03-05T22:38:10.406Z,34.0,1.169,1.169
That's one way to describe Kirby,https://www.youtube.com/watch?v=RZTmgWW78E0,The Grumps,https://www.youtube.com/channel/UCXq2nALoSbxLMehAvYTxt_A,2026-03-05T22:37:53.367Z,17.0,17.039,17.0
Josh's Kissing Hot Take,https://www.youtube.com/watch?v=ub8CeSheuBo,A Hot Dog Is A Sandwich,https://www.youtube.com/channel/UCgcVfgkzo4oBgSdPCB0B2Cg,2026-03-05T22:37:18.208Z,38.0,35.159,35.159
Josh fails his mayo test,https://www.youtube.com/watch?v=dW3hQSh4V64,A Hot Dog Is A Sandwich,https://www.youtube.com/channel/UCgcVfgkzo4oBgSdPCB0B2Cg,2026-03-05T22:37:17.318Z,42.0,0.89,0.89
explaining how Jojo Siwa became a tradwife if you’re employed and wanna know the tea,https://www.youtube.com/watch?v=h7cXyeeWaYg,Amanda Todhunter,https://www.youtube.com/channel/UCRM-7S6Y8_SaTY9zyr_lV9A,2026-03-05T20:10:11.758Z,2226.0,8825.56,2226.0
an unnecessarily long recap of dance moms drama,https://www.youtube.com/watch?v=urje08pmyNM,Amanda Todhunter,https://www.youtube.com/channel/UCRM-7S6Y8_SaTY9zyr_lV9A,2026-03-05T19:06:15.345Z,3675.0,3836.413,3675.0
Disney Channel's Dubbing Scandal (a very serious investigation),https://www.youtube.com/watch?v=JE4wwWNfvgQ,Babbity Kate,https://www.youtube.com/channel/UC7wjh3Dqg7JDy5vS82bR6QQ,2026-03-05T18:42:18.617Z,2880.0,1436.728,1436.728
How Did Lance Armstrong Get Away with Cheating for So Long?,https://www.youtube.com/watch?v=5wtGx4mv3-Q,Decoding the Unknown,https://www.youtube.com/channel/UCZdWrz8pF6B5Y_c6Zi6pmdQ,2026-03-05T17:57:20.439Z,2671.0,2698.178,2671.0
"Friendships We Do & DON’T Want: Kid Rock, RFK & The Monkey Punch",https://www.youtube.com/watch?v=WfGf_AD0xDA,Josh Johnson,https://www.youtube.com/channel/UCLuYADJ6hESLHX87JnsGbjA,2026-03-05T17:15:46.141Z,2494.0,2494.298,2494.0
Merle Oberon and the Whiteness of Wuthering Heights,https://www.youtube.com/watch?v=lv8ic1r3fXw,Be Kind Rewind,https://www.youtube.com/channel/UCNiolZNLiJplmCCzqk9-czQ,2026-03-05T16:36:50.368Z,2247.0,2335.773,2247.0
The Mystery Knight: Dunk & Egg #3 Explained (A Knight of the Seven Kingdoms),https://www.youtube.com/watch?v=HJ5_83zkiJc,Alt Shift X,https://www.youtube.com/channel/UCveZqqGewoyPiacooywP5Ig,2026-03-05T15:59:22.067Z,1745.0,2248.301,1745.0
The Sworn Sword: Dunk & Egg #2 Explained (A Knight of the Seven Kingdoms),https://www.youtube.com/watch?v=1rWfyj4caRg,Alt Shift X,https://www.youtube.com/channel/UCveZqqGewoyPiacooywP5Ig,2026-03-05T15:29:31.817Z,1220.0,1790.25,1220.0
Footman John being the diamond of the season 4,https://www.youtube.com/watch?v=A0LfnFWtknA,Reacting Fox,https://www.youtube.com/channel/UCPhqJCVv2ddGUCumsHQH9kA,2026-03-05T15:22:21.080Z,226.0,430.737,226.0
The women in Bridgerton showing us once again how ICONIC they are [Bridgerton Season 4],https://www.youtube.com/watch?v=DcczyHeUq0c,𝖞𝖔𝖔𝖓𝖖𝖎𝖝,https://www.youtube.com/channel/UCrP_QQZwn9J0uw1j4GKFCFw,2026-03-05T14:53:24.915Z,523.0,1736.165,523.0
The Gender Politics of Abandoning Your Girlfriend on a Mountain,https://www.youtube.com/watch?v=zf6rUxqrDes,Rebecca Watson (Skepchick),https://www.youtube.com/channel/UCFJxE0l3cVYU4kHzi4qVEkw,2026-03-05T14:52:43.341Z,1067.0,41.574,41.574
Ranking Targaryen Kings from Best to Worst (ASOIAF History),https://www.youtube.com/watch?v=agVOBINsvJU,Quinn The GM,https://www.youtube.com/channel/UCE78zgLt2W5v633M95a-6sg,2026-03-05T14:10:32.336Z,982.0,2531.005,982.0
All Updates We Need In Minecraft AGAIN (PART 2),https://www.youtube.com/watch?v=j0xvE_2_6HQ,kasser,https://www.youtube.com/channel/UCaIQJ73RXrs6ULk_vjTpHXQ,2026-03-05T14:06:32.040Z,1222.0,240.296,240.296
All Updates We Need In Minecraft AGAIN (PART 1),https://www.youtube.com/watch?v=5K9Vv4rGjvs,kasser,https://www.youtube.com/channel/UCaIQJ73RXrs6ULk_vjTpHXQ,2026-03-05T13:41:44.395Z,1482.0,1487.645,1482.0
Benedict and Sophie being a comedic duo for 6 minutes straight,https://www.youtube.com/watch?v=fIxqqzBSF_g,saplingzone,https://www.youtube.com/channel/UCERfIqJS17vNSRHMmGIHErA,2026-03-05T13:34:13.859Z,394.0,450.536,394.0
How Milo killed his public image,https://www.youtube.com/watch?v=NP-4u1loaVI,CheatSheetProductions,https://www.youtube.com/channel/UCsLG3Q4y_WcD6yES7QuUuyQ,2026-03-05T13:33:31.495Z,2989.0,42.364,42.364
i edited Bridgerton season 4 because it's the tea we are having,https://www.youtube.com/watch?v=ZnsxsA9TXJs,League of Silly,https://www.youtube.com/channel/UCxd9UrVbUGZM1dc1gh8B61w,2026-03-05T13:23:07.011Z,492.0,624.484,492.0
movie kisses are weird now.,https://www.youtube.com/watch?v=Mmz9H-Ztg0c,Amelia McCluskey,https://www.youtube.com/channel/UCaQjqGhwVqT54wpPKDjAr7Q,2026-03-05T13:02:00.847Z,1092.0,1266.164,1092.0
How Well Do We Know The United States?,https://www.youtube.com/watch?v=Cr_fdOxMy1o,Good Mythical MORE,https://www.youtube.com/channel/UCzpCc5n9hqiVC7HhPwcIKEg,2026-03-05T01:21:05.147Z,1124.0,42055.7,1124.0
Craziest New Flavor Combos Taste Test,https://www.youtube.com/watch?v=xBsO1E-iQjs,Good Mythical Morning,https://www.youtube.com/channel/UC4PooiX37Pld1T8J5SYT-SQ,2026-03-05T01:00:49.539Z,1212.0,1215.608,1212.0
looksmaxxers make my head hurt,https://www.youtube.com/watch?v=1HVx7oF8568,Swell Entertainment,https://www.youtube.com/channel/UC_HF-dqn4lCs4fEA4GB210g,2026-03-04T21:56:41.571Z,1820.0,11047.968,1820.0
Nikola Tesla's Weird Eating Habits,https://www.youtube.com/watch?v=LpfV-0kT56o,Tasting History with Max Miller,https://www.youtube.com/channel/UCsaGKqPZnGp_7N80hcHySGQ,2026-03-04T21:28:08.363Z,1713.0,1713.208,1713.0
Hatshepsut - The Pharaoh they tried to Erase from History,https://www.youtube.com/watch?v=g2uEeDzhn14,Tasting History with Max Miller,https://www.youtube.com/channel/UCsaGKqPZnGp_7N80hcHySGQ,2026-03-04T21:04:49.361Z,1399.0,1399.002,1399.0
Re-designing Disney Princesses Based on Their Release Date ,https://www.youtube.com/watch?v=oDJUqlw0kTU,Aliflower,https://www.youtube.com/channel/UCICQcjx4-L-0H8NxI09h1Lw,2026-03-04T20:48:42.950Z,966.0,966.411,966.0
Every Targaryen around during A Knight of the Seven Kingdoms,https://www.youtube.com/watch?v=4g1yEFyXT4M,Estella Graves,https://www.youtube.com/channel/UCda2VA1N6GcIZPU9ILnlkDg,2026-03-04T19:15:19.333Z,5603.0,5603.617,5603.0
The Fortune Teller & Egg's Prophecy,https://www.youtube.com/watch?v=3PHjy4PhJ-A,Estella Graves,https://www.youtube.com/channel/UCda2VA1N6GcIZPU9ILnlkDg,2026-03-04T18:49:13.146Z,1635.0,1566.187,1566.187
A Knight of the Seven Kingdoms - Costume Breakdowns,https://www.youtube.com/watch?v=-bT4RzXeDW8,Estella Graves,https://www.youtube.com/channel/UCda2VA1N6GcIZPU9ILnlkDg,2026-03-04T17:56:15.981Z,3177.0,3177.165,3177.0
A Song of Ice and Fire Deep Dive: Shiera Seastar,https://www.youtube.com/watch?v=sDhAH7WihHo,Estella Graves,https://www.youtube.com/channel/UCda2VA1N6GcIZPU9ILnlkDg,2026-03-04T16:36:24.155Z,1438.0,4791.826,1438.0
Adding Features to Minecraft That Just Make Sense,https://www.youtube.com/watch?v=-5EVjgQy1WM,Nekoma,https://www.youtube.com/channel/UCDLh4RnbdXgJIErmI82VyFQ,2026-03-04T15:33:30.781Z,3128.0,3773.374,3128.0
The History of EVERY Minecraft Achievement,https://www.youtube.com/watch?v=F1eZAEBtPP8,NotVeryAndy,https://www.youtube.com/channel/UCJylGQ0bMCM1nhdRGZsZDgw,2026-03-04T13:16:13.727Z,3210.0,8237.054,3210.0
The Wuthering Heights Discourse Is Bad. Let’s Talk About It,https://www.youtube.com/watch?v=RO4OYn1xmqQ,Kaz Rowe,https://www.youtube.com/channel/UCSwwoUNvQWgZDC8a_O6Qs_A,2026-03-04T13:12:58.274Z,4043.0,195.453,195.453
What?! Lily's paintings have this kind of function?!｜HIMYM#shortvideo #funny #shorts,https://www.youtube.com/watch?v=ha5JTMeyEVk,Cuc Bap,https://www.youtube.com/channel/UCj_dcxHlR_sWKhQdNT-MA-A,2026-03-04T13:05:08.447Z,56.0,469.827,56.0
"She really said ""I can fix him"" 😳 #shorts",https://www.youtube.com/watch?v=ObGtpOgyPCc,TheMovieMaven ,https://www.youtube.com/channel/UCsPCJSgAzta3wHjcHD18cUg,2026-03-04T13:04:07.432Z,59.0,61.015,59.0
🎬The Marvelous Mrs. Maisel (S2E1) — “From Threat to Friendship”｜Susie’s Wildest Encounter🤝#shorts,https://www.youtube.com/watch?v=HBechbJuuj4,PulseFrameEdits,https://www.youtube.com/channel/UC0rWEbzgY-WlVF6r4QZCgVg,2026-03-04T13:03:10.650Z,55.0,56.782,55.0
What Will Nolan Choose? 😳🚨#therookie #americantv #tvshow,https://www.youtube.com/watch?v=ZwhT4G-hIqI,Amine27,https://www.youtube.com/channel/UC6-yU-w13JNKm4LiwlwMdhg,2026-03-04T13:02:16.964Z,52.0,53.686,52.0
Excessive medical examination makes patients suffer!,https://www.youtube.com/watch?v=xL_FEkZfXA0,Kriistal Sophie,https://www.youtube.com/channel/UC419q-i5eFJEQvf1unIkHUQ,2026-03-04T13:00:57.184Z,,79.78,79.78
"When danger strikes, the ghosts lose their unity. - Ghosts S4E18 #shorts #series #movie #fyp #viral",https://www.youtube.com/watch?v=9AWOgqDvdJ0,Charles Thomas,https://www.youtube.com/channel/UCbQb5HTpIS27iB7TVvV5-JQ,2026-03-04T12:59:56.809Z,59.0,60.375,59.0
What's a seed like this?,https://www.youtube.com/watch?v=EBHfDjDXT3E,Seriamon3,https://www.youtube.com/channel/UCcCAfYQuOpUp3dtMoHuY-og,2026-03-04T12:59:09.697Z,41.0,47.112,41.0
“Who goes first”? | #therookie,https://www.youtube.com/watch?v=6tdPfdLcJfk,Esther nyanshuti ,https://www.youtube.com/channel/UCLZoMHVe8i1OWg9vHqdOUgg,2026-03-04T12:58:46.535Z,,23.162,23.162
Airbnb check after 18 day stay 🤷🏼‍♀️,https://www.youtube.com/watch?v=dSwk0ms0BYg,Emmeworks,https://www.youtube.com/channel/UCA2gjM-sXLIqkuAigP9KUkA,2026-03-04T12:58:33.438Z,63.0,13.097,13.097
She's one of FIVE wives?! #shorts,https://www.youtube.com/watch?v=lwPqAVK-Ohg,Neon Whisper,https://www.youtube.com/channel/UC2zIWMBPJK2Zcee7km9ZapA,2026-03-04T12:57:31.694Z,58.0,61.744,58.0
I don't know if he can learn...,https://www.youtube.com/watch?v=4WFXaO8Ptx4,Good Mythical Morning,https://www.youtube.com/channel/UC4PooiX37Pld1T8J5SYT-SQ,2026-03-04T12:57:02.877Z,49.0,28.817,28.817
"No matter how accomplished a columnist she may be, she still has to obey her mother-in-law.🤣🤣🤣",https://www.youtube.com/watch?v=MCJz8ie3-P4,FM-Isabella,https://www.youtube.com/channel/UCePE6GiZZrYE1-VFZ5hanxA,2026-03-04T12:56:02.351Z,58.0,60.526,58.0
Re-designing Disney Princesses Based on Their Release Date ,https://www.youtube.com/watch?v=oDJUqlw0kTU,Aliflower,https://www.youtube.com/channel/UCICQcjx4-L-0H8NxI09h1Lw,2026-03-04T03:54:03.444Z,966.0,32518.907,966.0
IT'S BECAUSE HE'S SO STRONG | Pokemon Grumplocke [6],https://www.youtube.com/watch?v=m5Ttq8EujiU,GameGrumps,https://www.youtube.com/channel/UC9CuvdOVfMPvKCiwdGKL3cQ,2026-03-04T03:07:40.964Z,2779.0,2782.48,2779.0
We're REALLY serious this time! | Pokemon Grumplocke [5],https://www.youtube.com/watch?v=6sNoUAdEGbc,GameGrumps,https://www.youtube.com/channel/UC9CuvdOVfMPvKCiwdGKL3cQ,2026-03-04T02:50:25.615Z,2821.0,1035.349,1035.349
What's The Best Looking Sandwich?,https://www.youtube.com/watch?v=5vHvpbrdHIA,Good Mythical MORE,https://www.youtube.com/channel/UCzpCc5n9hqiVC7HhPwcIKEg,2026-03-04T00:07:14.521Z,1120.0,9791.094,1120.0
Big Man vs Tiny Food,https://www.youtube.com/watch?v=G9heIvKpfS0,Good Mythical Morning,https://www.youtube.com/channel/UC4PooiX37Pld1T8J5SYT-SQ,2026-03-03T23:44:58.936Z,1926.0,1335.585,1335.585
Cleaning a house that's BURIED in trash (for FREE!),https://www.youtube.com/watch?v=SYrMCFnNMEA,Midwest Magic Cleaning,https://www.youtube.com/channel/UCxbfjWZKBHJ-FY7B4Jb_aug,2026-03-03T22:07:01.177Z,2586.0,5877.759,2586.0
Cleaning a massively hoarded house for FREE!,https://www.youtube.com/watch?v=XYT9DN79Rts,Midwest Magic Cleaning,https://www.youtube.com/channel/UCxbfjWZKBHJ-FY7B4Jb_aug,2026-03-03T21:36:21.106Z,1845.0,1840.071,1840.071
Doctor Reacts To A Knight Of The Seven Kingdom's Injuries,https://www.youtube.com/watch?v=ScqMUowz1gc,Doctor Mike,https://www.youtube.com/channel/UC0QHWhjbe5fGJEPz3sVb6nw,2026-03-03T21:21:50.732Z,801.0,870.374,801.0
Impressions But Impossible,https://www.youtube.com/watch?v=jKHBXTNjmAA,Try Guys Game Time,https://www.youtube.com/channel/UC7nE56XU1u2x6MmbV7VWopA,2026-03-03T20:58:59.546Z,2709.0,1371.186,1371.186
How Bridgerton's Designers Reimagined The Costumes For Season 4,https://www.youtube.com/watch?v=5jrpJfJjZdk,InStyle,https://www.youtube.com/channel/UCj6iVt0NLGyj406r2kD161g,2026-03-03T20:40:07.692Z,1133.0,1131.854,1131.854
Am I Ready to be a Dad? • Try Guys Lie Detector Test,https://www.youtube.com/watch?v=qD2td76uyig,The Try Guys,https://www.youtube.com/channel/UCpi8TJfiA4lKGkaXs__YdBA,2026-03-03T20:29:56.003Z,1072.0,611.689,611.689
Keith Takes A Lie Detector With The New Try Guys,https://www.youtube.com/watch?v=Hs_jx-TdxJs,The Try Guys,https://www.youtube.com/channel/UCpi8TJfiA4lKGkaXs__YdBA,2026-03-03T20:02:52.684Z,1231.0,1623.319,1231.0
My Former Bosses Gave Me A Lie Detector Test,https://www.youtube.com/watch?v=RuJ9csiUIy0,The Try Guys,https://www.youtube.com/channel/UCpi8TJfiA4lKGkaXs__YdBA,2026-03-03T19:40:33.172Z,1418.0,1339.512,1339.512
Ex-Buzzfeed Star Takes Lie Detector Test,https://www.youtube.com/watch?v=k9kYWKrhs7s,The Try Guys,https://www.youtube.com/channel/UCpi8TJfiA4lKGkaXs__YdBA,2026-03-03T19:19:43.055Z,1107.0,1250.117,1107.0
Questions For A Trans Guy,https://www.youtube.com/watch?v=YkHqisEDjBE,The Try Guys,https://www.youtube.com/channel/UCpi8TJfiA4lKGkaXs__YdBA,2026-03-03T18:22:52.518Z,1125.0,3410.537,1125.0
Questions For A Pregnant Lesbian,https://www.youtube.com/watch?v=drXudgj3nrk,The Try Guys,https://www.youtube.com/channel/UCpi8TJfiA4lKGkaXs__YdBA,2026-03-03T17:59:23.994Z,1502.0,1408.524,1408.524
We Tried Every Pregnancy Outfit,https://www.youtube.com/watch?v=BjL_zGsHgtg,The Try Guys,https://www.youtube.com/channel/UCpi8TJfiA4lKGkaXs__YdBA,2026-03-03T16:13:13.257Z,1871.0,6370.737,1871.0
Have A Conversation With A Swedish Person | Full Task | Taskmaster,https://www.youtube.com/watch?v=GoTVEXiWypo,Taskmaster,https://www.youtube.com/channel/UCT5C7yaO3RVuOgwP8JVAujQ,2026-03-03T16:12:56.759Z,698.0,16.498,16.498
I Survived 100 Days in Minecraft’s HARDEST Mod,https://www.youtube.com/watch?v=TIrE3GtXzpI,disruptive builds,https://www.youtube.com/channel/UCKtNUU-IsMgwU7QU2wOm8mA,2026-03-03T13:29:40.643Z,4690.0,9796.116,4690.0
Everyone is a Secret Targaryen,https://www.youtube.com/watch?v=Jm714qzf3MQ,Haley Whipjack,https://www.youtube.com/channel/UCxJwug-gAYe9pE-YvNkodOg,2026-03-03T12:55:40.049Z,2086.0,2040.594,2040.594
That's a Burger | Best of 2025,https://www.youtube.com/watch?v=BWQgZRQLp9M,Good Mythical Morning,https://www.youtube.com/channel/UC4PooiX37Pld1T8J5SYT-SQ,2026-03-03T12:54:56.465Z,9.0,43.584,9.0
Why don’t scientists just use warm fuzzies while researching??? #exmormon #lds #athiest,https://www.youtube.com/watch?v=pRe1vMjTme4,Alyssa Grenfell,https://www.youtube.com/channel/UCqrqFLPh4cRM1VomUzG24sQ,2026-03-03T12:54:55.661Z,98.0,0.804,0.804
zach said WHAT?!,https://www.youtube.com/watch?v=hoCZXQ7Oiyw,try every day,https://www.youtube.com/channel/UCEz54r3L868AieY1TOswF2g,2026-03-03T12:54:54.217Z,56.0,1.444,1.444
Steveburger | Best of 2025,https://www.youtube.com/watch?v=93lUGDLJ9t4,Good Mythical Morning,https://www.youtube.com/channel/UC4PooiX37Pld1T8J5SYT-SQ,2026-03-03T12:54:53.557Z,17.0,0.66,0.66
Cleaning Sean's Paws | Best of 2025,https://www.youtube.com/watch?v=eSBthuKchgU,Good Mythical Morning,https://www.youtube.com/channel/UC4PooiX37Pld1T8J5SYT-SQ,2026-03-03T12:54:52.297Z,41.0,1.26,1.26
Grief should not be seen as a lack of faith #exmormon #lds #exmo,https://www.youtube.com/watch?v=5BIze7k-tls,Alyssa Grenfell,https://www.youtube.com/channel/UCqrqFLPh4cRM1VomUzG24sQ,2026-03-03T12:53:43.322Z,116.0,68.975,68.975
Disney reallly pretended Zac Efron sang in High School Musical #disneychannel,https://www.youtube.com/watch?v=xKN8VDV_z8A,Babbity Kate,https://www.youtube.com/channel/UC7wjh3Dqg7JDy5vS82bR6QQ,2026-03-03T12:53:40.582Z,,2.74,2.74
Never trust a casserole #exmormon #food,https://www.youtube.com/watch?v=VcbBfCLYfmY,Alyssa Grenfell,https://www.youtube.com/channel/UCqrqFLPh4cRM1VomUzG24sQ,2026-03-03T12:53:38.976Z,112.0,1.606,1.606
How Josh ran the 99 Cents Store out of business,https://www.youtube.com/watch?v=bsP2ofI4Q4s,A Hot Dog Is A Sandwich,https://www.youtube.com/channel/UCgcVfgkzo4oBgSdPCB0B2Cg,2026-03-03T12:53:33.977Z,91.0,4.999,4.999
This looks delicious,https://www.youtube.com/watch?v=gSA5EAA4s7M,The Grumps,https://www.youtube.com/channel/UCXq2nALoSbxLMehAvYTxt_A,2026-03-03T12:53:31.070Z,35.0,2.907,2.907
Arin has a plan,https://www.youtube.com/watch?v=BhOOhQaMlHg,The Grumps,https://www.youtube.com/channel/UCXq2nALoSbxLMehAvYTxt_A,2026-03-03T12:53:28.759Z,26.0,2.311,2.311
Arin faces a difficult choice,https://www.youtube.com/watch?v=a1T7kbKKLT0,The Grumps,https://www.youtube.com/channel/UCXq2nALoSbxLMehAvYTxt_A,2026-03-03T12:53:23.518Z,39.0,5.241,5.241
Chrono Trigger (90s? idk) has a lot of story and events that occur,https://www.youtube.com/watch?v=egM0eJg6aIs,GameGrumps,https://www.youtube.com/channel/UC9CuvdOVfMPvKCiwdGKL3cQ,2026-03-03T12:53:16.763Z,15.0,6.755,6.755
@ethannestor does some math,https://www.youtube.com/watch?v=8DNnPP5ckGY,The Grumps,https://www.youtube.com/channel/UCXq2nALoSbxLMehAvYTxt_A,2026-03-03T12:52:31.257Z,45.0,45.506,45.0
Elizabeth Olsen confirms Josh DOES NOT skip leg day,https://www.youtube.com/watch?v=hiS_3xyzFXk,Mythical Kitchen,https://www.youtube.com/channel/UCXGR70CkW_pXb8n52LzCCRw,2026-03-03T12:51:31.145Z,93.0,60.112,60.112
Surprising Matthew Mercer with his High School Teacher,https://www.youtube.com/watch?v=LIS7Ifm7BnY,Mythical Kitchen,https://www.youtube.com/channel/UCXGR70CkW_pXb8n52LzCCRw,2026-03-03T12:51:29.518Z,111.0,1.627,1.627
Idina Menzel & Cynthia Erivo / Same line (Broadway vs Movie),https://www.youtube.com/watch?v=ze9TC1k71A0,Mister Golightly,https://www.youtube.com/channel/UCXW04XeC3zqz4vhlt70jB8Q,2026-03-03T12:51:27.866Z,42.0,1.652,1.652
Sonic Adventure (1998) has a frog named Froggy in it and the character named Froggy is a frog,https://www.youtube.com/watch?v=GiX_G6nSMyc,GameGrumps,https://www.youtube.com/channel/UC9CuvdOVfMPvKCiwdGKL3cQ,2026-03-03T12:51:23.043Z,15.0,4.823,4.823
We played reverse charades with Genshin Impact and things got silly👀,https://www.youtube.com/watch?v=mN1HdpVj4N4,The Try Guys,https://www.youtube.com/channel/UCpi8TJfiA4lKGkaXs__YdBA,2026-03-03T12:50:37.489Z,46.0,45.554,45.554
French isn't France's only language.,https://www.youtube.com/watch?v=o4DpXuWrGco,RobWords,https://www.youtube.com/channel/UC4a9LfdavRlVMaSSWFdIciA,2026-03-03T12:50:36.298Z,120.0,1.191,1.191
She Overheard Me Explaining my Clones to Hugh Jackman,https://www.youtube.com/watch?v=UJyOfGrJ7Qk,WheezyWaiter,https://www.youtube.com/channel/UCQL5ABUvwY7YoW5lgMyAS_w,2026-03-03T12:50:34.982Z,13.0,1.316,1.316
"Thank Goodness ""Bridges.."" Part (Broadway VS Movie)",https://www.youtube.com/watch?v=byY5XRFDZmg,Mister Golightly,https://www.youtube.com/channel/UCXW04XeC3zqz4vhlt70jB8Q,2026-03-03T12:50:32.526Z,35.0,2.456,2.456
The Legend of Zelda: Ocarina of Time (1998) features features and gaming,https://www.youtube.com/watch?v=T3j3QwKdjOc,GameGrumps,https://www.youtube.com/channel/UC9CuvdOVfMPvKCiwdGKL3cQ,2026-03-03T12:50:27.607Z,15.0,4.919,4.919
Bird Lady Can Get It | Best of 2025,https://www.youtube.com/watch?v=zgOMfGG3CGI,Good Mythical Morning,https://www.youtube.com/channel/UC4PooiX37Pld1T8J5SYT-SQ,2026-03-03T12:50:15.089Z,11.0,12.518,11.0
Should you lie on your resume?,https://www.youtube.com/watch?v=F-ySFLtf7oc,Mythical Kitchen,https://www.youtube.com/channel/UCXGR70CkW_pXb8n52LzCCRw,2026-03-03T12:49:19.540Z,55.0,55.549,55.0
"Josh tells a ""happy"" story",https://www.youtube.com/watch?v=5w5WgqBaQJ0,Mythical Kitchen,https://www.youtube.com/channel/UCXGR70CkW_pXb8n52LzCCRw,2026-03-03T12:49:18.807Z,50.0,0.733,0.733
Kat Dennings Promised Us.,https://www.youtube.com/watch?v=85HLtHd_YGI,Good Mythical Morning,https://www.youtube.com/channel/UC4PooiX37Pld1T8J5SYT-SQ,2026-03-03T12:49:03.043Z,16.0,15.764,15.764
Never forget where YOU come from. #starkid #starship #farmplanet #tootsienoodles,https://www.youtube.com/watch?v=idi0wnJ7IQE,Team StarKid,https://www.youtube.com/channel/UC3d3_X0dUnt8YXVKyqr-XLA,2026-03-03T12:49:01.722Z,14.0,1.321,1.321
Brewing 3000 year old Mesopotamian Beer from Assyria,https://www.youtube.com/watch?v=TnU5H0KfvcY,Tasting History with Max Miller,https://www.youtube.com/channel/UCsaGKqPZnGp_7N80hcHySGQ,2026-03-03T12:49:01.183Z,88.0,0.539,0.539
An Apple Toddy from 1869,https://www.youtube.com/watch?v=Ae9cZhgPNqs,Tasting History with Max Miller,https://www.youtube.com/channel/UCsaGKqPZnGp_7N80hcHySGQ,2026-03-03T12:49:00.362Z,83.0,0.821,0.821
This is becoming a terrifying pattern #exmormon #lds #utah,https://www.youtube.com/watch?v=hV45Eb7F5oI,Alyssa Grenfell,https://www.youtube.com/channel/UCqrqFLPh4cRM1VomUzG24sQ,2026-03-03T12:48:58.280Z,148.0,2.082,2.082
Check out the YouTube video for the full analysis 🧠 #exmormon #lds,https://www.youtube.com/watch?v=rgCsxeWZkQw,Alyssa Grenfell,https://www.youtube.com/channel/UCqrqFLPh4cRM1VomUzG24sQ,2026-03-03T12:48:55.879Z,120.0,2.401,2.401
Saag from the Mughal Empire - A 500 Year old recipe,https://www.youtube.com/watch?v=oicECujCd1k,Tasting History with Max Miller,https://www.youtube.com/channel/UCsaGKqPZnGp_7N80hcHySGQ,2026-03-03T12:48:54.826Z,87.0,1.053,1.053
You go into this ceremony completely blind 🧐 #exmormon #lds,https://www.youtube.com/watch?v=lQfwTCbOIsI,Alyssa Grenfell,https://www.youtube.com/channel/UCqrqFLPh4cRM1VomUzG24sQ,2026-03-03T12:48:53.617Z,154.0,1.209,1.209
Maybe he’ll be the prophet one day… lol #exmormon #lds #exmo,https://www.youtube.com/watch?v=5fOpoff0eKo,Alyssa Grenfell,https://www.youtube.com/channel/UCqrqFLPh4cRM1VomUzG24sQ,2026-03-03T12:48:52.884Z,81.0,0.733,0.733
What happens when you just comply,https://www.youtube.com/watch?v=7icZhXuiDx8,Josh Johnson,https://www.youtube.com/channel/UCLuYADJ6hESLHX87JnsGbjA,2026-03-03T12:48:51.700Z,177.0,1.184,1.184
Should I do a longer video on this? 🧐 #exmormon #lds #masonry,https://www.youtube.com/watch?v=W9WPL30wrNQ,Alyssa Grenfell,https://www.youtube.com/channel/UCqrqFLPh4cRM1VomUzG24sQ,2026-03-03T12:48:50.124Z,88.0,1.576,1.576
Tbh most Christian depictions of Jesus are like this #exmormon #jesus,https://www.youtube.com/watch?v=2XyoyCGyhU4,Alyssa Grenfell,https://www.youtube.com/channel/UCqrqFLPh4cRM1VomUzG24sQ,2026-03-03T12:48:49.070Z,89.0,1.054,1.054
Are Blueberries in Australia the best?,https://www.youtube.com/watch?v=DPz5LdSPPZ0,Josh Johnson,https://www.youtube.com/channel/UCLuYADJ6hESLHX87JnsGbjA,2026-03-03T12:48:48.288Z,158.0,0.782,0.782
The first time I saw a Koala in Australia,https://www.youtube.com/watch?v=U43IyyXg6h8,Josh Johnson,https://www.youtube.com/channel/UCLuYADJ6hESLHX87JnsGbjA,2026-03-03T12:48:47.568Z,172.0,0.72,0.72
The Pixie Hollow books turn 20 today! #disneyfairies,https://www.youtube.com/watch?v=ZT1mJQNabAU,Babbity Kate,https://www.youtube.com/channel/UC7wjh3Dqg7JDy5vS82bR6QQ,2026-03-03T12:48:37.373Z,,10.195,10.195
I can’t believe these are real… #exmormon #lds #exmormon,https://www.youtube.com/watch?v=72mguc9javc,Alyssa Grenfell,https://www.youtube.com/channel/UCqrqFLPh4cRM1VomUzG24sQ,2026-03-03T12:48:36.384Z,66.0,0.989,0.989
I think I could easily come up with 100+ more… #exmormon #bookofmormon,https://www.youtube.com/watch?v=WBUOOsSlmxk,Alyssa Grenfell,https://www.youtube.com/channel/UCqrqFLPh4cRM1VomUzG24sQ,2026-03-03T12:48:35.211Z,65.0,1.173,1.173
Australia didn’t warn us about this,https://www.youtube.com/watch?v=SNWoQHxuQN8,Josh Johnson,https://www.youtube.com/channel/UCLuYADJ6hESLHX87JnsGbjA,2026-03-03T12:48:33.768Z,176.0,1.443,1.443
Australia misled us about Kangaroos,https://www.youtube.com/watch?v=WRPPuTpp5aQ,Josh Johnson,https://www.youtube.com/channel/UCLuYADJ6hESLHX87JnsGbjA,2026-03-03T12:48:32.861Z,111.0,0.907,0.907
It's not the chemical - it's the rag,https://www.youtube.com/watch?v=-04e0du0SYk,Midwest Magic Cleaning,https://www.youtube.com/channel/UCxbfjWZKBHJ-FY7B4Jb_aug,2026-03-03T12:48:29.162Z,118.0,3.699,3.699
R2 D-Vinci,https://www.youtube.com/watch?v=tXGQlnb2nPQ,Overly Sarcastic Productions,https://www.youtube.com/channel/UCodbH5mUeF-m_BsNueRDjcw,2026-03-03T12:47:31.648Z,65.0,57.514,57.514
Why are avocados in the US like this?,https://www.youtube.com/watch?v=Nik_9Wcx5Pw,Josh Johnson,https://www.youtube.com/channel/UCLuYADJ6hESLHX87JnsGbjA,2026-03-03T12:47:30.541Z,148.0,1.107,1.107
Movin' goo,https://www.youtube.com/watch?v=dKzOarOykMo,The Grumps,https://www.youtube.com/channel/UCXq2nALoSbxLMehAvYTxt_A,2026-03-03T12:47:29.603Z,50.0,0.938,0.938
Diddy and Maduro in prison,https://www.youtube.com/watch?v=9daLZVn2AJU,Josh Johnson,https://www.youtube.com/channel/UCLuYADJ6hESLHX87JnsGbjA,2026-03-03T12:47:25.519Z,70.0,4.084,4.084
Hoodwinked turns 20 years old today! On this day in 2006 #2000snostalgia,https://www.youtube.com/watch?v=8u7xsZfi9m8,Babbity Kate,https://www.youtube.com/channel/UC7wjh3Dqg7JDy5vS82bR6QQ,2026-03-03T12:47:20.528Z,,4.991,4.991
Maduro is in the same place as Luigi,https://www.youtube.com/watch?v=PpTS5I2lqUc,Josh Johnson,https://www.youtube.com/channel/UCLuYADJ6hESLHX87JnsGbjA,2026-03-03T12:47:17.104Z,68.0,3.424,3.424
A real challenge for @Markiplier,https://www.youtube.com/watch?v=iiXoc6oolt4,The Grumps,https://www.youtube.com/channel/UCXq2nALoSbxLMehAvYTxt_A,2026-03-03T12:47:16.004Z,56.0,1.1,1.1
We're so cooked,https://www.youtube.com/watch?v=JcFeN-5KrOs,The Grumps,https://www.youtube.com/channel/UCXq2nALoSbxLMehAvYTxt_A,2026-03-03T12:47:13.883Z,41.0,2.121,2.121
This is gonna be nasty,https://www.youtube.com/watch?v=X4BlEXGu9og,The Grumps,https://www.youtube.com/channel/UCXq2nALoSbxLMehAvYTxt_A,2026-03-03T12:47:10.714Z,47.0,3.169,3.169
This technically cleans your hands,https://www.youtube.com/watch?v=hf2pL8JqTmA,The Grumps,https://www.youtube.com/channel/UCXq2nALoSbxLMehAvYTxt_A,2026-03-03T12:47:09.838Z,43.0,0.876,0.876
Highly recommend listening to the full interview with Jennette on @callherdaddy  #exmormon,https://www.youtube.com/watch?v=gdoFrodRfdE,Alyssa Grenfell,https://www.youtube.com/channel/UCqrqFLPh4cRM1VomUzG24sQ,2026-03-03T12:47:02.489Z,93.0,7.349,7.349
did we pull it off?,https://www.youtube.com/watch?v=WAJFzQAOvWI,The Grumps,https://www.youtube.com/channel/UCXq2nALoSbxLMehAvYTxt_A,2026-03-03T12:46:55.940Z,47.0,6.549,6.549
Uno Gaming with @markiplier @ethan,https://www.youtube.com/watch?v=klSSdlhEvNc,The Grumps,https://www.youtube.com/channel/UCXq2nALoSbxLMehAvYTxt_A,2026-03-03T12:46:44.764Z,53.0,11.176,11.176
Super Mario Sunshine (2002) stars Mario who is brothers with Luigi who is Mario's brother,https://www.youtube.com/watch?v=QZ6bEbEmx60,GameGrumps,https://www.youtube.com/channel/UC9CuvdOVfMPvKCiwdGKL3cQ,2026-03-03T12:46:42.661Z,62.0,2.103,2.103
See you in February!,https://www.youtube.com/watch?v=QQSPnKyny4w,The Grumps,https://www.youtube.com/channel/UCXq2nALoSbxLMehAvYTxt_A,2026-03-03T12:46:41.128Z,31.0,1.533,1.533
What Should We Expect From X-Men 97 Season 2 #shorts,https://www.youtube.com/watch?v=0AUEdIEPmVc,Nando v Movies,https://www.youtube.com/channel/UCf29Sq6-XxLQG_XuJwMHaFg,2026-03-03T12:46:40.230Z,87.0,0.898,0.898
Have you tried Omaha style pizza?,https://www.youtube.com/watch?v=lNs-G_iUIKo,Mythical Kitchen,https://www.youtube.com/channel/UCXGR70CkW_pXb8n52LzCCRw,2026-03-03T12:46:39.256Z,69.0,0.974,0.974
Did Medieval Times Inspire ROYAL COURT??,https://www.youtube.com/watch?v=iqvINeu-HtQ,Mythical Kitchen,https://www.youtube.com/channel/UCXGR70CkW_pXb8n52LzCCRw,2026-03-03T12:46:37.442Z,120.0,1.814,1.814
High School Musical is 20 years old! #disneychannel,https://www.youtube.com/watch?v=CBi3jIlIHc0,Babbity Kate,https://www.youtube.com/channel/UC7wjh3Dqg7JDy5vS82bR6QQ,2026-03-03T12:46:36.067Z,,1.375,1.375
we don't know colors,https://www.youtube.com/watch?v=UOUi8VrQcO0,The Grumps,https://www.youtube.com/channel/UCXq2nALoSbxLMehAvYTxt_A,2026-03-03T12:46:33.450Z,50.0,2.617,2.617
"One spray, and it all goes away with SPRAYLUDES!™️ #spacebaby",https://www.youtube.com/watch?v=vmnA8xYqZXc,Team StarKid,https://www.youtube.com/channel/UC3d3_X0dUnt8YXVKyqr-XLA,2026-03-03T12:46:23.135Z,60.0,10.315,10.315
Previously on the OSPodcast...,https://www.youtube.com/watch?v=X3Z7uvp5Cfo,Overly Sarcastic Productions,https://www.youtube.com/channel/UCodbH5mUeF-m_BsNueRDjcw,2026-03-03T12:46:07.141Z,39.0,15.994,15.994
The weirdest guessing game ever,https://www.youtube.com/watch?v=56WVolWopX0,The Grumps,https://www.youtube.com/channel/UCXq2nALoSbxLMehAvYTxt_A,2026-03-03T12:46:05.128Z,38.0,2.013,2.013
Why is THAT the password?,https://www.youtube.com/watch?v=OTRw5onAcvQ,The Grumps,https://www.youtube.com/channel/UCXq2nALoSbxLMehAvYTxt_A,2026-03-03T12:46:02.714Z,44.0,2.414,2.414
oh no. oh NO!,https://www.youtube.com/watch?v=XAaWgdkAIsQ,The Grumps,https://www.youtube.com/channel/UCXq2nALoSbxLMehAvYTxt_A,2026-03-03T12:46:00.879Z,24.0,1.835,1.835
STRANGER THINGS 🤝 SURVIVOR?,https://www.youtube.com/watch?v=tDUgMZELfZY,Mythical Kitchen,https://www.youtube.com/channel/UCXGR70CkW_pXb8n52LzCCRw,2026-03-03T12:45:59.468Z,82.0,1.411,1.411
"Who Sang the ""Sunday In The Park With George"" Fast Part Best? #broadway #sondheim",https://www.youtube.com/watch?v=UMU__BUxyQc,Mister Golightly,https://www.youtube.com/channel/UCXW04XeC3zqz4vhlt70jB8Q,2026-03-03T12:43:34.768Z,94.0,144.7,94.0
"Selena ""La Carcacha"" break #selena #legend",https://www.youtube.com/watch?v=9YCnpIVwMTI,Mister Golightly,https://www.youtube.com/channel/UCXW04XeC3zqz4vhlt70jB8Q,2026-03-03T12:43:13.976Z,36.0,20.792,20.792
The king's drink with @co_mill and @shaynetopp,https://www.youtube.com/watch?v=2aNRJAE3c10,The Grumps,https://www.youtube.com/channel/UCXq2nALoSbxLMehAvYTxt_A,2026-03-03T12:42:40.740Z,38.0,33.236,33.236
How did we not guess this?,https://www.youtube.com/watch?v=aGgvcoH-XAI,The Grumps,https://www.youtube.com/channel/UCXq2nALoSbxLMehAvYTxt_A,2026-03-03T12:42:31.488Z,40.0,9.252,9.252
Jennifer NO!,https://www.youtube.com/watch?v=IXwwmYHnMF8,GameGrumps,https://www.youtube.com/channel/UC9CuvdOVfMPvKCiwdGKL3cQ,2026-03-03T12:42:30.326Z,59.0,1.162,1.162
"I bought the ""same"" AI scam dress from 2 different companies 🧐",https://www.youtube.com/watch?v=4A9DukvV8jI,Safiya Nygaard,https://www.youtube.com/channel/UCbAwSkqJ1W_Eg7wr3cp5BUA,2026-03-03T12:42:28.047Z,113.0,2.279,2.279
Construction has never been so exciting,https://www.youtube.com/watch?v=SpB-oNQvYOw,GameGrumps,https://www.youtube.com/channel/UC9CuvdOVfMPvKCiwdGKL3cQ,2026-03-03T12:42:23.309Z,44.0,4.738,4.738
PRETTY LITTLE LIARS CORE,https://www.youtube.com/watch?v=zQJ5IJsoDvc,Chase Bridges,https://www.youtube.com/channel/UCJdONOhhWkCpb9S-l4KUG5w,2026-03-03T12:42:21.066Z,72.0,2.243,2.243
LAUGH LOUNGE: JOSH JOHNSON,https://www.youtube.com/watch?v=gcekdXeDT2U,Sherri,https://www.youtube.com/channel/UCWi3F804yoAHz-kDDGM8Duw,2026-03-03T12:42:16.513Z,88.0,4.553,4.553
This didn't have to go so hard,https://www.youtube.com/watch?v=WBxgESLhWxI,GameGrumps,https://www.youtube.com/channel/UC9CuvdOVfMPvKCiwdGKL3cQ,2026-03-03T12:42:14.807Z,34.0,1.706,1.706
The Conclude,https://www.youtube.com/watch?v=4pq05ZFJlvU,GameGrumps,https://www.youtube.com/channel/UC9CuvdOVfMPvKCiwdGKL3cQ,2026-03-03T12:42:12.476Z,61.0,2.331,2.331
Are we good at cooking??,https://www.youtube.com/watch?v=LhFXocOHkv0,Mythical Kitchen,https://www.youtube.com/channel/UCXGR70CkW_pXb8n52LzCCRw,2026-03-03T12:42:10.595Z,87.0,1.881,1.881
RIP Scott Adams the creator of Dilbert,https://www.youtube.com/watch?v=SFwq_uPUZOI,Quinton Reviews,https://www.youtube.com/channel/UCM0V8r4kuIWIl6Sy-NHj2lg,2026-03-03T12:42:04.154Z,21.0,6.441,6.441
One thing Macaulay Culkin makes sure his kids know,https://www.youtube.com/watch?v=zZ9OoEVXD-o,Mythical Kitchen,https://www.youtube.com/channel/UCXGR70CkW_pXb8n52LzCCRw,2026-03-03T12:42:02.670Z,96.0,1.484,1.484
Hank Green tries UMAMI,https://www.youtube.com/watch?v=lcf4W-GNeww,Mythical Kitchen,https://www.youtube.com/channel/UCXGR70CkW_pXb8n52LzCCRw,2026-03-03T12:42:00.856Z,120.0,1.814,1.814
Josh agrees to try IMPROV for the first time,https://www.youtube.com/watch?v=XLqyhWZToh8,Mythical Kitchen,https://www.youtube.com/channel/UCXGR70CkW_pXb8n52LzCCRw,2026-03-03T12:41:42.658Z,89.0,18.198,18.198
What Did Mary Alice Do?? #desperatehousewives,https://www.youtube.com/watch?v=TDyB3lO-0QM,Chase Bridges,https://www.youtube.com/channel/UCJdONOhhWkCpb9S-l4KUG5w,2026-03-03T12:41:38.241Z,39.0,4.417,4.417
The Great Cliffs of Williamsburg?,https://www.youtube.com/watch?v=pHCf9l2GxA8,werothegreat,https://www.youtube.com/channel/UCcAHWTHwD2xEXiRtkrKVnUA,2026-03-03T12:40:59.868Z,88.0,38.373,38.373
Pepsiman (1999) features many sodas but mostly Pepsi,https://www.youtube.com/watch?v=TUuI7I2K3l4,GameGrumps,https://www.youtube.com/channel/UC9CuvdOVfMPvKCiwdGKL3cQ,2026-03-03T12:40:58.435Z,22.0,1.433,1.433
What Happened To Mary Alice?,https://www.youtube.com/watch?v=e4CuwZmpk1o,Chase Bridges,https://www.youtube.com/channel/UCJdONOhhWkCpb9S-l4KUG5w,2026-03-03T12:40:57.395Z,49.0,1.04,1.04
Intrigue is off the charts,https://www.youtube.com/watch?v=J_L2Evn259A,GameGrumps,https://www.youtube.com/channel/UC9CuvdOVfMPvKCiwdGKL3cQ,2026-03-03T12:40:55.093Z,40.0,2.302,2.302
"Your move, nerd. #NPMD",https://www.youtube.com/watch?v=-3myMdSAZxo,Team StarKid,https://www.youtube.com/channel/UC3d3_X0dUnt8YXVKyqr-XLA,2026-03-03T12:40:43.272Z,50.0,11.821,11.821
Try Guys Game Time is BACK!👾🧩🎮 Watch the first video now at @TryGuysGameTime,https://www.youtube.com/watch?v=L_qKehotBJY,The Try Guys,https://www.youtube.com/channel/UCpi8TJfiA4lKGkaXs__YdBA,2026-03-03T12:40:37.455Z,36.0,5.817,5.817
Would You Eat Vic Michaelis' Last Meal?,https://www.youtube.com/watch?v=PjbozgC1l2I,Mythical Kitchen,https://www.youtube.com/channel/UCXGR70CkW_pXb8n52LzCCRw,2026-03-03T12:40:16.767Z,21.0,20.688,20.688
Pretty Little Liars Theory,https://www.youtube.com/watch?v=t6GJnnX3w8U,Chase Bridges,https://www.youtube.com/channel/UCJdONOhhWkCpb9S-l4KUG5w,2026-03-03T12:40:15.936Z,37.0,0.831,0.831
Rhett & Link crash Brittany's Wienerschnitzel Taste Test,https://www.youtube.com/watch?v=8YwDPs27hdM,Mythical Kitchen,https://www.youtube.com/channel/UCXGR70CkW_pXb8n52LzCCRw,2026-03-03T12:38:25.310Z,100.0,110.626,100.0
Pretty Little Liars IS CONFUSING,https://www.youtube.com/watch?v=29hWa_2qejs,Chase Bridges,https://www.youtube.com/channel/UCJdONOhhWkCpb9S-l4KUG5w,2026-03-03T12:38:22.798Z,24.0,2.512,2.512
Oh it's going down.,https://www.youtube.com/watch?v=oRTbM1TL18s,GameGrumps,https://www.youtube.com/channel/UC9CuvdOVfMPvKCiwdGKL3cQ,2026-03-03T12:38:17.861Z,26.0,4.937,4.937
"80% of taste is smell. Sure, Link.",https://www.youtube.com/watch?v=sITXzGbadF8,Good Mythical Morning,https://www.youtube.com/channel/UC4PooiX37Pld1T8J5SYT-SQ,2026-03-03T12:38:12.081Z,12.0,5.78,5.78
PANIC! (1993) is actually really confusing,https://www.youtube.com/watch?v=ER5NT2pFVao,GameGrumps,https://www.youtube.com/channel/UC9CuvdOVfMPvKCiwdGKL3cQ,2026-03-03T12:38:08.202Z,10.0,3.879,3.879
Don't try this at home,https://www.youtube.com/watch?v=nM3hJY__MXo,Good Mythical Morning,https://www.youtube.com/channel/UC4PooiX37Pld1T8J5SYT-SQ,2026-03-03T12:37:33.727Z,34.0,34.475,34.0
We're honored Kat Dennings trusts us enough to eat on camera for the FIRST time,https://www.youtube.com/watch?v=MkcsuXmPXBA,Good Mythical Morning,https://www.youtube.com/channel/UC4PooiX37Pld1T8J5SYT-SQ,2026-03-03T12:37:05.657Z,27.0,28.07,27.0
What's your Chili's Triple Dipper Order?,https://www.youtube.com/watch?v=AhWObKp0PfU,A Hot Dog Is A Sandwich,https://www.youtube.com/channel/UCgcVfgkzo4oBgSdPCB0B2Cg,2026-03-03T12:37:04.919Z,30.0,0.738,0.738
Is it bad to take a drink to go?,https://www.youtube.com/watch?v=BB6Be6AbtEo,A Hot Dog Is A Sandwich,https://www.youtube.com/channel/UCgcVfgkzo4oBgSdPCB0B2Cg,2026-03-03T12:37:03.318Z,94.0,1.601,1.601
Meeting Ariel at her grotto 🧜🏾‍♀️#disneyworld,https://www.youtube.com/watch?v=ih5D6aFZS5I,Babbity Kate,https://www.youtube.com/channel/UC7wjh3Dqg7JDy5vS82bR6QQ,2026-03-03T12:37:01.723Z,,1.595,1.595
Why does a church need that many lawyers? 🧐 #exmormon #lds #mormonstories,https://www.youtube.com/watch?v=QyVpIMJ5Q60,Alyssa Grenfell,https://www.youtube.com/channel/UCqrqFLPh4cRM1VomUzG24sQ,2026-03-03T12:37:00.536Z,104.0,1.187,1.187
When you build a society on top of a religion built on p0lygamy…. #lds #exmormon #utah,https://www.youtube.com/watch?v=CKmrbtVkL2I,Alyssa Grenfell,https://www.youtube.com/channel/UCqrqFLPh4cRM1VomUzG24sQ,2026-03-03T12:36:59.477Z,81.0,1.059,1.059
AG made K-Pop Demon Hunter Dolls! #americangirl,https://www.youtube.com/watch?v=ZVXiGu90CDA,Babbity Kate,https://www.youtube.com/channel/UC7wjh3Dqg7JDy5vS82bR6QQ,2026-03-03T12:36:58.200Z,,1.277,1.277
Did Dan CHEAT?!,https://www.youtube.com/watch?v=vDRb0e5fBSU,The Grumps,https://www.youtube.com/channel/UCXq2nALoSbxLMehAvYTxt_A,2026-03-03T12:36:25.490Z,37.0,32.71,32.71
Shout out to the man who keeps the fajitas sizzling.,https://www.youtube.com/watch?v=P5HaHP_gS0Y,Good Mythical Morning,https://www.youtube.com/channel/UC4PooiX37Pld1T8J5SYT-SQ,2026-03-03T12:36:17.759Z,77.0,7.731,7.731
DON'T LEAVE US ALONE!,https://www.youtube.com/watch?v=L-PznBBAOOk,The Grumps,https://www.youtube.com/channel/UCXq2nALoSbxLMehAvYTxt_A,2026-03-03T12:36:14.358Z,41.0,3.401,3.401
Would You Eat Jennette McCurdy's Last Meal?,https://www.youtube.com/watch?v=m90spzw2Iis,Mythical Kitchen,https://www.youtube.com/channel/UCXGR70CkW_pXb8n52LzCCRw,2026-03-03T12:36:06.314Z,28.0,8.044,8.044
The Disney Princess hotel rooms are SO MUCH #disneyworld,https://www.youtube.com/watch?v=YLiGCOXqpyo,Babbity Kate,https://www.youtube.com/channel/UC7wjh3Dqg7JDy5vS82bR6QQ,2026-03-03T12:36:04.652Z,,1.662,1.662
Ooh people are angry at Bad Bunny’s Super Bowl halftime show,https://www.youtube.com/watch?v=UDAOPt9u1xU,Josh Johnson,https://www.youtube.com/channel/UCLuYADJ6hESLHX87JnsGbjA,2026-03-03T12:36:03.242Z,170.0,1.41,1.41
Meeting PRINCE ERIC at Disney World! 😍 #disney,https://www.youtube.com/watch?v=ZQmkI0S6Rnc,Babbity Kate,https://www.youtube.com/channel/UC7wjh3Dqg7JDy5vS82bR6QQ,2026-03-03T12:35:52.249Z,,10.993,10.993
I’m glad Wicked For Good didn’t get Oscar noms for original song #wicked,https://www.youtube.com/watch?v=PdiK3JoM_1I,Babbity Kate,https://www.youtube.com/channel/UC7wjh3Dqg7JDy5vS82bR6QQ,2026-03-03T12:35:49.661Z,,2.588,2.588
I love how Fiyero jokingly teases Elphaba #broadway  #musical #theatre,https://www.youtube.com/watch?v=oiiVKGCKwTo,Mister Golightly,https://www.youtube.com/channel/UCXW04XeC3zqz4vhlt70jB8Q,2026-03-03T12:35:42.429Z,32.0,7.232,7.232
@dudeperfect joined Rhett & Link on #GoodMythicalMorning and you could say it was... perfect.,https://www.youtube.com/watch?v=vT9RPNr-LzE,Good Mythical Morning,https://www.youtube.com/channel/UC4PooiX37Pld1T8J5SYT-SQ,2026-03-03T12:35:38.549Z,19.0,3.88,3.88
The Puppy Interview was Keith's idea,https://www.youtube.com/watch?v=4Res7bFrxQM,Mythical Kitchen,https://www.youtube.com/channel/UCXGR70CkW_pXb8n52LzCCRw,2026-03-03T12:34:19.427Z,78.0,79.122,78.0
What's the best thing in the Mythical Kitchen office?,https://www.youtube.com/watch?v=vMvc6QiY2EI,Mythical Kitchen,https://www.youtube.com/channel/UCXGR70CkW_pXb8n52LzCCRw,2026-03-03T12:34:17.847Z,90.0,1.58,1.58
Rhett's arch nemesis? The Coke freestyle machine.,https://www.youtube.com/watch?v=Cmxn3PXo8vo,Good Mythical MORE,https://www.youtube.com/channel/UCzpCc5n9hqiVC7HhPwcIKEg,2026-03-03T12:34:15.812Z,102.0,2.035,2.035
Dan creates a self-fulfilling prophecy,https://www.youtube.com/watch?v=YLCFju27AqE,The Grumps,https://www.youtube.com/channel/UCXq2nALoSbxLMehAvYTxt_A,2026-03-03T12:34:13.917Z,32.0,1.895,1.895
We hope that this lil shift will make things better for yall on YouTube❤️,https://www.youtube.com/watch?v=ycrLqEQHAlw,The Try Guys,https://www.youtube.com/channel/UCpi8TJfiA4lKGkaXs__YdBA,2026-03-03T12:34:09.224Z,79.0,4.693,4.693
Our new series Call Them Mother premieres on 2nd try Saturday 2/7 and on YouTube a month later💝,https://www.youtube.com/watch?v=D8eCL30B-FM,The Try Guys,https://www.youtube.com/channel/UCpi8TJfiA4lKGkaXs__YdBA,2026-03-03T12:33:25.950Z,89.0,43.274,43.274
So what IS a spatula?,https://www.youtube.com/watch?v=Fs2JsEuBBy0,Mythical Kitchen,https://www.youtube.com/channel/UCXGR70CkW_pXb8n52LzCCRw,2026-03-03T12:32:40.025Z,80.0,45.925,45.925
let’s think before we ask!,https://www.youtube.com/watch?v=zAdrU4zov4c,The Try Guys,https://www.youtube.com/channel/UCpi8TJfiA4lKGkaXs__YdBA,2026-03-03T12:32:25.814Z,71.0,14.211,14.211
Trying cheese-stuffed sweet potatoes from TikTok,https://www.youtube.com/watch?v=gTwr6Txgy4g,A Hot Dog Is A Sandwich,https://www.youtube.com/channel/UCgcVfgkzo4oBgSdPCB0B2Cg,2026-03-03T12:32:03.782Z,88.0,22.032,22.032
We tried Walmart sushi (and kinda liked it),https://www.youtube.com/watch?v=NBAfbwFVhmk,A Hot Dog Is A Sandwich,https://www.youtube.com/channel/UCgcVfgkzo4oBgSdPCB0B2Cg,2026-03-03T12:32:02.063Z,65.0,1.719,1.719
Mansaf - Jordan’s National Dish,https://www.youtube.com/watch?v=e0SagDA3ktE,Tasting History with Max Miller,https://www.youtube.com/channel/UCsaGKqPZnGp_7N80hcHySGQ,2026-03-03T12:32:00.661Z,78.0,1.402,1.402
Ancient Niangao for the Chinese New Year,https://www.youtube.com/watch?v=rH-hrdXWrH0,Tasting History with Max Miller,https://www.youtube.com/channel/UCsaGKqPZnGp_7N80hcHySGQ,2026-03-03T12:31:58.271Z,106.0,2.39,2.39
Have you heard of the COOKIE diet?,https://www.youtube.com/watch?v=4e0Pzs6kSVg,A Hot Dog Is A Sandwich,https://www.youtube.com/channel/UCgcVfgkzo4oBgSdPCB0B2Cg,2026-03-03T12:31:54.263Z,34.0,4.008,4.008
Is a wrap a burrito?,https://www.youtube.com/watch?v=NG5LSNz-o7E,A Hot Dog Is A Sandwich,https://www.youtube.com/channel/UCgcVfgkzo4oBgSdPCB0B2Cg,2026-03-03T12:31:51.885Z,40.0,2.378,2.378
The Soup that Stopped a War - Milk Soup,https://www.youtube.com/watch?v=4QgWcSkR-p4,Tasting History with Max Miller,https://www.youtube.com/channel/UCsaGKqPZnGp_7N80hcHySGQ,2026-03-03T12:31:50.462Z,84.0,1.423,1.423
Trying Kangaroo Meat,https://www.youtube.com/watch?v=dWmkpjRb28c,Tasting History with Max Miller,https://www.youtube.com/channel/UCsaGKqPZnGp_7N80hcHySGQ,2026-03-03T12:31:47.304Z,64.0,3.158,3.158
gold medal murder roomba,https://www.youtube.com/watch?v=50SqNn5-IR0,Overly Sarcastic Productions,https://www.youtube.com/channel/UCodbH5mUeF-m_BsNueRDjcw,2026-03-03T12:31:46.564Z,52.0,0.74,0.74
Baking the Original Girl Scout Cookies from 1922,https://www.youtube.com/watch?v=dSKPMd77MNA,Tasting History with Max Miller,https://www.youtube.com/channel/UCsaGKqPZnGp_7N80hcHySGQ,2026-03-03T12:31:40.672Z,100.0,5.892,5.892
The light is always greener on the other side of the water,https://www.youtube.com/watch?v=6a4aTvu4VHc,Overly Sarcastic Productions,https://www.youtube.com/channel/UCodbH5mUeF-m_BsNueRDjcw,2026-03-03T12:31:39.885Z,43.0,0.787,0.787
Brittany Broski tries Wienerschnitzel for the first time,https://www.youtube.com/watch?v=6mpzxgO7Qao,Mythical Kitchen,https://www.youtube.com/channel/UCXGR70CkW_pXb8n52LzCCRw,2026-03-03T12:31:28.885Z,117.0,11.0,11.0
I [am totally a] Spy,https://www.youtube.com/watch?v=U3d8flzq3FM,Overly Sarcastic Productions,https://www.youtube.com/channel/UCodbH5mUeF-m_BsNueRDjcw,2026-03-03T12:31:27.942Z,39.0,0.943,0.943
Josh vs. British Pudding,https://www.youtube.com/watch?v=tbDWok2_M_g,Mythical Kitchen,https://www.youtube.com/channel/UCXGR70CkW_pXb8n52LzCCRw,2026-03-03T12:30:07.404Z,80.0,80.538,80.0
I have so many questions 😳 #exmormon #lds #utah #mormon,https://www.youtube.com/watch?v=n1215-H08ZU,Alyssa Grenfell,https://www.youtube.com/channel/UCqrqFLPh4cRM1VomUzG24sQ,2026-03-03T12:30:05.831Z,155.0,1.573,1.573
Stylin' like Giorno,https://www.youtube.com/watch?v=Ka_4uokWc0s,The Grumps,https://www.youtube.com/channel/UCXq2nALoSbxLMehAvYTxt_A,2026-03-03T12:30:03.785Z,48.0,2.046,2.046
Candy making with @loganscandies !,https://www.youtube.com/watch?v=BTr96095Yss,The Grumps,https://www.youtube.com/channel/UCXq2nALoSbxLMehAvYTxt_A,2026-03-03T12:30:03.083Z,43.0,0.702,0.702
IMPORTANT UPDATE!,https://www.youtube.com/watch?v=vxLO6BJ4Y-U,Midwest Magic Cleaning,https://www.youtube.com/channel/UCxbfjWZKBHJ-FY7B4Jb_aug,2026-03-03T12:29:59.969Z,171.0,3.114,3.114
"Yes, it is that deep #utahhair #lds #exmormon",https://www.youtube.com/watch?v=sLLr_dHJE1w,Alyssa Grenfell,https://www.youtube.com/channel/UCqrqFLPh4cRM1VomUzG24sQ,2026-03-03T12:29:58.555Z,154.0,1.414,1.414
How To Cut An Onion,https://www.youtube.com/watch?v=uHj2mCmIVIw,Mythical Kitchen,https://www.youtube.com/channel/UCXGR70CkW_pXb8n52LzCCRw,2026-03-03T12:29:41.661Z,64.0,16.894,16.894
Hugging as a man,https://www.youtube.com/watch?v=Bgv_tVb_NeM,Josh Johnson,https://www.youtube.com/channel/UCLuYADJ6hESLHX87JnsGbjA,2026-03-03T12:29:38.999Z,170.0,2.662,2.662
Jennette is Disneyland's face of The Great Depression,https://www.youtube.com/watch?v=IWvvAQ5gUD4,Mythical Kitchen,https://www.youtube.com/channel/UCXGR70CkW_pXb8n52LzCCRw,2026-03-03T12:28:14.423Z,106.0,84.576,84.576
Yall didn’t care about the law when you hid all that $ from the government 🧐 #exmormon,https://www.youtube.com/watch?v=MMRm9s31X2Q,Alyssa Grenfell,https://www.youtube.com/channel/UCqrqFLPh4cRM1VomUzG24sQ,2026-03-03T12:28:13.173Z,78.0,1.25,1.25
David’s book is available for pre order and will be published Feb 17th!!! 🥳 #exmormon #lds,https://www.youtube.com/watch?v=Y8BpNXqNo3A,Alyssa Grenfell,https://www.youtube.com/channel/UCqrqFLPh4cRM1VomUzG24sQ,2026-03-03T12:28:11.775Z,34.0,1.398,1.398
Manhattan… in the Bronx? #nyc #history #architecture #map,https://www.youtube.com/watch?v=EBTLvFkvB5c,Daniel Steiner,https://www.youtube.com/channel/UC8SFW_mlVgbHO955hl6Tfvw,2026-03-03T12:28:07.345Z,102.0,4.43,4.43
Would You Eat Keith Habersberger's Last Meal?,https://www.youtube.com/watch?v=Jz1eKKcTDBE,Mythical Kitchen,https://www.youtube.com/channel/UCXGR70CkW_pXb8n52LzCCRw,2026-03-03T12:28:05.531Z,52.0,1.814,1.814
Can’t believe they’re going to have SPANISH at the Super Bowl,https://www.youtube.com/watch?v=1KFb7C6LxYo,Josh Johnson,https://www.youtube.com/channel/UCLuYADJ6hESLHX87JnsGbjA,2026-03-03T12:28:04.109Z,178.0,1.422,1.422
Smells great.,https://www.youtube.com/watch?v=JXs1xyyNmr4,The Grumps,https://www.youtube.com/channel/UCXq2nALoSbxLMehAvYTxt_A,2026-03-03T12:27:58.009Z,26.0,6.1,6.1
You used to be so nice… #exmormon #lds #utah,https://www.youtube.com/watch?v=-FYM0B6ZQzs,Alyssa Grenfell,https://www.youtube.com/channel/UCqrqFLPh4cRM1VomUzG24sQ,2026-03-03T12:27:56.928Z,75.0,1.081,1.081
How long would you last?,https://www.youtube.com/watch?v=wzfL0nU5i5k,The Grumps,https://www.youtube.com/channel/UCXq2nALoSbxLMehAvYTxt_A,2026-03-03T12:27:55.604Z,38.0,1.324,1.324
What’s next…. Baptism?? 💦 #exmormon #lds #utah #mrbeast,https://www.youtube.com/watch?v=rVMZQG38rdQ,Alyssa Grenfell,https://www.youtube.com/channel/UCqrqFLPh4cRM1VomUzG24sQ,2026-03-03T12:27:54.052Z,73.0,1.552,1.552
Would You Eat Doctor Mike's Last Meal?,https://www.youtube.com/watch?v=cKe6rvX6RFI,Mythical Kitchen,https://www.youtube.com/channel/UCXGR70CkW_pXb8n52LzCCRw,2026-03-03T12:27:45.158Z,22.0,8.894,8.894
Separation of church and state?? I’ve never heard of her ￼🤷🏼‍♀️ #utah #exmormon,https://www.youtube.com/watch?v=mSPs1aa9sBU,Alyssa Grenfell,https://www.youtube.com/channel/UCqrqFLPh4cRM1VomUzG24sQ,2026-03-03T12:27:43.852Z,62.0,1.306,1.306
MONK vs Murder She Wrote,https://www.youtube.com/watch?v=W4ejDqRFu_g,Chase Bridges,https://www.youtube.com/channel/UCJdONOhhWkCpb9S-l4KUG5w,2026-03-03T12:27:38.690Z,88.0,5.162,5.162
Psych vs Numbers,https://www.youtube.com/watch?v=TDaokYLJ2q8,Chase Bridges,https://www.youtube.com/channel/UCJdONOhhWkCpb9S-l4KUG5w,2026-03-03T12:27:36.709Z,95.0,1.981,1.981
picking bridesmaids can be a painful process! #internetanalysis #bridesmaids #wedding,https://www.youtube.com/watch?v=-VfaVEz46dg,tiffanyferg,https://www.youtube.com/channel/UCY6DpwQetygtye7GM1zVHmw,2026-03-03T12:27:34.005Z,95.0,2.704,2.704
Even death cookies are delicious!,https://www.youtube.com/watch?v=2Ikjcd69KCw,The Grumps,https://www.youtube.com/channel/UCXq2nALoSbxLMehAvYTxt_A,2026-03-03T12:27:31.915Z,49.0,2.09,2.09
Everything important to Arin ❤️,https://www.youtube.com/watch?v=j-FipjJA4yU,The Grumps,https://www.youtube.com/channel/UCXq2nALoSbxLMehAvYTxt_A,2026-03-03T12:27:29.391Z,47.0,2.524,2.524
Epstein went from Zero to 6 Million,https://www.youtube.com/watch?v=eQ6v9aAu8XY,Josh Johnson,https://www.youtube.com/channel/UCLuYADJ6hESLHX87JnsGbjA,2026-03-03T12:27:28.266Z,57.0,1.125,1.125
ICE will be at the Super Bowl?,https://www.youtube.com/watch?v=2YldSt4sv_s,Josh Johnson,https://www.youtube.com/channel/UCLuYADJ6hESLHX87JnsGbjA,2026-03-03T12:27:26.576Z,93.0,1.69,1.69
Have you tried the Ben Franklin Pop Tart Challenge??,https://www.youtube.com/watch?v=k00OQhyZnoQ,Mythical Kitchen,https://www.youtube.com/channel/UCXGR70CkW_pXb8n52LzCCRw,2026-03-03T12:27:22.266Z,104.0,4.31,4.31
Final Fantasy VI (1994) contains a lot of really interesting hidden details like this one which is t,https://www.youtube.com/watch?v=cFfxSomqQ8o,GameGrumps,https://www.youtube.com/channel/UC9CuvdOVfMPvKCiwdGKL3cQ,2026-03-03T12:27:21.087Z,10.0,1.179,1.179
Is pretzel pizza good? (lie to us),https://www.youtube.com/watch?v=bW6TtXAW4cg,Mythical Kitchen,https://www.youtube.com/channel/UCXGR70CkW_pXb8n52LzCCRw,2026-03-03T12:25:40.287Z,100.0,100.8,100.0
Mega Man 2 (1988) is pretty awesome if I do say so myself (I do),https://www.youtube.com/watch?v=n2myQBYmERw,GameGrumps,https://www.youtube.com/channel/UC9CuvdOVfMPvKCiwdGKL3cQ,2026-03-03T12:25:29.452Z,22.0,10.835,10.835
Ever tried fish sausage?,https://www.youtube.com/watch?v=u1BLgLo6zoc,The Grumps,https://www.youtube.com/channel/UCXq2nALoSbxLMehAvYTxt_A,2026-03-03T12:25:04.434Z,24.0,25.018,24.0
Add to the list in the comments 👇🏻 #exmormon #lds #exmo,https://www.youtube.com/watch?v=QBAkCYkzUx0,Alyssa Grenfell,https://www.youtube.com/channel/UCqrqFLPh4cRM1VomUzG24sQ,2026-03-03T12:25:01.531Z,76.0,2.903,2.903
How could anyone ever forget Tom?,https://www.youtube.com/watch?v=0mLmH2Ln_w0,Good Mythical Morning,https://www.youtube.com/channel/UC4PooiX37Pld1T8J5SYT-SQ,2026-03-03T12:24:55.018Z,51.0,6.513,6.513
Rhett is out here defying gravity,https://www.youtube.com/watch?v=_6fPlfC61z4,Good Mythical Morning,https://www.youtube.com/channel/UC4PooiX37Pld1T8J5SYT-SQ,2026-03-03T12:24:34.350Z,39.0,20.668,20.668
How Doctor Mike inspired Josh,https://www.youtube.com/watch?v=MlGNhVw39zY,Mythical Kitchen,https://www.youtube.com/channel/UCXGR70CkW_pXb8n52LzCCRw,2026-03-03T12:24:32.598Z,106.0,1.752,1.752
"Come on, bro.",https://www.youtube.com/watch?v=jcBPB8TDvkw,Good Mythical Morning,https://www.youtube.com/channel/UC4PooiX37Pld1T8J5SYT-SQ,2026-03-03T12:24:24.757Z,17.0,7.841,7.841
Trevor Tries Rhett's Struggle Meal,https://www.youtube.com/watch?v=A8s2jA7aJ9U,Mythical Kitchen,https://www.youtube.com/channel/UCXGR70CkW_pXb8n52LzCCRw,2026-03-03T12:24:17.671Z,112.0,7.086,7.086
The pressure to conform is very powerful… #exmormon #lds #utah,https://www.youtube.com/watch?v=eeQ0-tYZKq0,Alyssa Grenfell,https://www.youtube.com/channel/UCqrqFLPh4cRM1VomUzG24sQ,2026-03-03T12:24:16.022Z,98.0,1.649,1.649
Arin FAILS at Korean game for KIDS,https://www.youtube.com/watch?v=6GJYxF0_6IM,The Grumps,https://www.youtube.com/channel/UCXq2nALoSbxLMehAvYTxt_A,2026-03-03T12:24:11.531Z,31.0,4.491,4.491
Snow in NYC,https://www.youtube.com/watch?v=RN9CZ0Mrzwc,Josh Johnson,https://www.youtube.com/channel/UCLuYADJ6hESLHX87JnsGbjA,2026-03-03T12:23:58.071Z,23.0,13.46,13.46
Can you speak the language? #exmormon #lds #utah,https://www.youtube.com/watch?v=3dLtdWA_8kc,Alyssa Grenfell,https://www.youtube.com/channel/UCqrqFLPh4cRM1VomUzG24sQ,2026-03-03T12:23:43.493Z,61.0,14.578,14.578
Rhett & Link are gonna watch #HeatedRivalry all night long.,https://www.youtube.com/watch?v=7CkYorHdp70,Good Mythical Morning,https://www.youtube.com/channel/UC4PooiX37Pld1T8J5SYT-SQ,2026-03-03T12:23:38.913Z,25.0,4.58,4.58
My first time shoveling snow ❤️❄️,https://www.youtube.com/watch?v=1R2lBgmIQAc,Chase Bridges,https://www.youtube.com/channel/UCJdONOhhWkCpb9S-l4KUG5w,2026-03-03T12:23:26.944Z,11.0,11.969,11.0
Emergency Contact,https://www.youtube.com/watch?v=dblfPQGm5GE,Josh Johnson,https://www.youtube.com/channel/UCLuYADJ6hESLHX87JnsGbjA,2026-03-03T12:23:25.537Z,99.0,1.407,1.407
Princess Quest video is out now! #disneyworld,https://www.youtube.com/watch?v=qVOmcrXAsMQ,Babbity Kate,https://www.youtube.com/channel/UC7wjh3Dqg7JDy5vS82bR6QQ,2026-03-03T12:23:21.059Z,,4.478,4.478
Sometimes you've just gotta sound it out.,https://www.youtube.com/watch?v=fVh8fF6ARPs,Good Mythical Morning,https://www.youtube.com/channel/UC4PooiX37Pld1T8J5SYT-SQ,2026-03-03T12:22:48.049Z,24.0,33.01,24.0
Link has a STARTLING confession to make...,https://www.youtube.com/watch?v=Mr1MnOWu0C8,Good Mythical Morning,https://www.youtube.com/channel/UC4PooiX37Pld1T8J5SYT-SQ,2026-03-03T12:22:41.381Z,28.0,6.668,6.668
"According to playground rules, that was a kiss.",https://www.youtube.com/watch?v=sWN18b8qQkc,Good Mythical Morning,https://www.youtube.com/channel/UC4PooiX37Pld1T8J5SYT-SQ,2026-03-03T12:22:19.184Z,22.0,22.197,22.0
"Who Sang The ""Memory"" Climax The Best? #broadway #theatre #musical",https://www.youtube.com/watch?v=h5o4OzvaxtA,Mister Golightly,https://www.youtube.com/channel/UCXW04XeC3zqz4vhlt70jB8Q,2026-03-03T12:22:16.901Z,123.0,2.283,2.283
More Epstein files released,https://www.youtube.com/watch?v=l23FPcSRbCA,Josh Johnson,https://www.youtube.com/channel/UCLuYADJ6hESLHX87JnsGbjA,2026-03-03T12:22:15.573Z,16.0,1.328,1.328
overthinking king,https://www.youtube.com/watch?v=9LqKgnmNbbI,The Try Guys,https://www.youtube.com/channel/UCpi8TJfiA4lKGkaXs__YdBA,2026-03-03T12:21:32.313Z,46.0,43.26,43.26
We Tried The Original Recipe For Root Beer,https://www.youtube.com/watch?v=SzSxKWG6XRU,Mythical Kitchen,https://www.youtube.com/channel/UCXGR70CkW_pXb8n52LzCCRw,2026-03-03T12:21:24.622Z,22.0,7.691,7.691
Redacting the Epstein files,https://www.youtube.com/watch?v=EdYMY0ZhHjU,Josh Johnson,https://www.youtube.com/channel/UCLuYADJ6hESLHX87JnsGbjA,2026-03-03T12:21:18.061Z,41.0,6.561,6.561
Has Josh even SEEN Hunger Games?,https://www.youtube.com/watch?v=6M8PvDE6-CI,Mythical Kitchen,https://www.youtube.com/channel/UCXGR70CkW_pXb8n52LzCCRw,2026-03-03T12:19:43.206Z,94.0,94.855,94.0
what’s happening at the 2026 grammy awards 🧐,https://www.youtube.com/watch?v=k_vEUO2v3lw,ModernGurlz,https://www.youtube.com/channel/UCW_c5PzkvxMaBxqwjITW6-A,2026-03-03T12:19:40.004Z,32.0,3.202,3.202
Not an arts kid if you’re not a bit #silly 🤷🏼‍♀️ #spongebob #trend #ethanslater @WaitintheWings,https://www.youtube.com/watch?v=yhNzbmNQFBU,Sophia Angelica ,https://www.youtube.com/channel/UC5PEpj9OnMDZCDJMjUsEWyg,2026-03-03T12:19:27.118Z,12.0,12.886,12.0
American Cheese is real and it's GOOD,https://www.youtube.com/watch?v=2zEdvCBqgzE,Mythical Kitchen,https://www.youtube.com/channel/UCXGR70CkW_pXb8n52LzCCRw,2026-03-03T12:19:16.812Z,10.0,10.306,10.0
Quite the Acrobat,https://www.youtube.com/watch?v=33ERKSVysYo,werothegreat,https://www.youtube.com/channel/UCcAHWTHwD2xEXiRtkrKVnUA,2026-03-03T12:19:08.881Z,8.0,7.931,7.931
Like a pacifier.,https://www.youtube.com/watch?v=qWs_QthLrbI,Good Mythical MORE,https://www.youtube.com/channel/UCzpCc5n9hqiVC7HhPwcIKEg,2026-03-03T12:18:52.962Z,20.0,15.919,15.919
I can’t wait for season three I’m so attached to my children. #percyjacksonandtheolympians #bluefood,https://www.youtube.com/watch?v=p7IYdhY-ZKk,Persephone Quill,https://www.youtube.com/channel/UCrbnF2M9GGjpfKBpuXMF_yw,2026-03-03T12:18:40.089Z,71.0,12.873,12.873
Are you scared of being a queer parent?!,https://www.youtube.com/watch?v=j2e0cfdkjNQ,The Try Guys,https://www.youtube.com/channel/UCpi8TJfiA4lKGkaXs__YdBA,2026-03-03T12:18:38.485Z,63.0,1.604,1.604
and that’s VALID,https://www.youtube.com/watch?v=Ery4bj4gARs,The Try Guys,https://www.youtube.com/channel/UCpi8TJfiA4lKGkaXs__YdBA,2026-03-03T12:18:21.199Z,15.0,17.286,15.0
"Who Sang The ""Tango Roxanne"" Best?",https://www.youtube.com/watch?v=27EIIikI6IE,Mister Golightly,https://www.youtube.com/channel/UCXW04XeC3zqz4vhlt70jB8Q,2026-03-03T12:18:20.333Z,146.0,0.866,0.866
Lily vs. the Last Meals Lightning Round,https://www.youtube.com/watch?v=xNe8tB1BGf4,A Hot Dog Is A Sandwich,https://www.youtube.com/channel/UCgcVfgkzo4oBgSdPCB0B2Cg,2026-03-03T12:18:17.813Z,83.0,2.52,2.52
Finding anything nice to say about the “Modern Era” American Girl #dolls,https://www.youtube.com/watch?v=KfKwkYUGK48,Babbity Kate,https://www.youtube.com/channel/UC7wjh3Dqg7JDy5vS82bR6QQ,2026-03-03T12:18:12.250Z,,5.563,5.563
New “Modern Era” dolls from #americangirl,https://www.youtube.com/watch?v=j2eaEOIrmKE,Babbity Kate,https://www.youtube.com/channel/UC7wjh3Dqg7JDy5vS82bR6QQ,2026-03-03T12:18:10.093Z,,2.157,2.157
Debating Ms. Frizzle Ethics,https://www.youtube.com/watch?v=54WgQPoezv4,A Hot Dog Is A Sandwich,https://www.youtube.com/channel/UCgcVfgkzo4oBgSdPCB0B2Cg,2026-03-03T12:18:08.315Z,38.0,1.778,1.778
You Won’t Believe This WICKED Story! 💚😭,https://www.youtube.com/watch?v=zWLCMtt-4XI,Behind The Magic,https://www.youtube.com/channel/UCLR0kJWSIPeMXMNw0e2uFyA,2026-03-03T12:18:03.990Z,160.0,4.325,4.325
"WICKED Broadway VS Movie (Christopher Fitzgerald, Ethan Slater) #broadway #theatre #movie",https://www.youtube.com/watch?v=Xc7iHLELih4,Mister Golightly,https://www.youtube.com/channel/UCXW04XeC3zqz4vhlt70jB8Q,2026-03-03T12:18:01.576Z,24.0,2.414,2.414
The Easiest Way to Start Saving Money,https://www.youtube.com/watch?v=OUxKednfNls,WheezyWaiter,https://www.youtube.com/channel/UCQL5ABUvwY7YoW5lgMyAS_w,2026-03-03T12:18:00.208Z,54.0,1.368,1.368
"Once you crack, you gotta put it back.",https://www.youtube.com/watch?v=_evNCRzFjLQ,Good Mythical MORE,https://www.youtube.com/channel/UCzpCc5n9hqiVC7HhPwcIKEg,2026-03-03T12:17:58.400Z,26.0,1.808,1.808
We're sure Rhett & Link's invite to Taylor Swift & Travis Kelce's wedding just got lost in the mail,https://www.youtube.com/watch?v=552dG0CdGPo,Good Mythical MORE,https://www.youtube.com/channel/UCzpCc5n9hqiVC7HhPwcIKEg,2026-03-03T12:17:56.578Z,20.0,1.822,1.822
"Who Sang The ""PityThe Child"" High Note Best?",https://www.youtube.com/watch?v=ACVX6MtBMaU,Mister Golightly,https://www.youtube.com/channel/UCXW04XeC3zqz4vhlt70jB8Q,2026-03-03T12:17:14.951Z,45.0,41.627,41.627
a depression era classic,https://www.youtube.com/watch?v=aBEOmxiez2A,The Grumps,https://www.youtube.com/channel/UCXq2nALoSbxLMehAvYTxt_A,2026-03-03T12:17:12.717Z,66.0,2.234,2.234
We've never believed in anyone the way we believe in Sean.,https://www.youtube.com/watch?v=TsF46vp7tiQ,Good Mythical Morning,https://www.youtube.com/channel/UC4PooiX37Pld1T8J5SYT-SQ,2026-03-03T12:17:11.225Z,26.0,1.492,1.492
When Bad Bunny started singing,https://www.youtube.com/watch?v=LFzoAmJqjPU,Josh Johnson,https://www.youtube.com/channel/UCLuYADJ6hESLHX87JnsGbjA,2026-03-03T12:16:58.222Z,33.0,13.003,13.003
This cube squishes for only one man,https://www.youtube.com/watch?v=FRo5Qx9lS9g,The Grumps,https://www.youtube.com/channel/UCXq2nALoSbxLMehAvYTxt_A,2026-03-03T12:16:51.834Z,23.0,6.388,6.388
All the Disney Princesses are wearing the WRONG DRESS #disney,https://www.youtube.com/watch?v=wfmBSzXyRrs,Babbity Kate,https://www.youtube.com/channel/UC7wjh3Dqg7JDy5vS82bR6QQ,2026-03-03T12:16:07.280Z,,44.554,44.554
😭 Matthew Lillard loves PEOPLE,https://www.youtube.com/watch?v=QPYedum7GGk,Mythical Kitchen,https://www.youtube.com/channel/UCXGR70CkW_pXb8n52LzCCRw,2026-03-03T12:16:06.270Z,136.0,1.01,1.01
Sean's table manners are impeccable.,https://www.youtube.com/watch?v=5ZyCh1yse6c,Good Mythical Morning,https://www.youtube.com/channel/UC4PooiX37Pld1T8J5SYT-SQ,2026-03-03T12:16:04.454Z,32.0,1.816,1.816
It's important to be neighborly!,https://www.youtube.com/watch?v=NsSAnySQnA8,Good Mythical Morning,https://www.youtube.com/channel/UC4PooiX37Pld1T8J5SYT-SQ,2026-03-03T12:16:01.016Z,27.0,3.438,3.438
Dan's LEGENDARY struggle meal,https://www.youtube.com/watch?v=OnXspKDx0Hw,The Grumps,https://www.youtube.com/channel/UCXq2nALoSbxLMehAvYTxt_A,2026-03-03T12:15:59.110Z,42.0,1.906,1.906
does pregnancy change your style?!,https://www.youtube.com/watch?v=Bfk_ZJihR38,The Try Guys,https://www.youtube.com/channel/UCpi8TJfiA4lKGkaXs__YdBA,2026-03-03T12:15:56.976Z,54.0,2.134,2.134
Doctor Mike as THE BACHELOR?,https://www.youtube.com/watch?v=0K3oSFr6rU0,Mythical Kitchen,https://www.youtube.com/channel/UCXGR70CkW_pXb8n52LzCCRw,2026-03-03T12:15:55.017Z,59.0,1.959,1.959
Doritos NKD vs OG Taste Test,https://www.youtube.com/watch?v=k6roztsOMSc,A Hot Dog Is A Sandwich,https://www.youtube.com/channel/UCgcVfgkzo4oBgSdPCB0B2Cg,2026-03-03T12:15:54.363Z,115.0,0.654,0.654
We don't condone this method,https://www.youtube.com/watch?v=e8gS-dgBd2Y,A Hot Dog Is A Sandwich,https://www.youtube.com/channel/UCgcVfgkzo4oBgSdPCB0B2Cg,2026-03-03T12:15:53.603Z,107.0,0.76,0.76
"over the fish and up the stairs, to dim sum we go",https://www.youtube.com/watch?v=DjTkrIHQALg,Overly Sarcastic Productions,https://www.youtube.com/channel/UCodbH5mUeF-m_BsNueRDjcw,2026-03-03T12:15:52.636Z,40.0,0.967,0.967
"Flirt, marry, kill CHICKEN",https://www.youtube.com/watch?v=ul5wcN9nTPc,A Hot Dog Is A Sandwich,https://www.youtube.com/channel/UCgcVfgkzo4oBgSdPCB0B2Cg,2026-03-03T12:15:51.895Z,60.0,0.741,0.741
Josh's Favorite TikTok Hack,https://www.youtube.com/watch?v=nQPLeuBWjfY,A Hot Dog Is A Sandwich,https://www.youtube.com/channel/UCgcVfgkzo4oBgSdPCB0B2Cg,2026-03-03T12:15:51.020Z,103.0,0.875,0.875
Josh's Favorite Sushi,https://www.youtube.com/watch?v=6w67RGJzAuU,A Hot Dog Is A Sandwich,https://www.youtube.com/channel/UCgcVfgkzo4oBgSdPCB0B2Cg,2026-03-03T12:15:50.037Z,55.0,0.983,0.983
Should you wash your cast iron??,https://www.youtube.com/watch?v=ybPOVafCYZs,A Hot Dog Is A Sandwich,https://www.youtube.com/channel/UCgcVfgkzo4oBgSdPCB0B2Cg,2026-03-03T12:15:49.090Z,57.0,0.947,0.947
Where does 'caught red-handed' come from?,https://www.youtube.com/watch?v=7wdo_AOir4o,RobWords,https://www.youtube.com/channel/UC4a9LfdavRlVMaSSWFdIciA,2026-03-03T12:14:59.795Z,104.0,49.295,49.295
Creole Gumbo from 1885,https://www.youtube.com/watch?v=lGYW5XPlPmc,Tasting History with Max Miller,https://www.youtube.com/channel/UCsaGKqPZnGp_7N80hcHySGQ,2026-03-03T12:14:58.555Z,120.0,1.24,1.24
Do you fart too much?,https://www.youtube.com/watch?v=cLI7XfkqySg,A Hot Dog Is A Sandwich,https://www.youtube.com/channel/UCgcVfgkzo4oBgSdPCB0B2Cg,2026-03-03T12:14:56.421Z,64.0,2.134,2.134
Link vlogged his 7-Eleven taste testing experience in Japan,https://www.youtube.com/watch?v=G4ALv1S9B_o,Good Mythical Morning,https://www.youtube.com/channel/UC4PooiX37Pld1T8J5SYT-SQ,2026-03-03T12:14:54.684Z,30.0,1.737,1.737
$50 Taco Challenge,https://www.youtube.com/watch?v=6unQkt3MaTs,Mythical Kitchen,https://www.youtube.com/channel/UCXGR70CkW_pXb8n52LzCCRw,2026-03-03T12:14:51.920Z,74.0,2.764,2.764
"My best attempt at a Nara Smith, parody… What do we think??? #exmormon #narasmith #utah",https://www.youtube.com/watch?v=z7Ojih22fTo,Alyssa Grenfell,https://www.youtube.com/channel/UCqrqFLPh4cRM1VomUzG24sQ,2026-03-03T12:13:37.135Z,75.0,74.785,74.785
what do you think of these “modern” american girls? 🧐,https://www.youtube.com/watch?v=nhOyt7C6l9E,ModernGurlz,https://www.youtube.com/channel/UCW_c5PzkvxMaBxqwjITW6-A,2026-03-03T12:13:30.292Z,44.0,6.843,6.843
David Archuleta is an incredible light 🔆 #exmormon #lds,https://www.youtube.com/watch?v=WSczHORD_Cs,Alyssa Grenfell,https://www.youtube.com/channel/UCqrqFLPh4cRM1VomUzG24sQ,2026-03-03T12:13:28.559Z,118.0,1.733,1.733
Eating like the Builders of Stonehenge,https://www.youtube.com/watch?v=EMMyogNC6oA,Tasting History with Max Miller,https://www.youtube.com/channel/UCsaGKqPZnGp_7N80hcHySGQ,2026-03-03T12:13:27.297Z,109.0,1.262,1.262
17th century Pancakes for Shrove Tuesday,https://www.youtube.com/watch?v=YH4eZbm2slI,Tasting History with Max Miller,https://www.youtube.com/channel/UCsaGKqPZnGp_7N80hcHySGQ,2026-03-03T12:13:26.321Z,104.0,0.976,0.976
Did you see how Elon was emailing Epstein?,https://www.youtube.com/watch?v=vjX1T2Fo63M,Josh Johnson,https://www.youtube.com/channel/UCLuYADJ6hESLHX87JnsGbjA,2026-03-03T12:13:24.913Z,93.0,1.408,1.408
Taco Bell vs. Jack in the Box VALUE MEAL,https://www.youtube.com/watch?v=4IwTeDpE-kQ,A Hot Dog Is A Sandwich,https://www.youtube.com/channel/UCgcVfgkzo4oBgSdPCB0B2Cg,2026-03-03T12:13:23.545Z,40.0,1.368,1.368
How to Make Aztec Chocolate,https://www.youtube.com/watch?v=rFis5dNyx6g,Tasting History with Max Miller,https://www.youtube.com/channel/UCsaGKqPZnGp_7N80hcHySGQ,2026-03-03T12:13:21.967Z,122.0,1.578,1.578
Textory The Podcast - Season 3 Trailer,https://www.youtube.com/watch?v=drIW1_l9cvY,Karolina Żebrowska,https://www.youtube.com/channel/UCNwZIGnHkzy6KpHPQtserzQ,2026-03-03T12:13:18.959Z,32.0,3.008,3.008
choleric temperament: the game,https://www.youtube.com/watch?v=Zvko6fyyW3w,Overly Sarcastic Productions,https://www.youtube.com/channel/UCodbH5mUeF-m_BsNueRDjcw,2026-03-03T12:13:18.313Z,45.0,0.646,0.646
The protagonist is actually the main character,https://www.youtube.com/watch?v=NsOY-SYN1U0,GameGrumps,https://www.youtube.com/channel/UC9CuvdOVfMPvKCiwdGKL3cQ,2026-03-03T12:13:06.504Z,42.0,11.809,11.809
Was Little Caesar ACTUALLY Little?,https://www.youtube.com/watch?v=fc2oim6qJs0,A Hot Dog Is A Sandwich,https://www.youtube.com/channel/UCgcVfgkzo4oBgSdPCB0B2Cg,2026-03-03T12:13:03.661Z,71.0,2.843,2.843
What Happened On His&Hers??,https://www.youtube.com/watch?v=ddlQH8Q-Sr0,Chase Bridges,https://www.youtube.com/channel/UCJdONOhhWkCpb9S-l4KUG5w,2026-03-03T12:12:59.949Z,47.0,3.712,3.712
Josh's exotic lizard,https://www.youtube.com/watch?v=0SgUopjffug,A Hot Dog Is A Sandwich,https://www.youtube.com/channel/UCgcVfgkzo4oBgSdPCB0B2Cg,2026-03-03T12:12:58.407Z,44.0,1.542,1.542
Dylan Mulvaney's Debut in SIX! #broadway,https://www.youtube.com/watch?v=mAzQRXzAx7U,Mister Golightly,https://www.youtube.com/channel/UCXW04XeC3zqz4vhlt70jB8Q,2026-03-03T12:12:48.346Z,25.0,10.061,10.061
This poop fact will blow your mind,https://www.youtube.com/watch?v=9E-EMqZejFk,Mythical Kitchen,https://www.youtube.com/channel/UCXGR70CkW_pXb8n52LzCCRw,2026-03-03T12:12:46.981Z,90.0,1.365,1.365
How to Eat like a Roman Gladiator,https://www.youtube.com/watch?v=9VQHyQ07rGc,Tasting History with Max Miller,https://www.youtube.com/channel/UCsaGKqPZnGp_7N80hcHySGQ,2026-03-03T12:12:45.535Z,88.0,1.446,1.446
What I Learned from Billionaires in the Epstein Emails,https://www.youtube.com/watch?v=Kk4mNX_AUzQ,Josh Johnson,https://www.youtube.com/channel/UCLuYADJ6hESLHX87JnsGbjA,2026-03-03T12:12:43.944Z,74.0,1.591,1.591
THE (Coke Freestyle Machine) SAGA CONTINUES...,https://www.youtube.com/watch?v=NdssbauaK9k,Good Mythical Morning,https://www.youtube.com/channel/UC4PooiX37Pld1T8J5SYT-SQ,2026-03-03T12:12:40.728Z,77.0,3.216,3.216
How to Eat Like Nikola Tesla,https://www.youtube.com/watch?v=IGmlDoOOLtA,Tasting History with Max Miller,https://www.youtube.com/channel/UCsaGKqPZnGp_7N80hcHySGQ,2026-03-03T12:12:38.422Z,127.0,2.306,2.306
All that glitters is not gold… #exmormon #lds #tradwife #ballerinafarm,https://www.youtube.com/watch?v=wEYpyCmIMxo,Alyssa Grenfell,https://www.youtube.com/channel/UCqrqFLPh4cRM1VomUzG24sQ,2026-03-03T12:12:37.146Z,70.0,1.276,1.276
Celebrating because David just published his amazing memoir! #exmormon,https://www.youtube.com/watch?v=Qvj7301WVFI,Alyssa Grenfell,https://www.youtube.com/channel/UCqrqFLPh4cRM1VomUzG24sQ,2026-03-03T12:12:19.310Z,30.0,17.836,17.836
What I heard at the Turning Point Halftime Show 😚🐠,https://www.youtube.com/watch?v=Komh5PPPM14,Josh Johnson,https://www.youtube.com/channel/UCLuYADJ6hESLHX87JnsGbjA,2026-03-03T12:10:45.522Z,94.0,93.788,93.788
Making Courtney Miller's Struggle Meal,https://www.youtube.com/watch?v=ZrvQOE-6_Hg,Mythical Kitchen,https://www.youtube.com/channel/UCXGR70CkW_pXb8n52LzCCRw,2026-03-03T12:10:40.825Z,130.0,4.697,4.697
Would You Eat Noah Kahan's Last Meal?,https://www.youtube.com/watch?v=QB5PFZpUrSI,Mythical Kitchen,https://www.youtube.com/channel/UCXGR70CkW_pXb8n52LzCCRw,2026-03-03T12:10:39.350Z,24.0,1.475,1.475
There's SO MANY fidget toys!,https://www.youtube.com/watch?v=MoJJZMNxGAY,The Grumps,https://www.youtube.com/channel/UCXq2nALoSbxLMehAvYTxt_A,2026-03-03T12:10:36.274Z,37.0,3.076,3.076
What is a Struggle Meal?,https://www.youtube.com/watch?v=bH2RKRWBwHM,The Grumps,https://www.youtube.com/channel/UCXq2nALoSbxLMehAvYTxt_A,2026-03-03T12:10:30.834Z,39.0,5.44,5.44
onion + peanut butter=good?,https://www.youtube.com/watch?v=ch1wYaTU3FY,The Grumps,https://www.youtube.com/channel/UCXq2nALoSbxLMehAvYTxt_A,2026-03-03T12:10:25.504Z,28.0,5.33,5.33
Can @KevinLangue  spot the real chef?,https://www.youtube.com/watch?v=spopwW5kxak,Mythical Kitchen,https://www.youtube.com/channel/UCXGR70CkW_pXb8n52LzCCRw,2026-03-03T12:10:18.701Z,67.0,6.803,6.803
Dan is...culinarily challenged,https://www.youtube.com/watch?v=CWO9ATa245Q,The Grumps,https://www.youtube.com/channel/UCXq2nALoSbxLMehAvYTxt_A,2026-03-03T12:10:13.658Z,18.0,5.043,5.043
Turning Point taught me that it’s not easy to be country in this country? 😚🐠,https://www.youtube.com/watch?v=_sh-GHhqviA,Josh Johnson,https://www.youtube.com/channel/UCLuYADJ6hESLHX87JnsGbjA,2026-03-03T12:09:15Z,153.0,58.658,58.658
Would you pay $$$ for this?,https://www.youtube.com/watch?v=h9S4p6-6Zww,The Grumps,https://www.youtube.com/channel/UCXq2nALoSbxLMehAvYTxt_A,2026-03-03T12:09:10.965Z,46.0,4.035,4.035
I read more of the blog in the YouTube video! ￼#exmormon #lds,https://www.youtube.com/watch?v=h-PCgYXirgc,Alyssa Grenfell,https://www.youtube.com/channel/UCqrqFLPh4cRM1VomUzG24sQ,2026-03-03T12:09:09.546Z,119.0,1.419,1.419
Kid Rock and Trumps Friendship,https://www.youtube.com/watch?v=MC31VDd_qR4,Josh Johnson,https://www.youtube.com/channel/UCLuYADJ6hESLHX87JnsGbjA,2026-03-03T12:09:06.364Z,15.0,3.182,3.182
Arin and Dan say GOODBYE?,https://www.youtube.com/watch?v=w3ETgSMrs_M,The Grumps,https://www.youtube.com/channel/UCXq2nALoSbxLMehAvYTxt_A,2026-03-03T12:09:03.080Z,32.0,3.284,3.284
Bad Bunny with the football,https://www.youtube.com/watch?v=weml0khmxis,Josh Johnson,https://www.youtube.com/channel/UCLuYADJ6hESLHX87JnsGbjA,2026-03-03T12:09:01.371Z,19.0,1.709,1.709
A lot of people don't know this about Arin,https://www.youtube.com/watch?v=H8yTEsgs-AA,GameGrumps,https://www.youtube.com/channel/UC9CuvdOVfMPvKCiwdGKL3cQ,2026-03-03T12:08:51.513Z,11.0,9.858,9.858
Believe in Yourself!,https://www.youtube.com/watch?v=TEEpKMO0-aI,WheezyWaiter,https://www.youtube.com/channel/UCQL5ABUvwY7YoW5lgMyAS_w,2026-03-03T12:08:48.119Z,47.0,3.394,3.394
Spit Take Trivia is a doozy,https://www.youtube.com/watch?v=qth-BiKCuik,The Grumps,https://www.youtube.com/channel/UCXq2nALoSbxLMehAvYTxt_A,2026-03-03T12:08:42.310Z,36.0,5.809,5.809
Rhett is the KING of manifestation.,https://www.youtube.com/watch?v=PZQyJNHnnSc,Good Mythical Morning,https://www.youtube.com/channel/UC4PooiX37Pld1T8J5SYT-SQ,2026-03-03T12:08:12.164Z,23.0,30.146,23.0
How Annie Oakley became “Little Sure Shot” #history #broadway #annieoakley,https://www.youtube.com/watch?v=uoxirb6lFec,Wait in the Wings,https://www.youtube.com/channel/UCY7Jl1lllZlRhc568dGXrfg,2026-03-03T12:07:02.104Z,72.0,70.06,70.06
An ode to Rhett,https://www.youtube.com/watch?v=A2KJhWizqFc,Good Mythical Morning,https://www.youtube.com/channel/UC4PooiX37Pld1T8J5SYT-SQ,2026-03-03T12:05:30.728Z,91.0,91.376,91.0
The Try Guys go to NOLA!! Starting February 25th on 2nd try🎊🍾,https://www.youtube.com/watch?v=g98aeWUV5Mk,The Try Guys,https://www.youtube.com/channel/UCpi8TJfiA4lKGkaXs__YdBA,2026-03-03T12:05:23.104Z,46.0,7.624,7.624
Eating a REAL LIFE Krabby Patty,https://www.youtube.com/watch?v=c1ml6--cpl8,Mythical Kitchen,https://www.youtube.com/channel/UCXGR70CkW_pXb8n52LzCCRw,2026-03-03T12:03:59.549Z,102.0,83.555,83.555
Subtitles at the Super Bowl,https://www.youtube.com/watch?v=z8X7CVMxVdQ,Josh Johnson,https://www.youtube.com/channel/UCLuYADJ6hESLHX87JnsGbjA,2026-03-03T12:03:56.213Z,62.0,3.336,3.336
Lady Gaga at the Bad Bunny Halftime,https://www.youtube.com/watch?v=X9_NHrcEwSs,Josh Johnson,https://www.youtube.com/channel/UCLuYADJ6hESLHX87JnsGbjA,2026-03-03T12:03:48.857Z,76.0,7.356,7.356
His & Hers was a wild ride,https://www.youtube.com/watch?v=Sb7tlIA3zNQ,Chase Bridges,https://www.youtube.com/channel/UCJdONOhhWkCpb9S-l4KUG5w,2026-03-03T12:03:44.730Z,25.0,4.127,4.127
Rex Lavender Is My Favorite Star Wars Character,https://www.youtube.com/watch?v=djawIkcQayo,Chase Bridges,https://www.youtube.com/channel/UCJdONOhhWkCpb9S-l4KUG5w,2026-03-03T12:03:07.932Z,35.0,36.798,35.0
"This book will change your LIFE!!! Check out @davidarchie and his new book, Devout! #exmormon",https://www.youtube.com/watch?v=0sSvWSjkY7o,Alyssa Grenfell,https://www.youtube.com/channel/UCqrqFLPh4cRM1VomUzG24sQ,2026-03-03T12:02:33.684Z,34.0,34.248,34.0
doctors are SCARY!,https://www.youtube.com/watch?v=WuweOsFuLEY,The Try Guys,https://www.youtube.com/channel/UCpi8TJfiA4lKGkaXs__YdBA,2026-03-03T12:02:13.332Z,82.0,20.352,20.352
Link almost learned how to say thank you in Japanese,https://www.youtube.com/watch?v=SahG7LFmL9w,Good Mythical Morning,https://www.youtube.com/channel/UC4PooiX37Pld1T8J5SYT-SQ,2026-03-03T12:01:50.262Z,29.0,23.07,23.07
Rhett really threw a wrench into our range room idea,https://www.youtube.com/watch?v=BtZm9yHp0JU,Good Mythical Morning,https://www.youtube.com/channel/UC4PooiX37Pld1T8J5SYT-SQ,2026-03-03T12:01:30.753Z,19.0,19.509,19.0
Nepotism in a toy,https://www.youtube.com/watch?v=THylniM2QUc,The Grumps,https://www.youtube.com/channel/UCXq2nALoSbxLMehAvYTxt_A,2026-03-03T12:01:15.767Z,29.0,14.986,14.986
@DrPimplePopper watch this,https://www.youtube.com/watch?v=BHXcLd2CsCI,The Grumps,https://www.youtube.com/channel/UCXq2nALoSbxLMehAvYTxt_A,2026-03-03T12:00:46.195Z,24.0,29.572,24.0
How to summon Macaulay Culkin,https://www.youtube.com/watch?v=fx2xGpccTNk,Mythical Kitchen,https://www.youtube.com/channel/UCXGR70CkW_pXb8n52LzCCRw,2026-03-03T11:59:56.062Z,50.0,50.133,50.0
Would You Eat Matthew Lillard's Last Meal?,https://www.youtube.com/watch?v=Sl8yRFVZ95g,Mythical Kitchen,https://www.youtube.com/channel/UCXGR70CkW_pXb8n52LzCCRw,2026-03-03T11:59:26.554Z,29.0,29.508,29.0
Frasier Fan Fic goes hard,https://www.youtube.com/watch?v=-QmRk0xwzQM,GameGrumps,https://www.youtube.com/channel/UC9CuvdOVfMPvKCiwdGKL3cQ,2026-03-03T11:59:20.888Z,18.0,5.666,5.666
What happens when you die?,https://www.youtube.com/watch?v=f8UCxK7zCwM,Mythical Kitchen,https://www.youtube.com/channel/UCXGR70CkW_pXb8n52LzCCRw,2026-03-03T11:58:21.847Z,59.0,59.041,59.0
Watch my deep dive on my channel for more! ￼#exmormon #lds #utah,https://www.youtube.com/watch?v=uTx7-r5Dvts,Alyssa Grenfell,https://www.youtube.com/channel/UCqrqFLPh4cRM1VomUzG24sQ,2026-03-03T11:58:16.069Z,89.0,5.778,5.778
how did YOU know you wanted kids?,https://www.youtube.com/watch?v=u-Hdp78wHxM,The Try Guys,https://www.youtube.com/channel/UCpi8TJfiA4lKGkaXs__YdBA,2026-03-03T11:58:05.821Z,71.0,10.248,10.248
Why would Bill Gates do this?,https://www.youtube.com/watch?v=uULlypPdZkc,Josh Johnson,https://www.youtube.com/channel/UCLuYADJ6hESLHX87JnsGbjA,2026-03-03T11:58:02.471Z,70.0,3.35,3.35
I OWE CONSPIRACY THEORISTS AN APOLOGY AFTER EPSTEIN FILES,https://www.youtube.com/watch?v=8lMFeYBMbiE,Josh Johnson,https://www.youtube.com/channel/UCLuYADJ6hESLHX87JnsGbjA,2026-03-03T11:57:38.822Z,97.0,23.649,23.649
pregnancy is my BIGGEST fear,https://www.youtube.com/watch?v=q0QUcGWM63A,The Try Guys,https://www.youtube.com/channel/UCpi8TJfiA4lKGkaXs__YdBA,2026-03-03T11:55:47.640Z,119.0,111.182,111.182
Nellie from Little House on the Prairie? #exmormon #utah,https://www.youtube.com/watch?v=laLvxTZ_Xfc,Alyssa Grenfell,https://www.youtube.com/channel/UCqrqFLPh4cRM1VomUzG24sQ,2026-03-03T11:55:44.484Z,99.0,3.156,3.156
GOOD FOOD = HEAVY FOOD,https://www.youtube.com/watch?v=MZxxT4uioyQ,Mythical Kitchen,https://www.youtube.com/channel/UCXGR70CkW_pXb8n52LzCCRw,2026-03-03T11:54:17.517Z,86.0,86.967,86.0
i thought EVERYONE would be GAY!,https://www.youtube.com/watch?v=dMDbK92IR9I,The Try Guys,https://www.youtube.com/channel/UCpi8TJfiA4lKGkaXs__YdBA,2026-03-03T11:52:40.719Z,88.0,96.798,88.0
We're REALLY serious this time! | Pokemon Grumplocke [5],https://www.youtube.com/watch?v=6sNoUAdEGbc,GameGrumps,https://www.youtube.com/channel/UC9CuvdOVfMPvKCiwdGKL3cQ,2026-03-03T03:44:52.867Z,2821.0,29267.852,2821.0
Arin explains what a polycule is | Once Upon a Katamari [2],https://www.youtube.com/watch?v=T7LdK_I2qjU,GameGrumps,https://www.youtube.com/channel/UC9CuvdOVfMPvKCiwdGKL3cQ,2026-03-03T03:17:39.196Z,1630.0,1633.671,1630.0
jeopardy but wet,https://www.youtube.com/watch?v=pXqsVA7kbEA,The Grumps,https://www.youtube.com/channel/UCXq2nALoSbxLMehAvYTxt_A,2026-03-03T03:02:27.065Z,910.0,912.131,910.0
Trying The New Arby's Menu Items,https://www.youtube.com/watch?v=41af4zkaMhM,Good Mythical MORE,https://www.youtube.com/channel/UCzpCc5n9hqiVC7HhPwcIKEg,2026-03-03T02:45:01.961Z,1043.0,1045.104,1043.0
Blind Biscuit Taste Test,https://www.youtube.com/watch?v=ZtUyC7z85dE,Good Mythical Morning,https://www.youtube.com/channel/UC4PooiX37Pld1T8J5SYT-SQ,2026-03-03T02:29:12.840Z,947.0,949.121,947.0
What’s The Best New Snack?,https://www.youtube.com/watch?v=NRX6bHUfgfs,Good Mythical MORE,https://www.youtube.com/channel/UCzpCc5n9hqiVC7HhPwcIKEg,2026-03-03T02:03:41.783Z,1529.0,1531.057,1529.0
Frozen vs. Fast vs. Fancy Food Taste Test (ft. Mckenna Grace),https://www.youtube.com/watch?v=EbCTly7s3E0,Good Mythical Morning,https://www.youtube.com/channel/UC4PooiX37Pld1T8J5SYT-SQ,2026-03-03T01:38:12.598Z,1525.0,1529.185,1525.0
We Rank Every Kind Of Soup,https://www.youtube.com/watch?v=RH8JCfEXzDo,Good Mythical MORE,https://www.youtube.com/channel/UCzpCc5n9hqiVC7HhPwcIKEg,2026-03-03T01:19:20.335Z,1131.0,1132.263,1131.0
What State Is This Accent From?,https://www.youtube.com/watch?v=y0hYq_ABFXc,Good Mythical Morning,https://www.youtube.com/channel/UC4PooiX37Pld1T8J5SYT-SQ,2026-03-03T00:51:05.801Z,1651.0,1694.534,1651.0
The Wuthering Heights Discourse Is Bad. Let’s Talk About It,https://www.youtube.com/watch?v=RO4OYn1xmqQ,Kaz Rowe,https://www.youtube.com/channel/UCSwwoUNvQWgZDC8a_O6Qs_A,2026-03-02T21:16:09.875Z,4043.0,12895.926,4043.0
Completely Transforming This Couple's Kitchen for FREE!,https://www.youtube.com/watch?v=QfmkR2LOVu4,Midwest Magic Cleaning,https://www.youtube.com/channel/UCxbfjWZKBHJ-FY7B4Jb_aug,2026-03-02T20:10:36.261Z,1821.0,3933.614,1821.0
Bad Bunny Bowl Breakdown: The Politics & Powers over Puerto Rico,https://www.youtube.com/watch?v=0TQDxoSNikI,Josh Johnson,https://www.youtube.com/channel/UCLuYADJ6hESLHX87JnsGbjA,2026-03-02T19:46:27.525Z,3061.0,1448.736,1448.736
When Bad Bunny started singing,https://www.youtube.com/watch?v=LFzoAmJqjPU,Josh Johnson,https://www.youtube.com/channel/UCLuYADJ6hESLHX87JnsGbjA,2026-03-02T19:46:11.576Z,33.0,15.949,15.949
Lily vs. the Last Meals Lightning Round,https://www.youtube.com/watch?v=xNe8tB1BGf4,A Hot Dog Is A Sandwich,https://www.youtube.com/channel/UCgcVfgkzo4oBgSdPCB0B2Cg,2026-03-02T19:46:10.621Z,83.0,0.955,0.955
We're sure Rhett & Link's invite to Taylor Swift & Travis Kelce's wedding just got lost in the mail,https://www.youtube.com/watch?v=552dG0CdGPo,Good Mythical MORE,https://www.youtube.com/channel/UCzpCc5n9hqiVC7HhPwcIKEg,2026-03-02T19:45:57.254Z,20.0,13.367,13.367
"Once you crack, you gotta put it back.",https://www.youtube.com/watch?v=_evNCRzFjLQ,Good Mythical MORE,https://www.youtube.com/channel/UCzpCc5n9hqiVC7HhPwcIKEg,2026-03-02T19:45:54.036Z,26.0,3.218,3.218
This cube squishes for only one man,https://www.youtube.com/watch?v=FRo5Qx9lS9g,The Grumps,https://www.youtube.com/channel/UCXq2nALoSbxLMehAvYTxt_A,2026-03-02T19:45:34.129Z,23.0,19.907,19.907
Sean's table manners are impeccable.,https://www.youtube.com/watch?v=5ZyCh1yse6c,Good Mythical Morning,https://www.youtube.com/channel/UC4PooiX37Pld1T8J5SYT-SQ,2026-03-02T19:45:01.562Z,32.0,32.567,32.0
It's important to be neighborly!,https://www.youtube.com/watch?v=NsSAnySQnA8,Good Mythical Morning,https://www.youtube.com/channel/UC4PooiX37Pld1T8J5SYT-SQ,2026-03-02T19:44:54.676Z,27.0,6.886,6.886
Doctor Mike as THE BACHELOR?,https://www.youtube.com/watch?v=0K3oSFr6rU0,Mythical Kitchen,https://www.youtube.com/channel/UCXGR70CkW_pXb8n52LzCCRw,2026-03-02T19:43:55.258Z,59.0,59.418,59.0
Debating Ms. Frizzle Ethics,https://www.youtube.com/watch?v=54WgQPoezv4,A Hot Dog Is A Sandwich,https://www.youtube.com/channel/UCgcVfgkzo4oBgSdPCB0B2Cg,2026-03-02T19:43:54.062Z,38.0,1.196,1.196
does pregnancy change your style?!,https://www.youtube.com/watch?v=Bfk_ZJihR38,The Try Guys,https://www.youtube.com/channel/UCpi8TJfiA4lKGkaXs__YdBA,2026-03-02T19:43:07.833Z,54.0,46.229,46.229
Dan's LEGENDARY struggle meal,https://www.youtube.com/watch?v=OnXspKDx0Hw,The Grumps,https://www.youtube.com/channel/UCXq2nALoSbxLMehAvYTxt_A,2026-03-02T19:43:02.444Z,42.0,5.389,5.389
😭 Matthew Lillard loves PEOPLE,https://www.youtube.com/watch?v=QPYedum7GGk,Mythical Kitchen,https://www.youtube.com/channel/UCXGR70CkW_pXb8n52LzCCRw,2026-03-02T19:38:58.065Z,136.0,244.379,136.0
Cleaning a MASSIVE Basement Hoard for FREE!,https://www.youtube.com/watch?v=yIsOe_lVSfs,Midwest Magic Cleaning,https://www.youtube.com/channel/UCxbfjWZKBHJ-FY7B4Jb_aug,2026-03-02T17:58:24.463Z,3793.0,6033.602,3793.0
Surviving Minecraft’s HOTTEST MOD,https://www.youtube.com/watch?v=XoW2MMKLHSI,Cryptozoology,https://www.youtube.com/channel/UCBbRBOG2sZHqEtIAf4iVFDg,2026-03-02T17:16:47.681Z,2487.0,2496.782,2487.0
I Built 6 AESTHETIC Automatic Farms in Minecraft Hardcore,https://www.youtube.com/watch?v=Mu6aepGa5WQ,disruptive builds,https://www.youtube.com/channel/UCKtNUU-IsMgwU7QU2wOm8mA,2026-03-02T16:52:24.746Z,1426.0,1462.935,1426.0
Son inherits a hoarded house. Let's clean it!,https://www.youtube.com/watch?v=NfoD8pZlqeI,Midwest Magic Cleaning,https://www.youtube.com/channel/UCxbfjWZKBHJ-FY7B4Jb_aug,2026-03-02T16:26:36.155Z,2257.0,1548.591,1548.591
Noah Kahan - You’re Gonna Go Far (Official Lyric Video),https://www.youtube.com/watch?v=ENHC9RkzFLA,NoahKahanVEVO,https://www.youtube.com/channel/UCa7Req2QScZfzxUYtmlAcyg,2026-03-02T15:14:34.611Z,287.0,4321.544,287.0
Cleaning for a Hoarder Who Doesn't Know She's a Hoarder (for FREE),https://www.youtube.com/watch?v=U1CKWAqvYuY,Midwest Magic Cleaning,https://www.youtube.com/channel/UCxbfjWZKBHJ-FY7B4Jb_aug,2026-03-02T14:19:53.694Z,2493.0,3280.917,2493.0
Egg being a Targaryen - All Hints (A Knight of the Seven Kingdoms),https://www.youtube.com/watch?v=f015o8jGWZA,Gereon Kahnwald,https://www.youtube.com/channel/UCzDiE5u58vh44rlttXbBrIA,2026-03-02T14:12:43.131Z,,430.563,430.563
He Was Shaking When He Realized😳,https://www.youtube.com/watch?v=HxvMzLMsSL8,Immediately Know,https://www.youtube.com/channel/UC_bLbk-sInAhTe-eIxSuleA,2026-03-02T14:11:43.394Z,9.0,59.737,9.0
"Making fun of patients, disrespecting patients, and not being able to ask questions are all normal.",https://www.youtube.com/watch?v=h0m2684w-sc,Parul Akter,https://www.youtube.com/channel/UC0mfsTHUAC6jd8CRyuhB9KA,2026-03-02T14:11:15.176Z,77.0,28.218,28.218
I’m ready for the hype up 🤩 #skits #momskits #shawnathemom,https://www.youtube.com/watch?v=J2BKRLv-1vY,Shawna The Mom,https://www.youtube.com/channel/UC6Qukll8dbQtd-7vSydpxAw,2026-03-02T14:11:00.888Z,69.0,14.288,14.288
Trope Talk: Fantasy Gods,https://www.youtube.com/watch?v=uvEUXSP_v3E,Overly Sarcastic Productions,https://www.youtube.com/channel/UCodbH5mUeF-m_BsNueRDjcw,2026-03-02T14:07:33.280Z,1416.0,207.608,207.608
Bridgerton Season 3 ~ Lost in Adaptation,https://www.youtube.com/watch?v=9yhft4Y8Oko,Dominic Noble,https://www.youtube.com/channel/UCPtiXdv7RoU8IkrJeNY73qw,2026-03-02T13:06:43.880Z,1777.0,3649.4,1777.0
Is this the last we'll hear of Milo Winter?,https://www.youtube.com/watch?v=jnjQ8_cVjrc,Courtney And Books,https://www.youtube.com/channel/UCpxwqxyKNgEe88j2IKg2F_A,2026-03-02T12:34:55.519Z,1754.0,1908.361,1754.0
Former Tenants Almost DESTROYED this Preserved 1940s Home,https://www.youtube.com/watch?v=4J_lB8QEDoQ,Midwest Magic Cleaning,https://www.youtube.com/channel/UCxbfjWZKBHJ-FY7B4Jb_aug,2026-03-02T03:27:08.519Z,1681.0,32867.0,1681.0
"After 10 Dumpsters, This Hoarder House is Finally DONE!",https://www.youtube.com/watch?v=D9TKSPs6fhc,Midwest Magic Cleaning,https://www.youtube.com/channel/UCxbfjWZKBHJ-FY7B4Jb_aug,2026-03-02T02:50:24.792Z,2195.0,2203.727,2195.0
Cleaning the hoard of an APOCALYPTIC PREPPER!,https://www.youtube.com/watch?v=_9xyc4Epi2Q,Midwest Magic Cleaning,https://www.youtube.com/channel/UCxbfjWZKBHJ-FY7B4Jb_aug,2026-03-02T01:53:23.022Z,3414.0,3421.77,3414.0
I made ANIMAL CROSSING: NEW HORIZONS food in real life,https://www.youtube.com/watch?v=SCGKHhpM-F4,Everhearth Inn,https://www.youtube.com/channel/UCGfzkqIwgZAfXFk3D8cq7Pw,2026-03-02T00:19:02.672Z,5651.0,5660.35,5651.0
Where's the ACTUAL Best Place for an Average Human to Live in TotK?,https://www.youtube.com/watch?v=KhXuJ3iEl7A,247MrNiceguy,https://www.youtube.com/channel/UC7gD_C42CoeWAd4FhXCVkIQ,2026-03-01T23:22:13.325Z,3398.0,3409.347,3398.0
"This house was so bad, they abandoned it for FOUR YEARS!",https://www.youtube.com/watch?v=uX-UPwD75zw,Midwest Magic Cleaning,https://www.youtube.com/channel/UCxbfjWZKBHJ-FY7B4Jb_aug,2026-03-01T15:29:37.483Z,2595.0,28355.842,2595.0
This mother is truly terrifying!,https://www.youtube.com/watch?v=E9614BbuRvI,Ngan Ha,https://www.youtube.com/channel/UClYJFFzSG4bRSk_Fz747Tnw,2026-03-01T15:24:34.239Z,59.0,303.244,59.0
These were all Riley's childhood friends.#insideout #edit #shorts #ytshorts #viral,https://www.youtube.com/watch?v=lwLZyB1s8NI,Alchimeron Reel,https://www.youtube.com/channel/UCLhx-0TqKElZHMlZtAAqtDg,2026-03-01T15:23:49.831Z,43.0,44.408,43.0
He administered large dose of medication to the patient without the attending physician's permission,https://www.youtube.com/watch?v=9-2D84OSeZw,FM-Angela,https://www.youtube.com/channel/UCUaFv52j5xCtAUtwBZticPQ,2026-03-01T15:23:26.526Z,,23.305,23.305
#shorts #film #movie Aladdin outsmarted Jafar with greed—iconic twist!,https://www.youtube.com/watch?v=omWEesYqXa0,Home Storys 4.0,https://www.youtube.com/channel/UCKwvyjUkW-pzL-9A-q5U0lA,2026-03-01T15:22:32.253Z,,54.273,54.273
Never Give Advice to Your Boss’s Wife 😳🚨 #therookie #lapd#tvshow,https://www.youtube.com/watch?v=LW4_UKirfRo,koenkoencut,https://www.youtube.com/channel/UCRvZ8wUJF3GNBJkF6j2RYzg,2026-03-01T15:22:27.245Z,61.0,5.008,5.008
A Dog's Way of Protecting His Human 💖#shorts,https://www.youtube.com/watch?v=PpgfHccj0cA,EndlessNight ,https://www.youtube.com/channel/UCb00Ap8r322hlTnqQ_uxkVw,2026-03-01T15:22:23.304Z,,3.941,3.941
Back to the Dark Ages in Seconds 📠 #Shorts #LOL,https://www.youtube.com/watch?v=UlXP3f5uPIM,MIR gaming ,https://www.youtube.com/channel/UCOxfA7fV7PtkzoS5lToHkFw,2026-03-01T15:22:13.239Z,85.0,10.065,10.065
He will say anything 😑 #skits #momskits #relationshipdynamics #shawnathemom,https://www.youtube.com/watch?v=JhdTp-KmwrE,Shawna The Mom,https://www.youtube.com/channel/UC6Qukll8dbQtd-7vSydpxAw,2026-03-01T15:20:46.608Z,75.0,86.631,75.0
Gen Z Is Cringe Now | Sad Boyz,https://www.youtube.com/watch?v=Jy2Q0VjbPxo,Sad Boyz,https://www.youtube.com/channel/UCsv_tpDUp-atfn-zzcsGyIg,2026-03-01T02:10:05.920Z,5153.0,47440.688,5153.0
This is Going to be Very Messy,https://www.youtube.com/watch?v=8MLbOulrLA0,Hank Green,https://www.youtube.com/channel/UCOT2iLov0V7Re7ku_3UBtcQ,2026-03-01T00:37:11.545Z,5566.0,5574.375,5566.0
She's getting therapy. Let's clean her house for FREE!,https://www.youtube.com/watch?v=BEzdBFCydB8,Midwest Magic Cleaning,https://www.youtube.com/channel/UCxbfjWZKBHJ-FY7B4Jb_aug,2026-03-01T00:20:02.459Z,3618.0,1029.086,1029.086
We just cleaned the worst house in channel history for FREE,https://www.youtube.com/watch?v=ENuo20TQ7fw,Midwest Magic Cleaning,https://www.youtube.com/channel/UCxbfjWZKBHJ-FY7B4Jb_aug,2026-02-28T23:33:06.289Z,2850.0,2816.17,2816.17
Free Cleaning for a Severely Hoarded House,https://www.youtube.com/watch?v=PXuSy6HIsLA,Midwest Magic Cleaning,https://www.youtube.com/channel/UCxbfjWZKBHJ-FY7B4Jb_aug,2026-02-28T22:41:35.523Z,3164.0,3090.766,3090.766
Cleaning the Most Toxic House We've Ever Seen (for FREE),https://www.youtube.com/watch?v=JymV9bl3H6o,Midwest Magic Cleaning,https://www.youtube.com/channel/UCxbfjWZKBHJ-FY7B4Jb_aug,2026-02-28T22:38:49.997Z,2582.0,165.526,165.526
Jaw-Dropping Hoarder House Transformation (FULL HOUSE CLEANING),https://www.youtube.com/watch?v=n5zyDG3HmJA,Midwest Magic Cleaning,https://www.youtube.com/channel/UCxbfjWZKBHJ-FY7B4Jb_aug,2026-02-28T22:16:14.037Z,3190.0,1355.96,1355.96
The Jim Carrey Cloning Conspiracy Is Ridiculous lmao,https://www.youtube.com/watch?v=VPGKvo7mkOg,kayla says,https://www.youtube.com/channel/UC7ijoZcX6LtrF9hQwYDnTOA,2026-02-28T22:00:37.611Z,919.0,936.426,919.0
"The unlucky day has passed, and friendship and life continue.",https://www.youtube.com/watch?v=CVQfAHruS7Y,Matilda2786,https://www.youtube.com/channel/UCsnpIuC7UuhaTPh5w-LuEIQ,2026-02-28T22:00:07.281Z,,30.33,30.33
Nyla Came PREPARED. Like… Seriously Prepared. 😳🔥#therookie #tvshow #crimeseries,https://www.youtube.com/watch?v=nQrsorNOz_8,Amine27,https://www.youtube.com/channel/UC6-yU-w13JNKm4LiwlwMdhg,2026-02-28T21:59:19.062Z,48.0,48.219,48.0
When the scale just gives up… 😱 #Shorts #HospitalDrama,https://www.youtube.com/watch?v=WTAMbFtqTXs,MIR gaming ,https://www.youtube.com/channel/UCOxfA7fV7PtkzoS5lToHkFw,2026-02-28T21:58:15.323Z,56.0,63.739,56.0
How Do You TREAT ITP? Meds and Yelling | THE PITT Season 2 | Part 73 #thepitt #shortsfeed #shorts,https://www.youtube.com/watch?v=OYI0r27ROXI,Doctor Taylor Reacts,https://www.youtube.com/channel/UCyhlKIaZXeoD-KAPQkWWpyg,2026-02-28T21:58:13.502Z,148.0,1.821,1.821
"With One Question, the Lawyer Made the Client Tell All – The Case Changed #movie",https://www.youtube.com/watch?v=TauolYeYZuI,Dulciana Sklarp,https://www.youtube.com/channel/UCQxf9jQQ7xi_7y1HiVz7_JQ,2026-02-28T21:58:11.208Z,57.0,2.294,2.294
Doctors use fake cancer to swindle money,https://www.youtube.com/watch?v=CpxMccQhsBI,A cat watching a drama,https://www.youtube.com/channel/UCi4ane_pN9BieAVaEp3PdWQ,2026-02-28T21:57:09.663Z,60.0,61.545,60.0
"In fact, he cares a lot about his free will. #movie #film #tvshow #drama #movieclips #series   #edit",https://www.youtube.com/watch?v=9DBZRgjcmxs,Shards of Memory,https://www.youtube.com/channel/UCYMxcrwMi8hSFKVbeVs1ZhQ,2026-02-28T21:56:11.045Z,58.0,58.618,58.0
My parents' origin story is SAVAGE.#shorts,https://www.youtube.com/watch?v=ZvgPHRQcEkY,QuickFlicks,https://www.youtube.com/channel/UCh9r9jDCosw1VHMEMgskiWQ,2026-02-28T21:54:55.608Z,128.0,75.437,75.437
Can a cardiac assist device restore the heart's ability to beat on its own?#foryou #theresident,https://www.youtube.com/watch?v=JX85xmFEEho,Deandre Mcquille,https://www.youtube.com/channel/UCUvyas_S18EDkEpgUaI8T5Q,2026-02-28T21:54:35.894Z,,19.714,19.714
Do you think what you're doing is right #edit #The Rookie,https://www.youtube.com/watch?v=dfVsE_4OvrY,Thi Linh Trinh,https://www.youtube.com/channel/UCO8KAn70Qhf0YBFZ6AFXuFQ,2026-02-28T21:52:38.418Z,115.0,117.476,115.0
One Night in Miami: A Midnight Conversation That Shaped the Future of Black Civil Rights #movie,https://www.youtube.com/watch?v=BSwGwlrVZWc,Ruin And Reels,https://www.youtube.com/channel/UCVFShOuA-WX0_TVf2CkwxNQ,2026-02-28T21:52:20.501Z,,17.917,17.917
Carol  found redemption for his soul through sacrifice.  -Ghosts S5E05 #shorts #series #fyp #movie,https://www.youtube.com/watch?v=ALbCb9YODPg,Charles Thomas,https://www.youtube.com/channel/UCbQb5HTpIS27iB7TVvV5-JQ,2026-02-28T21:51:20.439Z,60.0,60.062,60.0
The traitor in our squad exposed 🔥 #Shorts #Firefighter,https://www.youtube.com/watch?v=WFeE87c1pEk,MIR gaming ,https://www.youtube.com/channel/UCOxfA7fV7PtkzoS5lToHkFw,2026-02-28T21:51:13.964Z,53.0,6.475,6.475
A cancer patient with injuries arrived at the hospital.#shortvideo #shorts #drama #thepitt,https://www.youtube.com/watch?v=FqDhGuCR9zk,Manola Gilchrist,https://www.youtube.com/channel/UCvnc54eKHueriLl4BDw2W0g,2026-02-28T21:50:12.981Z,60.0,60.983,60.0
The intern just went full spy mode! | #therookie,https://www.youtube.com/watch?v=gZSBY536gL4,Esther nyanshuti ,https://www.youtube.com/channel/UCLZoMHVe8i1OWg9vHqdOUgg,2026-02-28T21:49:04.687Z,76.0,68.294,68.294
A machine malfunction administered an excessive dose of chemotherapy drugs to the patient.,https://www.youtube.com/watch?v=jOE61hPysEY,Gözde Dgn,https://www.youtube.com/channel/UC47wxgmBVmLHoe-sfAk2kBg,2026-02-28T21:48:04.907Z,60.0,59.78,59.78
Lzzy's green scarf is for Bailey#foryou #greysanatomy #shorts,https://www.youtube.com/watch?v=IgdqGCSyYPM,Naomafle,https://www.youtube.com/channel/UCIvhnL4iNuJ2pApBaPk4pgg,2026-02-28T21:47:17.565Z,52.0,47.342,47.342
America the Hot Mean Girl  #podcast,https://www.youtube.com/watch?v=_TCMxm_gO4I,American Marxman,https://www.youtube.com/channel/UCRJiNwy84hCqH8RSv5sISbw,2026-02-28T21:47:16.447Z,38.0,1.118,1.118
One sneeze caused a family meltdown.#shorts,https://www.youtube.com/watch?v=qww3xAuwP4w,QuickFlicks,https://www.youtube.com/channel/UCh9r9jDCosw1VHMEMgskiWQ,2026-02-28T21:45:43.364Z,93.0,93.083,93.0
"25 years of the same scent, now it's GONE  #shorts",https://www.youtube.com/watch?v=FiaXqn2y6p4,AbyssMargin ,https://www.youtube.com/channel/UC60hebXAAPgLYkqDYH4m-1g,2026-02-28T21:45:25.452Z,59.0,17.912,17.912
Loneliness defeated her. #movie #film #tvshow #drama #movieclips #series #automobile #inspiration,https://www.youtube.com/watch?v=QJ4iXooqK3g,Shards of Memory,https://www.youtube.com/channel/UCYMxcrwMi8hSFKVbeVs1ZhQ,2026-02-28T21:44:30.872Z,54.0,54.58,54.0
“The Others” How Disappointing,https://www.youtube.com/watch?v=-7Obcf0mrdQ,Tounk Clips,https://www.youtube.com/channel/UCHrZkZPkBaSAtVd5R97fexQ,2026-02-28T21:44:20.608Z,62.0,10.264,10.264
Sometimes You Have to Play Dirty😏#lapd #americantv #tvshow,https://www.youtube.com/watch?v=eOeuCKS6m9M,koenclips,https://www.youtube.com/channel/UCUwve2e_qoS2_kjr0tPbcMA,2026-02-28T21:43:20.790Z,,59.818,59.818
This is something every doctor must go through.#foryou #theresident #shorts,https://www.youtube.com/watch?v=kOiy6SXjTdQ,Deandre Mcquille,https://www.youtube.com/channel/UCUvyas_S18EDkEpgUaI8T5Q,2026-02-28T21:42:26.675Z,,54.115,54.115
One Phone Call Fooled the KKK,https://www.youtube.com/watch?v=P7QNo6bvrgY,Clip Architect,https://www.youtube.com/channel/UClhAmQld6573IKBRLgRxaMA,2026-02-28T21:41:36.999Z,49.0,49.676,49.0
You get chosen to be dads 😮 #shorts,https://www.youtube.com/watch?v=zrVU0ObSzt8,Filmmode,https://www.youtube.com/channel/UCJiGOXGuusXApyV52uSBSWw,2026-02-28T21:40:36.095Z,59.0,60.904,59.0
And the MOH duties begin 👰‍♀️ #skits #familydynamics #relationshipdynamics #shawnathemom #momskits,https://www.youtube.com/watch?v=hESzVFzcvss,Shawna The Mom,https://www.youtube.com/channel/UC6Qukll8dbQtd-7vSydpxAw,2026-02-28T21:40:33.235Z,75.0,2.86,2.86
A fun day hanging out with friends 🫢😬 #drama #friend #dramaticstory #shortfilm #inseparable #short,https://www.youtube.com/watch?v=XDCaFZdJmOE,Inseparable - A Short Film,https://www.youtube.com/channel/UCK9onma9ajXhjsSPycaBquQ,2026-02-28T21:40:28.146Z,18.0,5.089,5.089
My career almost ended right there  #shorts,https://www.youtube.com/watch?v=4bicMbqmNck,AbyssMargin ,https://www.youtube.com/channel/UC60hebXAAPgLYkqDYH4m-1g,2026-02-28T21:40:06.196Z,59.0,21.95,21.95
We Got Four New Ghosts! #movie #tv #ghosts #shorts,https://www.youtube.com/watch?v=3nZjutW-rS8,Tounk Clips,https://www.youtube.com/channel/UCHrZkZPkBaSAtVd5R97fexQ,2026-02-28T21:39:05.194Z,61.0,61.002,61.0
He’s nowhere near ready to break. | #therookie,https://www.youtube.com/watch?v=4P8MFBru2xI,Esther nyanshuti ,https://www.youtube.com/channel/UCLZoMHVe8i1OWg9vHqdOUgg,2026-02-28T21:38:22.803Z,,42.391,42.391
"She took in this 18-year-old boy, offering him the warmest shelter in the blizzard.🥹🥹🥹",https://www.youtube.com/watch?v=3MCu2TMiHC0,FM-Angela,https://www.youtube.com/channel/UCUaFv52j5xCtAUtwBZticPQ,2026-02-28T21:37:26.778Z,,56.025,56.025
The doctor only needed one second... 🤫 #Shorts #power,https://www.youtube.com/watch?v=hQ22OqW2Tms,MIR gaming ,https://www.youtube.com/channel/UCOxfA7fV7PtkzoS5lToHkFw,2026-02-28T21:36:28.548Z,52.0,58.23,52.0
Can this stove even come CLOSE to clean?,https://www.youtube.com/watch?v=TRLbNpPw51I,Midwest Magic Cleaning,https://www.youtube.com/channel/UCxbfjWZKBHJ-FY7B4Jb_aug,2026-02-28T15:37:35.299Z,1175.0,21533.249,1175.0
100 Days to find Every Hat in Stardew Valley,https://www.youtube.com/watch?v=K6AvyOF-3Bw,Salmence,https://www.youtube.com/channel/UCHcGF97GA3W3k72jangweOg,2026-02-28T15:36:28.721Z,4740.0,66.578,66.578
The Full No Energy Challenge,https://www.youtube.com/watch?v=u0ZEWuwxAOE,Salmence,https://www.youtube.com/channel/UCHcGF97GA3W3k72jangweOg,2026-02-28T14:53:01.526Z,9220.0,2607.195,2607.195
