title,link,channel,channel_link,date,video_length,time_diff,watch_time
Pro Gardeners Answer Seed Starting Questions!,https://www.youtube.com/watch?v=5ZGJfIKmWpM,Epic Gardening,https://www.youtube.com/channel/UCSbyncU597LMwb3HhnAI_4w,2026-02-24T22:32:29.572Z,1730.0,,1730.0
5 Vegetables That Grow BETTER In Pots Than In Ground!,https://www.youtube.com/watch?v=rIIuyq5TrQY,The Millennial Gardener,https://www.youtube.com/channel/UCAXUwGU47XVY-0lH9qhUr1Q,2026-02-24T22:23:54.371Z,1380.0,515.201,515.201
How I Grow All My Lettuce At Home (Beginners Guide),https://www.youtube.com/watch?v=f_hr8V1WvIc,LifebyMikeG,https://www.youtube.com/channel/UCzH5n3Ih5kgQoiDAQt2FwLw,2026-02-24T22:09:43.598Z,891.0,850.773,850.773
"Raquel Rodriguez claims final Elimination Chamber spot: Raw highlights, Feb. 23, 2026",https://www.youtube.com/watch?v=a8go5cwkIqw,WWE,https://www.youtube.com/channel/UCJ5v_MCY6GNUBTO8-D3XoAg,2026-02-24T22:03:17.656Z,210.0,385.942,210.0
"Je’Von Evans defeats Kofi Kingston with Offset’s help: Raw highlights, Feb. 23, 2026",https://www.youtube.com/watch?v=3_l1ErXtz28,WWE,https://www.youtube.com/channel/UCJ5v_MCY6GNUBTO8-D3XoAg,2026-02-24T22:01:19.642Z,203.0,118.014,118.014
"Brock Lesnar issues an Open Challenge for WrestleMania: Raw highlights, Feb. 23, 2026",https://www.youtube.com/watch?v=sdWBjaX_NwE,WWE,https://www.youtube.com/channel/UCJ5v_MCY6GNUBTO8-D3XoAg,2026-02-24T22:00:25.384Z,226.0,54.258,54.258
"Oba Femi and Rusev nearly come to blows: Raw highlights, Feb. 23, 2026",https://www.youtube.com/watch?v=GGO2LupS7_4,WWE,https://www.youtube.com/channel/UCJ5v_MCY6GNUBTO8-D3XoAg,2026-02-24T21:58:41.084Z,90.0,104.3,90.0
"Liv Morgan chooses to challenge Stephanie Vaquer at WrestleMania: Raw highlights, Feb. 23, 2026",https://www.youtube.com/watch?v=WWLoLVNnIKk,WWE,https://www.youtube.com/channel/UCJ5v_MCY6GNUBTO8-D3XoAg,2026-02-24T21:56:13.469Z,199.0,147.615,147.615
"Jey Uso qualifies for the Elimination Chamber: Raw highlights, Feb. 23, 2026",https://www.youtube.com/watch?v=HWm44CfNPNA,WWE,https://www.youtube.com/channel/UCJ5v_MCY6GNUBTO8-D3XoAg,2026-02-24T21:55:50.079Z,193.0,23.39,23.39
"The Usos prevent The Vision from attacking Cody Rhodes: Raw highlights, Feb. 23, 2026",https://www.youtube.com/watch?v=-1kydaN42Zg,WWE,https://www.youtube.com/channel/UCJ5v_MCY6GNUBTO8-D3XoAg,2026-02-24T21:52:19.500Z,202.0,210.579,202.0
"AJ Styles’ legendary career: Raw highlights, Feb. 23, 2026",https://www.youtube.com/watch?v=7eKjCzvzoXY,WWE,https://www.youtube.com/channel/UCJ5v_MCY6GNUBTO8-D3XoAg,2026-02-24T21:51:52.204Z,226.0,27.296,27.296
Best of Elimination Chamber: 24/7 Full Match Marathon,https://www.youtube.com/watch?v=-qNg8xCsq4E,WWE,https://www.youtube.com/channel/UCJ5v_MCY6GNUBTO8-D3XoAg,2026-02-24T21:51:35.095Z,633536.0,17.109,17.109
"Exclusive: AJ Styles' post-Raw tribute celebration: Raw highlights, Feb. 23, 2026",https://www.youtube.com/watch?v=1G9aKVMqbBw,WWE,https://www.youtube.com/channel/UCJ5v_MCY6GNUBTO8-D3XoAg,2026-02-24T21:51:10.363Z,297.0,24.732,24.732
This Is the BEST Way to Plant Strawberries for Fast Growth!,https://www.youtube.com/watch?v=V2OnDJR8Eoc,The Millennial Gardener,https://www.youtube.com/channel/UCAXUwGU47XVY-0lH9qhUr1Q,2026-02-24T20:42:53.539Z,1545.0,4096.824,1545.0
How to Fill a Raised Bed and Save 60%+ on Soil Costs,https://www.youtube.com/watch?v=JiJFORpbYgE,Epic Gardening,https://www.youtube.com/channel/UCSbyncU597LMwb3HhnAI_4w,2026-02-24T20:42:37.900Z,404.0,15.639,15.639
"How to Build Cheap, DIY Raised Garden Beds In Under 30 Minutes",https://www.youtube.com/watch?v=PIyi95Umebk,Epic Gardening,https://www.youtube.com/channel/UCSbyncU597LMwb3HhnAI_4w,2026-02-24T20:39:24.064Z,194.0,193.836,193.836
How to Start Your First Garden (COMPLETE GUIDE),https://www.youtube.com/watch?v=X3SP1Fub3bw,Epic Gardening,https://www.youtube.com/channel/UCSbyncU597LMwb3HhnAI_4w,2026-02-24T20:35:22.715Z,2807.0,241.349,241.349
9 Beginner Raised Bed Garden Mistakes to Avoid,https://www.youtube.com/watch?v=uCM0Tvp6Dko,Epic Gardening,https://www.youtube.com/channel/UCSbyncU597LMwb3HhnAI_4w,2026-02-24T19:18:52.312Z,829.0,4590.403,829.0
Stop WASTING MONEY Filling Raised Beds! Fill Them Like This.,https://www.youtube.com/watch?v=c-BRQwfVn8Y,The Millennial Gardener,https://www.youtube.com/channel/UCAXUwGU47XVY-0lH9qhUr1Q,2026-02-24T19:03:11.763Z,940.0,940.549,940.0
Discipline Expert: The Habit That Will Make Or Break Your Entire 2026!,https://www.youtube.com/watch?v=rtufWBLOXgw,The Diary Of A CEO,https://www.youtube.com/channel/UCGq-a57w-aPwyi3pW7XLiHw,2026-02-24T17:52:43.120Z,7879.0,4228.643,4228.643
"❄️ 겨울 공기 가득한 거리, 그냥 틀어놓기 좋은 팝송 | ☃️ 눈오는 날 듣기좋은 노래 ",https://www.youtube.com/watch?v=0C1CZ2WfBmw,Soul Cafe,https://www.youtube.com/channel/UCVccRmiLPePBoImWKXdIaAQ,2026-02-24T17:45:19.866Z,6738.0,443.254,443.254
Life is Short: Here’s How to Make Time for Everything,https://www.youtube.com/watch?v=KmFulhULoQA,Dr. Izzy Sealey,https://www.youtube.com/channel/UCbOhZ3HUP0eqbQgGYSMHo1w,2026-02-24T17:28:48.956Z,900.0,990.91,900.0
30-Day Roadmap for New Controller or CFO (My Blueprint),https://www.youtube.com/watch?v=6Mj-FXc77w0,The Financial Controller,https://www.youtube.com/channel/UC_nhE8RYGlOzdwckSY0pLjA,2026-02-24T17:28:08.175Z,1311.0,40.781,40.781
Learn 80% of Accounting in under 20 Minutes,https://www.youtube.com/watch?v=-csJa169Njw,The Financial Controller,https://www.youtube.com/channel/UC_nhE8RYGlOzdwckSY0pLjA,2026-02-24T17:02:43.577Z,825.0,1524.598,825.0
Spring is here! What to plant in Southern California,https://www.youtube.com/watch?v=1kETSZxYHbo,San Diego Seed Company,https://www.youtube.com/channel/UCGqxIibBsFn_ifI088HYs1g,2026-02-24T16:18:07.493Z,648.0,2676.084,648.0
The Science Behind Being Good at Leisure,https://www.youtube.com/watch?v=n0apNHGLBMo,Dr. Arthur Brooks,https://www.youtube.com/channel/UCGuyFRjJQFGCKzfHTBvWM6A,2026-02-24T15:35:08.862Z,3117.0,2578.631,2578.631
Complete Managerial Accounting Course - 10-Hour Full Tutorial for Beginners,https://www.youtube.com/watch?v=0J3WoNxJWTg,Tony Bell,https://www.youtube.com/channel/UCNFClg6mzfZ5ixpuH9c7f1A,2026-02-24T14:39:20.092Z,36042.0,3348.77,3348.77
Complete Financial Accounting Course - 11-Hour Full Tutorial for Beginners,https://www.youtube.com/watch?v=eyXKvOrDoqw,Tony Bell,https://www.youtube.com/channel/UCNFClg6mzfZ5ixpuH9c7f1A,2026-02-24T12:42:40.047Z,39601.0,7000.045,7000.045
How to Live a Meaningful Life & Design the Future You Want,https://www.youtube.com/watch?v=Y29PQz239J8,Mel Robbins,https://www.youtube.com/channel/UCk2U-Oqn7RXf-ydPqfSxG5g,2026-02-24T12:41:06.107Z,3566.0,93.94,93.94
How to Be So Productive That It Makes You Dangerous,https://www.youtube.com/watch?v=2crhrbqCLzU,Justin Sung,https://www.youtube.com/channel/UC2Zs9v2hL2qZZ7vsAENsg4w,2026-02-24T12:30:46.247Z,2094.0,619.86,619.86
"February Winter Coffee Glow ☕ ❄️ Lofi, Indie Folk, Acoustic mix to relax to on a cosy winter morning",https://www.youtube.com/watch?v=l7FPP6MdakE,Coffee Chill Repeat,https://www.youtube.com/channel/UC01flKtIWsYY_pdbNTZnpdA,2026-02-24T09:52:16.080Z,5802.0,9510.167,5802.0
3 Methods for Pruning Herbs To Stimulate New Growth,https://www.youtube.com/watch?v=ckGxkUBHWeI,Epic Gardening,https://www.youtube.com/channel/UCSbyncU597LMwb3HhnAI_4w,2026-02-24T09:41:15.662Z,494.0,660.418,494.0
8 Basil Varieties You Might Not Know About...,https://www.youtube.com/watch?v=Rt5o1eCyAQ4,Epic Gardening,https://www.youtube.com/channel/UCSbyncU597LMwb3HhnAI_4w,2026-02-24T09:31:45.350Z,570.0,570.312,570.0
"My Basil Pruning Trick for Bigger, Bushier Plants! 🪴",https://www.youtube.com/watch?v=B8zUgffJAoQ,Epic Gardening,https://www.youtube.com/channel/UCSbyncU597LMwb3HhnAI_4w,2026-02-24T09:22:46.311Z,539.0,539.039,539.0
5 Tips to Grow Perfect Lavender,https://www.youtube.com/watch?v=T1tXOJfG7kw,Epic Gardening,https://www.youtube.com/channel/UCSbyncU597LMwb3HhnAI_4w,2026-02-24T09:15:10.079Z,456.0,456.232,456.0
https://www.youtube.com/watch?v=w3XKHlhhGQo,https://www.youtube.com/watch?v=w3XKHlhhGQo,,,2026-02-24T01:22:17.547Z,,28372.532,28372.532
It's February and here's what seeds to start indoors,https://www.youtube.com/watch?v=_v-cKj5D_1o,Planted in the Garden,https://www.youtube.com/channel/UCgaF2riY92oXA1xPnptfqOw,2026-02-24T01:05:28.811Z,49.0,1008.736,49.0
The LMRT will not stop! 🔥,https://www.youtube.com/watch?v=FRqNqfmrn_s,WWE,https://www.youtube.com/channel/UCJ5v_MCY6GNUBTO8-D3XoAg,2026-02-24T01:05:25.320Z,13.0,3.491,3.491
Thyme: How to Grow & Use This Amazing Herb (COMPLETE GUIDE),https://www.youtube.com/watch?v=aKw6aeDb8r8,Epic Gardening,https://www.youtube.com/channel/UCSbyncU597LMwb3HhnAI_4w,2026-02-24T00:07:09.570Z,1265.0,3495.75,1265.0
How to Grow Chamomile From Seed (And Make Your Own Tea),https://www.youtube.com/watch?v=ibXazvct4KI,Epic Gardening,https://www.youtube.com/channel/UCSbyncU597LMwb3HhnAI_4w,2026-02-23T23:54:43.889Z,735.0,745.681,735.0
Plant these ONCE and they'll never leave your garden,https://www.youtube.com/watch?v=cN62YRZZ6EI,Epic Gardening,https://www.youtube.com/channel/UCSbyncU597LMwb3HhnAI_4w,2026-02-23T23:52:25.976Z,33.0,137.913,33.0
Don't Make this Wine Barrel MISTAKE in Your Garden!,https://www.youtube.com/watch?v=zcO7TLmC4do,Self Sufficient Me,https://www.youtube.com/channel/UCJZTjBlrnDHYmf0F-eYXA3Q,2026-02-23T23:49:57.131Z,2106.0,148.845,148.845
I Tested 13 TEMU Self-Sufficiency Products - Are They Any Good?,https://www.youtube.com/watch?v=au6MyFDWEaA,Self Sufficient Me,https://www.youtube.com/channel/UCJZTjBlrnDHYmf0F-eYXA3Q,2026-02-23T23:48:50.963Z,2420.0,66.168,66.168
"🧄 For the BIGGEST garlic heads, WAIT until these 2 things happen! #howtogrowgarlic #growinggarlic",https://www.youtube.com/watch?v=GQwEMZtecXM,Gardening Experiments with Mind & Soil,https://www.youtube.com/channel/UC5eLPZi_RSh81523mrBzHNg,2026-02-23T23:48:06.492Z,38.0,44.471,38.0
No more peat moss ✋,https://www.youtube.com/watch?v=g6CnJkQ7Z4k,"Earth, Nails & Tails - Backyard Homesteading",https://www.youtube.com/channel/UC06Sp_OSUnbg-5ly28nASsw,2026-02-23T23:46:38.055Z,62.0,88.437,62.0
The Soil Mix Slowly POISONING Your Garden Beds,https://www.youtube.com/watch?v=T7j3q1tS5kE,The Millennial Gardener,https://www.youtube.com/channel/UCAXUwGU47XVY-0lH9qhUr1Q,2026-02-23T23:41:46.237Z,811.0,291.818,291.818
What Happens When You Transplant Tomatoes 3 Different Ways?,https://www.youtube.com/watch?v=gZSIK-1MV_I,Epic Gardening,https://www.youtube.com/channel/UCSbyncU597LMwb3HhnAI_4w,2026-02-23T23:17:53.973Z,902.0,1432.264,902.0
Complete Financial Accounting Course - 11-Hour Full Tutorial for Beginners,https://www.youtube.com/watch?v=eyXKvOrDoqw,Tony Bell,https://www.youtube.com/channel/UCNFClg6mzfZ5ixpuH9c7f1A,2026-02-23T22:18:47.964Z,39601.0,3546.009,3546.009
Rob Gronkowski Hasn’t Spent His NFL Earnings 😳 #shorts #nfl,https://www.youtube.com/watch?v=4auPNCADl08,Inspiredbytouchdowns,https://www.youtube.com/channel/UCDg9Drtaw9RMKNT0nNSJYiA,2026-02-23T21:58:30.211Z,50.0,1217.753,50.0
Don’t be fooled by counterfeit chicken in Japan,https://www.youtube.com/watch?v=Zzv4h1Aa2Fo,Japan Eat,https://www.youtube.com/channel/UCNzFhleZyCHPeIgmp-McMmQ,2026-02-23T21:57:57.916Z,64.0,32.295,32.295
Italy’s Cheapest and Most Expensive PIZZA!! Worse Than Pizza Hut!!,https://www.youtube.com/watch?v=PG8V354KC78,More Best Ever Food Review Show,https://www.youtube.com/channel/UCXw1ddyrUmib3zmCmvSI1ow,2026-02-23T21:57:18.445Z,1094.0,39.471,39.471
WHAT'S GROWING | What I'm GROWING & SOWING in my SMALL BACKYARD VEGETABLE GARDEN VICTORIA AUSTRALIA,https://www.youtube.com/watch?v=F_5RnZTEbns,Utility Jane,https://www.youtube.com/channel/UCqMNPUE8OGoH0BJ8ryk6T4w,2026-02-23T21:56:53.794Z,846.0,24.651,24.651
How to be productive without overwhelm or feeling stressed,https://www.youtube.com/watch?v=SHZt-kNRf0M,Justin Sung,https://www.youtube.com/channel/UC2Zs9v2hL2qZZ7vsAENsg4w,2026-02-23T21:04:52.756Z,1899.0,3121.038,1899.0
The SIMPLEST Way to Become Good at Learning,https://www.youtube.com/watch?v=nfoCpMuH9Tc,Justin Sung,https://www.youtube.com/channel/UC2Zs9v2hL2qZZ7vsAENsg4w,2026-02-23T20:49:04.116Z,948.0,948.64,948.0
Grow Strawberries in Vertical Containers 🍓(FULL GROW GUIDE),https://www.youtube.com/watch?v=Al53ao-JUPg,Epic Gardening,https://www.youtube.com/channel/UCSbyncU597LMwb3HhnAI_4w,2026-02-23T20:37:30.624Z,745.0,693.492,693.492
[playlist] Let your mind wander above the clouds | Daydream ☁️ K-Indie R&B,https://www.youtube.com/watch?v=LshZ5mRMSFk,Muse Petal,https://www.youtube.com/channel/UCkNbnrgMuG7-YuBSgn3EGgQ,2026-02-23T19:20:19.618Z,6422.0,4631.006,4631.006
G2 vs MKOI | 2026 LEC Versus Playoffs - Upper Bracket Round 3,https://www.youtube.com/watch?v=GsPrbI-8u3o,LEC,https://www.youtube.com/channel/UCWWZjhmokTbezUQr1kbbEYQ,2026-02-23T19:18:38.297Z,14005.0,101.321,101.321
12 Perfect Vegetables To Grow in a Shady Garden Space,https://www.youtube.com/watch?v=j_Of36XVHng,Epic Gardening,https://www.youtube.com/channel/UCSbyncU597LMwb3HhnAI_4w,2026-02-23T18:47:51.989Z,1115.0,1846.308,1115.0
"☕️ 삼청동 한옥카페 창가에 흐르는 잔잔한 감성 팝송 플리 | 작업, 업무, 힐링, 매장, 카페음악🎶",https://www.youtube.com/watch?v=yY05_E7Idwk,Soul Cafe,https://www.youtube.com/channel/UCVccRmiLPePBoImWKXdIaAQ,2026-02-23T18:47:40.975Z,3849.0,11.014,11.014
Learn To Learn in 109 minutes,https://www.youtube.com/watch?v=q6DnYfLQFCI,Justin Sung,https://www.youtube.com/channel/UC2Zs9v2hL2qZZ7vsAENsg4w,2026-02-23T13:23:38.631Z,6545.0,19442.344,6545.0
🍂가을햇살 머무는 한옥찻집 ☕️ 잔잔한 위로와 휴식의 음악 | 가을에 듣기좋은 노래🎵,https://www.youtube.com/watch?v=MHgpQ1Tu57I,Soul Cafe,https://www.youtube.com/channel/UCVccRmiLPePBoImWKXdIaAQ,2026-02-23T09:49:11.660Z,3775.0,12866.971,3775.0
Can’t blame Charlotte Flair for trying. #smackdownhighlights  #wwesmackdown,https://www.youtube.com/watch?v=ABv0C29ZP2A,WWE on USA,https://www.youtube.com/channel/UCSy3TvvwAV12MD0rLsHyClQ,2026-02-23T09:48:02.610Z,47.0,69.05,47.0
⁠Andrew Huberman's Hack To Increase Your Dopamine Levels & Boost Motivation By 60%,https://www.youtube.com/watch?v=VSG9hY_t-rs,Jay Shetty Podcast,https://www.youtube.com/channel/UCbk_QsfaFZG6PdQeCvaYXJQ,2026-02-23T09:15:50.521Z,6358.0,1932.089,1932.089
Start Seeds With Me! 2021 Spring Planting,https://www.youtube.com/watch?v=SDAsr94VVxI,Epic Gardening,https://www.youtube.com/channel/UCSbyncU597LMwb3HhnAI_4w,2026-02-23T02:51:23.874Z,5714.0,23066.647,5714.0
"We Grew Potatoes 8 Different Ways, Here's What Happened 🥔",https://www.youtube.com/watch?v=wBlIaazbQ2U,Epic Gardening,https://www.youtube.com/channel/UCSbyncU597LMwb3HhnAI_4w,2026-02-23T02:29:14.294Z,1329.0,1329.58,1329.0
One Year Garden and Homestead Update!,https://www.youtube.com/watch?v=4CN_OOK-670,Epic Gardening,https://www.youtube.com/channel/UCSbyncU597LMwb3HhnAI_4w,2026-02-23T01:51:43.978Z,2250.0,2250.316,2250.0
Plant These 20 Crops With Your Tomatoes And Watch Them Explode,https://www.youtube.com/watch?v=xt6AQucM0nY,Epic Gardening,https://www.youtube.com/channel/UCSbyncU597LMwb3HhnAI_4w,2026-02-23T01:38:56.395Z,767.0,767.583,767.0
I instalocked Corki and showed how OP this pick is,https://www.youtube.com/watch?v=9BpNZFxn3mA,Doublelift,https://www.youtube.com/channel/UCrPCP1oaOr0AEs2JdxzfOFA,2026-02-23T01:22:33.498Z,1109.0,982.897,982.897
I tested to see if the new OP Kai'Sa build is actually good,https://www.youtube.com/watch?v=9a6TrPinoPA,Doublelift,https://www.youtube.com/channel/UCrPCP1oaOr0AEs2JdxzfOFA,2026-02-23T01:22:24.381Z,993.0,9.117,9.117
How To Grow Hundreds of Pounds of Potatoes in Buckets,https://www.youtube.com/watch?v=8y0u32gUOYQ,Epic Gardening,https://www.youtube.com/channel/UCSbyncU597LMwb3HhnAI_4w,2026-02-23T01:10:56.720Z,674.0,687.661,674.0
The Story Behind Gary's Best Top Pot... The Best Potting Soil You Can Buy,https://www.youtube.com/watch?v=bdBMqEf9dGU,Gary's Best Gardening,https://www.youtube.com/channel/UCfqxrNDhwJjXYSG8s4QDaFQ,2026-02-23T01:06:36.682Z,3740.0,260.038,260.038
Growing citrus in containers is easy if you do this - Growing Guide,https://www.youtube.com/watch?v=UM3LTmyv_yM,Grows Gone Wild,https://www.youtube.com/channel/UCFtlEG3eaihQ_gCZvz2XVyg,2026-02-23T00:50:53.916Z,875.0,942.766,875.0
Passion Fruit Vine ('Frederick') |  Old vs. New Trellis Systems | Nutritional Value | Propagation,https://www.youtube.com/watch?v=4woqw1zicfk,IV Organic,https://www.youtube.com/channel/UCZyWLF4jkoxNx4eptYxpCiQ,2026-02-23T00:49:24.614Z,2226.0,89.302,89.302
Grow Unlimited Thyme From Cuttings,https://www.youtube.com/watch?v=TCu2UWfDsoo,The Ripe Tomato Farms,https://www.youtube.com/channel/UCGwHWxpp7vxEZ3jgsOuD0Xg,2026-02-23T00:48:52.205Z,563.0,32.409,32.409
How does El Grande Americano keep getting away with this??? 😨 #WWERaw,https://www.youtube.com/watch?v=w3aAqmTX764,WWE,https://www.youtube.com/channel/UCJ5v_MCY6GNUBTO8-D3XoAg,2026-02-23T00:48:36.363Z,58.0,15.842,15.842
[4K] Wheein - SHH - WHEE IN THE MOOD [BEYOND] in Manila,https://www.youtube.com/watch?v=les0FZKTIao,doubltrbl,https://www.youtube.com/channel/UCkyH7Szl1wZj5253pDyBoZQ,2026-02-23T00:47:51.350Z,171.0,45.013,45.013
LCS Lock In | C9 vs SEN | Finals Qualifier,https://www.youtube.com/watch?v=uO9IMGTW88w,LCS,https://www.youtube.com/channel/UCSF_aFGIIIoWY30GVV19TKA,2026-02-23T00:43:53.552Z,14922.0,237.798,237.798
Vego Garden Raised Beds: An HONEST Review After 1 Year!,https://www.youtube.com/watch?v=eHaxI-VgtpE,Whitepepper Farms Homestead,https://www.youtube.com/channel/UCpufMG-HidjVpdV7XrXPnsQ,2026-02-22T23:56:51.198Z,794.0,2822.354,794.0
Saigon HIDDEN Noodle Tour!! Must Try Before You Die!!,https://www.youtube.com/watch?v=B2PLVAxl3Fw,Best Ever Food Review Show,https://www.youtube.com/channel/UCcAd5Np7fO8SeejB1FVKcYw,2026-02-22T23:02:50.436Z,974.0,3240.762,974.0
Mekong: The River That Feeds 70 Million People – Now in Danger? | Documentary (AMP),https://www.youtube.com/watch?v=HRMkFPiP78o,GO Asia,https://www.youtube.com/channel/UCDx9di7ytxnM5ftmWaBzImQ,2026-02-22T22:28:43.117Z,3153.0,2047.319,2047.319
2026 LEC Versus Playoffs - Lower Bracket Round 2,https://www.youtube.com/watch?v=ZkA_E7ilPdQ,LEC,https://www.youtube.com/channel/UCWWZjhmokTbezUQr1kbbEYQ,2026-02-22T21:48:59.851Z,23472.0,2383.266,2383.266
"How to Make Leaf Mold for Mulch, Castings & Compost: 60 Seconds or Sow Garden Videos #shorts",https://www.youtube.com/watch?v=0KBqHm9PkiA,60 Seconds or Sow Gardening Shorts,https://www.youtube.com/channel/UCqCRvbBUYBcPqZTYWax86aw,2026-02-22T21:45:29.576Z,53.0,210.275,53.0
Don't Leave Your Raised Beds Empty! Do This Instead...,https://www.youtube.com/watch?v=F5x3s7SACi8,Epic Gardening,https://www.youtube.com/channel/UCSbyncU597LMwb3HhnAI_4w,2026-02-22T21:43:28.501Z,672.0,121.075,121.075
WWE ELIMINATION CHAMBER 2026 OFFICIAL PREDICTIONS,https://www.youtube.com/watch?v=CfOInCnuquA,MrSantiZap,https://www.youtube.com/channel/UC60Z18qxfHNBdI-c_dE6z1Q,2026-02-22T21:42:40.551Z,1344.0,47.95,47.95
I Bought Hong Kong’s CHEAPEST Noodles!!,https://www.youtube.com/watch?v=TU_st0ZJzu0,More Best Ever Food Review Show,https://www.youtube.com/channel/UCXw1ddyrUmib3zmCmvSI1ow,2026-02-22T21:39:34.530Z,797.0,186.021,186.021
Happiness is a Skill (And You’re Missing It),https://www.youtube.com/watch?v=wO2zso1Kfxc,HealthyGamerGG,https://www.youtube.com/channel/UClHVl2N3jPEbkNJVx-ItQIQ,2026-02-22T21:37:29.067Z,1429.0,125.463,125.463
Need Help Keeping Animals Out Of Your Garden?,https://www.youtube.com/watch?v=wflkHQTwjFc,B Betta Garden,https://www.youtube.com/channel/UCIIi1lVDzTqTWlJiPZCiqZQ,2026-02-22T21:34:58.459Z,47.0,150.608,47.0
how we made a concrete slab for our backyard patio #Renovation,https://www.youtube.com/watch?v=wRk4DgmzKVQ,John Dolechek,https://www.youtube.com/channel/UCpD0yCCHUHGcIGhSxJe3VIQ,2026-02-22T19:40:59.784Z,86.0,6838.675,86.0
Cultivando coentro na jardineira  #coentro #horta #hortaemcasa #hortaorganica,https://www.youtube.com/watch?v=9a_z6iQZYT8,Hortas Ideias,https://www.youtube.com/channel/UCe14EK_cZTdfUXWTmREoWOA,2026-02-22T19:40:49.750Z,30.0,10.034,10.034
40 Minute Veggie Garden Bed - Easy Gardening Tutorials,https://www.youtube.com/watch?v=QabESo0FB48,Kate's Backyard Garden,https://www.youtube.com/channel/UC7B6_lEm3oFjTj5O6gLzXAQ,2026-02-22T19:40:30.770Z,38.0,18.98,18.98
Hearts2Hearts(하츠투하츠) 'RUDE!' (4K) | STUDIO CHOOM ORIGINAL,https://www.youtube.com/watch?v=c330ov8bsxI,STUDIO CHOOM [스튜디오 춤],https://www.youtube.com/channel/UCEIi7zFR_wE23jFncVtd6-A,2026-02-22T19:32:10.079Z,229.0,500.691,229.0
Anyone can do these,https://www.youtube.com/watch?v=qRRnMv-rrY4,Revive Home Tips,https://www.youtube.com/channel/UC8_AQ360eq4U80LU9Ue0TLw,2026-02-22T18:40:48.316Z,59.0,3081.763,59.0
Growing Thornless Blackberries || Black Gumbo,https://www.youtube.com/watch?v=sa8VfEEPOb0,Scott Head,https://www.youtube.com/channel/UCk0qmcm_o9JuguuDS7Q2psg,2026-02-22T17:04:13.408Z,602.0,5794.908,602.0
Revealing Our 22 NEW Seed Varieties for 2026!,https://www.youtube.com/watch?v=czAllhISeQ8,Epic Gardening,https://www.youtube.com/channel/UCSbyncU597LMwb3HhnAI_4w,2026-02-22T16:35:59.631Z,1173.0,1693.777,1173.0
How To Root And Grow Rosemary From Cuttings,https://www.youtube.com/watch?v=frslls1wPm0,The Ripe Tomato Farms,https://www.youtube.com/channel/UCGwHWxpp7vxEZ3jgsOuD0Xg,2026-02-22T14:39:33.569Z,665.0,6986.062,665.0
Infinite rosemary trick,https://www.youtube.com/watch?v=1PlQnwFB80I,Epic Gardening,https://www.youtube.com/channel/UCSbyncU597LMwb3HhnAI_4w,2026-02-22T14:38:37.044Z,34.0,56.525,34.0
Grow Rosemary from cuttings by covering them with a clear plastic bag for humidity! #rosemary #herbs,https://www.youtube.com/watch?v=O9J5jl0j3kA,Resh Gala,https://www.youtube.com/channel/UCJg_B3sVrP2jZVrbo_rk2lQ,2026-02-22T14:38:19.263Z,12.0,17.781,12.0
Grow Unlimited Rosemary!,https://www.youtube.com/watch?v=iJ7kPx5ykfA,Growing In The Garden,https://www.youtube.com/channel/UCyDCtTCcomOTKL52T2xyiKg,2026-02-22T14:37:12.649Z,32.0,66.614,32.0
A Year in My Cottage Garden 🌿 | Small Back Garden Ideas | Timelapse,https://www.youtube.com/watch?v=4VjeJ05h4Bs,Dainty Diaries,https://www.youtube.com/channel/UCcx0GWauE1_cQYSkk70y0YA,2026-02-22T14:21:06.785Z,11572.0,965.864,965.864
Arbequina Olive Tree from Fast Growing Trees 🫒🌿 #olivetree #gardening #fruittrees,https://www.youtube.com/watch?v=yBFAzHW4nF0,Fast Growing Trees,https://www.youtube.com/channel/UCVD0IvW7hjgF4Wu9vb5t24w,2026-02-22T14:14:31.359Z,29.0,395.426,29.0
All about manzanillo olives,https://www.youtube.com/watch?v=yMazbt2W8_E,IngredientBasics,https://www.youtube.com/channel/UCPBUfHkGd4BZRKwuOAmLqJA,2026-02-22T14:14:09.694Z,16.0,21.665,16.0
Olive tree that can handle the cold  #Shorts #Gardening #Homesteading #FruitTree #Orchard #Olives ￼￼,https://www.youtube.com/watch?v=uKyYjg4RjYk,Josh Gardens,https://www.youtube.com/channel/UCq0H5K0frvRsnUBcbTEJQCQ,2026-02-22T14:12:54.422Z,61.0,75.272,61.0
Relaxing Outdoor Cafe Music For Stress Relief | Beautiful Courtyard With Gentle Jazz To Calm Mind,https://www.youtube.com/watch?v=4ON1i6mPRYs,Cozy Outdoor Jazz,https://www.youtube.com/channel/UCKobI6RiPRSCE8ZB5pUs1nA,2026-02-22T13:33:08.636Z,11918.0,2385.786,2385.786
7 Raised Bed Gardening Techniques to Maximize Your Results,https://www.youtube.com/watch?v=0peCt_qUn3k,Epic Gardening,https://www.youtube.com/channel/UCSbyncU597LMwb3HhnAI_4w,2026-02-22T13:02:42.506Z,715.0,1826.13,715.0
How to Perfectly Pest-Proof a Raised Bed,https://www.youtube.com/watch?v=-Db9RJfze0g,Epic Gardening,https://www.youtube.com/channel/UCSbyncU597LMwb3HhnAI_4w,2026-02-22T12:59:09.686Z,638.0,212.82,212.82
T1 vs DK | 2026 LCK CUP Playoffs,https://www.youtube.com/watch?v=mjUEh3hI9IE,LCK Global,https://www.youtube.com/channel/UCKVlixycWmapnGQ_wht4cHQ,2026-02-22T12:52:54.160Z,20376.0,375.526,375.526
How To Make Compost FAST In A TRASH CAN: Turn Trash Into GOLD!,https://www.youtube.com/watch?v=PA-b1rQ42vU,The Millennial Gardener,https://www.youtube.com/channel/UCAXUwGU47XVY-0lH9qhUr1Q,2026-02-22T12:34:11.996Z,850.0,1122.164,850.0
How to Plant Multiple Fruit Trees in a Small Space - High Density Back Yard Orchard Culture,https://www.youtube.com/watch?v=SEWZcgt4IEs,The Busy Gardener,https://www.youtube.com/channel/UCGQtXp5PQ0qIHUIx-8kkR0Q,2026-02-22T12:32:13.416Z,747.0,118.58,118.58
Vịnh Vĩnh Hy: Trọn Bộ Bí Kíp Ăn Chơi Chỉ Trong Một Clip,https://www.youtube.com/watch?v=MBZkc7XbizU,gia đình vivu,https://www.youtube.com/channel/UCMqmCEUuVNS8qEB8GlYHItQ,2026-02-22T12:26:11.457Z,3378.0,361.959,361.959
Growing Quick & Early Broccoli from Seed to Harvest in Containers & Bags,https://www.youtube.com/watch?v=7s2A4CiRZvY,Life in a pot,https://www.youtube.com/channel/UC-YyebEB9Vae-GOZph5CoVw,2026-02-22T11:54:28.973Z,79.0,1902.484,79.0
When Liv Helped Lyra Recover From Wardrobe Malfunction,https://www.youtube.com/watch?v=h65B9Bm4B50,Pro Wrestling Everyday,https://www.youtube.com/channel/UCEXHwRKDJ2P_MRrkb8wtXlw,2026-02-22T11:53:27.371Z,20.0,61.602,20.0
[4K] 250822 TIMA STRATEGY 트와이스 미나 직캠,https://www.youtube.com/watch?v=-yaksWT4PoQ,love me now!,https://www.youtube.com/channel/UC2R9PPEo_KLJYrbHQxM_SSg,2026-02-22T11:47:05.530Z,168.0,381.841,168.0
[4K] 250822 Strategy 트와이스 미나 직캠,https://www.youtube.com/watch?v=_iy1N9ue_tw,Leo324,https://www.youtube.com/channel/UCgXp9TpClTRrUakhmL_hciw,2026-02-22T11:46:36.759Z,166.0,28.771,28.771
250822 TIMA TWICE MINA-DANCE THE NIGHT AWAY Focus,https://www.youtube.com/watch?v=qTgVhokrbzA,MINA's LOVEBUFF,https://www.youtube.com/channel/UCSqEPVimayO7LfJ2T_nc8JA,2026-02-22T11:45:28.642Z,185.0,68.117,68.117
[8K] 251018 트와이스 미나 TWICE MINA - BDZ 직캠 Fancam @10VE UNIVERSE FANMEETING,https://www.youtube.com/watch?v=P_RMtdmhJR0,도리,https://www.youtube.com/channel/UCX5EYpJt-cJWTpU2yXbDdAA,2026-02-22T11:44:58.162Z,195.0,30.48,30.48
[4K] 250720 THIS IS FOR BATTITUDE 트와이스 미나 직캠,https://www.youtube.com/watch?v=WdXT8LfAOhg,love me now!,https://www.youtube.com/channel/UC2R9PPEo_KLJYrbHQxM_SSg,2026-02-22T11:44:19.899Z,146.0,38.263,38.263
[FANCAM] 2-20-26 - Twice – THIS IS FOR TOUR - New York Day 2 – Tzuyu Solo Stage - Dive In,https://www.youtube.com/watch?v=v6CEnci5bCk,Hi_Im_V,https://www.youtube.com/channel/UCjNncY2Bqa0hXdQBZdJpLHA,2026-02-22T11:43:34.866Z,124.0,45.033,45.033
[4K] 250719 트와이스 나연 'ONE SPARK' 직캠  (TWICE NAYEON FanCam),https://www.youtube.com/watch?v=G-luM95rNVA,미라이 MIRAI,https://www.youtube.com/channel/UCMVWMr9DyeoFpLknyryDDGQ,2026-02-22T11:43:00.023Z,,34.843,34.843
[MPD직캠] 드림캐쳐 한동 직캠 4K 'BONVOYAGE' (Dreamcatcher HANDONG FanCam) | @MCOUNTDOWN_2023.05.25,https://www.youtube.com/watch?v=4Dg5ZFFBbT8,M2,https://www.youtube.com/channel/UCTQVIXvcHrR9jYoJ6qaBAow,2026-02-22T11:41:30.886Z,260.0,89.137,89.137
[8K] 251018 트와이스 사나 TWICE SANA - THIS IS FOR 직캠 Fancam @10VE UNIVERSE FANMEETING,https://www.youtube.com/watch?v=k7Rgis9Bnls,도리,https://www.youtube.com/channel/UCX5EYpJt-cJWTpU2yXbDdAA,2026-02-22T11:41:13.309Z,183.0,17.577,17.577
[입덕직캠] 드림캐쳐 가현 직캠 4K 'BONVOYAGE' (Dreamcatcher GAHYEON FanCam) | @MCOUNTDOWN_2023.05.25,https://www.youtube.com/watch?v=Apo1wqbasQ0,M2,https://www.youtube.com/channel/UCTQVIXvcHrR9jYoJ6qaBAow,2026-02-22T11:41:06.700Z,283.0,6.609,6.609
[8K] 251018 트와이스 모모 TWICE MOMO - STRATEGY 직캠 Fancam @10VE UNIVERSE FANMEETING,https://www.youtube.com/watch?v=Qmn9HHpQFF4,도리,https://www.youtube.com/channel/UCX5EYpJt-cJWTpU2yXbDdAA,2026-02-22T11:40:26.325Z,182.0,40.375,40.375
[4K] 250719 트와이스 모모 'THIS IS FOR + STRATEGY' 직캠  (TWICE MOMO FanCam),https://www.youtube.com/watch?v=1IW1C7zu4Uo,미라이 MIRAI,https://www.youtube.com/channel/UCMVWMr9DyeoFpLknyryDDGQ,2026-02-22T11:40:05.376Z,,20.949,20.949
[4K] 250719 트와이스 모모 'MOONLIGHT SUNRISE' 직캠  (TWICE MOMO FanCam),https://www.youtube.com/watch?v=wqfMIoBkFNk,미라이 MIRAI,https://www.youtube.com/channel/UCMVWMr9DyeoFpLknyryDDGQ,2026-02-22T11:39:59.097Z,,6.279,6.279
트와이스 모모 'LIKE OOH - AHH'(TWICE MOMO FANCAM)|251018,https://www.youtube.com/watch?v=j64lB07UHbg,Rose,https://www.youtube.com/channel/UCinWTHwr6lnFjWGoOovlQDA,2026-02-22T11:37:13.150Z,208.0,165.947,165.947
241206 트와이스(사나) Strategy 직캠 / TWICE Fancam,https://www.youtube.com/watch?v=EnGOQ8c42YY,매움,https://www.youtube.com/channel/UCb3jD_rOyj7_pGNeqIsKHYg,2026-02-22T11:36:52.620Z,,20.53,20.53
251207 트와이스 모모 직캠 Twice MOMO 'MOVE LIKE THAT' @ TWICE ＜THIS IS FOR＞ WORLD TOUR IN HONG KONG,https://www.youtube.com/watch?v=azGcNhspxCE,ArchCam,https://www.youtube.com/channel/UC5c32JXLW-C5VxWLSYj02eA,2026-02-22T11:36:39.852Z,91.0,12.768,12.768
251109 TWICE - JIHYO + DAYHYUN + MOMO + SANA SOLO | 트와이스 THIS IS FOR in Melbourne | 4K60,https://www.youtube.com/watch?v=LahN1gkS6_o,지아,https://www.youtube.com/channel/UCHUOElWZzpGyz4vshqa3y8A,2026-02-22T11:36:32.148Z,292.0,7.704,7.704
Beep beep beep 🚨 #MOMO #JIHYO #TWICE #트와이스 #THISISFOR #모모 #지효,https://www.youtube.com/watch?v=uUvMKtPENuA,TWICE,https://www.youtube.com/channel/UCzgxx_DM2Dcb9Y1spb9mUJA,2026-02-22T11:36:12.043Z,17.0,20.105,17.0
[4K] 250719 트와이스 모모 'Feel Special' 직캠  (TWICE MOMO FanCam),https://www.youtube.com/watch?v=U6Fnd-6Lybk,미라이 MIRAI,https://www.youtube.com/channel/UCMVWMr9DyeoFpLknyryDDGQ,2026-02-22T11:35:54.999Z,,17.044,17.044
TWICE Momo for Vogue wearing a bodycon dress 😳 #twice #momo #momotwice #kpop #korean,https://www.youtube.com/watch?v=ReYMTKNJyZs,Kpop Unfiltered,https://www.youtube.com/channel/UCacXl88AiPdmAlPfqgKNpwg,2026-02-22T11:35:44.748Z,8.0,10.251,8.0
[8K] 251018 트와이스 쯔위 TWICE TZUYU - Talk that Talk 직캠 Fancam @10VE UNIVERSE FANMEETING,https://www.youtube.com/watch?v=qra1U-_WyFo,도리,https://www.youtube.com/channel/UCX5EYpJt-cJWTpU2yXbDdAA,2026-02-22T11:34:50.519Z,182.0,54.229,54.229
TWICE SONG+Talk that Talk+THIS IS FOR+Strategy MINA미나 Fancam 251018 10TH FM 10VE UNIVERSE Seoul,https://www.youtube.com/watch?v=KtzxJJh_mKc,strollinw,https://www.youtube.com/channel/UCOw2HV83XglFuflIwiIu91g,2026-02-22T11:34:25.306Z,562.0,25.213,25.213
쯔위 Tzuyu Rollin,https://www.youtube.com/watch?v=g2t4dPZr5_E,Twice x Once,https://www.youtube.com/channel/UC9--80bv07aYauKS-Tw1rVQ,2026-02-22T11:32:03.702Z,24.0,141.604,24.0
TWICE This is for in NEW YORK Day 2 - Part 2,https://www.youtube.com/watch?v=eOICyZZRPnc,necketta,https://www.youtube.com/channel/UCEOPeiv2uKkrxYWlcNFwZ8A,2026-02-22T11:31:53.198Z,1236.0,10.504,10.504
"TWICE (트와이스) - 260214 -This Is For, Strategy, MAKE ME GO, SET ME FREE, I CAN’T STOP ME-Washington D2",https://www.youtube.com/watch?v=r7LRbdGkpU4,South Texas Once,https://www.youtube.com/channel/UCY4eOa5x971WpLy5pHfUavw,2026-02-22T11:31:28.494Z,941.0,24.704,24.704
[FANCAM] 2-20-26 - Twice – THIS IS FOR TOUR - New York - Day 2 – Talk That Talk (Encore),https://www.youtube.com/watch?v=w3Xeb-vXeyc,Hi_Im_V,https://www.youtube.com/channel/UCjNncY2Bqa0hXdQBZdJpLHA,2026-02-22T11:28:59.881Z,235.0,148.613,148.613
Tzuyu - Dive In Day 2 DC Solo Live Performance #thisisfor #twice ,https://www.youtube.com/watch?v=8Ilt-lo2cP8,Castle Media,https://www.youtube.com/channel/UCr35gprHD77_ro7FYZlS7jw,2026-02-22T11:28:48.381Z,118.0,11.5,11.5
Twice Tzuyu Responds to Body Comment #twice #kpop,https://www.youtube.com/watch?v=28xSSa7MvwU,angelina,https://www.youtube.com/channel/UC3Bo_vNWEEIOHj4vR7_d8uw,2026-02-22T11:28:13.551Z,27.0,34.83,27.0
[FANCAM] 2-20-26 - Twice – THIS IS FOR TOUR - New York Day 2 – I Can’t  Stop Me,https://www.youtube.com/watch?v=muInO5Bgqx0,Hi_Im_V,https://www.youtube.com/channel/UCjNncY2Bqa0hXdQBZdJpLHA,2026-02-22T11:27:56.650Z,224.0,16.901,16.901
[4K] 260206 ユニ春 Confetti 트와이스 미사모 미나 직캠,https://www.youtube.com/watch?v=bFwu8fBfpYY,love me now!,https://www.youtube.com/channel/UC2R9PPEo_KLJYrbHQxM_SSg,2026-02-22T11:25:34.227Z,165.0,142.423,142.423
"[TWICE] MOMO Shows Her Abs, but MINA Can't",https://www.youtube.com/watch?v=8JcIPZfnouA,CCS TWICE,https://www.youtube.com/channel/UC7zynAJqNVyaK_tgnQTsEVQ,2026-02-22T11:24:29.010Z,13.0,65.217,13.0
Sivir is actually a very strong ADC pick.. i’ll show why,https://www.youtube.com/watch?v=ym7EH2ebiag,Doublelift,https://www.youtube.com/channel/UCrPCP1oaOr0AEs2JdxzfOFA,2026-02-22T11:07:31.325Z,1044.0,1017.685,1017.685
GEN vs BFX | Playoffs Upper R3 Game 2 | 2026 LCK CUP,https://www.youtube.com/watch?v=P1BcurRXrb8,LCK Global,https://www.youtube.com/channel/UCKVlixycWmapnGQ_wht4cHQ,2026-02-22T11:07:11.569Z,2544.0,19.756,19.756
How The Modern Game Left Trae Young Behind,https://www.youtube.com/watch?v=PAY_4qDqrYE,Daniel Li,https://www.youtube.com/channel/UCpH_yPffJwMKWvS_Ncq862w,2026-02-22T11:04:48.366Z,528.0,143.203,143.203
End of June garden harvest! #gardening #garden #peppers #growingpeppers,https://www.youtube.com/watch?v=kBi2REGnkzk,More than Gardening,https://www.youtube.com/channel/UCF30IObktYMnBIym1e5JAvQ,2026-02-22T11:04:04.994Z,58.0,43.372,43.372
Cody Rhodes’ incredible Solo Sikoa story,https://www.youtube.com/watch?v=d5NbG326fyk,What Do You Wanna Talk About? With Cody Rhodes,https://www.youtube.com/channel/UCl4AfagstpG61l1_30nIHwg,2026-02-22T11:04:00.632Z,115.0,4.362,4.362
Come on Blake! Cheating isn’t very glamorous 😡 #WWENXT,https://www.youtube.com/watch?v=VVuvBpmv8Co,WWE,https://www.youtube.com/channel/UCJ5v_MCY6GNUBTO8-D3XoAg,2026-02-22T11:03:26.283Z,46.0,34.349,34.349
The Rise And Fall of Tua Tagovailoa,https://www.youtube.com/watch?v=unNdPUNIElY,BLITZ,https://www.youtube.com/channel/UCqyfU_d7H2wJtCBSuW2nQ-g,2026-02-22T10:41:51.444Z,1275.0,1294.839,1275.0
"Why everyone is switching to pavers, how to lay the perfect pavers",https://www.youtube.com/watch?v=sryplhK_Z_k,James Gatlin,https://www.youtube.com/channel/UC4JLjBBedLqXjBF7u09lFyQ,2026-02-22T09:51:48.549Z,1051.0,3002.895,1051.0
Why Vegas Doesn't Care If You Visit Anymore,https://www.youtube.com/watch?v=lJcyDOjFLwQ,More Perfect Union,https://www.youtube.com/channel/UCehBVAPy-bxmnbNARF-_tvA,2026-02-22T09:51:19.769Z,884.0,28.78,28.78
MARIO BARRIOS VS RYAN GARCIA | FIGHT HIGHLIGHTS,https://www.youtube.com/watch?v=1gdM2Hg2VWQ,DAZN Boxing,https://www.youtube.com/channel/UCurvRE5fGcdUgCYWgh-BDsg,2026-02-22T09:47:42.955Z,196.0,216.814,196.0
Gold medalist Alysa Liu has a BLAST in the exhibition gala | Winter Olympics 2026 | NBC Sports,https://www.youtube.com/watch?v=ThU6LK8xEdE,NBC Sports,https://www.youtube.com/channel/UCqZQlzSHbVJrwrn5XvzrzcA,2026-02-22T09:46:33.864Z,,69.091,69.091
"Wembanyama DOMINATES as Spurs Win 8th Straight  (28 PTS & 15 REB) 🔥 | February 21, 2026",https://www.youtube.com/watch?v=oVZv_-ZG2HY,NBA,https://www.youtube.com/channel/UCWJ2lWNubArHWmf3FIHbfcQ,2026-02-22T09:43:20.075Z,300.0,193.789,193.789
Planting peppers in a raised bed #peppers #plantingpeppers #gardening,https://www.youtube.com/watch?v=zW3TPU56sw0,More than Gardening,https://www.youtube.com/channel/UCF30IObktYMnBIym1e5JAvQ,2026-02-22T09:41:22.296Z,59.0,117.779,59.0
Rules WWE Wrestlers CANNOT Break,https://www.youtube.com/watch?v=l4ZHbRhdM5s,Maven Huffman,https://www.youtube.com/channel/UCUaMKv2qklMwzIwHXDpWyFg,2026-02-22T09:41:11.825Z,2007.0,10.471,10.471
El Grande Americano is attacked after saving Dominik Mysterio: Lucha Libre AAA highlights,https://www.youtube.com/watch?v=-ZWyCuOZkfo,WWE,https://www.youtube.com/channel/UCJ5v_MCY6GNUBTO8-D3XoAg,2026-02-22T09:39:47.035Z,262.0,84.79,84.79
How To Start Your First Seeds (COMPLETE GUIDE) 🌱,https://www.youtube.com/watch?v=2SwLs5SlXPc,Epic Gardening,https://www.youtube.com/channel/UCSbyncU597LMwb3HhnAI_4w,2026-02-22T02:46:38.420Z,4186.0,24788.615,4186.0
He Grows Almost 100% Of What He Cooks | @LifebyMikeG Homestead Tour 🧑🏻‍🌾🧑🏻‍🍳,https://www.youtube.com/watch?v=d3BT7fXalMI,Epic Gardening,https://www.youtube.com/channel/UCSbyncU597LMwb3HhnAI_4w,2026-02-22T02:14:40.851Z,1915.0,1917.569,1915.0
We Buried Common Kitchen Scraps in the Garden and THIS Happened 🤯,https://www.youtube.com/watch?v=9xXohNFN0rk,Epic Gardening,https://www.youtube.com/channel/UCSbyncU597LMwb3HhnAI_4w,2026-02-22T01:53:53.245Z,1245.0,1247.606,1245.0
Harvesting and Pressing My Own Olive Oil,https://www.youtube.com/watch?v=Jv2pPI4U8c0,David Domoney,https://www.youtube.com/channel/UCGyJSi6OdIqoiE8qlDAwm_g,2026-02-22T01:39:06.973Z,883.0,886.272,883.0
Olive Tree Care. 10 VERY HELPFUL TIPS.,https://www.youtube.com/watch?v=uNSl63SalA0,Mark's House and Garden UK,https://www.youtube.com/channel/UCFg0DCxdFFggbCOCdBeNqbA,2026-02-22T01:13:56.177Z,648.0,1510.796,648.0
A Beginner’s Guide to Olive Trees: an olive tree plant profile,https://www.youtube.com/watch?v=zdbyoYxvxSM,Gardening Express,https://www.youtube.com/channel/UC-Eke6hai97ah-CqgUoehzQ,2026-02-22T01:12:43.524Z,121.0,72.653,72.653
Growing and Brining Olives in Austin Texas,https://www.youtube.com/watch?v=ORS4d3waPOc,Austin Texas Gardening,https://www.youtube.com/channel/UCP22Pv-8_bwXMU0gOkOVTTA,2026-02-22T01:10:11.153Z,532.0,152.371,152.371
How to Grow Olive Trees,https://www.youtube.com/watch?v=xKOrlK70XIU,Hawkins Corner,https://www.youtube.com/channel/UCaavs8k34rzIUwesyVzweWw,2026-02-22T01:09:32.400Z,185.0,38.753,38.753
Can You Really Grow An Olive Tree as a Indoor Houseplant?!,https://www.youtube.com/watch?v=EgasXL1UT6Y,Crazy Plant Guy,https://www.youtube.com/channel/UCtnUZGxN4m3zP1JhFXJlrsA,2026-02-22T01:07:49.561Z,650.0,102.839,102.839
Grow Your Own Olives - Arbequina Olive Tree,https://www.youtube.com/watch?v=_2-zxeXrjNE,Stark Bro's,https://www.youtube.com/channel/UC9q1wmGNQG6rYwQBeyDUFkQ,2026-02-22T01:07:12.429Z,34.0,37.132,34.0
Olive Trees Grow Fast,https://www.youtube.com/watch?v=QdQjCW5Bxu4,Matt,https://www.youtube.com/channel/UCaEJYpzcvuHIEm2sFJnIQ9Q,2026-02-22T01:06:52.981Z,10.0,19.448,10.0
Plant profile: Olive Tree,https://www.youtube.com/watch?v=GSp8Apa-Vs8,The Balcony Garden,https://www.youtube.com/channel/UCWMkOlNd3ABlrCo-gHRbEEw,2026-02-22T01:06:37.459Z,16.0,15.522,15.522
Growing Olive Tree indoors 🫒 #gardeningtips,https://www.youtube.com/watch?v=gaGiE2b8mAA,mellowgardening,https://www.youtube.com/channel/UC5K0FXHke45UTIdMmE0KHYg,2026-02-22T01:06:14.691Z,14.0,22.768,14.0
"Olive Trees In Your Garden, The 101 and Everything You Need to Know.",https://www.youtube.com/watch?v=Dvyuy9_1TgU,BuildersSA,https://www.youtube.com/channel/UC1bEwPTpGJHrz-YACC81r9A,2026-02-22T01:00:25.897Z,877.0,348.794,348.794
You can grow an olive tree from seed in your garden,https://www.youtube.com/watch?v=tYNO6Cqo_0M,Urban home gardening,https://www.youtube.com/channel/UCggHtsQ11_hhijSZEt1lNug,2026-02-22T00:49:59.956Z,43.0,625.941,43.0
Watch This Before Growing Peppers 🌶️🔥,https://www.youtube.com/watch?v=A6XH-5DSilI,Epic Gardening,https://www.youtube.com/channel/UCSbyncU597LMwb3HhnAI_4w,2026-02-22T00:47:19.124Z,519.0,160.832,160.832
"Growing Lettuce, From Seed to Harvest 🌱",https://www.youtube.com/watch?v=wj6hN9oQ4d4,Epic Gardening,https://www.youtube.com/channel/UCSbyncU597LMwb3HhnAI_4w,2026-02-22T00:20:06.735Z,1019.0,1632.389,1019.0
Love doing this size comparisons with these buttons quails 😂💙🐣 #babyanimals #birds #cute #funny,https://www.youtube.com/watch?v=c-42DktdY9k,Fat Hen Farms,https://www.youtube.com/channel/UCg1usE_xjHYoDH_4LcBT7Lg,2026-02-22T00:18:44.983Z,57.0,81.752,57.0
FATAL FOUR WAY WRESTLEMANIA 42 MAIN EVENT? (Wrestling Hot Takes),https://www.youtube.com/watch?v=bUTiLsX0kFc,MrSantiZap,https://www.youtube.com/channel/UC60Z18qxfHNBdI-c_dE6z1Q,2026-02-22T00:18:21.583Z,1971.0,23.4,23.4
There Is Not A Single Water Dinosaur (Here's Why),https://www.youtube.com/watch?v=SS6nbr-MZCE,ExtinctZoo ,https://www.youtube.com/channel/UC0ggS8bt4v7NiZpDfGqNpZQ,2026-02-22T00:18:00.485Z,1344.0,21.098,21.098
Why Smart Gardeners Plant These 12 Crops in Winter,https://www.youtube.com/watch?v=3MTeMGm1XyY,Epic Gardening,https://www.youtube.com/channel/UCSbyncU597LMwb3HhnAI_4w,2026-02-22T00:04:13.170Z,606.0,827.315,606.0
"YDL #224: Đi tàu 45 phút đến Biên Hoà khám phá ẩm thực, trưa đi tối về | Yêu Máy Bay",https://www.youtube.com/watch?v=yV0zahVR-rg,Yêu Máy Bay,https://www.youtube.com/channel/UC6iYLWyzdYKMpnWbplhBrxg,2026-02-22T00:01:20.949Z,1480.0,172.221,172.221
"❄️눈 내리는 한옥카페, 그냥 틀어놓기 좋은 팝송 | 카페에서 듣기 좋은 노래 🎶",https://www.youtube.com/watch?v=_RAMLZgST6w,Soul Cafe,https://www.youtube.com/channel/UCVccRmiLPePBoImWKXdIaAQ,2026-02-22T00:01:03.650Z,6241.0,17.299,17.299
I could play with these cuties all day long🥹,https://www.youtube.com/watch?v=wuL8zyfGnVA,Gulf Coast Cluckers,https://www.youtube.com/channel/UC82_N835k0znbYbavS8aURg,2026-02-21T23:59:35.945Z,61.0,87.705,61.0
"💛 Prepping the Raised Bed & Planting Cool Season Crops 🌱 | Swiss Chard, Kale, Beets & More",https://www.youtube.com/watch?v=Y1vjwHFrlXs,Calamity_Jane,https://www.youtube.com/channel/UCOuefiQwhfo71gT3cQZCEqQ,2026-02-21T23:58:34.622Z,5517.0,61.323,61.323
How Vietnam Grows UNLIMITED Monster Crabs!!,https://www.youtube.com/watch?v=4nUVCGyce0o,Best Ever Food Review Show,https://www.youtube.com/channel/UCcAd5Np7fO8SeejB1FVKcYw,2026-02-21T23:58:09.575Z,1419.0,25.047,25.047
DIY Indoor Compost #shorts,https://www.youtube.com/watch?v=qHerkpmK1YQ,Spicy Moustache,https://www.youtube.com/channel/UCiNqkJzyd_5qNm7jw_FcJqw,2026-02-21T23:56:58.065Z,32.0,71.51,32.0
The 3 Best Habanero Varieties For Your Garden #peppergrowing #growpeppers #pepperplants #gardeninspo,https://www.youtube.com/watch?v=scGJuqjkFZM,Aaron Aiken,https://www.youtube.com/channel/UCnSKy9seZA-Ts4Xg0CYRKXA,2026-02-21T23:55:48.438Z,57.0,69.627,57.0
Get Rid Of Garden Grubs With Beneficial Nematodes!,https://www.youtube.com/watch?v=_bAT3YGo-UQ,Jacques in the Garden,https://www.youtube.com/channel/UC2UruAEdaagf4JdtnMP-LrQ,2026-02-21T23:55:06.478Z,593.0,41.96,41.96
Plant Trees Like An Arborist- Avoid This Common BIG MISTAKE!,https://www.youtube.com/watch?v=eKuec3zkM3Y,Blue Oak ATS LLC,https://www.youtube.com/channel/UCFmyya4NwVAvstytu0b-UpQ,2026-02-21T23:54:37.118Z,511.0,29.36,29.36
"Large Pots, Bigger Tomatoes: The Complete Method #gardening #tomato",https://www.youtube.com/watch?v=aomDPwbmEcE,armstronggarden,https://www.youtube.com/channel/UCBLQMgd11xvk1OvOY_lmFCQ,2026-02-21T23:52:33.061Z,120.0,124.057,120.0
"🔴 LIVE 🌱 432 Hz Music for Plants & Plant Lovers | Relax, Grow & Heal",https://www.youtube.com/watch?v=1FoLEO_k8g4,Plant House & Garden,https://www.youtube.com/channel/UC4p-aYGRlqVnqblYoVHaeFw,2026-02-21T23:52:09.139Z,178979.0,23.922,23.922
Never Fail at Composting Again - Beginner's Guide #composting #hotcomposting,https://www.youtube.com/watch?v=4qCKWUK70h8,Gardening with Bear Brown,https://www.youtube.com/channel/UC8ZSvc9f3GYjyA4yIR_oBVQ,2026-02-21T23:50:37.275Z,58.0,91.864,58.0
My wife didn't believe I could jump the fence... 🤣 (🎥: ViralHog),https://www.youtube.com/watch?v=kxSnhE1-GWo,LADbible Shorts,https://www.youtube.com/channel/UCflpy-GNxlahbdRdN5CRUsA,2026-02-21T23:50:31.852Z,21.0,5.423,5.423
IYO SKY with the save ❤️,https://www.youtube.com/watch?v=Xunp0TJHa0E,WWE,https://www.youtube.com/channel/UCJ5v_MCY6GNUBTO8-D3XoAg,2026-02-21T23:50:02.704Z,57.0,29.148,29.148
We Got CRUSHED!,https://www.youtube.com/watch?v=TBUBSiQIbEw,The Millennial Gardener,https://www.youtube.com/channel/UCAXUwGU47XVY-0lH9qhUr1Q,2026-02-21T23:43:02.143Z,1532.0,420.561,420.561
✅SOLOQ WARLORD BRUTALLY FRAME MOGS MAGE PLAYERS✅,https://www.youtube.com/watch?v=lvUVgrow0Gw,Doublelift,https://www.youtube.com/channel/UCrPCP1oaOr0AEs2JdxzfOFA,2026-02-21T23:40:30.371Z,25330.0,151.772,151.772
"Growing Strawberries (Part 1): Planting Bare Root Strawberries, Sun, and Soil",https://www.youtube.com/watch?v=IsoLRx_39bQ,Epic Gardening,https://www.youtube.com/channel/UCSbyncU597LMwb3HhnAI_4w,2026-02-21T23:36:07.653Z,537.0,262.718,262.718
LCS Lock In | LYON vs FLY | Lower Bracket Quarterfinals,https://www.youtube.com/watch?v=DlMUpjNU6II,LCS,https://www.youtube.com/channel/UCSF_aFGIIIoWY30GVV19TKA,2026-02-21T23:01:52.092Z,14856.0,2055.561,2055.561
"Cody Rhodes vs. Oba Femi: Saturday Night's Main Event highlights, Dec. 13, 2025",https://www.youtube.com/watch?v=vVvDbgbfYAs,WWE,https://www.youtube.com/channel/UCJ5v_MCY6GNUBTO8-D3XoAg,2026-02-21T22:50:47.477Z,211.0,664.615,211.0
Top 35 Moves of Oba Femi (2024),https://www.youtube.com/watch?v=31heHR4EOWo,Mojo,https://www.youtube.com/channel/UC7LFxhDKKpFrP3EONkOg_SA,2026-02-21T22:45:20.994Z,290.0,326.483,290.0
Best alarm clock for kids. 😂,https://www.youtube.com/watch?v=RdwzX206lz8,Lee Houston,https://www.youtube.com/channel/UCBEnMJcipvJHPDkEkPecGLw,2026-02-21T22:43:15.640Z,52.0,125.354,52.0
How Much Money Professional Singers Make,https://www.youtube.com/watch?v=pH_2Pc0sfZo,Caleb Hammer,https://www.youtube.com/channel/UCLe_q9axMaeTbjN0hy1Z9xA,2026-02-21T22:41:47.594Z,57.0,88.046,57.0
[4K] Wheein - SHH - WHEE IN THE MOOD [BEYOND] in Manila,https://www.youtube.com/watch?v=les0FZKTIao,doubltrbl,https://www.youtube.com/channel/UCkyH7Szl1wZj5253pDyBoZQ,2026-02-21T22:41:28.498Z,171.0,19.096,19.096
Trick Williams On “Whoop That Trick” Origins,https://www.youtube.com/watch?v=IPd1EyIwgz4,CVV CLIPS,https://www.youtube.com/channel/UCmKjMXJbTeo1UJeZ3ug9xrw,2026-02-21T22:41:09.450Z,61.0,19.048,19.048
Types of Debt (part 1)💲😬,https://www.youtube.com/watch?v=bc0iAt56aTk,Cara Nicole,https://www.youtube.com/channel/UCm5iBOcQ0GET_2FqFI61QDA,2026-02-21T22:36:52.949Z,52.0,256.501,52.0
2026 LEC Versus - Lower Bracket Round 1,https://www.youtube.com/watch?v=_MHZ64sfhQQ,LEC,https://www.youtube.com/channel/UCWWZjhmokTbezUQr1kbbEYQ,2026-02-21T18:31:37.930Z,20730.0,14715.019,14715.019
After Hibernation #bear #brownbear #animallovers #animalfacts #wildlife,https://www.youtube.com/watch?v=JdWbPDl9pgE,Snugbarn,https://www.youtube.com/channel/UCTaoFdNdSSgyd1qYwF9z67g,2026-02-21T17:51:57.398Z,62.0,2380.532,62.0
How to Propagate Rosemary 🌿,https://www.youtube.com/watch?v=U7GHpgFkZEU,envii,https://www.youtube.com/channel/UCu3zYd38uXOeXuzQXmDkw4Q,2026-02-21T17:51:03.703Z,41.0,53.695,41.0
scratches for the Big Fella,https://www.youtube.com/watch?v=gGk26UJoL3I,Simone Dawson ,https://www.youtube.com/channel/UCvt3_p6K15rMfr2oAhye6sw,2026-02-21T17:49:16.075Z,42.0,107.628,42.0
"FULL MATCH: Oba Femi vs. Joaquin Wilde: WWE Main Event, Feb. 19, 2026",https://www.youtube.com/watch?v=pl742Tu9LAM,WWE,https://www.youtube.com/channel/UCJ5v_MCY6GNUBTO8-D3XoAg,2026-02-21T17:36:11.231Z,416.0,784.844,416.0
"6 Different Ways To Compost, No Matter Where You Live",https://www.youtube.com/watch?v=eO4HdrIXnVU,Epic Gardening,https://www.youtube.com/channel/UCSbyncU597LMwb3HhnAI_4w,2026-02-21T17:03:28.022Z,898.0,1963.209,898.0
3 pepper growing mistakes to avoid,https://www.youtube.com/watch?v=YZh4f8p3uG8,Pepper Geek,https://www.youtube.com/channel/UC_j_zg_vC9TS5rVXnbiL_1g,2026-02-21T14:11:41.907Z,45.0,10306.115,45.0
현준이 교육 들어갑니다,https://www.youtube.com/watch?v=Z7l05JEefxw,T1 Faker,https://www.youtube.com/channel/UCpJw2H9KKqwCCGQKRh1Bf2w,2026-02-21T13:58:10.880Z,481.0,811.027,481.0
Cody Rhodes Teaches Bert Kreischer the CrossRhodes!,https://www.youtube.com/watch?v=7EI398CoKSQ,NextWave Wrestling,https://www.youtube.com/channel/UCNBrcDhufda-gj6BlxV9KWA,2026-02-21T13:56:44.617Z,38.0,86.263,38.0
"Full Oba Femi Royal Rumble 2026 highlights: Jan. 31, 2026",https://www.youtube.com/watch?v=jw5yGmzZdSU,WWE,https://www.youtube.com/channel/UCJ5v_MCY6GNUBTO8-D3XoAg,2026-02-21T13:49:47.150Z,330.0,417.467,330.0
Oba Femi's Upgraded F-5,https://www.youtube.com/watch?v=6LgzARD6zto,Ringside Rewind,https://www.youtube.com/channel/UC7eaCctXk6L9TdPdKzi26Zg,2026-02-21T13:45:27.912Z,24.0,259.238,24.0
Cody Rhodes was quick but Oba Femi was quicker! 😳 #SNME,https://www.youtube.com/watch?v=MFR8ITDkZ9s,WWE,https://www.youtube.com/channel/UCJ5v_MCY6GNUBTO8-D3XoAg,2026-02-21T13:44:55.124Z,16.0,32.788,16.0
Oba Femi struts his way into the Royal Rumble for main roster debut: Royal Rumble 2026 highlights,https://www.youtube.com/watch?v=IT2hCF8u5-I,WWE,https://www.youtube.com/channel/UCJ5v_MCY6GNUBTO8-D3XoAg,2026-02-21T13:43:12.615Z,119.0,102.509,102.509
Oba Femi's TOUGHEST opponent yet!,https://www.youtube.com/watch?v=uot9MDKQMMs,WWE NXT,https://www.youtube.com/channel/UC9YHZGzVhgZJRhqYOoBQ_zA,2026-02-21T13:42:42.124Z,18.0,30.491,18.0
Oba Femi explains why training all over is important 💪,https://www.youtube.com/watch?v=aO1y3nmhSpA,Celtic Warrior Workouts,https://www.youtube.com/channel/UCVUqLmcJLM0UGU3gGLfStoQ,2026-02-21T13:41:15.102Z,24.0,87.022,24.0
Kit Wilson Shares His Inner Shakespeare To Oba Femi | WWE SmackDown Highlight 2/06/26 | WWE on USA,https://www.youtube.com/watch?v=mn4_7Qud1Zs,WWE on USA,https://www.youtube.com/channel/UCSy3TvvwAV12MD0rLsHyClQ,2026-02-21T13:35:47.281Z,446.0,327.821,327.821
DIY Compact Greenhouse,https://www.youtube.com/watch?v=qgQxIA47qRY,Luke Moore,https://www.youtube.com/channel/UCfK4jAPvJEgOPDiTPCXRDDQ,2026-02-21T13:34:06.538Z,60.0,100.743,60.0
The Secret to Healthy Citrus in Containers Revealed!,https://www.youtube.com/watch?v=4B4e3h_iqDQ,armstronggarden,https://www.youtube.com/channel/UCBLQMgd11xvk1OvOY_lmFCQ,2026-02-21T13:32:13.913Z,83.0,112.625,83.0
DIY Potting Soil recipe using the Mel's Mix !,https://www.youtube.com/watch?v=aJPnuLFURxo,From The Garden,https://www.youtube.com/channel/UCpfhh5MMc9RWRPPTQ_7bBBQ,2026-02-21T13:23:46.215Z,35.0,507.698,35.0
"❄️ 눈 내리는 겨울, 그냥 틀어놓기 좋은 팝송 | 마음 편안해지는 카페음악",https://www.youtube.com/watch?v=9Zw6iN0uRqU,Soul Cafe,https://www.youtube.com/channel/UCVccRmiLPePBoImWKXdIaAQ,2026-02-21T13:23:24.236Z,6582.0,21.979,21.979
"Tiffany Stratton defeats Alba Fyre: SmackDown highlights, Feb. 20, 2026",https://www.youtube.com/watch?v=dtU-oCkfVbM,WWE,https://www.youtube.com/channel/UCJ5v_MCY6GNUBTO8-D3XoAg,2026-02-21T12:33:35.336Z,196.0,2988.9,196.0
how to build a raised garden bed / garden box,https://www.youtube.com/watch?v=A60Do0drF88,Libby,https://www.youtube.com/channel/UChIcLHt_Cm48ziG1z-d12vg,2026-02-21T12:32:41.190Z,60.0,54.146,54.146
How to grow LOTS of peppers 🌶️,https://www.youtube.com/watch?v=o5-NRfqEmxY,Pepper Geek,https://www.youtube.com/channel/UC_j_zg_vC9TS5rVXnbiL_1g,2026-02-21T12:31:21.381Z,60.0,79.809,60.0
Stephanie Vaquer teaches Sheamus how to dance Salsa 💃😂,https://www.youtube.com/watch?v=MC8yXnDesVM,Celtic Warrior Workouts,https://www.youtube.com/channel/UCVUqLmcJLM0UGU3gGLfStoQ,2026-02-21T12:16:41.233Z,54.0,880.148,54.0
Where to find cheap soil for your garden #garden #soil #homegrown #vegetablegarden #floridagarden,https://www.youtube.com/watch?v=VMrPUWy4IxU,Jerra's Garden,https://www.youtube.com/channel/UChN-Ea0KaTVErD4I8iTBtMA,2026-02-21T12:15:09.835Z,33.0,91.398,33.0
"Which Potting Soil Is Best? Fox Farms, Pro Mix, Espoma, and Nectar For The Gods | Collection 2",https://www.youtube.com/watch?v=uRzxcRyXR_Q,SoiLab,https://www.youtube.com/channel/UC8mk8y2USQ5uGyZop8yvHFg,2026-02-21T12:11:19.640Z,507.0,230.195,230.195
Is everything ok with these two????,https://www.youtube.com/watch?v=bxxD4_9o5iw,WWE,https://www.youtube.com/channel/UCJ5v_MCY6GNUBTO8-D3XoAg,2026-02-21T12:11:06.896Z,106.0,12.744,12.744
It's Tiffy Time! | WWE SmackDown Highlight 2/06/26 | WWE on USA,https://www.youtube.com/watch?v=y7YShfCF7YQ,WWE on USA,https://www.youtube.com/channel/UCSy3TvvwAV12MD0rLsHyClQ,2026-02-21T12:05:52.027Z,528.0,314.869,314.869
RHIYO Goals! | WWE SmackDown Highlight 2/20/26 | WWE on USA,https://www.youtube.com/watch?v=OBGoF9t7tQQ,WWE on USA,https://www.youtube.com/channel/UCSy3TvvwAV12MD0rLsHyClQ,2026-02-21T12:04:48.052Z,424.0,63.975,63.975
Predicting The WRESTLEMANIA 42 Match Card (Way Too Early),https://www.youtube.com/watch?v=OJaJWVlckzI,MrSantiZap,https://www.youtube.com/channel/UC60Z18qxfHNBdI-c_dE6z1Q,2026-02-21T11:31:53.418Z,1805.0,1974.634,1805.0
GEN vs BFX | 2026 LCK CUP Playoffs,https://www.youtube.com/watch?v=2XZDaPp3ecM,LCK Global,https://www.youtube.com/channel/UCKVlixycWmapnGQ_wht4cHQ,2026-02-21T11:13:14.634Z,15521.0,1118.784,1118.784
12 Veggies You Can Start In September RIGHT NOW!!,https://www.youtube.com/watch?v=vnLdJc7N14o,Epic Gardening,https://www.youtube.com/channel/UCSbyncU597LMwb3HhnAI_4w,2026-02-21T11:07:02.351Z,1107.0,372.283,372.283
PREDICTING WHO WILL DETHRONE EVERY CURRENT WWE CHAMPION,https://www.youtube.com/watch?v=lj-8S2364Hg,MrSantiZap,https://www.youtube.com/channel/UC60Z18qxfHNBdI-c_dE6z1Q,2026-02-21T10:31:57.880Z,2097.0,2104.471,2097.0
"FULL MATCH: Randy Orton vs. Aleister Black: SmackDown highlights, Feb. 20, 2026",https://www.youtube.com/watch?v=skCn95XXbLA,WWE,https://www.youtube.com/channel/UCJ5v_MCY6GNUBTO8-D3XoAg,2026-02-21T10:17:45.091Z,845.0,852.789,845.0
11 Crops You'd Be Silly Not To Plant in June!,https://www.youtube.com/watch?v=iV0xj2QFGdk,Epic Gardening,https://www.youtube.com/channel/UCSbyncU597LMwb3HhnAI_4w,2026-02-21T10:02:49.116Z,1341.0,895.975,895.975
"11 Crops To Grow In September, No Matter Where You Live",https://www.youtube.com/watch?v=6Rex8aal4Vw,Epic Gardening,https://www.youtube.com/channel/UCSbyncU597LMwb3HhnAI_4w,2026-02-21T09:37:40.789Z,1505.0,1508.327,1505.0
9 Crops You'd be Foolish Not to Plant in March!,https://www.youtube.com/watch?v=549zqueskD4,Epic Gardening,https://www.youtube.com/channel/UCSbyncU597LMwb3HhnAI_4w,2026-02-21T09:16:33.123Z,1265.0,1267.666,1265.0
"Rhea Ripley and IYO SKY repel an attack by The Irresistible Forces: SmackDown, Feb. 20, 2026",https://www.youtube.com/watch?v=hG9HMljy_Aw,WWE,https://www.youtube.com/channel/UCJ5v_MCY6GNUBTO8-D3XoAg,2026-02-21T09:13:09.726Z,200.0,203.397,200.0
"Michin is coming for Jade Cargill’s WWE Women’s Title: SmackDown highlights, Feb. 20, 2026",https://www.youtube.com/watch?v=0DhwINH-pFc,WWE,https://www.youtube.com/channel/UCJ5v_MCY6GNUBTO8-D3XoAg,2026-02-21T08:58:16.552Z,60.0,893.174,60.0
"Cody Rhodes: “The only thing in Sami Zayn’s way is Sami Zayn”: SmackDown highlights, Feb. 20, 2026",https://www.youtube.com/watch?v=pz1C-qkV-Xk,WWE,https://www.youtube.com/channel/UCJ5v_MCY6GNUBTO8-D3XoAg,2026-02-21T08:54:43.384Z,222.0,213.168,213.168
Who Will Be At The Chamber?| WWE SmackDown Highlight 2/20/26 | WWE on USA,https://www.youtube.com/watch?v=Vue72k-LWag,WWE on USA,https://www.youtube.com/channel/UCSy3TvvwAV12MD0rLsHyClQ,2026-02-21T08:49:59.396Z,586.0,283.988,283.988
Whoop That WHAT?!? | WWE SmackDown Highlight 2/06/26 | WWE on USA,https://www.youtube.com/watch?v=jTbVgW2M4Bc,WWE on USA,https://www.youtube.com/channel/UCSy3TvvwAV12MD0rLsHyClQ,2026-02-21T08:20:58.320Z,619.0,1741.076,619.0
The 12 Best Crops to Plant in May ASAP!,https://www.youtube.com/watch?v=M6ahP0Sh1ak,Epic Gardening,https://www.youtube.com/channel/UCSbyncU597LMwb3HhnAI_4w,2026-02-21T03:15:10.450Z,1538.0,18347.87,1538.0
13 Crops You'd Be INSANE Not To Plant in May,https://www.youtube.com/watch?v=JAcRXyXt_y8,Epic Gardening,https://www.youtube.com/channel/UCSbyncU597LMwb3HhnAI_4w,2026-02-21T02:49:20.792Z,1542.0,1549.658,1542.0
Who Will Be At The Chamber?| WWE SmackDown Highlight 2/20/26 | WWE on USA,https://www.youtube.com/watch?v=Vue72k-LWag,WWE on USA,https://www.youtube.com/channel/UCSy3TvvwAV12MD0rLsHyClQ,2026-02-21T02:39:26.764Z,586.0,594.028,586.0
Jade Cargill Informs The WWE Universe Who's The Champ | WWE SmackDown Highlight 2/20/26 | WWE on USA,https://www.youtube.com/watch?v=RnC1d5M3zbk,WWE on USA,https://www.youtube.com/channel/UCSy3TvvwAV12MD0rLsHyClQ,2026-02-21T02:34:25.718Z,276.0,301.046,276.0
One Dragon & All MFT | WWE SmackDown Highlight 2/20/26 | WWE on USA,https://www.youtube.com/watch?v=C0DmaP0CKJc,WWE on USA,https://www.youtube.com/channel/UCSy3TvvwAV12MD0rLsHyClQ,2026-02-21T02:24:39.103Z,571.0,586.615,571.0
What Will Be Jacob Fatu's Fate? | WWE SmackDown Highlight 2/20/26 | WWE on USA,https://www.youtube.com/watch?v=DqWhhRvRB78,WWE on USA,https://www.youtube.com/channel/UCSy3TvvwAV12MD0rLsHyClQ,2026-02-21T02:14:30.391Z,600.0,608.712,600.0
Peat Vs Coco Peat + How to Make A SIMPLE DIY Potting Mix,https://www.youtube.com/watch?v=zMa1fX55P8M,MIgardener,https://www.youtube.com/channel/UCVGVbOl6F5rGF4wSYS6Y5yQ,2026-02-21T01:40:10.626Z,1184.0,2059.765,1184.0
The SCAM Bagged Soil Companies Don't Want You To Know,https://www.youtube.com/watch?v=ftEw2GfElZM,MIgardener,https://www.youtube.com/channel/UCVGVbOl6F5rGF4wSYS6Y5yQ,2026-02-21T01:29:44.763Z,622.0,625.863,622.0
We Tested 14 Different Potting Soils...Here's What We Learned,https://www.youtube.com/watch?v=o-iIvfD47Aw,Epic Gardening,https://www.youtube.com/channel/UCSbyncU597LMwb3HhnAI_4w,2026-02-21T01:06:53.161Z,1195.0,1371.602,1195.0
12 Crops You'd Be Crazy Not To Start in April,https://www.youtube.com/watch?v=TRBpHUTRePs,Epic Gardening,https://www.youtube.com/channel/UCSbyncU597LMwb3HhnAI_4w,2026-02-21T00:19:09.423Z,1607.0,2863.738,1607.0
Grow These 7 Perennial Crops for Endless Harvests!,https://www.youtube.com/watch?v=00_wlJEGVkI,Epic Gardening,https://www.youtube.com/channel/UCSbyncU597LMwb3HhnAI_4w,2026-02-20T23:46:38.454Z,919.0,1950.969,919.0
"15 Perfect Veggies To Grow In Shady Gardens, No Matter Where You Live",https://www.youtube.com/watch?v=DeEWwvuBdfE,Epic Gardening,https://www.youtube.com/channel/UCSbyncU597LMwb3HhnAI_4w,2026-02-20T23:35:29.890Z,755.0,668.564,668.564
LCS Lock In | TLAW vs DSG | Lower Bracket Quarterfinals,https://www.youtube.com/watch?v=JLHVZnP-Nts,LCS,https://www.youtube.com/channel/UCSF_aFGIIIoWY30GVV19TKA,2026-02-20T22:58:52.078Z,13559.0,2197.812,2197.812
"How to Grow Cucumbers in a 5 gallon Container, DIY Trellis/ Container Garden Series #3 🥒👩🏻‍🌾🥒",https://www.youtube.com/watch?v=69b6wHQwWzE,CaliKim29 Garden & Home DIY,https://www.youtube.com/channel/UCARXOI1UlItgIevoI5jZViQ,2026-02-20T22:41:59.192Z,721.0,1012.886,721.0
Growing Lemons & Limes in Containers 🍋🪴,https://www.youtube.com/watch?v=y0pHxvv8KQU,"Earth, Nails & Tails - Backyard Homesteading",https://www.youtube.com/channel/UC06Sp_OSUnbg-5ly28nASsw,2026-02-20T22:41:16.175Z,59.0,43.017,43.017
Stephanie Vaquer just DRAGGED Liv Morgan 💀 #WWERaw,https://www.youtube.com/watch?v=06neMovFArc,WWE,https://www.youtube.com/channel/UCJ5v_MCY6GNUBTO8-D3XoAg,2026-02-20T22:41:08.657Z,68.0,7.518,7.518
AJ Styles’ farewell tour: WWE Vlog,https://www.youtube.com/watch?v=_FdIbsCeV0w,WWE,https://www.youtube.com/channel/UCJ5v_MCY6GNUBTO8-D3XoAg,2026-02-20T22:24:06.937Z,1322.0,1021.72,1021.72
Sol Ruca's workout is full of things Sheamus has never seen before 💀,https://www.youtube.com/watch?v=EzCifaqiqfQ,Celtic Warrior Workouts,https://www.youtube.com/channel/UCVUqLmcJLM0UGU3gGLfStoQ,2026-02-20T22:05:54.418Z,45.0,1092.519,45.0
the DISRESPECT the WWE keeps showingBig Jim is CRAZY though💯👀🤦🏻‍♂️ #wrestlemania,https://www.youtube.com/watch?v=UE-f7toUTB4,Eamon Condon,https://www.youtube.com/channel/UC45vonztk3TXBLBvI1ZP_cg,2026-02-20T22:05:28.099Z,35.0,26.319,26.319
NIKKI BELLA AND LOLA VICE SHOWING CHELSEA GREEN HOW IT'S DONE 😮‍💨 #WWEEvolution,https://www.youtube.com/watch?v=Ew6eVQz7PPo,WWE,https://www.youtube.com/channel/UCJ5v_MCY6GNUBTO8-D3XoAg,2026-02-20T22:04:46.957Z,42.0,41.142,41.142
My Passion Fruit in a Pot Has Survived 4+ Years. How To &  Why,https://www.youtube.com/watch?v=PKwwOZI3I6Q,My Aussie Garden & Kitchen,https://www.youtube.com/channel/UCHU5GQ0Zmk3USXZ8xfgMfsQ,2026-02-20T21:45:00.545Z,924.0,1186.412,924.0
✅learning new moba✅,https://www.youtube.com/watch?v=l45TZzbtVA0,Doublelift,https://www.youtube.com/channel/UCrPCP1oaOr0AEs2JdxzfOFA,2026-02-20T21:40:21.246Z,15775.0,279.299,279.299
Grow Your Own Blackberries,https://www.youtube.com/watch?v=NwavwEuEXa4,Vego Garden Academy,https://www.youtube.com/channel/UCeCz3WwOl-a2zL3xGcxN5Xg,2026-02-20T21:40:03.632Z,10.0,17.614,10.0
What Happens When You Bury Old Logs In A Raised Bed?,https://www.youtube.com/watch?v=52HIvqRsdfo,Epic Gardening,https://www.youtube.com/channel/UCSbyncU597LMwb3HhnAI_4w,2026-02-20T21:11:24.554Z,635.0,1719.078,635.0
Growing Passion Fruit In Containers,https://www.youtube.com/watch?v=Bu9MgSmUWhQ,Kellogg Garden,https://www.youtube.com/channel/UCXShqHvoHmxb0vgo3JnkEoA,2026-02-20T20:41:03.025Z,520.0,1821.529,520.0
I buried my pumpkin to make it grow faster,https://www.youtube.com/watch?v=sSuq4YS0Z5Q,Epic Gardening,https://www.youtube.com/channel/UCSbyncU597LMwb3HhnAI_4w,2026-02-20T20:40:46.058Z,37.0,16.967,16.967
Passion Fruit LIVE ONLY 3-5 YEARS? |  Learn how to save your most successful vines-- FOREVER!,https://www.youtube.com/watch?v=VWJCfnfHqJE,IV Organic,https://www.youtube.com/channel/UCZyWLF4jkoxNx4eptYxpCiQ,2026-02-20T20:13:54.093Z,1268.0,1611.965,1268.0
"Growing Pomegranates, the Fruit Of The Gods",https://www.youtube.com/watch?v=jTgS4YTHbNY,Epic Gardening,https://www.youtube.com/channel/UCSbyncU597LMwb3HhnAI_4w,2026-02-20T19:15:28.678Z,690.0,3505.415,690.0
"Lilikoi Lovers! Planting, Care & Harvesting Tips for Growing Our FAVORITE Crop: Passion Fruit",https://www.youtube.com/watch?v=aSYyox-oY98,San Diego Seed Company,https://www.youtube.com/channel/UCGqxIibBsFn_ifI088HYs1g,2026-02-20T19:01:03.076Z,857.0,865.602,857.0
How to plant and grow Passion Fruit in a container. Avoiding suckers in my garden. Tips on growing.,https://www.youtube.com/watch?v=5n_9Xr9-nIc,My Aussie Garden & Kitchen,https://www.youtube.com/channel/UCHU5GQ0Zmk3USXZ8xfgMfsQ,2026-02-20T18:59:36.806Z,750.0,86.27,86.27
The Death of Spotify,https://www.youtube.com/watch?v=QqGiwj8u6S8,Levi Hildebrand,https://www.youtube.com/channel/UC-OJ-24roEfQ_-PCnLJSckg,2026-02-20T18:39:17.890Z,1170.0,1218.916,1170.0
Why Is There NO HYPE For WrestleMania 42? - Wrestling is Cool! Podcast,https://www.youtube.com/watch?v=ScyKyYeE97s,MrSantiZap,https://www.youtube.com/channel/UC60Z18qxfHNBdI-c_dE6z1Q,2026-02-20T18:35:49.940Z,7897.0,207.95,207.95
❄️ 눈 내린 숲속 카페 | 깊고 잔잔한 감성 팝송 플리 | 눈 오는 날 듣기 좋은 노래 🎶,https://www.youtube.com/watch?v=BHbh7taBzT0,Soul Cafe,https://www.youtube.com/channel/UCVccRmiLPePBoImWKXdIaAQ,2026-02-20T17:42:11.813Z,5808.0,3218.127,3218.127
"❄️ 눈 내리는 겨울, 그냥 틀어놓기 좋은 팝송 | ✨️기분좋아지는 겨울 플레이리스트",https://www.youtube.com/watch?v=CQciFgEbb1A,Soul Cafe,https://www.youtube.com/channel/UCVccRmiLPePBoImWKXdIaAQ,2026-02-20T14:33:55.211Z,5612.0,11296.602,5612.0
"❄️ 눈 내린 도시, 그냥 틀어놓기 좋은 팝송 | 카페에서 듣기 좋은 노래",https://www.youtube.com/watch?v=m42DTGEvGfU,Soul Cafe,https://www.youtube.com/channel/UCVccRmiLPePBoImWKXdIaAQ,2026-02-20T12:42:39.138Z,6136.0,6676.073,6136.0
"🌼 햇살좋은 봄날, 그냥 틀어놓기 좋은 팝송 | 봄에 듣기좋은 노래",https://www.youtube.com/watch?v=KllPUSoMcDA,Soul Cafe,https://www.youtube.com/channel/UCVccRmiLPePBoImWKXdIaAQ,2026-02-20T10:02:55.730Z,6060.0,9583.408,6060.0
5 Steps Toward a More Grateful Life,https://www.youtube.com/watch?v=4BJDk2J40Lc,Dr. Arthur Brooks,https://www.youtube.com/channel/UCGuyFRjJQFGCKzfHTBvWM6A,2026-02-20T09:15:58.937Z,2494.0,2816.793,2494.0
SOL RUCA IS THE NEW #WWENXT WOMEN'S NORTH AMERICAN CHAMPION!!! 🙌🙌 #StandandDeliver,https://www.youtube.com/watch?v=TqCJTfuksY0,WWE,https://www.youtube.com/channel/UCJ5v_MCY6GNUBTO8-D3XoAg,2026-02-20T09:15:37.698Z,31.0,21.239,21.239
✅NEW PATCH TODAY✅ADCmogging and clipmaxxing all over magecels (high cortisol players)✅,https://www.youtube.com/watch?v=0rCnsE8E3mo,Doublelift,https://www.youtube.com/channel/UCrPCP1oaOr0AEs2JdxzfOFA,2026-02-20T02:06:51.923Z,24496.0,25725.775,24496.0
240421 Wheein concert in Taipei - Shhh 二安 앵앵콜,https://www.youtube.com/watch?v=_nlbVXehiAs,M&B,https://www.youtube.com/channel/UCtRJdxlLF87d5yECCUbQo6Q,2026-02-20T02:04:24.521Z,164.0,147.402,147.402
"[4K] 240225 WHEE IN THE MOOD [BEYOND] 휘인 콘서트 In the mood, 쉿…(Shhh…), 파스텔, Here I Am 직캠 WHEEIN FANCAM",https://www.youtube.com/watch?v=wsCQ7GOphd4,MODERATO,https://www.youtube.com/channel/UCT5Y6pgIFGI-LmU4XUUW-7g,2026-02-20T02:02:53.005Z,876.0,91.516,91.516
240225 WHEE IN THE MOOD [BEYOND] 휘인콘서트  쉿... (Shhh...) 가로직캠,https://www.youtube.com/watch?v=YSl0Sfv6vgI,WHEEING,https://www.youtube.com/channel/UCHrp5QjMp2fHj8_5Zffkmlw,2026-02-20T01:55:44.244Z,164.0,428.761,164.0
[4K] Wheein - SHH - WHEE IN THE MOOD [BEYOND] in Manila,https://www.youtube.com/watch?v=les0FZKTIao,doubltrbl,https://www.youtube.com/channel/UCkyH7Szl1wZj5253pDyBoZQ,2026-02-20T01:52:01.101Z,171.0,223.143,171.0
4K] 240224 WHEE IN THE MOOD [BEYOND] 휘인 솔로 콘서트 - SHH 직캠,https://www.youtube.com/watch?v=Km_IahW9Tgw,메모리즈(Memories),https://www.youtube.com/channel/UC-ow7CuOYpf9RKUVAfeR1DA,2026-02-20T01:50:15.328Z,158.0,105.773,105.773
[4K] 240225 휘인 Whee In WORLD TOUR [BEYOND] - Seoul ' Shhh ' 휘인 직캠 WHEEIN focus,https://www.youtube.com/watch?v=XQt-CyO2nPM,Soar With Wheein,https://www.youtube.com/channel/UC_e_UebxOXmPUUlh5aouczQ,2026-02-20T01:49:54.201Z,151.0,21.127,21.127
4K] 240720 WHEE IN THE MOOD [BEYOND] ENCORE 휘인 콘서트 SHH - 직캠,https://www.youtube.com/watch?v=0nj9WI9Elyc,메모리즈(Memories),https://www.youtube.com/channel/UC-ow7CuOYpf9RKUVAfeR1DA,2026-02-20T01:49:46.581Z,164.0,7.62,7.62
WHEEIN - Shh | WHEE IN THE MOOD [BEYOND] in Tilburg | 14.05.2024,https://www.youtube.com/watch?v=RTOD_ZPIJ78,리사Liza,https://www.youtube.com/channel/UCLLkB7sg_HDeyRKEEpEJoJQ,2026-02-20T01:47:48.118Z,157.0,118.463,118.463
Wheein literally said SHHH 🤫to MooMoos 😂,https://www.youtube.com/watch?v=3QKQwM8ccPk,ARMY_Allie_MOO_reactions,https://www.youtube.com/channel/UCgIe_E8YJrlEUaHMz-7W2Ig,2026-02-20T01:47:14.029Z,8.0,34.089,8.0
"FULL EPISODE: WWE Main Event: Feb. 19, 2026",https://www.youtube.com/watch?v=PkZpCJ6xhkQ,WWE,https://www.youtube.com/channel/UCJ5v_MCY6GNUBTO8-D3XoAg,2026-02-20T01:29:49.420Z,1841.0,1044.609,1044.609
"How to grow blackberries, from transplant to harvest!",https://www.youtube.com/watch?v=Ta6V4jmoX40,From The Garden,https://www.youtube.com/channel/UCpfhh5MMc9RWRPPTQ_7bBBQ,2026-02-20T01:20:56.224Z,610.0,533.196,533.196
Game Changing Tip to Grow SUPERNATURAL Blackberries!,https://www.youtube.com/watch?v=Py387Rh2Wn8,MIgardener,https://www.youtube.com/channel/UCVGVbOl6F5rGF4wSYS6Y5yQ,2026-02-20T01:11:37.701Z,550.0,558.523,550.0
"How to Grow Raspberries, Blueberries, and Blackberries in Containers",https://www.youtube.com/watch?v=po4cHn4lmw0,Epic Gardening,https://www.youtube.com/channel/UCSbyncU597LMwb3HhnAI_4w,2026-02-20T01:00:25.007Z,1109.0,672.694,672.694
Watch This Before You Start Seeds,https://www.youtube.com/watch?v=KnxIIaQJMcA,Epic Gardening,https://www.youtube.com/channel/UCSbyncU597LMwb3HhnAI_4w,2026-02-20T00:45:05.077Z,1009.0,919.93,919.93
Grow The Most Incredible BLACKBERRIES In 5 Easy Steps!,https://www.youtube.com/watch?v=5okjUJjkbNY,The Millennial Gardener,https://www.youtube.com/channel/UCAXUwGU47XVY-0lH9qhUr1Q,2026-02-19T23:49:12.851Z,1439.0,3352.226,1439.0
Watch This Before You Plant a Fig Tree In Ground,https://www.youtube.com/watch?v=O1TVKg2lt9c,ReSprout,https://www.youtube.com/channel/UCd9ITcyID2MERVxfuryPTsA,2026-02-19T23:42:52.582Z,906.0,380.269,380.269
How to Prune Fig Trees for BIG Harvests,https://www.youtube.com/watch?v=HL0w4G9CsrQ,Epic Gardening,https://www.youtube.com/channel/UCSbyncU597LMwb3HhnAI_4w,2026-02-19T23:42:44.134Z,748.0,8.448,8.448
Planting a Fig Tree 101,https://www.youtube.com/watch?v=SQHfXdsN83U,Epic Gardening,https://www.youtube.com/channel/UCSbyncU597LMwb3HhnAI_4w,2026-02-19T23:42:39.178Z,416.0,4.956,4.956
5 Tips How To Grow a Ton of Passionfruit From ONE Passion Fruit!,https://www.youtube.com/watch?v=AJ-GqrSRcyY,Self Sufficient Me,https://www.youtube.com/channel/UCJZTjBlrnDHYmf0F-eYXA3Q,2026-02-19T23:33:51.646Z,839.0,527.532,527.532
Passion Fruit: The Expensive Fruit That's EASY To Grow,https://www.youtube.com/watch?v=jAVW6t-VUv4,Epic Gardening,https://www.youtube.com/channel/UCSbyncU597LMwb3HhnAI_4w,2026-02-19T23:23:43.400Z,593.0,608.246,593.0
Three things to know about PASSSION Fruit,https://www.youtube.com/watch?v=zVnA3ZQ2Ydg,Jacques in the Garden,https://www.youtube.com/channel/UC2UruAEdaagf4JdtnMP-LrQ,2026-02-19T23:23:22.025Z,38.0,21.375,21.375
Unlimited Passion Fruit Hack! #passionfruit,https://www.youtube.com/watch?v=dTiXS0goe1A,Andrew Grows,https://www.youtube.com/channel/UCKDhClQOBexu2-D-yH9bghw,2026-02-19T23:22:39.887Z,34.0,42.138,34.0
Complete Financial Accounting Course - 11-Hour Full Tutorial for Beginners,https://www.youtube.com/watch?v=eyXKvOrDoqw,Tony Bell,https://www.youtube.com/channel/UCNFClg6mzfZ5ixpuH9c7f1A,2026-02-19T22:42:51.662Z,39601.0,2388.225,2388.225
Spark,https://www.youtube.com/watch?v=eOgKmXz3bJg,Whee In - Topic,https://www.youtube.com/channel/UCMflrLE9ZY8rmSuMP2nu9hw,2026-02-19T22:20:46.731Z,201.0,1324.931,201.0
In The Mood,https://www.youtube.com/watch?v=s5kWgbIL4sw,Whee In - Topic,https://www.youtube.com/channel/UCMflrLE9ZY8rmSuMP2nu9hw,2026-02-19T22:17:57.355Z,169.0,169.376,169.0
coco water,https://www.youtube.com/watch?v=KZAhMkT38ko,Whee In - Topic,https://www.youtube.com/channel/UCMflrLE9ZY8rmSuMP2nu9hw,2026-02-19T22:15:17.857Z,159.0,159.498,159.0
Bite Me (feat. HAON),https://www.youtube.com/watch?v=26GA1KGjEeI,Whee In - Topic,https://www.youtube.com/channel/UCMflrLE9ZY8rmSuMP2nu9hw,2026-02-19T22:09:58.887Z,141.0,318.97,141.0
Aaron Rodgers to the Arizona Cardinals?! This Would Be a TOTAL Franchise Disaster 🚨🏈,https://www.youtube.com/watch?v=J-zlXlTWof4,PHNX Sports,https://www.youtube.com/channel/UCKaPEqS_Mc6eGNNBQN1QgQw,2026-02-19T21:54:24.635Z,1822.0,934.252,934.252
The impact of sugar | 60 Minutes Archive,https://www.youtube.com/watch?v=HWiPHozN6F0,60 Minutes,https://www.youtube.com/channel/UCsN32BtMd0IoByjJRNF12cw,2026-02-19T21:53:31.996Z,823.0,52.639,52.639
Quit social media | Dr. Cal Newport | TEDxTysons,https://www.youtube.com/watch?v=3E7hkPZ-HTk,TEDx Talks,https://www.youtube.com/channel/UCsT0YIqwnpJCM-mx7-gSA4Q,2026-02-19T21:23:02.259Z,831.0,1829.737,831.0
I quit social media–here’s what happened | Gabriela Nguyen | TEDxManhattanBeach,https://www.youtube.com/watch?v=tslzTC3nt_0,TEDx Talks,https://www.youtube.com/channel/UCsT0YIqwnpJCM-mx7-gSA4Q,2026-02-19T21:08:28.879Z,853.0,873.38,853.0
How To Live A Successful Life - Robert Greene,https://www.youtube.com/watch?v=v0XYzA8Rews,Haunting Success,https://www.youtube.com/channel/UCIohSnLtMlTv4Q_Zlz6LH1w,2026-02-19T21:02:36.121Z,1269.0,352.758,352.758
Simple Phrases to INSTANTLY Silence Disrespect | Jefferson Fisher,https://www.youtube.com/watch?v=XgEkwwRZHqE,Jefferson Fisher,https://www.youtube.com/channel/UCXjnpu6lK0HoUyOMh2ZBwhQ,2026-02-19T20:54:31.846Z,5710.0,484.275,484.275
Why Learning Is Quietly Getting Harder,https://www.youtube.com/watch?v=vBftJEuppKM,Justin Sung,https://www.youtube.com/channel/UC2Zs9v2hL2qZZ7vsAENsg4w,2026-02-19T20:46:16.565Z,1153.0,495.281,495.281
10 WAYS TO FIX WWE IN 2026,https://www.youtube.com/watch?v=_KGammrlcWg,MrSantiZap,https://www.youtube.com/channel/UC60Z18qxfHNBdI-c_dE6z1Q,2026-02-19T20:31:16.470Z,1746.0,900.095,900.095
"🌸 햇살 가득한 날, 하루종일 틀어두기 좋은 팝송 | 카페에서 듣기좋은 노래",https://www.youtube.com/watch?v=L5H7B-ee6to,Soul Cafe,https://www.youtube.com/channel/UCVccRmiLPePBoImWKXdIaAQ,2026-02-19T18:58:30.826Z,6034.0,5565.644,5565.644
If Loving You Is All I Ever Do -  Love Song (Lyrics) 😚,https://www.youtube.com/watch?v=oeZJ52RSM1A,Music Melody ,https://www.youtube.com/channel/UCEvk8DObeiLDXSoEHRoNz0w,2026-02-19T18:57:19.789Z,225.0,71.037,71.037
Fall Into You | Romantic Song | Free Time Song I Love You,https://www.youtube.com/watch?v=3aXgJVyy39E,Free Time Song,https://www.youtube.com/channel/UCE4ato5OByIjGvTc-raXH0w,2026-02-19T18:53:33.305Z,227.0,226.484,226.484
Do You Feel It Too?  | Romantic Acoustic Pop Love Confession,https://www.youtube.com/watch?v=NEihuRT6_Rk,Dazzling Tunes,https://www.youtube.com/channel/UCaCUKO9qtoa2n6T6rzvchXg,2026-02-19T18:45:35.729Z,214.0,477.576,214.0
Romantic 💋 Music| You Are My Everything By Alan Music| Love ❤️ Song ( Official Music Video ❣️),https://www.youtube.com/watch?v=x30Zg1vxaes,Z Splash,https://www.youtube.com/channel/UCmUQy0tIQx_ZbQDq1RkGRqA,2026-02-19T18:15:23.260Z,371.0,1812.469,371.0
The Way You Love Me Back❤️ English song lyrics 💋 sweet romantic love song,https://www.youtube.com/watch?v=DjDQywK23fU,Pinoy vibes,https://www.youtube.com/channel/UCw9BzBPonhrkwgBFuatLIAQ,2026-02-19T18:11:33.170Z,230.0,230.09,230.0
Good Vibes Music ☀️ The perfect music to be productive,https://www.youtube.com/watch?v=Q4LZ9A76nYo,Chill Life Music,https://www.youtube.com/channel/UC66vK9AWatFDU4dkQV--B4A,2026-02-19T18:01:50.987Z,582.0,582.183,582.0
How to Stop Caring What Others Think,https://www.youtube.com/watch?v=J9eZ4nkhW_k,Dr. Arthur Brooks,https://www.youtube.com/channel/UCGuyFRjJQFGCKzfHTBvWM6A,2026-02-19T16:46:26.952Z,2587.0,4524.035,2587.0
Stop Wasting Your Time: The Scientific Way to Stop Procrastination and Get Control of Your Day,https://www.youtube.com/watch?v=ccY2DaPEB9s,Mel Robbins,https://www.youtube.com/channel/UCk2U-Oqn7RXf-ydPqfSxG5g,2026-02-19T14:30:21.485Z,4900.0,8165.467,4900.0
[검색어를 입력하세요 WWW OST Part 5] 마마무 (MAMAMOO) - WOW MV,https://www.youtube.com/watch?v=gO0r10FMMCA,Stone Music Entertainment,https://www.youtube.com/channel/UC_pwIXKXNm5KGhdEVzmY60A,2026-02-19T14:04:10.927Z,199.0,1570.558,199.0
[ROM/KAN/ENG] Mamamoo - You Don't Know Me (Japan Debut Single),https://www.youtube.com/watch?v=fpsyB3NAFSc,jellu,https://www.youtube.com/channel/UCqEtZnIdrpudEtAPWWAaPEA,2026-02-19T14:00:01.085Z,222.0,249.842,222.0
【日本語字幕/歌詞】MAMAMOO(ママム)-Sleep Talk,https://www.youtube.com/watch?v=vWOEo35Vrtk,おてむ。,https://www.youtube.com/channel/UC9t08OMl7to3X6n-Xp8YsPA,2026-02-19T13:56:51.934Z,189.0,189.151,189.0
【日本語字幕/歌詞/Rom Lyrics】MAMAMOO(ママム) - Shampoo,https://www.youtube.com/watch?v=cN97amyDzRs,おてむ。,https://www.youtube.com/channel/UC9t08OMl7to3X6n-Xp8YsPA,2026-02-19T13:53:35.714Z,196.0,196.22,196.0
[Special] 마마무(MAMAMOO) - 고고베베(gogobebe) Performance Video,https://www.youtube.com/watch?v=-iYg2atmA9w,MAMAMOO,https://www.youtube.com/channel/UCuhAUMLzJxlP1W7mEk0_6lA,2026-02-19T13:50:03.616Z,212.0,212.098,212.0
MAMAMOO (마마무) – BETTER THAN I THOUGHT (생각보단 괜찮아) (Color Coded Lyrics Eng/Rom/Han/가사),https://www.youtube.com/watch?v=90nAPoNj47k,nakojjang,https://www.youtube.com/channel/UC8kMkeSU6S_CkrOpmZkQdmg,2026-02-19T13:46:42.248Z,201.0,201.368,201.0
[휘인] 'TRASH (Feat. pH-1)' Performance Video,https://www.youtube.com/watch?v=cnnaBrj_Ses,MAMAMOO,https://www.youtube.com/channel/UCuhAUMLzJxlP1W7mEk0_6lA,2026-02-19T13:43:50.306Z,172.0,171.942,171.942
Dua Lipa -  Physical (feat. Hwa Sa) (Official Audio),https://www.youtube.com/watch?v=MWdwW3K1vGg,Dua Lipa,https://www.youtube.com/channel/UC-J-KZfRV8c13fOCkhXdLiQ,2026-02-19T13:40:36.137Z,194.0,194.169,194.0
WHEEIN - 'OHOO' (오후) Lyrics [Color Coded_Han_Rom_Eng],https://www.youtube.com/watch?v=IxR-z79dTZU,Zaty Farhani,https://www.youtube.com/channel/UCdV79O72wNg4Trqsc_934TQ,2026-02-19T13:31:14.871Z,218.0,561.266,218.0
HIP (Remix ver.) (HIP (Remix ver.)),https://www.youtube.com/watch?v=6ELC2wiaACw,MAMAMOO - Topic,https://www.youtube.com/channel/UCC_x7uhz40eyVag5DQnWj-g,2026-02-19T13:24:17.091Z,270.0,417.78,270.0
[MV] 마마무 (MAMAMOO) - 하늘 땅 바다만큼 (mumumumuch),https://www.youtube.com/watch?v=ajxfoVrXdKw,MAMAMOO,https://www.youtube.com/channel/UCuhAUMLzJxlP1W7mEk0_6lA,2026-02-19T13:19:20.826Z,213.0,296.265,213.0
High Tension (춤을 춰 (High Tension)),https://www.youtube.com/watch?v=xwIJp1kD-aQ,MAMAMOO - Topic,https://www.youtube.com/channel/UCC_x7uhz40eyVag5DQnWj-g,2026-02-19T13:16:02.221Z,199.0,198.605,198.605
[MV] MAMAMOO(마마무) _ woo hoo(기대해도 좋은 날),https://www.youtube.com/watch?v=_eCJOj4NLlg,1theK (원더케이),https://www.youtube.com/channel/UCweOkPb1wVVH0Q0Tlj4a5Pw,2026-02-19T13:08:42.843Z,261.0,439.378,261.0
[Special] 휘인 (Whee In) - Butterfly (Feat. GSoul),https://www.youtube.com/watch?v=jHTXC_FdVis,MAMAMOO,https://www.youtube.com/channel/UCuhAUMLzJxlP1W7mEk0_6lA,2026-02-19T13:05:13.733Z,209.0,209.11,209.0
Better (Better),https://www.youtube.com/watch?v=WT1muV2e7_8,MAMAMOO - Topic,https://www.youtube.com/channel/UCC_x7uhz40eyVag5DQnWj-g,2026-02-19T13:01:57.092Z,197.0,196.641,196.641
[MV] 마마무 (MAMAMOO) - ILLELLA (일낼라),https://www.youtube.com/watch?v=Vz508O9NNTg,MAMAMOO,https://www.youtube.com/channel/UCuhAUMLzJxlP1W7mEk0_6lA,2026-02-19T12:58:28.087Z,209.0,209.005,209.0
Rainy Season (장마 (Rainy Season)),https://www.youtube.com/watch?v=FWYui82-OvE,MAMAMOO - Topic,https://www.youtube.com/channel/UCC_x7uhz40eyVag5DQnWj-g,2026-02-19T12:51:28.227Z,223.0,419.86,223.0
[Special] Candy (Cover by 휘인),https://www.youtube.com/watch?v=toMi0n2pFo0,MAMAMOO,https://www.youtube.com/channel/UCuhAUMLzJxlP1W7mEk0_6lA,2026-02-19T12:47:37.086Z,231.0,231.141,231.0
"☀️ 새해의 겨울 골목, 그냥 틀어놓기 좋은 팝송 | Feel-good Playlist",https://www.youtube.com/watch?v=fkFpBOp7wkE,Soul Cafe,https://www.youtube.com/channel/UCVccRmiLPePBoImWKXdIaAQ,2026-02-19T11:46:28.590Z,6795.0,3668.496,3668.496
7 Things I Did To Stop Wasting My Evenings After Work,https://www.youtube.com/watch?v=qS-qrv8LlkM,Justin Sung,https://www.youtube.com/channel/UC2Zs9v2hL2qZZ7vsAENsg4w,2026-02-19T10:31:06.089Z,1500.0,4522.501,1500.0
LEARN ACCOUNTING in Under 5 Hours!,https://www.youtube.com/watch?v=gPBhGkBN30s,Accounting Stuff,https://www.youtube.com/channel/UCYJLdSmyKoXCbnd-pklMn5Q,2026-02-19T10:17:19.743Z,17459.0,826.346,826.346
How to Live Your Life Like a Start-up with Codie Sanchez,https://www.youtube.com/watch?v=FDMHkMGz5so,Dr. Arthur Brooks,https://www.youtube.com/channel/UCGuyFRjJQFGCKzfHTBvWM6A,2026-02-19T09:34:04.275Z,4412.0,2595.468,2595.468
How Foods & Nutrients Control Our Moods | Huberman Lab Essentials,https://www.youtube.com/watch?v=Q4qWzbP0q7I,Andrew Huberman,https://www.youtube.com/channel/UC2D2CMWXMOVWx7giW1n3LIg,2026-02-19T09:15:13.661Z,1954.0,1130.614,1130.614
Start Seeds With Me! 2021 Spring Planting,https://www.youtube.com/watch?v=SDAsr94VVxI,Epic Gardening,https://www.youtube.com/channel/UCSbyncU597LMwb3HhnAI_4w,2026-02-19T01:29:12.630Z,5714.0,27961.031,5714.0
8 Crops You'd Be WILD Not To Plant in June!,https://www.youtube.com/watch?v=r8Y6Gs3c4N8,Epic Gardening,https://www.youtube.com/channel/UCSbyncU597LMwb3HhnAI_4w,2026-02-19T01:08:37.290Z,1235.0,1235.34,1235.0
19 Crops to Plant in September ASAP!,https://www.youtube.com/watch?v=npMOiJibzC4,Epic Gardening,https://www.youtube.com/channel/UCSbyncU597LMwb3HhnAI_4w,2026-02-19T00:37:46.132Z,1851.0,1851.158,1851.0
The 5 Dumbest Mistakes Gardeners Make Planting Seeds,https://www.youtube.com/watch?v=jrt1sor_L28,Anne of All Trades,https://www.youtube.com/channel/UCCkFJmUgzrZdkeHl_qPItsA,2026-02-19T00:15:43.916Z,1322.0,1322.216,1322.0
Pruning Pepper Plants - How To Prune Peppers For Bigger Harvests - Pepper Geek,https://www.youtube.com/watch?v=uPKFbFvg6pw,Pepper Geek,https://www.youtube.com/channel/UC_j_zg_vC9TS5rVXnbiL_1g,2026-02-19T00:08:18.549Z,320.0,445.367,320.0
Prune Chilli Plants For A Higher Yield,https://www.youtube.com/watch?v=Doi-mzkQRCI,Back Garden - Reggie A,https://www.youtube.com/channel/UCOapoAGshVbSk4lNSSR651g,2026-02-19T00:08:07.867Z,220.0,10.682,10.682
Garden tips 15 - Prune young chilli plant to get tons of chilli #chilli #gardeningtips #pruning,https://www.youtube.com/watch?v=d1Ik8D3Xizw,Gardening for better living,https://www.youtube.com/channel/UCtP5MoCGxLoLsMxAii62yqw,2026-02-19T00:07:37.643Z,12.0,30.224,12.0
"Do Not Thin Seedlings, DO This Instead!",https://www.youtube.com/watch?v=2mRIuq-r_xc,Daisy Creek Farms with Jag Singh,https://www.youtube.com/channel/UCmXX3ZM81X9SIufsHqvAkrg,2026-02-19T00:06:24.206Z,33.0,73.437,33.0
Tips Growing Ginger in Cold Climate From Planting to Harvest #gardeningtips #containergardening,https://www.youtube.com/watch?v=kiHpXAxEIqw,Gingerfoot Garden,https://www.youtube.com/channel/UCNPO54ifxi4ql625GYP1r7g,2026-02-19T00:01:52.311Z,61.0,271.895,61.0
2026 LEC Versus - Upper Bracket Round 1,https://www.youtube.com/watch?v=X2jVAmQKvWc,LEC,https://www.youtube.com/channel/UCWWZjhmokTbezUQr1kbbEYQ,2026-02-18T23:47:29.499Z,16140.0,862.812,862.812
Zootopia 2 | Booth To Screen Cameos,https://www.youtube.com/watch?v=Y8ItxZDgwF8,Walt Disney Animation Studios,https://www.youtube.com/channel/UC_976xMxPgzIa290Hqtk-9g,2026-02-18T23:46:28.999Z,56.0,60.5,56.0
Sol Ruca Says Oba Femi Claims He Can Do A Sol Snatcher #wwe #obafemi #solruca,https://www.youtube.com/watch?v=L8GxraBGY0k,Fightful Wrestling With Sean Ross Sapp,https://www.youtube.com/channel/UCS7fkAtgKoJAgoujvNrWIIA,2026-02-18T23:44:18.364Z,156.0,130.635,130.635
Je’Von Evans is just out here living his best life 🙌,https://www.youtube.com/watch?v=OTqg2eXEVHg,WWE,https://www.youtube.com/channel/UCJ5v_MCY6GNUBTO8-D3XoAg,2026-02-18T23:42:51.172Z,37.0,87.192,37.0
A special AJ Styles Tribute comes on Raw next Monday,https://www.youtube.com/watch?v=fbkt6Aig2zc,WWE,https://www.youtube.com/channel/UCJ5v_MCY6GNUBTO8-D3XoAg,2026-02-18T23:41:11.033Z,102.0,100.139,100.139
"Je’Von Evans qualifies for the Elimination Chamber: Raw highlights, Feb. 16, 2026",https://www.youtube.com/watch?v=H7ZXholJn5Y,WWE,https://www.youtube.com/channel/UCJ5v_MCY6GNUBTO8-D3XoAg,2026-02-18T23:38:06.972Z,210.0,184.061,184.061
"Ricky Saints throws out a challenge for Joe Hendry and the NXT Title: NXT highlights, Feb. 17, 2026",https://www.youtube.com/watch?v=sTNBhMboAtk,WWE,https://www.youtube.com/channel/UCJ5v_MCY6GNUBTO8-D3XoAg,2026-02-18T23:36:04.029Z,191.0,122.943,122.943
"Stephanie Vaquer makes Liv Morgan cry: Raw highlights, Feb. 16, 2026",https://www.youtube.com/watch?v=QluL1M97B4Q,WWE,https://www.youtube.com/channel/UCJ5v_MCY6GNUBTO8-D3XoAg,2026-02-18T23:31:20.530Z,185.0,283.499,185.0
WHAT'S IN THE ELIMINATION CHAMBER MYSTERY BOX? (WWE Reddit),https://www.youtube.com/watch?v=JtGZP0HEfCo,MrSantiZap,https://www.youtube.com/channel/UC60Z18qxfHNBdI-c_dE6z1Q,2026-02-18T23:08:34.010Z,1553.0,1366.52,1366.52
7 Easy Ways to Compost Kitchen Scraps in Your Garden! 🌱,https://www.youtube.com/watch?v=hOg2llGNpuE,Epic Gardening,https://www.youtube.com/channel/UCSbyncU597LMwb3HhnAI_4w,2026-02-18T22:59:43.750Z,601.0,530.26,530.26
"I Broke the Rules and Planted 35 Different Edible Perennials in a Small Garden, Here's What Happened",https://www.youtube.com/watch?v=4--Porr54oo,The Gardening Channel With James Prigioni,https://www.youtube.com/channel/UC9V_-gqJsZNOy4v_HqbRz3w,2026-02-18T22:59:29.867Z,1235.0,13.883,13.883
Most Overrated Plants to Grow According To Subscribers,https://www.youtube.com/watch?v=C5EvOrg28oI,Epic Gardening,https://www.youtube.com/channel/UCSbyncU597LMwb3HhnAI_4w,2026-02-18T22:34:55.073Z,711.0,1474.794,711.0
Don't Bother Growing These 9 Crops,https://www.youtube.com/watch?v=3Q_zME49rNY,Epic Gardening,https://www.youtube.com/channel/UCSbyncU597LMwb3HhnAI_4w,2026-02-18T22:19:09.508Z,680.0,945.565,680.0
VIT vs MKOI | 2026 LEC Versus Playoffs - Upper Round 1 - Game 2 | Team Vitality vs Movistar KOI,https://www.youtube.com/watch?v=DsNKkcDURyM,LEC,https://www.youtube.com/channel/UCWWZjhmokTbezUQr1kbbEYQ,2026-02-18T22:05:54.934Z,2497.0,794.574,794.574
"Full NXT highlights: Feb. 17, 2026",https://www.youtube.com/watch?v=AY6rApj0Kfw,WWE,https://www.youtube.com/channel/UCJ5v_MCY6GNUBTO8-D3XoAg,2026-02-18T21:57:20.199Z,515.0,514.735,514.735
Brain Rot Emergency: These Internal Documents Prove They’re Controlling You!,https://www.youtube.com/watch?v=EScgrk7oEwU,The Diary Of A CEO,https://www.youtube.com/channel/UCGq-a57w-aPwyi3pW7XLiHw,2026-02-18T21:56:29.009Z,8325.0,51.19,51.19
Monday Night #WWERaw or Friday Night #SmackDown… Oba Femi has an important choice to make.,https://www.youtube.com/watch?v=ZQS_3M7aCZI,WWE,https://www.youtube.com/channel/UCJ5v_MCY6GNUBTO8-D3XoAg,2026-02-18T21:55:37.403Z,51.0,51.606,51.0
Caedrel Reviews The Chronobreak In LEC Playoffs (MKOI VS VIT),https://www.youtube.com/watch?v=tBdclX_bCxY,Caedrel Clips,https://www.youtube.com/channel/UCU9Vd2lRheyB374OjW7iVJg,2026-02-18T21:55:10.450Z,727.0,26.953,26.953
Professional Gardeners React To Subscriber Garden Fails,https://www.youtube.com/watch?v=FcWvDHj097E,Epic Gardening,https://www.youtube.com/channel/UCSbyncU597LMwb3HhnAI_4w,2026-02-18T21:29:23.411Z,1425.0,1547.039,1425.0
Surprising Plants Our Subscribers HATE Growing!,https://www.youtube.com/watch?v=AfaMfAeWq4o,Epic Gardening,https://www.youtube.com/channel/UCSbyncU597LMwb3HhnAI_4w,2026-02-18T21:16:20.736Z,782.0,782.675,782.0
"Buy Now, Pay Later is Out of Control",https://www.youtube.com/watch?v=bBW7K3KEycA,Cara Nicole,https://www.youtube.com/channel/UCm5iBOcQ0GET_2FqFI61QDA,2026-02-18T21:01:00.336Z,920.0,920.4,920.0
Finn Balor WILL Defeat CM Punk At Elimination Chamber (Wrestling Hot Takes),https://www.youtube.com/watch?v=EUVFcE1wyl8,MrSantiZap,https://www.youtube.com/channel/UC60Z18qxfHNBdI-c_dE6z1Q,2026-02-18T20:41:08.005Z,2253.0,1192.331,1192.331
"Opening $1,000 WWE Shop Mystery Box (ft. @BDE)",https://www.youtube.com/watch?v=KW61Y7H5NQg,MrSantiZap,https://www.youtube.com/channel/UC60Z18qxfHNBdI-c_dE6z1Q,2026-02-18T20:39:30.610Z,1183.0,97.395,97.395
Start a Lazy Garden From Scratch | NEVER Weed/Water Again!,https://www.youtube.com/watch?v=hfBSgHgcSc4,Anne of All Trades,https://www.youtube.com/channel/UCCkFJmUgzrZdkeHl_qPItsA,2026-02-18T20:33:00.290Z,2236.0,390.32,390.32
"❄️ 겨울 공기 가득한 거리, 그냥 틀어놓기 좋은 팝송 | ☃️ 눈오는 날 듣기좋은 노래 ",https://www.youtube.com/watch?v=0C1CZ2WfBmw,Soul Cafe,https://www.youtube.com/channel/UCVccRmiLPePBoImWKXdIaAQ,2026-02-18T17:03:36.068Z,6738.0,12564.222,6738.0
"☕️ 요즘 같은 날, 그냥 틀어놓기 좋은 팝송 | ✨️기분 좋아지는 겨울 플레이리스트 ",https://www.youtube.com/watch?v=T8mQ_YIBbi4,Soul Cafe,https://www.youtube.com/channel/UCVccRmiLPePBoImWKXdIaAQ,2026-02-18T14:09:55.424Z,6877.0,10420.644,6877.0
"Raised Bed Gardens for Beginners - Planning, Soil Mix, and Planting Guide",https://www.youtube.com/watch?v=j5vdLac1fW8,Epic Gardening,https://www.youtube.com/channel/UCSbyncU597LMwb3HhnAI_4w,2026-02-18T14:02:52.693Z,928.0,422.731,422.731
"How to Fill, Fertilize, Plant, AND Mulch a Raised Bed from START to FINISH",https://www.youtube.com/watch?v=SuF_ICy0JOE,Epic Gardening,https://www.youtube.com/channel/UCSbyncU597LMwb3HhnAI_4w,2026-02-18T12:44:33.805Z,1082.0,4698.888,1082.0
"🌿 기찻길 옆 한옥 카페, 하루종일 틀어두기 좋은 팝송 | 카페음악, 매장음악",https://www.youtube.com/watch?v=Qj9TmI8PAsM,Soul Cafe,https://www.youtube.com/channel/UCVccRmiLPePBoImWKXdIaAQ,2026-02-18T12:30:38.631Z,6053.0,835.174,835.174
The Lazy Gardener’s Guide to Plant Shopping Like a Pro,https://www.youtube.com/watch?v=ePuYaG4mJv8,Anne of All Trades,https://www.youtube.com/channel/UCCkFJmUgzrZdkeHl_qPItsA,2026-02-18T09:34:50.845Z,2540.0,10547.786,2540.0
Square Foot Gardening: Easiest Way to Grow MORE Food in LESS Space,https://www.youtube.com/watch?v=YPOXnS39Ufg,Epic Gardening,https://www.youtube.com/channel/UCSbyncU597LMwb3HhnAI_4w,2026-02-18T01:24:23.639Z,1678.0,29427.206,1678.0
Potted Fruit Trees Are a Ripoff.,https://www.youtube.com/watch?v=l5EBlpXgEpY,Anne of All Trades,https://www.youtube.com/channel/UCCkFJmUgzrZdkeHl_qPItsA,2026-02-18T00:37:31.184Z,1170.0,2812.455,1170.0
"Single Wire Grape Trellis Dimensions, Setup and Tips for Muscadines",https://www.youtube.com/watch?v=m5TGIoFiEmk,David The Good,https://www.youtube.com/channel/UC208478ECji1rdkDDbB0vHQ,2026-02-18T00:30:46.416Z,496.0,404.768,404.768
Gardeners React to YOUR Ridiculous Gardening Fails 💀,https://www.youtube.com/watch?v=Xn1iBUJm53g,Epic Gardening,https://www.youtube.com/channel/UCSbyncU597LMwb3HhnAI_4w,2026-02-18T00:30:06.609Z,1142.0,39.807,39.807
You'll Regret Installing Drip Irrigation Without Knowing This,https://www.youtube.com/watch?v=1n3vM_BWG-8,"Earth, Nails & Tails - Backyard Homesteading",https://www.youtube.com/channel/UC06Sp_OSUnbg-5ly28nASsw,2026-02-18T00:18:04.182Z,1101.0,722.427,722.427
8 Powerful Steps to Grow Endless Strawberries at Home,https://www.youtube.com/watch?v=YpagRqlI-Qs,Daily Plant Life,https://www.youtube.com/channel/UCfnXBZFdiSNyyqmfkx3-57A,2026-02-18T00:16:24.574Z,821.0,99.608,99.608
Chill Lofi Beats Mix [chill lo-fi hip hop beats/Study & Relax Music] Vol. 99,https://www.youtube.com/watch?v=aD2M-KXtQUA,Art Is Sound,https://www.youtube.com/channel/UCl2qLIrrC5hc5LBf2oJYZpQ,2026-02-18T00:16:08.885Z,3731.0,15.689,15.689
Cheap and easy way to fill a raised garden bed! #gardening #gardeningtips,https://www.youtube.com/watch?v=WwfxDnFXGnA,Artisan Anja,https://www.youtube.com/channel/UCNLJlblZZjINFpVsg_MZsEA,2026-02-18T00:12:35.180Z,41.0,213.705,41.0
Sorry Becky but it looks like AJ has claimed that Women's IC Title for herself now 🤷‍♀️,https://www.youtube.com/watch?v=X87y7iX0Vsg,WWE,https://www.youtube.com/channel/UCJ5v_MCY6GNUBTO8-D3XoAg,2026-02-18T00:12:19.274Z,34.0,15.906,15.906
Aphrodite,https://www.youtube.com/watch?v=VrbpUfmzPhM,Whee In - Topic,https://www.youtube.com/channel/UCMflrLE9ZY8rmSuMP2nu9hw,2026-02-17T23:41:34.480Z,159.0,1844.794,159.0
Butterfly (Feat. GSoul) (Butterfly (Feat. GSoul)),https://www.youtube.com/watch?v=9FiU8qPigvU,Whee In - Topic,https://www.youtube.com/channel/UCMflrLE9ZY8rmSuMP2nu9hw,2026-02-17T23:38:04.996Z,209.0,209.484,209.0
Spark,https://www.youtube.com/watch?v=eOgKmXz3bJg,Whee In - Topic,https://www.youtube.com/channel/UCMflrLE9ZY8rmSuMP2nu9hw,2026-02-17T23:34:44.114Z,201.0,200.882,200.882
In The Mood,https://www.youtube.com/watch?v=s5kWgbIL4sw,Whee In - Topic,https://www.youtube.com/channel/UCMflrLE9ZY8rmSuMP2nu9hw,2026-02-17T23:31:54.591Z,169.0,169.523,169.0
coco water,https://www.youtube.com/watch?v=KZAhMkT38ko,Whee In - Topic,https://www.youtube.com/channel/UCMflrLE9ZY8rmSuMP2nu9hw,2026-02-17T22:52:31.228Z,159.0,2363.363,159.0
Bite Me (feat. HAON),https://www.youtube.com/watch?v=26GA1KGjEeI,Whee In - Topic,https://www.youtube.com/channel/UCMflrLE9ZY8rmSuMP2nu9hw,2026-02-17T22:50:09.958Z,141.0,141.27,141.0
Japanese RnB  “眠れない夜。エモいR&B Chill Playlist”  邦楽 ドライブ work study,https://www.youtube.com/watch?v=the19ZPPyD0,Nekonoma,https://www.youtube.com/channel/UCUAAnReY1hY1Gd2-cRHjTpQ,2026-02-17T22:36:56.101Z,4306.0,793.857,793.857
The masked assailant attacks after The Vision defeat The Usos & LA Knight: Raw highlights,https://www.youtube.com/watch?v=6JlBjByrrBk,WWE,https://www.youtube.com/channel/UCJ5v_MCY6GNUBTO8-D3XoAg,2026-02-17T22:00:46.680Z,168.0,2169.421,168.0
"Maxxine Dupri unleashes a sneak attack on Nattie: Raw highlights, Feb. 16, 2026",https://www.youtube.com/watch?v=aT7yGvFEiyk,WWE,https://www.youtube.com/channel/UCJ5v_MCY6GNUBTO8-D3XoAg,2026-02-17T21:57:32.427Z,53.0,194.253,53.0
Best of Finn Bálor: Full Match Marathon,https://www.youtube.com/watch?v=O2HAO_sOxDs,WWE,https://www.youtube.com/channel/UCJ5v_MCY6GNUBTO8-D3XoAg,2026-02-17T21:57:01.577Z,770394.0,30.85,30.85
"Top 10 Raw moments: WWE Top 10, Feb. 16, 2026",https://www.youtube.com/watch?v=efMse8pt7Gc,WWE,https://www.youtube.com/channel/UCJ5v_MCY6GNUBTO8-D3XoAg,2026-02-17T21:56:56.933Z,596.0,4.644,4.644
Brain Rot Emergency: These Internal Documents Prove They’re Controlling You!,https://www.youtube.com/watch?v=EScgrk7oEwU,The Diary Of A CEO,https://www.youtube.com/channel/UCGq-a57w-aPwyi3pW7XLiHw,2026-02-17T21:14:33.435Z,8325.0,2543.498,2543.498
Pomegranate Growing Tips | Only Video You Need To Watch!,https://www.youtube.com/watch?v=NvC3e4UWyqs,QCTropicals,https://www.youtube.com/channel/UC6_7Bcl8y0ctqFvP2oEhNxw,2026-02-17T21:01:36.931Z,770.0,776.504,770.0
How to Build An Arched Trellis for 30 Dollars | Vertical Gardening,https://www.youtube.com/watch?v=wXOX1nzCnaQ,Roots and Refuge Farm,https://www.youtube.com/channel/UCTZN3HhejW1tOiRdLGUCGGA,2026-02-17T21:00:48.671Z,732.0,48.26,48.26
Hong Kong $100 Street Food Challenge!! We Finally Did It!!,https://www.youtube.com/watch?v=7OZyRM3PMG4,More Best Ever Food Review Show,https://www.youtube.com/channel/UCXw1ddyrUmib3zmCmvSI1ow,2026-02-17T21:00:05.125Z,901.0,43.546,43.546
The 3 Signs You’re Being Gaslit (And What to Do About It),https://www.youtube.com/watch?v=2C8MWCY31ZQ,Jefferson Fisher,https://www.youtube.com/channel/UCXjnpu6lK0HoUyOMh2ZBwhQ,2026-02-17T20:59:40.005Z,1230.0,25.12,25.12
ACCOUNTING BASICS: Debits and Credits Explained,https://www.youtube.com/watch?v=VhwZ9t2b3Zk,Accounting Stuff,https://www.youtube.com/channel/UCYJLdSmyKoXCbnd-pklMn5Q,2026-02-17T20:59:12.085Z,344.0,27.92,27.92
"Full Raw highlights: Feb. 16, 2026",https://www.youtube.com/watch?v=b0bbc7-yKd8,WWE,https://www.youtube.com/channel/UCJ5v_MCY6GNUBTO8-D3XoAg,2026-02-17T20:41:04.661Z,844.0,1087.424,844.0
LEARN ACCOUNTING in Under 5 Hours!,https://www.youtube.com/watch?v=gPBhGkBN30s,Accounting Stuff,https://www.youtube.com/channel/UCYJLdSmyKoXCbnd-pklMn5Q,2026-02-17T18:49:21.669Z,17459.0,6702.992,6702.992
"☕️ 추운 겨울, 그냥 틀어 놓기 좋은 팝송 |✨️기분 좋아지는 겨울 플레이리스트 |  카페음악 ",https://www.youtube.com/watch?v=zHZIrshwdOI,Soul Cafe,https://www.youtube.com/channel/UCVccRmiLPePBoImWKXdIaAQ,2026-02-17T16:57:58.630Z,6832.0,6683.039,6683.039
Cafe Playlist ☕가을 감성 가득한 카페에서 듣기 좋은 음악 🎶🍂,https://www.youtube.com/watch?v=StQadSlzKlc,cherry music,https://www.youtube.com/channel/UCbGe5jill2XY05_TGvtKiPQ,2026-02-17T13:45:04.898Z,13469.0,11573.732,11573.732
Cozy Morning Jazz Cabin for Positive Energy | Gentle Lakeside Jazz Background Music for Work,https://www.youtube.com/watch?v=A74rg_aavMc,Tranquil Jazz Indoor,https://www.youtube.com/channel/UCp1MGMbNdcfJqUkIpnETJew,2026-02-17T10:24:27.470Z,12734.0,12037.428,12037.428
"Coffee and Unwind ☕✨ – Lofi / Indie Folk / Acoustic beats to Relax, Study, Work [Cosy Cafe]",https://www.youtube.com/watch?v=RLKmQvu6fKg,Coffee Chill Repeat,https://www.youtube.com/channel/UC01flKtIWsYY_pdbNTZnpdA,2026-02-17T09:55:18.278Z,5439.0,1749.192,1749.192
"Maximize Productivity, Physical & Mental Health With Daily Tools | Huberman Lab Essentials",https://www.youtube.com/watch?v=Pmd6knanPKw,Andrew Huberman,https://www.youtube.com/channel/UC2D2CMWXMOVWx7giW1n3LIg,2026-02-17T09:16:06.932Z,1913.0,2351.346,1913.0
How to Grow From Doing Hard Things | Michael Easter,https://www.youtube.com/watch?v=SsKkZTjUJEk,Andrew Huberman,https://www.youtube.com/channel/UC2D2CMWXMOVWx7giW1n3LIg,2026-02-17T02:26:11.918Z,11141.0,24595.014,11141.0
One Year Garden and Homestead Update!,https://www.youtube.com/watch?v=4CN_OOK-670,Epic Gardening,https://www.youtube.com/channel/UCSbyncU597LMwb3HhnAI_4w,2026-02-17T01:48:41.609Z,2250.0,2250.309,2250.0
Grow These 29 Perennial Crops for Endless Harvests,https://www.youtube.com/watch?v=6pyxfHm3Zec,Epic Gardening,https://www.youtube.com/channel/UCSbyncU597LMwb3HhnAI_4w,2026-02-17T01:20:34.396Z,1675.0,1687.213,1675.0
Over 50 lemons on one tree — while other trees are still establishing,https://www.youtube.com/watch?v=nEedZL3MJuM,Roots & Rabbits Homestead ,https://www.youtube.com/channel/UCqE4H7ukosZJ5h4v8kcQNuw,2026-02-17T01:18:18.515Z,87.0,135.881,87.0
Don't Buy Individual Strawberry Plants!,https://www.youtube.com/watch?v=ORTk0x725O0,The Garden is Growing with Joshua Meekins,https://www.youtube.com/channel/UC64HqdCV1rCAZo_whMNtDxQ,2026-02-17T01:14:56.952Z,58.0,201.563,58.0
what I spent last week as a frugal 29 year old 🤑,https://www.youtube.com/watch?v=KViCH7H4kKA,Cara Nicole,https://www.youtube.com/channel/UCm5iBOcQ0GET_2FqFI61QDA,2026-02-17T01:14:42.071Z,171.0,14.881,14.881
"1 Small Bed, 6 Different Crops (Square Foot Growing)",https://www.youtube.com/watch?v=r6Rx7E5fDEA,envii,https://www.youtube.com/channel/UCu3zYd38uXOeXuzQXmDkw4Q,2026-02-17T01:14:33.064Z,20.0,9.007,9.007
Flight Attendant Flew To LA JUST For a Haircut,https://www.youtube.com/watch?v=TEGdk9Ey44k,Caleb Hammer,https://www.youtube.com/channel/UCLe_q9axMaeTbjN0hy1Z9xA,2026-02-17T01:12:50.253Z,47.0,102.811,47.0
Never Grow Asparagus Alone In Your Garden #gardeningideas #gardeningtips #growingplants #mygarden,https://www.youtube.com/watch?v=QBIITkG9ij8,The Cottage Peach,https://www.youtube.com/channel/UC31ze3EZBiyK-zLotrT4PkA,2026-02-17T01:12:06.823Z,41.0,43.43,41.0
How to Fill a Raised Bed and Save 60%+ on Soil Costs,https://www.youtube.com/watch?v=JiJFORpbYgE,Epic Gardening,https://www.youtube.com/channel/UCSbyncU597LMwb3HhnAI_4w,2026-02-17T00:24:59.122Z,404.0,2827.701,404.0
"How to Grow Asparagus Pt. 1: Planting, Varieties, & Bed Prep",https://www.youtube.com/watch?v=k5KYGjqQ8-A,Epic Gardening,https://www.youtube.com/channel/UCSbyncU597LMwb3HhnAI_4w,2026-02-17T00:15:58.929Z,615.0,540.193,540.193
"Growing Strawberries (Part 1): Planting Bare Root Strawberries, Sun, and Soil",https://www.youtube.com/watch?v=IsoLRx_39bQ,Epic Gardening,https://www.youtube.com/channel/UCSbyncU597LMwb3HhnAI_4w,2026-02-16T23:31:46.379Z,537.0,2652.55,537.0
How to Grow Strawberries from Planting to Harvest 🍓🍓🍓🍓🍓,https://www.youtube.com/watch?v=xhR7I0ipbSM,GrowVeg,https://www.youtube.com/channel/UC9r61qohBg1qgGty4_WzojA,2026-02-16T23:24:39.789Z,440.0,426.59,426.59
How to Plant a Pomegranate Tree (5 Tips You Might Not Have Thought Of!),https://www.youtube.com/watch?v=7eiQhMg9DYw,The Fruit Grove,https://www.youtube.com/channel/UCApnBB5xokTD-YWREH1Oukg,2026-02-16T23:12:26.624Z,892.0,733.165,733.165
Complete Financial Accounting Course - 11-Hour Full Tutorial for Beginners,https://www.youtube.com/watch?v=eyXKvOrDoqw,Tony Bell,https://www.youtube.com/channel/UCNFClg6mzfZ5ixpuH9c7f1A,2026-02-16T22:55:27.303Z,39601.0,1019.321,1019.321
Cafe Playlist ☕ 카페에서 듣다 보면 시간 가는 줄 모르는 플레이리스트 🎶☕| A Cafe Playlist That Makes Time Just Disappear,https://www.youtube.com/watch?v=Z2wxS5jH-0U,cherry music,https://www.youtube.com/channel/UCbGe5jill2XY05_TGvtKiPQ,2026-02-16T21:59:49.202Z,10777.0,3338.101,3338.101
How to Make Compost at Home | Kitchen Waste Compost Update,https://www.youtube.com/watch?v=zy70DAaeFBI,V87 Garden,https://www.youtube.com/channel/UCp6RQPx3yxyOULaK4sFwcDA,2026-02-16T21:54:10.088Z,395.0,339.114,339.114
"Take It Slow ☕️ [Chill Acoustic, lofi mix] Forest Café BGM to Unwind and Breathe｜study, work, relax",https://www.youtube.com/watch?v=WjnfTmtyCx4,Gentle Lo-Fi Days,https://www.youtube.com/channel/UCJZmZHGoEIGQeWiT6fFIr9w,2026-02-16T21:53:46.775Z,3697.0,23.313,23.313
YDL #245: Về Buôn Ma Thuột khám phá văn hoá người Êđê | Yêu Máy Bay,https://www.youtube.com/watch?v=gzPj1G_9Y-E,Yêu Máy Bay,https://www.youtube.com/channel/UC6iYLWyzdYKMpnWbplhBrxg,2026-02-16T21:52:34.527Z,4368.0,72.248,72.248
Pruning All OF Fruit Trees For Easier Harvest and BETTER Flavor!,https://www.youtube.com/watch?v=irwLfH01TyI,Jacques in the Garden,https://www.youtube.com/channel/UC2UruAEdaagf4JdtnMP-LrQ,2026-02-16T21:50:52.672Z,1822.0,101.855,101.855
Financial Audit's Most Abusive Husband,https://www.youtube.com/watch?v=LWFpWevc11I,Caleb Hammer,https://www.youtube.com/channel/UCLe_q9axMaeTbjN0hy1Z9xA,2026-02-16T21:49:57.558Z,5647.0,55.114,55.114
Morning Chores FARM TOUR! | It's Feeding Time! (Fall 2023),https://www.youtube.com/watch?v=YeuwXcncdFg,Anne of All Trades,https://www.youtube.com/channel/UCCkFJmUgzrZdkeHl_qPItsA,2026-02-16T21:49:26.858Z,2173.0,30.7,30.7
What Pros Know About Pruning That Beginners Don't,https://www.youtube.com/watch?v=hsV1ScJ9W8E,Sheffield Made Plants,https://www.youtube.com/channel/UCWqlAk2AsB_g80-_wyRqZpA,2026-02-16T21:47:45.069Z,615.0,101.789,101.789
Will Rhodes Qualify For The Chamber? | WWE SmackDown Highlight 2/13/26 | WWE on USA,https://www.youtube.com/watch?v=suI2iVYpnIA,WWE on USA,https://www.youtube.com/channel/UCSy3TvvwAV12MD0rLsHyClQ,2026-02-16T21:41:10.731Z,981.0,394.338,394.338
LEARN ACCOUNTING in Under 5 Hours!,https://www.youtube.com/watch?v=gPBhGkBN30s,Accounting Stuff,https://www.youtube.com/channel/UCYJLdSmyKoXCbnd-pklMn5Q,2026-02-16T20:39:31.540Z,17459.0,3699.191,3699.191
15 Crops You Should Plant In Your 2026 Garden,https://www.youtube.com/watch?v=U3yp3NKteS0,Epic Gardening,https://www.youtube.com/channel/UCSbyncU597LMwb3HhnAI_4w,2026-02-16T20:33:32.957Z,1552.0,358.583,358.583
Cafe Playlist ☕ 이 플리 하나로 오늘의 카페 mood 완성 · 매장 · 카페 · 공부,https://www.youtube.com/watch?v=qD2zY-ky2D0,cherry music,https://www.youtube.com/channel/UCbGe5jill2XY05_TGvtKiPQ,2026-02-16T19:35:58.786Z,11221.0,3454.171,3454.171
Everything Will Be Okay - Non AI LoFi for Study & Focus,https://www.youtube.com/watch?v=OMfh8vgeSq0,Yellow Cherry Jam,https://www.youtube.com/channel/UCgVluuSHXrsVZr8iKWpy4bQ,2026-02-16T18:33:52.285Z,3743.0,3726.501,3726.501
We grew a year’s worth of garden grocery in our backyard!,https://www.youtube.com/watch?v=UWn_l-KrqA4,Planted in the Garden,https://www.youtube.com/channel/UCgaF2riY92oXA1xPnptfqOw,2026-02-16T18:33:20.239Z,60.0,32.046,32.046
Do These 11 June Garden Tasks ASAP,https://www.youtube.com/watch?v=dFjySSM7mN4,Epic Gardening,https://www.youtube.com/channel/UCSbyncU597LMwb3HhnAI_4w,2026-02-16T18:21:35.861Z,1450.0,704.378,704.378
14 Crops You'd be Foolish Not to Plant in March!,https://www.youtube.com/watch?v=eftdtoNkIKw,Epic Gardening,https://www.youtube.com/channel/UCSbyncU597LMwb3HhnAI_4w,2026-02-16T17:47:56.139Z,1796.0,2019.722,1796.0
20 Years of Gardening Knowledge in 44 Minutes,https://www.youtube.com/watch?v=mK_cFMMeW8M,Epic Gardening,https://www.youtube.com/channel/UCSbyncU597LMwb3HhnAI_4w,2026-02-16T16:56:19.241Z,2648.0,3096.898,2648.0
Cafe Playlist ☕ 편하게 듣기 좋은 카페 팝송 플레이리스트 🎶☕| A Chill Cafe Pop Playlist for Easy Listening,https://www.youtube.com/watch?v=ELd23Hll3is,cherry music,https://www.youtube.com/channel/UCbGe5jill2XY05_TGvtKiPQ,2026-02-16T14:42:16.168Z,11112.0,8043.073,8043.073
Relaxing Jazz Cafe Ambience for Stress Relief |  Gentle Jazz Piano with Nature Sounds for Work,https://www.youtube.com/watch?v=h8UHTqQGpjU,Tranquil Jazz Indoor,https://www.youtube.com/channel/UCp1MGMbNdcfJqUkIpnETJew,2026-02-16T09:50:14.895Z,12028.0,17521.273,12028.0
make coffee and listen to jazz at home,https://www.youtube.com/watch?v=LfKsiRkA7Ws,Sam and Victor,https://www.youtube.com/channel/UCfQx-K9zBExhMLfKQmXBxJg,2026-02-16T09:49:39.320Z,1797.0,35.575,35.575
"Deep Relaxation Piano Music with Bamboo Water Sounds | Stress Relief, Insomnia & Healing",https://www.youtube.com/watch?v=5p__H7xoLI0,Relax and Serenity Voice,https://www.youtube.com/channel/UCQMTXNSE1NVUoqATzR2T9Xg,2026-02-16T09:49:30.675Z,27104.0,8.645,8.645
Japanese RnB  “夜のカフェで聴きたいエモいR&B Chill Playlist”  邦楽 ドライブ work study,https://www.youtube.com/watch?v=veucGJ12HRU,Nekonoma,https://www.youtube.com/channel/UCUAAnReY1hY1Gd2-cRHjTpQ,2026-02-16T09:17:13.346Z,3710.0,1937.329,1937.329
Using Your Mind to Control Your Physical Health & Longevity | Dr. Ellen Langer,https://www.youtube.com/watch?v=QYAgf_lfio4,Andrew Huberman,https://www.youtube.com/channel/UC2D2CMWXMOVWx7giW1n3LIg,2026-02-16T03:01:34.763Z,12140.0,22538.583,12140.0
13 Garden Tasks You MUST Do In May,https://www.youtube.com/watch?v=rodENRRZB44,Epic Gardening,https://www.youtube.com/channel/UCSbyncU597LMwb3HhnAI_4w,2026-02-16T02:03:14.400Z,1688.0,3500.363,1688.0
9 Crops You Should ONLY Direct Sow (And Why),https://www.youtube.com/watch?v=a6XaZR0OfhY,Epic Gardening,https://www.youtube.com/channel/UCSbyncU597LMwb3HhnAI_4w,2026-02-16T01:47:21.665Z,953.0,952.735,952.735
"How to grow cilantro from stems, no seeds needed!",https://www.youtube.com/watch?v=SG3c-ijc2qc,Lizardboy1,https://www.youtube.com/channel/UCD7XTXW0eGcPTXYjpWMPj9Q,2026-02-16T01:46:48.464Z,143.0,33.201,33.201
How to Grow Ginger in Containers And Get a Huge Harvest,https://www.youtube.com/watch?v=-mUeNy0rweM,Epic Gardening,https://www.youtube.com/channel/UCSbyncU597LMwb3HhnAI_4w,2026-02-16T01:40:25.714Z,697.0,382.75,382.75
THIS is the best way to grow cilantro right every time! #gardening #gardentips #cilantro #herbs,https://www.youtube.com/watch?v=zGEiVWipBhk,Gardenary,https://www.youtube.com/channel/UCb4ejXsJWdO6b9l8zwkovlw,2026-02-16T01:38:07.771Z,25.0,137.943,25.0
How to grow cilantro in pots #h#growyourownfood #garden #roomtogrow #growathome,https://www.youtube.com/watch?v=R1nxSGJfybk,Homegrown Ways,https://www.youtube.com/channel/UCrGIuD-WLnLn7H80J8GSQEA,2026-02-16T01:37:45.401Z,17.0,22.37,17.0
🌿 Grow Cilantro from Grocery Store Cilantro – Easy & Fast Regrowth! 🌱✨,https://www.youtube.com/watch?v=-KH7aMOiKfQ,Your Planteego,https://www.youtube.com/channel/UCUSOOU0jYvRRwPMxdLg-10w,2026-02-16T01:37:14.818Z,39.0,30.583,30.583
Trying to propagate cilantro 🌿,https://www.youtube.com/watch?v=2QR2TfSCNlM,Melissa Knoblock,https://www.youtube.com/channel/UCyNkQjzukM3dBCRfeGo1LnA,2026-02-16T01:36:33.474Z,25.0,41.344,25.0
Coriander regrow hack from stem #gardening #vegitables #hack #gardeninghacks #gardener #pot #plant,https://www.youtube.com/watch?v=1XkuZfm1vHg,Flow & Gloww,https://www.youtube.com/channel/UCgM99IENLNa6xLPJhErrdUg,2026-02-16T01:36:15.554Z,10.0,17.92,10.0
Here’s the secret to growing way too much cilantro #gardening,https://www.youtube.com/watch?v=zokhh8jKuO0,Everyday Gardening Tips,https://www.youtube.com/channel/UCGbvut_nG3kan8nhCsH8w4Q,2026-02-16T01:35:30.987Z,34.0,44.567,34.0
How to grow cilantro at home #shorts #plantingtips,https://www.youtube.com/watch?v=S0HUOIri6qk,Ruby Garden,https://www.youtube.com/channel/UCBy_hY96Ez3XfM31Tts2oRQ,2026-02-16T01:35:04.949Z,19.0,26.038,19.0
Here’s a tip for growing cilantro! Did you know it was going to be this easy? #cilantro #gardening,https://www.youtube.com/watch?v=5lO4RjBQqtM,Mama Judy & Son,https://www.youtube.com/channel/UCfXOhIg87DiBCQLuihENTNw,2026-02-16T01:34:49.846Z,75.0,15.103,15.103
How To Make Tofu Look & Taste Like Chicken,https://www.youtube.com/watch?v=dEYVP64TjGQ,Jenn Stavropoulos,https://www.youtube.com/channel/UCpkGRjjf2gr78mKCX-K0PSQ,2026-02-16T01:34:32.715Z,653.0,17.131,17.131
How To Regrow Lettuce With Just Water!,https://www.youtube.com/watch?v=EIasiDxriWQ,Jenn Stavropoulos,https://www.youtube.com/channel/UCpkGRjjf2gr78mKCX-K0PSQ,2026-02-16T01:33:02.709Z,247.0,90.006,90.006
How To Regrow Celery From Celery,https://www.youtube.com/watch?v=TLVE0jS_ug4,The Ripe Tomato Farms,https://www.youtube.com/channel/UCGwHWxpp7vxEZ3jgsOuD0Xg,2026-02-16T01:27:39.847Z,313.0,322.862,313.0
How To Regrow Lettuce From Itself,https://www.youtube.com/watch?v=vra7ymw_5Io,The Ripe Tomato Farms,https://www.youtube.com/channel/UCGwHWxpp7vxEZ3jgsOuD0Xg,2026-02-16T01:24:03.917Z,233.0,215.93,215.93
The ONLY Way You Should Grow Lettuce #gardening #garden #gardeningtips #shorts,https://www.youtube.com/watch?v=GouLLv1S81c,MIgardener,https://www.youtube.com/channel/UCVGVbOl6F5rGF4wSYS6Y5yQ,2026-02-16T01:16:36.792Z,58.0,447.125,58.0
Lettuce Hack 🥬 #lifehack #hack #Lettuce  #gardening #food,https://www.youtube.com/watch?v=PzNvuASNl7w,small BACKYARD HOMESTEAD,https://www.youtube.com/channel/UCHgl_qDvZMOYND1hc5yUw6g,2026-02-16T01:15:31.109Z,61.0,65.683,61.0
Stop Direct Sowing Your Lettuce Seed in The Garden - Do This Instead.,https://www.youtube.com/watch?v=uOead5XcJsM,Stoney Acres Gardening,https://www.youtube.com/channel/UCSHhqtvo5MLlNQtBcZfKahg,2026-02-16T01:15:09.585Z,55.0,21.524,21.524
How to correctly harvest Lettuce so that it regrows again 🥬 #vegetables #gardening #howto,https://www.youtube.com/watch?v=3zIVR6JdnqI,The Frenchie Gardener,https://www.youtube.com/channel/UC1Y4pvtLjf6qIkGAqPnC2Ww,2026-02-16T01:12:21.451Z,45.0,168.134,45.0
Tips on regrowing a successful lettuce | What your doing wrong!,https://www.youtube.com/watch?v=G5gTMgJyEdc,Other Earthlings,https://www.youtube.com/channel/UCgMKlUaCYKKC5C9FaZ69O7w,2026-02-16T01:11:32.228Z,47.0,49.223,47.0
How to Grow Unlimited Lettuce 🥬  creative explained,https://www.youtube.com/watch?v=IubeonKFnxQ,creative explained,https://www.youtube.com/channel/UC1gUkqb3oV__jVRY53lpZrg,2026-02-16T01:10:01.700Z,35.0,90.528,35.0
How to REGROW Lettuce,https://www.youtube.com/watch?v=OeJbmG8d3j0,Senpai Kai,https://www.youtube.com/channel/UCt80koRTG61DmNCp4oybLSg,2026-02-16T01:09:28.224Z,23.0,33.476,23.0
How to regrow your lettuce from scraps,https://www.youtube.com/watch?v=PYsbxpE4tww,ATTN:,https://www.youtube.com/channel/UCX1QptigcsbBubVqtB1JK7g,2026-02-16T01:08:01.133Z,18.0,87.091,18.0
How to regrow Bok Choy! 🥬 #gardening #bokchoy #shorts,https://www.youtube.com/watch?v=HbJsk1fRnqU,Mama Judy & Son,https://www.youtube.com/channel/UCfXOhIg87DiBCQLuihENTNw,2026-02-16T01:06:26.258Z,24.0,94.875,24.0
This innovative farming method simplifies the process of growing Bok Choy. #verticalfarming #bokchoy,https://www.youtube.com/watch?v=iSowZMY0wU0,Agrotonomy,https://www.youtube.com/channel/UCF6JKjiC0wb7iHkT5O2VVaA,2026-02-16T01:06:22.085Z,43.0,4.173,4.173
Growing Bok Choy from Seed to Harvest in Containers,https://www.youtube.com/watch?v=UwBqNPlM1Ws,Life in a pot,https://www.youtube.com/channel/UC-YyebEB9Vae-GOZph5CoVw,2026-02-16T01:00:39.863Z,70.0,342.222,70.0
Growing Bok Choy from Scraps,https://www.youtube.com/watch?v=4fco64lT4s0,Optimistic Kitchen,https://www.youtube.com/channel/UCwroYlnXjNol4V88UgaLTyA,2026-02-16T00:59:09.828Z,87.0,90.035,87.0
Bok Choy  - Best Growing and Harvesting Tips | Maximum Production !!  #gardening #garden,https://www.youtube.com/watch?v=opmsG0r69L4,GreenTGarden,https://www.youtube.com/channel/UCvB7D9ojt0bIYoKaqU2H9EQ,2026-02-16T00:56:05.609Z,426.0,184.219,184.219
5 Fast Growing Veggies You Can Harvest in Under 1 Month,https://www.youtube.com/watch?v=jEt_120VEAM,Epic Gardening,https://www.youtube.com/channel/UCSbyncU597LMwb3HhnAI_4w,2026-02-16T00:51:40.170Z,666.0,265.439,265.439
"Growing Spinach, the Cold-Loving SUPER Green",https://www.youtube.com/watch?v=sICQRt-3u44,Epic Gardening,https://www.youtube.com/channel/UCSbyncU597LMwb3HhnAI_4w,2026-02-16T00:45:19.409Z,375.0,380.761,375.0
He Quit His PhD to Garden In His Backyard,https://www.youtube.com/watch?v=P0bJ6zt2FYc,Epic Gardening,https://www.youtube.com/channel/UCSbyncU597LMwb3HhnAI_4w,2026-02-16T00:35:45.794Z,871.0,573.615,573.615
BAD VS. GOOD VINEYARD SET-UPS🍇😱🍷🤩😳,https://www.youtube.com/watch?v=eJ-ojXXVNLM,Joe The Winemaker,https://www.youtube.com/channel/UC8L-jgze0rtOky0gMBGOXaw,2026-02-16T00:33:03.381Z,52.0,162.413,52.0
These 2 tips = juicy strawberry harvests,https://www.youtube.com/watch?v=J1AZwJPLur8,Epic Gardening,https://www.youtube.com/channel/UCSbyncU597LMwb3HhnAI_4w,2026-02-16T00:28:38.610Z,39.0,264.771,39.0
Anran has an Inferno Rush loop tech! #overwatch,https://www.youtube.com/watch?v=NK_9ZEi5_F8,KarQ,https://www.youtube.com/channel/UCQH4V9PiY_eLo4Ihr1tWCwQ,2026-02-16T00:28:27.789Z,49.0,10.821,10.821
How to fill a raised garden bed! #riasedgardenbed #garden #soil,https://www.youtube.com/watch?v=zPs9VRFVNew,More than Gardening,https://www.youtube.com/channel/UCF30IObktYMnBIym1e5JAvQ,2026-02-16T00:23:46.835Z,39.0,280.954,39.0
He Built This Garden from SCRATCH in a Year for ~$1000 🤯 | Touring My Assistant's Garden,https://www.youtube.com/watch?v=QiiNBtPOTH4,Epic Gardening,https://www.youtube.com/channel/UCSbyncU597LMwb3HhnAI_4w,2026-02-15T23:59:57.616Z,2224.0,1429.219,1429.219
How To Grow Strawberries From Bare Root From Start To Finish,https://www.youtube.com/watch?v=Gj-W5HCMsMs,The Millennial Gardener,https://www.youtube.com/channel/UCAXUwGU47XVY-0lH9qhUr1Q,2026-02-15T23:53:01.992Z,573.0,415.624,415.624
LCS Lock In | C9 vs FLY | Winners Bracket Quarterfinals,https://www.youtube.com/watch?v=2wzkxW9lqE8,LCS,https://www.youtube.com/channel/UCSF_aFGIIIoWY30GVV19TKA,2026-02-15T23:52:15.916Z,14746.0,46.076,46.076
She Grows 50% Of Her Groceries At Home 🏡 | Suburban Garden Tour,https://www.youtube.com/watch?v=O15KVPn36us,Epic Gardening,https://www.youtube.com/channel/UCSbyncU597LMwb3HhnAI_4w,2026-02-15T23:36:02.798Z,1389.0,973.118,973.118
"Growing Strawberries (Part 2): Pruning, Pests, and Harvesting",https://www.youtube.com/watch?v=3CEH2Y5-CbQ,Epic Gardening,https://www.youtube.com/channel/UCSbyncU597LMwb3HhnAI_4w,2026-02-15T23:09:05.158Z,762.0,1617.64,762.0
"Growing Strawberries (Part 1): Planting Bare Root Strawberries, Sun, and Soil",https://www.youtube.com/watch?v=IsoLRx_39bQ,Epic Gardening,https://www.youtube.com/channel/UCSbyncU597LMwb3HhnAI_4w,2026-02-15T22:59:31.870Z,537.0,573.288,537.0
The Secret to Huge Strawberry Harvests in Containers 🍓🪴,https://www.youtube.com/watch?v=sRUE1VUo0CA,Epic Gardening,https://www.youtube.com/channel/UCSbyncU597LMwb3HhnAI_4w,2026-02-15T22:44:34.506Z,892.0,897.364,892.0
Winter Citrus Survival Guide: How to Keep Your Trees Alive All Winter,https://www.youtube.com/watch?v=L9HF-xSj78E,The Fruit Grove,https://www.youtube.com/channel/UCApnBB5xokTD-YWREH1Oukg,2026-02-15T22:32:20.616Z,718.0,733.89,718.0
DIY Grape Arbor Archway that's ACTUALLY Easy and Inexpensive,https://www.youtube.com/watch?v=O0Iv3tcI4Uc,The Fruit Grove,https://www.youtube.com/channel/UCApnBB5xokTD-YWREH1Oukg,2026-02-15T22:31:52.680Z,760.0,27.936,27.936
"I Built an Epic Greenhouse, All From Lumber I Cut Myself! #shorts",https://www.youtube.com/watch?v=Jh5vOuMn_hg,A Family and Their Land,https://www.youtube.com/channel/UCwPiG1ZfbDf51_tZ7_Hfitg,2026-02-15T22:31:32.756Z,60.0,19.924,19.924
How to Build a Grape Vine Trellis,https://www.youtube.com/watch?v=Xh5YG67Ygzo,This Ohio Farmhouse,https://www.youtube.com/channel/UCKUxDLGF5DIez8k3U_TGSGQ,2026-02-15T22:16:00.969Z,329.0,931.787,329.0
Garden Love: DIY Grapevine Arbor | HGTV,https://www.youtube.com/watch?v=Oq1U8DmkZX0,HGTV,https://www.youtube.com/channel/UCBiuljj5uaUVHbnTAzfvutg,2026-02-15T22:14:21.979Z,76.0,98.99,76.0
Various trellis systems for different varieties of grapes,https://www.youtube.com/watch?v=gV4xMuTndyI,AGROW GROUP,https://www.youtube.com/channel/UCnqfUALFpLdLDTeXuvPvI3Q,2026-02-15T22:13:03.667Z,89.0,78.312,78.312
The Best Homestead GRAPE TRELLIS,https://www.youtube.com/watch?v=ctHZ39TzGr4,More Than Farmers,https://www.youtube.com/channel/UCKLTq5nqt06Mw7gV203fo6Q,2026-02-15T22:08:01.686Z,947.0,301.981,301.981
"How to Prune Grapes for Trellis and Arbor, Spur Prune and Cane Prune",https://www.youtube.com/watch?v=brEEWGtba9w,The Gardening Channel With James Prigioni,https://www.youtube.com/channel/UC9V_-gqJsZNOy4v_HqbRz3w,2026-02-15T22:05:37.132Z,1400.0,144.554,144.554
Arch Trellis for 2x4 Planter,https://www.youtube.com/watch?v=tbTV5IaPnR8,Gardener's Supply Products,https://www.youtube.com/channel/UC4lIlzA4r1N9M4Bj3lh7ckQ,2026-02-15T22:02:18.638Z,57.0,198.494,57.0
Affordable Vertical Gardening Trellis Ideas | A Comprehensive Guide,https://www.youtube.com/watch?v=j7iU9nrZK0w,Taylor Raine,https://www.youtube.com/channel/UCOX5l4xZH_YWmbCML1k56oA,2026-02-15T22:01:05.466Z,491.0,73.172,73.172
Best Tomato Trellis (for cheap),https://www.youtube.com/watch?v=oKpAyvBcGF8,Cask and Roots,https://www.youtube.com/channel/UCAQVwqjgICsH9gibaD69wmQ,2026-02-15T21:59:33.232Z,60.0,92.234,60.0
Before and After of Arch Trellis  #gardening #roomtogrow #urbangardening,https://www.youtube.com/watch?v=yx63wgUdIWU,Vego Garden Academy,https://www.youtube.com/channel/UCeCz3WwOl-a2zL3xGcxN5Xg,2026-02-15T21:58:55.400Z,18.0,37.832,18.0
You’ve got to check out this garden arch trellis for your yard! #trellis #garden,https://www.youtube.com/watch?v=1pSWx9sdyTc,Charleston Crafted,https://www.youtube.com/channel/UC_Uemh2ZgIP4LcAiyU24ecg,2026-02-15T21:57:59.244Z,56.0,56.156,56.0
Cattle Panel Trellis - what we like (and don't like) about ours,https://www.youtube.com/watch?v=8OOrR2rv8Bg,Well Grounded Gardens,https://www.youtube.com/channel/UCU5ioWDABxb5AMqQPdJQnzg,2026-02-15T21:53:24.079Z,404.0,275.165,275.165
DIY Arch Trellis Tutorial,https://www.youtube.com/watch?v=BUacqncRZkU,Urban Farmstead,https://www.youtube.com/channel/UCBZ3Cy7qR5oLtAoA3Eaa6RQ,2026-02-15T21:52:35.240Z,70.0,48.839,48.839
Cattle panel trellis for under $50 #gardendiy #trellis #backyardgardening #urbangardening #garden,https://www.youtube.com/watch?v=4IWKNnA18hM,Claire’s Cottage Aspirations ,https://www.youtube.com/channel/UCinpG9c7oF27d-KoOeb4TWg,2026-02-15T21:52:34.572Z,60.0,0.668,0.668
The Cattle Panel Trellis!,https://www.youtube.com/watch?v=ZGVXvIz6yhk,"Earth, Nails & Tails - Backyard Homesteading",https://www.youtube.com/channel/UC06Sp_OSUnbg-5ly28nASsw,2026-02-15T21:46:37.801Z,50.0,356.771,50.0
The Nicole Arch Trellis Is Back In Stock! #gardenary #gardentrellis #trellis,https://www.youtube.com/watch?v=t5ClgqoRuTo,Gardenary,https://www.youtube.com/channel/UCb4ejXsJWdO6b9l8zwkovlw,2026-02-15T21:44:57.064Z,15.0,100.737,15.0
9 Plants You Should ALWAYS Grow,https://www.youtube.com/watch?v=3_Wt0O9--34,Epic Gardening,https://www.youtube.com/channel/UCSbyncU597LMwb3HhnAI_4w,2026-02-15T21:30:01.560Z,800.0,895.504,800.0
Complete Financial Accounting Course - 11-Hour Full Tutorial for Beginners,https://www.youtube.com/watch?v=eyXKvOrDoqw,Tony Bell,https://www.youtube.com/channel/UCNFClg6mzfZ5ixpuH9c7f1A,2026-02-15T20:54:45.939Z,39601.0,2115.621,2115.621
7 Tips to Grow Cucumbers in Containers,https://www.youtube.com/watch?v=x_XcdL8pwJw,Epic Gardening,https://www.youtube.com/channel/UCSbyncU597LMwb3HhnAI_4w,2026-02-15T20:42:05.379Z,623.0,760.56,623.0
How To Grow Cucumbers (From Seed To Harvest) 🥒,https://www.youtube.com/watch?v=hATTga9A-7M,Epic Gardening,https://www.youtube.com/channel/UCSbyncU597LMwb3HhnAI_4w,2026-02-15T20:41:44.495Z,728.0,20.884,20.884
We Failed At Gardening...,https://www.youtube.com/watch?v=QVcWOwrz5JA,Epic Gardening,https://www.youtube.com/channel/UCSbyncU597LMwb3HhnAI_4w,2026-02-15T19:54:07.713Z,561.0,2856.782,561.0
Grow These 29 Perennial Crops for Endless Harvests,https://www.youtube.com/watch?v=6pyxfHm3Zec,Epic Gardening,https://www.youtube.com/channel/UCSbyncU597LMwb3HhnAI_4w,2026-02-15T19:53:00.613Z,1675.0,67.1,67.1
Why Smart Gardeners Plant These 12 Crops in Winter,https://www.youtube.com/watch?v=3MTeMGm1XyY,Epic Gardening,https://www.youtube.com/channel/UCSbyncU597LMwb3HhnAI_4w,2026-02-15T19:51:12.795Z,606.0,107.818,107.818
My Garden Has Never Looked Better... | FULL Spring 2022 Garden Tour,https://www.youtube.com/watch?v=MOloTVrOW0Y,Epic Gardening,https://www.youtube.com/channel/UCSbyncU597LMwb3HhnAI_4w,2026-02-15T19:26:31.906Z,2076.0,1480.889,1480.889
Science-Based Companion Planting Combinations That WORK,https://www.youtube.com/watch?v=mhr3REshTss,Epic Gardening,https://www.youtube.com/channel/UCSbyncU597LMwb3HhnAI_4w,2026-02-15T19:06:17.490Z,670.0,1214.416,670.0
How to grow your own potatoes at home 💚,https://www.youtube.com/watch?v=oaE6T-5b_ZU,The Frenchie Gardener,https://www.youtube.com/channel/UC1Y4pvtLjf6qIkGAqPnC2Ww,2026-02-15T18:18:37.483Z,46.0,2860.007,46.0
The EASIEST Way to Grow Potatoes at Home 🥔,https://www.youtube.com/watch?v=HOvkkawxmY0,How to Cultivate,https://www.youtube.com/channel/UCTRSR9S7rCmw08jDl6RVrWQ,2026-02-15T18:17:42.980Z,56.0,54.503,54.503
Potato growing underground,https://www.youtube.com/watch?v=GntTeigtVrY,Boxlapse,https://www.youtube.com/channel/UCiL9l2J57t5OG2aZ0huswZw,2026-02-15T18:16:32.399Z,28.0,70.581,28.0
What I Learned From Growing Potatoes 🥔 In Bags 🤔 #growyourown #growyourownfood #gardeningvideos,https://www.youtube.com/watch?v=bE9EliB7kTw,The Cottage Peach,https://www.youtube.com/channel/UC31ze3EZBiyK-zLotrT4PkA,2026-02-15T18:16:06.793Z,24.0,25.606,24.0
Testing two common potato growing methods,https://www.youtube.com/watch?v=Gvir4m60sBM,Epic Gardening,https://www.youtube.com/channel/UCSbyncU597LMwb3HhnAI_4w,2026-02-15T18:15:30.427Z,16.0,36.366,16.0
9 Beginner Gardening Mistakes to Avoid 😱 ❌,https://www.youtube.com/watch?v=pLQuIuokP6Q,Epic Gardening,https://www.youtube.com/channel/UCSbyncU597LMwb3HhnAI_4w,2026-02-15T18:02:37.944Z,811.0,772.483,772.483
Propagate Rosemary from Cuttings,https://www.youtube.com/watch?v=fZ1Wctlffxk,Fraser Valley Rose Farm,https://www.youtube.com/channel/UCP3Ge131YXD3IqGU-NOO1kw,2026-02-15T17:44:38.207Z,595.0,1079.737,595.0
How long does it take for your POMEGRANATE TREE to give fruit? #fruit #garden #plants,https://www.youtube.com/watch?v=q_1QrbpFNIU,Salty Acres ,https://www.youtube.com/channel/UCXdN_Je46eT22zTUJ0xqnBQ,2026-02-15T17:38:16.171Z,45.0,382.036,45.0
How to Propagate Rosemary Cuttings 🌱 Easy Step-by-Step Guide for Creating FREE Plants,https://www.youtube.com/watch?v=5V5dMcJSgRI,Lovely Greens,https://www.youtube.com/channel/UCL5rTpHIfmKzmRcp7yiKjJw,2026-02-15T17:23:45.008Z,300.0,871.163,300.0
How to grow Rosemary from cuttings,https://www.youtube.com/watch?v=-1DWXb7tt4U,Tension Free World,https://www.youtube.com/channel/UCglpL9q2RPKvzars13Kw1qA,2026-02-15T17:21:59.432Z,331.0,105.576,105.576
Maximize Your Broccoli Harvest: Strategies for Success in Zones 9 & 10,https://www.youtube.com/watch?v=I9YbpCunw-c,San Diego Seed Company,https://www.youtube.com/channel/UCGqxIibBsFn_ifI088HYs1g,2026-02-15T17:12:28.146Z,580.0,571.286,571.286
Grow These 12 Crops to Cut Your Grocery Bill 💸,https://www.youtube.com/watch?v=-ChvENNYOFo,Epic Gardening,https://www.youtube.com/channel/UCSbyncU597LMwb3HhnAI_4w,2026-02-15T16:56:48.715Z,774.0,939.431,774.0
How I Built a Sustainable Suburban Homestead in 3 Years,https://www.youtube.com/watch?v=-QwDWDHl8Zc,Epic Gardening,https://www.youtube.com/channel/UCSbyncU597LMwb3HhnAI_4w,2026-02-15T16:41:16.773Z,2057.0,931.942,931.942
How to Grow Cilantro...And Stop It From BOLTING!,https://www.youtube.com/watch?v=C4p3zsqPWkI,Epic Gardening,https://www.youtube.com/channel/UCSbyncU597LMwb3HhnAI_4w,2026-02-15T16:25:43.679Z,580.0,933.094,580.0
"From seed to harvest, this is how we grow 40 cucumber plants in 4 aeroponic towers #cucumber",https://www.youtube.com/watch?v=pxtWtDUxMFo,Agrotonomy,https://www.youtube.com/channel/UCF6JKjiC0wb7iHkT5O2VVaA,2026-02-15T16:20:19.598Z,55.0,324.081,55.0
Growing Iceberg Lettuce from Seed to Harvest in Container Garden,https://www.youtube.com/watch?v=iAlqWHnjIwE,Life in a pot,https://www.youtube.com/channel/UC-YyebEB9Vae-GOZph5CoVw,2026-02-15T16:04:22.847Z,563.0,956.751,563.0
Square Foot Gardening: Easiest Way to Grow MORE Food in LESS Space,https://www.youtube.com/watch?v=YPOXnS39Ufg,Epic Gardening,https://www.youtube.com/channel/UCSbyncU597LMwb3HhnAI_4w,2026-02-15T15:48:42.816Z,1678.0,940.031,940.031
How to Start a Backyard Orchard (COMPLETE GUIDE),https://www.youtube.com/watch?v=u4nAKRZNMUo,Epic Gardening,https://www.youtube.com/channel/UCSbyncU597LMwb3HhnAI_4w,2026-02-15T15:48:32.905Z,2167.0,9.911,9.911
"Built a new chicken coop for my chickens, but it wasn’t easy! 😩🐓 #chickencoop #raisingchickens",https://www.youtube.com/watch?v=vrDI0_cW_jM,THE NAKED GARDENER,https://www.youtube.com/channel/UCy-tM_x3EJETWlqOPRNHeaA,2026-02-15T15:47:48.673Z,60.0,44.232,44.232
How to Start Your First Garden (COMPLETE GUIDE),https://www.youtube.com/watch?v=X3SP1Fub3bw,Epic Gardening,https://www.youtube.com/channel/UCSbyncU597LMwb3HhnAI_4w,2026-02-15T15:11:37.291Z,2807.0,2171.382,2171.382
Grow These 7 Perennial Crops for Endless Harvests!,https://www.youtube.com/watch?v=00_wlJEGVkI,Epic Gardening,https://www.youtube.com/channel/UCSbyncU597LMwb3HhnAI_4w,2026-02-15T15:11:24.712Z,919.0,12.579,12.579
"Beautiful DIY Raised Garden Bed Build , How to Build a RAISED BED, Backyard Gardening",https://www.youtube.com/watch?v=e9InUZBrJ6c,kukomio,https://www.youtube.com/channel/UCN-pFscDli0Md5_mKOHRPVw,2026-02-15T14:12:14.193Z,710.0,3550.519,710.0
$50 DIY Raised Garden Beds!,https://www.youtube.com/watch?v=UtiRAPDDDSg,"Earth, Nails & Tails - Backyard Homesteading",https://www.youtube.com/channel/UC06Sp_OSUnbg-5ly28nASsw,2026-02-15T14:09:08.380Z,57.0,185.813,57.0
How to Fill a Raised Garden Bed for FREE!,https://www.youtube.com/watch?v=DZuMFAlLrmE,Banana Compost,https://www.youtube.com/channel/UCnPtBz3e1ZJHljXX2Y3Mb_g,2026-02-15T14:07:27.434Z,58.0,100.946,58.0
DIY Best low budget Grapevine Trellis #diy  #grapevines #trellis,https://www.youtube.com/watch?v=8gDFMv224Pg,Ayukia Crafty Gardening and Nature ,https://www.youtube.com/channel/UCXkeCQ1YcAy7SmPbrVqvyHw,2026-02-15T13:44:39.456Z,24.0,1367.978,24.0
I love my mini arch trellis🪴👩‍🌾#gardendiy #diy #trellis,https://www.youtube.com/watch?v=RlmDqu41D4A,Kyliesgarden,https://www.youtube.com/channel/UC8AxLiGIFN6oFgrJ429OR_g,2026-02-15T13:40:55.104Z,13.0,224.352,13.0
No Truck? How to build a cattle panel trellis' with two smaller panels! #gardentrellis #gardentips,https://www.youtube.com/watch?v=3jqFj-VDSdI,From The Garden,https://www.youtube.com/channel/UCpfhh5MMc9RWRPPTQ_7bBBQ,2026-02-15T13:22:16.203Z,16.0,1118.901,16.0
How to build a cattle panel trellis #trellis #cattlepaneltrellis #gardening,https://www.youtube.com/watch?v=NKKsZkbrA5o,More than Gardening,https://www.youtube.com/channel/UCF30IObktYMnBIym1e5JAvQ,2026-02-15T13:21:39.326Z,38.0,36.877,36.877
How to Build a Cattle Panel Trellis for Fruits and Veggies!,https://www.youtube.com/watch?v=cdfBi5TX3Yw,"Earth, Nails & Tails - Backyard Homesteading",https://www.youtube.com/channel/UC06Sp_OSUnbg-5ly28nASsw,2026-02-15T13:19:25.795Z,41.0,133.531,41.0
DIY Grape Trellis in 60 Seconds 🍇 | Backyard Build #grape  #backyardgardening,https://www.youtube.com/watch?v=e7uCZ585Trs,Glos-Garden-Life,https://www.youtube.com/channel/UCzxFiAoszd5NN16R6PImDqQ,2026-02-15T13:15:04.401Z,60.0,261.394,60.0
Vertical Shoot Positioning- VSP - Cordon Trellis System,https://www.youtube.com/watch?v=IZtUsEQJrz8,Booker Wines,https://www.youtube.com/channel/UCVtFsVc95F4L5SNumurxWag,2026-02-15T13:11:35.705Z,275.0,208.696,208.696
Defining Characteristics of VSP Trellising System (Vertical Shoot Positioning),https://www.youtube.com/watch?v=kjrbupDp7y0,Texas Vine Country,https://www.youtube.com/channel/UCUk0PaokXDKLZuu6ndDNtHw,2026-02-15T13:10:49.764Z,245.0,45.941,45.941
Thompson Grapes (grape vine trellis idea),https://www.youtube.com/watch?v=c_w3avpsIE0,AZcontainergarden,https://www.youtube.com/channel/UCPNYgRynJQfyEAFxaKXiglQ,2026-02-15T13:10:11.323Z,12.0,38.441,12.0
DIY Grapevine Trellis cheap & easy build with massive rewards! #diygardening #gardenpath #plants,https://www.youtube.com/watch?v=ogwYFKwEwuE,SlumDadMillionPlants,https://www.youtube.com/channel/UCe536kN9YZJJf-PQzK9rTJA,2026-02-15T13:09:41.675Z,53.0,29.648,29.648
NEW OVERWATCH SEASON,https://www.youtube.com/watch?v=T0H40fRJoqc,emongg,https://www.youtube.com/channel/UCAtmNvxD7eOs_kwxm-zzoMQ,2026-02-15T13:05:53.907Z,42899.0,227.768,227.768
How to Grow Pomegranate Tree from Seed,https://www.youtube.com/watch?v=1sO4MblM-Nw,Daisy Creek Farms with Jag Singh,https://www.youtube.com/channel/UCmXX3ZM81X9SIufsHqvAkrg,2026-02-15T11:42:27.510Z,271.0,5006.397,271.0
"Growing Pomegranates, the Fruit Of The Gods",https://www.youtube.com/watch?v=jTgS4YTHbNY,Epic Gardening,https://www.youtube.com/channel/UCSbyncU597LMwb3HhnAI_4w,2026-02-15T11:38:21.079Z,690.0,246.431,246.431
T1 vs BFX | 2026 LCK CUP Playoffs,https://www.youtube.com/watch?v=jL55hJcu-dw,LCK Global,https://www.youtube.com/channel/UCKVlixycWmapnGQ_wht4cHQ,2026-02-15T11:23:58.527Z,15221.0,862.552,862.552
Jinx is by far the BEST pick for an ADC main to climb,https://www.youtube.com/watch?v=72aMB1mvh9Q,Doublelift,https://www.youtube.com/channel/UCrPCP1oaOr0AEs2JdxzfOFA,2026-02-15T11:14:10.029Z,1123.0,588.498,588.498
Sheep Leaps For Joy After Getting A Much-Needed Haircut | The Dodo,https://www.youtube.com/watch?v=mKTSF2xxLGk,The Dodo,https://www.youtube.com/channel/UCINb0wqPz-A0dV9nARjJlOQ,2026-02-15T11:12:45.850Z,49.0,84.179,49.0
"R-Truth, Kit Wilson and Oba Femi exchange toxic poems: SmackDown highlights, Feb. 13, 2026",https://www.youtube.com/watch?v=GT8TSc-0ONs,WWE,https://www.youtube.com/channel/UCJ5v_MCY6GNUBTO8-D3XoAg,2026-02-15T11:08:58.374Z,213.0,227.476,213.0
Planting Pear Trees Asian and European - Ep 53 #Kieffer #Bartlett #giantolympic,https://www.youtube.com/watch?v=cPFXyxMe1lo,Dean Family Acres,https://www.youtube.com/channel/UCTj5xL9Ga2UQ8IDJI5rk7lA,2026-02-15T10:58:38.147Z,719.0,620.227,620.227
Bartlett Pear Tree Pruning #pear #bartlett #fruittrees #backyardfruit #deanfamilyacres,https://www.youtube.com/watch?v=5_hlJ5geDmk,Dean Family Acres,https://www.youtube.com/channel/UCTj5xL9Ga2UQ8IDJI5rk7lA,2026-02-15T10:58:27.531Z,24.0,10.616,10.616
How to Prune Pear Tree #asmr #garden #gardening #fruit #asmrvideo #peartree #fruitcutting #pruning,https://www.youtube.com/watch?v=7MM-npPDnOs,AgriBros,https://www.youtube.com/channel/UCPHt-oc3Fy_zoWPt73eb7Wg,2026-02-15T10:58:14.765Z,10.0,12.766,10.0
How to prune a pear tree: ultimate beginner gardening guide,https://www.youtube.com/watch?v=abE5LlAkFB8,Garden Ninja: Lee Burkhill,https://www.youtube.com/channel/UCuhMHrXyf2bvga2Mq0DJvwQ,2026-02-15T10:54:56.725Z,534.0,198.04,198.04
Easy Grape Vines Pruning Right Way #satisfying @HappyFarm85,https://www.youtube.com/watch?v=nBgAU5n5Ci4,Happy Farm,https://www.youtube.com/channel/UCjgIWRJA-vsSecgi5KHMqRw,2026-02-15T10:44:08.674Z,12.0,648.051,12.0
Grape Pruning Techniques #satisfying #shot,https://www.youtube.com/watch?v=fMKf_wrHJNM,farmya,https://www.youtube.com/channel/UCF5ifv99TgQAwgmHhB_yH3w,2026-02-15T10:43:53.730Z,11.0,14.944,11.0
How to Prune Grapes The Right Way (COMPLETE GUIDE),https://www.youtube.com/watch?v=yHP_rmRn9Dg,Epic Gardening,https://www.youtube.com/channel/UCSbyncU597LMwb3HhnAI_4w,2026-02-15T10:23:17.022Z,1048.0,1236.708,1048.0
Prune Grapes Vines This Way & Grow Big Sweet Grapes,https://www.youtube.com/watch?v=EYeyGXl1oro,Daisy Creek Farms with Jag Singh,https://www.youtube.com/channel/UCmXX3ZM81X9SIufsHqvAkrg,2026-02-15T10:02:53.402Z,627.0,1223.62,627.0
Backyard Grape Trellis Build!,https://www.youtube.com/watch?v=UM1VaNxYowk,Epic Homesteading,https://www.youtube.com/channel/UCgfsZHnW6-6uMLmOGu824kQ,2026-02-15T09:42:51.017Z,484.0,1202.385,484.0
"How to Build a Grape Trellis for Wine! | Season 1, Episode 2 | Grape Trellis for Your Vineyard",https://www.youtube.com/watch?v=hmTsB_9eZ44,Dirty Vineyard,https://www.youtube.com/channel/UCw27CubMbuViHlNYTTgHl8Q,2026-02-15T09:39:11.989Z,431.0,219.028,219.028
How To Build A Grape Vine Support Trellis. The MOST Popular Type.,https://www.youtube.com/watch?v=z5bqfQqnzSg,Country Living Experience: A Homesteading Journey,https://www.youtube.com/channel/UCPSGBI1OOfO_RWwjMdswglw,2026-02-15T09:34:04.746Z,555.0,307.243,307.243
Mental Health Toolkit: Tools to Bolster Your Mood & Mental Health,https://www.youtube.com/watch?v=CJIXbibQ0jI,Andrew Huberman,https://www.youtube.com/channel/UC2D2CMWXMOVWx7giW1n3LIg,2026-02-15T03:50:27.994Z,7452.0,20616.752,7452.0
How to Build Endurance | Huberman Lab Essentials,https://www.youtube.com/watch?v=7MEhDlw1e9k,Andrew Huberman,https://www.youtube.com/channel/UC2D2CMWXMOVWx7giW1n3LIg,2026-02-15T03:12:58.467Z,2247.0,2249.527,2247.0
Everything You Need to Know to Grow Grapes - COMPLETE Growing Guide!,https://www.youtube.com/watch?v=YWiQ-_YIP1Y,MIgardener,https://www.youtube.com/channel/UCVGVbOl6F5rGF4wSYS6Y5yQ,2026-02-15T03:00:41.903Z,722.0,736.564,722.0
Watch This Before Growing Grapes 🍇,https://www.youtube.com/watch?v=7emSoU8PvwU,Epic Gardening,https://www.youtube.com/channel/UCSbyncU597LMwb3HhnAI_4w,2026-02-15T02:31:28.847Z,664.0,1753.056,664.0
"How to Grow Grapes, Complete Growing Guide",https://www.youtube.com/watch?v=8Ik7b6UcDP8,The Gardening Channel With James Prigioni,https://www.youtube.com/channel/UC9V_-gqJsZNOy4v_HqbRz3w,2026-02-15T02:19:11.987Z,735.0,736.86,735.0
✅SEN VS DSG LCS QUARTERFINALS WATCH PARTY✅IMPACT AND HAMBURGER ASCENSION✅,https://www.youtube.com/watch?v=-jXLgMiy1LU,Doublelift,https://www.youtube.com/channel/UCrPCP1oaOr0AEs2JdxzfOFA,2026-02-15T02:00:22.533Z,16286.0,1129.454,1129.454
Poisoning a Megacity: One Industry Is Slowly Killing 40 Million People,https://www.youtube.com/watch?v=OW3cy1kiB-0,Andrew Fraser,https://www.youtube.com/channel/UCyVNApi-6Mf5U8We98GB7JA,2026-02-15T01:34:31.647Z,1047.0,1550.886,1047.0
LCS Lock In | SEN vs DSG | Winners Bracket Quarterfinals,https://www.youtube.com/watch?v=yjEnIJxtY4I,LCS,https://www.youtube.com/channel/UCSF_aFGIIIoWY30GVV19TKA,2026-02-15T00:47:55.689Z,21961.0,2795.958,2795.958
CODY RHODES’ PATH TO WRESTLEMANIA IS TOO BORING? (Wrestling Hot Takes),https://www.youtube.com/watch?v=xa1a3turv_c,MrSantiZap,https://www.youtube.com/channel/UC60Z18qxfHNBdI-c_dE6z1Q,2026-02-15T00:44:43.070Z,1723.0,192.619,192.619
What in the Vendetta is going on here?! (Overwatch Stadium),https://www.youtube.com/watch?v=NUs6J0OuNkw,Arx_Two,https://www.youtube.com/channel/UCm6ithoEfaU4SI_BIr3dwcw,2026-02-14T21:46:19.927Z,563.0,10703.143,563.0
"130% AP Vendetta ""Projected Edge"" Build | Stadium Overwatch",https://www.youtube.com/watch?v=ww2KEIln10s,YaSloom,https://www.youtube.com/channel/UCjv0u9sHOCY1q7wtPadFJuw,2026-02-14T21:42:28.916Z,1382.0,231.011,231.011
The *BEST* VENDETTA BUILD in STADIUM (Overwatch),https://www.youtube.com/watch?v=hVe6D7BHoeU,Clazzic,https://www.youtube.com/channel/UCElMWKWGAzroR2FGS5ipaaA,2026-02-14T21:33:55.643Z,551.0,513.273,513.273
Morning Chores FARM TOUR! | Feeding All My Animals in 8℉! (Winter 2024),https://www.youtube.com/watch?v=WeTN6H6LEUk,Anne of All Trades,https://www.youtube.com/channel/UCCkFJmUgzrZdkeHl_qPItsA,2026-02-14T21:28:52.001Z,1514.0,303.642,303.642
EGG MAKING MAKER,https://www.youtube.com/watch?v=IhXD_89X4o0,Caedrel Clips,https://www.youtube.com/channel/UCU9Vd2lRheyB374OjW7iVJg,2026-02-14T21:26:47.917Z,142.0,124.084,124.084
Why do I only fill my tanks half-way?,https://www.youtube.com/watch?v=xOCGDiBqXZ8,Luke's Goldies,https://www.youtube.com/channel/UCg0_9roN7QYzFNLjVSD5Z1Q,2026-02-14T21:25:06.059Z,65.0,101.858,65.0
The next video will show how I help Dorothy! Stick around #chickens #backyardchickens,https://www.youtube.com/watch?v=DkNFpBckA5Y,Purely Chickens,https://www.youtube.com/channel/UCiv5emmOUaF3yQLeUTtDbtA,2026-02-14T21:23:53.085Z,69.0,72.974,69.0
"January 23, 2026",https://www.youtube.com/watch?v=F30V7MCeHTo,therianlover!<3,https://www.youtube.com/channel/UCMzLyozMpjJAu1NGBHHqS8A,2026-02-14T21:23:34.954Z,91.0,18.131,18.131
Khám phá resort The Shells Phú Quốc,https://www.youtube.com/watch?v=KSA5QkS8YGo,5SAO VIVU PHÚ QUỐC,https://www.youtube.com/channel/UCA6Cf9sw0RxgSwn3RHEpEKg,2026-02-14T21:17:27.491Z,646.0,367.463,367.463
"Обзор отеля The Shells Resort  -  Отель-ракушка на Фукуоке: тишина, виллы и спорный сервис",https://www.youtube.com/watch?v=ObkvPND4hcw,Banka Travel,https://www.youtube.com/channel/UCEgH1SGtueyHYp4nscu2g6w,2026-02-14T21:15:50.437Z,1972.0,97.054,97.054
Part 3 - Esther! The feral hen laying on eggs in the barn 🐓🫶🏼 #feral #chickens #backyardchickens,https://www.youtube.com/watch?v=hSF5BqnfeJg,The Chicken Fix,https://www.youtube.com/channel/UCFhR2pJ5heFdPNRmep-nqyQ,2026-02-14T21:04:47.839Z,,662.598,662.598
Benefits to owning chickens besides fresh eggs! 🐓👏🏼 #farmlife #homestead #pestcontrol #pets,https://www.youtube.com/watch?v=Y_mcreLm-1U,The Chicken Fix,https://www.youtube.com/channel/UCFhR2pJ5heFdPNRmep-nqyQ,2026-02-14T21:03:47.431Z,,60.408,60.408
Chicken pumpkin carving is back this fall season! 🎃🍂✨ #fall #pumpkin #carving #chickens #ca,https://www.youtube.com/watch?v=XqJjvvrkXRc,The Chicken Fix,https://www.youtube.com/channel/UCFhR2pJ5heFdPNRmep-nqyQ,2026-02-14T21:03:40.748Z,,6.683,6.683
Just another chaotic egg collecting video! 🥚👏🏼 #eggs #broodyhen #farmfresh #egghunt,https://www.youtube.com/watch?v=MTeVL9666pg,The Chicken Fix,https://www.youtube.com/channel/UCFhR2pJ5heFdPNRmep-nqyQ,2026-02-14T21:02:21.312Z,,79.436,79.436
Tips for Incubating Chicken Eggs! 🐣 #tips #incubator #hatching #chicks #chickensofyoutube,https://www.youtube.com/watch?v=J5JxAaXoKfA,The Chicken Fix,https://www.youtube.com/channel/UCFhR2pJ5heFdPNRmep-nqyQ,2026-02-14T21:02:15.345Z,,5.967,5.967
The spider in my nesting box isn’t a problem anymore! 🫣🕷️  #spider #chickensofyoutube#farmlife,https://www.youtube.com/watch?v=tzWpA1bbfvg,The Chicken Fix,https://www.youtube.com/channel/UCFhR2pJ5heFdPNRmep-nqyQ,2026-02-14T21:01:18.314Z,,57.031,57.031
It’s Lockdown Day for my hatching eggs! Comment Valentines Day themed chick names. 🐣💌✨ #lockdown,https://www.youtube.com/watch?v=MZMXuW0EeIM,The Chicken Fix,https://www.youtube.com/channel/UCFhR2pJ5heFdPNRmep-nqyQ,2026-02-14T21:00:47.064Z,,31.25,31.25
Wait for it! I went from😑to 🥹REAL quick #chickensofyoutube #chickens #layinghens #eggs #farmfresh,https://www.youtube.com/watch?v=Q_I_wvcyGo0,The Chicken Fix,https://www.youtube.com/channel/UCFhR2pJ5heFdPNRmep-nqyQ,2026-02-14T20:59:07.227Z,,99.837,99.837
Making my cow a suit 🎩,https://www.youtube.com/watch?v=zkce-GZCuus,Marriah AnneMarie,https://www.youtube.com/channel/UCTmpXmw9AqcIr2OXFIuc9rA,2026-02-14T20:58:58.710Z,43.0,8.517,8.517
It’s time to move out,https://www.youtube.com/watch?v=ET3n21_3YPA,Marriah AnneMarie,https://www.youtube.com/channel/UCTmpXmw9AqcIr2OXFIuc9rA,2026-02-14T20:58:52.628Z,81.0,6.082,6.082
Fixing my cows problem,https://www.youtube.com/watch?v=0StRuEIqfl8,Marriah AnneMarie,https://www.youtube.com/channel/UCTmpXmw9AqcIr2OXFIuc9rA,2026-02-14T20:57:55.672Z,80.0,56.956,56.956
The little turtle swims away so happily 🥹🥹 thank you @ra3i.al5il,https://www.youtube.com/watch?v=Fvr1vooYPPA,We Love Animals,https://www.youtube.com/channel/UCz2RMMEv5CNrOKJhs7BvLpw,2026-02-14T20:36:31.090Z,57.0,1284.582,57.0
"yup, my donkey ate my goat #minidonkey #goat #danger #farmlife #steinmetzfamilyfarm",https://www.youtube.com/watch?v=TpWozx44Alk,Steinmetz Family Farms,https://www.youtube.com/channel/UC9KOW4kNNexLdC0Y53LgTcA,2026-02-14T20:35:08.941Z,61.0,82.149,61.0
I left a GIANT Hamster Wheel in the Woods...,https://www.youtube.com/watch?v=dlTisufCGvE,TheBirdsIView,https://www.youtube.com/channel/UCrV07w3jULVswFgCoeUfhAQ,2026-02-14T20:33:45.307Z,69.0,83.634,69.0
And I BETTER not see ice cubes when watering your orchids either #orchidrescue #phalenopsisorchid,https://www.youtube.com/watch?v=Tq1Ov1EZ_8s,PlantswithKrystal,https://www.youtube.com/channel/UCRZB9i0KAqtlFc8LckZ3PZg,2026-02-14T20:31:06.476Z,130.0,158.831,130.0
How To Help An Egg-Bound Chicken #animalshorts #chickencare #chickens #backyardchickens #farmanimals,https://www.youtube.com/watch?v=uqrxse05SRw,Alyssa's Animal Sanctuary,https://www.youtube.com/channel/UCNCor2MwnANqKYqw44uksUQ,2026-02-14T20:28:41.851Z,147.0,144.625,144.625
insane & relaxing toucan beak restoration rehab #animals #shorts #birds #asmr #restoration #rescue,https://www.youtube.com/watch?v=_wY9QAIjO_Y,2CAN TV - My Life With Toucans!,https://www.youtube.com/channel/UC5mR8Jzj01FxqMEJWvrihlQ,2026-02-14T20:26:51.863Z,180.0,109.988,109.988
Tommaso Ciampa Got Insanely Shredded,https://www.youtube.com/watch?v=S0Kd8H1h_44,CVV CLIPS,https://www.youtube.com/channel/UCmKjMXJbTeo1UJeZ3ug9xrw,2026-02-14T20:25:47.614Z,47.0,64.249,47.0
You’ve Never Seen a Chicken Coop Like This! | The Hen House Collection,https://www.youtube.com/watch?v=Perr6DqoGRc,The Hen House Collection,https://www.youtube.com/channel/UCSLtvPrly6dL-9FAVCRhZ9w,2026-02-14T20:21:56.379Z,468.0,231.235,231.235
[MPD직캠] 드림캐쳐 한동 직캠 4K 'BONVOYAGE' (Dreamcatcher HANDONG FanCam) | @MCOUNTDOWN_2023.05.25,https://www.youtube.com/watch?v=4Dg5ZFFBbT8,M2,https://www.youtube.com/channel/UCTQVIXvcHrR9jYoJ6qaBAow,2026-02-14T20:18:10.364Z,260.0,226.015,226.015
"what a time to be alive…, ￼",https://www.youtube.com/watch?v=1un7PMdqTfg,UncleJhonn,https://www.youtube.com/channel/UCclxm0FKyggKZhP5TWj8Wtg,2026-02-14T20:15:29.432Z,142.0,160.932,142.0
Bull likes to let everyone know when he is using the scratch brush 🤣 (🎥: TT/ ddv8661 via ViralHog),https://www.youtube.com/watch?v=5w6p4EXQ4Ik,LADbible Shorts,https://www.youtube.com/channel/UCflpy-GNxlahbdRdN5CRUsA,2026-02-14T20:12:01.846Z,30.0,207.586,30.0
An Angry Broody Hen🐣🤣,https://www.youtube.com/watch?v=RG_5iDQEvSs,Gulf Coast Cluckers,https://www.youtube.com/channel/UC82_N835k0znbYbavS8aURg,2026-02-14T20:09:55.146Z,60.0,126.7,60.0
Kustorez. Cherry tree removal. Pruning at the root.,https://www.youtube.com/watch?v=BMVO4l2EcY4,Kustorez,https://www.youtube.com/channel/UCerI8o9CY617TIdMOuSUo-Q,2026-02-14T19:42:02.162Z,954.0,1672.984,954.0
Collecting Rent from the chickens- addressing comments & concerns! 🥚🐓,https://www.youtube.com/watch?v=xmvHEsXiYTw,The Chicken Fix,https://www.youtube.com/channel/UCFhR2pJ5heFdPNRmep-nqyQ,2026-02-14T19:25:28.859Z,,993.303,993.303
The Science of Fried Chicken 🍗,https://www.youtube.com/watch?v=MqusifAjfi0,Fallow,https://www.youtube.com/channel/UCJ901NqoRaXMnIm7aOjLyuA,2026-02-14T19:24:09.461Z,64.0,79.398,64.0
NEW OVERWATCH SEASON,https://www.youtube.com/watch?v=MjGXHCydm9w,emongg,https://www.youtube.com/channel/UCAtmNvxD7eOs_kwxm-zzoMQ,2026-02-14T19:23:21.857Z,42900.0,47.604,47.604
Kit Wilson Poems aren't for everyone,https://www.youtube.com/watch?v=g7crraAb5zE,WWE,https://www.youtube.com/channel/UCJ5v_MCY6GNUBTO8-D3XoAg,2026-02-14T18:54:54.055Z,85.0,1707.802,85.0
"[𝗣𝗹𝗮𝘆𝗹𝗶𝘀𝘁]「ねぇ、まだあの夜のこと覚えてる？」,,☁️☔️｜lofi chill・Japanese R&B・sad vibe・night mood | Drive / Study",https://www.youtube.com/watch?v=rOUxVs5VveY,Nekonoma,https://www.youtube.com/channel/UCUAAnReY1hY1Gd2-cRHjTpQ,2026-02-14T18:38:19.776Z,3646.0,994.279,994.279
the season,https://www.youtube.com/watch?v=iM721WJ2_Ps,Wynn (윈) - Topic,https://www.youtube.com/channel/UC1QavIlKlqMQFeJLPts-5zA,2026-02-14T18:33:14.205Z,192.0,305.571,192.0
Like a Fool (Like a Fool),https://www.youtube.com/watch?v=oxD5J9t7d74,Moonbyul - Topic,https://www.youtube.com/channel/UCKcadbQc6dDhh2iyqhlCFaw,2026-02-14T18:29:34.246Z,216.0,219.959,216.0
Sweet,https://www.youtube.com/watch?v=25oIE7bXzJ0,Xydo - Topic,https://www.youtube.com/channel/UCYu6Bj59I9tzjNhsu9T52Eg,2026-02-14T18:26:28.781Z,185.0,185.465,185.0
Erase (feat. Aden),https://www.youtube.com/watch?v=-B6g_jZBiTQ,hayawn - Topic,https://www.youtube.com/channel/UCOt0dJfP1IWvMmzNr5vo5oQ,2026-02-14T18:22:44.885Z,224.0,223.896,223.896
잘 지내,https://www.youtube.com/watch?v=9d2w7IZeiaE,youz - Topic,https://www.youtube.com/channel/UCWckwMGTW1WoA55ay2DSYZQ,2026-02-14T18:19:27.396Z,197.0,197.489,197.0
Spark,https://www.youtube.com/watch?v=eOgKmXz3bJg,Whee In - Topic,https://www.youtube.com/channel/UCMflrLE9ZY8rmSuMP2nu9hw,2026-02-14T18:16:06.695Z,201.0,200.701,200.701
휘인(Whee In) - 오묘해(Make Me Happy) MV,https://www.youtube.com/watch?v=8nVyoH0ppmI,THEL1VE,https://www.youtube.com/channel/UCY9eI5Q-T9IaAZ4kof17FeA,2026-02-14T17:40:32.861Z,206.0,2133.834,206.0
Butterfly (Feat. GSoul) (Butterfly (Feat. GSoul)),https://www.youtube.com/watch?v=9FiU8qPigvU,Whee In - Topic,https://www.youtube.com/channel/UCMflrLE9ZY8rmSuMP2nu9hw,2026-02-14T17:36:57.271Z,209.0,215.59,209.0
OHOO (오후 (OHOO)),https://www.youtube.com/watch?v=34W5Zx0Urhs,Whee In - Topic,https://www.youtube.com/channel/UCMflrLE9ZY8rmSuMP2nu9hw,2026-02-14T17:33:39.730Z,197.0,197.541,197.0
[Special] 휘인 (Whee In) - TRASH (Feat. pH-1),https://www.youtube.com/watch?v=oCSadXDV2Yg,MAMAMOO,https://www.youtube.com/channel/UCuhAUMLzJxlP1W7mEk0_6lA,2026-02-14T17:30:37.380Z,182.0,182.35,182.0
Aphrodite,https://www.youtube.com/watch?v=VrbpUfmzPhM,Whee In - Topic,https://www.youtube.com/channel/UCMflrLE9ZY8rmSuMP2nu9hw,2026-02-14T17:27:58.494Z,159.0,158.886,158.886
In The Mood,https://www.youtube.com/watch?v=s5kWgbIL4sw,Whee In - Topic,https://www.youtube.com/channel/UCMflrLE9ZY8rmSuMP2nu9hw,2026-02-14T17:25:09.090Z,169.0,169.404,169.0
coco water,https://www.youtube.com/watch?v=KZAhMkT38ko,Whee In - Topic,https://www.youtube.com/channel/UCMflrLE9ZY8rmSuMP2nu9hw,2026-02-14T17:22:29.725Z,159.0,159.365,159.0
Bite Me (feat. HAON),https://www.youtube.com/watch?v=26GA1KGjEeI,Whee In - Topic,https://www.youtube.com/channel/UCMflrLE9ZY8rmSuMP2nu9hw,2026-02-14T17:20:08.404Z,141.0,141.321,141.0
What is the RIGHT Way as an adult to deal with a Toxic People | Jefferson Fisher,https://www.youtube.com/watch?v=Dm1zuOTdDf4,Jefferson Fisher,https://www.youtube.com/channel/UCXjnpu6lK0HoUyOMh2ZBwhQ,2026-02-14T17:15:46.080Z,693.0,262.324,262.324
Cinematic New York | City Night Lounge. Sophisticated Music for a Stylish Atmosphere.,https://www.youtube.com/watch?v=3eFosWZAbZY,Tune Pulse,https://www.youtube.com/channel/UCJlsQK_8Uq4_zaAEp8_Hq9g,2026-02-14T16:28:04.886Z,21455.0,2861.194,2861.194
Phú Quốc tự túc: Bị “Đào lửa” khách sạn… vẫn kịp gặp nàng tiên cá,https://www.youtube.com/watch?v=9lEcXuoKJUQ,gia đình vivu,https://www.youtube.com/channel/UCMqmCEUuVNS8qEB8GlYHItQ,2026-02-14T15:16:07.145Z,2412.0,4317.741,2412.0
Easy + Affordable Chicken Coop - This Hoop Coop Chicken Tractor Changed the Way We Raise Chickens,https://www.youtube.com/watch?v=45V0hMOsLhc,Cotton River Farm,https://www.youtube.com/channel/UCLqg1JdoX1TXgIj_4t2n04A,2026-02-14T15:12:47.457Z,1748.0,199.688,199.688
Horses are way smarter than people think🙃#SmartHorses #funnyhorses#AnimalIntelligence #HorseLife,https://www.youtube.com/watch?v=jtBc6hTVaLc,Wildly Funny,https://www.youtube.com/channel/UCnRr15AVpX6JlsSRq-sb4aA,2026-02-14T15:11:41.441Z,58.0,66.016,58.0
Huge vegetable garden harvest! #gardenharvest #gardening #peppers #tomatoharvest,https://www.youtube.com/watch?v=8H7j9iBO7L0,More than Gardening,https://www.youtube.com/channel/UCF30IObktYMnBIym1e5JAvQ,2026-02-14T15:10:33.498Z,60.0,67.943,60.0
Maven On Batista 💪,https://www.youtube.com/watch?v=W-EC5KUuJIk,ekoesofwrestling,https://www.youtube.com/channel/UCLm8FZWTXjAzvoCMnvB1Xbg,2026-02-14T15:09:57.820Z,55.0,35.678,35.678
Do You Make LOTS of MONEY Selling Backyard Chicken Eggs?,https://www.youtube.com/watch?v=memjCd5EHjY,Acres Of Adventure Homestead,https://www.youtube.com/channel/UC_Aaa1PrVb_Rq9i1H_fGoYA,2026-02-14T15:04:44.813Z,620.0,313.007,313.007
We Chose Kunekune Pigs Over Regular Pigs—Here’s Why,https://www.youtube.com/watch?v=flM9eYFrlZk,KC Farms,https://www.youtube.com/channel/UCeCSgRf-LcWXkP6Abcy7Ldg,2026-02-14T14:55:08.058Z,570.0,576.755,570.0
"YDL #246: Du xuân Huế, Điện Kiến Trung đẹp ngỡ ngàng | Yêu Máy Bay",https://www.youtube.com/watch?v=TA3G78ixd8Y,Yêu Máy Bay,https://www.youtube.com/channel/UC6iYLWyzdYKMpnWbplhBrxg,2026-02-14T14:20:46.026Z,2793.0,2062.032,2062.032
Full Financial Accounting Course in One Video (10 Hours),https://www.youtube.com/watch?v=v-djL7SPw4c,Tony Bell,https://www.youtube.com/channel/UCNFClg6mzfZ5ixpuH9c7f1A,2026-02-14T14:14:58.966Z,36111.0,347.06,347.06
just day in a life of a kpop staff,https://www.youtube.com/watch?v=3Q6zzjYBu04,kpops n prayers,https://www.youtube.com/channel/UCJpPyTwBbKfxUtWZlynZeSg,2026-02-14T13:01:07.338Z,482.0,4431.628,482.0
Rooster falls in love with disabled chick,https://www.youtube.com/watch?v=zpzC5_pqyBQ,GeoBeats Animals,https://www.youtube.com/channel/UC7_VH_kj0aD9vhuHmFheUYQ,2026-02-14T12:57:52.749Z,195.0,194.589,194.589
Sheep Leaps For Joy After Getting A Much-Needed Haircut | The Dodo,https://www.youtube.com/watch?v=dJCitOoddAU,The Dodo,https://www.youtube.com/channel/UCINb0wqPz-A0dV9nARjJlOQ,2026-02-14T12:56:05.847Z,54.0,106.902,54.0
"BDE's Finisher, The Clip Cutter, Is So Clean!",https://www.youtube.com/watch?v=Xn2rgDlo8DY,CVV CLIPS,https://www.youtube.com/channel/UCmKjMXJbTeo1UJeZ3ug9xrw,2026-02-14T12:55:48.978Z,55.0,16.869,16.869
OVERWATCH S1 MYTHBUSTING  #overwatch #overwatch2 #ow2 #gaming,https://www.youtube.com/watch?v=EbXu8XWRy38,Niandra,https://www.youtube.com/channel/UCvo-St6TOmOgFmNvgQWZqMg,2026-02-14T12:54:37.463Z,71.0,71.515,71.0
RUNSEOKJIN_EPTOUR 🤴💜🐹😅 #jin #bts #army,https://www.youtube.com/watch?v=pKsTmEToYnI,JINIESM1,https://www.youtube.com/channel/UCrIDCxwUClaU4TMLVnYHJjA,2026-02-14T12:54:02.770Z,11.0,34.693,11.0
Jin Walked So BTS Could Run: The Fashion Show Explained,https://www.youtube.com/watch?v=PSsksRmtr84,The Korean world  ,https://www.youtube.com/channel/UCgtQKcwWdSaCPL8u0AAXvWw,2026-02-14T12:53:27.395Z,11.0,35.375,11.0
ARMY's Hug Styles For Jin 🤗💜 Lucky ARMY 🥺🥺 #shorts #bts #jin #army,https://www.youtube.com/watch?v=0M1OyxmRSQo,KPOP NHH,https://www.youtube.com/channel/UChIz-QclOQrrJ8MMJNtJCkg,2026-02-14T12:53:02.135Z,17.0,25.26,17.0
Seokjin finally took off his jacket on the last day of his tour OMG 🤯🔥 #jin #fypviralシ #bts,https://www.youtube.com/watch?v=vckd9mkJKlk,BTS On Beat,https://www.youtube.com/channel/UCtVK53SAt_uY3kAPP_QQEKQ,2026-02-14T12:52:32.796Z,11.0,29.339,11.0
진 (Jin) 'Don't Say You Love Me' Official MV,https://www.youtube.com/watch?v=o7BcyAd6rqg,HYBE LABELS,https://www.youtube.com/channel/UC3IZKseVpdzPSBaWxBxundA,2026-02-14T12:51:42.730Z,206.0,50.066,50.066
《SEXY》 BTS (방탄소년단) - Blood Sweat & Tears (피 땀 눈물) @인기가요 Inkigayo 20161023,https://www.youtube.com/watch?v=I7o0UoGLoRM,SBSKPOP X INKIGAYO,https://www.youtube.com/channel/UCS_hnpJLQTvBkqALgapi_4g,2026-02-14T12:50:14.017Z,216.0,88.713,88.713
How to Raise MEAT CHICKENS (Homesteaders of America),https://www.youtube.com/watch?v=nKc26WceZ4Y,Sow the Land,https://www.youtube.com/channel/UCWXfd9-r0pGdQ3uNr8SNtVA,2026-02-14T12:49:21.385Z,796.0,52.632,52.632
Who Will Be Victorious For The Elimination Chamber? | WWE SmackDown Highlight 2/13/26 | WWE on USA,https://www.youtube.com/watch?v=7YQdL7wF5ag,WWE on USA,https://www.youtube.com/channel/UCSy3TvvwAV12MD0rLsHyClQ,2026-02-14T12:45:35.607Z,806.0,225.778,225.778
Sowon & Umji of GFRIEND (여자친구) - 'Better Me' | GFRIEND Comeback Show [回:Walpurgis Night],https://www.youtube.com/watch?v=aEMoNBo_vO8,MTV ASIA,https://www.youtube.com/channel/UCawCt_6XWaFxZSW5ZKcIMew,2026-02-14T12:44:47.229Z,161.0,48.378,48.378
How To Grow Peppers In Containers and Get a Huge Harvest!,https://www.youtube.com/watch?v=KRBxnUKY8Kk,Pepper Guru,https://www.youtube.com/channel/UCApMywDOcZDkciFdqbl6_OA,2026-02-14T12:43:31.298Z,786.0,75.931,75.931
The True Cost of Farm Life: Endless Hours and Heartbreak”,https://www.youtube.com/watch?v=CxfVwZ69e2I,Eddy Family Farm,https://www.youtube.com/channel/UCerKWQRtM0bkvCvxTsovYjw,2026-02-14T12:41:59.836Z,4567.0,91.462,91.462
Khám phá Phú Yên - Chiêm ngưỡng tuyệt tác của tạo hóa một cánh vây cá mập khổng lồ giữa biển khơi,https://www.youtube.com/watch?v=D9g66p9eTNY,Elric Travels,https://www.youtube.com/channel/UC4YjrfQVs4KePpGRLQbkRQA,2026-02-14T12:41:20.607Z,1822.0,39.229,39.229
"Disaster at My New 25,000-Chicken Farm",https://www.youtube.com/watch?v=jsAxQ7gcwjE,Andrew Fletch,https://www.youtube.com/channel/UCHvQAgEOarOsSPKxozKK3WA,2026-02-14T12:40:34.721Z,975.0,45.886,45.886
Removing 431 Python Eggs from the Everglades,https://www.youtube.com/watch?v=qn37dnm17dw,TheCritterCult,https://www.youtube.com/channel/UC9hXI5RYPg_N5yY9Zooi07A,2026-02-14T12:33:19.743Z,1068.0,434.978,434.978
The Brady 6: Journey of the Legend NO ONE Wanted!,https://www.youtube.com/watch?v=o5fdhfVrg1I,NFL Films,https://www.youtube.com/channel/UCY3NEq2LYrmdoGkevo9BH5A,2026-02-14T12:33:06.510Z,2841.0,13.233,13.233
The Most 'Evil' Hero in Overwatch History,https://www.youtube.com/watch?v=GdGN-VA1F-Y,Frogger,https://www.youtube.com/channel/UCEw4gExCX4SWq-dwhakHbUQ,2026-02-14T12:24:25.013Z,1115.0,521.497,521.497
Why do Vietnamese farmers raise flies using milk? #flies #shorts,https://www.youtube.com/watch?v=U7_CMqAJWkk,Lumi Farm,https://www.youtube.com/channel/UC_Ohjg2FlEW76R3StRI52lQ,2026-02-14T12:22:18.900Z,46.0,126.113,46.0
The result is insane! We went from bare backyard garden to full on mountain jungle,https://www.youtube.com/watch?v=lAAuepFkEPo,Planted in the Garden,https://www.youtube.com/channel/UCgaF2riY92oXA1xPnptfqOw,2026-02-14T12:21:31.032Z,54.0,47.868,47.868
Maggot Farming for chickens,https://www.youtube.com/watch?v=4Y7S8Bm2S7A,Jamie Carlisi,https://www.youtube.com/channel/UCkp9rtVXkJ5VvSbJl2MOT4Q,2026-02-14T12:21:07.792Z,60.0,23.24,23.24
If you want tons of eggs get these 3 breeds of chicken! #eggs #farmfresh #chickens #backyardflock,https://www.youtube.com/watch?v=7eM0FqtJMX0,Chicken Schmidt Farms,https://www.youtube.com/channel/UCgqeVuybGGlZ3s42YLrTBZQ,2026-02-14T12:20:28.600Z,58.0,39.192,39.192
Did Liv Morgan deserve that? 👀,https://www.youtube.com/watch?v=QX9-FhXraX8,WWE,https://www.youtube.com/channel/UCJ5v_MCY6GNUBTO8-D3XoAg,2026-02-14T12:20:26.290Z,26.0,2.31,2.31
How We Deworm Our Chickens Naturally & Safely,https://www.youtube.com/watch?v=lykQHA_UIlw,KC Farms,https://www.youtube.com/channel/UCeCSgRf-LcWXkP6Abcy7Ldg,2026-02-14T12:17:26.019Z,1032.0,180.271,180.271
Winter Chicken Coop Clean Out!,https://www.youtube.com/watch?v=Bs3HRAE1miE,KC Farms,https://www.youtube.com/channel/UCeCSgRf-LcWXkP6Abcy7Ldg,2026-02-14T12:08:44.134Z,800.0,521.885,521.885
Our Small Farm Is Starting to Get Busy!,https://www.youtube.com/watch?v=7sP4sEGsNaE,KC Farms,https://www.youtube.com/channel/UCeCSgRf-LcWXkP6Abcy7Ldg,2026-02-14T12:08:21.404Z,778.0,22.73,22.73
How to Raise Cornish Cross Meat Chickens: Start to Finish,https://www.youtube.com/watch?v=DRQsjRLT2j8,KC Farms,https://www.youtube.com/channel/UCeCSgRf-LcWXkP6Abcy7Ldg,2026-02-14T12:01:40Z,2498.0,401.404,401.404
Why raise chickens in tunnels? #chicken #chinesefarms #shorts,https://www.youtube.com/watch?v=-_DxC9EoZqA,Lumi Farm,https://www.youtube.com/channel/UC_Ohjg2FlEW76R3StRI52lQ,2026-02-14T11:59:41.229Z,61.0,118.771,61.0
GEN vs DK | 2026 LCK CUP Playoffs,https://www.youtube.com/watch?v=-NlvDmrftag,LCK Global,https://www.youtube.com/channel/UCKVlixycWmapnGQ_wht4cHQ,2026-02-14T11:58:01.695Z,16941.0,99.534,99.534
블랙 민소매 카리나 공항룩 #KARINA,https://www.youtube.com/watch?v=Emck8905pJQ,Spinel CAM,https://www.youtube.com/channel/UCS7W22-coWXOmlyN97S2pvg,2026-02-14T11:57:40.462Z,57.0,21.233,21.233
"Jade Cargill ruins Liv Morgan and Dominik Mysterio's Valentines: SmackDown highlights, Feb. 13, 2026",https://www.youtube.com/watch?v=H5coaQGI1Og,WWE,https://www.youtube.com/channel/UCJ5v_MCY6GNUBTO8-D3XoAg,2026-02-14T11:55:43.300Z,197.0,117.162,117.162
"Jade Cargill vs. Jordynne Grace | WWE Women’s Title Match: SmackDown highlights, Feb. 13, 2026",https://www.youtube.com/watch?v=uH9OUhX4ZOI,WWE,https://www.youtube.com/channel/UCJ5v_MCY6GNUBTO8-D3XoAg,2026-02-14T08:11:39.580Z,186.0,13443.72,186.0
"R-Truth, Kit Wilson and Oba Femi exchange toxic poems: SmackDown highlights, Feb. 13, 2026",https://www.youtube.com/watch?v=GT8TSc-0ONs,WWE,https://www.youtube.com/channel/UCJ5v_MCY6GNUBTO8-D3XoAg,2026-02-14T08:05:16.037Z,213.0,383.543,213.0
"Trick Williams battles Rey Fenix in ELECTRIC showdown: SmackDown highlights, Feb. 13, 2026",https://www.youtube.com/watch?v=SfvxrIuucR4,WWE,https://www.youtube.com/channel/UCJ5v_MCY6GNUBTO8-D3XoAg,2026-02-14T08:01:24.613Z,190.0,231.424,190.0
"Alexa Bliss qualifies for the Elimination Chamber: SmackDown highlights, Feb. 13, 2026",https://www.youtube.com/watch?v=y8glgTNZZ10,WWE,https://www.youtube.com/channel/UCJ5v_MCY6GNUBTO8-D3XoAg,2026-02-14T07:57:31.228Z,196.0,233.385,196.0
"FULL MATCH: Cody Rhodes vs. Jacob Fatu vs. Sami Zayn: SmackDown highlights, Feb. 13, 2026",https://www.youtube.com/watch?v=2MEzvrObJ8o,WWE,https://www.youtube.com/channel/UCJ5v_MCY6GNUBTO8-D3XoAg,2026-02-14T07:38:32.097Z,1201.0,1139.131,1139.131
오늘부터 당신도 은하 매니아 #EUNHA #VIVIZ #비비지,https://www.youtube.com/watch?v=qLVePmpdCGw,DaftTaengk,https://www.youtube.com/channel/UCrTCkJ8377E7JhsMeyLXtKA,2026-02-14T03:46:41.304Z,17.0,13910.793,17.0
내 맘을 거칠게 뒤흔든 은하 #EUNHA #비비지 #VIVIZ,https://www.youtube.com/watch?v=TPUzAZbEhcY,DaftTaengk,https://www.youtube.com/channel/UCrTCkJ8377E7JhsMeyLXtKA,2026-02-14T03:46:39.531Z,49.0,1.773,1.773
컴백 앞 두고 리즈 찍은 은하 #EUNHA #비비지 #VIVIZ,https://www.youtube.com/watch?v=evyUHTZ_9iU,DaftTaengk,https://www.youtube.com/channel/UCrTCkJ8377E7JhsMeyLXtKA,2026-02-14T03:45:47.038Z,41.0,52.493,41.0
귀여움 한도 초과 뿌까머리 은하 #EUNHA #비비지 #VIVIZ,https://www.youtube.com/watch?v=34NR34E-BaQ,DaftTaengk,https://www.youtube.com/channel/UCrTCkJ8377E7JhsMeyLXtKA,2026-02-14T03:45:38.139Z,14.0,8.899,8.899
절대 모른척 할 수 없는 은하 #EUNHA #비비지 #VIVIZ,https://www.youtube.com/watch?v=eKVxgtNEVBA,DaftTaengk,https://www.youtube.com/channel/UCrTCkJ8377E7JhsMeyLXtKA,2026-02-14T03:45:30.916Z,39.0,7.223,7.223
야!...라고 했다 #은하 #EUNHA #비비지 #VIVIZ,https://www.youtube.com/watch?v=ICyTAMEkzLE,DaftTaengk,https://www.youtube.com/channel/UCrTCkJ8377E7JhsMeyLXtKA,2026-02-14T03:45:29.922Z,19.0,0.994,0.994
"완도, 바람, 그리고 은하 #EUNHA #비비지 #VIVIZ",https://www.youtube.com/watch?v=r6fvUozcAGw,DaftTaengk,https://www.youtube.com/channel/UCrTCkJ8377E7JhsMeyLXtKA,2026-02-14T03:45:29.418Z,55.0,0.504,0.504
은하 앞에서 다들 쉿! #EUNHA #비비지 #VIVIZ #Shhh,https://www.youtube.com/watch?v=erGyaDAdqkA,DaftTaengk,https://www.youtube.com/channel/UCrTCkJ8377E7JhsMeyLXtKA,2026-02-14T03:45:28.898Z,20.0,0.52,0.52
은하가 가르쳐주는 쉿 포인트 안무 #Shhh! #EUNHA #비비지 #VIVIZ,https://www.youtube.com/watch?v=9zD3X6Mp2BE,DaftTaengk,https://www.youtube.com/channel/UCrTCkJ8377E7JhsMeyLXtKA,2026-02-14T03:45:19.229Z,22.0,9.669,9.669
신곡에 모든 힘을 쏟아 붙고 결국 주저 앉은 신비 #SinB #비비지 #VIVIZ #Shhh,https://www.youtube.com/watch?v=qz5XmrzhtoA,DaftTaengk,https://www.youtube.com/channel/UCrTCkJ8377E7JhsMeyLXtKA,2026-02-14T03:45:16.766Z,60.0,2.463,2.463
세상을 평화롭게 하는 은하의 옹동춤 #EUNHA #비비지 #VIVIZ,https://www.youtube.com/watch?v=k6gV51TD_TI,DaftTaengk,https://www.youtube.com/channel/UCrTCkJ8377E7JhsMeyLXtKA,2026-02-14T03:43:55.615Z,19.0,81.151,19.0
뽀뽀뽀뽀이뽀이 쉿 #Shhh! #은하 #EUNHA #비비지 #VIVIZ,https://www.youtube.com/watch?v=TAZa0td5E2w,DaftTaengk,https://www.youtube.com/channel/UCrTCkJ8377E7JhsMeyLXtKA,2026-02-14T03:43:50.282Z,22.0,5.333,5.333
추운 날씨에 노래가 얼어버렸다?ㅋㅋ #은하 #EUNHA #VIVIZ #비비지,https://www.youtube.com/watch?v=GKdvDx95OR4,DaftTaengk,https://www.youtube.com/channel/UCrTCkJ8377E7JhsMeyLXtKA,2026-02-14T03:43:19.925Z,45.0,30.357,30.357
너무너무 보고 싶었던 은하 #EUNHA #VIVIZ #비비지,https://www.youtube.com/watch?v=MFOA6RACTxI,DaftTaengk,https://www.youtube.com/channel/UCrTCkJ8377E7JhsMeyLXtKA,2026-02-14T03:42:41.095Z,27.0,38.83,27.0
좋은건 크게 봅시다 #은하 #EUNHA #비비지 #VIVIZ,https://www.youtube.com/watch?v=F0H4EqCb-Mk,DaftTaengk,https://www.youtube.com/channel/UCrTCkJ8377E7JhsMeyLXtKA,2026-02-14T03:42:30.711Z,18.0,10.384,10.384
은하의 옹동춤은 마X보다 강한 중독성이 있으므로 주의요망 #EUNHA #VIVIZ #비비지,https://www.youtube.com/watch?v=Ywnrhzgwt6Q,DaftTaengk,https://www.youtube.com/channel/UCrTCkJ8377E7JhsMeyLXtKA,2026-02-14T03:42:12.125Z,24.0,18.586,18.586
은하 허리가 꺾일까봐 걱정되는 안무 #은하 #EUNHA #VIVIZ #비비지,https://www.youtube.com/watch?v=DS8tg8azh14,DaftTaengk,https://www.youtube.com/channel/UCrTCkJ8377E7JhsMeyLXtKA,2026-02-14T03:41:58.470Z,19.0,13.655,13.655
실사판 헌트릭스? 한복 옹동춤으로 황금 혼문 완성 #은하 #EUNHA #비비지 #VIVIZ,https://www.youtube.com/watch?v=7KqzqBnLZRY,DaftTaengk,https://www.youtube.com/channel/UCrTCkJ8377E7JhsMeyLXtKA,2026-02-14T03:41:53.546Z,14.0,4.924,4.924
핑크핑크한 은하 #은하 #EUNHA #비비지 #VIVIZ,https://www.youtube.com/watch?v=2mpfklRuMEE,DaftTaengk,https://www.youtube.com/channel/UCrTCkJ8377E7JhsMeyLXtKA,2026-02-14T03:41:40.169Z,11.0,13.377,11.0
그리운 벅지 GOAT 시절 은하 #은하 #EUNHA #여자친구 #GFRIEND #비비지 #VIVIZ,https://www.youtube.com/watch?v=gTua8Mk_hZ0,DaftTaengk,https://www.youtube.com/channel/UCrTCkJ8377E7JhsMeyLXtKA,2026-02-14T03:41:29.088Z,13.0,11.081,11.081
논산 군장병들을 잠 못 들게 하는 은하의 옹동춤 #은하 #EUNHA #비비지 #VIVIZ,https://www.youtube.com/watch?v=ASJEkN-0rW4,DaftTaengk,https://www.youtube.com/channel/UCrTCkJ8377E7JhsMeyLXtKA,2026-02-14T03:41:19.362Z,14.0,9.726,9.726
핑크빛 휘날리며 옹동춤 #은하 #EUNHA #비비지 #VIVIZ,https://www.youtube.com/watch?v=M8elyHSLXCQ,DaftTaengk,https://www.youtube.com/channel/UCrTCkJ8377E7JhsMeyLXtKA,2026-02-14T03:41:00.882Z,12.0,18.48,12.0
괜히 옹동춤 센터가 아닌 엄지 #엄지 #UMJI #비비지 #VIVIZ,https://www.youtube.com/watch?v=CNU1GaU1weE,DaftTaengk,https://www.youtube.com/channel/UCrTCkJ8377E7JhsMeyLXtKA,2026-02-14T03:40:53.797Z,13.0,7.085,7.085
250804 은하 EUNHA 비비지 VIVIZ 'La La Love Me + Full Moon +MANIAC' 4K 60P 직캠 @울산 음악중심 by DaftTaengk,https://www.youtube.com/watch?v=C0bjh0avZB0,DaftTaengk,https://www.youtube.com/channel/UCrTCkJ8377E7JhsMeyLXtKA,2026-02-14T03:40:41.605Z,603.0,12.192,12.192
251210 은하 EUNHA 비비지 VIVIZ Full ver Shhh!+BOP BOP!+늘 지금처럼+La La Love Me+MANIAC 4K 60P 직캠 @논산청소년송년페스티벌,https://www.youtube.com/watch?v=8Okryr-KgR0,DaftTaengk,https://www.youtube.com/channel/UCrTCkJ8377E7JhsMeyLXtKA,2026-02-14T03:40:29.880Z,1484.0,11.725,11.725
250906 전소미 JEONSOMI 'Fast Forward' 4K 60P 직캠 @DMZ OPEN 콘서트 by DaftTaengk,https://www.youtube.com/watch?v=fwYfY5hxpos,DaftTaengk,https://www.youtube.com/channel/UCrTCkJ8377E7JhsMeyLXtKA,2026-02-14T03:40:08.832Z,166.0,21.048,21.048
[주간아 미방] 드림캐쳐(DREAMCATCHER) 한동 'BEcause’ 직캠 l EP.522,https://www.youtube.com/watch?v=T3pU1ZPhJ0o,ALL THE K-POP,https://www.youtube.com/channel/UCPde4guD9yFBRzkxk2PatoA,2026-02-14T03:38:55.705Z,194.0,73.127,73.127
[예능연구소] 드림캐쳐 한동 직캠 'Odd Eye' (DREAMCATCHER HANDONG FanCam) @Show!MusicCore MBC210206방송,https://www.youtube.com/watch?v=SM38WdN414A,MBCkpop,https://www.youtube.com/channel/UCe52oeb7Xv_KaJsEzcKXJJg,2026-02-14T03:38:48.429Z,189.0,7.276,7.276
[4K] 251121 Dreamcatcher Handong 'Gray Zone(灰色地带)' Fancam  | 드림캐쳐 한동 직캠 @AtsnstA镜界 Showcase,https://www.youtube.com/watch?v=mV1q6o6M-fk,Apricity Handong,https://www.youtube.com/channel/UCbYpOK23WENd8OMO0cNJ_YA,2026-02-14T03:37:59.702Z,198.0,48.727,48.727
[쇼챔직캠 4K] 드림캐쳐 한동 - 바람아 (DREAMCATCHER HANDONG - Wind Blows) l #쇼챔피언 l EP.384,https://www.youtube.com/watch?v=n8bbYbxSFuw,ALL THE K-POP,https://www.youtube.com/channel/UCPde4guD9yFBRzkxk2PatoA,2026-02-14T03:37:53.108Z,208.0,6.594,6.594
[MPD직캠] 드림캐쳐 한동 직캠 4K 'BONVOYAGE' (Dreamcatcher HANDONG FanCam) | @MCOUNTDOWN_2023.05.25,https://www.youtube.com/watch?v=4Dg5ZFFBbT8,M2,https://www.youtube.com/channel/UCTQVIXvcHrR9jYoJ6qaBAow,2026-02-14T03:34:04.838Z,260.0,228.27,228.27
[안방1열 직캠4K] 드림캐쳐 한동 'OOTD' (Dreamcatcher HANDONG FanCam) @SBS Inkigayo 231203,https://www.youtube.com/watch?v=lsLOh-z4gPg,SBSKPOP ZOOM,https://www.youtube.com/channel/UCM3jwNRfl5-W8VzgT6DsaEQ,2026-02-14T03:32:55.345Z,203.0,69.493,69.493
[안방1열 직캠4K] 드림캐쳐 지유 'OOTD' (Dreamcatcher JIU FanCam) @SBS Inkigayo 231203,https://www.youtube.com/watch?v=M3uL1vH42HM,SBSKPOP ZOOM,https://www.youtube.com/channel/UCM3jwNRfl5-W8VzgT6DsaEQ,2026-02-14T03:30:44.974Z,199.0,130.371,130.371
[4K] 251031 아이브 장원영 'ATTITUDE' 직캠 (IVE WONYOUNG FanCam),https://www.youtube.com/watch?v=_GHT5Mg3vdU,미라이 MIRAI,https://www.youtube.com/channel/UCMVWMr9DyeoFpLknyryDDGQ,2026-02-14T03:30:30.430Z,,14.544,14.544
[MPD직캠] 유아유 지유 직캠 4K '2 Months' (UAU JIU FanCam) | @MCOUNTDOWN_2025.5.29,https://www.youtube.com/watch?v=MCF1-o8xe2s,M2,https://www.youtube.com/channel/UCTQVIXvcHrR9jYoJ6qaBAow,2026-02-14T03:30:14.984Z,183.0,15.446,15.446
250813 Dreamcatcher UAU 드림캐쳐 유아유 - Taki Taki (Jiu Fancam 지유 직캠) @ Buenos Aires,https://www.youtube.com/watch?v=hMDL-3EDqBg,Flannel,https://www.youtube.com/channel/UCpCroCi3IWzrUHmO0RZgCgg,2026-02-14T03:29:34.753Z,182.0,40.231,40.231
[FanCam] Dreamcatcher (드림캐쳐) JiU (지유) : Dreamcatcher World Tour [Apocalypse : Save us] 07.16.22,https://www.youtube.com/watch?v=EsrflB8ik5o,ren503,https://www.youtube.com/channel/UCbkV3k4LX53Vt54GKcRSFZw,2026-02-14T03:29:23.823Z,30.0,10.93,10.93
Dreamcatcher Hot Jiu dancing hard OOTD 😍🥰😂 #kpop #dreamcatcher #dance #jiu #gahyeon,https://www.youtube.com/watch?v=tcPU1-9FETQ,TwiceDreamNJ,https://www.youtube.com/channel/UCJ_40m51n660ehtmcrj8i7g,2026-02-14T03:29:15.106Z,10.0,8.717,8.717
"250923 ""2Months"" 프리뷰 4K 드림캐쳐 유아유 지유 직캠 : Dreamcatcher UAU JIU fancam",https://www.youtube.com/watch?v=Z8bPRfg4970,JIUROLEPIS REDRHODANTHE,https://www.youtube.com/channel/UCAoQtFDpgB9bCjjhiUlZayg,2026-02-14T03:28:48.662Z,58.0,26.444,26.444
When you find more than just eggs in the chicken coop 🐍,https://www.youtube.com/watch?v=6H9X7K72UFw,Furry Tails,https://www.youtube.com/channel/UCVCT1j6axPfLlhXkICzOhMQ,2026-02-14T03:26:05.315Z,58.0,163.347,58.0
The Insane Biology of: The Saltwater Crocodile,https://www.youtube.com/watch?v=Z5rCogD4e2k,Real Science,https://www.youtube.com/channel/UC176GAQozKKjhz62H8u9vQQ,2026-02-14T02:36:22.657Z,2387.0,2982.658,2387.0
Who Causes Chaos Better Than MFT? | WWE SmackDown Highlight 2/13/26 | WWE on USA,https://www.youtube.com/watch?v=maaT-p3rWJg,WWE on USA,https://www.youtube.com/channel/UCSy3TvvwAV12MD0rLsHyClQ,2026-02-14T02:27:47.504Z,1038.0,515.153,515.153
"The MFTs brawl with Carmelo Hayes, Ilja Dragunov and more: SmackDown highlights, Feb. 13, 2026",https://www.youtube.com/watch?v=SXaAHZpCwOs,WWE,https://www.youtube.com/channel/UCJ5v_MCY6GNUBTO8-D3XoAg,2026-02-14T02:24:48.151Z,202.0,179.353,179.353
Please Don’t Get a Donkey,https://www.youtube.com/watch?v=bWo2JvWHVnA,Anne of All Trades,https://www.youtube.com/channel/UCCkFJmUgzrZdkeHl_qPItsA,2026-02-14T02:17:59.324Z,1135.0,408.827,408.827
We All Fall Down | WWE SmackDown Highlight 2/13/26 | WWE on USA,https://www.youtube.com/watch?v=6pb50kwGZCk,WWE on USA,https://www.youtube.com/channel/UCSy3TvvwAV12MD0rLsHyClQ,2026-02-14T02:09:29.849Z,507.0,509.475,507.0
🐐 How to Handle an Aggressive or Dominant Goat (When & Why to Flip),https://www.youtube.com/watch?v=-jjIz-m5bpo,PackGoats.com,https://www.youtube.com/channel/UCjMKhr8fuwnO0mjnehbPlpA,2026-02-14T02:02:28.603Z,470.0,421.246,421.246
The GOAT GUY’S Ranching Philosophy,https://www.youtube.com/watch?v=gVaBuIo_x84,PackGoats.com,https://www.youtube.com/channel/UCjMKhr8fuwnO0mjnehbPlpA,2026-02-14T02:02:05.177Z,315.0,23.426,23.426
The Steward of the Land,https://www.youtube.com/watch?v=oSWllxs2JQw,PackGoats.com,https://www.youtube.com/channel/UCjMKhr8fuwnO0mjnehbPlpA,2026-02-14T01:59:25.087Z,215.0,160.09,160.09
Why Pack Goats For A Hunter?,https://www.youtube.com/watch?v=dypYgrydHIs,PackGoats.com,https://www.youtube.com/channel/UCjMKhr8fuwnO0mjnehbPlpA,2026-02-14T01:57:13.603Z,160.0,131.484,131.484
🐐 Understanding Goat Personalities | Marc Warnke “The Goat Guy”,https://www.youtube.com/watch?v=rS5frnpIEk0,PackGoats.com,https://www.youtube.com/channel/UCjMKhr8fuwnO0mjnehbPlpA,2026-02-14T01:41:24.194Z,1042.0,949.409,949.409
How Chicken Tunnels (Chunnels) Keep Your Flock Safe & Your Garden Thriving #Chickens #BackyardFarmin,https://www.youtube.com/watch?v=dKTVrBVlv9A,InfoFlicker,https://www.youtube.com/channel/UCUT1_kecDORI4Amg3KDVJ3w,2026-02-14T01:39:21.179Z,44.0,123.015,44.0
https://www.youtube.com/watch?v=gL3Hjeka7j4,https://www.youtube.com/watch?v=gL3Hjeka7j4,,,2026-02-14T01:31:58.928Z,,442.251,442.251
Complete Financial Accounting Course - 11-Hour Full Tutorial for Beginners,https://www.youtube.com/watch?v=eyXKvOrDoqw,Tony Bell,https://www.youtube.com/channel/UCNFClg6mzfZ5ixpuH9c7f1A,2026-02-13T22:36:19.957Z,39601.0,10538.971,10538.971
WHO SHOULD RETIRE BROCK LESNAR? (WWE This or That),https://www.youtube.com/watch?v=l-BeivwiJrw,MrSantiZap,https://www.youtube.com/channel/UC60Z18qxfHNBdI-c_dE6z1Q,2026-02-13T22:21:07.115Z,1405.0,912.842,912.842
They already fixed what made Domina BROKEN! | Overwatch Hotfix Patch 2.13.26,https://www.youtube.com/watch?v=A2S7akQetuc,KarQ,https://www.youtube.com/channel/UCQH4V9PiY_eLo4Ihr1tWCwQ,2026-02-13T21:57:21.794Z,282.0,1425.321,282.0
Testing an egg poking tool,https://www.youtube.com/watch?v=kxhuoz5ewsk,Angus Wan,https://www.youtube.com/channel/UCf5ZUNp6d_FLu88HK_rgSww,2026-02-13T21:53:46.711Z,38.0,215.083,38.0
Dynamic Pricing is OUT OF CONTROL,https://www.youtube.com/watch?v=n3BNAczZmTs,Levi Hildebrand,https://www.youtube.com/channel/UC-OJ-24roEfQ_-PCnLJSckg,2026-02-13T21:37:56.962Z,1174.0,949.749,949.749
Why I Bought 50 Costco Chickens,https://www.youtube.com/watch?v=nX2ek84rYdk,Senpai Kai,https://www.youtube.com/channel/UCt80koRTG61DmNCp4oybLSg,2026-02-13T21:37:41.341Z,46.0,15.621,15.621
"She QUIT Her $100,000 Salary Job!",https://www.youtube.com/watch?v=QUqEWalOJzo,Caleb Hammer,https://www.youtube.com/channel/UCLe_q9axMaeTbjN0hy1Z9xA,2026-02-13T21:37:06.067Z,59.0,35.274,35.274
Are Expensive Eggs actually worth it?,https://www.youtube.com/watch?v=0YY7K7Xa5rE,Ethan Chlebowski,https://www.youtube.com/channel/UCDq5v10l4wkV5-ZBIJJFbzQ,2026-02-13T21:33:29.983Z,2181.0,216.084,216.084
Vital Farms Just Got Exposed (It's Bad),https://www.youtube.com/watch?v=u0QO-kVRZic,Mori,https://www.youtube.com/channel/UCA3OHQYyLKHdI_k54SMyb6w,2026-02-13T21:26:51.147Z,533.0,398.836,398.836
Pasture raised eggs are 1000% worth the extra money!,https://www.youtube.com/watch?v=rzoTDsKHgM8,Dr Olivia Naturals,https://www.youtube.com/channel/UCU68NoyxWPoOocunIKuKL5w,2026-02-13T21:26:19.633Z,25.0,31.514,25.0
Which Eggs To Buy?,https://www.youtube.com/watch?v=xhKFdqTv4uo,Bobby Parrish,https://www.youtube.com/channel/UCnq1w-56tAvMdDup-CL6Vtg,2026-02-13T21:16:36.896Z,103.0,582.737,103.0
The Difference Between Store Bought and Farm Fresh Eggs,https://www.youtube.com/watch?v=_61Fskx44DY,Acres Of Adventure Homestead,https://www.youtube.com/channel/UC_Aaa1PrVb_Rq9i1H_fGoYA,2026-02-13T21:14:34.541Z,45.0,122.355,45.0
"Costco Eggs vs. Pasture-Raised Farm Eggs: Taste, Nutrition which one is better?",https://www.youtube.com/watch?v=hVf9J2g-pdo,Teamoteo Adventures,https://www.youtube.com/channel/UCakoAv1jKbKW__pppOLBwKQ,2026-02-13T21:13:24.650Z,16.0,69.891,16.0
Top 3 Eggs to Buy at Whole Foods. Choose @VitalFarms #eggs #egg,https://www.youtube.com/watch?v=rkxH0QRkR9M,Im Just Wasim,https://www.youtube.com/channel/UCqZwdzlbe8msLsxkyKUuV0A,2026-02-13T21:12:59.340Z,55.0,25.31,25.31
What you need to know about Vital Farms eggs! #eggs #pastureraised #nutritiontips,https://www.youtube.com/watch?v=IYwCGgkjhzk,Clean Kitchen Nutrition,https://www.youtube.com/channel/UCiuwcs93oECRqdpJwwZV4ZQ,2026-02-13T21:11:52.242Z,64.0,67.098,64.0
Raising Chickens on Pasture #chickens #raisingchickens,https://www.youtube.com/watch?v=a169Dtc0SQI,Farmer Froberg,https://www.youtube.com/channel/UC3PJ78uy3SoIj7ki61pz8RA,2026-02-13T21:11:24.372Z,21.0,27.87,21.0
Cage Free vs. Pasture Raised Eggs,https://www.youtube.com/watch?v=IhFvUhh4XUg,TriggTube,https://www.youtube.com/channel/UCvy6TA5egUGHnZXVRYDKOhg,2026-02-13T21:10:11.558Z,60.0,72.814,60.0
THE WORST LIVESTOCK for Beginners is…,https://www.youtube.com/watch?v=JTRqJea0wXc,Homesteady,https://www.youtube.com/channel/UCv2Li-PxOya3XCL-St_4DkA,2026-02-13T21:06:19.210Z,2173.0,232.348,232.348
"Is LeBron James' ""I Promise"" school failing?",https://www.youtube.com/watch?v=Pz-gYAQZl8o,kipkame11,https://www.youtube.com/channel/UCAK9CppGD8e6JivkqC3XW8Q,2026-02-13T21:05:29.642Z,1279.0,49.568,49.568
How I EXHAUST My High Energy Dog in 10 Minutes,https://www.youtube.com/watch?v=uDXt6glez2E,Hamilton Dog Training,https://www.youtube.com/channel/UCu0I8HBZTOKAHhM6vmMR95A,2026-02-13T21:00:39.676Z,535.0,289.966,289.966
KarQ's Thoughts on the 5 New Heroes,https://www.youtube.com/watch?v=Eb4SqR978HA,KarQ Archives,https://www.youtube.com/channel/UCqonfqa51MTb9zeMbhvndeQ,2026-02-13T20:59:22.620Z,1338.0,77.056,77.056
How We Still Have Any Trees Left,https://www.youtube.com/watch?v=fqlsP0rtg0s,Business Explains The World,https://www.youtube.com/channel/UCDEs0NoYs8QTTA6YLBrsqGg,2026-02-13T20:51:57.019Z,1297.0,445.601,445.601
구르고 싶다,https://www.youtube.com/watch?v=crtuBh54JhM,T1,https://www.youtube.com/channel/UCJprx3bX49vNl6Bcw01Cwfg,2026-02-13T20:47:15.252Z,734.0,281.767,281.767
I WILL NOT BE PLAYING PRO ANYMORE!,https://www.youtube.com/watch?v=VfjOzmfFAz8,Thebausffs,https://www.youtube.com/channel/UCu7ODDeIZ4x1rJwM1LCVL8w,2026-02-13T20:34:32.182Z,1078.0,763.07,763.07
This took 5 Hours,https://www.youtube.com/watch?v=QD2cHugvXos,Annag,https://www.youtube.com/channel/UCCKs3glbBFWtZFFrAawVViA,2026-02-13T20:32:27.429Z,60.0,124.753,60.0
This Guy Spends $1200 Per MONTH on McDonald's,https://www.youtube.com/watch?v=SXNhMPEeOlo,Caleb Hammer,https://www.youtube.com/channel/UCLe_q9axMaeTbjN0hy1Z9xA,2026-02-13T20:30:08.277Z,59.0,139.152,59.0
Morning Chores FARM TOUR! | Meet Our Newest Baby Animal! (Summer 2024),https://www.youtube.com/watch?v=utrnmb5igLc,Anne of All Trades,https://www.youtube.com/channel/UCCkFJmUgzrZdkeHl_qPItsA,2026-02-13T20:21:47.773Z,1421.0,500.504,500.504
Please Don't Get an Alpaca,https://www.youtube.com/watch?v=jE4ynAnC6Pc,Anne of All Trades,https://www.youtube.com/channel/UCCkFJmUgzrZdkeHl_qPItsA,2026-02-13T20:11:45.014Z,1409.0,602.759,602.759
Please Don't Get a Goat,https://www.youtube.com/watch?v=xPU4-07VTmQ,Anne of All Trades,https://www.youtube.com/channel/UCCkFJmUgzrZdkeHl_qPItsA,2026-02-13T19:53:34.257Z,1543.0,1090.757,1090.757
Joe Rogan Experience #2392 - John Kiriakou,https://www.youtube.com/watch?v=TZqADzuu73g,PowerfulJRE,https://www.youtube.com/channel/UCzQUP1qoWDoEbmsQxvdjxgQ,2026-02-13T19:43:23.203Z,9066.0,611.054,611.054
DK Always Stressing Caedrel Out,https://www.youtube.com/watch?v=I_7SR7y3hpM,Caedrel Clips,https://www.youtube.com/channel/UCU9Vd2lRheyB374OjW7iVJg,2026-02-13T19:38:11.569Z,304.0,311.634,304.0
She Confronted Me With A Gun | Financial Audit,https://www.youtube.com/watch?v=Nj_117ATC5M,Caleb Hammer,https://www.youtube.com/channel/UCLe_q9axMaeTbjN0hy1Z9xA,2026-02-13T19:38:10.235Z,5379.0,1.334,1.334
Let's Talk About the Ted DiBiase Situation,https://www.youtube.com/watch?v=FEOp4_6uWa4,Maven Huffman,https://www.youtube.com/channel/UCUaMKv2qklMwzIwHXDpWyFg,2026-02-13T16:39:15.515Z,742.0,10734.72,742.0
Calamondin or Calamansi Tree in Portugal #calamondin #calamansi #tree,https://www.youtube.com/watch?v=9z1sopBSGkw,Ifra's view,https://www.youtube.com/channel/UCG92P1iDrJLQbpxQhqw4D9w,2026-02-13T16:38:14.066Z,21.0,61.449,21.0
My little Calamansi Tree 🪴 🍋‍🟩 from Amazon,https://www.youtube.com/watch?v=mdQEnIfOLmE,The Adventures of Karen,https://www.youtube.com/channel/UCyTbKoVhLbydYuIFAFw5rdw,2026-02-13T16:37:46.309Z,29.0,27.757,27.757
What is a calamondin,https://www.youtube.com/watch?v=SCxYSWkMZ4c,Louise Tailleur,https://www.youtube.com/channel/UCpsABScmDGQCrextJH0bfjQ,2026-02-13T16:37:31.237Z,11.0,15.072,11.0
Successfully growing calamansi in a pot in a non tropical environment #shorts #gardening #plants,https://www.youtube.com/watch?v=Nh8vwGojdf0,Marianne B.,https://www.youtube.com/channel/UCrvDumrlo5_ShXsikfRccgg,2026-02-13T16:37:07.782Z,42.0,23.455,23.455
Calamondin Lime - Fruit of a forbidden love,https://www.youtube.com/watch?v=5p6t-Ao6TEQ,The Island Homestead,https://www.youtube.com/channel/UCp03zPoyI_8n2OR-67eXTDQ,2026-02-13T16:36:28.633Z,48.0,39.149,39.149
"Japanese R&B ""壊れたラブストーリー"" 夜に聴きたいR&B Chill Playlist🌌✨ 邦楽 J-POP プレイリスト ドライブ",https://www.youtube.com/watch?v=sLcx_XlDWdI,Nekonoma,https://www.youtube.com/channel/UCUAAnReY1hY1Gd2-cRHjTpQ,2026-02-13T15:34:32.067Z,3979.0,3716.566,3716.566
Why Messi Walks 83% of the Match,https://www.youtube.com/watch?v=U2Hj1wCksu4,Becir,https://www.youtube.com/channel/UCgkRVJwAom52xP5UMo2VHkg,2026-02-13T14:42:22.984Z,434.0,3129.083,434.0
It's a dark day for League of Legends.,https://www.youtube.com/watch?v=dPPH_mbpYHo,Rival,https://www.youtube.com/channel/UC4C06RNLUt4B1P74UGBEXtw,2026-02-13T14:38:45.856Z,1138.0,217.128,217.128
SHOWING EUW SOLOQ WHAT LEC TAUGHT ME,https://www.youtube.com/watch?v=S8seNuvmtVM,Velja,https://www.youtube.com/channel/UCy73KDxjuOfaMZLD-fmcVSA,2026-02-13T14:37:56.367Z,2310.0,49.489,49.489
12 years of chasing my wife with a lobster (2025 Update),https://www.youtube.com/watch?v=1Qy1QZyxTQM,JonTheBoss,https://www.youtube.com/channel/UCqWGIc_eXfLoTi1E8CiW73w,2026-02-13T14:34:32.147Z,161.0,204.22,161.0
"Japanese R&B  ""Stay with me”  夜に聴きたいYour Love Songs🌌✨ Chill J-POP Playlist for Driving & Late Nights",https://www.youtube.com/watch?v=8ROVmSYaKaM,Nekonoma,https://www.youtube.com/channel/UCUAAnReY1hY1Gd2-cRHjTpQ,2026-02-13T13:54:37.395Z,10811.0,2394.752,2394.752
How Good Was Buccaneers Tom Brady Actually?,https://www.youtube.com/watch?v=pGeA3R7FnhA,BLITZ,https://www.youtube.com/channel/UCqyfU_d7H2wJtCBSuW2nQ-g,2026-02-13T13:41:11.565Z,892.0,805.83,805.83
How Much Money Tesla Employees Make,https://www.youtube.com/watch?v=WCzDVpjZgNk,Caleb Hammer,https://www.youtube.com/channel/UCLe_q9axMaeTbjN0hy1Z9xA,2026-02-13T13:39:52.180Z,43.0,79.385,43.0
"Always take care of the people who are good to you, Nick is an absolute pleasure to talk with❤️❄️",https://www.youtube.com/watch?v=DQyu9CZnuLs,Brandan Wicks,https://www.youtube.com/channel/UC_isrZVwATUkGvVWovrW8nQ,2026-02-13T13:31:17.860Z,164.0,514.32,164.0
Helping costs nothing! ❤️❄️ #helpothers #snowremoval #bekind #winter,https://www.youtube.com/watch?v=xjvpFIJkjws,Brandan Wicks,https://www.youtube.com/channel/UC_isrZVwATUkGvVWovrW8nQ,2026-02-13T13:31:10.961Z,157.0,6.899,6.899
"In NJ snow storms, Neighbors help Neighbors 🤝🫶 #helpothers",https://www.youtube.com/watch?v=nNYEtJPTtKI,Brandan Wicks,https://www.youtube.com/channel/UC_isrZVwATUkGvVWovrW8nQ,2026-02-13T13:31:10.687Z,120.0,0.274,0.274
Always pay it forward 🧡. #helpothers #snowremoval #bekind,https://www.youtube.com/watch?v=kmusJ8YCkkU,Brandan Wicks,https://www.youtube.com/channel/UC_isrZVwATUkGvVWovrW8nQ,2026-02-13T13:28:57.897Z,141.0,132.79,132.79
Community isn’t built online. It’s built neighbor by neighbor. Start local. Help often❤️❄️,https://www.youtube.com/watch?v=8SG6qCPAnAQ,Brandan Wicks,https://www.youtube.com/channel/UC_isrZVwATUkGvVWovrW8nQ,2026-02-13T13:28:13.443Z,141.0,44.454,44.454
"He gave years of his life so we could live ours freely. I gave my time, and id do it again. 🫶🇺🇸",https://www.youtube.com/watch?v=IKkLmS8cCgE,Brandan Wicks,https://www.youtube.com/channel/UC_isrZVwATUkGvVWovrW8nQ,2026-02-13T13:25:54.531Z,140.0,138.912,138.912
This is why i do what i do.❤️ #helpothers #helpingeachother #helpsomeone,https://www.youtube.com/watch?v=9h3VvcJY8Wc,Brandan Wicks,https://www.youtube.com/channel/UC_isrZVwATUkGvVWovrW8nQ,2026-02-13T13:24:38.003Z,79.0,76.528,76.528
Helping people when they really need it is the best❤️❄️. #helpothers #snowremoval,https://www.youtube.com/watch?v=fg0T1u4Zouo,Brandan Wicks,https://www.youtube.com/channel/UC_isrZVwATUkGvVWovrW8nQ,2026-02-13T13:24:36.683Z,90.0,1.32,1.32
"I was in a rush but i couldn’t drive past her. That could be someones mother, or grandma ❤️ #help",https://www.youtube.com/watch?v=wvO8I60-40Q,Brandan Wicks,https://www.youtube.com/channel/UC_isrZVwATUkGvVWovrW8nQ,2026-02-13T13:20:48.358Z,89.0,228.325,89.0
I will always stop to help a hard working person out in the cold! ❤️❄️🥶,https://www.youtube.com/watch?v=a1Wp835VNhU,Brandan Wicks,https://www.youtube.com/channel/UC_isrZVwATUkGvVWovrW8nQ,2026-02-13T13:17:34.209Z,134.0,194.149,134.0
THE END OF LOS RATONES,https://www.youtube.com/watch?v=Sovv_bVH46M,Los Ratones,https://www.youtube.com/channel/UCH0pqJ6QWX_YkKKL_8zaS_g,2026-02-13T13:16:54.894Z,1325.0,39.315,39.315
I Wasn’t Expecting to See THIS at Costco,https://www.youtube.com/watch?v=7pEOWmsbrOk,Emmythelab,https://www.youtube.com/channel/UCzD9RAbtDouz5k6HKz1SVsg,2026-02-13T13:15:59.456Z,45.0,55.438,45.0
THIS Is What Total ANNIHILATION Looks Like...,https://www.youtube.com/watch?v=UwPBJQy5rZo,Heat Check,https://www.youtube.com/channel/UCmwxBk7Af9OnnloGZzp6JnQ,2026-02-13T13:14:34.172Z,953.0,85.284,85.284
They fed him for 2 years but when he came back wounded everything changed ❤️,https://www.youtube.com/watch?v=7Qb4yhQFb7s,We Love Animals,https://www.youtube.com/channel/UCz2RMMEv5CNrOKJhs7BvLpw,2026-02-13T13:08:15.213Z,180.0,378.959,180.0
NEW OVERWATCH SEASON,https://www.youtube.com/watch?v=JBveKM8-tYo,emongg,https://www.youtube.com/channel/UCAtmNvxD7eOs_kwxm-zzoMQ,2026-02-13T13:08:03.874Z,42900.0,11.339,11.339
"Los Angeles Lakers vs Dallas Mavericks Full Game Highlights – February 12, 2026 | NBA Season",https://www.youtube.com/watch?v=G0B1MGOvxSE,GAMETIME HIGHLIGHTS,https://www.youtube.com/channel/UC0LrZO9wORIqn_aRJtKdgfA,2026-02-13T12:34:10.994Z,588.0,2032.88,588.0
Husband Financially TRAPPED Her,https://www.youtube.com/watch?v=1KpGmqfpztw,Caleb Hammer,https://www.youtube.com/channel/UCLe_q9axMaeTbjN0hy1Z9xA,2026-02-13T12:32:47.867Z,36.0,83.127,36.0
DK vs DRX | 2026 LCK CUP Playoffs,https://www.youtube.com/watch?v=dNE9Wj8cRC4,LCK Global,https://www.youtube.com/channel/UCKVlixycWmapnGQ_wht4cHQ,2026-02-13T12:28:45.799Z,19366.0,242.068,242.068
What Keeps Gen-Z Away From Christ? ft. Cliffe and Stuart Knechtle,https://www.youtube.com/watch?v=iRZfGCBQU90,Charlie Kirk,https://www.youtube.com/channel/UCfaIu2jO-fppCQV_lchCRIQ,2026-02-13T01:33:44.294Z,2654.0,39301.505,2654.0
"Goats: Social, Smart, and Surprisingly Sensitive | FULL DOCUMENTARY",https://www.youtube.com/watch?v=jHXK9ohcYug,SLICE Full Doc,https://www.youtube.com/channel/UCGDXj3vSgJ8MCbzbb_C9thA,2026-02-13T00:43:19.885Z,3021.0,3024.409,3021.0
Psychology of Goats and How they Work,https://www.youtube.com/watch?v=p0Rocv9egHw,PackGoats.com,https://www.youtube.com/channel/UCjMKhr8fuwnO0mjnehbPlpA,2026-02-13T00:36:35.858Z,393.0,404.027,393.0
Morning Chores FARM TOUR! | Meet All My Animals!,https://www.youtube.com/watch?v=0FmwpU0rk80,Anne of All Trades,https://www.youtube.com/channel/UCCkFJmUgzrZdkeHl_qPItsA,2026-02-13T00:36:19.146Z,1772.0,16.712,16.712
10 Things I Wish I Knew Before Getting Goats,https://www.youtube.com/watch?v=MyklAHZHd24,Anne of All Trades,https://www.youtube.com/channel/UCCkFJmUgzrZdkeHl_qPItsA,2026-02-13T00:30:14.481Z,400.0,364.665,364.665
Why I canceled the Best Credit Card in the Game! Amex Hilton Aspire. ,https://www.youtube.com/watch?v=L-44gN8etU4,Luke's Points and Miles,https://www.youtube.com/channel/UCU8_ZlRsvvGoinB8RnKC7qA,2026-02-13T00:10:12.112Z,610.0,1202.369,610.0
My Updated Simple Credit Card Strategy for 2026!!,https://www.youtube.com/watch?v=1e203qoiBMc,Luke's Points and Miles,https://www.youtube.com/channel/UCU8_ZlRsvvGoinB8RnKC7qA,2026-02-13T00:05:55.421Z,497.0,256.691,256.691
"Uncle Luke Is LIVE!!!! Credit Cards, Points, Miles, Cash Back and Travel!!!",https://www.youtube.com/watch?v=ydb4ZNqlX1w,Luke's Points and Miles,https://www.youtube.com/channel/UCU8_ZlRsvvGoinB8RnKC7qA,2026-02-13T00:05:43.230Z,4679.0,12.191,12.191
This is why DOMINA is OP right now! #overwatch #domina,https://www.youtube.com/watch?v=tU6mfMmUeV4,KarQ,https://www.youtube.com/channel/UCQH4V9PiY_eLo4Ihr1tWCwQ,2026-02-13T00:05:11.447Z,20.0,31.783,20.0
f(x) 에프엑스 'Chu~♡' MV,https://www.youtube.com/watch?v=Cnz2n5VcV4Q,SMTOWN,https://www.youtube.com/channel/UCEf_Bc-KVd7onSeifS3py9g,2026-02-13T00:03:49.759Z,198.0,81.688,81.688
How To Surrender To God | New Orleans After Service,https://www.youtube.com/watch?v=gmoN7HUc_qg,Johnny Chang,https://www.youtube.com/channel/UC2J3xT5HNkPl-Sdx16YlFAw,2026-02-13T00:02:38.090Z,1096.0,71.669,71.669
HUBLOT x Jung Kook,https://www.youtube.com/watch?v=cKzQ6NM5IWI,HUBLOT,https://www.youtube.com/channel/UCFnJCBumZ6y7lVOFTh8QpIw,2026-02-13T00:01:25.903Z,51.0,72.187,51.0
Alphabet Bets Big on 100 Years of Debt,https://www.youtube.com/watch?v=Nr15PrARQlo,Bloomberg Television,https://www.youtube.com/channel/UCIALMKvObZNtJ6AmdCLP7Lg,2026-02-12T23:59:52.297Z,267.0,93.606,93.606
[입덕직캠] 베이비몬스터 아현 직캠 4K 'Really Like You' (BABYMONSTER AHYEON FanCam) | @MCOUNTDOWN_2026.2.5,https://www.youtube.com/watch?v=lt_LdIkPYkY,M2,https://www.youtube.com/channel/UCTQVIXvcHrR9jYoJ6qaBAow,2026-02-12T23:58:31.177Z,356.0,81.12,81.12
5 Thunderous Wrestlemania Returns‼️ part 1 #wwe #wrestling #wrestlemania #wweuniverse,https://www.youtube.com/watch?v=DuVepkcwl9c,SES,https://www.youtube.com/channel/UCll77J6_d4ijTtvPBzFAgMw,2026-02-12T23:58:15.237Z,84.0,15.94,15.94
Billionaire's Row in NYC is now abandoned. 🗽,https://www.youtube.com/watch?v=IlNFgf-2PRQ,Lectec | Everyday Science,https://www.youtube.com/channel/UCIiALZGKzY4ScjV92l4vI1Q,2026-02-12T23:56:47.755Z,74.0,87.482,74.0
When Your Cat Is So Cold She Won’t Stop Shivering 😿❄️#fyp #cat #cats #catlover,https://www.youtube.com/watch?v=OS0FAaAB6Bg,meow&hao,https://www.youtube.com/channel/UC7NoNT3ZHbnY3QlFOPWBscA,2026-02-12T23:55:39.302Z,57.0,68.453,57.0
Finance vs Accounting Explained,https://www.youtube.com/watch?v=5ne3rJ-kGhQ,Brian Feroldi,https://www.youtube.com/channel/UCs60_Z83HU76uygzHRQl0kA,2026-02-12T23:53:38.876Z,60.0,120.426,60.0
She Makes $100k a Year Working REMOTE,https://www.youtube.com/watch?v=XR3uSeAfYyQ,Caleb Hammer,https://www.youtube.com/channel/UCLe_q9axMaeTbjN0hy1Z9xA,2026-02-12T23:52:55.870Z,45.0,43.006,43.006
Mastercard Glitch for Bilt? 💳 Fixes Coming Soon? #shorts,https://www.youtube.com/watch?v=XTB7fvA50wY,Joe Barreto,https://www.youtube.com/channel/UCqVS6SkaVAhpVSeOpguYOQg,2026-02-12T23:52:39.604Z,126.0,16.266,16.266
What a special moment as John Cena pays respect to the late Bray Wyatt with Sister Abigail. 👏 #WWE,https://www.youtube.com/watch?v=pHsRtJDah_o,WWE on Netflix,https://www.youtube.com/channel/UClO9oAku51INqqCVr4Xh7DQ,2026-02-12T23:51:06.684Z,61.0,92.92,61.0
[4K] 251031 아이브 장원영 'ATTITUDE' 직캠 (IVE WONYOUNG FanCam),https://www.youtube.com/watch?v=_GHT5Mg3vdU,미라이 MIRAI,https://www.youtube.com/channel/UCMVWMr9DyeoFpLknyryDDGQ,2026-02-12T23:24:33.626Z,,1593.058,1593.058
[MPD직캠] 아이브 장원영 직캠 4K 'BANG BANG' (IVE JANGWONYOUNG FanCam) | @MCOUNTDOWN_2026.2.12,https://www.youtube.com/watch?v=XmutoqP5b58,M2,https://www.youtube.com/channel/UCTQVIXvcHrR9jYoJ6qaBAow,2026-02-12T23:24:02.428Z,199.0,31.198,31.198
아이브 직캠 (back cam) IVE ATTITUDE FANCAM  | 250821 KWDA,https://www.youtube.com/watch?v=-o6iP4b9BkA,RARP,https://www.youtube.com/channel/UCPf45aZQnEHn1J9C-HPlMSA,2026-02-12T23:23:20.896Z,193.0,41.532,41.532
[쇼챔직캠 4K] UAU SUA(유아유 수아) - Sacrifice | Show Champion | EP.557 | 250604,https://www.youtube.com/watch?v=jPEHgtp2OUA,ALL THE K-POP,https://www.youtube.com/channel/UCPde4guD9yFBRzkxk2PatoA,2026-02-12T23:21:15.154Z,218.0,125.742,125.742
250808 Dreamcatcher UAU 드림캐쳐 유아유 - Attitute (Jiu Fancam 지유 직캠) @ Mexico City,https://www.youtube.com/watch?v=SoF1ZvnVEZ8,Flannel,https://www.youtube.com/channel/UCpCroCi3IWzrUHmO0RZgCgg,2026-02-12T23:19:47.544Z,183.0,87.61,87.61
Complete Financial Accounting Course - 11-Hour Full Tutorial for Beginners,https://www.youtube.com/watch?v=eyXKvOrDoqw,Tony Bell,https://www.youtube.com/channel/UCNFClg6mzfZ5ixpuH9c7f1A,2026-02-12T23:16:32.570Z,39601.0,194.974,194.974
"[𝗣𝗹𝗮𝘆𝗹𝗶𝘀𝘁]「気づいたら、もう連絡してなかったね」,,☁️☔️｜lofi chill・Japanese R&B・sad vibe・night mood | Drive / Study",https://www.youtube.com/watch?v=7WQgOSOyq6o,Nekonoma,https://www.youtube.com/channel/UCUAAnReY1hY1Gd2-cRHjTpQ,2026-02-12T22:58:57.613Z,3731.0,1054.957,1054.957
