title,link,channel,channel_link,date,video_length,time_diff,watch_time
Codex Ed 2 PrototypingWithCodex 16x9,https://www.youtube.com/watch?v=BfZzwD575NQ,,,2026-03-31T22:34:22.297Z,30.0,,30.0
Get Fruity With Kramer | Seinfeld,https://www.youtube.com/watch?v=Vp4OjqVaKnw,Seinfeld,https://www.youtube.com/channel/UCKv01ZGOJhp2HbtDe4EvS8A,2026-03-31T22:08:31.764Z,1432.0,1550.533,1432.0
Career over? Akademiks reacts to Tiger Woods getting arrested for DUI after flippin his Car over!,https://www.youtube.com/watch?v=SEX7NVc35Ps,King Akademiks,https://www.youtube.com/channel/UCg5iO7Pbg7f4gmufzOLD_zA,2026-03-31T21:55:43.424Z,708.0,768.34,708.0
Grow Closer to Christ | Meet with Missionaries | 0:24 | 16x9,https://www.youtube.com/watch?v=MQMfnpbL1OM,,,2026-03-31T21:55:19.609Z,24.0,23.815,23.815
George & Elaine: Underrated Duo | Seinfeld,https://www.youtube.com/watch?v=gSgf8w-Om2U,Seinfeld,https://www.youtube.com/channel/UCKv01ZGOJhp2HbtDe4EvS8A,2026-03-31T21:53:49.093Z,3040.0,90.516,90.516
George Being Cheap For 50 Minutes | Seinfeld,https://www.youtube.com/watch?v=nAEahp9jMlQ,Seinfeld,https://www.youtube.com/channel/UCKv01ZGOJhp2HbtDe4EvS8A,2026-03-31T21:53:20.660Z,2986.0,28.433,28.433
DCD-The-3961| Hulu,https://www.youtube.com/watch?v=LL0C5kJkEYw,,,2026-03-31T21:53:17.874Z,29.0,2.786,2.786
Scale your marketing with Base 44 Superagents,https://www.youtube.com/watch?v=PwZj6dcCrtI,,,2026-03-31T21:40:02.358Z,50.0,795.516,50.0
Cole Humblemaxxing! Akademiks reacts to J Cole going on the worst interview run of his career!,https://www.youtube.com/watch?v=ufa86FOXfQE,King Akademiks,https://www.youtube.com/channel/UCg5iO7Pbg7f4gmufzOLD_zA,2026-03-31T21:40:01.716Z,3266.0,0.642,0.642
Pax Autocratica - Official Launch Date Trailer,https://www.youtube.com/watch?v=PKHmwx0iebA,,,2026-03-31T21:17:54.994Z,124.0,1326.722,124.0
The Best of Deacon & Kelly | The King of Queens,https://www.youtube.com/watch?v=0XwkSHh5aJ4,The King of Queens,https://www.youtube.com/channel/UCgtC-8z30M0B3O9fWnVwutA,2026-03-31T21:10:28.273Z,2678.0,446.721,446.721
We really need to talk about this,https://www.youtube.com/watch?v=_Es1NbQXDtE,Asmongold TV  ,https://www.youtube.com/channel/UCQeRaTukNYft1_6AZPACnog,2026-03-31T21:07:56.415Z,1191.0,151.858,151.858
The Comedy Genius Behind Seinfeld,https://www.youtube.com/watch?v=7Nhbb2dcmc4,Bemore Hollywood Legends,https://www.youtube.com/channel/UCwYDrqBJ7id82pQ1KxKYHLQ,2026-03-31T21:07:26.056Z,60.0,30.359,30.359
Valve did it again..,https://www.youtube.com/watch?v=y-1T_1UoXx0,Asmongold TV  ,https://www.youtube.com/channel/UCQeRaTukNYft1_6AZPACnog,2026-03-31T19:55:53.621Z,1290.0,4292.435,1290.0
Effortless Focus with Brain.fm,https://www.youtube.com/watch?v=Jbpkpyw3Kss,,,2026-03-31T19:42:54.881Z,27.0,778.74,27.0
10 WEIRD Gaming Stories of March 2026,https://www.youtube.com/watch?v=Aj4r5MZG5AU,gameranx,https://www.youtube.com/channel/UCNvzD7Z-g64bPXxGzaQaa4g,2026-03-31T19:41:35.834Z,1020.0,79.047,79.047
More Evidence for UAPs! Scientists Afraid to Speak Out,https://www.youtube.com/watch?v=lYVxRHk258g,Sabine Hossenfelder,https://www.youtube.com/channel/UC1yNl2E66ZzKApQdRuTQ4tw,2026-03-31T19:31:32.767Z,409.0,603.067,409.0
BM–H2 | Bitcoin Mining With Abundant Mines,https://www.youtube.com/watch?v=Rm9ID3voxBw,,,2026-03-31T19:12:05.057Z,199.0,1167.71,199.0
BioLife Restaurant 16x9 15,https://www.youtube.com/watch?v=o43fmywo198,,,2026-03-31T19:11:42.592Z,16.0,22.465,16.0
Your Base44 Superagent is waiting,https://www.youtube.com/watch?v=vG-OpKZJ_h8,,,2026-03-31T19:02:07.262Z,44.0,575.33,44.0
DA Opportunities :30,https://www.youtube.com/watch?v=NC5O09SpMAY,,,2026-03-31T18:54:15.722Z,31.0,471.54,31.0
❗️MARATHON❗️Carrie's Best Crash Outs | The King of Queens,https://www.youtube.com/watch?v=1Z8sV6U9xnQ,The King of Queens,https://www.youtube.com/channel/UCgtC-8z30M0B3O9fWnVwutA,2026-03-31T18:38:46.557Z,3018.0,929.165,929.165
Power of Hope 2M Monthly CTA Banner,https://www.youtube.com/watch?v=oup9hrfzaCc,,,2026-03-31T18:37:45.936Z,121.0,60.621,60.621
Earn on your Gold Savings,https://www.youtube.com/watch?v=iQAt1taHM5I,,,2026-03-31T18:30:31.260Z,15.0,434.676,15.0
200 Hours To Discover You Can Do This In Crimson Desert! 15 Advanced Tips & Tricks,https://www.youtube.com/watch?v=QdvY6UfZF5Q,KhrazeGaming,https://www.youtube.com/channel/UCFXUSG_393wZJaRTErU6Pjw,2026-03-31T18:19:36.531Z,1069.0,654.729,654.729
MARC 4239 BV Unclaimed Podcast Style UGC 16x9 30 Final,https://www.youtube.com/watch?v=5JCFFoF0Tok,,,2026-03-31T18:19:08.672Z,31.0,27.859,27.859
"Lakers/Wizards Postgame x Analysis: J.Worthy, Bron, Luke, Rui, Redick Reactions | March 30",https://www.youtube.com/watch?v=vumDkdbd_RE,FreeDawkins,https://www.youtube.com/channel/UCEjOSbbaOfgnfRODEEMYlCw,2026-03-31T17:48:22.289Z,,1846.383,1846.383
Crimson Desert Complete New Player Guide - How to Improve & Get Better Fast (Crimson Desert Tips),https://www.youtube.com/watch?v=ugTqxlAgkU0,Arekkz Gaming,https://www.youtube.com/channel/UC-zjH-e5XBzMpy_VtwIGRxQ,2026-03-31T09:54:28.493Z,2249.0,28433.796,2249.0
Crimson Desert - Unique ITEMS With Special Powers Will Change How You Play!,https://www.youtube.com/watch?v=SrOAuBjD4h0,KhrazeGaming,https://www.youtube.com/channel/UCFXUSG_393wZJaRTErU6Pjw,2026-03-31T09:44:56.041Z,1180.0,572.452,572.452
✨  Space Ambient Music. Space Deep Relaxation,https://www.youtube.com/watch?v=-YUYLbjl7Sk,Relaxation Ambient Music,https://www.youtube.com/channel/UCkFeoNSqYTa7trn75WM9tsg,2026-03-31T09:44:50.425Z,12691.0,5.616,5.616
#cat #animals #fyp #viral,https://www.youtube.com/watch?v=g7hzzmOVBuc,Spinka Berth,https://www.youtube.com/channel/UCR2anFKnpbaDbHLLQqm2VNw,2026-03-31T09:39:58.148Z,43.0,292.277,43.0
Minas Tirith | Minecraft Timelapse #minecraft #lotr,https://www.youtube.com/watch?v=6hCX5fOXTLM,ItsMeMx,https://www.youtube.com/channel/UCtuBGFNFtbdaeZXCsT-J_-w,2026-03-31T09:39:57.544Z,21.0,0.604,0.604
Hollow Tree Survival Shelter — Better Than I Expected #bushcraft #camping #survival,https://www.youtube.com/watch?v=6X2_nCyL4E4,ItsNotNizz,https://www.youtube.com/channel/UCIl5fmJ_B8_XCzdAby51k3Q,2026-03-31T09:39:56.244Z,,1.3,1.3
I disturbed his nap 😹#cat #fyp #kitty #catlover #cats,https://www.youtube.com/watch?v=F2Z6kd4SMA4,LOL Moments Hub,https://www.youtube.com/channel/UC7E-Vi5XDNxIK8q9snjyr_w,2026-03-31T09:39:55.568Z,26.0,0.676,0.676
Jesus vs. the X-games - Tony Hawk’s got nothing on the Lord of the skateboard!,https://www.youtube.com/watch?v=_V1xPCA6Y-Y,Dr. Sean Tobin,https://www.youtube.com/channel/UC8uIbm-yiTlLv_3FQxeRfEQ,2026-03-31T09:39:23.776Z,39.0,31.792,31.792
#Image recognition using CNN #CNN #AI #ML #techshorts #ytshorts #education,https://www.youtube.com/watch?v=9knVWePO4as,The Knowledge Wings,https://www.youtube.com/channel/UCnUtirpb3JHfUxg2m5-MK3g,2026-03-31T09:38:33.224Z,22.0,50.552,22.0
✂️💈😂 #funny #clips #reactionvideo #trynottolaugh #haircut,https://www.youtube.com/watch?v=8uHwAiN1dog,Viral Now Clips,https://www.youtube.com/channel/UCns0lxaEsLAnD8FHN1g0FJw,2026-03-31T09:38:27.983Z,15.0,5.241,5.241
This Mountain Isn’t On Earth…,https://www.youtube.com/watch?v=AQ86dH9DknA,nuyumiii,https://www.youtube.com/channel/UCwUDt16j4tr8nCNYJlei_Dw,2026-03-31T09:38:23.248Z,4.0,4.735,4.0
Just wait for it😭,https://www.youtube.com/watch?v=dGD4jVYksb4,Cyclewrld 2,https://www.youtube.com/channel/UCgmTP_lTG27SofTIC0rNsmw,2026-03-31T09:38:21.627Z,28.0,1.621,1.621
What you doing if you see this at La fitness😭 #dunk #basketball #shorts,https://www.youtube.com/watch?v=5PKqfx6xR2E,Ethan Pimstone,https://www.youtube.com/channel/UCim8sTQoHLPuwHBZ0qde0XA,2026-03-31T09:38:15.463Z,4.0,6.164,4.0
How Disney Animations Were Made Before Computers 🎨,https://www.youtube.com/watch?v=xMIOYuOVQSY,Shortshiksha ,https://www.youtube.com/channel/UCg9HkgDCA0-Rx5JeBVBzeRw,2026-03-31T09:38:13.916Z,,1.547,1.547
Tricking the parrot with a cold cup of ‘tea’,https://www.youtube.com/watch?v=Np6F-p1kTNU,Fartbirb,https://www.youtube.com/channel/UCW-myT1hgl3Q8Eh5Gx-x5pg,2026-03-31T09:38:08.916Z,38.0,5.0,5.0
cat 🤣#cat #catlover#foryou #fyp #funnycats#funny,https://www.youtube.com/watch?v=elx_aIbhnfA,Matamoros Luchsinger,https://www.youtube.com/channel/UCc87SpDhpwLPFqTT1bAyfDA,2026-03-31T09:38:05.991Z,45.0,2.925,2.925
Fastest animal ever recorded (peregrine falcon) at 390 km/h,https://www.youtube.com/watch?v=AWW4Bj8yQNo,Yung Bans,https://www.youtube.com/channel/UCOLm3B9V9YhxhMoNjzuktrQ,2026-03-31T09:38:05.544Z,19.0,0.447,0.447
Stop Using Fake Brick Physics!,https://www.youtube.com/watch?v=h-mXogeshZs,Peanar,https://www.youtube.com/channel/UCTssYtBarRSF5D5Y-GvjLWw,2026-03-31T09:38:05.116Z,43.0,0.428,0.428
Best Ship Launch Everr #ship #shiplaunch,https://www.youtube.com/watch?v=mOWUx3rFU9s,CrazyClips,https://www.youtube.com/channel/UC-z7oFccLBFB5hqNfjBvUVQ,2026-03-31T09:38:04.141Z,62.0,0.975,0.975
I think I had more fun,https://www.youtube.com/watch?v=tkUWlkmLoos,Gorillaman_Parkour,https://www.youtube.com/channel/UCSuDr2JH6o8-kVBoNXO-v0w,2026-03-31T09:38:03.300Z,39.0,0.841,0.841
Funny parrot😂😂#animal#pet#parrot#fyp,https://www.youtube.com/watch?v=ePm62er7wio,Animal.wonderlands,https://www.youtube.com/channel/UCOgzyhFXMQgXu7uzIc80lBA,2026-03-31T09:38:01.492Z,63.0,1.808,1.808
"By gently pressing with a 70-ton press,The powder then turns into cemented carbide plates#carbide",https://www.youtube.com/watch?v=6bEc_mM8NjE,Mingri Cemented Carbide,https://www.youtube.com/channel/UCSZnsS_Kb-g_m2SR1OqnF_Q,2026-03-31T09:36:39.112Z,37.0,82.38,37.0
Harvesting the most expensive pearls on Earth,https://www.youtube.com/watch?v=l75sgTeE-Pk,Kamoka Pearl,https://www.youtube.com/channel/UCgHm3qONU9Q7fe4QmJB8m7g,2026-03-31T09:36:37.665Z,67.0,1.447,1.447
Cat SCREAMS to show me this… #funnycat #cooking #flip,https://www.youtube.com/watch?v=TeXSc0dxtFo,Boy the Flip Cat 🤸🏼,https://www.youtube.com/channel/UC8Fq_aaAXMRSG_pQD4t6POw,2026-03-31T09:36:36.160Z,15.0,1.505,1.505
The Secret Behind Medieval Castle Windows 🏰,https://www.youtube.com/watch?v=06rlNjokJNA,SagaLens Films,https://www.youtube.com/channel/UCdwImYoLblsBYSaIan2yVSg,2026-03-31T09:36:15.743Z,26.0,20.417,20.417
Must-watch cute pet videos#ShortVideo #Popular #Life #Funny#Trending #ViralVideo #MustWatch#Pets,https://www.youtube.com/watch?v=v13km7-5uE4,ugnwfgu202,https://www.youtube.com/channel/UCd994f3wHtfJZ47O5yegrTQ,2026-03-31T09:36:08.568Z,32.0,7.175,7.175
Still want to be a sailor? #CrazySea #FunnyMoments #OceanLife #POV,https://www.youtube.com/watch?v=96CjxlCMER8,Petbabytime15,https://www.youtube.com/channel/UCoNXT4KpfCP_bkkoaclYDLQ,2026-03-31T09:36:07.264Z,60.0,1.304,1.304
When to use tempered windows.,https://www.youtube.com/watch?v=lbyzLisOumM,Nate Barger,https://www.youtube.com/channel/UCqawfB04dpl-fH6_5f_CqJw,2026-03-31T09:35:55.688Z,26.0,11.576,11.576
This Is Ridiculous 💀,https://www.youtube.com/watch?v=ajcLojTvhi8,Asmongold Shorts,https://www.youtube.com/channel/UCkQ774ot9mhH3wWMsjzGq2g,2026-03-31T09:35:51.724Z,36.0,3.964,3.964
"Santa, please give me a La Cornue for Christmas. #lacornue #kitcheninspiration #dreamkitchen",https://www.youtube.com/watch?v=bwqL869Xv-k,Chloe Crane-Leroux,https://www.youtube.com/channel/UCEEIyaWQ7zv5qLyzEWSIq8w,2026-03-31T09:35:45.784Z,7.0,5.94,5.94
#nobatidao 😇,https://www.youtube.com/watch?v=mkafEOvnEuk,DAL3XA BONES,https://www.youtube.com/channel/UCHDE-Hu16JeqyqQ7aDiA9AA,2026-03-31T09:35:31.708Z,5.0,14.076,5.0
Survival Skills: Building a No-Glue Pyramid Trap🤯,https://www.youtube.com/watch?v=NixYL6j0LKA,DailyDiscover ,https://www.youtube.com/channel/UCJQ46lK8_xj1DDXkNIs0sbg,2026-03-31T09:35:00.408Z,31.0,31.3,31.0
These Cats Missed You 🐈,https://www.youtube.com/watch?v=thmQqpbQcRg,Fluffel,https://www.youtube.com/channel/UC7zDDueMZx4tUSa1EMbQEag,2026-03-31T09:34:50.252Z,29.0,10.156,10.156
The Bear Cub and Lion Cub Are the Same Size. For Now.,https://www.youtube.com/watch?v=mFYWFc9IRcY,Bob the Bear,https://www.youtube.com/channel/UCDNPs0HJyIfDizMmCyVL_wQ,2026-03-31T09:33:55.428Z,8.0,54.824,8.0
Your Blender Pipes are TRASH. Here's why,https://www.youtube.com/watch?v=ZGBil5yMWxI,Peanar,https://www.youtube.com/channel/UCTssYtBarRSF5D5Y-GvjLWw,2026-03-31T09:33:27.015Z,28.0,28.413,28.0
#cat #animals #fyp #viral,https://www.youtube.com/watch?v=ya_hTUvn6sc,kxfdbzdf,https://www.youtube.com/channel/UCTj8YP0UDyz9soUUviT-UEQ,2026-03-31T09:33:21.868Z,,5.147,5.147
Gameboy accessories were wild! #gameboy #retrogaming #nostalgia,https://www.youtube.com/watch?v=rNaoE12GJx0,NostalgiaLoop,https://www.youtube.com/channel/UCuKqEDNho965QPK9XFGED2A,2026-03-31T09:33:20.544Z,,1.324,1.324
Epic B-2 Spirit RC Takeoff – Realistic Stealth Bomber Model!,https://www.youtube.com/watch?v=hWYQzBBUrUU,DIY RC Creations,https://www.youtube.com/channel/UCVuWyJlez6x7UCs3B7WUYug,2026-03-31T09:33:19Z,20.0,1.544,1.544
A mamas girl 🫶 #cat #kitty #kitten #funnycats @lilvandymeulen,https://www.youtube.com/watch?v=0i8Bg-9PZng,Recent Cat,https://www.youtube.com/channel/UCv7LWqNHDSIswRR3GODzf8w,2026-03-31T09:33:15.884Z,7.0,3.116,3.116
This level of luck is insane #ryangosling #movies #funny,https://www.youtube.com/watch?v=Pj_56wGoozo,COMIC-YT,https://www.youtube.com/channel/UCFxZuEAl_PKiVec7Vdi6bGA,2026-03-31T09:33:13.160Z,19.0,2.724,2.724
Is my VR setup more than my rent? 🤔,https://www.youtube.com/watch?v=OiexacvKH6U,Circitz,https://www.youtube.com/channel/UCTQ6UrZgj8PbqPxZh7ltv1w,2026-03-31T09:33:07.891Z,28.0,5.269,5.269
Not all waves are really mean’t to be ridden… #surf #surfing #bigwaves,https://www.youtube.com/watch?v=fT3yelRqA7w,James Ferrell,https://www.youtube.com/channel/UCPqpJgRWQHD0LB0s5vdM29w,2026-03-31T09:32:38.167Z,28.0,29.724,28.0
I never seen this before🤣 #viralvideo #youtubeshorts VID CRED-nowayitsjena,https://www.youtube.com/watch?v=6vSwM1yQ65Q,zbdiditagain,https://www.youtube.com/channel/UCHM7iYId5-fnSByQ5uGiWhA,2026-03-31T09:32:30.403Z,,7.764,7.764
He saw the new girl sitting alone and went there to introduce himself ❤️#shorts #hopecore #wholesome,https://www.youtube.com/watch?v=SHH9E3XFPNQ,TrueCaught,https://www.youtube.com/channel/UCd7CxvEEFIVTTkjGtVC9CLA,2026-03-31T09:32:29.384Z,13.0,1.019,1.019
The parrot loves her baby. #funny #talkingparot #parrot #baby #momandbabylove #cutepet #funnyvideo,https://www.youtube.com/watch?v=N2U22KAzN2A,Loverkitten6,https://www.youtube.com/channel/UCYkWGLo3veIHWQrIqEwXxtQ,2026-03-31T09:32:26.405Z,63.0,2.979,2.979
Bro didn’t Even flinch😭 | #edit #funny #viral |,https://www.youtube.com/watch?v=c_mYHZUSXo4,Rewinds,https://www.youtube.com/channel/UCHdBzv1oNMxNE4iXkdR3REA,2026-03-31T09:31:00.588Z,8.0,85.817,8.0
Ranking of the most agile cats 😅 #cat #comedy #shorts #catsforlife #nexon,https://www.youtube.com/watch?v=qxWHcM5N3Fg,NeXoN,https://www.youtube.com/channel/UCkxwm25uoJ2ndSHkY-43WGw,2026-03-31T09:30:53.603Z,23.0,6.985,6.985
When an owl decides to come close #funny #foryou #owl #animals #funnyvideo 🦉,https://www.youtube.com/watch?v=lS2ak9F4om8,Right I g Right,https://www.youtube.com/channel/UCkbpveVnduWxP_6-oNOnftQ,2026-03-31T09:30:30.093Z,60.0,23.51,23.51
HOW STEEL-BRAIDED HOSES ARE MADE,https://www.youtube.com/watch?v=91o0FBJz7SA,SXm Studio,https://www.youtube.com/channel/UCCqO6jybpXxfO32FKGvd9Qg,2026-03-31T09:30:15.156Z,12.0,14.937,12.0
I've met TreeBeard in Crimson Desert!,https://www.youtube.com/watch?v=GFt1qAHAmOI,MORPTV,https://www.youtube.com/channel/UCj5cW0if-1sLdvtTN1oT8dg,2026-03-31T09:29:58.899Z,37.0,16.257,16.257
Turtles running on their own agenda 🐢 #funny #foryou #animals #turtle,https://www.youtube.com/watch?v=pPhUTQtE334,Sanjay G,https://www.youtube.com/channel/UC6tbonulU8dM792_LPGCG5g,2026-03-31T09:29:37.765Z,61.0,21.134,21.134
to the moon ✨ #astronomy,https://www.youtube.com/watch?v=g0NspHn81Lc,COSMIX ,https://www.youtube.com/channel/UCQ6pn6LMXH_eJy-Mgr3W9iw,2026-03-31T09:28:55.732Z,18.0,42.033,18.0
Steph Curry Insane Alley-Oop Dunk to Giannis at NBA All star #nba,https://www.youtube.com/watch?v=HrlvIy42r58,UBSKT ,https://www.youtube.com/channel/UCO9UWE3ob4d-wKlVOTeL9ew,2026-03-31T09:28:53.332Z,22.0,2.4,2.4
This is the best thing I’ve seen a mascot do🥹❤️‍🩹,https://www.youtube.com/watch?v=tHCaHkpe8Fk,K Love Drama Clips,https://www.youtube.com/channel/UCM8RRGj6KBtkjAX5_zIY4AA,2026-03-31T09:28:51.803Z,13.0,1.529,1.529
Ranking The Best Jealous Dog Moments 🐶💚 (You Won’t Believe No.1) #shorts,https://www.youtube.com/watch?v=xBKhoSmjd-0,PetsRankz,https://www.youtube.com/channel/UCohWhOQv8l-A3L2istgwxYA,2026-03-31T09:28:02.580Z,58.0,49.223,49.223
Whatever the competition was I think we have found a winner 😭,https://www.youtube.com/watch?v=lH8gSRQ0JKs,POPVEIN,https://www.youtube.com/channel/UCAa6dQiR-acYUYbHznG5CVg,2026-03-31T09:27:34.651Z,7.0,27.929,7.0
bro is never recovering from this 💀💀 #rust #rustconsole #rustfunny #rustmeme #rustgame #fyp,https://www.youtube.com/watch?v=mnQmMndmb3c,Bardolph,https://www.youtube.com/channel/UCMfHQlJev4PgUzoJbxcfxiA,2026-03-31T09:27:31.256Z,38.0,3.395,3.395
#FunnyCats #cats #fyp #viral,https://www.youtube.com/watch?v=EJgSsNIt9X4,Gebert Hasbrouck,https://www.youtube.com/channel/UCVLISjAqNXipyDRO9aLQsaQ,2026-03-31T09:27:16.988Z,43.0,14.268,14.268
#nobatidao,https://www.youtube.com/watch?v=gRSy2Us0STU,MinatoRanking,https://www.youtube.com/channel/UCCWeMWXfcJjzxgkFRNz0vPw,2026-03-31T09:26:25.681Z,45.0,51.307,45.0
"$450,000 Movie Camera",https://www.youtube.com/watch?v=yXL8Nzl4q5k,STATIC ARCHIVES,https://www.youtube.com/channel/UC3DcHBAHTOeN05a8aXpxLVA,2026-03-31T09:25:44.403Z,32.0,41.278,32.0
Must-watch cute pet videos#ShortVideo #Popular #Life #Funny#Trending #ViralVideo #MustWatch#Pets,https://www.youtube.com/watch?v=EkhHeZFxX9A,Gelbe Tony,https://www.youtube.com/channel/UCIqjZ_Fdz8eNnRmA4CM6v7g,2026-03-31T09:25:39.852Z,31.0,4.551,4.551
Mysterious Oloids,https://www.youtube.com/watch?v=Umma_2U_DRc,Neo Shorts,https://www.youtube.com/channel/UCwb4Lm2G7vvXHmTY2Xfn_-w,2026-03-31T09:25:28.489Z,42.0,11.363,11.363
Cute owl#owl #owlhouse #owls#owlsoftiktok #owlloveygreound2#parrot#funnyvideos #funnyanimals,https://www.youtube.com/watch?v=UoHVYzTsQ94,CUTE OWL,https://www.youtube.com/channel/UCj_D2iESrMuE7JB-HW4PLxw,2026-03-31T09:24:19.500Z,65.0,68.989,65.0
#blackcats #funnycats #catsof#fyp#foryou,https://www.youtube.com/watch?v=x2ZjTkd43Uk,Jasmeet Fargas,https://www.youtube.com/channel/UCer5glv380l2d2ZDlOdQhhA,2026-03-31T09:24:09.723Z,31.0,9.777,9.777
This Guy Found the Most Relaxed Job on the Assembly Line,https://www.youtube.com/watch?v=Pd53O9CUdqg,Maryna Aksenov,https://www.youtube.com/channel/UCfGAa7X3gpPCNxwfG2di66A,2026-03-31T09:23:54.844Z,9.0,14.879,9.0
Funny Cats 🐈,https://www.youtube.com/watch?v=TKkM5H1nBgQ,Funny Cats Time,https://www.youtube.com/channel/UCFWN4K4K9X0doYjtcyUzYdg,2026-03-31T09:23:48.688Z,64.0,6.156,6.156
Will Dior share her food? #youtubeshorts #servals #viral #shortvideo #shortsviral  #fyp #love #cat,https://www.youtube.com/watch?v=53mirGJ53xE,The Shepard Family,https://www.youtube.com/channel/UCZBi3r0JWrdDV6rLGnjDRKA,2026-03-31T09:22:40.325Z,61.0,68.363,61.0
I Started A New F2P Account In Genshin Impact,https://www.youtube.com/watch?v=b_o9BJxI5wg,Rhinne,https://www.youtube.com/channel/UCSvjKqgK2kY4W0i2T5sTZBg,2026-03-31T09:21:31.101Z,28.0,69.224,28.0
You can't make a good game without LOVE...,https://www.youtube.com/watch?v=FCdPGh359BE,TheBackgroundNPC 🧙‍♂️,https://www.youtube.com/channel/UCuEAyHQajqJrWeVrJKgIS_Q,2026-03-31T09:20:57.972Z,930.0,33.129,33.129
The Problem With Women in Games (…and Why It’s Killing Hype),https://www.youtube.com/watch?v=qXvXzdIIcuw,TheBackgroundNPC 🧙‍♂️,https://www.youtube.com/channel/UCuEAyHQajqJrWeVrJKgIS_Q,2026-03-31T09:20:31.496Z,625.0,26.476,26.476
So gooning is ok now?? 🧐,https://www.youtube.com/watch?v=U635nS3T8bY,TheBackgroundNPC 🧙‍♂️,https://www.youtube.com/channel/UCuEAyHQajqJrWeVrJKgIS_Q,2026-03-31T09:20:14.525Z,760.0,16.971,16.971
They thought we wouldn't notice??,https://www.youtube.com/watch?v=Nk12q-p988k,TheBackgroundNPC 🧙‍♂️,https://www.youtube.com/channel/UCuEAyHQajqJrWeVrJKgIS_Q,2026-03-31T09:19:48.696Z,764.0,25.829,25.829
Jason Alexander Deserves An Emmy | Seinfeld,https://www.youtube.com/watch?v=u7Lf_SLPpiE,Seinfeld,https://www.youtube.com/channel/UCKv01ZGOJhp2HbtDe4EvS8A,2026-03-31T08:42:06.842Z,3245.0,2261.854,2261.854
Not That There's Anything Wrong With That | Seinfeld,https://www.youtube.com/watch?v=DJcc5w5zCvs,Seinfeld,https://www.youtube.com/channel/UCKv01ZGOJhp2HbtDe4EvS8A,2026-03-31T08:41:58.811Z,3554.0,8.031,8.031
Jerry Being A Neat Freak For 37 Minutes | Seinfeld,https://www.youtube.com/watch?v=o3G8OO3DII0,Seinfeld,https://www.youtube.com/channel/UCKv01ZGOJhp2HbtDe4EvS8A,2026-03-31T08:26:45.924Z,2203.0,912.887,912.887
How To Get One Of The Best One Handed Swords Crimson Desert,https://www.youtube.com/watch?v=-nh00WlkXYM,AndrewVivs,https://www.youtube.com/channel/UC898VgCoHljd9dQZsrjwqWw,2026-03-31T08:07:14.325Z,36.0,1171.599,36.0
Crimson Desert - How to Get 10 Amazing Shields (Locations & Guide),https://www.youtube.com/watch?v=6vwBpWME0IQ,Dan Allen Gaming,https://www.youtube.com/channel/UCcTa20zpKM6CkcvocFXVe6A,2026-03-31T08:05:14.432Z,584.0,119.893,119.893
see if you're owed more - never sue crashed,https://www.youtube.com/watch?v=Bb05OGqMfZc,,,2026-03-31T07:24:14.528Z,212.0,2459.904,212.0
"Crimson Desert How To Get Aeserion's Scales, Gear & Quest Guide!",https://www.youtube.com/watch?v=rLffPybm2hk,RPJames,https://www.youtube.com/channel/UCF3Wkcel6bSOzz3ofsZYoWQ,2026-03-31T07:22:45.680Z,725.0,88.848,88.848
Crimson Desert - Kiln Repair at the Kilnden Workshop Puzzles Walkthrough,https://www.youtube.com/watch?v=784SAvqdsS8,Dan Allen Gaming,https://www.youtube.com/channel/UCcTa20zpKM6CkcvocFXVe6A,2026-03-31T07:05:09.989Z,239.0,1055.691,239.0
$9.99 for any pizza with any toppings. Truly. Honestly. The Best Deal Ever 🏆 Speechless.,https://www.youtube.com/watch?v=thVsJO0wLoc,,,2026-03-31T07:05:03.695Z,7.0,6.294,6.294
Doug's Most Elaborate Schemes | The King of Queens,https://www.youtube.com/watch?v=2Gym-fhUTZY,The King of Queens,https://www.youtube.com/channel/UCgtC-8z30M0B3O9fWnVwutA,2026-03-31T04:14:30.106Z,2407.0,10233.589,2407.0
The BEST Build In Crimson Desert - Overpowered Weapons & Armor - Strongest Build,https://www.youtube.com/watch?v=OoZyuhCcl_8,TagBackTV,https://www.youtube.com/channel/UCXbYdeldt9XqrXBB1kl00Mg,2026-03-31T03:36:39.597Z,828.0,2270.509,828.0
Epic Games just fired everyone..,https://www.youtube.com/watch?v=c48_uZk262c,Asmongold TV  ,https://www.youtube.com/channel/UCQeRaTukNYft1_6AZPACnog,2026-03-31T02:14:04.877Z,2173.0,4954.72,2173.0
Watch Linux kernel developer write a USB driver from scratch in just 3h for Apple Xserve front-panel,https://www.youtube.com/watch?v=IXBC85SGC0Q,Bits inside by René Rebe,https://www.youtube.com/channel/UCJLLl6AraX1POemgLfhirwg,2026-03-31T02:13:30.032Z,11260.0,34.845,34.845
OpenClaw......RIGHT NOW??? (it's not what you think),https://www.youtube.com/watch?v=T-HZHO_PQPY,NetworkChuck,https://www.youtube.com/channel/UC9x0AN7BWHpCDHSm9NiJFJQ,2026-03-31T02:00:26.625Z,2084.0,783.407,783.407
cats are malfunctioning,https://www.youtube.com/watch?v=ej35VF57Ekw,cat.404,https://www.youtube.com/channel/UCZqBGCBf3GzVyBnzf-61hCw,2026-03-31T01:47:07.204Z,1200.0,799.421,799.421
Cat Singing Blues,https://www.youtube.com/watch?v=vEXfKoXXFUo,Badu The Singing Cat,https://www.youtube.com/channel/UCDLt4MM2IlkCLBTGrOB5cIA,2026-03-31T01:45:18.068Z,63.0,109.136,63.0
When Victor Wembanyama Broke the Internet,https://www.youtube.com/watch?v=yL9aLUhbWKQ,Hoop Reports,https://www.youtube.com/channel/UCJ3u2OkwClq8-dxDVDa2fBg,2026-03-31T01:34:20.128Z,807.0,657.94,657.94
🥺 i miss the old genius,https://www.youtube.com/watch?v=Iv-hbo0JRNc,Music Media,https://www.youtube.com/channel/UCWQrSQ0wJ3oZshXsZcl_Srg,2026-03-31T01:12:23.337Z,14.0,1316.791,14.0
Reverse osmosis filter install #electrician #plumbing #reverseosmosis #waterfilter #bluecollar,https://www.youtube.com/watch?v=11xheCFxIho,Drewn,https://www.youtube.com/channel/UCl7eu2R5zxp9zaRY698HaVA,2026-03-31T01:05:47.160Z,109.0,396.177,109.0
Cute owl#owl #owlhouse #owls#owlsoftiktok #owlloveygreound2#parrot#funnyvideos #funnyanimals,https://www.youtube.com/watch?v=UJLBQJWoHVU,CUTE OWL,https://www.youtube.com/channel/UCj_D2iESrMuE7JB-HW4PLxw,2026-03-31T01:03:46.244Z,79.0,120.916,79.0
#cow look at this little guy ￼,https://www.youtube.com/watch?v=AVp9sVkSQPc,Farm life with Jax,https://www.youtube.com/channel/UC8zG9jcYFXHn8ig1F4fM6kw,2026-03-31T01:03:44.765Z,32.0,1.479,1.479
50 Cent talks about Katt Williams and Jamie Foxx #shorts,https://www.youtube.com/watch?v=trZSXGE_kqM,unraveled,https://www.youtube.com/channel/UCc-D9d0Dz8wwzZQHlgZB2Vw,2026-03-31T01:03:39.984Z,57.0,4.781,4.781
My cat brain is fully developed,https://www.youtube.com/watch?v=gHYJfQPorvI,Moss Ryan,https://www.youtube.com/channel/UC-GxLwwDOKePEeOTAnGSvuA,2026-03-31T00:57:40.867Z,60.0,359.117,60.0
God Of War's Kratos Actor Chris Judge Says His Voice Terrified People....,https://www.youtube.com/watch?v=9TniVxE_xHs,SPIVIN MEDIA,https://www.youtube.com/channel/UCoLnDnccDhDnc0Cj862BGfg,2026-03-31T00:56:57.795Z,,43.072,43.072
"Ep 3872b - Trump Is Liberating Us From The [DS] System,20% Public For Justice,80% Dark Ops Necessary",https://www.youtube.com/watch?v=1yfLPAGhMI8,X22Report,https://www.youtube.com/channel/UCB1o7_gbFp2PLsamWxFenBg,2026-03-31T00:42:51.932Z,3822.0,845.863,845.863
"Rollin’ Afroman live in Fontana, California. Small venue, packed crowd, raw energy",https://www.youtube.com/watch?v=ZpuVq6FJ274,Bar Chrome,https://www.youtube.com/channel/UCA7nk-uNLWU61R3Bz_0YZFw,2026-03-31T00:06:00.557Z,25.0,2211.375,25.0
Jaden Ivey waived by Bulls after anti-LGBTQ comments on Instagram Live,https://www.youtube.com/watch?v=_p-brHTsiRI,Chaz NBA,https://www.youtube.com/channel/UChgDp_uE5PVqnpdV05xKOOA,2026-03-31T00:04:40.088Z,208.0,80.469,80.469
"Army Sniper Nicholas Irving on US vs Iran War, ICE, Government Shutdown (Full Interview)",https://www.youtube.com/watch?v=uStdVioVdas,djvlad,https://www.youtube.com/channel/UCg7lal8IC-xPyKfgH4rdUcA,2026-03-30T22:30:36.866Z,5658.0,5643.222,5643.222
How John Deere Robs Farmers Of $4 Billion A Year,https://www.youtube.com/watch?v=jaOS6bGta7M,More Perfect Union,https://www.youtube.com/channel/UCehBVAPy-bxmnbNARF-_tvA,2026-03-30T22:30:03.164Z,1187.0,33.702,33.702
So This is Peak Foldable,https://www.youtube.com/watch?v=eFUB_jL_XcM,Marques Brownlee,https://www.youtube.com/channel/UCBJycsmduvYEL83R_U4JriQ,2026-03-30T21:01:32.340Z,647.0,5310.824,647.0
cat distribution system gave her a MYTHICAL cat,https://www.youtube.com/watch?v=BPIx_UPYeaM,Lost Guy,https://www.youtube.com/channel/UCBDDHDsLm-ELEhgnGDav5Dw,2026-03-30T19:43:17.581Z,,4694.759,4694.759
This streamer simulator is game of the year..,https://www.youtube.com/watch?v=XmSRiTytdak,Asmongold TV  ,https://www.youtube.com/channel/UCQeRaTukNYft1_6AZPACnog,2026-03-30T18:10:59.922Z,8943.0,5537.659,5537.659
(FREE) Dancehall x Afroswing Type beat 2026 - Fear Less,https://www.youtube.com/watch?v=_JYS0XICTFw,Beatzbydb,https://www.youtube.com/channel/UCp0fDrr_ExY_Hr6NB5fv_ZQ,2026-03-30T18:10:56.458Z,182.0,3.464,3.464
LaMelo must really enjoy their team’s commentary😭🐂🔥#NBA #LaMelo,https://www.youtube.com/watch?v=r7pRQrfd_TQ,Dante sacascw,https://www.youtube.com/channel/UCkeNJfXpz6sXW2DLzkZLtNQ,2026-03-30T18:08:51.711Z,65.0,124.747,65.0
Why Luka Doncic Is A Basketball Genius,https://www.youtube.com/watch?v=2HCpSy4qGDo,Daniel Li,https://www.youtube.com/channel/UCpH_yPffJwMKWvS_Ncq862w,2026-03-30T17:57:10.650Z,502.0,701.061,502.0
🚨The BEST Sword in Crimson Desert! How to gett The Darkbringer sword! #cromsondesert #gaming,https://www.youtube.com/watch?v=oEFgtW3yglg,Sarthe,https://www.youtube.com/channel/UCJTyutZG4LDDW5RgnCO0AkA,2026-03-30T17:04:56.818Z,68.0,3133.832,68.0
He who conquers himself conquers everything | #motivation #elonmusk #billionaire #successmotivation,https://www.youtube.com/watch?v=sK_pUo89ABc,OnlyTruths,https://www.youtube.com/channel/UCpVemgZoZYCgCHU-ey3sFNg,2026-03-30T17:03:36.737Z,27.0,80.081,27.0
✨  Space Ambient Music • Deep Relaxation Space Scenes [ 4K UHD ],https://www.youtube.com/watch?v=X-XZx1o_w-A,Relaxation Ambient Music,https://www.youtube.com/channel/UCkFeoNSqYTa7trn75WM9tsg,2026-03-30T08:33:30.711Z,12653.0,30606.026,12653.0
Crimson Desert All Bell Locations (How to Reveal the Map),https://www.youtube.com/watch?v=W6EoFvohoFI,100% Guides,https://www.youtube.com/channel/UCRvx1nQZ-YXvxc6IOB8mKPg,2026-03-30T08:33:17.259Z,414.0,13.452,13.452
Crimson Desert - All Bell Locations (Unfog Full Map) - Priorin Forest Guardians Toll of Pywel Quest,https://www.youtube.com/watch?v=LMsREJM4VJc,PowerPyx,https://www.youtube.com/channel/UCWBA1-H9A5IldSb3tNwQmtQ,2026-03-30T08:32:42.184Z,809.0,35.075,35.075
would you play this? 👀 #gaming #indiegames #shorts,https://www.youtube.com/watch?v=KYkn0SjMzU4,Indie Game Joe,https://www.youtube.com/channel/UC1ImbeucTaPlvNKg9awoAQA,2026-03-30T08:32:34.526Z,19.0,7.658,7.658
EVERY Bell Tower Location in Crimson Desert!,https://www.youtube.com/watch?v=yAQVo3c6q7Y,RedTheWolf,https://www.youtube.com/channel/UCcvtUamkikliErN0pNIt7Qg,2026-03-30T08:31:23.371Z,125.0,71.155,71.155
A Bridge Too Far,https://www.youtube.com/watch?v=kRzmxox0L0k,YouTube Movies,https://www.youtube.com/channel/UCuVPpxrm2VAgpH3Ktln4HXg,2026-03-30T08:31:00.891Z,10573.0,22.48,22.48
All Bell Tower Locations - Crimson Desert - Quick Guide,https://www.youtube.com/watch?v=EQr2uFECuPQ,Graviton Gaming,https://www.youtube.com/channel/UC-npNW7bcHoEp730TWkFSag,2026-03-30T08:30:52.459Z,749.0,8.432,8.432
The Complete Guide to The King of Queens,https://www.youtube.com/watch?v=ZnF9-U5i2tw,The King of Queens,https://www.youtube.com/channel/UCgtC-8z30M0B3O9fWnVwutA,2026-03-30T08:12:04.719Z,29826.0,1127.74,1127.74
Machiavelli,https://www.youtube.com/watch?v=mU7hdGKOGyk,Michael Sugrue,https://www.youtube.com/channel/UCFaYLR_1aryjfB7hLrKGRaQ,2026-03-30T07:15:45.180Z,2570.0,3379.539,2570.0
Bell - Calphadean Territory - Church of Calphade - Toll of Calphade Crimson Desert,https://www.youtube.com/watch?v=q1A_ix4SM-I,ZaFrostPet,https://www.youtube.com/channel/UCvWeuISeuU61RjatHbzCIYQ,2026-03-30T07:15:02.263Z,77.0,42.917,42.917
Fan Favorite Moments! | Marathon | The King of Queens,https://www.youtube.com/watch?v=8EMrpj65G9c,The King of Queens,https://www.youtube.com/channel/UCgtC-8z30M0B3O9fWnVwutA,2026-03-30T07:00:07.063Z,4518.0,895.2,895.2
So I played the new streamer simulator..,https://www.youtube.com/watch?v=0glL9IWjZEg,Asmongold TV  ,https://www.youtube.com/channel/UCQeRaTukNYft1_6AZPACnog,2026-03-30T06:54:20.872Z,7752.0,346.191,346.191
The Biggest Game,https://www.youtube.com/watch?v=VbVLDb816XA,Asmongold TV  ,https://www.youtube.com/channel/UCQeRaTukNYft1_6AZPACnog,2026-03-30T06:34:05.246Z,1529.0,1215.626,1215.626
Calphade Bell Location (Toll of Calphade) Crimson Desert,https://www.youtube.com/watch?v=oSb1g4KSZ64,WoW Quests,https://www.youtube.com/channel/UCVl2xNAPHlrlUtmstHMY_pw,2026-03-30T06:25:23.538Z,83.0,521.708,83.0
Crimson Desert is the most controversial game,https://www.youtube.com/watch?v=sIBdY65T8hw,Asmongold TV  ,https://www.youtube.com/channel/UCQeRaTukNYft1_6AZPACnog,2026-03-30T06:17:04.570Z,2116.0,498.968,498.968
Crimson Desert How To Get RED NEEDLE Katana - Bleed Build Guide (Budget RIVERS OF BLOOD),https://www.youtube.com/watch?v=appEvhTOURE,Arekkz Gaming,https://www.youtube.com/channel/UC-zjH-e5XBzMpy_VtwIGRxQ,2026-03-30T06:15:33.221Z,222.0,91.349,91.349
Crimson Desert How To Get Plate Armor Of Shadows FULL Set Guide & Dark Marksman Plate All Locations,https://www.youtube.com/watch?v=iC-0tCUfKWo,Arekkz Gaming,https://www.youtube.com/channel/UC-zjH-e5XBzMpy_VtwIGRxQ,2026-03-30T05:21:32.884Z,575.0,3240.337,575.0
Top 10 Most INSANE Weapons & Armor (That You Still Can Get Early) In Crimson Desert,https://www.youtube.com/watch?v=PuUhUr88O0k,Nizar GG,https://www.youtube.com/channel/UCeufiaxU4SwKXv2hyr0tPSA,2026-03-30T04:31:28.665Z,632.0,3004.219,632.0
7 SECRET OP Weapons & Armor You Can Still Get EARLY In Crimson Desert,https://www.youtube.com/watch?v=TIj8Cvc2c5U,Nizar GG,https://www.youtube.com/channel/UCeufiaxU4SwKXv2hyr0tPSA,2026-03-30T03:46:49.076Z,487.0,2679.589,487.0
Crimson Desert - Secret WEAPONS With Godlike Powers Are a Game Changer!,https://www.youtube.com/watch?v=cnRsH9VRZgs,KhrazeGaming,https://www.youtube.com/channel/UCFXUSG_393wZJaRTErU6Pjw,2026-03-30T03:46:23.287Z,1234.0,25.789,25.789
Crimson Desert - Best INSANE Legendary Armor Set & Weapon You NEED Early - OP Frozen Anguish Guide!,https://www.youtube.com/watch?v=RudgqtlwLrY,RageGamingVideos,https://www.youtube.com/channel/UC2nMSE3t71qC8sG06WSJnMg,2026-03-30T03:45:44.290Z,543.0,38.997,38.997
Crimson Desert is the most controversial game,https://www.youtube.com/watch?v=sIBdY65T8hw,Asmongold TV  ,https://www.youtube.com/channel/UCQeRaTukNYft1_6AZPACnog,2026-03-30T02:08:49.694Z,2116.0,5814.596,2116.0
Crimson Desert ALL 24 Legendary Animal Locations & Gear - Shadow Claw & Black Fang Legendary Wolf,https://www.youtube.com/watch?v=nu_Bw9mNYPY,Arekkz Gaming,https://www.youtube.com/channel/UC-zjH-e5XBzMpy_VtwIGRxQ,2026-03-30T01:49:09.698Z,1345.0,1179.996,1179.996
"Infinite XP , Gold, Abyss Gear And More In Crimson Desert - How To Get Overpowered",https://www.youtube.com/watch?v=bkuGbYgtj6U,TagBackTV,https://www.youtube.com/channel/UCXbYdeldt9XqrXBB1kl00Mg,2026-03-30T01:22:12.382Z,1400.0,1617.316,1400.0
"Get Overpowered FAST & EASY In Crimson Desert - Infinite XP, Abyss Cores, Artifacts & More",https://www.youtube.com/watch?v=-TEr3b_cjHI,TagBackTV,https://www.youtube.com/channel/UCXbYdeldt9XqrXBB1kl00Mg,2026-03-30T01:00:11.602Z,1130.0,1320.78,1130.0
Crimson Desert - How To Get 26 More Amazing Unique Weapons,https://www.youtube.com/watch?v=O81yTz4LlGY,AshesWolf,https://www.youtube.com/channel/UCABGRJYt98LAUCmpr2UvrZg,2026-03-30T00:53:41.222Z,2702.0,390.38,390.38
en_US_15_16x9_SpringSale26,https://www.youtube.com/watch?v=67tEBHNgbs4,,,2026-03-30T00:53:29.393Z,16.0,11.829,11.829
Classic Doug Moments! | The King of Queens,https://www.youtube.com/watch?v=tcJ3-vsgu2I,The King of Queens,https://www.youtube.com/channel/UCgtC-8z30M0B3O9fWnVwutA,2026-03-29T23:13:15.756Z,3517.0,6013.637,3517.0
Carrie Slept With The Groom! | The King of Queens,https://www.youtube.com/watch?v=qR4O7_nQl34,The King of Queens,https://www.youtube.com/channel/UCgtC-8z30M0B3O9fWnVwutA,2026-03-29T23:12:54.020Z,179.0,21.736,21.736
Crimson Desert - Complete Beginner Guide!,https://www.youtube.com/watch?v=dIJZZqdtzrA,Lucky Ghost,https://www.youtube.com/channel/UCyeXkOdGbwveA-EtwQLeTYA,2026-03-29T23:10:31.803Z,4892.0,142.217,142.217
Restaurant Build Kliff | Blind Run #7 | Crimson Desert,https://www.youtube.com/watch?v=ijrfH9qVlyQ,Average Braidz,https://www.youtube.com/channel/UC_pSSYOWTZ2javdEpDufVqA,2026-03-29T23:10:21.837Z,19950.0,9.966,9.966
The left is completely COOKED..,https://www.youtube.com/watch?v=0RpyFyX4xFg,Asmongold TV  ,https://www.youtube.com/channel/UCQeRaTukNYft1_6AZPACnog,2026-03-29T23:02:20.780Z,1269.0,481.057,481.057
20 Things Developers REGRETTED Putting In Games,https://www.youtube.com/watch?v=W6c4JL3JSR0,gameranx,https://www.youtube.com/channel/UCNvzD7Z-g64bPXxGzaQaa4g,2026-03-29T18:26:13.303Z,1887.0,16567.477,1887.0
YE - WHATEVER WORKS,https://www.youtube.com/watch?v=SNCqYFYMkT8,Kanye West,https://www.youtube.com/channel/UCs6eXM7s8Vl5WcECcRHc2qQ,2026-03-29T18:06:10.183Z,120.0,1203.12,120.0
We pretty much have evidence for life in other solar systems.,https://www.youtube.com/watch?v=a0lYZClPYgk,Sabine Hossenfelder,https://www.youtube.com/channel/UC1yNl2E66ZzKApQdRuTQ4tw,2026-03-29T18:05:47.235Z,433.0,22.948,22.948
Crimson Desert - Most Important Skills - Full Skill Tree Overview,https://www.youtube.com/watch?v=PSnl97VEw6g,FightinCowboy,https://www.youtube.com/channel/UC9N0DmacOi4iWKQyygX89OQ,2026-03-29T17:58:46.503Z,1782.0,420.732,420.732
How To EASILY Tame All Legendary Horses in Crimson Desert ,https://www.youtube.com/watch?v=B7HPka352Mo,PrimalSolstice,https://www.youtube.com/channel/UCFrVTmFG4ePx6m_btG4p6HA,2026-03-29T17:40:47.798Z,295.0,1078.705,295.0
Crimson Desert How To Tame Legendary Horse EASY Ultimate Guide!,https://www.youtube.com/watch?v=8DL1QPQ9Vs4,TheUntouchableWolf,https://www.youtube.com/channel/UCAqMfSp8VymJ85WXuBdJJxQ,2026-03-29T17:37:25.472Z,168.0,202.326,168.0
Get This ASAP in Crimson Desert! Automatic Loot #gaming #crimsondesert #viralvideo,https://www.youtube.com/watch?v=S10z7e1miSg,KhrazeGaming,https://www.youtube.com/channel/UCFXUSG_393wZJaRTErU6Pjw,2026-03-29T15:42:30.022Z,38.0,6895.45,38.0
Follow & Like for more clips!,https://www.youtube.com/watch?v=gmOkxhyiL5U,Tory Lanez,https://www.youtube.com/channel/UCbfUA3UGxAWL3muD004g0WQ,2026-03-29T15:42:02.995Z,27.0,27.027,27.0
I was chosen by the Cat Distribution System #cat #catlovers#cats,https://www.youtube.com/watch?v=BKKfVgX2qzY,Cuteness Loop,https://www.youtube.com/channel/UCxkHFAh2y-Tiiysfdjlpd0Q,2026-03-29T15:41:51.470Z,67.0,11.525,11.525
Kawhi’s hilarious breakdown of his GW 🤣,https://www.youtube.com/watch?v=Hz28JTj2FuU,Bleacher Report,https://www.youtube.com/channel/UC9-OpMMVoNP5o10_Iyq7Ndw,2026-03-29T15:41:05.902Z,18.0,45.568,18.0
A tiny studio just mogged Bethesda with this game,https://www.youtube.com/watch?v=Y0QsVL5f6Eg,Asmongold TV  ,https://www.youtube.com/channel/UCQeRaTukNYft1_6AZPACnog,2026-03-29T15:40:08.566Z,1104.0,57.336,57.336
"Akademiks sits down with Clavicular! Talking Looks Maxxing, Frame Mogging, how women treat him!",https://www.youtube.com/watch?v=gVwVluj7-Po,King Akademiks,https://www.youtube.com/channel/UCg5iO7Pbg7f4gmufzOLD_zA,2026-03-29T15:37:37.206Z,6424.0,151.36,151.36
This is insane..,https://www.youtube.com/watch?v=nDE1Zzhrfhc,Asmongold TV  ,https://www.youtube.com/channel/UCQeRaTukNYft1_6AZPACnog,2026-03-29T15:36:46.387Z,2274.0,50.819,50.819
✨  Space Ambient Music. Space Deep Relaxation,https://www.youtube.com/watch?v=-YUYLbjl7Sk,Relaxation Ambient Music,https://www.youtube.com/channel/UCkFeoNSqYTa7trn75WM9tsg,2026-03-29T11:05:04.595Z,12691.0,16301.792,12691.0
#FunnyCats #cats #fyp #viral,https://www.youtube.com/watch?v=6PxriCqu22M,ufvyghfrvysufyfg,https://www.youtube.com/channel/UCtYo5dkQmkwvXaULdeVaVYA,2026-03-29T10:09:24.406Z,,3340.189,3340.189
Ranking The Top 6 Children’s Speech Development Moments (Part 2),https://www.youtube.com/watch?v=GqAiwfL85gI,LullaRankings,https://www.youtube.com/channel/UCUDB8FSKdScxyZn05vrqHyQ,2026-03-29T10:09:18.830Z,37.0,5.576,5.576
"Shooters shoot man, shooters shoot... #indiegames #gaming #funny #smallstreamer #quarantinezone",https://www.youtube.com/watch?v=ebdMng3WySw,DORADO,https://www.youtube.com/channel/UC3LIh0j5TCv60mc4TH0KTIg,2026-03-29T10:08:48.234Z,24.0,30.596,24.0
#reactionvideo #reactions #omg #wtf #unexpected #no_way#respectmoment #respectpost #kindness,https://www.youtube.com/watch?v=Do64pkGgmtY,Jax Jester,https://www.youtube.com/channel/UCGIbBP_7UgDMiPLgDrgZ8lQ,2026-03-29T10:08:45.158Z,31.0,3.076,3.076
Our once-feral mama cat did something incredible—she welcomed in two feral kittens,https://www.youtube.com/watch?v=XBcmi2BxnGg,cats_rescue_center,https://www.youtube.com/channel/UCWV4q_X_YNhIdXDSOAxIr4Q,2026-03-29T10:08:35.133Z,42.0,10.025,10.025
AURA +100000 Yusuf Dikeç,https://www.youtube.com/watch?v=R2LDjKiFPhc,Spor Karesi,https://www.youtube.com/channel/UCK5oPW6qZRoQp0u-Qb6NRvg,2026-03-29T10:07:45.530Z,38.0,49.603,38.0
🤣 Funny Marco|Orlando Brown|Funny Celebrity|Comedy|Skit #vybzempress #funnymarco #funnyshorts #lol,https://www.youtube.com/watch?v=mHtuBaBVmfk,Vybz Empress,https://www.youtube.com/channel/UC6OcsUeIz9-xA5QvvL1jE7Q,2026-03-29T10:06:49.310Z,12.0,56.22,12.0
World Largest Parrot  Hyacinth Macaw (Anodorhynchus hyacinthinus).,https://www.youtube.com/watch?v=IUn1Xha2JWI,Tadu Taro,https://www.youtube.com/channel/UCitGnljLkiQywxzjL6z1lyg,2026-03-29T10:06:48.558Z,24.0,0.752,0.752
Must-watch cute pet videos#ShortVideo #Popular #Life #Funny#Trending #ViralVideo #MustWatch#Pets,https://www.youtube.com/watch?v=uMsJ2oW3ekU,Diogenes Dapa,https://www.youtube.com/channel/UCPLpzysjCBKpzacRRzLh1EA,2026-03-29T10:05:52.302Z,30.0,56.256,30.0
Suspect Runs… Then Instantly Regrets It 😭⚡️,https://www.youtube.com/watch?v=opUiGkfJA3Y,BWFMEDIA TV,https://www.youtube.com/channel/UC8_wxX0GLhTWNPXgv06YbUw,2026-03-29T10:05:02.258Z,13.0,50.044,13.0
#funny #school #pullups those pull ups were hard asl 🤪,https://www.youtube.com/watch?v=bGrXkigT6Jo,KiloVlone,https://www.youtube.com/channel/UCI8SDaIPYvuRdRcLBgmQRPA,2026-03-29T10:04:55.256Z,27.0,7.002,7.002
https://www.youtube.com/watch?v=sRUjq1K0gwE,https://www.youtube.com/watch?v=sRUjq1K0gwE,,,2026-03-29T10:04:24.726Z,,30.53,30.53
Son doesn’t want his dad to to leave but the bills have to be paid 🥺,https://www.youtube.com/watch?v=XUs-GtZ4o54,DiddleDots,https://www.youtube.com/channel/UCrXRM8PlmXM5eAYfnBjuDcA,2026-03-29T10:04:19.541Z,27.0,5.185,5.185
Ever seen a cat do this so calmly 😭😭😭,https://www.youtube.com/watch?v=sk4U2zQPEZk,DOPP300,https://www.youtube.com/channel/UCERM9JiZyzLcs2m2T5Nc2OA,2026-03-29T10:04:02.530Z,29.0,17.011,17.011
Ranking Funny Shaving Beard Fails 😖 #hilariousfails,https://www.youtube.com/watch?v=9zc4hCD_upI,Moonty Clips ,https://www.youtube.com/channel/UCpAudkhiVgKzKqC65RFYTIQ,2026-03-29T10:04:00.449Z,59.0,2.081,2.081
Playing with Nature is Tricky😬,https://www.youtube.com/watch?v=ru9MLElFHW4,Hancock Hale,https://www.youtube.com/channel/UCnTq9-s-lE7CQB2xk5kdtXQ,2026-03-29T10:03:49.426Z,53.0,11.023,11.023
"MERV WASHES HER BUNS #bagagwa #cats #springbreak(meeF is working on New words, here's #classic 4 now",https://www.youtube.com/watch?v=aY8XN0vFJyY,Merv the Cat (...& Chad),https://www.youtube.com/channel/UC2pJiqq1DE5P3qbFvqVpW1g,2026-03-29T10:03:40.902Z,28.0,8.524,8.524
#Funny pets#DogLifeIsAllAboutActing#MyPetIsWeird#SavageCatMoves#DramaKingDog,https://www.youtube.com/watch?v=8fOq7-mzcr4,Dottie Zorich,https://www.youtube.com/channel/UCscjbvjx373PXB5E13-0YNA,2026-03-29T10:03:37.350Z,27.0,3.552,3.552
That second black widow scared me good 😂 Venus fly traps #shorts,https://www.youtube.com/watch?v=nnAjSa5dIu0,Carnivorous Plants Journey,https://www.youtube.com/channel/UCGD8LH2Q70n-2Gjo7RT9Ulw,2026-03-29T10:03:30.479Z,62.0,6.871,6.871
DAD GOT CAUGHT…🍃,https://www.youtube.com/watch?v=NISetGzrdiI,The Appice Family,https://www.youtube.com/channel/UCsMEvxGH-XgGjQyXWZfQDuw,2026-03-29T10:03:20.706Z,16.0,9.773,9.773
This Brush Bends To Control Ink Perfectly ✒️ #shorts,https://www.youtube.com/watch?v=IGg210mk2Hg,Professor Decoded,https://www.youtube.com/channel/UCOAMOzdNyJLkO9qC-eLpdYw,2026-03-29T10:03:02.714Z,,17.992,17.992
Fish Can Watch Movies 😂🙏⁉️ #shortsfeed #shortsfunny #shortsviral #shorts #fishingvideo #fish #lol,https://www.youtube.com/watch?v=kwALqQz2r6c,SIXPATHSSS,https://www.youtube.com/channel/UCym7PDoe2kcT_Z30LQyGy1w,2026-03-29T10:02:42.026Z,20.0,20.688,20.0
Oh he gonnnne 😂🤣🤣 #funny #funnyvideos #viral,https://www.youtube.com/watch?v=Nbs6Gxzs2jY,Brad Reacts TV,https://www.youtube.com/channel/UCX-hMrX5nt4mIzvUhm_ndlw,2026-03-29T10:02:30.682Z,45.0,11.344,11.344
😱😭#shorts #viral #funny #dog #dogshorts #turkey #istanbul #kingcharles #voiceover #gohard #ique,https://www.youtube.com/watch?v=z02xDcsjIsA,I QUE,https://www.youtube.com/channel/UC-E-dr-7B0XnxcTcK-uFEwA,2026-03-29T10:02:21.702Z,31.0,8.98,8.98
"Thanksgiving fork prank! Look at their reactions! 🤣🤣#thanksgiving ##extendablefork #usa",https://www.youtube.com/watch?v=OPK4Lt_ABc8,Funnytinging,https://www.youtube.com/channel/UC4iD8_YuE3tZd9l61fJ_keQ,2026-03-29T10:00:31.102Z,60.0,110.6,60.0
Y'all think he gone talk about me? 😂 #teachershorts #fyp #teacherlife,https://www.youtube.com/watch?v=rzyvZf5Wpwg,"The ""Cool Teacher""",https://www.youtube.com/channel/UC3SKUImG0sF0HrlZo3Qk_aw,2026-03-29T10:00:18.559Z,17.0,12.543,12.543
He thought the worst happened... 💀🤣 #ringdoorbell #dadlife #fail,https://www.youtube.com/watch?v=nrZiXSovR70,RawLoop,https://www.youtube.com/channel/UC5S_oq460VzLT9OY9_uDZUQ,2026-03-29T09:59:51.745Z,16.0,26.814,16.0
#fyp #viral #best #video #top5 #like,https://www.youtube.com/watch?v=GAeBNwWMYcE,ahjduyfgiui,https://www.youtube.com/channel/UC299y8HdXytrvJ0zpCKAsJQ,2026-03-29T09:59:49.658Z,,2.087,2.087
@musclementalitycoaching:  #catlovers #cat #kitten,https://www.youtube.com/watch?v=QH-8AniX8UQ,Cat Man,https://www.youtube.com/channel/UCTLP8Md19VL4T4E73eFIKAA,2026-03-29T09:59:40.498Z,8.0,9.16,8.0
bruh was doom scrolling 😭✌️💔,https://www.youtube.com/watch?v=CtBakqMa-sY,ProdBySu,https://www.youtube.com/channel/UCb12cgb26xWDCRoxWntno4w,2026-03-29T09:59:22.058Z,14.0,18.44,14.0
Children are the purest and most honest humans.☺️ #shorts,https://www.youtube.com/watch?v=-LcuWBn3HtE,Babiloops ,https://www.youtube.com/channel/UCHMaRDi5rMggzmshrwLCyBg,2026-03-29T09:58:51.198Z,29.0,30.86,29.0
The way his tail starts wagging after he sees her 🥹❤️#OffLeashK9Training #ConfidentDog,https://www.youtube.com/watch?v=70w5rxZaW-c,Off Leash K9,https://www.youtube.com/channel/UCRZUZJkTlk2wzTRPVs2-TvA,2026-03-29T09:58:37.422Z,43.0,13.776,13.776
Ayudaaaaaa mma gato salva a su bb #cats #funny #ayuda #protector #mama #prank #gatitos #viralfunny,https://www.youtube.com/watch?v=0GQ_3pmSrsw,Mikiel JosueRM,https://www.youtube.com/channel/UClsJz1XYsapmmVHKAolhmgg,2026-03-29T09:58:34.255Z,68.0,3.167,3.167
SHE’S READY FOR PARENTHOOD!,https://www.youtube.com/watch?v=5d80G30BJgc,HouseOfLaughterEnt,https://www.youtube.com/channel/UCr9Vmf8ys7zkiZD-K64MRXQ,2026-03-29T09:56:40.946Z,18.0,113.309,18.0
The ultimate betrayal from my daughter 😅 (🎥: Collab),https://www.youtube.com/watch?v=2FQFW6tLr58,LADbible Shorts,https://www.youtube.com/channel/UCflpy-GNxlahbdRdN5CRUsA,2026-03-29T09:56:37.302Z,18.0,3.644,3.644
It's a Bad Time To Have Shaky Hands,https://www.youtube.com/watch?v=NPVd2fdsmrE,Improv Projects,https://www.youtube.com/channel/UCtjBgvcbh3c0aBf_BB-3V3g,2026-03-29T09:55:53.443Z,42.0,43.859,42.0
#FunnyCats #cats #fyp #viral,https://www.youtube.com/watch?v=xOIjwSwfQfI,Neaves Yandle,https://www.youtube.com/channel/UCJkZY4OW1326u_GxcErCN1g,2026-03-29T09:55:27.546Z,44.0,25.897,25.897
Try Not To Laugh Challenge Pt. 432😹🤣😂#ifyoulaughyoulose#dontlaughchallenge#ifyoulaughyourgoingtohell,https://www.youtube.com/watch?v=CHOTK6ZvOS0,Saboor,https://www.youtube.com/channel/UC41hhaZk2zX3aZh8AHQvFvA,2026-03-29T09:55:06.834Z,19.0,20.712,19.0
#FunnyCats #cats #fyp #viral,https://www.youtube.com/watch?v=-DHOEqdnYus,Henry Gray,https://www.youtube.com/channel/UCzqs43tg7QBCfG1clJMIh8Q,2026-03-29T09:54:51.398Z,,15.436,15.436
Just a Quick Stretch 😂 #viral #shorts,https://www.youtube.com/watch?v=Fv_ABjtqUJg,BaylorAthletics,https://www.youtube.com/channel/UCt1Z0nJWuI6KDozeflRvRWw,2026-03-29T09:54:35.819Z,34.0,15.579,15.579
This level of skill is actually insane 😳 #lospollostv #outdoorboys #streamer,https://www.youtube.com/watch?v=axhVT4R-S0o,DIAMONDCLIPS,https://www.youtube.com/channel/UCDUq1Dgf-Z-ReLXZtKXOXKg,2026-03-29T09:54:30.499Z,28.0,5.32,5.32
#fyp #viral #best #video #top5 #like,https://www.youtube.com/watch?v=uMP2JH4VxXQ,xasgbdhwda,https://www.youtube.com/channel/UCwqonsiIr14CLthKQXOwrfA,2026-03-29T09:54:25.671Z,,4.828,4.828
Bro indeed had the right one💀 #voiceover #explore #funny #wildlife,https://www.youtube.com/watch?v=FeLKVc7Ytp4,johngambino3,https://www.youtube.com/channel/UCOVXu-XTvi2vAjRU0buV6fA,2026-03-29T09:54:20.598Z,,5.073,5.073
Part 11|My baby prefers his grandpa to his grandma#grandfather #grandparents #grandma,https://www.youtube.com/watch?v=WAzqhmRb3jE,Saxe Primiano,https://www.youtube.com/channel/UC_0YXTb03ZRKzworqPYwSDg,2026-03-29T09:53:23.071Z,45.0,57.527,45.0
5 animal regrets moments! #fyp #shorts #viral #cute #regret #animal #funny,https://www.youtube.com/watch?v=xLclElzaB5s,Chase Kayla Chopped To Chad,https://www.youtube.com/channel/UCQjM4E3htHn4cSmeBrhLEIQ,2026-03-29T09:53:22.047Z,23.0,1.024,1.024
Out cold… #e4mafia #military #usarmy #militarylife #militarymemes,https://www.youtube.com/watch?v=PXUKZZF5-kE,E-4 MAFIA,https://www.youtube.com/channel/UCNnuJauBWiEaF3I3Zd8rhnQ,2026-03-29T09:53:01.914Z,24.0,20.133,20.133
#waspnest #bee #honeybeesting #nature #waspnestremoval #animal #farming #animals #wasp #insects,https://www.youtube.com/watch?v=MhQp5oovR4o,Hornet Hunter,https://www.youtube.com/channel/UCOineS1hqirotGd_ToYs5Mw,2026-03-29T09:52:32.906Z,15.0,29.008,15.0
Por favor comparte con tus amigos #pov #herramientas #sketch #gracioso #actuación #historia,https://www.youtube.com/watch?v=d-VzA1RMrTM,Bjoovvhip,https://www.youtube.com/channel/UCbtzyp3zd98LKPYJyI7GlSQ,2026-03-29T09:52:26.886Z,28.0,6.02,6.02
Thought she was acting a lil sus 😂,https://www.youtube.com/watch?v=lxB7VTC4fu8,Embroly Apparel,https://www.youtube.com/channel/UCgsczY3uJUyBnvZSA0MecOA,2026-03-29T09:52:22.666Z,11.0,4.22,4.22
Giant Hornet Attack! Honeybee Counterstrike,https://www.youtube.com/watch?v=3iKQ1XDZEqc,Japanese natural beekeeping,https://www.youtube.com/channel/UCz-fe00ivfRUO9lP5e4bZsg,2026-03-29T09:52:00.329Z,37.0,22.337,22.337
Por favor comparte con tus amigos #pov #herramientas #sketch #gracioso #actuación #historia,https://www.youtube.com/watch?v=NGIZbpyZGEc,Rhines Reinmann,https://www.youtube.com/channel/UC5TXfgZUk9cbrORwE5Y565A,2026-03-29T09:51:55.674Z,25.0,4.655,4.655
"During the filming of John Wick 3 (2019), Keanu Reeves almost did it",https://www.youtube.com/watch?v=pyg2_PeeeE4,JustMotorHead,https://www.youtube.com/channel/UCnaHpYxU2UHqlfh3roavqQg,2026-03-29T09:51:42.178Z,6.0,13.496,6.0
Gets funnier every time I watch 🤣,https://www.youtube.com/watch?v=7teQYfxukLs,Hanna Lab,https://www.youtube.com/channel/UCVPkfH2NjnYfotw4kOLt1-Q,2026-03-29T09:50:42.042Z,22.0,60.136,22.0
"Gasoline vs. Wasps, How to End a Deadly Nest #insects #wasps",https://www.youtube.com/watch?v=-sfBFZ62hxY,Otho,https://www.youtube.com/channel/UCoDhMywU4vf_pqtI0zO2ItA,2026-03-29T09:49:40.747Z,54.0,61.295,54.0
good kitty,https://www.youtube.com/watch?v=cMwOMQM927g,AdventuresWithJesus,https://www.youtube.com/channel/UCShtSyIIIcrjXdjyCz0QZdQ,2026-03-29T09:49:36.807Z,38.0,3.94,3.94
When Dad Tries Waxing For The First Time 🤣🤣#funny #dad #couplecomedy #prank #fyp,https://www.youtube.com/watch?v=fOIptWOAh28,RomtoOooG,https://www.youtube.com/channel/UCF2xVg14OzYgLvfniSZ89ng,2026-03-29T09:49:31.259Z,62.0,5.548,5.548
SPACE WOLVES VS TYRANIDS IN THIS CLASSIC WARHAMMER 40K SHOWDOWN! #warhammer40k,https://www.youtube.com/watch?v=l1fZecuDBdo,The Mad Drummer Art,https://www.youtube.com/channel/UCs2Gue1Y-ShXaXOA151HsNQ,2026-03-29T09:49:29.942Z,13.0,1.317,1.317
Why I'll never have a desk job (Wait for the CRACK💥) #shorts #asmr,https://www.youtube.com/watch?v=uspDTX4z008,BartVetPhysio,https://www.youtube.com/channel/UCcjrix2WIgD6JQ95mHLkYXA,2026-03-29T09:49:25.721Z,18.0,4.221,4.221
80 foot tall zipline #havegnar,https://www.youtube.com/watch?v=oe7-lwuVd64,Ben Havenar,https://www.youtube.com/channel/UCawo840j9vYMMUDq_59cUvw,2026-03-29T09:49:22.851Z,17.0,2.87,2.87
Paul Rosolie’s neighborhood termite mound: 500+ miles deep into the amazon jungle,https://www.youtube.com/watch?v=zYxMepxZdbo,Main Characters ,https://www.youtube.com/channel/UC1pH2D2gAeq25EGtNG3ULEg,2026-03-29T09:49:21.722Z,23.0,1.129,1.129
"She's like, Oh this my jam ❤️‍🩹🥹",https://www.youtube.com/watch?v=t1qBNuaJ1hE,Eternal Love,https://www.youtube.com/channel/UC5NEWyJDtr8vtzJWT6SXK4Q,2026-03-29T09:48:35.821Z,20.0,45.901,20.0
He’s SO WEIRD 💀💀💀😂😂😂😂 but we making good progress 😂😂 #cat #cats #kitten #kittens @kinzi.kampen6,https://www.youtube.com/watch?v=K1yq3NSfhNo,Solo Cats,https://www.youtube.com/channel/UC2dQlxrLLY2tbYCuw7-1GmQ,2026-03-29T09:48:22.890Z,33.0,12.931,12.931
CATCHING INVASIVE LIZARDS! #iguana #lizard #fyp,https://www.youtube.com/watch?v=6odVQU2w2Lo,Monster Mike Fishing,https://www.youtube.com/channel/UC7cjqSN8Qsgy9Jb_Uy-XpTA,2026-03-29T09:48:19.854Z,16.0,3.036,3.036
Baby Hates Mom’s Sneeze 😤😂 Too Cute to Handle!,https://www.youtube.com/watch?v=r1F2yJ06zSk,BWFMEDIA TV,https://www.youtube.com/channel/UC8_wxX0GLhTWNPXgv06YbUw,2026-03-29T09:47:25.042Z,9.0,54.812,9.0
"Swinging a 7000lb log over a house. (20,000lb line) #treewhisperer #trees #treeservice",https://www.youtube.com/watch?v=F2I4Fxfs-3s,Martinsen Tree Channel,https://www.youtube.com/channel/UC2PQ5qOPCtPZKZXtecLVerA,2026-03-29T09:46:46.482Z,30.0,38.56,30.0
Mountain Goat POV: Exploring Rugged Peaks Like a Pro | #goat #chill #asmrvideo,https://www.youtube.com/watch?v=Ax_u6imutGs,Makson,https://www.youtube.com/channel/UCzle-z-agplxQky8LwK0ZZg,2026-03-29T09:46:16.762Z,40.0,29.72,29.72
Big Ice Climbing Mistake! 😬,https://www.youtube.com/watch?v=KLt4feIN7XQ,Noah Kane,https://www.youtube.com/channel/UCIiu3VznvR_JL4GLtTVHQgw,2026-03-29T09:45:56.563Z,23.0,20.199,20.199
Why you don’t use ratchet straps for tow straps #recovery #rigging #trees #outdoors #fail,https://www.youtube.com/watch?v=AqeXWcPp_LQ,Matt McKinzie,https://www.youtube.com/channel/UCUsSfgrMJVd7KFQz50IwdKA,2026-03-29T09:45:42.542Z,8.0,14.021,8.0
The cat bites a woman then sorry kiss 🥹,https://www.youtube.com/watch?v=YnzFMaLsATI,So Adorable,https://www.youtube.com/channel/UCpTjYeN5RVJJ9ug6Y8j0bnw,2026-03-29T09:45:39.448Z,13.0,3.094,3.094
keep your pets safe  #cat #cats #kitten #kittens @expiredalbert,https://www.youtube.com/watch?v=oaktwJFw_eg,My Cats,https://www.youtube.com/channel/UCxvqFPP_itKCDl8i-_OX7vQ,2026-03-29T09:45:02.638Z,,36.81,36.81
He thought it was over for him 😭🥀✌🏽...#streamer #iamra #puppyyoga #viral #funny,https://www.youtube.com/watch?v=sW3Z_y-FUEk,RA Shorts,https://www.youtube.com/channel/UCbwLwdIv3-yImt9m2f0CDWw,2026-03-29T09:44:56.248Z,22.0,6.39,6.39
I was SHOCKED by this Back Crack! 🤯🔊 #asmr #backcrack,https://www.youtube.com/watch?v=VZi_hUgW25o,BartVetPhysio,https://www.youtube.com/channel/UCcjrix2WIgD6JQ95mHLkYXA,2026-03-29T09:44:38.867Z,10.0,17.381,10.0
New solar street lights available. DM if interested.#solarlight#solarstreetlight#solarlmp#factory,https://www.youtube.com/watch?v=GVjW_3GIC7A,Solar light factory Alina,https://www.youtube.com/channel/UCzhBAvNM_NjWNs9ehRtt2jw,2026-03-29T09:44:37.362Z,8.0,1.505,1.505
Telekinesis,https://www.youtube.com/watch?v=D62vtA3SWdA,Nikolas Wild,https://www.youtube.com/channel/UCKZN4DmgJeM8PVKJV6b9n7Q,2026-03-29T09:44:33.316Z,14.0,4.046,4.046
MODERN PROBLEMS NEED SIMPLE SOLUTION,https://www.youtube.com/watch?v=xnrYCOTFax0,Scroll Stopper,https://www.youtube.com/channel/UCGd-5L6dPLS2dLURHoH12Ew,2026-03-29T09:44:23.886Z,23.0,9.43,9.43
Trojan Horse still going strong in 2025 #gaming #prank #forefront #bf6 #battlefield,https://www.youtube.com/watch?v=OB6Yw-HCPGk,15econdReviews,https://www.youtube.com/channel/UC8Eag-RdFcAIqWE_y4W0tDw,2026-03-29T09:44:18.444Z,78.0,5.442,5.442
How are we handling this situation?,https://www.youtube.com/watch?v=k-LV19mVbGI,Chance the Closer,https://www.youtube.com/channel/UCPZoFXkX_JlmA2PMDWx4WfA,2026-03-29T09:44:07.968Z,17.0,10.476,10.476
Ranking Funniest Dogs Chasing People #ranking #funny #laugh #dog #shorts,https://www.youtube.com/watch?v=gj8tsJI9Nek,Ranked Central,https://www.youtube.com/channel/UCVJCs1NzdplHuwBI_-JObRA,2026-03-29T09:43:30.864Z,33.0,37.104,33.0
The cat kisses him instead 🥰 #shorts #cat #catlovers,https://www.youtube.com/watch?v=JDfPCH___JU,So Adorable,https://www.youtube.com/channel/UCpTjYeN5RVJJ9ug6Y8j0bnw,2026-03-29T09:43:18.539Z,39.0,12.325,12.325
She never lets mom play. 🥲 #goldenretriever #viral #playtime #puppy #dogtraining,https://www.youtube.com/watch?v=hO4mYvctXFA,Magic,https://www.youtube.com/channel/UCT-6R6CH8vZDukOrAaXVybQ,2026-03-29T09:43:08.001Z,22.0,10.538,10.538
The fact we can't claim them on our taxes is crazy credit-moncimonte/tt,https://www.youtube.com/watch?v=YVUj_liZFnA,xo.girlyys,https://www.youtube.com/channel/UC18BQCruCWdge6RV3vQAZNg,2026-03-29T09:42:38.552Z,29.0,29.449,29.0
should she be on track #funny #fyp #comedy #shorts #foryou,https://www.youtube.com/watch?v=JjIgFxh_ASM,Matt Sowards,https://www.youtube.com/channel/UC3yXq9Wo1pCgeEU4xZNcsDQ,2026-03-29T09:41:36.748Z,43.0,61.804,43.0
#blackcats #cats #cat #xzyabc,https://www.youtube.com/watch?v=dZGs_5D383Y,gingerduhcat,https://www.youtube.com/channel/UCvFeMo8mHV-q3-atcETSyCQ,2026-03-29T09:41:33.722Z,12.0,3.026,3.026
Moving to Dubai for the Tax Benefits… Then Hearing That Explosion,https://www.youtube.com/watch?v=IET27y1A3-A,Stock Market Chasers,https://www.youtube.com/channel/UC0-t4A0TcweEaWDHwTZXYfA,2026-03-29T09:41:26.435Z,16.0,7.287,7.287
Imagine watching this and missing this hidden detail.|🎬: The Abyss (1989)|,https://www.youtube.com/watch?v=EsJyMzAPpZ4,CineAnalyze,https://www.youtube.com/channel/UCGdGSAVFjX4Bi3znl8KFpjQ,2026-03-29T09:41:02.532Z,24.0,23.903,23.903
tree smashes hard!,https://www.youtube.com/watch?v=TCAsKCxXHDE,Veteran Tree Service,https://www.youtube.com/channel/UC6F0n-7yMaKlGpe_VPzFKaA,2026-03-29T09:40:28.668Z,35.0,33.864,33.864
Kitten has 0 survival instinct 😭 #shorts #cat #catlovers,https://www.youtube.com/watch?v=NSHIFcALqjM,So Adorable,https://www.youtube.com/channel/UCpTjYeN5RVJJ9ug6Y8j0bnw,2026-03-29T09:39:55.784Z,33.0,32.884,32.884
Ol blindfold/Cowboylife #cowboylife #cattleranch #bull,https://www.youtube.com/watch?v=rqJeX90FfU4,Cowboy Life,https://www.youtube.com/channel/UCDF150AC9TsQyQO2GOEOlLQ,2026-03-29T09:39:48.724Z,43.0,7.06,7.06
Bro met the FINAL Boss 🤣💀,https://www.youtube.com/watch?v=BV2wadttAig,GD's Highlights,https://www.youtube.com/channel/UCd_EkHbEutirFl_XSrg95kA,2026-03-29T09:39:45.496Z,35.0,3.228,3.228
Smooching Our BIRDS 💋 #parrots #birds #funny #smooches,https://www.youtube.com/watch?v=fZveJ1pJC1g,BirdTricks,https://www.youtube.com/channel/UC1BpMn4ErGPo8XB3Rzltojg,2026-03-29T09:39:42.526Z,25.0,2.97,2.97
#sound  🐁,https://www.youtube.com/watch?v=nwLfkvc2f3Q,DAL3XA BONES,https://www.youtube.com/channel/UCHDE-Hu16JeqyqQ7aDiA9AA,2026-03-29T09:39:30.897Z,6.0,11.629,6.0
My cat almost had his own Mufasa moment,https://www.youtube.com/watch?v=bwB4O0FC38s,America's Funniest Home Videos,https://www.youtube.com/channel/UC_zEzzq54Rm0iy7lmmZbCIg,2026-03-29T09:38:52.460Z,18.0,38.437,18.0
GUYS I DIDNT CUT THE VID THIS WAS THE ONE I SAW STOP COMMENTING IT #tiktok,https://www.youtube.com/watch?v=n5k1P8KkZ_g,bela ,https://www.youtube.com/channel/UCbIMLMe_wagJNgLa9jatQig,2026-03-29T09:38:42.742Z,10.0,9.718,9.718
Sassy Tullahassee 18.02 at the jail!!,https://www.youtube.com/watch?v=GVU65rFJMrQ,Sassy Tullahassee,https://www.youtube.com/channel/UCF3r-61J2EEL3v0c7Q9pJNg,2026-03-29T09:37:21.560Z,23.0,81.182,23.0
When a Baby Lets Her Mother Down…,https://www.youtube.com/watch?v=h1CMqcqotfc,Crisis Cams,https://www.youtube.com/channel/UC_Ce3bbj78o1_g2JUCN1ZcQ,2026-03-29T09:37:06.036Z,13.0,15.524,13.0
The Smartest Dog Wins! 😱 #shorts,https://www.youtube.com/watch?v=Rit6ed-16pQ,David Bright,https://www.youtube.com/channel/UCHMJd_JjYlS8cVqbO7AW7Eg,2026-03-29T09:36:36.440Z,24.0,29.596,24.0
When the NPC Uses Stealth on YOU,https://www.youtube.com/watch?v=GeQNPxgRwf8,ZoneSlug,https://www.youtube.com/channel/UCuffdQ8f7pTZvCjG_0Rd9TA,2026-03-29T09:36:21.616Z,24.0,14.824,14.824
I expected something to happen here but not that #shorts #residentevil #residentevil4 #gaming,https://www.youtube.com/watch?v=3_xvf72cC2I,Acridic Neko,https://www.youtube.com/channel/UCChR2g1Aq-n58mLusLPTRfw,2026-03-29T09:36:20.696Z,28.0,0.92,0.92
This Bat Gets Louder When It Looks At You,https://www.youtube.com/watch?v=eRewFyq9qPM,The BLUE Soul,https://www.youtube.com/channel/UCt9O1LoNcy1Vz-EgYhaFDjQ,2026-03-29T09:36:19.637Z,8.0,1.059,1.059
He Was HIGH On Training🤣 #memes #military #aviation #navy #usarmy #usa,https://www.youtube.com/watch?v=4nFmverYztc,NicheMilitary,https://www.youtube.com/channel/UCopps--419KMpPfnwRWijtw,2026-03-29T09:35:40.832Z,,38.805,38.805
The Truth about Slinging,https://www.youtube.com/watch?v=Vp_8hwteXTc,Pan Slings,https://www.youtube.com/channel/UC2STjKiSYXSaJ_BuoHg-JCQ,2026-03-29T09:35:34.588Z,18.0,6.244,6.244
my mom took this video of us playing in the snow this morning🥹 i think im sobbing #wholesomecontent,https://www.youtube.com/watch?v=3egCmrao8cs,blake evin ,https://www.youtube.com/channel/UCeRD1nQm0TbqlHNWeq0ivng,2026-03-29T09:35:28.168Z,10.0,6.42,6.42
One in a TRILLION chance for this to happen!!!  #accident #lucky #safetyfirst #training #practice,https://www.youtube.com/watch?v=TxDkFnvvGkA,Theo Gioles,https://www.youtube.com/channel/UCqlcs8Hl_3_w0gy1k-m9oWQ,2026-03-29T09:35:26.788Z,54.0,1.38,1.38
Cat Fight Using A Skateboard,https://www.youtube.com/watch?v=erB-DjlELyg,Meowfia Empire,https://www.youtube.com/channel/UCn_V_Hm7IK1UVJcRCQ8qd4w,2026-03-29T09:35:25.885Z,10.0,0.903,0.903
that would have been one expensive crash #crash #bmw #automobile,https://www.youtube.com/watch?v=4uf6ke_B5aI,g20suen,https://www.youtube.com/channel/UCoY1R7jghJW2eVL5pmXXkgA,2026-03-29T09:34:57.008Z,24.0,28.877,24.0
“How We Survived Hard Times (Homemade Fridge & Shower) 💀”#diy,https://www.youtube.com/watch?v=6_mMm78JkNg,FruitsieTv,https://www.youtube.com/channel/UCgN5pYqduJ1OFg0tI1KyWRQ,2026-03-29T09:34:35.132Z,24.0,21.876,21.876
Stretching cat 🐱 #funny #usa #cat #stretch #funnyvideo,https://www.youtube.com/watch?v=H6vKKw5fzJM,Aoki Bella,https://www.youtube.com/channel/UCdxFZVQCRrzq5Ulf0egzx8w,2026-03-29T09:33:43.092Z,43.0,52.04,43.0
In a world where many walk past…you can be the difference.❤️ #rescue #kindness,https://www.youtube.com/watch?v=4M1ltlqN5B8,Tata.harmonyway,https://www.youtube.com/channel/UCviXw8b44fuS4_K22GKLiag,2026-03-29T09:33:32.608Z,29.0,10.484,10.484
Repairing potholes on public roads #fyp #shorts,https://www.youtube.com/watch?v=6spdPi3RIwc,Kevin Ayala,https://www.youtube.com/channel/UCKV_4dlDBWc3arjQU7UViYQ,2026-03-29T09:33:15.876Z,58.0,16.732,16.732
Funny cats,https://www.youtube.com/watch?v=-iugAOGAb5U,月下小瓜田,https://www.youtube.com/channel/UCpSI-0WMV1duvjFqctKqZgw,2026-03-29T09:33:12.430Z,,3.446,3.446
Satisfying Cow Cleaning✨#shorts,https://www.youtube.com/watch?v=0lUAxwe4Obk,Bruce Dv,https://www.youtube.com/channel/UCshHEpyPUBZiTrFkVVSkHbA,2026-03-29T09:32:26.756Z,,45.674,45.674
Drill Sergeant Wanted To CRY😭 #meme #military #aviation #navy #usarmy #usa,https://www.youtube.com/watch?v=ho_1Jpt-vDM,NicheMilitary,https://www.youtube.com/channel/UCopps--419KMpPfnwRWijtw,2026-03-29T09:31:41.885Z,,44.871,44.871
The Reason Baby Birds Flip Upside Down When You Feed Them,https://www.youtube.com/watch?v=a7-s2Mk75NU,Bob the Bear,https://www.youtube.com/channel/UCDNPs0HJyIfDizMmCyVL_wQ,2026-03-29T09:31:12.781Z,7.0,29.104,7.0
She is very smart 🥹😭 #catshorts #foryou,https://www.youtube.com/watch?v=J8xgUdXKUSA,Victoria the Cat,https://www.youtube.com/channel/UCkHeqMiZNxBKALpA6igsU4Q,2026-03-29T09:31:00.104Z,6.0,12.677,6.0
You guys asked for it😂😭😂 📍Van-Ness / UDC #boyznthehood #saxophone#washingtondc #fyp,https://www.youtube.com/watch?v=2SSbkaz4yE4,Anderson T. Hall (KungBluPanda),https://www.youtube.com/channel/UCJ34uWnqQy_TLNkh8dr2PXw,2026-03-29T09:30:37.812Z,25.0,22.292,22.292
Chicken Bruh ... 💀,https://www.youtube.com/watch?v=YygU52UdaN0,bruhmoments5842,https://www.youtube.com/channel/UCiUCFCSinLUvWT9HLp_1lJg,2026-03-29T09:29:46.857Z,67.0,50.955,50.955
Magic Twins Prank Hardware Store Customers || ViralHog,https://www.youtube.com/watch?v=EfC_y3eCTW8,ViralHog,https://www.youtube.com/channel/UC3339WgBDKIcxTfywuSmG8w,2026-03-29T09:29:45.425Z,22.0,1.432,1.432
#nobatidao 🥛,https://www.youtube.com/watch?v=hYpQDhh-ihA,DAL3XA BONES,https://www.youtube.com/channel/UCHDE-Hu16JeqyqQ7aDiA9AA,2026-03-29T09:29:38.805Z,6.0,6.62,6.0
Ranking Genuis Dad Moments#viral #funny #shorts,https://www.youtube.com/watch?v=aKpLt8jdcyw,scafk,https://www.youtube.com/channel/UCnSz8F3yyYZTodO1WPRP-WQ,2026-03-29T09:29:30.388Z,43.0,8.417,8.417
Me opening the door and realizing the “cat” is basically a tiger: 🐯😳😂,https://www.youtube.com/watch?v=TF-aIret9w4,Kelly Pearson | Texas Luxury Real Estate,https://www.youtube.com/channel/UCSHUnlv3ENx8EQM89h6wbGw,2026-03-29T09:29:02.951Z,13.0,27.437,13.0
#raven #воронгоша #commonraven #birds,https://www.youtube.com/watch?v=evdWG0GRlfs,Ворон TV,https://www.youtube.com/channel/UCb68gxHGcdkn3WiFraMtuLw,2026-03-29T09:28:08.104Z,41.0,54.847,41.0
Ducky Finds A New AI Prank  #duckydee #shortsviral,https://www.youtube.com/watch?v=RVnD_I2SCEY,DuckyDee,https://www.youtube.com/channel/UCoqExwHinRzvPHPzZyJ7Xjw,2026-03-29T09:27:56.624Z,34.0,11.48,11.48
Just because you named him Darren doesn't mean he belongs to Darren.,https://www.youtube.com/watch?v=UhTbsuW7auA,girliesglory,https://www.youtube.com/channel/UCWx4kznxcGHTpsOld3mQqzQ,2026-03-29T09:27:29.385Z,,27.239,27.239
This is peak cinema,https://www.youtube.com/watch?v=tJ9P2_M2jWI,NemRaps,https://www.youtube.com/channel/UCcrdoPuIPwLTPnzK5792kcA,2026-03-29T09:26:36.752Z,51.0,52.633,51.0
This always happens🤷‍♂️☹️ #jesus #fishing,https://www.youtube.com/watch?v=8iOiqT_pmTA,Nicholas Hexter ,https://www.youtube.com/channel/UC3_-GqsbbcBKBTcNf3OONwg,2026-03-29T09:26:28.532Z,30.0,8.22,8.22
Bubba waits ALL day to race to the house! 😁🤗🥰💯 His puppies coming soon 😎 817-995-8725,https://www.youtube.com/watch?v=LVhHNdDqNd8,Burleson Bullies,https://www.youtube.com/channel/UCKy6udUxebmyNIBivEJhB-g,2026-03-29T09:26:09.151Z,24.0,19.381,19.381
🥺 He Found His Mother Again… And Instantly Knew 🐾💖 #motherlove,https://www.youtube.com/watch?v=hIDEfAwdGck,Charlie & Bro's ,https://www.youtube.com/channel/UCmhwt-0uI1dmlRFAgdWdnGw,2026-03-29T09:26:05.792Z,,3.359,3.359
Follow & Like for more clips!,https://www.youtube.com/watch?v=V6QuA52Lrbc,Tory Lanez,https://www.youtube.com/channel/UCbfUA3UGxAWL3muD004g0WQ,2026-03-29T09:25:58.352Z,61.0,7.44,7.44
ONE PUNCH SHRIMP,https://www.youtube.com/watch?v=-g_uUH3OuRs,Zack the Bison,https://www.youtube.com/channel/UCAkjHG_YVAKY5KtyTd8k0qw,2026-03-29T09:25:40.852Z,10.0,17.5,10.0
#cat #cats #kitten #kittens @whocanguardspence.com,https://www.youtube.com/watch?v=y7p9npYLRD4,Kitty Lover ,https://www.youtube.com/channel/UCPuyk6UVLs9D3UPSiVhQF7w,2026-03-29T09:25:38.672Z,14.0,2.18,2.18
#shorts,https://www.youtube.com/watch?v=mJRjOdkrfbc,Skinnyfromthe9,https://www.youtube.com/channel/UCuBjF0I-plV6Od_7lwtauYA,2026-03-29T09:24:41.296Z,,57.376,57.376
Your wish is my command! 😅😅 Chicken arms it is!  #chickenarms #3dprinter #3dprint #chickens #chicken,https://www.youtube.com/watch?v=lTMUezx7YaY,Wild Wild Weston,https://www.youtube.com/channel/UC1rAYurQZjO42p9mCdiNh_w,2026-03-29T09:24:02.124Z,47.0,39.172,39.172
"When they doubt your size, let your game speak 🗣️🏀 #basketball #bigboy",https://www.youtube.com/watch?v=u14_TKwF1hk,Bigbad_mac,https://www.youtube.com/channel/UCaNroB4Fz105SSWZ4Y-cy0A,2026-03-29T09:23:52.379Z,21.0,9.745,9.745
I spent the afternoonwatching these turkeysharass my little brother 😂,https://www.youtube.com/watch?v=-Irk0xFrqVw,Yudha,https://www.youtube.com/channel/UCBU6t-EvezdzPQiHeCskEhg,2026-03-29T09:23:29.032Z,20.0,23.347,20.0
Did He Just Flip…😳| Subscribe,https://www.youtube.com/watch?v=F3GLIBK6dXY,JacksonMs601,https://www.youtube.com/channel/UCT1GKYD6_auUbTaDhmOaEJw,2026-03-29T09:23:15.320Z,8.0,13.712,8.0
There’s 2 types of players #arcraiders #gaming,https://www.youtube.com/watch?v=vWwxyw0Qg0o,Sillymonkeycat,https://www.youtube.com/channel/UCt-4C-g-WumULGxAgw9WHFg,2026-03-29T09:22:59.023Z,51.0,16.297,16.297
#beblessedblessothers,https://www.youtube.com/watch?v=17G24s97Roo,The Valhalla Ventures,https://www.youtube.com/channel/UCUQfbMkvJwIY743rmxQmUrg,2026-03-29T09:22:52.128Z,12.0,6.895,6.895
Same trick. Different cats 🤣,https://www.youtube.com/watch?v=Z_6y9izvbyc,Bambi.jerrythepanda,https://www.youtube.com/channel/UCLZNy21p3-cOjGVGz98GIQw,2026-03-29T09:22:13.708Z,30.0,38.42,30.0
Y’all Ready to go Back! #fyp #funny #shorts #memes #memesdaily #funnyshorts #meme #reels #horror,https://www.youtube.com/watch?v=_oMuHhjir2Q,TheFatMemes,https://www.youtube.com/channel/UCx15xO8SnB1S99Ms-lgGkyQ,2026-03-29T09:21:27.804Z,21.0,45.904,21.0
That’s not my dog. That’s not my Dog. LOL,https://www.youtube.com/watch?v=QEGpRdYhuQc,Petz Being Cute,https://www.youtube.com/channel/UCzglC6TKASfz184x5UmYtNQ,2026-03-29T09:21:13.924Z,8.0,13.88,8.0
told you bro 🥲 #shorts #shortvideo #cat #cats #catshorts #catmemes #catvideos #catlovers #catlove,https://www.youtube.com/watch?v=AU1nb62m2dU,Kiddoz Chamber,https://www.youtube.com/channel/UCWdZwecNz92XbPjHAsKffDA,2026-03-29T09:21:05.724Z,9.0,8.2,8.2
Epic Lake Adventure Fail: Hilarious Moments Unfold! #fyp #funny #comedy #shorts #meme,https://www.youtube.com/watch?v=oOXc_y_ylYg,Matt Sowards,https://www.youtube.com/channel/UC3yXq9Wo1pCgeEU4xZNcsDQ,2026-03-29T09:20:52.204Z,11.0,13.52,11.0
He is explaining to him😳😂,https://www.youtube.com/watch?v=XV-GLKRj7L4,Ramin Haidari,https://www.youtube.com/channel/UCkJU-n9urZ2cwtx_AA6t-YA,2026-03-29T09:19:25.500Z,22.0,86.704,22.0
It takes so little to be kind.❤️ #inspiration #positivevibes #wisewords,https://www.youtube.com/watch?v=tF1HPQxxjLk,Tata.harmonyway,https://www.youtube.com/channel/UCviXw8b44fuS4_K22GKLiag,2026-03-29T09:18:49.784Z,24.0,35.716,24.0
rarrr,https://www.youtube.com/watch?v=vC9HE2aoFf0,Funny Cats,https://www.youtube.com/channel/UCDwAH-6oS9HknfsRJGKfCig,2026-03-29T09:18:40.479Z,10.0,9.305,9.305
Trying smelling salts for the first time 😂😂😂#smellingsalts#funny#funnyprank#prank #USA,https://www.youtube.com/watch?v=cpiFyWrid1E,Cúc Nguyễn,https://www.youtube.com/channel/UCo3xjHx8Wzc9jsybAYqKIMQ,2026-03-29T09:16:56.548Z,45.0,103.931,45.0
Phillies land All-Star closer Jhoan Duran ahead of MLB trade deadline 👀🔥,https://www.youtube.com/watch?v=49BPzqOEUEg,Baobaobaodam,https://www.youtube.com/channel/UCsdhxa2r9r7RS8xX6FsTQsA,2026-03-29T09:16:42.252Z,58.0,14.296,14.296
Funny Moments with Cats!,https://www.youtube.com/watch?v=JwwkOqYczpU,Liam,https://www.youtube.com/channel/UCGXRaybonEa4COI-jLxFvTQ,2026-03-29T09:16:38.996Z,37.0,3.256,3.256
This cat had two faces 🤭 #shorts #cat #catlovers,https://www.youtube.com/watch?v=y1IenFdll2M,So Adorable,https://www.youtube.com/channel/UCpTjYeN5RVJJ9ug6Y8j0bnw,2026-03-29T09:15:15.402Z,13.0,83.594,13.0
"Never argue with your parrot,you’ll go crazy",https://www.youtube.com/watch?v=yzyE-v2XD2A,Cute cute rose,https://www.youtube.com/channel/UCSSZGa8wCoXqJhc0WKmLrrA,2026-03-29T09:14:18.366Z,74.0,57.036,57.036
No Shortcuts In Life! 😳,https://www.youtube.com/watch?v=a2J5N0YWhAQ,Marcellus Wiley ‘Dat Dude TV’,https://www.youtube.com/channel/UCpO9CgyKec7pnLB8qlVKaLQ,2026-03-29T09:14:02.698Z,10.0,15.668,10.0
Trying to catch a cute moment with the oldest and youngest 💞 momlife heart full ❣️ #momlifeheartfull,https://www.youtube.com/watch?v=AxCFMcApRd8,Momlife Heart full,https://www.youtube.com/channel/UCDL5jfRrhG9UgNlNczDPb0g,2026-03-29T09:13:21.678Z,15.0,41.02,15.0
MANY OF US HAVE DONE THIS BEFORE🤣😩,https://www.youtube.com/watch?v=cuYJBi2ggeo,Don Reality Clips,https://www.youtube.com/channel/UCLcEmBLB-eQrtevDP7Ovwww,2026-03-29T09:11:56.069Z,17.0,85.609,17.0
Bet he didn’t see that coming 😂,https://www.youtube.com/watch?v=v5HCnO6NxRg,Joshua Caleb,https://www.youtube.com/channel/UCFaCln19Tqpafes0MZu1jkA,2026-03-29T09:10:49.842Z,15.0,66.227,15.0
Untangling Baby Goats,https://www.youtube.com/watch?v=0wobqw589l0,Goat Daddys,https://www.youtube.com/channel/UC2nkRzPnFbbWIyCYvH_9JlA,2026-03-29T09:10:06.721Z,14.0,43.121,14.0
How has he not caught on yet😤😂😂 #voiceover #fyp #viral #shorts,https://www.youtube.com/watch?v=LGFfj9NHO4g,johngambino3,https://www.youtube.com/channel/UCOVXu-XTvi2vAjRU0buV6fA,2026-03-29T09:09:08.866Z,,57.855,57.855
#funnydogs,https://www.youtube.com/watch?v=PoMCSXqvPA4,Dges133,https://www.youtube.com/channel/UCsDld9cdhSJ8vI1m1JQnhsw,2026-03-29T09:08:53.186Z,62.0,15.68,15.68
Firefly is truly in a league of her own.,https://www.youtube.com/watch?v=tiRWBBRz4Ak,Diamond Sport Dogs ,https://www.youtube.com/channel/UCBlTm7DY5_wSuZFgsvAp1oQ,2026-03-29T09:07:48.114Z,34.0,65.072,34.0
A Simple Act of Kindness — Led to an Incredible Animal Story,https://www.youtube.com/watch?v=P7KDGZ5wyI8,Essinger Gholson,https://www.youtube.com/channel/UC9Kwmda1aRwC9AnfhBK8E5Q,2026-03-29T09:07:45.322Z,,2.792,2.792
This Spider A FREAK 😭🙏,https://www.youtube.com/watch?v=MNMLk_H26Fc,SIXPATHSSS,https://www.youtube.com/channel/UCym7PDoe2kcT_Z30LQyGy1w,2026-03-29T09:07:31.350Z,14.0,13.972,13.972
When you realize the cows are actually listening better than most people do,https://www.youtube.com/watch?v=PBJlVM-GQLg,Stone Face Country ,https://www.youtube.com/channel/UCadQ7padmcJD4eJrfDjNlQQ,2026-03-29T09:07:11.511Z,34.0,19.839,19.839
#blackcats #funnycats #catsof#fyp #foryoubage,https://www.youtube.com/watch?v=doObc-8sRCs,Matthis Bookhart,https://www.youtube.com/channel/UCa6hkSG7FaD_s6CwpDipU0Q,2026-03-29T09:07:09.125Z,,2.386,2.386
The Graffiti Ghost (@ghostpitur),https://www.youtube.com/watch?v=OqqhP8DIJc0,Matt Anderson,https://www.youtube.com/channel/UCvgBLWl4IVoGHpoUTbHzbMw,2026-03-29T09:06:37.063Z,56.0,32.062,32.062
😱Mother Cat Protects Kitten: Maternal Instincts,https://www.youtube.com/watch?v=gk_in1hG-bM,Feline Lovers,https://www.youtube.com/channel/UCpyuz75AKPRJ5VRNwHzQf6Q,2026-03-29T09:06:18.086Z,17.0,18.977,17.0
#funnyvideo #pets,https://www.youtube.com/watch?v=ay8KFjHe-1U,HsadSACSAD,https://www.youtube.com/channel/UCRcljTkTvmFpf-4bkzCO3FQ,2026-03-29T09:06:13.515Z,,4.571,4.571
Part 12:Don't underestimate the jealousy of parrots😂  #fyp #pet #foryou#bird  #funnyparrot#parrot,https://www.youtube.com/watch?v=PF_i5PX_tEk,Loverkitten6,https://www.youtube.com/channel/UCYkWGLo3veIHWQrIqEwXxtQ,2026-03-29T09:05:21.858Z,47.0,51.657,47.0
We’re having grilled chicken tonight,https://www.youtube.com/watch?v=breE2GlLoKM,ViZone Stories ,https://www.youtube.com/channel/UCx5C7ni99mapxzNJ5kBUhRA,2026-03-29T09:03:11.450Z,31.0,130.408,31.0
cat is cat no matter the size#cute #animal #lynx #cat,https://www.youtube.com/watch?v=2lQDF0T8ZN0,Fur-tastic Moments ,https://www.youtube.com/channel/UC_lpP8mRH98YdCFu7RWnkRA,2026-03-29T09:02:04.414Z,60.0,67.036,60.0
My Pet Lynx  [@somefndude ],https://www.youtube.com/watch?v=s46XumQaU-c,F1 Savannah Kittens,https://www.youtube.com/channel/UCiHqjFZ69AqHYBJxHjh30LQ,2026-03-29T09:01:15.414Z,31.0,49.0,31.0
Orange cat like orange cat 🥰 #shorts #cat #catlovers,https://www.youtube.com/watch?v=4My2pOo_UpQ,So Adorable,https://www.youtube.com/channel/UCpTjYeN5RVJJ9ug6Y8j0bnw,2026-03-29T09:01:06.090Z,12.0,9.324,9.324
ferocious lion cubs are cared for and raised by a man..,https://www.youtube.com/watch?v=Vnhclszg05s,Animal Love Heart,https://www.youtube.com/channel/UCPfQsILVcW4ts-TIuC0bJpw,2026-03-29T08:57:34.433Z,59.0,211.657,59.0
When it’s time for men to become dads #memes,https://www.youtube.com/watch?v=7f3QNbJd_ZY,Lucian ,https://www.youtube.com/channel/UCXzSgCcq37QxSBCymjxPdbg,2026-03-29T08:56:46.131Z,,48.302,48.302
Please share the joy with your friends.  #animals   #funny  #pets #cutecats,https://www.youtube.com/watch?v=_n_7jssr2aE,sdaawwwww,https://www.youtube.com/channel/UC0cLgY9tcqrhl0lm8XXQtaA,2026-03-29T08:56:42.729Z,47.0,3.402,3.402
Taking the stray cat from work home! #straycat #feralcat #adoptstrays #rescuecat @firstclasswhiskers,https://www.youtube.com/watch?v=jZIriC0fsbI,Cat Distribution System,https://www.youtube.com/channel/UCH_emEmwdqa6a1krfdQCPlw,2026-03-29T08:56:25.358Z,97.0,17.371,17.371
This calf woke up silly #cow #calf #cute #short #foryou,https://www.youtube.com/watch?v=GfqNvhzbb74, Cat’s world of surprises,https://www.youtube.com/channel/UCzlFJEzhg80YUCrRW14-sfA,2026-03-29T08:54:57.461Z,64.0,87.897,64.0
#funnyvideo #pets,https://www.youtube.com/watch?v=Iiv_Mvuu5b0,Dunshee Knights,https://www.youtube.com/channel/UC7MrnpHLay4RhKWRRtKC1yw,2026-03-29T08:54:45.909Z,42.0,11.552,11.552
Bro apologized for falling i feel you bro 😂😂😂 #funny #fyp #shorts,https://www.youtube.com/watch?v=JylME7oPdBQ,Matt Sowards,https://www.youtube.com/channel/UC3yXq9Wo1pCgeEU4xZNcsDQ,2026-03-29T08:53:59.282Z,20.0,46.627,20.0
Cats and their tails are two different species 🤔,https://www.youtube.com/watch?v=jDHRUXoIQbw,So Adorable,https://www.youtube.com/channel/UCpTjYeN5RVJJ9ug6Y8j0bnw,2026-03-29T08:52:34.010Z,27.0,85.272,27.0
#funnyvideo #pets,https://www.youtube.com/watch?v=cCAB1SmHbG0,hzsdgzfd,https://www.youtube.com/channel/UCNixkGX-4LMWfO6Eivs8n5g,2026-03-29T08:52:20.442Z,43.0,13.568,13.568
Summer is almost here and then we get to see horses running all over the place again 🤍,https://www.youtube.com/watch?v=fguUIvQrGEU,Elisa in Iceland,https://www.youtube.com/channel/UC9V8-2sU4UHton3mmlC64TQ,2026-03-29T08:51:41.418Z,8.0,39.024,8.0
"Sandhill crane spreads wings, sends gator packing in Florida",https://www.youtube.com/watch?v=ahRRypCLYHY,Atlanta News First ,https://www.youtube.com/channel/UCWElIIlFx2JiyI9UVrbrEcw,2026-03-29T08:51:00.977Z,36.0,40.441,36.0
Jealous cat 🐱 #cat #cats #catsoftiktok #funnycat #catlovers #funny #funnyvideos #funnyanimals #vira,https://www.youtube.com/watch?v=yd-HnFXexnc,Andrea Leclerc,https://www.youtube.com/channel/UCcxrbCty-IM7lBGrXZeUKJg,2026-03-29T08:50:43.881Z,16.0,17.096,16.0
Is he a good father ?,https://www.youtube.com/watch?v=G-3a3phH9i4,See The Comments,https://www.youtube.com/channel/UCEzcDSt8xJ2myGkpNMMt-Yw,2026-03-29T08:50:16.174Z,22.0,27.707,22.0
Ranking The Best Perfect Accuracy Moments,https://www.youtube.com/watch?v=bAn2zf6smpY,BriskeeClips,https://www.youtube.com/channel/UCrCVmpNw1PvtzGkz_wJSHTQ,2026-03-29T08:50:14.927Z,,1.247,1.247
#angst   🐱,https://www.youtube.com/watch?v=C_rcsT0yzXg,DAL3XA BONES,https://www.youtube.com/channel/UCHDE-Hu16JeqyqQ7aDiA9AA,2026-03-29T08:48:30.158Z,6.0,104.769,6.0
NYC apartment 😂😂😂,https://www.youtube.com/watch?v=cUfY2DHNLvc,Us_hahaha,https://www.youtube.com/channel/UCgpxaYSBRT6Ocb0wAw9S2OQ,2026-03-29T08:47:10.122Z,65.0,80.036,65.0
This Trap Works… Too Well,https://www.youtube.com/watch?v=2MoNFRgd-6M,SXm Studio,https://www.youtube.com/channel/UCCqO6jybpXxfO32FKGvd9Qg,2026-03-29T08:46:08.938Z,16.0,61.184,16.0
👀👀😭#shorts #viral #funny #cat #food #fishing #turkey #istanbul #voiceover #aligators #gohard #ique,https://www.youtube.com/watch?v=x0ydbwzeiKg,I QUE,https://www.youtube.com/channel/UC-E-dr-7B0XnxcTcK-uFEwA,2026-03-29T08:45:53.302Z,15.0,15.636,15.0
Ranking The Most Cat Moms,https://www.youtube.com/watch?v=bYbdvbM2WnY,GrinNest,https://www.youtube.com/channel/UCxa0NMR9kMKhas9Z0xyDD5w,2026-03-29T08:45:27.046Z,,26.256,26.256
Bro Got Mad 😭 #gta #funnymoments #shorts,https://www.youtube.com/watch?v=7EgWBnEcmjM,Cheeto Head,https://www.youtube.com/channel/UCDT6JRvtVCMGXonJi3j-tpg,2026-03-29T08:45:02.330Z,26.0,24.716,24.716
A Battlefield Campers WORST Nightmare!,https://www.youtube.com/watch?v=JtsPBjwuNFw,SQUiD G+,https://www.youtube.com/channel/UCJ3r6PA9VSNSD3IFORf5yoA,2026-03-29T08:44:17.814Z,33.0,44.516,33.0
Petting parrots,https://www.youtube.com/watch?v=7Uw-sy07naM,Exotic Animals with Amanda ,https://www.youtube.com/channel/UCdKxlS5zV9j7G_gFerT-dSg,2026-03-29T08:42:47.414Z,59.0,90.4,59.0
#funnyshorts,https://www.youtube.com/watch?v=-E-bwc_J4jQ,Peekyboo Tunes ,https://www.youtube.com/channel/UC_rYlRSJKeARlNau8sVZ0lA,2026-03-29T08:42:34.435Z,8.0,12.979,8.0
Cats are excellent hunters.#funnycats #funnyanimals #petvideos #cat #cats,https://www.youtube.com/watch?v=IeCWintgxjU,ijbuhv,https://www.youtube.com/channel/UCS83FUjS1UrYOUm88jKACrg,2026-03-29T08:41:09.870Z,,84.565,84.565
‎ Kitten Vs Adult Cat,https://www.youtube.com/watch?v=bb42wc_SGLY,Meowfia Empire,https://www.youtube.com/channel/UCn_V_Hm7IK1UVJcRCQ8qd4w,2026-03-29T08:41:07.454Z,26.0,2.416,2.416
Cute owl#owl #owlhouse #owls#owlsoftiktok #owlloveygreound2#parrot#funnyvideos #funnyanimals,https://www.youtube.com/watch?v=g5q-1jOQP-k,CUTE OWL,https://www.youtube.com/channel/UCj_D2iESrMuE7JB-HW4PLxw,2026-03-29T08:39:58.786Z,86.0,68.668,68.668
When an npc thinks she's the main character #shorts #cyberpunk,https://www.youtube.com/watch?v=4Bgc_VMsGOk,Broken Player,https://www.youtube.com/channel/UC2G99tzb-uKD3PUMBwxOOcg,2026-03-29T08:39:47.066Z,47.0,11.72,11.72
Maxwell vs. the big white cat: a lazy chase where no one's trying.#cat #funny,https://www.youtube.com/watch?v=QNOc6_59M-0,Max2049dousha.official,https://www.youtube.com/channel/UC__NO_dZegKiJQ7iuKCyCSg,2026-03-29T08:39:38.174Z,160.0,8.892,8.892
Haircut for sheep#animals #funny #sheep,https://www.youtube.com/watch?v=LkLuTrNd4Aw,CupcakeCowboy3,https://www.youtube.com/channel/UCwSJSxL_kdp_9Qq_XBs434g,2026-03-29T08:38:08.674Z,60.0,89.5,60.0
They are besties through the window #cat,https://www.youtube.com/watch?v=TVWGYxzaA7A,"one girl, three cats",https://www.youtube.com/channel/UCrqMGY96FQM6vLDfU375mKA,2026-03-29T08:37:52.267Z,13.0,16.407,13.0
Air Hockey championship is CRAZY,https://www.youtube.com/watch?v=Kq8l1C-OUVQ,Hail Mary Media,https://www.youtube.com/channel/UCZp4n6_ksfqCLgaUHShTThA,2026-03-29T08:36:58.643Z,40.0,53.624,40.0
Tom was smooth asf for this #meme,https://www.youtube.com/watch?v=SttwmfaSOF4,𝓛𝓮𝓰𝓮𝓷𝓭𝓪𝓻𝔂 𝔀𝓸𝓵𝓯 𝓬𝓻𝓮𝔀 ,https://www.youtube.com/channel/UCW6g60E8xXCfjmyF1eRxp-g,2026-03-29T08:36:47.590Z,,11.053,11.053
Cat vs Nail clippers,https://www.youtube.com/watch?v=nVYcWFR71KY,Funny Cats Time,https://www.youtube.com/channel/UCFWN4K4K9X0doYjtcyUzYdg,2026-03-29T08:36:25.027Z,49.0,22.563,22.563
The Insane Reflex Speed of Cats!,https://www.youtube.com/watch?v=I3mnyR8Wyew,Jungle Short,https://www.youtube.com/channel/UCPAfdTf1Z8in8RmmC2iWtGQ,2026-03-29T08:34:40.590Z,52.0,104.437,52.0
My Cat Won't Leave My Side 😂,https://www.youtube.com/watch?v=cFaHbf7bQb4,Dramecs,https://www.youtube.com/channel/UCOH-_8n7Mnhsd-NUn2vCGqw,2026-03-29T08:32:33.990Z,179.0,126.6,126.6
Crimson Desert - Complete Beginner Guide!,https://www.youtube.com/watch?v=dIJZZqdtzrA,Lucky Ghost,https://www.youtube.com/channel/UCyeXkOdGbwveA-EtwQLeTYA,2026-03-29T03:40:25.286Z,4892.0,17528.704,4892.0
Why Was Germany so Fragmented in the Middle Ages - Medieval DOCUMENTARY,https://www.youtube.com/watch?v=EiB8sMHxGqM,Kings and Generals,https://www.youtube.com/channel/UCMmaBzfCCwZ2KqaBJjkj0fw,2026-03-29T03:39:10.787Z,1180.0,74.499,74.499
FIRST FATHER TO SON ASSIST IN NBA HISTORY 👑 LeBron's first career assist to Bronny | NBA on ESPN,https://www.youtube.com/watch?v=J8Obh5bZ15g,NBA on ESPN,https://www.youtube.com/channel/UCVSSpcmZD2PwPBqb8yKQKBA,2026-03-29T03:38:22.799Z,79.0,47.988,47.988
Kon Knueppel becomes the YOUNGEST in NBA history to hit 250+ threes in a season 🔥 | NBA on ESPN,https://www.youtube.com/watch?v=0-iJiDSDn6A,NBA on ESPN,https://www.youtube.com/channel/UCVSSpcmZD2PwPBqb8yKQKBA,2026-03-29T01:41:37.559Z,154.0,7005.24,154.0
Gary Come Home (cover),https://www.youtube.com/watch?v=9sqHmCSmx4M,Ampliphobia,https://www.youtube.com/channel/UCXEn2TMeiuHtTcMo7geNqQg,2026-03-29T01:38:11.594Z,178.0,205.965,178.0
Afroman - Lemon Pound Cake (OFFICIAL MUSIC VIDEO),https://www.youtube.com/watch?v=9xxK5yyecRo,ogafroman,https://www.youtube.com/channel/UCOMyvChDhKil0KvJoIHyx6Q,2026-03-29T01:34:59.060Z,234.0,192.534,192.534
Afroman - Because I Got High (Clean Version),https://www.youtube.com/watch?v=WeYsTmIzjkw,AfromanVEVO,https://www.youtube.com/channel/UCuppf-84m-_TJyRRCJR6Qhw,2026-03-29T01:34:42.808Z,198.0,16.252,16.252
That one friend that hovers over you while you eat instead of just asking for some,https://www.youtube.com/watch?v=ttRycEeT7QM,Nileseyy Niles,https://www.youtube.com/channel/UCT3cGZ8SeFVY5xwUxBAO0Mg,2026-03-29T01:32:34.113Z,260.0,128.695,128.695
20 Game Franchises That DESERVE A COMEBACK,https://www.youtube.com/watch?v=2T0s31hzU8s,gameranx,https://www.youtube.com/channel/UCNvzD7Z-g64bPXxGzaQaa4g,2026-03-29T00:40:18.692Z,2009.0,3135.421,2009.0
The limits of AI scaling laws - NVIDIA CEO explains | Jensen Huang and Lex Fridman,https://www.youtube.com/watch?v=WoNSsBWFyEk,Lex Clips,https://www.youtube.com/channel/UCJIfeSCssxSC_Dhc5s7woww,2026-03-29T00:38:28.803Z,1826.0,109.889,109.889
Fan Favorite Moments of 2025 | The King of Queens,https://www.youtube.com/watch?v=9VEASdEaxxw,The King of Queens,https://www.youtube.com/channel/UCgtC-8z30M0B3O9fWnVwutA,2026-03-28T22:58:15.413Z,2755.0,6013.39,2755.0
Porzingis Looks like he is here to Stay 👀,https://www.youtube.com/watch?v=RdO_6J8vP60,Athletic Alchemy,https://www.youtube.com/channel/UC-iXtSUqL89NIDn1jANmAbw,2026-03-28T22:46:33.676Z,746.0,701.737,701.737
Top 10 Most INSANE Weapons & Armor (That You Still Can Get Early) In Crimson Desert,https://www.youtube.com/watch?v=PuUhUr88O0k,Nizar GG,https://www.youtube.com/channel/UCeufiaxU4SwKXv2hyr0tPSA,2026-03-28T21:27:19.389Z,632.0,4754.287,632.0
7 SECRET OP Weapons & Armor You Can Still Get EARLY In Crimson Desert,https://www.youtube.com/watch?v=TIj8Cvc2c5U,Nizar GG,https://www.youtube.com/channel/UCeufiaxU4SwKXv2hyr0tPSA,2026-03-28T21:27:16.364Z,487.0,3.025,3.025
"Your ideas, your apps—Base44",https://www.youtube.com/watch?v=oIcP3BOvyeY,,,2026-03-28T18:45:36.722Z,57.0,9699.642,57.0
There's been a situation..,https://www.youtube.com/watch?v=RsHQDNLGxKo,Asmongold TV  ,https://www.youtube.com/channel/UCQeRaTukNYft1_6AZPACnog,2026-03-28T18:26:48.820Z,2894.0,1127.902,1127.902
Hungryroot | The Easiest Way to Eat Healthy,https://www.youtube.com/watch?v=mv_QYp0jDeI,,,2026-03-28T18:25:58.246Z,43.0,50.574,43.0
Join Translators Unit OTAKU ver 2 3 English シンプル 動画08 説明 20s,https://www.youtube.com/watch?v=jkYQ7Gf2Vc4,,,2026-03-28T18:25:30.694Z,21.0,27.552,21.0
The Madison Now Streaming Adventure Promo,https://www.youtube.com/watch?v=VPD8-t2CctM,,,2026-03-28T18:09:13.990Z,31.0,976.704,31.0
The New Dell XPS. Crafted for You.,https://www.youtube.com/watch?v=XGjkneKuSRc,,,2026-03-28T18:08:58.646Z,16.0,15.344,15.344
102_CM04TK_26_07_motion_remake_creomix_11KN87_office_15_qa_02_16x9_12JV.mp4,https://www.youtube.com/watch?v=GhCScIT3FIA,,,2026-03-28T18:02:23.400Z,42.0,395.246,42.0
Earn on your Gold Savings,https://www.youtube.com/watch?v=iQAt1taHM5I,,,2026-03-28T18:02:00.912Z,15.0,22.488,15.0
20 Upcoming Exploration Games That EXCITE US,https://www.youtube.com/watch?v=_YN3T2l2vA0,gameranx,https://www.youtube.com/channel/UCNvzD7Z-g64bPXxGzaQaa4g,2026-03-28T17:57:02.232Z,1094.0,298.68,298.68
Now streaming,https://www.youtube.com/watch?v=N3ob1qBG8Z0,,,2026-03-28T17:56:56.835Z,31.0,5.397,5.397
Another Eden Begins Announcement Trailer,https://www.youtube.com/watch?v=G41po-Mr2_I,,,2026-03-28T17:56:53.609Z,71.0,3.226,3.226
Introducing Base44’s Big Game Full Ad “It’s App to You”,https://www.youtube.com/watch?v=kLdaIxDM-_Y,,,2026-03-28T17:56:52.057Z,56.0,1.552,1.552
Hungryroot | The Easiest Way to Eat Healthy,https://www.youtube.com/watch?v=RSOSvxZvUuE,,,2026-03-28T17:56:13.466Z,32.0,38.591,32.0
Stop adding random mechanics. Design Systems instead.,https://www.youtube.com/watch?v=ZnOrYuDLAZQ,,,2026-03-28T17:46:39.125Z,132.0,574.341,132.0
Cyberpunk 2077 5th Anniversary Trailer — City of Legends,https://www.youtube.com/watch?v=fHrEootHhlc,Cyberpunk 2077,https://www.youtube.com/channel/UC4zyoIAzmdsgpDZQfO1-lSA,2026-03-28T15:48:57.171Z,142.0,7061.954,142.0
"Disney+, Hulu Bundle",https://www.youtube.com/watch?v=pL8yFuqUx3g,,,2026-03-28T15:48:34.762Z,31.0,22.409,22.409
Gothic 1 Remake | Release Date Trailer,https://www.youtube.com/watch?v=0We-UgJKJp8,,,2026-03-28T15:48:10.496Z,186.0,24.266,24.266
2026 Sierra 1500 Denali Ultimate | Excellence | GMC,https://www.youtube.com/watch?v=rPIa2ERulaM,,,2026-03-28T15:47:56.493Z,31.0,14.003,14.003
Why Bill Belichick is not in the NFL hall of fame,https://www.youtube.com/watch?v=eyJ-RtjK8s4,ItsBobbyFinn,https://www.youtube.com/channel/UC8xuItKQMF_-pis2jZF9GUg,2026-03-28T15:47:10.444Z,88.0,46.049,46.049
Both cats and people enjoys this city as equals.💕#love#cat #facts,https://www.youtube.com/watch?v=aXUsGQT-ul4,Furry Friend Club,https://www.youtube.com/channel/UCxCQHuHLuK1Iq1WFD3akqmQ,2026-03-28T15:46:53.156Z,60.0,17.288,17.288
I love my deaf fur baby#cat #deaf #fyp#ranking #viral,https://www.youtube.com/watch?v=nBAYsltZjug,Wild Cat Whiskers,https://www.youtube.com/channel/UCRpxlJVlDG31Ih_eQtwcEkA,2026-03-28T15:45:41.660Z,80.0,71.496,71.496
Been waiting for this version of Wemby👀💪💯#wemby #draymondgreen #NBA #basketball #shorts,https://www.youtube.com/watch?v=iDi_nGOcM4M,HoopsViralClips,https://www.youtube.com/channel/UC4sTPsxOW5HFXKjAaHPgsBg,2026-03-28T15:44:50.260Z,60.0,51.4,51.4
H&R Block - Here For You,https://www.youtube.com/watch?v=0Nm5-31EXlQ,,,2026-03-28T15:44:37.708Z,16.0,12.552,12.552
Follow & Like for more clips!,https://www.youtube.com/watch?v=N2Cx_-zgQU4,Tory Lanez,https://www.youtube.com/channel/UCbfUA3UGxAWL3muD004g0WQ,2026-03-28T15:43:26.008Z,141.0,71.7,71.7
It Makes Sense,https://www.youtube.com/watch?v=2jCyv_PngCE,Asmongold Shorts,https://www.youtube.com/channel/UCkQ774ot9mhH3wWMsjzGq2g,2026-03-28T15:41:32.284Z,111.0,113.724,111.0
Shortened: Join Translators Unit 報酬目的 ver 4 4 English シンプル動画10 説明 21 3s,https://www.youtube.com/watch?v=vVHVLiYPWlQ,,,2026-03-28T15:41:09.538Z,19.0,22.746,19.0
Codex Ed 2 PrototypingWithCodex 16x9,https://www.youtube.com/watch?v=BfZzwD575NQ,,,2026-03-28T15:40:51.021Z,30.0,18.517,18.517
✨  Space Ambient Music. Space Deep Relaxation,https://www.youtube.com/watch?v=-YUYLbjl7Sk,Relaxation Ambient Music,https://www.youtube.com/channel/UCkFeoNSqYTa7trn75WM9tsg,2026-03-28T08:48:02.929Z,12691.0,24768.092,12691.0
PyCharm for Data Professionals,https://www.youtube.com/watch?v=t0lCTbAxd5o,,,2026-03-28T06:40:24.916Z,146.0,7658.013,146.0
"Golden State Warriors vs Washington Wizards Full Game Highlights | Mar 27, 2026 | FreeDawkins",https://www.youtube.com/watch?v=bEVJvYr5HMk,FreeDawkins,https://www.youtube.com/channel/UCEjOSbbaOfgnfRODEEMYlCw,2026-03-28T06:40:07.948Z,643.0,16.968,16.968
PRIME-55368_TNG_First_Contact-Trailer_1920x1080_EN_44S_2bjyl8mjdw_2bjyl8mjdw.mp4,https://www.youtube.com/watch?v=nCI5S3q1Wfg,,,2026-03-28T06:39:54.266Z,45.0,13.682,13.682
My last time playing Crimson Desert….,https://www.youtube.com/watch?v=DP-UH-R4_PU,Asmongold TV  ,https://www.youtube.com/channel/UCQeRaTukNYft1_6AZPACnog,2026-03-28T02:50:47.955Z,11521.0,13746.311,11521.0
[6.2] Teyvat's Celestial Hierarchy - A Genshin Impact Theory... thing,https://www.youtube.com/watch?v=qWDNVGNtpjc,Ashikai,https://www.youtube.com/channel/UCJsx9l8WXBm2_zD5REgpERA,2026-03-28T02:07:01.492Z,2496.0,2626.463,2496.0
[6.2] Teyvat's Ancient History - Genshin Impact Lore (Luna 3),https://www.youtube.com/watch?v=BkSPb6bBk5M,Ashikai,https://www.youtube.com/channel/UCJsx9l8WXBm2_zD5REgpERA,2026-03-28T01:31:53.897Z,2171.0,2107.595,2107.595
Genshin 6.5 Special Program - rummaging through a god's storage unit,https://www.youtube.com/watch?v=dMgZlbABniw,Ashikai,https://www.youtube.com/channel/UCJsx9l8WXBm2_zD5REgpERA,2026-03-28T01:31:12.193Z,12084.0,41.704,41.704
Join Translators Unit  スキルと機会 ver 4 3 English シンプル（動画01 15s）,https://www.youtube.com/watch?v=ps0SreptoF0,,,2026-03-28T01:31:06.159Z,16.0,6.034,6.034
Lord of the Rings is DONE..,https://www.youtube.com/watch?v=zQWyfXE-_iU,Asmongold TV  ,https://www.youtube.com/channel/UCQeRaTukNYft1_6AZPACnog,2026-03-28T01:14:48.800Z,881.0,977.359,881.0
Tibia - Summer Update 2025,https://www.youtube.com/watch?v=DjQLkUU3M70,,,2026-03-28T01:14:42.778Z,155.0,6.022,6.022
Jurassic Park - Security,https://www.youtube.com/watch?v=9pfy3vp2m-s,,,2026-03-28T01:14:24.169Z,19.0,18.609,18.609
"CRIMSON DESERT'S BIG TURNAROUND, PS5 PRICE CHANGE & MORE",https://www.youtube.com/watch?v=xj1OkkrBEf4,gameranx,https://www.youtube.com/channel/UCNvzD7Z-g64bPXxGzaQaa4g,2026-03-28T00:02:30.069Z,916.0,4314.1,916.0
Introducing Base44’s Big Game Ad Teaser “It’s App to You”,https://www.youtube.com/watch?v=JcMPf4sEzew,,,2026-03-28T00:02:20.762Z,16.0,9.307,9.307
#39 - train base - base attack force - nearby helicopter base - DITOGAMES 2024,https://www.youtube.com/watch?v=UsIepNJqwnI,,,2026-03-27T23:56:08.064Z,65.0,372.698,65.0
#Best Custom RSPS - Bethlehem 317,https://www.youtube.com/watch?v=DAguLU-8i1I,,,2026-03-27T23:55:47.021Z,16.0,21.043,16.0
Crimson Desert's lighting is broken,https://www.youtube.com/watch?v=SN5_P15x3Dk,DaveKap,https://www.youtube.com/channel/UC7UBYkeRPc-FouPi1bLuOAw,2026-03-27T23:55:33.992Z,76.0,13.029,13.029
American Dad: 30(ish) Minutes of Roger 3,https://www.youtube.com/watch?v=r80LbsTIoMs,Ren Ranger 2,https://www.youtube.com/channel/UCmiWXCjV6IhokgVGtUvnPRQ,2026-03-27T23:53:35.863Z,1791.0,118.129,118.129
American Dad: 30 Minutes of Roger 1,https://www.youtube.com/watch?v=2vshSVDnJqI,Ren Ranger 2,https://www.youtube.com/channel/UCmiWXCjV6IhokgVGtUvnPRQ,2026-03-27T23:53:32.488Z,1840.0,3.375,3.375
Crimson Desert should be erased,https://www.youtube.com/watch?v=0QtPXHRFSFs,ENDYMIONtv,https://www.youtube.com/channel/UC92iwH5d9u0CeJtCx17YT9Q,2026-03-27T23:53:14.852Z,1249.0,17.636,17.636
Video F Rachel Auto AgentComission Hook5 DavidTommy 9026 ComplianceEdit,https://www.youtube.com/watch?v=sSbnE2LhLgs,,,2026-03-27T23:52:58.533Z,46.0,16.319,16.319
PRIME-55368_TNG_First_Contact-Trailer_1920x1080_EN_44S_2bjyl8mjdw_2bjyl8mjdw.mp4,https://www.youtube.com/watch?v=nCI5S3q1Wfg,,,2026-03-27T23:52:40.797Z,45.0,17.736,17.736
When your paycheck is low after calling out ALL week,https://www.youtube.com/watch?v=cxdPegNRE3Q,Nileseyy Niles,https://www.youtube.com/channel/UCT3cGZ8SeFVY5xwUxBAO0Mg,2026-03-27T23:49:01.888Z,295.0,218.909,218.909
When you order a lot of food and the restaurant calls your order out loud,https://www.youtube.com/watch?v=FfbSQvvHHVc,Nileseyy Niles,https://www.youtube.com/channel/UCT3cGZ8SeFVY5xwUxBAO0Mg,2026-03-27T23:46:15.452Z,335.0,166.436,166.436
Shortened: 02 Vacation 30 16x9 Finish,https://www.youtube.com/watch?v=j_yNfoMF10s,,,2026-03-27T23:46:05.154Z,29.0,10.298,10.298
Signing old photos pranks 😂😂 #funny #shorts #viralshorts,https://www.youtube.com/watch?v=OlDLpj9Rx6Q,robclips,https://www.youtube.com/channel/UCLP9LDeh18OxpOaosmL9NcQ,2026-03-27T23:45:01.080Z,75.0,64.074,64.074
Top 10 Best PS3 Games of 2013 - Upcoming & Must-Haves,https://www.youtube.com/watch?v=fu6dQRHVvv4,gameranx,https://www.youtube.com/channel/UCNvzD7Z-g64bPXxGzaQaa4g,2026-03-27T23:43:18.300Z,538.0,102.78,102.78
Available Now - Launch Trailer Full ESRB 1080p,https://www.youtube.com/watch?v=VPAfIXsMLVM,,,2026-03-27T23:43:06.321Z,100.0,11.979,11.979
Tooth Fairy Visits Marshall! #shorts #sphynx #hairlesscat #pets,https://www.youtube.com/watch?v=_JErV32XoTg,Lindsey Kuzmin,https://www.youtube.com/channel/UChG1pHQHx149HitA9-TatYg,2026-03-27T23:39:06.425Z,60.0,239.896,60.0
260313V23-Web-EN-169-SZE-Extend影视剧情,https://www.youtube.com/watch?v=jT4VrShjDKU,,,2026-03-27T20:35:45.003Z,19.0,11001.422,19.0
Little Giants,https://www.youtube.com/watch?v=9hK5KmLESd0,YouTube Movies,https://www.youtube.com/channel/UCuVPpxrm2VAgpH3Ktln4HXg,2026-03-27T20:35:26.306Z,,18.697,18.697
shift asherintech landscape,https://www.youtube.com/watch?v=HC1pkXRgPec,,,2026-03-27T20:35:01.414Z,49.0,24.892,24.892
Tibia - Decades of content,https://www.youtube.com/watch?v=aWX4Yzfpm6w,,,2026-03-27T20:35:01.413Z,72.0,0.001,0.001
How to Steal in Crimson Desert - Why I can't Steal,https://www.youtube.com/watch?v=xB1kXE1J5OY,GosuNoob,https://www.youtube.com/channel/UCmKSLD9ybqX294F4S_L04zw,2026-03-27T19:18:33.968Z,202.0,4587.445,202.0
new car aware brand my25 local baseball stories general video auto 15s broad US en 16x9,https://www.youtube.com/watch?v=cc_OtLv3ggU,,,2026-03-27T19:18:27.726Z,16.0,6.242,6.242
Crimson Desert - Storage Chest Location (How to Store Items),https://www.youtube.com/watch?v=lbO0jrUdaMU,PowerPyx,https://www.youtube.com/channel/UCWBA1-H9A5IldSb3tNwQmtQ,2026-03-27T18:51:31.824Z,74.0,1615.902,74.0
Crimson Desert - Where to find Private Storage Chest,https://www.youtube.com/watch?v=SoGral28PBI,Dan Allen Gaming,https://www.youtube.com/channel/UCcTa20zpKM6CkcvocFXVe6A,2026-03-27T18:50:47.972Z,48.0,43.852,43.852
Video Ad,https://www.youtube.com/watch?v=7zP1MVnBWOc,,,2026-03-27T18:50:41.337Z,7.0,6.635,6.635
Google AI Pro,https://www.youtube.com/watch?v=uaMz8aYJvLE,,,2026-03-27T18:37:02.501Z,33.0,818.836,33.0
Aikido Infinite: Teaser 16:9,https://www.youtube.com/watch?v=-x9I_zPj2Hc,,,2026-03-27T18:31:34.274Z,23.0,328.227,23.0
"Try monday.com today, your one-stop-shop for AI that gets work done for you",https://www.youtube.com/watch?v=26Oewmh-d1E,,,2026-03-27T18:26:10.437Z,47.0,323.837,47.0
Vector Embeddings Tutorial – Code Your Own AI Assistant with GPT-4 API + LangChain + NLP,https://www.youtube.com/watch?v=yfHHvmaMkcA,freeCodeCamp.org,https://www.youtube.com/channel/UC8butISFwT-Wl7EV0hUK0BQ,2026-03-27T18:23:38.684Z,2183.0,151.753,151.753
DCD-Soci-392105| Hulu,https://www.youtube.com/watch?v=-214vNY-HqU,,,2026-03-27T18:22:27.177Z,39.0,71.507,39.0
"Wait, my agent needs a database?",https://www.youtube.com/watch?v=k9QgmurnNCU,,,2026-03-27T18:22:11.201Z,1250.0,15.976,15.976
Let's build an industrial district! | Building & Brews,https://www.youtube.com/watch?v=U2I55IDcviQ,City Planner Plays,https://www.youtube.com/channel/UC8WAaaW2FnctRI9coYJoUdA,2026-03-27T18:21:54.112Z,9817.0,17.089,17.089
BioLife Restaurant 16x9 15,https://www.youtube.com/watch?v=o43fmywo198,,,2026-03-27T17:59:50.705Z,16.0,1323.407,16.0
Look who showed up,https://www.youtube.com/watch?v=acfcl_0mv1c,Star Wars Theory,https://www.youtube.com/channel/UC8CbFnDTYkiVweaz8y9wd_Q,2026-03-27T17:59:49.864Z,1442.0,0.841,0.841
I Turned My Voice Into a Full Band | Pop Edition #2 (ft. Audriix),https://www.youtube.com/watch?v=atx19QpBWr0,,,2026-03-27T17:59:36.590Z,134.0,13.274,13.274
I’m Still Around Today 💪😤 #KevinGates #Amilio #GRWM #RNH,https://www.youtube.com/watch?v=rvgbvpuSgag,kevingatesTV,https://www.youtube.com/channel/UCj2GTFekdV3EUsTVN8oaEqA,2026-03-27T17:53:54.770Z,17.0,341.82,17.0
Google AI Plus,https://www.youtube.com/watch?v=PQsJ95OK1mg,,,2026-03-27T17:53:42.270Z,25.0,12.5,12.5
Are My Agents Hunting for Data?,https://www.youtube.com/watch?v=uTv-E-vz570,,,2026-03-27T17:53:22.369Z,1198.0,19.901,19.901
Difference between a seagull and a crow’s accuracy,https://www.youtube.com/watch?v=PrCR8ytSRaE,Fantastic Finds,https://www.youtube.com/channel/UCVwrBq1mmgNdOMaXayuZkTQ,2026-03-27T17:52:17.896Z,10.0,64.473,10.0
Seagull vs Crow,https://www.youtube.com/watch?v=kHtEoWeKLJo,Sebastian Meyer,https://www.youtube.com/channel/UCqRh52CNeDnDyKypdQDD2dw,2026-03-27T17:52:02.797Z,12.0,15.099,12.0
Why Crows and Gulls Are Always Fighting,https://www.youtube.com/watch?v=tEtz5dhh4RU,Bob the Bear,https://www.youtube.com/channel/UCDNPs0HJyIfDizMmCyVL_wQ,2026-03-27T17:51:32.245Z,8.0,30.552,8.0
Titan Quest II | Early Access Update | Chapter 3: Arkadian Plains Teaser,https://www.youtube.com/watch?v=rBIA8SxpfBA,,,2026-03-27T17:51:30.865Z,30.0,1.38,1.38
#nobatidao 🤨,https://www.youtube.com/watch?v=wPwmtqTszf4,DAL3XA BONES,https://www.youtube.com/channel/UCHDE-Hu16JeqyqQ7aDiA9AA,2026-03-27T17:51:17.393Z,12.0,13.472,12.0
How to GROOM a Maine Coon cat (Bodhi) -brush!! #shorts #shortsvideo #cat #cute #mainecoon #brushcat,https://www.youtube.com/watch?v=WoFiY72rbDw,Diet Fitness & Longevity Retired couple,https://www.youtube.com/channel/UCisowSxvuM1Hhu9D7tsU65Q,2026-03-27T17:49:30.472Z,,106.921,106.921
10  Annual Funny Rankings,https://www.youtube.com/watch?v=G5NgdpdNjb4,Michael,https://www.youtube.com/channel/UCG_4D7WHCTZfplFxqSAsBfA,2026-03-27T17:48:56.912Z,28.0,33.56,28.0
Cat owner pranks his cat 🤣 #shorts #cat #catlovers,https://www.youtube.com/watch?v=_W4Jc7v0wC8,So Adorable,https://www.youtube.com/channel/UCpTjYeN5RVJJ9ug6Y8j0bnw,2026-03-27T17:48:36.912Z,18.0,20.0,18.0
PCGS2025 10s 9x16 LOOP,https://www.youtube.com/watch?v=iy4eH7yUOZ0,,,2026-03-27T17:47:33.782Z,11.0,63.13,11.0
Instant Karma for Ignoring Traffic Rules ！😂😂#InstantKarma#PoliceCaught#TrafficViolation#baddrivers,https://www.youtube.com/watch?v=IxblFepI60k, Pump king,https://www.youtube.com/channel/UCtpuaDIdKc6xVXm7Y65NnsA,2026-03-27T17:47:32.452Z,61.0,1.33,1.33
my cat made a new friend 🥹❤️ #blackcat #catperson #cutecat #therapycat #catlife #adventurecat #cat,https://www.youtube.com/watch?v=GZmybKf8leA,One Eared Uno,https://www.youtube.com/channel/UC2ZFORY4i2o_Uq5xv2PgMKA,2026-03-27T17:47:27.312Z,62.0,5.14,5.14
IFCJ Flag Pin USA Vertical Generic,https://www.youtube.com/watch?v=FS713fmnHCU,,,2026-03-27T17:47:25.835Z,43.0,1.477,1.477
He actually made it😂😂💪🏾 #voiceover #shorts #explore,https://www.youtube.com/watch?v=sMd_14G814s,johngambino3,https://www.youtube.com/channel/UCOVXu-XTvi2vAjRU0buV6fA,2026-03-27T17:47:17.840Z,,7.995,7.995
Bro ruined his career 👀🤯 #shortvideo #basketball #shorts #short #goviral #nba #trending,https://www.youtube.com/watch?v=D1_Dp9YAdDk,Rubdagoat,https://www.youtube.com/channel/UCNRZUknVJntmKTcqRdUP90A,2026-03-27T17:46:19.817Z,25.0,58.023,25.0
New 3,https://www.youtube.com/watch?v=Bi3govmSiuA,,,2026-03-27T17:46:18.487Z,72.0,1.33,1.33
“Warning: Cutest chaos incoming! 😻” #cat #ihavethisthingwithplants #funnycats #butifyoucloseyoureyes,https://www.youtube.com/watch?v=Peufa2wXoPw,wnadereewid,https://www.youtube.com/channel/UCvw4ymGEnVN0AoKfpg1KE5A,2026-03-27T17:45:52.293Z,15.0,26.194,15.0
Still The Best Scratching Brushes For Our Goats! Saved in my amazon storefront! #goats #farmlife,https://www.youtube.com/watch?v=Uu9toJBADq0,Kids on Kerth,https://www.youtube.com/channel/UCaTfK1rSKafSXmKz8I0LVYw,2026-03-27T17:45:18.531Z,15.0,33.762,15.0
YouTube Ad - 2507 - July - Alex -  BAU - 9x16,https://www.youtube.com/watch?v=sfS39CrNaFI,,,2026-03-27T17:45:16.939Z,19.0,1.592,1.592
Bro How Sway 😩 #basketball #nba #dunk #collegebasketball #shorts #subscribe #ballislife #espn #2k,https://www.youtube.com/watch?v=513tJh2kShA,Zero Exposure,https://www.youtube.com/channel/UCeI9GPGsPQxIBlFHxh6Zkmw,2026-03-27T17:44:50.368Z,6.0,26.571,6.0
"Don't be like""Dayum, bro!"" 😆🤣",https://www.youtube.com/watch?v=TP2k9vSS3HY,The Coley Fam,https://www.youtube.com/channel/UCBEN86T-PUA00fnJ3EOwJVQ,2026-03-27T17:44:37.881Z,12.0,12.487,12.0
"Blurry: ""So We PrEP"" feat. T-Boz -- 15s video",https://www.youtube.com/watch?v=M49-inGpX5I,,,2026-03-27T17:44:36.471Z,16.0,1.41,1.41
I thought she was setting me free 😭,https://www.youtube.com/watch?v=2PBpyqr8KHg,Maya & Dexter,https://www.youtube.com/channel/UCBk4blQ4EqwMJ4RKgbcYtUQ,2026-03-27T17:44:23.948Z,13.0,12.523,12.523
The Gun Bed 🔫,https://www.youtube.com/watch?v=1fUB9idmzLg,Curious as Hell,https://www.youtube.com/channel/UCy38OtTWhi8vabnv_VKUGVw,2026-03-27T17:44:04.588Z,9.0,19.36,9.0
$10 Large Any 3-Topping | Hut Crust™ :06 MM,https://www.youtube.com/watch?v=qfFYQi-GEes,,,2026-03-27T17:44:03.668Z,7.0,0.92,0.92
Memorable moments of Maxwell the cat over the past year#cats #funny,https://www.youtube.com/watch?v=B7EA-DytrTE,Max2049dousha.official,https://www.youtube.com/channel/UC__NO_dZegKiJQ7iuKCyCSg,2026-03-27T17:44:03.333Z,128.0,0.335,0.335
Since everyone loves watching Chloe beat me up 😅,https://www.youtube.com/watch?v=oSLjiPhY7a4,Chloe The Serval,https://www.youtube.com/channel/UCmjJ16jJYiRqfnyEgSPVJ7w,2026-03-27T17:31:56.900Z,61.0,726.433,61.0
Lynx is so Friendly! #shorts #cats,https://www.youtube.com/watch?v=C8dyMN_Dtow,Wild Charles,https://www.youtube.com/channel/UCHa9ONxKnJAOTkSgC1v7KwQ,2026-03-27T17:31:21.685Z,33.0,35.215,33.0
Where Winds Meet has me Questioning Things,https://www.youtube.com/watch?v=yl4kjJf9Jwo,big sherpa,https://www.youtube.com/channel/UCb1_Cdml3wAWh7flELrJOcQ,2026-03-27T17:31:01.509Z,79.0,20.176,20.176
DCD-Blin-40480| Hulu,https://www.youtube.com/watch?v=ZVO93q3BY1E,,,2026-03-27T17:30:54.441Z,16.0,7.068,7.068
Magpies Teasing Cat,https://www.youtube.com/watch?v=qV2dL0y-z3A,Tom & Mimi Extras,https://www.youtube.com/channel/UCrb2tPsjptF2Q4hBZHqTcTQ,2026-03-27T17:30:20.032Z,21.0,34.409,21.0
Magpie Helps Coffee Shop || ViralHog,https://www.youtube.com/watch?v=RgxbJ31OkQ4,ViralHog,https://www.youtube.com/channel/UC3339WgBDKIcxTfywuSmG8w,2026-03-27T17:30:01.944Z,27.0,18.088,18.088
Beautiful Australian Magpies Singing #magpie #birdsounds #magpie,https://www.youtube.com/watch?v=xPzduGSH7jw,HungryBirds,https://www.youtube.com/channel/UCTqGnV3qjFWzIEKJb0ydTMw,2026-03-27T17:29:54.960Z,9.0,6.984,6.984
Up close with a noisy magpie on the seed catcher tray #bird #birdvideo #magpies #picapica,https://www.youtube.com/watch?v=WjM9y8QHHVo,My Garden Cams,https://www.youtube.com/channel/UC1bUMPsNP9dIvWltE-g29MA,2026-03-27T17:29:46.052Z,9.0,8.908,8.908
Can You Pet A Crow?,https://www.youtube.com/watch?v=Io7OFAqu8oU,Dark Wings Wildlife,https://www.youtube.com/channel/UC--y2kaVrd1eI4yIonDYMRw,2026-03-27T17:28:26.857Z,28.0,79.195,28.0
Friendly Chat Between Man and a Raven || ViralHog,https://www.youtube.com/watch?v=6yUKpZdrGjM,ViralHog,https://www.youtube.com/channel/UC3339WgBDKIcxTfywuSmG8w,2026-03-27T17:27:43.116Z,15.0,43.741,15.0
Stop using the #OpenToWork badge on LinkedIn,https://www.youtube.com/watch?v=jbThKb87jmY,Hayk Simonyan,https://www.youtube.com/channel/UC__zoQSleSVci-tlhkCYaEg,2026-03-27T17:11:03.624Z,265.0,999.492,265.0
Pool Out Couples Weekend,https://www.youtube.com/watch?v=9ecCa2sPk-8,,,2026-03-27T16:03:33.203Z,31.0,4050.421,31.0
Bring your ideas to life with Base44,https://www.youtube.com/watch?v=OugxDOargKI,,,2026-03-27T15:56:41.371Z,47.0,411.832,47.0
MARC 4239 BV Unclaimed Podcast Style UGC 16x9 30 Final,https://www.youtube.com/watch?v=5JCFFoF0Tok,,,2026-03-27T15:46:35.910Z,31.0,605.461,31.0
Eulogy already written! Akademiks reacts to Mero dissing him on HOT97,https://www.youtube.com/watch?v=JxiVZcv3QG0,King Akademiks,https://www.youtube.com/channel/UCg5iO7Pbg7f4gmufzOLD_zA,2026-03-27T15:40:29.651Z,2862.0,366.259,366.259
5e Compatible PackMule Ultimate Inventory System,https://www.youtube.com/watch?v=rmVMIpU51L4,,,2026-03-27T15:40:07.770Z,31.0,21.881,21.881
Shortened: Join Translators Unit 報酬目的 ver 4 4 English シンプル動画10 説明 21 3s,https://www.youtube.com/watch?v=vVHVLiYPWlQ,,,2026-03-27T15:30:45.673Z,19.0,562.097,19.0
Riverside - Create your best content yet.,https://www.youtube.com/watch?v=AM4ga_3YDH0,,,2026-03-27T15:24:42.944Z,30.0,362.729,30.0
Introducing Base44’s Big Game Ad “It’s App to You”,https://www.youtube.com/watch?v=iKEUWtqvsis,,,2026-03-27T15:18:47.710Z,31.0,355.234,31.0
We need a breakdown! Akademiks speaks on all his Jay Z predictions & talks Airplane food 😂!,https://www.youtube.com/watch?v=bnk-5-5V5_U,King Akademiks,https://www.youtube.com/channel/UCg5iO7Pbg7f4gmufzOLD_zA,2026-03-27T15:17:36.859Z,,70.851,70.851
3 Free Energy Inventors That Were ELIMINATED & SUPPRESSED,https://www.youtube.com/watch?v=6mKgWDp4C1U,Universe Inside You,https://www.youtube.com/channel/UCOnnmKlDZltHAqJLz-XIpGA,2026-03-27T15:16:48.663Z,2456.0,48.196,48.196
The Porsche Cayenne Electric Turbo is Mind Blowing.,https://www.youtube.com/watch?v=We-lvUeRGb0,Auto Focus,https://www.youtube.com/channel/UC2J-0g_nxlwcD9JBK1eTleQ,2026-03-27T15:15:53.562Z,1027.0,55.101,55.101
The 2 changes that finally fixed my city’s transit! | SB 24,https://www.youtube.com/watch?v=q5g17doMigA,City Planner Plays,https://www.youtube.com/channel/UC8WAaaW2FnctRI9coYJoUdA,2026-03-27T14:09:17.557Z,2930.0,3996.005,2930.0
Gothic 1 Remake | Release Date Trailer,https://www.youtube.com/watch?v=0We-UgJKJp8,,,2026-03-27T13:23:54.711Z,186.0,2722.846,186.0
Get them both,https://www.youtube.com/watch?v=c01sD-_4jL8,,,2026-03-27T12:49:59.675Z,64.0,2035.036,64.0
Signs reveal.. signals respond,https://www.youtube.com/watch?v=oTVoa78dbZc,,,2026-03-27T12:49:36.097Z,16.0,23.578,16.0
Kristen Wiig's Best SNL Impressions! 👏,https://www.youtube.com/watch?v=B6_Ms-Kwekc,PopMojo,https://www.youtube.com/channel/UCv2DR5EG-Xa1SjCanM6OHpA,2026-03-27T10:20:51.697Z,122.0,8924.4,122.0
Making an alternative R&B hit with Suno | In The Cut: underGOATS,https://www.youtube.com/watch?v=sUiwJAdMx1U,,,2026-03-27T10:20:39.653Z,225.0,12.044,12.044
Don't miss a single Owl Core🦉#owl#funnyanimals#birds,https://www.youtube.com/watch?v=zjQdtXEwTPA,Plumley.funnypets,https://www.youtube.com/channel/UCixZCOACbqzpeCmNFp6Xaqw,2026-03-27T10:19:12.605Z,73.0,87.048,73.0
JIM CARREY As VANILLA ICE is still funny to this day ! 😂😂  #jimcarrey,https://www.youtube.com/watch?v=TIfnWpNzGlY,HipHopUnity,https://www.youtube.com/channel/UC7VU2QvYMFiAbjClaT3CJcA,2026-03-27T10:18:43.680Z,39.0,28.925,28.925
World’s Grumpiest Cat I Frozen Planet II I BBC,https://www.youtube.com/watch?v=kgrV3_g9rYY,BBC,https://www.youtube.com/channel/UCCj956IF62FbT7Gouszaj9w,2026-03-27T10:17:46.580Z,179.0,57.1,57.1
Turn any idea into an app with Base44,https://www.youtube.com/watch?v=1wzhsrwSOTY,,,2026-03-27T10:17:27.929Z,55.0,18.651,18.651
Get them both,https://www.youtube.com/watch?v=YGQ7CMVTE8U,,,2026-03-27T10:17:15.355Z,31.0,12.574,12.574
Did Leah  Remimi have beef with Kevin James #funny #comedy,https://www.youtube.com/watch?v=_v-5R5_VWaE,The BAD Gamer,https://www.youtube.com/channel/UC2Ns45aIeBTYBJtCkPWI0Bw,2026-03-27T10:16:14.798Z,60.0,60.557,60.0
Blondes will be blondes!,https://www.youtube.com/watch?v=aS0dgIl_L8Q,Snowwolf Jku,https://www.youtube.com/channel/UCYzOASzUvwpWQbsu4cUf-Ug,2026-03-27T10:15:27.588Z,50.0,47.21,47.21
Another Eden Begins Announcement Trailer,https://www.youtube.com/watch?v=G41po-Mr2_I,,,2026-03-27T10:15:14.140Z,71.0,13.448,13.448
A Bridge Too Far,https://www.youtube.com/watch?v=kRzmxox0L0k,YouTube Movies,https://www.youtube.com/channel/UCuVPpxrm2VAgpH3Ktln4HXg,2026-03-27T05:56:57.789Z,10573.0,15496.351,10573.0
The Worst Time in History to Be Born as a Human,https://www.youtube.com/watch?v=_Q82p9j2ZgY,Destiny,https://www.youtube.com/channel/UCIFtADcWrOApqrsinzPoOfA,2026-03-27T04:57:33.814Z,3145.0,3563.975,3145.0
Angry Cats vs Wild Animals,https://www.youtube.com/watch?v=kScUe2NTvoI,#Mind Warehouse,https://www.youtube.com/channel/UCYenDLnIHsoqQ6smwKXQ7Hg,2026-03-27T04:34:27.557Z,1828.0,1386.257,1386.257
"Our Bobcat House cat mix ""Joe"" is a SAVAGE! #cat #shorts",https://www.youtube.com/watch?v=41fB6h-ZyoU,30mo Fishing ,https://www.youtube.com/channel/UC7r0G7BAZrsmkZGEuUGDzSA,2026-03-27T04:33:23.710Z,39.0,63.847,39.0
Pet bobcat in rural king,https://www.youtube.com/watch?v=o45kDABeeag,AiKENOBI,https://www.youtube.com/channel/UCp-CgzrzokKGemsi2aLEZ6w,2026-03-27T04:33:22.210Z,19.0,1.5,1.5
A bobcat meow,https://www.youtube.com/watch?v=k08ZtWSK5ek,tyler worsham,https://www.youtube.com/channel/UCsjCai1Ge5Dyq6b9hnftvug,2026-03-27T04:33:18.017Z,43.0,4.193,4.193
How to Eat a Bobcat,https://www.youtube.com/watch?v=fo2KhczXED8,The Urban Rescue Ranch,https://www.youtube.com/channel/UCv3mh2P-q3UCtR9-2q8B-ZA,2026-03-27T04:33:15.009Z,19.0,3.008,3.008
The Angry Bobcat 😡 Wild Animal Attitude 🔥 Real Sound of Bobcat 😾 Bobcat Voice 🐈 Big Cat🔥#attitude,https://www.youtube.com/watch?v=ei0diUowCTU,Beautiful Nature Lover,https://www.youtube.com/channel/UClltpzttxdGqYP2A_NjK33Q,2026-03-27T04:33:06.809Z,8.0,8.2,8.0
Girl raised bobcat thinking it was cat 🐯😲😺,https://www.youtube.com/watch?v=tHaPaVfT0oo,it's fact field ,https://www.youtube.com/channel/UC2Dz_VQ7asHD0NxfgSkb8nw,2026-03-27T04:33:02.969Z,25.0,3.84,3.84
Video captures bobcat encounter on Florida beach,https://www.youtube.com/watch?v=zpghkxuDa-k,NBC News,https://www.youtube.com/channel/UCeY0bbntWzzVIaj2z3QigXg,2026-03-27T04:32:37.470Z,24.0,25.499,24.0
The bobcat mother didn't allow the coyote to reach her kids,https://www.youtube.com/watch?v=boAWk56u1UU,ANIMALS' NATURE,https://www.youtube.com/channel/UCdiJhRPVEcoRTlBUHq7eRqg,2026-03-27T04:32:31.642Z,,5.828,5.828
Chatting with the World's Prettiest Bobcat #shorts #animals,https://www.youtube.com/watch?v=gtelBWN4x2M,Rustic Acres Wildcat Rescue (RAWR Sanctuary),https://www.youtube.com/channel/UCYKZjKhoeeDueYgrjFLJD9Q,2026-03-27T04:32:18.527Z,19.0,13.115,13.115
House Cat Making Friends With a Bobcat || ViralHog,https://www.youtube.com/watch?v=OPQwksbvRMg,ViralHog,https://www.youtube.com/channel/UC3339WgBDKIcxTfywuSmG8w,2026-03-27T04:32:04.436Z,13.0,14.091,13.0
A family adopted a baby bobcat that was abandoned by its mother. #bobcat  #shorts #loveanimals,https://www.youtube.com/watch?v=hval-5tBuUA,Animal Love Heart,https://www.youtube.com/channel/UCPfQsILVcW4ts-TIuC0bJpw,2026-03-27T04:31:02.564Z,59.0,61.872,59.0
Bobcat and coyote double,https://www.youtube.com/watch?v=YK9eCKFna_A,Live More Outdoors,https://www.youtube.com/channel/UCuk52CSVBvJQBU_xMKjZcVQ,2026-03-27T04:30:57.833Z,16.0,4.731,4.731
Bobcat gives dad a hug from on top of the fridge!,https://www.youtube.com/watch?v=NsbM48EhXC4,BVIRAL,https://www.youtube.com/channel/UCBsL0f1FZylqqhuKs5jhXCQ,2026-03-27T04:30:41.461Z,34.0,16.372,16.372
Angry bobcat,https://www.youtube.com/watch?v=XzmKgpVJLb0,Olboytrappers,https://www.youtube.com/channel/UCzrD8Bec72MH52vRhEOHhwQ,2026-03-27T04:30:35.341Z,18.0,6.12,6.12
You Won’t Believe This Bobcat’s First Jump,https://www.youtube.com/watch?v=377z772JSkc,Wild Vox,https://www.youtube.com/channel/UC834r4nAsxbAPpO4pZuGubg,2026-03-27T04:30:08.941Z,19.0,26.4,19.0
House cat doesnt like pet bobcat,https://www.youtube.com/watch?v=L-JH7ZLs4fM,tyler foxworthy,https://www.youtube.com/channel/UCrCWqA3gVtj_lARLzIa_Nwg,2026-03-27T04:29:57.711Z,19.0,11.23,11.23
The Sweetest Bobcat in the World,https://www.youtube.com/watch?v=l2vvAZLajqA,Tyler Nolan,https://www.youtube.com/channel/UC6o-qOLyXnhZhl1Q2kUJx2w,2026-03-27T04:29:55.825Z,24.0,1.886,1.886
bobcat makes attack,https://www.youtube.com/watch?v=6gLAqu7o-Lg,LENCUNG WILD,https://www.youtube.com/channel/UCXhYcnpMbvI0eA6--vsxR-w,2026-03-27T04:29:38.717Z,9.0,17.108,9.0
"Terrifying Footage! Wild Bobcat Jumps into Backyard, But the House Cat Fights Back!",https://www.youtube.com/watch?v=FN4OaJyCOpY,size2cm,https://www.youtube.com/channel/UCITu7swHKQ4xNUYQkxCX0wg,2026-03-27T04:29:30.885Z,11.0,7.832,7.832
BOBCAT ATTACKS TURKEY DECOY! #huntthebreak #hunting #turkeyhunting #bobcat,https://www.youtube.com/watch?v=p0xBbhE-A_Q,The Break,https://www.youtube.com/channel/UCqv5YBxQK_6Em2vjPlQ_m2w,2026-03-27T04:29:07.393Z,15.0,23.492,15.0
Adopt at Your Own Risk: The Bobcat Reality Check! ⚠️❤️ #shorts,https://www.youtube.com/watch?v=5cy7Qy-QrmM,StoryCapsule,https://www.youtube.com/channel/UC_2y9kH1mcToojy_A154ntQ,2026-03-27T04:28:00.421Z,59.0,66.972,59.0
Huge Bobcat #ALsOutdoors #trapping #westvirginia,https://www.youtube.com/watch?v=g24vUVlkN5Q,ALs outdoors,https://www.youtube.com/channel/UCqX8F7wApo5GdVEYAx-Ubpg,2026-03-27T04:27:58.485Z,16.0,1.936,1.936
Bobcat Kitten Walked Right Up To Us #nature,https://www.youtube.com/watch?v=WQc1NXnR_VU,Near Nature,https://www.youtube.com/channel/UCChjR0eD-BqZl35FGVn7vAg,2026-03-27T04:27:43.170Z,14.0,15.315,14.0
"Typical cat behavior, nothing more",https://www.youtube.com/watch?v=mtuMG5T-zqo,C A T,https://www.youtube.com/channel/UCPdSUYS1xH0wpFZ8XHojyfg,2026-03-27T04:23:55.248Z,618.0,227.922,227.922
Sphynx Kittens so cute 12 #shorts,https://www.youtube.com/watch?v=GVrVKT7BVj8,Sphynx Cat Funny,https://www.youtube.com/channel/UCr60BhaL6kTaIJZVRtCL0rQ,2026-03-27T04:23:30.632Z,11.0,24.616,11.0
These hairless cats love take a bath,https://www.youtube.com/watch?v=mnkuNl7KVKk,Mr peach ,https://www.youtube.com/channel/UCdpd-ebdLbJ91cNZGQLDIwA,2026-03-27T04:22:44.623Z,46.0,46.009,46.0
Sphynx 😻 The Hairless Purrfection,https://www.youtube.com/watch?v=7kWMZJhBgwI,1 Minute Animals,https://www.youtube.com/channel/UCejVe2sNPjjvfCXg35q_EQQ,2026-03-27T04:22:29.449Z,50.0,15.174,15.174
Sphynx Cats: Furless Wonders Revealed in 22 Seconds! #shorts,https://www.youtube.com/watch?v=2urRD4sTABU,Bobby's Entertainment,https://www.youtube.com/channel/UCB7CnnTon_Fc9YrB1VKDsUg,2026-03-27T04:21:50.764Z,24.0,38.685,24.0
Sphynx Cat Gets Tattoos!,https://www.youtube.com/watch?v=kiy3R1iNQ0U,Craft Factory,https://www.youtube.com/channel/UCZMdzUMkE25gaayQ4Lluwvw,2026-03-27T04:21:44.812Z,16.0,5.952,5.952
Sphynx cats fighting and slapping. Beerus vs Champa,https://www.youtube.com/watch?v=vIe0pYalrHc,Pedalcat,https://www.youtube.com/channel/UCyByhvWGUS0E0JgXrlTrMfA,2026-03-27T04:21:15.508Z,27.0,29.304,27.0
Muscle cat,https://www.youtube.com/watch?v=P73hMyFgyFI,WatchDizzz,https://www.youtube.com/channel/UCZcssUVj8PRde5xz9uVVufA,2026-03-27T04:20:46.192Z,,29.316,29.316
This adorable Sphynx kitten Yells of Joy when it sees its owner,https://www.youtube.com/watch?v=1rdPnzTRQtQ,Royal Animals 👑,https://www.youtube.com/channel/UCfwL8At4n20ORMXJvIPTr4g,2026-03-27T04:20:36.446Z,16.0,9.746,9.746
Two sphynx cats get into a noisy slap fight,https://www.youtube.com/watch?v=f4t9w2drcEo,Newsflare,https://www.youtube.com/channel/UCzSSoloGEz10HALUAbYhngQ,2026-03-27T04:19:42.725Z,18.0,53.721,18.0
Sphynx Cat Slapped Off Stovetop || ViralHog,https://www.youtube.com/watch?v=8KPFc3elTSQ,ViralHog,https://www.youtube.com/channel/UC3339WgBDKIcxTfywuSmG8w,2026-03-27T04:19:13.797Z,15.0,28.928,15.0
Funny Cats 🐈,https://www.youtube.com/watch?v=IsYP6dj1NX8,Funny Cats Time,https://www.youtube.com/channel/UCFWN4K4K9X0doYjtcyUzYdg,2026-03-27T04:17:48.797Z,89.0,85.0,85.0
Life without caller ID was rough #KingOfQueens #KevinJames #LeahRemini #Shorts,https://www.youtube.com/watch?v=i1SuqxDuJfU,Peacock,https://www.youtube.com/channel/UCPgMAS8woHJ_o_OZdTR7kcQ,2026-03-27T04:16:41.632Z,60.0,67.165,60.0
American Dad: 30 Minutes of Roger 4,https://www.youtube.com/watch?v=3KqAQghBljk,Ren Ranger 2,https://www.youtube.com/channel/UCmiWXCjV6IhokgVGtUvnPRQ,2026-03-27T04:16:10.548Z,1831.0,31.084,31.084
American Dad: 30 Minutes of Roger 2,https://www.youtube.com/watch?v=JEHUp_Rtmac,Ren Ranger 2,https://www.youtube.com/channel/UCmiWXCjV6IhokgVGtUvnPRQ,2026-03-27T03:41:09.389Z,1889.0,2101.159,1889.0
Kramer Being A Mooch For 85 Minutes | Seinfeld,https://www.youtube.com/watch?v=0EUYv99bYBg,Seinfeld,https://www.youtube.com/channel/UCKv01ZGOJhp2HbtDe4EvS8A,2026-03-27T03:36:43.116Z,5177.0,266.273,266.273
Seinfeld Power Hour,https://www.youtube.com/watch?v=uzda2bjj6YI,LastCallGaming,https://www.youtube.com/channel/UCpgC6IR8e4RxPWa3d6Otd3A,2026-03-27T03:15:59.138Z,3669.0,1243.978,1243.978
Family Guy try not to laugh (part 1),https://www.youtube.com/watch?v=8XU9nMBPI9I,Peter “The Fatman” Griffin,https://www.youtube.com/channel/UCMcOMWUeyl2yB23aZMO-0Sw,2026-03-27T03:03:41.570Z,840.0,737.568,737.568
Doug and Carrie's Funniest Fights | The King of Queens,https://www.youtube.com/watch?v=NVIMvEv1_DQ,The King of Queens,https://www.youtube.com/channel/UCgtC-8z30M0B3O9fWnVwutA,2026-03-27T02:52:05.249Z,1263.0,696.321,696.321
Victor Wembanyama Has OFFICIALLY Broken the NBA… 🤯,https://www.youtube.com/watch?v=mwKQ6DS-_fM,issa sport,https://www.youtube.com/channel/UCwW5qE4_XovtIr2jqjYt22g,2026-03-27T02:47:11.010Z,1034.0,294.239,294.239
VICTOR WEMBANYAMA has come down from another planet to absolutely obliterate the NBA,https://www.youtube.com/watch?v=TVpyvHZy_ss,Awful Coaching ,https://www.youtube.com/channel/UCCpzBYi-KM7EzblUEh5IRcg,2026-03-27T02:44:31.611Z,619.0,159.399,159.399
average big brother experience 😂 #nobatidao,https://www.youtube.com/watch?v=GkigE3QI3KU,Mystical Productions,https://www.youtube.com/channel/UCqrMtmGSxycRKq9INd2JjXg,2026-03-27T02:44:03.010Z,29.0,28.601,28.601
Popcorn colonel? Nooo why would you think #english #lol @kevincooneyy,https://www.youtube.com/watch?v=ULzu8cURsr0,ItsBobbyFinn,https://www.youtube.com/channel/UC8xuItKQMF_-pis2jZF9GUg,2026-03-27T02:42:37.436Z,45.0,85.574,45.0
PsyopAnime - NYC protest goes wrong,https://www.youtube.com/watch?v=P5K_J7-b8uI,PsyopAnime,https://www.youtube.com/channel/UCQVXnXKrN8ByHXrxEUat-EA,2026-03-27T02:42:07.057Z,24.0,30.379,24.0
PsyopAnime - Bernie's AI Moratorium,https://www.youtube.com/watch?v=LedPhAOIUXI,PsyopAnime,https://www.youtube.com/channel/UCQVXnXKrN8ByHXrxEUat-EA,2026-03-27T02:40:40.717Z,71.0,86.34,71.0
PsyopAnime - 2026 Trailer,https://www.youtube.com/watch?v=OS19oNHNnJs,PsyopAnime,https://www.youtube.com/channel/UCQVXnXKrN8ByHXrxEUat-EA,2026-03-27T02:37:19.604Z,62.0,201.113,62.0
20 Game Franchises That DESERVE A COMEBACK,https://www.youtube.com/watch?v=2T0s31hzU8s,gameranx,https://www.youtube.com/channel/UCNvzD7Z-g64bPXxGzaQaa4g,2026-03-27T02:34:58.373Z,2009.0,141.231,141.231
10 Things AAA Games NEED TO BRING BACK,https://www.youtube.com/watch?v=8_kOz9RIha0,gameranx,https://www.youtube.com/channel/UCNvzD7Z-g64bPXxGzaQaa4g,2026-03-27T02:04:56.389Z,1712.0,1801.984,1712.0
The Windows Laptop Problem,https://www.youtube.com/watch?v=eXa2ndhmatI,Marques Brownlee,https://www.youtube.com/channel/UCBJycsmduvYEL83R_U4JriQ,2026-03-27T01:46:50.432Z,649.0,1085.957,649.0
Finally: Wireless Energy Transfer Sees Real Progress,https://www.youtube.com/watch?v=q8RzZQcOYoA,Sabine Hossenfelder,https://www.youtube.com/channel/UC1yNl2E66ZzKApQdRuTQ4tw,2026-03-27T01:27:40.548Z,405.0,1149.884,405.0
Codex Andrew 3 FixingMergeConflicts 16x9 h264,https://www.youtube.com/watch?v=V_gJQYyG1Os,,,2026-03-27T01:22:14.062Z,38.0,326.486,38.0
US Treasury Department to put Trump’s signature on dollar bills,https://www.youtube.com/watch?v=X0WrD21w6Yk,USA TODAY,https://www.youtube.com/channel/UCP6HGa63sBC7-KHtkme-p-g,2026-03-27T01:10:48.060Z,57.0,686.002,57.0
Crimson Desert DAY 1,https://www.youtube.com/watch?v=c9MRbHYCGPQ,Fuzhpuzy Vods,https://www.youtube.com/channel/UCmeOJHsNZch5b56zq041BwQ,2026-03-27T01:09:17.560Z,30452.0,90.5,90.5
"Disney+, Hulu Bundle",https://www.youtube.com/watch?v=pL8yFuqUx3g,,,2026-03-27T01:09:04.613Z,31.0,12.947,12.947
The SHOCKING Truth About How Bikes Solved My Traffic Congestion!,https://www.youtube.com/watch?v=rCZ_45JtcZY,Biffa Plays Indie Games,https://www.youtube.com/channel/UCYzO4HZxgXc2UJQD5bIo8AQ,2026-03-27T01:05:48.428Z,2473.0,196.185,196.185
60 Minutes of INSANE Boxing Knockouts,https://www.youtube.com/watch?v=xRHcl4Xpzgk,Top Rank Boxing,https://www.youtube.com/channel/UCbzRzJNHx7ZLlJML9BjZQVQ,2026-03-27T00:54:46.621Z,3603.0,661.807,661.807
What Kevin Durant REALLY Says To His Teammates! (THE ACTUAL KD FILES),https://www.youtube.com/watch?v=un65rPXL0s8,LegendZ Productions,https://www.youtube.com/channel/UCgS-Aa2IDf3vt76ee_718CQ,2026-03-27T00:51:18.677Z,1272.0,207.944,207.944
Steph Curry Makes 5 Full Court Shots In A Row (Second Angle),https://www.youtube.com/watch?v=xt5vzE0QCvk,Ari Fararooy,https://www.youtube.com/channel/UCtuwpYwaS9DGcPnmZlzSrMQ,2026-03-26T22:30:59.366Z,39.0,8419.311,39.0
Steph Curry did a no-look shot during the 3-Point contest in Japan 🔥,https://www.youtube.com/watch?v=lDp6Q2z5MnE,ESPN,https://www.youtube.com/channel/UCiWLfSweyRNmLpgEHekhoAg,2026-03-26T22:30:28.676Z,16.0,30.69,16.0
Steph vs. Klay | FULL 2016 NBA 3-Point Contest | NBA Classic,https://www.youtube.com/watch?v=Rzk_dqhPniM,NBA,https://www.youtube.com/channel/UCWJ2lWNubArHWmf3FIHbfcQ,2026-03-26T22:27:59.544Z,1556.0,149.132,149.132
The FULL Stephen vs. Sabrina 3-Point Challenge | 2024 #NBAAllStar,https://www.youtube.com/watch?v=EZ2eZOePT1U,NBA,https://www.youtube.com/channel/UCWJ2lWNubArHWmf3FIHbfcQ,2026-03-26T22:26:50.048Z,307.0,69.496,69.496
Steph Curry Full Highlights | 2021 NBA 3-Point Contest,https://www.youtube.com/watch?v=pDZf1s9XnHU,MLG Highlights,https://www.youtube.com/channel/UC-XWpctw55Q6b_AHo8rkJgw,2026-03-26T22:26:02.765Z,261.0,47.283,47.283
10 Games That TURNED OUT TO BE SCAMS,https://www.youtube.com/watch?v=xhTa2aGu1qQ,gameranx,https://www.youtube.com/channel/UCNvzD7Z-g64bPXxGzaQaa4g,2026-03-26T22:02:44.567Z,1207.0,1398.198,1207.0
Get them both,https://www.youtube.com/watch?v=YGQ7CMVTE8U,,,2026-03-26T21:46:27.750Z,31.0,976.817,31.0
"this is it, his final move...",https://www.youtube.com/watch?v=LGmDC_HkmnM,Timcast,https://www.youtube.com/channel/UCe02lGcO-ahAURWuxAJnjdA,2026-03-26T21:43:00.232Z,1267.0,207.518,207.518
PRIME-55368_TNG_First_Contact-Trailer_1920x1080_EN_44S_2bjyl8mjdw_2bjyl8mjdw.mp4,https://www.youtube.com/watch?v=nCI5S3q1Wfg,,,2026-03-26T20:18:25.214Z,45.0,5075.018,45.0
Video 2,https://www.youtube.com/watch?v=oZD_SiK_Nw0,Trust-Building Risk Communication,https://www.youtube.com/channel/UCpeuccww-CB_DesFwPuhg0A,2026-03-26T20:09:05.580Z,114.0,559.634,114.0
Gui Santos Career High Shows why he is the Future,https://www.youtube.com/watch?v=8EsAdloNV6M,Athletic Alchemy,https://www.youtube.com/channel/UC-iXtSUqL89NIDn1jANmAbw,2026-03-26T19:38:31.232Z,790.0,1834.348,790.0
Introducing Base44’s Big Game Full Ad “It’s App to You”,https://www.youtube.com/watch?v=kLdaIxDM-_Y,,,2026-03-26T19:38:23.219Z,56.0,8.013,8.013
FX's Love Story,https://www.youtube.com/watch?v=XDOXRL6iWJA,,,2026-03-26T19:38:19.737Z,31.0,3.482,3.482
Combo Tech is a GAME CHANGER for Crimson Desert's Combat,https://www.youtube.com/watch?v=ToRXvXpOoWg,HC Casual,https://www.youtube.com/channel/UCNHeLUK0PMskE_nzxHAa7MA,2026-03-26T18:50:42.236Z,1491.0,2857.501,1491.0
NEXON MSMG EN 0227,https://www.youtube.com/watch?v=MUS9BaauJ6I,,,2026-03-26T18:49:17.519Z,58.0,84.717,58.0
Marathon just exposed Bungie,https://www.youtube.com/watch?v=jNQH3fRu8HU,ENDYMIONtv,https://www.youtube.com/channel/UC92iwH5d9u0CeJtCx17YT9Q,2026-03-26T18:38:55.604Z,1307.0,621.915,621.915
Suno | Limitless | AKthewicked | Creator | English,https://www.youtube.com/watch?v=i4hJ_4Oz5lY,,,2026-03-26T17:46:57.141Z,115.0,3118.463,115.0
Rockets Complete the Biggest Collapse in NBA History to Depleted Wolves,https://www.youtube.com/watch?v=1nhu_Odtr3s,Skap Attack,https://www.youtube.com/channel/UCuehmJAqhHdlv1lTIwxTYpQ,2026-03-26T17:32:16.019Z,673.0,881.122,673.0
Kate Upton Training While Holding Her Daughter,https://www.youtube.com/watch?v=FpID2bnwYr8,Nexikron,https://www.youtube.com/channel/UCn09yvzFsYGWzo_6WFjRrAQ,2026-03-26T17:32:05.527Z,14.0,10.492,10.492
Look alike cam #lookalike,https://www.youtube.com/watch?v=NxEqWhTh3Go,FBmvlookalikecam,https://www.youtube.com/channel/UCF2xR7VJgT2XPosU7SZprIw,2026-03-26T17:31:44.476Z,61.0,21.051,21.051
Bro clutched a 100K tourney with a shotgun😭😭🙏🏾 #warzone #callofduty #bo6,https://www.youtube.com/watch?v=5jTBfenkreA,Carti,https://www.youtube.com/channel/UCsy8leeyHC0B2XE8zUUe87Q,2026-03-26T17:31:43.576Z,80.0,0.9,0.9
MrBeast’s Secret for 4x Faster Communication,https://www.youtube.com/watch?v=-jbRQ6PsL6s,,,2026-03-26T17:30:47.065Z,31.0,56.511,31.0
I Made a Song Using ONLY My Voice (Pop Edition #1),https://www.youtube.com/watch?v=dZXmwGFCIn4,,,2026-03-26T17:30:08.229Z,100.0,38.836,38.836
These physicists think we're totally wrong about entropy,https://www.youtube.com/watch?v=x5sR5sGi6kU,Sabine Hossenfelder,https://www.youtube.com/channel/UC1yNl2E66ZzKApQdRuTQ4tw,2026-03-26T17:27:35.348Z,386.0,152.881,152.881
How we treated AI in 2023 vs 2025 #whiplash #ai #skit #comedy #chatgpt #parody #funny #meme,https://www.youtube.com/watch?v=ABJQllCgFVQ,Jaden Williams,https://www.youtube.com/channel/UC78mJyZPMa_OG08KLHjhODw,2026-03-26T16:27:17.432Z,131.0,3617.916,131.0
Quick witted bloke 🤣👏 (🎥: Collab),https://www.youtube.com/watch?v=ZgQU-GNEC3M,LADbible Shorts,https://www.youtube.com/channel/UCflpy-GNxlahbdRdN5CRUsA,2026-03-26T16:24:17.541Z,20.0,179.891,20.0
Tibia - Decades of content,https://www.youtube.com/watch?v=aWX4Yzfpm6w,,,2026-03-26T16:24:08.769Z,72.0,8.772,8.772
How does this game even exist?,https://www.youtube.com/watch?v=bWnz9lBg4j8,Legendary Drops,https://www.youtube.com/channel/UCPKhwe5ok7BLniu-WWVSrxw,2026-03-26T16:23:54.613Z,1270.0,14.156,14.156
Codex Andrew 1 SentryAutomation 16x9 h264,https://www.youtube.com/watch?v=Pr7FcbtRhbk,,,2026-03-26T16:08:06.173Z,39.0,948.44,39.0
“This War WILL Continue” - Iran REJECTS Ceasefire After Netanyahu WARNS Of Prolonged War,https://www.youtube.com/watch?v=60LTBNrOnbk,Valuetainment,https://www.youtube.com/channel/UCIHdDJ0tjn_3j-FS7s_X1kQ,2026-03-26T15:54:28.678Z,850.0,817.495,817.495
Ana de Arma's Hologram Dance Scene in Blade Runner 2049 #shorts,https://www.youtube.com/watch?v=pfj1taQuMJY,Viral Network,https://www.youtube.com/channel/UC2wr3CIuXpS2lWrC7OdWeFQ,2026-03-26T15:17:36.221Z,10.0,2212.457,10.0
✨  Space Ambient Music. Space Deep Relaxation,https://www.youtube.com/watch?v=-YUYLbjl7Sk,Relaxation Ambient Music,https://www.youtube.com/channel/UCkFeoNSqYTa7trn75WM9tsg,2026-03-26T08:22:24.305Z,12691.0,24911.916,12691.0
How To Easily Move Save Game From Version 1.00.02 To Version 1.00.03 | Crimson Desert | Gameplay PC,https://www.youtube.com/watch?v=Y2uhGDgN45Q,HENRI ITCOM,https://www.youtube.com/channel/UC78hKOw8bEi7YLQ5s1Br8gA,2026-03-26T08:22:19.833Z,523.0,4.472,4.472
"Crimson Desert Ultimate Beginners Guide, Tips & Tricks!",https://www.youtube.com/watch?v=lc8XENwAzGw,Arekkz Gaming,https://www.youtube.com/channel/UC-zjH-e5XBzMpy_VtwIGRxQ,2026-03-26T08:16:06.342Z,1080.0,373.491,373.491
"Crimson Desert Ultimate Camp Guide – How To Upgrade Camp,  Farm Building & Customization",https://www.youtube.com/watch?v=9HrX_-67m_s,Arekkz Gaming,https://www.youtube.com/channel/UC-zjH-e5XBzMpy_VtwIGRxQ,2026-03-26T08:02:31.657Z,690.0,814.685,690.0
Boost Your Focus in 5 Minutes with Brain.fm | Harness the Power of Neural Phase Locking,https://www.youtube.com/watch?v=OZnruOLY9X4,,,2026-03-26T07:47:08.577Z,58.0,923.08,58.0
Roblox Claims,https://www.youtube.com/watch?v=mgwZ0XUr6_0,,,2026-03-26T07:40:17.516Z,60.0,411.061,60.0
Harmony Sambucha Ho 75 sec,https://www.youtube.com/watch?v=X-YfommZp_g,,,2026-03-26T07:23:21.090Z,75.0,1016.426,75.0
It's app to you.,https://www.youtube.com/watch?v=NWO7kckBCtg,,,2026-03-26T07:01:15.033Z,48.0,1326.057,48.0
Talkspace “Don’t want to talk about it”,https://www.youtube.com/watch?v=ud-cge8DE0o,,,2026-03-26T06:54:35.579Z,31.0,399.454,31.0
V3 Anson Non Studio,https://www.youtube.com/watch?v=wuA7GiFf-sA,,,2026-03-26T06:47:21.637Z,31.0,433.942,31.0
Test the Limits with Daz 3D,https://www.youtube.com/watch?v=29efpqW9ZjE,,,2026-03-26T06:42:06.796Z,61.0,314.841,61.0
Join Translators Unit 報酬目的 ver 4 4 English シンプル動画10 説明 21 3s,https://www.youtube.com/watch?v=BQk-DSW_Yv4,,,2026-03-26T06:36:47.117Z,22.0,319.679,22.0
❗MARATHON❗The Very Best of The King of Queens,https://www.youtube.com/watch?v=a49st9Evt-M,The King of Queens,https://www.youtube.com/channel/UCgtC-8z30M0B3O9fWnVwutA,2026-03-26T06:27:38.184Z,16978.0,548.933,548.933
Rainbow Six Siege - New Premium Battle Pass,https://www.youtube.com/watch?v=HJVqqiSbduo,,,2026-03-26T06:27:34.861Z,20.0,3.323,3.323
FATAL FRAME II: Crimson Butterfly REMAKE - Overview Trailer,https://www.youtube.com/watch?v=WzB5xjCHgsQ,,,2026-03-26T06:26:40.173Z,148.0,54.688,54.688
Another Eden Begins Announcement Trailer,https://www.youtube.com/watch?v=G41po-Mr2_I,,,2026-03-26T06:26:26.437Z,71.0,13.736,13.736
Pokémon Pokopia - Before You Buy,https://www.youtube.com/watch?v=7ciV3F6qMQ4,gameranx,https://www.youtube.com/channel/UCNvzD7Z-g64bPXxGzaQaa4g,2026-03-26T06:25:54.372Z,652.0,32.065,32.065
It's app to you.,https://www.youtube.com/watch?v=zLJ28eqclw4,,,2026-03-26T06:25:47.726Z,47.0,6.646,6.646
The 'Crimson Desert' Aftermath...,https://www.youtube.com/watch?v=U7CrSs4KyfU,Luke Stephens,https://www.youtube.com/channel/UCe4_UPAmhz2sqorGbF8oZHA,2026-03-26T06:05:05.337Z,1252.0,1242.389,1242.389
Hey slender boy! I’m talking to you little loser!,https://www.youtube.com/watch?v=3xPq36XXZmA,College Life,https://www.youtube.com/channel/UCsc8IWsxszII-1Nhl4v5Fkg,2026-03-26T06:04:18.193Z,76.0,47.144,47.144
They are scary and cute at the same time#fyp #funny #animals #opossum #funnyvideos,https://www.youtube.com/watch?v=y9QG5dOZwVU,Daryl Farrar,https://www.youtube.com/channel/UC99fsjGVcuoFxvZTqvYyQpg,2026-03-26T06:03:15.480Z,,62.713,62.713
Snow Days With The King of Queens,https://www.youtube.com/watch?v=suXcaelbXME,The King of Queens,https://www.youtube.com/channel/UCgtC-8z30M0B3O9fWnVwutA,2026-03-26T05:48:00.429Z,1100.0,915.051,915.051
SPICIEST Cat in the WORLD,https://www.youtube.com/watch?v=smfZJW9byIE,Paws And Claws,https://www.youtube.com/channel/UCyd1_kwb2tkPr_u1jOtWglQ,2026-03-26T05:47:07.100Z,90.0,53.329,53.329
Crimson Desert - Where to find Private Storage Chest,https://www.youtube.com/watch?v=SoGral28PBI,Dan Allen Gaming,https://www.youtube.com/channel/UCcTa20zpKM6CkcvocFXVe6A,2026-03-26T05:45:34.804Z,48.0,92.296,48.0
This is How You Should Peek Corners in CS2,https://www.youtube.com/watch?v=42AlbQH3sTA,fl0m,https://www.youtube.com/channel/UCVXA3FX3fCv-YEuBlxpeFVg,2026-03-26T04:54:06.208Z,64.0,3088.596,64.0
Recycle ♻️🗑️,https://www.youtube.com/watch?v=TKSGqdiVbxI,Soul Emperor,https://www.youtube.com/channel/UCEn233GheE13S21sSaT2Z4g,2026-03-26T04:53:31.815Z,24.0,34.393,24.0
"March 25, 2026",https://www.youtube.com/watch?v=GHvDUugqo10,Tommy-52 ,https://www.youtube.com/channel/UClfuKJbb269ept8s7YTn_Fg,2026-03-26T04:53:30.034Z,16.0,1.781,1.781
Meet the new member of the gang 😂 #gunrange #tx22,https://www.youtube.com/watch?v=s_ASRhPVPxA,Black Gun Owners Association,https://www.youtube.com/channel/UCv0WI0WSey52zgz2PUwQq_g,2026-03-26T04:53:03.858Z,34.0,26.176,26.176
Funny Cats and dog 🐈,https://www.youtube.com/watch?v=2ztgbUeub5s,Funny Cats Time,https://www.youtube.com/channel/UCFWN4K4K9X0doYjtcyUzYdg,2026-03-26T04:51:10.978Z,90.0,112.88,90.0
Maya's new rescued parrot makes a gamer noise 😂 #funny #clips #shorts #maya,https://www.youtube.com/watch?v=91KE0cw8o88,TrendyTwitchClipz (TTClipz),https://www.youtube.com/channel/UCUDSEi3teEAAmSyEfiqb61Q,2026-03-26T04:49:46.589Z,34.0,84.389,34.0
Funny cat #cat #cute #cats,https://www.youtube.com/watch?v=BGGXHskbqpM,Funny kitties ,https://www.youtube.com/channel/UCaMAckouyvXsib4tKh4Ibhg,2026-03-26T04:49:43.948Z,7.0,2.641,2.641
I’ve just about had it #shorts #dayz #gaming,https://www.youtube.com/watch?v=jl6EKtDoYAI,Goonarchy,https://www.youtube.com/channel/UCL7Mh0j6EU9TVkOiYcKiXuw,2026-03-26T04:48:59.377Z,41.0,44.571,41.0
The most Italian New Yorker😂,https://www.youtube.com/watch?v=npMqjHUg6Jk,TheEuropeanKid,https://www.youtube.com/channel/UC9sUGzowFF-zWM4v768YAjQ,2026-03-26T04:48:15.465Z,41.0,43.912,41.0
Ranking Cute Cats,https://www.youtube.com/watch?v=Bw_sbIY9w8w,Animal Ranks,https://www.youtube.com/channel/UCp_4aJnSU-z3ifLHzif8HDA,2026-03-26T04:48:09.999Z,34.0,5.466,5.466
First time shooting a shotgun #wow #focus #pain #prepare #training,https://www.youtube.com/watch?v=VIarZ152HN0,"Train 2 Fight, LLC",https://www.youtube.com/channel/UCR73ViA55KG9jy2oadV-uzw,2026-03-26T04:48:05.680Z,58.0,4.319,4.319
He lost so bad he turned the whole game into an emotional rescue mission 😂🎮 | Subscribe for more,https://www.youtube.com/watch?v=DJljqYrb1lQ,Wholesome Granny,https://www.youtube.com/channel/UC_9nkRNwxsUDMBqDpsnTTsw,2026-03-26T04:47:35.677Z,4.0,30.003,4.0
Celeste being cute #furbabies #cuteanimals #cutecat #kitten,https://www.youtube.com/watch?v=wp2bDvizSWE,Veronica Lopez ,https://www.youtube.com/channel/UCe49YZ3eIHi6V5zmR-CF0iQ,2026-03-26T04:47:31.529Z,31.0,4.148,4.148
Calf needs help #calf #cow #cattle #farm #homestead #animals #animalshorts #farmlife #babyanimals,https://www.youtube.com/watch?v=24zb0XMcno8,Freedom Ranch Homestead,https://www.youtube.com/channel/UChodxeCCA0wBQDQBgT_0iMA,2026-03-26T04:46:55.858Z,79.0,35.671,35.671
DayZ Greatest Clutch of ALL TIME,https://www.youtube.com/watch?v=kpsZy5mlDcg,House Of Survival,https://www.youtube.com/channel/UCKTbpcenxP6-eUny3YdmBIQ,2026-03-26T04:45:55.914Z,37.0,59.944,37.0
Decline Official Music Video Drops 3/26/26,https://www.youtube.com/watch?v=ZMd3dxG1G6U,Astronaut Keeno,https://www.youtube.com/channel/UCS_jEz6zihDI2KcpFcNYZkQ,2026-03-26T04:45:54.612Z,49.0,1.302,1.302
Bro HAS INDIAN RIZZ!😭💔 #funny,https://www.youtube.com/watch?v=Bh4kDfcNeRU,Keptical,https://www.youtube.com/channel/UCaBwOdCgc_qj54CORO07a6g,2026-03-26T04:45:50.044Z,,4.568,4.568
he's a DINOSAUR #alveus,https://www.youtube.com/watch?v=VzP-KVWz4q0,Alveus Sanctuary Clips,https://www.youtube.com/channel/UCJb0X7EVw89W_0joOtwHSKw,2026-03-26T04:45:40.432Z,57.0,9.612,9.612
Butterfly wing nanostructures in electron microscope,https://www.youtube.com/watch?v=pqh9HEiUORA,Nano Pirate,https://www.youtube.com/channel/UCAUcdsuURu_ect02FMle4TQ,2026-03-26T04:45:37.406Z,61.0,3.026,3.026
The stoke after lacing this entire line 🤯,https://www.youtube.com/watch?v=rHzLSKWByFw,GoPro Snow,https://www.youtube.com/channel/UCtRScQkUDkjOXtmX0JoXZXQ,2026-03-26T04:44:24.559Z,90.0,72.847,72.847
#cat #cats #kitten #kittens @sorenlark0,https://www.youtube.com/watch?v=jWnPDYHsJqM,My Cats,https://www.youtube.com/channel/UCxvqFPP_itKCDl8i-_OX7vQ,2026-03-26T04:43:30.338Z,,54.221,54.221
That Hawk is so confused.,https://www.youtube.com/watch?v=p3pl1vc7Owc,Prey the Fox,https://www.youtube.com/channel/UCkUZ3XeBb_Izi_PxJ_FDBLw,2026-03-26T04:43:28.005Z,60.0,2.333,2.333
Skyrim: Funny & Accurate pt 186,https://www.youtube.com/watch?v=87h40gZiJkI,Ulven,https://www.youtube.com/channel/UClluFvg5v9ZSsAOMbJW6iWQ,2026-03-26T04:43:18.877Z,7.0,9.128,7.0
@missymeow_: thirsty lil bean boy. #cat  #catlover #kitty,https://www.youtube.com/watch?v=k7Xl1Y7tnqc,Epic Cat Reels,https://www.youtube.com/channel/UC_y4Myhq1u2BjkN7TpgsWHQ,2026-03-26T04:43:02.335Z,16.0,16.542,16.0
#relatablememes,https://www.youtube.com/watch?v=_rPTqp5mp78,DAL3XA BONES,https://www.youtube.com/channel/UCHDE-Hu16JeqyqQ7aDiA9AA,2026-03-26T04:42:56.485Z,6.0,5.85,5.85
Why Is My Cat Like This? 😂🐱#funnycats #catlife #catshorts #shorts #cats #funny #pets,https://www.youtube.com/watch?v=S7JPbUc5E9o,Candy Bear,https://www.youtube.com/channel/UCHo9vjVzjba5nfRGbRnbzgw,2026-03-26T04:39:37.676Z,98.0,198.809,98.0
How 8000 Faceit Matches Taught Me This 200 IQ Pistol Strat #CounterStrike2 #Gaming,https://www.youtube.com/watch?v=eWCcY0aVEQs,M72OP,https://www.youtube.com/channel/UCX9x4ppDzxPkvnXC_KP9crw,2026-03-26T04:37:52.425Z,,105.251,105.251
Cute owl#owl #owlhouse #owls#owlsoftiktok #owlloveygreound2#parrot#funnyvideos #funnyanimals,https://www.youtube.com/watch?v=M4GyOKPYSfk,CUTE OWL,https://www.youtube.com/channel/UCj_D2iESrMuE7JB-HW4PLxw,2026-03-26T04:37:49.516Z,69.0,2.909,2.909
Poor little guy is half froze! 🧊,https://www.youtube.com/watch?v=HVBv6M8F7es,Ben Kretchman,https://www.youtube.com/channel/UC3RkADU_V0YvKNJ7mc_m4Rw,2026-03-26T04:34:57.524Z,92.0,171.992,92.0
Kid defends her cat 👀😍,https://www.youtube.com/watch?v=wNV2PYI1RAY,LADbible Ireland,https://www.youtube.com/channel/UClSowyKlkeVytg18eFy5ing,2026-03-26T04:34:55.377Z,17.0,2.147,2.147
🪐 Saturn’s rings are SO thin… [how thin are they??] 🪐 #science #space #shorts,https://www.youtube.com/watch?v=G70nwhlT3y8,"Facts Machine: Science, Comedy & Trivia!",https://www.youtube.com/channel/UCd7wzCXMYKLS7y0xEHF7kAg,2026-03-26T04:34:31.655Z,21.0,23.722,21.0
The Fork Activates Neurons,https://www.youtube.com/watch?v=56QGP-LJ3ao,Tizzy,https://www.youtube.com/channel/UC0X8n4QTJ4bzwcRG_vLOqxw,2026-03-26T04:34:24.396Z,7.0,7.259,7.0
I am not a Real electrician😭🙏 #freewill,https://www.youtube.com/watch?v=Zo15IRp53Rw,MessWithThem,https://www.youtube.com/channel/UC06kzUzuFo9_dVMOknAXXBQ,2026-03-26T04:33:52.154Z,,32.242,32.242
That's how majority of the playerbase is #shorts,https://www.youtube.com/watch?v=d5r6DdbrT18,Hellspawn Studio,https://www.youtube.com/channel/UChPsGEHyHuf_KAxl1YoUiiA,2026-03-26T04:33:29.198Z,20.0,22.956,20.0
The World’s Brightest Flashlight,https://www.youtube.com/watch?v=i_6GrWZQKeY,Landon Davis,https://www.youtube.com/channel/UChqciVBXGO0h54q7XHXyYwg,2026-03-26T04:32:50.067Z,37.0,39.131,37.0
Top 5 Cats That Will Make Your Day,https://www.youtube.com/watch?v=WlzpnO0CqJw,BanknMeow,https://www.youtube.com/channel/UCIcxwRLfMCV43MT6u8EqRIg,2026-03-26T04:32:11.229Z,37.0,38.838,37.0
Idk how I’m going to get used to this #cat #kitty #kitten @itslutt,https://www.youtube.com/watch?v=T3DZMLxsX1g,Cat Man,https://www.youtube.com/channel/UCTLP8Md19VL4T4E73eFIKAA,2026-03-26T04:31:42.789Z,16.0,28.44,16.0
He went through the levels of OS #memes #meme #funny #truck #like #subscribe #funnymemes #shortvideo,https://www.youtube.com/watch?v=jMdzz7yER-s,ProtonDogVR,https://www.youtube.com/channel/UCUL4Wz9LA1fIaQRIBcJBjMQ,2026-03-26T04:31:25.427Z,,17.362,17.362
#sound,https://www.youtube.com/watch?v=DxK-b45tY9w,DAL3XA BONES,https://www.youtube.com/channel/UCHDE-Hu16JeqyqQ7aDiA9AA,2026-03-26T04:31:16.422Z,6.0,9.005,6.0
Why Mechanics DISLIKE Engineers: The REAL Reason! #shorts,https://www.youtube.com/watch?v=kyHp0kUMHBE,My Mobile Mechanic 978,https://www.youtube.com/channel/UCayRKTU7_5cLs8lAx7AEoVw,2026-03-26T04:31:11.042Z,18.0,5.38,5.38
My cat regrets everything after we had a baby #cat #catlovers #funny #catlife,https://www.youtube.com/watch?v=OIAVMzgrB5c,EGG,https://www.youtube.com/channel/UCbDTAguWmSwW5UELneI8Row,2026-03-26T04:29:55.898Z,62.0,75.144,62.0
Sound on! So many honks ❤️🐰 #bunny #pet #cute #fitness,https://www.youtube.com/watch?v=msjY1v0KRoE,Román Abramovich Torres,https://www.youtube.com/channel/UCIkHPEMVUJm21vPnUy72S4w,2026-03-26T04:29:39.717Z,14.0,16.181,14.0
He called bro to reality 😭 #funny #fyp #shorts,https://www.youtube.com/watch?v=Me-KFiu1ufU,Matt Sowards,https://www.youtube.com/channel/UC3yXq9Wo1pCgeEU4xZNcsDQ,2026-03-26T04:29:01.026Z,15.0,38.691,15.0
what would your cat do? 😆✨😻 #chat #cat #challenge #viralshorts,https://www.youtube.com/watch?v=jqSTrhSE7As,Kitten Central,https://www.youtube.com/channel/UCL1hYiGY1zoaOz-3RcGGxqQ,2026-03-26T04:27:17.898Z,,103.128,103.128
Blacksmith work short video #shorts #shortvideo #america #10millionview #foryou,https://www.youtube.com/watch?v=c7nRpF-xCbQ,BLACKSMITH 68,https://www.youtube.com/channel/UChJF-HoksfKfmoZQWcsssfQ,2026-03-26T04:27:03.586Z,25.0,14.312,14.312
#nobatidao 😛,https://www.youtube.com/watch?v=KNIJ5V9iv1A,DAL3XA BONES,https://www.youtube.com/channel/UCHDE-Hu16JeqyqQ7aDiA9AA,2026-03-26T04:26:51.318Z,6.0,12.268,6.0
no way bro is jiggle peeking 💀,https://www.youtube.com/watch?v=YuO3VRRkODE,ohnepixel raw,https://www.youtube.com/channel/UCWX7tzz1JJVc2Usx0BRn1Cg,2026-03-26T04:26:01.296Z,37.0,50.022,37.0
Bros reaction time is cooked,https://www.youtube.com/watch?v=FtFsb8j-4Nc,OTTO Pet,https://www.youtube.com/channel/UCjVDTeZsZt_r_MnIFt5uN-A,2026-03-26T04:25:43.246Z,9.0,18.05,9.0
Who could resist such a cute little cat#fyp #cats #cats #catlovers #catvideos,https://www.youtube.com/watch?v=gm850rGpLjs,CatNova,https://www.youtube.com/channel/UC3gdqjLRqYSrD6sz5Ee3bzQ,2026-03-26T04:24:38.046Z,54.0,65.2,54.0
215 km² map size balrightttt #shorts #crimsondesert,https://www.youtube.com/watch?v=oET055Odz5Q,Stoopzz Highlights,https://www.youtube.com/channel/UCeaHdTmM39nc_wR57JlJHCg,2026-03-26T04:22:37.015Z,26.0,121.031,26.0
Iris’s first time out of the cage 🥰 #kitten #bengal #fyp,https://www.youtube.com/watch?v=IGSsKoy76SI,Iris The Bengal,https://www.youtube.com/channel/UCtCXyK6bNy-SmnGgu_ULXBA,2026-03-26T04:22:33.199Z,28.0,3.816,3.816
Replying to @Florizette_Art&Illustration do cats multiply by mitosis or what? 😅 #cat @amys_vlog777,https://www.youtube.com/watch?v=hM_NAniS8cQ,Kitty Lover ,https://www.youtube.com/channel/UCPuyk6UVLs9D3UPSiVhQF7w,2026-03-26T04:22:12.620Z,13.0,20.579,13.0
#transition  😱,https://www.youtube.com/watch?v=cj9Do0ItVcA,DAL3XA BONES,https://www.youtube.com/channel/UCHDE-Hu16JeqyqQ7aDiA9AA,2026-03-26T04:21:19.798Z,12.0,52.822,12.0
Her screaming Cat,https://www.youtube.com/watch?v=PzGSz6hPVJ8,Teach and Tug Travels ,https://www.youtube.com/channel/UClD6eXflNiin8LJnr1PSwGw,2026-03-26T04:21:15.768Z,14.0,4.03,4.03
MRAAAAOW #cat #cats #kitten #kittens @skellyssocks,https://www.youtube.com/watch?v=A05OzIyyPuA,Kitty Kitten,https://www.youtube.com/channel/UCPTzdzjgUpFs4FVL3vHOAlQ,2026-03-26T04:21:02.360Z,16.0,13.408,13.408
"Apollo, Who Was Phone?!? 🤣",https://www.youtube.com/watch?v=ko5u5e5c66I,Apollo and Frens,https://www.youtube.com/channel/UCnUdaxbBMPQ9o9KVz7Oa6eQ,2026-03-26T04:20:41.952Z,17.0,20.408,17.0
#horse #equestrianjourney #horseenthusiast #equestrian #horsegirl #horseriding #foal #equine,https://www.youtube.com/watch?v=B8wcySDgyUM,《☆ Equinest ☆》,https://www.youtube.com/channel/UC8fKBlRUaA1LCLaPjr_Sckw,2026-03-26T04:20:10.064Z,19.0,31.888,19.0
Bro got his soul scared out of him.😂 #piano #memes #funny #shorts #viral #usa,https://www.youtube.com/watch?v=C2WTfy6j_wc,Piano 'N' Chill,https://www.youtube.com/channel/UCiT0VWD-EhQma15b7stM5MQ,2026-03-26T04:19:55.943Z,20.0,14.121,14.121
Cat Dog Pest Control #catoftheday #catlovers #fyp #cat @catdogpov,https://www.youtube.com/watch?v=S3dO-2MszeM,Cat Man,https://www.youtube.com/channel/UCTLP8Md19VL4T4E73eFIKAA,2026-03-26T04:19:27.193Z,24.0,28.75,24.0
happy kitties human is awake #cat #cutecat #catmom,https://www.youtube.com/watch?v=LSd69RCTOOo,Rae,https://www.youtube.com/channel/UC8UoagGfMZLNulpg6ryjt-Q,2026-03-26T04:19:06.735Z,27.0,20.458,20.458
Playing Egyptian music to see if my cats remember,https://www.youtube.com/watch?v=EYTNHs80JHE,Eck fart,https://www.youtube.com/channel/UCjouTUuvpua_by_H4DILfMA,2026-03-26T04:18:43.004Z,8.0,23.731,8.0
the kid took off his shoes before entering 7-eleven… he didn’t know 😂,https://www.youtube.com/watch?v=avYZ8qXmqfA,K.C Trippin Tv ,https://www.youtube.com/channel/UC01rZJs4O5ZKxPk8tEvdW3g,2026-03-26T04:18:23.980Z,16.0,19.024,16.0
choose your fighter #funny #hopeless #jokes #comedy,https://www.youtube.com/watch?v=ujo1c-wPkVg,Daily Hopeless,https://www.youtube.com/channel/UClgmJ6EQnA0LijnpfWHPn_g,2026-03-26T04:17:49.855Z,20.0,34.125,20.0
Just a big cat.😻#bigcat#funnyanimals#tiger#leopard,https://www.youtube.com/watch?v=tRtECATpBNU,Cozy life_Daily🏝️,https://www.youtube.com/channel/UCcSFkH2hSNv-2aLPKfCWxXg,2026-03-26T04:17:09.408Z,57.0,40.447,40.447
MW2 classic who remembers doing this? #mw2 #xbox360 #fypシ #callofduty,https://www.youtube.com/watch?v=TuZQTvSFWhM,Ash Vass,https://www.youtube.com/channel/UCQgDYYbHosC3UYzCYgqDnUg,2026-03-26T04:16:01.679Z,69.0,67.729,67.729
A Vietnam veteran fires an M60 for the first time in decades and the way he settles into it and,https://www.youtube.com/watch?v=tydgbIMgYbE,Patriot Archive,https://www.youtube.com/channel/UCN0dPr34mWi-Ujqat_5Vaog,2026-03-26T04:15:18.900Z,11.0,42.779,11.0
Cat is protecting his little friend,https://www.youtube.com/watch?v=_scDToKZg3M,Biodiversity-Ecosystem Function,https://www.youtube.com/channel/UCsOHEG7UB0My_c2arSHGRUA,2026-03-26T04:14:54.888Z,17.0,24.012,17.0
Put The 🪵 Down Bruh 😭⛹🏾‍♂️ #real #basketball #nba2k #xbox #gamers #trending #viral #bruh #memes,https://www.youtube.com/watch?v=Lbu4PkcMZCc,undergroundnba,https://www.youtube.com/channel/UCf8nTYi1liDZZAXT4Uhb20A,2026-03-26T04:11:05.008Z,57.0,229.88,57.0
average big brother experience 😂 #nobatidao,https://www.youtube.com/watch?v=GkigE3QI3KU,Mystical Productions,https://www.youtube.com/channel/UCqrMtmGSxycRKq9INd2JjXg,2026-03-26T04:08:27.596Z,29.0,157.412,29.0
@cdpfit: Yes she has an AirTag on because of her escape skills 😹 #cat  #catlover #kitty,https://www.youtube.com/watch?v=VFZo0wF_RuM,Happy Cat Life,https://www.youtube.com/channel/UCk6IBMxFgK8hrAPskuANkyw,2026-03-26T04:08:20.924Z,8.0,6.672,6.672
Skyrim: Funny & Accurate pt 141,https://www.youtube.com/watch?v=mem-tyZVkCs,Ulven,https://www.youtube.com/channel/UClluFvg5v9ZSsAOMbJW6iWQ,2026-03-26T04:08:09.500Z,14.0,11.424,11.424
Read the Caption in the Description ⬇️,https://www.youtube.com/watch?v=5itQvXrk4bA,Global_Door98,https://www.youtube.com/channel/UC9BPx6zU_7w4nniBCz9avrg,2026-03-26T04:07:55.773Z,27.0,13.727,13.727
CSGO Average Team 🥀 #shorts,https://www.youtube.com/watch?v=cuXt8nwHkrk,Daily Viral Discoveries,https://www.youtube.com/channel/UCq0GrZV_WK-SFIfiMOXzvPw,2026-03-26T04:06:46.403Z,23.0,69.37,23.0
Funny Cats 🐈,https://www.youtube.com/watch?v=5bCmzZVsGZE,Funny Cats Time,https://www.youtube.com/channel/UCFWN4K4K9X0doYjtcyUzYdg,2026-03-26T04:06:45.204Z,62.0,1.199,1.199
When a Normal Morning Turns Into a Disaster…,https://www.youtube.com/watch?v=iRkaN5N3Lxw,Crisis Cams,https://www.youtube.com/channel/UC_Ce3bbj78o1_g2JUCN1ZcQ,2026-03-26T04:02:58.781Z,13.0,226.423,13.0
I think I'm gonna watch this for like a week😂  PERSON JAPANESE KANJI WORLD  #jlptn5,https://www.youtube.com/watch?v=ozkiGykQPhg,Japón Go,https://www.youtube.com/channel/UCjXzyfHPS28U_prQPvQssUA,2026-03-26T04:02:55.593Z,90.0,3.188,3.188
Please share with your friends #pov #tools #sketch #funny #acting #story,https://www.youtube.com/watch?v=PKYFI8WxEhU,waisj,https://www.youtube.com/channel/UCFP44vRl-BbT-NxBA5OTiFg,2026-03-26T04:02:47.277Z,26.0,8.316,8.316
This indie dev is making a third-person parkour runner game.,https://www.youtube.com/watch?v=8yTfW-rOI-A,Indie Game Joe,https://www.youtube.com/channel/UC1ImbeucTaPlvNKg9awoAQA,2026-03-26T04:01:27.720Z,19.0,79.557,19.0
Bro didn’t waste no time on shorty😭 #wrestling #shorts,https://www.youtube.com/watch?v=w85vUagvw48,Jaay Darnell Live,https://www.youtube.com/channel/UCGzz3L5Kfwla8Rzhs0WkmxA,2026-03-26T04:00:44.913Z,12.0,42.807,12.0
Black people with pets will forever be my favorite content 😂😂 #pacrackz #shorts #youtube,https://www.youtube.com/watch?v=ZqpCC4B_ygY,PacRackz,https://www.youtube.com/channel/UCxn0SkWIuKzZ2kOylRmS-XQ,2026-03-26T03:59:36.200Z,21.0,68.713,21.0
https://www.youtube.com/watch?v=q8Gbxe7mxqg,https://www.youtube.com/watch?v=q8Gbxe7mxqg,,,2026-03-26T03:58:42.976Z,,53.224,53.224
sleeping Cat😴  #youtubeshorts #cat #kitten #cute #funny #shorts #trending #catvideos,https://www.youtube.com/watch?v=OLNEsZIZxzs,Sia Fluff Tales,https://www.youtube.com/channel/UClZCsmKulMLUwY1F0_EtgNw,2026-03-26T03:58:36.900Z,8.0,6.076,6.076
random ass secret #shorts,https://www.youtube.com/watch?v=5o1CuIg4pW4,WehSing,https://www.youtube.com/channel/UC6c3OP2fWzaH5Nq5kh4m_SA,2026-03-26T03:58:18.312Z,27.0,18.588,18.588
Cat moments!,https://www.youtube.com/watch?v=W2oPG7CKPmI,The Ranking Frog,https://www.youtube.com/channel/UC_-AhAE1jpkGz_9WycrWcAw,2026-03-26T03:58:10.348Z,50.0,7.964,7.964
Nah bro was confused fr #comedyshorts #funny #shortvideo #comedy,https://www.youtube.com/watch?v=xSajVp4QMGI,Castles_skinwalker,https://www.youtube.com/channel/UC5ZmCPHOGqIlyNsF1pzietg,2026-03-26T03:57:52.612Z,24.0,17.736,17.736
Cats & Mask,https://www.youtube.com/watch?v=05dYICt-Qf8,Funny Cats Time,https://www.youtube.com/channel/UCFWN4K4K9X0doYjtcyUzYdg,2026-03-26T03:56:01.528Z,76.0,111.084,76.0
Black Cats 🐈‍⬛,https://www.youtube.com/watch?v=b9L0AGvqi0s,Everything Is Everything,https://www.youtube.com/channel/UCyPMV0UcN1CstB01YGKLFzg,2026-03-26T03:55:37.068Z,82.0,24.46,24.46
Caitlin Clark watching Bronny & his Dad 🔥,https://www.youtube.com/watch?v=3Vq9pX__STc,GD's Highlights,https://www.youtube.com/channel/UCd_EkHbEutirFl_XSrg95kA,2026-03-26T03:53:20.492Z,33.0,136.576,33.0
The bravest kitten ever #shorts #cat #catlovers,https://www.youtube.com/watch?v=UDE5c-ubXUU,So Adorable,https://www.youtube.com/channel/UCpTjYeN5RVJJ9ug6Y8j0bnw,2026-03-26T03:52:46.969Z,21.0,33.523,21.0
64 EARLY Game Tips You Must Know (Crimson Desert),https://www.youtube.com/watch?v=lJEtu53W2pw,PhillyBeatzGames,https://www.youtube.com/channel/UCy2e3jlcF8n7cGqQ9Fqie9w,2026-03-26T02:40:17.136Z,1211.0,4349.833,1211.0
30 Hidden Mechanics in Crimson Desert You Didn't Know Exist 🐋💀🐎,https://www.youtube.com/watch?v=gpVSLUgj2t0,WolfheartFPS,https://www.youtube.com/channel/UCi3RdvCWYMzdF-iUgG_0xLQ,2026-03-26T02:20:32.347Z,1044.0,1184.789,1044.0
Crimson Desert - Tips & Tricks I Wish I Knew Way Earlier!,https://www.youtube.com/watch?v=g3sxW1FHJdc,KhrazeGaming,https://www.youtube.com/channel/UCFXUSG_393wZJaRTErU6Pjw,2026-03-26T02:08:05.388Z,758.0,746.959,746.959
You Forgot About 2015 Steph Curry,https://www.youtube.com/watch?v=Xn6wbFgrs1I,Post2k,https://www.youtube.com/channel/UCz4Ah78IA4cR1zTkjZecV1g,2026-03-26T02:06:48.740Z,1395.0,76.648,76.648
This Is What Happens When You Elect a Psychopath as City Mayor - Cities: Skylines II | Ad,https://www.youtube.com/watch?v=MH2JHRBQ6ng,Let's Game It Out,https://www.youtube.com/channel/UCto7D1L-MiRoOziCXK9uT5Q,2026-03-26T02:05:09.592Z,1367.0,99.148,99.148
20 Games That DESERVE To Be On Your WISHLIST,https://www.youtube.com/watch?v=q-g6_0c3quU,gameranx,https://www.youtube.com/channel/UCNvzD7Z-g64bPXxGzaQaa4g,2026-03-26T00:33:53.152Z,1399.0,5476.44,1399.0
LeBron points at 2 after scoring on them & Caitlin Clark takes photos of him arguing 😂,https://www.youtube.com/watch?v=Yh7H-L6NyqQ,Chaz NBA,https://www.youtube.com/channel/UChgDp_uE5PVqnpdV05xKOOA,2026-03-26T00:31:39.916Z,71.0,133.236,71.0
Crimson Desert: 10 Things Players HATE,https://www.youtube.com/watch?v=oOWlyl4xoEo,gameranx,https://www.youtube.com/channel/UCNvzD7Z-g64bPXxGzaQaa4g,2026-03-25T23:52:10.466Z,1713.0,2369.45,1713.0
FrontierVision Sub60 5_posttrial 16x9,https://www.youtube.com/watch?v=RMg1DOezLWE,,,2026-03-25T23:51:58.795Z,43.0,11.671,11.671
Streaming Feb 4,https://www.youtube.com/watch?v=6Z5ezwkj3LM,,,2026-03-25T23:51:51.048Z,31.0,7.747,7.747
How To Make TIMELESS Boom-Bap Beats (From Scratch),https://www.youtube.com/watch?v=CuW5KrGlKJo,,,2026-03-25T23:51:51.043Z,932.0,0.005,0.005
Roblox Claims,https://www.youtube.com/watch?v=mgwZ0XUr6_0,,,2026-03-25T23:29:12.717Z,60.0,1358.326,60.0
Share the pic | AT&T,https://www.youtube.com/watch?v=-dTIv_dZwbA,,,2026-03-25T23:24:25.869Z,16.0,286.848,16.0
Crimson Desert is ALREADY fixed,https://www.youtube.com/watch?v=DIrX70dTWTQ,Jake Baldino,https://www.youtube.com/channel/UC7s6t5KCNwRkb7U_3-E1Tpw,2026-03-25T23:16:09.630Z,789.0,496.239,496.239
Flip Any Sample Into Infinite Unique Sounds —Meet Re-Imagine in Co-Producer,https://www.youtube.com/watch?v=HCrO0OhVAAo,,,2026-03-25T23:16:01.471Z,59.0,8.159,8.159
THEY'VE BEEN CAUGHT,https://www.youtube.com/watch?v=UMYZo0itD3o,Timcast,https://www.youtube.com/channel/UCe02lGcO-ahAURWuxAJnjdA,2026-03-25T23:09:33.761Z,1592.0,387.71,387.71
Introducing Base44’s Big Game Full Ad “It’s App to You”,https://www.youtube.com/watch?v=kLdaIxDM-_Y,,,2026-03-25T23:09:18.570Z,56.0,15.191,15.191
DCD-SVOD-3630 | Hulu,https://www.youtube.com/watch?v=PhTFZXH6CIY,,,2026-03-25T23:08:44.409Z,16.0,34.161,16.0
The Windows Laptop Problem,https://www.youtube.com/watch?v=eXa2ndhmatI,Marques Brownlee,https://www.youtube.com/channel/UCBJycsmduvYEL83R_U4JriQ,2026-03-25T23:01:58.618Z,649.0,405.791,405.791
"Disney+, Hulu Bundle",https://www.youtube.com/watch?v=pL8yFuqUx3g,,,2026-03-25T23:01:22.064Z,31.0,36.554,31.0
Doug Gets A Second Wife | The King of Queens,https://www.youtube.com/watch?v=mbPm1eQtVG8,The King of Queens,https://www.youtube.com/channel/UCgtC-8z30M0B3O9fWnVwutA,2026-03-25T22:57:02.741Z,224.0,259.323,224.0
[The Seven Deadly Sins: Origin] Available Now_000196,https://www.youtube.com/watch?v=WGNvsb2b0Jw,,,2026-03-25T22:56:48.755Z,55.0,13.986,13.986
Signs reveal.. signals respond,https://www.youtube.com/watch?v=oTVoa78dbZc,,,2026-03-25T22:56:30.721Z,16.0,18.034,16.0
Doug Wants to Play Football Again | The King of Queens,https://www.youtube.com/watch?v=bL09Jri9bzw,The King of Queens,https://www.youtube.com/channel/UCgtC-8z30M0B3O9fWnVwutA,2026-03-25T21:32:21.483Z,219.0,5049.238,219.0
YouTube Premium COMP MIX 1mon STOPWATCHING Stock 30s horiz 1920x1080 16-9 en US USD  HiFi,https://www.youtube.com/watch?v=Tr8_Tdw5P90,,,2026-03-25T21:32:11.402Z,30.0,10.081,10.081
#rollingmill,https://www.youtube.com/watch?v=rg8G3O2iLTc,CiggalizeTOP5,https://www.youtube.com/channel/UC4lvZwQLLnOsTn3-HqHJwDg,2026-03-25T21:31:12.036Z,48.0,59.366,48.0
DCD-Love-403917| Hulu,https://www.youtube.com/watch?v=Lk2-B6f72_Y,,,2026-03-25T21:26:03.834Z,16.0,308.202,16.0
Luke Shows How Much Crimson Desert Has Improved Since Review,https://www.youtube.com/watch?v=y3enXep9NX8,Luke Stephens CLIPS,https://www.youtube.com/channel/UCCT0-fxrMR-2Jv-DNs-MSHA,2026-03-25T21:24:20.746Z,930.0,103.088,103.088
Introducing Shows on YouTube,https://www.youtube.com/watch?v=0bbCvhUX6_Y,,,2026-03-25T21:24:12.195Z,31.0,8.551,8.551
Ticket Thief Leaves Town Humorless! #NakedGun in theatres August 1st #skit #ParamountPartner #funny,https://www.youtube.com/watch?v=ad3lV7Wyriw,Jaden Williams,https://www.youtube.com/channel/UC78mJyZPMa_OG08KLHjhODw,2026-03-25T21:23:37.422Z,57.0,34.773,34.773
Claw Machine Conflict #skit #funny #comedy #meme #comedyskit,https://www.youtube.com/watch?v=ruMlwtw9hLU,Jaden Williams,https://www.youtube.com/channel/UC78mJyZPMa_OG08KLHjhODw,2026-03-25T21:23:15.090Z,162.0,22.332,22.332
Not enough time #skit #comedy #meme #whiteoutsurvival #ad #bomb #actionmovie #parody,https://www.youtube.com/watch?v=J0sjN3wo-FY,Jaden Williams,https://www.youtube.com/channel/UC78mJyZPMa_OG08KLHjhODw,2026-03-25T21:23:02.371Z,54.0,12.719,12.719
Do you know who I am? #skit #funny #comedy,https://www.youtube.com/watch?v=nWoEhG_hB_s,Jaden Williams,https://www.youtube.com/channel/UC78mJyZPMa_OG08KLHjhODw,2026-03-25T21:22:46.731Z,31.0,15.64,15.64
Cat smells her favorite food while sleeping 🥰 #shorts #cat #catlovers,https://www.youtube.com/watch?v=1y27W4IxwI8,So Adorable,https://www.youtube.com/channel/UCpTjYeN5RVJJ9ug6Y8j0bnw,2026-03-25T21:22:04.807Z,31.0,41.924,31.0
These physicists think we're totally wrong about entropy,https://www.youtube.com/watch?v=x5sR5sGi6kU,Sabine Hossenfelder,https://www.youtube.com/channel/UC1yNl2E66ZzKApQdRuTQ4tw,2026-03-25T21:20:38.925Z,386.0,85.882,85.882
YouTube Presents Angèle ft. Justice 15sec 16x9,https://www.youtube.com/watch?v=yKowfDeQtw0,,,2026-03-25T21:20:26.867Z,16.0,12.058,12.058
Gothic 1 Remake | Release Date Trailer,https://www.youtube.com/watch?v=0We-UgJKJp8,,,2026-03-25T21:20:11.586Z,186.0,15.281,15.281
Google AI Pro,https://www.youtube.com/watch?v=0ylixv0zg0M,,,2026-03-25T21:20:05.908Z,22.0,5.678,5.678
Your Late To Work Who Gives A F*ck 🤣 Funny Tik Toks Part 11#funny #shortsfeed #youtubeshorts,https://www.youtube.com/watch?v=eoJOvWPonCs,MotionWithAN,https://www.youtube.com/channel/UC7jom4YoZYIyuXNIYN6YmNw,2026-03-25T21:19:43.511Z,44.0,22.397,22.397
Finding the Pool Rooms in the Back Rooms #backrooms #liminalspace #liminal #poolrooms #skit #comedy,https://www.youtube.com/watch?v=v_bYGGp8Rc4,Jaden Williams,https://www.youtube.com/channel/UC78mJyZPMa_OG08KLHjhODw,2026-03-25T21:16:16.109Z,178.0,207.402,178.0
"Crimson Desert - How to Make the Greymane Camp OP - INFINITE Resources, Best Missions & More Guide!",https://www.youtube.com/watch?v=nn5ACvzGCMI,RageGamingVideos,https://www.youtube.com/channel/UC2nMSE3t71qC8sG06WSJnMg,2026-03-25T16:18:36.293Z,1535.0,17859.816,1535.0
WATCH LIVE The Complete Recap of The King of Queens,https://www.youtube.com/watch?v=ikXQuqjle3c,The King of Queens,https://www.youtube.com/channel/UCgtC-8z30M0B3O9fWnVwutA,2026-03-25T16:13:22.937Z,9327430.0,313.356,313.356
LeBron James and Austin Reaves break down their viral meme & share funny stories 😂,https://www.youtube.com/watch?v=x1JYZVYzaSs,Chaz NBA,https://www.youtube.com/channel/UChgDp_uE5PVqnpdV05xKOOA,2026-03-25T16:13:05.885Z,264.0,17.052,17.052
DCD-Blin-40480| Hulu,https://www.youtube.com/watch?v=ZVO93q3BY1E,,,2026-03-25T16:07:48.064Z,16.0,317.821,16.0
Cat has zero survival instincts 🥰 #shorts #cat #catlovers,https://www.youtube.com/watch?v=HebLkdgereU,So Adorable,https://www.youtube.com/channel/UCpTjYeN5RVJJ9ug6Y8j0bnw,2026-03-25T16:06:32.879Z,23.0,75.185,23.0
"In Black families, nothing is treated as special #funnycat #fyp #cat#Black families",https://www.youtube.com/watch?v=fsZNYtg6y1I,Solange Isabel Perez Burrul,https://www.youtube.com/channel/UCHo6E0EbFxfUBJ8tvjuPXxw,2026-03-25T16:06:20.847Z,60.0,12.032,12.032
The kitten that went to visit its neighbor was rejected by the other cats.# #cat  #funny#catfunny,https://www.youtube.com/watch?v=7JXMWynxVeA,Max2049dousha.official,https://www.youtube.com/channel/UC__NO_dZegKiJQ7iuKCyCSg,2026-03-25T16:06:17.899Z,72.0,2.948,2.948
Carlton Didn’t Known It Was Coming 😅 #shorts #freshprinceofbelair #willsmith,https://www.youtube.com/watch?v=LmNpDSFT4hM,Amanuel Piano,https://www.youtube.com/channel/UCZktTps8_fd1Pr57Mm363tw,2026-03-25T16:04:33.878Z,18.0,104.021,18.0
THIS IS ABOUT TO GET REALLY BAD,https://www.youtube.com/watch?v=jFhfJ0G1SV4,Timcast,https://www.youtube.com/channel/UCe02lGcO-ahAURWuxAJnjdA,2026-03-25T16:02:36.452Z,1326.0,117.426,117.426
YouTube Presents Charlotte-Cardin EN 15sec 16x9,https://www.youtube.com/watch?v=dHiYo0pAy7o,,,2026-03-25T16:02:30.212Z,16.0,6.24,6.24
Mac McClung drops 59 POINTS & becomes all-time leading scorer in G League history,https://www.youtube.com/watch?v=VE_zdB2XElY,Chaz NBA,https://www.youtube.com/channel/UChgDp_uE5PVqnpdV05xKOOA,2026-03-25T15:00:28.699Z,289.0,3721.513,289.0
My brain is going to explode..,https://www.youtube.com/watch?v=D4Pvmsvt16M,Asmongold Clips,https://www.youtube.com/channel/UCMwJJL5FJFuTRT55ksbQ4GQ,2026-03-25T14:58:44.083Z,124.0,104.616,104.616
Shortened: Way of the Hunter 2 | Early Access Announcement Trailer,https://www.youtube.com/watch?v=WUwcr7RLZkQ,,,2026-03-25T13:06:03.412Z,12.0,6760.671,12.0
The girl fell asleep in the cat cafe 🥰,https://www.youtube.com/watch?v=KSUs7cDXh5k,So Adorable,https://www.youtube.com/channel/UCpTjYeN5RVJJ9ug6Y8j0bnw,2026-03-25T12:58:54.257Z,19.0,429.155,19.0
DCD-The-357122,https://www.youtube.com/watch?v=uWoPLP_vTh0,,,2026-03-25T12:58:17.460Z,16.0,36.797,16.0
02 Vacation 30 16x9 Finish,https://www.youtube.com/watch?v=2JH_x1fmDxw,,,2026-03-25T03:36:22.723Z,31.0,33714.737,31.0
Car Accident Injury? Here is How to Maximize Your Settlement! GirlHurtHook,https://www.youtube.com/watch?v=b26zoqEHdEI,,,2026-03-25T03:28:35.616Z,282.0,467.107,282.0
making PAIN MUSIC,https://www.youtube.com/watch?v=PgEcTOi3Lao,,,2026-03-25T03:24:35.112Z,233.0,240.504,233.0
EVE Online - Official Gameplay Trailer - Play Free!,https://www.youtube.com/watch?v=sPFII3ozSHI,,,2026-03-25T03:13:48.099Z,401.0,647.013,401.0
Join Translators Unit 報酬目的 ver 4 4 English シンプル動画10 説明 21 3s,https://www.youtube.com/watch?v=BQk-DSW_Yv4,,,2026-03-25T03:13:18.644Z,22.0,29.455,22.0
Otter.ai is the AI Meeting Assistant that saves you and the team time,https://www.youtube.com/watch?v=bdVzU183zuU,,,2026-03-25T03:05:33.788Z,61.0,464.856,61.0
03 Concert 30 16x9 Finish,https://www.youtube.com/watch?v=fBIFjyzC5No,,,2026-03-25T03:04:55.710Z,31.0,38.078,31.0
Top 10 Doug Moments! | The King of Queens,https://www.youtube.com/watch?v=LJASD7UG5hE,The King of Queens,https://www.youtube.com/channel/UCgtC-8z30M0B3O9fWnVwutA,2026-03-25T02:58:50.703Z,2577.0,365.007,365.007
YouTube Presents Angèle ft. Justice 10sec 16x9,https://www.youtube.com/watch?v=MwxshX_hpQM,,,2026-03-25T02:58:41.494Z,11.0,9.209,9.209
YouTube Ad - 2408 - Learn Python - 16x9 - 4 Tips to Start Learning Python,https://www.youtube.com/watch?v=euONDkmsqRo,,,2026-03-25T02:50:50.341Z,90.0,471.153,90.0
Earn Roblox Gift Cards - Microsoft Rewards,https://www.youtube.com/watch?v=-UgWQmjDaiw,,,2026-03-25T02:50:22.715Z,19.0,27.626,19.0
Crimson Desert - ULTIMATE Gameplay Review After 150 Hours! Did It Live Up To The Hype?,https://www.youtube.com/watch?v=C2nRhyHIGBk,Arekkz Gaming,https://www.youtube.com/channel/UC-zjH-e5XBzMpy_VtwIGRxQ,2026-03-25T02:42:35.683Z,906.0,467.032,467.032
PyCharm for Data Professionals,https://www.youtube.com/watch?v=t0lCTbAxd5o,,,2026-03-25T02:42:26.379Z,146.0,9.304,9.304
Resident Evil Requiem is Creatively Bankrupt,https://www.youtube.com/watch?v=HumPZg1LNGs,Synthetic Man,https://www.youtube.com/channel/UCo8HnWzRvJQTsYNF1Sfhxvw,2026-03-25T02:41:19.447Z,3240.0,66.932,66.932
Introducing Shows on YouTube,https://www.youtube.com/watch?v=2pP9RVKwGrI,,,2026-03-25T02:41:06.961Z,16.0,12.486,12.486
Crimson Desert is THE breaking point,https://www.youtube.com/watch?v=bg2piMsyAnI,ENDYMIONtv,https://www.youtube.com/channel/UC92iwH5d9u0CeJtCx17YT9Q,2026-03-25T02:24:42.719Z,1446.0,984.242,984.242
Really that Guy! Akademiks reacts to Stephen A Smith COOKING Jason Whitlock for calling him out,https://www.youtube.com/watch?v=1SYR0pImpns,King Akademiks,https://www.youtube.com/channel/UCg5iO7Pbg7f4gmufzOLD_zA,2026-03-25T02:23:21.131Z,1589.0,81.588,81.588
YT Premium EMU MIX 1mon Alot Stock 26s horiz 1920x1080 16-9 en US USD  PriceUpdates,https://www.youtube.com/watch?v=TB2ldolPwKo,,,2026-03-25T02:22:54.820Z,27.0,26.311,26.311
How Do You FIX the UNFIXABLE Traffic in a 1/2 Million City?,https://www.youtube.com/watch?v=3PgscLTDfYs,Biffa Plays Indie Games,https://www.youtube.com/channel/UCYzO4HZxgXc2UJQD5bIo8AQ,2026-03-25T02:08:31.160Z,3352.0,863.66,863.66
Brilliant | Learn by Doing | MCS Older 35 Keanu CS Strengthen v01,https://www.youtube.com/watch?v=xw6Gy9KO7MU,,,2026-03-25T02:08:07.456Z,35.0,23.704,23.704
"Try monday.com today, your one-stop-shop for AI that gets work done for you",https://www.youtube.com/watch?v=26Oewmh-d1E,,,2026-03-25T02:01:47.324Z,47.0,380.132,47.0
Cyber Who :15,https://www.youtube.com/watch?v=SSbT0EbxSvI,,,2026-03-25T01:56:02.072Z,16.0,345.252,16.0
Now Taxes is a Joy to File - TurboTax 2026 Commercial (Official TV Ad :15),https://www.youtube.com/watch?v=jZ5bgkVhkl4,,,2026-03-25T01:49:37.671Z,16.0,384.401,16.0
Danny & Spence: The Love Story | The King of Queens,https://www.youtube.com/watch?v=8lZMF0CHNkc,The King of Queens,https://www.youtube.com/channel/UCgtC-8z30M0B3O9fWnVwutA,2026-03-25T01:42:49.794Z,1664.0,407.877,407.877
BioLife Restaurant 16x9 15,https://www.youtube.com/watch?v=o43fmywo198,,,2026-03-25T01:39:20.266Z,16.0,209.528,16.0
Bring your ideas to life with Base44,https://www.youtube.com/watch?v=8hdvT-Ecjec,,,2026-03-25T01:32:42.129Z,47.0,398.137,47.0
Funniest CATS of the Year,https://www.youtube.com/watch?v=s5DjLT841eU,CaD Animals,https://www.youtube.com/channel/UCU0nAvDjqfXo1fTA7xn527w,2026-03-25T01:26:16.234Z,1209.0,385.895,385.895
YouTube Presents Angèle ft. Justice 15sec 16x9,https://www.youtube.com/watch?v=yKowfDeQtw0,,,2026-03-25T01:26:07.551Z,16.0,8.683,8.683
Google AI Pro,https://www.youtube.com/watch?v=2BFPtsFBOjU,,,2026-03-25T01:26:04.851Z,18.0,2.7,2.7
Maxwell disciplines his tabby cat brother.#cats #funny #animals,https://www.youtube.com/watch?v=R0MYchv14WI,Max2049dousha.official,https://www.youtube.com/channel/UC__NO_dZegKiJQ7iuKCyCSg,2026-03-25T01:25:56.583Z,93.0,8.268,8.268
"All intense, NOT all spicy theory",https://www.youtube.com/watch?v=eSRFeiGCbjk,,,2026-03-25T01:25:53.985Z,16.0,2.598,2.598
kitten sharpening its claws#cats #funny,https://www.youtube.com/watch?v=455XO0oLs30,Max2049dousha.official,https://www.youtube.com/channel/UC__NO_dZegKiJQ7iuKCyCSg,2026-03-25T01:24:32.958Z,61.0,81.027,61.0
The kitten and its friends#cats #funny #cute,https://www.youtube.com/watch?v=3gvDP5XCCMQ,Max2049dousha.official,https://www.youtube.com/channel/UC__NO_dZegKiJQ7iuKCyCSg,2026-03-25T01:23:18.138Z,63.0,74.82,63.0
Blurry: Fit a Respected Degree Into Your Busy Life With Purdue Global,https://www.youtube.com/watch?v=Q0nNOZF2TEM,,,2026-03-25T01:23:15.941Z,16.0,2.197,2.197
The cats startled by Maxwell#cats #funny,https://www.youtube.com/watch?v=FahQWvGDk5I,Max2049dousha.official,https://www.youtube.com/channel/UC__NO_dZegKiJQ7iuKCyCSg,2026-03-25T01:20:23.803Z,114.0,172.138,114.0
"Maxwell, who isn't good at speed, was left far behind by the orange cat.#cats",https://www.youtube.com/watch?v=JlBoR-du8GM,Max2049dousha.official,https://www.youtube.com/channel/UC__NO_dZegKiJQ7iuKCyCSg,2026-03-25T01:20:22.780Z,65.0,1.023,1.023
Blurry: Going Places with Ken,https://www.youtube.com/watch?v=qpUUX1Btg08,,,2026-03-25T01:20:20.931Z,31.0,1.849,1.849
The cat patrols its territory and visits its friends.#cats #funny #pets,https://www.youtube.com/watch?v=tKEuXj_x5vQ,Max2049dousha.official,https://www.youtube.com/channel/UC__NO_dZegKiJQ7iuKCyCSg,2026-03-25T01:19:17.190Z,62.0,63.741,62.0
Maxwell is Away: Doujuan the Tabby Cat Reigns Supreme | Cat Daily Life,https://www.youtube.com/watch?v=ru0mfyQUMSU,Max2049dousha.official,https://www.youtube.com/channel/UC__NO_dZegKiJQ7iuKCyCSg,2026-03-25T01:19:04.451Z,95.0,12.739,12.739
Maxwell Secretly Tells His Orange Cat Brother to Stay Alert Outside | Cat POV #cats #funny #cute,https://www.youtube.com/watch?v=btCv0Ldgo9Y,Max2049dousha.official,https://www.youtube.com/channel/UC__NO_dZegKiJQ7iuKCyCSg,2026-03-25T01:19:00.752Z,92.0,3.699,3.699
Maxwell taught tabby cat DouJuan who’s the real boss of the territory!#cats #funny #animals,https://www.youtube.com/watch?v=BNkcFsNdEzQ,Max2049dousha.official,https://www.youtube.com/channel/UC__NO_dZegKiJQ7iuKCyCSg,2026-03-25T01:18:44.283Z,76.0,16.469,16.469
Doujuan the tabby cat's perplexing behavior over the past year#catfunny #funny #cats,https://www.youtube.com/watch?v=0rOsFHsusUk,Max2049dousha.official,https://www.youtube.com/channel/UC__NO_dZegKiJQ7iuKCyCSg,2026-03-25T01:17:23.523Z,69.0,80.76,69.0
BioLife Restaurant 9x16 15,https://www.youtube.com/watch?v=Xp2hmcD9gaE,,,2026-03-25T01:17:23.023Z,16.0,0.5,0.5
Come at me bro 🎥 filmed with the DJI RS5 #dji #cinematic #filmmaking #behindthescenes #photography,https://www.youtube.com/watch?v=tmK2k278XZI,Mason Horacek,https://www.youtube.com/channel/UCbAIOFCpg9gK2CRkh4hesQA,2026-03-25T01:17:21.750Z,29.0,1.273,1.273
"March 24, 2026",https://www.youtube.com/watch?v=eoz7o-DLd0A,GIGA_BRAINROT,https://www.youtube.com/channel/UCN3LudPA0mUMaEMg5TRC5zQ,2026-03-25T01:17:19.227Z,7.0,2.523,2.523
Hay si... #shorts #cs2 #csgo #kick,https://www.youtube.com/watch?v=TuxYyaOzado,Goqiy,https://www.youtube.com/channel/UC2IfWANk-iTVfz4E5ol8U8w,2026-03-25T01:16:43.430Z,21.0,35.797,21.0
Bringing life to pixel art sprites with PixelLab! #pixelart #gamedev #indiedev #godot #animation,https://www.youtube.com/watch?v=V9Vn0ARLjXQ,,,2026-03-25T01:16:40.435Z,63.0,2.995,2.995
The ending was … 🤣🤣 #funny #comedyshorts #memes #shortvideo #meme,https://www.youtube.com/watch?v=01N5nYqX7IQ,Castles_skinwalker,https://www.youtube.com/channel/UC5ZmCPHOGqIlyNsF1pzietg,2026-03-25T01:15:19.990Z,29.0,80.445,29.0
"March 24, 2026",https://www.youtube.com/watch?v=Zcg13aviPXM,love summer,https://www.youtube.com/channel/UC2VaRf0gCbuYSc2G3Kjwzow,2026-03-25T01:15:18.178Z,16.0,1.812,1.812
#catoftheday #cat #kitten #catlovers #cutecat @triplemoonmaiden,https://www.youtube.com/watch?v=Mn8GoymXUK4,Lil Cats,https://www.youtube.com/channel/UCSitC3lzlCqjjz5xQjtzmTA,2026-03-25T01:15:07.558Z,31.0,10.62,10.62
02241,https://www.youtube.com/watch?v=mncFjP9xGpw,,,2026-03-25T01:15:05.841Z,32.0,1.717,1.717
A awesome moment-who remembers? #eliseneal #pamgrier #freshprinceofbelair,https://www.youtube.com/watch?v=RZR9kSk5ZgU,Elise Neal,https://www.youtube.com/channel/UCCgLWk6Go4HKWQg2SXUb1tg,2026-03-25T01:15:01.860Z,53.0,3.981,3.981
Our Cat Blends In With Elvis Presley Collection 🤣,https://www.youtube.com/watch?v=izfW-38nN_I,A.M. VINTAGE,https://www.youtube.com/channel/UC2IYZF_LrxikXENcvL2p4_Q,2026-03-25T01:14:58.871Z,33.0,2.989,2.989
shift araltasher,https://www.youtube.com/watch?v=bm0UrK9WNWQ,,,2026-03-25T01:14:56.889Z,26.0,1.982,1.982
If only all drivers did this #safedriving #truckingforgodsglory #trucking,https://www.youtube.com/watch?v=OZlVBWW0zMw,Trucking For God’s Glory,https://www.youtube.com/channel/UC827ZPbxQcmoW5ECM1xextA,2026-03-25T01:14:46.875Z,16.0,10.014,10.014
Link in my profile to get this product 💌✨,https://www.youtube.com/watch?v=J_EtcZPHeiY,thetailoredfarm ,https://www.youtube.com/channel/UC9DdhfxQAdZRxxANB6q0J_g,2026-03-25T01:14:37.752Z,10.0,9.123,9.123
They are getting bigger,https://www.youtube.com/watch?v=8QaV5lT9q8g,Moe Kidd,https://www.youtube.com/channel/UCClxQMDmREhGdHNhf40IxiQ,2026-03-25T01:14:35.515Z,21.0,2.237,2.237
Puppy Training - American Bully 🐶  #americanbully #puppy #dog #training #shorts,https://www.youtube.com/watch?v=h3nbfBikLJ4,Trump Bully ,https://www.youtube.com/channel/UCbrbBwdLtiUIE6mmWmCIozw,2026-03-25T01:14:31.963Z,31.0,3.552,3.552
YouTube Ad - 2507 - July - Alex -  BAU - 9x16,https://www.youtube.com/watch?v=sfS39CrNaFI,,,2026-03-25T01:14:29.847Z,19.0,2.116,2.116
Hide and seek in cs2 😭 #cs2  #ohnepixel #cs2funny,https://www.youtube.com/watch?v=_hTE_kENBOU,Dose of CS2,https://www.youtube.com/channel/UCTUNsx5zewFr4Kt4McrU1Fg,2026-03-25T01:13:31.696Z,24.0,58.151,24.0
Meet my cat Marcy!,https://www.youtube.com/watch?v=7bWIf4r7Oj0,catsdrinkingsoda,https://www.youtube.com/channel/UC4tjt7wyvlzoNGSxNLfn1HQ,2026-03-25T01:13:30.056Z,29.0,1.64,1.64
My bird accidentally woke my mom up through Alexa #cockatoo #jackson,https://www.youtube.com/watch?v=vpYf1q6QUYg,Jackson Huhniverses,https://www.youtube.com/channel/UC617BvMt2NDGDuAmg781sRg,2026-03-25T01:13:26.762Z,17.0,3.294,3.294
Discover a Church Community | Meet with Missionaries | 0:12 | 9x16,https://www.youtube.com/watch?v=jD7nWGhyfmQ,,,2026-03-25T01:13:25.088Z,12.0,1.674,1.674
#bouncingball,https://www.youtube.com/watch?v=erkHgGH5beM,That Faded Cat,https://www.youtube.com/channel/UCKAIDmUoFQIUuCcyDo9_noA,2026-03-25T01:12:12.438Z,16.0,72.65,16.0
"March 24, 2026",https://www.youtube.com/watch?v=5PMbITTdp1c,Santee Blacknell,https://www.youtube.com/channel/UCFTeJKD2UWR4uS5ojVde8tA,2026-03-25T01:12:08.782Z,,3.656,3.656
"fr, bro really said HOORAY 🤣",https://www.youtube.com/watch?v=Vwmgvg5xUfc,OHLAY Brand,https://www.youtube.com/channel/UCykCoCrGj5GZNUpio68ph0Q,2026-03-25T01:12:05.920Z,5.0,2.862,2.862
Bro Didn’t Like What He Asking For,https://www.youtube.com/watch?v=rF5Gdruwh4s,Jaythemaster,https://www.youtube.com/channel/UCMNUpnT_rBE2m7HXO7LQnPA,2026-03-25T01:12:00.910Z,22.0,5.01,5.01
hardest worker in the house…,https://www.youtube.com/watch?v=CuAh7Kti6BA,Unveiling with Kim 🌸,https://www.youtube.com/channel/UCM1p1rZHcbjE7FGOCPvOqnA,2026-03-25T01:11:55.002Z,10.0,5.908,5.908
"i bet nobody imagined it 😭, via- yummy.picklesandcheese/tiktok",https://www.youtube.com/watch?v=9s60-D-bglg,Girlyybloom,https://www.youtube.com/channel/UCoD91I02uFZ4K8vayrGz6vg,2026-03-25T01:11:12.159Z,21.0,42.843,21.0
Video_Influencer_jeremiahpeoples,https://www.youtube.com/watch?v=jlp0wVj1CbA,,,2026-03-25T01:11:03.788Z,68.0,8.371,8.371
When the intrusive thought takes over 😭 #shorts #cat #catlovers,https://www.youtube.com/watch?v=5DLpHn7SC18,So Adorable,https://www.youtube.com/channel/UCpTjYeN5RVJJ9ug6Y8j0bnw,2026-03-25T01:07:23.429Z,39.0,220.359,39.0
💥低成本防封！美国静态代理套餐搭建高权重运营环境｜原生住宅 IP 实测稳赚不亏！🔥低至3.5刀/月,https://www.youtube.com/watch?v=BAPl3PUO41w,,,2026-03-25T01:07:16.815Z,69.0,6.614,6.614
Banditdamack - Coastin (Official Music Video) | Dir. Foolish,https://www.youtube.com/watch?v=_DIGCmwXxbo,Banditdamack,https://www.youtube.com/channel/UCcwlHsTIAYzq2XJWlzPwGpg,2026-03-25T01:06:27.095Z,132.0,49.72,49.72
YTTV PTC 26 Feb EMP FamilyFriendly 30s ROOM V1 1920x1080 VIDEO,https://www.youtube.com/watch?v=et5Xi4yTCwI,,,2026-03-25T01:06:20.987Z,30.0,6.108,6.108
Introducing Shows on YouTube,https://www.youtube.com/watch?v=0bbCvhUX6_Y,,,2026-03-25T01:06:15.531Z,31.0,5.456,5.456
PyCharm. Feel the difference in data science and AI/ML workflows.,https://www.youtube.com/watch?v=ULLeiu_-MdY,,,2026-03-25T01:00:49.942Z,34.0,325.589,34.0
The Very Best Of Holly | The King of Queens,https://www.youtube.com/watch?v=kBAUR_wg3HE,The King of Queens,https://www.youtube.com/channel/UCgtC-8z30M0B3O9fWnVwutA,2026-03-25T00:59:25.306Z,2352.0,84.636,84.636
Startup Program,https://www.youtube.com/watch?v=LENKgYYKHSA,,,2026-03-25T00:58:54.937Z,48.0,30.369,30.369
Bring your ideas to life with Base44,https://www.youtube.com/watch?v=OugxDOargKI,,,2026-03-25T00:57:10.137Z,47.0,104.8,47.0
Gardasil 9 Open Casting Call M AFD Version US-GSL-05311,https://www.youtube.com/watch?v=v6dI4RbZUVQ,,,2026-03-25T00:57:00.896Z,75.0,9.241,9.241
Roblox Claims,https://www.youtube.com/watch?v=mgwZ0XUr6_0,,,2026-03-25T00:49:40.075Z,60.0,440.821,60.0
Every Opening Scene of Season 2 | The King of Queens,https://www.youtube.com/watch?v=Avg6i-YifQ8,The King of Queens,https://www.youtube.com/channel/UCgtC-8z30M0B3O9fWnVwutA,2026-03-25T00:49:23.051Z,2100.0,17.024,17.024
YTTV PTC 26 Feb EMP Spongbob 15s ROOM V1 1920x1080 VIDEO,https://www.youtube.com/watch?v=oPkgzdlLyOc,,,2026-03-25T00:49:07.697Z,15.0,15.354,15.0
The Summer of George | Seinfeld,https://www.youtube.com/watch?v=hUx7v75V2dg,Seinfeld,https://www.youtube.com/channel/UCKv01ZGOJhp2HbtDe4EvS8A,2026-03-25T00:45:27.855Z,541.0,219.842,219.842
YTTV PTC 26 Feb EMP FamilyFriendly 15s ROOM V1 1920x1080 VIDEO,https://www.youtube.com/watch?v=Sb7CifDzP3U,,,2026-03-25T00:44:41.059Z,15.0,46.796,15.0
FrontierVision Sub60 5_posttrial 16x9,https://www.youtube.com/watch?v=RMg1DOezLWE,,,2026-03-25T00:44:24.719Z,43.0,16.34,16.34
Shortened: Way of the Hunter 2 | Early Access Announcement Trailer,https://www.youtube.com/watch?v=jeT8oCapk1c,,,2026-03-25T00:43:54.665Z,16.0,30.054,16.0
ClickUp 4.0 Just Changed Work AI Software Forever,https://www.youtube.com/watch?v=L6ByGBCDfH8,,,2026-03-25T00:43:54.664Z,117.0,0.001,0.001
Pawn Stars Missing Episode 💀,https://www.youtube.com/watch?v=NZx2NqJssZg,Livestreams Memes,https://www.youtube.com/channel/UClSzp3HiF1N1gz1E2xzxtGg,2026-03-25T00:43:12.232Z,75.0,42.432,42.432
Talking bout mortal threat #games #funny #reaction #shorts #streamer #gaming #youtubeshorts,https://www.youtube.com/watch?v=s0fHyf2GfcA,PresidentLloyd Everything,https://www.youtube.com/channel/UCYlNeXiwyOfZQi3qPvZz2tg,2026-03-25T00:42:35.240Z,35.0,36.992,35.0
The illegals are actually running..,https://www.youtube.com/watch?v=y-Xu1K4ugfw,Asmongold TV  ,https://www.youtube.com/channel/UCQeRaTukNYft1_6AZPACnog,2026-03-25T00:37:10.141Z,1537.0,325.099,325.099
YTTV TUNE IN MM 26 Tune in EMP ROOM V1 DR None US EN 06s MP4 VIDEO,https://www.youtube.com/watch?v=gseduUJMqVA,,,2026-03-25T00:37:03.085Z,7.0,7.056,7.0
see if you're owed more - never sue crashed,https://www.youtube.com/watch?v=Bb05OGqMfZc,,,2026-03-24T23:30:18.438Z,212.0,4004.647,212.0
Riverside - Create your best content yet.,https://www.youtube.com/watch?v=AM4ga_3YDH0,,,2026-03-24T23:29:40.628Z,30.0,37.81,30.0
FINAL FANTASY TACTICS - The Ivalice Chronicles | Launch Trailer [US 60s],https://www.youtube.com/watch?v=2SFLwS65Ex8,,,2026-03-24T23:20:09.852Z,60.0,570.776,60.0
It's app to you.,https://www.youtube.com/watch?v=zLJ28eqclw4,,,2026-03-24T23:19:14.980Z,47.0,54.872,47.0
Crimson Desert - 18 Biggest MISTAKES That Will Hold You Back! (Crimson Desert Tips & Tricks),https://www.youtube.com/watch?v=dTYXp4UfgSQ,KhrazeGaming,https://www.youtube.com/channel/UCFXUSG_393wZJaRTErU6Pjw,2026-03-24T23:11:15.762Z,1330.0,479.218,479.218
YouTube Premium COMP MIX 1mon DANCEINF Stock 15s horiz 1920x1080 16-9 en US USD  HiFi,https://www.youtube.com/watch?v=gYak2ufoGbY,,,2026-03-24T23:11:08.435Z,15.0,7.327,7.327
Afroman wants YOU on his song! #shorts,https://www.youtube.com/watch?v=f5Tz8iqYon8,ogafroman,https://www.youtube.com/channel/UCOMyvChDhKil0KvJoIHyx6Q,2026-03-24T23:10:40.443Z,38.0,27.992,27.992
Crimson Desert Complete New Player Guide - How to Improve & Get Better Fast (Crimson Desert Tips),https://www.youtube.com/watch?v=ugTqxlAgkU0,Arekkz Gaming,https://www.youtube.com/channel/UC-zjH-e5XBzMpy_VtwIGRxQ,2026-03-24T22:55:35.147Z,2249.0,905.296,905.296
Crimson Desert - Most Important Skills - Full Skill Tree Overview,https://www.youtube.com/watch?v=PSnl97VEw6g,FightinCowboy,https://www.youtube.com/channel/UC9N0DmacOi4iWKQyygX89OQ,2026-03-24T22:26:34.346Z,1782.0,1740.801,1740.801
20 Advanced TIPS Crimson Desert Doesn’t Tell You...,https://www.youtube.com/watch?v=xpUb9jA9Rpg,NorZZa,https://www.youtube.com/channel/UCs-wgS3MTkROUFE9_FhvVLQ,2026-03-24T22:24:34.702Z,1233.0,119.644,119.644
How To Make A Big Game (Alone),https://www.youtube.com/watch?v=KuWTf7KrF6Y,advancenine,https://www.youtube.com/channel/UCDZ9kFfPxe09hQ8Da9IRAlw,2026-03-24T22:22:45.589Z,581.0,109.113,109.113
"If I Started Wuthering Waves in 2026, Here's What I'd Do",https://www.youtube.com/watch?v=an2zLWQ2Z6U,Rhinne,https://www.youtube.com/channel/UCSvjKqgK2kY4W0i2T5sTZBg,2026-03-24T21:56:04.510Z,1466.0,1601.079,1466.0
Is Wuthering Waves Worth Playing in 2026? Full 3.0 Wuthering Waves Review - Wuwa,https://www.youtube.com/watch?v=626LxOu8fEY,Braxophone,https://www.youtube.com/channel/UC_ZWU-6HG5pv5qvfaGTzdQA,2026-03-24T21:55:39.367Z,755.0,25.143,25.143
SECRET to Fixing the Impossible Traffic Jam in Cities Skylines 2,https://www.youtube.com/watch?v=AB6y5KjT154,Biffa Plays Indie Games,https://www.youtube.com/channel/UCYzO4HZxgXc2UJQD5bIo8AQ,2026-03-24T21:55:36.238Z,3026.0,3.129,3.129
"UFO Scientists, Air Force General MISSING, Scientists Killed, Something DARK Has Begun",https://www.youtube.com/watch?v=ltBmpSavJro,Tim Pool,https://www.youtube.com/channel/UCG749Dj4V2fKa143f8sE60Q,2026-03-24T21:42:26.179Z,2054.0,790.059,790.059
YT Premium EMU MIX 1mon Sloth Artist-BTS 06s horiz 1920x1080 16-9 en US USD  PriceUpdates,https://www.youtube.com/watch?v=Kwi76idmwjI,,,2026-03-24T21:42:19.659Z,7.0,6.52,6.52
Trust Her Enough to Search Her Spokeo?,https://www.youtube.com/watch?v=63PUTZ0DddU,,,2026-03-24T21:41:57.439Z,13.0,22.22,13.0
Moses Moody suffers noncontact knee injury in OT win,https://www.youtube.com/watch?v=Np6YEVwhji4,Athletic Alchemy,https://www.youtube.com/channel/UC-iXtSUqL89NIDn1jANmAbw,2026-03-24T21:39:08.795Z,914.0,168.644,168.644
Otter.ai is the AI Meeting Assistant that saves you and the team time,https://www.youtube.com/watch?v=iw_iIWuQ2rY,,,2026-03-24T21:38:57.516Z,57.0,11.279,11.279
"[FREE] Future Type Beat - ""GRATEFUL""",https://www.youtube.com/watch?v=wm9swTC0t7k,lock,https://www.youtube.com/channel/UC5YCoZxCxXDdxIFafDatzzQ,2026-03-24T21:30:36.182Z,191.0,501.334,191.0
Introducing Base44’s Big Game Full Ad “It’s App to You”,https://www.youtube.com/watch?v=kLdaIxDM-_Y,,,2026-03-24T20:01:30.867Z,56.0,5345.315,56.0
20251210_CLAY_NEW FEATURE_MSTR.mp4,https://www.youtube.com/watch?v=q6cpBqmRBLo,,,2026-03-24T20:00:42.980Z,41.0,47.887,41.0
this will not end well,https://www.youtube.com/watch?v=t-lPIGk1OMs,Timcast,https://www.youtube.com/channel/UCe02lGcO-ahAURWuxAJnjdA,2026-03-24T19:54:05.551Z,1302.0,397.429,397.429
Happy Holidays from The King of Queens!,https://www.youtube.com/watch?v=aGxwvIHfhjI,The King of Queens,https://www.youtube.com/channel/UCgtC-8z30M0B3O9fWnVwutA,2026-03-24T19:49:36.106Z,2577.0,269.445,269.445
"Disney+, Hulu Bundle",https://www.youtube.com/watch?v=pL8yFuqUx3g,,,2026-03-24T19:47:31.910Z,31.0,124.196,31.0
A Boogie Wit Da Hoodie - King of My City,https://www.youtube.com/watch?v=gnBBEv5a-F8,A Boogie Wit da Hoodie,https://www.youtube.com/channel/UCfgsFOdVScKetBXYrFNr5LQ,2026-03-24T19:45:32.586Z,203.0,119.324,119.324
YouTube Premium APN EMP 1mon Expl Stock 15s horiz 1920x1080 16-9 en US USD,https://www.youtube.com/watch?v=6MFL_VRwpNI,,,2026-03-24T19:45:20.899Z,15.0,11.687,11.687
My Dream City after 400 hours of work! | Cities Skylines 2,https://www.youtube.com/watch?v=HHzSWkL52X8,imperatur,https://www.youtube.com/channel/UCV4Zy3ah4PVaYrr73GZbRcA,2026-03-24T19:45:03.982Z,590.0,16.917,16.917
Shortened: Monster Hunter,https://www.youtube.com/watch?v=heraf_GSUwk,,,2026-03-24T19:44:46.823Z,14.0,17.159,14.0
Running stateful sandboxes in VS Code | VS Code + Sprites,https://www.youtube.com/watch?v=ImkBehNcA6g,,,2026-03-24T19:44:42.503Z,186.0,4.32,4.32
Every Single Season 2 Cold Open | King of Queens | Comedy Bites Vintage,https://www.youtube.com/watch?v=CnZZyaIDQNw,Comedy Bites Vintage,https://www.youtube.com/channel/UCFI9p7jQiXQQSBdX64Rv2xw,2026-03-24T19:38:50.267Z,1991.0,352.236,352.236
BATTERAM HYMN OF THE POLICE WHISTLE BLOWER,https://www.youtube.com/watch?v=HM8Ee6pcXvQ,ogafroman,https://www.youtube.com/channel/UCOMyvChDhKil0KvJoIHyx6Q,2026-03-24T19:37:09.782Z,318.0,100.485,100.485
Effortless Focus with Brain.fm,https://www.youtube.com/watch?v=Jbpkpyw3Kss,,,2026-03-24T19:31:44.199Z,27.0,325.583,27.0
Eulogy already written! Akademiks reacts to Mero dissing him on HOT97,https://www.youtube.com/watch?v=JxiVZcv3QG0,King Akademiks,https://www.youtube.com/channel/UCg5iO7Pbg7f4gmufzOLD_zA,2026-03-24T19:24:24.271Z,2862.0,439.928,439.928
YTTV PTC FEBRUARY SPORTS EMP ROOM V1 DR None US EN 15s MP4 VIDEO v01,https://www.youtube.com/watch?v=XEFa5o-gRKU,,,2026-03-24T19:24:18.019Z,15.0,6.252,6.252
"Your ideas, your apps—Base44",https://www.youtube.com/watch?v=oIcP3BOvyeY,,,2026-03-24T17:46:39.237Z,57.0,5858.782,57.0
YT Premium EMU MIX 1mon Music Stock 15s horiz 1920x1080 16-9 en US USD  PriceUpdates,https://www.youtube.com/watch?v=gr7_3pKPJx8,,,2026-03-24T17:39:48.991Z,16.0,410.246,16.0
"he actually won, it really worked",https://www.youtube.com/watch?v=AHjPyNF5whQ,Timcast,https://www.youtube.com/channel/UCe02lGcO-ahAURWuxAJnjdA,2026-03-24T17:30:59.582Z,1262.0,529.409,529.409
YTTV BASE Evergreen25 Content A PMax V1 DR None US EN 15s MP4 VIDEO 16x9,https://www.youtube.com/watch?v=j87rvLOyc4A,,,2026-03-24T17:30:53.348Z,16.0,6.234,6.234
WE AIN'T DOUBLE BACKING ⛔️,https://www.youtube.com/watch?v=O-dEm3_oqtM,Banditdamack,https://www.youtube.com/channel/UCcwlHsTIAYzq2XJWlzPwGpg,2026-03-24T17:29:26.302Z,25.0,87.046,25.0
Dexter vs. Stan Liddy 🔎,https://www.youtube.com/watch?v=-iXhCOpxops,Dexter Official,https://www.youtube.com/channel/UC4_hHPcj6BTsn1-gn9oeCDg,2026-03-24T16:48:44.895Z,1384.0,2441.407,1384.0
The FASTEST Way to Find Samples That Fit | Output Co-Producer,https://www.youtube.com/watch?v=fGOnwN0TMl0,,,2026-03-24T16:48:28.667Z,45.0,16.228,16.228
Dexter's Walk Through | Dexter: Resurrection,https://www.youtube.com/watch?v=H81z93f-xOk,Dexter Official,https://www.youtube.com/channel/UC4_hHPcj6BTsn1-gn9oeCDg,2026-03-24T16:33:43.707Z,158.0,884.96,158.0
Your Base44 Superagent is waiting,https://www.youtube.com/watch?v=dPq_rlzHYmw,,,2026-03-24T16:33:22.576Z,44.0,21.131,21.131
Best of The Morgans vs. The Law 🚨 Dexter: Resurrection,https://www.youtube.com/watch?v=cLkK1CQPUfw,Dexter Official,https://www.youtube.com/channel/UC4_hHPcj6BTsn1-gn9oeCDg,2026-03-24T16:32:55.387Z,1587.0,27.189,27.189
The Morgan's Night Out in NYC | Dexter: Resurrection,https://www.youtube.com/watch?v=JZrkLcyda14,Dexter Official,https://www.youtube.com/channel/UC4_hHPcj6BTsn1-gn9oeCDg,2026-03-24T16:32:37.775Z,288.0,17.612,17.612
Harrison and Dexter Attend Prudence's Funeral  | Dexter: Resurrection,https://www.youtube.com/watch?v=OkYmLDxNtDg,Dexter Official,https://www.youtube.com/channel/UC4_hHPcj6BTsn1-gn9oeCDg,2026-03-24T16:30:15.422Z,148.0,142.353,142.353
Follow & Like for more clips!,https://www.youtube.com/watch?v=pOlr7j6EIEU,Tory Lanez,https://www.youtube.com/channel/UCbfUA3UGxAWL3muD004g0WQ,2026-03-24T16:29:29.395Z,40.0,46.027,40.0
Halle Berry makes the audience and Oprah go WILD when she cracks her whip #halleberry #oprah #whip,https://www.youtube.com/watch?v=tlsxSe1JGEI,Mathias Werner,https://www.youtube.com/channel/UCM-Twz5gyBPT4shgLKlGaDQ,2026-03-24T16:16:16.363Z,26.0,793.032,26.0
3/26/26,https://www.youtube.com/watch?v=LGySqOA64WU,Astronaut Keeno,https://www.youtube.com/channel/UCS_jEz6zihDI2KcpFcNYZkQ,2026-03-24T16:14:25.106Z,32.0,111.257,32.0
The BBC just radicalized a generation..,https://www.youtube.com/watch?v=IfsXtgKSdqs,Asmongold Clips,https://www.youtube.com/channel/UCMwJJL5FJFuTRT55ksbQ4GQ,2026-03-24T16:10:30.758Z,137.0,234.348,137.0
Apparently men being helpful is sexist now,https://www.youtube.com/watch?v=Un09DRXZt2U,Sydney Watson,https://www.youtube.com/channel/UCSFy-1JrpZf0tFlRZfo-Rvw,2026-03-24T15:13:39.583Z,673.0,3411.175,673.0
4 REASONS WHY FEMINISM IS FULL OF HYPOCRISY,https://www.youtube.com/watch?v=Wdc87q8JOqw,Sydney Watson,https://www.youtube.com/channel/UCSFy-1JrpZf0tFlRZfo-Rvw,2026-03-24T15:13:19.919Z,771.0,19.664,19.664
THE #METOO MOVEMENT HAS RUINED WORKPLACES,https://www.youtube.com/watch?v=Hu7V-aO9GQY,Sydney Watson,https://www.youtube.com/channel/UCSFy-1JrpZf0tFlRZfo-Rvw,2026-03-24T15:13:10.614Z,298.0,9.305,9.305
EVE Frontier | Founder Access – In 90 Seconds,https://www.youtube.com/watch?v=hm-vhQl_tGg,,,2026-03-24T15:12:49.971Z,88.0,20.643,20.643
Starfleet Academy is cancelled already lmao,https://www.youtube.com/watch?v=IpBvPyFZytQ,Sydney Watson,https://www.youtube.com/channel/UCSFy-1JrpZf0tFlRZfo-Rvw,2026-03-24T15:12:48.862Z,1346.0,1.109,1.109
Gothic 1 Remake | Release Date Trailer,https://www.youtube.com/watch?v=0We-UgJKJp8,,,2026-03-24T15:12:36.447Z,186.0,12.415,12.415
✨  Space Ambient Music. Space Deep Relaxation,https://www.youtube.com/watch?v=-YUYLbjl7Sk,Relaxation Ambient Music,https://www.youtube.com/channel/UCkFeoNSqYTa7trn75WM9tsg,2026-03-24T05:52:24.830Z,12691.0,33611.617,12691.0
MrBeast’s Secret for 4x Faster Communication,https://www.youtube.com/watch?v=-jbRQ6PsL6s,,,2026-03-24T05:44:06.103Z,31.0,498.727,31.0
How To Develop The Moon ALL PARTS,https://www.youtube.com/watch?v=WZN2xXMb28g,ANTHROFUTURISM,https://www.youtube.com/channel/UCRMkYyTiLc8fvfeDtrQgcTA,2026-03-24T05:23:34.276Z,3048.0,1231.827,1231.827
DCD-Blin-40480| Hulu,https://www.youtube.com/watch?v=ZVO93q3BY1E,,,2026-03-24T05:23:19.164Z,16.0,15.112,15.112
Rail-type Mass Driver,https://www.youtube.com/watch?v=uxCllBtojds,ANTHROFUTURISM,https://www.youtube.com/channel/UCRMkYyTiLc8fvfeDtrQgcTA,2026-03-24T05:18:43.330Z,2347.0,275.834,275.834
The Lunar Mass Driver Orbital Supply Chain,https://www.youtube.com/watch?v=8DUydTgyGQ0,ANTHROFUTURISM,https://www.youtube.com/channel/UCRMkYyTiLc8fvfeDtrQgcTA,2026-03-24T05:17:52.065Z,2890.0,51.265,51.265
lunar mass driver simpler than you think,https://www.youtube.com/watch?v=n62d4fsMcBw,ANTHROFUTURISM,https://www.youtube.com/channel/UCRMkYyTiLc8fvfeDtrQgcTA,2026-03-24T05:13:10.719Z,38.0,281.346,38.0
He accepted the loss and protected what he still had. 🥹❤️‍🩹,https://www.youtube.com/watch?v=OUpa9zD2G2Y,Endless Love,https://www.youtube.com/channel/UCH8x9zAJbpfipmHosNuwu_A,2026-03-24T05:09:12.721Z,18.0,237.998,18.0
shift pinchify,https://www.youtube.com/watch?v=XTDNbWc2REo,,,2026-03-24T05:09:09.113Z,34.0,3.608,3.608
The prettiest integral you'll ever see. Who wouldve guessed its root pi? #math #calculus #piday,https://www.youtube.com/watch?v=Kx0jGepUDhM,Not Math Club,https://www.youtube.com/channel/UCoRlAkzWJiX9Zryzdpm-cWA,2026-03-24T05:09:02.231Z,177.0,6.882,6.882
She Contributes Nothing 😭,https://www.youtube.com/watch?v=z201F-_ZyGs,StompnWorld,https://www.youtube.com/channel/UCJ8LW5mfKP4WEDjoQQawUhg,2026-03-24T05:09:00.642Z,55.0,1.589,1.589
How word vectors encode meaning,https://www.youtube.com/watch?v=FJtFZwbvkI4,3Blue1Brown,https://www.youtube.com/channel/UCYO_jab_esuFRV4b17AJtAw,2026-03-24T05:05:43.190Z,60.0,197.452,60.0
The scale of training LLMs,https://www.youtube.com/watch?v=qSn8dVI9V5I,3Blue1Brown,https://www.youtube.com/channel/UCYO_jab_esuFRV4b17AJtAw,2026-03-24T04:57:06.198Z,32.0,516.992,32.0
What can YOU do with Daz Studio?,https://www.youtube.com/watch?v=mDc1ZcoucsY,,,2026-03-24T04:35:15.733Z,54.0,1310.465,54.0
They Said This Traffic Was Impossible… I Fixed It!,https://www.youtube.com/watch?v=fyYto2DaqO4,Biffa Plays Indie Games,https://www.youtube.com/channel/UCYzO4HZxgXc2UJQD5bIo8AQ,2026-03-24T04:12:26.962Z,3317.0,1368.771,1368.771
YT Premium EMU MIX 1mon Onions Artist-TheWeeknd 15s horiz 1920x1080 16-9 en US USD  PriceUpdates,https://www.youtube.com/watch?v=1yjubTaQj3o,,,2026-03-24T04:12:18.222Z,16.0,8.74,8.74
Introducing Base44’s Big Game Full Ad “It’s App to You”,https://www.youtube.com/watch?v=kLdaIxDM-_Y,,,2026-03-24T04:12:13.366Z,56.0,4.856,4.856
10 Recent Games We REGRET We DIDN'T COVER,https://www.youtube.com/watch?v=KaQb-HNCGzA,gameranx,https://www.youtube.com/channel/UCNvzD7Z-g64bPXxGzaQaa4g,2026-03-24T04:04:05.158Z,1258.0,488.208,488.208
YouTube Presents Angèle ft. Justice 10sec 16x9,https://www.youtube.com/watch?v=MwxshX_hpQM,,,2026-03-24T04:01:05.755Z,11.0,179.403,11.0
"Myra, Laura, & Steve’s Mug Shots.  #familymatters #sitcom #90s #nostalgia #shorts",https://www.youtube.com/watch?v=ktVeJB0fsXQ,80s90sand00svibes Network,https://www.youtube.com/channel/UCo5UC49OUHmnMOCSSzF7vow,2026-03-24T03:55:27.692Z,47.0,338.063,47.0
Codex Alexander 2 FixingPRs 16x9 h264,https://www.youtube.com/watch?v=HBiyBCR8m6U,,,2026-03-24T03:55:20.357Z,37.0,7.335,7.335
Everything That Happens In Season 2 | The King of Queens,https://www.youtube.com/watch?v=Q-2L6shis60,The King of Queens,https://www.youtube.com/channel/UCgtC-8z30M0B3O9fWnVwutA,2026-03-24T03:54:32.077Z,3305.0,48.28,48.28
Introducing Shows on YouTube,https://www.youtube.com/watch?v=2pP9RVKwGrI,,,2026-03-24T03:54:26.048Z,16.0,6.029,6.029
Doug Moments We Think About Daily | The King of Queens,https://www.youtube.com/watch?v=3jCUi9bPoxM,The King of Queens,https://www.youtube.com/channel/UCgtC-8z30M0B3O9fWnVwutA,2026-03-24T03:22:04.824Z,2234.0,1941.224,1941.224
YouTube Premium APN EMP 1mon Acq Stock 06s horiz 1920x1080 16-9 en US USD,https://www.youtube.com/watch?v=N5OU7GUTzic,,,2026-03-24T03:21:55.051Z,7.0,9.773,7.0
Starfleet Academy is cancelled already lmao,https://www.youtube.com/watch?v=IpBvPyFZytQ,Sydney Watson,https://www.youtube.com/channel/UCSFy-1JrpZf0tFlRZfo-Rvw,2026-03-24T03:19:45.926Z,1346.0,129.125,129.125
Ime Udoka ejected after elite shot making in final 3mins of Rockets vs Bulls,https://www.youtube.com/watch?v=sWnWhVavcqE,Chaz NBA,https://www.youtube.com/channel/UChgDp_uE5PVqnpdV05xKOOA,2026-03-24T03:17:53.755Z,228.0,112.171,112.171
YouTube Premium APN EMP 1mon Expl Stock 06s horiz 1920x1080 16-9 en US USD,https://www.youtube.com/watch?v=awMWjkYSubs,,,2026-03-24T03:17:46.911Z,7.0,6.844,6.844
I'm addicted to Crimson Desert,https://www.youtube.com/watch?v=VDWx9C8ThJU,Asmongold TV  ,https://www.youtube.com/channel/UCQeRaTukNYft1_6AZPACnog,2026-03-24T02:30:31.778Z,12184.0,2835.133,2835.133
YTTV TUNE IN MM 26 Tune in EMP ROOM V1 DR None US EN 15s MP4 VIDEO,https://www.youtube.com/watch?v=zk9PRLwvaMk,,,2026-03-24T02:30:24.916Z,16.0,6.862,6.862
20251210_CLAY_NEW FEATURE_MSTR.mp4,https://www.youtube.com/watch?v=q6cpBqmRBLo,,,2026-03-24T02:30:02.355Z,41.0,22.561,22.561
Hand off your busywork to Claude Cowork,https://www.youtube.com/watch?v=0wOaCLDYD44,,,2026-03-24T02:30:01.975Z,27.0,0.38,0.38
PyCharm for Data Professionals,https://www.youtube.com/watch?v=t0lCTbAxd5o,,,2026-03-24T02:14:12.278Z,146.0,949.697,146.0
DCD-Blin-40480| Hulu,https://www.youtube.com/watch?v=ZVO93q3BY1E,,,2026-03-24T02:13:33.572Z,16.0,38.706,16.0
The Core Equation Of Neuroscience,https://www.youtube.com/watch?v=zOmhHE2xctw,Artem Kirsanov,https://www.youtube.com/channel/UCR2uRTQ53V_egXKFflMMaaw,2026-03-24T02:13:13.039Z,1395.0,20.533,20.533
YT Premium EMU MIX 1mon Kids Stock 06s horiz 1920x1080 16-9 en US USD  PriceUpdates,https://www.youtube.com/watch?v=5Jz9oXfDeNo,,,2026-03-24T02:13:06.231Z,7.0,6.808,6.808
Visualizing Matrix Multiplication,https://www.youtube.com/watch?v=CP2RsQ18avs,NiLTime,https://www.youtube.com/channel/UCASGBz9CIre1P7MQrOaar-Q,2026-03-24T02:12:50.770Z,57.0,15.461,15.461
How AI Replaces Your SaaS Tools... (Enter Pro Guide),https://www.youtube.com/watch?v=_gNfDvInmX0,,,2026-03-24T02:12:33.963Z,1249.0,16.807,16.807
"Attention in transformers, step-by-step | Deep Learning Chapter 6",https://www.youtube.com/watch?v=eMlx5fFNoYc,3Blue1Brown,https://www.youtube.com/channel/UCYO_jab_esuFRV4b17AJtAw,2026-03-24T02:00:46.495Z,1570.0,707.468,707.468
I Visualised Attention in Transformers,https://www.youtube.com/watch?v=RNF0FvRjGZk,Gal Lahat,https://www.youtube.com/channel/UCHAUlULA0quOmHvX5uGNcHA,2026-03-24T01:58:57.038Z,781.0,109.457,109.457
YouTube Premium COMP MIX 1mon DANCEINF Stock 15s horiz 1920x1080 16-9 en US USD  HiFi,https://www.youtube.com/watch?v=gYak2ufoGbY,,,2026-03-24T01:58:41.276Z,15.0,15.762,15.0
What's The Difference Between Matrices And Tensors?,https://www.youtube.com/watch?v=1GwAEnegaRs,Dr. Simulate,https://www.youtube.com/channel/UCaVPFapXUXYeZN3_5ty99xA,2026-03-24T01:51:52.819Z,431.0,408.457,408.457
YouTube Premium APN EMP 1mon Acq Stock 10s horiz 1920x1080 16-9 en US USD,https://www.youtube.com/watch?v=gSEG7dKV6Sk,,,2026-03-24T01:51:41.894Z,10.0,10.925,10.0
"[HARD] Chuckyy x 4Block Lil Mari Sample Type Beat - ""Crazier""",https://www.youtube.com/watch?v=HGcLR1508Q4,Jayco 1,https://www.youtube.com/channel/UCFPVIedlM4rgguc2IBSkqSA,2026-03-24T01:39:23.702Z,151.0,738.192,151.0
Reconnect to the Divinity Within You ,https://www.youtube.com/watch?v=jojqiLJqqhk,Katie Clarke,https://www.youtube.com/channel/UCy9fraDeJqVFs5hanqiQ3ng,2026-03-24T01:38:52.172Z,1863.0,31.53,31.53
Beyoncé fighting for her life as she melts on stage #beyonce #destinyschild #kelly #michelle,https://www.youtube.com/watch?v=dCj6-5n1HaM,Mathias Werner,https://www.youtube.com/channel/UCM-Twz5gyBPT4shgLKlGaDQ,2026-03-24T01:38:09.654Z,23.0,42.518,23.0
Why Nobody Will Ever Have a Debut Like Britney Spears 👑 #shorts,https://www.youtube.com/watch?v=v3E_Y9dX5FM,Viral Network,https://www.youtube.com/channel/UC2wr3CIuXpS2lWrC7OdWeFQ,2026-03-24T01:35:37.888Z,26.0,151.766,26.0
I Wasn’t Ready For THIS Ending 💀😭,https://www.youtube.com/watch?v=qMRaTXXZvjs,Outstanding Screenplays,https://www.youtube.com/channel/UCjdvPP6bIMctgtP4fa7XXvA,2026-03-24T01:04:28.490Z,32.0,1869.398,32.0
She Just Became A Mom. She Has No Idea What She's Doing.,https://www.youtube.com/watch?v=pcXKJMNuL-Y,b jkbljb,https://www.youtube.com/channel/UC3NZJv9cF54bMVADLpgZU9g,2026-03-24T01:04:11.839Z,16.0,16.651,16.0
Caught in 4K 😂,https://www.youtube.com/watch?v=IgABeo6BqeM,DriveWithPassion,https://www.youtube.com/channel/UCYiPIVJbJP5UJjlagsh6S7Q,2026-03-24T01:04:03.216Z,15.0,8.623,8.623
Don’t be extra keep it simple,https://www.youtube.com/watch?v=JxXGOnzcgp8,Poko_Drama,https://www.youtube.com/channel/UCSuHAVBaeCbSSQSlKfZexuA,2026-03-24T01:03:54.194Z,9.0,9.022,9.0
$2.2M New Constructio 🏠 . . #homeinspection #inspector #newconstruction #dfwrealestate,https://www.youtube.com/watch?v=Lld-RbK7t1U,jacksonconstruction0,https://www.youtube.com/channel/UC-ezh0Yazahx9XZtGGI6V2A,2026-03-24T01:03:50.440Z,68.0,3.754,3.754
Same Fall Time Explained ⏱️,https://www.youtube.com/watch?v=3v9Up8AWQ2o,Curious as Hell,https://www.youtube.com/channel/UCy38OtTWhi8vabnv_VKUGVw,2026-03-24T01:03:48.362Z,8.0,2.078,2.078
#jazz #jazzmusic #jazzclub,https://www.youtube.com/watch?v=xWDWVVoddYY,J.T. Jasinski,https://www.youtube.com/channel/UCh8KxOPCktPX5vWqI052vuQ,2026-03-24T01:03:34.220Z,10.0,14.142,10.0
Even when I late they are still polite #nutria #wildlife #nature #animals,https://www.youtube.com/watch?v=CUewEA9mq-U,The  1 Carrot Crew ,https://www.youtube.com/channel/UCcV7CewwStmiA97PcqgvRfg,2026-03-24T01:03:28.767Z,64.0,5.453,5.453
The difference is crazy #shorts,https://www.youtube.com/watch?v=JgMn99JZLQk,That Midnight LIfe,https://www.youtube.com/channel/UCMcPnd7I9ikt00a0YOYSnxg,2026-03-24T01:03:22.184Z,6.0,6.583,6.0
Said the incompetent king to the squire #memes #birbleton #voiceover #memes #funny #potato #relatabl,https://www.youtube.com/watch?v=7Z2JLkwOlNg,Birbleton VA,https://www.youtube.com/channel/UCmiVVVR6XX67p_UXW-48cxA,2026-03-24T01:03:12.187Z,16.0,9.997,9.997
Her eyes say it all 😼,https://www.youtube.com/watch?v=uz-Kuyi2Nys,Funnyanimals,https://www.youtube.com/channel/UCe-rJUmi1bQn4WL75sDZt8Q,2026-03-24T01:03:10.110Z,74.0,2.077,2.077
Visualizing transformers and attention | Talk for TNG Big Tech Day '24,https://www.youtube.com/watch?v=KJtZARuO3JY,Grant Sanderson,https://www.youtube.com/channel/UC78Ib99EBhMN3NemVjYm3Ig,2026-03-24T00:58:41.863Z,3465.0,268.247,268.247
Your Base44 Superagent is waiting,https://www.youtube.com/watch?v=dPq_rlzHYmw,,,2026-03-24T00:56:33.768Z,44.0,128.095,44.0
AI can't cross this line and we don't know why.,https://www.youtube.com/watch?v=5eqRuVp65eY,Welch Labs,https://www.youtube.com/channel/UConVfxXodg78Tzh5nNu85Ew,2026-03-24T00:51:25.223Z,1447.0,308.545,308.545
YT Premium EMU MIX 1mon Ceramics Artist-MuniLong 06s horiz 1920x1080 16-9 en US USD  PriceUpdates,https://www.youtube.com/watch?v=1X6upXUmJ2M,,,2026-03-24T00:51:18.664Z,7.0,6.559,6.559
Lady Turns Simple Mistake Into FELONY,https://www.youtube.com/watch?v=CaLMpULNMgA,Wheel Watch,https://www.youtube.com/channel/UC6GayV3qSRXhM0kFz9QblFw,2026-03-24T00:32:59.812Z,,1098.852,1098.852
The Cleanest Block in NBA History 😭 #nba,https://www.youtube.com/watch?v=pE8NUICJ8qk,AirBall Insider,https://www.youtube.com/channel/UCk701vImxU9oBCDt3q9khmQ,2026-03-24T00:32:58.060Z,,1.752,1.752
streaming cancel hack revealed | Subscribe for more #motivation 😊👍,https://www.youtube.com/watch?v=2BpUw-TAhJA,Dare To Improve,https://www.youtube.com/channel/UCnsVA-fdj_JTtVDlYnO_uuQ,2026-03-24T00:32:48.097Z,4.0,9.963,4.0
bro saw his ankles shattering in the future,https://www.youtube.com/watch?v=kprP3HVLRYE,Lord Hec,https://www.youtube.com/channel/UCMdsYOaE-TN9bIf1_f_5Ecg,2026-03-24T00:32:38.901Z,10.0,9.196,9.196
Bro was just Shy! #fyp #funny #shorts #memes #memesdaily #funnyshorts #meme #reels #hood,https://www.youtube.com/watch?v=cr5guVDkf70,TheFatMemes,https://www.youtube.com/channel/UCx15xO8SnB1S99Ms-lgGkyQ,2026-03-24T00:32:17.697Z,8.0,21.204,8.0
A man built his own road without permission and charged people $3 to use it.,https://www.youtube.com/watch?v=w3gumBD1QXc,Claude,https://www.youtube.com/channel/UCGzah_GmOhXo9Kw99JUrF5Q,2026-03-24T00:32:12.569Z,5.0,5.128,5.0
The reaction from the Lakers bench😅😂 #nba #lakers #losangeles #nbashorts #basketball #sports,https://www.youtube.com/watch?v=n6LqC7G594k,FullCourtFrenzy,https://www.youtube.com/channel/UCJospuym6c4tfcc8MjI22Jg,2026-03-24T00:32:09.194Z,6.0,3.375,3.375
Crimson Desert Looks Crazy! #shorts #crimsondesertgameplay,https://www.youtube.com/watch?v=zUjdKMtYwVY,Benjidabeast3,https://www.youtube.com/channel/UCHl2ZvFwmM56-s82mlbNqTA,2026-03-24T00:32:00.486Z,17.0,8.708,8.708
“Chaos happened instantly 😂” #gtaonline #gta5 #gta5online #gtaviral #fail,https://www.youtube.com/watch?v=aldaToN89VE,Ka0nixPlays ,https://www.youtube.com/channel/UCGuGX9q8WPLJUgVkeTzfHmg,2026-03-24T00:31:58.139Z,24.0,2.347,2.347
Hiring Pigeon Catcherr 🤣 | Impractical Jokers #impracticaljokers,https://www.youtube.com/watch?v=5ZlsrJ8zWjU,Jokers Pedia ,https://www.youtube.com/channel/UCq-9NH27lUzZIjAIFXA7iqg,2026-03-24T00:31:28.398Z,,29.741,29.741
Bro just needed that one piece of fish,https://www.youtube.com/watch?v=_rQAQmym2N0,PRVNCI,https://www.youtube.com/channel/UCN7txTraqv-FZUTFzhMqb6A,2026-03-24T00:31:25.074Z,18.0,3.324,3.324
Reckless Driver Gets INSTANT Karma! #dashcam #instantkarma,https://www.youtube.com/watch?v=b5_7fXL9-Ek,Momento,https://www.youtube.com/channel/UCo2foKXYvaNJd_6oXTLeHsQ,2026-03-24T00:31:22.249Z,21.0,2.825,2.825
Try Not To Laugh Challenge 464😂🤣 #funny #shorts #viral,https://www.youtube.com/watch?v=4M51FNKsnb0,Saboor,https://www.youtube.com/channel/UC41hhaZk2zX3aZh8AHQvFvA,2026-03-24T00:31:10.435Z,8.0,11.814,8.0
Romance isn’t dead after all,https://www.youtube.com/watch?v=_v0LCtUsDSU,B34R,https://www.youtube.com/channel/UCZsJAN9aJGkgEct3FDLVyxw,2026-03-24T00:30:54.068Z,4.0,16.367,4.0
Who else woke up to BTS new album ARIRANG clutching their pearls?? #bts #arirang #kpop,https://www.youtube.com/watch?v=38F0mV3AC6U,KXTANA,https://www.youtube.com/channel/UCbQDWtr46SBQOG2KE1aH_Ow,2026-03-24T00:30:51.921Z,26.0,2.147,2.147
Watching a tank fire in real time makes you realize how fast everything actually happens because,https://www.youtube.com/watch?v=DorifVt_a80,Patriot Archive,https://www.youtube.com/channel/UCN0dPr34mWi-Ujqat_5Vaog,2026-03-24T00:30:43.409Z,6.0,8.512,6.0
I JUST WANTED TO GO AND PLAY #cat #cats #kitten #kittens @cep.streaming,https://www.youtube.com/watch?v=NKTCCP9YUvI,Kitty Kitten,https://www.youtube.com/channel/UCPTzdzjgUpFs4FVL3vHOAlQ,2026-03-24T00:30:38.854Z,19.0,4.555,4.555
PGGE CUSTOMERS HAVE BEENCOLLECTINGUTILITYBILLS FOR OTHERS FORUP TO 18 YEARS #news #shorts,https://www.youtube.com/watch?v=e5b7C7uy9W8,Adrian Godoy,https://www.youtube.com/channel/UCeWTz2_zYTCZ3jWCLDc4odA,2026-03-24T00:30:35.720Z,59.0,3.134,3.134
That Towel is Working Overtime! 😭 (When the Flood Hits Hard),https://www.youtube.com/watch?v=gMg7-JBA6l0,Maryna Aksenov,https://www.youtube.com/channel/UCfGAa7X3gpPCNxwfG2di66A,2026-03-24T00:29:06.623Z,12.0,89.097,12.0
Send this to a dog mom🐶✨ #dogproduct #dogtips #petlover,https://www.youtube.com/watch?v=JUzk3i_GuKo,ThePawPad,https://www.youtube.com/channel/UCrPAu6mNJP4gUqsVKtQgiAw,2026-03-24T00:29:03.299Z,12.0,3.324,3.324
He's Definitely Not Lying 😭,https://www.youtube.com/watch?v=LwNPd1CSGl0,StompnWorld,https://www.youtube.com/channel/UCJ8LW5mfKP4WEDjoQQawUhg,2026-03-24T00:28:54.026Z,28.0,9.273,9.273
Why Are You Laughing Like That? 😳 #Wholesome #Meme #Shorts,https://www.youtube.com/watch?v=_4yVa70rYt8,Sorrow Sky,https://www.youtube.com/channel/UCy3Wz8PfxsypmYdzS3vfHzA,2026-03-24T00:28:50.087Z,22.0,3.939,3.939
"""You're a moron!""  #shorts",https://www.youtube.com/watch?v=ILEMYCZfmHg,Judge Judy,https://www.youtube.com/channel/UCzMPPxbQG6iZttQhq3ukXSg,2026-03-24T00:28:36.721Z,51.0,13.366,13.366
How people will quit their jobs over ANYTHING these days,https://www.youtube.com/watch?v=fkTvMXOpEd8,Tra Rags,https://www.youtube.com/channel/UCNekbFtp9zsI-lE_OCHpq_w,2026-03-24T00:21:08.770Z,114.0,447.951,114.0
When a hotshot detective tries to leave a room | Chris & Jack,https://www.youtube.com/watch?v=uwQ4HfRWKQM,Chris and Jack,https://www.youtube.com/channel/UC3Liv5-jdU2Qk53lTtYDG2w,2026-03-24T00:20:21.679Z,212.0,47.091,47.091
A Swedish girl explains Midsommar #travel,https://www.youtube.com/watch?v=VTBngFfusVA,It's Adamm,https://www.youtube.com/channel/UCUKlbVR1T1QPCRDTf_8v8yA,2026-03-24T00:19:39.107Z,27.0,42.572,27.0
I'm going to assume this is a daily occurrence,https://www.youtube.com/watch?v=5IpQU7jCN-E,Hanna Lab,https://www.youtube.com/channel/UCVPkfH2NjnYfotw4kOLt1-Q,2026-03-24T00:18:35.302Z,16.0,63.805,16.0
Dramatic Cat🤣,https://www.youtube.com/watch?v=ogBGbTg4beY,Funnycats,https://www.youtube.com/channel/UC0xXsTglspiMP6lwN18jU8w,2026-03-24T00:18:24.534Z,76.0,10.768,10.768
😭💀 they added FAH to his song,https://www.youtube.com/watch?v=2cyc605aRvw,Music Media,https://www.youtube.com/channel/UCWQrSQ0wJ3oZshXsZcl_Srg,2026-03-24T00:18:05.654Z,14.0,18.88,14.0
Leah Remini's Who's the Boss Spin-Off,https://www.youtube.com/watch?v=W6Rhh5Qdxho,Atomic Abe ,https://www.youtube.com/channel/UCPopwmOJk-C_0dhBPVw60yw,2026-03-24T00:17:26.371Z,57.0,39.283,39.283
she took it personally 😤,https://www.youtube.com/watch?v=YBRUsh8s8ag,Ace Run Productions,https://www.youtube.com/channel/UCGUh_A45OrzADzBgkFImVGQ,2026-03-24T00:17:03.067Z,21.0,23.304,21.0
"Disney+, Hulu Bundle",https://www.youtube.com/watch?v=pL8yFuqUx3g,,,2026-03-23T22:27:51.192Z,31.0,6551.875,31.0
Pool Out RV,https://www.youtube.com/watch?v=U0ZVYbIMFLY,,,2026-03-23T22:27:46.628Z,31.0,4.564,4.564
She got hit by a 🗣️🗣️🗣️,https://www.youtube.com/watch?v=bojCrnndqIM,Zember,https://www.youtube.com/channel/UCfamkYsDphOV85QIDu3JR0Q,2026-03-23T22:27:17.459Z,17.0,29.169,17.0
Roblox Claims,https://www.youtube.com/watch?v=mgwZ0XUr6_0,,,2026-03-23T22:27:04.482Z,60.0,12.977,12.977
Skrilla - Lifestyle (Official Video),https://www.youtube.com/watch?v=5l2qLfSMSFY,Skrilla,https://www.youtube.com/channel/UCMFP3cGDPvKhdaqhmdXmzQg,2026-03-23T22:25:57.258Z,105.0,67.224,67.224
YTTV PTC FEBRUARY SPORTS EMP ROOM V1 DR None US EN 15s MP4 VIDEO v01,https://www.youtube.com/watch?v=XEFa5o-gRKU,,,2026-03-23T22:25:47.899Z,15.0,9.359,9.359
YT Premium EMU MIX 1mon Background Stock 10s horiz 1920x1080 16-9 en US USD  PriceUpdates,https://www.youtube.com/watch?v=xjpJGtc4vVE,,,2026-03-23T22:25:40.553Z,11.0,7.346,7.346
"Cursor Now Shows You Demos, Not Diffs",https://www.youtube.com/watch?v=Pupl0DczLHg,,,2026-03-23T22:25:36.490Z,103.0,4.063,4.063
Stiller & Meara: Props,https://www.youtube.com/watch?v=BJWe8JY_OrY,Proptologist - Jay Duckworth,https://www.youtube.com/channel/UCB3gITkN1-LzFF_IpVanURQ,2026-03-23T22:25:05.922Z,190.0,30.568,30.568
Learn to Code on Boot.dev | OSRS,https://www.youtube.com/watch?v=MWZV-zTLsaY,,,2026-03-23T22:24:45.451Z,76.0,20.471,20.471
[The Seven Deadly Sins: Origin] Available Now_000192,https://www.youtube.com/watch?v=j6Xn5O-Vj3o,,,2026-03-23T22:24:42.706Z,27.0,2.745,2.745
YTTV PTC 26 Feb EMP FamilyFriendly 30s ROOM V1 1920x1080 VIDEO,https://www.youtube.com/watch?v=et5Xi4yTCwI,,,2026-03-23T20:52:26.952Z,30.0,5535.754,30.0
AI Made Coding Worse...,https://www.youtube.com/watch?v=91utXFqgSok,Tech With Tim,https://www.youtube.com/channel/UC4JX40jDee_tINbkjycV4Sg,2026-03-23T20:40:31.206Z,671.0,715.746,671.0
Kuminga's first game vs. Warriors shows EVERYBODY LOST trade between Dubs & Hawks,https://www.youtube.com/watch?v=MWP_U5iwIJA,Hoops Tonight,https://www.youtube.com/channel/UCw8h_jH2gB20wcZTJiaQNCA,2026-03-23T20:38:56.335Z,216.0,94.871,94.871
he's actually doing it,https://www.youtube.com/watch?v=rj6OlxvD6vE,Timcast,https://www.youtube.com/channel/UCe02lGcO-ahAURWuxAJnjdA,2026-03-23T20:38:17.642Z,1271.0,38.693,38.693
this just pissed off everyone,https://www.youtube.com/watch?v=m0Rqu7xgA9A,Tim Pool,https://www.youtube.com/channel/UCG749Dj4V2fKa143f8sE60Q,2026-03-23T20:38:00.138Z,1869.0,17.504,17.504
Former Mobster Explains Why Mamdani Is A Complete Fraud,https://www.youtube.com/watch?v=fm6Lubm265w,Michael Franzese,https://www.youtube.com/channel/UC4xuh0pSLRLhzWGUnpOlvXw,2026-03-23T19:55:59.346Z,86.0,2520.792,86.0
Like & follow for more clips!,https://www.youtube.com/watch?v=GOi23NLIXLw,Tory Lanez,https://www.youtube.com/channel/UCbfUA3UGxAWL3muD004g0WQ,2026-03-23T19:27:05.710Z,9.0,1733.636,9.0
This was a huge mistake..,https://www.youtube.com/watch?v=caRo7MR_XlM,Asmongold TV  ,https://www.youtube.com/channel/UCQeRaTukNYft1_6AZPACnog,2026-03-23T18:48:09.654Z,1724.0,2336.056,1724.0
Preventing Traffic With FORMALITY In Cities 1!,https://www.youtube.com/watch?v=a5AFBNDxhPA,OVERCHARGED EGG,https://www.youtube.com/channel/UC6Cvfy8FWVSSSV8RAG8G_cw,2026-03-23T16:34:49.234Z,3228.0,8000.42,3228.0
Funniest Date Night Moments | The King of Queens,https://www.youtube.com/watch?v=strmDuYmC8c,The King of Queens,https://www.youtube.com/channel/UCgtC-8z30M0B3O9fWnVwutA,2026-03-23T07:51:13.281Z,2346.0,31415.953,2346.0
❗️MARATHON❗️The Best Fights Of All Time | The King Of Queens,https://www.youtube.com/watch?v=XFat2LqYKQE,The King of Queens,https://www.youtube.com/channel/UCgtC-8z30M0B3O9fWnVwutA,2026-03-23T06:11:31.118Z,7180.0,5982.163,5982.163
Luka Doncic Will NOT be Suspended,https://www.youtube.com/watch?v=GICZVRR9qBo,Skap Attack,https://www.youtube.com/channel/UCuehmJAqhHdlv1lTIwxTYpQ,2026-03-23T05:56:01.704Z,504.0,929.414,504.0
❗️MARATHON❗️Carrie's Best Crash Outs | The King of Queens,https://www.youtube.com/watch?v=1Z8sV6U9xnQ,The King of Queens,https://www.youtube.com/channel/UCgtC-8z30M0B3O9fWnVwutA,2026-03-23T04:54:59.474Z,3018.0,3662.23,3018.0
The Brain’s Learning Algorithm Isn’t Backpropagation,https://www.youtube.com/watch?v=l-OLgbdZ3kk,Artem Kirsanov,https://www.youtube.com/channel/UCR2uRTQ53V_egXKFflMMaaw,2026-03-23T04:20:22.190Z,1612.0,2077.284,1612.0
This is Cuba RIGHT NOW..,https://www.youtube.com/watch?v=lGRINrJaD1I,Asmongold TV  ,https://www.youtube.com/channel/UCQeRaTukNYft1_6AZPACnog,2026-03-23T03:58:50.851Z,1945.0,1291.339,1291.339
❗MARATHON❗The Most Iconic Moments From Every Season | The King of Queens,https://www.youtube.com/watch?v=x0XICP6nZ-Y,The King of Queens,https://www.youtube.com/channel/UCgtC-8z30M0B3O9fWnVwutA,2026-03-23T03:56:20.837Z,10864.0,150.014,150.014
Introducing Shows on YouTube,https://www.youtube.com/watch?v=2pP9RVKwGrI,,,2026-03-23T03:56:04.523Z,16.0,16.314,16.0
World of Warships - Kremlin,https://www.youtube.com/watch?v=mizweanx_VM,,,2026-03-23T03:23:13.619Z,72.0,1970.904,72.0
Earn on your Gold Savings,https://www.youtube.com/watch?v=iQAt1taHM5I,,,2026-03-23T03:12:13.251Z,15.0,660.368,15.0
Turn any idea into an app with Base44,https://www.youtube.com/watch?v=1wzhsrwSOTY,,,2026-03-23T03:05:25.783Z,55.0,407.468,55.0
When Traffic is SOOO Bad You Bypass Everything!,https://www.youtube.com/watch?v=sStOD-39bws,Biffa Plays Indie Games,https://www.youtube.com/channel/UCYzO4HZxgXc2UJQD5bIo8AQ,2026-03-23T02:56:12.806Z,2646.0,552.977,552.977
YTTV TUNE IN MM 26 Tune in EMP ROOM V1 DR None US EN 15s MP4 VIDEO,https://www.youtube.com/watch?v=zk9PRLwvaMk,,,2026-03-23T02:56:06.328Z,16.0,6.478,6.478
DJ Akademiks Goes Over Finesse2tymes Contract & Finds Out He's Getting Finessed By MobTies,https://www.youtube.com/watch?v=JzH1u_UIJmM,Big Ak News,https://www.youtube.com/channel/UCt-I_b49n9pe5jbJKW0WnsA,2026-03-23T02:51:08.573Z,1656.0,297.755,297.755
YTTV PTC 26 Feb EMP Spongbob 15s ROOM V1 1920x1080 VIDEO,https://www.youtube.com/watch?v=oPkgzdlLyOc,,,2026-03-23T02:50:58.731Z,15.0,9.842,9.842
"😴😴 Akademiks reacts to J Cole's interview about his ""fall off"" Album",https://www.youtube.com/watch?v=n0OY07WKs8k,King Akademiks,https://www.youtube.com/channel/UCg5iO7Pbg7f4gmufzOLD_zA,2026-03-23T02:42:27.901Z,4213.0,510.83,510.83
When somebody sends you money but your account is in the NEGATIVES,https://www.youtube.com/watch?v=dHEGDz6k8Go,Nileseyy Niles,https://www.youtube.com/channel/UCT3cGZ8SeFVY5xwUxBAO0Mg,2026-03-22T22:11:32.542Z,169.0,16255.359,169.0
Krafton's Desperate ChatGPT Defense Backfired Spectacularly,https://www.youtube.com/watch?v=W7VulPAj2Ak,Lawful Masses with Leonard French,https://www.youtube.com/channel/UChBJtu4BhT8b8t9Qe9R-EZg,2026-03-22T22:11:14.416Z,1219.0,18.126,18.126
IFCJ Flag Pin USA Horizontal Generic,https://www.youtube.com/watch?v=49fjeNmfscQ,,,2026-03-22T21:54:52.842Z,46.0,981.574,46.0
Introducing Base44’s Big Game Full Ad “It’s App to You”,https://www.youtube.com/watch?v=kLdaIxDM-_Y,,,2026-03-22T21:53:49.522Z,56.0,63.32,56.0
Shortened: 20251210_CLAY_NEW FEATURE_MSTR.mp4,https://www.youtube.com/watch?v=Bgz5O_JBWv8,,,2026-03-22T21:22:28.087Z,32.0,1881.435,32.0
He's back! Akademiks speaks on Ye's US Shows selling out in record time & Bully Album OTW,https://www.youtube.com/watch?v=qVsbxIK2PF0,King Akademiks,https://www.youtube.com/channel/UCg5iO7Pbg7f4gmufzOLD_zA,2026-03-22T21:21:48.467Z,887.0,39.62,39.62
Settlement reached! Akademiks on Livenation & Tickets reaching Settlement w DOJ over Monopoly trial!,https://www.youtube.com/watch?v=nTDHrsOTtZ4,King Akademiks,https://www.youtube.com/channel/UCg5iO7Pbg7f4gmufzOLD_zA,2026-03-22T21:21:45.674Z,1869.0,2.793,2.793
Immaculate drip! Akademiks reacts to AfroMan in court after getting sued by Police over this video,https://www.youtube.com/watch?v=yhmWFzKayp4,King Akademiks,https://www.youtube.com/channel/UCg5iO7Pbg7f4gmufzOLD_zA,2026-03-22T21:19:51.488Z,1820.0,114.186,114.186
Neural Networks Pt. 2: Backpropagation Main Ideas,https://www.youtube.com/watch?v=IN2XmBhILt4,StatQuest with Josh Starmer,https://www.youtube.com/channel/UCtYLUTtgS3k1Fg4y5tAhLbw,2026-03-22T21:12:20.507Z,1054.0,450.981,450.981
Coding a ChatGPT Like Transformer From Scratch in PyTorch,https://www.youtube.com/watch?v=C9QSpl5nmrY,StatQuest with Josh Starmer,https://www.youtube.com/channel/UCtYLUTtgS3k1Fg4y5tAhLbw,2026-03-22T21:10:36.766Z,1871.0,103.741,103.741
Unreal 5.3 - Real World Scale Landscape,https://www.youtube.com/watch?v=HG7QKuRCbOI,CGI Blast,https://www.youtube.com/channel/UC1c-g9YZ5ArULHVwxMWxrJA,2026-03-22T20:32:56.470Z,257.0,2260.296,257.0
Crimson Desert is crazy,https://www.youtube.com/watch?v=xYhOnhjbmcs,Asmongold TV  ,https://www.youtube.com/channel/UCQeRaTukNYft1_6AZPACnog,2026-03-22T19:38:21.939Z,15724.0,3274.531,3274.531
Everything That Happens in Season 7 | The King of Queens,https://www.youtube.com/watch?v=HKXc90CZedM,The King of Queens,https://www.youtube.com/channel/UCgtC-8z30M0B3O9fWnVwutA,2026-03-22T19:37:34.039Z,4555.0,47.9,47.9
Everything That Happens in Season 8 | The King of Queens,https://www.youtube.com/watch?v=XtSp4WfCHJw,The King of Queens,https://www.youtube.com/channel/UCgtC-8z30M0B3O9fWnVwutA,2026-03-22T19:29:48.550Z,3560.0,465.489,465.489
Everything That Happens in Season 6 | The King of Queens,https://www.youtube.com/watch?v=dzPuMoKs5Wo,The King of Queens,https://www.youtube.com/channel/UCgtC-8z30M0B3O9fWnVwutA,2026-03-22T18:46:31.387Z,2615.0,2597.163,2597.163
The Ultimate Beginner's Guide to Road Building in Cities Skylines 2 | UBG #2,https://www.youtube.com/watch?v=iaLcR3hYt7U,City Planner Plays,https://www.youtube.com/channel/UC8WAaaW2FnctRI9coYJoUdA,2026-03-22T17:43:43.090Z,3645.0,3768.297,3645.0
How to Edit Roads - Cities Skylines,https://www.youtube.com/watch?v=bIsHWXi9RxA,Sportsmonkey,https://www.youtube.com/channel/UC2CetDoIdrjGj6RPWPDsNrA,2026-03-22T17:43:26.322Z,13.0,16.768,13.0
The Kuminga Revenge Game #warriors ,https://www.youtube.com/watch?v=rn2yLX-SSGQ,Athletic Alchemy,https://www.youtube.com/channel/UC-iXtSUqL89NIDn1jANmAbw,2026-03-22T17:35:09.406Z,852.0,496.916,496.916
Why the speed of light is not an absolute limit,https://www.youtube.com/watch?v=B7Pc0LQHu38,Sabine Hossenfelder,https://www.youtube.com/channel/UC1yNl2E66ZzKApQdRuTQ4tw,2026-03-22T16:44:06.812Z,1147.0,3062.594,1147.0
Crimson Desert: 10 MISTAKES YOU SHOULDN'T MAKE,https://www.youtube.com/watch?v=lxKdIkV_8lw,gameranx,https://www.youtube.com/channel/UCNvzD7Z-g64bPXxGzaQaa4g,2026-03-22T16:35:36.218Z,1115.0,510.594,510.594
Ashes of Creation was a scam..,https://www.youtube.com/watch?v=QKuKXeTBXqM,Asmongold TV  ,https://www.youtube.com/channel/UCQeRaTukNYft1_6AZPACnog,2026-03-22T16:05:23.793Z,1066.0,1812.425,1066.0
I can't stop playing Crimson Desert,https://www.youtube.com/watch?v=XH4u0UoXgWE,Asmongold TV  ,https://www.youtube.com/channel/UCQeRaTukNYft1_6AZPACnog,2026-03-22T12:56:41.670Z,15457.0,11322.123,11322.123
Godfrey exposes Cynthia Erivo’s hatred for Black Americans,https://www.youtube.com/watch?v=70KcFmmw6Z8,Real tru history ,https://www.youtube.com/channel/UCW-2km-mvbh_SPKtOmLwAjw,2026-03-22T12:45:35.307Z,132.0,666.363,132.0
She Set The Record Straight 😭,https://www.youtube.com/watch?v=9WkEkGGn8EI,StompnWorld,https://www.youtube.com/channel/UCJ8LW5mfKP4WEDjoQQawUhg,2026-03-22T12:45:17.222Z,17.0,18.085,17.0
Crimson Desert can't be fixed..,https://www.youtube.com/watch?v=HkfylonZDhw,Asmongold TV  ,https://www.youtube.com/channel/UCQeRaTukNYft1_6AZPACnog,2026-03-22T12:37:56.370Z,931.0,440.852,440.852
Is 50 cent a fraud? Akademiks does a deep dive on 50 cent's most dangerous 🥩,https://www.youtube.com/watch?v=MsKhKtmD2rY,King Akademiks,https://www.youtube.com/channel/UCg5iO7Pbg7f4gmufzOLD_zA,2026-03-22T09:54:53.594Z,4930.0,9782.776,4930.0
Chat Y’all going? Akademiks speaks on the upcoming Jay Z shows at Yankee stadium & Roots Picnic 👀,https://www.youtube.com/watch?v=TvGAZBsHPNw,King Akademiks,https://www.youtube.com/channel/UCg5iO7Pbg7f4gmufzOLD_zA,2026-03-22T09:23:42.802Z,,1870.792,1870.792
Buddy Hield trying so hard to score vs Warriors has Steph and Kuminga laughing 😂,https://www.youtube.com/watch?v=5X1ESCFrDWk,Chaz NBA,https://www.youtube.com/channel/UChgDp_uE5PVqnpdV05xKOOA,2026-03-22T08:52:41.638Z,154.0,1861.164,154.0
He really thought that was going to work! Wait til the end 💀🤣,https://www.youtube.com/watch?v=3XeDAtxHxUk,The Funny Farm of Greenleaf,https://www.youtube.com/channel/UCGeEKILh3Hkkuno9SKjBTCQ,2026-03-22T04:53:52.693Z,25.0,14328.945,25.0
Secretary Bird vs African Cobra,https://www.youtube.com/watch?v=oBCuDMkradk,Animal Kingdom Life TV,https://www.youtube.com/channel/UCb4qxxoTOPopXqFDErWJV3g,2026-03-22T04:53:18.851Z,63.0,33.842,33.842
Eddie lives by his own rules,https://www.youtube.com/watch?v=A6aO3-TZjoY,SlinginRubber,https://www.youtube.com/channel/UCjCJz6qsNeawutgYQGJWiNA,2026-03-22T04:52:57.911Z,19.0,20.94,19.0
This quail hatched & said IM JUMPING!,https://www.youtube.com/watch?v=eaDMOXWwPPc,Carson | PortableMind,https://www.youtube.com/channel/UCJkRmbRv5sk9sTL1kZYeUnA,2026-03-22T04:52:53.527Z,42.0,4.384,4.384
Producer's Insane Hidden Ability | Bad Friends #120 w/ Bobby Lee & Andrew Santino,https://www.youtube.com/watch?v=7QlTLeANgCw,QuickieLee,https://www.youtube.com/channel/UCkuvG_b7LOqFMyZpChbLHbw,2026-03-22T04:52:41.286Z,30.0,12.241,12.241
This scallop is watching you! 👁️,https://www.youtube.com/watch?v=37OSxYqOj24,Curious as Hell,https://www.youtube.com/channel/UCy38OtTWhi8vabnv_VKUGVw,2026-03-22T04:52:26.647Z,9.0,14.639,9.0
Grays not messing around 😂 #viral #funny #reccomended #entertainment #funnyvideo #shorts #fyp #reel,https://www.youtube.com/watch?v=j6yJ9kxBTL8,Angel398,https://www.youtube.com/channel/UChFoxCbkBi43n1y76XgnGSA,2026-03-22T04:52:11.460Z,19.0,15.187,15.187
What Happens If You Mix The BLACKest Black With The WHITEST White? ⚫⚪🤯 #shorts,https://www.youtube.com/watch?v=9KI248bLmjo,Liam Chase,https://www.youtube.com/channel/UCaDsPmFKt6ZFsS50Blu7P0A,2026-03-22T04:51:45.164Z,25.0,26.296,25.0
Bro was about to Jump in? #fyp #funny #shorts #memes #memesdaily #funnyshorts #meme #reels #animals,https://www.youtube.com/watch?v=RwPtL3NI-pA,TheFatMemes,https://www.youtube.com/channel/UCx15xO8SnB1S99Ms-lgGkyQ,2026-03-22T04:51:18.589Z,14.0,26.575,14.0
Goose Vs Hippo 😂 #shorts,https://www.youtube.com/watch?v=dhKmvq9ATT8,Mad Gunny,https://www.youtube.com/channel/UC9vOqdyKSxFnmnvj8EN6XTw,2026-03-22T04:50:24.815Z,38.0,53.774,38.0
Maybe it’s better to stay off the road if you can’t see a semi coming. #trucking #truckdriver,https://www.youtube.com/watch?v=LqXrKxerUBs,Alan Trucker,https://www.youtube.com/channel/UCAZsbuGKeCE1CXXlVheSXvQ,2026-03-22T04:49:48.428Z,7.0,36.387,7.0
Home inspection #homeinspection #homeinspector #renovation #diy #electrician #electrical #realestate,https://www.youtube.com/watch?v=CGEgJsZKgS8,USA Inspection ,https://www.youtube.com/channel/UC3EKiyK5w9Kc4XM7orS4DlA,2026-03-22T04:49:34.215Z,13.0,14.213,13.0
Stealth Level: 100 🥷 #shorts #octopus #ocean,https://www.youtube.com/watch?v=lmRYiMA7IM4,Mali NYX,https://www.youtube.com/channel/UCkhbif3wUqgHcX9cW7FCW_g,2026-03-22T04:49:02.092Z,7.0,32.123,7.0
@a16ig60ss: Ayo come here #dog #doglover,https://www.youtube.com/watch?v=gBcIfukP5wA,Dog Happy World,https://www.youtube.com/channel/UCqjXfaRh3LC7Yju2xnRFAOg,2026-03-22T04:48:33.536Z,10.0,28.556,10.0
Bro absolutely did not deserve that 😭 #funny,https://www.youtube.com/watch?v=CX3G1vP3Mhc,Reaper Highlights,https://www.youtube.com/channel/UCnG9jUBgsP4Z41ucqA9Aj6Q,2026-03-22T04:48:27.548Z,11.0,5.988,5.988
Bees Can Die From Too Much Honey (Here's How We Save Them) #beekeeping #bees,https://www.youtube.com/watch?v=zt4dp194iwk,Manukora,https://www.youtube.com/channel/UCdPrv_fVUl_NWlPFxsCk5qQ,2026-03-22T04:47:49.731Z,16.0,37.817,16.0
first timers #funny #funnycat #catnipcraze,https://www.youtube.com/watch?v=HFrvrQ18-z0,Catsanddogsmemes,https://www.youtube.com/channel/UCV7LSxp1NUkoL8c3fEcafug,2026-03-22T04:47:13.637Z,35.0,36.094,35.0
Cat warming itself by the fire #animal #cat #cute,https://www.youtube.com/watch?v=VE0bpQd_X3c,Yuki Watanabe,https://www.youtube.com/channel/UCEOOKwbI5o2LyskMPVAQgZw,2026-03-22T04:46:58.743Z,60.0,14.894,14.894
When a Chipmunk Gets in the Way (@ella.catherine.youd),https://www.youtube.com/watch?v=fJtCtkfu-MY,Attians,https://www.youtube.com/channel/UC4RSieengErOMDrgElKHJJw,2026-03-22T04:46:53.860Z,26.0,4.883,4.883
Mechanics Don't Want You To Know This,https://www.youtube.com/watch?v=2vG2t9sX_c8,Exotic Rubber,https://www.youtube.com/channel/UC4MQ2QuGjMNLbUZH2CFQl9Q,2026-03-22T04:46:45.115Z,8.0,8.745,8.0
I Have Soo Many Questions!,https://www.youtube.com/watch?v=FxgCmjm7PDA,Critical,https://www.youtube.com/channel/UC6Ogd-jIOZq3eRGfIi22DsQ,2026-03-22T04:46:40.696Z,30.0,4.419,4.419
THE ODDS OF THIS CRAWFISH EXISTING IS .0001%,https://www.youtube.com/watch?v=JNuSd9MZYS0,Gus_The_Bass,https://www.youtube.com/channel/UC-L81FotWBnmnz6ajNcQKNA,2026-03-22T04:45:25.500Z,61.0,75.196,61.0
Skyrim on VR Treadmill & First Playthrough,https://www.youtube.com/watch?v=b2sgXZ2ol_M,SenseiTenacity,https://www.youtube.com/channel/UChjdEzEEV-Do2fnqOg1Dp5Q,2026-03-22T04:45:22.440Z,6336.0,3.06,3.06
She thought she beat the game | Elden Ring,https://www.youtube.com/watch?v=yqUXSfgf7-E,SkyraStyles,https://www.youtube.com/channel/UCadvaI4UM2SUosWzCkiKnrA,2026-03-22T04:45:18.458Z,33.0,3.982,3.982
#fypシ゚viral #funnyshorts #instagram #youareoneofakind #virlfunnyvideo #lionking,https://www.youtube.com/watch?v=zj2XUoNDzyE,BCBSAVAGE,https://www.youtube.com/channel/UC7awihE0U9FGfSyye521N7Q,2026-03-22T04:44:06.028Z,23.0,72.43,23.0
#angst ⏰,https://www.youtube.com/watch?v=-Ng7EEq5PMo,DAL3XA BONES,https://www.youtube.com/channel/UCHDE-Hu16JeqyqQ7aDiA9AA,2026-03-22T04:43:47.219Z,11.0,18.809,11.0
https://www.youtube.com/watch?v=eF6GJzmoZBw,https://www.youtube.com/watch?v=eF6GJzmoZBw,,,2026-03-22T04:43:41.778Z,,5.441,5.441
✨Luxury Home ✨#newconstruction #homeinspection #newbuild #newhome #realtor @topdonusa,https://www.youtube.com/watch?v=hnZq0T3TzwE,AIM Home Inspections Tx,https://www.youtube.com/channel/UCYmOrQ8IVualmlKrWqqzOKA,2026-03-22T04:42:19.992Z,132.0,81.786,81.786
The Stargazer is LITERALLY built different,https://www.youtube.com/watch?v=jNtZxTLAFtM,Odd Danny,https://www.youtube.com/channel/UCeK0WJYG2MuFoueQBNZnjdg,2026-03-22T04:42:09.936Z,43.0,10.056,10.056
That’s not waking up anyone 😩,https://www.youtube.com/watch?v=acU8Le4KYsU,How Rich Are They?,https://www.youtube.com/channel/UCV3uNO1h3IJ2QyJaCOgM6ug,2026-03-22T04:42:08.466Z,18.0,1.47,1.47
Jellybean-Sized Baby #kangaroo #animalfacts  #animals,https://www.youtube.com/watch?v=FP9Eb-RNuCM,Snugbarn,https://www.youtube.com/channel/UCTaoFdNdSSgyd1qYwF9z67g,2026-03-22T04:42:05.408Z,61.0,3.058,3.058
when the frog is still hungry… #frog #pets #animals #reptiles,https://www.youtube.com/watch?v=RbeibWOHJBI,Jessica’s Animal Friends,https://www.youtube.com/channel/UCZkZC1GF5k37Gxy6V3octSw,2026-03-22T04:41:57.627Z,39.0,7.781,7.781
#dog,https://www.youtube.com/watch?v=gMHshPt9sqg,Jell Mingling,https://www.youtube.com/channel/UCNmnkt8A9DnAoer_Tps5u5w,2026-03-22T04:41:51.260Z,49.0,6.367,6.367
How do seals sleep underwater? The secret is wild! 🌊😴#animals #science #shortfeed #funny #seal,https://www.youtube.com/watch?v=7tD5OKHD1mo,Purrfectly,https://www.youtube.com/channel/UCd8rbT7_-87dVo-vmeRSzGg,2026-03-22T04:40:49.884Z,61.0,61.376,61.0
Humorous moments with animals.,https://www.youtube.com/watch?v=ECIt815offg,sdfhhbvc,https://www.youtube.com/channel/UCNdcHtNT8ks72KDyWtomPrw,2026-03-22T04:40:47.636Z,16.0,2.248,2.248
Here to ruin your favourite tunes 💁🏼‍♀️ #guitar,https://www.youtube.com/watch?v=VBuwKGGBy-A,Alexandra Whittingham,https://www.youtube.com/channel/UCmDGLNF7RJflc_1H2c2GLTw,2026-03-22T04:40:42.111Z,32.0,5.525,5.525
$990k New final construction  & home inspection 🏠 #homeinspection #inspector #newconstruction,https://www.youtube.com/watch?v=XxW0vjxzLt0,jacksonconstruction0,https://www.youtube.com/channel/UC-ezh0Yazahx9XZtGGI6V2A,2026-03-22T04:39:28.375Z,71.0,73.736,71.0
Sweet or spicy Show us your parrot! 🦜#parrot#funnyanimals#bird#pet,https://www.youtube.com/watch?v=KCRHtSZlGJE,Brilhante Liberatore,https://www.youtube.com/channel/UCqIxwFF15OrBfbDeoOzr_EQ,2026-03-22T04:39:23.640Z,86.0,4.735,4.735
What Kind of Bird Is This? #animals #wildlife #animalfacts #birds,https://www.youtube.com/watch?v=5NPAItc5Slw,Animal Kingdom Stories,https://www.youtube.com/channel/UCi2RDj5mt5B4MfBtnS-a-jQ,2026-03-22T04:38:17.731Z,68.0,65.909,65.909
The Gentle Golden Snub-Nosed Monkey: Nature’s Most Polite Primate,https://www.youtube.com/watch?v=zIlXJByup48,LearnWithYourUncle,https://www.youtube.com/channel/UCHKqvvJcc8QWpU0xf4vqudQ,2026-03-22T04:37:24.979Z,32.0,52.752,32.0
What is this AI? ￼,https://www.youtube.com/watch?v=7h9h_EUHgYg,Nova strike,https://www.youtube.com/channel/UCysDrzW8Wz5uzvEx68brkvQ,2026-03-22T04:37:23.415Z,,1.564,1.564
🔴Food Live🔴,https://www.youtube.com/watch?v=2F3txrSpoGk,Street Food Stall Live,https://www.youtube.com/channel/UCsPDT4js2prlEVLYX0KoLnA,2026-03-22T04:37:21.059Z,12447.0,2.356,2.356
OMG 🥺❤️ #shorts #lakebaikal #nerpa,https://www.youtube.com/watch?v=obMeDViDics,Michaela Carrot,https://www.youtube.com/channel/UCxwxH5564nb3lB3H_pzfhJg,2026-03-22T04:36:43.283Z,41.0,37.776,37.776
The way the dogs kept eyeing the stick 😭,https://www.youtube.com/watch?v=2p9H7rizPQQ,Betch,https://www.youtube.com/channel/UCdkQzfvvGV5BdVmsPUNi4Dw,2026-03-22T04:36:18.815Z,21.0,24.468,21.0
5 Amazing Things You Never Knew About Owls!#animals #funny #science #shortfeed #owl,https://www.youtube.com/watch?v=ADwjYURTt9w,Purrfectly,https://www.youtube.com/channel/UCd8rbT7_-87dVo-vmeRSzGg,2026-03-22T04:35:18.073Z,60.0,60.742,60.0
#angst 💐,https://www.youtube.com/watch?v=Yi2pNrxPEtE,DAL3XA BONES,https://www.youtube.com/channel/UCHDE-Hu16JeqyqQ7aDiA9AA,2026-03-22T04:34:55.951Z,8.0,22.122,8.0
Farm animal reaction test#animalreaction #cuteanimals #farmlife #farmtest #fyp,https://www.youtube.com/watch?v=BD0AxBhpK7U,Harry Sharona,https://www.youtube.com/channel/UC4dBl4lih9cJZjhxHjpBhzA,2026-03-22T04:33:56.397Z,56.0,59.554,56.0
This mama has hatched 28 babies in 10 months!!,https://www.youtube.com/watch?v=qf97FlUdmyc,bhomeliving,https://www.youtube.com/channel/UCh-0cqg2Bvezc_3FRj62jbw,2026-03-22T04:32:35.744Z,102.0,80.653,80.653
Cats are imitators.#funnycats #cat #petvideos #funnyanimals #catshorts #cats #funny #funnycats,https://www.youtube.com/watch?v=Jw6LKgH7r3A,giggle tv ,https://www.youtube.com/channel/UCAtAAyRV4iOA7a47V-38l9g,2026-03-22T04:32:15.135Z,88.0,20.609,20.609
When you are committed to your role 🎶,https://www.youtube.com/watch?v=wBRXX7SCQnk,Tracy Silverman,https://www.youtube.com/channel/UCkzPCptdJnjG61-rScG5_Jg,2026-03-22T04:32:07.535Z,25.0,7.6,7.6
A clingy cat🥰#funnycats#cutecats#viral#fyp,https://www.youtube.com/watch?v=IiTHHqbR90w,Burli&Tosun,https://www.youtube.com/channel/UCErND3dCV1d1Mm1ZpT4uuFg,2026-03-22T04:31:24.531Z,34.0,43.004,34.0
When cows start talking back 🐄😂#TalkingCow #CowTalk #FarmAnimals  #FunnyAnimals #CowLife,https://www.youtube.com/watch?v=ihFcrJMGIDI,Wildly Funny,https://www.youtube.com/channel/UCnRr15AVpX6JlsSRq-sb4aA,2026-03-22T04:30:11.788Z,63.0,72.743,63.0
Phillies land All-Star closer Jhoan Duran ahead of MLB trade deadline 👀🔥,https://www.youtube.com/watch?v=YzIc6NdxcKc,yahui88,https://www.youtube.com/channel/UC2GHNSJsu5_aOh0tfEdy2Tg,2026-03-22T04:30:02.162Z,59.0,9.626,9.626
This chicken deserves an Oscar..🏆🐓 #funny #chicken #animals #foryou #farmlife,https://www.youtube.com/watch?v=fnlIx4TbO3g,Pet.mp4,https://www.youtube.com/channel/UCTGTXJT5Sucp44tjXkhTmWw,2026-03-22T04:29:05.443Z,63.0,56.719,56.719
This starling can copy ANY sound 🐦‍⬛ #funny #foryou #animals #cute,https://www.youtube.com/watch?v=aw8DhzLkNQU,Sanjay G,https://www.youtube.com/channel/UC6tbonulU8dM792_LPGCG5g,2026-03-22T04:28:33.564Z,59.0,31.879,31.879
Greedy Cat🤣,https://www.youtube.com/watch?v=unRQAf8eTCk,Funnycats,https://www.youtube.com/channel/UC0xXsTglspiMP6lwN18jU8w,2026-03-22T04:26:45.706Z,70.0,107.858,70.0
#blackcats #funnycats #catsof#fyp #foryou,https://www.youtube.com/watch?v=XQtJ0KDFnJs,Lorquet Pescatore,https://www.youtube.com/channel/UCn5NOgiY_m1Xu2BN0xY7e0g,2026-03-22T04:26:21.163Z,51.0,24.543,24.543
Catnip 🐱🐱😂 #foryou #usa #cat #pets #funny #funnyvideo #haha,https://www.youtube.com/watch?v=LgY5Mn4RSZU,Dũng Lê,https://www.youtube.com/channel/UCxPphmf-Q_ipSZRbEH61bzw,2026-03-22T04:25:14.535Z,60.0,66.628,60.0
Tommy the octopus opens a red jar!,https://www.youtube.com/watch?v=LUiyke2CELk,JBToday,https://www.youtube.com/channel/UCdKTTwiMJmI5f6wyz0TWFgA,2026-03-22T04:23:49.699Z,46.0,84.836,46.0
Phillies land All-Star closer Jhoan Duran ahead of MLB trade deadline 👀🔥,https://www.youtube.com/watch?v=i8oiXmacCH8,dunvf,https://www.youtube.com/channel/UCpM9Xe7qr1am72DHR3aMMgA,2026-03-22T04:22:35.374Z,58.0,74.325,58.0
Making a new feathered friend 🦅💛#funny #animallife #funnyanimal #animals #hawk #hawks #cute,https://www.youtube.com/watch?v=hT1mo3RbvIo,Pet.mp4,https://www.youtube.com/channel/UCTGTXJT5Sucp44tjXkhTmWw,2026-03-22T04:21:34.639Z,60.0,60.735,60.0
QUIZ TEST! Can you Solve it?🤔,https://www.youtube.com/watch?v=K-zgBjPyQ_c,First generation farmer ,https://www.youtube.com/channel/UCHi53OCY5N4yb7lOMQ4T-8A,2026-03-22T04:21:32.174Z,42900.0,2.465,2.465
I love horse😂😂😂#animal#horse#funny#fyp,https://www.youtube.com/watch?v=MrCcAz0jInc,Animal.wonderlands,https://www.youtube.com/channel/UCOgzyhFXMQgXu7uzIc80lBA,2026-03-22T04:20:17.328Z,66.0,74.846,66.0
When you dog wants attention #fouryou #funny #dog#dogs#funnymoments #funnyvideo #funnydog#fyp#pets,https://www.youtube.com/watch?v=0-2BWfhGW5s,Nancy Manning,https://www.youtube.com/channel/UCD-c2RojU-x6X22ikjdAH9g,2026-03-22T04:18:30.391Z,99.0,106.937,99.0
Episode 90:Dog Distribution System🐶🥰#dog#funny#funnyanimals#funnypets#animals  #pet #foryou,https://www.youtube.com/watch?v=0VxbRMonNzY,Puppylovestoplay6,https://www.youtube.com/channel/UCzs1qINTlJFElrNyHfeEo3A,2026-03-22T04:17:28.607Z,51.0,61.784,51.0
Seeing Jesus Would Have Us Shook! #meme #christianhumor #funny #church,https://www.youtube.com/watch?v=IgS-rGfWFtw,EQUATION CHURCH GREENSBORO,https://www.youtube.com/channel/UCsmoDCxJ0Od8-sPuDCnYvwA,2026-03-22T04:16:11.951Z,14.0,76.656,14.0
"When your horse got bigger ideas than you do, how to deal? 🐴🤣 #horse #funny #farm #fyp",https://www.youtube.com/watch?v=0JYFLFf1BWA,Chloe katte,https://www.youtube.com/channel/UCn8g6gwWWMyc6jYbXhNphNQ,2026-03-22T04:14:26.980Z,89.0,104.971,89.0
TF You Mean “Ok Next”🙆‍♂️,https://www.youtube.com/watch?v=04Kw1f_NPNo,BWFMEDIA TV,https://www.youtube.com/channel/UC8_wxX0GLhTWNPXgv06YbUw,2026-03-22T04:14:15.468Z,8.0,11.512,8.0
Ranking Best Pets Voice Over. #shorts,https://www.youtube.com/watch?v=DOCs0TH-YS8,Critem,https://www.youtube.com/channel/UC-SUtSkP4M_KPXDqUU5Nsvw,2026-03-22T04:14:12.892Z,,2.576,2.576
Cats understand English #funnyvideo #cat #funnycats,https://www.youtube.com/watch?v=bHxXJDgwChA,Robby Ladeveze,https://www.youtube.com/channel/UCs7NV8pr7x_rQk7ZYI9xqAQ,2026-03-22T04:13:02.158Z,63.0,70.734,63.0
Giving your toddler medicine be like... 🤣 (🎥: Collab),https://www.youtube.com/watch?v=cnhOOyYfMfg,LADbible Shorts,https://www.youtube.com/channel/UCflpy-GNxlahbdRdN5CRUsA,2026-03-22T04:12:52.400Z,14.0,9.758,9.758
Dinner with Shadow and Chance 💚 #dogs,https://www.youtube.com/watch?v=BtwHwCBXGCg,Citizen K9,https://www.youtube.com/channel/UC48uH9Y_N38nKq35H4x7vdw,2026-03-22T04:12:45.982Z,28.0,6.418,6.418
https://www.youtube.com/watch?v=-gMdOpMdEi0,https://www.youtube.com/watch?v=-gMdOpMdEi0,,,2026-03-22T04:12:43.290Z,,2.692,2.692
The fridge meme😭 #shorts,https://www.youtube.com/watch?v=2qFD7gQQq-I,DailyContent,https://www.youtube.com/channel/UClv4DZ0BetxZf-kgFQrHP8w,2026-03-22T04:12:39.502Z,19.0,3.788,3.788
That’s awkward silence at the end is everything 😂😂😂 #funny #comedy #reaction #funnyclips #viral,https://www.youtube.com/watch?v=MfhgnCPbCWU,Vibes On Vibes,https://www.youtube.com/channel/UCwWgV8LkCsV_If9XKZJxqxQ,2026-03-22T04:11:35.998Z,45.0,63.504,45.0
Crazy Emu 😳#emu #petsof #emulife #fyp #dinosaur,https://www.youtube.com/watch?v=_D0xWLO1DJg,PawPatrolChaosUnit,https://www.youtube.com/channel/UCw8cARYQIxMoVGY4CXzABxg,2026-03-22T04:10:08.226Z,69.0,87.772,69.0
filling the gap,https://www.youtube.com/watch?v=KsVHKIvybUE,BIGNELLY ,https://www.youtube.com/channel/UCMPyD-ZzCgg3ddqHxRbpYlA,2026-03-22T04:09:57.851Z,29.0,10.375,10.375
I wasn’t expecting this ending 💀😭,https://www.youtube.com/watch?v=0v9AEhfDs3A,Outstanding Screenplays,https://www.youtube.com/channel/UCjdvPP6bIMctgtP4fa7XXvA,2026-03-22T04:08:40.938Z,45.0,76.913,45.0
did she suddenly realize that was not her human? 😂,https://www.youtube.com/watch?v=PJGJsdjYenU,Catzhub,https://www.youtube.com/channel/UCegfdq_piZGMYhpcJR56CZA,2026-03-22T04:06:57.750Z,31.0,103.188,31.0
https://www.youtube.com/watch?v=DZ-3YEtwybE,https://www.youtube.com/watch?v=DZ-3YEtwybE,,,2026-03-22T04:06:54.594Z,,3.156,3.156
huskies being huskies moments part 1 #husky #pets #funny #huskylife #siberianhusky 1 sub = 1 husky,https://www.youtube.com/watch?v=CKy9r6REvis,Curteanu,https://www.youtube.com/channel/UCbDptJ3E793N6IcOrSkEmpA,2026-03-22T04:05:10.638Z,75.0,103.956,75.0
cutest dogs ever@ beverlydadog,https://www.youtube.com/watch?v=rf7BqBGeQ_0,partytimesol ,https://www.youtube.com/channel/UCG1iZBc-s9XibWuieOfTlcg,2026-03-22T04:05:07.759Z,15.0,2.879,2.879
Sean Lock and Jon Richardson's legendary carrot in a box showdown | 8 Out Of 10 Cats,https://www.youtube.com/watch?v=w1zmqqMWvIc,8 Out of 10 Cats,https://www.youtube.com/channel/UCZ-8sxV1bMxJlm-e1dJNYVw,2026-03-22T04:05:05.290Z,169.0,2.469,2.469
"Comment below, dubs or subs? 😂 #shorts #anime #fyp #animeshorts",https://www.youtube.com/watch?v=R6p_zsCdHHM,Esa Fungtastic,https://www.youtube.com/channel/UCYFz01SPEb02dLgFYx0Fdpg,2026-03-22T04:05:04.102Z,18.0,1.188,1.188
Venus vs phone🙀😂 #cat #fyp #pets,https://www.youtube.com/watch?v=MDvah0WsrAA,Venüs the Turkish cat,https://www.youtube.com/channel/UCJS_kjfWR2jc69HXNgWayPg,2026-03-22T04:04:58.177Z,19.0,5.925,5.925
Is that all you people think about? | Jewish Comedy #history #comedy #thosewerethedays,https://www.youtube.com/watch?v=hqbdwOZWUOk,David Rose,https://www.youtube.com/channel/UCHoUDkYpDWI7k1wxOCAcgeg,2026-03-22T04:04:46.391Z,36.0,11.786,11.786
My cat was showing my husband who the boos is… #bossmoves #stitch #shorts,https://www.youtube.com/watch?v=Q30K790IjB0,KARAH D.,https://www.youtube.com/channel/UCSqwi4v1U1pVMj_j9j0BMgg,2026-03-22T04:04:16.484Z,22.0,29.907,22.0
Keira enjoying the sun with her new hair cut. 🐩❤️🐾#shihpoo #shihtzu #doggybestfriend #cutepuppy,https://www.youtube.com/watch?v=kAm23IAEB7k,KeiraJadeTheShihPoo,https://www.youtube.com/channel/UCb6R1TyrXKgF2eipSL5jdAg,2026-03-22T04:04:14.994Z,43.0,1.49,1.49
Dad prank daughter with fake interview,https://www.youtube.com/watch?v=Q5xDT9tbLMo,Daily Inspiration ,https://www.youtube.com/channel/UCJLU6iXUqSzGQg1rGRn5OEg,2026-03-22T04:04:06.798Z,60.0,8.196,8.196
Vince Carter remembers his ‘Dunk of Death’ 😳,https://www.youtube.com/watch?v=ecIE6henFVI,thekickclub,https://www.youtube.com/channel/UCSYrTQxtlx9Y6htj6YtuEKA,2026-03-22T04:04:00.143Z,62.0,6.655,6.655
Feel good video of the day |  via @_johnnyringer_,https://www.youtube.com/watch?v=OXOn-BHXZ_8,Let's Skate Dude!,https://www.youtube.com/channel/UCuVh9YhAzPbdpP2dGKSxc9A,2026-03-22T04:03:52.782Z,61.0,7.361,7.361
When the dog hears “go for a walk”…#foryourpage #dogvideo #dog #funnydog #dogs,https://www.youtube.com/watch?v=Ua-5IeDWOzs,OooDogLllove,https://www.youtube.com/channel/UCZtY8iLpzxVzUpWKjMWh-qA,2026-03-22T04:01:46.562Z,62.0,126.22,62.0
The narrator is the main character 🤣#funny #fyp #foryou #fypシ,https://www.youtube.com/watch?v=0OLMmcS0eWU,Matt Sowards,https://www.youtube.com/channel/UC3yXq9Wo1pCgeEU4xZNcsDQ,2026-03-22T04:01:34.596Z,60.0,11.966,11.966
wtf is happening to the job market? 💔 #jobsearch #economy,https://www.youtube.com/watch?v=3Jr5STld31Q,Reel Adam,https://www.youtube.com/channel/UC4UkrZEvavJrbGFqemLIAQg,2026-03-22T04:01:32.961Z,15.0,1.635,1.635
I remember 2007 like it was yesterday - #pokemon #tiktok #skit #dokidokiliteratureclub #persona,https://www.youtube.com/watch?v=ceOe4BwzQVA,Hey Bro!! Video Games,https://www.youtube.com/channel/UCef-Ecajb7TpfqQiJjRQ84g,2026-03-22T04:01:27.335Z,20.0,5.626,5.626
Jack Harlow making enemies while I make friends #jackharlow #monica #standup #comedy #standupcomedy,https://www.youtube.com/watch?v=wBH6u3-yYe4,Zach Mama,https://www.youtube.com/channel/UCgtXOolI1DUG3GmxwnOK1Iw,2026-03-22T03:59:36.409Z,92.0,110.926,92.0
Why Flame Tunes Are Terrible For Your Car,https://www.youtube.com/watch?v=DJ2Dyb3SGDA,Raw Engines Talk,https://www.youtube.com/channel/UC6GqcLJebQyysxGFaDjgozQ,2026-03-22T03:59:16.155Z,35.0,20.254,20.254
Joe is the Worst Dad - Impractical Jokers #funny #shorts,https://www.youtube.com/watch?v=gO1rR19DE8s,Jokers On Loop,https://www.youtube.com/channel/UCbZ4htthr_R_68CetJ910GQ,2026-03-22T03:58:13.638Z,52.0,62.517,52.0
Appa boy🤣❤️ #dogshorts #adorably #dogbreed #pets #adoreble #pomchipuppy #puppy,https://www.youtube.com/watch?v=pkKGcM2b314,Appaslittleworld,https://www.youtube.com/channel/UCznvkYX3HodG6ziUnQDunsg,2026-03-22T03:58:05.119Z,9.0,8.519,8.519
Classic #108,https://www.youtube.com/watch?v=TBMalVidJCU,Xarxes,https://www.youtube.com/channel/UC2ZT1gXbvpMt-hb-A69ZXLQ,2026-03-22T03:55:47.823Z,26.0,137.296,26.0
Enjoying Some Crunchies #cute #cat,https://www.youtube.com/watch?v=YytwAyZj6_8,The Mad Katter,https://www.youtube.com/channel/UCTls1stRjdfmaGLzvOoXOvw,2026-03-22T03:53:59Z,21.0,108.823,21.0
This Is Gold 😭,https://www.youtube.com/watch?v=kYPhZZpSPh4,StompnWorld,https://www.youtube.com/channel/UCJ8LW5mfKP4WEDjoQQawUhg,2026-03-22T03:52:50.860Z,54.0,68.14,54.0
Conspiracy Brother Mentality. #shorts #davechappelle #mentality,https://www.youtube.com/watch?v=002lwTnxrPg,Fantastic Mario,https://www.youtube.com/channel/UCYxbvoK4sLJA5DFcijzp5RQ,2026-03-22T03:51:45.020Z,79.0,65.84,65.84
The viral Kevin James meme from 'King of Queens'! Hear the story behind the iconic photo #KevinJames,https://www.youtube.com/watch?v=OzgX_uAZbHI,SONI AI LAB,https://www.youtube.com/channel/UCUZuDLX0Gl6teMwBr2Mx07A,2026-03-22T03:50:53.067Z,48.0,51.953,48.0
Everything About Calculus Explained Slowly For Sleep,https://www.youtube.com/watch?v=iyux-TVToRU,Bub Explains,https://www.youtube.com/channel/UCuDUP15RMVaHsZ-ln9SyYqg,2026-03-22T03:48:23.910Z,8004.0,149.157,149.157
The Best of Danny Heffernan | The King of Queens,https://www.youtube.com/watch?v=PFRpshWftGM,The King of Queens,https://www.youtube.com/channel/UCgtC-8z30M0B3O9fWnVwutA,2026-03-22T03:47:29.806Z,1520.0,54.104,54.104
"Golden State Warriors vs Atlanta Hawks Full Game Highlights | Mar 21, 2026 | FreeDawkins",https://www.youtube.com/watch?v=_f24fupzYrc,FreeDawkins,https://www.youtube.com/channel/UCEjOSbbaOfgnfRODEEMYlCw,2026-03-22T03:46:16.378Z,621.0,73.428,73.428
Traffic Fixing Takes on a Whole New Meaning With This New Addition!,https://www.youtube.com/watch?v=WjxP7dFISfw,Biffa Plays Indie Games,https://www.youtube.com/channel/UCYzO4HZxgXc2UJQD5bIo8AQ,2026-03-22T03:08:22.723Z,2572.0,2273.655,2273.655
"City Stations, Office Evolution & The BEST Cities Skylines 2 Update Yet!",https://www.youtube.com/watch?v=v_l5PnUYL9g,Biffa Plays Indie Games,https://www.youtube.com/channel/UCYzO4HZxgXc2UJQD5bIo8AQ,2026-03-22T03:08:01.087Z,2562.0,21.636,21.636
Best of Carrie! | Marathon | The King of Queens,https://www.youtube.com/watch?v=z_tUrvsh6VM,The King of Queens,https://www.youtube.com/channel/UCgtC-8z30M0B3O9fWnVwutA,2026-03-22T02:56:09.842Z,4667.0,711.245,711.245
❗️MARATHON❗️| Celebrating Arthur Spooner | The King of Queens,https://www.youtube.com/watch?v=OhWrIRcpMyE,The King of Queens,https://www.youtube.com/channel/UCgtC-8z30M0B3O9fWnVwutA,2026-03-22T02:40:49.779Z,7063.0,920.063,920.063
Ron Swanson Cold Opens that Stole the Show,https://www.youtube.com/watch?v=usYiHCttRJM,Parks and Recreation,https://www.youtube.com/channel/UC084FSD0cO4ZOS5SonULRCQ,2026-03-22T01:58:40.045Z,2387.0,2529.734,2387.0
"Joe Rogan ROASTS Erika Kirk CRAZY EYES, TPUSA Files Cease And DESIST Over Conspiracy",https://www.youtube.com/watch?v=mgopCUA1Z6E,Tim Pool,https://www.youtube.com/channel/UCG749Dj4V2fKa143f8sE60Q,2026-03-22T01:51:14.258Z,1890.0,445.787,445.787
This instantly backfired..,https://www.youtube.com/watch?v=sBTjO31jebs,Asmongold Clips,https://www.youtube.com/channel/UCMwJJL5FJFuTRT55ksbQ4GQ,2026-03-22T01:48:58.218Z,157.0,136.04,136.04
When you try not to laugh in a serious situation,https://www.youtube.com/watch?v=h-oGrUEvalY,Tra Rags,https://www.youtube.com/channel/UCNekbFtp9zsI-lE_OCHpq_w,2026-03-22T01:17:37.279Z,86.0,1880.939,86.0
The Best of Spence | The King of Queens,https://www.youtube.com/watch?v=Ra95maLFcls,The King of Queens,https://www.youtube.com/channel/UCgtC-8z30M0B3O9fWnVwutA,2026-03-22T01:08:19.231Z,1269.0,558.048,558.048
WILDEST Moments of All Time! | The King of Queens,https://www.youtube.com/watch?v=VticCywhB9k,The King of Queens,https://www.youtube.com/channel/UCgtC-8z30M0B3O9fWnVwutA,2026-03-22T00:57:01.114Z,2392.0,678.117,678.117
Everything That Happens in Season 3 | The King of Queens,https://www.youtube.com/watch?v=RYdyXZsNijE,The King of Queens,https://www.youtube.com/channel/UCgtC-8z30M0B3O9fWnVwutA,2026-03-22T00:05:06.406Z,3133.0,3114.708,3114.708
Coding a ChatGPT Like Transformer From Scratch in PyTorch,https://www.youtube.com/watch?v=C9QSpl5nmrY,StatQuest with Josh Starmer,https://www.youtube.com/channel/UCtYLUTtgS3k1Fg4y5tAhLbw,2026-03-21T22:36:13.969Z,1871.0,5332.437,1871.0
I can't stop playing Crimson Desert,https://www.youtube.com/watch?v=XH4u0UoXgWE,Asmongold TV  ,https://www.youtube.com/channel/UCQeRaTukNYft1_6AZPACnog,2026-03-21T22:08:09.975Z,15457.0,1683.994,1683.994
BATTERAM HYMN OF THE POLICE WHISTLE BLOWER,https://www.youtube.com/watch?v=HM8Ee6pcXvQ,ogafroman,https://www.youtube.com/channel/UCOMyvChDhKil0KvJoIHyx6Q,2026-03-21T20:02:10.930Z,318.0,7559.045,318.0
bbno$ is done..,https://www.youtube.com/watch?v=gIKhyMuNoxw,Asmongold TV  ,https://www.youtube.com/channel/UCQeRaTukNYft1_6AZPACnog,2026-03-21T16:27:39.043Z,1581.0,12871.887,1581.0
"[FREE] Hoodtrap Type Beat ""MOSCOW"" | Nemzzz Beat 2026",https://www.youtube.com/watch?v=JFInt2UzLlg,ThugStage Beats,https://www.youtube.com/channel/UCBr8ZyV_dPL73cL4eLkResg,2026-03-21T16:12:04.342Z,159.0,934.701,159.0
Is 50 cent a fraud? Akademiks does a deep dive on 50 cent's most dangerous 🥩,https://www.youtube.com/watch?v=MsKhKtmD2rY,King Akademiks,https://www.youtube.com/channel/UCg5iO7Pbg7f4gmufzOLD_zA,2026-03-21T15:09:22.723Z,4930.0,3761.619,3761.619
Crimson Desert (console) - Before You Buy,https://www.youtube.com/watch?v=lDu1FZ5u4N4,gameranx,https://www.youtube.com/channel/UCNvzD7Z-g64bPXxGzaQaa4g,2026-03-21T14:58:10.053Z,707.0,672.67,672.67
People are freaking out now..,https://www.youtube.com/watch?v=hUSktvYmBBs,Asmongold Clips,https://www.youtube.com/channel/UCMwJJL5FJFuTRT55ksbQ4GQ,2026-03-21T14:35:01.879Z,157.0,1388.174,157.0
There's been a situation..,https://www.youtube.com/watch?v=tkWBPbU9j1g,Asmongold TV  ,https://www.youtube.com/channel/UCQeRaTukNYft1_6AZPACnog,2026-03-21T14:34:25.987Z,5430.0,35.892,35.892
"I ""Finished"" Crimson Desert - My Full Review",https://www.youtube.com/watch?v=bDGYUttoG50,KhrazeGaming,https://www.youtube.com/channel/UCFXUSG_393wZJaRTErU6Pjw,2026-03-21T11:12:36.865Z,1836.0,12109.122,1836.0
Crimson Desert is somehow GREAT but TERRIBLE at the same time,https://www.youtube.com/watch?v=KiYmO-lJ_2o,Kevduit,https://www.youtube.com/channel/UCsnEJAjrwfuU7T2yYv00WsA,2026-03-21T11:12:24.984Z,2438.0,11.881,11.881
Crimson Desert - The Worst Game I’ve Ever Enjoyed,https://www.youtube.com/watch?v=czQEIY1xpH4,Neon Knight,https://www.youtube.com/channel/UCowewvWdN2UZjM-LwavCrcA,2026-03-21T11:03:01.800Z,1178.0,563.184,563.184
Fixing Traffic in a HUGE City About to Break!,https://www.youtube.com/watch?v=sfo9sGjkaHo,Biffa Plays Indie Games,https://www.youtube.com/channel/UCYzO4HZxgXc2UJQD5bIo8AQ,2026-03-21T09:24:07.332Z,2651.0,5934.468,2651.0
Did Twitch Fall off? Akademiks breaks down New streaming Platforms taking over the market!,https://www.youtube.com/watch?v=lRJ0Uj-K8sc,King Akademiks,https://www.youtube.com/channel/UCg5iO7Pbg7f4gmufzOLD_zA,2026-03-21T08:56:42.233Z,1462.0,1645.099,1462.0
This might be it..,https://www.youtube.com/watch?v=oZ_9albczPc,Asmongold Clips,https://www.youtube.com/channel/UCMwJJL5FJFuTRT55ksbQ4GQ,2026-03-21T07:49:41.660Z,217.0,4020.573,217.0
The Best of Doug Heffernan! | The King of Queens,https://www.youtube.com/watch?v=2xwo5vCQlEo,The King of Queens,https://www.youtube.com/channel/UCgtC-8z30M0B3O9fWnVwutA,2026-03-21T03:56:05.097Z,7008.0,14016.563,7008.0
Arthur's Most Unhinged Moments! | The King of Queens,https://www.youtube.com/watch?v=lCGjx-On5H8,The King of Queens,https://www.youtube.com/channel/UCgtC-8z30M0B3O9fWnVwutA,2026-03-21T03:22:20.579Z,1703.0,2024.518,1703.0
Doug's Most Elaborate Schemes | The King of Queens,https://www.youtube.com/watch?v=2Gym-fhUTZY,The King of Queens,https://www.youtube.com/channel/UCgtC-8z30M0B3O9fWnVwutA,2026-03-21T02:36:57.901Z,2407.0,2722.678,2407.0
Everyone ignored the red flags...,https://www.youtube.com/watch?v=5BSSK6FbLLc,Sydney Watson,https://www.youtube.com/channel/UCSFy-1JrpZf0tFlRZfo-Rvw,2026-03-21T01:53:39.083Z,1663.0,2598.818,1663.0
The English Civil War - Church History Simplified,https://www.youtube.com/watch?v=bp5r8ooLunk,Redeemed Zoomer,https://www.youtube.com/channel/UCiLqiXa5O85APUBQV7X5w9Q,2026-03-21T01:41:58.680Z,1008.0,700.403,700.403
Crimson Desert - My Honest Impressions...,https://www.youtube.com/watch?v=T6Fa0qJ-uME,MrMattyPlays,https://www.youtube.com/channel/UCmXH6CX_juGwNFTj3PESdoA,2026-03-21T01:40:44.664Z,1264.0,74.016,74.016
Jan Being A Walking Red Flag for 36 Minutes Straight - The Office US,https://www.youtube.com/watch?v=MXo4mGWG3c8,The Office,https://www.youtube.com/channel/UCa90xqK2odw1KV5wHU9WRhg,2026-03-21T01:38:54.559Z,2201.0,110.105,110.105
https://www.youtube.com/watch?v=OEa1bQYlxlo,https://www.youtube.com/watch?v=OEa1bQYlxlo,,,2026-03-21T01:26:06.776Z,,767.783,767.783
Live Q/A (ask me ANYTHING),https://www.youtube.com/watch?v=gOc4aeSYa78,Redeemed Zoomer,https://www.youtube.com/channel/UCiLqiXa5O85APUBQV7X5w9Q,2026-03-21T01:23:07.600Z,10883.0,179.176,179.176
Chat With George & Jerry For 35 Minutes | Seinfeld,https://www.youtube.com/watch?v=yT2zf_bwAp8,Seinfeld,https://www.youtube.com/channel/UCKv01ZGOJhp2HbtDe4EvS8A,2026-03-21T01:21:59.049Z,2134.0,68.551,68.551
BATTERAM HYMN OF THE POLICE WHISTLE BLOWER,https://www.youtube.com/watch?v=HM8Ee6pcXvQ,ogafroman,https://www.youtube.com/channel/UCOMyvChDhKil0KvJoIHyx6Q,2026-03-21T01:18:06.044Z,318.0,233.005,233.005
Afroman - Will You Help Me Repair My Door (OFFICIAL MUSIC VIDEO),https://www.youtube.com/watch?v=oponIfu5L3Y,ogafroman,https://www.youtube.com/channel/UCOMyvChDhKil0KvJoIHyx6Q,2026-03-21T01:17:51.756Z,362.0,14.288,14.288
Afroman - Lemon Pound Cake (OFFICIAL MUSIC VIDEO),https://www.youtube.com/watch?v=9xxK5yyecRo,ogafroman,https://www.youtube.com/channel/UCOMyvChDhKil0KvJoIHyx6Q,2026-03-21T01:16:22.828Z,234.0,88.928,88.928
Crimson Desert - 20 Plus IMPORTANT Things You Should Do First💰⚔️🐎 (Starter's Guide),https://www.youtube.com/watch?v=4jxgQoPQRzM,WolfheartFPS,https://www.youtube.com/channel/UCi3RdvCWYMzdF-iUgG_0xLQ,2026-03-21T01:12:06.309Z,1931.0,256.519,256.519
Doug's Most Outrageous Lies | The King of Queens,https://www.youtube.com/watch?v=vFeiXeGA2QM,The King of Queens,https://www.youtube.com/channel/UCgtC-8z30M0B3O9fWnVwutA,2026-03-21T00:39:38.408Z,1864.0,1947.901,1864.0
So I Tried Crimson Desert..,https://www.youtube.com/watch?v=LArT82f1CUE,Asmongold TV  ,https://www.youtube.com/channel/UCQeRaTukNYft1_6AZPACnog,2026-03-21T00:39:20.332Z,25363.0,18.076,18.076
Why Author Michael Pollan Thinks AI Won't Be Conscious,https://www.youtube.com/watch?v=Pr6hzszrvJU,JRE Clips,https://www.youtube.com/channel/UCnxGkOGNMqQEUMvroOWps6Q,2026-03-20T23:13:26.932Z,901.0,5153.4,901.0
I spent the day with her,https://www.youtube.com/watch?v=j7iE2IhL03Q,Suleyman Dolaev,https://www.youtube.com/channel/UCWv3_sC7P5iLbSFfxp32sgA,2026-03-20T23:13:08.116Z,170.0,18.816,18.816
Crimson Desert is terrible & should be erased*,https://www.youtube.com/watch?v=masIkHo5lyI,ENDYMIONtv,https://www.youtube.com/channel/UC92iwH5d9u0CeJtCx17YT9Q,2026-03-20T23:09:49.824Z,1247.0,198.292,198.292
Afroman's defamation victory is a win for Americans who cherish the right to cuck the police in song,https://www.youtube.com/watch?v=12vxMFK2gbE,The Daily Show,https://www.youtube.com/channel/UCwWhs_6x42TyRM4Wstoq8HA,2026-03-20T23:00:50.071Z,153.0,539.753,153.0
Her EQ is literally zero!!!#shorts #funny,https://www.youtube.com/watch?v=fJgCDPukqWw,Smart Reel,https://www.youtube.com/channel/UCuQ2xvRlHppbDO-2c1RdFkw,2026-03-20T22:59:02.522Z,96.0,107.549,96.0
Cities Skylines 2 in 2026: The Harsh Truth,https://www.youtube.com/watch?v=trxs0c0fmcs,JumboPixel,https://www.youtube.com/channel/UCiM2-cXu3Bbg5VrJlsK50PA,2026-03-20T22:42:18.414Z,1226.0,1004.108,1004.108
Did Trump Just Reveal How He Will Choose His Successor?,https://www.youtube.com/watch?v=ZG5XlDastjo,Glenn Beck,https://www.youtube.com/channel/UCvqtzdcURSqNjY9RQEK4XmQ,2026-03-20T22:41:47.113Z,574.0,31.301,31.301
HE SAID YEAH DO IT,https://www.youtube.com/watch?v=3r9AIvSjrsM,Timcast,https://www.youtube.com/channel/UCe02lGcO-ahAURWuxAJnjdA,2026-03-20T22:19:19.059Z,717.0,1348.054,717.0
IGN reviewed Crimson Desert..,https://www.youtube.com/watch?v=FV9FOurWuog,Asmongold TV  ,https://www.youtube.com/channel/UCQeRaTukNYft1_6AZPACnog,2026-03-20T21:51:47.343Z,1591.0,1651.716,1591.0
OMB Peezy - Thug Me Like Dat [Official Video],https://www.youtube.com/watch?v=nn2rJuTNlIg,OMB Peezy,https://www.youtube.com/channel/UCIQuI6sA73cV6AdoeXAKIEQ,2026-03-20T21:40:44.647Z,165.0,662.696,165.0
Crimson Desert...,https://www.youtube.com/watch?v=eemclx_lDOM,Jake Baldino,https://www.youtube.com/channel/UC7s6t5KCNwRkb7U_3-E1Tpw,2026-03-20T21:37:56.783Z,960.0,167.864,167.864
You better not think that thought! | Chris & Jack,https://www.youtube.com/watch?v=itSQxjOSTx8,Chris and Jack,https://www.youtube.com/channel/UC3Liv5-jdU2Qk53lTtYDG2w,2026-03-20T21:33:52.030Z,637.0,244.753,244.753
A vital message from your future self | Chris & Jack,https://www.youtube.com/watch?v=YY-DwrLU2-0,Chris and Jack,https://www.youtube.com/channel/UC3Liv5-jdU2Qk53lTtYDG2w,2026-03-20T21:26:55.254Z,517.0,416.776,416.776
I'M LIVING LIFE 🌍,https://www.youtube.com/watch?v=dDrl8xPhRgs,Hurricane Wisdom,https://www.youtube.com/channel/UC-tAx6tWF3x-7COrjnpV4Zg,2026-03-20T21:26:23.707Z,32.0,31.547,31.547
"BETHESDA REGRETS ELDER SCROLLS 6, 10 NEW GAMES ANNOUNCED & MORE",https://www.youtube.com/watch?v=2dmzFO4-DKc,gameranx,https://www.youtube.com/channel/UCNvzD7Z-g64bPXxGzaQaa4g,2026-03-20T21:01:02.150Z,1011.0,1521.557,1011.0
Is KD The Greatest #2 Option Ever?,https://www.youtube.com/watch?v=HAFGfzAE4n4,Athletic Alchemy,https://www.youtube.com/channel/UC-iXtSUqL89NIDn1jANmAbw,2026-03-20T20:28:29.246Z,533.0,1952.904,533.0
"Trump Plans INVASION of Iran, Military Draft & World War 3 FEARED",https://www.youtube.com/watch?v=DJa4nUidQII,Tim Pool,https://www.youtube.com/channel/UCG749Dj4V2fKa143f8sE60Q,2026-03-20T20:24:14.485Z,1911.0,254.761,254.761
See AI Putin ask real Putin about body doubles,https://www.youtube.com/watch?v=rfIhRjFOpuc,CNN,https://www.youtube.com/channel/UCupvZG-5ko_eiXAupbDfxWw,2026-03-20T17:02:09.635Z,44.0,12124.85,44.0
AI Needs Copper—Can the World Deliver? | Presented by CME Group,https://www.youtube.com/watch?v=6H17LkJB7U4,Bloomberg News,https://www.youtube.com/channel/UChirEOpgFCupRAk5etXqPaA,2026-03-20T17:01:47.267Z,80.0,22.368,22.368
Is Generative AI an Existential Threat to the Human Species?,https://www.youtube.com/watch?v=9fogzZ_6kR0,Bloomberg News,https://www.youtube.com/channel/UChirEOpgFCupRAk5etXqPaA,2026-03-20T17:01:38.343Z,34.0,8.924,8.924
Lee & Carter Force Anti-American Taxi Driver George to Take Them to the Triad Hideout,https://www.youtube.com/watch?v=hthSaepFvl8,Chloer,https://www.youtube.com/channel/UCOftMq7EAQP1ZxCVbkTX9Xg,2026-03-20T17:01:26.343Z,46.0,12.0,12.0
Deepfake AI – How Dangerous Is It? #shorts #deepfake,https://www.youtube.com/watch?v=Fyzr6jbSI_I,VICE,https://www.youtube.com/channel/UCn8zNIfYAQNdrFRrr8oibKw,2026-03-20T17:01:18.890Z,39.0,7.453,7.453
Musk reshapes Grok AI after backlash over antisemitic responses #Shorts,https://www.youtube.com/watch?v=5sQeivm12x0,USA TODAY,https://www.youtube.com/channel/UCP6HGa63sBC7-KHtkme-p-g,2026-03-20T16:57:05.238Z,80.0,253.652,80.0
"Humanoid robot describes ""nightmare scenario"" with robotics and AI #shorts",https://www.youtube.com/watch?v=QF-Vu93C4m0,CBS News,https://www.youtube.com/channel/UC8p1vwvWtl6T73JiExfWs1g,2026-03-20T16:56:30.538Z,35.0,34.7,34.7
How OpenAI’s Changes Sent Some Users Spiraling,https://www.youtube.com/watch?v=mEahc3UbSq4,The New York Times,https://www.youtube.com/channel/UCqnbDFdCpuN8CMEg0VuEBqA,2026-03-20T16:53:30.557Z,180.0,179.981,179.981
Tech billionaires seem to be doom prepping. Should we be worried? #AI #Tech #BBCNews,https://www.youtube.com/watch?v=jimldQT1pQw,BBC News,https://www.youtube.com/channel/UC16niRr50-MSBwiO3YDb3RA,2026-03-20T16:52:37.313Z,54.0,53.244,53.244
BI investigated the footprint of 1k+ #datacenters to see real-life consequences of #ai. #tech,https://www.youtube.com/watch?v=7rEzhCwPhqc,Business Insider,https://www.youtube.com/channel/UCcyq283he07B7_KUX07mmtA,2026-03-20T16:49:53.189Z,164.0,164.124,164.0
Is AI making you stupid?,https://www.youtube.com/watch?v=A3S8yzJ4oBM,The Economist,https://www.youtube.com/channel/UC0p5jTq6Xx_DosDFxVXnWaQ,2026-03-20T16:47:11.263Z,162.0,161.926,161.926
Could the AI bubble pop?,https://www.youtube.com/watch?v=iWl7OMxZSUU,The Economist,https://www.youtube.com/channel/UC0p5jTq6Xx_DosDFxVXnWaQ,2026-03-20T16:44:14.474Z,177.0,176.789,176.789
Open AI's CTO on Having a Relationship With an AI,https://www.youtube.com/watch?v=q6yq1i7vd9E,Bloomberg Originals,https://www.youtube.com/channel/UCUMZ7gohGI9HcU9VNsr2FJQ,2026-03-20T16:42:20.826Z,57.0,113.648,57.0
Bill Gates Gets Real About AI,https://www.youtube.com/watch?v=uoU_1KORocQ,Bloomberg Originals,https://www.youtube.com/channel/UCUMZ7gohGI9HcU9VNsr2FJQ,2026-03-20T16:41:27.098Z,54.0,53.728,53.728
‘Risk of extinction' warning issued by AI developers,https://www.youtube.com/watch?v=h89iKqL1bRg,CNN,https://www.youtube.com/channel/UCupvZG-5ko_eiXAupbDfxWw,2026-03-20T16:40:41.426Z,46.0,45.672,45.672
'Godfather of AI' has a plan for humanity to survive AI,https://www.youtube.com/watch?v=Wd8RzZ3xn7w,CNN,https://www.youtube.com/channel/UCupvZG-5ko_eiXAupbDfxWw,2026-03-20T16:39:24.798Z,77.0,76.628,76.628
AI security system mistakes student's empty Doritos bag for gun,https://www.youtube.com/watch?v=Khf6o0t-9zg,CNN,https://www.youtube.com/channel/UCupvZG-5ko_eiXAupbDfxWw,2026-03-20T16:37:53.453Z,92.0,91.345,91.345
AI expert shows how easy it is to impersonate someone,https://www.youtube.com/watch?v=EEw-7zVs8wE,CNN,https://www.youtube.com/channel/UCupvZG-5ko_eiXAupbDfxWw,2026-03-20T16:35:06.338Z,167.0,167.115,167.0
ChatGPT creator is now worried about AI,https://www.youtube.com/watch?v=0kIhwa1e_5M,CNN,https://www.youtube.com/channel/UCupvZG-5ko_eiXAupbDfxWw,2026-03-20T16:34:09.351Z,57.0,56.987,56.987
The Real Cost of Your AI Use: Inside a Power-Hungry Data Center,https://www.youtube.com/watch?v=Tx0uoiuLAZg,The Wall Street Journal,https://www.youtube.com/channel/UCK7tptUDHh-RYDsdxO1-5QQ,2026-03-20T16:30:30.990Z,175.0,218.361,175.0
Elon Musk on AI: 'There Will Come a Point When No Job Is Needed',https://www.youtube.com/watch?v=HbiyTZae61A,Bloomberg News,https://www.youtube.com/channel/UChirEOpgFCupRAk5etXqPaA,2026-03-20T16:28:11.862Z,60.0,139.128,60.0
