title,link,channel,channel_link,date,video_length,time_diff,watch_time
What Is This NEW BUILDING in Disney Dreamlight Valley? Is Gameloft Playing a Prank On Us?,https://www.youtube.com/watch?v=jVWsmbAA-NQ,MrStarInSky,https://www.youtube.com/channel/UC8yHRFnM2ZzTRT351-AKAxw,2026-03-23T19:21:06.608Z,649.0,,649.0
Masters of Albion Preview: Peter Molyneux Seems Like He’s Having Fun Making a God Game Again,https://www.youtube.com/watch?v=DsYfd2s-25I,IGN,https://www.youtube.com/channel/UCKy1dAqELo0zrOtPkf0eTMw,2026-03-23T19:20:47.699Z,644.0,18.909,18.909
"RAW: Trump shares update on Iran war efforts, says US is pausing strikes on key power plants",https://www.youtube.com/watch?v=R70PTOW_bVY,13WHAM ABC News,https://www.youtube.com/channel/UCFQyVljCrdof5Uqmo8p3c0Q,2026-03-23T19:16:49.776Z,477.0,237.923,237.923
Trump says strikes against Iranian energy infrastructure will be postponed for five days,https://www.youtube.com/watch?v=dNgLSK6mVXY,NBC News,https://www.youtube.com/channel/UCeY0bbntWzzVIaj2z3QigXg,2026-03-23T19:15:50.203Z,28.0,59.573,28.0
WHERE WINDS MEET: Will You Play It Or Come Back If They CHANGE This?,https://www.youtube.com/watch?v=vkGH9LCQ6CI,WEDZGAMING,https://www.youtube.com/channel/UCc1KwRkfIEUTHzOBmp1_G4w,2026-03-23T18:49:29.063Z,389.0,1581.14,389.0
The Rise And Fall Of Southern Cafeterias,https://www.youtube.com/watch?v=T9AQJj2Pquo,Business Insider,https://www.youtube.com/channel/UCcyq283he07B7_KUX07mmtA,2026-03-23T18:48:15.235Z,1461.0,73.828,73.828
They Finally Fixed Crimson Desert...,https://www.youtube.com/watch?v=dNkQwyAm8-k,KhrazeGaming,https://www.youtube.com/channel/UCFXUSG_393wZJaRTErU6Pjw,2026-03-23T12:16:20.162Z,740.0,23515.073,740.0
"Crimson Desert - MASSIVE Patch Update Is HERE!  Storage, Nerfs, Controls and More!",https://www.youtube.com/watch?v=O0xA5agqlNU,Open World Games,https://www.youtube.com/channel/UCp-2EdzeeYwdecqMoXmHIQw,2026-03-23T11:39:25.443Z,1079.0,2214.719,1079.0
"Beyonce - ""Pretty Hurts (Chloe x Halle Cover)""",https://www.youtube.com/watch?v=uPwuduhx0vw,Chloe x Halle,https://www.youtube.com/channel/UCKvu7JgqK7-ZKUKHC33meEw,2026-03-23T03:38:32.260Z,245.0,28853.183,245.0
Get This ASAP in Crimson Desert! Automatic Loot #gaming #crimsondesert #viralvideo,https://www.youtube.com/watch?v=S10z7e1miSg,KhrazeGaming,https://www.youtube.com/channel/UCFXUSG_393wZJaRTErU6Pjw,2026-03-23T03:38:09.439Z,38.0,22.821,22.821
"We're Not Toddlers, We're Adults | BORN DIFFERENT",https://www.youtube.com/watch?v=uhhEzyNq5VM,truly,https://www.youtube.com/channel/UCfwx98Wty7LhdlkxL5PZyLA,2026-03-23T03:37:15.029Z,1077.0,54.41,54.41
The reviews on Crimson Desert have taken a massive turn,https://www.youtube.com/watch?v=u_V5r42lEkU,KicksClips,https://www.youtube.com/channel/UCVhp78MKCad-Nz-weDNJ8tw,2026-03-23T03:36:46.739Z,22.0,28.29,22.0
"Crimson Desert Bounty Guide — How to Find Targets, Capture Them Alive & Claim Full Rewards",https://www.youtube.com/watch?v=itCyIkvB5O4,Legacy Gaming,https://www.youtube.com/channel/UCmlqW3C9C0_gA0LufzbHfKg,2026-03-23T03:36:23.085Z,68.0,23.654,23.654
"Yes, You Can Get A Pet DOG In Crimson Desert #shorts #gaming #crimsondesertgameplay",https://www.youtube.com/watch?v=mq2l_9gd3V8,Graviton Gaming,https://www.youtube.com/channel/UC-npNW7bcHoEp730TWkFSag,2026-03-23T03:11:41.782Z,29.0,1481.303,29.0
How To Get Behind Waterfalls In Crimson Desert,https://www.youtube.com/watch?v=IY4d5oAPbH0,GameSpot,https://www.youtube.com/channel/UCbu2SsF-Or3Rsn3NxqODImw,2026-03-23T03:11:30.763Z,36.0,11.019,11.019
"THEY DID IT! NEW PATCH! (Added Storage, Better Controls & More!) // Crimson Desert",https://www.youtube.com/watch?v=VNoPQ3DAYWI,Moxsy,https://www.youtube.com/channel/UCqUYttljh7bvi6mvHzpiMIA,2026-03-23T03:09:23.452Z,552.0,127.311,127.311
"THEY ADDED STORAGE, Full March 22rd Crimson Desert Patch Notes 1.00.03, Menu Fixes And More",https://www.youtube.com/watch?v=QtkWQJK5XTE,Kibbles Gaming,https://www.youtube.com/channel/UCuFfs3Aq_vQwpWIEkHGn4UQ,2026-03-23T03:06:25.867Z,758.0,177.585,177.585
Damiane is a BEAST #crimsondesert #crimsondesertgameplay #gamingshorts #gaming #fyp,https://www.youtube.com/watch?v=yBtm8XjoLt4,LiggyMustard,https://www.youtube.com/channel/UCHc2k0mtctUS1Ysov1nC1eA,2026-03-23T03:05:23.352Z,23.0,62.515,23.0
Crimson Desert - Playing as Damiane Gameplay,https://www.youtube.com/watch?v=eUTYejM5Kfw,Rubhen925,https://www.youtube.com/channel/UCu22OwNLoiCTfqR4HC76cvA,2026-03-23T02:19:59.756Z,661.0,2723.596,661.0
Restaurateur builds affordable housing in Miami for his employees,https://www.youtube.com/watch?v=qZjf0RoTP-8,NBC 6 South Florida,https://www.youtube.com/channel/UCBgcPSn61UQ4l_-FvcEgLQA,2026-03-23T02:08:17.135Z,138.0,702.621,138.0
DIY Paver Driveway Extension (An Easy Way to Widen Your Driveway),https://www.youtube.com/watch?v=qo0_qDsleh8,Crystel Montenegro Home,https://www.youtube.com/channel/UCrWad0QW2s7ns-TNIMTgmSQ,2026-03-23T02:07:12.016Z,56.0,65.119,56.0
cute lace dress #thrift #thrifting,https://www.youtube.com/watch?v=0em7WRVF2L4,Nina,https://www.youtube.com/channel/UC_nBJGZ35776nUzp1R_meYA,2026-03-23T02:07:03.452Z,8.0,8.564,8.0
"Cleveland, Tennessee, couple redirects woman driving in wrong direction #shorts",https://www.youtube.com/watch?v=3mfCRX7O9cw,CBS News,https://www.youtube.com/channel/UC8p1vwvWtl6T73JiExfWs1g,2026-03-23T02:06:47.069Z,58.0,16.383,16.383
Why to put extra syrup or add holes when making shaved ice - Snowie Cube Pro 3000,https://www.youtube.com/watch?v=cjleegK-9f4,Pops Shaved Ice,https://www.youtube.com/channel/UCC9hJNReWA1Zvz2Y76JFB7A,2026-03-23T02:06:44.940Z,46.0,2.129,2.129
Leenda Dong’s hilarious moment before accepting her award for Digital Influencer at #UNFO,https://www.youtube.com/watch?v=lB0u51VmUig,Character Media,https://www.youtube.com/channel/UC_JaXz4PUYao6OfVTdFrP2Q,2026-03-23T02:06:17.674Z,14.0,27.266,14.0
#letras #poliestireno #icopor #tecnopor #unicel #asmrcutting #videosatisfatorio #satisfying #asmr,https://www.youtube.com/watch?v=W6jNkPAltfM,Lucenzo Arte,https://www.youtube.com/channel/UC3IuvMZyo4u1TiJv0TUB6gA,2026-03-23T02:06:00.244Z,14.0,17.43,14.0
A drag queen has gone viral for accepting a Chipotle gift card as a tip at a drag show,https://www.youtube.com/watch?v=PSLd6J2yL0I,PinkNews Reports,https://www.youtube.com/channel/UCXQaePZtcP_s4KJsxbv3FHw,2026-03-23T02:05:33.886Z,12.0,26.358,12.0
Dark Marksman's Plate Cloak Location Crimson Desert,https://www.youtube.com/watch?v=1e8l_-VBqww,WoW Quests,https://www.youtube.com/channel/UCVl2xNAPHlrlUtmstHMY_pw,2026-03-23T02:04:44.296Z,99.0,49.59,49.59
Her DIY $9k Bus Tiny House - Affordable Freedom,https://www.youtube.com/watch?v=KXRCb_YVlvg,Tiny Home Tours,https://www.youtube.com/channel/UCidJftClM4kU1196YynvqXg,2026-03-23T02:04:35.573Z,946.0,8.723,8.723
ICE agents may be deployed to help with some security roles amid partial government shutdown,https://www.youtube.com/watch?v=modJooq4OD8,CBS 8 San Diego,https://www.youtube.com/channel/UCMscWako8oDvpdF4pppku-g,2026-03-23T02:04:08.308Z,180.0,27.265,27.265
The Pussycat Dolls admit the one song they HATE to sing,https://www.youtube.com/watch?v=uE-qIuMqgu4,Heart,https://www.youtube.com/channel/UCSwSbA-kXBNew1nFcKxk1Ew,2026-03-23T02:01:35.006Z,744.0,153.302,153.302
The Pussycat Dolls - React,https://www.youtube.com/watch?v=KM3j_TXeqfc,ThePussycatDollsVEVO,https://www.youtube.com/channel/UCiA9R5n9sR06RgGGigkY5RA,2026-03-23T00:05:06.268Z,205.0,6988.738,205.0
"Crimson Desert Pet Armor Location, Pet Shop, Pet Store, Dog Armor Shop, Cat Armor Shop, Pet Clothes",https://www.youtube.com/watch?v=c3MBvkGd5oc,Kibbles Gaming,https://www.youtube.com/channel/UCuFfs3Aq_vQwpWIEkHGn4UQ,2026-03-22T23:22:55.204Z,185.0,2531.064,185.0
Crimson Desert Fat Cat Loafy Pet Taming Guide,https://www.youtube.com/watch?v=7E3yWz4e2D4,Gaming Prodigy,https://www.youtube.com/channel/UCg9jAPg6LoADOC7D4WPxSsg,2026-03-22T23:22:37.615Z,269.0,17.589,17.589
How to Get LEGENDARY HORSE MOUNTS in Crimson Desert - 3 Best Mounts EARLY - How To Tame Legendaries,https://www.youtube.com/watch?v=xCtw9nlOye0,DPJ,https://www.youtube.com/channel/UCqheS9rd4_nojHk3H-FR2XQ,2026-03-22T23:22:25.004Z,488.0,12.611,12.611
He left California to live in Phuket Thailand | $500 MONTH Condo tour,https://www.youtube.com/watch?v=aBk720nD0ns,Sam Tyler ,https://www.youtube.com/channel/UCdMSwa4zyjmClXtl0DKK4NA,2026-03-22T23:17:41.230Z,2331.0,283.774,283.774
S1E6: Space Conflict from Beyond Pluto | Full Episode | Aqua Teen Hunger Force,https://www.youtube.com/watch?v=frqeZ0TLvgI,Aqua Teen Hunger Force,https://www.youtube.com/channel/UCvWH6OVEgA6CnNFNSfBUxbg,2026-03-22T22:57:45.541Z,,1195.689,1195.689
Send this to someone who you think 2026 will be their year!! #happynewyear #cookieart #husbandhumor,https://www.youtube.com/watch?v=meBVhCdrE0U,Hanamade Cookies,https://www.youtube.com/channel/UCerTdqaJOxRCGpJorI3F3-g,2026-03-22T20:18:53.048Z,80.0,9532.493,80.0
Body Marbling Paint Dip by BLVisuals at Return to the River Festival 1,https://www.youtube.com/watch?v=h2oUUzXIbzI,Body Marbling,https://www.youtube.com/channel/UCEUsAyu9Lbb37mPAC6gjrrQ,2026-03-22T20:18:19.023Z,32.0,34.025,32.0
$2.2M New Constructio 🏠 . . #homeinspection #inspector #newconstruction #dfwrealestate,https://www.youtube.com/watch?v=Lld-RbK7t1U,jacksonconstruction0,https://www.youtube.com/channel/UC-ezh0Yazahx9XZtGGI6V2A,2026-03-22T20:17:45.633Z,68.0,33.39,33.39
All-In-One Sheet Pancake! The easiest way to make pancakes 🥞🤤,https://www.youtube.com/watch?v=up1XbJwEREw,Recipe world,https://www.youtube.com/channel/UC1LfQeWgPLAIMNe53ALK9nA,2026-03-22T20:17:19.250Z,,26.383,26.383
Why do winners have to cut giant pumpkins? #shorts,https://www.youtube.com/watch?v=uYuceywlwJg,Unoverseyyy,https://www.youtube.com/channel/UCzJGyiSzuZfB-rObqf52gEA,2026-03-22T20:16:42.094Z,34.0,37.156,34.0
1600C° lava versus Stanley and Yeti cup side by side. Which one will give up first?,https://www.youtube.com/watch?v=omfuHimLJHc,PressTube,https://www.youtube.com/channel/UCZ3vyIYUy5yK0i-RJwpdoSg,2026-03-22T20:15:36.958Z,50.0,65.136,50.0
Get yours in my profile page 🔗,https://www.youtube.com/watch?v=mpZbVxyRwDE,PrismCraft,https://www.youtube.com/channel/UC7zPf0nMwcy8TJKwIHWaj4Q,2026-03-22T20:15:16.791Z,24.0,20.167,20.167
Day 12 of pouring the same latte art every day until it’s perfect #latteart #pov #coffee #barista,https://www.youtube.com/watch?v=vzOxL5zEkX4,Dann Benjamin,https://www.youtube.com/channel/UCA7-8g2cbFmeUFa4FX5A2Pw,2026-03-22T20:15:13.850Z,107.0,2.941,2.941
hilary duff and the with love dance will forever be iconic 😭 #hilaryduff #lizziemcguire #withlove,https://www.youtube.com/watch?v=8eMQVU6EDPQ,No Ordinary Noah,https://www.youtube.com/channel/UCSvwDz8FZfX237DdDszOSHQ,2026-03-22T20:14:50.255Z,42.0,23.595,23.595
Soul Spear Location Crimson Desert,https://www.youtube.com/watch?v=_BsrPN2VCRc,WoW Quests,https://www.youtube.com/channel/UCVl2xNAPHlrlUtmstHMY_pw,2026-03-22T20:13:55.464Z,163.0,54.791,54.791
Crimson Desert - Insane Armor of SHADOWS & Legendary Mount You Don't Want To Miss EARLY!,https://www.youtube.com/watch?v=9CyHQcIJxSE,KhrazeGaming,https://www.youtube.com/channel/UCFXUSG_393wZJaRTErU6Pjw,2026-03-22T20:12:29.958Z,631.0,85.506,85.506
Crimson Desert - How To Have The Absolute Best Start! (Early Weapons & Armors),https://www.youtube.com/watch?v=RJmRgkx1Ulw,KhrazeGaming,https://www.youtube.com/channel/UCFXUSG_393wZJaRTErU6Pjw,2026-03-22T20:09:11.613Z,967.0,198.345,198.345
Crimson Desert - Open World Dragon Attack Gameplay,https://www.youtube.com/watch?v=bJ4ZrYDzrS8,KhrazeGaming,https://www.youtube.com/channel/UCFXUSG_393wZJaRTErU6Pjw,2026-03-22T20:08:48.164Z,719.0,23.449,23.449
Crimson Desert - 18 Biggest MISTAKES That Will Hold You Back! (Crimson Desert Tips & Tricks),https://www.youtube.com/watch?v=dTYXp4UfgSQ,KhrazeGaming,https://www.youtube.com/channel/UCFXUSG_393wZJaRTErU6Pjw,2026-03-22T20:08:06.143Z,1330.0,42.021,42.021
Crimson Desert - How To Get A KATANA Early & Free! (First City All Major Secrets),https://www.youtube.com/watch?v=Na3gJJhcWTQ,KhrazeGaming,https://www.youtube.com/channel/UCFXUSG_393wZJaRTErU6Pjw,2026-03-22T20:06:00.632Z,631.0,125.511,125.511
Crimson Desert - Become Overpowered Early in 5 Steps (Tips & Tricks),https://www.youtube.com/watch?v=HBvySp1oU_0,KhrazeGaming,https://www.youtube.com/channel/UCFXUSG_393wZJaRTErU6Pjw,2026-03-22T20:05:29.743Z,718.0,30.889,30.889
How To Unlock All ELEMENTAL Powers in Crimson Desert!,https://www.youtube.com/watch?v=AB-mmhW8qm8,KhrazeGaming,https://www.youtube.com/channel/UCFXUSG_393wZJaRTErU6Pjw,2026-03-22T20:04:19.567Z,1338.0,70.176,70.176
Pussycat Dolls Talk Reunion Tour and Why the Group is Now a Trio,https://www.youtube.com/watch?v=BNu1dSmZZ7I,TODAY,https://www.youtube.com/channel/UChDKyKQ59fYz3JO2fl0Z6sg,2026-03-22T19:08:28.226Z,,3351.341,3351.341
Crimson Desert Abyss Gear System Explained,https://www.youtube.com/watch?v=mI-QYP0XZ6I,Gamers Heroes,https://www.youtube.com/channel/UCA0txuM5Uo2TZ0qn0tZphRg,2026-03-22T19:02:26.916Z,85.0,361.31,85.0
ULTIMATE Skill Guide - What to Invest In for ALL Characters in Crimson Desert,https://www.youtube.com/watch?v=cibVqYfIpN8,Dantics,https://www.youtube.com/channel/UCCNNFzGEsMS7RIVsH2Pov3g,2026-03-22T19:02:07.322Z,2675.0,19.594,19.594
Crimson Desert - EPIC Kliff & Damiane Combat Gameplay,https://www.youtube.com/watch?v=Vb6oDZ6uGg8,Gamer4Sight,https://www.youtube.com/channel/UCw7oF6vLWrARFL3T1VCjmcw,2026-03-22T19:02:05.605Z,575.0,1.717,1.717
How to Easily Beat KAILOK the Hornsplitter in Crimson Desert,https://www.youtube.com/watch?v=5M32DoUDmWY,Jay Dunna ,https://www.youtube.com/channel/UCaNmoqlzLZ2Pg8NJuMGXrjg,2026-03-22T18:54:51.405Z,173.0,434.2,173.0
Beat Kailok The Hornsplitter in Crimson Desert (Easy Cheese),https://www.youtube.com/watch?v=qZzlUr4nfqo,GRILLAZ,https://www.youtube.com/channel/UCRFQBP9bWJbH1_3HF32r1wg,2026-03-22T18:54:26.347Z,138.0,25.058,25.058
Crimson Desert Is About To Change Forever!  Official Updates and Devs Big Response!,https://www.youtube.com/watch?v=CG1NiY6X-gE,Open World Games,https://www.youtube.com/channel/UCp-2EdzeeYwdecqMoXmHIQw,2026-03-22T18:54:21.339Z,1101.0,5.008,5.008
Kailok Hornsplitter Was No Joke… 😮‍💨 | Crimson Desert,https://www.youtube.com/watch?v=vsx1xqD87y0,KamzieQuest ,https://www.youtube.com/channel/UCGJM9WTQPUjlfAMau2mfaxg,2026-03-22T18:54:07.355Z,44.0,13.984,13.984
Kailok The Hornsplitter Boss Fight - Crimson Desert,https://www.youtube.com/watch?v=p6_kJuhWYqU,Perfect Score,https://www.youtube.com/channel/UCrCz0Ffd83Z_eJ57A2We-Lg,2026-03-22T18:53:38.087Z,310.0,29.268,29.268
WE DID IT🥹😭🫶🏼,https://www.youtube.com/watch?v=r8NNKUxR-vQ,The Scott Family,https://www.youtube.com/channel/UC30bTfVetHoLX0Tb-v2EAeg,2026-03-22T18:00:29.388Z,16.0,3188.699,16.0
Now this is smart #meme,https://www.youtube.com/watch?v=RPqGYYXf1DA,Axisoflaughing,https://www.youtube.com/channel/UC1ECGZLjw909udAhyQ8VdnQ,2026-03-22T18:00:08.024Z,19.0,21.364,19.0
Angle Measurement Hack Every Carpenter Should Know #woodworking #ideas #woodscraft #classicwood,https://www.youtube.com/watch?v=hpn3UbLvjQw,Marjuki juki,https://www.youtube.com/channel/UCWeYh5AI4WY8wnbfUz_PAmA,2026-03-22T17:59:37.899Z,28.0,30.125,28.0
Tie dye with ice,https://www.youtube.com/watch?v=yZmZ6g9u96U,Corky Lorenz,https://www.youtube.com/channel/UCf_qKLogZ4tY7kOA-P-0ICA,2026-03-22T17:59:17.849Z,12.0,20.05,12.0
THIS is why Argentina loves Sabrina Carpenter #sabrinacarpenter #shorts,https://www.youtube.com/watch?v=eu1B8eaGu4A,Z Music Edits,https://www.youtube.com/channel/UCcq2VnSn0v09AkMdlpQjZag,2026-03-22T17:58:57.348Z,10.0,20.501,10.0
2026-03-05,https://www.youtube.com/watch?v=koaTHqUUoE0,Brooke Monk Fans,https://www.youtube.com/channel/UCPqmHOzspEOwpsbJdPqtQLw,2026-03-22T17:58:46.748Z,9.0,10.6,9.0
This hotel uses AI instead of humans and then LIES about it. 🥴,https://www.youtube.com/watch?v=iK5mTjCCBdc,Maggie McGaugh,https://www.youtube.com/channel/UCORkfNUmkMJx1jOx89juU8Q,2026-03-22T17:58:44.337Z,150.0,2.411,2.411
Palette stamp certificate of authenticity,https://www.youtube.com/watch?v=AqqhM_mmTJE,Kayla Carlile,https://www.youtube.com/channel/UCHTMOozCV4L7MbvQHWcObYA,2026-03-22T17:58:16.040Z,25.0,28.297,25.0
How’s our singing? #choir #college #pranks,https://www.youtube.com/watch?v=4GI2vQxP4HI,Weston Van Soest,https://www.youtube.com/channel/UCjEpcWLGU4GTdmSvnbzRbew,2026-03-22T17:58:01.127Z,28.0,14.913,14.913
He bought a MAGIC TOY,https://www.youtube.com/watch?v=URZH3u8TkHI,Aileen and Deven,https://www.youtube.com/channel/UCk2sqTNp1R7DT14Y4zhDxuw,2026-03-22T17:57:23.551Z,36.0,37.576,36.0
#poledance #pole #dance #dancer,https://www.youtube.com/watch?v=J_OFNF8GGe4,ℒ𝒾𝓌𝒾𝒶 𝒮𝓏𝓎𝓂𝓊łℴ𝓌𝒾𝒸z,https://www.youtube.com/channel/UCpRBafShikC0sLVNDYgEZzQ,2026-03-22T17:57:06.342Z,9.0,17.209,9.0
music video vs reality 😭,https://www.youtube.com/watch?v=pZ0owACrRO0,RAYE,https://www.youtube.com/channel/UCw5z_dopYnvEL6Rc8KNKsnw,2026-03-22T17:56:53.702Z,11.0,12.64,11.0
Tried to cheer my wife up but ended up annoying the dog 🤣 (🎥: ViralHog),https://www.youtube.com/watch?v=JZekW0Zmui0,LADbible Shorts,https://www.youtube.com/channel/UCflpy-GNxlahbdRdN5CRUsA,2026-03-22T17:56:44.967Z,20.0,8.735,8.735
We did the twin telepathy test,https://www.youtube.com/watch?v=1NWtXRW05Ac,Smosh,https://www.youtube.com/channel/UCY30JRSgfhYXA6i6xX1erWg,2026-03-22T17:55:58.942Z,30.0,46.025,30.0
move like you come from colombia!! #KATSEYE,https://www.youtube.com/watch?v=nQRviWmNxUM,KATSEYE,https://www.youtube.com/channel/UCA61H4fWOMHikLcUFKyQUog,2026-03-22T17:55:44.884Z,12.0,14.058,12.0
rlly sorry for my awkward spirit tunnel walk. I wasn’t prepared 😖,https://www.youtube.com/watch?v=GHzB2uuOxOA,RAYE,https://www.youtube.com/channel/UCw5z_dopYnvEL6Rc8KNKsnw,2026-03-22T17:55:26.352Z,22.0,18.532,18.532
Quick way to measure wood curves #woodworking #woodwork #carpentry #homedecor #diy #tips,https://www.youtube.com/watch?v=inK6FOP5X1I,Ryanwood ,https://www.youtube.com/channel/UCH6XfAc6UmHPUEuU66zO_CQ,2026-03-22T17:54:49.208Z,26.0,37.144,26.0
The blind typing Omgg 😱#fashion#model#shorts#vogue#annawintour#fyp#explore,https://www.youtube.com/watch?v=HxhnX0NcHxo,Fashion Junction ,https://www.youtube.com/channel/UCxWVgROoSL5B7lKGDU-Us4g,2026-03-22T17:54:27.055Z,9.0,22.153,9.0
Blue boat house #perth #blueboathouse #perthtodo #thingstodoinperth #australia,https://www.youtube.com/watch?v=_0rDSEYjGsI,skyxarchive,https://www.youtube.com/channel/UCgAPesbuEzB86k2Qyb0sZFA,2026-03-22T17:54:05.360Z,6.0,21.695,6.0
😂😂😂 #music #funny #husbandwife #meet #foryou #youtubeshorts,https://www.youtube.com/watch?v=7G-QXkxZ0k0,Clemence Lachance b,https://www.youtube.com/channel/UCXNr4zmS7nnWMt_Y9Wnxn_w,2026-03-22T17:53:32.511Z,29.0,32.849,29.0
The perfect trick for dogs with separation anxiety So your dog feels calm,https://www.youtube.com/watch?v=d9DJI6keHw4,PetForever ,https://www.youtube.com/channel/UCd31NN6vDBqM9K48vABu-6Q,2026-03-22T17:53:14.201Z,15.0,18.31,15.0
me thinking using a pencil would fix my NeeDoh air bubble..,https://www.youtube.com/watch?v=wi9zTVrdn4c,internet bastard,https://www.youtube.com/channel/UCF9bq-1c7DWbX19p7lBGgTQ,2026-03-22T17:52:52.925Z,8.0,21.276,8.0
This video is currently popping off on my TikTok at 2M views!! First viral video hell yeah!!,https://www.youtube.com/watch?v=RGHiGx03tpA,Natalia Kvalem | Circus Comedian |,https://www.youtube.com/channel/UCUgME94e3WZZmara1SqIpZQ,2026-03-22T17:52:46.800Z,16.0,6.125,6.125
Le Sserafim trend BUT they both did soo GOOD!! #katseye #viral #fypviral #lesserafim #iconic #trend,https://www.youtube.com/watch?v=1tEffeptJlI,EchoVerseditz,https://www.youtube.com/channel/UC4VdF8CiGheQWFKRU_sLvZQ,2026-03-22T17:52:35.709Z,10.0,11.091,10.0
When the home school prom is going crazy.,https://www.youtube.com/watch?v=Wn7N_KwgfQ8,Lee Houston,https://www.youtube.com/channel/UCBEnMJcipvJHPDkEkPecGLw,2026-03-22T17:52:05.434Z,17.0,30.275,17.0
THIS TOUR MAY CONTAIN NEW MUSIC. BERLIN.,https://www.youtube.com/watch?v=caFiivBmqBc,RAYE,https://www.youtube.com/channel/UCw5z_dopYnvEL6Rc8KNKsnw,2026-03-22T17:51:44.163Z,16.0,21.271,16.0
"March 22, 2026",https://www.youtube.com/watch?v=S6zp0DXkKzc,Sophia's color stones (ត្បូងប៉ៃលិន),https://www.youtube.com/channel/UCvDtFH1mNa29EGcpdZqk7Dw,2026-03-22T17:51:42.219Z,23.0,1.944,1.944
They didn’t ask for the owner? 🤷🏻‍♂️#exoticpets #exoticpetstore #skit #albuquerque #fyp,https://www.youtube.com/watch?v=fxdCOmDbn2Q,Predator and Prey Exotics,https://www.youtube.com/channel/UC3rrDQtOvG_AMPGVjgtOlcw,2026-03-22T17:51:36.445Z,9.0,5.774,5.774
"Lol not AI 🚫, real hand made art in process",https://www.youtube.com/watch?v=M2b1Zk_9Ebo,Saltandpaperca,https://www.youtube.com/channel/UCMkKeF7jbqyREJ9KfmLe0YQ,2026-03-22T17:47:13.776Z,60.0,262.669,60.0
Miley Cyrus turns on her old Hannah Montana rotating closet #hannahmontana #mileycyrus,https://www.youtube.com/watch?v=ydq_lnDwurY,Mathias Werner,https://www.youtube.com/channel/UCM-Twz5gyBPT4shgLKlGaDQ,2026-03-22T17:46:59.685Z,7.0,14.091,7.0
It’s the kicks for me #triplets #sahm #newmom #babysleep #twins,https://www.youtube.com/watch?v=7PJn_SRKepY,Herr Triplets | Vanna Lee,https://www.youtube.com/channel/UCG7R8mxijGjGsj335w_mV5g,2026-03-22T17:46:57.644Z,18.0,2.041,2.041
Will they believe the lie?,https://www.youtube.com/watch?v=dc59cQUhIfo,Smosh,https://www.youtube.com/channel/UCY30JRSgfhYXA6i6xX1erWg,2026-03-22T17:45:58.470Z,60.0,59.174,59.174
Group class gets real sometimes 😆🐕 #dogtraining,https://www.youtube.com/watch?v=pS8qaRPbEuc,OTCK9 Academy ,https://www.youtube.com/channel/UC8uokArdpKOfH1IuRu-cWQg,2026-03-22T17:45:31.352Z,26.0,27.118,26.0
It’s so random too😭 #ariisaysso,https://www.youtube.com/watch?v=b7AzvznaSds,ARI 🤍,https://www.youtube.com/channel/UChFDQSHmn56l6JheOv0Qs3Q,2026-03-22T17:45:18.700Z,47.0,12.652,12.652
#skatergirl #surfskate #pumptrack #skateboarding #skateboardvibes #skate,https://www.youtube.com/watch?v=3E7znMuAims,AlyssaLysset,https://www.youtube.com/channel/UC7UkVkKWJnAnyYz4schfmbg,2026-03-22T17:44:15.654Z,8.0,63.046,8.0
Every big brother has a little brother who always copies him,https://www.youtube.com/watch?v=br_u0SXxdeU,America's Funniest Home Videos,https://www.youtube.com/channel/UC_zEzzq54Rm0iy7lmmZbCIg,2026-03-22T17:43:52.048Z,13.0,23.606,13.0
Best coping Mechanism! 😅,https://www.youtube.com/watch?v=EaDGxiHR-Sw,TheZFam,https://www.youtube.com/channel/UCnrEwI45UySJkjCfnw9ahIA,2026-03-22T17:43:49.830Z,10.0,2.218,2.218
🥲,https://www.youtube.com/watch?v=5lKgaTRGweU,RAYE,https://www.youtube.com/channel/UCw5z_dopYnvEL6Rc8KNKsnw,2026-03-22T17:43:37.601Z,8.0,12.229,8.0
The price of gas is crazy rn #funny #shortsfeed #gaming #memes #shorts #reels #ytshorts #viral #love,https://www.youtube.com/watch?v=yBiScaY2RUA,Marriedwithflaws,https://www.youtube.com/channel/UCb-MoFyHrcTUWN5ZS16vIAw,2026-03-22T17:43:34.904Z,12.0,2.697,2.697
the voice crack at the end…🥹💔 #arianagrande,https://www.youtube.com/watch?v=YVdLRf5M0wk,Ariana Daily,https://www.youtube.com/channel/UCV9jn46ZYOxqf_Jb-T1g_Kg,2026-03-22T17:29:41.961Z,21.0,832.943,21.0
How to EASILY Give Cats Medicine 😷 #lifehacks #goodtoknow #funfacts #vet #medicine #catvideos #hack,https://www.youtube.com/watch?v=t0Cp2_BS88A,Vetventures,https://www.youtube.com/channel/UC_qNHEw4tFK08cPCsUbwrOQ,2026-03-22T17:29:28.613Z,17.0,13.348,13.348
#baustelle #automobile #construction #blockcutting #work #shortvideo,https://www.youtube.com/watch?v=pP75DNzLYwI,Elchris Construction Ltd,https://www.youtube.com/channel/UCVPts-YrxbiZs1HUyqhP0tQ,2026-03-22T17:29:18.009Z,64.0,10.604,10.604
#locs #locjourney #locdetox #locmaintenance #locsjourney #locstylesforwomen,https://www.youtube.com/watch?v=2akuH_xUHGw,Tyesha Onrece,https://www.youtube.com/channel/UCPJyC4pp_qed0ZxrbHpL5WA,2026-03-22T17:28:44.441Z,19.0,33.568,19.0
GERMAN MACHINE REPLACES MANHOLE COVER WITH PERFECT EFFICIENCY 🤯🛠️,https://www.youtube.com/watch?v=PcJHy0jt2yg,XTREM FUN,https://www.youtube.com/channel/UC3d_8EWGifye2epsB1jRAeA,2026-03-22T17:28:04.795Z,57.0,39.646,39.646
Line tray with a garbage bag to save leftover paint and cut down on mess!#paint #painting #home #diy,https://www.youtube.com/watch?v=bNoh7k8O44M,Jeff & Lauren Show,https://www.youtube.com/channel/UCu-D6S4PLuv4gMdfjiOsfDA,2026-03-22T17:27:59.986Z,18.0,4.809,4.809
Pink Pantheresss' vocals with no autotune..||(cr:tonsil) #arianagrande #viral #zaralarsson #shorts,https://www.youtube.com/watch?v=IlhSjm3Rcbc,katsekonic,https://www.youtube.com/channel/UC-GAbpbN7i7xytsMthz90wQ,2026-03-22T17:27:25.286Z,15.0,34.7,15.0
Give The Dolls A Club Song 🪩 The Pussycat Dolls - Club Song #Shorts,https://www.youtube.com/watch?v=4AcJy3e-I9A,AshleyRobertsOnline,https://www.youtube.com/channel/UCuM9OyQ9fE4IRrr64OADCaQ,2026-03-22T17:04:21.644Z,15.0,1383.642,15.0
The Legend of California - Official Alpha Playtest Sign Up Trailer,https://www.youtube.com/watch?v=Q21UkPiW5oA,IGN,https://www.youtube.com/channel/UCKy1dAqELo0zrOtPkf0eTMw,2026-03-22T17:01:07.408Z,31.0,194.236,31.0
Thomas & Friends: Wonders of Sodor - Official Launch Trailer,https://www.youtube.com/watch?v=tS4aAzzutFA,IGN,https://www.youtube.com/channel/UCKy1dAqELo0zrOtPkf0eTMw,2026-03-22T17:00:57.077Z,101.0,10.331,10.331
Defender of the Crown: The Legend Returns - Official Announcement Trailer,https://www.youtube.com/watch?v=9xUWIXW_zw4,IGN,https://www.youtube.com/channel/UCKy1dAqELo0zrOtPkf0eTMw,2026-03-22T17:00:51.336Z,62.0,5.741,5.741
Marvel Tōkon: Fighting Souls - Amazing Guardians Trailer | PS5 & PC Games,https://www.youtube.com/watch?v=krh98HsMk5c,PlayStation,https://www.youtube.com/channel/UC-2Y8dQb0S6DtpxNgAKoJKA,2026-03-22T17:00:38.322Z,125.0,13.014,13.014
"Affordable Rings for her | silver,silver rings, jewelry, jewellery,daily wear,for her,anti tarnish",https://www.youtube.com/watch?v=p61YjzXvI04,Arkaye Jewels,https://www.youtube.com/channel/UCpyNOVEYyiwb2LgCv-Bhhlg,2026-03-22T14:33:53.453Z,20.0,8804.869,20.0
The Pussycat Dolls - Club Song,https://www.youtube.com/watch?v=w0zQKwOTYmY,The Pussycat Dolls,https://www.youtube.com/channel/UCqtT9GjW1fhc7Ks_2Lg6yKQ,2026-03-22T13:17:02.203Z,148.0,4611.25,148.0
The Pussycat Dolls - Club Song (Lyric Video),https://www.youtube.com/watch?v=FmXBI1NH07E,The Pussycat Dolls,https://www.youtube.com/channel/UCqtT9GjW1fhc7Ks_2Lg6yKQ,2026-03-22T12:27:29.518Z,148.0,2972.685,148.0
RAYE - 'Click Clack Symphony.' feat. Hans Zimmer (Official Video)  Reaction/Analysis Phenomenal!,https://www.youtube.com/watch?v=BOWx5zIyq3A,IGE - Individual Group Effort - Ken Lawson,https://www.youtube.com/channel/UCVI8ItkS1VwLGIvR_w75MYw,2026-03-22T12:05:40.854Z,973.0,1308.664,973.0
RAYE - 'Click Clack Symphony.' feat. Hans Zimmer (Official Video),https://www.youtube.com/watch?v=HtVcltkn3HI,RAYE,https://www.youtube.com/channel/UCw5z_dopYnvEL6Rc8KNKsnw,2026-03-22T12:04:48.949Z,312.0,51.905,51.905
Crimson Desert X WWE Gameplay,https://www.youtube.com/watch?v=of-MhY6S_QY,GameSpot,https://www.youtube.com/channel/UCbu2SsF-Or3Rsn3NxqODImw,2026-03-22T03:18:17.576Z,177.0,31591.373,177.0
I Live Alone In China In A $200 per Month Apartment,https://www.youtube.com/watch?v=w659u_Vmbgc,Viewpoint Abroad,https://www.youtube.com/channel/UCo73VfBPFUgt3iq9OpZX0aw,2026-03-22T03:16:10.812Z,699.0,126.764,126.764
Is Every Black Woman So Beautiful Like You?  Asian Guy First Meeting Black Woman!,https://www.youtube.com/watch?v=Nrhnh8opPO8,Awesome World 어썸월드,https://www.youtube.com/channel/UC3XwA9aaZdWfojyo9wKaFtw,2026-03-22T03:15:26.594Z,434.0,44.218,44.218
Interracial Married Couple In Korea,https://www.youtube.com/watch?v=AJYmsU1_hHw,K Explorer,https://www.youtube.com/channel/UCZkjqFCvTZgOv6paMBdZRyQ,2026-03-22T03:15:12.743Z,643.0,13.851,13.851
My Experience Dating A Chinese Man As A Black Girl In China,https://www.youtube.com/watch?v=HJuYIHmQTUE,Black Girl In China ,https://www.youtube.com/channel/UCtaW8BvTOEGkQepK3Crxbfg,2026-03-22T03:14:51.317Z,378.0,21.426,21.426
"Koreans react to ""How Beautiful Nigeria Is"" TikToks!",https://www.youtube.com/watch?v=E8S2n23q1bc,Awesome World 어썸월드,https://www.youtube.com/channel/UC3XwA9aaZdWfojyo9wKaFtw,2026-03-22T03:13:38.340Z,639.0,72.977,72.977
The Reality Of Being Married To a Korean Man as a Black woman?,https://www.youtube.com/watch?v=H7G0DOH6cNY,K Explorer,https://www.youtube.com/channel/UCZkjqFCvTZgOv6paMBdZRyQ,2026-03-22T03:12:16.750Z,551.0,81.59,81.59
Why I Married a Chinese Man — Interracial Love in China,https://www.youtube.com/watch?v=fOh3rEkfXfg,Aiden Qiu China,https://www.youtube.com/channel/UCEiiHJnzTrZdKlaUV98W0hA,2026-03-22T03:11:53.682Z,836.0,23.068,23.068
My Chinese Wife Made Me African Food,https://www.youtube.com/watch?v=I303zdYNdh8,THE BONES,https://www.youtube.com/channel/UCwUQeGJmFDf1YJJO-Ph2ZAA,2026-03-22T03:11:27.827Z,17.0,25.855,17.0
Chinese guy marries an African girl,https://www.youtube.com/watch?v=jf3jNsSr3bA, East Watching,https://www.youtube.com/channel/UC9a2UA0TlARZ6ha1xLz0Nyw,2026-03-22T03:11:07.190Z,17.0,20.637,17.0
Dating in China for Black Africans 😳 | Living abroad #shorts #shortsvideo,https://www.youtube.com/watch?v=3TMUF8GMnAU,Brave And Beyond,https://www.youtube.com/channel/UCiBwjx878LgayUyGsXuXKbg,2026-03-22T03:10:59.342Z,17.0,7.848,7.848
Dating in Asia(China) as a black girl???? #blackgirlinchina #shorts #babyqueeninchina,https://www.youtube.com/watch?v=OrJGiH0bRig,Babyqueen2.0,https://www.youtube.com/channel/UCLUSGwpQM3sYiBW-Q2rXYfA,2026-03-22T03:09:12.675Z,12.0,106.667,12.0
ASIAN AND BLACK COUPLES ARE TRENDING #trending #viral #asian #black #relationship,https://www.youtube.com/watch?v=nZn4LxT81oM,Mr. Zaddy Yang,https://www.youtube.com/channel/UC19Ed1oMZnOxIWMmog0VX8g,2026-03-22T03:08:10.895Z,17.0,61.78,17.0
25 YEARS IN CHINA: A BLACK AMERICAN MAN'S JOURNEY,https://www.youtube.com/watch?v=gOlBvuswdmY,Fel Thommy,https://www.youtube.com/channel/UCpISMTDL-QjG-sGpIKsTvdg,2026-03-22T03:07:38.060Z,1870.0,32.835,32.835
WE Spent 48 hours in the WORLD'S most advanced city 🇨🇳,https://www.youtube.com/watch?v=AJ6a2vpLxGA,Joel and Emilia,https://www.youtube.com/channel/UCbn5xzRrAOY9DWJlbyPBsvg,2026-03-22T03:07:19.476Z,1550.0,18.584,18.584
Why do you choose to marry a black woman? This questions is so common in China,https://www.youtube.com/watch?v=TsRKvexbyx0,Awazi Tina  family,https://www.youtube.com/channel/UCPI_5jsZEEraJM8SD0I7W9w,2026-03-22T03:06:31.162Z,16.0,48.314,16.0
What Chinese Men Really Think About Foreign Women,https://www.youtube.com/watch?v=4C3tW5I1SDE,Aiden Qiu China,https://www.youtube.com/channel/UCEiiHJnzTrZdKlaUV98W0hA,2026-03-22T03:05:14.761Z,1167.0,76.401,76.401
This made a Chinese guy fall in love with a black girl instantly😳😳,https://www.youtube.com/watch?v=-s1vlMQl2Ok,Busola Deborah,https://www.youtube.com/channel/UCKtcTLIAXHo6kLI9KAlMJyg,2026-03-22T03:03:03.323Z,669.0,131.438,131.438
Black Queens in China: What It’s Really Like Living Here,https://www.youtube.com/watch?v=r69VOcl0eIE,Aiden Qiu China,https://www.youtube.com/channel/UCEiiHJnzTrZdKlaUV98W0hA,2026-03-22T03:01:29.091Z,1628.0,94.232,94.232
I Left The U.S. For China — Here's How Much It Costs,https://www.youtube.com/watch?v=e9v2wBwDXls,CNBC Make It,https://www.youtube.com/channel/UCH5_L3ytGbBziX0CLuYdQ1Q,2026-03-22T03:01:00.806Z,646.0,28.285,28.285
What is it like living in China for black women?,https://www.youtube.com/watch?v=Q0dnuGqGHEY,Aiden Qiu China,https://www.youtube.com/channel/UCEiiHJnzTrZdKlaUV98W0hA,2026-03-22T02:59:37.339Z,62.0,83.467,62.0
Being black in China 🇨🇳 #shorts#lofeinchina#chinavlogs#chinesereacttoblackpwople#blackgirlinchina,https://www.youtube.com/watch?v=sKNl2HAXxCI,Tinah Mcwilliams,https://www.youtube.com/channel/UCaA3OjaLLVSXCQX9s36qh0g,2026-03-22T02:59:06.891Z,21.0,30.448,21.0
Black women living in China 🇨🇳,https://www.youtube.com/watch?v=_TpAqHbuAJ0,Aiden Qiu China,https://www.youtube.com/channel/UCEiiHJnzTrZdKlaUV98W0hA,2026-03-22T02:58:43.003Z,62.0,23.888,23.888
Daily Life In China: A Raw Look at Low-Income Life,https://www.youtube.com/watch?v=x64kyiDEksE,Mia chen,https://www.youtube.com/channel/UCFlpOZ-gJI6OcS-ymLcamcw,2026-03-22T02:56:30.127Z,733.0,132.876,132.876
"Living in china:What a $85,000 Apartment Looks Like in China",https://www.youtube.com/watch?v=B8IpajFWCak,Tianlan in China,https://www.youtube.com/channel/UC8j3qlXPU6tfSviCPgITdXw,2026-03-22T02:55:07.043Z,602.0,83.084,83.084
The Windows XP Keyboard PC,https://www.youtube.com/watch?v=e8CrG3l5WeA,Michael MJD,https://www.youtube.com/channel/UCS-WzPVpAAli-1IfEG2lN8A,2026-03-22T02:54:25.939Z,1679.0,41.104,41.104
The Best Android Desktop in 2026 Isn’t Made by Google,https://www.youtube.com/watch?v=ZWhtL87nGTM,XDA,https://www.youtube.com/channel/UCk1SpWNzOs4MYmr0uICEntg,2026-03-22T00:39:24.694Z,607.0,8101.245,607.0
China is Living in 2050,https://www.youtube.com/watch?v=ryIquQ6vJIo,Kara and Nate,https://www.youtube.com/channel/UC4ijq8Cg-8zQKx8OH12dUSw,2026-03-21T23:22:28.038Z,2009.0,4616.656,2009.0
$113 Experience on a Sanrio Sight Seeing Train,https://www.youtube.com/watch?v=NZVPF4CRkJY,DancingBacons,https://www.youtube.com/channel/UCRFj4Yj1nKhgrT-_8AUsaDg,2026-03-21T23:18:15.380Z,1283.0,252.658,252.658
Cookie Run: New World - Official Cinematic Trailer,https://www.youtube.com/watch?v=DqT8EhquBIM,IGN,https://www.youtube.com/channel/UCKy1dAqELo0zrOtPkf0eTMw,2026-03-21T23:17:33.111Z,92.0,42.269,42.269
Incredible Mini Houses You Haven't Seen Before,https://www.youtube.com/watch?v=-4fT2ft5QZk,#Mind Warehouse,https://www.youtube.com/channel/UCYenDLnIHsoqQ6smwKXQ7Hg,2026-03-21T23:16:26.496Z,1705.0,66.615,66.615
"Crimson Desert - Next Major Updates!  Yes, They Have A Plan...And This Is Excellent News!",https://www.youtube.com/watch?v=j5SJ2tsXQLw,Open World Games,https://www.youtube.com/channel/UCp-2EdzeeYwdecqMoXmHIQw,2026-03-21T23:16:23.606Z,1240.0,2.89,2.89
She Cooks Your Leftover McDonald’s (For Profit),https://www.youtube.com/watch?v=yYFiU8CT5GU,Drew Binsky,https://www.youtube.com/channel/UC0Ize0RLIbGdH5x4wI45G-A,2026-03-21T23:12:45.144Z,1600.0,218.462,218.462
"INZOI v0.7.0 Update is HUGE! Better Babies, Mini Map, Businesses & More 👀",https://www.youtube.com/watch?v=ijSbvi7HDsw,The Bonnet Simmer,https://www.youtube.com/channel/UCz8GJMCyZLX9zh0u0cmw-RA,2026-03-21T23:11:46.608Z,553.0,58.536,58.536
Fire in the Sky,https://www.youtube.com/watch?v=_eczuxd80-Y,YouTube Movies,https://www.youtube.com/channel/UCuVPpxrm2VAgpH3Ktln4HXg,2026-03-21T14:47:26.634Z,,30259.974,30259.974
I can't stop laughing and l'm sure you can too😄#funny #shorts #trending,https://www.youtube.com/watch?v=ii3h8uh5zRM,William,https://www.youtube.com/channel/UCQpTFxEb_sYu8BmgHRSpaFA,2026-03-21T14:39:03.564Z,42.0,503.07,42.0
RAYE - 'Click Clack Symphony.' feat. Hans Zimmer (Official Video),https://www.youtube.com/watch?v=HtVcltkn3HI,RAYE,https://www.youtube.com/channel/UCw5z_dopYnvEL6Rc8KNKsnw,2026-03-21T11:46:53.744Z,312.0,10329.82,312.0
TCL NXTPAPER 70 Pro: The Phone That Feels Like Paper!,https://www.youtube.com/watch?v=0H6kFLG81Wo,Techmo,https://www.youtube.com/channel/UCSvD1S5kHsr9tvD3gDXkPkQ,2026-03-21T11:18:01.188Z,503.0,1732.556,503.0
Unboxing the iPhone Air Light Blue Bumper Case #iphone #iphoneair #bumpercase #apple #unboxing,https://www.youtube.com/watch?v=stiQWfdZevM,Parmeet Manku,https://www.youtube.com/channel/UCYFgH6vytkBLXK1do8zx3jQ,2026-03-21T11:01:07.834Z,20.0,1013.354,20.0
Crimson Desert Got Review Bombed?,https://www.youtube.com/watch?v=7r8AGD0RC_E,InkTV,https://www.youtube.com/channel/UCfB7vdi-hl4lvKUk0mkMzvg,2026-03-21T10:59:26.726Z,1094.0,101.108,101.108
The Windows Killer? Acer Chromebook Plus Spin 514 Review,https://www.youtube.com/watch?v=lSZTP4feVm4,My Next Tablet,https://www.youtube.com/channel/UCEXWYtpwPTXYThCOKLNquWw,2026-03-21T10:58:08.939Z,713.0,77.787,77.787
Chromebooks for Business 2026,https://www.youtube.com/watch?v=71Fviy7mO8I,itGenius 🤓 Biz Tech Experts,https://www.youtube.com/channel/UCjx2eTBHtU-YcGGI1x4tAWQ,2026-03-21T10:57:11.875Z,461.0,57.064,57.064
Lenovo Chromebook Plus 14 Review: The BEST Chromebook Ever Made,https://www.youtube.com/watch?v=vdNM_r-3M10,Chrome Unboxed,https://www.youtube.com/channel/UCkHgegL2XiXSlwY5zeCKKyg,2026-03-21T10:56:36.070Z,652.0,35.805,35.805
Acer Chromebook Plus 514 (2025) Unboxing & First Impressions,https://www.youtube.com/watch?v=XHFNeEmSjmY,Chrome Unboxed,https://www.youtube.com/channel/UCkHgegL2XiXSlwY5zeCKKyg,2026-03-21T10:56:07.681Z,868.0,28.389,28.389
2025 Lenovo LOQ - The Best Affordable Gaming Laptop? #laptop,https://www.youtube.com/watch?v=lGI21spWq74,Matthew Moniz,https://www.youtube.com/channel/UCVlMUh4WsDQvOxCJJXmWwdw,2026-03-21T10:56:00.874Z,38.0,6.807,6.807
The Best Laptops Announced for 2026,https://www.youtube.com/watch?v=aekZft0b6xI,Just Josh,https://www.youtube.com/channel/UCtHm9ai5zSb-yfRnnUBopAg,2026-03-21T10:54:16.017Z,931.0,104.857,104.857
Jury finds Elon Musk liable for misleading investors ahead of Twitter acquisition,https://www.youtube.com/watch?v=avP0NimOfYo,NBC News,https://www.youtube.com/channel/UCeY0bbntWzzVIaj2z3QigXg,2026-03-21T10:52:52.726Z,179.0,83.291,83.291
"2 Hours of Light Rain and Epic Thunderstorm for Focus, Relax and Sleep ⛈️",https://www.youtube.com/watch?v=jL045yR-pCY,Overtone Ambient,https://www.youtube.com/channel/UCec8E-ANt7o4wMNZxMrYdKA,2026-03-21T09:36:05.226Z,7200.0,4607.5,4607.5
"30 Minutes of Rain and Thunderstorm Sounds For Focus, Relaxing and Sleep ⛈️ Epidemic ASMR",https://www.youtube.com/watch?v=y615vOsiG5w,Overtone Ambient,https://www.youtube.com/channel/UCec8E-ANt7o4wMNZxMrYdKA,2026-03-21T09:06:05.125Z,1800.0,1800.101,1800.0
ASMR 1 Hour Oddly Satisfying Slime Wax Cracking #asmr #relaxing ##sleep #slime #wax #satisfying ,https://www.youtube.com/watch?v=QAfaUI7q6tg,Annie ASMR Wax ,https://www.youtube.com/channel/UCziS93W1VdOddqbrI1Zp7yQ,2026-03-21T08:05:33.514Z,3631.0,3631.611,3631.0
How To Put Your Weapons Away Sheathe In Crimson Desert,https://www.youtube.com/watch?v=lv7tZGD6_Zg,Gamers Heroes,https://www.youtube.com/channel/UCA0txuM5Uo2TZ0qn0tZphRg,2026-03-21T02:52:12.403Z,28.0,18801.111,28.0
The Green Inferno,https://www.youtube.com/watch?v=y5AXjQAZCdw,Andi Gemtem,https://www.youtube.com/channel/UCRUEuJP-B_sfjvtC3JtcZTA,2026-03-21T02:05:09.582Z,6055.0,2822.821,2822.821
"Massive Apple Unboxing! All the new products - MacBook Neo, Studio Displays, M5 MacBooks and more!",https://www.youtube.com/watch?v=Yj-hL38H5dc,iJustine,https://www.youtube.com/channel/UCey_c7U86mJGz1VJWH5CYPA,2026-03-21T00:39:12.773Z,546.0,5156.809,546.0
RAYE - 'Click Clack Symphony.' feat. Hans Zimmer (Official Video),https://www.youtube.com/watch?v=HtVcltkn3HI,RAYE,https://www.youtube.com/channel/UCw5z_dopYnvEL6Rc8KNKsnw,2026-03-20T21:32:52.023Z,312.0,11180.75,312.0
Click Clack Symphony. (feat. Hans Zimmer),https://music.youtube.com/watch?v=0f-doEMeI3k,RAYE - Topic,https://www.youtube.com/channel/UCvyjk7zKlaFyNIPZ-Pyvkng,2026-03-20T20:15:21.045Z,302.0,4650.978,302.0
Undo Me,https://music.youtube.com/watch?v=J5SgKzh5iuU,Yana - Topic,https://www.youtube.com/channel/UCiLnfrwzOGMYwgOwaXamVcA,2026-03-20T20:13:55.399Z,262.0,85.646,85.646
Digital Girl,https://music.youtube.com/watch?v=i_ICduxR-z4,Cherry Bomb - Topic,https://www.youtube.com/channel/UCDmUkNXMYNpNa2cD_T5QaFA,2026-03-20T19:43:21.197Z,188.0,1834.202,188.0
Must Have Been A Dream,https://music.youtube.com/watch?v=oIfgeaXJbHw,Computer Kill - Topic,https://www.youtube.com/channel/UCv9dUaz5ms7rJGOZDqpMKAw,2026-03-20T19:36:01.320Z,241.0,439.877,241.0
Light Headed,https://music.youtube.com/watch?v=1P2hDSIvu8Y,Jazzie Young - Topic,https://www.youtube.com/channel/UCfYlIkgHZGgBdJCCqgNzyew,2026-03-20T19:35:33.716Z,232.0,27.604,27.604
Rent Got SO High... Millions of People Are Living in Hotels Now,https://www.youtube.com/watch?v=-73cv64eM7Q,Social Symone ♡,https://www.youtube.com/channel/UCqBkdAuMACt37Ek6p4BemVA,2026-03-20T19:19:20.985Z,1277.0,972.731,972.731
Refilling my bottle of Eilish By Billie Eilish #billieeilish #perfume #celebrityperfume,https://www.youtube.com/watch?v=RO3I95xPaU4,Paul Reacts - Fragrance Influencer,https://www.youtube.com/channel/UCItdSScEJS_QuMPHw-zt2Jw,2026-03-20T19:18:05.260Z,87.0,75.725,75.725
Crimson Desert - 14 Things It Doesn't Tell You,https://www.youtube.com/watch?v=2wMTP-cVZyQ,IGN Guides,https://www.youtube.com/channel/UC4LKeEyIBI7kyntQMFXTh0Q,2026-03-20T19:17:26.152Z,624.0,39.108,39.108
Iran UNLEASHES Intense Retaliation on Gulf Oil Facilities,https://www.youtube.com/watch?v=8j1FKeJYQOI,New York Post,https://www.youtube.com/channel/UCrvhNP_lWuPIP6QZzJmM-bw,2026-03-20T19:17:02.466Z,122.0,23.686,23.686
Naomi Scott - Gracie (Official Video),https://www.youtube.com/watch?v=S-eq46TXrdM,Naomi Scott,https://www.youtube.com/channel/UC5rlJ6TyfO5_K8_EfGDoKdA,2026-03-20T19:13:36.214Z,178.0,206.252,178.0
Turning my Millennial Grey Apartment into a *Romcom Set* ✨🏡 (miss honey meets you've got mail!),https://www.youtube.com/watch?v=8li-Jl-iMuQ,Darling Desi,https://www.youtube.com/channel/UCG194dcgO3jBKxaBbY4Gc4Q,2026-03-20T18:58:58.974Z,1593.0,877.24,877.24
Lavish Lilac Cottage - Disney Dreamlight Valley,https://www.youtube.com/watch?v=kHU5Z03gj20,Dreamlight Anya 🌙,https://www.youtube.com/channel/UCyNce6sQ5WkShGOUALdTGdQ,2026-03-20T18:58:42.644Z,39.0,16.33,16.33
The speedbuild is now live on my YT page! 🦋🦋 #disneydreamlightvalley #dreamlightvalley #ddlv #ddv,https://www.youtube.com/watch?v=YNpg38b4Jng,Dreamlight Anya 🌙,https://www.youtube.com/channel/UCyNce6sQ5WkShGOUALdTGdQ,2026-03-20T18:58:40.622Z,21.0,2.022,2.022
Mulan Glade of Trust Showcase!  Disney Dreamlight Valley 🌸,https://www.youtube.com/watch?v=J1kGa1mk5Ow,Dreamlight Anya 🌙,https://www.youtube.com/channel/UCyNce6sQ5WkShGOUALdTGdQ,2026-03-20T18:58:38.733Z,60.0,1.889,1.889
Disney Dreamlight Valley Spooky Carnival/Fortune Teller’s Tent! #shorts #ddlv #dreamlightvalley #ddv,https://www.youtube.com/watch?v=mpXQzIsncmI,Dreamlight Anya 🌙,https://www.youtube.com/channel/UCyNce6sQ5WkShGOUALdTGdQ,2026-03-20T18:58:36.420Z,19.0,2.313,2.313
GIVEAWAY WINNER FOR THE WISHBLOSSOM RANCH DELUXE EDITION! Congrats @lorib1311 !! #ddlvcommunity,https://www.youtube.com/watch?v=XAe-rLgUsrQ,Dreamlight Anya 🌙,https://www.youtube.com/channel/UCyNce6sQ5WkShGOUALdTGdQ,2026-03-20T18:58:32.314Z,23.0,4.106,4.106
EASY TINKERBELL PIXIE ACRES BUILD - Disney Dreamlight Valley!,https://www.youtube.com/watch?v=z_4d0HK_F9A,Dreamlight Anya 🌙,https://www.youtube.com/channel/UCyNce6sQ5WkShGOUALdTGdQ,2026-03-20T18:58:30.413Z,153.0,1.901,1.901
Oasis Resort in Disney Dreamlight Valley 🏖️ #disneydreamlightvalley #ddlv #ddlvcommunity #ddv,https://www.youtube.com/watch?v=V8tV_Urjwq0,Dreamlight Anya 🌙,https://www.youtube.com/channel/UCyNce6sQ5WkShGOUALdTGdQ,2026-03-20T18:58:26.594Z,22.0,3.819,3.819
Rose Palace / Bridgerton Floating Island in #disneydreamlightvalley ! #ddlv #dreamlightvalley #ddv,https://www.youtube.com/watch?v=S7KUVoRSXjY,Dreamlight Anya 🌙,https://www.youtube.com/channel/UCyNce6sQ5WkShGOUALdTGdQ,2026-03-20T18:58:21.427Z,38.0,5.167,5.167
Christmas Village Ice Rink in Wishblossom Ranch - Disney Dreamlight Valley #dreamlightvalley #ddlv,https://www.youtube.com/watch?v=V0NzHUE8UvI,Dreamlight Anya 🌙,https://www.youtube.com/channel/UCyNce6sQ5WkShGOUALdTGdQ,2026-03-20T18:58:19.403Z,32.0,2.024,2.024
Pixie Acres Fairy Village in Wishblossom Ranch - Disney Dreamlight Valley!,https://www.youtube.com/watch?v=zeY9d6QXth8,Dreamlight Anya 🌙,https://www.youtube.com/channel/UCyNce6sQ5WkShGOUALdTGdQ,2026-03-20T18:58:15.097Z,43.0,4.306,4.306
Elegant & Regal Plaza in Disney Dreamlight Valley!,https://www.youtube.com/watch?v=VPqcv4wsJMQ,Dreamlight Anya 🌙,https://www.youtube.com/channel/UCyNce6sQ5WkShGOUALdTGdQ,2026-03-20T18:58:09.267Z,57.0,5.83,5.83
Witchy Apothecary in Dreamlight Valley! #ddlv #dreamlightvalley #disneydreamlightvalley #halloween,https://www.youtube.com/watch?v=zNmWx6dEs90,Dreamlight Anya 🌙,https://www.youtube.com/channel/UCyNce6sQ5WkShGOUALdTGdQ,2026-03-20T18:58:07.627Z,16.0,1.64,1.64
Halloween Witchy Corner in The Forgotten Lands - Dreamlight Valley #dreamlightvalley #ddlv #disney,https://www.youtube.com/watch?v=Z_ACb3DIQ5k,Dreamlight Anya 🌙,https://www.youtube.com/channel/UCyNce6sQ5WkShGOUALdTGdQ,2026-03-20T18:58:01.976Z,16.0,5.651,5.651
Mythopia Garden in Disney Dreamlight Valley 🏛️✨  #disneydreamlightvalley #ddlv #ddlvcommunity #ddv,https://www.youtube.com/watch?v=AZg1OJqrCzE,Dreamlight Anya 🌙,https://www.youtube.com/channel/UCyNce6sQ5WkShGOUALdTGdQ,2026-03-20T18:57:55.115Z,40.0,6.861,6.861
HOLIDAY MAIN STREET FLOATING ISLAND DESIGN - Disney Dreamlight Valley,https://www.youtube.com/watch?v=csx-fjKKTWA,Dreamlight Anya 🌙,https://www.youtube.com/channel/UCyNce6sQ5WkShGOUALdTGdQ,2026-03-20T18:57:53.084Z,34.0,2.031,2.031
Cyberpunk City in Dreamlight Valley! Speedbuild posted on my Youtube! #disneydreamlightvalley #ddlv,https://www.youtube.com/watch?v=_kGl9Bvgf_I,Dreamlight Anya 🌙,https://www.youtube.com/channel/UCyNce6sQ5WkShGOUALdTGdQ,2026-03-20T18:57:46.222Z,40.0,6.862,6.862
How to put objects inside the Neverland River Kit! #disneydreamlightvalley #dreamlightvalley #ddlv,https://www.youtube.com/watch?v=2ThYFZ2yMsk,Dreamlight Anya 🌙,https://www.youtube.com/channel/UCyNce6sQ5WkShGOUALdTGdQ,2026-03-20T18:57:43.821Z,69.0,2.401,2.401
Disney Dreamlight Valley Winter Holiday Bundle Plaza! #disneydreamlightvalley #dreamlightvalley #ddv,https://www.youtube.com/watch?v=YGrhLo3F46g,Dreamlight Anya 🌙,https://www.youtube.com/channel/UCyNce6sQ5WkShGOUALdTGdQ,2026-03-20T18:57:41.997Z,38.0,1.824,1.824
Transforming my Plaza in #disneydreamlightvalley into a Witchy Town! #disney #dreamlightvalley #ddlv,https://www.youtube.com/watch?v=TRUJZqScJYE,Dreamlight Anya 🌙,https://www.youtube.com/channel/UCyNce6sQ5WkShGOUALdTGdQ,2026-03-20T18:57:39.249Z,31.0,2.748,2.748
Jasmine’s Palace Courtyard in Dreamlight Valley! #ddlv #disneydreamlightvalley #ddlvcommunity #ddv,https://www.youtube.com/watch?v=62JIQlIEyBY,Dreamlight Anya 🌙,https://www.youtube.com/channel/UCyNce6sQ5WkShGOUALdTGdQ,2026-03-20T18:57:36.468Z,34.0,2.781,2.781
Cruella De Vil Estate - Disney Dreamlight Valley Wishblossom Ranch 🖤 #disneydreamlightvalley #ddlv,https://www.youtube.com/watch?v=3SjmJwvEK_I,Dreamlight Anya 🌙,https://www.youtube.com/channel/UCyNce6sQ5WkShGOUALdTGdQ,2026-03-20T18:57:34.400Z,30.0,2.068,2.068
Cherry Blossom City 🌸 in Dreamlight Valley! #ddlvcommunity #disneydreamlightvalley #ddlv #ddv,https://www.youtube.com/watch?v=b1qM9xncuIs,Dreamlight Anya 🌙,https://www.youtube.com/channel/UCyNce6sQ5WkShGOUALdTGdQ,2026-03-20T18:57:23.371Z,19.0,11.029,11.029
HAUNTED MANSION ACADEMY BUILD | Disney Dreamlight Valley | Dark Academia Floating Island Design,https://www.youtube.com/watch?v=unoC00qdIqQ,Dreamlight Anya 🌙,https://www.youtube.com/channel/UCyNce6sQ5WkShGOUALdTGdQ,2026-03-20T18:57:20.716Z,27.0,2.655,2.655
Pet Shop House Skin in Dreamlight Valley! (Speedbuild coming soon!),https://www.youtube.com/watch?v=9GOPZ8WUgFc,Dreamlight Anya 🌙,https://www.youtube.com/channel/UCyNce6sQ5WkShGOUALdTGdQ,2026-03-20T18:57:14.698Z,28.0,6.018,6.018
Coastal Seaside Docks Build! Full Speedbuild in my channel! 🛥️ 🌴,https://www.youtube.com/watch?v=5hIR1XhPhf0,Dreamlight Anya 🌙,https://www.youtube.com/channel/UCyNce6sQ5WkShGOUALdTGdQ,2026-03-20T18:57:03.560Z,31.0,11.138,11.138
Fall Peaceful Meadow Town/City Design | Disney Dreamlight Valley Build!,https://www.youtube.com/watch?v=vhDEaAZETBQ,Dreamlight Anya 🌙,https://www.youtube.com/channel/UCyNce6sQ5WkShGOUALdTGdQ,2026-03-20T18:57:01.930Z,31.0,1.63,1.63
"Snowy Ski Chalet in Disney Dreamlight Valley, Wishblossom Ranch!",https://www.youtube.com/watch?v=xTWaJe1C3dM,Dreamlight Anya 🌙,https://www.youtube.com/channel/UCyNce6sQ5WkShGOUALdTGdQ,2026-03-20T18:56:58.807Z,33.0,3.123,3.123
Mossy Castle in Dazzle Beach 🏰 Dreamlight Valley #ddlv #disneydreamlightvalley #dreamlightvalley,https://www.youtube.com/watch?v=G6qwv5sOABg,Dreamlight Anya 🌙,https://www.youtube.com/channel/UCyNce6sQ5WkShGOUALdTGdQ,2026-03-20T18:56:56.400Z,18.0,2.407,2.407
POV: October 31st just ended🎄Here comes the holidays at Disney Dreamlight Valley! #dreamlightvalley,https://www.youtube.com/watch?v=7hI6Do0K5dY,Dreamlight Anya 🌙,https://www.youtube.com/channel/UCyNce6sQ5WkShGOUALdTGdQ,2026-03-20T18:56:39.400Z,19.0,17.0,17.0
Agrabah Glittering Dunes in Dreamlight Valley! #ddlv #ddlvcommunity #ddv #disneydreamlightvalley,https://www.youtube.com/watch?v=-IcPPOLFN1Y,Dreamlight Anya 🌙,https://www.youtube.com/channel/UCyNce6sQ5WkShGOUALdTGdQ,2026-03-20T18:56:34.917Z,36.0,4.483,4.483
Fairycore Floating Island! Full speed build on youtube! #disneydreamlightvalley #dreamlightvalley,https://www.youtube.com/watch?v=7NJ2dUzuI5I,Dreamlight Anya 🌙,https://www.youtube.com/channel/UCyNce6sQ5WkShGOUALdTGdQ,2026-03-20T18:56:28.369Z,18.0,6.548,6.548
SNEAK PEEK of my Romantic Valentine’ s Plaza! Disney Dreamlight Valley Deluxe Springtime Bundle! 🌸,https://www.youtube.com/watch?v=pmmJYEPvcsI,Dreamlight Anya 🌙,https://www.youtube.com/channel/UCyNce6sQ5WkShGOUALdTGdQ,2026-03-20T18:56:20.643Z,37.0,7.726,7.726
Final Crimson Desert Tips That Make a Big Difference,https://www.youtube.com/watch?v=aILIousTq_0,Luke Stephens CLIPS,https://www.youtube.com/channel/UCCT0-fxrMR-2Jv-DNs-MSHA,2026-03-20T18:47:06.789Z,400.0,553.854,400.0
Crimson Desert Just Got A New Patch Update But What Has Changed?,https://www.youtube.com/watch?v=tyXB7l6vhEk,Open World Games,https://www.youtube.com/channel/UCp-2EdzeeYwdecqMoXmHIQw,2026-03-20T16:04:26.700Z,1348.0,9760.089,1348.0
The Sun,https://music.youtube.com/watch?v=YAjJXcd0y18,Brittany Broski - Topic,https://www.youtube.com/channel/UCjgnxg8Yhz2H3zqypi48Wdg,2026-03-20T15:36:27.314Z,211.0,1679.386,211.0
Stay With Me,https://music.youtube.com/watch?v=1hCLSFoQhG8,Nessa Barrett - Topic,https://www.youtube.com/channel/UCn81HiOrP7OO3SkdGvR6HPA,2026-03-20T15:32:40.084Z,228.0,227.23,227.23
Special To You,https://music.youtube.com/watch?v=snFV_DSmUbI,Nessa Barrett - Topic,https://www.youtube.com/channel/UCn81HiOrP7OO3SkdGvR6HPA,2026-03-20T15:29:57.831Z,162.0,162.253,162.0
High On Heaven,https://music.youtube.com/watch?v=YMcs1-oaokE,Nessa Barrett - Topic,https://www.youtube.com/channel/UCn81HiOrP7OO3SkdGvR6HPA,2026-03-20T15:29:40.235Z,200.0,17.596,17.596
Buffalo 66,https://music.youtube.com/watch?v=UDXCcI3QTKw,Nessa Barrett - Topic,https://www.youtube.com/channel/UCn81HiOrP7OO3SkdGvR6HPA,2026-03-20T15:25:12.666Z,268.0,267.569,267.569
Venom,https://music.youtube.com/watch?v=xjeDkBPiffw,Nessa Barrett - Topic,https://www.youtube.com/channel/UCn81HiOrP7OO3SkdGvR6HPA,2026-03-20T15:22:54.817Z,185.0,137.849,137.849
Black Haired Madonna,https://music.youtube.com/watch?v=nWDcnZaQ03A,Nessa Barrett - Topic,https://www.youtube.com/channel/UCn81HiOrP7OO3SkdGvR6HPA,2026-03-20T15:18:37.590Z,213.0,257.227,213.0
Moulin Rouge,https://music.youtube.com/watch?v=nbhEJtJJ6jo,Nessa Barrett - Topic,https://www.youtube.com/channel/UCn81HiOrP7OO3SkdGvR6HPA,2026-03-20T12:43:54.283Z,191.0,9283.307,191.0
West Coast Prayer,https://music.youtube.com/watch?v=KpSutOku9ow,Nessa Barrett - Topic,https://www.youtube.com/channel/UCn81HiOrP7OO3SkdGvR6HPA,2026-03-20T12:42:01.506Z,211.0,112.777,112.777
Loving Life Again,https://music.youtube.com/watch?v=UQA0ta4aEwc,ella langley - Topic,https://www.youtube.com/channel/UCecnyZYofHiBVDJpx1XNYOQ,2026-03-20T12:41:25.592Z,227.0,35.914,35.914
"Raspberry Pi Laptop: Great execution, terrible timing",https://www.youtube.com/watch?v=Ef70x0izkFU,Jeff Geerling,https://www.youtube.com/channel/UCR-DXc1voovS8nhAvccRZhg,2026-03-20T03:44:09.597Z,650.0,32235.995,650.0
How to turn off Motion Blur & Camera Shake | Crimson Desert,https://www.youtube.com/watch?v=2-2Wd8aFtbM,TroubleChute,https://www.youtube.com/channel/UCkih2oVTbXPEpVwE-U7kmHw,2026-03-20T03:43:06.643Z,66.0,62.954,62.954
"Pentagon seeks $200 billion in additional funds for the Iran war, AP source says",https://www.youtube.com/watch?v=FI_-LuWQVfA,PIX11 News,https://www.youtube.com/channel/UCnWi59TPymx0_qt7PX3VeNA,2026-03-20T03:42:39.767Z,97.0,26.876,26.876
Is 6 years too much for a gaming laptop? - 2020 Asus G14 in 2026!,https://www.youtube.com/watch?v=zhxEB5n_9DQ,Pixelosophy,https://www.youtube.com/channel/UC1WxbpquhzMkrWBi9AwPogA,2026-03-20T03:41:38.596Z,755.0,61.171,61.171
Introducing open_slate: A Powerful and Private 2-in-1 Tablet,https://www.youtube.com/watch?v=dyEYum3cIQQ,Brax Technologies,https://www.youtube.com/channel/UCor1KVluhm0v_lajNhI1siA,2026-03-20T03:38:08.919Z,394.0,209.677,209.677
The Scholastic Book Fair Computer,https://www.youtube.com/watch?v=xbsCJbU6JSo,Michael MJD,https://www.youtube.com/channel/UCS-WzPVpAAli-1IfEG2lN8A,2026-03-20T02:51:41.455Z,1566.0,2787.464,1566.0
My Quiet Life Alone in a Treehouse,https://www.youtube.com/watch?v=9DMx7VPa0lc,Roots in the Wild,https://www.youtube.com/channel/UC-ntOdSNDZ7rt4CAoy4N6Vg,2026-03-20T02:49:39.012Z,847.0,122.443,122.443
Israel Prime Minister Benjamin Netanyahu's Full Statement to Foreign Press on Operation Roaring Lion,https://www.youtube.com/watch?v=NnSwJaRBLdE,CBN News,https://www.youtube.com/channel/UCYI_ychRnL7sJrG6PUSBpQA,2026-03-20T02:43:32.091Z,471.0,366.921,366.921
Crimson Desert - 14 Things It Doesn't Tell You,https://www.youtube.com/watch?v=LydSr1IIskM,IGN,https://www.youtube.com/channel/UCKy1dAqELo0zrOtPkf0eTMw,2026-03-20T01:05:57.313Z,624.0,5854.778,624.0
"I Feel Happier in Da Nang, Vietnam Than in the U.S. - Here's Why (Interview w/@WhatSusanDoes)",https://www.youtube.com/watch?v=sZt1_Qrtd0I,Americans Living Abroad,https://www.youtube.com/channel/UCeguwr86nwMUTwL5G2XYrdQ,2026-03-20T01:04:31.549Z,889.0,85.764,85.764
I Left the U.S. With $500… Now I Live in Vietnam (Da Nang Apartment Tour),https://www.youtube.com/watch?v=Fy-unALWMg0,Americans Living Abroad,https://www.youtube.com/channel/UCeguwr86nwMUTwL5G2XYrdQ,2026-03-20T01:03:21.455Z,1766.0,70.094,70.094
I Left The U.S. For China — Here's How Much It Costs,https://www.youtube.com/watch?v=e9v2wBwDXls,CNBC Make It,https://www.youtube.com/channel/UCH5_L3ytGbBziX0CLuYdQ1Q,2026-03-20T01:02:28.957Z,646.0,52.498,52.498
Life Behind the Firewall: The real life in China,https://www.youtube.com/watch?v=zchQDcqfWaM,Mia chen,https://www.youtube.com/channel/UCFlpOZ-gJI6OcS-ymLcamcw,2026-03-20T00:55:33.095Z,628.0,415.862,415.862
"This is My House in Shanghai, CHINA 🇨🇳",https://www.youtube.com/watch?v=sfVMbahAWkY,Always Away,https://www.youtube.com/channel/UCa8O-AC-059d6as5tGWckfA,2026-03-20T00:54:00.896Z,1368.0,92.199,92.199
White Fox is Not Really a Support,https://www.youtube.com/watch?v=d-ixKKCnchc,TDTwo,https://www.youtube.com/channel/UCtctICq7h67zuIPqqOtffdg,2026-03-20T00:53:26.765Z,748.0,34.131,34.131
"I Live in a MALL in CHINA | Apartment Tour, Life in Shanghai 🇨🇳",https://www.youtube.com/watch?v=nWkQx51qnqg,Always Away,https://www.youtube.com/channel/UCa8O-AC-059d6as5tGWckfA,2026-03-20T00:49:00.074Z,1384.0,266.691,266.691
Crimson Desert #1,https://www.youtube.com/watch?v=5mM-iCduYeI,Clem,https://www.youtube.com/channel/UCPGPz6l4nhNAE28oVAO1vQQ,2026-03-20T00:21:31.242Z,4237.0,1648.832,1648.832
This tiny NYC Apartment goes for $350 a month!,https://www.youtube.com/watch?v=HW4LSaJs7fo,CALEB SIMPSON,https://www.youtube.com/channel/UCOrE6g6E4HwdUWaZeITOAaQ,2026-03-19T22:33:39.596Z,427.0,6471.646,427.0
This tiny NYC apartment goes for $650 a month!,https://www.youtube.com/watch?v=_T7Wpg7A_xw,CALEB SIMPSON,https://www.youtube.com/channel/UCOrE6g6E4HwdUWaZeITOAaQ,2026-03-19T22:29:16.665Z,359.0,262.931,262.931
Jesus Simulator - Official Trailer,https://www.youtube.com/watch?v=EzD7vlbWz-M,IGN,https://www.youtube.com/channel/UCKy1dAqELo0zrOtPkf0eTMw,2026-03-19T22:27:46.515Z,72.0,90.15,72.0
LumenTale: Memories of Trey | Release Date Trailer,https://www.youtube.com/watch?v=zecu2205rQY,LumenTale | Beehive Studios,https://www.youtube.com/channel/UCkQwcDc329-EcL-SXmveOZQ,2026-03-19T22:25:02.868Z,177.0,163.647,163.647
A Couple Breaks Up During my Comedy Show 😱,https://www.youtube.com/watch?v=p7TQ_cvdL4c,Atsuko Okatsuka,https://www.youtube.com/channel/UCp_jbSj7zcQxLezB0uJ-fWw,2026-03-19T22:24:35.106Z,229.0,27.762,27.762
Ghost - Mary On A Cross (Official Music Video),https://www.youtube.com/watch?v=bpY6gGjjy5I,Ghost,https://www.youtube.com/channel/UCAOiVaJJlH0Oduv48NN0mMA,2026-03-19T22:23:35.043Z,245.0,60.063,60.063
Hilary Duff: Roommates | The Tonight Show Starring Jimmy Fallon,https://www.youtube.com/watch?v=T3n3NgLNHL0,The Tonight Show Starring Jimmy Fallon,https://www.youtube.com/channel/UC8-Th83bH_thdKZDJCrn88g,2026-03-19T22:22:01.292Z,215.0,93.751,93.751
"How to get Crimson Desert For FREE (Before You Buy) | Steam, PS5, Xbox ✅",https://www.youtube.com/watch?v=7htDHiBhafM,secretdetoile,https://www.youtube.com/channel/UCxoZkMEbanIq5sp3mkGDxzQ,2026-03-19T22:21:53.710Z,308.0,7.582,7.582
MattstaGraham - Caffeine - With Lyrics,https://www.youtube.com/watch?v=NFCqvDN19Cw,goodtimestobehad,https://www.youtube.com/channel/UCnU_s62BH_YiUuwacaZr43w,2026-03-19T21:54:48.911Z,201.0,1624.799,201.0
"The Marshall Tucker Band ""Can't You See""",https://www.youtube.com/watch?v=5KaAOrjKVJI,The Marshall Tucker Band,https://www.youtube.com/channel/UCCVS5a-uiv2HMin6iy476EA,2026-03-19T21:30:19.353Z,366.0,1469.558,366.0
How to record video on a Pixelbook Go,https://www.youtube.com/watch?v=NtZg9Btrl28,TechRepublic,https://www.youtube.com/channel/UCztLyc4b7vXy_ui-_BGdMRQ,2026-03-19T19:26:25.924Z,143.0,7433.429,143.0
Fuck everything #johnwitherspoon  #comedy,https://www.youtube.com/watch?v=z_88wieQJrM,LEAP Industries,https://www.youtube.com/channel/UCeb3XEu7xGWs2Z1w_aKCMaw,2026-03-19T19:17:51.207Z,12.0,514.717,12.0
Olivia Rodrigo Makes Chicken Lumpia | Now Serving | Vogue,https://www.youtube.com/watch?v=3sf3CbHJxpM,Vogue,https://www.youtube.com/channel/UCRXiA3h1no_PFkb1JCP0yMA,2026-03-19T18:22:12.055Z,700.0,3339.152,700.0
WATCH LIVE: Senate convenes as Pentagon reportedly asks for billions more in funding for Iran war,https://www.youtube.com/watch?v=2qWRDA8lYLc,PBS NewsHour,https://www.youtube.com/channel/UC6ZFN9Tx6xh-skXCuRHCDpQ,2026-03-19T17:59:06.332Z,34367.0,1385.723,1385.723
Fable Gameplay Overview | Xbox Developer Direct 2026,https://www.youtube.com/watch?v=r-vsKE1D6Nw,GameSpot,https://www.youtube.com/channel/UCbu2SsF-Or3Rsn3NxqODImw,2026-03-19T17:54:33.041Z,654.0,273.291,273.291
Monster Hunter Stories 3 - ULTIMATE Gameplay Review After 200 Hours! It's Everything We Thought?!,https://www.youtube.com/watch?v=tGzwlN9ffTA,Arekkz Gaming,https://www.youtube.com/channel/UC-zjH-e5XBzMpy_VtwIGRxQ,2026-03-19T17:48:07.663Z,833.0,385.378,385.378
So I Played Crimson Desert Early And... WOW.,https://www.youtube.com/watch?v=2wQPz5VZJTg,InkTV,https://www.youtube.com/channel/UCfB7vdi-hl4lvKUk0mkMzvg,2026-03-19T17:48:02.560Z,1839.0,5.103,5.103
'Crimson Desert' amazed me... [REVIEW],https://www.youtube.com/watch?v=zytQQZVqdCQ,Luke Stephens,https://www.youtube.com/channel/UCe4_UPAmhz2sqorGbF8oZHA,2026-03-19T17:48:01.836Z,1849.0,0.724,0.724
Crimson Desert Is Probably Game of the Year for Many (100 Hour Review),https://www.youtube.com/watch?v=t8GVgxiQUTU,WolfheartFPS,https://www.youtube.com/channel/UCi3RdvCWYMzdF-iUgG_0xLQ,2026-03-19T17:48:00.761Z,2457.0,1.075,1.075
EMERGENCY Patch Just Hit Season 7  | First Look at Every New Hero Balance Change | Marvel Rivals,https://www.youtube.com/watch?v=ivzVu_iz9xw,Cozy Rivals,https://www.youtube.com/channel/UCOzaso7QxXulLZc9fXxcg5A,2026-03-19T17:46:42.311Z,718.0,78.45,78.45
Crimson Desert Will Be Elevated By Its Community... #gaming,https://www.youtube.com/watch?v=Gcm-43TS7mQ,Luke Stephens,https://www.youtube.com/channel/UCe4_UPAmhz2sqorGbF8oZHA,2026-03-19T15:06:10.782Z,78.0,9631.529,78.0
Samsung Galaxy S25 Edge - “Real Review”,https://www.youtube.com/watch?v=O3tifEOvViA,Flossy Carter,https://www.youtube.com/channel/UCFfCqe7b9YiDk2ZiAG8UIGA,2026-03-19T14:27:59.410Z,3190.0,2291.372,2291.372
"I ""Finished"" Crimson Desert - My Full Review",https://www.youtube.com/watch?v=bDGYUttoG50,KhrazeGaming,https://www.youtube.com/channel/UCFXUSG_393wZJaRTErU6Pjw,2026-03-19T14:26:30.115Z,1836.0,89.295,89.295
"Samsung Galaxy Tab S11 Ultra - TIPS, TRICKS & HIDDEN FEATURES!!!",https://www.youtube.com/watch?v=RUdQauZ5zE4,Hayls World,https://www.youtube.com/channel/UCIxLxlan8q9WA7sjuq6LdTQ,2026-03-19T13:50:45.629Z,733.0,2144.486,733.0
Dry Spell,https://music.youtube.com/watch?v=_GrZRne_08s,Kacey Musgraves - Topic,https://www.youtube.com/channel/UC87QNTF9qgTwe8KKN1V8NGw,2026-03-19T13:47:24.180Z,198.0,201.449,198.0
Nice To Each Other,https://music.youtube.com/watch?v=Psvc4Sex2h8,Olivia Dean - Topic,https://www.youtube.com/channel/UC6GBKGYX6b3guHlqHLx6IzQ,2026-03-19T13:36:34.304Z,209.0,649.876,209.0
Beautiful Things,https://music.youtube.com/watch?v=eLhSxOAaWmg,Benson Boone - Topic,https://www.youtube.com/channel/UChN7Bcek6HoXA-j8K8T7olQ,2026-03-19T13:33:34.217Z,181.0,180.087,180.087
They're Attacking Crimson Desert...,https://www.youtube.com/watch?v=1GhG9CrheJo,MathChief - The Best of Gaming!,https://www.youtube.com/channel/UC2lJPgRa6PeDNLUqlCCmDAQ,2026-03-19T13:17:45.530Z,521.0,948.687,521.0
Crimson Desert - The Reviews Are IN...,https://www.youtube.com/watch?v=pwSLuvyGxpI,Matty Slop,https://www.youtube.com/channel/UCkziTXH91ysnMZSFn7nF26Q,2026-03-19T12:55:03.093Z,1190.0,1362.437,1190.0
I’ve Played 80 Hours of Crimson Desert (Review),https://www.youtube.com/watch?v=j1yd7ubCxBI,Force Gaming,https://www.youtube.com/channel/UCGhs9S33RAeT5DEuKTO4Oew,2026-03-19T12:53:36.275Z,1773.0,86.818,86.818
Crimson Desert - A New Warning Before You Play! Devs Big Response and New Updates!,https://www.youtube.com/watch?v=i8RhgaohavQ,Open World Games,https://www.youtube.com/channel/UCp-2EdzeeYwdecqMoXmHIQw,2026-03-19T12:53:15.677Z,1112.0,20.598,20.598
Crimson Desert - Before You Buy,https://www.youtube.com/watch?v=5axTCm2cj-s,gameranx,https://www.youtube.com/channel/UCNvzD7Z-g64bPXxGzaQaa4g,2026-03-19T12:52:58.487Z,1084.0,17.19,17.19
Crimson Desert Short Form Review,https://www.youtube.com/watch?v=OxNojWhRMi4,GameSpot,https://www.youtube.com/channel/UCbu2SsF-Or3Rsn3NxqODImw,2026-03-19T12:31:42.347Z,52.0,1276.14,52.0
What we think of Crimson Desert so far,https://www.youtube.com/watch?v=IsIX-LroG5A,IGN,https://www.youtube.com/channel/UCKy1dAqELo0zrOtPkf0eTMw,2026-03-19T12:31:24.435Z,63.0,17.912,17.912
I’m 60 Hours Into Crimson Desert… and Still Not Even Close,https://www.youtube.com/watch?v=GyNj3QEDs9A,Luke Stephens,https://www.youtube.com/channel/UCe4_UPAmhz2sqorGbF8oZHA,2026-03-19T04:05:02.903Z,47.0,30381.532,47.0
I Spent 1 Year Making a Naruto VS Sasuke Scene,https://www.youtube.com/watch?v=jDKI-gcBYKo,Jalex Rosa,https://www.youtube.com/channel/UCffJ1FVezQOjDWSlJSLZRUw,2026-03-19T04:03:57.852Z,682.0,65.051,65.051
"Crimson Desert | RTX 5050, 5060, 5060 Ti, 5070, 5080, 5090",https://www.youtube.com/watch?v=Eh8nm5EQpLE,Geralt Benchmarks,https://www.youtube.com/channel/UCkve7BbsvIe8_q-LHcnmftA,2026-03-19T04:02:31.318Z,1680.0,86.534,86.534
"I played 200 Hours of Crimson Desert, Where's what I found.",https://www.youtube.com/watch?v=eUWewYbfgJk,SwanyPlaysGames,https://www.youtube.com/channel/UCML6vMJHDhC_FpDhJFr5aZw,2026-03-19T03:59:07.863Z,2007.0,203.455,203.455
Shyvana Rework Abilities | VGU Ability Reveal & Gameplay,https://www.youtube.com/watch?v=Evw6Uffm4rQ,SkinSpotlights,https://www.youtube.com/channel/UC0NwzCHb8Fg89eTB5eYX17Q,2026-03-19T03:56:46.284Z,124.0,141.579,124.0
My Crimson Desert Review After 100 Hours,https://www.youtube.com/watch?v=faKy3l9agxY,Paul Tassi,https://www.youtube.com/channel/UCg6K8i6OGobyZNoPIsCW9uQ,2026-03-19T03:39:53.153Z,1705.0,1013.131,1013.131
Crimson Desert Is Probably Game of the Year for Many (100 Hour Review),https://www.youtube.com/watch?v=t8GVgxiQUTU,WolfheartFPS,https://www.youtube.com/channel/UCi3RdvCWYMzdF-iUgG_0xLQ,2026-03-19T02:16:45.342Z,2457.0,4987.811,2457.0
So I Played Crimson Desert Early And... WOW.,https://www.youtube.com/watch?v=2wQPz5VZJTg,InkTV,https://www.youtube.com/channel/UCfB7vdi-hl4lvKUk0mkMzvg,2026-03-19T01:51:39.956Z,1839.0,1505.386,1505.386
Crimson Desert Review - Close to Perfection,https://www.youtube.com/watch?v=s3X0itNlcw8,FightinCowboy,https://www.youtube.com/channel/UC9N0DmacOi4iWKQyygX89OQ,2026-03-19T01:50:45.740Z,2676.0,54.216,54.216
Trump keeps lashing out at NATO allies as U.S. hits Iranian forces near Strait of Hormuz,https://www.youtube.com/watch?v=hEihj5CIHRg,CBS News,https://www.youtube.com/channel/UC8p1vwvWtl6T73JiExfWs1g,2026-03-19T01:49:15.365Z,314.0,90.375,90.375
"I ""Finished"" Crimson Desert - My Full Review",https://www.youtube.com/watch?v=bDGYUttoG50,KhrazeGaming,https://www.youtube.com/channel/UCFXUSG_393wZJaRTErU6Pjw,2026-03-19T01:46:29.064Z,1836.0,166.301,166.301
Crimson Desert - ULTIMATE Gameplay Review After 150 Hours! Did It Live Up To The Hype?,https://www.youtube.com/watch?v=C2nRhyHIGBk,Arekkz Gaming,https://www.youtube.com/channel/UC-zjH-e5XBzMpy_VtwIGRxQ,2026-03-19T00:39:37.323Z,906.0,4011.741,906.0
Oblivion #8,https://www.youtube.com/watch?v=nf34GbSODG8,Clem,https://www.youtube.com/channel/UCPGPz6l4nhNAE28oVAO1vQQ,2026-03-19T00:39:22.828Z,2833.0,14.495,14.495
Crimson Desert Review So Far - Impressions After 110+ Hours,https://www.youtube.com/watch?v=r20oxJ3bScI,IGN,https://www.youtube.com/channel/UCKy1dAqELo0zrOtPkf0eTMw,2026-03-19T00:01:29.207Z,832.0,2273.621,832.0
Crimson Desert - Before You Buy,https://www.youtube.com/watch?v=5axTCm2cj-s,gameranx,https://www.youtube.com/channel/UCNvzD7Z-g64bPXxGzaQaa4g,2026-03-18T23:55:45.535Z,1084.0,343.672,343.672
'Crimson Desert' amazed me... [REVIEW],https://www.youtube.com/watch?v=zytQQZVqdCQ,Luke Stephens,https://www.youtube.com/channel/UCe4_UPAmhz2sqorGbF8oZHA,2026-03-18T22:58:31.412Z,1849.0,3434.123,1849.0
Bottoming Longevity: A Rectal Doctor's Golden Rules,https://www.youtube.com/watch?v=jgcqvHImIPs,All Out with Jon Dean,https://www.youtube.com/channel/UCM31I9HVobXrA6fbINrBp8w,2026-03-18T22:57:27.149Z,1453.0,64.263,64.263
"WATCH: ‘You’re evading a question,’ Sen. Ossoff tells Gabbard about her intelligence role",https://www.youtube.com/watch?v=hi1JnyY2VIU,PBS NewsHour,https://www.youtube.com/channel/UC6ZFN9Tx6xh-skXCuRHCDpQ,2026-03-18T20:28:28.950Z,484.0,8938.199,484.0
Cat Parents - Official Cinematic Announcement Trailer,https://www.youtube.com/watch?v=-Eyc7VGdgLg,GameTrailers,https://www.youtube.com/channel/UCJx5KP-pCUmL9eZUv-mIcNw,2026-03-18T20:27:08.023Z,116.0,80.927,80.927
Hilary Duff Eats Her Last Meal,https://www.youtube.com/watch?v=KR_e1IY3S4k,Mythical Kitchen,https://www.youtube.com/channel/UCXGR70CkW_pXb8n52LzCCRw,2026-03-18T20:24:05.856Z,3003.0,182.167,182.167
I Tried Making Homemade Coca Cola | Claire Recreates,https://www.youtube.com/watch?v=9f3ZO4N0RC8,Claire Saffitz x Dessert Person,https://www.youtube.com/channel/UCvw6Y1kr_8bp6B5m1dqNyiw,2026-03-18T20:22:04.927Z,2046.0,120.929,120.929
I Tested 1-Star vs 5-Star Cruises,https://www.youtube.com/watch?v=jUPC588Q7RY,Hangtime,https://www.youtube.com/channel/UC3wc2MERkKAqNEtaiQslC-A,2026-03-18T20:21:35.557Z,1739.0,29.37,29.37
Trump sends new message to NATO allies over Strait of Hormuz,https://www.youtube.com/watch?v=dejrz5nzdcM,Face the Nation,https://www.youtube.com/channel/UC2x_qNZXKDxNP1j4jvHATRQ,2026-03-18T20:19:24.473Z,304.0,131.084,131.084
'You're Under Oath—We Can Clear It All Up Right Now': Peters Grills Mullin About Overseas Travel,https://www.youtube.com/watch?v=G-gAhszCtgI,Forbes Breaking News,https://www.youtube.com/channel/UCg40OxZ1GYh3u3jBntB6DLg,2026-03-18T20:18:50.776Z,488.0,33.697,33.697
Iran retaliates after intelligence chief killed: Who is leading the country now?,https://www.youtube.com/watch?v=yxQzrsJesNA,13WHAM ABC News,https://www.youtube.com/channel/UCFQyVljCrdof5Uqmo8p3c0Q,2026-03-18T20:18:35.983Z,85.0,14.793,14.793
The Los Angeles Aqueduct is Wild,https://www.youtube.com/watch?v=PhW2BjFQCZM,Practical Engineering,https://www.youtube.com/channel/UCMOqf8ab-42UUQIdVoKwjlQ,2026-03-18T20:17:11.469Z,1379.0,84.514,84.514
Cat keeps crossing the U.S.-Canada border,https://www.youtube.com/watch?v=0RLbXvUBzaY,CTV News,https://www.youtube.com/channel/UCi7Zk9baY1tvdlgxIML8MXg,2026-03-18T20:15:05.419Z,115.0,126.05,115.0
Rand Paul and Markwayne Mullin's fiery exchange at confirmation hearing,https://www.youtube.com/watch?v=l086_KIkaDI,FOX 9 Minneapolis-St. Paul,https://www.youtube.com/channel/UClwddNv0Cr6SIEGkzVK886w,2026-03-18T20:14:36.742Z,990.0,28.677,28.677
"Watch: Markwayne Mullin says he regrets calling Alex Pretti a ""deranged individual""",https://www.youtube.com/watch?v=zwmk-LB9m7o,CBS News,https://www.youtube.com/channel/UC8p1vwvWtl6T73JiExfWs1g,2026-03-18T20:13:41.043Z,484.0,55.699,55.699
BREAKING: Goldman Unveils Unredacted File That 'Disputes Everything' Trump 'Has Said' About Epstein,https://www.youtube.com/watch?v=OLnU9IWEIgw,Forbes Breaking News,https://www.youtube.com/channel/UCg40OxZ1GYh3u3jBntB6DLg,2026-03-18T20:11:30.347Z,385.0,130.696,130.696
Crimson Desert - Updated Early Reviews: You Are NOT Ready For This...,https://www.youtube.com/watch?v=iSuzxh036O0,Open World Games,https://www.youtube.com/channel/UCp-2EdzeeYwdecqMoXmHIQw,2026-03-18T19:55:25.415Z,1740.0,964.932,964.932
First Look at Crimson Desert’s Base PS5 Gameplay and New Boss,https://www.youtube.com/watch?v=PZSA3eP8sf8,Luke Stephens CLIPS,https://www.youtube.com/channel/UCCT0-fxrMR-2Jv-DNs-MSHA,2026-03-18T19:55:11.175Z,455.0,14.24,14.24
Exodus - Official First Look Gameplay,https://www.youtube.com/watch?v=RM4IXo3hcUQ,IGN,https://www.youtube.com/channel/UCKy1dAqELo0zrOtPkf0eTMw,2026-03-18T19:26:38.778Z,114.0,1712.397,114.0
Season 7 Battle Pass: The Tablet of Life and Time | Official Trailer | Marvel Rivals,https://www.youtube.com/watch?v=i4UyWO2lvfE,Marvel Rivals,https://www.youtube.com/channel/UCWzmOSSiSPbVnVu3ZAyDx2w,2026-03-18T17:29:07.396Z,83.0,7051.382,83.0
Spider-Man: Brand New Day - Official Trailer,https://www.youtube.com/watch?v=aBlsrtxuwss,PlayStation,https://www.youtube.com/channel/UC-2Y8dQb0S6DtpxNgAKoJKA,2026-03-18T13:28:46.357Z,158.0,14421.039,158.0
Hannah Montana 20th Anniversary Special - Official Trailer (2026) Miley Cyrus,https://www.youtube.com/watch?v=K6Ahft-mGLE,IGN,https://www.youtube.com/channel/UCKy1dAqELo0zrOtPkf0eTMw,2026-03-18T04:08:13.647Z,85.0,33632.71,85.0
Pragmata New Combat and Boss Gameplay,https://www.youtube.com/watch?v=zCQIA_AsTmw,GameSpot,https://www.youtube.com/channel/UCbu2SsF-Or3Rsn3NxqODImw,2026-03-18T03:54:45.943Z,208.0,807.704,208.0
Cyberpunk 2077 runs surprisingly well on the MacBook Neo #MacBookNeo #AppleMacbookNeo #Cyberpunk2077,https://www.youtube.com/watch?v=AXbUlm5Vmao,Shannon Grixti,https://www.youtube.com/channel/UCjSFlKRcDd94xPeiRRQpujw,2026-03-18T03:53:39.767Z,31.0,66.176,31.0
how good is the thermal pad mod on a MacBook Neo?,https://www.youtube.com/watch?v=QA-fcQfRdEs,mryeester,https://www.youtube.com/channel/UCPvRdfUooqCf0zPOYvbBzVA,2026-03-18T03:52:54.820Z,68.0,44.947,44.947
Windows Phone 11 is FINALLY here??,https://www.youtube.com/watch?v=291skgqWiCs,XDA,https://www.youtube.com/channel/UCk1SpWNzOs4MYmr0uICEntg,2026-03-18T03:52:18.806Z,72.0,36.014,36.014
"Oppo Find N6 Review: The ""Zero Compromise"" Foldable?",https://www.youtube.com/watch?v=4ATnadlQex4,MrMobile [Michael Fisher],https://www.youtube.com/channel/UCSOpcUkE-is7u7c4AkLgqTw,2026-03-18T03:50:28.100Z,878.0,110.706,110.706
"1408 (2007) | Full Movie | John Cusack, Samuel L. Jackson, Mary McCormack, Tony Shalhoub",https://www.youtube.com/watch?v=WCj0Wi3f8II,Lionsgate Movies,https://www.youtube.com/channel/UCJ6nMHaJPZvsJ-HmUmj1SeA,2026-03-18T02:40:02.318Z,,4225.782,4225.782
‘We Don’t Need Anybody’: Trump Lashes Out at U.S. Allies,https://www.youtube.com/watch?v=mVSdzMV2Dlg,The New York Times,https://www.youtube.com/channel/UCqnbDFdCpuN8CMEg0VuEBqA,2026-03-18T01:17:04.911Z,58.0,4977.407,58.0
"Trump pressures NATO, China to help reopen Strait of Hormuz",https://www.youtube.com/watch?v=rAbHFVz76bY,ABC News,https://www.youtube.com/channel/UCBi2mrWuNuyYy4gbM6fU18Q,2026-03-18T01:13:21.722Z,231.0,223.189,223.189
Why is Trump looking to China to help open the Strait of Hormuz? • FRANCE 24 English,https://www.youtube.com/watch?v=ZuENDLYZ-QU,FRANCE 24 English,https://www.youtube.com/channel/UCQfwfsi5VrQ8yKZ-UWmAEFg,2026-03-18T01:12:55.541Z,307.0,26.181,26.181
'Like buying a ticket to the Titanic': EU leaders reject Trump's Hormuz demands • FRANCE 24,https://www.youtube.com/watch?v=OHYSqn4-d4c,FRANCE 24 English,https://www.youtube.com/channel/UCQfwfsi5VrQ8yKZ-UWmAEFg,2026-03-18T01:12:25.912Z,287.0,29.629,29.629
"President Trump: ""US no longer needs or desires the assistance of NATO countries""",https://www.youtube.com/watch?v=86XwQ62Eoww,Sky News,https://www.youtube.com/channel/UCoMdktPbSTixAyNGwb-UYkQ,2026-03-18T01:11:23.868Z,126.0,62.044,62.044
'Near universal refusal' - European leaders reject Trump's demand for Strait of Hormuz mission,https://www.youtube.com/watch?v=iGsoLDdUhJ4,FRANCE 24 English,https://www.youtube.com/channel/UCQfwfsi5VrQ8yKZ-UWmAEFg,2026-03-18T01:10:50.747Z,303.0,33.121,33.121
Xiaomi 17 Ultra Leica: Better than iPhone? ✨,https://www.youtube.com/watch?v=2BOwyiNMttA,HappyDownloads,https://www.youtube.com/channel/UCggKidH56IZIGQ8SppxYn-Q,2026-03-18T01:09:24.672Z,682.0,86.075,86.075
Flip phone aesthetic 💕 | Samsung galaxy z flip 7 accessories,https://www.youtube.com/watch?v=s43y-8T_-zM,HappyDownloads,https://www.youtube.com/channel/UCggKidH56IZIGQ8SppxYn-Q,2026-03-18T01:09:01.511Z,16.0,23.161,16.0
What Happens if Iran Blocks the Strait of Hormuz?,https://www.youtube.com/watch?v=kOd634GEyp0,RealLifeLore,https://www.youtube.com/channel/UCP5tjEmvPItGyLhmjdwP7Ww,2026-03-18T01:08:29.434Z,1019.0,32.077,32.077
Tensions escalate over Strait of Hormuz,https://www.youtube.com/watch?v=6CHLhTk9TJE,ABC News,https://www.youtube.com/channel/UCBi2mrWuNuyYy4gbM6fU18Q,2026-03-18T01:07:32.889Z,154.0,56.545,56.545
Trump FRANTIC over Iran mess as rival nations take advantage of his poor planning,https://www.youtube.com/watch?v=9lBecklHcDs,MS NOW,https://www.youtube.com/channel/UCaXkIU1QidjPwiAYu6GcHjg,2026-03-18T01:07:23.892Z,672.0,8.997,8.997
Iran may not ‘stop fighting’ even as Trump says U.S. could leave Iran soon: Fmr. CIA analyst,https://www.youtube.com/watch?v=AfJLgmTyz8M,NBC News,https://www.youtube.com/channel/UCeY0bbntWzzVIaj2z3QigXg,2026-03-18T01:07:18.558Z,1180.0,5.334,5.334
'Apparently I’m an idiot’: Three-time Trump voter in Pennsylvania sounds off on Iran war,https://www.youtube.com/watch?v=VgRRlUNmrWQ,NBC News,https://www.youtube.com/channel/UCeY0bbntWzzVIaj2z3QigXg,2026-03-18T01:06:52.852Z,281.0,25.706,25.706
Top Trump intel official Joe Kent resigns over Iran war,https://www.youtube.com/watch?v=DGoWtb20woo,CNN,https://www.youtube.com/channel/UCupvZG-5ko_eiXAupbDfxWw,2026-03-18T01:06:17.798Z,721.0,35.054,35.054
Gaming on the CHEAPEST MacBook Neo,https://www.youtube.com/watch?v=nUFKRAElbcY,Toasty Bros,https://www.youtube.com/channel/UCwdEr_DVvYp6Maf-OTw7z_w,2026-03-18T01:04:36.197Z,1327.0,101.601,101.601
Counterterrorism official Joe Kent resigns over war: 'Iran posed no imminent threat',https://www.youtube.com/watch?v=0Bmb4b77N04,ABC News,https://www.youtube.com/channel/UCBi2mrWuNuyYy4gbM6fU18Q,2026-03-18T01:02:31.065Z,177.0,125.132,125.132
Samsung Galaxy Book 6 Pro #samsung #galaxybook6pro #smartgadget  #laptop #new #unboxing,https://www.youtube.com/watch?v=T42eUZcSRJg,Ashu Tech Unboxing,https://www.youtube.com/channel/UCFnohIHxMIUFp5JldVOezVg,2026-03-18T01:00:17.216Z,39.0,133.849,39.0
Crimson Desert - Official BlackSpace Engine: Shallow Water Video,https://www.youtube.com/watch?v=YTqfBMO5050,IGN,https://www.youtube.com/channel/UCKy1dAqELo0zrOtPkf0eTMw,2026-03-18T01:00:02.025Z,32.0,15.191,15.191
Dev Archives: The Engine Behind Crimson Desert | GDC 2025,https://www.youtube.com/watch?v=WEBAgTozBEU,Crimson Desert,https://www.youtube.com/channel/UCtwZImFOBRy7iNj1EQC4YXA,2026-03-18T00:58:59.356Z,196.0,62.669,62.669
Crimson Desert First Look: The BlackSpace Engine Tech Preview,https://www.youtube.com/watch?v=Z0pxsi7FU9g,Digital Foundry,https://www.youtube.com/channel/UC9PBzalIcEQCsiIkq36PyUA,2026-03-18T00:58:56.870Z,1063.0,2.486,2.486
Crimson Desert - BlackSpace Engine Demo,https://www.youtube.com/watch?v=57OsgBI9SAw,ElAnalistaDeBits,https://www.youtube.com/channel/UCCV8Mj59PZkf3ON_U8q4n7g,2026-03-18T00:57:47.065Z,206.0,69.805,69.805
Crimson Desert : On a ENFIN du GAMEPLAY PS5 Classique ! 💥 PlayStation balance !,https://www.youtube.com/watch?v=gJ1pLfpmztU,Jeux Vidéo Magazine,https://www.youtube.com/channel/UCDGmZYT5QfvfEXgzaEAYNpg,2026-03-18T00:57:43.999Z,696.0,3.066,3.066
Great News for Crimson Desert Before Launch,https://www.youtube.com/watch?v=ubAUUGbJqbo,AGAXB,https://www.youtube.com/channel/UCm5rR4rRrU3Xmhzp8o0NQbw,2026-03-18T00:47:00.918Z,365.0,643.081,365.0
Crimson Desert - Everything You Need To Know For Launch!,https://www.youtube.com/watch?v=m60REw0qliE,InkTV,https://www.youtube.com/channel/UCfB7vdi-hl4lvKUk0mkMzvg,2026-03-18T00:45:48.106Z,1381.0,72.812,72.812
Unboxing CRIMSON DESERT Collector's Edition + Gameplay footage,https://www.youtube.com/watch?v=RItrFeu-LDw,TheRelaxingEnd,https://www.youtube.com/channel/UCWVuy4NPohItH9-Gr7e8wqw,2026-03-18T00:36:17.451Z,589.0,570.655,570.655
Crimson Desert  Greymanes Camp Base Building Is Actually Huge!,https://www.youtube.com/watch?v=wOsn4IT7rEA,RPJames,https://www.youtube.com/channel/UCF3Wkcel6bSOzz3ofsZYoWQ,2026-03-18T00:17:56.811Z,652.0,1100.64,652.0
"30 Minutes of Rain and Thunderstorm Sounds For Focus, Relaxing and Sleep ⛈️ Epidemic ASMR",https://www.youtube.com/watch?v=y615vOsiG5w,Overtone Ambient,https://www.youtube.com/channel/UCec8E-ANt7o4wMNZxMrYdKA,2026-03-17T23:25:51.035Z,1800.0,3125.776,1800.0
Rainfall & Wood Soup ASMR to Help You Fall Asleep Fast,https://www.youtube.com/watch?v=DO1cLBWOk88,Wood Soup Girl ASMR,https://www.youtube.com/channel/UCvfaemdtAp_RGi16t7DitKw,2026-03-17T21:43:57.444Z,27786.0,6113.591,6113.591
Beefaroni - King of the Hill,https://www.youtube.com/watch?v=zGnp3hK4I48,Mr OH,https://www.youtube.com/channel/UCsppbvVeyP8f9N9YmEw0XMQ,2026-03-17T21:07:17.541Z,19.0,2199.903,19.0
Peaches :3 #shorts,https://www.youtube.com/watch?v=oh0RAeyATFs,Matt The Cat Cook,https://www.youtube.com/channel/UC413_Js5fJfFGI6PI5eULQw,2026-03-17T19:27:02.672Z,47.0,6014.869,47.0
fixing a bad sewer smell #plumbing,https://www.youtube.com/watch?v=5TbNMf4Iq4Y,Cheddars Plumbing Co. ,https://www.youtube.com/channel/UCIM4BYayoCbXt1R2LMiUNyw,2026-03-17T19:27:01.055Z,93.0,1.617,1.617
Carving cable designs into a silver ring,https://www.youtube.com/watch?v=_nkAIxnDjUk,Massoyan Jewelers,https://www.youtube.com/channel/UCX_kOlX9HLzihXlCkrZnmvA,2026-03-17T19:26:19.984Z,62.0,41.071,41.071
The REAL Reason Crimson Desert Isn't an RPG 🤫 #shorts,https://www.youtube.com/watch?v=FJFMqkuhTS4,CyclicalZ,https://www.youtube.com/channel/UCQGPEFtDehXrhFPLU6ME_xA,2026-03-17T19:26:17.250Z,43.0,2.734,2.734
make ice cream for my daughter  - day 148 🍱 和我一起做冰淇淋#icecream #cooking  #dessert  #asmrvideo #food,https://www.youtube.com/watch?v=AIOcb8QfYCM,Cookming,https://www.youtube.com/channel/UCPfgoivQYWmsoxOeVNSYWLg,2026-03-17T19:26:13.519Z,39.0,3.731,3.731
since no one’s gonna do it #washer #dryer,https://www.youtube.com/watch?v=D5n0vIsLiFs,Internet Archive,https://www.youtube.com/channel/UCdyWpgIxg2d-Z_rt0QLvP3Q,2026-03-17T19:25:59.709Z,6.0,13.81,6.0
Gold finger #glassblowing #glassbag,https://www.youtube.com/watch?v=bC9kyFKA9yY,Raiffe,https://www.youtube.com/channel/UCPPzkS_iFDlQMaIfRdxj7Mw,2026-03-17T19:24:23.312Z,86.0,96.397,86.0
i love to produce ❤️thankyou for being so lovely 🥹 shoutout askel arvid and panic at the disco also,https://www.youtube.com/watch?v=7phyQxwSBnU,Pinkpantheress,https://www.youtube.com/channel/UCufuq24Cef6-CdmEiZmXTBg,2026-03-17T19:23:34.353Z,63.0,48.959,48.959
How do I go to the bathroom if I live in a camper? #rvlife #rvliving,https://www.youtube.com/watch?v=ke3Xn_mwKAU,Kirsten Trout,https://www.youtube.com/channel/UChLYGJ1_YrdKtBsmIS52wnA,2026-03-17T19:23:22.841Z,61.0,11.512,11.512
"Maxwell, who isn't good at speed, was left far behind by the orange cat.#cats",https://www.youtube.com/watch?v=JlBoR-du8GM,Max2049dousha.official,https://www.youtube.com/channel/UC__NO_dZegKiJQ7iuKCyCSg,2026-03-17T19:23:17.148Z,65.0,5.693,5.693
What’s this tool for? #watercolor #art #paintmixing #satisfying,https://www.youtube.com/watch?v=3qK0sR6Wyj4,Dreamland Watercolor & Calligraphy,https://www.youtube.com/channel/UC1ELCcNrrOZfcTMg71MBdtA,2026-03-17T19:22:32.341Z,43.0,44.807,43.0
That’s not waking up anyone 😩,https://www.youtube.com/watch?v=acU8Le4KYsU,How Rich Are They?,https://www.youtube.com/channel/UCV3uNO1h3IJ2QyJaCOgM6ug,2026-03-17T19:22:16.397Z,18.0,15.944,15.944
he did better than expected😅 #framar #officelife #millennial #genz,https://www.youtube.com/watch?v=-fJ5djALnK8,Framar,https://www.youtube.com/channel/UCEIr0sxy6nRNUruUi-0RueA,2026-03-17T19:21:18.816Z,55.0,57.581,55.0
"These treats are made with carob, not cocoa🥰",https://www.youtube.com/watch?v=D0Rhew7lzaw,Cedric & Edith,https://www.youtube.com/channel/UCJar7YRk_jfjNCtJZqXdztA,2026-03-17T19:21:15.762Z,59.0,3.054,3.054
How I Got 25 Glass Eyes #glassbag #glassblowing,https://www.youtube.com/watch?v=Juk4RqgsOKY,Raiffe,https://www.youtube.com/channel/UCPPzkS_iFDlQMaIfRdxj7Mw,2026-03-17T19:21:14.036Z,120.0,1.726,1.726
3 things proves that Japan is living in 2050 ! #shorts,https://www.youtube.com/watch?v=whRrgZ4Kt2U,CATTYYI,https://www.youtube.com/channel/UCRAZvlRAXSTIC0B2rDpJ3Ig,2026-03-17T19:21:10.079Z,48.0,3.957,3.957
The katspalooza Chile was so much better! #katseye #megan #daniela #lollapalooza #fypviralシ #kpop,https://www.youtube.com/watch?v=US3kS_BQ0yw,Eyekonic,https://www.youtube.com/channel/UCJ5rre9OxgRBCgPVNXbiLMQ,2026-03-17T19:20:42.286Z,25.0,27.793,25.0
Pink MacBook Neo Unboxing!,https://www.youtube.com/watch?v=rQvRgNKavcw,Cedlom,https://www.youtube.com/channel/UCNusOsyKPMFJ_oX0xTgGB-Q,2026-03-17T19:19:27.812Z,99.0,74.474,74.474
ZERO PARADES: For Dead Spies Demo ~ An Indie Story Rich CRPG Game Like Disco Elysium #shorts,https://www.youtube.com/watch?v=YJMQBIN8X8k,GAMESMARK,https://www.youtube.com/channel/UCBXAAp-IoeSjhxNfX3d-grA,2026-03-17T19:19:25.971Z,,1.841,1.841
It was a cool robot demo… it probably confused his foot for the ball 😭,https://www.youtube.com/watch?v=-PoMAA_MAvs,K.C Trippin Tv ,https://www.youtube.com/channel/UC01rZJs4O5ZKxPk8tEvdW3g,2026-03-17T19:19:03.722Z,12.0,22.249,12.0
What happens when you attack the Camels in Where Winds Meet?,https://www.youtube.com/watch?v=GWk3opHhT4o,dish,https://www.youtube.com/channel/UCIBPO8UasUvHrVwCzGVvsFQ,2026-03-17T19:18:55.970Z,53.0,7.752,7.752
Me singing along to Bad Bunny at the Super Bowl halftime show not understanding a damn word 😭🎶,https://www.youtube.com/watch?v=CMayQ0olFuY,ClipBuzz,https://www.youtube.com/channel/UCDhafLxrVKJbeO6jw4_f4Fw,2026-03-17T19:18:48.092Z,25.0,7.878,7.878
Putting some of the recent add-ons to the 3D printed desk shelf to use!,https://www.youtube.com/watch?v=kX-kven2PjY,The Workspace Hero,https://www.youtube.com/channel/UC-IPTVDywrjxI1YWK1SQK5Q,2026-03-17T19:17:44.570Z,67.0,63.522,63.522
leave a message after the beep 📵✨,https://www.youtube.com/watch?v=Q2RlLZimIU8,3Quency,https://www.youtube.com/channel/UC5bDWm5zMAx2LxqZW6yqngA,2026-03-17T19:17:21.936Z,31.0,22.634,22.634
He accepted the loss and protected what he still had. 🥹❤️‍🩹,https://www.youtube.com/watch?v=OUpa9zD2G2Y,Endless Love,https://www.youtube.com/channel/UCH8x9zAJbpfipmHosNuwu_A,2026-03-17T19:16:49.896Z,18.0,32.04,18.0
Japan Released Magic High-Tech Spoon 😱,https://www.youtube.com/watch?v=8vEOgYh8PjM,Patricia O'Connor,https://www.youtube.com/channel/UCdHb7hWnyOWmDsU0vIkNdpA,2026-03-17T19:15:25.165Z,60.0,84.731,60.0
MacBook Neo is a $500 Laptop That made Chromebooks obsolete #tech #technology #pc #shorts,https://www.youtube.com/watch?v=axTyj2vpHkA,Salem Techsperts,https://www.youtube.com/channel/UCClfFsWcT3N2I7VTXXyt84A,2026-03-17T19:14:13.448Z,79.0,71.717,71.717
But so quick to feed their man😭 #ariisaysso,https://www.youtube.com/watch?v=-JMHFurAz9A,ARI 🤍,https://www.youtube.com/channel/UChFDQSHmn56l6JheOv0Qs3Q,2026-03-17T19:12:37.806Z,91.0,95.642,91.0
Animula Nook | Alpha Test: March 19! | 30s Highlights,https://www.youtube.com/watch?v=41eFiluXKU0,Animula Nook,https://www.youtube.com/channel/UC_RGyfeYy8CR7Hdg5mBCYXg,2026-03-17T19:08:37.976Z,35.0,239.83,35.0
motorola razr fold: Unfold iconic,https://www.youtube.com/watch?v=wKtIOE1hhKM,Motorola,https://www.youtube.com/channel/UCJkBIeTewoQGgtviUe5LH_g,2026-03-17T19:08:14.598Z,46.0,23.378,23.378
Crimson Desert PS5 - Deluxe Edition Unboxing,https://www.youtube.com/watch?v=KXUyp8Ai-6E,EarlyUnboxer30,https://www.youtube.com/channel/UCuTLM5lCqxzKglXvX4Uf-Yg,2026-03-17T19:06:01.443Z,155.0,133.155,133.155
UNBOXING CRIMSON DESERT DELUXE EDITION PS5 (FR),https://www.youtube.com/watch?v=ZOHclKSCLIk,RETRO GAME FUTURE,https://www.youtube.com/channel/UCG7GZvTyhIE1LU4YLZNNsUw,2026-03-17T19:05:49.193Z,214.0,12.25,12.25
don’t think that we’re sweet 😼😼 with @DAYOUNG_official  🌟💗 #GIRLSET #Tweak,https://www.youtube.com/watch?v=tu_0wDvb26c,GIRLSET,https://www.youtube.com/channel/UCSskmnvIhEy3nSZxxVKTeIg,2026-03-17T19:02:41.415Z,33.0,187.778,33.0
Bear wanders into KTLA reporter’s live shot while covering violent encounter ,https://www.youtube.com/watch?v=erW9Qosw5qI,KTLA 5,https://www.youtube.com/channel/UCinjnmQEwCddOudyCC1v7qA,2026-03-17T18:49:55.833Z,269.0,765.582,269.0
Pete Aguilar Reacts To Joe Kent Resigning As National Counterterrorism Center Director Over Iran War,https://www.youtube.com/watch?v=qTVSBsV9G5g,Forbes Breaking News,https://www.youtube.com/channel/UCg40OxZ1GYh3u3jBntB6DLg,2026-03-17T18:49:48.656Z,117.0,7.177,7.177
"Trump Rips Macron's Rejection Of Joining Hormuz Coalition: 'Well, He'll Be Out Of Office Very Soon'",https://www.youtube.com/watch?v=YzQiUSQR-CE,Forbes Breaking News,https://www.youtube.com/channel/UCg40OxZ1GYh3u3jBntB6DLg,2026-03-17T18:49:40.019Z,42.0,8.637,8.637
Lawnchair 15: The New King of Android Launchers?,https://www.youtube.com/watch?v=Zj9VC5D60e8,9to5Google,https://www.youtube.com/channel/UCzIO0iX4yKW2P4NkmmKq1PA,2026-03-17T18:49:38.774Z,387.0,1.245,1.245
That spring clean sparkle ✨😍🙌 #shorts #Pandora #jewellery #cleaning #spring #bracelet #charms,https://www.youtube.com/watch?v=0y9ZhTunOoA,TheOfficialPandora,https://www.youtube.com/channel/UCWi0H11wmKv1WgjEe-4vHOQ,2026-03-17T18:47:54.288Z,34.0,104.486,34.0
Unboxing @GnoceJewelry Wicked charm bracelet #gnoce,https://www.youtube.com/watch?v=SGOlKy1eY2E,Bluechatterboxcosplay,https://www.youtube.com/channel/UCig0yhplBTvtSU9DvVHLr-w,2026-03-17T18:47:10.063Z,91.0,44.225,44.225
Lenovo Chromebook Plus 14 Laptop Unboxing - Google Care Package,https://www.youtube.com/watch?v=2kam8upG0x8,TheAsianJC,https://www.youtube.com/channel/UCgHrdtbGt8_OkMmPbPR5UFQ,2026-03-17T18:41:23.998Z,105.0,346.065,105.0
White Fox Full Kit Explained | Every Ability Breakdown | First Look Gameplay | Marvel Rivals,https://www.youtube.com/watch?v=aFrie_pFGZg,Cozy Rivals,https://www.youtube.com/channel/UCOzaso7QxXulLZc9fXxcg5A,2026-03-17T18:41:18.886Z,551.0,5.112,5.112
CRIMSON DESERT New Exclusive PS5 Footage Gameplay | Witcher 4-Like Single Player Open World RPG 4K,https://www.youtube.com/watch?v=P85M2F38vB0,GameV,https://www.youtube.com/channel/UCAvRtPIFFbnfLHswfRS6zhQ,2026-03-17T18:37:57.298Z,676.0,201.588,201.588
Crimson Desert Looks Like a PS3 Game on PS5 and A Potato on XBOX Series S,https://www.youtube.com/watch?v=RRIWSZHlFGg,Plazookas,https://www.youtube.com/channel/UCQn0hkJR0LB_Q7iX-Wp8hXQ,2026-03-17T18:37:17.171Z,751.0,40.127,40.127
Peestyle - Endless Jess,https://www.youtube.com/watch?v=yRQhBDAPhv0,Endless Jess,https://www.youtube.com/channel/UCCJWOTzUNIRhA1oe6xXgpoA,2026-03-17T18:36:04.572Z,246.0,72.599,72.599
Bitch Boy Slap Fight Music Video,https://www.youtube.com/watch?v=hw21RaWCQ40,Snaves,https://www.youtube.com/channel/UCwOeVUd0MkuadP3Nx9F3ijw,2026-03-17T18:28:31.052Z,100.0,453.52,100.0
White Fox: The Kumiho Strikes Back | Character Reveal Trailer | Marvel Rivals,https://www.youtube.com/watch?v=esb1CBW2WK8,Marvel Rivals,https://www.youtube.com/channel/UCWzmOSSiSPbVnVu3ZAyDx2w,2026-03-17T17:37:21.147Z,79.0,3069.905,79.0
超本格オープンワールドアクションアドベンチャー『紅の砂漠』Vol.1 ❘ PLAY! PLAY! PLAY!,https://www.youtube.com/watch?v=c9k2T0t40yY,PlayStation Japan,https://www.youtube.com/channel/UCaghC0OZwAdidMrbvxkcrPg,2026-03-17T16:20:50.246Z,1209.0,4590.901,1209.0
SN Video,https://www.youtube.com/watch?v=bUR108tP-TU,BPM,https://www.youtube.com/channel/UCX9heSNGgXel5RXm2gC2hHA,2026-03-17T16:11:45.965Z,106.0,544.281,106.0
Up Video,https://www.youtube.com/watch?v=IHf41MUf8XM,BPM,https://www.youtube.com/channel/UCX9heSNGgXel5RXm2gC2hHA,2026-03-17T16:06:27.314Z,259.0,318.651,259.0
Galaxy Z TriFold Already Discontinued,https://www.youtube.com/watch?v=iw2CEWVRKuE,Shane Craig,https://www.youtube.com/channel/UCCKQStaJH5LuMGHHeM9Y-OA,2026-03-17T15:32:39.792Z,491.0,2027.522,491.0
"Crimson Desert on Base Consoles... Actually, Looks Beautiful",https://www.youtube.com/watch?v=RCyUxTMRMVI,Altometer,https://www.youtube.com/channel/UCzNMIepHE4jEgu7NGNnpZpA,2026-03-17T15:13:16.126Z,472.0,1163.666,472.0
Crimson Desert - Massive News Update! Base PS5 Gameplay And DLSS 5 and More!,https://www.youtube.com/watch?v=p7XwH5JM2Ns,Open World Games,https://www.youtube.com/channel/UCp-2EdzeeYwdecqMoXmHIQw,2026-03-17T13:43:48.670Z,921.0,5367.456,921.0
Ghost - Call Me Little Sunshine (Official Music Video),https://www.youtube.com/watch?v=DD2m_iqD7dI,GhostBCVEVO,https://www.youtube.com/channel/UCU_MfrF9fw0CUMOrGy7D1mQ,2026-03-17T13:39:09.384Z,231.0,279.286,231.0
'Welcome To Crimson Desert' Final Trailer (4K),https://www.youtube.com/watch?v=evjkMZoJFwg,MathChief - The Best of Gaming!,https://www.youtube.com/channel/UC2lJPgRa6PeDNLUqlCCmDAQ,2026-03-17T12:30:28.078Z,212.0,4121.306,212.0
Total Chaos - Official New Game+ Update Launch Trailer,https://www.youtube.com/watch?v=-pESUjq1dzA,IGN,https://www.youtube.com/channel/UCKy1dAqELo0zrOtPkf0eTMw,2026-03-17T12:30:16.499Z,51.0,11.579,11.579
超本格オープンワールドアクションアドベンチャー『紅の砂漠』Vol.1 ❘ PLAY! PLAY! PLAY!,https://www.youtube.com/watch?v=c9k2T0t40yY,PlayStation Japan,https://www.youtube.com/channel/UCaghC0OZwAdidMrbvxkcrPg,2026-03-17T06:02:36.256Z,1209.0,23260.243,1209.0
Android 16 Desktop Mode vs Samsung One UI 8.5 Dex Comparison: Google Are Catching Up,https://www.youtube.com/watch?v=3zOa_KpBnyY,Velian Speaks Tech,https://www.youtube.com/channel/UCTR22zaU51pb2P72JS8oJtg,2026-03-17T03:00:04.525Z,913.0,10951.731,913.0
I'm Playing Crimson Desert...,https://www.youtube.com/watch?v=taqDwVrCeys,MathChief - The Best of Gaming!,https://www.youtube.com/channel/UC2lJPgRa6PeDNLUqlCCmDAQ,2026-03-17T00:58:58.959Z,497.0,7265.566,497.0
The CRAFTING of Crimson Desert Could Be GAME CHANGING! (350+ Manuals),https://www.youtube.com/watch?v=3ei8RnxN184,RPG Unlocked,https://www.youtube.com/channel/UC67JARAyZIerk9eVrwRXahA,2026-03-17T00:58:49.965Z,486.0,8.994,8.994
Crimson Desert – Final Preview Before You Play,https://www.youtube.com/watch?v=AiQS-uwvRKQ,VELX,https://www.youtube.com/channel/UCGoV_phUC4LpjzNbeE1pSZw,2026-03-17T00:57:22.763Z,499.0,87.202,87.202
CRIMSON DESERT New Exclusive Pure Gameplay & Boss Fights | The Next Gen Open World RPG,https://www.youtube.com/watch?v=czQ9cmGO6iI,bluroff,https://www.youtube.com/channel/UC7ntm1gxpKYQ7k1OcOGbn6g,2026-03-17T00:23:48.096Z,4462.0,2014.667,2014.667
How Crimson Dessert Is Different From Other Games...,https://www.youtube.com/watch?v=8copKfROi6Q,InkTV,https://www.youtube.com/channel/UCfB7vdi-hl4lvKUk0mkMzvg,2026-03-17T00:23:38.181Z,1342.0,9.915,9.915
Crimson Desert PS5 Pro: John's Four-Hour Journey Across The Open World,https://www.youtube.com/watch?v=rcQpZIlszvc,DF Clips,https://www.youtube.com/channel/UCLdBr5f6RcP6l_TAP4GkhDQ,2026-03-16T22:53:28.130Z,571.0,5410.051,571.0
What's On My New Charm Bracelet? Unboxing & Reviewing GNOCE Charms & Beads!,https://www.youtube.com/watch?v=yVJJ0oQz63U,Jewellery Rescue,https://www.youtube.com/channel/UC6YlX6x5_wQqHJUH3yLQnHQ,2026-03-16T22:53:10.294Z,607.0,17.836,17.836
Gnoce charm bracelet ✨️,https://www.youtube.com/watch?v=MjhV0J0u23Y,Tanja's Toys Review,https://www.youtube.com/channel/UCDBuRjfKmee94EnwBevq5Dw,2026-03-16T22:53:03.026Z,39.0,7.268,7.268
Crimson Desert PS5 : le Collector est dingue 🔥 UNBOXING,https://www.youtube.com/watch?v=iXsfeWDhRFg,Carole Quintaine,https://www.youtube.com/channel/UC6yhX3lGeSSRlHycI3rfDqQ,2026-03-16T22:52:50.183Z,617.0,12.843,12.843
✨️ Gnoce x Akaimochi jewelry collab is now live! ✨️ @GnoceJewelry #cat #jewelry #charms #cute,https://www.youtube.com/watch?v=bC6BkLb5haI,akaimochi Studio,https://www.youtube.com/channel/UCzj7mQpZVgaKZrvfzAO4UCg,2026-03-16T22:52:32.249Z,17.0,17.934,17.0
Gnoce or Pandora? Unboxing & Honest Comparison!”,https://www.youtube.com/watch?v=twAn9JutRbk,Ashley Blaize,https://www.youtube.com/channel/UCm3tID6ieGFG5eAiS1YIyGg,2026-03-16T22:50:13.967Z,554.0,138.282,138.282
Android 16's Desktop Mode is AWESOME.,https://www.youtube.com/watch?v=yzDO-GS-Bm8,9to5Google,https://www.youtube.com/channel/UCzIO0iX4yKW2P4NkmmKq1PA,2026-03-16T22:48:23.735Z,750.0,110.232,110.232
Android 16's New Desktop Mode is Awesome!,https://www.youtube.com/watch?v=Y4V2xtlHvjw,ETA PRIME,https://www.youtube.com/channel/UC_0CVCfC_3iuHqmyClu59Uw,2026-03-16T22:48:05.880Z,604.0,17.855,17.855
Pixel Feature Drop: Welcome to Your New Desktop Mode!,https://www.youtube.com/watch?v=KJMgCQ_Fyyc,JuanBagnell,https://www.youtube.com/channel/UCvhnYODy6WQ0mw_zi3V1h0g,2026-03-16T22:47:18.448Z,859.0,47.432,47.432
can you play the sims on macbook neo??? 👀🤯 testing it out for you!! #macbookneo,https://www.youtube.com/watch?v=gftu0Pm8cKY,julia k crist,https://www.youtube.com/channel/UCbgqlUD84KKSujlUkmJNeDg,2026-03-16T22:46:51.756Z,37.0,26.692,26.692
Turn Your Phone Into a Laptop | NexDock 6th Gen Review,https://www.youtube.com/watch?v=ZuH5tjwh5hY,Shane Craig,https://www.youtube.com/channel/UCCKQStaJH5LuMGHHeM9Y-OA,2026-03-16T22:45:19.653Z,626.0,92.103,92.103
Samsung Galaxy Z Fold 8 Wide - FIRST LOOK!!!,https://www.youtube.com/watch?v=pAxpKFHAXNg,TechDroider,https://www.youtube.com/channel/UCdqs-ItofPRWvLm3mM1dNlg,2026-03-16T22:45:07.004Z,137.0,12.649,12.649
Samsung Galaxy Z Fold 8 Wide - Samsung is Turning Into APPLE!,https://www.youtube.com/watch?v=gz8RNa2VBZU,Talks Tech Newz,https://www.youtube.com/channel/UCP0ZxRIfkpdE3ve6FYjpuCg,2026-03-16T22:44:07.739Z,73.0,59.265,59.265
I Turned My Samsung Into a Gaming PC - Samsung DeX,https://www.youtube.com/watch?v=aGIE4sguDDY,Tyron Tech,https://www.youtube.com/channel/UCJWPhYsrgICkJ5CPF76Z8nw,2026-03-16T22:44:05.130Z,287.0,2.609,2.609
Crimson Desert — Cannon Siege Gameplay (Destroying Enemy Watchtowers),https://www.youtube.com/watch?v=jaz5Nrkbvq0,Skill Games,https://www.youtube.com/channel/UCJDeaCeM4QtBG3jE2QysFAg,2026-03-16T22:40:11.408Z,131.0,233.722,131.0
Turn Your Pixel Into a Full Desktop,https://www.youtube.com/watch?v=DPRChCelzrY,Shane Craig,https://www.youtube.com/channel/UCCKQStaJH5LuMGHHeM9Y-OA,2026-03-16T22:40:06.643Z,563.0,4.765,4.765
"UPERFECT X 14 Pro Wireless LapDock Review | Dex, Steam Deck, Nintendo Switch",https://www.youtube.com/watch?v=OOaPubxvW4s,Shane Craig,https://www.youtube.com/channel/UCCKQStaJH5LuMGHHeM9Y-OA,2026-03-16T21:05:11.785Z,968.0,5694.858,968.0
Turn Your Phone Into a Work Machine Anywhere With NexDock 6,https://www.youtube.com/watch?v=R-lh5wkkBI4,Tech With Brett,https://www.youtube.com/channel/UCjMVmz06abZGVdWjd1mAMnQ,2026-03-16T20:57:06.752Z,967.0,485.033,485.033
The All New Nexdock Turns Your Phone Into A Laptop!,https://www.youtube.com/watch?v=-Aeue99j9Sk,ETA PRIME,https://www.youtube.com/channel/UC_0CVCfC_3iuHqmyClu59Uw,2026-03-16T20:57:02.338Z,405.0,4.414,4.414
The Galaxy S26 Ultra is Actually a Powerful Desktop PC!,https://www.youtube.com/watch?v=CwgsGpIwhJo,ETA PRIME,https://www.youtube.com/channel/UC_0CVCfC_3iuHqmyClu59Uw,2026-03-16T20:51:32.967Z,918.0,329.371,329.371
NEW: Agent Miks is INSANE! - (Abilities Gameplay),https://www.youtube.com/watch?v=kZiZGayMeUs,Dittozkul,https://www.youtube.com/channel/UC93uuDyuin2YXOY2ZVn8nkw,2026-03-16T20:35:22.491Z,320.0,970.476,320.0
how I fell in love with ny cleaning lady part 1/52 #shorts #short #megseanlisa,https://www.youtube.com/watch?v=8SfS5ppn--s,Meangelisa,https://www.youtube.com/channel/UC4WLUgMSwe-RXy-XvIKwX2g,2026-03-16T17:52:20.671Z,154.0,9781.82,154.0
I'll never gain weight if I play this game every day 🥹😂,https://www.youtube.com/watch?v=d8NHoqyqAhE,Endless Love,https://www.youtube.com/channel/UCH8x9zAJbpfipmHosNuwu_A,2026-03-16T17:48:25.066Z,24.0,235.605,24.0
It's terrifying... 😂 Zoey Deutch party trick #shorts,https://www.youtube.com/watch?v=qmpBpf2JENI,Flick Fusion,https://www.youtube.com/channel/UCiJ-3KRXctd9R_X2WiMwbUQ,2026-03-16T17:48:22.587Z,45.0,2.479,2.479
Adele Stops Her Show to Protect A Fan,https://www.youtube.com/watch?v=opNLGEnJuPQ,MusiciangoodsTV,https://www.youtube.com/channel/UCibfY25HFBbb26t2nG9s1Yg,2026-03-16T17:48:20.088Z,52.0,2.499,2.499
When Your Friend Works in Fast Food,https://www.youtube.com/watch?v=E3y-hRHpIi8,Lindey Glenn,https://www.youtube.com/channel/UCkU_KcVKHrxgE4uhbIWaQtg,2026-03-16T17:48:15.014Z,58.0,5.074,5.074
The Best Way To Learn How To Paint 😯 (@ankabella.official),https://www.youtube.com/watch?v=YSDJ2ARw74g,Notable Net,https://www.youtube.com/channel/UCN_Isrggs_Qhdl4PF_M-y2g,2026-03-16T17:48:14.066Z,31.0,0.948,0.948
Sixth-Grade Iodine Clock Reaction Stuns Students and Sparks Viral Laughs,https://www.youtube.com/watch?v=qdh_sQTj2b0,demono10000,https://www.youtube.com/channel/UC_h_tHPqvrcpiFqaJ571F6A,2026-03-16T17:32:50.439Z,34.0,923.627,34.0
Okay so everyone busy now?😭 #ariisaysso,https://www.youtube.com/watch?v=Fh7cH676juA,ARI 🤍,https://www.youtube.com/channel/UChFDQSHmn56l6JheOv0Qs3Q,2026-03-16T17:32:35.073Z,33.0,15.366,15.366
The first creaseless* foldable phone,https://www.youtube.com/watch?v=GDYyn5kMOLI,rillo,https://www.youtube.com/channel/UCyw_mtuNzMhpNFBY8huBxIw,2026-03-16T17:31:25.205Z,102.0,69.868,69.868
Crimson Desert - Good and Bad News Today and Do NOT Miss This! New Rewards At Launch!,https://www.youtube.com/watch?v=AFZsOcJgSfo,Open World Games,https://www.youtube.com/channel/UCp-2EdzeeYwdecqMoXmHIQw,2026-03-16T17:30:54.875Z,1060.0,30.33,30.33
KATSEYE Goes Wild Cheering for Megan at VALORANT Masters,https://www.youtube.com/watch?v=OJZGRrt4O00,Pixelated Fame,https://www.youtube.com/channel/UC2s7f981i0JSetx8UI-GpzQ,2026-03-16T17:30:51.944Z,33.0,2.931,2.931
KATSEYE’s Megan Plays Valorant at Masters Santiago 2026!,https://www.youtube.com/watch?v=U060NCmf9Mw,Nak$u_Fifi.08,https://www.youtube.com/channel/UC5pdMir7-Eh3ngqFsTlB_qA,2026-03-16T17:30:38.238Z,25.0,13.706,13.706
Miks Agent Showmatch ft. Megan of KATSEYE & BUNT. | VALORANT,https://www.youtube.com/watch?v=iY8H8ZXbPWk,VALORANT Champions Tour,https://www.youtube.com/channel/UCA1d3HFGFUmkKr2JIUA5Vlw,2026-03-16T17:28:11.374Z,2321.0,146.864,146.864
Prism 2033 Overview Trailer | Game Vision,https://www.youtube.com/watch?v=mkp76gtlFSI,Prism 2033,https://www.youtube.com/channel/UCuFQk9kIwTJcZO2UPaUaY-g,2026-03-16T12:41:31.031Z,117.0,17200.343,117.0
We Have TEA On The New inZOI Update You NEED To Know About!,https://www.youtube.com/watch?v=auPJfChJJ_A,fantayzia,https://www.youtube.com/channel/UCbmrQ9G_i1gYU-VQoBrA38Q,2026-03-16T12:41:14.283Z,769.0,16.748,16.748
inZOI: UPDATE DIGEST – February 2026 (v0.6.0),https://www.youtube.com/watch?v=LScWeCIMkek,inZOI,https://www.youtube.com/channel/UCEr7sVwTz0zlhZs7VWFcY6A,2026-03-16T12:40:02.484Z,66.0,71.799,66.0
Project Bloomwalker - Official Gameplay Trailer,https://www.youtube.com/watch?v=ZsmRAs0GJEo,Xbox,https://www.youtube.com/channel/UCjBp_7RuDBUYbd1LegWEJ8g,2026-03-16T12:38:22.626Z,304.0,99.858,99.858
What's the Point of Android's Desktop Mode?,https://www.youtube.com/watch?v=xUC4wlgPbSQ,Shane Craig,https://www.youtube.com/channel/UCCKQStaJH5LuMGHHeM9Y-OA,2026-03-16T12:31:47.706Z,689.0,394.92,394.92
https://www.youtube.com/watch?v=Gk2a1Tc4VUk,https://www.youtube.com/watch?v=Gk2a1Tc4VUk,,,2026-03-16T11:47:56.377Z,,2631.329,2631.329
‘At least we arrest our pedophiles’ Conan O’Brien jokes during Oscars opening monologue,https://www.youtube.com/watch?v=2rGcx4htFiM,CTV News,https://www.youtube.com/channel/UCi7Zk9baY1tvdlgxIML8MXg,2026-03-16T11:47:52.411Z,22.0,3.966,3.966
Crimson Desert: High-End PC's Biggest Visual Upgrade - Ray Reconstruction/Ray Regeneration,https://www.youtube.com/watch?v=SlRpJ553RzE,Digital Foundry,https://www.youtube.com/channel/UC9PBzalIcEQCsiIkq36PyUA,2026-03-16T11:47:16.746Z,706.0,35.665,35.665
"Crimson Desert Gameplay - Open World Exploration, Buying Gear & More...",https://www.youtube.com/watch?v=veuRXYTLrZ4,JorRaptorReact,https://www.youtube.com/channel/UCpAr597H4KR-Fgw4AlwwWzw,2026-03-16T11:46:04.098Z,545.0,72.648,72.648
Crimson Desert NEW Gameplay 30+ Minutes! - PlayStation 5 Pro,https://www.youtube.com/watch?v=DVTjVTVIVjQ,ApTreX,https://www.youtube.com/channel/UCcmZTPXTsOD58k4-H4QmbpA,2026-03-16T11:45:46.939Z,1974.0,17.159,17.159
"'Golden' from 'Kpop Demon Hunters' Performed by Ejae, Audrey Nuna, and Rei Ami | 98th Oscars (2026)",https://www.youtube.com/watch?v=ex4SrdtvHwE,Oscars,https://www.youtube.com/channel/UCb-vZWBeWA5Q2818JmmJiqQ,2026-03-16T11:44:07.400Z,,99.539,99.539
'Golden' from 'KPop Demon Hunters' wins Oscar for best original song,https://www.youtube.com/watch?v=w6qKAPC3vqE,ABC News,https://www.youtube.com/channel/UCBi2mrWuNuyYy4gbM6fU18Q,2026-03-16T11:44:05.555Z,98.0,1.845,1.845
Crimson Desert PS5 Pro Performance Deep Dive From Digital Foundry - Luke Reacts,https://www.youtube.com/watch?v=rZqYx7Oyf2s,Luke Stephens LIVE,https://www.youtube.com/channel/UC5Pi8DHUItNgbGVhjh4kVgQ,2026-03-16T11:44:03.337Z,4131.0,2.218,2.218
‘Golden’ from ‘KPop Demon Hunters’ Wins Best Original Song | 98th Oscars Speech (2026),https://www.youtube.com/watch?v=2ftx6oQzfoI,Oscars,https://www.youtube.com/channel/UCb-vZWBeWA5Q2818JmmJiqQ,2026-03-16T11:43:25.178Z,99.0,38.159,38.159
KARLEE GIRL - Right Back! (Official Video),https://www.youtube.com/watch?v=tzGw9LOZhDA,KARLEE GIRL,https://www.youtube.com/channel/UCz6y48df3hyUIvmINBqVbFQ,2026-03-16T11:35:19.868Z,202.0,485.31,202.0
Crimson Desert - A Game That Does Everything,https://www.youtube.com/watch?v=z-FvtNXTaDw,GamingBolt,https://www.youtube.com/channel/UCXa_bzvv7Oo1glaW9FldDhQ,2026-03-16T11:25:08.302Z,696.0,611.566,611.566
7 Tips Before Starting Crimson Desert 📝 Tip 3 #gaming #crimsondesert,https://www.youtube.com/watch?v=hrxcII3yJCU,RocketG,https://www.youtube.com/channel/UCxfdDztoJp0zzEtITQJB8Rw,2026-03-16T04:03:30.900Z,49.0,26497.402,49.0
Horse Drifting in Crimson Desert Is Wild 🐎,https://www.youtube.com/watch?v=MwUIz-0cDmQ,GGROLER,https://www.youtube.com/channel/UCXS4IHeRDIqpTBoclpZzPqw,2026-03-16T04:03:21.216Z,5.0,9.684,5.0
Crimson Desert: 3 Brand New Bosses Gameplay - IGN First,https://www.youtube.com/watch?v=pHMArYJctsM,IGN,https://www.youtube.com/channel/UCKy1dAqELo0zrOtPkf0eTMw,2026-03-16T04:03:17.676Z,1417.0,3.54,3.54
Crimson Desert NEW Gameplay 30+ Minutes! - PlayStation 5 Pro,https://www.youtube.com/watch?v=DVTjVTVIVjQ,ApTreX,https://www.youtube.com/channel/UCcmZTPXTsOD58k4-H4QmbpA,2026-03-16T04:03:13.959Z,1974.0,3.717,3.717
"Crimson Desert Gameplay - Open World Exploration, Buying Gear & More...",https://www.youtube.com/watch?v=veuRXYTLrZ4,JorRaptorReact,https://www.youtube.com/channel/UCpAr597H4KR-Fgw4AlwwWzw,2026-03-16T04:02:35.747Z,545.0,38.212,38.212
Trump voter reacts after ICE killed her U.S. citizen son,https://www.youtube.com/watch?v=rIptbmRo29g,CBS News,https://www.youtube.com/channel/UC8p1vwvWtl6T73JiExfWs1g,2026-03-16T03:59:53.017Z,230.0,162.73,162.73
WHY CRIMSON DESERT LOOKS THIS GOOD & MORE,https://www.youtube.com/watch?v=jRU4ZEX5oI8,gameranx,https://www.youtube.com/channel/UCNvzD7Z-g64bPXxGzaQaa4g,2026-03-16T03:58:50.817Z,937.0,62.2,62.2
Crimson Desert's NPC AI Built Differently #gaming #crimsondesert,https://www.youtube.com/watch?v=qT8T5NHX9Yc,Pixel Wisdom,https://www.youtube.com/channel/UCOtCHQa_ze_j2-udoYi8XHw,2026-03-16T03:52:33.712Z,27.0,377.105,27.0
Crimson Desert - 30 Mind Boggling Examples of Attention To Detail,https://www.youtube.com/watch?v=Imxj3dC9zgE,GamingBolt,https://www.youtube.com/channel/UCXa_bzvv7Oo1glaW9FldDhQ,2026-03-16T03:46:26.657Z,979.0,367.055,367.055
Crimson Desert Gameplay - Open World Exploration & Unarmed Combat...,https://www.youtube.com/watch?v=sYU5fgk4Fy4,JorRaptorReact,https://www.youtube.com/channel/UCpAr597H4KR-Fgw4AlwwWzw,2026-03-16T03:45:34.678Z,499.0,51.979,51.979
"Epstein’s island was so horrific, one victim tried to swim away",https://www.youtube.com/watch?v=pHBKybYsx0k,CNN,https://www.youtube.com/channel/UCupvZG-5ko_eiXAupbDfxWw,2026-03-16T03:44:11.951Z,481.0,82.727,82.727
KARLEE GIRL - Right Back! (Official Video),https://www.youtube.com/watch?v=tzGw9LOZhDA,KARLEE GIRL,https://www.youtube.com/channel/UCz6y48df3hyUIvmINBqVbFQ,2026-03-16T03:43:37.071Z,202.0,34.88,34.88
"Iraqis in Baghdad rally for Mojtaba Khamenei, Iran's next leader",https://www.youtube.com/watch?v=cc1UOF-gnOA,AP Archive,https://www.youtube.com/channel/UCHTK-2W11Vh1V4uwofOfR4w,2026-03-16T03:32:28.366Z,33.0,668.705,33.0
Crimson Desert: High-End PC's Biggest Visual Upgrade - Ray Reconstruction/Ray Regeneration,https://www.youtube.com/watch?v=SlRpJ553RzE,Digital Foundry,https://www.youtube.com/channel/UC9PBzalIcEQCsiIkq36PyUA,2026-03-16T03:28:51.560Z,706.0,216.806,216.806
Choosin' Texas,https://music.youtube.com/watch?v=3s1sZbW7Rt8,ella langley - Topic,https://www.youtube.com/channel/UCecnyZYofHiBVDJpx1XNYOQ,2026-03-16T02:14:25.675Z,233.0,4465.885,233.0
Dry Spell,https://music.youtube.com/watch?v=_GrZRne_08s,Kacey Musgraves - Topic,https://www.youtube.com/channel/UC87QNTF9qgTwe8KKN1V8NGw,2026-03-16T02:11:07.591Z,198.0,198.084,198.0
New Religion,https://music.youtube.com/watch?v=KPcTubfZaVk,Bebe Rexha - Topic,https://www.youtube.com/channel/UChwSjx8SnvG6k96a9xqYw1g,2026-03-16T02:09:23.576Z,175.0,104.015,104.015
Champion,https://music.youtube.com/watch?v=qE2ljjTFNII,BLACKPINK - Topic,https://www.youtube.com/channel/UCkbbMCA40i18i7UdjayMPAg,2026-03-16T02:09:22.006Z,173.0,1.57,1.57
Stay With Me,https://music.youtube.com/watch?v=FO22JM2ogc8,Nessa Barrett - Topic,https://www.youtube.com/channel/UCn81HiOrP7OO3SkdGvR6HPA,2026-03-16T02:09:21.162Z,228.0,0.844,0.844
AFTERCARE,https://music.youtube.com/watch?v=UAAeKzOWA6g,Nessa Barrett - Topic,https://www.youtube.com/channel/UCn81HiOrP7OO3SkdGvR6HPA,2026-03-16T02:09:18.987Z,94.0,2.175,2.175
PINS AND NEEDLES,https://music.youtube.com/watch?v=jQlemRZ32F4,Nessa Barrett - Topic,https://www.youtube.com/channel/UCn81HiOrP7OO3SkdGvR6HPA,2026-03-16T01:50:08.616Z,202.0,1150.371,202.0
POSSESSION,https://music.youtube.com/watch?v=jieiS-k5ziA,Melanie Martinez - Topic,https://www.youtube.com/channel/UC3mgK-SgaPOBGQXxdf8DCAQ,2026-03-16T01:50:07.124Z,188.0,1.492,1.492
bad enough,https://music.youtube.com/watch?v=g5mN7SCtLSw,Madison Beer - Topic,https://www.youtube.com/channel/UCpgpoxvgrxyul1uqC9hOF-A,2026-03-16T01:50:02.245Z,223.0,4.879,4.879
Stateside + Zara Larsson,https://music.youtube.com/watch?v=iHsObIWkM-s,PinkPantheress - Topic,https://www.youtube.com/channel/UCIl91Kkscr0sc2pqg9WwYwA,2026-03-16T01:50:00.815Z,185.0,1.43,1.43
CHANEL,https://music.youtube.com/watch?v=GJ2v96T9xOk,Tyla - Topic,https://www.youtube.com/channel/UCnZBreGKMYsBpE5Vqxevewg,2026-03-16T01:49:57.365Z,189.0,3.45,3.45
Dreamcheater,https://music.youtube.com/watch?v=_9rxMdOKL3s,JADE - Topic,https://www.youtube.com/channel/UC51g1eDI-B6xrPnmVLFS1ww,2026-03-16T01:49:49.322Z,160.0,8.043,8.043
Midnight Sun,https://music.youtube.com/watch?v=94aepTv21wU,Zara Larsson - Topic,https://www.youtube.com/channel/UCB-GmTOjewVU2F_7S4ZFmEA,2026-03-16T01:46:52.616Z,227.0,176.706,176.706
House Tour,https://music.youtube.com/watch?v=rt_z10mb_k0,Sabrina Carpenter - Topic,https://www.youtube.com/channel/UCz51ZodJbYUNfkdPHOjJKKw,2026-03-16T01:46:51.445Z,170.0,1.171,1.171
The Fate of Ophelia,https://music.youtube.com/watch?v=yZPsPB0W_eQ,Taylor Swift - Topic,https://www.youtube.com/channel/UCPC0L1d253x-KuMNwa05TpA,2026-03-16T01:46:50.036Z,227.0,1.409,1.409
PSYCHO,https://music.youtube.com/watch?v=JhNsZdw3_Iw,BABYMONSTER - Topic,https://www.youtube.com/channel/UC47Wz6S14mj_6Jy-T59m6IQ,2026-03-16T01:46:34.868Z,196.0,15.168,15.168
Dandelion,https://music.youtube.com/watch?v=8CrYKKk2n4M,ella langley - Topic,https://www.youtube.com/channel/UCecnyZYofHiBVDJpx1XNYOQ,2026-03-16T01:46:31.384Z,241.0,3.484,3.484
we can't be friends (wait for your love),https://music.youtube.com/watch?v=teKmHz3FkBo,Ariana Grande - Topic,https://www.youtube.com/channel/UC0076UMUgEng8HORUw_MYHA,2026-03-16T01:46:25.069Z,229.0,6.315,6.315
do you really want to hurt me?,https://music.youtube.com/watch?v=vzepmMoYx3s,Nessa Barrett - Topic,https://www.youtube.com/channel/UCn81HiOrP7OO3SkdGvR6HPA,2026-03-16T01:45:19.233Z,130.0,65.836,65.836
Reckless,https://music.youtube.com/watch?v=exsR1joPIoQ,Madison Beer - Topic,https://www.youtube.com/channel/UCpgpoxvgrxyul1uqC9hOF-A,2026-03-16T01:45:16.280Z,204.0,2.953,2.953
CHIHIRO,https://music.youtube.com/watch?v=zYEKeEOKNi0,Billie Eilish - Topic,https://www.youtube.com/channel/UCERrDZ8oN0U_n9MphMKERcg,2026-03-16T01:45:13.468Z,304.0,2.812,2.812
Feather,https://music.youtube.com/watch?v=KsVnVdM9bUc,Sabrina Carpenter - Topic,https://www.youtube.com/channel/UCz51ZodJbYUNfkdPHOjJKKw,2026-03-16T01:45:11.278Z,186.0,2.19,2.19
tired of california,https://music.youtube.com/watch?v=LpzrOW-WndY,Nessa Barrett - Topic,https://www.youtube.com/channel/UCn81HiOrP7OO3SkdGvR6HPA,2026-03-16T01:45:06.243Z,191.0,5.035,5.035
earthquake,https://music.youtube.com/watch?v=S25S9kK41aU,JISOO - Topic,https://www.youtube.com/channel/UC4I9OFY_9ZYLs0Lj4bfEOvA,2026-03-16T01:45:03.594Z,191.0,2.649,2.649
Polaris,https://music.youtube.com/watch?v=S11Ok660stc,RYU MIN HEE - Topic,https://www.youtube.com/channel/UC_NYm2crb90IKmnIQ0BUK3w,2026-03-16T01:44:56.952Z,220.0,6.642,6.642
toxic till the end,https://music.youtube.com/watch?v=f73laCUMUW0,ROSÉ - Topic,https://www.youtube.com/channel/UCbpXC82cTLngSiZrysAaE-w,2026-03-16T01:44:52.756Z,157.0,4.196,4.196
HEARTBEAT,https://music.youtube.com/watch?v=CVyn5GgINjY,Nessa Barrett - Topic,https://www.youtube.com/channel/UCn81HiOrP7OO3SkdGvR6HPA,2026-03-16T01:44:46.727Z,190.0,6.029,6.029
Can't Sit Still,https://music.youtube.com/watch?v=SOtMrjAPB6Q,Lainey Wilson - Topic,https://www.youtube.com/channel/UCFZ0p3ETRsTLAacWhcA_tyA,2026-03-16T01:44:44.034Z,216.0,2.693,2.693
Strangers,https://music.youtube.com/watch?v=RCaoGyIXI6Y,Kenya Grace - Topic,https://www.youtube.com/channel/UChxHCt_gWE3uZ5ps0MSzlAQ,2026-03-16T01:44:31.442Z,173.0,12.592,12.592
Show Me Love,https://music.youtube.com/watch?v=wapa1-S03Ek,WizTheMc - Topic,https://www.youtube.com/channel/UCWQ7ukGT91KYAorjXbBICjw,2026-03-16T01:44:25.233Z,177.0,6.209,6.209
la di die (feat. Jaden Hossler),https://music.youtube.com/watch?v=9NS8c-vxR7E,Nessa Barrett - Topic,https://www.youtube.com/channel/UCn81HiOrP7OO3SkdGvR6HPA,2026-03-16T01:44:23.683Z,196.0,1.55,1.55
Espresso,https://music.youtube.com/watch?v=kIft-LUHHVA,Sabrina Carpenter - Topic,https://www.youtube.com/channel/UCz51ZodJbYUNfkdPHOjJKKw,2026-03-16T01:43:49.202Z,176.0,34.481,34.481
Lovesick Girls,https://music.youtube.com/watch?v=D8RZbI1jfQ0,BLACKPINK - Topic,https://www.youtube.com/channel/UCkbbMCA40i18i7UdjayMPAg,2026-03-16T01:43:47.128Z,193.0,2.074,2.074
Lush Life,https://music.youtube.com/watch?v=RG-D4bcg54s,Zara Larsson - Topic,https://www.youtube.com/channel/UCB-GmTOjewVU2F_7S4ZFmEA,2026-03-16T01:43:44.016Z,202.0,3.112,3.112
i hope ur miserable until ur dead,https://music.youtube.com/watch?v=5a5xjaL7tYw,Nessa Barrett - Topic,https://www.youtube.com/channel/UCn81HiOrP7OO3SkdGvR6HPA,2026-03-16T01:42:00.256Z,178.0,103.76,103.76
SPAGHETTI (feat. j-hope of BTS),https://music.youtube.com/watch?v=12ELDQy3IUc,LE SSERAFIM - Topic,https://www.youtube.com/channel/UC-clMkTZa7k-FxmNgMjoCgQ,2026-03-16T01:41:55.656Z,173.0,4.6,4.6
Born Again,https://music.youtube.com/watch?v=OveWq3SnznE,LISA - Topic,https://www.youtube.com/channel/UCXtPv6CbKfuXPNj3MyKFOig,2026-03-16T01:38:53.352Z,232.0,182.304,182.304
KiLL iT QUEEN,https://music.youtube.com/watch?v=1BOXd8YMNY8,Ava Max - Topic,https://www.youtube.com/channel/UCNCrZy3cD0_qZfFz2f6gSkQ,2026-03-16T01:36:30.817Z,169.0,142.535,142.535
APT.,https://music.youtube.com/watch?v=DiTd771WumE,ROSÉ - Topic,https://www.youtube.com/channel/UCbpXC82cTLngSiZrysAaE-w,2026-03-16T01:36:28.607Z,170.0,2.21,2.21
Drag Path,https://music.youtube.com/watch?v=6mEYBf5rWPg,Twenty One Pilots - Topic,https://www.youtube.com/channel/UCnX0L9QiftAcWdzeBx31xCw,2026-03-16T01:36:14.613Z,224.0,13.994,13.994
die first,https://music.youtube.com/watch?v=zQh2LtZ_5_0,Nessa Barrett - Topic,https://www.youtube.com/channel/UCn81HiOrP7OO3SkdGvR6HPA,2026-03-16T01:36:07.733Z,178.0,6.88,6.88
Golden,https://music.youtube.com/watch?v=rW2HmFDGdKs,HUNTR/X - Topic,https://www.youtube.com/channel/UCB-w1qXuClYVjJV49lVothw,2026-03-16T01:36:01.683Z,195.0,6.05,6.05
make you mine,https://music.youtube.com/watch?v=8j7yFWgpnCA,Madison Beer - Topic,https://www.youtube.com/channel/UCpgpoxvgrxyul1uqC9hOF-A,2026-03-16T01:35:59.513Z,222.0,2.17,2.17
Tongue Tied,https://music.youtube.com/watch?v=tWQei-65AGM,AleXa - Topic,https://www.youtube.com/channel/UCtuF6ej2D0q30cOpa9yc6_w,2026-03-16T01:35:31.789Z,180.0,27.724,27.724
Escapism.,https://music.youtube.com/watch?v=KWEsdF57hB4,RAYE - Topic,https://www.youtube.com/channel/UCvyjk7zKlaFyNIPZ-Pyvkng,2026-03-16T01:21:57.550Z,273.0,814.239,273.0
Slow Burn,https://music.youtube.com/watch?v=vYZFN4INkhs,Kacey Musgraves - Topic,https://www.youtube.com/channel/UC87QNTF9qgTwe8KKN1V8NGw,2026-03-16T01:03:43.086Z,247.0,1094.464,247.0
Aperture,https://music.youtube.com/watch?v=FukSr00Qnro,Harry Styles - Topic,https://www.youtube.com/channel/UCVacQ2t5GUZ2t_J3Ia9BynA,2026-03-16T01:03:41.607Z,312.0,1.479,1.479
Manchild,https://music.youtube.com/watch?v=DntZ3-yCaFs,Sabrina Carpenter - Topic,https://www.youtube.com/channel/UCz51ZodJbYUNfkdPHOjJKKw,2026-03-16T01:03:38.143Z,214.0,3.464,3.464
i like the way you kiss me,https://music.youtube.com/watch?v=jVBsM8CM0AE,Artemas - Topic,https://www.youtube.com/channel/UCkY2oqGEbBSaCdP-PVGhpCw,2026-03-16T01:03:35.767Z,143.0,2.376,2.376
TIT FOR TAT,https://music.youtube.com/watch?v=Y7o0NlO5uUI,Tate McRae - Topic,https://www.youtube.com/channel/UCz86IA7ooUetFnUGa_YlsVw,2026-03-16T01:03:33.583Z,178.0,2.184,2.184
Homewrecker,https://music.youtube.com/watch?v=E9onENVBmKY,sombr - Topic,https://www.youtube.com/channel/UCyI0V6RmULLsRxegMTCmkWQ,2026-03-16T01:03:31.592Z,210.0,1.991,1.991
Free,https://music.youtube.com/watch?v=HyQn-jkug-w,Rumi - Topic,https://www.youtube.com/channel/UC_A7_Rses1H_R8mwJic7-0A,2026-03-16T01:03:29.202Z,188.0,2.39,2.39
lovebomb,https://music.youtube.com/watch?v=hM5HaRBfJ0w,Nessa Barrett - Topic,https://www.youtube.com/channel/UCn81HiOrP7OO3SkdGvR6HPA,2026-03-16T01:03:26.029Z,189.0,3.173,3.173
Midnight Sun,https://music.youtube.com/watch?v=sGgMHiRiklo,Zara Larsson - Topic,https://www.youtube.com/channel/UCB-GmTOjewVU2F_7S4ZFmEA,2026-03-16T01:01:41.135Z,190.0,104.894,104.894
WHERE IS MY HUSBAND!,https://music.youtube.com/watch?v=V3NbrjVPIHM,RAYE - Topic,https://www.youtube.com/channel/UCvyjk7zKlaFyNIPZ-Pyvkng,2026-03-16T01:01:17.589Z,197.0,23.546,23.546
"Ready, Steady, Go!",https://music.youtube.com/watch?v=xnDfGVOv2oU,Harry Styles - Topic,https://www.youtube.com/channel/UCVacQ2t5GUZ2t_J3Ia9BynA,2026-03-16T01:01:16.129Z,161.0,1.46,1.46
All I Did Was Dream of You,https://music.youtube.com/watch?v=lJOpjWnSnqg,Beabadoobee - Topic,https://www.youtube.com/channel/UCcGMuu89vageEKV8zUKhwdA,2026-03-15T16:44:49.196Z,224.0,29786.933,224.0
Woman,https://music.youtube.com/watch?v=cd08zn6uTy8,Kane Brown - Topic,https://www.youtube.com/channel/UCa_Ms_ohpCja-0ULzuLAQGQ,2026-03-15T16:42:03.502Z,167.0,165.694,165.694
dying on the inside,https://music.youtube.com/watch?v=7ctcvLsVq-A,Nessa Barrett - Topic,https://www.youtube.com/channel/UCn81HiOrP7OO3SkdGvR6HPA,2026-03-15T16:30:12.640Z,205.0,710.862,205.0
Pop,https://music.youtube.com/watch?v=ISgHh3u6Zqk,Harry Styles - Topic,https://www.youtube.com/channel/UCVacQ2t5GUZ2t_J3Ia9BynA,2026-03-15T16:25:46.512Z,217.0,266.128,217.0
I Ain't No Cowboy,https://music.youtube.com/watch?v=sW-IDKW3LXE,Luke Combs - Topic,https://www.youtube.com/channel/UCzdDM4zheCgC3s4WzKhQ4-w,2026-03-15T16:22:45.221Z,194.0,181.291,181.291
Opalite,https://music.youtube.com/watch?v=JCcUifiu3UU,Taylor Swift - Topic,https://www.youtube.com/channel/UCPC0L1d253x-KuMNwa05TpA,2026-03-13T22:39:07.213Z,236.0,150218.008,236.0
Ordinary,https://music.youtube.com/watch?v=TR19QSL7WuQ,Alex Warren - Topic,https://www.youtube.com/channel/UCXATF3-9RFGyY-it_d2hB6A,2026-03-13T22:34:57.342Z,187.0,249.871,187.0
Dry Spell,https://music.youtube.com/watch?v=_GrZRne_08s,Kacey Musgraves - Topic,https://www.youtube.com/channel/UC87QNTF9qgTwe8KKN1V8NGw,2026-03-13T22:15:45.031Z,198.0,1152.311,198.0
Man I Need,https://music.youtube.com/watch?v=fsGjRf-N71I,Olivia Dean - Topic,https://www.youtube.com/channel/UC6GBKGYX6b3guHlqHLx6IzQ,2026-03-13T22:15:15.261Z,184.0,29.77,29.77
I Just Might,https://music.youtube.com/watch?v=8_C6lXoGB5Y,Bruno Mars - Topic,https://www.youtube.com/channel/UCZn4r7heNOPY-C43YIywnVA,2026-03-13T21:37:56.397Z,213.0,2238.864,213.0
JUMP,https://music.youtube.com/watch?v=r6Eei81SuqE,BLACKPINK - Topic,https://www.youtube.com/channel/UCkbbMCA40i18i7UdjayMPAg,2026-03-13T21:37:54.624Z,165.0,1.773,1.773
American Girls,https://music.youtube.com/watch?v=fl6hOstGluY,Harry Styles - Topic,https://www.youtube.com/channel/UCVacQ2t5GUZ2t_J3Ia9BynA,2026-03-13T21:37:39.417Z,214.0,15.207,15.207
New Religion,https://music.youtube.com/watch?v=KPcTubfZaVk,Bebe Rexha - Topic,https://www.youtube.com/channel/UChwSjx8SnvG6k96a9xqYw1g,2026-03-13T21:08:27.975Z,175.0,1751.442,175.0
Champion,https://music.youtube.com/watch?v=qE2ljjTFNII,BLACKPINK - Topic,https://www.youtube.com/channel/UCkbbMCA40i18i7UdjayMPAg,2026-03-13T21:08:21.056Z,173.0,6.919,6.919
EYES CLOSED,https://music.youtube.com/watch?v=aTqchg0BUG4,JISOO - Topic,https://www.youtube.com/channel/UC4I9OFY_9ZYLs0Lj4bfEOvA,2026-03-13T21:08:11.966Z,182.0,9.09,9.09
Ruin The Friendship,https://music.youtube.com/watch?v=f5ZAXAxHqog,Taylor Swift - Topic,https://www.youtube.com/channel/UCPC0L1d253x-KuMNwa05TpA,2026-03-13T21:08:07.139Z,221.0,4.827,4.827
BANG BANG,https://music.youtube.com/watch?v=TfAiFxoXVlE,IVE - Topic,https://www.youtube.com/channel/UC_4Y1QqJr60C5Z7-eQWy-mw,2026-03-13T21:08:04.395Z,179.0,2.744,2.744
bittersweet,https://music.youtube.com/watch?v=v-1h5JCXsC0,Madison Beer - Topic,https://www.youtube.com/channel/UCpgpoxvgrxyul1uqC9hOF-A,2026-03-13T21:07:57.744Z,203.0,6.651,6.651
The Life of a Showgirl,https://music.youtube.com/watch?v=WXAoY9PpFEo,Taylor Swift - Topic,https://www.youtube.com/channel/UCPC0L1d253x-KuMNwa05TpA,2026-03-13T21:07:54.959Z,242.0,2.785,2.785
Save Me Tonight,https://music.youtube.com/watch?v=VBaKK6EQsuU,Jennifer Lopez - Topic,https://www.youtube.com/channel/UCXDcGa1H1axtr1wkxOR3hZQ,2026-03-13T21:07:21.180Z,197.0,33.779,33.779
Raindance,https://music.youtube.com/watch?v=1qmrq6I_jHI,Dave - Topic,https://www.youtube.com/channel/UCu8B46V0mU2Wqii6qUatrvw,2026-03-13T21:07:09.545Z,220.0,11.635,11.635
"Zoo (From ""Zootopia 2"")",https://music.youtube.com/watch?v=WTRm-Yr5Foo,Disney - Topic,https://www.youtube.com/channel/UC0L4FNvqduCM49XPjb8dZHQ,2026-03-13T21:07:05.750Z,191.0,3.795,3.795
Fxxxboy,https://music.youtube.com/watch?v=FI8j4lW9BvU,BLACKPINK - Topic,https://www.youtube.com/channel/UCkbbMCA40i18i7UdjayMPAg,2026-03-13T21:06:16.410Z,188.0,49.34,49.34
"Good Luck, Babe!",https://music.youtube.com/watch?v=VZ-oGLluGAc,Chappell Roan - Topic,https://www.youtube.com/channel/UC1cYfQGC1eXrSO-hxMd7ESQ,2026-03-13T21:06:09.480Z,219.0,6.93,6.93
Lemon Tree,https://music.youtube.com/watch?v=2TC3ob-l5SI,YEWON - Topic,https://www.youtube.com/channel/UC5xl3AwgNTqyYQDe8Puxlzg,2026-03-13T21:05:52.824Z,211.0,16.656,16.656
Wi$h Li$t,https://music.youtube.com/watch?v=V18gwYHktAU,Taylor Swift - Topic,https://www.youtube.com/channel/UCPC0L1d253x-KuMNwa05TpA,2026-03-13T21:05:38.370Z,208.0,14.454,14.454
Nightingale Lane.,https://music.youtube.com/watch?v=CTvTWyvxHfY,RAYE - Topic,https://www.youtube.com/channel/UCvyjk7zKlaFyNIPZ-Pyvkng,2026-03-13T21:02:08.804Z,303.0,209.566,209.566
Kerosene,https://music.youtube.com/watch?v=6ZCwk1ouGwQ,The Warning - Topic,https://www.youtube.com/channel/UCmZbBc8qMj0v9Q6dC-kw4Xg,2026-03-13T21:02:01.809Z,206.0,6.995,6.995
Die With A Smile,https://music.youtube.com/watch?v=DlFXDl_ROAM,Lady Gaga - Topic,https://www.youtube.com/channel/UCGKXb1syicud01CJOOFRykg,2026-03-13T21:01:53.345Z,252.0,8.464,8.464
RUDE!,https://music.youtube.com/watch?v=Q4AE3ub4nBM,Hearts2Hearts - Topic,https://www.youtube.com/channel/UCC3Hg75KxQk4VTrBSphEbGw,2026-03-13T21:01:46.988Z,200.0,6.357,6.357
Gameboy,https://music.youtube.com/watch?v=_YpDYkTuzyc,KATSEYE - Topic,https://www.youtube.com/channel/UCX9kfYB9t0tnd6DYUC2iuKg,2026-03-13T21:01:44.399Z,186.0,2.589,2.589
Golden,https://music.youtube.com/watch?v=9_bTl2vvYQg,HUNTR/X - Topic,https://www.youtube.com/channel/UCB-w1qXuClYVjJV49lVothw,2026-03-13T21:01:42.368Z,195.0,2.031,2.031
Stay With Me,https://music.youtube.com/watch?v=FO22JM2ogc8,Nessa Barrett - Topic,https://www.youtube.com/channel/UCn81HiOrP7OO3SkdGvR6HPA,2026-03-13T20:30:16.103Z,228.0,1886.265,228.0
AFTERCARE,https://music.youtube.com/watch?v=UAAeKzOWA6g,Nessa Barrett - Topic,https://www.youtube.com/channel/UCn81HiOrP7OO3SkdGvR6HPA,2026-03-13T20:30:14.061Z,94.0,2.042,2.042
PINS AND NEEDLES,https://music.youtube.com/watch?v=jQlemRZ32F4,Nessa Barrett - Topic,https://www.youtube.com/channel/UCn81HiOrP7OO3SkdGvR6HPA,2026-03-13T20:27:07.694Z,202.0,186.367,186.367
POSSESSION,https://music.youtube.com/watch?v=jieiS-k5ziA,Melanie Martinez - Topic,https://www.youtube.com/channel/UC3mgK-SgaPOBGQXxdf8DCAQ,2026-03-13T20:27:04.385Z,188.0,3.309,3.309
bad enough,https://music.youtube.com/watch?v=g5mN7SCtLSw,Madison Beer - Topic,https://www.youtube.com/channel/UCpgpoxvgrxyul1uqC9hOF-A,2026-03-13T20:27:00.049Z,223.0,4.336,4.336
Stateside + Zara Larsson,https://music.youtube.com/watch?v=iHsObIWkM-s,PinkPantheress - Topic,https://www.youtube.com/channel/UCIl91Kkscr0sc2pqg9WwYwA,2026-03-13T20:26:57.069Z,185.0,2.98,2.98
CHANEL,https://music.youtube.com/watch?v=GJ2v96T9xOk,Tyla - Topic,https://www.youtube.com/channel/UCnZBreGKMYsBpE5Vqxevewg,2026-03-13T20:26:48.745Z,189.0,8.324,8.324
Dreamcheater,https://music.youtube.com/watch?v=_9rxMdOKL3s,JADE - Topic,https://www.youtube.com/channel/UC51g1eDI-B6xrPnmVLFS1ww,2026-03-13T20:26:44.735Z,160.0,4.01,4.01
Midnight Sun,https://music.youtube.com/watch?v=94aepTv21wU,Zara Larsson - Topic,https://www.youtube.com/channel/UCB-GmTOjewVU2F_7S4ZFmEA,2026-03-13T20:23:40.673Z,227.0,184.062,184.062
House Tour,https://music.youtube.com/watch?v=rt_z10mb_k0,Sabrina Carpenter - Topic,https://www.youtube.com/channel/UCz51ZodJbYUNfkdPHOjJKKw,2026-03-13T20:22:52.940Z,170.0,47.733,47.733
The Fate of Ophelia,https://music.youtube.com/watch?v=yZPsPB0W_eQ,Taylor Swift - Topic,https://www.youtube.com/channel/UCPC0L1d253x-KuMNwa05TpA,2026-03-13T20:19:06.626Z,227.0,226.314,226.314
Animula Nook | Alpha Test Official Trailer | Coming March 19!,https://www.youtube.com/watch?v=BX01owNWbvA,Animula Nook,https://www.youtube.com/channel/UC_RGyfeYy8CR7Hdg5mBCYXg,2026-03-13T19:11:08.420Z,258.0,4078.206,258.0
Charlie Puth - Home (feat. Hikaru Utada),https://www.youtube.com/watch?v=fKsETSl_cyU,Charlie Puth,https://www.youtube.com/channel/UCwppdrjsBPAZg5_cUwQjfMQ,2026-03-13T19:10:51.408Z,227.0,17.012,17.012
My Pandora Gold Collection,https://www.youtube.com/watch?v=jsIl-jn2Js8,My Pretty Charmed Life,https://www.youtube.com/channel/UCSie06hdRP_Sv6FCEoyj5_w,2026-03-13T19:09:01.235Z,508.0,110.173,110.173
They be so obvious too😭 #ariisaysso,https://www.youtube.com/watch?v=9EIpBVq6svo,ARI 🤍,https://www.youtube.com/channel/UChFDQSHmn56l6JheOv0Qs3Q,2026-03-13T19:04:18.710Z,54.0,282.525,54.0
Crimson Desert has ANOTHER CRAZY mechanic... #gaming,https://www.youtube.com/watch?v=xu4Rksr1t-w,Luke Stephens,https://www.youtube.com/channel/UCe4_UPAmhz2sqorGbF8oZHA,2026-03-13T19:04:17.598Z,137.0,1.112,1.112
MacBook Neo - Hidden Customization 😮,https://www.youtube.com/watch?v=KW4y1MW-nu8,Hayls World,https://www.youtube.com/channel/UCIxLxlan8q9WA7sjuq6LdTQ,2026-03-13T19:03:47.595Z,39.0,30.003,30.003
The $599 MacBook Neo is INSANE!,https://www.youtube.com/watch?v=IZUXpiyjw90,Andru Edwards,https://www.youtube.com/channel/UC55Jb99LT3IINRY_g5V6rtA,2026-03-13T19:03:28.380Z,77.0,19.215,19.215
I Tried Installing macOS on My Windows PC,https://www.youtube.com/watch?v=GBxo1cf7fDw,Rohtu,https://www.youtube.com/channel/UC-xeJc-mm7IR59fYy3sre_g,2026-03-13T18:58:37.506Z,908.0,290.874,290.874
Making $2.7 Million A Year Selling Ice In NYC | Small Business,https://www.youtube.com/watch?v=iGejCONYVjA,Insider Food,https://www.youtube.com/channel/UCwiTOchWeKjrJZw7S1H__1g,2026-03-13T18:51:53.913Z,792.0,403.593,403.593
"Meet Loona, the pet robot at CES that’s ready to interact and hold conversations. #CES",https://www.youtube.com/watch?v=RrYyKVoJFew,The Verge,https://www.youtube.com/channel/UCddiUEpeqJcYeBxX1IVBKvQ,2026-03-13T18:39:57.866Z,57.0,716.047,57.0
This desktop charger turns your phone into an AI robot || Loona Deskmate ||,https://www.youtube.com/watch?v=_FMQVCztzI4,Dark Narr,https://www.youtube.com/channel/UCUef1shxWkQPnGKipXJZcMg,2026-03-13T18:39:48.003Z,33.0,9.863,9.863
Loona Deskmate - KEYi Tech at CES 2026,https://www.youtube.com/watch?v=S9kDuExCHFk,Miraenda,https://www.youtube.com/channel/UCr4hZX6ZkZ010EqsII85-IA,2026-03-13T18:39:04.563Z,176.0,43.44,43.44
Loona DeskMate ,https://www.youtube.com/watch?v=rkjBnfovYho,LOONA PETBOT,https://www.youtube.com/channel/UCTIEL4DWNFLdB6ljj0P3IvA,2026-03-13T18:38:17.687Z,32.0,46.876,32.0
How Good Is The Combat In Crimson Desert — Really?,https://www.youtube.com/watch?v=b88X1uYHaX4,Gamebase,https://www.youtube.com/channel/UCznQwxZLiEndJp6OdJnqN3w,2026-03-13T18:29:32.615Z,432.0,525.072,432.0
10 Upcoming AAA Games We Can't WAIT TO PLAY,https://www.youtube.com/watch?v=tbV8gXBXfDo,gameranx,https://www.youtube.com/channel/UCNvzD7Z-g64bPXxGzaQaa4g,2026-03-13T18:04:57.766Z,1364.0,1474.849,1364.0
Crimson Desert - Features Overview #3: Life in Pywel | PS5 Games,https://www.youtube.com/watch?v=vRhK2HLrgzE,PlayStation,https://www.youtube.com/channel/UC-2Y8dQb0S6DtpxNgAKoJKA,2026-03-13T18:04:38.103Z,520.0,19.663,19.663
Disneyland's viral 'Evil Queen' reveals why she was fired | NewsNation Prime,https://www.youtube.com/watch?v=0uMmjshNY4A,NewsNation,https://www.youtube.com/channel/UCCjG8NtOig0USdrT5D1FpxQ,2026-03-13T18:02:02.264Z,393.0,155.839,155.839
Tears in my eyes | #BLACKPINK #ROSÉ,https://www.youtube.com/watch?v=xKJi-qRH4Cw,PinksMonz,https://www.youtube.com/channel/UCRBl62kBZL42zR2WMP1YG4g,2026-03-13T17:53:03.704Z,55.0,538.56,55.0
Crimson Desert — Muskan Boss Fight (Brutal Brawler Battle),https://www.youtube.com/watch?v=FaPusIILVCQ,Skill Games,https://www.youtube.com/channel/UCJDeaCeM4QtBG3jE2QysFAg,2026-03-13T17:52:32.973Z,93.0,30.731,30.731
Crimson Desert Gameplay - Hunting Criminals & Becoming The Bad Guy...,https://www.youtube.com/watch?v=ScbOq83t8q4,JorRaptorReact,https://www.youtube.com/channel/UCpAr597H4KR-Fgw4AlwwWzw,2026-03-13T17:52:08.437Z,504.0,24.536,24.536
Goodbye for now,https://www.youtube.com/watch?v=ObiHH-FcsU8,MrMacRight,https://www.youtube.com/channel/UC7CwWhhUmy-8sDvyyA15weA,2026-03-13T17:50:04.622Z,158.0,123.815,123.815
"Crimson Desert PS5 Pro: Quality, Balanced, Performance Modes - What Do They Do?",https://www.youtube.com/watch?v=GWg58Z6Wi7M,DF Clips,https://www.youtube.com/channel/UCLdBr5f6RcP6l_TAP4GkhDQ,2026-03-13T17:49:29.178Z,404.0,35.444,35.444
Crimson Desert IS A Crash Grab,https://www.youtube.com/watch?v=x4pniul7TGE,Joe Hammer Gaming,https://www.youtube.com/channel/UC6lsifzWalg0TiFB3Ba4vtA,2026-03-13T14:30:31.693Z,397.0,11937.485,397.0
Apple's New Groove: Everyone Wants MacBook Neo and Finder Guy | One More Thing,https://www.youtube.com/watch?v=wSuwdnM8DZE,CNET,https://www.youtube.com/channel/UCOmcA3f_RrH6b9NmcNa4tdg,2026-03-13T14:04:15.331Z,438.0,1576.362,438.0
Google Pixelbook Go in 2025. Should you still get one?,https://www.youtube.com/watch?v=FE-2EqxspN8,Yela Entertainment,https://www.youtube.com/channel/UCQC19HY2TOJyIGg9CwHUQJg,2026-03-13T14:02:59.485Z,391.0,75.846,75.846
Google Pixelbook Go Not Pink - GA00841-US Quick Facts,https://www.youtube.com/watch?v=1b_y8aejF44,Chrome OS Made Simple,https://www.youtube.com/channel/UCl7JbjcuAaAJYEX5K416zGA,2026-03-13T13:59:39.644Z,60.0,199.841,60.0
2025 Surface Pro and Surface Laptop! NEW VIOLET COLOR IS 🔥💜😍,https://www.youtube.com/watch?v=-6UnEevT0bU,iJustine,https://www.youtube.com/channel/UCey_c7U86mJGz1VJWH5CYPA,2026-03-13T13:37:11.862Z,298.0,1347.782,298.0
"The Best Laptops of 2025 - For Gaming, Creators & Students!",https://www.youtube.com/watch?v=3ivq0SoQy9o,Hardware Canucks,https://www.youtube.com/channel/UCTzLRZUgelatKZ4nyIKcAbg,2026-03-13T13:29:58.090Z,1039.0,433.772,433.772
Meet the new Microsoft Surface Laptop,https://www.youtube.com/watch?v=4Z5VbcLnhBQ,Microsoft Surface,https://www.youtube.com/channel/UCGS474QoP8SCnSo6hOCaayA,2026-03-13T13:27:51.188Z,50.0,126.902,50.0
Naomi Scott - Losing You (Official Visualiser/Lyric Video),https://www.youtube.com/watch?v=S7MMz4De7-M,Naomi Scott,https://www.youtube.com/channel/UC5rlJ6TyfO5_K8_EfGDoKdA,2026-03-13T13:25:45.198Z,140.0,125.99,125.99
Crimson Desert on PlayStation 5 Pro - The Digital Foundry Deep Dive,https://www.youtube.com/watch?v=3uUIBUoJhk8,Digital Foundry,https://www.youtube.com/channel/UC9PBzalIcEQCsiIkq36PyUA,2026-03-13T12:43:59.645Z,1744.0,2505.553,1744.0
Crimson Desert Reviews Are Finally Here...,https://www.youtube.com/watch?v=T5_wp0YbbV4,MathChief - The Best of Gaming!,https://www.youtube.com/channel/UC2lJPgRa6PeDNLUqlCCmDAQ,2026-03-13T12:43:44.454Z,547.0,15.191,15.191
Crimson Desert: Stealth Combat And 17 Minutes Chill Quest Gameplay (4K60FPS),https://www.youtube.com/watch?v=bSXqFA8SNN8,Jason Brody Gaming,https://www.youtube.com/channel/UCxD_YyOaEHN7OpI5LWxJG4Q,2026-03-13T11:51:22.390Z,1058.0,3142.064,1058.0
WILDFLOWER,https://music.youtube.com/watch?v=O1PkZaFy61Y,Billie Eilish - Topic,https://www.youtube.com/channel/UCERrDZ8oN0U_n9MphMKERcg,2026-03-13T11:48:06.028Z,262.0,196.362,196.362
GO,https://music.youtube.com/watch?v=Bqm3jusHM9I,BLACKPINK - Topic,https://www.youtube.com/channel/UCkbbMCA40i18i7UdjayMPAg,2026-03-13T11:47:19.250Z,196.0,46.778,46.778
TOKYO DRIFT,https://music.youtube.com/watch?v=SCm6GTalprY,ONE OR EIGHT - Topic,https://www.youtube.com/channel/UCwwBJHxlinPZ6cHS6UzQ7Ig,2026-03-13T11:47:09.317Z,189.0,9.933,9.933
No Broke Boys,https://music.youtube.com/watch?v=l6Fx2nyU52w,Disco Lines - Topic,https://www.youtube.com/channel/UCfP0uWE3TV2B-jGAcEaIN3A,2026-03-13T11:44:36.112Z,164.0,153.205,153.205
"When the Moon Rises, I Think of You",https://music.youtube.com/watch?v=RfA28EhGOgM,doyouka - Topic,https://www.youtube.com/channel/UCozT43OF9BZc0kLh-1g54tw,2026-03-13T11:44:28.839Z,199.0,7.273,7.273
Risk It All,https://music.youtube.com/watch?v=BF2_ipR1OI0,Bruno Mars - Topic,https://www.youtube.com/channel/UCZn4r7heNOPY-C43YIywnVA,2026-03-13T11:44:25.398Z,205.0,3.441,3.441
Fortnight,https://music.youtube.com/watch?v=eXrmLd5mer4,Taylor Swift - Topic,https://www.youtube.com/channel/UCPC0L1d253x-KuMNwa05TpA,2026-03-13T11:44:23.071Z,229.0,2.327,2.327
So Easy (To Fall In Love),https://music.youtube.com/watch?v=7f_mlKlOLMo,Olivia Dean - Topic,https://www.youtube.com/channel/UC6GBKGYX6b3guHlqHLx6IzQ,2026-03-13T11:44:20.592Z,169.0,2.479,2.479
Save My Love,https://music.youtube.com/watch?v=zO1xunyRRYA,Kygo - Topic,https://www.youtube.com/channel/UCkhjJ1ozo9YkGtZ2Vl-QpwA,2026-03-13T11:42:39.402Z,211.0,101.19,101.19
BIRDS OF A FEATHER,https://music.youtube.com/watch?v=WKZO-CWeOVA,Billie Eilish - Topic,https://www.youtube.com/channel/UCERrDZ8oN0U_n9MphMKERcg,2026-03-13T11:42:37.197Z,211.0,2.205,2.205
Chasing Monuments,https://music.youtube.com/watch?v=vPBXeKUUWn8,DannyHO - Topic,https://www.youtube.com/channel/UCZRqLQFlRZzho6EwhPykBvw,2026-03-13T11:42:33.913Z,243.0,3.284,3.284
Me and my,https://music.youtube.com/watch?v=99GWRRn1-7g,BLACKPINK - Topic,https://www.youtube.com/channel/UCkbbMCA40i18i7UdjayMPAg,2026-03-13T11:41:34.508Z,173.0,59.405,59.405
Gabriela,https://music.youtube.com/watch?v=G-fCOEZnnTs,KATSEYE - Topic,https://www.youtube.com/channel/UCX9kfYB9t0tnd6DYUC2iuKg,2026-03-13T11:38:32.730Z,198.0,181.778,181.778
My Regards,https://music.youtube.com/watch?v=35SozQhRZE0,Maisie Peters - Topic,https://www.youtube.com/channel/UCh1mOseeXbq8xWuEAsWhoAg,2026-03-13T11:28:20.241Z,192.0,612.489,192.0
My Regards (Bedroom Edition),https://music.youtube.com/watch?v=CHwi0MkjFlI,Maisie Peters - Topic,https://www.youtube.com/channel/UCh1mOseeXbq8xWuEAsWhoAg,2026-03-13T11:28:05.962Z,198.0,14.279,14.279
"Google PixelBook Go | 4 Years later, it's still GOing! 🔥🔥🔥🔥",https://www.youtube.com/watch?v=77ccH173yiI,J. Williams,https://www.youtube.com/channel/UChEVicxql_RrIqBjvPVAbHQ,2026-03-13T11:27:21.436Z,520.0,44.526,44.526
Mike Posner - I Went Back To Ibiza (Official Lyric Video),https://www.youtube.com/watch?v=UDL6SEW4xKU,Mike Posner,https://www.youtube.com/channel/UCTaevJgpY78By0ELxeJmQpA,2026-03-13T11:23:43.808Z,241.0,217.628,217.628
paris jackson - zombies in love,https://www.youtube.com/watch?v=5LlErbOOUb8,ParisJacksonVEVO,https://www.youtube.com/channel/UCndnC3WfWSsB4rUN1GGSO0w,2026-03-13T11:22:32.329Z,174.0,71.479,71.479
Zara Larsson - Midnight Sun (Live) | Spotify Live Room,https://www.youtube.com/watch?v=JHGHFdEyidg,Spotify,https://www.youtube.com/channel/UCRMqQWxCWE0VMvtUElm-rEA,2026-03-13T11:19:26.601Z,205.0,185.728,185.728
Alex Warren - FEVER DREAM (Official Video),https://www.youtube.com/watch?v=hkUSnrHQJHg,Alex Warren,https://www.youtube.com/channel/UCwoTyvVftpt2t8sD6FtpavA,2026-03-13T11:18:50.859Z,250.0,35.742,35.742
https://www.youtube.com/watch?v=r7hjYViyrR8,https://www.youtube.com/watch?v=r7hjYViyrR8,,,2026-03-13T11:16:44.846Z,,126.013,126.013
AluminiumOS: Google's New Laptop OS is Coming! ,https://www.youtube.com/watch?v=N_EkCenveTk,Sillycorns,https://www.youtube.com/channel/UCKk9JCBLDy6bOp5cUAQYrUQ,2026-03-13T03:58:50.444Z,410.0,26274.402,410.0
The 4K Google Pixelbook Go: Is It Worth Buying?,https://www.youtube.com/watch?v=iDV3bkWfxnU,Chrome Unboxed,https://www.youtube.com/channel/UCkHgegL2XiXSlwY5zeCKKyg,2026-03-13T03:52:39.247Z,316.0,371.197,316.0
ASUS Chromebook CM15 Hands-On At CES 2026,https://www.youtube.com/watch?v=6eDIkEU3VAA,Chrome Unboxed,https://www.youtube.com/channel/UCkHgegL2XiXSlwY5zeCKKyg,2026-03-13T03:51:29.436Z,116.0,69.811,69.811
Lenovo Chromebook Plus 14 Review: The BEST Chromebook Ever Made,https://www.youtube.com/watch?v=vdNM_r-3M10,Chrome Unboxed,https://www.youtube.com/channel/UCkHgegL2XiXSlwY5zeCKKyg,2026-03-13T03:49:44.913Z,652.0,104.523,104.523
Chromebook Buying Guide (2025 / 2026),https://www.youtube.com/watch?v=bZmNG4EHzi8,MergeDroid,https://www.youtube.com/channel/UCy6uhB74QEbNJJKt3z-cW_w,2026-03-13T03:48:51.563Z,502.0,53.35,53.35
The BEST Gaming Laptops for 2026 | Buying Guide,https://www.youtube.com/watch?v=tpTvhSdOz5E,Tom’s Guide,https://www.youtube.com/channel/UCik8xvfR6s8GQ74QNEGNzwg,2026-03-13T03:44:55.953Z,522.0,235.61,235.61
The Nothing Phone (4a) Pro is Here!,https://www.youtube.com/watch?v=enYFdZKHEB8,Parker Burton,https://www.youtube.com/channel/UCEeH57P89hPQ1Sp2TavfICA,2026-03-13T03:43:46.232Z,85.0,69.721,69.721
Crimson Desert - Launch Trailer | Reaction!,https://www.youtube.com/watch?v=CY3JAfg2jEI,Tyrone Magnus,https://www.youtube.com/channel/UCs95gwav7frv5HTVqAGa7uQ,2026-03-13T03:26:43.340Z,197.0,1022.892,197.0
Crimson Desert - Official Launch Trailer,https://www.youtube.com/watch?v=sUdaXJVCYsI,Xbox,https://www.youtube.com/channel/UCjBp_7RuDBUYbd1LegWEJ8g,2026-03-13T02:24:35.487Z,108.0,3727.853,108.0
Crimson Desert on PlayStation 5 Pro - The Digital Foundry Deep Dive,https://www.youtube.com/watch?v=3uUIBUoJhk8,Digital Foundry,https://www.youtube.com/channel/UC9PBzalIcEQCsiIkq36PyUA,2026-03-13T02:24:28.465Z,1744.0,7.022,7.022
Crimson Desert Is Insane On Console,https://www.youtube.com/watch?v=yyiWOrTkFGc,Altometer,https://www.youtube.com/channel/UCzNMIepHE4jEgu7NGNnpZpA,2026-03-13T02:22:06.773Z,389.0,141.692,141.692
Crimson Desert Predictions,https://www.youtube.com/watch?v=ugJJEM8smNE,RabidBlue,https://www.youtube.com/channel/UCCIVN5y6hoIpwC5oz75Wiug,2026-03-13T02:21:26.439Z,61.0,40.334,40.334
CRIMSON DESERT LAUNCH TRAILER! | WE ARE FINALLY HERE!,https://www.youtube.com/watch?v=GHgbgRBdHEY,Draven Mayberry,https://www.youtube.com/channel/UC_xoJgmmt9fmvvBzbMejA6Q,2026-03-12T23:15:03.999Z,176.0,11182.44,176.0
Crimson Desert - Early Review After 50 Hours,https://www.youtube.com/watch?v=5ePKZrNg10Y,Open World Games,https://www.youtube.com/channel/UCp-2EdzeeYwdecqMoXmHIQw,2026-03-12T23:15:00.100Z,1193.0,3.899,3.899
Thoughts On Digital Foundry's Crimson Desert PS5 Pro Footage,https://www.youtube.com/watch?v=9PjhE341alY,Rell Talks Games,https://www.youtube.com/channel/UCfI0ryc5WrUAogRwE7AmsKA,2026-03-12T22:53:36.075Z,351.0,1284.025,351.0
Crimson Desert PS5 Pro Gameplay Reaction,https://www.youtube.com/watch?v=eGD_5sEKpE8,Reforge Gaming,https://www.youtube.com/channel/UC5YG8pqTT7nvtUMVOQm798A,2026-03-12T22:53:29.957Z,869.0,6.118,6.118
Crimson Desert looks like the wildest game that is dropping this month,https://www.youtube.com/watch?v=jy9QOIO4Dx8,The Respawn,https://www.youtube.com/channel/UCqygaV0tqBVDBBverQrv74g,2026-03-12T22:51:27.701Z,29.0,122.256,29.0
"PRIMEIRA GAMEPLAY DE CRIMSON DESERT NO PS5 PRO E ANÁLISE TÉCNICA DA DIGITAL FOUNDRY, FINALMELMENTE!!",https://www.youtube.com/watch?v=RKmOuLojF1s,Universo Paralelo,https://www.youtube.com/channel/UCpIKyI7QGpbR-AUudtNWj4A,2026-03-12T22:51:19.490Z,1102.0,8.211,8.211
Crimson Desert's Launch Trailer IS STUNNING!,https://www.youtube.com/watch?v=_uLpvL8qTzk,VERDICT,https://www.youtube.com/channel/UC0tVOG3Vz0AdEtkxS7OVnug,2026-03-12T22:50:41.989Z,85.0,37.501,37.501
Crimson Desert Gameplay Launch Trailer | BRAND NEW CRIMSON DESERT GAMEPLAY #CrimsonDesert #Xbox,https://www.youtube.com/watch?v=3Qe0UezGa-Q,Baytuh,https://www.youtube.com/channel/UC7UPLp82y8rUiROggVHMmBQ,2026-03-12T22:50:32.703Z,101.0,9.286,9.286
Crimson Desert devs put it there for a reason. #shorts #crimsondesert  #crimesondesertgame,https://www.youtube.com/watch?v=F8THV6TE_WM,AGAXB,https://www.youtube.com/channel/UCm5rR4rRrU3Xmhzp8o0NQbw,2026-03-12T22:49:59.072Z,46.0,33.631,33.631
Crimson Desert multiplayer... Will it happen?,https://www.youtube.com/watch?v=fvbguDQAtf8,Open World Games,https://www.youtube.com/channel/UCp-2EdzeeYwdecqMoXmHIQw,2026-03-12T22:49:19.939Z,64.0,39.133,39.133
Crimson Desert’s PS5 Pro Performance Test Is Out #gaming #crimsondesert #rpg,https://www.youtube.com/watch?v=_bT0E9WKxE8,Fateh2r Gaming,https://www.youtube.com/channel/UCzfJpfQNgEHyd9xqv2jZ9Qg,2026-03-12T22:48:43.072Z,41.0,36.867,36.867
"Crimson Desert GAMEPLAY - New WEAPON Giant Fan, Jetpack & Console Details!",https://www.youtube.com/watch?v=UWEV5Bgo398,KhrazeGaming,https://www.youtube.com/channel/UCFXUSG_393wZJaRTErU6Pjw,2026-03-12T22:48:33.010Z,545.0,10.062,10.062
Checking out the PS5 Pro Tech Preview for Crimson Desert by Digital Foundry!,https://www.youtube.com/watch?v=-xRYqAkli3g,Nic Streams,https://www.youtube.com/channel/UCc5RR8WCMZqw-qZpPUalkjA,2026-03-12T22:46:43.597Z,3815.0,109.413,109.413
New Crimson Desert PS5 footage from Digital Foundry Caveman Reacts,https://www.youtube.com/watch?v=xxE3BG97Cls,Caveman Gaming ,https://www.youtube.com/channel/UCy6bn9FucSxz-JVWvH9b2_A,2026-03-12T22:46:35.652Z,2177.0,7.945,7.945
No Country for Old Men,https://www.youtube.com/watch?v=N8PBL1P9jU4,YouTube Movies,https://www.youtube.com/channel/UCuVPpxrm2VAgpH3Ktln4HXg,2026-03-12T22:39:37.443Z,,418.209,418.209
Crimson Desert - Launch Trailer | PS5 Games,https://www.youtube.com/watch?v=YHhwdyWkwTQ,PlayStation,https://www.youtube.com/channel/UC-2Y8dQb0S6DtpxNgAKoJKA,2026-03-12T19:39:27.677Z,108.0,10809.766,108.0
The FIRST Review for Crimson Desert has LEAKED EARLY...,https://www.youtube.com/watch?v=qTcrkwUCQ9k,DreamcastGuy,https://www.youtube.com/channel/UCiHFS5txB0O7jckRk-oK8XQ,2026-03-12T19:39:07.696Z,918.0,19.981,19.981
"BIG Crimson Desert UPDATES - DENUVO Added to PC, NEW Preload & Full Release Times + More News",https://www.youtube.com/watch?v=QOH_AatCkaQ,GameCross,https://www.youtube.com/channel/UCTlVz6WP_SsLRt663JqP6lw,2026-03-12T19:38:46.543Z,667.0,21.153,21.153
Crimson Desert New Features | Leaks | Console Optimization,https://www.youtube.com/watch?v=DAWrWcpVang,AGAXB,https://www.youtube.com/channel/UCm5rR4rRrU3Xmhzp8o0NQbw,2026-03-12T19:30:34.674Z,920.0,491.869,491.869
Crimson Desert haters look desperate,https://www.youtube.com/watch?v=UlPBnciQf2U,Qwazar77,https://www.youtube.com/channel/UC0YpCsvynhbjTzrS9AIRjiQ,2026-03-12T19:28:45.712Z,1698.0,108.962,108.962
Official Launch Trailer | Crimson Desert,https://www.youtube.com/watch?v=VWIw_f8e9Pg,Crimson Desert,https://www.youtube.com/channel/UCtwZImFOBRy7iNj1EQC4YXA,2026-03-12T19:01:57.010Z,106.0,1608.702,106.0
I watched Crimson Desert's NEW TRAILER in 0.25x speed...here's what I found,https://www.youtube.com/watch?v=DK1X-2yMuNg,Nick G,https://www.youtube.com/channel/UCsgLijy78uzmXencTWkJRgQ,2026-03-12T18:51:25.286Z,515.0,631.724,515.0
NOVO TRAILER do Crimson Desert CONTINUA a SURPREENDER!,https://www.youtube.com/watch?v=r0IBLH8IqXc,Ataque Crítico,https://www.youtube.com/channel/UC4ueV75y26uSfiRGG-bVEgw,2026-03-12T18:48:46.862Z,596.0,158.424,158.424
Crimson Desert Launch Trailer! 🤯 PEARL ABYSS NEEDS TO BE STOPPED!! Rocket Reacts.,https://www.youtube.com/watch?v=m65E2LcXstM,RocketG,https://www.youtube.com/channel/UCxfdDztoJp0zzEtITQJB8Rw,2026-03-12T18:48:44.622Z,568.0,2.24,2.24
I LOVE THE CRIMSON DESERT LAUNCH TRAILER!!! (more caps please),https://www.youtube.com/watch?v=65hDp7leZ8s,Superw0rri0r,https://www.youtube.com/channel/UChVRl21BPMqNu3qelkrj8oA,2026-03-12T18:44:20.858Z,781.0,263.764,263.764
"Crimson Desert Trailer Reaction - Jetpacks, Katanas, Kliffs Brother!?!?!",https://www.youtube.com/watch?v=-rjP8fz8Vpw,Caveman Gaming ,https://www.youtube.com/channel/UCy6bn9FucSxz-JVWvH9b2_A,2026-03-12T18:44:01.570Z,515.0,19.288,19.288
Paralives - Paramaker Gameplay,https://www.youtube.com/watch?v=ru_a4Nh4IMY,Paralives,https://www.youtube.com/channel/UCHkf1UXJZoHu8fdCUCXabkA,2026-03-12T18:17:10.142Z,3054.0,1611.428,1611.428
2026 GRAMMY Week Behind-The-Scenes | KATSEYE,https://www.youtube.com/watch?v=jGbz5palQGk,KATSEYE,https://www.youtube.com/channel/UCA61H4fWOMHikLcUFKyQUog,2026-03-12T17:36:13.658Z,848.0,2456.484,848.0
This Combat Looks INSANE 🔥 | Crimson Desert #crimsondesert  #rpggames #blackmyth,https://www.youtube.com/watch?v=yW0Ia8aguxE,Levi Gaming,https://www.youtube.com/channel/UCsyKSzkyCMp5DRH9_It_w6g,2026-03-12T17:01:24.716Z,32.0,2088.942,32.0
Crimson Desert's World Feels ALIVE — Here's Why (Exploring CD Pt. 3),https://www.youtube.com/watch?v=ZPYCNQUiThs,Superw0rri0r,https://www.youtube.com/channel/UChVRl21BPMqNu3qelkrj8oA,2026-03-12T16:27:17.126Z,497.0,2047.59,497.0
Crimson Desert - Official Launch Gameplay Trailer,https://www.youtube.com/watch?v=R6_9U6yTfAc,GameSpot,https://www.youtube.com/channel/UCbu2SsF-Or3Rsn3NxqODImw,2026-03-12T16:18:45.409Z,106.0,511.717,106.0
공식 출시 트레일러 (한국어 더빙) | 붉은사막,https://www.youtube.com/watch?v=FLdy3yc0Nfw,Crimson Desert,https://www.youtube.com/channel/UCtwZImFOBRy7iNj1EQC4YXA,2026-03-12T13:51:42.438Z,104.0,8822.971,104.0
Crimson Desert - Official Launch Trailer,https://www.youtube.com/watch?v=M8GCqJMulr8,IGN,https://www.youtube.com/channel/UCKy1dAqELo0zrOtPkf0eTMw,2026-03-12T13:27:03.624Z,106.0,1478.814,106.0
Is AI making you stupid?,https://www.youtube.com/watch?v=A3S8yzJ4oBM,The Economist,https://www.youtube.com/channel/UC0p5jTq6Xx_DosDFxVXnWaQ,2026-03-12T13:00:36.037Z,162.0,1587.587,162.0
Could the AI bubble pop?,https://www.youtube.com/watch?v=iWl7OMxZSUU,The Economist,https://www.youtube.com/channel/UC0p5jTq6Xx_DosDFxVXnWaQ,2026-03-12T13:00:23.378Z,177.0,12.659,12.659
Yuval Noah Harari believes AI is the end of human-dominated history #AI #artificialintelligence,https://www.youtube.com/watch?v=vz3HKkVrJE4,The Economist,https://www.youtube.com/channel/UC0p5jTq6Xx_DosDFxVXnWaQ,2026-03-12T13:00:06.170Z,57.0,17.208,17.208
Open AI's CTO on Having a Relationship With an AI,https://www.youtube.com/watch?v=q6yq1i7vd9E,Bloomberg Originals,https://www.youtube.com/channel/UCUMZ7gohGI9HcU9VNsr2FJQ,2026-03-12T12:59:23.502Z,57.0,42.668,42.668
‘Risk of extinction' warning issued by AI developers,https://www.youtube.com/watch?v=h89iKqL1bRg,CNN,https://www.youtube.com/channel/UCupvZG-5ko_eiXAupbDfxWw,2026-03-12T12:59:14.204Z,46.0,9.298,9.298
'Godfather of AI' has a plan for humanity to survive AI,https://www.youtube.com/watch?v=Wd8RzZ3xn7w,CNN,https://www.youtube.com/channel/UCupvZG-5ko_eiXAupbDfxWw,2026-03-12T12:59:06.018Z,77.0,8.186,8.186
AI security system mistakes student's empty Doritos bag for gun,https://www.youtube.com/watch?v=Khf6o0t-9zg,CNN,https://www.youtube.com/channel/UCupvZG-5ko_eiXAupbDfxWw,2026-03-12T12:58:50.158Z,92.0,15.86,15.86
AI expert shows how easy it is to impersonate someone,https://www.youtube.com/watch?v=EEw-7zVs8wE,CNN,https://www.youtube.com/channel/UCupvZG-5ko_eiXAupbDfxWw,2026-03-12T12:58:39.231Z,167.0,10.927,10.927
ChatGPT creator is now worried about AI,https://www.youtube.com/watch?v=0kIhwa1e_5M,CNN,https://www.youtube.com/channel/UCupvZG-5ko_eiXAupbDfxWw,2026-03-12T12:57:22.453Z,57.0,76.778,57.0
See AI Putin ask real Putin about body doubles,https://www.youtube.com/watch?v=rfIhRjFOpuc,CNN,https://www.youtube.com/channel/UCupvZG-5ko_eiXAupbDfxWw,2026-03-12T12:57:10.549Z,44.0,11.904,11.904
The Real Cost of Your AI Use: Inside a Power-Hungry Data Center,https://www.youtube.com/watch?v=Tx0uoiuLAZg,The Wall Street Journal,https://www.youtube.com/channel/UCK7tptUDHh-RYDsdxO1-5QQ,2026-03-12T12:56:55.689Z,175.0,14.86,14.86
AI Needs Copper—Can the World Deliver? | Presented by CME Group,https://www.youtube.com/watch?v=6H17LkJB7U4,Bloomberg News,https://www.youtube.com/channel/UChirEOpgFCupRAk5etXqPaA,2026-03-12T12:56:38.967Z,80.0,16.722,16.722
Elon Musk on AI: 'There Will Come a Point When No Job Is Needed',https://www.youtube.com/watch?v=HbiyTZae61A,Bloomberg News,https://www.youtube.com/channel/UChirEOpgFCupRAk5etXqPaA,2026-03-12T12:56:24.782Z,60.0,14.185,14.185
Is Generative AI an Existential Threat to the Human Species?,https://www.youtube.com/watch?v=9fogzZ_6kR0,Bloomberg News,https://www.youtube.com/channel/UChirEOpgFCupRAk5etXqPaA,2026-03-12T12:56:05.773Z,34.0,19.009,19.009
Deepfake AI – How Dangerous Is It? #shorts #deepfake,https://www.youtube.com/watch?v=Fyzr6jbSI_I,VICE,https://www.youtube.com/channel/UCn8zNIfYAQNdrFRrr8oibKw,2026-03-12T12:48:40.831Z,39.0,444.942,39.0
Musk reshapes Grok AI after backlash over antisemitic responses #Shorts,https://www.youtube.com/watch?v=5sQeivm12x0,USA TODAY,https://www.youtube.com/channel/UCP6HGa63sBC7-KHtkme-p-g,2026-03-12T12:47:21.459Z,80.0,79.372,79.372
"Humanoid robot describes ""nightmare scenario"" with robotics and AI #shorts",https://www.youtube.com/watch?v=QF-Vu93C4m0,CBS News,https://www.youtube.com/channel/UC8p1vwvWtl6T73JiExfWs1g,2026-03-12T12:46:46.784Z,35.0,34.675,34.675
How OpenAI’s Changes Sent Some Users Spiraling,https://www.youtube.com/watch?v=mEahc3UbSq4,The New York Times,https://www.youtube.com/channel/UCqnbDFdCpuN8CMEg0VuEBqA,2026-03-12T12:43:46.833Z,180.0,179.951,179.951
Tech billionaires seem to be doom prepping. Should we be worried? #AI #Tech #BBCNews,https://www.youtube.com/watch?v=jimldQT1pQw,BBC News,https://www.youtube.com/channel/UC16niRr50-MSBwiO3YDb3RA,2026-03-12T12:42:53.503Z,54.0,53.33,53.33
BI investigated the footprint of 1k+ #datacenters to see real-life consequences of #ai. #tech,https://www.youtube.com/watch?v=7rEzhCwPhqc,Business Insider,https://www.youtube.com/channel/UCcyq283he07B7_KUX07mmtA,2026-03-12T12:40:09.400Z,164.0,164.103,164.0
Bill Gates Gets Real About AI,https://www.youtube.com/watch?v=uoU_1KORocQ,Bloomberg Originals,https://www.youtube.com/channel/UCUMZ7gohGI9HcU9VNsr2FJQ,2026-03-12T12:31:43.584Z,54.0,505.816,54.0
