title,link,channel,channel_link,date,video_length,time_diff,watch_time
Blood and Snow,https://music.youtube.com/watch?v=9I6CzTLSgow,Aviators - Topic,https://www.youtube.com/channel/UClczTKc98-QqAf7OHjh7Jrg,2026-05-11T14:23:24.028Z,456.0,,456.0
Let There Be Fire,https://music.youtube.com/watch?v=kErUMKZiXPM,Aviators - Topic,https://www.youtube.com/channel/UClczTKc98-QqAf7OHjh7Jrg,2026-05-11T14:17:20.827Z,363.0,363.201,363.0
Traveler's Song,https://music.youtube.com/watch?v=kS-Petk8ylA,Aviators - Topic,https://www.youtube.com/channel/UClczTKc98-QqAf7OHjh7Jrg,2026-05-11T14:12:00.213Z,321.0,320.614,320.614
Angel of the Dark,https://music.youtube.com/watch?v=dJy0y1RVH4k,Aviators - Topic,https://www.youtube.com/channel/UClczTKc98-QqAf7OHjh7Jrg,2026-05-11T14:05:26.626Z,394.0,393.587,393.587
Painted Ashes (Overture),https://music.youtube.com/watch?v=Vedd3L9okuE,Aviators - Topic,https://www.youtube.com/channel/UClczTKc98-QqAf7OHjh7Jrg,2026-05-11T14:03:06.214Z,141.0,140.412,140.412
Incandescent (Extended Version),https://music.youtube.com/watch?v=eO3avs-6V8c,Aviators - Topic,https://www.youtube.com/channel/UClczTKc98-QqAf7OHjh7Jrg,2026-05-11T13:56:19.238Z,407.0,406.976,406.976
Monumental (Remix),https://music.youtube.com/watch?v=yEVAC1ofrVE,Aviators - Topic,https://www.youtube.com/channel/UClczTKc98-QqAf7OHjh7Jrg,2026-05-11T13:50:25.566Z,354.0,353.672,353.672
Requiem for the King,https://music.youtube.com/watch?v=MiY1D5F4U5I,Aviators - Topic,https://www.youtube.com/channel/UClczTKc98-QqAf7OHjh7Jrg,2026-05-11T13:44:12.592Z,373.0,372.974,372.974
When Our Bodies Wash Ashore,https://music.youtube.com/watch?v=HDw6qj4TXis,Aviators - Topic,https://www.youtube.com/channel/UClczTKc98-QqAf7OHjh7Jrg,2026-05-11T13:34:38.456Z,574.0,574.136,574.0
Streets of Gold,https://music.youtube.com/watch?v=qLLRm8_LUN0,Aviators - Topic,https://www.youtube.com/channel/UClczTKc98-QqAf7OHjh7Jrg,2026-05-11T13:28:26.278Z,319.0,372.178,319.0
Incandescent,https://music.youtube.com/watch?v=rIVyAlVScc4,Aviators - Topic,https://www.youtube.com/channel/UClczTKc98-QqAf7OHjh7Jrg,2026-05-11T13:22:42.891Z,344.0,343.387,343.387
Paralyzed,https://music.youtube.com/watch?v=kK1UKow2U6Q,Aviators - Topic,https://www.youtube.com/channel/UClczTKc98-QqAf7OHjh7Jrg,2026-05-11T13:16:12.130Z,391.0,390.761,390.761
Ordinarily Human,https://music.youtube.com/watch?v=ngg2xk8Hn2I,Aviators - Topic,https://www.youtube.com/channel/UClczTKc98-QqAf7OHjh7Jrg,2026-05-11T13:10:33.839Z,339.0,338.291,338.291
Monumental,https://music.youtube.com/watch?v=l_GidY3o77U,Aviators - Topic,https://www.youtube.com/channel/UClczTKc98-QqAf7OHjh7Jrg,2026-05-11T13:04:46.685Z,347.0,347.154,347.0
Awakening,https://music.youtube.com/watch?v=XuCyBRUBOEg,Aviators - Topic,https://www.youtube.com/channel/UClczTKc98-QqAf7OHjh7Jrg,2026-05-11T12:58:17.988Z,389.0,388.697,388.697
city of angels,https://music.youtube.com/watch?v=yJe3QiQzXG8,Jagwar Twin - Topic,https://www.youtube.com/channel/UCgP9e4Ogm3VyAXIutJeI42Q,2026-05-11T12:24:20.865Z,176.0,2037.123,176.0
playing to the gods,https://music.youtube.com/watch?v=DeHDmoqM6Tg,Jagwar Twin - Topic,https://www.youtube.com/channel/UCgP9e4Ogm3VyAXIutJeI42Q,2026-05-11T12:24:18.937Z,66.0,1.928,1.928
#1 champion (la conquistadora),https://music.youtube.com/watch?v=CSvQ3W_NGtY,Jagwar Twin - Topic,https://www.youtube.com/channel/UCgP9e4Ogm3VyAXIutJeI42Q,2026-05-11T12:24:06.726Z,214.0,12.211,12.211
bananas,https://music.youtube.com/watch?v=0ML90jKV-N4,Jagwar Twin - Topic,https://www.youtube.com/channel/UCgP9e4Ogm3VyAXIutJeI42Q,2026-05-11T12:23:59.328Z,143.0,7.398,7.398
moths to the flame,https://music.youtube.com/watch?v=r3XXdM3u7pQ,Jagwar Twin - Topic,https://www.youtube.com/channel/UCgP9e4Ogm3VyAXIutJeI42Q,2026-05-11T12:23:51.662Z,92.0,7.666,7.666
bad feeling (oompa loompa),https://music.youtube.com/watch?v=jYfvV3KwC6g,Jagwar Twin - Topic,https://www.youtube.com/channel/UCgP9e4Ogm3VyAXIutJeI42Q,2026-05-11T12:23:35.236Z,134.0,16.426,16.426
welcome to the circus,https://music.youtube.com/watch?v=6zT5VHBx0p4,Jagwar Twin - Topic,https://www.youtube.com/channel/UCgP9e4Ogm3VyAXIutJeI42Q,2026-05-11T12:22:49.240Z,150.0,45.996,45.996
great time to be human,https://music.youtube.com/watch?v=CBZaJo3IdTc,Jagwar Twin - Topic,https://www.youtube.com/channel/UCgP9e4Ogm3VyAXIutJeI42Q,2026-05-11T12:22:36.877Z,203.0,12.363,12.363
Jagwar Twin - Great Time To Be Human (Visualizer),https://music.youtube.com/watch?v=8tNUPktc1tk,JagwarTwinVEVO,https://www.youtube.com/channel/UCPcUMUQV3V-5qiYilupA5ug,2026-05-11T12:22:34.114Z,202.0,2.763,2.763
"Jagwar Twin, sir lucius - lucius lullaby (Visualizer)",https://music.youtube.com/watch?v=uSL81-uGpXI,JagwarTwinVEVO,https://www.youtube.com/channel/UCPcUMUQV3V-5qiYilupA5ug,2026-05-11T02:54:08.236Z,156.0,34105.878,156.0
"Jagwar Twin, sir lucius - the circle (lucius version) (Visualizer)",https://music.youtube.com/watch?v=IvD7PToXijE,JagwarTwinVEVO,https://www.youtube.com/channel/UCPcUMUQV3V-5qiYilupA5ug,2026-05-11T02:53:54.282Z,45.0,13.954,13.954
the circle (lucius version),https://music.youtube.com/watch?v=EF9jzGsPDfw,Jagwar Twin - Topic,https://www.youtube.com/channel/UCgP9e4Ogm3VyAXIutJeI42Q,2026-05-11T02:53:51.866Z,45.0,2.416,2.416
The Fountain,https://music.youtube.com/watch?v=vwtTSqIZJHU,Die Shiny - Topic,https://www.youtube.com/channel/UCTsU4MTQqwYi4mK5Pl8Ls-w,2026-05-11T02:52:26.739Z,200.0,85.127,85.127
No Place,https://music.youtube.com/watch?v=y7CApPOwbYM,Die Shiny - Topic,https://www.youtube.com/channel/UCTsU4MTQqwYi4mK5Pl8Ls-w,2026-05-11T02:52:10.497Z,268.0,16.242,16.242
When a Cop's Testimony IMMEDIATELY Backfires in Court!,https://www.youtube.com/watch?v=yzv_uxBSgu0,Audit the Court,https://www.youtube.com/channel/UCmc4biDadYIwhBctWd1ESuA,2026-05-11T01:02:08.688Z,2162.0,6601.809,2162.0
Trooper Had Laptop ‘Missing’  From Bad DUI Arrest,https://www.youtube.com/watch?v=lCdn90U42qI,Steve Lehto,https://www.youtube.com/channel/UCMljRGC0eBJrxbUorWEnasg,2026-05-11T00:47:59.289Z,902.0,849.399,849.399
HIDDEN MEDIEVAL routes and MYSTERIOUS pathways,https://www.youtube.com/watch?v=PRPjhPu7ANQ,Modern History TV,https://www.youtube.com/channel/UCMjlDOf0UO9wSijFqPE9wBw,2026-05-11T00:13:39.735Z,1813.0,2059.554,1813.0
The Dumbest Takeover Bid,https://www.youtube.com/watch?v=iBlu45HFruk,Patrick Boyle,https://www.youtube.com/channel/UCASM0cgfkJxQ1ICmRilfHLw,2026-05-10T23:42:58.458Z,1934.0,1841.277,1841.277
Oversharing on Social Media Is Getting Worse...,https://www.youtube.com/watch?v=j_8KaG8b0hg,Zac V2,https://www.youtube.com/channel/UCT40EBaJ607kJ4JvqxHmreA,2026-05-10T23:27:09.935Z,948.0,948.523,948.0
Post-Daycare Meltdown (Happy One)#dog #funny #fyp #pet #funnyvideo,https://www.youtube.com/watch?v=fgsi742-DL8,Jn Magno,https://www.youtube.com/channel/UC32FDw2KF6PjGDe1ReC8-ng,2026-05-10T23:25:34.350Z,78.0,95.585,78.0
Ordinarily Human,https://music.youtube.com/watch?v=ngg2xk8Hn2I,Aviators - Topic,https://www.youtube.com/channel/UClczTKc98-QqAf7OHjh7Jrg,2026-05-10T23:24:55.316Z,339.0,39.034,39.034
Monumental,https://music.youtube.com/watch?v=l_GidY3o77U,Aviators - Topic,https://www.youtube.com/channel/UClczTKc98-QqAf7OHjh7Jrg,2026-05-10T23:19:08.167Z,347.0,347.149,347.0
Awakening,https://music.youtube.com/watch?v=XuCyBRUBOEg,Aviators - Topic,https://www.youtube.com/channel/UClczTKc98-QqAf7OHjh7Jrg,2026-05-10T23:12:39.503Z,389.0,388.664,388.664
Blood and Snow,https://music.youtube.com/watch?v=9I6CzTLSgow,Aviators - Topic,https://www.youtube.com/channel/UClczTKc98-QqAf7OHjh7Jrg,2026-05-10T23:05:03.290Z,456.0,456.213,456.0
Let There Be Fire,https://music.youtube.com/watch?v=kErUMKZiXPM,Aviators - Topic,https://www.youtube.com/channel/UClczTKc98-QqAf7OHjh7Jrg,2026-05-10T22:59:00.069Z,363.0,363.221,363.0
Traveler's Song,https://music.youtube.com/watch?v=kS-Petk8ylA,Aviators - Topic,https://www.youtube.com/channel/UClczTKc98-QqAf7OHjh7Jrg,2026-05-10T22:53:39.466Z,321.0,320.603,320.603
Angel of the Dark,https://music.youtube.com/watch?v=dJy0y1RVH4k,Aviators - Topic,https://www.youtube.com/channel/UClczTKc98-QqAf7OHjh7Jrg,2026-05-10T22:47:05.869Z,394.0,393.597,393.597
Painted Ashes (Overture),https://music.youtube.com/watch?v=Vedd3L9okuE,Aviators - Topic,https://www.youtube.com/channel/UClczTKc98-QqAf7OHjh7Jrg,2026-05-10T22:44:45.729Z,141.0,140.14,140.14
Don’t Leave Without This After Birth,https://www.youtube.com/watch?v=Bnw4wuYCrf8,Mini Epics,https://www.youtube.com/channel/UCOgwnhxJNRUK5EUvFoFMJMw,2026-05-10T22:35:11.360Z,5.0,574.369,5.0
They were literally tryna refer to him as a perv 😔 #i_n #skz #kpop #fyp #skzillitjeongin,https://www.youtube.com/watch?v=5y8ISSL8mpM,SKZILLIT JEONGIN,https://www.youtube.com/channel/UCLbAz2GZ7o9rV-KUejmu_JA,2026-05-10T22:35:04.276Z,6.0,7.084,6.0
fine syht #hyunjin #kpop #straykids #kpopgroup #bringheeseungback,https://www.youtube.com/watch?v=OGz_jJ4vo9c,K-pop Candy Shopʕ⁠·⁠ᴥ⁠·⁠ʔ,https://www.youtube.com/channel/UC_6_Rm_RDfmv1OhDOzbNdlw,2026-05-10T22:35:01.065Z,29.0,3.211,3.211
this is your sign to support a small artist today👀 #indieartist #rnb #newmusic #keshi #asian,https://www.youtube.com/watch?v=WgsnubyYp8w,JustinZ,https://www.youtube.com/channel/UCTJ1eGE9YfaU1c2Qj73gbtQ,2026-05-10T22:34:54.308Z,8.0,6.757,6.757
And what about u guys?😂❤️#straykids @Oh_jina.ahh.0,https://www.youtube.com/watch?v=WtVTsqkyBEA,minisoou,https://www.youtube.com/channel/UCZvQusZ2b-xqus9bW-votnQ,2026-05-10T22:34:17.561Z,42.0,36.747,36.747
Link in my profile to get this product 💌✨,https://www.youtube.com/watch?v=AE0ZBTneksw,thetailoredfarm ,https://www.youtube.com/channel/UC9DdhfxQAdZRxxANB6q0J_g,2026-05-10T22:34:09.886Z,12.0,7.675,7.675
DRUNK TOURIST ACCIDENTALLY RENTS AN ENTIRE ISLAND FOR $74 🏝️💳😂,https://www.youtube.com/watch?v=dOWTM130z2k,Warm Heart Chronicles,https://www.youtube.com/channel/UCk3JX1dnZ5hX8XLpXLL7UKA,2026-05-10T22:33:36.255Z,6.0,33.631,6.0
Lee Know Edit Comment Below If You Think He is Handsome Or Hot #straykids #in生 #straykidsmaniac,https://www.youtube.com/watch?v=XhRU7j9GiDQ,Padidul𝐬𝓱𝑒,https://www.youtube.com/channel/UCslmJ7JbI2-h0bTI2zOxt8g,2026-05-10T22:33:34.076Z,61.0,2.179,2.179
That moment at the gate when the guard checks everyone in the car and realizes one passenger does,https://www.youtube.com/watch?v=-luxG7w94mw,Patriot Archive,https://www.youtube.com/channel/UCN0dPr34mWi-Ujqat_5Vaog,2026-05-10T22:33:16.556Z,11.0,17.52,11.0
No way this is true 😂 #japan #shorts,https://www.youtube.com/watch?v=7IdSuNo3kP4,Matcha Samurai,https://www.youtube.com/channel/UCcMBdsd0XdKE76c1jJvRpRQ,2026-05-10T22:32:27.224Z,32.0,49.332,32.0
"You'd think he was born to cut drywall with how smooth that looks, until the hole's done and you",https://www.youtube.com/watch?v=_dXPvfBbVtk,Stone Face Tradesmen,https://www.youtube.com/channel/UCuQ3OOZsc0O5jb2_wvuNtzw,2026-05-10T22:32:11.516Z,14.0,15.708,14.0
The messy middle is where we sit.,https://www.youtube.com/watch?v=sDrCBLrKt20,Dr. Moe | A Doc Who Gets It,https://www.youtube.com/channel/UCaIhu6h5IgU1dK8kt5WMQvQ,2026-05-10T22:32:04.879Z,17.0,6.637,6.637
How Did Beauty Change THIS Much in Just 10 Years? (1910 → 1920) #historical #1920,https://www.youtube.com/watch?v=yTieUZlZg7s,Duchess Milianda,https://www.youtube.com/channel/UC6ZTxype-h9EHgBSBfRMIRg,2026-05-10T22:31:38.392Z,23.0,26.487,23.0
Two types of doctors,https://www.youtube.com/watch?v=ZyyiexgXhvI,Hiroo,https://www.youtube.com/channel/UCEGlyjtuJE09nQ6revb8BqA,2026-05-10T22:31:06.761Z,5.0,31.631,5.0
the dog who thought jiu jitsu was a real fight just won the internet #doglover,https://www.youtube.com/watch?v=Gf-plCucaeY,ICONICAL,https://www.youtube.com/channel/UC3vrbR_4v9wglqK9oFPqntQ,2026-05-10T22:31:04.425Z,8.0,2.336,2.336
#fyp #weebs #otaku,https://www.youtube.com/watch?v=21vvxmGPxFQ,one balm as,https://www.youtube.com/channel/UC23eXgZj8hM5AcCe5crNU1A,2026-05-10T22:30:04.048Z,,60.377,60.377
just saying,https://www.youtube.com/watch?v=YaD65ZM5-zw,SchizSings,https://www.youtube.com/channel/UC6M8POTxEFImfPObmdfMBVg,2026-05-10T22:29:56.206Z,6.0,7.842,6.0
Poor Han 💔 #straykids #skz,https://www.youtube.com/watch?v=YFXW_H1ONhg,Hyunjin Unofficial,https://www.youtube.com/channel/UCr_6dyNmwRE8srGTwBHYH1A,2026-05-10T22:29:50.186Z,6.0,6.02,6.0
#jokes #funny #shorts #memes #funnyshorts #chat #tiktok #comedy #message #viral #lol #shortsfeed,https://www.youtube.com/watch?v=rdSNtIvFnxI,Brainrot Jokes 😂,https://www.youtube.com/channel/UChLuJcpJ5tbzi6Txowwhteg,2026-05-10T22:29:45.665Z,7.0,4.521,4.521
Glad I’m in both fandoms 😝 #straykids,https://www.youtube.com/watch?v=uUaWyyxTml8,Mocha Bearzz,https://www.youtube.com/channel/UCErDKheGpUXMwp_0sN9cv1Q,2026-05-10T22:29:35.814Z,16.0,9.851,9.851
HOA can’t complain about protected bats 😊,https://www.youtube.com/watch?v=HDQEpV67ZdM,KittyWittyPosts,https://www.youtube.com/channel/UCicujCWpEfysQK3-WkL5MFQ,2026-05-10T22:29:16.570Z,5.0,19.244,5.0
Bring back film grain 🎬😭,https://www.youtube.com/watch?v=SZZ857bg5FQ,Ezopics,https://www.youtube.com/channel/UCmuJj2SqX5VfrShZj971_Qg,2026-05-10T22:29:04.486Z,7.0,12.084,7.0
I.N js tryna exist and Lee Know does this 😭 #i_n #skz #kpop #fyp #skzillitjeongin,https://www.youtube.com/watch?v=AD39sdqX3cs,SKZILLIT JEONGIN,https://www.youtube.com/channel/UCLbAz2GZ7o9rV-KUejmu_JA,2026-05-10T22:28:58.211Z,6.0,6.275,6.0
Han’s live was nice #straykids #kpop #shorts #vpp_johnny,https://www.youtube.com/watch?v=2luGZP-MdCQ,Vpp_Johnny,https://www.youtube.com/channel/UCsm2bj1v6CpPn-Gbu6ieGZA,2026-05-10T22:28:50.448Z,37.0,7.763,7.763
let me know what you think about my HTTYD lamps 🫶🏼,https://www.youtube.com/watch?v=YeUuCU2Ei5k,Ellie Crafts,https://www.youtube.com/channel/UCTZiOIivfRRQOVbRdgJZ8Cw,2026-05-10T22:28:48.571Z,10.0,1.877,1.877
POV: you take on the traits of the ones you love,https://www.youtube.com/watch?v=QqRpdLCZuOE,Minsungology,https://www.youtube.com/channel/UCUgz5v7aJJsk4I_eOYXp6Yg,2026-05-10T22:28:42.547Z,6.0,6.024,6.0
Hollywoods turns friends into enemies 😔,https://www.youtube.com/watch?v=XLQEMud6bkg,Josh,https://www.youtube.com/channel/UCF43wotpS1eCw2vUqmVCioQ,2026-05-10T22:28:32.567Z,8.0,9.98,8.0
Him riding his little scooter so cutely 🥹 #seungmin #skz #kpop #fyp #skzillitjeongin,https://www.youtube.com/watch?v=2qQHEFK843s,SKZILLIT JEONGIN,https://www.youtube.com/channel/UCLbAz2GZ7o9rV-KUejmu_JA,2026-05-10T22:28:26.172Z,,6.395,6.395
| Why did i make this 😭🐥🐰 #skz #straykids #skzoo #bbokari #leebit #felix #leeknow #kpop,https://www.youtube.com/watch?v=TaGDhbSYhdA,Kpop Corner~,https://www.youtube.com/channel/UCI-VFNycuh9RuMG9dL0_PUA,2026-05-10T22:28:23.904Z,10.0,2.268,2.268
help their faces😭#StrayKids #empirestate #chkchkboom #kpop #shorts #fyp,https://www.youtube.com/watch?v=C4JHjIvL0zY,Reemir,https://www.youtube.com/channel/UCUYLcvWJJ_aDYe5Hfda8-5g,2026-05-10T22:28:21.427Z,23.0,2.477,2.477
maybe his parents never did that,https://www.youtube.com/watch?v=BKIGMBn9qwM,The Daily Uplift,https://www.youtube.com/channel/UCWMbRYRTUt9BbgGvGH9oUkg,2026-05-10T22:28:08.801Z,6.0,12.626,6.0
she has the Zoomies #horsegirl#equestrian,https://www.youtube.com/watch?v=L5SVRgAFS5k,🤠horsey🤠,https://www.youtube.com/channel/UCNoSCZMVtlHHZ5NWh4w4bdw,2026-05-10T22:28:06.018Z,9.0,2.783,2.783
"In The Return of the King, there is this hilarious detail where Gimli actually nudges Legolas'",https://www.youtube.com/watch?v=6J8_kOTM20A,Liraeth,https://www.youtube.com/channel/UCdg42IoTKaoWLhzMaqwts5w,2026-05-10T22:27:53.359Z,7.0,12.659,7.0
WHEN THE WALL FIGHTS BACK,https://www.youtube.com/watch?v=wuc6jB17_ZU,Barracks Chronicles,https://www.youtube.com/channel/UCsKPyZcRZuXq4HbcWsAw5Sw,2026-05-10T22:27:52.383Z,7.0,0.976,0.976
Buddies in Australia  is live!,https://www.youtube.com/watch?v=5gmLA_fitoc,Buddies in Australia ,https://www.youtube.com/channel/UC2Rc1wj11HON-wTd9OHHXYw,2026-05-10T22:27:51.192Z,38189.0,1.191,1.191
Probably got flashbacks of JYP 😭 #felix #skz #kpop #fyp #skzillitjeongin,https://www.youtube.com/watch?v=rv6lYTl8xr8,SKZILLIT JEONGIN,https://www.youtube.com/channel/UCLbAz2GZ7o9rV-KUejmu_JA,2026-05-10T22:27:44.950Z,6.0,6.242,6.0
true story btw 😞 #horse #equestrianjourney,https://www.youtube.com/watch?v=dzBDgFxJhNo,Hannah,https://www.youtube.com/channel/UCwT4vSAfevp8GZcE9xMd9PA,2026-05-10T22:27:43.325Z,24.0,1.625,1.625
https://www.youtube.com/watch?v=UQK1HG-IC68,https://www.youtube.com/watch?v=UQK1HG-IC68,,,2026-05-10T22:27:41.980Z,,1.345,1.345
we're close to 700 subbies! subscribe for more hilarious vids #straykids #memes #skz,https://www.youtube.com/watch?v=CMB0-wc0psU,STA®Y_MULTIVERSE,https://www.youtube.com/channel/UCVuDeV42WJV-zF3LmpW7JxA,2026-05-10T22:27:29.331Z,63.0,12.649,12.649
Cards Against Humanity,https://www.youtube.com/watch?v=b-ekSoycME0,bapkat,https://www.youtube.com/channel/UCr9BJHrQC7eoM-VAFEyjhTA,2026-05-10T22:27:27.710Z,15.0,1.621,1.621
MC Leeknow? Are u okay😂??,https://www.youtube.com/watch?v=zZ5WO8jZEj0,LeeKnowFAME ,https://www.youtube.com/channel/UCMdRLJrlTeUYOTK3sgNxRPA,2026-05-10T22:27:18.403Z,9.0,9.307,9.0
His running speed surprises me every time! Still working on being able to catch the frisbee🥹❤️,https://www.youtube.com/watch?v=3DJFV6EpFTA,Bear🧸💗,https://www.youtube.com/channel/UCp23ZKPA2mjGWQpCHlTC6wQ,2026-05-10T22:27:10.981Z,29.0,7.422,7.422
Edible Inflated Pool 🏊‍♂️ #cookiedecorating #satisfying #royalicing,https://www.youtube.com/watch?v=_PbJYBsVRTo,CookieShow,https://www.youtube.com/channel/UCLvTLpWb-Xku6TqA_DMDaUA,2026-05-10T22:27:01.962Z,59.0,9.019,9.019
His smile when they were still watching 😭 #hyunjin #skz #kpop #fyp #skzillitjeongin,https://www.youtube.com/watch?v=qGC0P61aGCg,SKZILLIT JEONGIN,https://www.youtube.com/channel/UCLbAz2GZ7o9rV-KUejmu_JA,2026-05-10T22:26:49.493Z,6.0,12.469,6.0
my sis rates skz #straykids#bangchan#hyunjin#felix#han#changbin#seungmin#i_n#kpop#explore#fyp#viral,https://www.youtube.com/watch?v=Q9jf3h9FhAc,enluv_pen7,https://www.youtube.com/channel/UCmJj9HcOnFRE95yLK89dSaQ,2026-05-10T22:25:52.485Z,60.0,57.008,57.008
The moment they noticed the missing letter in the song😂 #felix #hyunjin #changbin #straykids #skz,https://www.youtube.com/watch?v=9Q-vAuCFYGQ,straykidsfrstay,https://www.youtube.com/channel/UC02jPNiDr9dT82-1EbG-93w,2026-05-10T22:25:32.482Z,22.0,20.003,20.003
Our favourite Lee know ❤️😂 #straykids #leeknow #tiktok,https://www.youtube.com/watch?v=rXbkprSsOhM,K pop my life ,https://www.youtube.com/channel/UCT67mtb9Tqv8fcGdYMBfhQQ,2026-05-10T22:24:58.610Z,49.0,33.872,33.872
Daddy 🦘🩵 #viral #straykids #kpopskz #viralvideo #skz #kpop #fypシ #fyp #bangchan #hyunjin #edit,https://www.youtube.com/watch?v=lNtUVLs-5Tg,𝐅 | ᥫ᭡ 𝐏𝐎𝐓𝐓𝐄𝐑𝐇𝐄𝐀𝐃𝟏𝟎𝟏𝟗 𝜗𝜚ᝰ.ᐟ,https://www.youtube.com/channel/UCCUxFeF9kL1TVscJ9hpGx-A,2026-05-10T22:24:40.070Z,17.0,18.54,17.0
Cop ARRESTS a Firefighter on Duty and Gets SUED,https://www.youtube.com/watch?v=4kIjd7CLp7c,Audit the Court,https://www.youtube.com/channel/UCmc4biDadYIwhBctWd1ESuA,2026-05-10T20:34:03.927Z,2803.0,6636.143,2803.0
THE SOUND,https://music.youtube.com/watch?v=Y2Hp-EMOZH8,Stray Kids - Topic,https://www.youtube.com/channel/UCIMmuidNJdncfMEelOU08Fg,2026-05-10T20:15:29.868Z,181.0,1114.059,181.0
"강박 (방찬, 현진) Red Lights (Bang Chan, Hyunjin)",https://music.youtube.com/watch?v=AOwyd6l8KvM,Stray Kids - Topic,https://www.youtube.com/channel/UCIMmuidNJdncfMEelOU08Fg,2026-05-10T20:10:23.554Z,190.0,306.314,190.0
특 S-Class,https://music.youtube.com/watch?v=_M409k9cOcg,Stray Kids - Topic,https://www.youtube.com/channel/UCIMmuidNJdncfMEelOU08Fg,2026-05-10T20:10:22.226Z,196.0,1.328,1.328
CEREMONY,https://music.youtube.com/watch?v=p2AP0yKIlx4,Stray Kids - Topic,https://www.youtube.com/channel/UCIMmuidNJdncfMEelOU08Fg,2026-05-10T20:10:21.929Z,165.0,0.297,0.297
Railway (방찬) Railway (Bang Chan),https://music.youtube.com/watch?v=8Go0B7mNcsU,Stray Kids - Topic,https://www.youtube.com/channel/UCIMmuidNJdncfMEelOU08Fg,2026-05-10T20:10:21.640Z,174.0,0.289,0.289
ESCAPE (방찬 & 현진) ESCAPE (Bang Chan & Hyunjin),https://music.youtube.com/watch?v=htzD7Piqnp8,Stray Kids - Topic,https://www.youtube.com/channel/UCIMmuidNJdncfMEelOU08Fg,2026-05-10T20:10:21.336Z,192.0,0.304,0.304
거미줄 VENOM,https://music.youtube.com/watch?v=ngBk3v4FWTM,Stray Kids - Topic,https://www.youtube.com/channel/UCIMmuidNJdncfMEelOU08Fg,2026-05-10T20:10:20.800Z,195.0,0.536,0.536
Stray Kids,https://music.youtube.com/watch?v=2FBBl7e18qM,Stray Kids - Topic,https://www.youtube.com/channel/UCIMmuidNJdncfMEelOU08Fg,2026-05-10T20:10:20.504Z,190.0,0.296,0.296
0801,https://music.youtube.com/watch?v=e-GNJiLFj6Q,Stray Kids - Topic,https://www.youtube.com/channel/UCIMmuidNJdncfMEelOU08Fg,2026-05-10T20:10:20.174Z,205.0,0.33,0.33
MEGAVERSE,https://music.youtube.com/watch?v=7-X_7Tk0wXI,Stray Kids - Topic,https://www.youtube.com/channel/UCIMmuidNJdncfMEelOU08Fg,2026-05-10T20:10:19.849Z,186.0,0.325,0.325
TOPLINE (Feat. Tiger JK),https://music.youtube.com/watch?v=PiE6xDpbAjU,Stray Kids - Topic,https://www.youtube.com/channel/UCIMmuidNJdncfMEelOU08Fg,2026-05-10T20:10:19.553Z,204.0,0.296,0.296
Charmer,https://music.youtube.com/watch?v=BCZE-44jp_I,Stray Kids - Topic,https://www.youtube.com/channel/UCIMmuidNJdncfMEelOU08Fg,2026-05-10T20:10:19.130Z,189.0,0.423,0.423
락 (樂) LALALALA,https://music.youtube.com/watch?v=HNcmCKTWd6w,Stray Kids - Topic,https://www.youtube.com/channel/UCIMmuidNJdncfMEelOU08Fg,2026-05-10T20:10:18.854Z,183.0,0.276,0.276
CASE 143,https://music.youtube.com/watch?v=ZeIneYtQ1rw,Stray Kids - Topic,https://www.youtube.com/channel/UCIMmuidNJdncfMEelOU08Fg,2026-05-10T20:10:18.003Z,192.0,0.851,0.851
He's happy shakes is so cute! 🥹 #straykids,https://www.youtube.com/watch?v=SEu5Ajs_DPI,bin8.11nie,https://www.youtube.com/channel/UC27GTlDQ9qPQpCX9jgIN9QA,2026-05-10T05:30:08.597Z,47.0,52809.406,47.0
#babydance 🧐,https://www.youtube.com/watch?v=1XxPWSMBHFo,Pyzn,https://www.youtube.com/channel/UCkEVs8YfuaGUeU1HzWRil3Q,2026-05-10T05:30:04.780Z,6.0,3.817,3.817
It’s a Girl! Data Becomes a Father#shortvideo #shorts #foryou #startrek,https://www.youtube.com/watch?v=oYOUoAYIfzc,olivia-euyom,https://www.youtube.com/channel/UC3OeeiEvOnwVwBY_0YF7ySw,2026-05-10T05:30:03.462Z,,1.318,1.318
Mama bird mad American Robin #florgenargue #florgardengoddess #growingwithflor,https://www.youtube.com/watch?v=RDRc1f3fIU0,Flor Genargue,https://www.youtube.com/channel/UCnngiRhYnhK70sFPytWbEWw,2026-05-10T05:30:02.387Z,42899.0,1.075,1.075
IM TRYING CHER!! #firsttimeparents #postpartum #newborncare #babygirl #motherhood #mothersday,https://www.youtube.com/watch?v=tNYSBDbmyEc,MartFam,https://www.youtube.com/channel/UCJZI6rizngx_elf_WgWWpog,2026-05-10T05:30:01.262Z,8.0,1.125,1.125
"When you think you’re safe in your thoughts, but your sibling is there #Siblings #relatable",https://www.youtube.com/watch?v=SNs3MDFQ0Cs,MONROE LATASHIA,https://www.youtube.com/channel/UC7lgx5Ek6pIr5Bq_L6mRGdA,2026-05-10T05:29:59.792Z,52.0,1.47,1.47
A rather curable ailment... #birbleton #memes #voiceover #va #meme #relatable #funny #whisky #dub,https://www.youtube.com/watch?v=JJOZgSTQbgg,Birbleton VA,https://www.youtube.com/channel/UCmiVVVR6XX67p_UXW-48cxA,2026-05-10T05:29:55.051Z,16.0,4.741,4.741
SHE KNEW BEFORE SHE WALKED DOWN THE AISLE,https://www.youtube.com/watch?v=8Xi8vyfe9zg,IRON ERA ,https://www.youtube.com/channel/UCeDNcBavREAuDYycanpFJiQ,2026-05-10T05:29:45.111Z,6.0,9.94,6.0
"There are 10,000 Swarovski crystals on the top layer to make the 'water' sparkle! ✨💎",https://www.youtube.com/watch?v=cD5hP7SoQ3Q,Vogue addicted girl,https://www.youtube.com/channel/UCiv9fAiCk-SfwMb-Bv8ahVQ,2026-05-10T05:29:35.031Z,6.0,10.08,6.0
Me liking everyone who is trying blowup coz I ain’t no hater,https://www.youtube.com/watch?v=6JszTjLSAFo,Alex.edits619,https://www.youtube.com/channel/UCl-tANksQ3fO_dtLeeMcBeQ,2026-05-10T05:29:29.272Z,6.0,5.759,5.759
#typography,https://www.youtube.com/watch?v=bfRacPZeI0Y,Hakari memeZ,https://www.youtube.com/channel/UCKTJ91M4SNDEh55--Ugx1bw,2026-05-10T05:29:22.473Z,6.0,6.799,6.0
#trespassing #privateproperty #homesecurity #gate #driveway,https://www.youtube.com/watch?v=6j9ox03_7Z4,Montana Outlaw,https://www.youtube.com/channel/UCmORuYM7k4gTzV1_lKEdhNA,2026-05-10T05:29:04.672Z,19.0,17.801,17.801
Actress Evanna Lynch (Luna Lovegood) revealed on a podcast that she offered to give up her salary,https://www.youtube.com/watch?v=MRorPPv5HDs,CeleBlast,https://www.youtube.com/channel/UCR0YZ80KA9r7qtebvpqC1DA,2026-05-10T05:28:44.533Z,5.0,20.139,5.0
The Cheese Conspiracy Continues,https://www.youtube.com/watch?v=XxrBL-GLTpI,KittyWittyPosts,https://www.youtube.com/channel/UCicujCWpEfysQK3-WkL5MFQ,2026-05-10T05:28:23.211Z,5.0,21.322,5.0
10 de maio de 2026,https://www.youtube.com/watch?v=8eKY6YDZS-g,Wilne,https://www.youtube.com/channel/UCBw9wYQZfwhgQP7uKNQX_9g,2026-05-10T05:28:12.234Z,10.0,10.977,10.0
CHRIS EVANS’ ICONIC OOPS FACE,https://www.youtube.com/watch?v=wffZ1jYBSX0,Starzy,https://www.youtube.com/channel/UCAykr3-TlrDmNvvBne1OH-g,2026-05-10T05:27:50.213Z,7.0,22.021,7.0
band size 29 / bust size 37 - let us help you find your bra size #ASKBRABAR #brasize #brasizinghelp,https://www.youtube.com/watch?v=Upe2Es1YkQI,BRABAR,https://www.youtube.com/channel/UCglsu1zdIMNnPbq1b5ZDraw,2026-05-10T05:27:47.773Z,79.0,2.44,2.44
Boomers Call Gen Z Weak Then Show Their Military Records,https://www.youtube.com/watch?v=pLcnGvFju20,SnowyPawShorts,https://www.youtube.com/channel/UCS0FWfZIVLpIoOvKT1Z6I4Q,2026-05-10T05:27:31.053Z,4.0,16.72,4.0
THE LANGUAGE DIANA NEVER TAUGHT,https://www.youtube.com/watch?v=B0l_2P0ImDw,IRON ERA ,https://www.youtube.com/channel/UCeDNcBavREAuDYycanpFJiQ,2026-05-10T05:27:18.537Z,6.0,12.516,6.0
Exercises that made my Knees Stronger than ever before after 3 ACL Surgeries,https://www.youtube.com/watch?v=WLkw-ZJ9pR4,Matthew Maloney,https://www.youtube.com/channel/UCUGzj-xeBQh5iJaHkPqVg7A,2026-05-10T05:27:15.346Z,11.0,3.191,3.191
This man is a whole mood 😭 #leeknow #skz #kpop #fyp #skzillitjeongin,https://www.youtube.com/watch?v=FBR32OuBIb0,SKZILLIT JEONGIN,https://www.youtube.com/channel/UCLbAz2GZ7o9rV-KUejmu_JA,2026-05-10T05:27:05.154Z,6.0,10.192,6.0
"During a water break, Marines spot a toad on the ground #shorts",https://www.youtube.com/watch?v=Y7GILXdEHTI,Parodyland,https://www.youtube.com/channel/UCngATO1f_1-gZMijxJI7w3g,2026-05-10T05:26:57.845Z,6.0,7.309,6.0
Without A Doubt The DUMBEST Scene In Star Wars History 🤢🤮 #starwars #starwarsfan #shorts,https://www.youtube.com/watch?v=hAX44xYZq6k,Final Boss Battle,https://www.youtube.com/channel/UCDCdVD2MwVlAcJ3ddtVeiIg,2026-05-10T05:26:40.369Z,17.0,17.476,17.0
"Tiny Doctor, Huge Experience 😂🔥 #funnykids #doctor #comedyshorts #dog",https://www.youtube.com/watch?v=Po8i1uFmDSY,Divine words,https://www.youtube.com/channel/UCDJ_nELvdZa2z7jj3uGL2DQ,2026-05-10T05:26:38.213Z,6.0,2.156,2.156
stream its alright | #fyp #foryou #omgpage #xyzbca #viral #kpop #p1harmony #jiung #BeuLuv,https://www.youtube.com/watch?v=hZ4C3vIF_tM,⟡-𝐁𝐞𝐮 𝐋𝐮𝐯!-⟡,https://www.youtube.com/channel/UCl5MdccK-DzWQMYb0ML3X7A,2026-05-10T05:26:34.232Z,19.0,3.981,3.981
he defended his rights,https://www.youtube.com/watch?v=F5O-UeeH0XA,The Daily Uplift,https://www.youtube.com/channel/UCWMbRYRTUt9BbgGvGH9oUkg,2026-05-10T05:26:16.772Z,6.0,17.46,6.0
The Shoe Designed After a Stroke 👟❤️,https://www.youtube.com/watch?v=j7JLUibLux4,Walter's Shorts,https://www.youtube.com/channel/UCNCwViIle48vnxz4GWtWeFg,2026-05-10T05:25:56.596Z,6.0,20.176,6.0
Comment if you love your dog 🐶⬇️ #dog #dogsofttiktok #dogloss #giftideas,https://www.youtube.com/watch?v=yThSszVCKtQ,PawSphere,https://www.youtube.com/channel/UCTY_PUwK3dChs3_rB5UtiLQ,2026-05-10T05:25:53.326Z,19.0,3.27,3.27
Kentucky family rejected a $26 million offer,https://www.youtube.com/watch?v=nuvcrCmngJs,goatshorts,https://www.youtube.com/channel/UCocASIxPXxAPcYvxPTlY8Iw,2026-05-10T05:25:36.292Z,4.0,17.034,4.0
Grandpa waited 50 years to qualify,https://www.youtube.com/watch?v=P3LZ1iu9Jog,Hiroo,https://www.youtube.com/channel/UCEGlyjtuJE09nQ6revb8BqA,2026-05-10T05:25:21.557Z,5.0,14.735,5.0
NO PROTOCOL FOR THIS,https://www.youtube.com/watch?v=5hjxylmzKVc,IRON ERA ,https://www.youtube.com/channel/UCeDNcBavREAuDYycanpFJiQ,2026-05-10T05:25:06.595Z,6.0,14.962,6.0
The Right Way To Use Coffee Lids,https://www.youtube.com/watch?v=vToet3dhLgs,KittyWittyPosts,https://www.youtube.com/channel/UCicujCWpEfysQK3-WkL5MFQ,2026-05-10T05:24:49.877Z,5.0,16.718,5.0
Stop Scrolling: This is 1 Second of Oil! #shorts,https://www.youtube.com/watch?v=mhs3XEQZO18,BRAIN BITE,https://www.youtube.com/channel/UCHlEz5Txs-Kahil9hoEn6Lg,2026-05-10T05:24:29.544Z,7.0,20.333,7.0
Balloon + Needle Challenge 👀,https://www.youtube.com/watch?v=Adxm9Ie0C4I,Charles S. Lee,https://www.youtube.com/channel/UC3chjEo48t7jq9dsoE4m4sA,2026-05-10T05:24:27.833Z,31.0,1.711,1.711
No wonder he only sits on one part of the couch,https://www.youtube.com/watch?v=1Q1r-l2R5RM,RayyShorts,https://www.youtube.com/channel/UCovNifr7ch37jKppqKP3hEA,2026-05-10T05:24:20.856Z,38.0,6.977,6.977
Simple cable trick secures classroom doors,https://www.youtube.com/watch?v=vZomFpc2NPE,Mini Epics,https://www.youtube.com/channel/UCOgwnhxJNRUK5EUvFoFMJMw,2026-05-10T05:24:00.009Z,5.0,20.847,5.0
Ranking the Funniest RDR2 Moments,https://www.youtube.com/watch?v=nOmIVl3qkeU,Francel Gaming,https://www.youtube.com/channel/UCcoBOi9dXmEOZGg2JxPSqjw,2026-05-10T05:23:58.734Z,45.0,1.275,1.275
Even Leeknow said that on 🫧 like wtf was in the air of the fanmeeting 😭 #bangchan #straykids #skz,https://www.youtube.com/watch?v=K_BPHdxSiQw,BANG CHAN,https://www.youtube.com/channel/UCmEoXN2Fg5mlSWJrCgyjA4Q,2026-05-10T05:23:56.819Z,8.0,1.915,1.915
#Military #veteran #army #youtubeshorts #youtubeviral,https://www.youtube.com/watch?v=qxiXzqQCKt4,Evelyn Torres,https://www.youtube.com/channel/UCV4H9wtoI-v67CLjonY261A,2026-05-10T05:23:24.037Z,47.0,32.782,32.782
Han doesn't want to hurt Felix🥹😚#straykids#stay#skz#felix#han#kpopskz#shortsfeed#ytshorts#shorts,https://www.youtube.com/watch?v=Ua1jWiyvLaI,Stray for life,https://www.youtube.com/channel/UCaotYNK703B47VeEyiMio5Q,2026-05-10T05:23:05.971Z,17.0,18.066,17.0
"In Old Dogs (2009), Travolta Had to Break the Scene for Robin Williams 😂",https://www.youtube.com/watch?v=8b36jKv3Z48,Memelogyz,https://www.youtube.com/channel/UCJBBqGGHmo84rSoRDBWA3Uw,2026-05-10T05:23:02.699Z,8.0,3.272,3.272
D&D party rolls well on stealth #dnd #dndmemes #dungeonsanddragons #dnd5e #DNDtiktok #TTRPG,https://www.youtube.com/watch?v=rt7Dk3-K_HA,forgottenalamo,https://www.youtube.com/channel/UClp4FmI-iJlcdJoteIvJl-A,2026-05-10T05:22:45.881Z,19.0,16.818,16.818
MECHANIC HEARS TICKING IN A DONATED MINIVAN 🔧⏰😂,https://www.youtube.com/watch?v=Rtkg8UO8Y6A,Warm Heart Chronicles,https://www.youtube.com/channel/UCk3JX1dnZ5hX8XLpXLL7UKA,2026-05-10T05:22:40.838Z,6.0,5.043,5.043
When you try to troll but forget to RELOAD 💀 #shorts,https://www.youtube.com/watch?v=6FWPT36DJNk,Fyno Airsoft,https://www.youtube.com/channel/UCTDHDs3FAn-z2dQSFXo6R0g,2026-05-10T05:22:05.486Z,35.0,35.352,35.0
#short,https://www.youtube.com/watch?v=KpLB9xr7_k8,Nahshon Slater,https://www.youtube.com/channel/UC_dKiE5Syd0-VFBQasQpI0g,2026-05-10T05:22:03.060Z,58.0,2.426,2.426
I send stuff like this to my dad and he believes it,https://www.youtube.com/watch?v=fIWLabX2OXA,VitaKari,https://www.youtube.com/channel/UCe8Th2dxumH00Y4elp7oz1A,2026-05-10T05:21:44.154Z,7.0,18.906,7.0
Jack Black Pulls a Hilarious Prank on School of Rock Set,https://www.youtube.com/watch?v=-vO_Vhl3OSg,WealthTeachers,https://www.youtube.com/channel/UCPePT2nO8z-2Lh-EKBtGfNg,2026-05-10T05:21:33.452Z,10.0,10.702,10.0
"In The Pitt (2025), That Broken Shredder Scene Made the Final Cut 😂",https://www.youtube.com/watch?v=uwJGgnbwnzk,Memelogyz,https://www.youtube.com/channel/UCJBBqGGHmo84rSoRDBWA3Uw,2026-05-10T05:21:17.178Z,11.0,16.274,11.0
I love that scene from the Extended Edition where Legolas and Gimli turn drinking into a competition,https://www.youtube.com/watch?v=3dDeTcvvLqY,Liraeth,https://www.youtube.com/channel/UCdg42IoTKaoWLhzMaqwts5w,2026-05-10T05:20:59.551Z,16.0,17.627,16.0
Are ghosts and aliens real ,https://www.youtube.com/watch?v=XPNnNoUACNQ,SavageShon,https://www.youtube.com/channel/UC_pM_iRUrQrdZrT8Uv0PxHg,2026-05-10T05:20:58.459Z,5150.0,1.092,1.092
"Miss girl, stay off of my books 🥴 #fyp #fypシ #fypdongggggggg #hair #hairtok #hairstylist #karen",https://www.youtube.com/watch?v=wSnOiGFfWoU,Sable Thorn,https://www.youtube.com/channel/UCIGAjJi0YrBG7Onzhc8JjmQ,2026-05-10T05:20:56.608Z,55.0,1.851,1.851
Superbad (2007) | Michael Cera’s “Accidental” Hit Took So Many Takes,https://www.youtube.com/watch?v=PfJQ_sbETZc,Heartsnreels,https://www.youtube.com/channel/UCVNxnENGXoIVG15KDCiSk-g,2026-05-10T05:20:53.909Z,7.0,2.699,2.699
Got milk? Mliko! The sweet and creamy beer style! #czechbeer #pilsnerurquell #ad #beerfact #beertalk,https://www.youtube.com/watch?v=10tkHW10Yfc,Marcus The Tapster,https://www.youtube.com/channel/UCAsjaK7IhEMWT1izxdctntQ,2026-05-10T05:20:27.385Z,25.0,26.524,25.0
A soldier presses his thumb against the valve of a pressurized air tank #shorts,https://www.youtube.com/watch?v=IABQDsAagp4,Parodyland,https://www.youtube.com/channel/UCngATO1f_1-gZMijxJI7w3g,2026-05-10T05:20:13.939Z,11.0,13.446,11.0
Danny Trejo Has a Rule for Playing Villains | The Ridiculous 6 (2015),https://www.youtube.com/watch?v=nOZLXdufZvg,The Panther Watches,https://www.youtube.com/channel/UCaDSB4Sl5JkdnXjKgQ2g38Q,2026-05-10T05:20:12.092Z,7.0,1.847,1.847
The Three-Finger Scene Was Based on Real Spy History #shorts,https://www.youtube.com/watch?v=KGuuXQILWhI,Warpedia,https://www.youtube.com/channel/UCkdqH72ZH5ITKZmv_6lSzDQ,2026-05-10T05:20:09.679Z,7.0,2.413,2.413
She realizes who her audience really is#japan #japanese #japanesememes #idol #lovelive #memes,https://www.youtube.com/watch?v=RSix7vFiWWo,RiNNE,https://www.youtube.com/channel/UCLgglKiyoG47LKsRqPD_tQA,2026-05-10T05:19:37.486Z,30.0,32.193,30.0
https://www.youtube.com/watch?v=QnhHfp4HzkU,https://www.youtube.com/watch?v=QnhHfp4HzkU,,,2026-05-10T05:19:29.700Z,,7.786,7.786
He Waits for the Order… Then Sprints and Jumps a Moving Train to Catch Silva 🚆🔥,https://www.youtube.com/watch?v=CQMhXiRgIuc,CJ 🥷,https://www.youtube.com/channel/UCsYsUszetKJVV6WtorifGJg,2026-05-10T05:19:08.868Z,46.0,20.832,20.832
PERFECT TRANSPORT!,https://www.youtube.com/watch?v=AuKceSEtgWI,PrimateShorts,https://www.youtube.com/channel/UC2YX_F3oEydJl0n4sNW7UoA,2026-05-10T05:19:05.728Z,6.0,3.14,3.14
Marvel Cast vs. Buttons (They Can’t Be Trusted),https://www.youtube.com/watch?v=3QKOe1Zn-hM,Hoss,https://www.youtube.com/channel/UCdEG0xCB0en_1ToyJvZ1tEQ,2026-05-10T05:18:57.409Z,13.0,8.319,8.319
best way to hide money #lego #legosets #starwars #legostarwars #legoclonewars #gaming,https://www.youtube.com/watch?v=NJhCe36EYJc,Currie Bricks Studios ,https://www.youtube.com/channel/UC5UmV4sDUz6_X_1DcNZ528Q,2026-05-10T05:18:53.992Z,11.0,3.417,3.417
Owls Are Secretly Very Into Personal Hygiene,https://www.youtube.com/watch?v=tEugsLgqO6o,Bob the Bear,https://www.youtube.com/channel/UCDNPs0HJyIfDizMmCyVL_wQ,2026-05-10T05:18:41.213Z,10.0,12.779,10.0
The dumbest Safe Word during filming Roar (1981),https://www.youtube.com/watch?v=7LWONDAi56k,Freshy  ,https://www.youtube.com/channel/UCgs-ZIvb-0Qyi_GqdtRSZqw,2026-05-10T05:18:19.786Z,10.0,21.427,10.0
Smart crate add on for emergencies,https://www.youtube.com/watch?v=mX4w2aTklEU,Mini Epics,https://www.youtube.com/channel/UCOgwnhxJNRUK5EUvFoFMJMw,2026-05-10T05:17:56.112Z,5.0,23.674,5.0
This Giant Hid in Plain Sight… and No One Noticed 💀,https://www.youtube.com/watch?v=Kxz0TvDs1No,The Panther Watches,https://www.youtube.com/channel/UCaDSB4Sl5JkdnXjKgQ2g38Q,2026-05-10T05:17:38.380Z,12.0,17.732,12.0
When you finally open that one container! 😵‍💫💀 #memes #trending #shorts,https://www.youtube.com/watch?v=6Lq0ITbV4AI,Meme Alive,https://www.youtube.com/channel/UCnVG_W4463t1AyRvWsIknbQ,2026-05-10T05:17:33.344Z,9.0,5.036,5.036
🎬 1883 | A Father's Fear & Daughter's Courage 🌾🤠💔**,https://www.youtube.com/watch?v=PFaGtQj_DDw,Rigoberto Yundt,https://www.youtube.com/channel/UCWUsVvpDQ1X4wwvrm3qWJoQ,2026-05-10T05:17:32.071Z,57.0,1.273,1.273
"In Batman (1966), Joker’s Sneezing Powder Got Outsmarted 😂",https://www.youtube.com/watch?v=om7oqZoRJss,Memelogyz,https://www.youtube.com/channel/UCJBBqGGHmo84rSoRDBWA3Uw,2026-05-10T05:17:10.966Z,13.0,21.105,13.0
bluetooth pt4 #shortsfeed #straykids #kpop #fypage #fypシ゚viral #skz #kpopskz,https://www.youtube.com/watch?v=KxviXKQSFuo,skzgirl,https://www.youtube.com/channel/UCFgTlJCGetNiMMk7HA0wU8Q,2026-05-10T05:17:09.051Z,10.0,1.915,1.915
WHY HE STAYS CLOSE,https://www.youtube.com/watch?v=k-s2YVVze6I,Science Snack,https://www.youtube.com/channel/UCNMajAUibk4D1HF1uiAcTsA,2026-05-10T05:16:37.831Z,7.0,31.22,7.0
ONE FOREST. ONE CHANCE.,https://www.youtube.com/watch?v=WYV9adhBvB4,PrimateShorts,https://www.youtube.com/channel/UC2YX_F3oEydJl0n4sNW7UoA,2026-05-10T05:16:19.253Z,6.0,18.578,6.0
The Show Skipped This Smart Trick From the Books,https://www.youtube.com/watch?v=Q6dWhUrKshY,The Panther Watches,https://www.youtube.com/channel/UCaDSB4Sl5JkdnXjKgQ2g38Q,2026-05-10T05:16:01.331Z,13.0,17.922,13.0
TOWN'S SINGLE PARKING METER ACCEPTS BUTTONS INSTEAD OF COINS 🪙🅿️😂,https://www.youtube.com/watch?v=9l3r9PM-bME,Warm Heart Chronicles,https://www.youtube.com/channel/UCk3JX1dnZ5hX8XLpXLL7UKA,2026-05-10T05:15:40.254Z,6.0,21.077,6.0
"In Burt Wonderstone (2013), Jim Carrey Broke Everyone During That Scene 😂",https://www.youtube.com/watch?v=CRH36zrrTBE,Memelogyz,https://www.youtube.com/channel/UCJBBqGGHmo84rSoRDBWA3Uw,2026-05-10T05:15:22.790Z,11.0,17.464,11.0
Kareshi Kareshi  @LenaLemon             #learnjapanese #japaneseculture,https://www.youtube.com/watch?v=rA_AJKWkf5w,Real Real Japan,https://www.youtube.com/channel/UCyIhBDft5f3kj4Xcua3p3kQ,2026-05-10T05:14:54.772Z,27.0,28.018,27.0
COUNT THE WHEELS. GO AHEAD.,https://www.youtube.com/watch?v=OK330AqUM8Y,Ghost Face Facts ,https://www.youtube.com/channel/UC9i0BjjuAwlzLFEtu8R_iRg,2026-05-10T05:14:40.080Z,6.0,14.692,6.0
https://www.youtube.com/watch?v=guYSHo1XNaM,https://www.youtube.com/watch?v=guYSHo1XNaM,,,2026-05-10T05:14:38.196Z,,1.884,1.884
https://www.youtube.com/watch?v=URuzAPz_yAA,https://www.youtube.com/watch?v=URuzAPz_yAA,,,2026-05-10T05:13:47.171Z,,51.025,51.025
"A U.S. Air Force soldier stands in a ""No Hat - No Salute"" area and humorously complains #shorts",https://www.youtube.com/watch?v=69eXnC5bM_4,Parodyland,https://www.youtube.com/channel/UCngATO1f_1-gZMijxJI7w3g,2026-05-10T05:13:46.069Z,21.0,1.102,1.102
Eggsy Almost Died… But Only the Tie Took the Hit 🤯 | Kingsman: The Secret Service (2015),https://www.youtube.com/watch?v=5o6W5m4qD5w,The Panther Watches,https://www.youtube.com/channel/UCaDSB4Sl5JkdnXjKgQ2g38Q,2026-05-10T05:13:29.869Z,8.0,16.2,8.0
This Wasn’t Scripted 😂🔥,https://www.youtube.com/watch?v=jH6EEt4Jmy4,Small Screen,https://www.youtube.com/channel/UCA3w_6AdBOkrHhbAQkDA90Q,2026-05-10T05:13:27.033Z,8.0,2.836,2.836
The hilarious moment the FAT Dwarf outran his Co-Stars in The Hobbit!,https://www.youtube.com/watch?v=2Lb6WK0JaKI,ScrollCore,https://www.youtube.com/channel/UCXScVIHk6hy647K9mG36w1A,2026-05-10T05:13:15.052Z,7.0,11.981,7.0
In X-Men: First Class (2011) Magneto’s Worst Split-Second Decision,https://www.youtube.com/watch?v=5aaxSzKF4zA,Memelogyz,https://www.youtube.com/channel/UCJBBqGGHmo84rSoRDBWA3Uw,2026-05-10T05:13:13.288Z,10.0,1.764,1.764
https://www.youtube.com/watch?v=se85lRAanDk,https://www.youtube.com/watch?v=se85lRAanDk,,,2026-05-10T05:12:21.735Z,,51.553,51.553
The Greatest Prank in Football History 😂🏈,https://www.youtube.com/watch?v=8MH1M_wzWcY,The Price of a Choice,https://www.youtube.com/channel/UC0oM8U_HOi_fRM9k7laubUw,2026-05-10T05:12:20.513Z,7.0,1.222,1.222
In Harry Potter (2001) When Bro Uses the Wrong Spell 😭,https://www.youtube.com/watch?v=6LzoB418mfg,Prince Vegeta 9K,https://www.youtube.com/channel/UCiUBYJOyBod7qwOcKg6A3UQ,2026-05-10T05:12:19.040Z,9.0,1.473,1.473
#military #miltok #veteran #airforce #usmc #navy #army,https://www.youtube.com/watch?v=hSMvftJ2rpw,Lynn Ferguson,https://www.youtube.com/channel/UCpUNe85pjmhDHn9YaKqJ5vg,2026-05-10T05:12:17.749Z,58.0,1.291,1.291
https://www.youtube.com/watch?v=U981jvCOQcc,https://www.youtube.com/watch?v=U981jvCOQcc,,,2026-05-10T05:12:15.966Z,,1.783,1.783
https://www.youtube.com/watch?v=hsg_7RVroYc,https://www.youtube.com/watch?v=hsg_7RVroYc,,,2026-05-10T05:12:13.298Z,,2.668,2.668
Mike Didn’t Even Need to See the Target | Breaking Bad S3,https://www.youtube.com/watch?v=2-f34PwGZ-4,The Panther Watches,https://www.youtube.com/channel/UCaDSB4Sl5JkdnXjKgQ2g38Q,2026-05-10T05:12:12.241Z,10.0,1.057,1.057
"In Guardians Vol. 3 (2023), The High Evolutionary Almost Got a Darker Ending",https://www.youtube.com/watch?v=NC6GdTS6sdM,Memelogyz,https://www.youtube.com/channel/UCJBBqGGHmo84rSoRDBWA3Uw,2026-05-10T05:12:01.560Z,10.0,10.681,10.0
WHY HE STAYS GLUED,https://www.youtube.com/watch?v=qFDQUWOlQe0,Science Snack,https://www.youtube.com/channel/UCNMajAUibk4D1HF1uiAcTsA,2026-05-10T05:11:36.521Z,7.0,25.039,7.0
"During the filming of LOTR (2001), Viggo Mortensen caught the fish",https://www.youtube.com/watch?v=s2NcHBc9fYA,Spoody,https://www.youtube.com/channel/UCcyuPFvThrEcqIqcXnLZTCQ,2026-05-10T05:11:23.053Z,7.0,13.468,7.0
The early test footage of Anakin's duel with Dooku featured some insanely arrogant lightsaber moves,https://www.youtube.com/watch?v=Dvb4VhVxH6I,Tedy,https://www.youtube.com/channel/UClr7oq1z7Vb1zFlPBQxqFeA,2026-05-10T05:10:54.579Z,12.0,28.474,12.0
A wife tries on her husband’s massive Army rucksack and immediately struggles #shorts,https://www.youtube.com/watch?v=LuRWeqJN3kc,Parodyland,https://www.youtube.com/channel/UCngATO1f_1-gZMijxJI7w3g,2026-05-10T05:10:42.021Z,7.0,12.558,7.0
"In Stargate SG-1 (1997), Amanda Tapping Calls Him “Mr. McUseless” 😂",https://www.youtube.com/watch?v=gpQnYb_Vo-A,Memelogyz,https://www.youtube.com/channel/UCJBBqGGHmo84rSoRDBWA3Uw,2026-05-10T05:10:23.161Z,14.0,18.86,14.0
DARWIN HATED THE PEACOCK,https://www.youtube.com/watch?v=_c3YVYR_9Yg,PrimateShorts,https://www.youtube.com/channel/UC2YX_F3oEydJl0n4sNW7UoA,2026-05-10T05:10:04.361Z,6.0,18.8,6.0
The transition was fire. They run super fast😍🔥 #felix #bangchan #skz #idol #kpop #shorts #viralvideo,https://www.youtube.com/watch?v=dVHz-iuNlwE,KpopStar,https://www.youtube.com/channel/UCgL-UJkJYwhIuEtPYRpRDAQ,2026-05-10T05:09:56.898Z,6.0,7.463,6.0
#funny #relatable,https://www.youtube.com/watch?v=e8s6zbdcQHM,mish_h1i,https://www.youtube.com/channel/UC7JuTcQ2XiXZnLCkRd0KFeg,2026-05-10T05:09:46.316Z,6.0,10.582,6.0
Atlanta Just Got an Indoor Lazy River,https://www.youtube.com/watch?v=EYSN4M9dBGY,Who Could Have Thought?,https://www.youtube.com/channel/UCvvCA2SuOClkOMK1j7QIdNA,2026-05-10T05:09:43.314Z,7.0,3.002,3.002
The Brothers Grimm Made Daylight Feel Terrifying With One Scene,https://www.youtube.com/watch?v=IXwvcHHU11A,The Panther Watches,https://www.youtube.com/channel/UCaDSB4Sl5JkdnXjKgQ2g38Q,2026-05-10T05:09:08.238Z,11.0,35.076,11.0
Titanic Screams Were Real Not Acting #history #facts,https://www.youtube.com/watch?v=5YWNGQh7-2g,History Roots,https://www.youtube.com/channel/UCI9wGjE6kHVpSbEWYaQP3rA,2026-05-10T05:08:38.621Z,7.0,29.617,7.0
Jeanne and Francis family  is live!,https://www.youtube.com/watch?v=8eyQAYeIJLA,Jeanne and Francis family ,https://www.youtube.com/channel/UCdoTx-74BXhhY4tPv_zB80g,2026-05-10T05:08:33.676Z,42900.0,4.945,4.945
Toilet leak smoke test #plumbing #leakdetection #sewer,https://www.youtube.com/watch?v=SkmJV-t5kuQ,American Leak Detection,https://www.youtube.com/channel/UC_yMdsUKLnQhn50FdUkXt0Q,2026-05-10T05:08:22.197Z,11.0,11.479,11.0
the way we both allowed this to happen #engaged #proposal#influencersinthewild#engagementring #real,https://www.youtube.com/watch?v=veAy2-1ptno,Lexi Mars,https://www.youtube.com/channel/UCfvC_AiS1ev3N_wXgSWtHPw,2026-05-10T05:08:04.634Z,15.0,17.563,15.0
A soldier in full camouflage proudly shows off a homemade explosive looking device strapped #shorts,https://www.youtube.com/watch?v=My1f9-BJZ1k,Parodyland,https://www.youtube.com/channel/UCngATO1f_1-gZMijxJI7w3g,2026-05-10T05:07:51.514Z,7.0,13.12,7.0
LEGS SHAKING AFTER HORSE RIDE,https://www.youtube.com/watch?v=9I_YG42EOq0,Science Snack,https://www.youtube.com/channel/UCNMajAUibk4D1HF1uiAcTsA,2026-05-10T05:07:31.414Z,7.0,20.1,7.0
"In Sister Act 2 (1993), Ryan Toby Improvised That High Note 😳",https://www.youtube.com/watch?v=eVNTMX7WSho,Memelogyz,https://www.youtube.com/channel/UCJBBqGGHmo84rSoRDBWA3Uw,2026-05-10T05:07:08.450Z,10.0,22.964,10.0
I'm hungry! #hungrycat #catshorts #funnypets #funnyshorts,https://www.youtube.com/watch?v=VHY4jffs0Uk,LOOKY HERE,https://www.youtube.com/channel/UCMR_gUFL2CcZYg1cJNFNahw,2026-05-10T05:07:06.252Z,5.0,2.198,2.198
This is Hilarious..😂😂,https://www.youtube.com/watch?v=Iyegc82HWpc,The Wild Man Dan Show,https://www.youtube.com/channel/UCG5lBx_YKlJFgk_Q9ZlJVxg,2026-05-10T05:07:04.717Z,43.0,1.535,1.535
Her Expression Changed When I Spoke Chinese😂,https://www.youtube.com/watch?v=0wBy3Xo_4Lg,Ryan Hale,https://www.youtube.com/channel/UCPpb6z6FWCCC80lwApeibnQ,2026-05-10T05:06:52.389Z,26.0,12.328,12.328
"A tired female soldier in full camouflage rushes into the barracks, carrying her gear #shorts",https://www.youtube.com/watch?v=IIrBElnHquI,Parodyland,https://www.youtube.com/channel/UCngATO1f_1-gZMijxJI7w3g,2026-05-10T05:06:40.138Z,8.0,12.251,8.0
#Military #veteran #army #youtubeshorts #youtubeviral,https://www.youtube.com/watch?v=QTU2sx14qX4,Evelyn Torres,https://www.youtube.com/channel/UCV4H9wtoI-v67CLjonY261A,2026-05-10T05:06:05.892Z,33.0,34.246,33.0
Retired Turtle,https://www.youtube.com/watch?v=n1LdKnRRMTQ,Tizzy,https://www.youtube.com/channel/UC0X8n4QTJ4bzwcRG_vLOqxw,2026-05-10T05:06:00.696Z,8.0,5.196,5.196
BOEING LEARNED FROM A SWAN,https://www.youtube.com/watch?v=TB0g3Nvo5JM,PrimateShorts,https://www.youtube.com/channel/UC2YX_F3oEydJl0n4sNW7UoA,2026-05-10T05:05:46.887Z,6.0,13.809,6.0
They Thought It Was Something Else 😭😂 #FunnyVideos #Guitar #Memes #Viral #FunnyMoments #shorts,https://www.youtube.com/watch?v=1FLCj5pHHxU,Your Name Guitar,https://www.youtube.com/channel/UCQJRCf-3wKasSjRU6xsJ7zQ,2026-05-10T05:05:40.495Z,7.0,6.392,6.392
He Got STUCK in a Tree 😂😳,https://www.youtube.com/watch?v=JOjSvl-HUPA,War Ties,https://www.youtube.com/channel/UCcQ9MPIcFHxx4LhF02nlXYA,2026-05-10T05:05:27.373Z,16.0,13.122,13.122
This BIRD hatches to kill its siblings 🥚 #shorts,https://www.youtube.com/watch?v=LuqN9R9XpY0,Beyond the Trail,https://www.youtube.com/channel/UCf7JbBPJsDZpjUUOkcIHUjg,2026-05-10T05:05:17.093Z,5.0,10.28,5.0
I’m never planning a trip by hand again 🤦🏻‍♀️ #traveltips #travelhacks #italy #italytravel,https://www.youtube.com/watch?v=4_CjjzVl-XU,Travel Tips Brianna,https://www.youtube.com/channel/UCam6VsHnFbRd8M1JmmsvOKw,2026-05-10T05:05:10.998Z,19.0,6.095,6.095
"In Mamma Mia! (2008), Meryl Streep Literally Breaks the Set 😂",https://www.youtube.com/watch?v=59O_SjnYhY8,Memelogyz,https://www.youtube.com/channel/UCJBBqGGHmo84rSoRDBWA3Uw,2026-05-10T05:04:56.377Z,8.0,14.621,8.0
https://www.youtube.com/watch?v=f1tV-3vvQmc,https://www.youtube.com/watch?v=f1tV-3vvQmc,,,2026-05-10T05:04:07.288Z,,49.089,49.089
COBBLESTONES RUINED THE WHOLE DRILL RHYTHM,https://www.youtube.com/watch?v=iaNzFUxsMNw,Barracks Chronicles,https://www.youtube.com/channel/UCsKPyZcRZuXq4HbcWsAw5Sw,2026-05-10T05:04:05.975Z,7.0,1.313,1.313
When customers don’t know the phonetic alphabet pt.16,https://www.youtube.com/watch?v=dktZWM4TgsQ,Kinetic Labs,https://www.youtube.com/channel/UCDMIa-BFQ4SwxX4MfN378eA,2026-05-10T05:03:48.698Z,16.0,17.277,16.0
https://www.youtube.com/watch?v=8jbhMpaWRtA,https://www.youtube.com/watch?v=8jbhMpaWRtA,,,2026-05-10T05:03:37.678Z,,11.02,11.02
"This boat driver lines up perfectly as a Chinook helicopter hovers, preparing for one of the most",https://www.youtube.com/watch?v=EgqhvRq4LHw,Patriot Archive,https://www.youtube.com/channel/UCN0dPr34mWi-Ujqat_5Vaog,2026-05-10T05:03:22.875Z,23.0,14.803,14.803
#foryoypage,https://www.youtube.com/watch?v=W6XdAchqM8o,SatisfyLab,https://www.youtube.com/channel/UC_8eLk0rH2aMvSbtHDeX_NA,2026-05-10T05:03:21.277Z,17.0,1.598,1.598
EXTREME SKILL AT THE ROTARY TABLE,https://www.youtube.com/watch?v=iPakPjiYqgs,Rusty Wheels,https://www.youtube.com/channel/UCFW44h2VcaY1hM7Wi3gXcvw,2026-05-10T05:03:00.634Z,7.0,20.643,7.0
THAT NEVER HAPPENED,https://www.youtube.com/watch?v=gJ0nCzN-NjQ,PrimateShorts,https://www.youtube.com/channel/UC2YX_F3oEydJl0n4sNW7UoA,2026-05-10T05:02:37.859Z,6.0,22.775,6.0
"Farming usually takes patience and time, so watching soil improve almost instantly",https://www.youtube.com/watch?v=QvF7TOpKr5Q,Stone Face Tradesmen,https://www.youtube.com/channel/UCuQ3OOZsc0O5jb2_wvuNtzw,2026-05-10T05:02:09.218Z,16.0,28.641,16.0
"When someone says ""guess which one is in the military,"" but the posture alone instantly gives",https://www.youtube.com/watch?v=MiZVFU0reCc,Patriot Archive,https://www.youtube.com/channel/UCN0dPr34mWi-Ujqat_5Vaog,2026-05-10T05:01:53.514Z,15.0,15.704,15.0
"In Norbit (2007), Eddie Murphy Was Basically Arguing with Himself 😂",https://www.youtube.com/watch?v=SscPnMyewis,Memelogyz,https://www.youtube.com/channel/UCJBBqGGHmo84rSoRDBWA3Uw,2026-05-10T05:01:38.018Z,9.0,15.496,9.0
Foot Whacker 😂 #prank #pranks #funnyprank #coupleprank #funnypranks,https://www.youtube.com/watch?v=KnRWJoOAch4,SeaFoamFP,https://www.youtube.com/channel/UCloZcNIivcJaC9zmZutMwhg,2026-05-10T05:01:15.376Z,17.0,22.642,17.0
She Didn’t Hesitate 😂🍰,https://www.youtube.com/watch?v=hv2t6TGImhs,LADbible Ireland,https://www.youtube.com/channel/UClSowyKlkeVytg18eFy5ing,2026-05-10T05:01:10.060Z,17.0,5.316,5.316
“But Bangchan I would never leave you…” But for Felix I will😏,https://www.youtube.com/watch?v=WIdFbXD-Vm8,Aliyah Roblox,https://www.youtube.com/channel/UCEt2FC2NJjxPkdsJ0jLNrWw,2026-05-10T05:00:59.144Z,,10.916,10.916
THE TONGUE SAVES THE BRAIN,https://www.youtube.com/watch?v=QkLLMz79I2g,PrimateShorts,https://www.youtube.com/channel/UC2YX_F3oEydJl0n4sNW7UoA,2026-05-10T05:00:52.180Z,6.0,6.964,6.0
She was such a good friend ❤️#bartenderstories,https://www.youtube.com/watch?v=FyoKBT-aVTE,Belle E Morris,https://www.youtube.com/channel/UC4H-xacdUcK31vHAL6krXew,2026-05-10T05:00:50.243Z,60.0,1.937,1.937
Two Marines in full camouflage walk down a sunny public street with palm trees and shops #shorts,https://www.youtube.com/watch?v=P8WGboBRJq4,Parodyland,https://www.youtube.com/channel/UCngATO1f_1-gZMijxJI7w3g,2026-05-10T05:00:30.673Z,10.0,19.57,10.0
Magic tricks revealed #magic #magictrick #magicshow #usaus #funny,https://www.youtube.com/watch?v=AhW42JwbX-I,Tims Toots,https://www.youtube.com/channel/UCZghuDv80o-7j5Lsy67kx6g,2026-05-10T05:00:28.755Z,60.0,1.918,1.918
COMBAT GEL,https://www.youtube.com/watch?v=dWPgmCwWpuI,Ashley Elliott,https://www.youtube.com/channel/UCOC5cYIWjGDuPQq1xLKXW1A,2026-05-10T05:00:02.972Z,25.0,25.783,25.0
THE CARTOON LIED,https://www.youtube.com/watch?v=b59Y1ad0cZY,PrimateShorts,https://www.youtube.com/channel/UC2YX_F3oEydJl0n4sNW7UoA,2026-05-10T04:59:40.281Z,6.0,22.691,6.0
SURVIVAL ETIQUETTE,https://www.youtube.com/watch?v=SOmEHdtCkcA,Barracks Chronicles,https://www.youtube.com/channel/UCsKPyZcRZuXq4HbcWsAw5Sw,2026-05-10T04:59:22.465Z,7.0,17.816,7.0
This was so unserious 😭 #funny #skz #maniac #fypyoutube ,https://www.youtube.com/watch?v=U_WoOWWC6r8,౨ৎ eyekon ౨ৎ,https://www.youtube.com/channel/UClsKW6mryOPNDCfmBvFRktw,2026-05-10T04:58:43.499Z,42.0,38.966,38.966
interviewer accidentally whips john cena and completely ignores him #johncena,https://www.youtube.com/watch?v=ZXhQOOSOvHo,iMemeThings,https://www.youtube.com/channel/UCoDv2F_MBwvUoldO29r7F7Q,2026-05-10T04:58:29.605Z,6.0,13.894,6.0
#pelvicfloorexercise #backpain #neckpain #kegelworkout #painrehabb,https://www.youtube.com/watch?v=7Fyx_ZpLGkY,Paley Fit,https://www.youtube.com/channel/UCeJiNgnnWLPTiP2f3SHWVag,2026-05-10T04:58:07.943Z,17.0,21.662,17.0
Girl gone wild #ducks,https://www.youtube.com/watch?v=2ppGzS0rzCo,Coffee with Malcolm,https://www.youtube.com/channel/UClCpNOhGPZBgIzCDbfK0yXw,2026-05-10T04:58:05.838Z,24.0,2.105,2.105
Shrinkflation📉,https://www.youtube.com/watch?v=x01a8gubguI,CuriousThinks,https://www.youtube.com/channel/UC1hFp29gf0cOvcQkqxsEJbg,2026-05-10T04:57:24.764Z,41.0,41.074,41.0
20 layers is RIDICULOUS😡 #shorts #clay,https://www.youtube.com/watch?v=LziPEbAyWHQ,Sweets,https://www.youtube.com/channel/UChhv-5QV30KkmfC2Z8t8RhQ,2026-05-10T04:57:22.823Z,29.0,1.941,1.941
A soldier’s boot gets tightly stuck between a heavy blue metal structure and a black tire #shorts,https://www.youtube.com/watch?v=60SRlL6f26U,Parodyland,https://www.youtube.com/channel/UCngATO1f_1-gZMijxJI7w3g,2026-05-10T04:57:05.621Z,9.0,17.202,9.0
This Bird Is Basically a Dinosaur 🦖,https://www.youtube.com/watch?v=C5tkcL6P9GM,Curious Core,https://www.youtube.com/channel/UCg5AdB96woCdQSLpI1HSR0w,2026-05-10T04:56:52.501Z,8.0,13.12,8.0
Citrus Pipers are here May 22nd! #handmadeceramics,https://www.youtube.com/watch?v=eNq4KGSlg3c,Wandering Bud,https://www.youtube.com/channel/UChR_MNN2-dJbe2VRuslXgjg,2026-05-10T04:56:41.419Z,9.0,11.082,9.0
Bang Chan scaring Hyunjin😭 #hyunjin #bangchan #hyunjinstraykids #bangchanstraykids #straykids,https://www.youtube.com/watch?v=mD7l14ZOrxs,straykidsfrstay,https://www.youtube.com/channel/UC02jPNiDr9dT82-1EbG-93w,2026-05-10T04:56:34.663Z,6.0,6.756,6.0
Not quite faster but the Lishi Picks can be very quick. KW1 Pick seen here with Kwikset cylinder.,https://www.youtube.com/watch?v=L8M1ll9B4EI,Pocket Tool Warehouse,https://www.youtube.com/channel/UCaEGknmteOXqGNBiGZ-BpNw,2026-05-10T04:56:32.804Z,15.0,1.859,1.859
Song kinda fire tho 🔥👌🏼 #roomie #freewill #bringthewow #pop #dance,https://www.youtube.com/watch?v=lARXWnmLCIo,Kali J.,https://www.youtube.com/channel/UCdyd_pwXvE1f_yFUdUtJzSQ,2026-05-10T04:56:15.805Z,21.0,16.999,16.999
1 Ounce vs 10 Pound Hammer,https://www.youtube.com/watch?v=Qi7PVQeToIw,John Malecki Unscrewed,https://www.youtube.com/channel/UCtR-g66KS3o37mbbSTrNm2Q,2026-05-10T04:55:45.259Z,32.0,30.546,30.546
THE DOCTORS VISIT #tomsegura #comedyshorts #comedy #funny #wtf #doctor,https://www.youtube.com/watch?v=7nWcwmgb8wc,hvcuuv,https://www.youtube.com/channel/UC43nejv54DWnP21EldnBGyA,2026-05-10T04:54:45.078Z,60.0,60.181,60.0
Ranking Best Ice Moments #asmr #snow #funny #odlysatisfying #ice #satisfying #fyp,https://www.youtube.com/watch?v=ikQdn3bm8ms,Relaxing 1+1,https://www.youtube.com/channel/UCVbQ_j_1zmlfYJ3OVmFl_tw,2026-05-10T04:54:43.228Z,37.0,1.85,1.85
"Guess what my ego is telling me again… 😅 (bonorasport/IG, georgiabonora/IG)",https://www.youtube.com/watch?v=K4QwHpREmxM,Just Women's Sports,https://www.youtube.com/channel/UCv5306tE1yjLn1D31PL7kFA,2026-05-10T04:54:27.858Z,12.0,15.37,12.0
Ranking The Funniest Branding Moments #viral #trending #branding,https://www.youtube.com/watch?v=JT9XgvcauZw,This Old Bow,https://www.youtube.com/channel/UC0ImW5b6SJJBUhkV-7yk3wA,2026-05-10T04:54:25.934Z,35.0,1.924,1.924
"Under a pavilion, two Marines lean aggressively over a table of coolers and shout #shorts",https://www.youtube.com/watch?v=aLi5wY5MTOg,Parodyland,https://www.youtube.com/channel/UCngATO1f_1-gZMijxJI7w3g,2026-05-10T04:54:07.269Z,6.0,18.665,6.0
"lord have mercy, how i supposed to do it😭  #txt #beomgyu #stickwithyou #coverdance",https://www.youtube.com/watch?v=dAKQ5zYNs9o,N Lit,https://www.youtube.com/channel/UCR6Q43w0mvofXupmSdZxLzQ,2026-05-10T04:53:55.201Z,7.0,12.068,7.0
Ironing in 1920 😅😳,https://www.youtube.com/watch?v=yKQEDPsZdQ0,AIRONOX,https://www.youtube.com/channel/UCW-1ogii1OuFjwZrAksQLaA,2026-05-10T04:53:43.702Z,12.0,11.499,11.499
I feel betrayed 😭🎵 #foryou #trending #musicproducer #song #edit,https://www.youtube.com/watch?v=dtn_o3KzNMA,Tana Rose,https://www.youtube.com/channel/UChLScrPWovP38I5OBp3G_kQ,2026-05-10T04:53:34.088Z,8.0,9.614,8.0
SURPRISE PT FROM BEES,https://www.youtube.com/watch?v=g2mGtd9dG8M,Barracks Chronicles,https://www.youtube.com/channel/UCsKPyZcRZuXq4HbcWsAw5Sw,2026-05-10T04:53:19.373Z,7.0,14.715,7.0
rainbolt's real name...,https://www.youtube.com/watch?v=Ou7LnVLYh5g,rainbolt clips,https://www.youtube.com/channel/UC0lf2-Y3nb5AWnZqie268FQ,2026-05-10T04:52:57.637Z,27.0,21.736,21.736
*WOWS in Red Bull Flugtag* 😱 #redbull #givesyouwiiings #redbullflugtag #funny #creation,https://www.youtube.com/watch?v=Ju_7tfe60bo,quickreel18,https://www.youtube.com/channel/UCKvIa4KJOmPbL-52SQtaNUg,2026-05-10T04:51:56.412Z,61.0,61.225,61.0
YOU BROKE FIRST,https://www.youtube.com/watch?v=vDOgFfIH1Yw,PrimateShorts,https://www.youtube.com/channel/UC2YX_F3oEydJl0n4sNW7UoA,2026-05-10T04:51:41.162Z,6.0,15.25,6.0
Best Guys Being Guys Moments😎,https://www.youtube.com/watch?v=0hYD7sg6bbU,RankingPrimat,https://www.youtube.com/channel/UCY4zX-mHBMMccs0weNcTmYQ,2026-05-10T04:50:59.087Z,39.0,42.075,39.0
Coolest Axe Builds 🪓 #satisfying #build #shorts,https://www.youtube.com/watch?v=N5hZFOsy7s8,Clipnix,https://www.youtube.com/channel/UCoH3Lwp8BfRCSlYeReK_syA,2026-05-10T04:50:32.029Z,26.0,27.058,26.0
"From inside a car, a soldier watches in surprise as an overweight service member walks #shorts",https://www.youtube.com/watch?v=O-W8gHYEJew,Parodyland,https://www.youtube.com/channel/UCngATO1f_1-gZMijxJI7w3g,2026-05-10T04:50:16.714Z,5.0,15.315,5.0
RATING OUR SWIRL FAILS #shortsvideo #swirling #fails #compilation #bloopers #skincare #satisfying,https://www.youtube.com/watch?v=lkMVsONvukw,Truly Beauty,https://www.youtube.com/channel/UCKEW0ZRDVYfSHnD5UlwMrvA,2026-05-10T04:49:51.450Z,24.0,25.264,24.0
Did You Expect THIS?? | Happy Troll Pt1 #bitsandbops #challenge #mods,https://www.youtube.com/watch?v=GxHu9jHq36I,MCMDesigns,https://www.youtube.com/channel/UCtK86wpw3V8UdibuQzz4pyw,2026-05-10T04:49:45.307Z,58.0,6.143,6.143
Cat being idiots part 70: Cat hide and seek 🤣 #funnycat #funnypet #cutecat #cat #pets #shorts,https://www.youtube.com/watch?v=6JD7vse2cxA,Funny Cat,https://www.youtube.com/channel/UCL-kXxSnnadCdBVdlQqSWTw,2026-05-10T04:49:22.954Z,29.0,22.353,22.353
Bar Hang Challenge Scam😭 #shorts,https://www.youtube.com/watch?v=k1cjYuhlBjc,Jackson Twait,https://www.youtube.com/channel/UCxu-EET-7CquiqK2jMR0ntw,2026-05-10T04:48:20.945Z,62.0,62.009,62.0
they finally nerfed geoguessr pros,https://www.youtube.com/watch?v=1hQcx5QzJcs,rainbolt clips,https://www.youtube.com/channel/UC0lf2-Y3nb5AWnZqie268FQ,2026-05-10T04:48:18.509Z,61.0,2.436,2.436
The last one makes me scared for her,https://www.youtube.com/watch?v=QGLF-YQPX_0,Slug Princess,https://www.youtube.com/channel/UCbj47rLCYGoeE32EquOJygg,2026-05-10T04:47:42.751Z,25.0,35.758,25.0
SHE DIDN'T EVEN GET UP,https://www.youtube.com/watch?v=aA9Ig4Kw3mI,PrimateShorts,https://www.youtube.com/channel/UC2YX_F3oEydJl0n4sNW7UoA,2026-05-10T04:47:19.732Z,6.0,23.019,6.0
MARINE SIGN LANGUAGE,https://www.youtube.com/watch?v=kLf7DvUOqXA,Echoes of Honor,https://www.youtube.com/channel/UCPepW85ZIS0Gls_ik2V7HMA,2026-05-10T04:47:04.236Z,7.0,15.496,7.0
Hyunjin drenched in sweat… you can see all his effort #hyunjin #skz_6th_fanmeeting #skz,https://www.youtube.com/watch?v=oZBJ0q8xMq8,NaksuSKZverse 💫,https://www.youtube.com/channel/UCj8gQVZDwXzOTL24f84IWFQ,2026-05-10T04:46:54.730Z,7.0,9.506,7.0
Real things I’ve seen as a Firefighter. Everyone pooped their pants that day. #gas #firefighter,https://www.youtube.com/watch?v=mKQsWXlf0KQ,Fire Department Chronicles,https://www.youtube.com/channel/UCZbWCodPFwH2QQn772QnUxQ,2026-05-10T04:46:19.456Z,36.0,35.274,35.274
2 Holes with 1 Bit,https://www.youtube.com/watch?v=SjEPp3P-Nvs,John Malecki Unscrewed,https://www.youtube.com/channel/UCtR-g66KS3o37mbbSTrNm2Q,2026-05-10T04:46:07.191Z,10.0,12.265,10.0
The Train That Floats at 375 MPH 🚄,https://www.youtube.com/watch?v=QuXAiSWjuuw,Curious Core,https://www.youtube.com/channel/UCg5AdB96woCdQSLpI1HSR0w,2026-05-10T04:46:02.005Z,8.0,5.186,5.186
Ranking The Funniest Shark Moments,https://www.youtube.com/watch?v=lm4caNFjqiI,oLii,https://www.youtube.com/channel/UCWixWw6zy2LZn27WUUExrhg,2026-05-10T04:45:29.631Z,33.0,32.374,32.374
🫧!?.. ||#kpopskz #straykids #kpop #hanjisung #dontflopplease ||,https://www.youtube.com/watch?v=UnueyB6YO8g,Hanjisung,https://www.youtube.com/channel/UCv9gmM5axdCfpgl0k4mei3A,2026-05-10T04:45:26.595Z,9.0,3.036,3.036
@jennifer all pink!! Hope you like!!  #fyusa🇺🇸 #luckyscoop  #gift #mysteryscoop #asmr,https://www.youtube.com/watch?v=HUWkSEJhl84,Selfguarder,https://www.youtube.com/channel/UC2QYNJuIJgH8TE3FehL4UHg,2026-05-10T04:45:24.977Z,34.0,1.618,1.618
Back for revenge👹 #shorts #clay,https://www.youtube.com/watch?v=BX5nQqb4ncg,Sweets,https://www.youtube.com/channel/UChhv-5QV30KkmfC2Z8t8RhQ,2026-05-10T04:44:44.812Z,40.0,40.165,40.0
Kondisi tekini mushola PONPES AI Khoziny Sidoarjo ambruk saat salat ashar #jtvjember #evakuasi #sido,https://www.youtube.com/watch?v=b_V49-rLPmM,AbidAyaz Official,https://www.youtube.com/channel/UCI-SUR1a0i9MtF4zlmxaCZQ,2026-05-10T04:43:40.076Z,67.0,64.736,64.736
#1minute,https://www.youtube.com/watch?v=_nqpOmPwzgQ,Onzh,https://www.youtube.com/channel/UC74RvMTxz5TUVUi12TU0hAQ,2026-05-10T04:43:25.439Z,6.0,14.637,6.0
the worm’s got tall energy i swear 🧍‍♀️,https://www.youtube.com/watch?v=tExtMu5fGKQ,Worming from Home,https://www.youtube.com/channel/UCqheC35Vex4916Ad2FpfNVw,2026-05-10T04:43:07.720Z,32.0,17.719,17.719
It's a lower concentration but still... Geology majors are definitely insane 🤪 #geology #chemistry,https://www.youtube.com/watch?v=sD0-hqf3ZZk,GroovyGeologist,https://www.youtube.com/channel/UCF1ehD3s1xlI25jmbieIrQA,2026-05-10T04:42:54.874Z,12.0,12.846,12.0
Small sewing tip for rounded corners on fitted sheets.,https://www.youtube.com/watch?v=16rFyuwxDX8,Wholehearted Sewing Tutorials & Tools,https://www.youtube.com/channel/UC3A3219h9740Ccu3L4qgDLg,2026-05-10T04:42:46.520Z,21.0,8.354,8.354
Bro unlocked Felix mode 😭 #felix #skz #kpop #fyp #skzillitjeongin,https://www.youtube.com/watch?v=LVG4AgCNMuI,SKZILLIT JEONGIN,https://www.youtube.com/channel/UCLbAz2GZ7o9rV-KUejmu_JA,2026-05-10T04:42:22.613Z,6.0,23.907,6.0
Bernoulli's principle,https://www.youtube.com/watch?v=e6Ot4v6rxKE,Paulo Flores,https://www.youtube.com/channel/UCWs3-lovtuiCi-YiXLq_IQQ,2026-05-10T04:42:19.052Z,60.0,3.561,3.561
Karma Came Instantly😆 #exo,https://www.youtube.com/watch?v=6WGtTFXwS28,Alisya-a2f,https://www.youtube.com/channel/UCRxsFbrhCCrGM8yZYCwCgcA,2026-05-10T04:42:06.480Z,6.0,12.572,6.0
Eric is live!,https://www.youtube.com/watch?v=i838kjP1vuc,Eric,https://www.youtube.com/channel/UCu4XDaMQuOBKSw6D0ri5XTg,2026-05-10T04:42:03.214Z,12190.0,3.266,3.266
rainbolt reacts to geoguessr pros,https://www.youtube.com/watch?v=fIV32TPHE7U,rainbolt clips,https://www.youtube.com/channel/UC0lf2-Y3nb5AWnZqie268FQ,2026-05-10T04:41:46.340Z,20.0,16.874,16.874
“Oh hi! Did Mom adopt you too?”  (cr: unawarewolf_/tt)  #viral #shorts,https://www.youtube.com/watch?v=2KY1CSSWM80,globalvibes,https://www.youtube.com/channel/UCsSxZA8gKGtDA-GuIgbqa7A,2026-05-10T04:41:33.062Z,12.0,13.278,12.0
don’t make rainbolt mad,https://www.youtube.com/watch?v=kW5FGlDpgQ4,rainbolt clips,https://www.youtube.com/channel/UC0lf2-Y3nb5AWnZqie268FQ,2026-05-10T04:40:50.656Z,46.0,42.406,42.406
dragon ball z fans please tell me if you like this one 💙 #dragonballz #resinart #handmade #dbz,https://www.youtube.com/watch?v=tIdY2g521NY,yuki satoji,https://www.youtube.com/channel/UCSxauXcolX1pbPObnpJVezw,2026-05-10T04:40:42.284Z,22.0,8.372,8.372
UNIFORM ON BORROWED TIME,https://www.youtube.com/watch?v=RFw_IMAflK4,Barracks Chronicles,https://www.youtube.com/channel/UCsKPyZcRZuXq4HbcWsAw5Sw,2026-05-10T04:40:25.852Z,7.0,16.432,7.0
That was lightning speed 😂😭,https://www.youtube.com/watch?v=8_HXMAjiTnw,Videos that make your day better ,https://www.youtube.com/channel/UCBp4nh-pgJCtO-bTzomzSqA,2026-05-10T04:40:11.744Z,14.0,14.108,14.0
Why Knights Were Almost Impossible to Kill.,https://www.youtube.com/watch?v=1hHwAyVScQA,Keocom Real,https://www.youtube.com/channel/UCAh5bnZdT0okKGWOMWSojpg,2026-05-10T04:40:00.624Z,41.0,11.12,11.12
Owls Make No Sound When They Fly,https://www.youtube.com/watch?v=For0NsnCYDw,NeuroVerse,https://www.youtube.com/channel/UCHTOV714yJFK-2nTMeN9FtA,2026-05-10T04:39:31.700Z,30.0,28.924,28.924
What Happens If You Don’t Get Off the Paternosters in Prague? 😰 #travel #prague #facts,https://www.youtube.com/watch?v=FyAUP1GAw1I,The Traveller Twins,https://www.youtube.com/channel/UCcl4QloebpH_aGpeHwfpLmA,2026-05-10T04:38:54.163Z,43.0,37.537,37.537
1 vs 6 layers of wax😶‍🌫️ #shorts #clay,https://www.youtube.com/watch?v=YFAnVG7wXRM,Sweets,https://www.youtube.com/channel/UChhv-5QV30KkmfC2Z8t8RhQ,2026-05-10T04:38:17.818Z,37.0,36.345,36.345
That’s no fence! That’s no wall! #countryside #rurallife #walking #farming #hiking,https://www.youtube.com/watch?v=wK5ZQ_fnBEc,Sort Of Interesting,https://www.youtube.com/channel/UCaTEitB4jsAHNjIU8bO5uTQ,2026-05-10T04:38:11.038Z,25.0,6.78,6.78
Bromine is scary,https://www.youtube.com/watch?v=eLvXS6J_ETQ,NileRed,https://www.youtube.com/channel/UCFhXFikryT4aFcLkLw2LBLA,2026-05-10T04:37:22.556Z,49.0,48.482,48.482
Dora the explorer vs Explora Dora?😭 (via-notmiaxthorne/tt),https://www.youtube.com/watch?v=2RYh1jYn7rc,Girl Core TV,https://www.youtube.com/channel/UCDgCHxSwAi3dZG9CIWCJVJQ,2026-05-10T04:36:58.917Z,23.0,23.639,23.0
rainbolt's top 5 best guesses ever...,https://www.youtube.com/watch?v=hVM3GqNQE-c,rainbolt clips,https://www.youtube.com/channel/UC0lf2-Y3nb5AWnZqie268FQ,2026-05-10T04:35:30.846Z,70.0,88.071,70.0
Poor Felix 😭 What are they doing?! #skz #felix #hyunjin #hyunlix #skzconcert,https://www.youtube.com/watch?v=xNVtdzNQqEA,NaksuSKZverse 💫,https://www.youtube.com/channel/UCj8gQVZDwXzOTL24f84IWFQ,2026-05-10T04:35:21.885Z,8.0,8.961,8.0
Old Hollywood Bloopers🤯,https://www.youtube.com/watch?v=Lm_qokl8gWw,History Intrigue,https://www.youtube.com/channel/UCwY71XwLcY_10aErWK3QVkg,2026-05-10T04:34:53.077Z,16.0,28.808,16.0
My whole life is about reducing 👄 noises. #voiceactor #actor #audiobook,https://www.youtube.com/watch?v=i_Pr-fJhQbA,Laura Horowitz Narrator,https://www.youtube.com/channel/UCp_qTf3yc5MiDkyVxbzLgjQ,2026-05-10T04:34:32.283Z,20.0,20.794,20.0
When your door has more personality than you do.  #FunnyDoor #Unexpected #PrankDoor #WeirdDesign,https://www.youtube.com/watch?v=J2hqWGxqqCc,RescueWonders🐾,https://www.youtube.com/channel/UCfxql93fDgMZCPx7NKuaM4w,2026-05-10T04:34:30.183Z,,2.1,2.1
my latest Lego block print. Have you tried this? #art #lego #printing,https://www.youtube.com/watch?v=krAL5_3Qah8,Harrison How,https://www.youtube.com/channel/UCbc3oglqvTDrLofnF-FdcyA,2026-05-10T04:34:11.104Z,19.0,19.079,19.0
Pulling espresso through a freeze dried strawberry,https://www.youtube.com/watch?v=DYGXXUk8Fuo,Ryantagcoffee,https://www.youtube.com/channel/UCJ19KBELNeVLV7LdgrM9nMw,2026-05-10T04:33:55.223Z,62.0,15.881,15.881
This gourd is turned into something useful.  🤯,https://www.youtube.com/watch?v=FOJfvUKR6bg,Discovery Dose,https://www.youtube.com/channel/UCvaEO6hn3RKC7SN0JD8MKFQ,2026-05-10T04:33:19.800Z,35.0,35.423,35.0
rainbolt shocked ludwig,https://www.youtube.com/watch?v=CtlY3ac9WyM,rainbolt clips,https://www.youtube.com/channel/UC0lf2-Y3nb5AWnZqie268FQ,2026-05-10T04:32:35.204Z,45.0,44.596,44.596
A large scale version of a beautiful demo!,https://www.youtube.com/watch?v=hiqU2-YWF-Q,JaDropping Science,https://www.youtube.com/channel/UCK70H_67YRgeA513ZHA2TIg,2026-05-10T04:31:37.852Z,60.0,57.352,57.352
poor Lee know just wants more cats #kpop #skz #straykids #leeknow #leeminho #bangchan,https://www.youtube.com/watch?v=9VLECZo3GTc,Mymona_stay,https://www.youtube.com/channel/UCw2xdwX0lfrzsZ0iOHqox4A,2026-05-10T04:31:31.933Z,13.0,5.919,5.919
POV: Your wife asked for an old fashioned,https://www.youtube.com/watch?v=MbPmHUYvl7w,Noir Barrel,https://www.youtube.com/channel/UC7tfO-bldfRlrcntfv-4Ngg,2026-05-10T04:31:20.809Z,32.0,11.124,11.124
The way Hao gently stopped the kid😭🤏🏻#the8#seventeen#shorts#svt#youtubeshorts#shortsfeed#carat#dk,https://www.youtube.com/watch?v=ON9K8vVRvzg,SVT 13Carat,https://www.youtube.com/channel/UCLS9dG2ztEG6Fd3K1axWM5A,2026-05-10T04:31:16.674Z,5.0,4.135,4.135
WOODPECKER ❌ STEELPECKER ✅,https://www.youtube.com/watch?v=85kBc3c1Q0Q,PrimateShorts,https://www.youtube.com/channel/UC2YX_F3oEydJl0n4sNW7UoA,2026-05-10T04:30:55.512Z,6.0,21.162,6.0
Am I the only one??? #straykids #bangchan,https://www.youtube.com/watch?v=7aFazA0hUqs,STAY VILLE,https://www.youtube.com/channel/UCFyFnmOct7m33F9A3Em7ifQ,2026-05-10T04:30:45.514Z,6.0,9.998,6.0
This moment with Felix… wasn’t in his hands 👀 #felix #skz_6th_fanmeeting #skz,https://www.youtube.com/watch?v=fOnfnBFS0cI,NaksuSKZverse 💫,https://www.youtube.com/channel/UCj8gQVZDwXzOTL24f84IWFQ,2026-05-10T04:30:37.332Z,8.0,8.182,8.0
#straykids #skz,https://www.youtube.com/watch?v=BbKFViVgXpI,Seungmin Unofficial,https://www.youtube.com/channel/UCOP0gXQ-SQFF--ccWGUvmqQ,2026-05-10T04:30:34.120Z,58.0,3.212,3.212
Han really pulled a surprise drop 😳 #hanjisung #skz #kpop #fyp #skzillitjeongin,https://www.youtube.com/watch?v=0cp1SBs2_os,SKZILLIT JEONGIN,https://www.youtube.com/channel/UCLbAz2GZ7o9rV-KUejmu_JA,2026-05-10T04:30:24.302Z,6.0,9.818,6.0
Pro Tip - How to Cut Glass #stainedglass,https://www.youtube.com/watch?v=P-O3JowBR7A,ARTyRV GLASS STUDIO,https://www.youtube.com/channel/UCa2jJSRa-audP221EL24SCw,2026-05-10T04:29:58.670Z,25.0,25.632,25.0
I can't believe I missed this,https://www.youtube.com/watch?v=MEdMneWCqFA,Daniel Thrasher,https://www.youtube.com/channel/UCnZx--LpG2spgmlxOcC-DRA,2026-05-10T04:29:41.872Z,16.0,16.798,16.0
Introducing food to kittens,https://www.youtube.com/watch?v=s5Sal-h8V3k,Tizzy,https://www.youtube.com/channel/UC0X8n4QTJ4bzwcRG_vLOqxw,2026-05-10T04:29:34.812Z,8.0,7.06,7.06
Rating the Use of Candy in My Cakes,https://www.youtube.com/watch?v=r0aoxppoZNw,Sideserf Cake Studio,https://www.youtube.com/channel/UChKQYI9z5rO_sdNjhwyyjSg,2026-05-10T04:29:12.855Z,22.0,21.957,21.957
This hairstyle was made for the brown shade 😭 #i_n #skz #kpop #fyp #skzillitjeongin,https://www.youtube.com/watch?v=JUKkeJQ8JWA,SKZILLIT JEONGIN,https://www.youtube.com/channel/UCLbAz2GZ7o9rV-KUejmu_JA,2026-05-10T04:29:00.372Z,6.0,12.483,6.0
Ranking the best Chemistry Experiments 🤯💥,https://www.youtube.com/watch?v=yd_b06c7o7c,Rankit,https://www.youtube.com/channel/UCUK2BR3zv_fUw32IPNje7kg,2026-05-10T04:28:59.466Z,40.0,0.906,0.906
How animals behave in zero gravity?,https://www.youtube.com/watch?v=z2nX78IZsVg,COSMOPHOBIC,https://www.youtube.com/channel/UCkq57VrjKLi3BCFCD2xOZBw,2026-05-10T04:28:58.664Z,43.0,0.802,0.802
Oh Felix 🤣 #kpop #viral #straykids #felix #hyunlix #christmas #mma #awards #fyp #kpopidol #funny,https://www.youtube.com/watch?v=rVo3iE1CBR0,Channie’s studio 🤍🎧,https://www.youtube.com/channel/UCkJUmJjnLRztjaSg_KNe9Ng,2026-05-10T04:27:40.611Z,12.0,78.053,12.0
Ranking Customer States moments🤦‍♂️,https://www.youtube.com/watch?v=4BUt6GtYpn0,Rankstr,https://www.youtube.com/channel/UCukdkpYrR7gI77C8fKE3LFA,2026-05-10T04:27:39.783Z,74.0,0.828,0.828
How many times are skz title songs used? #bangchan #bangchan #felix#changbin #hyunjin #seungmin#han,https://www.youtube.com/watch?v=-weaFpO_1tM,Seungminnie,https://www.youtube.com/channel/UCr_x1VmmtR_bCIrI4-fisGQ,2026-05-10T04:27:32.824Z,49.0,6.959,6.959
Real things I’ve heard as a Paramedic. I never saw this coming. #ems #floor #walking,https://www.youtube.com/watch?v=X99KO7pEQlg,Fire Department Chronicles,https://www.youtube.com/channel/UCZbWCodPFwH2QQn772QnUxQ,2026-05-10T04:27:29.332Z,35.0,3.492,3.492
You accidentally pressed the wrong button😺💡,https://www.youtube.com/watch?v=VAw6bzAku30,ZoodiTV,https://www.youtube.com/channel/UC9wB0B4asKVezGwiifEthmw,2026-05-10T04:26:40.885Z,48.0,48.447,48.0
Cop ARRESTS a Firefighter on Duty and Gets SUED,https://www.youtube.com/watch?v=4kIjd7CLp7c,Audit the Court,https://www.youtube.com/channel/UCmc4biDadYIwhBctWd1ESuA,2026-05-10T03:13:52.084Z,2803.0,4368.801,2803.0
Clueless Prosecutor’s Expert DESTROYS the State’s Murder Case,https://www.youtube.com/watch?v=1qmeHyUkad4,Audit the Court,https://www.youtube.com/channel/UCmc4biDadYIwhBctWd1ESuA,2026-05-10T02:37:19.295Z,2623.0,2192.789,2192.789
Attorney Destroys His Career in One Deposition!,https://www.youtube.com/watch?v=iVGwWGw_INc,Audit the Court,https://www.youtube.com/channel/UCmc4biDadYIwhBctWd1ESuA,2026-05-10T02:14:19.554Z,1411.0,1379.741,1379.741
"Attorney May Be Sanctioned Over Frivolous, Poorly Researched Response",https://www.youtube.com/watch?v=o284UTtDtUo,GavelGazers Court Watch,https://www.youtube.com/channel/UCBFWWvVodNSz1LKwfTtgRdw,2026-05-10T02:09:08.449Z,,311.105,311.105
Not it refusing to let go 😭 #i_n #skz #kpop #fyp #skzillitjeongin,https://www.youtube.com/watch?v=nvIETmOwdkA,SKZILLIT JEONGIN,https://www.youtube.com/channel/UCLbAz2GZ7o9rV-KUejmu_JA,2026-05-10T02:06:12.425Z,6.0,176.024,6.0
once i carved this on my desk with a nail  #skz #straykids #bangchan #sclass #school #skzmemes,https://www.youtube.com/watch?v=3fDCB9A629E,𝐡𝐲𝐮𝐧.𝐞,https://www.youtube.com/channel/UCaKpHeZChFql9967Xqmsd3A,2026-05-10T02:06:02.269Z,8.0,10.156,8.0
"The ""Banned"" Japanese Study Hack 🧠",https://www.youtube.com/watch?v=NSo7p12E9Ck,Wealthy Capital,https://www.youtube.com/channel/UCQVsS98ni5ZdHcSEuM-lCNg,2026-05-10T02:05:54.506Z,9.0,7.763,7.763
The orchestra behind the bakery,https://www.youtube.com/watch?v=49ktdHMcNwQ,VitaKari,https://www.youtube.com/channel/UCe8Th2dxumH00Y4elp7oz1A,2026-05-10T02:05:20.119Z,,34.387,34.387
Buying German gifts for my family,https://www.youtube.com/watch?v=rHAlG2E0AFw,Uyen Ninh,https://www.youtube.com/channel/UC-uNVV92llYIMC5-ZUF0Q4w,2026-05-10T02:05:17.814Z,42.0,2.305,2.305
will it crochet? - SPANDEX,https://www.youtube.com/watch?v=a3-r2LWTFT0,Lola B,https://www.youtube.com/channel/UCo1ugzXqbQK3qz7vqvpxpAA,2026-05-10T02:05:11.664Z,41.0,6.15,6.15
stays picking there bias... #straykids #kpop #relatable #trend #fyp,https://www.youtube.com/watch?v=_AfzAY40SyQ,Leeminho,https://www.youtube.com/channel/UCALV8o0WODqr1up5vj65QEw,2026-05-10T02:04:53.646Z,17.0,18.018,17.0
Thor’s Tool Makes The Most Satisfying Sounds Ever?! 🤯 #satisfying #thor #skills #asmr #tools #wow,https://www.youtube.com/watch?v=Me1l3O-ehp4,Zach “The Speed Square” King,https://www.youtube.com/channel/UCz7AU8lA4X_H5DmCPmenCdg,2026-05-10T02:04:18.523Z,24.0,35.123,24.0
BOB ROSS FAN BRUSH EPIC WATERFALL #bobross #shorts,https://www.youtube.com/watch?v=PHSRdSoZ34Y,Master Temple Paints Pictures,https://www.youtube.com/channel/UCckjw_hFetgSRoLyLmlksuw,2026-05-10T02:04:15.781Z,16.0,2.742,2.742
I’m sure he won’t do that again 🤣💀 #cat #cats #kitten #kittens @thesweetlifeofally,https://www.youtube.com/watch?v=AbTrHLYzG80,Catventure ,https://www.youtube.com/channel/UCxDWetJe6TdQMxwSIsN1DLA,2026-05-10T02:03:59.643Z,19.0,16.138,16.138
Why I can’t speak German with German bf,https://www.youtube.com/watch?v=v6nizVh8tUA,Uyen Ninh,https://www.youtube.com/channel/UC-uNVV92llYIMC5-ZUF0Q4w,2026-05-10T02:03:36.291Z,24.0,23.352,23.352
We Have HR Training At Home,https://www.youtube.com/watch?v=7ATY76Uac7g,John Malecki Unscrewed,https://www.youtube.com/channel/UCtR-g66KS3o37mbbSTrNm2Q,2026-05-10T02:03:23.466Z,12.0,12.825,12.0
#cleaninghacks #cleaning #cleaningmotivation,https://www.youtube.com/watch?v=ArrAqdF3Me8,southernescape,https://www.youtube.com/channel/UC3sfyOpGRU0_hcqYlHpM-DA,2026-05-10T02:03:21.666Z,74.0,1.8,1.8
They feel every song 🥹 #straykids #skz #kpop #fyp #skzillitjeongin,https://www.youtube.com/watch?v=gDhEpfn19XI,SKZILLIT JEONGIN,https://www.youtube.com/channel/UCLbAz2GZ7o9rV-KUejmu_JA,2026-05-10T02:03:08.285Z,6.0,13.381,6.0
Ranking Best Tuxedo Cat Moments 😂 #cutecats #cat #funny #catvideos #kitten,https://www.youtube.com/watch?v=877YwdWe5rA,TopCatRanks,https://www.youtube.com/channel/UCveJJKrzS5KhlkyWpfvenaw,2026-05-10T02:02:42.513Z,24.0,25.772,24.0
love their duo❤ #straykids #seungin #core,https://www.youtube.com/watch?v=flGhrHfOs8w,i.n_yang,https://www.youtube.com/channel/UCjF4Q4oslcKy5_ORmI3Ng7w,2026-05-10T02:02:08.893Z,44.0,33.62,33.62
angry bangchan ☠️ #bangchan #bangchanstraykids #bangchanskz #straykids #skz,https://www.youtube.com/watch?v=LIzc8jMM_4w,BANG CHAN,https://www.youtube.com/channel/UCmEoXN2Fg5mlSWJrCgyjA4Q,2026-05-10T02:01:57.007Z,13.0,11.886,11.886
Naughty Han Quokka😂🫶🏻 #hanjisung #felix #hyunjin #seungmin #straykids #skzedit #funny,https://www.youtube.com/watch?v=cag8NeMJhmI,STAY Kids,https://www.youtube.com/channel/UClfETkVTvmLq3YmFuLN8DyQ,2026-05-10T02:01:46.606Z,8.0,10.401,8.0
just spit it out...,https://www.youtube.com/watch?v=D7gz5BFbkaU,Ze Frank,https://www.youtube.com/channel/UCVpankR4HtoAVtYnFDUieYA,2026-05-10T02:00:18.451Z,119.0,88.155,88.155
Oh! This Was So Smooth Lee Know 😂 | #shorts #leeknow #straykids #kpop,https://www.youtube.com/watch?v=ga8tVrg5d0s,SEVEN HYPEN KIDS,https://www.youtube.com/channel/UCD5RlA9YOFFsLxuf-NJ3GOg,2026-05-10T02:00:08.139Z,9.0,10.312,9.0
what is that leeknow 🤨 #leeknow #han #seungmin #straykids #fyp 2minsung minsung 2min seungsung,https://www.youtube.com/watch?v=sbW3R5jgx_c,vallenderr | for 2minsung,https://www.youtube.com/channel/UCRsJEXA-sjS7zXWQZKrNt9w,2026-05-10T01:59:32.732Z,37.0,35.407,35.407
Heavy Static,https://music.youtube.com/watch?v=pEQa0SzGgmk,Future World Music - Topic,https://www.youtube.com/channel/UCy6ROEJ8mTbbV2oKou7adJg,2026-05-10T01:59:03.367Z,161.0,29.365,29.365
Wrath of the Gods,https://music.youtube.com/watch?v=5z9RZMP_DGE,Future World Music - Topic,https://www.youtube.com/channel/UCy6ROEJ8mTbbV2oKou7adJg,2026-05-10T01:56:27.538Z,156.0,155.829,155.829
Until Justice Prevails,https://music.youtube.com/watch?v=4ayk089QYB8,Future World Music - Topic,https://www.youtube.com/channel/UCy6ROEJ8mTbbV2oKou7adJg,2026-05-10T01:54:04.021Z,144.0,143.517,143.517
With Great Power,https://music.youtube.com/watch?v=Fff3L3RGyoc,Future World Music - Topic,https://www.youtube.com/channel/UCy6ROEJ8mTbbV2oKou7adJg,2026-05-10T01:49:45.556Z,179.0,258.465,179.0
Attack of the Titans,https://music.youtube.com/watch?v=BTQqWvQurRE,Future World Music - Topic,https://www.youtube.com/channel/UCy6ROEJ8mTbbV2oKou7adJg,2026-05-10T01:47:38.335Z,128.0,127.221,127.221
Dominion,https://music.youtube.com/watch?v=tzKHyLhgQ5w,Future World Music - Topic,https://www.youtube.com/channel/UCy6ROEJ8mTbbV2oKou7adJg,2026-05-10T01:44:47.287Z,171.0,171.048,171.0
Glorious Adventure,https://music.youtube.com/watch?v=eOyqX0bqS0E,Future World Music - Topic,https://www.youtube.com/channel/UCy6ROEJ8mTbbV2oKou7adJg,2026-05-10T01:42:49.078Z,119.0,118.209,118.209
Finale,https://music.youtube.com/watch?v=Txy-_PXpQPM,Future World Music - Topic,https://www.youtube.com/channel/UCy6ROEJ8mTbbV2oKou7adJg,2026-05-10T01:39:28.816Z,201.0,200.262,200.262
Messengers of Destruction,https://music.youtube.com/watch?v=lYimhSGEWEA,Future World Music - Topic,https://www.youtube.com/channel/UCy6ROEJ8mTbbV2oKou7adJg,2026-05-10T01:36:35.362Z,174.0,173.454,173.454
World of Dreams,https://music.youtube.com/watch?v=qeWjtJJg3ME,Future World Music - Topic,https://www.youtube.com/channel/UCy6ROEJ8mTbbV2oKou7adJg,2026-05-10T01:33:48.108Z,168.0,167.254,167.254
Rise of the Machines,https://music.youtube.com/watch?v=FajOQnf_n2s,Future World Music - Topic,https://www.youtube.com/channel/UCy6ROEJ8mTbbV2oKou7adJg,2026-05-10T01:31:47.845Z,120.0,120.263,120.0
Leap of Faith,https://music.youtube.com/watch?v=4grq0eSBL6I,Future World Music - Topic,https://www.youtube.com/channel/UCy6ROEJ8mTbbV2oKou7adJg,2026-05-10T01:28:47.610Z,180.0,180.235,180.0
Gothic Messiah,https://music.youtube.com/watch?v=N8tUOQUHix8,Future World Music - Topic,https://www.youtube.com/channel/UCy6ROEJ8mTbbV2oKou7adJg,2026-05-10T01:26:17.388Z,151.0,150.222,150.222
Spiritual Awakening,https://music.youtube.com/watch?v=5meLyOqjLpU,Future World Music - Topic,https://www.youtube.com/channel/UCy6ROEJ8mTbbV2oKou7adJg,2026-05-10T01:23:38.751Z,159.0,158.637,158.637
Allegiance to the World,https://music.youtube.com/watch?v=dSD5RcyrwNI,Future World Music - Topic,https://www.youtube.com/channel/UCy6ROEJ8mTbbV2oKou7adJg,2026-05-10T01:20:18.485Z,201.0,200.266,200.266
Oceans of Time,https://music.youtube.com/watch?v=ILu875d6c3Q,Future World Music - Topic,https://www.youtube.com/channel/UCy6ROEJ8mTbbV2oKou7adJg,2026-05-10T01:17:23.262Z,175.0,175.223,175.0
Battle of Babylon,https://music.youtube.com/watch?v=KX9W1g_iRr0,Future World Music - Topic,https://www.youtube.com/channel/UCy6ROEJ8mTbbV2oKou7adJg,2026-05-10T01:13:53.019Z,211.0,210.243,210.243
Victory of Life,https://music.youtube.com/watch?v=Zqkk3cD-is0,Future World Music - Topic,https://www.youtube.com/channel/UCy6ROEJ8mTbbV2oKou7adJg,2026-05-10T01:11:02.777Z,171.0,170.242,170.242
A Hero Will Rise,https://music.youtube.com/watch?v=wyUek_WZWGA,Future World Music - Topic,https://www.youtube.com/channel/UCy6ROEJ8mTbbV2oKou7adJg,2026-05-10T01:07:10.554Z,233.0,232.223,232.223
Gods and Demons,https://music.youtube.com/watch?v=uRRzgemCFBs,Future World Music - Topic,https://www.youtube.com/channel/UCy6ROEJ8mTbbV2oKou7adJg,2026-05-10T01:04:45.290Z,146.0,145.264,145.264
Anthem of the World,https://music.youtube.com/watch?v=GzRCP5JVBl8,Future World Music - Topic,https://www.youtube.com/channel/UCy6ROEJ8mTbbV2oKou7adJg,2026-05-10T01:02:50.081Z,116.0,115.209,115.209
Passion of Victory,https://music.youtube.com/watch?v=pqdH-wI5IiY,Future World Music - Topic,https://www.youtube.com/channel/UCy6ROEJ8mTbbV2oKou7adJg,2026-05-10T01:00:29.825Z,141.0,140.256,140.256
Beautiful,https://music.youtube.com/watch?v=qskFkNKVkOs,Future World Music - Topic,https://www.youtube.com/channel/UCy6ROEJ8mTbbV2oKou7adJg,2026-05-10T00:57:47.932Z,130.0,161.893,130.0
Angels of Justice,https://music.youtube.com/watch?v=v4S8HlvhIVg,Future World Music - Topic,https://www.youtube.com/channel/UCy6ROEJ8mTbbV2oKou7adJg,2026-05-10T00:55:32.698Z,136.0,135.234,135.234
Turning of the Tides,https://music.youtube.com/watch?v=WtJ0NRk_T9M,Future World Music - Topic,https://www.youtube.com/channel/UCy6ROEJ8mTbbV2oKou7adJg,2026-05-10T00:53:21.017Z,132.0,131.681,131.681
Destroy and Conquer,https://music.youtube.com/watch?v=oaXO0LHAnTo,Future World Music - Topic,https://www.youtube.com/channel/UCy6ROEJ8mTbbV2oKou7adJg,2026-05-10T00:51:10.925Z,131.0,130.092,130.092
Millennium,https://music.youtube.com/watch?v=N0A49ddhrlw,Future World Music - Topic,https://www.youtube.com/channel/UCy6ROEJ8mTbbV2oKou7adJg,2026-05-10T00:48:10.576Z,181.0,180.349,180.349
The Devil's Waltz,https://music.youtube.com/watch?v=tzkkXSa28G0,Future World Music - Topic,https://www.youtube.com/channel/UCy6ROEJ8mTbbV2oKou7adJg,2026-05-10T00:45:20.016Z,171.0,170.56,170.56
"""The Longing"" - Patty Gurdy (Hurdy Gurdy Music)",https://www.youtube.com/watch?v=pyIXR3s8OtY,Patty Gurdy,https://www.youtube.com/channel/UCSEOK9G-A2oCyZwdGesCpIg,2026-05-09T21:49:53.484Z,211.0,10526.532,211.0
"Reverse Dance. Medieval Dance. Hurdy-Gurdy, Organ & Drum",https://www.youtube.com/watch?v=bvNZeh6f8vE,Andrey Vinogradov,https://www.youtube.com/channel/UCHXabV5Rpb189xfscq-zq7Q,2026-05-09T21:49:26.401Z,219.0,27.083,27.083
Inside of Me,https://music.youtube.com/watch?v=J4hvjOiB73s,Ashes Remain - Topic,https://www.youtube.com/channel/UCQ8Gcpkhkx7trdVqbXIExiw,2026-05-09T21:49:05.664Z,171.0,20.737,20.737
Take It Away,https://music.youtube.com/watch?v=MEor26ozJ_w,Ashes Remain - Topic,https://www.youtube.com/channel/UCQ8Gcpkhkx7trdVqbXIExiw,2026-05-09T21:46:25.191Z,161.0,160.473,160.473
Change My Life,https://music.youtube.com/watch?v=t117Kj631Z4,Ashes Remain - Topic,https://www.youtube.com/channel/UCQ8Gcpkhkx7trdVqbXIExiw,2026-05-09T21:43:25.502Z,180.0,179.689,179.689
Right Here,https://music.youtube.com/watch?v=XHIyDS4Ubj8,Ashes Remain - Topic,https://www.youtube.com/channel/UCQ8Gcpkhkx7trdVqbXIExiw,2026-05-09T21:40:33.948Z,172.0,171.554,171.554
End of Me,https://music.youtube.com/watch?v=riM8Hy75oq0,Ashes Remain - Topic,https://www.youtube.com/channel/UCQ8Gcpkhkx7trdVqbXIExiw,2026-05-09T21:37:43.295Z,171.0,170.653,170.653
Unbroken,https://music.youtube.com/watch?v=LbTAg9F-dpI,Ashes Remain - Topic,https://www.youtube.com/channel/UCQ8Gcpkhkx7trdVqbXIExiw,2026-05-09T21:34:35.055Z,188.0,188.24,188.0
Come Alive,https://music.youtube.com/watch?v=mO9EUKv6Rgs,Ashes Remain - Topic,https://www.youtube.com/channel/UCQ8Gcpkhkx7trdVqbXIExiw,2026-05-09T21:30:53.354Z,222.0,221.701,221.701
Without You,https://music.youtube.com/watch?v=e5Vam9KIMGE,Ashes Remain - Topic,https://www.youtube.com/channel/UCQ8Gcpkhkx7trdVqbXIExiw,2026-05-09T21:27:04.256Z,229.0,229.098,229.0
Everything Good,https://music.youtube.com/watch?v=LRLw0OaoXFY,Ashes Remain - Topic,https://www.youtube.com/channel/UCQ8Gcpkhkx7trdVqbXIExiw,2026-05-09T21:23:23.985Z,221.0,220.271,220.271
On My Own,https://music.youtube.com/watch?v=TyUQiNmNug0,Ashes Remain - Topic,https://www.youtube.com/channel/UCQ8Gcpkhkx7trdVqbXIExiw,2026-05-09T21:20:30.778Z,173.0,173.207,173.0
Keep Me Breathing,https://music.youtube.com/watch?v=iYz6i4dyHLk,Ashes Remain - Topic,https://www.youtube.com/channel/UCQ8Gcpkhkx7trdVqbXIExiw,2026-05-09T21:17:31.716Z,179.0,179.062,179.0
I Won't Run Away,https://music.youtube.com/watch?v=k8yPgJiOJr4,Ashes Remain - Topic,https://www.youtube.com/channel/UCQ8Gcpkhkx7trdVqbXIExiw,2026-05-09T21:14:11.074Z,201.0,200.642,200.642
You Never Personally Attack the Nice Witness. Here’s Why.,https://www.youtube.com/watch?v=y0LsRbdrkWY,J.D. - A Lawyer Explains,https://www.youtube.com/channel/UCp9Ta5CmQoTrS5C0mcKBQuQ,2026-05-09T03:35:11.970Z,1393.0,63539.104,1393.0
Supervising Atty Held Liable for AI Filing by Subordinate,https://www.youtube.com/watch?v=McpFimtdTD4,Steve Lehto,https://www.youtube.com/channel/UCMljRGC0eBJrxbUorWEnasg,2026-05-09T03:21:46.118Z,778.0,805.852,778.0
When Self Driving Vehicles Turned Criminal,https://www.youtube.com/watch?v=g3kovVEp8LM,wavywebsurf,https://www.youtube.com/channel/UCg4vDcovXPJTcTcYxQ9iCrw,2026-05-09T02:49:03.450Z,2055.0,1962.668,1962.668
"1000 Days Ago I Ordered an Ant Queen Online, THIS Happened",https://www.youtube.com/watch?v=qhU5ytN6QD4,Homemade Ecosystems,https://www.youtube.com/channel/UC-pg3pFDy7quyP4PZW8vT8w,2026-05-09T02:37:43.655Z,620.0,679.795,620.0
Kpop groups that may never regain their popularity #kpop #kpopidol #bts #twice #shorts #fyp #viral,https://www.youtube.com/watch?v=yxJu61PPgP8,Dolly,https://www.youtube.com/channel/UCs8HXak9cl-FW2Lw6LurAjg,2026-05-09T02:37:06.533Z,,37.122,37.122
My take on worst knee habits ⚠️ #kneepain #arthritis #cartilage #jointhealth #inflammation,https://www.youtube.com/watch?v=__Zzp2_zRtU,Dr. Ethan Kellum,https://www.youtube.com/channel/UCJRfZyJYiau0PRe56WOmzkw,2026-05-09T02:37:05.574Z,50.0,0.959,0.959
F250 VS Rubber Bands! #shorts #ford,https://www.youtube.com/watch?v=90T1egVYfPw,Miller Thriller Garage ,https://www.youtube.com/channel/UCWPgowY8PMOR4RP7DvM8E0w,2026-05-09T02:36:30.834Z,32.0,34.74,32.0
going goblin mode,https://www.youtube.com/watch?v=QhxZ2JujRLs,Daniel Thrasher,https://www.youtube.com/channel/UCnZx--LpG2spgmlxOcC-DRA,2026-05-09T02:36:25.028Z,25.0,5.806,5.806
A Tale of Rescue: A Mama Cat's Gratitude #rescue #heartwarming #lovestory #fyp #animalrescue #family,https://www.youtube.com/watch?v=TDQ5eGcJs9I,Heartfelt Rescues,https://www.youtube.com/channel/UCLSy5X9JULvsyOCyEN3tHxA,2026-05-09T02:36:20.706Z,59.0,4.322,4.322
Medieval people practiced biphasic sleep! Ever tried it? #history #art,https://www.youtube.com/watch?v=IdpnFPdPs_I,History by Mae,https://www.youtube.com/channel/UCANp2YejdjMHJ4rIuce93oA,2026-05-09T02:36:03.270Z,17.0,17.436,17.0
#lovestayus #kpopmusic #kpop #kpopskz #straykidsstay #skz #kpopsong #leeknow,https://www.youtube.com/watch?v=0PBbk-0k1Rk,SkyBlue26 ,https://www.youtube.com/channel/UCd0VWl2btv2tX7auWAVjxqg,2026-05-09T02:35:56.631Z,49.0,6.639,6.639
https://www.youtube.com/watch?v=BEFBzSM86zU,https://www.youtube.com/watch?v=BEFBzSM86zU,,,2026-05-09T02:35:55.288Z,,1.343,1.343
When summer hits Germany,https://www.youtube.com/watch?v=h7FKVRtCBO4,Uyen Ninh,https://www.youtube.com/channel/UC-uNVV92llYIMC5-ZUF0Q4w,2026-05-09T02:35:26.123Z,28.0,29.165,28.0
Proof that SKZ sing LIVE,https://www.youtube.com/watch?v=X04hZAPPedg,Ben Kim,https://www.youtube.com/channel/UCDWpwuM-24XmnhMeQ0MlsKQ,2026-05-09T02:35:22.441Z,42.0,3.682,3.682
Link in my profile to get this product 💌✨,https://www.youtube.com/watch?v=gMiVGN0NhVo,Flufflingss,https://www.youtube.com/channel/UCef_TcUYTJHUGOKyebCcg5A,2026-05-09T02:35:13.985Z,11.0,8.456,8.456
Wearing The LEAST METAL Shirts We Own,https://www.youtube.com/watch?v=cPZUCunuQfU,OPAL IN SKY,https://www.youtube.com/channel/UC0-jatkYdhpYn8BEJEGOKjQ,2026-05-09T02:34:24.538Z,49.0,49.447,49.0
https://www.youtube.com/watch?v=Xd3KMl1GifM,https://www.youtube.com/watch?v=Xd3KMl1GifM,,,2026-05-09T02:34:04.362Z,,20.176,20.176
POV: your brakes fail while exitingthe highway 😳 #carguy #cars #bmw,https://www.youtube.com/watch?v=ujZ45K3T19Q,Hydra,https://www.youtube.com/channel/UCzQ19RDyhaol1UG2Q2sL14A,2026-05-09T02:34:01.386Z,43.0,2.976,2.976
Patients and why they’re here! 🧡🐹 #veterinarian #exoticpets #exoticpetvets,https://www.youtube.com/watch?v=Vz8Xhx7vFOM,Exotic Pet Vets ,https://www.youtube.com/channel/UCOw1iKUawBXTW0MOg47lmew,2026-05-09T02:33:32.300Z,29.0,29.086,29.0
Ranking the Best Gaming Moments,https://www.youtube.com/watch?v=iRFydlMl0hY,Francel Gaming,https://www.youtube.com/channel/UCcoBOi9dXmEOZGg2JxPSqjw,2026-05-09T02:32:47.880Z,43.0,44.42,43.0
Funny 🦜 Moments,https://www.youtube.com/watch?v=RaX9PObGw0I,PurrErica,https://www.youtube.com/channel/UCF8exaMaGsD95-2kvOkRx7A,2026-05-09T02:32:46.241Z,27.0,1.639,1.639
Peanut Gets Jealous of Hutch's Food🍹,https://www.youtube.com/watch?v=YdAzE7mzF7Q,BurntPeanut Plus,https://www.youtube.com/channel/UC74KEURChn_U1yHURZ3SbHQ,2026-05-09T02:32:43.244Z,64.0,2.997,2.997
"""i don't think this is findable""",https://www.youtube.com/watch?v=NdzDFjKrYQw,rainbolt clips,https://www.youtube.com/channel/UC0lf2-Y3nb5AWnZqie268FQ,2026-05-09T02:32:38.298Z,32.0,4.946,4.946
Ranking Best Demolition Moments #asmr  #funny #odlysatisfying #satisfying #fyp,https://www.youtube.com/watch?v=TakuaTF93vo,Relaxing 1+1,https://www.youtube.com/channel/UCVbQ_j_1zmlfYJ3OVmFl_tw,2026-05-09T02:32:19.209Z,38.0,19.089,19.089
I Haven’t Been This Overwhelmed by a Vocal in a Long Time…,https://www.youtube.com/watch?v=XB2TUr9Pvys,Beth Roars,https://www.youtube.com/channel/UCnuvocMQ6Tr31nIDiNX7qTw,2026-05-09T02:32:01.728Z,34.0,17.481,17.481
Best Transition In Gaming History 💀 #shorts,https://www.youtube.com/watch?v=yqIbkGn990s,Carnage Respawn,https://www.youtube.com/channel/UCA1DGV0SDJIX3ZJXqUYy_Xg,2026-05-09T02:31:45.465Z,,16.263,16.263
Animals Before and After Getting Wet: Ranked Comparison#ranking #animals #funny #wet #animalsoft,https://www.youtube.com/watch?v=Yskb9okIc5Q,YaislyPet,https://www.youtube.com/channel/UCr6yjCb7QgMAZ4RmBP0_u9g,2026-05-09T02:31:23.461Z,61.0,22.004,22.004
You won’t stop laughing at these car stickers🤣 #funny #fyp #carstickers #bumpsticker #car,https://www.youtube.com/watch?v=j9Akwi36Nc4,Luminareth,https://www.youtube.com/channel/UC5x4RVJNDoABtrAK-fzQplw,2026-05-09T02:31:19.665Z,60.0,3.796,3.796
And they say robots are the future #whistlingdiesel #robot #clanker #fyp #lmao,https://www.youtube.com/watch?v=omblbEoNKu4,Laugh Loop,https://www.youtube.com/channel/UCRKlHcT_U4mlwaY2pD2hHww,2026-05-09T02:31:14.442Z,63.0,5.223,5.223
TOP 8 CAT MOMENTS,https://www.youtube.com/watch?v=L-UMgdqMWYU,JoyRanks,https://www.youtube.com/channel/UCvvwpCfO7aeXLEhB-mLvmVA,2026-05-09T02:31:12.196Z,37.0,2.246,2.246
Cat Mentality 🐈,https://www.youtube.com/watch?v=J289aG_CWnE,Funny Cats Time,https://www.youtube.com/channel/UCFWN4K4K9X0doYjtcyUzYdg,2026-05-09T02:31:01.226Z,68.0,10.97,10.97
Han jisung about sagging pants #straykids #kpopskz #kpop #skz #hanjisung,https://www.youtube.com/watch?v=4FkC3EW7sf4,ChaoticGenZ,https://www.youtube.com/channel/UCHvMolN_KrF5hDOpuUUw7uw,2026-05-09T02:30:58.346Z,6.0,2.88,2.88
#rainbolt #geoguessr #geoearth,https://www.youtube.com/watch?v=67_23KRhqyk,dailygeoguessr,https://www.youtube.com/channel/UCOMKT_Lg1O9J7cojObjjaMg,2026-05-09T02:30:01.252Z,56.0,57.094,56.0
I have like 40 of them… #fyp #nursingstudent #college #nursing,https://www.youtube.com/watch?v=fk9J0Ayoj6g,Doc Lam,https://www.youtube.com/channel/UCyLUnNvDQ_kk17XOQ3_5XtA,2026-05-09T02:29:54.768Z,6.0,6.484,6.0
nowhere on earth looks like this...,https://www.youtube.com/watch?v=mT3jZxzBewo,rainbolt clips,https://www.youtube.com/channel/UC0lf2-Y3nb5AWnZqie268FQ,2026-05-09T02:29:19.032Z,44.0,35.736,35.736
protect STRAYKIDS at any cost😡stays do something #straykids #protectidols,https://www.youtube.com/watch?v=PJQwII2zwrU, EiKotha:) ,https://www.youtube.com/channel/UC_7h5rQXrC2BP_Pc1WWc0Xw,2026-05-09T02:28:53.622Z,24.0,25.41,24.0
The Stray Kids Episode is here!!! #StrayKids #Stay #SKZ #KpopGroupsIDKAbout,https://www.youtube.com/watch?v=9oY-hoGangg,Janice,https://www.youtube.com/channel/UCvMlG915Zzw8cT3DJadPIXA,2026-05-09T02:28:50.197Z,179.0,3.425,3.425
These Cats Missed You 🐈,https://www.youtube.com/watch?v=thmQqpbQcRg,Fluffel,https://www.youtube.com/channel/UC7zDDueMZx4tUSa1EMbQEag,2026-05-09T02:28:19.428Z,29.0,30.769,29.0
The Horse Bred for Aura Farming!,https://www.youtube.com/watch?v=51vlNIz7eL4,Bob the Bear,https://www.youtube.com/channel/UCDNPs0HJyIfDizMmCyVL_wQ,2026-05-09T02:28:17.848Z,8.0,1.58,1.58
Bespoke Fedora hat for Sid Wilson from Slipknot. Handcrafted process from start to finish,https://www.youtube.com/watch?v=EZUx4YQtJ9E,Blade-Hats,https://www.youtube.com/channel/UCKC-kME6Nd1oCQyfgvxs8iA,2026-05-09T02:28:08.349Z,87.0,9.499,9.499
The last cat sound is hilarious 😭,https://www.youtube.com/watch?v=IUM4SGy5jnk,𝗙𝘂𝗿𝗦𝗰𝗼𝗿𝗲,https://www.youtube.com/channel/UCrUfTPf9ugGpaO1nCcWVFDg,2026-05-09T02:27:10.192Z,44.0,58.157,44.0
i cannot defend this...,https://www.youtube.com/watch?v=2pbRcdoxVKE,rainbolt clips,https://www.youtube.com/channel/UC0lf2-Y3nb5AWnZqie268FQ,2026-05-09T02:26:27.680Z,31.0,42.512,31.0
Real things I’ve heard as a firefighter. Some pranks don’t go the way you want them to #trunk #run,https://www.youtube.com/watch?v=F-PghmK0O4A,Fire Department Chronicles,https://www.youtube.com/channel/UCZbWCodPFwH2QQn772QnUxQ,2026-05-09T02:26:12.973Z,42.0,14.707,14.707
Ranking Smooth Like Butter Moments #skills #shorts #perfect,https://www.youtube.com/watch?v=pkc6KNwVYXM,Zyro ,https://www.youtube.com/channel/UCatTYVLPNnu7Ynf5ssZSdCw,2026-05-09T02:26:09.246Z,34.0,3.727,3.727
Part 20 | Never mix up number 3 and number 4...#britishhumour #britishpeople #uklife,https://www.youtube.com/watch?v=VTyeeogb0Iw,Freddie Allison,https://www.youtube.com/channel/UCCvQavUub8A0sNivcEWSZcQ,2026-05-09T02:25:50.259Z,47.0,18.987,18.987
This Cat Has Had Enough of Other Animals 😂🐱#FunnyCat#CatLife#Shorts#CatReaction#foryoupage,https://www.youtube.com/watch?v=HDjTLEqWa7k,No Chill Dogs,https://www.youtube.com/channel/UCS6ver33uJpejxchFwsJBdw,2026-05-09T02:25:25.428Z,64.0,24.831,24.831
Err hehe? Silver :33 #crochet #painting #mask #furry #antizoo,https://www.youtube.com/watch?v=RceMdth5KoI,Short_Fox,https://www.youtube.com/channel/UCNDoQSXkLz0IOdKiG6zWoaw,2026-05-09T02:25:21.113Z,10.0,4.315,4.315
Chan ripped his pants #bangchan #bangchanstraykids #bangchanskz #straykids #skz,https://www.youtube.com/watch?v=C_8khzRJQmA,BANG CHAN,https://www.youtube.com/channel/UCmEoXN2Fg5mlSWJrCgyjA4Q,2026-05-09T02:25:08.723Z,59.0,12.39,12.39
Seal Trouble：Neil's at It Again!#funny #animallife #animals #funnyanimal #seal #sealife #seals,https://www.youtube.com/watch?v=P5Iz5sZFs18,Pet.mp4,https://www.youtube.com/channel/UCTGTXJT5Sucp44tjXkhTmWw,2026-05-09T02:24:30.496Z,60.0,38.227,38.227
The font! #baddesign #funny #food #ohno #wtf,https://www.youtube.com/watch?v=irz_vV2MajE,Refashioned Hippie,https://www.youtube.com/channel/UCxetrH881m7SQKN7AviaARQ,2026-05-09T02:24:25.452Z,51.0,5.044,5.044
🐱🐽건조해서 그런가 코 막혀.. 킁카 #고양이 #cat #고양이일상,https://www.youtube.com/watch?v=pYzH8iaRQRE,김호섭 Hoseob,https://www.youtube.com/channel/UCJtYTtTSSD430X3VygOqxhg,2026-05-09T02:24:16.231Z,6.0,9.221,6.0
Discription 👇😵 #space #astrology #astronomy #sun #cosmos,https://www.youtube.com/watch?v=_R6gplhRt38,Space of Cosmos,https://www.youtube.com/channel/UCrOdZD4sSy0B-hhrCuN8Qkw,2026-05-09T02:24:13.297Z,20.0,2.934,2.934
rainbolt recognized the laundry,https://www.youtube.com/watch?v=fgqdoLUsIhk,rainbolt clips,https://www.youtube.com/channel/UC0lf2-Y3nb5AWnZqie268FQ,2026-05-09T02:23:54.508Z,18.0,18.789,18.0
Bang Chan Mistakes #bangchan #bangchanstraykids #bangchanskz #straykids #skz,https://www.youtube.com/watch?v=f1AXBOyGxaw,BANG CHAN,https://www.youtube.com/channel/UCmEoXN2Fg5mlSWJrCgyjA4Q,2026-05-09T02:23:25.526Z,53.0,28.982,28.982
How we restore our coral reefs ^^^,https://www.youtube.com/watch?v=hjCndhpZku0,OCEAN CULTURE,https://www.youtube.com/channel/UCx6ONLn9Tnzi_By3Helya8Q,2026-05-09T02:23:20.929Z,23.0,4.597,4.597
Angel of the Dark,https://music.youtube.com/watch?v=dJy0y1RVH4k,Aviators - Topic,https://www.youtube.com/channel/UClczTKc98-QqAf7OHjh7Jrg,2026-05-09T01:23:57.484Z,394.0,3563.445,394.0
Painted Ashes (Overture),https://music.youtube.com/watch?v=Vedd3L9okuE,Aviators - Topic,https://www.youtube.com/channel/UClczTKc98-QqAf7OHjh7Jrg,2026-05-09T01:21:36.984Z,141.0,140.5,140.5
Soldier of Heaven,https://music.youtube.com/watch?v=yVFeWrEqDnM,Sabaton - Topic,https://www.youtube.com/channel/UCxJrBLPnyUIt6K33m9ZcsqA,2026-05-09T01:14:38.030Z,218.0,418.954,218.0
1916,https://music.youtube.com/watch?v=Li_j5Y8PjJs,Sabaton - Topic,https://www.youtube.com/channel/UCxJrBLPnyUIt6K33m9ZcsqA,2026-05-09T01:11:00.786Z,217.0,217.244,217.0
특 S-Class,https://music.youtube.com/watch?v=_M409k9cOcg,Stray Kids - Topic,https://www.youtube.com/channel/UCIMmuidNJdncfMEelOU08Fg,2026-05-09T00:40:30.991Z,196.0,1829.795,196.0
CEREMONY,https://music.youtube.com/watch?v=p2AP0yKIlx4,Stray Kids - Topic,https://www.youtube.com/channel/UCIMmuidNJdncfMEelOU08Fg,2026-05-09T00:37:46.755Z,165.0,164.236,164.236
Railway (방찬) Railway (Bang Chan),https://music.youtube.com/watch?v=8Go0B7mNcsU,Stray Kids - Topic,https://www.youtube.com/channel/UCIMmuidNJdncfMEelOU08Fg,2026-05-09T00:34:52.952Z,174.0,173.803,173.803
ESCAPE (방찬 & 현진) ESCAPE (Bang Chan & Hyunjin),https://music.youtube.com/watch?v=htzD7Piqnp8,Stray Kids - Topic,https://www.youtube.com/channel/UCIMmuidNJdncfMEelOU08Fg,2026-05-09T00:31:41.560Z,192.0,191.392,191.392
거미줄 VENOM,https://music.youtube.com/watch?v=ngBk3v4FWTM,Stray Kids - Topic,https://www.youtube.com/channel/UCIMmuidNJdncfMEelOU08Fg,2026-05-09T00:28:26.242Z,195.0,195.318,195.0
Stray Kids,https://music.youtube.com/watch?v=2FBBl7e18qM,Stray Kids - Topic,https://www.youtube.com/channel/UCIMmuidNJdncfMEelOU08Fg,2026-05-09T00:25:16.706Z,190.0,189.536,189.536
0801,https://music.youtube.com/watch?v=e-GNJiLFj6Q,Stray Kids - Topic,https://www.youtube.com/channel/UCIMmuidNJdncfMEelOU08Fg,2026-05-09T00:21:52.271Z,205.0,204.435,204.435
MEGAVERSE,https://music.youtube.com/watch?v=7-X_7Tk0wXI,Stray Kids - Topic,https://www.youtube.com/channel/UCIMmuidNJdncfMEelOU08Fg,2026-05-09T00:18:46.232Z,186.0,186.039,186.0
TOPLINE (Feat. Tiger JK),https://music.youtube.com/watch?v=PiE6xDpbAjU,Stray Kids - Topic,https://www.youtube.com/channel/UCIMmuidNJdncfMEelOU08Fg,2026-05-09T00:15:22.216Z,204.0,204.016,204.0
Charmer,https://music.youtube.com/watch?v=BCZE-44jp_I,Stray Kids - Topic,https://www.youtube.com/channel/UCIMmuidNJdncfMEelOU08Fg,2026-05-09T00:12:13.201Z,189.0,189.015,189.0
CASE 143,https://music.youtube.com/watch?v=ZeIneYtQ1rw,Stray Kids - Topic,https://www.youtube.com/channel/UCIMmuidNJdncfMEelOU08Fg,2026-05-09T00:05:58.073Z,192.0,375.128,192.0
MANIAC,https://music.youtube.com/watch?v=VG4lpTHuytc,Stray Kids - Topic,https://www.youtube.com/channel/UCIMmuidNJdncfMEelOU08Fg,2026-05-09T00:02:54.871Z,183.0,183.202,183.0
Chk Chk Boom,https://music.youtube.com/watch?v=eNPmM1DJQ8g,Stray Kids - Topic,https://www.youtube.com/channel/UCIMmuidNJdncfMEelOU08Fg,2026-05-09T00:00:26.306Z,149.0,148.565,148.565
THE SOUND,https://music.youtube.com/watch?v=Y2Hp-EMOZH8,Stray Kids - Topic,https://www.youtube.com/channel/UCIMmuidNJdncfMEelOU08Fg,2026-05-08T23:57:25.163Z,181.0,181.143,181.0
Do It,https://music.youtube.com/watch?v=R2tBQp3LiAE,Stray Kids - Topic,https://www.youtube.com/channel/UCIMmuidNJdncfMEelOU08Fg,2026-05-08T23:54:45.667Z,159.0,159.496,159.0
"강박 (방찬, 현진) Red Lights (Bang Chan, Hyunjin)",https://music.youtube.com/watch?v=AOwyd6l8KvM,Stray Kids - Topic,https://www.youtube.com/channel/UCIMmuidNJdncfMEelOU08Fg,2026-05-08T23:51:35.286Z,190.0,190.381,190.0
락 (樂) LALALALA,https://music.youtube.com/watch?v=HNcmCKTWd6w,Stray Kids - Topic,https://www.youtube.com/channel/UCIMmuidNJdncfMEelOU08Fg,2026-05-08T23:49:43.151Z,183.0,112.135,112.135
A Hero Will Rise,https://music.youtube.com/watch?v=wyUek_WZWGA,Future World Music - Topic,https://www.youtube.com/channel/UCy6ROEJ8mTbbV2oKou7adJg,2026-05-08T14:31:56.855Z,233.0,33466.296,233.0
Gods and Demons,https://music.youtube.com/watch?v=uRRzgemCFBs,Future World Music - Topic,https://www.youtube.com/channel/UCy6ROEJ8mTbbV2oKou7adJg,2026-05-08T14:29:31.602Z,146.0,145.253,145.253
Anthem of the World,https://music.youtube.com/watch?v=GzRCP5JVBl8,Future World Music - Topic,https://www.youtube.com/channel/UCy6ROEJ8mTbbV2oKou7adJg,2026-05-08T14:27:36.393Z,116.0,115.209,115.209
Passion of Victory,https://music.youtube.com/watch?v=pqdH-wI5IiY,Future World Music - Topic,https://www.youtube.com/channel/UCy6ROEJ8mTbbV2oKou7adJg,2026-05-08T14:25:16.143Z,141.0,140.25,140.25
Beautiful,https://music.youtube.com/watch?v=qskFkNKVkOs,Future World Music - Topic,https://www.youtube.com/channel/UCy6ROEJ8mTbbV2oKou7adJg,2026-05-08T14:23:05.917Z,130.0,130.226,130.0
Angels of Justice,https://music.youtube.com/watch?v=v4S8HlvhIVg,Future World Music - Topic,https://www.youtube.com/channel/UCy6ROEJ8mTbbV2oKou7adJg,2026-05-08T14:20:50.928Z,136.0,134.989,134.989
Turning of the Tides,https://music.youtube.com/watch?v=WtJ0NRk_T9M,Future World Music - Topic,https://www.youtube.com/channel/UCy6ROEJ8mTbbV2oKou7adJg,2026-05-08T14:18:39Z,132.0,131.928,131.928
Destroy and Conquer,https://music.youtube.com/watch?v=oaXO0LHAnTo,Future World Music - Topic,https://www.youtube.com/channel/UCy6ROEJ8mTbbV2oKou7adJg,2026-05-08T14:16:28.875Z,131.0,130.125,130.125
Millennium,https://music.youtube.com/watch?v=N0A49ddhrlw,Future World Music - Topic,https://www.youtube.com/channel/UCy6ROEJ8mTbbV2oKou7adJg,2026-05-08T14:13:28.747Z,181.0,180.128,180.128
The Devil's Waltz,https://music.youtube.com/watch?v=tzkkXSa28G0,Future World Music - Topic,https://www.youtube.com/channel/UCy6ROEJ8mTbbV2oKou7adJg,2026-05-08T14:10:37.951Z,171.0,170.796,170.796
Heavy Static,https://music.youtube.com/watch?v=pEQa0SzGgmk,Future World Music - Topic,https://www.youtube.com/channel/UCy6ROEJ8mTbbV2oKou7adJg,2026-05-08T14:07:57.504Z,161.0,160.447,160.447
Wrath of the Gods,https://music.youtube.com/watch?v=5z9RZMP_DGE,Future World Music - Topic,https://www.youtube.com/channel/UCy6ROEJ8mTbbV2oKou7adJg,2026-05-08T14:05:21.996Z,156.0,155.508,155.508
Until Justice Prevails,https://music.youtube.com/watch?v=4ayk089QYB8,Future World Music - Topic,https://www.youtube.com/channel/UCy6ROEJ8mTbbV2oKou7adJg,2026-05-08T14:02:58.663Z,144.0,143.333,143.333
With Great Power,https://music.youtube.com/watch?v=Fff3L3RGyoc,Future World Music - Topic,https://www.youtube.com/channel/UCy6ROEJ8mTbbV2oKou7adJg,2026-05-08T14:00:00.191Z,179.0,178.472,178.472
Attack of the Titans,https://music.youtube.com/watch?v=BTQqWvQurRE,Future World Music - Topic,https://www.youtube.com/channel/UCy6ROEJ8mTbbV2oKou7adJg,2026-05-08T13:57:52.945Z,128.0,127.246,127.246
Dominion,https://music.youtube.com/watch?v=tzKHyLhgQ5w,Future World Music - Topic,https://www.youtube.com/channel/UCy6ROEJ8mTbbV2oKou7adJg,2026-05-08T13:55:01.922Z,171.0,171.023,171.0
Glorious Adventure,https://music.youtube.com/watch?v=eOyqX0bqS0E,Future World Music - Topic,https://www.youtube.com/channel/UCy6ROEJ8mTbbV2oKou7adJg,2026-05-08T13:53:03.706Z,119.0,118.216,118.216
Finale,https://music.youtube.com/watch?v=Txy-_PXpQPM,Future World Music - Topic,https://www.youtube.com/channel/UCy6ROEJ8mTbbV2oKou7adJg,2026-05-08T13:49:43.400Z,201.0,200.306,200.306
Messengers of Destruction,https://music.youtube.com/watch?v=lYimhSGEWEA,Future World Music - Topic,https://www.youtube.com/channel/UCy6ROEJ8mTbbV2oKou7adJg,2026-05-08T13:46:49.921Z,174.0,173.479,173.479
World of Dreams,https://music.youtube.com/watch?v=qeWjtJJg3ME,Future World Music - Topic,https://www.youtube.com/channel/UCy6ROEJ8mTbbV2oKou7adJg,2026-05-08T13:44:02.656Z,168.0,167.265,167.265
Rise of the Machines,https://music.youtube.com/watch?v=FajOQnf_n2s,Future World Music - Topic,https://www.youtube.com/channel/UCy6ROEJ8mTbbV2oKou7adJg,2026-05-08T13:42:02.413Z,120.0,120.243,120.0
Leap of Faith,https://music.youtube.com/watch?v=4grq0eSBL6I,Future World Music - Topic,https://www.youtube.com/channel/UCy6ROEJ8mTbbV2oKou7adJg,2026-05-08T13:39:02.181Z,180.0,180.232,180.0
Gothic Messiah,https://music.youtube.com/watch?v=N8tUOQUHix8,Future World Music - Topic,https://www.youtube.com/channel/UCy6ROEJ8mTbbV2oKou7adJg,2026-05-08T13:36:31.922Z,151.0,150.259,150.259
Spiritual Awakening,https://music.youtube.com/watch?v=5meLyOqjLpU,Future World Music - Topic,https://www.youtube.com/channel/UCy6ROEJ8mTbbV2oKou7adJg,2026-05-08T13:33:53.248Z,159.0,158.674,158.674
Allegiance to the World,https://music.youtube.com/watch?v=dSD5RcyrwNI,Future World Music - Topic,https://www.youtube.com/channel/UCy6ROEJ8mTbbV2oKou7adJg,2026-05-08T13:30:33.002Z,201.0,200.246,200.246
Oceans of Time,https://music.youtube.com/watch?v=ILu875d6c3Q,Future World Music - Topic,https://www.youtube.com/channel/UCy6ROEJ8mTbbV2oKou7adJg,2026-05-08T13:27:37.735Z,175.0,175.267,175.0
Battle of Babylon,https://music.youtube.com/watch?v=KX9W1g_iRr0,Future World Music - Topic,https://www.youtube.com/channel/UCy6ROEJ8mTbbV2oKou7adJg,2026-05-08T13:24:07.482Z,211.0,210.253,210.253
Victory of Life,https://music.youtube.com/watch?v=Zqkk3cD-is0,Future World Music - Topic,https://www.youtube.com/channel/UCy6ROEJ8mTbbV2oKou7adJg,2026-05-08T13:21:17.277Z,171.0,170.205,170.205
He is iconic for this #bangchan #bangchanstraykids #bangchanskz #straykids #skz,https://www.youtube.com/watch?v=j-yiwGGQ6u0,BANG CHAN,https://www.youtube.com/channel/UCmEoXN2Fg5mlSWJrCgyjA4Q,2026-05-08T03:58:55.985Z,15.0,33741.292,15.0
I still don’t know how they chose their leader but she led well I’ll tell ya that LOL #storytime,https://www.youtube.com/watch?v=SW-uUeB53qE,LiveLaughMo,https://www.youtube.com/channel/UCiyK_5SFoQPhiRwzfpRyzqA,2026-05-08T03:58:30.294Z,26.0,25.691,25.691
Oy my Hyunlix 😭🫂 #hyunlix #hyunjin #felix #hyunlixedit,https://www.youtube.com/watch?v=7C1MJea0kqs,Skz Edit Video ( Second channel ),https://www.youtube.com/channel/UCFfbmLy8cFjPtvLzTTTlxMQ,2026-05-08T03:58:12.374Z,17.0,17.92,17.0
Babywearing = first intervention?,https://www.youtube.com/watch?v=t4HZHZbMZ1E,Greta Culbreath,https://www.youtube.com/channel/UCNfToUEAYqFinYd1SWFaVTw,2026-05-08T03:57:54.277Z,18.0,18.097,18.0
Tiger Shark Chasing Me🫣 #shark #sharks #tigershark #sharkdiving 📷: mermaid.kayleigh,https://www.youtube.com/watch?v=y9jwa7f1icw,Andriana_Marine,https://www.youtube.com/channel/UCA2Zm1GXIxP3iVF18UD8k8w,2026-05-08T03:57:45.390Z,61.0,8.887,8.887
Biker Helps Poor Puppy 😊,https://www.youtube.com/watch?v=8fEUdRy6JjQ,Street Moto,https://www.youtube.com/channel/UCu5SARyczuzE6DcjVEtdKDQ,2026-05-08T03:57:32.800Z,23.0,12.59,12.59
Sit down without bending your legs 😂,https://www.youtube.com/watch?v=gX9YC_xGZoY,Drew Dirksen Shorts,https://www.youtube.com/channel/UCOElkgjlx5YCLn1rbqgfh8g,2026-05-08T03:57:08.677Z,24.0,24.123,24.0
Moving a photo in microsoft word,https://www.youtube.com/watch?v=zLoGGJPF2sk,Jess and Quinn,https://www.youtube.com/channel/UCaUyvfNFp-0Na9OcZ2V6CQA,2026-05-08T03:57:01.734Z,8.0,6.943,6.943
Tommy the octopus opens a red jar!,https://www.youtube.com/watch?v=LUiyke2CELk,JBToday,https://www.youtube.com/channel/UCdKTTwiMJmI5f6wyz0TWFgA,2026-05-08T03:56:40.284Z,46.0,21.45,21.45
Spikey profiles of autism🧠🧐,https://www.youtube.com/watch?v=rojC15gXzSk,Morgan Foley,https://www.youtube.com/channel/UCBPQEmXGMQ94cVvWwNaJYvA,2026-05-08T03:56:15.916Z,38.0,24.368,24.368
HIDEO KOJIMA and A METAL GEAR SOLID RISING???? #kojima #metalgearsolid #metalgearrising,https://www.youtube.com/watch?v=kprefsSrSC0,Akihito,https://www.youtube.com/channel/UC4SNd_MqtrdD1cSWpDKyIrQ,2026-05-08T03:56:04.016Z,11.0,11.9,11.0
Real things I’ve heard as a Paramedic. The math wasn’t mathin. #ems #soap #shower,https://www.youtube.com/watch?v=z42ltXJBakI,Fire Department Chronicles,https://www.youtube.com/channel/UCZbWCodPFwH2QQn772QnUxQ,2026-05-08T03:56:01.559Z,38.0,2.457,2.457
Never Forget The Trenches,https://www.youtube.com/watch?v=h8hH-nTOnfo,Danny Phantom exe (Dannyphantom.exe),https://www.youtube.com/channel/UCEUchVc4O_OnmPIaWv6MJ6A,2026-05-08T03:55:52.791Z,8.0,8.768,8.0
What is this tablecloth made from? #history #art,https://www.youtube.com/watch?v=47Mqdid63rs,History by Mae,https://www.youtube.com/channel/UCANp2YejdjMHJ4rIuce93oA,2026-05-08T03:55:20.771Z,16.0,32.02,16.0
this looks so fake,https://www.youtube.com/watch?v=yxgEFdz1_b4,rainbolt clips,https://www.youtube.com/channel/UC0lf2-Y3nb5AWnZqie268FQ,2026-05-08T03:54:30.797Z,31.0,49.974,31.0
This one was a struggle…💜 #jellycake #demolding #satisfying,https://www.youtube.com/watch?v=0MdvU_4p_vc,sweetzori,https://www.youtube.com/channel/UCVGWXBZjGohqhoHncdCdP3Q,2026-05-08T03:54:06.921Z,26.0,23.876,23.876
The youngest designer ever #fashion #model #runway,https://www.youtube.com/watch?v=3EYECVwTVE0,Runzi,https://www.youtube.com/channel/UC2CDMejwwS4PqEmkXglD_AQ,2026-05-08T03:53:52.195Z,16.0,14.726,14.726
RAW EGG PEELING LIVE,https://www.youtube.com/watch?v=Nx9XegQHYd4,SACHI TV,https://www.youtube.com/channel/UCjvjMwsnG0ELuY8gmhApO5w,2026-05-08T03:53:47.043Z,13575.0,5.152,5.152
"관리💕고객님 요즘 많이 바쁘셨어요? 발톱도 많이 자라고, 젤리도 거치네 #cat #고양이일상",https://www.youtube.com/watch?v=Lh5uLwg83Og,김호섭 Hoseob,https://www.youtube.com/channel/UCJtYTtTSSD430X3VygOqxhg,2026-05-08T03:53:18.304Z,27.0,28.739,27.0
#stitch with @gabytheepic i teaching holding chopsticks 101 🥳 #chopsticks #sushi,https://www.youtube.com/watch?v=a74AlZ6QpMI,YoLeendaDong,https://www.youtube.com/channel/UCmOsCOsDjsOEkvx_GXMw5mQ,2026-05-08T03:53:05.085Z,30.0,13.219,13.219
falling thru the hole looks crazy!,https://www.youtube.com/watch?v=2MLx5DE1nHc,Justin Flom,https://www.youtube.com/channel/UCb9A6uotqUiuVCvVp4GMqOg,2026-05-08T03:53:03.732Z,14.0,1.353,1.353
When guys dress “Smart Casual” 😎👍 #comedy #couples #relationship #british #relatable #sketch #lol,https://www.youtube.com/watch?v=CttsgCSt9hg,Sam Cornforth,https://www.youtube.com/channel/UC58znoFTA2_8qnXIkOC75JQ,2026-05-08T03:52:26.232Z,49.0,37.5,37.5
Extra Curly ✅,https://www.youtube.com/watch?v=G7vV7nNooFk,Tyler The Balloon Guy,https://www.youtube.com/channel/UCcs7-g6beTbHnnKMyNQ0vuA,2026-05-08T03:52:18.406Z,28.0,7.826,7.826
The shirt gave it away,https://www.youtube.com/watch?v=I4u6oI-bAgY,Cam Hazelton,https://www.youtube.com/channel/UCZZHzfuWtw481sa2UzNOFeQ,2026-05-08T03:52:09.443Z,30.0,8.963,8.963
Daily pill dispenser! #3dprinting #3dprinted #3dprint #anycubic #anycubics1maxcombo,https://www.youtube.com/watch?v=5AHz84iHQfw,AF Inventions,https://www.youtube.com/channel/UCNfJHlIiVRiVrRAJJ7AaA2Q,2026-05-08T03:51:57.435Z,21.0,12.008,12.008
if women don’t lower their standards,https://www.youtube.com/watch?v=jU5kNylnWo8,Chana | the cozy corner,https://www.youtube.com/channel/UCL12Q0hEE_Y_0MCFb8GDO0w,2026-05-08T03:51:54.093Z,24.0,3.342,3.342
Things I say as a Festival Medic,https://www.youtube.com/watch?v=U0jqAKB1CPs,Electric Medic,https://www.youtube.com/channel/UCP9EIANy1tgS9yMn_Vmthsg,2026-05-08T03:51:47.427Z,60.0,6.666,6.666
Kpop idols after CONTRACT ENDS??,https://www.youtube.com/watch?v=7_9ZJ9Ygy7c,Chiam Time ,https://www.youtube.com/channel/UCF9BN3uIfdmVd3tHWPfBPlw,2026-05-08T03:50:42.530Z,21.0,64.897,21.0
Been loving all of your suggestions to get rid of the smell! #airbnb #cleaning,https://www.youtube.com/watch?v=Fe-Jd-rEdi0,Emmeworks,https://www.youtube.com/channel/UCA2gjM-sXLIqkuAigP9KUkA,2026-05-08T03:50:38.056Z,62.0,4.474,4.474
He’s a father figure,https://www.youtube.com/watch?v=8xkw6_yjj7E,Misscarriejune,https://www.youtube.com/channel/UC3C0ry83lWIVWsAyMaK-OcQ,2026-05-08T03:50:29.322Z,41.0,8.734,8.734
𝑯𝑨𝑵 𝒇𝒐𝒍𝒍𝒐𝒘𝒊𝒏𝒈 𝒕𝒉𝒆 𝒕𝒓𝒆𝒏𝒅 𝑲𝒏𝒐𝒄𝒌 𝑲𝒏𝒐𝒄𝒌. 🕶️🐿️❤️ #StrayKids #스트레이키즈 #HAN #YouMakeStrayKids,https://www.youtube.com/watch?v=pDJhRm4Jv_8,Karolina,https://www.youtube.com/channel/UC40FYNyoIclt5LRXe1UHcww,2026-05-08T03:50:23.551Z,15.0,5.771,5.771
"Victorian Era Bad Ideas, Checkerberry Lozenges #nopestalgia #victorianfacts   #history",https://www.youtube.com/watch?v=4hzSyj9oC9Y,Glanmore National Historic Site of Canada,https://www.youtube.com/channel/UCdq9k5yt1Zs3IJjZ5bdMUlw,2026-05-08T03:50:01.993Z,21.0,21.558,21.0
LEVELS OF SHARPNESS - YOSHIKANE #shorts,https://www.youtube.com/watch?v=Q87OMrcGCR0,Sharp Knife Shop,https://www.youtube.com/channel/UCbyjrEYO7vULRXDVL_2uaEw,2026-05-08T03:49:52.414Z,39.0,9.579,9.579
Why are skin cancer scars so big?#dermatologist #skincancer,https://www.youtube.com/watch?v=ga3vWSFBOtA,Dr. Danny Guo,https://www.youtube.com/channel/UCoJvgRhMLueMGbR98oGyLbg,2026-05-08T03:49:08.531Z,55.0,43.883,43.883
#homeless #nomad #travel #curlyhair #curls,https://www.youtube.com/watch?v=TbBlWa0NY6c,Nova Black,https://www.youtube.com/channel/UCFsMQtazib0sG_HH4b5eWbA,2026-05-08T03:48:53.215Z,65.0,15.316,15.316
The future of fabric. 3D PRINTED,https://www.youtube.com/watch?v=dPJ-m3B_2sM,The 3D Wizard,https://www.youtube.com/channel/UCeQlCtS-jz9cp_4kjEVgwoA,2026-05-08T03:48:35.334Z,17.0,17.881,17.0
"new toaster, same debate 😭 #cultureshock #internationalcouple #northernireland #livingabroad #fyp",https://www.youtube.com/watch?v=EI8lfSYxiI4,Miranda Johnston,https://www.youtube.com/channel/UCH7oJl0B0UJvBnXwk8j3LSA,2026-05-08T03:48:20.454Z,14.0,14.88,14.0
3.7M Views 😱 Amazing Fish Cutting Skills 🐟🔪 BD Fish Market Live,https://www.youtube.com/watch?v=W9uEUAfb3-I,Fish Blogger Nazmul,https://www.youtube.com/channel/UCXG8Gmkhj_33JKV9LtN5unw,2026-05-08T03:48:15.509Z,15966.0,4.945,4.945
Real things I’ve seen as a Paramedic. This dude was hyped up. #ems #toaster #school,https://www.youtube.com/watch?v=8i4FyeDpwLM,Fire Department Chronicles,https://www.youtube.com/channel/UCZbWCodPFwH2QQn772QnUxQ,2026-05-08T03:48:06.135Z,34.0,9.374,9.374
Meanwhile I can't even stretch properly💔🤧#jeongin #straykids #skz #kpop #kpopfypシ #shorts #funny,https://www.youtube.com/watch?v=ypEwSKog6tg,Blaq dhymund 😮‍💨,https://www.youtube.com/channel/UCzwVJGANyGoHCCRbFdiRWug,2026-05-08T03:48:04.046Z,13.0,2.089,2.089
Pool about to overflow here is a hacked way to do it🌊,https://www.youtube.com/watch?v=6-36z8spEwk,1Pac2 Dave,https://www.youtube.com/channel/UCy631ajlMkGhmVguzPeZyZw,2026-05-08T03:47:32.805Z,,31.241,31.241
10 years old designer with fabric dress 😱 #trending #fashion #model #ripgigi #shorts,https://www.youtube.com/watch?v=CJrRwOmkjiU,FASHION ICON ,https://www.youtube.com/channel/UC7h5hG596KQqNbNKaMb4hmg,2026-05-08T03:47:02.315Z,18.0,30.49,18.0
How Paramedics enter the ER,https://www.youtube.com/watch?v=kMD2ZlLb5PE,Electric Medic,https://www.youtube.com/channel/UCP9EIANy1tgS9yMn_Vmthsg,2026-05-08T03:46:21.312Z,37.0,41.003,37.0
Turning Her Parents’ Rings Into a Memorial Pendant,https://www.youtube.com/watch?v=tm6P0KoFDns,Massoyan Jewelers,https://www.youtube.com/channel/UCX_kOlX9HLzihXlCkrZnmvA,2026-05-08T03:46:18.496Z,61.0,2.816,2.816
3AM btw #cat #kitty #kitten #funnycats @jasnbee,https://www.youtube.com/watch?v=7yWHcVmwSPk,Recent Cat,https://www.youtube.com/channel/UCv7LWqNHDSIswRR3GODzf8w,2026-05-08T03:46:10.960Z,30.0,7.536,7.536
I tried to negotiate my salary #salary #corporate #jobapplication #careersearch #jobinterviewtips,https://www.youtube.com/watch?v=3I3ZHiAKtG8,Ava ,https://www.youtube.com/channel/UCBtB0jOsTsh0yAoKnd8JdUg,2026-05-08T03:46:02.597Z,72.0,8.363,8.363
Save this for the next time you’re feeling crafty 🧶✂️🎨🧵🪡,https://www.youtube.com/watch?v=ApP6L2a9pA0,Cassandra Evans,https://www.youtube.com/channel/UC00v33mwUK8QMjkM8Pq7l1g,2026-05-08T03:45:51.928Z,24.0,10.669,10.669
JUNGKOOK DANCED TO MY SONG,https://www.youtube.com/watch?v=kjaQ0GCp0hA,bbno$,https://www.youtube.com/channel/UCC8FSfSnbjiZ6vGr68ZLtzg,2026-05-08T03:45:50.015Z,23.0,1.913,1.913
stray kids' bang chan showing love to babymonster. #kpop #straykids,https://www.youtube.com/watch?v=Q2liSogbyDA,Kloop Life,https://www.youtube.com/channel/UCLo2kGGW_wFstgpxmF2bwwA,2026-05-08T03:45:47.573Z,13.0,2.442,2.442
"Victorian women weren’t smaller, you’ve just been looking at teenagers clothing",https://www.youtube.com/watch?v=Y7RfNDV5Xn4,CinchandCharm,https://www.youtube.com/channel/UCeflGZAZUzr14Xl9HUYxFuQ,2026-05-08T03:45:35.535Z,20.0,12.038,12.038
Asking dental students what dental term they would name their child🦷🤣 #dentalstudent #dentalschool,https://www.youtube.com/watch?v=LglgDXAM7Fo,Dr. Sabrina,https://www.youtube.com/channel/UCBsLFSH-f3lsOJEJM9cPW_g,2026-05-08T03:44:48.236Z,44.0,47.299,44.0
BTS BODY TO BODY ARIRANG LYRICS TRANSLATION #bts #arirang #lyrics,https://www.youtube.com/watch?v=tsSgB3jJFlA,chuskorean,https://www.youtube.com/channel/UCkcF_QOhftmDXuSs5DA367Q,2026-05-08T03:44:46.296Z,33.0,1.94,1.94
3 breakables for stage and film #props #siliglass #breakaway #glass,https://www.youtube.com/watch?v=oTsZb0-HmXk,Gothorella,https://www.youtube.com/channel/UC8m0KzRHK0bduLiOXdF4FuA,2026-05-08T03:44:08.394Z,27.0,37.902,27.0
Inside Korea’s Oldest Handmade Shoe Workshop,https://www.youtube.com/watch?v=kHpDSeG2vF4,Process Power,https://www.youtube.com/channel/UCfTp7Xcw0r-QhHccFXpTUCg,2026-05-08T03:44:02.038Z,180.0,6.356,6.356
Is it a hack… or just the right way to do it? 🤔 #problemsolved #cleaning #cleaningtips,https://www.youtube.com/watch?v=m0wSuquxRZA,Problem Solved,https://www.youtube.com/channel/UC6VroAlEXUAT1OkH61TK_KA,2026-05-08T03:43:55.757Z,52.0,6.281,6.281
New Tool For Coconut Meat!? 🥥,https://www.youtube.com/watch?v=2FBHY7z1HI0,Jonnytsunami808,https://www.youtube.com/channel/UC_d84lQze9kxibJT95oLWaA,2026-05-08T03:43:23.139Z,90.0,32.618,32.618
This Glass Ornament Is Not Like The Rest 😲 #2bglass #glassblowing #oddlysatisfying #glassart,https://www.youtube.com/watch?v=yeZHSZ5GZ1Y,2BGlass,https://www.youtube.com/channel/UCzSjf9G86xDZY7Jq4fI1e5w,2026-05-08T03:43:08.374Z,132.0,14.765,14.765
I.N’s Compliment To Yuki Came With a Twist 😭 #skz #straykids #jeongin #nexz #yuki,https://www.youtube.com/watch?v=i5gtBrBAhNI,76Nation,https://www.youtube.com/channel/UC7cmq3Dgxda6MrFmcXgk-1g,2026-05-08T03:42:19.046Z,19.0,49.328,19.0
The Making of JISOO’s Dior Look for the 2026 Met Gala,https://www.youtube.com/watch?v=5rVVL7jYo_4,Christian Dior,https://www.youtube.com/channel/UC6xD-jKli-_qIYXDTsNv4dw,2026-05-08T03:42:17.249Z,15.0,1.797,1.797
Women in STEM. #relatable #millennial #y2knostalgia #90skid,https://www.youtube.com/watch?v=cM9Vj7TWaEA,Nicole Story Dent,https://www.youtube.com/channel/UCSb7EOSgUFhfaruaA7h1IVg,2026-05-08T03:42:02.854Z,34.0,14.395,14.395
多看帅哥应该可以长寿 #帅哥 #舞蹈 #中国舞 #谢幕花絮#公狗剧场#舞剧 #chineseartstic #跳舞 #熱門#dance #熱門,https://www.youtube.com/watch?v=NTOj3FXcVnU,中国文艺 Chinese Artistic,https://www.youtube.com/channel/UC4FRjmK-CbqMZ1kWY6tbXIQ,2026-05-08T03:41:40.890Z,27.0,21.964,21.964
Real things I’ve seen as a Paramedic. I can’t even imagine what that felt like. #ems #nurse #allergy,https://www.youtube.com/watch?v=2c2IxupukIM,Fire Department Chronicles,https://www.youtube.com/channel/UCZbWCodPFwH2QQn772QnUxQ,2026-05-08T03:41:35.469Z,42.0,5.421,5.421
Its serious when tape comes out #medicalstudent #doctor #doctors #doctorlife #nurse #nurses #nursing,https://www.youtube.com/watch?v=wEJCRFI--hM,Hunter Norton,https://www.youtube.com/channel/UC296HsBWWaY9BeyoqaRytuQ,2026-05-08T03:40:41.738Z,60.0,53.731,53.731
Let’s scrape my $600 BUCKET of lip gloss base ✨😱👀 #lipglossmaking,https://www.youtube.com/watch?v=8S8W6Q-uGkY,Kiki Quesada,https://www.youtube.com/channel/UC7gno2_MPRPb2p6L0DMHeiA,2026-05-08T03:40:25.858Z,32.0,15.88,15.88
the only supplies beginners actually need! 💫 #stainedglass,https://www.youtube.com/watch?v=m_MX11hUYfI,Amaya Jade,https://www.youtube.com/channel/UCTndhwtypwYaGfZE23C-ldg,2026-05-08T03:40:22.759Z,61.0,3.099,3.099
Flying Car Laws - Take-Off. SkySurfer Aircraft 🚁 Flying Drone Vehicle #shorts,https://www.youtube.com/watch?v=qMmKVPqCgKw,Hunter Kowald,https://www.youtube.com/channel/UCYNDtecCHHP6sdKWHAbEd3w,2026-05-08T03:40:14.673Z,52.0,8.086,8.086
"Lately, after seeing more discussions around fancy yarn trends —",https://www.youtube.com/watch?v=oti1xx7TCms,eric li,https://www.youtube.com/channel/UCYZTePYOzcFoSMIjrsuiWYw,2026-05-08T03:39:58.572Z,33.0,16.101,16.101
How to Fix a Shrunken Sweater (Stretched 5 Inches) #wool #slowfashion #shorts #laundryhack,https://www.youtube.com/watch?v=3B4kLDhomXQ,Yooon_ie,https://www.youtube.com/channel/UCZfySHE5rel4LOgcImnvYag,2026-05-08T03:38:43.881Z,72.0,74.691,72.0
YOU WILL MAKE IT THROUGH #animation #mrskelly #motivation #fyp #viral #hope #love,https://www.youtube.com/watch?v=cYQKlpHbnc4,1924us ,https://www.youtube.com/channel/UCFtSrAbb4e-4M5Y-V66m7vQ,2026-05-08T03:38:38.478Z,25.0,5.403,5.403
This is Japan’s Most English (pt 7),https://www.youtube.com/watch?v=eYKgVsxG9GM,akidearest,https://www.youtube.com/channel/UC_1HVMnw-610qx54iEiWk7A,2026-05-08T03:38:08.397Z,43.0,30.081,30.081
Real things I’ve seen as a Paramedic. Gotta love some people’s priorities. #oxygen #ems #blue,https://www.youtube.com/watch?v=rsdee_AeZG4,Fire Department Chronicles,https://www.youtube.com/channel/UCZbWCodPFwH2QQn772QnUxQ,2026-05-08T03:38:02.979Z,37.0,5.418,5.418
There’s no point in pouring it on the back🙃 #shorts #clay,https://www.youtube.com/watch?v=6Ppo2RoX5kw,Sweets,https://www.youtube.com/channel/UChhv-5QV30KkmfC2Z8t8RhQ,2026-05-08T03:37:26.002Z,37.0,36.977,36.977
HAN - BangBang Dance Cha @ Stray Kids 6th Fan Meeting #kpop #kpopskz #straykids #skz #hanjisung,https://www.youtube.com/watch?v=2R3VOurllxY,@hanjisungiseating,https://www.youtube.com/channel/UCVYI7wmN8hGzwSQ4tsRQIbw,2026-05-08T03:37:17.407Z,34.0,8.595,8.595
Simone VS the secret door… @simonegiertz,https://www.youtube.com/watch?v=ZtDXHQ2uc4k,Morley Kert,https://www.youtube.com/channel/UCbtEd1MuY6gd2RpdWqkzXFw,2026-05-08T03:37:16.144Z,63.0,1.263,1.263
Glitter envelope sold separately from the endless Meowy card. Joker greeting makes many other cards.,https://www.youtube.com/watch?v=Cvo8woVFizY,Joker Greeting,https://www.youtube.com/channel/UCPJGzIddE8HV9iIv1VALkBg,2026-05-08T03:37:10.674Z,22.0,5.47,5.47
HabitualOffender84 is live!,https://www.youtube.com/watch?v=8ns_qw7UxSs,HabitualOffender84,https://www.youtube.com/channel/UCXKYFc36463E8IwYzLLzzSA,2026-05-08T03:37:09.154Z,6595.0,1.52,1.52
She's really busy 🙄❤️ #cat #cutecat #shorts #fyp,https://www.youtube.com/watch?v=oHIpi2z5CFQ,SassyCat,https://www.youtube.com/channel/UC4yJfrbHLmbiHQCBz_Bl03g,2026-05-08T03:37:05.593Z,8.0,3.561,3.561
FELIX x Adidas Urban Street,https://www.youtube.com/watch?v=BQ92WNdDhOM,Louislix,https://www.youtube.com/channel/UC7VmgAdVITxoCFW1Gftf3cQ,2026-05-08T03:37:02.533Z,16.0,3.06,3.06
I TRIED A $70 TRADITIONAL KOREAN BODY SCRUB 💀 #kbeauty #seoul #korea,https://www.youtube.com/watch?v=OONrrjfVbWI,Mona 🫶,https://www.youtube.com/channel/UC2puy2nA0kUDTay-GkI8IhA,2026-05-08T03:36:41.131Z,36.0,21.402,21.402
rainbolt shocked pewdiepie,https://www.youtube.com/watch?v=udweQGsncwQ,rainbolt clips,https://www.youtube.com/channel/UC0lf2-Y3nb5AWnZqie268FQ,2026-05-08T03:36:07.614Z,32.0,33.517,32.0
Real things I’ve seen on calls. He went down hard and fast. #emt #firefighter #real,https://www.youtube.com/watch?v=7PbTb6K5x4Y,Fire Department Chronicles,https://www.youtube.com/channel/UCZbWCodPFwH2QQn772QnUxQ,2026-05-08T03:35:27.573Z,40.0,40.041,40.0
Two questions I get the MOST,https://www.youtube.com/watch?v=vidf-a2AGG4,Eclair Lips (eclairlips.com),https://www.youtube.com/channel/UCZxIlvNwr01PsD8N6udMDfQ,2026-05-08T03:34:31.527Z,56.0,56.046,56.0
What lymphoedema looks like #shorts,https://www.youtube.com/watch?v=aNGeykbbo4A,Bella Roberts,https://www.youtube.com/channel/UCanNlKs_RR6wAu7e1MYEBYQ,2026-05-08T03:34:29.100Z,105.0,2.427,2.427
Lady Eleanor likes to yell #sirgeorge #cat #ragdolls,https://www.youtube.com/watch?v=ptpzhQjqb4U,Sir George,https://www.youtube.com/channel/UCMgOKySLacyJVxRiQ4ATCqQ,2026-05-08T03:34:26.353Z,38.0,2.747,2.747
Bad Catnip Trip 🌿🙀,https://www.youtube.com/watch?v=xV04EKkafa4,Dusty Douglas,https://www.youtube.com/channel/UCMSIDB9jvhqBKby2qk6E4VA,2026-05-08T03:34:22.401Z,45.0,3.952,3.952
Real things I’ve seen as a Paramedic. This isn’t the only place I’ve seen that stuck #ems #stuck #no,https://www.youtube.com/watch?v=MfSewKUvmFs,Fire Department Chronicles,https://www.youtube.com/channel/UCZbWCodPFwH2QQn772QnUxQ,2026-05-08T03:33:47.699Z,34.0,34.702,34.0
Hungry huh #cat #adorably #fypシ #cute #love #animal #food #princess #relatable,https://www.youtube.com/watch?v=fC2LWWJu1Fk,SkopeFunny~,https://www.youtube.com/channel/UC7GbmzZw2rVhf4sYB-cS5Wg,2026-05-08T03:33:42.277Z,13.0,5.422,5.422
ASMR cracking pages Hunger Games book set  #asmr #crunchy  #satisfyingart #bookish #artwork #sound,https://www.youtube.com/watch?v=lVuV4Q9hIyw,Ania Egorova ,https://www.youtube.com/channel/UCZ-1JKfCIDtEI7bDBbNOexw,2026-05-08T03:33:31.150Z,39.0,11.127,11.127
"""charmer"" hyunjin ~ SKZ 6TH FANMEETING #hyunjin #현진",https://www.youtube.com/watch?v=l35KmDzMqiY,Hyunjin's Universe,https://www.youtube.com/channel/UCoeWS-y86sM-48S1oo7Hr0A,2026-05-08T03:33:28.095Z,35.0,3.055,3.055
Let us know what you thought of first! 🤔 #illit #dance #dancecover #shorts #kpop #amsterdam,https://www.youtube.com/watch?v=TUT3M6fZi5E,The Miso Zone,https://www.youtube.com/channel/UCRR_bdecj-QPWjlWtj_dVlg,2026-05-08T03:33:12.322Z,61.0,15.773,15.773
It’s always easy to find them 👀 #ladypintobean #sworddog #dnd #dungeonsanddragons #boardgames,https://www.youtube.com/watch?v=Hy71n2maWCk,Misty Mountain Legends,https://www.youtube.com/channel/UCHnBdr-V0JJsfk6pv3kNJhA,2026-05-08T03:33:10.172Z,18.0,2.15,2.15
Chan dissed paparazzi 📸👏 #bangchan #straykids #skz #shorts #views #viral #fypシ #bounceback,https://www.youtube.com/watch?v=jBqHXqqfFlI,SKZypher,https://www.youtube.com/channel/UCtnCIcFeS1amNhXLz9jLkPw,2026-05-08T03:33:07.192Z,12.0,2.98,2.98
guess how tall he is…😳 #shorts,https://www.youtube.com/watch?v=e85PIO4mmcE,Kind Hoof Care,https://www.youtube.com/channel/UCS7oesJlzpP3hDu29Zi5TYA,2026-05-08T03:33:05.535Z,51.0,1.657,1.657
Knit my bipolar mood blanket with me! #bipolar #knitting #mentalhealthmatters #mentalhealth,https://www.youtube.com/watch?v=B15L9rbGC4c,Elka,https://www.youtube.com/channel/UCp6wy6NnVOMw2xmrw4QEleg,2026-05-08T03:32:55.303Z,37.0,10.232,10.232
Toilet paper basketball🧻🏀 5/7/26,https://www.youtube.com/watch?v=TsNLL45Pk8s,MountainTuff,https://www.youtube.com/channel/UCNkF5Fiwp8xRuBlBNbxcZgQ,2026-05-08T03:32:48.791Z,15565.0,6.512,6.512
Satisfying Aqua White Mini Pebble Installation,https://www.youtube.com/watch?v=q2-0gsW4pcY,Rigorous Pool and Spa Inc.,https://www.youtube.com/channel/UChPv9iuojOj4bbKuAgwS92g,2026-05-08T03:32:31.350Z,53.0,17.441,17.441
"T dị ứng vs đàn ông mặc ủng nhưng Hwang Hyunjin là ngoại lệ,anh ta knock out t với quả outfit này 🥵",https://www.youtube.com/watch?v=jZJo3lLrCGI,Lami,https://www.youtube.com/channel/UCoqPlE8Qeiznf9QejR4mTkA,2026-05-08T03:32:25.513Z,24.0,5.837,5.837
Sir George has a lot to learn about cat flop technique #sirgeorge #ragdoll #cat,https://www.youtube.com/watch?v=Ckwcgar_8Q8,Sir George,https://www.youtube.com/channel/UCMgOKySLacyJVxRiQ4ATCqQ,2026-05-08T03:32:02.621Z,25.0,22.892,22.892
#jisung #han #skz #edit #fypシ゚viral,https://www.youtube.com/watch?v=0X7ey-6r83Y,Lilsilly_Seungmin_Stay🐶,https://www.youtube.com/channel/UCKEanlxI7Ref3tFhcY0Jf_g,2026-05-08T03:31:31.335Z,10.0,31.286,10.0
Felix reaction 🥺 Hyunjin… let me take care of you #felix #skz #hyunjin #hyunlix,https://www.youtube.com/watch?v=NHqlfd992vE,NaksuSKZverse 💫,https://www.youtube.com/channel/UCj8gQVZDwXzOTL24f84IWFQ,2026-05-08T03:31:22.354Z,11.0,8.981,8.981
are you sure you want a borzoi puppy?! 🫢 #borzoi #puppy #thetruth,https://www.youtube.com/watch?v=795ubPot0K8,Cleolonglegs,https://www.youtube.com/channel/UCSk-ObEYne6m_DiFw6MGV_g,2026-05-08T03:31:19.595Z,74.0,2.759,2.759
It’s that season! #cockatoo #parrot #hormones #adoptdontshop,https://www.youtube.com/watch?v=LNAdkusVJGc,Wendy Albright,https://www.youtube.com/channel/UC0PrvE5KoKanSpxGjatyd7Q,2026-05-08T03:30:59.888Z,19.0,19.707,19.0
This is totally real,https://www.youtube.com/watch?v=tna8hSC5YJ4,The Grumps,https://www.youtube.com/channel/UCXq2nALoSbxLMehAvYTxt_A,2026-05-08T03:30:49.306Z,20.0,10.582,10.582
They never fail to amaze me 😭🔥 #breakdance #bboy,https://www.youtube.com/watch?v=yO9awtlXWfY,Hyunjoon Kim,https://www.youtube.com/channel/UCbmSrBG_yeymBgfzaAdmgIA,2026-05-08T03:30:10.053Z,42.0,39.253,39.253
HEARTBREAKING TRUTH about Toni's Family Heirloom #toniandryanpodcast,https://www.youtube.com/watch?v=8GxLsYhNny8,Toni and Ryan,https://www.youtube.com/channel/UCkhy7g4GvHuzhbzTVjc8izQ,2026-05-08T03:30:05.395Z,58.0,4.658,4.658
Felix felt THAT STAY energy #skz_6th_fanmeeting #felix #stay #skzfanmeeting,https://www.youtube.com/watch?v=G7u8-qDhtaI,NaksuSKZverse 💫,https://www.youtube.com/channel/UCj8gQVZDwXzOTL24f84IWFQ,2026-05-08T03:29:40.035Z,8.0,25.36,8.0
Bring the king back for a video #PerfectPrideMovement #colbyscrew #fyp #rescuehorse #bigjohn,https://www.youtube.com/watch?v=fVKYR_blWPE,Ohkaytacos,https://www.youtube.com/channel/UCFbo_7wocCGhkZ48rz7hezQ,2026-05-08T03:29:30.524Z,18.0,9.511,9.511
Student pilot nails landing after go-around,https://www.youtube.com/watch?v=8Mkf5lu6gZ4,Inflight Pilot Training,https://www.youtube.com/channel/UCF4Mj59XfxHNQixR3Y06arg,2026-05-08T03:29:19.516Z,56.0,11.008,11.008
Felix's Duality is actually INSANE 🤯🔥#felix#straykids#shorts,https://www.youtube.com/watch?v=8rVofYi9EIY,SKZ Warmth,https://www.youtube.com/channel/UC5Gq-4-S5y83WkP7U1g078Q,2026-05-08T03:29:16.214Z,16.0,3.302,3.302
STRAY KIDS song quiz 🌹🌹 #kpop #straykids #stay,https://www.youtube.com/watch?v=4LO2QIXYouM,cittyman,https://www.youtube.com/channel/UCgawoSyKFqnjAQKO8VZEObg,2026-05-08T03:29:15.188Z,63.0,1.026,1.026
Todos son unos pros/#Dancers #edit #foryourpage,https://www.youtube.com/watch?v=2d3ulc4AgO8,Hoon.isssa_♡,https://www.youtube.com/channel/UC5mL4MPZeThNWsafaba7cXw,2026-05-08T03:29:12.353Z,26.0,2.835,2.835
Felix's footwork is so underrated 🤧💗#straykids #skz #stay#kpop#kpopskz #shortsfeed#ytshorts #shorts,https://www.youtube.com/watch?v=x2vYHiS3ibw,Stray for life,https://www.youtube.com/channel/UCaotYNK703B47VeEyiMio5Q,2026-05-08T03:28:56.327Z,11.0,16.026,11.0
😭😭 JYP what is this 😭😭 #StrayKids #스트레이키즈 #StrayKids_LIGHTSTICK #스키즈나침봉,https://www.youtube.com/watch?v=i8_NPC6UjiA,KittyLuLu,https://www.youtube.com/channel/UC-9WajfemOSD_d0vSBFE0cw,2026-05-08T03:28:54.777Z,57.0,1.55,1.55
live stream of orange family,https://www.youtube.com/watch?v=_qfokHeVyRQ,FellaGrein ,https://www.youtube.com/channel/UC-O_SKtpltHCGwCGfAR5wrg,2026-05-08T03:28:53.348Z,21972.0,1.429,1.429
Pure joy: Bang Chan's laughs and giggles ❤️ #straykids #bangchan #kpop #fyp #skzedit,https://www.youtube.com/watch?v=GlaUNd7G6lM,JoleneSKZ,https://www.youtube.com/channel/UCynlGig80Yr7hrCqvcCXi0A,2026-05-08T03:28:36.274Z,27.0,17.074,17.074
역대급 고음 주역 대결..? 돌고래급 초고음 휘슬에 놀라버린 반응 ㄷㄷㄷ #오연하 #고음주역테스트 #reaction,https://www.youtube.com/watch?v=5PdRI0Y947A,오!연하 Oh!yeonha,https://www.youtube.com/channel/UCbpRgaHobmLkYwC5R-6uRrg,2026-05-08T03:28:34.640Z,45.0,1.634,1.634
Warning!!! Screaming Cat!!! 🙀,https://www.youtube.com/watch?v=y8wRiFsPcSU,The Calm Cat Whisperer ,https://www.youtube.com/channel/UCyIZZURd9b5FdT7spvRCnkw,2026-05-08T03:26:06.675Z,173.0,147.965,147.965
han 😭@slaystay_ot8 #straykids #hanjisung #jeongin #hyunjin #felix #seungmin #bangchan,https://www.youtube.com/watch?v=tgz5dUK4QmY,STAYslay,https://www.youtube.com/channel/UC0ET5rTKm-dHQ3hkzEkUvhw,2026-05-08T03:26:01.254Z,52.0,5.421,5.421
sorry yall..#kpop#makemefamous,https://www.youtube.com/watch?v=jxXB5a4TYh8,dool_set_net‼️,https://www.youtube.com/channel/UCOwicK0VszFobG6zyQmLEKA,2026-05-08T03:25:55.412Z,29.0,5.842,5.842
making a stained glass mirror 🌊 #stainedglass,https://www.youtube.com/watch?v=I6Og3oSZcHY,Amaya Jade,https://www.youtube.com/channel/UCTndhwtypwYaGfZE23C-ldg,2026-05-08T03:25:54.477Z,61.0,0.935,0.935
The World's Most Dangerous Popsicle - Nuclear Engineer Reacts to NileRed,https://www.youtube.com/watch?v=uF6Nd2HoPQA,T. Folse Nuclear,https://www.youtube.com/channel/UCg0VO_LJZjTzubUQ34CwnLQ,2026-05-08T03:25:40.428Z,121.0,14.049,14.049
Part 24 | These options are both all right and alright. Alright? Sub to @F@FreddieAllisonor more,https://www.youtube.com/watch?v=YkPMoeQxeqg,Freddie Allison,https://www.youtube.com/channel/UCCvQavUub8A0sNivcEWSZcQ,2026-05-08T03:23:54.017Z,24.0,106.411,24.0
Berry makes a new friend… sorta #frog #frogs #pets #animals,https://www.youtube.com/watch?v=WjQ0orvKE2k,Jessica’s Animal Friends,https://www.youtube.com/channel/UCZkZC1GF5k37Gxy6V3octSw,2026-05-08T03:23:50.882Z,50.0,3.135,3.135
Stray Kids Relay Core 🤣,https://www.youtube.com/watch?v=z2eliP3SqPg,Hyunjin.PaboRACHA,https://www.youtube.com/channel/UCILlQnZlBNFsVY4CU-WB3Dw,2026-05-08T03:23:15.278Z,36.0,35.604,35.604
Poor little guy is half froze! 🧊,https://www.youtube.com/watch?v=HVBv6M8F7es,Ben Kretchman,https://www.youtube.com/channel/UC3RkADU_V0YvKNJ7mc_m4Rw,2026-05-08T03:22:50.795Z,92.0,24.483,24.483
Real things I’ve heard as a Paramedic. That should not go there !   #ems #chair #firefighter,https://www.youtube.com/watch?v=WMBFHLGuM-Q,Fire Department Chronicles,https://www.youtube.com/channel/UCZbWCodPFwH2QQn772QnUxQ,2026-05-08T03:22:33.237Z,37.0,17.558,17.558
Does your horse stand to be mounted?,https://www.youtube.com/watch?v=Y06NNctExyE,Ryan Rose,https://www.youtube.com/channel/UC5JSKOgyoJCX53KOUaRkBhg,2026-05-08T03:22:31.600Z,48.0,1.637,1.637
Part 16 | Is the last one the worst??...#britishcomedy #ukhumour #britishlife,https://www.youtube.com/watch?v=sRTQ5mW3HFw,Freddie Allison,https://www.youtube.com/channel/UCCvQavUub8A0sNivcEWSZcQ,2026-05-08T03:22:30.340Z,41.0,1.26,1.26
It’s so satisfying #choisoobin #soobin #kpop #kpopedit #txt #yeonjun #txtsoobin,https://www.youtube.com/watch?v=wPJsKf-NcGg,KRLS,https://www.youtube.com/channel/UCv6GwpJEIJNhQ1yG0tizqOA,2026-05-08T03:22:25.276Z,9.0,5.064,5.064
World number one Carrom  best moment #shorts 🫣,https://www.youtube.com/watch?v=B5-VJCS5mHI,Raees Ahmed,https://www.youtube.com/channel/UCZqYduQT3fhY4X2KAQkV-_Q,2026-05-08T03:20:54.180Z,95.0,91.096,91.096
Cards Against Humanity,https://www.youtube.com/watch?v=rIb1BenqROA,bapkat,https://www.youtube.com/channel/UCr9BJHrQC7eoM-VAFEyjhTA,2026-05-08T03:20:44.842Z,37.0,9.338,9.338
When Animals Take Over The School #shorts #animals #school #viral #farm,https://www.youtube.com/watch?v=279VLwDx3eQ,Farm Laugh Lab,https://www.youtube.com/channel/UCnc-sUntmqxvRaEQz8GNOVA,2026-05-08T03:20:26.380Z,60.0,18.462,18.462
Our once-feral mama cat did something incredible—she welcomed in two feral kittens,https://www.youtube.com/watch?v=XBcmi2BxnGg,cats_rescue_center,https://www.youtube.com/channel/UCWV4q_X_YNhIdXDSOAxIr4Q,2026-05-08T03:20:23.840Z,42.0,2.54,2.54
This Chainmaille Bandana is My New Ren Faire Staple Accessory | #chainmaille #chainmail #renfaire,https://www.youtube.com/watch?v=KzA4FH8hjUI,Lady Evil Metals,https://www.youtube.com/channel/UCrdkru6ZDBKPpSC4jAMhegg,2026-05-08T03:19:44.950Z,62.0,38.89,38.89
chan got compilation frr 👽@slaystay_ot8 #straykids #changbin #hyunjin,https://www.youtube.com/watch?v=EYhDyBBsMc8,STAYslay,https://www.youtube.com/channel/UC0ET5rTKm-dHQ3hkzEkUvhw,2026-05-08T03:19:35.063Z,20.0,9.887,9.887
Radioactive Beads at Michaels 😱☢️ #uranium #radioactive #radium #radiumgirls #history #darkhistory,https://www.youtube.com/watch?v=MAFzxDBygHM,Radiant Radium,https://www.youtube.com/channel/UCiK1i1dD7mheiEHsM26zgNg,2026-05-08T03:19:33.141Z,36.0,1.922,1.922
Most versatile word in the English language if you’re British.#ukcomedy #britishlife #britishcomedy,https://www.youtube.com/watch?v=croqnECbKRw,Freddie Allison,https://www.youtube.com/channel/UCCvQavUub8A0sNivcEWSZcQ,2026-05-08T03:19:27.904Z,18.0,5.237,5.237
Kpop idol trainees the second after signing their contract 👀,https://www.youtube.com/watch?v=tvHfKMGgN8Y,Charles S. Lee,https://www.youtube.com/channel/UC3chjEo48t7jq9dsoE4m4sA,2026-05-08T03:18:40.094Z,55.0,47.81,47.81
See description for more details!,https://www.youtube.com/watch?v=--lDzo7g8w8,Ethan Tapper,https://www.youtube.com/channel/UCG5pCDPHUyOiA2vW1l7L6oA,2026-05-08T03:18:36.723Z,68.0,3.371,3.371
Rejecting a Used Clutch Kit - Was I Being Unreasonable? #mechaniclife #usedparts #mechanictips #diy,https://www.youtube.com/watch?v=b6-6JDEs5SY,Faye Hadley,https://www.youtube.com/channel/UCc0508DmRG72ILIkc4Vr8yg,2026-05-08T03:18:21.318Z,103.0,15.405,15.405
Two unlikely friends. #FreeFreeDance #equestrian #colbyscrew #rescuehorse #fyp,https://www.youtube.com/watch?v=qH1JFwBNSuc,Ohkaytacos,https://www.youtube.com/channel/UCFbo_7wocCGhkZ48rz7hezQ,2026-05-08T03:17:51.081Z,31.0,30.237,30.237
She wanted to prove him wrong... 💀,https://www.youtube.com/watch?v=GpU-W-He_G8,Crackbyte,https://www.youtube.com/channel/UCsgoYI8BH5v3nUfnSL2ZIpw,2026-05-08T03:17:48.382Z,13.0,2.699,2.699
"Part 28 | I’m right, right?...#britishlife #ukjokes #britishcomedy",https://www.youtube.com/watch?v=FAgNvlbDoYg,Freddie Allison,https://www.youtube.com/channel/UCCvQavUub8A0sNivcEWSZcQ,2026-05-08T03:17:13.986Z,32.0,34.396,32.0
Hannie almost fell! His “hehe” was so adorable 🥰,https://www.youtube.com/watch?v=-GPOl7VVutw,Megan Li,https://www.youtube.com/channel/UCVJBrhBapZuZoKgrq3OHCqg,2026-05-08T03:17:07.979Z,7.0,6.007,6.007
카피바라로 피카츄 만들기 #포켓몬,https://www.youtube.com/watch?v=9f4nNa3ZSaA,얼굴제조기(facemakemachine),https://www.youtube.com/channel/UCoFkNpNA-j1VD0-y3HOW-CQ,2026-05-08T03:17:04.812Z,19.0,3.167,3.167
Spring girlies I made this for you 🙏❤️ #butterfly #cardigan #crochet #handmade,https://www.youtube.com/watch?v=EpJr3orwXWc,Hannah Crochets,https://www.youtube.com/channel/UCPQ0fycwm7imKSgWHqtvx8g,2026-05-08T03:16:54.839Z,14.0,9.973,9.973
"ew, blink books #booktok #trending #foryou",https://www.youtube.com/watch?v=HUk43jYkv4E,Miriam,https://www.youtube.com/channel/UCYeUI3jQo9DbJowbBW29uqA,2026-05-08T03:16:20.596Z,44.0,34.243,34.243
Its the best sometimes❤️|| #friends #funny #sitcom,https://www.youtube.com/watch?v=IK6amHE46b8,Sitcom,https://www.youtube.com/channel/UCWJieOJ1iEPQBkrCq8gVRNA,2026-05-08T03:16:19.233Z,16.0,1.363,1.363
#hoshi 's iconic mistake - it just looks like a slight change in choreography 🙂‍↕️ #seventeen #kpop,https://www.youtube.com/watch?v=9uZL9JqPtfU,saythename_joshua,https://www.youtube.com/channel/UCrU7BL0N_Ic9J612oU51nHg,2026-05-08T03:16:15.907Z,28.0,3.326,3.326
love this collab sm #straykids #kpop #kpopskz #skz #fyp,https://www.youtube.com/watch?v=Ndj0Niy9Sxw,lexi,https://www.youtube.com/channel/UCCYwG_7qCnM6bA44nZK5sAw,2026-05-08T03:16:03.090Z,40.0,12.817,12.817
kısaydı bölüm // #ateez #wanteez #atiny #members #kpop #enhypen_is_7 #heeseungcomeback #fyp #horror,https://www.youtube.com/watch?v=90wLd3QWz-M,•​𝘙𝘢𝘷𝘻𝘢,https://www.youtube.com/channel/UC3ziguW623lgbIrAQ-iaM3g,2026-05-08T03:16:00.772Z,9.0,2.318,2.318
AUNTY  CLER PINAGTATAKPAN SI PBBM???,https://www.youtube.com/watch?v=BMauVAtAqKY,Carclea ,https://www.youtube.com/channel/UCFilMFyL98qt3NyP_nn2P9g,2026-05-08T03:15:58.654Z,4266.0,2.118,2.118
Part 14 | If you thought this was fine you should follow me...#britishhumour #britishcomedy #sarcasm,https://www.youtube.com/watch?v=15k4QrzdATA,Freddie Allison,https://www.youtube.com/channel/UCCvQavUub8A0sNivcEWSZcQ,2026-05-08T03:15:34.130Z,24.0,24.524,24.0
Woojin definitely got Jay Park's swag and charisma 🔥🔥🔥 #kpop #trending #shorts #fyp #lngshotzone,https://www.youtube.com/watch?v=NiuyC0K0C7M,𝙇𝙉𝙂𝙎𝙃𝙊𝙏 𝙕𝙊𝙉𝙀 ♡,https://www.youtube.com/channel/UCx2v1SYhKSahFglwee_oOyQ,2026-05-08T03:15:31.766Z,15.0,2.364,2.364
What to do with the rest of Book Goblin’s life?,https://www.youtube.com/watch?v=ly9s9YzkvsE,Elisabeth Wheatley,https://www.youtube.com/channel/UCBsfa5_i4gPu4gk5lIuSAGA,2026-05-08T03:15:27.817Z,42.0,3.949,3.949
This one sparks joy #baddesign #billboard #funny #ohno #badsign,https://www.youtube.com/watch?v=8N6IHSBtG28,Refashioned Hippie,https://www.youtube.com/channel/UCxetrH881m7SQKN7AviaARQ,2026-05-08T03:15:16.830Z,21.0,10.987,10.987
Don't be disappointed Chan😭 #bangchan #leeknow #changbin #hyunjin #hanjisung,https://www.youtube.com/watch?v=YyVQ_1ll3v4,𝑺𝒌𝒛𝒐𝒐𝒎ᥫ᭡,https://www.youtube.com/channel/UCkt55UkMO9_FUZkH6ODKJDQ,2026-05-08T03:15:14.743Z,34.0,2.087,2.087
"It may be a hot mess, but it could smoke you at the track! #Dseriesturbo #500hp #HondaCivicHatch",https://www.youtube.com/watch?v=NfKov2Apm9s,Faye Hadley,https://www.youtube.com/channel/UCc0508DmRG72ILIkc4Vr8yg,2026-05-08T03:14:12.135Z,54.0,62.608,54.0
#straykids memes#kpop#skz#bangchan#changbin#seungmin#i_n#felix#leeknow#hanjisung#hyunjin#trending#yt,https://www.youtube.com/watch?v=DsngkXb3m3s,Misscherrystay🍒,https://www.youtube.com/channel/UCpT4y80wW1SKUjkEcUtEDUg,2026-05-08T03:13:39.573Z,60.0,32.562,32.562
Felix voice is definitely like girls 🤧,https://www.youtube.com/watch?v=QbW9xnZf180,"Stay,Blink, Army ",https://www.youtube.com/channel/UCCA7_T9-60A35XwqnVu0X0Q,2026-05-08T03:13:32.537Z,15.0,7.036,7.036
WHY ALWAYS WOMAN?? #SKZ #HAN #HYUNJIN #LEEKNOW #SKZ #SKZEDITS #minsung #hyunsung #kpopedits #felix,https://www.youtube.com/watch?v=XffdfJHbvwY,hannieedits,https://www.youtube.com/channel/UCVzkvjQMaETnRddOeHcIfNw,2026-05-08T03:12:58.103Z,27.0,34.434,27.0
"DROP THE PICTURE, CHAN!!!",https://www.youtube.com/watch?v=s2hS4-9ZNS4,Ben Kim,https://www.youtube.com/channel/UCDWpwuM-24XmnhMeQ0MlsKQ,2026-05-08T03:12:51.436Z,31.0,6.667,6.667
Their expectation lol#straykids#hyunjin#changbin#i_n#skz,https://www.youtube.com/watch?v=mIf80c7qJiA,SKZZOO88,https://www.youtube.com/channel/UCYgpCb2qnqI8U_HX99WgC2w,2026-05-08T03:12:48.756Z,17.0,2.68,2.68
"Being #parents is #fun, #leeknow! #minsung #funny #straykids #hanjisung #edit #pregnancy #omegaverse",https://www.youtube.com/watch?v=QK9wa01nu3Y,The Fujoshi,https://www.youtube.com/channel/UCzc1y-7ZaGre5dPt3WGKI4w,2026-05-08T03:12:46.647Z,37.0,2.109,2.109
狮尾要看庄子，眼、脚快、准、稳双手还要托举每个动作都很吃力#china #舞狮 #中国传统文化,https://www.youtube.com/watch?v=NwYuxv2Qvxw,湄洲妈祖文化,https://www.youtube.com/channel/UCqsOt_axQEoFiapvMW1TJpQ,2026-05-08T03:12:43.861Z,24.0,2.786,2.786
Stray Kids “Escape” Reaction #kpop #straykids #stay,https://www.youtube.com/watch?v=W6TZAIiG_jU,VyScope,https://www.youtube.com/channel/UC2iBpQ8AZGTqnwFrTwIWQ-Q,2026-05-08T03:12:40.640Z,59.0,3.221,3.221
choose your quest companion ⚔️ #silkenwindhound #borzoi #youchoose #specialattack #wholesome,https://www.youtube.com/watch?v=Bg0FJjkZqFQ,Cleolonglegs,https://www.youtube.com/channel/UCSk-ObEYne6m_DiFw6MGV_g,2026-05-08T03:12:39.503Z,99.0,1.137,1.137
Part 19 | Really don’t know why this is complicated it’s really simple really.#britishlife #ukjokes,https://www.youtube.com/watch?v=LGJV-URZ2L8,Freddie Allison,https://www.youtube.com/channel/UCCvQavUub8A0sNivcEWSZcQ,2026-05-08T03:12:06.001Z,33.0,33.502,33.0
Check Out This Salmon Hat | Fascinating History Shorts,https://www.youtube.com/watch?v=kCjGr8ylOiU,Fascinating History,https://www.youtube.com/channel/UCN5TIBm-idJXOa6BUh3sjuA,2026-05-08T03:11:31.791Z,53.0,34.21,34.21
Westerners' Chinese tattoos be like,https://www.youtube.com/watch?v=I1x2jiFHDTM,Chinese with Jessie,https://www.youtube.com/channel/UCI_EXjUIOC1caoKECKrOT7Q,2026-05-08T03:11:28.742Z,68.0,3.049,3.049
Nailed it #bodypositive #bodypositivity #funny #happy #womensupportingwomen,https://www.youtube.com/watch?v=ii23uw2l5Vk,Refashioned Hippie,https://www.youtube.com/channel/UCxetrH881m7SQKN7AviaARQ,2026-05-08T03:11:13.364Z,14.0,15.378,14.0
Jack was enjoying my pillows too much 🤣,https://www.youtube.com/watch?v=fEozGOwtop0,5 Shades of Golden,https://www.youtube.com/channel/UCTyi69cDq0eEQEe-Fff7VEw,2026-05-08T03:10:34.465Z,46.0,38.899,38.899
SATISFYING KNITTING SWATCHES,https://www.youtube.com/watch?v=JCWNIyPUpu8,HypotheStitch | Charlotte,https://www.youtube.com/channel/UCn-xhztgFg5LebIg-k_3RhQ,2026-05-08T03:10:14.803Z,18.0,19.662,18.0
Bang Chan is FED UP,https://www.youtube.com/watch?v=TF3xd6FIHfY,Ben Kim,https://www.youtube.com/channel/UCDWpwuM-24XmnhMeQ0MlsKQ,2026-05-08T03:09:59.225Z,12.0,15.578,12.0
I dressed like a Pokémon gym leader IRL,https://www.youtube.com/watch?v=2NXJDG5kXL4,JourdanGames,https://www.youtube.com/channel/UCP6uPaIYN9N4Fy6lcOU3U7g,2026-05-08T03:09:52.022Z,25.0,7.203,7.203
Join SKZ and their PILATES CLASS 😭❤️✨ #straykids #rachalog #hyunjin #changbin #I_N #skzin,https://www.youtube.com/watch?v=u-BLJYZcs18,STRAY KIDS CORNER,https://www.youtube.com/channel/UCEJVDU7Es1-Jl4z99eibsNA,2026-05-08T03:09:13.218Z,59.0,38.804,38.804
Helper cat 🐱,https://www.youtube.com/watch?v=bHcM3Blm_RQ,angelmayan,https://www.youtube.com/channel/UCgGUUPiK_ng-cDKAaSp383g,2026-05-08T03:08:18.244Z,54.0,54.974,54.0
Chanlix Core #straykids #bangchan #felix #chanlix #funny,https://www.youtube.com/watch?v=UobW-Yqzjpw,☆SkzTiana☆,https://www.youtube.com/channel/UCncOcwMTmSSHYNaOkltg2-Q,2026-05-08T03:07:45.847Z,53.0,32.397,32.397
He is so flexible😭🤧#straykids #stay #skz #changbin #kpopskz #kpop #shortsfeed #ytshorts #shorts,https://www.youtube.com/watch?v=ZS0aaosMZxc,Stray for life,https://www.youtube.com/channel/UCaotYNK703B47VeEyiMio5Q,2026-05-08T03:07:37.225Z,12.0,8.622,8.622
Part 31 | I take the last one back this is unfair on London...#ukhumour #ukjokes #britishcomedy,https://www.youtube.com/watch?v=9qlPtindsBE,Freddie Allison,https://www.youtube.com/channel/UCCvQavUub8A0sNivcEWSZcQ,2026-05-08T03:07:36.211Z,28.0,1.014,1.014
260405 Give me your TMI #현진 #skz #skzhyunjin #Hyunjin #StrayKids #스트레이키즈  #ヒョンジン #skz #스키즈현진,https://www.youtube.com/watch?v=IDAfwxpBHLA,plz_kiwi,https://www.youtube.com/channel/UCkHeBurOYy25nZqcvNdZHhw,2026-05-08T03:06:52.859Z,56.0,43.352,43.352
The audacity. #straykids #changbin #edits #bringbackheeseung #enhypen_is_7 #bringheeeseungback,https://www.youtube.com/watch?v=Mbj1loijEAw,m.by_sanhaa,https://www.youtube.com/channel/UCi8B1hHrbIyweDlPurO-WGQ,2026-05-08T03:06:30.933Z,13.0,21.926,13.0
#womenshealth #booktok #women #pregnant #nursepractitioner,https://www.youtube.com/watch?v=a46_-jk-ivc,Authentic_NurseNoah,https://www.youtube.com/channel/UCm_nxfRKuaYYjTGtchhOhrw,2026-05-08T03:01:00.422Z,98.0,330.511,98.0
WISTERIA ✨ Poisonous and Edible!,https://www.youtube.com/watch?v=R39-4AydnQw,BlackForager,https://www.youtube.com/channel/UCrPP8bKoE3YF3poTCDKnv6Q,2026-05-08T03:00:38.617Z,61.0,21.805,21.805
protect stray kids 🍑 #straykids #bangchan #felixedits #kpopreaction #hyunjinedit #kpopshorts #memes,https://www.youtube.com/watch?v=gIGnbijNGkc,Ryli,https://www.youtube.com/channel/UCMty5Q7v3Y2U8I92I6e94RQ,2026-05-08T03:00:27.556Z,,11.061,11.061
A slight delay in Baby Corn's training for his rematch against corn. #babycorncat #kitten #vetvisit,https://www.youtube.com/watch?v=uNxyg62LYlE,whiskstowhiskers,https://www.youtube.com/channel/UCaGsUlyQDF45GeQeXN5MoRQ,2026-05-08T03:00:23.128Z,60.0,4.428,4.428
sighthound communication 101 #borzoi #silkenwindhound #speak,https://www.youtube.com/watch?v=33yjj5BesaI,Cleolonglegs,https://www.youtube.com/channel/UCSk-ObEYne6m_DiFw6MGV_g,2026-05-08T02:59:09.015Z,77.0,74.113,74.113
#felix #leeknow,https://www.youtube.com/watch?v=pZZd57qQ1as,Stay craft & edits ,https://www.youtube.com/channel/UCuMmKfaWo3KeZp2hoZL4LJA,2026-05-08T02:58:59.419Z,9.0,9.596,9.0
POV you're in Netherlands,https://www.youtube.com/watch?v=57eS39FHWr0,Absurd Assembly,https://www.youtube.com/channel/UCJTEtP4BnKfKs9VFPfQ2rfA,2026-05-08T02:58:42.350Z,,17.069,17.069
SORRY if i hurt someone lungs #minsung #skz #2min #han #leeknow #seungmin #kpop #skzedits,https://www.youtube.com/watch?v=SZ82SkX0k84,hannieedits,https://www.youtube.com/channel/UCVzkvjQMaETnRddOeHcIfNw,2026-05-08T02:58:17.219Z,56.0,25.131,25.131
🫢💕 #StrayKids #스트레이키즈 #YouMakeStrayKidsStay,https://www.youtube.com/watch?v=Rw1N05FDws0,Stray Kids,https://www.youtube.com/channel/UC9rMiEjNaCSsebs31MRDCRA,2026-05-08T02:58:15.258Z,37.0,1.961,1.961
At least we know that their mics are ON #straykids #skz,https://www.youtube.com/watch?v=fWG8jpuf2AQ,BANG CHAN,https://www.youtube.com/channel/UCmEoXN2Fg5mlSWJrCgyjA4Q,2026-05-08T02:57:08.229Z,69.0,67.029,67.029
Japanese…           #learnjapanese #japaneseculture,https://www.youtube.com/watch?v=5Ko0WJpebz8,Real Real Japan,https://www.youtube.com/channel/UCyIhBDft5f3kj4Xcua3p3kQ,2026-05-08T02:56:41.125Z,66.0,27.104,27.104
Charity Ekezie Mentality pt2. 😁 subscribe for more.,https://www.youtube.com/watch?v=d6qTaZCSqRc,Charity Ekezie,https://www.youtube.com/channel/UCyXH3yV5iAiUex_-Rc-Flgg,2026-05-08T02:56:38.874Z,48.0,2.251,2.251
Taking the stray cat from work home! #straycat #feralcat #adoptstrays #rescuecat @firstclasswhiskers,https://www.youtube.com/watch?v=jZIriC0fsbI,Cat Distribution System,https://www.youtube.com/channel/UCH_emEmwdqa6a1krfdQCPlw,2026-05-08T02:55:55.443Z,97.0,43.431,43.431
"April 22, 2026",https://www.youtube.com/watch?v=b9ecr9alh8I,CasuallyNotCasual,https://www.youtube.com/channel/UCp7Rf7o4p8wL6EQiCbF4OFA,2026-05-08T02:55:53.719Z,38.0,1.724,1.724
#felix #stay I thought it was cute and funny. 😂🥹        #humor #skz,https://www.youtube.com/watch?v=CSVI4WjaGic,Angelinee,https://www.youtube.com/channel/UC7Srg50OsUSIPchplDt2yrQ,2026-05-08T02:55:40.128Z,14.0,13.591,13.591
Leap of Faith,https://music.youtube.com/watch?v=4grq0eSBL6I,Future World Music - Topic,https://www.youtube.com/channel/UCy6ROEJ8mTbbV2oKou7adJg,2026-05-08T00:12:09.683Z,180.0,9810.445,180.0
Gothic Messiah,https://music.youtube.com/watch?v=N8tUOQUHix8,Future World Music - Topic,https://www.youtube.com/channel/UCy6ROEJ8mTbbV2oKou7adJg,2026-05-08T00:09:39.243Z,151.0,150.44,150.44
Spiritual Awakening,https://music.youtube.com/watch?v=5meLyOqjLpU,Future World Music - Topic,https://www.youtube.com/channel/UCy6ROEJ8mTbbV2oKou7adJg,2026-05-08T00:07:00.347Z,159.0,158.896,158.896
Allegiance to the World,https://music.youtube.com/watch?v=dSD5RcyrwNI,Future World Music - Topic,https://www.youtube.com/channel/UCy6ROEJ8mTbbV2oKou7adJg,2026-05-08T00:03:39.909Z,201.0,200.438,200.438
Oceans of Time,https://music.youtube.com/watch?v=ILu875d6c3Q,Future World Music - Topic,https://www.youtube.com/channel/UCy6ROEJ8mTbbV2oKou7adJg,2026-05-08T00:00:44.638Z,175.0,175.271,175.0
Battle of Babylon,https://music.youtube.com/watch?v=KX9W1g_iRr0,Future World Music - Topic,https://www.youtube.com/channel/UCy6ROEJ8mTbbV2oKou7adJg,2026-05-07T23:57:14.153Z,211.0,210.485,210.485
Victory of Life,https://music.youtube.com/watch?v=Zqkk3cD-is0,Future World Music - Topic,https://www.youtube.com/channel/UCy6ROEJ8mTbbV2oKou7adJg,2026-05-07T23:54:23.692Z,171.0,170.461,170.461
A Hero Will Rise,https://music.youtube.com/watch?v=wyUek_WZWGA,Future World Music - Topic,https://www.youtube.com/channel/UCy6ROEJ8mTbbV2oKou7adJg,2026-05-07T23:50:31.446Z,233.0,232.246,232.246
Gods and Demons,https://music.youtube.com/watch?v=uRRzgemCFBs,Future World Music - Topic,https://www.youtube.com/channel/UCy6ROEJ8mTbbV2oKou7adJg,2026-05-07T23:48:06.200Z,146.0,145.246,145.246
Anthem of the World,https://music.youtube.com/watch?v=GzRCP5JVBl8,Future World Music - Topic,https://www.youtube.com/channel/UCy6ROEJ8mTbbV2oKou7adJg,2026-05-07T23:46:10.971Z,116.0,115.229,115.229
Passion of Victory,https://music.youtube.com/watch?v=pqdH-wI5IiY,Future World Music - Topic,https://www.youtube.com/channel/UCy6ROEJ8mTbbV2oKou7adJg,2026-05-07T23:43:50.723Z,141.0,140.248,140.248
Beautiful,https://music.youtube.com/watch?v=qskFkNKVkOs,Future World Music - Topic,https://www.youtube.com/channel/UCy6ROEJ8mTbbV2oKou7adJg,2026-05-07T23:41:40.490Z,130.0,130.233,130.0
Angels of Justice,https://music.youtube.com/watch?v=v4S8HlvhIVg,Future World Music - Topic,https://www.youtube.com/channel/UCy6ROEJ8mTbbV2oKou7adJg,2026-05-07T23:39:25.266Z,136.0,135.224,135.224
Turning of the Tides,https://music.youtube.com/watch?v=WtJ0NRk_T9M,Future World Music - Topic,https://www.youtube.com/channel/UCy6ROEJ8mTbbV2oKou7adJg,2026-05-07T23:37:13.566Z,132.0,131.7,131.7
Destroy and Conquer,https://music.youtube.com/watch?v=oaXO0LHAnTo,Future World Music - Topic,https://www.youtube.com/channel/UCy6ROEJ8mTbbV2oKou7adJg,2026-05-07T23:35:03.328Z,131.0,130.238,130.238
Millennium,https://music.youtube.com/watch?v=N0A49ddhrlw,Future World Music - Topic,https://www.youtube.com/channel/UCy6ROEJ8mTbbV2oKou7adJg,2026-05-07T23:31:12.430Z,181.0,230.898,181.0
The Devil's Waltz,https://music.youtube.com/watch?v=tzkkXSa28G0,Future World Music - Topic,https://www.youtube.com/channel/UCy6ROEJ8mTbbV2oKou7adJg,2026-05-07T23:28:21.879Z,171.0,170.551,170.551
Heavy Static,https://music.youtube.com/watch?v=pEQa0SzGgmk,Future World Music - Topic,https://www.youtube.com/channel/UCy6ROEJ8mTbbV2oKou7adJg,2026-05-07T23:25:41.427Z,161.0,160.452,160.452
Wrath of the Gods,https://music.youtube.com/watch?v=5z9RZMP_DGE,Future World Music - Topic,https://www.youtube.com/channel/UCy6ROEJ8mTbbV2oKou7adJg,2026-05-07T23:23:05.860Z,156.0,155.567,155.567
Until Justice Prevails,https://music.youtube.com/watch?v=4ayk089QYB8,Future World Music - Topic,https://www.youtube.com/channel/UCy6ROEJ8mTbbV2oKou7adJg,2026-05-07T23:20:42.496Z,144.0,143.364,143.364
With Great Power,https://music.youtube.com/watch?v=Fff3L3RGyoc,Future World Music - Topic,https://www.youtube.com/channel/UCy6ROEJ8mTbbV2oKou7adJg,2026-05-07T23:17:44.047Z,179.0,178.449,178.449
Attack of the Titans,https://music.youtube.com/watch?v=BTQqWvQurRE,Future World Music - Topic,https://www.youtube.com/channel/UCy6ROEJ8mTbbV2oKou7adJg,2026-05-07T23:15:36.817Z,128.0,127.23,127.23
Dominion,https://music.youtube.com/watch?v=tzKHyLhgQ5w,Future World Music - Topic,https://www.youtube.com/channel/UCy6ROEJ8mTbbV2oKou7adJg,2026-05-07T23:12:45.812Z,171.0,171.005,171.0
Glorious Adventure,https://music.youtube.com/watch?v=eOyqX0bqS0E,Future World Music - Topic,https://www.youtube.com/channel/UCy6ROEJ8mTbbV2oKou7adJg,2026-05-07T23:10:47.578Z,119.0,118.234,118.234
Finale,https://music.youtube.com/watch?v=Txy-_PXpQPM,Future World Music - Topic,https://www.youtube.com/channel/UCy6ROEJ8mTbbV2oKou7adJg,2026-05-07T23:07:27.229Z,201.0,200.349,200.349
Messengers of Destruction,https://music.youtube.com/watch?v=lYimhSGEWEA,Future World Music - Topic,https://www.youtube.com/channel/UCy6ROEJ8mTbbV2oKou7adJg,2026-05-07T23:04:33.824Z,174.0,173.405,173.405
World of Dreams,https://music.youtube.com/watch?v=qeWjtJJg3ME,Future World Music - Topic,https://www.youtube.com/channel/UCy6ROEJ8mTbbV2oKou7adJg,2026-05-07T23:01:46.558Z,168.0,167.266,167.266
Rise of the Machines,https://music.youtube.com/watch?v=FajOQnf_n2s,Future World Music - Topic,https://www.youtube.com/channel/UCy6ROEJ8mTbbV2oKou7adJg,2026-05-07T22:59:46.329Z,120.0,120.229,120.0
"The Antichrist Is Here, You Already Know Who It Is & Why It Changes Everything | 1266",https://www.youtube.com/watch?v=5-0g9xiPp1Q,Phil Robertson,https://www.youtube.com/channel/UCHnP4h7CkxDtQXV-kEGS9FA,2026-05-07T17:00:24.824Z,3457.0,21561.505,3457.0
Who Is the Antichrist? A Biblical Explanation,https://www.youtube.com/watch?v=gmgtGm9nQZ0,1517,https://www.youtube.com/channel/UChDdMiZJv8oYMJQQx2vHSzg,2026-05-07T16:58:45.815Z,870.0,99.009,99.009
just the silliest guy #jeongin #in #straykids #straykidsedit #skz #skzedit #kpop #kpopidol,https://www.youtube.com/watch?v=UxvFpk8jE58,skzteez,https://www.youtube.com/channel/UCe4ylLPqxxfzWi3LaGvjmpw,2026-05-07T01:43:46.024Z,77.0,54899.791,77.0
"They say when you hit your 30s, you need to “find your hobby”… what about LEGO?",https://www.youtube.com/watch?v=IhV7tdGEeQs,BrickPadawan,https://www.youtube.com/channel/UCkHGsLT008Y3Fdop2TEwOcg,2026-05-07T01:43:25.093Z,23.0,20.931,20.931
Useless Kanjis                #learnjapanese #japaneseculture,https://www.youtube.com/watch?v=B_t7mtUqnh4,Real Real Japan,https://www.youtube.com/channel/UCyIhBDft5f3kj4Xcua3p3kQ,2026-05-07T01:42:58.833Z,43.0,26.26,26.26
LEARN THE ALPHABET WITH HAN!! #skz #funny #cute #kpop,https://www.youtube.com/watch?v=uj5wOX68rtc,Chang,https://www.youtube.com/channel/UCF0h4u_XUi8SbXi3xqO9sjg,2026-05-07T01:42:00.736Z,,58.097,58.097
#seungmin,https://www.youtube.com/watch?v=ukgg4hpjxKc,Straykids_lover,https://www.youtube.com/channel/UCRBYSU9jDDZIbGKiOXmcHLQ,2026-05-07T01:41:02.262Z,76.0,58.474,58.474
Stray Kids reaction to Chan voice crack 😭 #bangchan #bangchanstraykids #bangchanskz #straykids #skz,https://www.youtube.com/watch?v=idm5Yr6vQdI,BANG CHAN,https://www.youtube.com/channel/UCmEoXN2Fg5mlSWJrCgyjA4Q,2026-05-07T01:40:30.343Z,14.0,31.919,14.0
The Mariner's Revenge Song,https://music.youtube.com/watch?v=-UH7dU66u4g,The Decemberists - Topic,https://www.youtube.com/channel/UChXpxUt8xbeBBP1gUb2JD1g,2026-05-06T20:30:57.809Z,526.0,18572.534,526.0
Battle of Babylon,https://music.youtube.com/watch?v=KX9W1g_iRr0,Future World Music - Topic,https://www.youtube.com/channel/UCy6ROEJ8mTbbV2oKou7adJg,2026-05-06T20:20:32.226Z,211.0,625.583,211.0
Victory of Life,https://music.youtube.com/watch?v=Zqkk3cD-is0,Future World Music - Topic,https://www.youtube.com/channel/UCy6ROEJ8mTbbV2oKou7adJg,2026-05-06T20:17:41.959Z,171.0,170.267,170.267
A Hero Will Rise,https://music.youtube.com/watch?v=wyUek_WZWGA,Future World Music - Topic,https://www.youtube.com/channel/UCy6ROEJ8mTbbV2oKou7adJg,2026-05-06T20:13:49.732Z,233.0,232.227,232.227
Gods and Demons,https://music.youtube.com/watch?v=uRRzgemCFBs,Future World Music - Topic,https://www.youtube.com/channel/UCy6ROEJ8mTbbV2oKou7adJg,2026-05-06T20:11:24.510Z,146.0,145.222,145.222
Anthem of the World,https://music.youtube.com/watch?v=GzRCP5JVBl8,Future World Music - Topic,https://www.youtube.com/channel/UCy6ROEJ8mTbbV2oKou7adJg,2026-05-06T20:09:29.251Z,116.0,115.259,115.259
Passion of Victory,https://music.youtube.com/watch?v=pqdH-wI5IiY,Future World Music - Topic,https://www.youtube.com/channel/UCy6ROEJ8mTbbV2oKou7adJg,2026-05-06T20:07:09.033Z,141.0,140.218,140.218
Granite,https://music.youtube.com/watch?v=ZbtSGk3F1GU,Sleep Token - Topic,https://www.youtube.com/channel/UCjS9WiKfJgltFPDecfIHtDg,2026-05-06T19:21:20.637Z,226.0,2748.396,226.0
The Summoning,https://music.youtube.com/watch?v=Ywa4b2ZCnMk,Sleep Token - Topic,https://www.youtube.com/channel/UCjS9WiKfJgltFPDecfIHtDg,2026-05-06T14:01:04.745Z,396.0,19215.892,396.0
Chokehold,https://music.youtube.com/watch?v=8kf0DpAwK1A,Sleep Token - Topic,https://www.youtube.com/channel/UCjS9WiKfJgltFPDecfIHtDg,2026-05-06T13:56:00.474Z,305.0,304.271,304.271
Euclid,https://music.youtube.com/watch?v=DDdByJYUVeA,Sleep Token - Topic,https://www.youtube.com/channel/UCjS9WiKfJgltFPDecfIHtDg,2026-05-06T13:50:46.900Z,314.0,313.574,313.574
Take Me Back To Eden,https://music.youtube.com/watch?v=k8h50PjQozw,Sleep Token - Topic,https://www.youtube.com/channel/UCjS9WiKfJgltFPDecfIHtDg,2026-05-06T13:42:26.585Z,501.0,500.315,500.315
Rain,https://music.youtube.com/watch?v=7Fncun4ObQk,Sleep Token - Topic,https://www.youtube.com/channel/UCjS9WiKfJgltFPDecfIHtDg,2026-05-06T13:38:14.167Z,253.0,252.418,252.418
DYWTYLM,https://music.youtube.com/watch?v=tS1GMNMDCDM,Sleep Token - Topic,https://www.youtube.com/channel/UCjS9WiKfJgltFPDecfIHtDg,2026-05-06T13:34:12.902Z,241.0,241.265,241.0
The Apparition,https://music.youtube.com/watch?v=JYRgzsnMdnM,Sleep Token - Topic,https://www.youtube.com/channel/UCjS9WiKfJgltFPDecfIHtDg,2026-05-06T13:28:57.617Z,269.0,315.285,269.0
Are You Really Okay?,https://music.youtube.com/watch?v=GdDmR4iWP0E,Sleep Token - Topic,https://www.youtube.com/channel/UCjS9WiKfJgltFPDecfIHtDg,2026-05-06T13:23:50.485Z,307.0,307.132,307.0
Ascensionism,https://music.youtube.com/watch?v=Oqr05E-ikmU,Sleep Token - Topic,https://www.youtube.com/channel/UCjS9WiKfJgltFPDecfIHtDg,2026-05-06T13:16:41.556Z,429.0,428.929,428.929
Vore,https://music.youtube.com/watch?v=2ncWrZO1dvY,Sleep Token - Topic,https://www.youtube.com/channel/UCjS9WiKfJgltFPDecfIHtDg,2026-05-06T13:11:01.714Z,340.0,339.842,339.842
Aqua Regia,https://music.youtube.com/watch?v=-6zGOOKjGB4,Sleep Token - Topic,https://www.youtube.com/channel/UCjS9WiKfJgltFPDecfIHtDg,2026-05-06T13:07:05.461Z,237.0,236.253,236.253
Angel of the Dark,https://music.youtube.com/watch?v=dJy0y1RVH4k,Aviators - Topic,https://www.youtube.com/channel/UClczTKc98-QqAf7OHjh7Jrg,2026-05-06T12:36:55.635Z,394.0,1809.826,394.0
Painted Ashes (Overture),https://music.youtube.com/watch?v=Vedd3L9okuE,Aviators - Topic,https://www.youtube.com/channel/UClczTKc98-QqAf7OHjh7Jrg,2026-05-06T12:34:34.892Z,141.0,140.743,140.743
"Every Nazi ""Wonder Weapon"" Was Awful.",https://www.youtube.com/watch?v=cm91dLGQqIA,Sideprojects,https://www.youtube.com/channel/UC3Wn3dABlgESm8Bzn8Vamgg,2026-05-06T02:01:36.638Z,3470.0,37978.254,3470.0
What Happened to Weeki Wachee?,https://www.youtube.com/watch?v=Pa9eA5CaGuI,Sunshine State Insider,https://www.youtube.com/channel/UCWRLq5faZv83Ujb2Xpcjm5A,2026-05-06T01:46:46.240Z,943.0,890.398,890.398
"The Story Behind ""The Day The Music Died"" | Fascinating Horror",https://www.youtube.com/watch?v=yZmwk1WxvUw,Fascinating Horror,https://www.youtube.com/channel/UCFXad0mx4WxY1fXdbvtg0CQ,2026-05-06T01:34:46.321Z,711.0,719.919,711.0
The HAUNTING New Scans From Titanic,https://www.youtube.com/watch?v=R-M5fPGRVDs,Oceanliner Designs,https://www.youtube.com/channel/UCsE8PTncfn2Vga48jH46HnQ,2026-05-06T00:51:32.284Z,3525.0,2594.037,2594.037
r/ConfidentlyIncorrect - Bad Women's Anatomy™,https://www.youtube.com/watch?v=U6_Ni9ovqGM,The Click,https://www.youtube.com/channel/UCPr3T20IPZ03gU9gZ2BwM5g,2026-05-06T00:30:21.197Z,2309.0,1271.087,1271.087
SKZ Middle Line pajama fashion🥰 #han #felix #hyunjin #straykids #skz #stay #shorts #fyp,https://www.youtube.com/watch?v=2nRHICs307E,Dayls,https://www.youtube.com/channel/UCaFODgnw4JxCvqIagBYzaDw,2026-05-06T00:30:14.642Z,36.0,6.555,6.555
Never letting y'all forget this😂#Straykids #hyunjin #leeknow #Felix #jeongin #kpop #shorts #fyp,https://www.youtube.com/watch?v=PHmGk6B8FSM,Reemir,https://www.youtube.com/channel/UCUYLcvWJJ_aDYe5Hfda8-5g,2026-05-06T00:29:43.449Z,28.0,31.193,28.0
Machi Samurai              #learnjapanese #japaneseculture,https://www.youtube.com/watch?v=eAf3ZMGUMnk,Real Real Japan,https://www.youtube.com/channel/UCyIhBDft5f3kj4Xcua3p3kQ,2026-05-06T00:29:35.791Z,59.0,7.658,7.658
Actor’s gentlemanly behavior #koreanactor #actor #ahnhyoseop #fyp #start,https://www.youtube.com/watch?v=XalRTm5pw1s,Waller Terrell,https://www.youtube.com/channel/UCGyn3449bfHYddmTzsipkQg,2026-05-06T00:28:44.606Z,57.0,51.185,51.185
Conserving a Banned Poster!,https://www.youtube.com/watch?v=z2sPoZSNal8,Fourth Cone Restoration,https://www.youtube.com/channel/UCvvvkkWPJAmQvjycsZ6lzxw,2026-05-06T00:28:29.084Z,83.0,15.522,15.522
Black cat owner be like#funnycats #funnyanimals#petvideos#cat #funnyshorts #shortsfeeds #viralshorts,https://www.youtube.com/watch?v=7XjCz_FC1qM,furballbaby,https://www.youtube.com/channel/UCe61DpGMRWSkr3fGBSZvmnw,2026-05-06T00:28:24.068Z,67.0,5.016,5.016
Which route would you take?,https://www.youtube.com/watch?v=lXjUmd1sxXU,Champ Moto,https://www.youtube.com/channel/UCn7oDn1DqECnJOh3t5VVfyw,2026-05-06T00:28:19.746Z,15.0,4.322,4.322
Actors' last scenes ever,https://www.youtube.com/watch?v=6_OBoQvr9L4,Featurama,https://www.youtube.com/channel/UCjiF98bZdp9LsLguwLxs_pQ,2026-05-06T00:27:57.927Z,36.0,21.819,21.819
bangchan forgetting song lyrics #bangchan #bangchanstraykids #bangchanskz #straykids #skz,https://www.youtube.com/watch?v=OkE24Fz_nXA,BANG CHAN,https://www.youtube.com/channel/UCmEoXN2Fg5mlSWJrCgyjA4Q,2026-05-06T00:27:50.604Z,60.0,7.323,7.323
immediately bowed to Grandma—such a true gentleman 🥹 #gentleman #respect #wholesome #kpop #parkjimin,https://www.youtube.com/watch?v=B7Mr0Pt7zFs,𝒥𝑀×𝑀𝒾𝓷⁷ ,https://www.youtube.com/channel/UC63DlGIDwQB2ZZRhzr4eqtw,2026-05-06T00:27:40.852Z,12.0,9.752,9.752
Hajimemashite #learnjapanese #japaneseculture,https://www.youtube.com/watch?v=4IRmW_PcAcw,Real Real Japan,https://www.youtube.com/channel/UCyIhBDft5f3kj4Xcua3p3kQ,2026-05-06T00:26:42.189Z,49.0,58.663,49.0
Changbin was really enjoying💪😭 #changbin #hyunjin #i_n #straykids #skz,https://www.youtube.com/watch?v=YAkR5WuH-JE,Skz’ Mom,https://www.youtube.com/channel/UCCXhM3SSNnVkztMs-_bYARg,2026-05-06T00:26:10.586Z,56.0,31.603,31.603
Bang Chan and Hyunjin dance so wonderfully. Red Lights! ❤️🔥 #StrayKids #스트레이키즈 #YouMakeStrayKids,https://www.youtube.com/watch?v=mJ2IgS7SuQE,Karolina,https://www.youtube.com/channel/UC40FYNyoIclt5LRXe1UHcww,2026-05-06T00:26:00.340Z,24.0,10.246,10.246
Taking my Black Friend to Bass Pro Shop,https://www.youtube.com/watch?v=heOjCxfwYbQ,Tbone & Solo ,https://www.youtube.com/channel/UCWBBoHrCi1jd3AgweQxmB_A,2026-05-06T00:25:50.255Z,62.0,10.085,10.085
skz tour ain't for 🔞😂!! #straykids #chan #hyunjin #ytshorts,https://www.youtube.com/watch?v=TXn78zz4LNI,FELIX♥️ LOVES ♥️ STAYS,https://www.youtube.com/channel/UCw6Gmsib4ta2KGjzd1QkLNw,2026-05-06T00:25:43.641Z,40.0,6.614,6.614
I swear I get more Autistic when I’m around Autistic people 🤣🧠 #neurodivergent #autism,https://www.youtube.com/watch?v=l6o413vpWIU,ADHD Love ,https://www.youtube.com/channel/UCI7FAn9t-xxugYmX8w84PTw,2026-05-06T00:25:42.308Z,13.0,1.333,1.333
Gothic Messiah,https://music.youtube.com/watch?v=N8tUOQUHix8,Future World Music - Topic,https://www.youtube.com/channel/UCy6ROEJ8mTbbV2oKou7adJg,2026-05-06T00:25:18.971Z,151.0,23.337,23.337
Spiritual Awakening,https://music.youtube.com/watch?v=5meLyOqjLpU,Future World Music - Topic,https://www.youtube.com/channel/UCy6ROEJ8mTbbV2oKou7adJg,2026-05-06T00:22:40.312Z,159.0,158.659,158.659
Allegiance to the World,https://music.youtube.com/watch?v=dSD5RcyrwNI,Future World Music - Topic,https://www.youtube.com/channel/UCy6ROEJ8mTbbV2oKou7adJg,2026-05-06T00:19:20.201Z,201.0,200.111,200.111
Oceans of Time,https://music.youtube.com/watch?v=ILu875d6c3Q,Future World Music - Topic,https://www.youtube.com/channel/UCy6ROEJ8mTbbV2oKou7adJg,2026-05-06T00:16:24.825Z,175.0,175.376,175.0
Battle of Babylon,https://music.youtube.com/watch?v=KX9W1g_iRr0,Future World Music - Topic,https://www.youtube.com/channel/UCy6ROEJ8mTbbV2oKou7adJg,2026-05-06T00:12:54.592Z,211.0,210.233,210.233
Victory of Life,https://music.youtube.com/watch?v=Zqkk3cD-is0,Future World Music - Topic,https://www.youtube.com/channel/UCy6ROEJ8mTbbV2oKou7adJg,2026-05-06T00:10:04.352Z,171.0,170.24,170.24
A Hero Will Rise,https://music.youtube.com/watch?v=wyUek_WZWGA,Future World Music - Topic,https://www.youtube.com/channel/UCy6ROEJ8mTbbV2oKou7adJg,2026-05-06T00:06:12.122Z,233.0,232.23,232.23
Gods and Demons,https://music.youtube.com/watch?v=uRRzgemCFBs,Future World Music - Topic,https://www.youtube.com/channel/UCy6ROEJ8mTbbV2oKou7adJg,2026-05-06T00:03:46.994Z,146.0,145.128,145.128
Anthem of the World,https://music.youtube.com/watch?v=GzRCP5JVBl8,Future World Music - Topic,https://www.youtube.com/channel/UCy6ROEJ8mTbbV2oKou7adJg,2026-05-06T00:01:51.672Z,116.0,115.322,115.322
Passion of Victory,https://music.youtube.com/watch?v=pqdH-wI5IiY,Future World Music - Topic,https://www.youtube.com/channel/UCy6ROEJ8mTbbV2oKou7adJg,2026-05-05T23:59:31.436Z,141.0,140.236,140.236
Beautiful,https://music.youtube.com/watch?v=qskFkNKVkOs,Future World Music - Topic,https://www.youtube.com/channel/UCy6ROEJ8mTbbV2oKou7adJg,2026-05-05T23:57:21.198Z,130.0,130.238,130.0
Angels of Justice,https://music.youtube.com/watch?v=v4S8HlvhIVg,Future World Music - Topic,https://www.youtube.com/channel/UCy6ROEJ8mTbbV2oKou7adJg,2026-05-05T23:55:05.972Z,136.0,135.226,135.226
Turning of the Tides,https://music.youtube.com/watch?v=WtJ0NRk_T9M,Future World Music - Topic,https://www.youtube.com/channel/UCy6ROEJ8mTbbV2oKou7adJg,2026-05-05T23:52:54.289Z,132.0,131.683,131.683
Destroy and Conquer,https://music.youtube.com/watch?v=oaXO0LHAnTo,Future World Music - Topic,https://www.youtube.com/channel/UCy6ROEJ8mTbbV2oKou7adJg,2026-05-05T23:50:44.065Z,131.0,130.224,130.224
Millennium,https://music.youtube.com/watch?v=N0A49ddhrlw,Future World Music - Topic,https://www.youtube.com/channel/UCy6ROEJ8mTbbV2oKou7adJg,2026-05-05T23:47:43.822Z,181.0,180.243,180.243
The Devil's Waltz,https://music.youtube.com/watch?v=tzkkXSa28G0,Future World Music - Topic,https://www.youtube.com/channel/UCy6ROEJ8mTbbV2oKou7adJg,2026-05-05T23:44:52.981Z,171.0,170.841,170.841
Heavy Static,https://music.youtube.com/watch?v=pEQa0SzGgmk,Future World Music - Topic,https://www.youtube.com/channel/UCy6ROEJ8mTbbV2oKou7adJg,2026-05-05T23:42:12.305Z,161.0,160.676,160.676
Wrath of the Gods,https://music.youtube.com/watch?v=5z9RZMP_DGE,Future World Music - Topic,https://www.youtube.com/channel/UCy6ROEJ8mTbbV2oKou7adJg,2026-05-05T23:39:36.481Z,156.0,155.824,155.824
Until Justice Prevails,https://music.youtube.com/watch?v=4ayk089QYB8,Future World Music - Topic,https://www.youtube.com/channel/UCy6ROEJ8mTbbV2oKou7adJg,2026-05-05T22:22:17.698Z,144.0,4638.783,144.0
With Great Power,https://music.youtube.com/watch?v=Fff3L3RGyoc,Future World Music - Topic,https://www.youtube.com/channel/UCy6ROEJ8mTbbV2oKou7adJg,2026-05-05T22:19:19.009Z,179.0,178.689,178.689
Attack of the Titans,https://music.youtube.com/watch?v=BTQqWvQurRE,Future World Music - Topic,https://www.youtube.com/channel/UCy6ROEJ8mTbbV2oKou7adJg,2026-05-05T22:17:11.525Z,128.0,127.484,127.484
Dominion,https://music.youtube.com/watch?v=tzKHyLhgQ5w,Future World Music - Topic,https://www.youtube.com/channel/UCy6ROEJ8mTbbV2oKou7adJg,2026-05-05T22:14:20.365Z,171.0,171.16,171.0
Glorious Adventure,https://music.youtube.com/watch?v=eOyqX0bqS0E,Future World Music - Topic,https://www.youtube.com/channel/UCy6ROEJ8mTbbV2oKou7adJg,2026-05-05T22:12:21.913Z,119.0,118.452,118.452
Finale,https://music.youtube.com/watch?v=Txy-_PXpQPM,Future World Music - Topic,https://www.youtube.com/channel/UCy6ROEJ8mTbbV2oKou7adJg,2026-05-05T22:09:01.380Z,201.0,200.533,200.533
Messengers of Destruction,https://music.youtube.com/watch?v=lYimhSGEWEA,Future World Music - Topic,https://www.youtube.com/channel/UCy6ROEJ8mTbbV2oKou7adJg,2026-05-05T22:06:07.735Z,174.0,173.645,173.645
World of Dreams,https://music.youtube.com/watch?v=qeWjtJJg3ME,Future World Music - Topic,https://www.youtube.com/channel/UCy6ROEJ8mTbbV2oKou7adJg,2026-05-05T22:03:20.217Z,168.0,167.518,167.518
Rise of the Machines,https://music.youtube.com/watch?v=FajOQnf_n2s,Future World Music - Topic,https://www.youtube.com/channel/UCy6ROEJ8mTbbV2oKou7adJg,2026-05-05T22:01:19.736Z,120.0,120.481,120.0
Leap of Faith,https://music.youtube.com/watch?v=4grq0eSBL6I,Future World Music - Topic,https://www.youtube.com/channel/UCy6ROEJ8mTbbV2oKou7adJg,2026-05-05T21:58:19.301Z,180.0,180.435,180.0
Stardust,https://music.youtube.com/watch?v=1UIM-U8yStA,Lilith Max - Topic,https://www.youtube.com/channel/UCyZz3M9A6v_sMSqiaIBH4Hw,2026-05-05T20:30:31.563Z,205.0,5267.738,205.0
Born to Die,https://music.youtube.com/watch?v=jsa8WB38ZTI,Lilith Max - Topic,https://www.youtube.com/channel/UCyZz3M9A6v_sMSqiaIBH4Hw,2026-05-05T20:28:14.429Z,137.0,137.134,137.0
Am I Free,https://music.youtube.com/watch?v=LNfCO7MFh2s,Lilith Max - Topic,https://www.youtube.com/channel/UCyZz3M9A6v_sMSqiaIBH4Hw,2026-05-05T20:25:51.157Z,143.0,143.272,143.0
Calling on the Wind (Tavern Talk Original Game Soundtrack),https://music.youtube.com/watch?v=DtPVOi7u0CU,Filippo Beck Peccoz - Topic,https://www.youtube.com/channel/UCVkiPdfQpkpbVfpyiYvH5vw,2026-05-05T20:20:20.358Z,198.0,330.799,198.0
The Cautionary Tale,https://music.youtube.com/watch?v=vEehRJJX794,Lilith Max - Topic,https://www.youtube.com/channel/UCyZz3M9A6v_sMSqiaIBH4Hw,2026-05-05T20:16:32.823Z,228.0,227.535,227.535
Seungmin always starts it 👀 #seungmin#changbin#seungbin#straykids#skz#skzstay#straykidsstay,https://www.youtube.com/watch?v=x13a-vSlerw,Struck Panda,https://www.youtube.com/channel/UCvJreyWjMI33vmHCRSM0tNQ,2026-05-05T20:11:32.610Z,13.0,300.213,13.0
Kpop Idols Forgetting They're On Camera 😭💀,https://www.youtube.com/watch?v=a6-LOrt9E4Q,Replay K-Pop Daily,https://www.youtube.com/channel/UCufVrvg4IJ9TSlBEmvbY8NA,2026-05-05T20:11:30.853Z,85.0,1.757,1.757
나는 왜 웃고있지,https://www.youtube.com/watch?v=H79vsCL_vZg,슼키슼키즈,https://www.youtube.com/channel/UCc1cWUo7ktQ5PO9JU-Jn1wg,2026-05-05T20:11:28.497Z,37.0,2.356,2.356
"i miss them sm, i hope theyre good 💗 #kpop #viral #trendingshorts #fypシ゚viral #keşfet #kpopfypシ",https://www.youtube.com/watch?v=4YDaDNowU1o,𝗪𝗶𝗻𝗳𝗹𝗼𝗿𝗶𝗲 ୨ৎ,https://www.youtube.com/channel/UCdOyvnc83YKqR75svzA6uMg,2026-05-05T20:11:26.694Z,40.0,1.803,1.803
I like these as shirts more than stickers,https://www.youtube.com/watch?v=cNKMdkxwWx4,Winterstar Art,https://www.youtube.com/channel/UCMrEtkSdyhy0u2l0cERoFdg,2026-05-05T20:11:23.698Z,32.0,2.996,2.996
Seb 🔥🔥...#sebastian #vettel #formula1 #motorsport  #f1 #cutereaction #automobile #seb #worldchampion,https://www.youtube.com/watch?v=qgfBLpktgOY,Moto_expert,https://www.youtube.com/channel/UCBL9bk74nQ2A7M0lpAYMuvQ,2026-05-05T20:11:14.332Z,18.0,9.366,9.366
Have you ever seen a sheepdog working? #sheepdog#BorderCollie#USA#fyp#herdingsheep,https://www.youtube.com/watch?v=CQhpwENbxsk,Alicia Flores,https://www.youtube.com/channel/UC7O-4XMee9HRYdSOIw3ksBA,2026-05-05T20:11:13.010Z,60.0,1.322,1.322
Carabinieri 🫡 One of my favorites 🇮🇹 #carabinieri #streetphotography #police,https://www.youtube.com/watch?v=biK_BCMwklg,Printographer1,https://www.youtube.com/channel/UCe8i5WPNsihEYeA4m2t-zGg,2026-05-05T20:11:07.498Z,42.0,5.512,5.512
I miss you the most.🥟🐥🥹#hyunjin #felix #hyunlix #hyunlixmoment,https://www.youtube.com/watch?v=8UV1fNmAVtg,Strayhyunlix22,https://www.youtube.com/channel/UCWV3svrq8cor6ePjU8lxNVA,2026-05-05T20:10:57.315Z,35.0,10.183,10.183
"GameStop Makes $56 Billion Bid for eBay, Four Times Its Size",https://www.youtube.com/watch?v=5zjrEZhPyVc,Bloomberg News,https://www.youtube.com/channel/UChirEOpgFCupRAk5etXqPaA,2026-05-05T20:10:55.659Z,67.0,1.656,1.656
Sneaking a dog into class and getting caught,https://www.youtube.com/watch?v=jDAgqaHQ8WU,Matthew Pittman,https://www.youtube.com/channel/UC8a7fQFdXOB1ZaUL5QfPrZA,2026-05-05T20:10:52.453Z,26.0,3.206,3.206
Chatt I'm soft for them💗😭 #hanjisung #leeknow #straykids #minsung #shorts #skz,https://www.youtube.com/watch?v=cXnrBVNXb6Q,MinsungCore,https://www.youtube.com/channel/UCnsG1GhX1o8VCXN_jepFtWw,2026-05-05T20:10:28.637Z,60.0,23.816,23.816
he loves his kids so much 😭 #bangchan #bangchanstraykids #straykids #skz,https://www.youtube.com/watch?v=GEQcOj34rd0,BANG CHAN,https://www.youtube.com/channel/UCmEoXN2Fg5mlSWJrCgyjA4Q,2026-05-05T20:10:12.778Z,16.0,15.859,15.859
#straykidsenayisistay#leeknow#multistan,https://www.youtube.com/watch?v=PfE0VPyde3o,A l o n e   G i r l🫀,https://www.youtube.com/channel/UC2ZQNMjW054erqTQRpT7K0Q,2026-05-05T20:09:50.816Z,14.0,21.962,14.0
Chan’s voice cracking and Han’s reaction at the back #bangchan #bangchanstraykids #straykids #skz,https://www.youtube.com/watch?v=sb1BTaSVm0w,BANG CHAN,https://www.youtube.com/channel/UCmEoXN2Fg5mlSWJrCgyjA4Q,2026-05-05T20:09:22.274Z,28.0,28.542,28.0
Not the first time hunting for thousands of dollars worth of equipment. Not the last time.,https://www.youtube.com/watch?v=g0C1IsU9BdI,Beth & Coop | Life Raising a Deaf Child,https://www.youtube.com/channel/UCOBWLUNlTRcP0HSDVefYNMg,2026-05-05T20:09:02.760Z,78.0,19.514,19.514
MATURE BALLET VARIATIONS FOR CHILDREN? 🙏 #ballet,https://www.youtube.com/watch?v=g6rqgQVGXuI,Ballet With Isabella,https://www.youtube.com/channel/UC8Y1j2u9rKpeBa8euC0m-TA,2026-05-05T20:08:53.503Z,63.0,9.257,9.257
One of the worst night for the kpop idols #kpop #kpopstage #viral,https://www.youtube.com/watch?v=zCgzF8nhXUc,NewGDive,https://www.youtube.com/channel/UCoXaFbAyshJI8NInxivSZfg,2026-05-05T20:07:24.031Z,47.0,89.472,47.0
This Old Design Still Beats Modern Pipes 🌧️⛓️,https://www.youtube.com/watch?v=oZ2M1FoEcr8,Learn Through Tunes,https://www.youtube.com/channel/UCSBLUnf1fB0p-8uGJpJTCcg,2026-05-05T20:07:22.297Z,35.0,1.734,1.734
My parents think it’s a terrible idea! W u trust Fern and I to jump over u? Pls tell me⬇️💖#horse,https://www.youtube.com/watch?v=iXeRnBIl7wU,Claire. Equus,https://www.youtube.com/channel/UCmBApBEhA-3tgwb4b8yIBNA,2026-05-05T20:07:21.049Z,25.0,1.248,1.248
Even Police Dogs “Slack Off” at Work？😂🐶#funnydogs #doglife#doglover #cutedog#shorts,https://www.youtube.com/watch?v=-hX-n0ORAz8,No Chill Dogs,https://www.youtube.com/channel/UCS6ver33uJpejxchFwsJBdw,2026-05-05T20:06:55.430Z,66.0,25.619,25.619
The Navy SEALs'terrible nickname,https://www.youtube.com/watch?v=JqgjMWMyuvw,Speers Codling,https://www.youtube.com/channel/UCxYpAdO95Z4ocrL-ZpeEmaw,2026-05-05T20:06:53.843Z,,1.587,1.587
Friendships that refresh the soul ♥️,https://www.youtube.com/watch?v=eH17N_F60IA,DenverChurchofChrist,https://www.youtube.com/channel/UCUA2LPoKCK61NhuI7aNjMQA,2026-05-05T20:06:46.199Z,7.0,7.644,7.0
PART 1! Han's privileges are so strong #minsung #hanjisung #leenknow #han,https://www.youtube.com/watch?v=n6voKXx0_TY,MINSUNGVERSE🏳️‍🌈,https://www.youtube.com/channel/UC1hpQ7VoCtQGBqtNIe_lpMQ,2026-05-05T20:06:44.604Z,62.0,1.595,1.595
THE Original V.S. What I hear! (PART-1) 😛❤️✨ #straykids #chaos #sillykids #funny #skzedit,https://www.youtube.com/watch?v=7DgGLLbIt4k,STRAY KIDS CORNER,https://www.youtube.com/channel/UCEJVDU7Es1-Jl4z99eibsNA,2026-05-05T20:06:35.201Z,60.0,9.403,9.403
#love #muralproject #art #artist #oilpainting #painting #loveart #darkacademia #arthistory #nyc,https://www.youtube.com/watch?v=AKhRtROTQvE,Harris.Earls1,https://www.youtube.com/channel/UCr3G_DTYfNUgHZCA--hFJbg,2026-05-05T20:06:16.178Z,16.0,19.023,16.0
when you’re in a freeze onstage and your castmate trolls you 🤡 #hamilton #pov #theatre #broadway,https://www.youtube.com/watch?v=4mYFKitCCZY,JJ Niemann,https://www.youtube.com/channel/UCNRXjlznsqxKoZEttepjkRw,2026-05-05T20:06:08.404Z,28.0,7.774,7.774
Stray Kids and their voice cracks #straykids #skz,https://www.youtube.com/watch?v=wfRKiu7ymRA,BANG CHAN,https://www.youtube.com/channel/UCmEoXN2Fg5mlSWJrCgyjA4Q,2026-05-05T20:05:15.374Z,52.0,53.03,52.0
Stay Kids x Josh Harmon doing acoustic CHK CHK BOOM💥 #straykids #skz,https://www.youtube.com/watch?v=bvzadnRh9s0,Skz’ Mom,https://www.youtube.com/channel/UCCXhM3SSNnVkztMs-_bYARg,2026-05-05T20:05:13.440Z,46.0,1.934,1.934
Remember when they tried to prank the others but got pranked back😂 #hyunjin #felix #straykids #skz,https://www.youtube.com/watch?v=9DBdugoIhKQ,straykidsfrstay,https://www.youtube.com/channel/UC02jPNiDr9dT82-1EbG-93w,2026-05-05T20:05:08Z,15.0,5.44,5.44
Poor innie bro his luck didn't try ONCE 😔 #straykids #minsung #hyunchan #changlix #seungin #gay,https://www.youtube.com/watch?v=WBSAQoadvxM,Lee Know Unofficial,https://www.youtube.com/channel/UCe9RjhIXkkk7xP3mWm-LUUg,2026-05-05T20:04:59.282Z,58.0,8.718,8.718
leeknow was offended 🤗💔🤞🏻#minsung,https://www.youtube.com/watch?v=sq4ea-0vLLw,jeonginee,https://www.youtube.com/channel/UCB6UFNfHFSi-xFmYZvAkymA,2026-05-05T20:04:57.041Z,8.0,2.241,2.241
Too cute 🫶 #shorts #skz #foryou,https://www.youtube.com/watch?v=9vb0ItuH19o,Magical World,https://www.youtube.com/channel/UCFeNbcER5mDyWg1D0l06Jsw,2026-05-05T20:04:54.280Z,14.0,2.761,2.761
"When his wife brought home a box of kittens, her “allergic” husband... 😂🧔📦#rescue #lovestory",https://www.youtube.com/watch?v=a7oCEMPjgfc,They Found Their Way Home,https://www.youtube.com/channel/UCBeklrQRb1H1pB61wRkc1Nw,2026-05-05T20:04:51.617Z,60.0,2.663,2.663
The Med Tent at Music Festivals,https://www.youtube.com/watch?v=83W_iThn1CY,Electric Medic,https://www.youtube.com/channel/UCP9EIANy1tgS9yMn_Vmthsg,2026-05-05T20:04:31.604Z,60.0,20.013,20.013
not what i expected but how beautiful is the new horse??! ;) #fyp #shorts,https://www.youtube.com/watch?v=b4iHIGgQdX8,Kind Hoof Care,https://www.youtube.com/channel/UCS7oesJlzpP3hDu29Zi5TYA,2026-05-05T20:03:43.500Z,61.0,48.104,48.104
누가 지니렛 드 현진의 머리를 망쳤을까? #StrayKids #스트레이키즈 #스키즈코드 #SKZCODE #세리머리 #CEREMONYHairSalon,https://www.youtube.com/watch?v=vXnvqZxm4Fg,Stray Kids,https://www.youtube.com/channel/UC9rMiEjNaCSsebs31MRDCRA,2026-05-05T20:03:33.526Z,27.0,9.974,9.974
Reading Japanese names during my first soccer match! ⚽️🎙️📋🇯🇵💮💭 #japan #soccer #football,https://www.youtube.com/watch?v=g3Vpb_RAPRE,Queen Noveen,https://www.youtube.com/channel/UCK3GF5k4tUV6v6TBuvpG-Xw,2026-05-05T20:03:11.687Z,41.0,21.839,21.839
this whole moment of bang chan’s ripped pants was hilarious 😭 #bangchan #straykids #skz,https://www.youtube.com/watch?v=7OcijXPF7IU,BANG CHAN,https://www.youtube.com/channel/UCmEoXN2Fg5mlSWJrCgyjA4Q,2026-05-05T20:02:21.358Z,72.0,50.329,50.329
Gotta hit the sad hip thrusts when im dihpressed😔🙏. #skz #straykids #silentcry #kpopfypシ,https://www.youtube.com/watch?v=tkMATkWPWfI,ᴊ.ᴏɴᴇᴢᴏɴᴇ ★,https://www.youtube.com/channel/UClCoH_J9hPmSfp_bLE10mjg,2026-05-05T20:01:55.062Z,33.0,26.296,26.296
poor i.n #SKZ #i.n #hyunjin #changbin #kpop #skznew,https://www.youtube.com/watch?v=nZtOnDxzucE,hannieedits,https://www.youtube.com/channel/UCVzkvjQMaETnRddOeHcIfNw,2026-05-05T20:01:24.233Z,31.0,30.829,30.829
Say no more🙈,https://www.youtube.com/watch?v=nXz2ea9fg2Q,Ellis Liversidge Golf,https://www.youtube.com/channel/UCWjQRCiu-ZN38sgyDrGJovA,2026-05-05T20:01:23.170Z,31.0,1.063,1.063
Pilates Racha😆 #changbin #hyunjin #i_n #straykids #skz #jeongin #changbinskz ,https://www.youtube.com/watch?v=pIPIvXTlnNo,Skz’ Mom,https://www.youtube.com/channel/UCCXhM3SSNnVkztMs-_bYARg,2026-05-05T20:00:38.583Z,31.0,44.587,31.0
How’d this crash happen? #ryankelly #comedy #funny #cars #racing #shorts,https://www.youtube.com/watch?v=CpwC9o0Z708,Ryan Kelly Comedy,https://www.youtube.com/channel/UCXxCruD2b-S0P2k9D-wqKZQ,2026-05-05T20:00:35.887Z,19.0,2.696,2.696
창빈 코어: (열일) #StrayKids #스트레이키즈 #YouMakeStrayKidsStay,https://www.youtube.com/watch?v=bZV9SSdEQUg,Stray Kids,https://www.youtube.com/channel/UC9rMiEjNaCSsebs31MRDCRA,2026-05-05T19:59:59.312Z,12.0,36.575,12.0
Is this the best pet life hack or what?! #sneakycat #funnycatmeme #crazypets #lifehack,https://www.youtube.com/watch?v=NS5Tp2PdHd8,Cheezburger,https://www.youtube.com/channel/UC7yaJ-NrERGY28nxi9-v1Rg,2026-05-05T19:59:38.105Z,21.0,21.207,21.0
Why is ski patrol patting me down...,https://www.youtube.com/watch?v=eBv4LkS6tFA,Chris Arslan Productions,https://www.youtube.com/channel/UCYnCuIC23trU2MLPNri3IpA,2026-05-05T19:59:36.682Z,77.0,1.423,1.423
Definitely lives in the parking lot,https://www.youtube.com/watch?v=MP9YIfuddWU,Drunkstronauts,https://www.youtube.com/channel/UCp64r5NGhm2rUcw7DFfV-DA,2026-05-05T19:59:31.944Z,39.0,4.738,4.738
borzoi raised by silken windhound 😱 #borzoi #silkenwindhound #lol,https://www.youtube.com/watch?v=5kbz2REhCUs,Cleolonglegs,https://www.youtube.com/channel/UCSk-ObEYne6m_DiFw6MGV_g,2026-05-05T19:59:15.046Z,74.0,16.898,16.898
when a talking cat has to shower  ❤️ #CHARALS #boyfriend #catsofyoutube #weird #shorts #viral,https://www.youtube.com/watch?v=lgCx7wOS0Ng,Merv the Cat (...& Chad),https://www.youtube.com/channel/UC2pJiqq1DE5P3qbFvqVpW1g,2026-05-05T19:59:06.178Z,23.0,8.868,8.868
NOT MY VIDEO #rue #thehungergames #hungergames,https://www.youtube.com/watch?v=NC1FOzGjqyo,Axo_otl,https://www.youtube.com/channel/UCOgsLQGG43ZddRVajmTpKHw,2026-05-05T19:58:43.231Z,47.0,22.947,22.947
Mike Tyson 2.0 🥊🥊 #boxing #boxingtraining #mma #coreworkout #kickboxing #motivation #strongwomen,https://www.youtube.com/watch?v=50GwPC2LLn8,Tuấn Đỗ,https://www.youtube.com/channel/UCai4Zrul_KVTCwy60ZVRJcA,2026-05-05T19:58:39.551Z,60.0,3.68,3.68
“drapes please” #medicalstudent #doctor #doctors #doctorlife #nurse #nurses #nursing #nurselife,https://www.youtube.com/watch?v=lIowTDwEo9M,Hunter Norton,https://www.youtube.com/channel/UC296HsBWWaY9BeyoqaRytuQ,2026-05-05T19:57:38.345Z,61.0,61.206,61.0
The stoke after lacing this entire line 🤯,https://www.youtube.com/watch?v=rHzLSKWByFw,GoPro Snow,https://www.youtube.com/channel/UCtRScQkUDkjOXtmX0JoXZXQ,2026-05-05T19:57:30.550Z,90.0,7.795,7.795
My groupchat #danielsloss #standup #standupcomedy #funny #streammyspecials,https://www.youtube.com/watch?v=Eizo4eHEhmo,Daniel Sloss,https://www.youtube.com/channel/UCuiLwd-45fhOq94CKuKJX6A,2026-05-05T19:57:29.208Z,136.0,1.342,1.342
😂#student #studentlife #schoollife #school #teachers #teacherbelike,https://www.youtube.com/watch?v=qm26_hx28ho,Егор бро столповский,https://www.youtube.com/channel/UCJkNuWMp4Nmoaxk2Q03EBag,2026-05-05T19:57:04.313Z,24.0,24.895,24.0
Replying to @Florizette_Art&Illustration do cats multiply by mitosis or what? 😅 #cat @amys_vlog777,https://www.youtube.com/watch?v=hM_NAniS8cQ,Kitty Lover ,https://www.youtube.com/channel/UCPuyk6UVLs9D3UPSiVhQF7w,2026-05-05T19:56:50.689Z,13.0,13.624,13.0
Every single overly dramatic Firefighting TV show #firefighter #show #legs,https://www.youtube.com/watch?v=NZo7mrcw_ZA,Fire Department Chronicles,https://www.youtube.com/channel/UCZbWCodPFwH2QQn772QnUxQ,2026-05-05T19:56:32.959Z,30.0,17.73,17.73
"Welcome to the Scottish Highlands, Scotland! 🏴󠁧󠁢󠁳󠁣󠁴󠁿 Tourist season is here 🫣👍🏴󠁧󠁢󠁳󠁣󠁴󠁿",https://www.youtube.com/watch?v=2KekLpqsj2w,Highlands Uncovered,https://www.youtube.com/channel/UCCmj3YfGH_UUXOJo-AXml3A,2026-05-05T19:56:30.489Z,31.0,2.47,2.47
Part II of Harry’s pitch of Matt. Soo funny 😆 #datingchicago #pitchandpair,https://www.youtube.com/watch?v=LQrK7mVe8xA,Pitch and Pair,https://www.youtube.com/channel/UCHH_Ax4Eqm7x4ffAaWyNdfg,2026-05-05T19:56:29.405Z,97.0,1.084,1.084
Don’t we just love the Scotts!! 🏴󠁧󠁢󠁳󠁣󠁴󠁿 #funny #memeclip #memehub #scottishmeme #funnymemes,https://www.youtube.com/watch?v=nWUUAE1bCqI,Wilfred Webster,https://www.youtube.com/channel/UCtl2PowYf8DFhcUjA-TmusA,2026-05-05T19:56:28.345Z,71.0,1.06,1.06
United Aircraft Hits A TRUCK!,https://www.youtube.com/watch?v=0l9gRvZWy84,Mentour Pilot,https://www.youtube.com/channel/UCwpHKudUkP5tNgmMdexB3ow,2026-05-05T19:55:08.495Z,170.0,79.85,79.85
Квартиранты коты 😂. #животные #юмор,https://www.youtube.com/watch?v=2y_cpVZ6_mc,Позывной Медиа ,https://www.youtube.com/channel/UCvQCpepJkONLirvp7Rq5oGg,2026-05-05T19:54:49.253Z,61.0,19.242,19.242
he’s so funny #felix #straykids #skz #kpop #kpopedit #leefelix #stay,https://www.youtube.com/watch?v=ZVxVzH1mYOw,skzteez,https://www.youtube.com/channel/UCe4ylLPqxxfzWi3LaGvjmpw,2026-05-05T19:54:44.272Z,70.0,4.981,4.981
Firefighter Training Is Intense 🥵,https://www.youtube.com/watch?v=zu-tGzl1xtA,Red Bull,https://www.youtube.com/channel/UCblfuW_4rakIf2h6aqANefA,2026-05-05T19:54:28.331Z,78.0,15.941,15.941
Sometimes the customer describes the issue accurately #costumerstates #mechanic #vehicle #funny,https://www.youtube.com/watch?v=pClx3C4vfq8,Absurd Assembly,https://www.youtube.com/channel/UCJTEtP4BnKfKs9VFPfQ2rfA,2026-05-05T19:54:26.697Z,60.0,1.634,1.634
Cats are smarest animal?!😳,https://www.youtube.com/watch?v=O7M3W7dP6ww,Noam bilbik & Geri bilbik,https://www.youtube.com/channel/UChGlYCVX1aveUB62164PApQ,2026-05-05T19:54:18.810Z,69.0,7.887,7.887
Different types of my child: feral kids👧👦#funny #fyp #kids #feralkids #toddlers #feral #family,https://www.youtube.com/watch?v=Q1JKgsk3kTc,A Pocket of Sunshine ☀️ ,https://www.youtube.com/channel/UCB15GhKSLXOlgzrUEgpFAMg,2026-05-05T19:53:10.111Z,73.0,68.699,68.699
Horse with attitude #funny #horse #horseontiktok #funnyvideos #fyp,https://www.youtube.com/watch?v=71qxvbA1MA0,Jenna Pamela,https://www.youtube.com/channel/UC0qxt2wreDDveTVH__czMjQ,2026-05-05T19:53:01.457Z,,8.654,8.654
Lisa's reaction upon first seeing the outfit she will wear to the #metgala 2026 #lisa #blackpink,https://www.youtube.com/watch?v=y66VSb8PDDA,Danny,https://www.youtube.com/channel/UCprGeQYJcD3mHouwDeZBc8A,2026-05-05T19:52:56.815Z,20.0,4.642,4.642
Still want to be a sailor? #CrazySea #FunnyMoments #OceanLife #POV,https://www.youtube.com/watch?v=96CjxlCMER8,Petbabytime15,https://www.youtube.com/channel/UCoNXT4KpfCP_bkkoaclYDLQ,2026-05-05T19:52:52.565Z,60.0,4.25,4.25
What I brought VS what sold #crochet #crochetmarket #results #craftmarket #market,https://www.youtube.com/watch?v=Dkq93xbYct8,TheCrochetGinger,https://www.youtube.com/channel/UCCy0Maymy4YqMyAroc2TKXA,2026-05-05T19:52:50.390Z,94.0,2.175,2.175
Green flag dads 👏💚 #wholesome #dads #relationships,https://www.youtube.com/watch?v=ftYnBqDuUo8,Dustin Poynter,https://www.youtube.com/channel/UCUV47thXkNc4SbcTNpO1kVQ,2026-05-05T19:52:49.252Z,64.0,1.138,1.138
Do they make 96 hour deodorant?,https://www.youtube.com/watch?v=uJbm-bxuUdI,Amanda & Zach Smith,https://www.youtube.com/channel/UCEkVKUO696DqB9BZsZRjujw,2026-05-05T19:52:47.335Z,120.0,1.917,1.917
Delivery Guy👦Loving  Dogs🐕 Don't be afraid  my friend #fannydog #funnyshorts #tiktok,https://www.youtube.com/watch?v=ak2X1TmSh2w,PetroNilaTorcuata,https://www.youtube.com/channel/UCjy0nI4pe00rsgjAJGwZyrA,2026-05-05T19:52:46.022Z,159.0,1.313,1.313
My cat wont leave side 🐱🤣😂🤪🥰usa funnyvideos cat catsoftiktok funn,https://www.youtube.com/watch?v=8wkl2n-4MH8,mannanmia354,https://www.youtube.com/channel/UC74T9zQbuSEN8eiD19WRhVg,2026-05-05T19:50:30.918Z,177.0,135.104,135.104
Still with Me,https://music.youtube.com/watch?v=LMUcCJejuIo,Lilith Max - Topic,https://www.youtube.com/channel/UCyZz3M9A6v_sMSqiaIBH4Hw,2026-05-05T18:07:28.524Z,185.0,6182.394,185.0
Ice Age,https://music.youtube.com/watch?v=XUZ3j78QupA,Lilith Max - Topic,https://www.youtube.com/channel/UCyZz3M9A6v_sMSqiaIBH4Hw,2026-05-05T18:04:19.595Z,189.0,188.929,188.929
Stranger's Eyes,https://music.youtube.com/watch?v=3sYW914-nVE,Lilith Max - Topic,https://www.youtube.com/channel/UCyZz3M9A6v_sMSqiaIBH4Hw,2026-05-05T18:01:04.781Z,195.0,194.814,194.814
Do You Believe,https://music.youtube.com/watch?v=GgU4sqXzKqk,Lilith Max - Topic,https://www.youtube.com/channel/UCyZz3M9A6v_sMSqiaIBH4Hw,2026-05-05T17:58:12.241Z,173.0,172.54,172.54
Sacrifice,https://music.youtube.com/watch?v=vrF9H0vfekE,Lilith Max - Topic,https://www.youtube.com/channel/UCyZz3M9A6v_sMSqiaIBH4Hw,2026-05-05T17:55:10.743Z,182.0,181.498,181.498
Big Bad Wolf,https://music.youtube.com/watch?v=mZ9jgqclMdM,Lilith Max - Topic,https://www.youtube.com/channel/UCyZz3M9A6v_sMSqiaIBH4Hw,2026-05-05T17:51:24.529Z,226.0,226.214,226.0
Birds of a Feather,https://music.youtube.com/watch?v=Gn9LG3mTfXA,Lilith Max - Topic,https://www.youtube.com/channel/UCyZz3M9A6v_sMSqiaIBH4Hw,2026-05-05T17:48:25.492Z,179.0,179.037,179.0
Peasant's Throne,https://music.youtube.com/watch?v=IPsAAFdlQKc,Lilith Max - Topic,https://www.youtube.com/channel/UCyZz3M9A6v_sMSqiaIBH4Hw,2026-05-05T17:45:33.635Z,172.0,171.857,171.857
Change My Life,https://music.youtube.com/watch?v=t117Kj631Z4,Ashes Remain - Topic,https://www.youtube.com/channel/UCQ8Gcpkhkx7trdVqbXIExiw,2026-05-05T13:57:13.208Z,180.0,13700.427,180.0
Right Here,https://music.youtube.com/watch?v=XHIyDS4Ubj8,Ashes Remain - Topic,https://www.youtube.com/channel/UCQ8Gcpkhkx7trdVqbXIExiw,2026-05-05T13:54:21.618Z,172.0,171.59,171.59
End of Me,https://music.youtube.com/watch?v=riM8Hy75oq0,Ashes Remain - Topic,https://www.youtube.com/channel/UCQ8Gcpkhkx7trdVqbXIExiw,2026-05-05T13:51:30.962Z,171.0,170.656,170.656
Unbroken,https://music.youtube.com/watch?v=LbTAg9F-dpI,Ashes Remain - Topic,https://www.youtube.com/channel/UCQ8Gcpkhkx7trdVqbXIExiw,2026-05-05T13:48:23.006Z,188.0,187.956,187.956
Come Alive,https://music.youtube.com/watch?v=mO9EUKv6Rgs,Ashes Remain - Topic,https://www.youtube.com/channel/UCQ8Gcpkhkx7trdVqbXIExiw,2026-05-05T13:44:41.574Z,222.0,221.432,221.432
Without You,https://music.youtube.com/watch?v=e5Vam9KIMGE,Ashes Remain - Topic,https://www.youtube.com/channel/UCQ8Gcpkhkx7trdVqbXIExiw,2026-05-05T13:40:52.431Z,229.0,229.143,229.0
Everything Good,https://music.youtube.com/watch?v=LRLw0OaoXFY,Ashes Remain - Topic,https://www.youtube.com/channel/UCQ8Gcpkhkx7trdVqbXIExiw,2026-05-05T13:37:12.203Z,221.0,220.228,220.228
On My Own,https://music.youtube.com/watch?v=TyUQiNmNug0,Ashes Remain - Topic,https://www.youtube.com/channel/UCQ8Gcpkhkx7trdVqbXIExiw,2026-05-05T13:34:18.986Z,173.0,173.217,173.0
Keep Me Breathing,https://music.youtube.com/watch?v=iYz6i4dyHLk,Ashes Remain - Topic,https://www.youtube.com/channel/UCQ8Gcpkhkx7trdVqbXIExiw,2026-05-05T13:31:19.933Z,179.0,179.053,179.0
I Won't Run Away,https://music.youtube.com/watch?v=k8yPgJiOJr4,Ashes Remain - Topic,https://www.youtube.com/channel/UCQ8Gcpkhkx7trdVqbXIExiw,2026-05-05T13:27:59.385Z,201.0,200.548,200.548
Inside of Me,https://music.youtube.com/watch?v=J4hvjOiB73s,Ashes Remain - Topic,https://www.youtube.com/channel/UCQ8Gcpkhkx7trdVqbXIExiw,2026-05-05T13:25:08.382Z,171.0,171.003,171.0
Take It Away,https://music.youtube.com/watch?v=MEor26ozJ_w,Ashes Remain - Topic,https://www.youtube.com/channel/UCQ8Gcpkhkx7trdVqbXIExiw,2026-05-05T13:22:27.884Z,161.0,160.498,160.498
r/ConfidentlyIncorrect - Bad Women's Anatomy™,https://www.youtube.com/watch?v=U6_Ni9ovqGM,The Click,https://www.youtube.com/channel/UCPr3T20IPZ03gU9gZ2BwM5g,2026-05-05T01:56:10.444Z,2309.0,41177.44,2309.0
The Most Out of Touch Korean Art Trend,https://www.youtube.com/watch?v=uCvjdq8mUFA,Edvasian,https://www.youtube.com/channel/UCnJMxPKyz6nj7qoMwY0LkSw,2026-05-05T01:44:35.693Z,815.0,694.751,694.751
Could British Redcoats Retire?,https://www.youtube.com/watch?v=IX3d1afDeRc,Brandon Fisichella,https://www.youtube.com/channel/UC9NNB_Hd4zPR-QDfnNOChwg,2026-05-05T01:10:06.455Z,1561.0,2069.238,1561.0
Felix and his 143 voices😭😭#straykids #skz #felix #kpop #shorts #fyp #kpopgroup #jyp #kpopidol,https://www.youtube.com/watch?v=aJHzW74n_Ec,݁ ˖ faded .𖥔 ,https://www.youtube.com/channel/UCARofYxbwCLguadkYQYqr4g,2026-05-05T01:07:00.596Z,115.0,185.859,115.0
https://www.youtube.com/watch?v=kdYUZ4k6evs,https://www.youtube.com/watch?v=kdYUZ4k6evs,,,2026-05-05T01:06:59.047Z,,1.549,1.549
Where does a DOG pee on a cruise ship?! 🤔,https://www.youtube.com/watch?v=fBL6cN1qkWk,Molly Burke,https://www.youtube.com/channel/UCwf9TcLyS5KDoLRLjke41Hg,2026-05-05T00:48:37.155Z,107.0,1101.892,107.0
Keep Me Breathing,https://music.youtube.com/watch?v=iYz6i4dyHLk,Ashes Remain - Topic,https://www.youtube.com/channel/UCQ8Gcpkhkx7trdVqbXIExiw,2026-05-05T00:46:30.762Z,179.0,126.393,126.393
I Won't Run Away,https://music.youtube.com/watch?v=k8yPgJiOJr4,Ashes Remain - Topic,https://www.youtube.com/channel/UCQ8Gcpkhkx7trdVqbXIExiw,2026-05-05T00:43:10.244Z,201.0,200.518,200.518
Inside of Me,https://music.youtube.com/watch?v=J4hvjOiB73s,Ashes Remain - Topic,https://www.youtube.com/channel/UCQ8Gcpkhkx7trdVqbXIExiw,2026-05-05T00:40:19.261Z,171.0,170.983,170.983
Take It Away,https://music.youtube.com/watch?v=MEor26ozJ_w,Ashes Remain - Topic,https://www.youtube.com/channel/UCQ8Gcpkhkx7trdVqbXIExiw,2026-05-05T00:37:38.577Z,161.0,160.684,160.684
Change My Life,https://music.youtube.com/watch?v=t117Kj631Z4,Ashes Remain - Topic,https://www.youtube.com/channel/UCQ8Gcpkhkx7trdVqbXIExiw,2026-05-05T00:34:38.724Z,180.0,179.853,179.853
Right Here,https://music.youtube.com/watch?v=XHIyDS4Ubj8,Ashes Remain - Topic,https://www.youtube.com/channel/UCQ8Gcpkhkx7trdVqbXIExiw,2026-05-05T00:31:47.117Z,172.0,171.607,171.607
End of Me,https://music.youtube.com/watch?v=riM8Hy75oq0,Ashes Remain - Topic,https://www.youtube.com/channel/UCQ8Gcpkhkx7trdVqbXIExiw,2026-05-05T00:28:56.220Z,171.0,170.897,170.897
Monumental (Remix),https://music.youtube.com/watch?v=yEVAC1ofrVE,Aviators - Topic,https://www.youtube.com/channel/UClczTKc98-QqAf7OHjh7Jrg,2026-05-04T23:57:43.329Z,354.0,1872.891,354.0
Requiem for the King,https://music.youtube.com/watch?v=MiY1D5F4U5I,Aviators - Topic,https://www.youtube.com/channel/UClczTKc98-QqAf7OHjh7Jrg,2026-05-04T23:51:30.299Z,373.0,373.03,373.0
When Our Bodies Wash Ashore,https://music.youtube.com/watch?v=HDw6qj4TXis,Aviators - Topic,https://www.youtube.com/channel/UClczTKc98-QqAf7OHjh7Jrg,2026-05-04T23:41:56.207Z,574.0,574.092,574.0
Streets of Gold,https://music.youtube.com/watch?v=qLLRm8_LUN0,Aviators - Topic,https://www.youtube.com/channel/UClczTKc98-QqAf7OHjh7Jrg,2026-05-04T22:48:35.240Z,319.0,3200.967,319.0
Incandescent,https://music.youtube.com/watch?v=rIVyAlVScc4,Aviators - Topic,https://www.youtube.com/channel/UClczTKc98-QqAf7OHjh7Jrg,2026-05-04T22:42:51.905Z,344.0,343.335,343.335
Paralyzed,https://music.youtube.com/watch?v=kK1UKow2U6Q,Aviators - Topic,https://www.youtube.com/channel/UClczTKc98-QqAf7OHjh7Jrg,2026-05-04T22:36:21.197Z,391.0,390.708,390.708
Ordinarily Human,https://music.youtube.com/watch?v=ngg2xk8Hn2I,Aviators - Topic,https://www.youtube.com/channel/UClczTKc98-QqAf7OHjh7Jrg,2026-05-04T22:30:42.914Z,339.0,338.283,338.283
Monumental,https://music.youtube.com/watch?v=l_GidY3o77U,Aviators - Topic,https://www.youtube.com/channel/UClczTKc98-QqAf7OHjh7Jrg,2026-05-04T22:24:55.538Z,347.0,347.376,347.0
Awakening,https://music.youtube.com/watch?v=XuCyBRUBOEg,Aviators - Topic,https://www.youtube.com/channel/UClczTKc98-QqAf7OHjh7Jrg,2026-05-04T22:18:26.586Z,389.0,388.952,388.952
Blood and Snow,https://music.youtube.com/watch?v=9I6CzTLSgow,Aviators - Topic,https://www.youtube.com/channel/UClczTKc98-QqAf7OHjh7Jrg,2026-05-04T22:10:50.173Z,456.0,456.413,456.0
Let There Be Fire,https://music.youtube.com/watch?v=kErUMKZiXPM,Aviators - Topic,https://www.youtube.com/channel/UClczTKc98-QqAf7OHjh7Jrg,2026-05-04T22:04:46.960Z,363.0,363.213,363.0
Traveler's Song,https://music.youtube.com/watch?v=kS-Petk8ylA,Aviators - Topic,https://www.youtube.com/channel/UClczTKc98-QqAf7OHjh7Jrg,2026-05-04T21:59:26.348Z,321.0,320.612,320.612
Angel of the Dark,https://music.youtube.com/watch?v=dJy0y1RVH4k,Aviators - Topic,https://www.youtube.com/channel/UClczTKc98-QqAf7OHjh7Jrg,2026-05-04T21:52:52.842Z,394.0,393.506,393.506
Painted Ashes (Overture),https://music.youtube.com/watch?v=Vedd3L9okuE,Aviators - Topic,https://www.youtube.com/channel/UClczTKc98-QqAf7OHjh7Jrg,2026-05-04T21:50:32.313Z,141.0,140.529,140.529
Incandescent (Extended Version),https://music.youtube.com/watch?v=eO3avs-6V8c,Aviators - Topic,https://www.youtube.com/channel/UClczTKc98-QqAf7OHjh7Jrg,2026-05-04T21:43:45.193Z,407.0,407.12,407.0
SKZ funny moments 😂😅 nonstop Laugh 🤣 #straykids #skz #funny #trending #shorts #viral,https://www.youtube.com/watch?v=ZGhsAHby304,Stray Kids Hub Vibes9,https://www.youtube.com/channel/UCmPuPmZXkaRQ22zteRT3pTg,2026-05-04T02:44:40.950Z,39.0,68344.243,39.0
Stray Kids on Anesthesia: Sleepy Boy Chronicles  #straykids,https://www.youtube.com/watch?v=3n2Q-zj6rvA,Damp Rat,https://www.youtube.com/channel/UCAXMeL_uP88p3dVT1DbzjNg,2026-05-04T02:44:01.851Z,180.0,39.099,39.099
Requiem for the King,https://music.youtube.com/watch?v=MiY1D5F4U5I,Aviators - Topic,https://www.youtube.com/channel/UClczTKc98-QqAf7OHjh7Jrg,2026-05-04T01:42:44.281Z,373.0,3677.57,373.0
When Our Bodies Wash Ashore,https://music.youtube.com/watch?v=HDw6qj4TXis,Aviators - Topic,https://www.youtube.com/channel/UClczTKc98-QqAf7OHjh7Jrg,2026-05-04T01:33:10.189Z,574.0,574.092,574.0
Streets of Gold,https://music.youtube.com/watch?v=qLLRm8_LUN0,Aviators - Topic,https://www.youtube.com/channel/UClczTKc98-QqAf7OHjh7Jrg,2026-05-04T01:27:51.382Z,319.0,318.807,318.807
Incandescent,https://music.youtube.com/watch?v=rIVyAlVScc4,Aviators - Topic,https://www.youtube.com/channel/UClczTKc98-QqAf7OHjh7Jrg,2026-05-04T01:22:08.018Z,344.0,343.364,343.364
Paralyzed,https://music.youtube.com/watch?v=kK1UKow2U6Q,Aviators - Topic,https://www.youtube.com/channel/UClczTKc98-QqAf7OHjh7Jrg,2026-05-04T01:15:37.240Z,391.0,390.778,390.778
Ordinarily Human,https://music.youtube.com/watch?v=ngg2xk8Hn2I,Aviators - Topic,https://www.youtube.com/channel/UClczTKc98-QqAf7OHjh7Jrg,2026-05-04T01:09:58.976Z,339.0,338.264,338.264
Monumental,https://music.youtube.com/watch?v=l_GidY3o77U,Aviators - Topic,https://www.youtube.com/channel/UClczTKc98-QqAf7OHjh7Jrg,2026-05-04T01:04:11.830Z,347.0,347.146,347.0
Awakening,https://music.youtube.com/watch?v=XuCyBRUBOEg,Aviators - Topic,https://www.youtube.com/channel/UClczTKc98-QqAf7OHjh7Jrg,2026-05-04T00:57:43.153Z,389.0,388.677,388.677
Blood and Snow,https://music.youtube.com/watch?v=9I6CzTLSgow,Aviators - Topic,https://www.youtube.com/channel/UClczTKc98-QqAf7OHjh7Jrg,2026-05-04T00:50:06.935Z,456.0,456.218,456.0
Let There Be Fire,https://music.youtube.com/watch?v=kErUMKZiXPM,Aviators - Topic,https://www.youtube.com/channel/UClczTKc98-QqAf7OHjh7Jrg,2026-05-04T00:44:03.742Z,363.0,363.193,363.0
Traveler's Song,https://music.youtube.com/watch?v=kS-Petk8ylA,Aviators - Topic,https://www.youtube.com/channel/UClczTKc98-QqAf7OHjh7Jrg,2026-05-04T00:38:43.118Z,321.0,320.624,320.624
Angel of the Dark,https://music.youtube.com/watch?v=dJy0y1RVH4k,Aviators - Topic,https://www.youtube.com/channel/UClczTKc98-QqAf7OHjh7Jrg,2026-05-04T00:32:09.548Z,394.0,393.57,393.57
Painted Ashes (Overture),https://music.youtube.com/watch?v=Vedd3L9okuE,Aviators - Topic,https://www.youtube.com/channel/UClczTKc98-QqAf7OHjh7Jrg,2026-05-04T00:29:49.094Z,141.0,140.454,140.454
"강박 (방찬, 현진) Red Lights (Bang Chan, Hyunjin)",https://music.youtube.com/watch?v=AOwyd6l8KvM,Stray Kids - Topic,https://www.youtube.com/channel/UCIMmuidNJdncfMEelOU08Fg,2026-05-03T23:18:13.995Z,190.0,4295.099,190.0
특 S-Class,https://music.youtube.com/watch?v=_M409k9cOcg,Stray Kids - Topic,https://www.youtube.com/channel/UCIMmuidNJdncfMEelOU08Fg,2026-05-03T23:14:58.104Z,196.0,195.891,195.891
CEREMONY,https://music.youtube.com/watch?v=p2AP0yKIlx4,Stray Kids - Topic,https://www.youtube.com/channel/UCIMmuidNJdncfMEelOU08Fg,2026-05-03T23:12:13.841Z,165.0,164.263,164.263
Railway (방찬) Railway (Bang Chan),https://music.youtube.com/watch?v=8Go0B7mNcsU,Stray Kids - Topic,https://www.youtube.com/channel/UCIMmuidNJdncfMEelOU08Fg,2026-05-03T23:09:19.978Z,174.0,173.863,173.863
ESCAPE (방찬 & 현진) ESCAPE (Bang Chan & Hyunjin),https://music.youtube.com/watch?v=htzD7Piqnp8,Stray Kids - Topic,https://www.youtube.com/channel/UCIMmuidNJdncfMEelOU08Fg,2026-05-03T23:06:08.682Z,192.0,191.296,191.296
거미줄 VENOM,https://music.youtube.com/watch?v=ngBk3v4FWTM,Stray Kids - Topic,https://www.youtube.com/channel/UCIMmuidNJdncfMEelOU08Fg,2026-05-03T23:02:53.690Z,195.0,194.992,194.992
Stray Kids,https://music.youtube.com/watch?v=2FBBl7e18qM,Stray Kids - Topic,https://www.youtube.com/channel/UCIMmuidNJdncfMEelOU08Fg,2026-05-03T22:59:44.429Z,190.0,189.261,189.261
0801,https://music.youtube.com/watch?v=e-GNJiLFj6Q,Stray Kids - Topic,https://www.youtube.com/channel/UCIMmuidNJdncfMEelOU08Fg,2026-05-03T22:56:20.085Z,205.0,204.344,204.344
MEGAVERSE,https://music.youtube.com/watch?v=7-X_7Tk0wXI,Stray Kids - Topic,https://www.youtube.com/channel/UCIMmuidNJdncfMEelOU08Fg,2026-05-03T22:53:14.360Z,186.0,185.725,185.725
TOPLINE (Feat. Tiger JK),https://music.youtube.com/watch?v=PiE6xDpbAjU,Stray Kids - Topic,https://www.youtube.com/channel/UCIMmuidNJdncfMEelOU08Fg,2026-05-03T22:49:50.554Z,204.0,203.806,203.806
Charmer,https://music.youtube.com/watch?v=BCZE-44jp_I,Stray Kids - Topic,https://www.youtube.com/channel/UCIMmuidNJdncfMEelOU08Fg,2026-05-03T22:46:41.766Z,189.0,188.788,188.788
락 (樂) LALALALA,https://music.youtube.com/watch?v=HNcmCKTWd6w,Stray Kids - Topic,https://www.youtube.com/channel/UCIMmuidNJdncfMEelOU08Fg,2026-05-03T22:43:39.324Z,183.0,182.442,182.442
CASE 143,https://music.youtube.com/watch?v=ZeIneYtQ1rw,Stray Kids - Topic,https://www.youtube.com/channel/UCIMmuidNJdncfMEelOU08Fg,2026-05-03T22:40:27.116Z,192.0,192.208,192.0
MANIAC,https://music.youtube.com/watch?v=VG4lpTHuytc,Stray Kids - Topic,https://www.youtube.com/channel/UCIMmuidNJdncfMEelOU08Fg,2026-05-03T22:37:24.105Z,183.0,183.011,183.0
Chk Chk Boom,https://music.youtube.com/watch?v=eNPmM1DJQ8g,Stray Kids - Topic,https://www.youtube.com/channel/UCIMmuidNJdncfMEelOU08Fg,2026-05-03T22:34:55.847Z,149.0,148.258,148.258
THE SOUND,https://music.youtube.com/watch?v=Y2Hp-EMOZH8,Stray Kids - Topic,https://www.youtube.com/channel/UCIMmuidNJdncfMEelOU08Fg,2026-05-03T22:31:54.856Z,181.0,180.991,180.991
Do It,https://music.youtube.com/watch?v=R2tBQp3LiAE,Stray Kids - Topic,https://www.youtube.com/channel/UCIMmuidNJdncfMEelOU08Fg,2026-05-03T22:29:15.608Z,159.0,159.248,159.0
Wellerman,https://music.youtube.com/watch?v=YZLr28kBs7I,Sail North - Topic,https://www.youtube.com/channel/UCfvoJYTTSkOKstV4-cy8ZWA,2026-05-03T14:03:55.709Z,199.0,30319.899,199.0
Hold Fast,https://music.youtube.com/watch?v=UOI2nFQ6aYc,Sail North - Topic,https://www.youtube.com/channel/UCfvoJYTTSkOKstV4-cy8ZWA,2026-05-03T14:00:56.082Z,180.0,179.627,179.627
Overboard,https://music.youtube.com/watch?v=0_HmYup3LJE,Sail North - Topic,https://www.youtube.com/channel/UCfvoJYTTSkOKstV4-cy8ZWA,2026-05-03T13:44:12.040Z,190.0,1004.042,190.0
Tales of Luria,https://music.youtube.com/watch?v=cGXCHnrHlaE,Sail North - Topic,https://www.youtube.com/channel/UCfvoJYTTSkOKstV4-cy8ZWA,2026-05-03T13:27:19.745Z,223.0,1012.295,223.0
"Leave Her, Johnny",https://music.youtube.com/watch?v=jw9SZ3Eh7H4,Sail North - Topic,https://www.youtube.com/channel/UCfvoJYTTSkOKstV4-cy8ZWA,2026-05-03T13:24:21.961Z,178.0,177.784,177.784
Santiana,https://music.youtube.com/watch?v=FvEmqUY0bm4,Sail North - Topic,https://www.youtube.com/channel/UCfvoJYTTSkOKstV4-cy8ZWA,2026-05-03T13:21:16.504Z,186.0,185.457,185.457
Tale of The Shadow,https://music.youtube.com/watch?v=06CPIbPJzwY,Sail North - Topic,https://www.youtube.com/channel/UCfvoJYTTSkOKstV4-cy8ZWA,2026-05-03T13:17:50.231Z,206.0,206.273,206.0
Bones,https://music.youtube.com/watch?v=eTP3f-XGcOI,Sail North - Topic,https://www.youtube.com/channel/UCfvoJYTTSkOKstV4-cy8ZWA,2026-05-03T13:14:53.818Z,177.0,176.413,176.413
Unsinkable,https://music.youtube.com/watch?v=sOpWzTeqUgQ,Sail North - Topic,https://www.youtube.com/channel/UCfvoJYTTSkOKstV4-cy8ZWA,2026-05-03T13:11:42.848Z,191.0,190.97,190.97
Compass,https://music.youtube.com/watch?v=ICxYF3ujfWw,Sail North - Topic,https://www.youtube.com/channel/UCfvoJYTTSkOKstV4-cy8ZWA,2026-05-03T13:07:54.384Z,228.0,228.464,228.0
Against The Tide (The Captain's Tarantella),https://music.youtube.com/watch?v=CtWxcA0ODX8,Sail North - Topic,https://www.youtube.com/channel/UCfvoJYTTSkOKstV4-cy8ZWA,2026-05-03T13:05:04.148Z,170.0,170.236,170.0
The Phantom Sea,https://music.youtube.com/watch?v=fCd1_hRREVU,Sail North - Topic,https://www.youtube.com/channel/UCfvoJYTTSkOKstV4-cy8ZWA,2026-05-03T13:01:53.680Z,190.0,190.468,190.0
Broken Mast Bay,https://music.youtube.com/watch?v=Jkov8x1nlEg,Sail North - Topic,https://www.youtube.com/channel/UCfvoJYTTSkOKstV4-cy8ZWA,2026-05-03T12:57:46.709Z,247.0,246.971,246.971
Why People Are Getting FIRED For Tiktoks in 2026,https://www.youtube.com/watch?v=X0Fz1wtCOGA,Zac V2,https://www.youtube.com/channel/UCT40EBaJ607kJ4JvqxHmreA,2026-05-03T01:19:21.192Z,1093.0,41905.517,1093.0
Incredible ABANDONED 1000 Year Old Castle with Everything Still Inside | UNTOUCHED,https://www.youtube.com/watch?v=36UDL3DNTXc,BigBankz,https://www.youtube.com/channel/UCUbgxSBXIk5D3pUWd2hqBGA,2026-05-03T01:10:45.042Z,2197.0,516.15,516.15
"The Floating Hotel Abandoned at Sea: No Man's Land Fort, UK",https://www.youtube.com/watch?v=U-brW32cOdY,Exploring With Josh,https://www.youtube.com/channel/UCNYsIqBwQyhnNDVf7SXJV9w,2026-05-03T01:01:55.109Z,2199.0,529.933,529.933
Change My Life,https://music.youtube.com/watch?v=t117Kj631Z4,Ashes Remain - Topic,https://www.youtube.com/channel/UCQ8Gcpkhkx7trdVqbXIExiw,2026-05-03T00:11:10.127Z,180.0,3044.982,180.0
Right Here,https://music.youtube.com/watch?v=XHIyDS4Ubj8,Ashes Remain - Topic,https://www.youtube.com/channel/UCQ8Gcpkhkx7trdVqbXIExiw,2026-05-03T00:08:18.240Z,172.0,171.887,171.887
End of Me,https://music.youtube.com/watch?v=riM8Hy75oq0,Ashes Remain - Topic,https://www.youtube.com/channel/UCQ8Gcpkhkx7trdVqbXIExiw,2026-05-03T00:05:27.306Z,171.0,170.934,170.934
Unbroken,https://music.youtube.com/watch?v=LbTAg9F-dpI,Ashes Remain - Topic,https://www.youtube.com/channel/UCQ8Gcpkhkx7trdVqbXIExiw,2026-05-03T00:05:25.472Z,188.0,1.834,1.834
20 Minutes of Influencers Being Out of Touch With Reality,https://www.youtube.com/watch?v=TuHYNknkZGw,Zac V2,https://www.youtube.com/channel/UCT40EBaJ607kJ4JvqxHmreA,2026-05-03T00:04:59.826Z,1068.0,25.646,25.646
Nathan Fillion’s Impossible Stunt in Serenity! 😮🚀,https://www.youtube.com/watch?v=4BRMHT8vUOU,Duckie moments,https://www.youtube.com/channel/UCKcyDkoSCdUp2km9OGPzb2g,2026-05-03T00:03:22.002Z,7.0,97.824,7.0
The Live TV Clash Between Jim Everett and Jim Rome,https://www.youtube.com/watch?v=y2b-tMd8JXU,Weekends TV,https://www.youtube.com/channel/UCB0eHZ29lTQVe5oAAqeQycA,2026-05-03T00:03:21.321Z,,0.681,0.681
Bro Was Not Expecting That Car To Be There  | Mission: Impossible - Ghost Protocol (2011),https://www.youtube.com/watch?v=phF3glPM7js,Wiz Caster,https://www.youtube.com/channel/UCumkM5g5o4KT8Euk8XefKOw,2026-05-03T00:03:20.407Z,6.0,0.914,0.914
"In Troy (2004), Brad Pitt and Eric Bana performed their epic duel without stunt doubles.  #shorts",https://www.youtube.com/watch?v=3zOLEMnXgEc,Misscat,https://www.youtube.com/channel/UCyyDgPn4paZJOyRixk_r5Ow,2026-05-03T00:03:19.087Z,,1.32,1.32
OCEAN ACCOUNTABILITY,https://www.youtube.com/watch?v=TU4JwTZTB6M,Caught Breathing,https://www.youtube.com/channel/UC-lYP1h1a6PFiQU-BJlEVyw,2026-05-03T00:03:11.419Z,6.0,7.668,6.0
The Scene That Needed a Flying Gun #shorts,https://www.youtube.com/watch?v=PuZRy67Yoog,Weekends TV,https://www.youtube.com/channel/UCB0eHZ29lTQVe5oAAqeQycA,2026-05-03T00:03:07.320Z,,4.099,4.099
When history meets reality 💥 #cars #shelby #cobra #daytona #crash #luxury #supercar #rarecar,https://www.youtube.com/watch?v=JEB0PpnKhbo,LikeHistory,https://www.youtube.com/channel/UCIk1UNssXeFBfURUW2eTfIQ,2026-05-03T00:02:54.999Z,6.0,12.321,6.0
https://www.youtube.com/watch?v=lyCSfcXxjEY,https://www.youtube.com/watch?v=lyCSfcXxjEY,,,2026-05-03T00:02:42.028Z,,12.971,12.971
The Practical Crusher That Felt Too Real,https://www.youtube.com/watch?v=a1PZe2Tm7UI,Weekends TV,https://www.youtube.com/channel/UCB0eHZ29lTQVe5oAAqeQycA,2026-05-03T00:02:39.769Z,,2.259,2.259
"fan “shows how F1 designs tracks” with fans recognizing patterns, people are talking 😂🔥 #Formula1",https://www.youtube.com/watch?v=vt7SkcWaw6w,Clips Mirror,https://www.youtube.com/channel/UCnBvt74ubPAvG-2Y5bwzEjg,2026-05-03T00:02:32.127Z,8.0,7.642,7.642
"Sometimes connection is real, but not meant to last in the way we expect",https://www.youtube.com/watch?v=mncBoSexFQg,TruthSnap,https://www.youtube.com/channel/UCnldIZ3zvYuj0698jLpjxaA,2026-05-03T00:02:31.139Z,6.0,0.988,0.988
BATTLE OF BARRACKS 4,https://www.youtube.com/watch?v=eZn_o3WX8Zo,Caught Breathing,https://www.youtube.com/channel/UC-lYP1h1a6PFiQU-BJlEVyw,2026-05-03T00:02:30.236Z,6.0,0.903,0.903
DIANA TAKES THE TANK,https://www.youtube.com/watch?v=QcSaaGE0MGw,Throne Of Time,https://www.youtube.com/channel/UC25aloTRRqqx1dERp1x1N-g,2026-05-03T00:02:29.405Z,7.0,0.831,0.831
I went to a bridal shower and theyhanded out cards to write advice to thenewlyweds...,https://www.youtube.com/watch?v=oLhKeNQ4SoA,Vallis Lentz,https://www.youtube.com/channel/UCLNd6nAYoo0VMEYr0WTAZww,2026-05-03T00:02:28.496Z,6.0,0.909,0.909
"During the filming of Friends (2001), Matt LeBlanc wasn't ready for this",https://www.youtube.com/watch?v=6iJyqgAct2o,Spoody,https://www.youtube.com/channel/UCcyuPFvThrEcqIqcXnLZTCQ,2026-05-03T00:02:27.496Z,7.0,1.0,1.0
The 20-Foot Drop Scene in Fall Was Real,https://www.youtube.com/watch?v=hHBRk_TMsIg,Weekends TV,https://www.youtube.com/channel/UCB0eHZ29lTQVe5oAAqeQycA,2026-05-03T00:02:26.023Z,,1.473,1.473
There is one specific moment in basic training that every single veteran,https://www.youtube.com/watch?v=g5et-U8xCH4,Edit Bazz,https://www.youtube.com/channel/UCEwr5Ln0ZuCW7DK9Z3k7WGw,2026-05-03T00:02:12.424Z,8.0,13.599,8.0
"During the filming of Ace Ventura (1994), Jim Carry ate something",https://www.youtube.com/watch?v=oy03mbV-g00,Fresh Runes,https://www.youtube.com/channel/UCWBSBzQU8XiEonQPuQrbNjA,2026-05-03T00:02:10.180Z,7.0,2.244,2.244
"ONE CUT, ONE DROP",https://www.youtube.com/watch?v=AYRsxv-8N8o,Ages Untold,https://www.youtube.com/channel/UCY1_cgCQwMJfrtZ5ElWQKMQ,2026-05-03T00:01:51.090Z,7.0,19.09,7.0
"Director Clint Eastwood is known for shooting fast. In American Sniper (2014), when both real babies",https://www.youtube.com/watch?v=Vdbi6phJj_g,Tedy,https://www.youtube.com/channel/UClr7oq1z7Vb1zFlPBQxqFeA,2026-05-03T00:01:39.328Z,6.0,11.762,6.0
Try Not To Laugh #shorts,https://www.youtube.com/watch?v=Hd57w3t3szw,MemeCentral,https://www.youtube.com/channel/UClVBAZqi59__dFg6hwofvog,2026-05-03T00:01:31.914Z,5.0,7.414,5.0
He smashed through a cinder block wall to pull the axle-still 2mm short,https://www.youtube.com/watch?v=n4bUJClpxg0,TrueCountryDaily,https://www.youtube.com/channel/UCAB_4xjL2dYdNnWh43Cl6MQ,2026-05-03T00:01:20.980Z,5.0,10.934,5.0
"During the filming of Friends (2002), Matthew Perry couldn't hold",https://www.youtube.com/watch?v=Uk-nQM5CjFs,Spoody,https://www.youtube.com/channel/UCcyuPFvThrEcqIqcXnLZTCQ,2026-05-03T00:01:18.458Z,7.0,2.522,2.522
https://www.youtube.com/watch?v=emKZft3mQno,https://www.youtube.com/watch?v=emKZft3mQno,,,2026-05-03T00:01:06.684Z,,11.774,11.774
cost of living debate wages vs lifestyle choices | Subscribe for more #motivation 😊👍,https://www.youtube.com/watch?v=CsYWfVtg1HQ,Dare To Improve,https://www.youtube.com/channel/UCnsVA-fdj_JTtVDlYnO_uuQ,2026-05-03T00:00:57.762Z,4.0,8.922,4.0
Attending a Mountain Wedding With a Newborn 🏔️👶,https://www.youtube.com/watch?v=OCStU4YiDoA,Wenue,https://www.youtube.com/channel/UCkWIAAHDIvZKGR2WwdpCeZw,2026-05-03T00:00:52.675Z,8.0,5.087,5.087
That's how you should deal with them...,https://www.youtube.com/watch?v=BWfYl3afmTo,F1 Sector,https://www.youtube.com/channel/UCX6ZcVn4r6fchoCJjzopD3w,2026-05-03T00:00:23.687Z,28.0,28.988,28.0
BLASTING BY THE MILLISECOND,https://www.youtube.com/watch?v=aRzOjvbK8RY,Ages Untold,https://www.youtube.com/channel/UCY1_cgCQwMJfrtZ5ElWQKMQ,2026-05-03T00:00:15.157Z,7.0,8.53,7.0
KIM JONG UN TOOK HIS CAP,https://www.youtube.com/watch?v=J5YtpPo9Mts,InfamousHistory,https://www.youtube.com/channel/UCjAYoDxzb9Ck-S47EoMnezw,2026-05-02T23:59:55.137Z,7.0,20.02,7.0
Anne Hathaway's Real Reaction in The Princess Diaries! 👑😱,https://www.youtube.com/watch?v=GerKpSvNM0c,SnapbackScreen,https://www.youtube.com/channel/UCGY17v7CpWMc576cKQMU_YA,2026-05-02T23:59:22.828Z,7.0,32.309,7.0
I can imagine his reaction 🤣🤣🤣 | #f1memes #imsa #enduranceracing #pitstop #mechanic #cutereaction,https://www.youtube.com/watch?v=Y3ztzeCjYeU,aditya.tanmay_racing,https://www.youtube.com/channel/UCJ0I3Q4SMuhOqEbbxKZT1IQ,2026-05-02T23:58:58.066Z,27.0,24.762,24.762
The Millionaire Who Burned His World to Hide His Double Life,https://www.youtube.com/watch?v=KxLHDT4ROtA,Narrantax,https://www.youtube.com/channel/UCJn5HXJ0LFoC8f1x9YWdoIA,2026-05-02T23:58:52.047Z,,6.019,6.019
"a ""then and now"" comparison of Tunnel Rock in Sequoia National Park, California.",https://www.youtube.com/watch?v=GksgFTF6HTY,Claude,https://www.youtube.com/channel/UCGzah_GmOhXo9Kw99JUrF5Q,2026-05-02T23:58:38.992Z,5.0,13.055,5.0
She couldn't wait her turn 😭 #basketball,https://www.youtube.com/watch?v=Kw64sj0v2OY,Breakaway Clips,https://www.youtube.com/channel/UCHLQXoPj6jCe7KwxGzPaTsA,2026-05-02T23:58:29.180Z,9.0,9.812,9.0
Top 10 photos taken moments before a disaster. 💀,https://www.youtube.com/watch?v=Ykv_908Wq28,Salsa Cold,https://www.youtube.com/channel/UCQgeggnkP3oMWD0ZSDflrWA,2026-05-02T23:58:27.355Z,6.0,1.825,1.825
SLEEVE SEASON CASUALTIES,https://www.youtube.com/watch?v=zlB2vz6LuJ8,Caught Breathing,https://www.youtube.com/channel/UC-lYP1h1a6PFiQU-BJlEVyw,2026-05-02T23:58:18.171Z,6.0,9.184,6.0
BLACK IN. PINK OUT.,https://www.youtube.com/watch?v=20C_DkWiHEk,Ghost Face Science,https://www.youtube.com/channel/UC0iKsDpCM6wWFcvn8qzc-hQ,2026-05-02T23:58:06.249Z,6.0,11.922,6.0
THE HARBOR ENGINEER WHO HALTED THE TEST ⚓⚠️,https://www.youtube.com/watch?v=BnSsV0-eyVg,DashSayz,https://www.youtube.com/channel/UCIbzKZACHKJAtOk3hDDKzcw,2026-05-02T23:58:01.676Z,6.0,4.573,4.573
TACTICAL DISMOUNT GONE WRONG,https://www.youtube.com/watch?v=Az6r_R0xqFw,Echoes of Honor,https://www.youtube.com/channel/UCPepW85ZIS0Gls_ik2V7HMA,2026-05-02T23:57:43.694Z,7.0,17.982,7.0
Spotting foreigners,https://www.youtube.com/watch?v=zBaAERt85Vs,KNJG TV,https://www.youtube.com/channel/UC5oOfoO6Av9-WtcjQk-mOLw,2026-05-02T23:57:32.289Z,4.0,11.405,4.0
A Legacy of Eternal Friendship. #story,https://www.youtube.com/watch?v=BpgxFfRn3sI,News Tone,https://www.youtube.com/channel/UC25gePrqreeFUjTSYlYrFYA,2026-05-02T23:57:16.945Z,6.0,15.344,6.0
Rush Hour 3 (2007) That Knife Came Way Too Close 😳,https://www.youtube.com/watch?v=OvnntjrFlug,Film Details,https://www.youtube.com/channel/UCgKGpybMzII88ySXVH440Qw,2026-05-02T23:56:55.755Z,5.0,21.19,5.0
TOWER WEEK ACTUAL,https://www.youtube.com/watch?v=muFJp5IbSzk,Caught Breathing,https://www.youtube.com/channel/UC-lYP1h1a6PFiQU-BJlEVyw,2026-05-02T23:56:37.476Z,6.0,18.279,6.0
"in The Hobbit (2012): Orlando Bloom Met His 'Replacement'! ⚔️😂""",https://www.youtube.com/watch?v=0GmCzzaRst0,Fanny,https://www.youtube.com/channel/UClFPsmJBlUDgUH7mYwcS6kw,2026-05-02T23:56:22.403Z,7.0,15.073,7.0
What looked like a stunt was actually a split-second fight for safety,https://www.youtube.com/watch?v=P0OGbLBNZBE,Capt. Tobey,https://www.youtube.com/channel/UCyp_pxVZuqJciHIJ3tcwiLg,2026-05-02T23:56:07.333Z,7.0,15.07,7.0
When Ben Stiller turned a malfunction into an iconic moment 😂,https://www.youtube.com/watch?v=-weLfTKxIzo,Spill Now,https://www.youtube.com/channel/UC3_ENm0wmiMz_JwESPfQVwg,2026-05-02T23:55:59.121Z,51.0,8.212,8.212
Titanic (1997): The Real Chef Who Stayed on the Stern and Survived,https://www.youtube.com/watch?v=B0b9WH988OQ,Heartsnreels,https://www.youtube.com/channel/UCVNxnENGXoIVG15KDCiSk-g,2026-05-02T23:55:48.587Z,5.0,10.534,5.0
Bro said he bought from me before... I don't even know him😂#yn #meetup #hood #reseller #reels,https://www.youtube.com/watch?v=Bbua8UIW5N4,Galvan,https://www.youtube.com/channel/UCKkJVZReE8p6Mzwryyp_-lA,2026-05-02T23:55:38.640Z,114.0,9.947,9.947
Incredible save 👀,https://www.youtube.com/watch?v=gU0nPz3uo1c,DriveWithPassion,https://www.youtube.com/channel/UCYiPIVJbJP5UJjlagsh6S7Q,2026-05-02T23:55:27.947Z,6.0,10.693,6.0
sir step out of the ve-hickle #ferrari #cops #cars,https://www.youtube.com/watch?v=GCkZhF1VHjc,Drivewhisperer,https://www.youtube.com/channel/UCGdP0S2emixv_dRuiBl3Y0A,2026-05-02T23:55:16.640Z,5.0,11.307,5.0
This fella's new favorite hobby is trying his best to beat the small town neighborhood,https://www.youtube.com/watch?v=6yGxb0fEWPM,Stone Face Country ,https://www.youtube.com/channel/UCadQ7padmcJD4eJrfDjNlQQ,2026-05-02T23:54:53.865Z,11.0,22.775,11.0
This Is What Experience Looks Like #shorts,https://www.youtube.com/watch?v=RVeZV7lQE9M,Common Science,https://www.youtube.com/channel/UC_Y6CIzb5egfQCtrAs-BFwA,2026-05-02T23:54:50.941Z,41.0,2.924,2.924
kid impresses himself with hockey tricks and runs away #hockey,https://www.youtube.com/watch?v=pRUy7Q4F8GM,Incredible Memes ,https://www.youtube.com/channel/UCLbRVCFDOEBgBj49GD_NQkw,2026-05-02T23:54:39.771Z,6.0,11.17,6.0
i gotchu girls #nursecomedy #healthcareworkers #nursehumor #crna #nurses ,https://www.youtube.com/watch?v=rNANT4z40lc,Joshua Condado,https://www.youtube.com/channel/UCYGaLAZRkZFALJSu6BVW0eQ,2026-05-02T23:54:31.206Z,8.0,8.565,8.0
Right time one move perfect fit,https://www.youtube.com/watch?v=Zw7Ozr5M1p0,Drivewhisperer,https://www.youtube.com/channel/UCGdP0S2emixv_dRuiBl3Y0A,2026-05-02T23:54:11.230Z,5.0,19.976,5.0
She is so good at her job. She doesn’t even have to try #hhn2025 #halloweenhorrornights #universal ￼,https://www.youtube.com/watch?v=b2Az1InCoRs,Magic Mile Explorer,https://www.youtube.com/channel/UCHDwpCZ3xZAL5QsPX52CQHg,2026-05-02T23:53:53.990Z,10.0,17.24,10.0
Gerbil sees Nicolas Cage:,https://www.youtube.com/watch?v=lBXPhvMDPvI,Slim Cognito,https://www.youtube.com/channel/UClGxUPX1v2wH-r1w5QKr-ww,2026-05-02T23:53:50.373Z,20.0,3.617,3.617
Song - she forgot that I existed by josiah #quotes,https://www.youtube.com/watch?v=6Wg9WqeRM7U,Josiah MacCartney,https://www.youtube.com/channel/UCLBPj-QsdRtKc8TU45hectQ,2026-05-02T23:53:36.654Z,21.0,13.719,13.719
PHYSICS AT THE EDGE,https://www.youtube.com/watch?v=k7woY6Z6OLg,Caught Breathing,https://www.youtube.com/channel/UC-lYP1h1a6PFiQU-BJlEVyw,2026-05-02T23:53:29.852Z,6.0,6.802,6.0
SENNA'S OTHER SELF,https://www.youtube.com/watch?v=ZFtK2d51Y4E,Ages Untold,https://www.youtube.com/channel/UCY1_cgCQwMJfrtZ5ElWQKMQ,2026-05-02T23:53:20.452Z,7.0,9.4,7.0
Friends (1994) — Final Line,https://www.youtube.com/watch?v=HvI4N-zYr8Q,Sectum,https://www.youtube.com/channel/UCpkBKRz5tBgnGNF06Zl4QjQ,2026-05-02T23:53:10.935Z,6.0,9.517,6.0
Bro gave em a taste of freedom,https://www.youtube.com/watch?v=kk3e4JNBxGc,Meech 2x,https://www.youtube.com/channel/UCJXz0DWi95pWUGugtD5n-YA,2026-05-02T23:53:02.214Z,8.0,8.721,8.0
Pearl Harbor (2001) That Cork Hit Was Real 😂,https://www.youtube.com/watch?v=kLOsZa6lIjQ,Film Details,https://www.youtube.com/channel/UCgKGpybMzII88ySXVH440Qw,2026-05-02T23:52:45.953Z,5.0,16.261,5.0
How a German comedian tricked everyone😲,https://www.youtube.com/watch?v=XxGETL5QFmg,History Intrigue,https://www.youtube.com/channel/UCwY71XwLcY_10aErWK3QVkg,2026-05-02T23:52:35.674Z,11.0,10.279,10.279
We’re getting older.. 😌,https://www.youtube.com/watch?v=UGCDVU1FtHI,Celevoq,https://www.youtube.com/channel/UCm48U3mvxr3S2f0zsUJryTw,2026-05-02T23:52:27.786Z,4.0,7.888,4.0
Charles Leclerc nearly signs a marriage certificate and fans can’t believe it #charlesleclerc,https://www.youtube.com/watch?v=cQijlChd2_4,Incredible Memes ,https://www.youtube.com/channel/UCLbRVCFDOEBgBj49GD_NQkw,2026-05-02T23:52:15.815Z,6.0,11.971,6.0
She Was Struck By An Eagle Ray #7x7,https://www.youtube.com/watch?v=smR8B-v1_jc,VortexX,https://www.youtube.com/channel/UCAaLcF_vpznkWFTaaHWIzOw,2026-05-02T23:52:00.706Z,6.0,15.109,6.0
militaries of the WORLD 5 #military #combattraining,https://www.youtube.com/watch?v=t8fH4cu4zTc,Tactical Crusaders,https://www.youtube.com/channel/UCDr_peZ63fVt2jehi1tWwyg,2026-05-02T23:51:40.353Z,24.0,20.353,20.353
This might be the most Australian fishing video of all time because only an Aussie would pull,https://www.youtube.com/watch?v=1n-XiRWCZ1o,Hookline Daily,https://www.youtube.com/channel/UCfp-nVWJzFi9FZT3NnQVAoA,2026-05-02T23:51:34.416Z,7.0,5.937,5.937
Coldest Olympian Ever... 🥶,https://www.youtube.com/watch?v=Fes7-hyDNH4,GenX,https://www.youtube.com/channel/UCkQUSzJyP2kErE7YSd5OKog,2026-05-02T23:51:07.934Z,26.0,26.482,26.0
CHAOS OVER ARROWHEAD,https://www.youtube.com/watch?v=X07zY8pxh0k,Ages Untold,https://www.youtube.com/channel/UCY1_cgCQwMJfrtZ5ElWQKMQ,2026-05-02T23:50:35.292Z,7.0,32.642,7.0
Pilot Survives Crazy Wing Close Call...,https://www.youtube.com/watch?v=atLZrT93Xv8,ActiveApricot,https://www.youtube.com/channel/UCshY15XajMwsn1mXHjQrpxQ,2026-05-02T23:50:34.015Z,19.0,1.277,1.277
Marines Biggest Training Fail ☠️,https://www.youtube.com/watch?v=XyHzTYigh54,Army Archives,https://www.youtube.com/channel/UClofYhT6J7wr5dv8zI4pP6g,2026-05-02T23:50:33.108Z,21.0,0.907,0.907
The best Toyota commercial,https://www.youtube.com/watch?v=YV51lJ2tT2w,Jamal Kadiri,https://www.youtube.com/channel/UCP5wXhHV7sNbhe47ViHCLVA,2026-05-02T23:50:24.368Z,16.0,8.74,8.74
NEVER drive when sleepy 😭 #cars #dashcam #parody #jylez06,https://www.youtube.com/watch?v=v4kwO_00WGA,Jyle Matthew,https://www.youtube.com/channel/UC2a65p_EbLVB3b3oPVNWOQQ,2026-05-02T23:50:16.754Z,11.0,7.614,7.614
Bro maxed out his awareness lvl lmao #bmw #bike,https://www.youtube.com/watch?v=doMBMoW-0Z0,Drivewhisperer,https://www.youtube.com/channel/UCGdP0S2emixv_dRuiBl3Y0A,2026-05-02T23:50:05.952Z,5.0,10.802,5.0
Red Car Trolley at California Adventure #californiaadventure #trains #train #disneyland #disney,https://www.youtube.com/watch?v=Ke7xlDTpU2E,Eddie Scandura - Trains,https://www.youtube.com/channel/UCGLWNmiNLVoFPm1rQi7M50w,2026-05-02T23:50:03.776Z,17.0,2.176,2.176
11 people total were involved. Please be safe out there people #dashcam,https://www.youtube.com/watch?v=kQ9bKCSa0Wk,CloseCallClipsss,https://www.youtube.com/channel/UCSkFHnRFPYkqybqMj9XD1HQ,2026-05-02T23:50:03.195Z,21.0,0.581,0.581
Plane Lands On HIGHWAY 😱🛣️ #aviation #airplane #plane #aviation #aircraft #aviationlovers #atc,https://www.youtube.com/watch?v=qZDt_QNosXc,lhrohin,https://www.youtube.com/channel/UCDJ3hAq8nsXtTLvrBUyPH1g,2026-05-02T23:49:52.930Z,40.0,10.265,10.265
Johnny Depp's Rivalry with Barbossa is Actual Comedy,https://www.youtube.com/watch?v=CR4u3iUco88,WealthTeachers,https://www.youtube.com/channel/UCPePT2nO8z-2Lh-EKBtGfNg,2026-05-02T23:49:29.759Z,7.0,23.171,7.0
DRILL SERGEANT RAN OUT FIRST,https://www.youtube.com/watch?v=0HhYXrxXc_A,Caught Breathing,https://www.youtube.com/channel/UC-lYP1h1a6PFiQU-BJlEVyw,2026-05-02T23:49:23.082Z,6.0,6.677,6.0
When a Former Navy SEAL Got Dead Serious on the Range,https://www.youtube.com/watch?v=qyqaL-ASJcA,Armed Sphere,https://www.youtube.com/channel/UCTSDqq_38e5rX2Fw0it6osg,2026-05-02T23:49:01.190Z,27.0,21.892,21.892
Passenger caused The MAYDAY MAYDAY  ATC Recording #aviation #atc #atcrecording #aircraft,https://www.youtube.com/watch?v=L_nSVucmy3g,Airwave Insight,https://www.youtube.com/channel/UCwdhH7DyhJc1xM5L6p47Reg,2026-05-02T23:48:36.698Z,44.0,24.492,24.492
Marines saw a girl in the army…😏,https://www.youtube.com/watch?v=KE5STbWz1Us,Story House,https://www.youtube.com/channel/UCf5U_837urPI4gGtzVriiLA,2026-05-02T23:48:02.078Z,51.0,34.62,34.62
Boxing Respect Moment#respect #mma #boxing #fouryou #ufc #youtubeshorts,https://www.youtube.com/watch?v=NzygS5aNSQU,Hằng Phạm,https://www.youtube.com/channel/UCKidm0cZiohyY9GMrSDqpcA,2026-05-02T23:47:56.449Z,58.0,5.629,5.629
Summer is almost here and then we get to see horses running all over the place again 🤍,https://www.youtube.com/watch?v=fguUIvQrGEU,Elisa in Iceland,https://www.youtube.com/channel/UC9V8-2sU4UHton3mmlC64TQ,2026-05-02T23:47:47.891Z,8.0,8.558,8.0
Dreamland Sirens by artist Charlotte Colbert. #newyorklifeandtimes  #newyork,https://www.youtube.com/watch?v=zyOfzcDwzf4,New York City Life and Times,https://www.youtube.com/channel/UCjnxLUHzr27dOKO7IswNgGQ,2026-05-02T23:47:46.420Z,24.0,1.471,1.471
Small detail but makes it look much cleaner,https://www.youtube.com/watch?v=9sYrtoN9Ai0,arzu,https://www.youtube.com/channel/UC7itm5yiPT4Hr2z_1f7tggQ,2026-05-02T23:47:27.139Z,19.0,19.281,19.0
i love how they didn't touch her||#aesthetic #trending #ytshorts #foryou #daddy_jungkook,https://www.youtube.com/watch?v=8c2DeX-74I0,𐙚XēthërMahi𐙚,https://www.youtube.com/channel/UCiPxdqA0tbd_Ne6EGCTpWww,2026-05-02T23:47:20.554Z,6.0,6.585,6.0
Military Recoil Control (New recruit vs veterans),https://www.youtube.com/watch?v=L0T-QWKvLqU,Military corner ,https://www.youtube.com/channel/UCoT_jzQRkYChOGGSt5m-PSg,2026-05-02T23:46:59.810Z,20.0,20.744,20.0
Guy Gets in a Motorcycle Accident and Loses Memory,https://www.youtube.com/watch?v=Xwm7nKO9zAs,Crime Lens,https://www.youtube.com/channel/UCOuE0Pe6cinpj8QoGdlg2dw,2026-05-02T23:46:35.471Z,56.0,24.339,24.339
Off-Duty Pilot Attempts To Switch Off Engines Mid-Flight 😱 #aviation #airplane #plane #aircraft,https://www.youtube.com/watch?v=rDBJAiLN6C4,lhrohin,https://www.youtube.com/channel/UCDJ3hAq8nsXtTLvrBUyPH1g,2026-05-02T23:46:11.794Z,23.0,23.677,23.0
Let's work together to make the world a better place. #love #shorts #help,https://www.youtube.com/watch?v=ePc8s63bB_c,Farmsworth Henrietta,https://www.youtube.com/channel/UCNWkMm9rFE7P0fLcahUvQ2A,2026-05-02T23:46:08.671Z,54.0,3.123,3.123
Clearly cosmic coffee bean took the cake out himself,https://www.youtube.com/watch?v=kji14Z0BQPo,Nathan Kessel,https://www.youtube.com/channel/UCHr43HOeO7WHmwQ_sij6ezQ,2026-05-02T23:46:00.736Z,7.0,7.935,7.0
Firefighters REACT To Jumpers 🫣,https://www.youtube.com/watch?v=cfFtU7i07xg,marinemadness,https://www.youtube.com/channel/UCFMNLJyuK7s0fbx6TE87swg,2026-05-02T23:45:59.237Z,28.0,1.499,1.499
They Almost REPLACED Jack Sparrow?! 😳🔥,https://www.youtube.com/watch?v=a2lO5LAubj8,Small Screen,https://www.youtube.com/channel/UCA3w_6AdBOkrHhbAQkDA90Q,2026-05-02T23:45:51.520Z,6.0,7.717,6.0
Harrier Jumpjet #jetfighter #fighterjet #military #british #airshow #aviation #airplane #jetplane,https://www.youtube.com/watch?v=ev5NGLJIGII,WildWookiee,https://www.youtube.com/channel/UCLkVhV8sljdnXIlMm4X2-0A,2026-05-02T23:45:44.518Z,23.0,7.002,7.002
One guy with a bucket against a whole fire team 💦😂,https://www.youtube.com/watch?v=oi5rOGLB4_c,The Price of a Choice,https://www.youtube.com/channel/UC0oM8U_HOi_fRM9k7laubUw,2026-05-02T23:45:28.127Z,7.0,16.391,7.0
BTS & Blackpink collapsing on stage🤧💔 #bts #blackpink,https://www.youtube.com/watch?v=Uy4s1cUkXMM,Bangtancrumbs,https://www.youtube.com/channel/UCuiYlHgjD7B3aYtzf68FMNg,2026-05-02T23:45:19.334Z,20.0,8.793,8.793
Happy Women's Day♀🌹👩 'run like woman'#womendayspecial #cdrama #labour #keeprunning,https://www.youtube.com/watch?v=84BtKpBH6Vc,Shinythings,https://www.youtube.com/channel/UCRMOzenQnp6eSEmh6BWgHhw,2026-05-02T23:44:58.514Z,30.0,20.82,20.82
When a bartender meets a creep? #funny #humor #shorts,https://www.youtube.com/watch?v=444zMstmuGw,"PowerUp, Your Daily Dose of Fun and Energy",https://www.youtube.com/channel/UCfwIbesNwHg-lhRcyVNSwhQ,2026-05-02T23:44:53.119Z,32.0,5.395,5.395
princess Leonor stopped queen Leticia for infanta Sofia,https://www.youtube.com/watch?v=VVht3erleyk,Leonor princess ,https://www.youtube.com/channel/UCx8ohAjHwfdwV3BLj2q7KyA,2026-05-02T23:44:49.556Z,15.0,3.563,3.563
Cute Mom☺️☺️😍 #pondphuwin #pondnaravit #phuwintang #ppnaravit #phuwin,https://www.youtube.com/watch?v=K8nQNaLDoe4,LZEN CHANNEL,https://www.youtube.com/channel/UCNXHu4Pt0Ikhyx8x3_NezmA,2026-05-02T23:44:46.492Z,8.0,3.064,3.064
Not Today!! Ain't no love like Mommas love!,https://www.youtube.com/watch?v=XXctVSEcbD0,Hiz Sidekick,https://www.youtube.com/channel/UCS52_POJ-XoIK7AhBz4FS6w,2026-05-02T23:44:39.750Z,6.0,6.742,6.0
Let us work together to make the world a warmer place. #love #shorts #help,https://www.youtube.com/watch?v=y2W75gSuBhs,Farmsworth Henrietta,https://www.youtube.com/channel/UCNWkMm9rFE7P0fLcahUvQ2A,2026-05-02T23:44:34.517Z,58.0,5.233,5.233
Social experiment ❤️ #kindness #wholesome #humanity #socialexperiment #foryou,https://www.youtube.com/watch?v=HkqaE_X7K6Y,PickleWizard1,https://www.youtube.com/channel/UCT5xq1zuVKodlUjQLIFKxsA,2026-05-02T23:44:02.978Z,58.0,31.539,31.539
(Literally) Life is a highway🏎️,https://www.youtube.com/watch?v=4nr_HXFG1Sw,Corgi Rides,https://www.youtube.com/channel/UCbHMyGUAaLO59pL4wqFDsQg,2026-05-02T23:43:56.412Z,19.0,6.566,6.566
#shorts #socialexperiment Social Experiment: The Importance of Watching Out for Each Other.,https://www.youtube.com/watch?v=xeCSGd6CiWo,AN.respect,https://www.youtube.com/channel/UCMQB5TqwOzbGULHLhQbApSQ,2026-05-02T23:43:52.751Z,58.0,3.661,3.661
Best Moments of Dogs Protecting Owners...#ai  #moments #ranking #viral #dog,https://www.youtube.com/watch?v=u0sY06iGux8,Blex Man,https://www.youtube.com/channel/UCY8NwrWqsFDzd7LOFwCgJQg,2026-05-02T23:43:52.145Z,52.0,0.606,0.606
The guards love children 🥹 #royalguards #guards #unitedkingdom #fypシ゚,https://www.youtube.com/watch?v=AdOvO2DjrNo,ALIPEAK,https://www.youtube.com/channel/UCJ9DQBKUnR8EgQ3meK19vjA,2026-05-02T23:43:43.696Z,56.0,8.449,8.449
heartwarming moment of the king's guard❤ #kingsguard #horseguardsparade #peterellis #soldier#tourist,https://www.youtube.com/watch?v=3kOX2WT56OQ,PeterEllis,https://www.youtube.com/channel/UCk1ilVBqdxSxH5wCaSnGOTw,2026-05-02T23:43:17.457Z,61.0,26.239,26.239
Officers Get Stuck In The Elevator😭,https://www.youtube.com/watch?v=9v0gay5gisA,Crime Cam Archive,https://www.youtube.com/channel/UCg5Ch5nGM3v_I76s-UEf_8Q,2026-05-02T23:43:00.213Z,43.0,17.244,17.244
Real-Life Heroes Climb Up to Save Child From Burning Balcony & Lessons to learn 🔥❤️#goodsamaritan,https://www.youtube.com/watch?v=VXB9Y992MI0,RescueTVB,https://www.youtube.com/channel/UCQ6X7B0eKmXE7tGmAxLMGOQ,2026-05-02T23:42:43.122Z,58.0,17.091,17.091
A tribute to those lovely people #ambulance #soultrain #actsofkindness#humanity #firefighter#fyp,https://www.youtube.com/watch?v=dmWxu_bXbIE,Lương Hậu Nguyễn,https://www.youtube.com/channel/UCOXw82XBtESs44FELx14NPA,2026-05-02T23:41:57.180Z,48.0,45.942,45.942
BTS reaction to staff coz staff pushed this girl#kpop#bts#BTSARMY,https://www.youtube.com/watch?v=9kWG3G5KQ6I,ARMY 97,https://www.youtube.com/channel/UCh1HFX96IPeCJsjraIYi4pw,2026-05-02T23:41:37.290Z,17.0,19.89,17.0
Not a bad idea 🤣 #urijahfaber #ufc #mma #combatsport #bjj #danawhite #mmaufc,https://www.youtube.com/watch?v=rrKYvSaj5Ms,Urijah Faber,https://www.youtube.com/channel/UCWhs28yOtAaD8LVJt4adtzw,2026-05-02T23:41:26.609Z,6.0,10.681,6.0
Traffic police officers always help us selflessly.#respect #trafficpolice #police,https://www.youtube.com/watch?v=ekXlHluciR4,rutg sdgh,https://www.youtube.com/channel/UCjUM-5okbcqEmj6u-Whvazg,2026-05-02T23:41:23.024Z,61.0,3.585,3.585
Mother Worst Nightmare While Home Alone..,https://www.youtube.com/watch?v=tuTGLAorgqE,ControversialClips,https://www.youtube.com/channel/UCQBv6FalUwns7Kbsp7vTZQQ,2026-05-02T23:40:58.386Z,27.0,24.638,24.638
I hope everyone can become one family. #love #shorts #help,https://www.youtube.com/watch?v=3dYea_U4Qow,Farmsworth Henrietta,https://www.youtube.com/channel/UCNWkMm9rFE7P0fLcahUvQ2A,2026-05-02T23:40:17.402Z,40.0,40.984,40.0
Help those in need,https://www.youtube.com/watch?v=oABjETdyvNg,Respect.4 Backup,https://www.youtube.com/channel/UCMvelZj0rfu67TXseRTmqUA,2026-05-02T23:40:03.569Z,42.0,13.833,13.833
We strive to make the world a better place. #love#shorts#help,https://www.youtube.com/watch?v=-0D4ioWUtw4,Latonia Celestine,https://www.youtube.com/channel/UC2F35bLiXlpP7XLdSffCgfQ,2026-05-02T23:39:56.962Z,53.0,6.607,6.607
Heartwarming Reunion#cominghome #comebackhome #soldierscominghome #cominghomesoldier,https://www.youtube.com/watch?v=W1PxZSd6-CM,iyguo ygui,https://www.youtube.com/channel/UC3wIas4lJYFWUjlAARW0avg,2026-05-02T23:39:50.688Z,54.0,6.274,6.274
Girls Supporting Girls 💕#fyp #foryou #girls #girlhood #funny,https://www.youtube.com/watch?v=Gp0uDK-tTd8,funny_cat.time01,https://www.youtube.com/channel/UCCxkxQRCcuxNsnuRgINNvow,2026-05-02T23:39:36.186Z,59.0,14.502,14.502
Traffic police officers always help us selflessly.#respect #trafficpolice #police #fyp,https://www.youtube.com/watch?v=8L_jb-Y0oEE,Farmsworth Henrietta,https://www.youtube.com/channel/UCNWkMm9rFE7P0fLcahUvQ2A,2026-05-02T23:38:39.741Z,58.0,56.445,56.445
Cop went crazy🤯,https://www.youtube.com/watch?v=liz8YGkCOd4,Xycotic,https://www.youtube.com/channel/UCHFHEEcMGjYU9UsjhK0zF8A,2026-05-02T23:38:28.500Z,19.0,11.241,11.241
Spotters have dad reflexes X 100💪😎#usa#love #sports #gymnast #foryou,https://www.youtube.com/watch?v=gTgJcpeNUl8,Favorite cimi,https://www.youtube.com/channel/UCCt33PVEkX2Ns90kNvzaOHw,2026-05-02T23:37:38.663Z,59.0,49.837,49.837
Spotters have dad reflexes X 100💪😎#usa#viral #fyp #gymnast #foryou,https://www.youtube.com/watch?v=r7p3asfgLVo,Gia Khanh Pham,https://www.youtube.com/channel/UCfTleEfSGHUKLGBh5TnmbOA,2026-05-02T23:37:37.160Z,52.0,1.503,1.503
"Spread love, positivity, and respect #433",https://www.youtube.com/watch?v=hZgy5yZTlFc,Respect.4 Backup,https://www.youtube.com/channel/UCMvelZj0rfu67TXseRTmqUA,2026-05-02T23:36:41.252Z,57.0,55.908,55.908
Let's work together to make the world a better place. #love #shorts #help,https://www.youtube.com/watch?v=LUHv_7nOFik,Farmsworth Henrietta,https://www.youtube.com/channel/UCNWkMm9rFE7P0fLcahUvQ2A,2026-05-02T23:35:45.095Z,56.0,56.157,56.0
"The heaviest jacket, the lightest soul 🕯️❤️ #FatherLove #Sacrifice #InMemory",https://www.youtube.com/watch?v=ft8KcNDYALk,Soul Moments ,https://www.youtube.com/channel/UCfNjWNFbsPgHcXrz6ni7mZg,2026-05-02T23:34:45.846Z,60.0,59.249,59.249
Actor’s gentlemanly behavior #koreanactor #actor #ahnhyoseop #fyp #start,https://www.youtube.com/watch?v=47ZifaB52g0,Waller Terrell,https://www.youtube.com/channel/UCGyn3449bfHYddmTzsipkQg,2026-05-02T23:33:51.318Z,54.0,54.528,54.0
😱💯🇺🇸🥶Firefighters saving a choking child,https://www.youtube.com/watch?v=MZ2t-8i4aQU,Hạ Vy,https://www.youtube.com/channel/UCDc_L9V6hC4lK91HLhCHE4g,2026-05-02T23:33:44.719Z,59.0,6.599,6.599
Went through 5 stages of oh sh!t #trucks #fypシ #funny #shorts #subscribe,https://www.youtube.com/watch?v=CP04uaKQEi8,Bosshog_6.0,https://www.youtube.com/channel/UC9cX6voAZqZ-dZVpnkqio3Q,2026-05-02T23:33:43.085Z,19.0,1.634,1.634
"Girl support each other,not just today ❤️#kindness #girlhelpsgirls #foryou #brave #fyp",https://www.youtube.com/watch?v=iG4VQG3savI,Sơn Nguyễn,https://www.youtube.com/channel/UCghq2aK3PXT4wBqam8YYVwA,2026-05-02T23:33:36.075Z,59.0,7.01,7.01
Always stay humble and kind#sports#nflfootball#respect#nflplayoffs#usa🇺🇸,https://www.youtube.com/watch?v=LFsjox_9I64,Husnain Study Vlogs,https://www.youtube.com/channel/UCJTui2VZWBoWjZpp6dt00fw,2026-05-02T23:33:31.281Z,60.0,4.794,4.794
Spotters got dad reflexes on another level 😎#sports #saved #reflexes #gymnastics,https://www.youtube.com/watch?v=J4wwqfv8_9c,Wojtek Ziaja,https://www.youtube.com/channel/UCd0qd8h-NP_g0Ale9wUtWLQ,2026-05-02T23:32:37.292Z,54.0,53.989,53.989
The selfless dedication of firefighters #firefighter #adrenaline #fire #fyp #shorts,https://www.youtube.com/watch?v=Izlosy_26Ic,Farmsworth Henrietta,https://www.youtube.com/channel/UCNWkMm9rFE7P0fLcahUvQ2A,2026-05-02T23:31:50.519Z,47.0,46.773,46.773
❤️😍That’s what a REAL man looks like …..,https://www.youtube.com/watch?v=T0z2JOJuVec,Hạ Vy,https://www.youtube.com/channel/UCDc_L9V6hC4lK91HLhCHE4g,2026-05-02T23:31:37.254Z,59.0,13.265,13.265
Hero Civilian Saves Kid From House Fire,https://www.youtube.com/watch?v=1DP-T6RtjXE,CrimeTubeGlobal,https://www.youtube.com/channel/UC1LhehcK1DosffYIZkQeiRg,2026-05-02T23:31:14.600Z,21.0,22.654,21.0
"Sometimes, when hope is gone kindness quietly steps in ❤️‍🩹 #kindness",https://www.youtube.com/watch?v=_apaW1o6Y3s,Adrian Filimonov,https://www.youtube.com/channel/UCGFekGVJyG43tE-BiIbRgRQ,2026-05-02T23:30:20.910Z,58.0,53.69,53.69
The refs robbed us 😭#nhl #hockey #sports #shorts,https://www.youtube.com/watch?v=7xvaSaqZfS4,NHL EDITS ZONE,https://www.youtube.com/channel/UCwKyAxnUZYrnkyiibjxl7Fg,2026-05-02T23:30:18.068Z,19.0,2.842,2.842
Customer service voice activated 😌🦷Internal thoughts… not so much. #SmileSolutionsOrtho #DentalHumor,https://www.youtube.com/watch?v=vAy8r5d_sF4,megangaza,https://www.youtube.com/channel/UCXVWsJ_S3e9HrqxAvjioLYA,2026-05-02T23:30:00.757Z,20.0,17.311,17.311
First time during a mock code. Proud of the communication within the team#nursingstudent #nursing,https://www.youtube.com/watch?v=oSPuGDLDUYo,CareZee,https://www.youtube.com/channel/UCo5gzWj0-innOp0dW2Y_50Q,2026-05-02T23:29:35.547Z,28.0,25.21,25.21
👇Most People Stop Eating Chicken HERE And It’s Wrong #lovingblazer8,https://www.youtube.com/watch?v=YGqzpVdL3vA,Loving Blazer8,https://www.youtube.com/channel/UCcHI6vni9bBzUfdjOXG__6w,2026-05-02T23:29:34.605Z,14921.0,0.942,0.942
finding a friend on the mountain & helping them snowboard! #snowboarding,https://www.youtube.com/watch?v=tBOZ5m4R6hU,Backpack Duck,https://www.youtube.com/channel/UCsa_z-ApQAQ3G3zndiZN32Q,2026-05-02T23:29:28.842Z,65.0,5.763,5.763
Vibe check ✅ #doctorsoftiktok #physicianassistant #emergencymedicine #nyc #nursestiktok,https://www.youtube.com/watch?v=ZofXWv985O0,megangaza,https://www.youtube.com/channel/UCXVWsJ_S3e9HrqxAvjioLYA,2026-05-02T23:29:18.129Z,25.0,10.713,10.713
First time riding a T bar lift 😬 #shorts #fyp #viralvideo #mountains #skiing #viralshorts #wow,https://www.youtube.com/watch?v=TwIYZKhy9AA,Vinny Vlogs,https://www.youtube.com/channel/UC6vJQINHNbhIW-6qr7u4aoA,2026-05-02T23:29:12.227Z,52.0,5.902,5.902
A tribute to those lovely people #ambulance#soultrain #actsofkindness#humanity#firefighter,https://www.youtube.com/watch?v=rY21WLq0BxA,Stachu Pet,https://www.youtube.com/channel/UC7G21EnQPBp4XbyUCemRfLw,2026-05-02T23:28:15.284Z,57.0,56.943,56.943
😱🇺🇸💯Dog Rescued by Firefighters from a House Fire.,https://www.youtube.com/watch?v=fmkEEuviXvw,Hạ Vy,https://www.youtube.com/channel/UCDc_L9V6hC4lK91HLhCHE4g,2026-05-02T23:27:15.609Z,61.0,59.675,59.675
We strive to make the world a better place. #love #shorts #help #kind,https://www.youtube.com/watch?v=RIP0r0PeTa4,Ajmer Ki beat,https://www.youtube.com/channel/UCIpfHs6r70k_dr3f90wyqvw,2026-05-02T23:27:14.507Z,61.0,1.102,1.102
Had no idea this wasn't allowed😅,https://www.youtube.com/watch?v=sXCxVQI6x5o,Chris Arslan Productions,https://www.youtube.com/channel/UCYnCuIC23trU2MLPNri3IpA,2026-05-02T23:26:29.836Z,25.0,44.671,25.0
Kindness and help #fouryou #heroes #help #kindness #fyp,https://www.youtube.com/watch?v=GAQW1Z2q5uE,Nancy Manning,https://www.youtube.com/channel/UCD-c2RojU-x6X22ikjdAH9g,2026-05-02T23:26:28.708Z,59.0,1.128,1.128
These respectable people are running for the loved ones of others#nurses#helpful #doctor,https://www.youtube.com/watch?v=opGInGcSwsg,Saumaya Rayhan,https://www.youtube.com/channel/UCXXQw2JVRnxthMOFH9U_YBw,2026-05-02T23:25:28.448Z,60.0,60.26,60.0
so beyond grateful for this life !!!,https://www.youtube.com/watch?v=XdugqsTbGio,Gianna Cestone,https://www.youtube.com/channel/UC1lY_OkbAHxXFUE22jsoTgw,2026-05-02T23:25:23.618Z,22.0,4.83,4.83
HOW WE GETTING BACK? #storror,https://www.youtube.com/watch?v=_kFO6rALmEs,STORROR,https://www.youtube.com/channel/UCdPui8EYr_sX6q1xNXCRPXg,2026-05-02T23:25:19.231Z,,4.387,4.387
Skier Rescues a Trapped Snowboarder,https://www.youtube.com/watch?v=cu0Pnq02Ki8,SheringBikes,https://www.youtube.com/channel/UCecYFExxSY1S83l0xxCM_Yg,2026-05-02T23:25:16.648Z,25.0,2.583,2.583
A Little Help Goes A Long Way! #snowboarding #skiing #help #kindness #snow #learning #adorable #fun,https://www.youtube.com/watch?v=11pFtjCUHJg,BTN Adventures,https://www.youtube.com/channel/UCX3iywfVif1zOIjcHV-K4Xg,2026-05-02T23:24:47.177Z,52.0,29.471,29.471
This should NEVER happen,https://www.youtube.com/watch?v=89ZrN38k88s,Nikko Live,https://www.youtube.com/channel/UCBHntcISaCnnko7cJa9LSvg,2026-05-02T23:24:44.777Z,19.0,2.4,2.4
😍🥰Truck FIRE!!Racing against time!,https://www.youtube.com/watch?v=xNEE8VmgesQ,Thu Vân Phạm,https://www.youtube.com/channel/UClPBsWijnqDYiXMWQfCEwnA,2026-05-02T23:24:30.136Z,60.0,14.641,14.641
Woman In An Avalanche 😱😱,https://www.youtube.com/watch?v=AXc2nr-c9Wo,ControversialClips,https://www.youtube.com/channel/UCQBv6FalUwns7Kbsp7vTZQQ,2026-05-02T23:24:06.848Z,23.0,23.288,23.0
They gonna get fired after this race💀🏎️ #funny #pilot,https://www.youtube.com/watch?v=m5u6f1q68qk,Aviox,https://www.youtube.com/channel/UCPymsxjk5kHEIVnS6HYMylw,2026-05-02T23:23:56.335Z,13.0,10.513,10.513
Miami Dade Sheriff Charger #reels #police #policecars #cops #miami #florida #cars #sheriff,https://www.youtube.com/watch?v=5sHHfdE_78w,ALPHA DIECAST,https://www.youtube.com/channel/UC-VYFgWNthVdnstfIvsC5_w,2026-05-02T23:23:48.381Z,8.0,7.954,7.954
MLB funniest moments #baseball #mlb #funnymoments #sports,https://www.youtube.com/watch?v=uvja_3cQlgY,Ho Le,https://www.youtube.com/channel/UCI_2UiPLOScWKhx_YQHzX2Q,2026-05-02T23:23:37.856Z,57.0,10.525,10.525
Sea Worthy Jig #fishing,https://www.youtube.com/watch?v=vOpKiAjwdgo,Crappie Man Jigs,https://www.youtube.com/channel/UCBB7YnMm6nEJaVLWvp-k3Fw,2026-05-02T23:23:31.292Z,22.0,6.564,6.564
Let's work together to make the world a better #helpful #bekind #respect,https://www.youtube.com/watch?v=qcuqNjIY2lY,Saumaya Rayhan,https://www.youtube.com/channel/UCXXQw2JVRnxthMOFH9U_YBw,2026-05-02T23:22:25.588Z,55.0,65.704,55.0
MLB friendship moment ❤️#baseball #MLB #usa🇺🇸 #sportsmoment #sportmanship,https://www.youtube.com/watch?v=HAHCndPaqNg,The Pet Hub,https://www.youtube.com/channel/UC4uE5zoog79VwP4HRRAh6Ww,2026-05-02T23:22:18.869Z,59.0,6.719,6.719
Funny soldier#militarylife #soldiers #foryoupage #funny,https://www.youtube.com/watch?v=xHrLhiO16Rc,Andrea Chapman,https://www.youtube.com/channel/UCaNbogOmdfM172IWelRMbpQ,2026-05-02T23:21:19.914Z,60.0,58.955,58.955
FUNNIEST COP INTERCOM MOMENTS,https://www.youtube.com/watch?v=zbw-blQnSjg,Rank It Shorts,https://www.youtube.com/channel/UCiWHt6wkiE001iqo8_wt1Dw,2026-05-02T23:21:16.216Z,37.0,3.698,3.698
You always protect the goalie 😂 #nhl #hockey #sports #shorts,https://www.youtube.com/watch?v=fxck0LSTumA,NHL EDITS ZONE,https://www.youtube.com/channel/UCwKyAxnUZYrnkyiibjxl7Fg,2026-05-02T23:21:04.426Z,12.0,11.79,11.79
Completely on me I take it. #ski #skiing #oc #skipurgatory,https://www.youtube.com/watch?v=axSDG8NLw8Y,RyderKubeldis ,https://www.youtube.com/channel/UCYRTlqn-zR1ob0bRMH6k4Tw,2026-05-02T23:20:05.411Z,48.0,59.015,48.0
Showing our boyfriends how a catheter works. “You would have to knock me out first” - Christian #fyp,https://www.youtube.com/watch?v=ivhaJHyKpb8,megangaza,https://www.youtube.com/channel/UCXVWsJ_S3e9HrqxAvjioLYA,2026-05-02T23:19:36.980Z,31.0,28.431,28.431
Funny police car broadcast #cops #policeofficer #policecar #police #cop,https://www.youtube.com/watch?v=6Niw0d_Lw5I,Jaron Bednar,https://www.youtube.com/channel/UCkP2On_eezyaYz1eCdG0Iuw,2026-05-02T23:19:06.678Z,58.0,30.302,30.302
Ice hockey pranks#nhl #sports #icehockey #prank #goalie,https://www.youtube.com/watch?v=OhqN5YsNiIY,Martis Philemon,https://www.youtube.com/channel/UCdIl8h6E_3wudikm4ybuKUA,2026-05-02T23:18:50.760Z,59.0,15.918,15.918
Name a better sound than this…,https://www.youtube.com/watch?v=JZIbV2q1fuY,Freedom Farms,https://www.youtube.com/channel/UCSN3qReYXbVe-uo2TmxEHKw,2026-05-02T23:18:48.988Z,22.0,1.772,1.772
That was close 😅😆#truckdriver #trucker #trucking #funny #comedy #jokes,https://www.youtube.com/watch?v=0CgOZheDwng,Marcus 18wheels 🛞 ,https://www.youtube.com/channel/UCNZtoWX3RIYqHDyklMwTM9w,2026-05-02T23:18:32.744Z,16.0,16.244,16.0
Boy Aquarium's pre-game warm-up is the most exciting thing.#NHL #icehockey #sportstok #hockeyboys,https://www.youtube.com/watch?v=DPoYc4dBNzs,ihijok,https://www.youtube.com/channel/UCnq5ZYRK4GyaaE-eI4latCA,2026-05-02T23:18:08.530Z,48.0,24.214,24.214
Nurse saves young bikers life.,https://www.youtube.com/watch?v=WCbw98Duyio,JusticeSight,https://www.youtube.com/channel/UCO0fB6BnjwdKpWOLgypMBRg,2026-05-02T23:18:03.083Z,26.0,5.447,5.447
Silence Of The Brain BTS 🤣 @WoodiesDrumsticks #drums #drumming #drummer #drumset #drumline,https://www.youtube.com/watch?v=RynImgoc2dA,J Boye,https://www.youtube.com/channel/UCREppMcFc1FA3u3JtFQuuaQ,2026-05-02T23:18:00.539Z,15.0,2.544,2.544
Guy was walking down the mountain after losing his snowboard #snowboarding,https://www.youtube.com/watch?v=hQQePiM_9-8,Backpack Duck,https://www.youtube.com/channel/UCsa_z-ApQAQ3G3zndiZN32Q,2026-05-02T23:17:13.014Z,46.0,47.525,46.0
Kind people save a life❤️#kindness #humanity #hero,https://www.youtube.com/watch?v=WBIvo9VW2I4,Dj Gaurav pal,https://www.youtube.com/channel/UCuJer7eZYJ88OC4CNF3gacw,2026-05-02T23:15:56.557Z,59.0,76.457,59.0
#firefighter #firefighters #fireman #trending,https://www.youtube.com/watch?v=CdohjLufu-s,Ramirezjo678,https://www.youtube.com/channel/UC2O_NEbq_Sc7nNPaw1LYkbQ,2026-05-02T23:15:49.143Z,56.0,7.414,7.414
Funny ice hockey 🤣🤣#fyp #sports #nhl #hockey #usa🇺🇸,https://www.youtube.com/watch?v=66Zer7XKC9I,Ace Blakebh,https://www.youtube.com/channel/UCv-OjBaQaYs2idsh8O4cmfw,2026-05-02T23:14:51.660Z,57.0,57.483,57.0
Live Fashion Show | Outfit Try-On🔴,https://www.youtube.com/watch?v=otrOJ6uuTCo,live careworn,https://www.youtube.com/channel/UC3dexBMXC8t05QWmYO5EiTA,2026-05-02T23:14:50.285Z,8103.0,1.375,1.375
My little puppy #viral #4urpage #blowup #foryou #trending #dog #relatable #funny #cute #fyp #fypシ,https://www.youtube.com/watch?v=59-5yhZlC58,Bombastic ,https://www.youtube.com/channel/UCd3pyRhf7BUOneWymOqgYpg,2026-05-02T23:14:47.786Z,10.0,2.499,2.499
"We’re c0ps, of course we have to mess with the firefighters!😼😎#piercetownshippd#police#firefighter",https://www.youtube.com/watch?v=gWdWEzE648k,Dilufohi Jomi,https://www.youtube.com/channel/UCSEpIqb4-vgIBWqF5FhbG3Q,2026-05-02T23:13:47.444Z,60.0,60.342,60.0
😍🥰These fire fighters are deserving of so much more ❤,https://www.youtube.com/watch?v=oGjEvO9otB4,Hạ Vy,https://www.youtube.com/channel/UCDc_L9V6hC4lK91HLhCHE4g,2026-05-02T23:12:58.003Z,59.0,49.441,49.441
From little helper to little disaster#KidsAreFunny#MessyHelp#KidFails#HilariousKids#KidChaos #viral,https://www.youtube.com/watch?v=kO1WIcbmT8k,LittleVibeHouse,https://www.youtube.com/channel/UCGJYwYOT04_qzdXshG4jwOA,2026-05-02T23:11:57.449Z,60.0,60.554,60.0
Customer states 🤣🤣🤣#mechanic #mechaniclife #car#fyp,https://www.youtube.com/watch?v=ZTBEXWKAmI8,Funusa_,https://www.youtube.com/channel/UC25H002WsGF_nLRws9VcM-g,2026-05-02T23:11:10.661Z,62.0,46.788,46.788
Ranking The Funniest Mechanic Moments Ever 😂🔧 #ranking #shorts #mechanic #funny #viral,https://www.youtube.com/watch?v=BsQagH8KaXY,South Dakota Storm,https://www.youtube.com/channel/UCLgUjpxmhp1MQ2P33DTdSPQ,2026-05-02T23:10:56.223Z,78.0,14.438,14.438
Scaring Police Officers! 😂 (Funniest Cop Pranks Compilation)#PolicePranks #FunnyCops #Scare #Prank,https://www.youtube.com/watch?v=MNhHw0GfqO0,TheEternalToaster,https://www.youtube.com/channel/UCebGV_0pqhLNan1hr5IpoDA,2026-05-02T23:10:34.806Z,52.0,21.417,21.417
What’s wrong with my car🤨🤨🤨,https://www.youtube.com/watch?v=zmbFhrLMxYY,American_laughs_hub,https://www.youtube.com/channel/UCicfq7cDQtItgw8KbJH7tbw,2026-05-02T23:10:32.345Z,64.0,2.461,2.461
"🥰❤️Firefighters, doctors ete deserve mare pay and rewards. They are angels in humen form.",https://www.youtube.com/watch?v=8i3d3XAg2N8,Á Đoàn,https://www.youtube.com/channel/UCbFVnQ1c72iGUA7pZ9JjZhw,2026-05-02T23:09:18.261Z,61.0,74.084,61.0
Training #solider,https://www.youtube.com/watch?v=zH5g8t9ws1M,Dilufohi Jomi,https://www.youtube.com/channel/UCSEpIqb4-vgIBWqF5FhbG3Q,2026-05-02T23:08:24.443Z,59.0,53.818,53.818
Failing,https://www.youtube.com/watch?v=kfxywkPr3Wc,Iris the pony,https://www.youtube.com/channel/UCttqaZBB8MRDei9DV-tzHPQ,2026-05-02T23:08:18.155Z,11.0,6.288,6.288
They Don’t Even Flinch 😨,https://www.youtube.com/watch?v=_lnQRUyEpus,Flash Feed Now,https://www.youtube.com/channel/UCv2ODn07QQq6JxDBCX7pSUA,2026-05-02T23:08:16.711Z,18.0,1.444,1.444
Why I'll never have a desk job (Wait for the CRACK💥) #shorts #asmr,https://www.youtube.com/watch?v=uspDTX4z008,BartVetPhysio,https://www.youtube.com/channel/UCcjrix2WIgD6JQ95mHLkYXA,2026-05-02T23:08:07.924Z,18.0,8.787,8.787
This event is not beginner-friendly at all.❄️ #snow #snowstorm #winter #funny #fyp,https://www.youtube.com/watch?v=RnIWTiRryUA,Edge Rush,https://www.youtube.com/channel/UCjObXYIJWtx3b1sAVHSLQUg,2026-05-02T23:06:07.163Z,69.0,120.761,69.0
Still want to be a sailor? #CrazySea #FunnyMoments #OceanLife #POV,https://www.youtube.com/watch?v=Z-VnflLCTiM,Petstime746,https://www.youtube.com/channel/UCWTXVvhjdW7glMNN3Y_Ls3A,2026-05-02T23:06:05.842Z,60.0,1.321,1.321
Best Ship Launch Everr #ship #shiplaunch,https://www.youtube.com/watch?v=mOWUx3rFU9s,CrazyClips,https://www.youtube.com/channel/UC-z7oFccLBFB5hqNfjBvUVQ,2026-05-02T23:06:04.245Z,62.0,1.597,1.597
Plus shoes! I would love to say hello for real. #books #booksigning #retail #refashionedhippie,https://www.youtube.com/watch?v=a1WGWq8C5Sw,Refashioned Hippie,https://www.youtube.com/channel/UCxetrH881m7SQKN7AviaARQ,2026-05-02T23:06:02.713Z,52.0,1.532,1.532
They say men get sillier after marriage.#Marriage#Funny#humor#stupid#USA#fyp,https://www.youtube.com/watch?v=9GNLbk2vHXk,Caleb Embry,https://www.youtube.com/channel/UCR01DO68XP0j2F6iBkyzHMA,2026-05-02T23:05:09.729Z,60.0,52.984,52.984
Funny firefighters 🚒🤣#foryou #firefighter #funny#fyp #prank,https://www.youtube.com/watch?v=U62XMnZ4DCg,Dilufohi Jomi,https://www.youtube.com/channel/UCSEpIqb4-vgIBWqF5FhbG3Q,2026-05-02T23:04:09.912Z,59.0,59.817,59.0
This Wasp Nest Removal Went TOO FAR 😱🔥,https://www.youtube.com/watch?v=yTQQfWkQr80,RankVision,https://www.youtube.com/channel/UCiEuY7FFbigTv_Pmlpt_KOA,2026-05-02T23:04:07.264Z,63.0,2.648,2.648
When cars give up🚗 #funny #car #fail #funnyvideo #fyp #cars #cargiveaway #man #joy,https://www.youtube.com/watch?v=iMPc3beo5wU,FurryVenture ,https://www.youtube.com/channel/UCQ9Ym1ta6aoRLdsR8d95lkA,2026-05-02T23:02:39.929Z,81.0,87.335,81.0
Being a police officer is not easy #USA#fyp#police,https://www.youtube.com/watch?v=SFuQdgrsHZY,PetrichorMoment,https://www.youtube.com/channel/UCAtaM755hvJRZwXRkNik6Nw,2026-05-02T23:02:22.997Z,60.0,16.932,16.932
Just Farming Things Are Falling Apart.#funny #farmer #farm #farmlife #country #funnyvideo #fyp,https://www.youtube.com/watch?v=sf9zMIjtZwY,Barn Buds,https://www.youtube.com/channel/UCe2PRmV4D314nc7UZKo0TOg,2026-05-02T23:02:03.516Z,59.0,19.481,19.481
Unlucky Robot Delivery[Robot Fail]#robot#robotroad#robotfail#fooddeliveryrobot#fyp,https://www.youtube.com/watch?v=f9CbZRcDwWM,MadMash,https://www.youtube.com/channel/UCJfg0R9C6d1DcAmVll0BJdQ,2026-05-02T23:01:28.432Z,62.0,35.084,35.084
US Dashcam | Order Delivered,https://www.youtube.com/watch?v=phjZ4MYDcyE,US Dashcam ,https://www.youtube.com/channel/UCtrJdrK5fbasJwfVXX72ixA,2026-05-02T23:00:40.256Z,63.0,48.176,48.176
⚙🔧 #carproblems #costumerstates #vehicle #funny #fail,https://www.youtube.com/watch?v=Eg4I3A4HPcU,Absurd Assembly,https://www.youtube.com/channel/UCJTEtP4BnKfKs9VFPfQ2rfA,2026-05-02T23:00:33.049Z,56.0,7.207,7.207
The Pet Millennials Didn’t Know They Needed #alpaca #ranchlife #wellness #wisconsin,https://www.youtube.com/watch?v=ispWqXIDEa8,Fiorella Neira,https://www.youtube.com/channel/UCHab3f1zlqCVQLU6d6DFguw,2026-05-02T23:00:25.671Z,7.0,7.378,7.0
Funny moments between dogs and deliverymen under surveillance.,https://www.youtube.com/watch?v=XUt3DenQFWI,Teaque Shurak,https://www.youtube.com/channel/UCH1eql6BMFveu4TXobkaL1g,2026-05-02T23:00:18.129Z,58.0,7.542,7.542
This is life at sea. #funny #sailor #sea #fyp #funnyvideos,https://www.youtube.com/watch?v=0q8iwhpaMUM,Andrea Chapman,https://www.youtube.com/channel/UCaNbogOmdfM172IWelRMbpQ,2026-05-02T22:59:19.773Z,59.0,58.356,58.356
Funny cat paws,https://www.youtube.com/watch?v=6o8vaOdjbus,Moss Ryan,https://www.youtube.com/channel/UC-GxLwwDOKePEeOTAnGSvuA,2026-05-02T22:59:12.199Z,60.0,7.574,7.574
Funny Customer states #mechanical#fyp #foryou #funnymoments #car,https://www.youtube.com/watch?v=x2ljKf1h8W8,PotamitisVekris,https://www.youtube.com/channel/UC46f409pH9uipEk0skb8PEw,2026-05-02T22:58:47.374Z,101.0,24.825,24.825
#badweather #nature #scarymoments #tornado #video,https://www.youtube.com/watch?v=DwuaZWrP2kg,Go Man,https://www.youtube.com/channel/UCs611WjOsoiPYTTBVJWleYQ,2026-05-02T22:57:49.774Z,56.0,57.6,56.0
Owing a shitbox car😅😅#shitbox#car#funny#fyp,https://www.youtube.com/watch?v=AdwMNJrHEjk,Funusa_,https://www.youtube.com/channel/UC25H002WsGF_nLRws9VcM-g,2026-05-02T22:56:33.600Z,63.0,76.174,63.0
POV: your dog just had the time of their life in the backyard… and now they look like it too 😅 Dirt,https://www.youtube.com/watch?v=D92OAprSTMs,Pet Parents,https://www.youtube.com/channel/UCe8MRqPp0A2vo1ZAFStKmYg,2026-05-02T22:56:30.214Z,14.0,3.386,3.386
FlashMuse Fashion live 2026-05-03 06:41:53,https://www.youtube.com/watch?v=lxGXLuehsDM,FlashMuse Fashion,https://www.youtube.com/channel/UCm9ov8lPQgwxVUTmMUihhzQ,2026-05-02T22:56:28.746Z,10476.0,1.468,1.468
#chihuahua #animalfunny #funnypets #funnyvideo #pitbull #cat #illustration #art #pov,https://www.youtube.com/watch?v=QZqZnOdDhfY,Pet Madness Universe,https://www.youtube.com/channel/UCwceter_EfBci5ExrMJplXg,2026-05-02T22:55:27.429Z,60.0,61.317,60.0
https://www.youtube.com/watch?v=PCGwVnb3ykk,https://www.youtube.com/watch?v=PCGwVnb3ykk,,,2026-05-02T22:54:13.034Z,,74.395,74.395
"Maximum results, minimum effort. That’s the motto🤣🤣#worksmarternotharder #funny #fyp #lifehacks",https://www.youtube.com/watch?v=yM7FhJ4p1X4,Carbon Based Comedy,https://www.youtube.com/channel/UCigmtexnmclyWDroTG996gg,2026-05-02T22:53:12.961Z,60.0,60.073,60.0
Finding movie mistakes are always 10/10 experiences😂#moviemistakes#funnyvideos#foryou#fyp #funny,https://www.youtube.com/watch?v=HrqIvCxqcZY,Braxton Anabel,https://www.youtube.com/channel/UC5MUJ-lVKUzs0uSav0omSew,2026-05-02T22:53:09.151Z,54.0,3.81,3.81
Top Serious Cops vs Funny People Moments 💀#police #funny #public #moments #awkward #weird #fail,https://www.youtube.com/watch?v=Gj-T1aNoup8,Marotu Pijute,https://www.youtube.com/channel/UCkXViLL5Q9S5NmYNcWmPbbg,2026-05-02T22:52:53.943Z,57.0,15.208,15.208
dogs being clumsy #cutegolden #funny #funnyanimals #pets #funnydogs #animals #funnypets #petvideos,https://www.youtube.com/watch?v=HQRiXZ4OSrk,animal diary,https://www.youtube.com/channel/UC9sgwt3fBT1qeeMbm95656g,2026-05-02T22:51:40.123Z,60.0,73.82,60.0
Customers states never go out of style 🤣🤣🤣#foryou #fyp #funnymoments #mechanical #mechaniclife,https://www.youtube.com/watch?v=gNeHhv-hUpQ,PotamitisVekris,https://www.youtube.com/channel/UC46f409pH9uipEk0skb8PEw,2026-05-02T22:50:17.951Z,80.0,82.172,80.0
Customer states #funny,https://www.youtube.com/watch?v=XaSfkJEPTZ8,Jonatan Carrasco,https://www.youtube.com/channel/UCZN85Zz3uQQzHdc5wHXN0PA,2026-05-02T22:50:15.104Z,59.0,2.847,2.847
“don’t forget my gogurt tomorrow or else…” -Roocifer #fostercat #feralcat,https://www.youtube.com/watch?v=ovJ-pvkkLE4,Kayla Lyman,https://www.youtube.com/channel/UCWRE-S0-YD4Iy7tPFSuVp5A,2026-05-02T22:48:29.247Z,153.0,105.857,105.857
I think it’s a good summary 😅😍 #straykids #bangchan #hyunjin #felix #changbin #han #seungmin #i_n,https://www.youtube.com/watch?v=N5bZ3f2tQ7o,Kpop mimo,https://www.youtube.com/channel/UChmoho8RzbA0Vd-3GNhqiCA,2026-05-02T22:48:21.837Z,166.0,7.41,7.41
Would you like to experience life as a sailor#viral #sea #funny #fyp #foryoupage,https://www.youtube.com/watch?v=3vXo67sT1zs,Pixy Carinaana,https://www.youtube.com/channel/UCEESd67iV0FHqvcv1bFeQUw,2026-05-02T22:47:15.196Z,60.0,66.641,60.0
Not Seungmin literally exposing everyone🤭 ​⁠@StrayKids #straykidshavingbeef #straykids #kpop #fyp,https://www.youtube.com/watch?v=4S2XjfEh4eU,Lisa Yoshiko Yukiko Yang,https://www.youtube.com/channel/UCJ6UtnYr5GuLzvy21_sByqw,2026-05-02T22:46:15.800Z,146.0,59.396,59.396
Pregnant News Anchor BREAKS When She Realizes HILARIOUS Wrong Identity BLOOPER!,https://www.youtube.com/watch?v=wA7M0KMg0fk,Local Big Time Public Access Television Show,https://www.youtube.com/channel/UCpYPIBCCAPQhXVExtRJWx4g,2026-05-02T22:46:08.040Z,14.0,7.76,7.76
“Customer states” part ten ranking the worst mechanic fails.,https://www.youtube.com/watch?v=YnbXWzByUVw,Ranking Shade Tree,https://www.youtube.com/channel/UCzbfZHJP3ZsSYvbNytEC1Ow,2026-05-02T22:45:11.562Z,55.0,56.478,55.0
Funny soldier #army #military #funny #soldier #armylover,https://www.youtube.com/watch?v=mi9Kl3nvmr8,Funny animals 777,https://www.youtube.com/channel/UCuE4PsHM8YZfwBLCKro_B2w,2026-05-02T22:45:06.427Z,56.0,5.135,5.135
When the Fandom Takes Over😭 #straykids,https://www.youtube.com/watch?v=OoubFE9LfyQ,Wissi World,https://www.youtube.com/channel/UCsG7lpBLkFjtgYbmICYiR8g,2026-05-02T22:45:03.128Z,13.0,3.299,3.299
Han second job😂(standup comedian)pt2#han#STRAYKIDS#Kpop#funny#shorts#bangchan#Leeknow#I.N#hyunjin,https://www.youtube.com/watch?v=PzvaaglGfFY,CertifiedBLACKPINKMess🖤💗,https://www.youtube.com/channel/UCVpMMU9ap6_Sdy8SggpwZiw,2026-05-02T22:45:01.709Z,133.0,1.419,1.419
#felix,https://www.youtube.com/watch?v=FMce07qrqQg,Straykids_lover,https://www.youtube.com/channel/UCRBYSU9jDDZIbGKiOXmcHLQ,2026-05-02T22:44:12.849Z,83.0,48.86,48.86
🥹A heartwarming moment between athletes and journalists💕 #kindness #athlete #fyp #foryoupage,https://www.youtube.com/watch?v=CT-Mjvj1vxM,Rkskfisnd Fjendkfndns,https://www.youtube.com/channel/UCEcEV2-evwBjXP9EfXXk85Q,2026-05-02T22:43:26.598Z,45.0,46.251,45.0
worst Fighter pilot Title  #militaryhistory #automobile #militaryeverything,https://www.youtube.com/watch?v=U-N4fsxN8A8,Speers Codling,https://www.youtube.com/channel/UCxYpAdO95Z4ocrL-ZpeEmaw,2026-05-02T22:43:24.509Z,,2.089,2.089
Han second Job 😄 (Standup comedian)#han#straykids#bangchan#kpop#shorts#funny,https://www.youtube.com/watch?v=p3BBXN667qE,CertifiedBLACKPINKMess🖤💗,https://www.youtube.com/channel/UCVpMMU9ap6_Sdy8SggpwZiw,2026-05-02T22:43:21.783Z,168.0,2.726,2.726
dogs being silly #cutegolden #funny #funnypets #pets #funnyanimals #funnydogs,https://www.youtube.com/watch?v=gLTlCDaO0xI,Doggo daily,https://www.youtube.com/channel/UCCuRxbbctvWLUVhkNopAByA,2026-05-02T22:42:20.850Z,60.0,60.933,60.0
What crew really do on their day off,https://www.youtube.com/watch?v=4PAbgjWsfnc,Bryan and Jaidyn,https://www.youtube.com/channel/UCjnkpT0Tag2t9SsyMhheB3Q,2026-05-02T22:42:19.265Z,53.0,1.585,1.585
That’s one way to do it,https://www.youtube.com/watch?v=WAIwVsBFw_k,Derek Lipp,https://www.youtube.com/channel/UCQFWBP3JX7MNil8sO4DKeMw,2026-05-02T22:42:16.765Z,37.0,2.5,2.5
like WYM you can control what gets removed from songs 💀 #music #verso#cleansounds #cleanmusic,https://www.youtube.com/watch?v=CZeLDVz16Fc,tay.millennialmom,https://www.youtube.com/channel/UC-_E3Wlxi7zy34kmbRqex0g,2026-05-02T22:42:00.999Z,12.0,15.766,12.0
K9 Ferry Training Drill 🐕 #shorts,https://www.youtube.com/watch?v=1bfnBIJK0-8,Invention,https://www.youtube.com/channel/UC320FcTMURBRJCW9BVxNP5w,2026-05-02T22:41:59.597Z,6.0,1.402,1.402
it's their first language tho.. #kpop #straykids #zb1 #fypシ #kpopedit #viral #koreanrap #klife,https://www.youtube.com/watch?v=eb0Ypyvy4RU,Dew Asia,https://www.youtube.com/channel/UCb8iIFUB-QH7WQBVkQQYQBw,2026-05-02T22:41:45.365Z,36.0,14.232,14.232
The names mugsy!🤣,https://www.youtube.com/watch?v=LIuq1SfjTp4,Uncle Martin,https://www.youtube.com/channel/UCHwLOIeAGchgRVlhBk5CtNQ,2026-05-02T22:41:44.195Z,25.0,1.17,1.17
Hilarious Military Moments You Can't Unsee! 😂#FunnyMilitary #ArmyFails #MilitaryHumor #SoldierLife,https://www.youtube.com/watch?v=Kfr1gGCOCk4,TheEternalToaster,https://www.youtube.com/channel/UCebGV_0pqhLNan1hr5IpoDA,2026-05-02T22:40:48.139Z,53.0,56.056,53.0
She's setting boundaries and learning to trust,https://www.youtube.com/watch?v=RivhkwUYAWY,Flatbush Cats,https://www.youtube.com/channel/UCTl8bLnzuZzID1kIhpbS5vQ,2026-05-02T22:40:45.308Z,70.0,2.831,2.831
Woah🔥 #bangchan #changbin #leeknow #straykids #skz ,https://www.youtube.com/watch?v=tHoCw_DmhYg,Skz’ Mom,https://www.youtube.com/channel/UCCXhM3SSNnVkztMs-_bYARg,2026-05-02T22:40:40.209Z,32.0,5.099,5.099
This was great😂😂🤣#aviation,https://www.youtube.com/watch?v=lI1xjQ_zHuk,Matt,https://www.youtube.com/channel/UC-qBJrBACspP2mY1YcEvR3w,2026-05-02T22:39:37.812Z,61.0,62.397,61.0
it's hard not to laugh😭 #gym #workout #fitness #fail #funny,https://www.youtube.com/watch?v=tRGN0jSwTGQ,Absurd Assembly,https://www.youtube.com/channel/UCJTEtP4BnKfKs9VFPfQ2rfA,2026-05-02T22:39:07.141Z,56.0,30.671,30.671
What crew CAN and CAN'T do onboard a cruise ship,https://www.youtube.com/watch?v=E921hEU2oDc,Bryan and Jaidyn,https://www.youtube.com/channel/UCjnkpT0Tag2t9SsyMhheB3Q,2026-05-02T22:36:47.284Z,45.0,139.857,45.0
han jisung doing han jisun things for 3 minutes,https://www.youtube.com/watch?v=HGbxqCN3V0U,Mulanga Kazadi,https://www.youtube.com/channel/UCwwUvxOddOGi2yP50JGwhmA,2026-05-02T22:36:38.152Z,100.0,9.132,9.132
Please stay forever💔 #straykids,https://www.youtube.com/watch?v=Xev9y8P-w0I,Wissi World,https://www.youtube.com/channel/UCsG7lpBLkFjtgYbmICYiR8g,2026-05-02T22:36:14.688Z,23.0,23.464,23.0
What 24 hours with a humidifier will do for a cat,https://www.youtube.com/watch?v=iFgUwCfAJec,Flatbush Cats,https://www.youtube.com/channel/UCTl8bLnzuZzID1kIhpbS5vQ,2026-05-02T22:32:59.064Z,86.0,195.624,86.0
My dog got so excited #dog #funny #viral #fyp  #shorts #shortvideo,https://www.youtube.com/watch?v=dFyx5tKOjDY,funworldselected,https://www.youtube.com/channel/UC33vtrtyVKZfI3Kr1jDlw3g,2026-05-02T22:30:14.237Z,162.0,164.827,162.0
Blistering Memories,https://music.youtube.com/watch?v=ZHt0thAztRI,Seventh Day Slumber - Topic,https://www.youtube.com/channel/UC4f9ZM7KtjDZZRWZtO7MlPg,2026-05-02T22:27:49.515Z,160.0,144.722,144.722
Surviving The Wasteland,https://music.youtube.com/watch?v=mBvT69TOya8,Seventh Day Slumber - Topic,https://www.youtube.com/channel/UC4f9ZM7KtjDZZRWZtO7MlPg,2026-05-02T22:21:02.108Z,199.0,407.407,199.0
Chemical Burn,https://music.youtube.com/watch?v=bfTOQBWrU_w,Seventh Day Slumber - Topic,https://www.youtube.com/channel/UC4f9ZM7KtjDZZRWZtO7MlPg,2026-05-02T15:35:43.576Z,188.0,24318.532,188.0
Yours Truly,https://music.youtube.com/watch?v=zDbpQxVecL8,Seventh Day Slumber - Topic,https://www.youtube.com/channel/UC4f9ZM7KtjDZZRWZtO7MlPg,2026-05-02T15:32:08.518Z,215.0,215.058,215.0
Fractured Paradise,https://music.youtube.com/watch?v=P1yhvhXigTo,Seventh Day Slumber - Topic,https://www.youtube.com/channel/UC4f9ZM7KtjDZZRWZtO7MlPg,2026-05-02T15:28:26.844Z,222.0,221.674,221.674
Rehearsing Tragedies,https://music.youtube.com/watch?v=B6QF31Aq-qU,Seventh Day Slumber - Topic,https://www.youtube.com/channel/UC4f9ZM7KtjDZZRWZtO7MlPg,2026-05-02T15:24:59.965Z,207.0,206.879,206.879
My Novocain,https://music.youtube.com/watch?v=PEW3zu5KvqY,Seventh Day Slumber - Topic,https://www.youtube.com/channel/UC4f9ZM7KtjDZZRWZtO7MlPg,2026-05-02T15:22:06.281Z,174.0,173.684,173.684
Lizards Of Malice,https://music.youtube.com/watch?v=Qgzuf_Glz-s,Seventh Day Slumber - Topic,https://www.youtube.com/channel/UC4f9ZM7KtjDZZRWZtO7MlPg,2026-05-02T15:18:36.256Z,210.0,210.025,210.0
Feasting On Vultures,https://music.youtube.com/watch?v=MmrempLV96I,Seventh Day Slumber - Topic,https://www.youtube.com/channel/UC4f9ZM7KtjDZZRWZtO7MlPg,2026-05-02T15:15:21.329Z,195.0,194.927,194.927
A Bullet Meant For Me,https://music.youtube.com/watch?v=y1dXabTdElo,Seventh Day Slumber - Topic,https://www.youtube.com/channel/UC4f9ZM7KtjDZZRWZtO7MlPg,2026-05-02T15:09:12.974Z,209.0,368.355,209.0
Calypso,https://music.youtube.com/watch?v=Uk6eXfSfKw0,Sail North - Topic,https://www.youtube.com/channel/UCfvoJYTTSkOKstV4-cy8ZWA,2026-05-02T13:52:45.473Z,175.0,4587.501,175.0
Wellerman,https://music.youtube.com/watch?v=YZLr28kBs7I,Sail North - Topic,https://www.youtube.com/channel/UCfvoJYTTSkOKstV4-cy8ZWA,2026-05-02T13:46:21.589Z,199.0,383.884,199.0
Hold Fast,https://music.youtube.com/watch?v=UOI2nFQ6aYc,Sail North - Topic,https://www.youtube.com/channel/UCfvoJYTTSkOKstV4-cy8ZWA,2026-05-02T13:43:21.698Z,180.0,179.891,179.891
Overboard,https://music.youtube.com/watch?v=0_HmYup3LJE,Sail North - Topic,https://www.youtube.com/channel/UCfvoJYTTSkOKstV4-cy8ZWA,2026-05-02T13:40:11.251Z,190.0,190.447,190.0
Tales of Luria,https://music.youtube.com/watch?v=cGXCHnrHlaE,Sail North - Topic,https://www.youtube.com/channel/UCfvoJYTTSkOKstV4-cy8ZWA,2026-05-02T13:36:28.228Z,223.0,223.023,223.0
Bears & Wolves,https://music.youtube.com/watch?v=FnMFIpErRvs,Lilith Max - Topic,https://www.youtube.com/channel/UCyZz3M9A6v_sMSqiaIBH4Hw,2026-05-02T13:36:12.393Z,199.0,15.835,15.835
Everything You Need to Know About Medieval Horses,https://www.youtube.com/watch?v=TXv8K0v2cSk,Modern History TV,https://www.youtube.com/channel/UCMjlDOf0UO9wSijFqPE9wBw,2026-05-02T00:45:37.146Z,5443.0,46235.247,5443.0
Stray Kids Being Stray Kids #kpop #skz #straykids #funny #comedy #ytshorts #fyp,https://www.youtube.com/watch?v=iZtZAbQeq3w,Oh An Egg Sweet,https://www.youtube.com/channel/UC_nLHO9J8jzCm9PMfveSJHA,2026-05-02T00:45:29.210Z,54.0,7.936,7.936
maybe I should have gotten norovirus sooner 😳 #fostercat #spicycat #feralcat,https://www.youtube.com/watch?v=WRUWQd0HUHY,Kayla Lyman,https://www.youtube.com/channel/UCWRE-S0-YD4Iy7tPFSuVp5A,2026-05-02T00:44:18.311Z,66.0,70.899,66.0
just han and felix being passenger princesses! 😄😎#skz #felix #hanjisung #스트레이키즈#fypシ#shorts #skzedit,https://www.youtube.com/watch?v=82z6p9qXzl0,𝙈𝙞𝙨𝙨 𝙈𝙤𝙤𝙣𝙡𝙞𝙜𝙝𝙩,https://www.youtube.com/channel/UCjVGRXbAmWIWItF3RgVfzaQ,2026-05-02T00:44:06.356Z,17.0,11.955,11.955
PART 2 - SKZ RECORDING STUDIO CORE (Mostly 3Racha) ❤️✨😭 #straykids #recordingstudio #skzbehind,https://www.youtube.com/watch?v=vbzZgl0Cugs,STRAY KIDS CORNER,https://www.youtube.com/channel/UCEJVDU7Es1-Jl4z99eibsNA,2026-05-02T00:42:05.702Z,172.0,120.654,120.654
Stray Kids being absolute comedians again 🤡🤣#trending#shorts #funny #viral,https://www.youtube.com/watch?v=CtR1EXypNVc,Stray Kids Vibes,https://www.youtube.com/channel/UCstRfmLMu4LXstbDh1M-86A,2026-05-02T00:41:31.001Z,34.0,34.701,34.0
iTs noT GoNnA WoRk... 😒 #straykids #kpop #felix #funny #edit #shorts,https://www.youtube.com/watch?v=i_sAoqvr3II,Brook_editzskz>>>,https://www.youtube.com/channel/UChqPXtcNGioJkAoBjRgKlog,2026-05-02T00:41:24.960Z,110.0,6.041,6.041
16 Year Old Zendaya Was UNREAL #shorts,https://www.youtube.com/watch?v=MMplIiZpKmY,Fiveflex,https://www.youtube.com/channel/UCvi_tAtZ2wiPsxp_GQNXyqQ,2026-05-02T00:41:00.951Z,,24.009,24.009
Ready To Die,https://music.youtube.com/watch?v=pg_DtWxbNME,Behold the Beloved - Topic,https://www.youtube.com/channel/UCyfeyVQLlIRRzfXyEo_Qilw,2026-05-02T00:38:16.582Z,238.0,164.369,164.369
Live Again,https://music.youtube.com/watch?v=RMrrCw5oO18,Behold the Beloved - Topic,https://www.youtube.com/channel/UCyfeyVQLlIRRzfXyEo_Qilw,2026-05-02T00:34:30.230Z,227.0,226.352,226.352
Heartbreak,https://music.youtube.com/watch?v=OZjWs3GHrG8,Behold the Beloved - Topic,https://www.youtube.com/channel/UCyfeyVQLlIRRzfXyEo_Qilw,2026-05-02T00:30:37.979Z,233.0,232.251,232.251
Am I Broken,https://music.youtube.com/watch?v=Ux12xhAKJyY,Behold the Beloved - Topic,https://www.youtube.com/channel/UCyfeyVQLlIRRzfXyEo_Qilw,2026-05-02T00:25:59.593Z,279.0,278.386,278.386
Powerplay,https://music.youtube.com/watch?v=uZc003mCFWo,Behold the Beloved - Topic,https://www.youtube.com/channel/UCyfeyVQLlIRRzfXyEo_Qilw,2026-05-02T00:22:36.431Z,203.0,203.162,203.0
Toxic Lullabies,https://music.youtube.com/watch?v=VRUADx7OQgM,Behold the Beloved - Topic,https://www.youtube.com/channel/UCyfeyVQLlIRRzfXyEo_Qilw,2026-05-02T00:16:41.693Z,277.0,354.738,277.0
Untouchable,https://music.youtube.com/watch?v=zt2KOTz4BTc,Behold the Beloved - Topic,https://www.youtube.com/channel/UCyfeyVQLlIRRzfXyEo_Qilw,2026-05-02T00:13:14.046Z,208.0,207.647,207.647
Darker The Night,https://music.youtube.com/watch?v=zIqzXzeSiM8,Behold the Beloved - Topic,https://www.youtube.com/channel/UCyfeyVQLlIRRzfXyEo_Qilw,2026-05-02T00:08:51.861Z,262.0,262.185,262.0
Dear Martyr,https://music.youtube.com/watch?v=pbiF1wbD-cY,Behold the Beloved - Topic,https://www.youtube.com/channel/UCyfeyVQLlIRRzfXyEo_Qilw,2026-05-02T00:04:40.209Z,252.0,251.652,251.652
Gratitude,https://music.youtube.com/watch?v=rGrE8v8mbqc,Behold the Beloved - Topic,https://www.youtube.com/channel/UCyfeyVQLlIRRzfXyEo_Qilw,2026-05-01T23:59:09.356Z,331.0,330.853,330.853
Rising High,https://music.youtube.com/watch?v=VamRFhDbLn0,Beyond the Black - Topic,https://www.youtube.com/channel/UCab1v_wq5f-zZXzLMm-OXWg,2026-05-01T23:21:55.785Z,193.0,2233.571,193.0
Believe,https://music.youtube.com/watch?v=GAuM9qOGwmM,The Letter Black - Topic,https://www.youtube.com/channel/UCPb2RSYZOib0Ixf2sWyjsMA,2026-05-01T20:38:08.751Z,242.0,9827.034,242.0
Hanging On By A Thread,https://music.youtube.com/watch?v=s1Z1H-Omb_4,The Letter Black - Topic,https://www.youtube.com/channel/UCPb2RSYZOib0Ixf2sWyjsMA,2026-05-01T20:35:05.112Z,184.0,183.639,183.639
Moving On,https://music.youtube.com/watch?v=auB3vFF5m0A,Decyfer Down - Topic,https://www.youtube.com/channel/UCAhGQsMGGIq9knAqs6fci6Q,2026-05-01T20:08:51.316Z,226.0,1573.796,226.0
Over My Head,https://music.youtube.com/watch?v=ppRUabzOLHA,Decyfer Down - Topic,https://www.youtube.com/channel/UCAhGQsMGGIq9knAqs6fci6Q,2026-05-01T20:04:57.050Z,235.0,234.266,234.266
Wasting Away,https://music.youtube.com/watch?v=6S5b_jP0HgQ,Decyfer Down - Topic,https://www.youtube.com/channel/UCAhGQsMGGIq9knAqs6fci6Q,2026-05-01T20:00:53.966Z,243.0,243.084,243.0
Ride with Me,https://music.youtube.com/watch?v=3igOQcxheXc,Decyfer Down - Topic,https://www.youtube.com/channel/UCAhGQsMGGIq9knAqs6fci6Q,2026-05-01T19:57:31.164Z,203.0,202.802,202.802
Best I Can,https://music.youtube.com/watch?v=CFprR5GYdZE,Decyfer Down - Topic,https://www.youtube.com/channel/UCAhGQsMGGIq9knAqs6fci6Q,2026-05-01T19:53:52.728Z,219.0,218.436,218.436
Fading,https://music.youtube.com/watch?v=LfjsILNwboA,Decyfer Down - Topic,https://www.youtube.com/channel/UCAhGQsMGGIq9knAqs6fci6Q,2026-05-01T19:49:41.324Z,252.0,251.404,251.404
Crash,https://music.youtube.com/watch?v=EGew8l5Df1Q,Decyfer Down - Topic,https://www.youtube.com/channel/UCAhGQsMGGIq9knAqs6fci6Q,2026-05-01T19:42:54.695Z,232.0,406.629,232.0
Forever with You,https://music.youtube.com/watch?v=5sB62752mrc,Decyfer Down - Topic,https://www.youtube.com/channel/UCAhGQsMGGIq9knAqs6fci6Q,2026-05-01T19:38:45.515Z,249.0,249.18,249.0
The Life,https://music.youtube.com/watch?v=3pWR3Y1fZ_E,Decyfer Down - Topic,https://www.youtube.com/channel/UCAhGQsMGGIq9knAqs6fci6Q,2026-05-01T19:34:56.377Z,229.0,229.138,229.0
Desperate,https://music.youtube.com/watch?v=VRazVS8epuE,Decyfer Down - Topic,https://www.youtube.com/channel/UCAhGQsMGGIq9knAqs6fci6Q,2026-05-01T19:09:04.204Z,175.0,1552.173,175.0
Keep Me Breathing,https://music.youtube.com/watch?v=iYz6i4dyHLk,Ashes Remain - Topic,https://www.youtube.com/channel/UCQ8Gcpkhkx7trdVqbXIExiw,2026-05-01T19:04:44.267Z,179.0,259.937,179.0
The Inevitable Decline of WeWork,https://www.youtube.com/watch?v=n3Q_4vjPMSE,Patrick Boyle,https://www.youtube.com/channel/UCASM0cgfkJxQ1ICmRilfHLw,2026-05-01T18:30:16.351Z,2217.0,2067.916,2067.916
The Pig Butchering Scam!,https://www.youtube.com/watch?v=zEVPU7bo3Po,Patrick Boyle,https://www.youtube.com/channel/UCASM0cgfkJxQ1ICmRilfHLw,2026-05-01T18:03:20.681Z,1675.0,1615.67,1615.67
Come Alive,https://music.youtube.com/watch?v=mO9EUKv6Rgs,Ashes Remain - Topic,https://www.youtube.com/channel/UCQ8Gcpkhkx7trdVqbXIExiw,2026-05-01T13:59:22.388Z,222.0,14638.293,222.0
Without You,https://music.youtube.com/watch?v=e5Vam9KIMGE,Ashes Remain - Topic,https://www.youtube.com/channel/UCQ8Gcpkhkx7trdVqbXIExiw,2026-05-01T13:55:33.162Z,229.0,229.226,229.0
Everything Good,https://music.youtube.com/watch?v=LRLw0OaoXFY,Ashes Remain - Topic,https://www.youtube.com/channel/UCQ8Gcpkhkx7trdVqbXIExiw,2026-05-01T13:51:52.912Z,221.0,220.25,220.25
On My Own,https://music.youtube.com/watch?v=TyUQiNmNug0,Ashes Remain - Topic,https://www.youtube.com/channel/UCQ8Gcpkhkx7trdVqbXIExiw,2026-05-01T13:48:59.751Z,173.0,173.161,173.0
I Won't Run Away,https://music.youtube.com/watch?v=k8yPgJiOJr4,Ashes Remain - Topic,https://www.youtube.com/channel/UCQ8Gcpkhkx7trdVqbXIExiw,2026-05-01T13:42:40.148Z,201.0,379.603,201.0
Inside of Me,https://music.youtube.com/watch?v=J4hvjOiB73s,Ashes Remain - Topic,https://www.youtube.com/channel/UCQ8Gcpkhkx7trdVqbXIExiw,2026-05-01T13:39:49.229Z,171.0,170.919,170.919
Take It Away,https://music.youtube.com/watch?v=MEor26ozJ_w,Ashes Remain - Topic,https://www.youtube.com/channel/UCQ8Gcpkhkx7trdVqbXIExiw,2026-05-01T13:37:08.739Z,161.0,160.49,160.49
Change My Life,https://music.youtube.com/watch?v=t117Kj631Z4,Ashes Remain - Topic,https://www.youtube.com/channel/UCQ8Gcpkhkx7trdVqbXIExiw,2026-05-01T13:34:09.042Z,180.0,179.697,179.697
Right Here,https://music.youtube.com/watch?v=XHIyDS4Ubj8,Ashes Remain - Topic,https://www.youtube.com/channel/UCQ8Gcpkhkx7trdVqbXIExiw,2026-05-01T13:31:17.442Z,172.0,171.6,171.6
End of Me,https://music.youtube.com/watch?v=riM8Hy75oq0,Ashes Remain - Topic,https://www.youtube.com/channel/UCQ8Gcpkhkx7trdVqbXIExiw,2026-05-01T13:28:26.755Z,171.0,170.687,170.687
Unbroken,https://music.youtube.com/watch?v=LbTAg9F-dpI,Ashes Remain - Topic,https://www.youtube.com/channel/UCQ8Gcpkhkx7trdVqbXIExiw,2026-05-01T13:25:18.751Z,188.0,188.004,188.0
Your Light,https://music.youtube.com/watch?v=w0lsUQXdc68,Basement Alchemy - Topic,https://www.youtube.com/channel/UCEqoP3cufer1FmP-8Xmxjng,2026-05-01T12:30:11.274Z,236.0,3307.477,236.0
Exit Wounds,https://music.youtube.com/watch?v=p0lqGKh5KHY,Basement Alchemy - Topic,https://www.youtube.com/channel/UCEqoP3cufer1FmP-8Xmxjng,2026-05-01T12:30:03.566Z,271.0,7.708,7.708
Follow The Sea / Drained Water,https://music.youtube.com/watch?v=EQwZgd0UzVo,Basement Alchemy - Topic,https://www.youtube.com/channel/UCEqoP3cufer1FmP-8Xmxjng,2026-05-01T12:30:01.732Z,669.0,1.834,1.834
Silence,https://music.youtube.com/watch?v=y9IDSv0rZhc,Basement Alchemy - Topic,https://www.youtube.com/channel/UCEqoP3cufer1FmP-8Xmxjng,2026-05-01T12:30:00.901Z,321.0,0.831,0.831
The Other Side,https://music.youtube.com/watch?v=TMA0EZm_B4s,Basement Alchemy - Topic,https://www.youtube.com/channel/UCEqoP3cufer1FmP-8Xmxjng,2026-05-01T12:29:19.766Z,181.0,41.135,41.135
Dallas,https://music.youtube.com/watch?v=jyhz4tSyZX8,Basement Alchemy - Topic,https://www.youtube.com/channel/UCEqoP3cufer1FmP-8Xmxjng,2026-05-01T12:25:20.086Z,240.0,239.68,239.68
Super-Id,https://music.youtube.com/watch?v=Arg2JNiOLEE,Basement Alchemy - Topic,https://www.youtube.com/channel/UCEqoP3cufer1FmP-8Xmxjng,2026-05-01T12:22:02.996Z,197.0,197.09,197.0
The Long Journey To The Middle,https://music.youtube.com/watch?v=AEquYcvPaFQ,Basement Alchemy - Topic,https://www.youtube.com/channel/UCEqoP3cufer1FmP-8Xmxjng,2026-05-01T12:20:30.649Z,92.0,92.347,92.0
Swamp Of The World,https://music.youtube.com/watch?v=DXnnx40tZlI,Visionatica - Topic,https://www.youtube.com/channel/UCP4dSnd9oo4Hrps36_GjGeQ,2026-05-01T12:19:38.553Z,270.0,52.096,52.096
Visions (Intro),https://music.youtube.com/watch?v=7gsBvNjIbxQ,Visionatica - Topic,https://www.youtube.com/channel/UCP4dSnd9oo4Hrps36_GjGeQ,2026-05-01T12:19:35.923Z,83.0,2.63,2.63
Nothing Left,https://music.youtube.com/watch?v=SKoZktTc2Ho,Aeranea - Topic,https://www.youtube.com/channel/UCVhxOEAvkLr_luVfy36TIIQ,2026-05-01T12:19:21.153Z,247.0,14.77,14.77
谢霆锋,https://music.youtube.com/watch?v=4ByXaVmY_Vk,Pillar - Topic,https://www.youtube.com/channel/UCcAfa94CrDU4gMUBcQy9Kaw,2026-05-01T12:18:00.305Z,120.0,80.848,80.848
Ready For War,https://music.youtube.com/watch?v=0QJK3PEsWXY,Street Gospel Syndicate - Topic,https://www.youtube.com/channel/UCa5USkHo5ihHIolDepqbaKg,2026-05-01T12:15:18.523Z,225.0,161.782,161.782
Jesus Over Everything,https://music.youtube.com/watch?v=FZ6FsOOB53s,Street Gospel Syndicate - Topic,https://www.youtube.com/channel/UCa5USkHo5ihHIolDepqbaKg,2026-05-01T12:15:12.864Z,170.0,5.659,5.659
No Survivors,https://music.youtube.com/watch?v=A4KkObHI8wg,Jeremy Camp - Topic,https://www.youtube.com/channel/UCwiBQ2170yRpNVSGjA0579w,2026-05-01T12:15:11.650Z,141.0,1.214,1.214
Word of God,https://music.youtube.com/watch?v=iPDzcD3hoaU,Peyton Parrish - Topic,https://www.youtube.com/channel/UCgd0ac7xyo9CRMiuo83OSag,2026-05-01T12:15:03.162Z,194.0,8.488,8.488
The Mortification of Sin,https://music.youtube.com/watch?v=b_chCcm4twk,Reformed and Dangerous - Topic,https://www.youtube.com/channel/UC5Bz_4ri_uCpHRoVqdqqExg,2026-05-01T12:15:01.801Z,225.0,1.361,1.361
Promise to Live,https://music.youtube.com/watch?v=QBu55Omxypk,Disciple - Topic,https://www.youtube.com/channel/UCn6CKmdI5orXevfnF9_qlcQ,2026-05-01T12:15:00.489Z,294.0,1.312,1.312
"Dear X, You Don't Own Me",https://music.youtube.com/watch?v=BSeLVsnuy78,Disciple - Topic,https://www.youtube.com/channel/UCn6CKmdI5orXevfnF9_qlcQ,2026-05-01T12:14:59.472Z,215.0,1.017,1.017
Lions,https://music.youtube.com/watch?v=ZIXmqCosF8c,Skillet - Topic,https://www.youtube.com/channel/UCUHYrf3BF5yI9QdRw09__BA,2026-05-01T12:14:58.317Z,205.0,1.155,1.155
Grave Robber,https://music.youtube.com/watch?v=gYdNnif0eBg,Crowder - Topic,https://www.youtube.com/channel/UCSO4d10sSN0he9Kz9UKgXHg,2026-05-01T12:14:56.721Z,172.0,1.596,1.596
Praise,https://music.youtube.com/watch?v=prdqvPO8cMk,Seventh Day Slumber - Topic,https://www.youtube.com/channel/UC4f9ZM7KtjDZZRWZtO7MlPg,2026-05-01T12:14:54.247Z,219.0,2.474,2.474
Take It All Back,https://music.youtube.com/watch?v=fLqNsiB79To,Tauren Wells - Topic,https://www.youtube.com/channel/UCTIX5HBty3k_j4DfSu3NbBQ,2026-05-01T12:14:48.697Z,194.0,5.55,5.55
In The House,https://music.youtube.com/watch?v=qTU1O9V_Vk4,Crowder - Topic,https://www.youtube.com/channel/UCSO4d10sSN0he9Kz9UKgXHg,2026-05-01T12:14:45.866Z,180.0,2.831,2.831
Deeper,https://music.youtube.com/watch?v=K6zfUsmh4AQ,TobyMac - Topic,https://www.youtube.com/channel/UCTOq-5iSehT_uOhP5-KmwEg,2026-05-01T12:14:36.456Z,195.0,9.41,9.41
The Goodness,https://music.youtube.com/watch?v=yNapljh89Q0,TobyMac - Topic,https://www.youtube.com/channel/UCTOq-5iSehT_uOhP5-KmwEg,2026-05-01T12:14:33.272Z,226.0,3.184,3.184
Help Is On The Way (Maybe Midnight),https://music.youtube.com/watch?v=9YBCqdbuKrQ,TobyMac - Topic,https://www.youtube.com/channel/UCTOq-5iSehT_uOhP5-KmwEg,2026-05-01T12:14:31.056Z,182.0,2.216,2.216
Nobody,https://music.youtube.com/watch?v=_qwTGAGRKtE,Casting Crowns - Topic,https://www.youtube.com/channel/UCGFV_biRrlqftOYNqXCzUEw,2026-05-01T12:13:55.797Z,207.0,35.259,35.259
Sinners in the Hands of a (Holy) God,https://music.youtube.com/watch?v=6IzlPMkS_sE,Reformed and Dangerous - Topic,https://www.youtube.com/channel/UC5Bz_4ri_uCpHRoVqdqqExg,2026-05-01T12:13:51.214Z,255.0,4.583,4.583
What A God,https://music.youtube.com/watch?v=7MPRQfpT0Nk,Seventh Day Slumber - Topic,https://www.youtube.com/channel/UC4f9ZM7KtjDZZRWZtO7MlPg,2026-05-01T12:13:45.596Z,220.0,5.618,5.618
Good God Almighty,https://music.youtube.com/watch?v=rHKvHVgOdO8,Crowder - Topic,https://www.youtube.com/channel/UCSO4d10sSN0he9Kz9UKgXHg,2026-05-01T12:13:44.350Z,192.0,1.246,1.246
Untraveled Road,https://music.youtube.com/watch?v=JQplqa0z5zY,Thousand Foot Krutch - Topic,https://www.youtube.com/channel/UC_o4Fz0kJt1pY-45KT10BEA,2026-05-01T12:13:42.802Z,236.0,1.548,1.548
Undefeated,https://music.youtube.com/watch?v=CKV4t92_Bek,Skillet - Topic,https://www.youtube.com/channel/UCUHYrf3BF5yI9QdRw09__BA,2026-05-01T12:13:41.851Z,216.0,0.951,0.951
Best Thing Ever,https://music.youtube.com/watch?v=5OTAWySKYOM,Disciple - Topic,https://www.youtube.com/channel/UCn6CKmdI5orXevfnF9_qlcQ,2026-05-01T12:13:40.651Z,257.0,1.2,1.2
Greater,https://music.youtube.com/watch?v=uRHDcvssgRE,The Protest - Topic,https://www.youtube.com/channel/UCoVx0igrZRfnVWjD10WHKzg,2026-05-01T12:13:40.074Z,189.0,0.577,0.577
"God, Save Me From Myself.",https://music.youtube.com/watch?v=vdlr2ZuOnAk,Ashes of Eden - Topic,https://www.youtube.com/channel/UCwqvFiCVbhanpETRnjIQztw,2026-05-01T12:13:38.583Z,175.0,1.491,1.491
Knockout,https://music.youtube.com/watch?v=8mYDE3eYDgk,The Protest - Topic,https://www.youtube.com/channel/UCoVx0igrZRfnVWjD10WHKzg,2026-05-01T12:13:28.255Z,152.0,10.328,10.328
What Else You Got?,https://music.youtube.com/watch?v=kMSMyNuaRf8,The Protest - Topic,https://www.youtube.com/channel/UCoVx0igrZRfnVWjD10WHKzg,2026-05-01T12:13:22.395Z,167.0,5.86,5.86
Valor,https://music.youtube.com/watch?v=j5LLOiBQAd0,The Protest - Topic,https://www.youtube.com/channel/UCoVx0igrZRfnVWjD10WHKzg,2026-05-01T12:13:19.630Z,222.0,2.765,2.765
Ride for the King,https://music.youtube.com/watch?v=OslLiR5k6v0,Michael Mauk - Topic,https://www.youtube.com/channel/UCUIdV2qIdCG58LxUuPiMMew,2026-05-01T12:12:55.867Z,248.0,23.763,23.763
Start Over (feat. NF),https://music.youtube.com/watch?v=3Om0fIVCXJQ,Flame - Topic,https://www.youtube.com/channel/UCZQ9zxHXES05sJ0RigMvCrQ,2026-05-01T12:12:53.066Z,197.0,2.801,2.801
God Knows (feat. SMO),https://music.youtube.com/watch?v=ynBB63kgqH8,Rare of Breed - Topic,https://www.youtube.com/channel/UCwj-KrLY7CNgILQEB-2myhQ,2026-05-01T12:12:50.458Z,179.0,2.608,2.608
Playing With Fire,https://music.youtube.com/watch?v=WbccADF9hlY,Behold the Beloved - Topic,https://www.youtube.com/channel/UCyfeyVQLlIRRzfXyEo_Qilw,2026-05-01T12:12:38.323Z,203.0,12.135,12.135
Always Faithful,https://music.youtube.com/watch?v=ZCNHGi45L6E,Ashes Remain - Topic,https://www.youtube.com/channel/UCQ8Gcpkhkx7trdVqbXIExiw,2026-05-01T12:12:24.953Z,236.0,13.37,13.37
All of Me,https://music.youtube.com/watch?v=dt1ELrW1WR4,Ashes Remain - Topic,https://www.youtube.com/channel/UCQ8Gcpkhkx7trdVqbXIExiw,2026-05-01T12:12:21.237Z,224.0,3.716,3.716
On Fire,https://music.youtube.com/watch?v=mYG9JYTDlkQ,Ashes Remain - Topic,https://www.youtube.com/channel/UCQ8Gcpkhkx7trdVqbXIExiw,2026-05-01T12:12:16.816Z,190.0,4.421,4.421
Rise,https://music.youtube.com/watch?v=QDjEg-P96hk,Ashes Remain - Topic,https://www.youtube.com/channel/UCQ8Gcpkhkx7trdVqbXIExiw,2026-05-01T12:12:10.129Z,192.0,6.687,6.687
Captain,https://music.youtube.com/watch?v=1P-XNiMpQto,Ashes Remain - Topic,https://www.youtube.com/channel/UCQ8Gcpkhkx7trdVqbXIExiw,2026-05-01T12:11:55.144Z,195.0,14.985,14.985
Diamonds,https://music.youtube.com/watch?v=Q9qMbrsCdxo,Hawk Nelson - Topic,https://www.youtube.com/channel/UCeYILb9bukRbBy1QQmjTiBw,2026-05-01T12:11:19.896Z,182.0,35.248,35.248
Never Back Down,https://music.youtube.com/watch?v=gkIRYj_RHyo,Nine Lashes - Topic,https://www.youtube.com/channel/UC0OKzXpwi1XsYlld_XzYx7w,2026-05-01T12:11:03.176Z,204.0,16.72,16.72
Break the World,https://music.youtube.com/watch?v=FvzhxU8Guys,Nine Lashes - Topic,https://www.youtube.com/channel/UC0OKzXpwi1XsYlld_XzYx7w,2026-05-01T12:10:57.915Z,183.0,5.261,5.261
Everything You Need to Know About Medieval Horses,https://www.youtube.com/watch?v=TXv8K0v2cSk,Modern History TV,https://www.youtube.com/channel/UCMjlDOf0UO9wSijFqPE9wBw,2026-05-01T01:35:42.087Z,5443.0,38115.828,5443.0
The Dr. Miami TikTok Drama Is Insane,https://www.youtube.com/watch?v=5eLhNl58NlE,Austin Green,https://www.youtube.com/channel/UCo9r_ZNbgkl9EN3KRA_9qpg,2026-05-01T01:08:25.672Z,1742.0,1636.415,1636.415
The Long Island Rhesus Monkey Escape | Fascinating History,https://www.youtube.com/watch?v=yrC1pw0L8Y4,Fascinating History,https://www.youtube.com/channel/UCN5TIBm-idJXOa6BUh3sjuA,2026-05-01T00:55:10.669Z,797.0,795.003,795.003
You've Never Seen a Real Photo,https://www.youtube.com/watch?v=-DyrBDsKA5s,Steve Mould,https://www.youtube.com/channel/UCEIwxahdLz7bap-VDs9h35A,2026-05-01T00:39:49.712Z,1089.0,920.957,920.957
"How Submarine Sailors Sleep, Eat, and Survive for Months Underwater",https://www.youtube.com/watch?v=JgjesjhZlgs,IMD Aviation Channel,https://www.youtube.com/channel/UCKFddBpW_HdPMjiDa4ukF6A,2026-05-01T00:36:56.542Z,981.0,173.17,173.17
Flying High: The Funniest Moments in the Sky!#FlyingHigh #Airplane #SkyLaughs #TravelHumor,https://www.youtube.com/watch?v=stroLyCe_iY,YaislyPet,https://www.youtube.com/channel/UCr6yjCb7QgMAZ4RmBP0_u9g,2026-05-01T00:35:35.693Z,70.0,80.849,70.0
On My Own,https://music.youtube.com/watch?v=TyUQiNmNug0,Ashes Remain - Topic,https://www.youtube.com/channel/UCQ8Gcpkhkx7trdVqbXIExiw,2026-05-01T00:32:50.619Z,173.0,165.074,165.074
Keep Me Breathing,https://music.youtube.com/watch?v=iYz6i4dyHLk,Ashes Remain - Topic,https://www.youtube.com/channel/UCQ8Gcpkhkx7trdVqbXIExiw,2026-05-01T00:29:51.573Z,179.0,179.046,179.0
I Won't Run Away,https://music.youtube.com/watch?v=k8yPgJiOJr4,Ashes Remain - Topic,https://www.youtube.com/channel/UCQ8Gcpkhkx7trdVqbXIExiw,2026-05-01T00:26:31.052Z,201.0,200.521,200.521
Inside of Me,https://music.youtube.com/watch?v=J4hvjOiB73s,Ashes Remain - Topic,https://www.youtube.com/channel/UCQ8Gcpkhkx7trdVqbXIExiw,2026-05-01T00:23:40.124Z,171.0,170.928,170.928
Take It Away,https://music.youtube.com/watch?v=MEor26ozJ_w,Ashes Remain - Topic,https://www.youtube.com/channel/UCQ8Gcpkhkx7trdVqbXIExiw,2026-05-01T00:20:59.671Z,161.0,160.453,160.453
Change My Life,https://music.youtube.com/watch?v=t117Kj631Z4,Ashes Remain - Topic,https://www.youtube.com/channel/UCQ8Gcpkhkx7trdVqbXIExiw,2026-05-01T00:17:59.988Z,180.0,179.683,179.683
Right Here,https://music.youtube.com/watch?v=XHIyDS4Ubj8,Ashes Remain - Topic,https://www.youtube.com/channel/UCQ8Gcpkhkx7trdVqbXIExiw,2026-05-01T00:15:08.387Z,172.0,171.601,171.601
End of Me,https://music.youtube.com/watch?v=riM8Hy75oq0,Ashes Remain - Topic,https://www.youtube.com/channel/UCQ8Gcpkhkx7trdVqbXIExiw,2026-05-01T00:12:17.462Z,171.0,170.925,170.925
Unbroken,https://music.youtube.com/watch?v=LbTAg9F-dpI,Ashes Remain - Topic,https://www.youtube.com/channel/UCQ8Gcpkhkx7trdVqbXIExiw,2026-05-01T00:09:09.303Z,188.0,188.159,188.0
Come Alive,https://music.youtube.com/watch?v=mO9EUKv6Rgs,Ashes Remain - Topic,https://www.youtube.com/channel/UCQ8Gcpkhkx7trdVqbXIExiw,2026-05-01T00:05:27.604Z,222.0,221.699,221.699
Without You,https://music.youtube.com/watch?v=e5Vam9KIMGE,Ashes Remain - Topic,https://www.youtube.com/channel/UCQ8Gcpkhkx7trdVqbXIExiw,2026-05-01T00:01:38.309Z,229.0,229.295,229.0
Everything Good,https://music.youtube.com/watch?v=LRLw0OaoXFY,Ashes Remain - Topic,https://www.youtube.com/channel/UCQ8Gcpkhkx7trdVqbXIExiw,2026-04-30T23:57:57.747Z,221.0,220.562,220.562
Tech Bros Inventing Things That Already Exist,https://www.youtube.com/watch?v=3jhTnk3TCtc,Patrick Boyle,https://www.youtube.com/channel/UCASM0cgfkJxQ1ICmRilfHLw,2026-04-30T22:34:51.002Z,1545.0,4986.745,1545.0
Inmate 4859,https://music.youtube.com/watch?v=ZaaI58wbHdo,Sabaton - Topic,https://www.youtube.com/channel/UCxJrBLPnyUIt6K33m9ZcsqA,2026-04-30T21:13:16.605Z,267.0,4894.397,267.0
Soldier of Heaven,https://music.youtube.com/watch?v=yVFeWrEqDnM,Sabaton - Topic,https://www.youtube.com/channel/UCxJrBLPnyUIt6K33m9ZcsqA,2026-04-30T21:09:38.147Z,218.0,218.458,218.0
A Ghost in the Trenches,https://music.youtube.com/watch?v=woKxSeeRC3A,Sabaton - Topic,https://www.youtube.com/channel/UCxJrBLPnyUIt6K33m9ZcsqA,2026-04-30T21:06:11.847Z,206.0,206.3,206.0
The Deadly History of the Eddystone Lighthouse(s),https://www.youtube.com/watch?v=NjIlot380Gg,Big Old Boats,https://www.youtube.com/channel/UCUM0WOtnJVCmNUFkNGd-rGA,2026-04-30T18:40:54.110Z,2148.0,8717.737,2148.0
an easy and efficient way to measure and find your bra size at home #ASKBRABAR #brasize,https://www.youtube.com/watch?v=sdenT5W8tCw,BRABAR,https://www.youtube.com/channel/UCglsu1zdIMNnPbq1b5ZDraw,2026-04-30T18:40:40.876Z,41.0,13.234,13.234
Where did the word ‘goodbye’ come from?,https://www.youtube.com/watch?v=Qau6jM435Ig,The Rest Is Science,https://www.youtube.com/channel/UCThg2IH7bNbIQF0hmXA9ECw,2026-04-30T18:40:39.026Z,18.0,1.85,1.85
놀라고 시작하는 귀여운 스키즈 모음 #straykids #스키즈,https://www.youtube.com/watch?v=gR-Gfzj7sEI,밀가루렛_현지닝,https://www.youtube.com/channel/UCfP-6Y6m_9xj-BvXqxnLXhQ,2026-04-30T18:40:21.023Z,32.0,18.003,18.003
AFFORDABLE and EFFECTIVE,https://www.youtube.com/watch?v=wetmKNkXPdA,Grass Fed Soaps,https://www.youtube.com/channel/UCZzI7EWoAStulqOHrbAuzcw,2026-04-30T18:40:15.104Z,40.0,5.919,5.919
Dumb ways to die😭 #straykids,https://www.youtube.com/watch?v=URNWUB9aQpU,Wissi World,https://www.youtube.com/channel/UCsG7lpBLkFjtgYbmICYiR8g,2026-04-30T18:40:02.900Z,7.0,12.204,7.0
Proving you’re real is a nightmare,https://www.youtube.com/watch?v=ZZwoct3cCio,Jeremy Carrasco,https://www.youtube.com/channel/UCd2Kxb7n4cRJoXNeNO2tlQA,2026-04-30T18:40:01.399Z,87.0,1.501,1.501
Sizing a ring covered in gemstones (without ruining it),https://www.youtube.com/watch?v=f7x5zGSJmgY,Massoyan Jewelers,https://www.youtube.com/channel/UCX_kOlX9HLzihXlCkrZnmvA,2026-04-30T18:39:58.959Z,61.0,2.44,2.44
#ballroomdancing #dancer #competition #wdsf #wdsfdancesport #chacha,https://www.youtube.com/watch?v=YXuU3f_6vQU,Ingrid Elisabeth,https://www.youtube.com/channel/UCjPVPwp4VVFReHH02uR5NGw,2026-04-30T18:39:48.259Z,10.0,10.7,10.0
Proving everyone wrong as always 🙄#skz#kpop#edit#leave#fypp#explore,https://www.youtube.com/watch?v=GEhX30c864c,WolfyChan 🐺,https://www.youtube.com/channel/UCmhQXn0EB3STboNgrYNPypA,2026-04-30T18:39:00.674Z,47.0,47.585,47.0
"Stephen shows Tommy his ""things he hates"" list",https://www.youtube.com/watch?v=rUDIynm7w0A,100 Questions with Tom Simons,https://www.youtube.com/channel/UC-71I3qt1d35IYL5XC-0LZw,2026-04-30T18:38:57.626Z,112.0,3.048,3.048
From Silk Thread to Photorealistic Illusion : Ancient Craft,https://www.youtube.com/watch?v=Nr0SaGLgI0w,Arnold on Ancient,https://www.youtube.com/channel/UCFMLLiwvFZElhcysZe6ISpg,2026-04-30T18:38:35.012Z,176.0,22.614,22.614
Marry Me Puffball 💍 - A Puffball Mushroom Recipe for When You Feel ✨fancy✨,https://www.youtube.com/watch?v=HW6wUkx0aMA,BlackForager,https://www.youtube.com/channel/UCrPP8bKoE3YF3poTCDKnv6Q,2026-04-30T18:37:06.423Z,143.0,88.589,88.589
Chansung mentality #bangchan #han #chansung #hanchan #2racha #skz,https://www.youtube.com/watch?v=qQ2roQv5RLo,stay forever,https://www.youtube.com/channel/UCnwc7kBDrEpJKNQqKwBj_yA,2026-04-30T18:36:56.505Z,19.0,9.918,9.918
"Cruise Directors get HUGE cabins compared to crew. Here's the 4 most common cabins, small to large!",https://www.youtube.com/watch?v=pGCvD0ZQ7to,Bryan and Jaidyn,https://www.youtube.com/channel/UCjnkpT0Tag2t9SsyMhheB3Q,2026-04-30T18:35:52.848Z,61.0,63.657,61.0
Forever with You,https://music.youtube.com/watch?v=5sB62752mrc,Decyfer Down - Topic,https://www.youtube.com/channel/UCAhGQsMGGIq9knAqs6fci6Q,2026-04-30T12:33:54.589Z,249.0,21718.259,249.0
The Life,https://music.youtube.com/watch?v=3pWR3Y1fZ_E,Decyfer Down - Topic,https://www.youtube.com/channel/UCAhGQsMGGIq9knAqs6fci6Q,2026-04-30T12:30:05.217Z,229.0,229.372,229.0
Moving On,https://music.youtube.com/watch?v=auB3vFF5m0A,Decyfer Down - Topic,https://www.youtube.com/channel/UCAhGQsMGGIq9knAqs6fci6Q,2026-04-30T12:26:19.009Z,226.0,226.208,226.0
Over My Head,https://music.youtube.com/watch?v=ppRUabzOLHA,Decyfer Down - Topic,https://www.youtube.com/channel/UCAhGQsMGGIq9knAqs6fci6Q,2026-04-30T12:22:24.514Z,235.0,234.495,234.495
Wasting Away,https://music.youtube.com/watch?v=6S5b_jP0HgQ,Decyfer Down - Topic,https://www.youtube.com/channel/UCAhGQsMGGIq9knAqs6fci6Q,2026-04-30T12:18:21.241Z,243.0,243.273,243.0
Ride with Me,https://music.youtube.com/watch?v=3igOQcxheXc,Decyfer Down - Topic,https://www.youtube.com/channel/UCAhGQsMGGIq9knAqs6fci6Q,2026-04-30T12:14:58.137Z,203.0,203.104,203.0
Incredible ABANDONED 1000 Year Old Castle with Everything Still Inside | UNTOUCHED,https://www.youtube.com/watch?v=36UDL3DNTXc,BigBankz,https://www.youtube.com/channel/UCUbgxSBXIk5D3pUWd2hqBGA,2026-04-30T04:27:57.286Z,2197.0,28020.851,2197.0
"How Aircraft Carrier Crews EAT, SHOWER & SLEEP on MASSIVE Aircraft Carrier",https://www.youtube.com/watch?v=p0JBCriPfpU,The Daily Navy,https://www.youtube.com/channel/UCPRHYj5c3ekVhDnYg7Hs-XQ,2026-04-30T04:09:26.095Z,1191.0,1111.191,1111.191
This was unexpected 😭 #seungmin #skz #kpop #fyp #skzillitjeongin,https://www.youtube.com/watch?v=82wZF-LqqW4,SKZILLIT JEONGIN,https://www.youtube.com/channel/UCLbAz2GZ7o9rV-KUejmu_JA,2026-04-30T04:07:38.195Z,6.0,107.9,6.0
Every Bird-of-Paradise Has Its Own Courtship Dance#wildlife #animals #shorts #video,https://www.youtube.com/watch?v=f45lCZAhBw8,Animal Lens,https://www.youtube.com/channel/UCK-ZOIWhBvgvGKxxExapPKw,2026-04-30T04:07:30.851Z,90.0,7.344,7.344
#han #hyunjin Han wanting to give Hyunjin a little kiss. 😂 #stay #skz,https://www.youtube.com/watch?v=u2IsrHj7_W0,Angelinee,https://www.youtube.com/channel/UC7Srg50OsUSIPchplDt2yrQ,2026-04-30T04:07:22.133Z,14.0,8.718,8.718
Art Worth Braving Winter To See,https://www.youtube.com/watch?v=ZJq4PCBJYoI,Herschel Shapiro,https://www.youtube.com/channel/UCTBClopX-LmHK39q9N-O4MQ,2026-04-30T04:07:18.990Z,76.0,3.143,3.143
The Judges Were Speechless After This 😶⁉️#masterchef,https://www.youtube.com/watch?v=vdG-zeLXJKs,ZESTY,https://www.youtube.com/channel/UCJBnS5hxwqioLVMMBoW-pVw,2026-04-30T04:07:14.112Z,58.0,4.878,4.878
Idols with kids,https://www.youtube.com/watch?v=7GoTWQUMuvI,L,https://www.youtube.com/channel/UCBSQK-WWvudU22EazhPnVXg,2026-04-30T04:07:09.336Z,59.0,4.776,4.776
It’s invasive… but it’s SO TASTY 😭 Japanese Knotweed!,https://www.youtube.com/watch?v=FcbKpdfgfsQ,BlackForager,https://www.youtube.com/channel/UCrPP8bKoE3YF3poTCDKnv6Q,2026-04-30T04:06:36.155Z,170.0,33.181,33.181
chan may need a 𝙃𝘼𝙄𝙍 𝙏𝙍𝘼𝙉𝙎𝙋𝙇𝘼𝙉𝙏?!😭 #bangchan #straykids #skz #kpopshorts #kpopmemes,https://www.youtube.com/watch?v=gwJgFIHf0eU,pastellyelle 파스텔리엘,https://www.youtube.com/channel/UCt_950tYweNfsApitJZDrwg,2026-04-30T04:06:22.668Z,55.0,13.487,13.487
$10 groceries in China 🔟  #lifeabroad #groceryhaul #lifeabroad #expat,https://www.youtube.com/watch?v=whDRET0tcfM,marissainchina,https://www.youtube.com/channel/UCxCX9NWR6sWKOhARHwJ4vlQ,2026-04-30T04:06:21.487Z,51.0,1.181,1.181
𝙉𝙤 𝙏𝙚𝙖𝙧𝙨 𝙊𝙣 𝙏𝙝𝙚 𝘿𝙖𝙣𝙘𝙚𝙛𝙡𝙤𝙤𝙧🪩 With #StrayKids #현진,https://www.youtube.com/watch?v=3T5Dw4N_0D8,LEE CHAEYEON,https://www.youtube.com/channel/UCVVFt4q2WczlzhOr4V2kYxA,2026-04-30T04:06:19.727Z,23.0,1.76,1.76
Best I Can,https://music.youtube.com/watch?v=CFprR5GYdZE,Decyfer Down - Topic,https://www.youtube.com/channel/UCAhGQsMGGIq9knAqs6fci6Q,2026-04-30T00:23:53.695Z,219.0,13346.032,219.0
Fading,https://music.youtube.com/watch?v=LfjsILNwboA,Decyfer Down - Topic,https://www.youtube.com/channel/UCAhGQsMGGIq9knAqs6fci6Q,2026-04-30T00:23:53.385Z,252.0,0.31,0.31
Desperate,https://music.youtube.com/watch?v=VRazVS8epuE,Decyfer Down - Topic,https://www.youtube.com/channel/UCAhGQsMGGIq9knAqs6fci6Q,2026-04-30T00:23:53.073Z,175.0,0.312,0.312
Crash,https://music.youtube.com/watch?v=EGew8l5Df1Q,Decyfer Down - Topic,https://www.youtube.com/channel/UCAhGQsMGGIq9knAqs6fci6Q,2026-04-30T00:23:52.769Z,232.0,0.304,0.304
Forever with You,https://music.youtube.com/watch?v=5sB62752mrc,Decyfer Down - Topic,https://www.youtube.com/channel/UCAhGQsMGGIq9knAqs6fci6Q,2026-04-30T00:23:52.467Z,249.0,0.302,0.302
The Life,https://music.youtube.com/watch?v=3pWR3Y1fZ_E,Decyfer Down - Topic,https://www.youtube.com/channel/UCAhGQsMGGIq9knAqs6fci6Q,2026-04-30T00:23:52.030Z,229.0,0.437,0.437
Moving On,https://music.youtube.com/watch?v=auB3vFF5m0A,Decyfer Down - Topic,https://www.youtube.com/channel/UCAhGQsMGGIq9knAqs6fci6Q,2026-04-30T00:23:51.685Z,226.0,0.345,0.345
Over My Head,https://music.youtube.com/watch?v=ppRUabzOLHA,Decyfer Down - Topic,https://www.youtube.com/channel/UCAhGQsMGGIq9knAqs6fci6Q,2026-04-30T00:23:51.371Z,235.0,0.314,0.314
Wasting Away,https://music.youtube.com/watch?v=6S5b_jP0HgQ,Decyfer Down - Topic,https://www.youtube.com/channel/UCAhGQsMGGIq9knAqs6fci6Q,2026-04-30T00:23:51.053Z,243.0,0.318,0.318
Ride with Me,https://music.youtube.com/watch?v=3igOQcxheXc,Decyfer Down - Topic,https://www.youtube.com/channel/UCAhGQsMGGIq9knAqs6fci6Q,2026-04-30T00:23:50.729Z,203.0,0.324,0.324
The Song of Beren and Lúthien,https://music.youtube.com/watch?v=RZMuzFYCeIc,Clamavi De Profundis - Topic,https://www.youtube.com/channel/UCCBCaOB3kCMErwLU_igCJVQ,2026-04-29T20:39:24.104Z,630.0,13466.625,630.0
Sidh,https://music.youtube.com/watch?v=2lgvH-y312Y,Eolya - Topic,https://www.youtube.com/channel/UC1lQpmV-kT24_ueoIh-74bg,2026-04-29T20:32:50.796Z,851.0,393.308,393.308
Hava,https://music.youtube.com/watch?v=0Xgn5heR_ts,Eolya - Topic,https://www.youtube.com/channel/UC1lQpmV-kT24_ueoIh-74bg,2026-04-29T20:22:35Z,616.0,615.796,615.796
Leið,https://music.youtube.com/watch?v=7HokvVu7ObI,Eolya - Topic,https://www.youtube.com/channel/UC1lQpmV-kT24_ueoIh-74bg,2026-04-29T20:18:41.897Z,233.0,233.103,233.0
𝙉𝙤 𝙏𝙚𝙖𝙧𝙨 𝙊𝙣 𝙏𝙝𝙚 𝘿𝙖𝙣𝙘𝙚𝙛𝙡𝙤𝙤𝙧🪩 With #StrayKids #현진,https://www.youtube.com/watch?v=3T5Dw4N_0D8,LEE CHAEYEON,https://www.youtube.com/channel/UCVVFt4q2WczlzhOr4V2kYxA,2026-04-29T19:58:49.196Z,23.0,1192.701,23.0
Compton Museum in Paris Day 4,https://www.youtube.com/watch?v=L1VcIdhAcjI,Compton Art and History Museum,https://www.youtube.com/channel/UC2Vsx0NUpBYtmH9rtg64Xwg,2026-04-29T19:58:48.059Z,44.0,1.137,1.137
experience wouldnt recommend any of them skinflap skingraft degloved scars,https://www.youtube.com/watch?v=OlQ5pnkNhVA,Alyvia,https://www.youtube.com/channel/UCyJBoQlaSH7Xm-Y4o5CUVYQ,2026-04-29T19:57:24.106Z,108.0,83.953,83.953
Persephone crochet skirt testers 💜,https://www.youtube.com/watch?v=Kp6lLFIea2w,Stella - Manicpixieknitgirl,https://www.youtube.com/channel/UCplobWAqT9bm_yK5UnYzkmw,2026-04-29T19:57:02.411Z,29.0,21.695,21.695
What is that Autistic Kid Doing???,https://www.youtube.com/watch?v=LwGuQq4DM6g,Toren Wolf,https://www.youtube.com/channel/UCgWMBvGnkAPOqlLa1gkBjQg,2026-04-29T19:57:00.490Z,43.0,1.921,1.921
SKZ Lee Know KNOCKED OUT a professional boxer 🥊,https://www.youtube.com/watch?v=wAM5wUdacrM,Oppa Talks,https://www.youtube.com/channel/UCJmWKM_a4XYqNYLKbx7z2Eg,2026-04-29T19:56:56.407Z,46.0,4.083,4.083
Explaining things you don’t understand #2,https://www.youtube.com/watch?v=R1xSVeURPrk,Zion Lights,https://www.youtube.com/channel/UCKy3KeTxmLKYtMnItja_ftg,2026-04-29T19:56:16.873Z,163.0,39.534,39.534
the prettiest glass I’ve ever seen 🧚😭 #stainedglass,https://www.youtube.com/watch?v=HKQwBh4Q02I,Amaya Jade,https://www.youtube.com/channel/UCTndhwtypwYaGfZE23C-ldg,2026-04-29T19:56:10.805Z,67.0,6.068,6.068
TWO YEARS OF BACKWARDNESS // lmk if yall want a vid on mobility exercises and knee,https://www.youtube.com/watch?v=Lq-cdSh5eXw,chaysembyrd,https://www.youtube.com/channel/UC4OBIbvaZqRq1L68J4F6cIQ,2026-04-29T19:55:56.004Z,66.0,14.801,14.801
Setting the record straight. Also these will be in the shop sat #handmade #stationery #miniatures,https://www.youtube.com/watch?v=geMpFOLSCd0,Gracingyouwithart,https://www.youtube.com/channel/UCr5HZ9iVRtEjxTW7jc9CWKA,2026-04-29T19:55:52.421Z,38.0,3.583,3.583
part 2 types of Laugh of kpop idols #kpop #straykids #bts #aespa #nct #fypシ,https://www.youtube.com/watch?v=44QN8D-J_fA,Lope_youu,https://www.youtube.com/channel/UCmyMdd6zXPx0Agxt454F6Dg,2026-04-29T19:55:50.025Z,26.0,2.396,2.396
Guess x Hyunjin POP UP store ♥️ #hyunjin #straykids #guess #skz #kpopskz #skzedit #straykidsedit,https://www.youtube.com/watch?v=F81NVkA1u1U,somee,https://www.youtube.com/channel/UC5ly7BSvkcBmtLxpwkyAaAA,2026-04-29T19:55:44.566Z,165.0,5.459,5.459
Words my Japanese wife cant pronounce part 2,https://www.youtube.com/watch?v=SlVZ6XZ1pBU,MalayPanTV,https://www.youtube.com/channel/UCc-NCRw-_ygaxS78dy3y5iA,2026-04-29T19:55:42.087Z,78.0,2.479,2.479
#thehungergames #sotrcastingcontest #sunriseonthereaping #cosplay #sewing,https://www.youtube.com/watch?v=RgWbbrMJJFA,She Builds Robots,https://www.youtube.com/channel/UCvcCMoqzi8TGwk44osfvoJA,2026-04-29T19:55:23.261Z,24.0,18.826,18.826
HELP THEY'RE SO FUNNY,https://www.youtube.com/watch?v=LLAboG17Ktc,☆ミHana ☆ミ,https://www.youtube.com/channel/UCu_VnCZ5udsoMt8wSODSt4A,2026-04-29T19:55:18.165Z,78.0,5.096,5.096
#funny #tarayummy #shortsviral #trending,https://www.youtube.com/watch?v=I_j3pGcCuEM,Tarayummylive,https://www.youtube.com/channel/UCeRLZFrCbRiOaKGZ7k07UeA,2026-04-29T19:55:17.117Z,20.0,1.048,1.048
Chan and Lee Know have a lot in common,https://www.youtube.com/watch?v=1MHMyhd56W0,_.skz._.han._,https://www.youtube.com/channel/UCfM0EugZNAhjzAItgOzkLXQ,2026-04-29T19:55:15.429Z,60.0,1.688,1.688
they ARE the success #hybe,https://www.youtube.com/watch?v=WyO2CsgiCHY,hannie,https://www.youtube.com/channel/UCVCbSOYroaaTBqEgD-2DcYw,2026-04-29T19:55:11.875Z,33.0,3.554,3.554
Swimming Poi 🌊 #haka #kapahaka #māori #mana #indigenous #music #temaureawhiritoi,https://www.youtube.com/watch?v=V4Jxv8Vm_-8,Te Maurea Whiritoi,https://www.youtube.com/channel/UCWeTRJlgnHAw8z_X5B4CV4w,2026-04-29T19:55:08.627Z,28.0,3.248,3.248
Mine 😕🥝🍓 🩷🖤 #hyunlix #hyunjin #felix #hyunlixmoment #skz,https://www.youtube.com/watch?v=VEZkqvt2WVY,jjeya,https://www.youtube.com/channel/UC9GR42IPxSQdWR3Ui-pPpuw,2026-04-29T19:55:07.600Z,42.0,1.027,1.027
POV you’re a toy inside the Toy Story restaurant!!! 🧸💥 ​⁠#disney @DisneyParks @DisneyAUNZ @Disney,https://www.youtube.com/watch?v=uijXTdlL2MY,SAM TODD,https://www.youtube.com/channel/UClVrwBHuA2Lnefo3DcbI6Qw,2026-04-29T19:54:55.619Z,20.0,11.981,11.981
Why Does Everyone Find Felix the Exact Same Way?,https://www.youtube.com/watch?v=CcNZGB1O4is,STAY_Central,https://www.youtube.com/channel/UCnDByWPFRSP_JHwemKWtoDg,2026-04-29T19:54:47.017Z,42.0,8.602,8.602
Coachella's Hottest: The Caligaris Sisters Steal the Show! #shorts,https://www.youtube.com/watch?v=inRfFH7juIE,LoopLounger,https://www.youtube.com/channel/UCmObqfkNtra7hOSTVWXmYFA,2026-04-29T19:54:46.012Z,25.0,1.005,1.005
This man does NOT gaf💔. #skz #straykids #leeknow #kpopfypシ,https://www.youtube.com/watch?v=bnp15QW1JS8,ᴊ.ᴏɴᴇᴢᴏɴᴇ ★,https://www.youtube.com/channel/UClCoH_J9hPmSfp_bLE10mjg,2026-04-29T19:54:33.089Z,61.0,12.923,12.923
the instant lipstick application was genuinely impressive 😭,https://www.youtube.com/watch?v=MW4SBUYdvp8,TheGrumpiess,https://www.youtube.com/channel/UCpDJ1Gvh-HJ7GI3UakJehCw,2026-04-29T19:54:31.461Z,17.0,1.628,1.628
her standing 🧍‍♀️ and smiling 😁 #pinkpantheress  #coachella  #viral #concert,https://www.youtube.com/watch?v=9h1WAfh97PY,lorem babies,https://www.youtube.com/channel/UCepm7wmsWhmfolV2PD3nOYQ,2026-04-29T19:54:30.246Z,17.0,1.215,1.215
THIS IS SO FUNNY FOR ME.......,https://www.youtube.com/watch?v=yXmdCEUMHUI,hannieedits,https://www.youtube.com/channel/UCVzkvjQMaETnRddOeHcIfNw,2026-04-29T19:54:27.265Z,25.0,2.981,2.981
How to mince garlic in batches #shorts,https://www.youtube.com/watch?v=wB4VNmP3DFw,Basic Sunday Cooking,https://www.youtube.com/channel/UCSM_HisKBx5RziqFud2D9cQ,2026-04-29T19:54:16.805Z,31.0,10.46,10.46
hyunjin's song makes you sleep better 😴💤 #straykids #kpopskz #foryou #,https://www.youtube.com/watch?v=xeq0I6Qm3U8,STRAYKIDS  KPOP,https://www.youtube.com/channel/UCMg--rhwt4vUuoqAuGF2OUA,2026-04-29T19:54:14.466Z,24.0,2.339,2.339
it fits so well🙌🏻#Straykids #bangchan #han #changbin #3racha #kpop #shorts #fyp,https://www.youtube.com/watch?v=X-aYTufhha8,Reemir,https://www.youtube.com/channel/UCUYLcvWJJ_aDYe5Hfda8-5g,2026-04-29T19:54:03.772Z,18.0,10.694,10.694
Sara Saffari guesses my age,https://www.youtube.com/watch?v=U17dtGPcAKA,Botez Sisters Podcast,https://www.youtube.com/channel/UCvktw2yF_rkJRNO9fyT-_KQ,2026-04-29T19:53:57.451Z,27.0,6.321,6.321
Leeknow with his friends is another breed 😭🤣 #straykids #leeknow #friendship #gay,https://www.youtube.com/watch?v=t6aTQ29obJY,Lee Know Unofficial,https://www.youtube.com/channel/UCe9RjhIXkkk7xP3mWm-LUUg,2026-04-29T19:53:46.051Z,56.0,11.4,11.4
How does Stray Kids MILITARY service will work?,https://www.youtube.com/watch?v=Zzs3w3xnH-A,Oppa Talks,https://www.youtube.com/channel/UCJmWKM_a4XYqNYLKbx7z2Eg,2026-04-29T19:52:41.881Z,65.0,64.17,64.17
This was yesterday I wish I could go back in time,https://www.youtube.com/watch?v=vXCLMXHu-og,Felix 🐤🐣Yoma,https://www.youtube.com/channel/UCTV_5MmaX2FCx0pvtYg5sgw,2026-04-29T19:52:40.143Z,19.0,1.738,1.738
Breaking in silver pointe shoes…🩶⚔️#ballet #ballerina #pointeshoes #balletdancer,https://www.youtube.com/watch?v=DBXi8liKsss,Brooke Wilson,https://www.youtube.com/channel/UCgp0hJ1VlMfIuuo3308jvXQ,2026-04-29T19:52:38.571Z,37.0,1.572,1.572
⚠️ !! NO HATE TO FELIX OR CHAN !! #fypシ゚viral ⚠️ #kpopskz #skz,https://www.youtube.com/watch?v=XEP1aS3xLyQ,Kpopscanvas! ,https://www.youtube.com/channel/UCkcSnw90SX8Ee30jk53QMZA,2026-04-29T19:52:11.553Z,28.0,27.018,27.018
he didn't deserve the hate. #jaehyun #hyunjin,https://www.youtube.com/watch?v=7jJ1uAPWbUo,jeonginee,https://www.youtube.com/channel/UCB6UFNfHFSi-xFmYZvAkymA,2026-04-29T19:52:04.841Z,6.0,6.712,6.0
Throwback to 2paboracha being geniuses 👽,https://www.youtube.com/watch?v=s1NHgx0F0q8,STAYing24,https://www.youtube.com/channel/UCsJuJbKAiUrxz8Sm5Nhh4QQ,2026-04-29T19:51:13.570Z,60.0,51.271,51.271
'Into the Sun'❤  #suga #yoongi #jin #btsjin #bts #btsarmy #bangtan #btsedits #shorts #btsshorts,https://www.youtube.com/watch?v=JaVEwv5c8bY,R_i_S_h,https://www.youtube.com/channel/UCfwvH--wuKQ4vVQr4EnEHlg,2026-04-29T19:51:12.015Z,9.0,1.555,1.555
Parents Confused by Identical Twins… ‘Who Are You’ 😂👶🤔#identicaltwins #twinmoments #funnyparents,https://www.youtube.com/watch?v=wQfMuWLVmpA,Thanh Đặng,https://www.youtube.com/channel/UCq7x0Z7czubyuv8OR1z0ceA,2026-04-29T19:51:04.648Z,59.0,7.367,7.367
That didnt go as planned🤣 #proposal #couple #engaged,https://www.youtube.com/watch?v=Ei2fTQLM7rw,Carolyn Lajara,https://www.youtube.com/channel/UC_BNnRDDNYTXQrdLEWeDKFA,2026-04-29T19:50:17.324Z,19.0,47.324,19.0
Failed food presentation #funnymoments #fails #cooking #cookingvideo,https://www.youtube.com/watch?v=61S_9Ed2aXg,IDontWantToAdult,https://www.youtube.com/channel/UC8f7BZ_U2IV7tp3lMmlz0eQ,2026-04-29T19:50:05.126Z,35.0,12.198,12.198
"Ig, he’s really into the dance 😭 #changbin #skz #kpop #fyp #skzillitjeongin",https://www.youtube.com/watch?v=ngVWgELu-AE,SKZILLIT JEONGIN,https://www.youtube.com/channel/UCLbAz2GZ7o9rV-KUejmu_JA,2026-04-29T19:49:58.795Z,6.0,6.331,6.0
Prismo rug ASMR! #adventuretime,https://www.youtube.com/watch?v=1zh8AcPXVPY,Bill Wave,https://www.youtube.com/channel/UCp23VY6GhwjPWM4WK5P36lw,2026-04-29T19:49:49.873Z,62.0,8.922,8.922
Changbin never gives anyone a chance 🤣 #bangchan #changbin #hyunjin,https://www.youtube.com/watch?v=ZX70-qCU3RA,Skz Edit Video ( Second channel ),https://www.youtube.com/channel/UCFfbmLy8cFjPtvLzTTTlxMQ,2026-04-29T19:49:26.387Z,23.0,23.486,23.0
"Honestly, it should be common decency regardless of whether you’re ARMY or not.#btsshorts #bts #kpop",https://www.youtube.com/watch?v=3RXWA4KhbaU,BANGTANIYA,https://www.youtube.com/channel/UCP-BdcV9yFz9mqlGp2mNl0Q,2026-04-29T19:49:11.944Z,11.0,14.443,11.0
https://www.youtube.com/watch?v=08bNEffNUQk,https://www.youtube.com/watch?v=08bNEffNUQk,,,2026-04-29T19:49:04.614Z,,7.33,7.33
"#hyunjin #humor I’m not criticizing Hyun’s pants, I’m just noticing the stains on them.   #stay #skz",https://www.youtube.com/watch?v=w_Y6KDueSx8,Angelinee,https://www.youtube.com/channel/UC7Srg50OsUSIPchplDt2yrQ,2026-04-29T19:48:52.861Z,25.0,11.753,11.753
Aww look at this little bee... (wait for it) 😳🔥🌶 #bangchan #duality #straykids #hotedit #kpop,https://www.youtube.com/watch?v=ClQ2F4n7Ywg,JoleneSKZ,https://www.youtube.com/channel/UCynlGig80Yr7hrCqvcCXi0A,2026-04-29T19:48:29.352Z,30.0,23.509,23.509
Aww Im crying 😭🤏🏻🫂 #hyunho #leeknow #hyunjin,https://www.youtube.com/watch?v=UjK7AHeaeAE,Skz Edit Video ( Second channel ),https://www.youtube.com/channel/UCFfbmLy8cFjPtvLzTTTlxMQ,2026-04-29T19:48:20.866Z,56.0,8.486,8.486
Am I poor?😭🤣 #throwbackthursday,https://www.youtube.com/watch?v=nKtiVTKhG4k,Bigdaddyleo “Bigdaddyleo”,https://www.youtube.com/channel/UC9fj25yinntxCTPi1Vrgf0g,2026-04-29T19:48:18.531Z,16.0,2.335,2.335
Straykids funny moments #straykids,https://www.youtube.com/watch?v=s65RsxuBo-0,L,https://www.youtube.com/channel/UCBSQK-WWvudU22EazhPnVXg,2026-04-29T19:47:30.940Z,54.0,47.591,47.591
they ate❤️‍🔥💅 #memes #aesthetic #fypシ゚viral #ytshorts #editing,https://www.youtube.com/watch?v=9wflGhRvbRo,@pookie_xthetic🍷~,https://www.youtube.com/channel/UCcU5fGKNPoMBwvD9JKbybOA,2026-04-29T19:47:25.698Z,17.0,5.242,5.242
Is Stray Kids ATHLETIC?,https://www.youtube.com/watch?v=X02uyeeJY5A,Oppa Talks,https://www.youtube.com/channel/UCJmWKM_a4XYqNYLKbx7z2Eg,2026-04-29T19:46:52.249Z,33.0,33.449,33.0
did she suddenly realize that was not her human? 😂,https://www.youtube.com/watch?v=PJGJsdjYenU,Catzhub,https://www.youtube.com/channel/UCegfdq_piZGMYhpcJR56CZA,2026-04-29T19:46:50.568Z,31.0,1.681,1.681
Do you remember this story?,https://www.youtube.com/watch?v=nQRIgm7Y-Vk,_.skz._.han._,https://www.youtube.com/channel/UCfM0EugZNAhjzAItgOzkLXQ,2026-04-29T19:46:31.431Z,58.0,19.137,19.137
#bts #btsedits #btsarmy #btsmemes #explorepage #newyoutubechannel #kpop #kpopedit,https://www.youtube.com/watch?v=RaBNnfXz3Iw,Bangtan girl⁷,https://www.youtube.com/channel/UCGTSBs-B7SVFtbdDpBJ6bwQ,2026-04-29T19:46:27.249Z,13.0,4.182,4.182
Obsessed with Hyunjin’s reaction 💯😏😁#hyunjin #straykids #stayforever #skztalker,https://www.youtube.com/watch?v=T_aU5usJ8Sc,SKZ0801 ,https://www.youtube.com/channel/UCqAJhSvmD9UnSWVc_Uo6_HQ,2026-04-29T19:46:14.580Z,12.0,12.669,12.0
Downsides of Korean citizenship 🇰🇷 #foreignerinkorea #lifeinkorea #koreanculture,https://www.youtube.com/watch?v=b-TbLnj0v10,Palindri,https://www.youtube.com/channel/UCfODx0kNiE-G5JvDbKjeHfg,2026-04-29T19:45:40.918Z,65.0,33.662,33.662
Do You Trust Chat-GPT Over A Doctor?,https://www.youtube.com/watch?v=cnyqT48dyjE,Doctor Mike,https://www.youtube.com/channel/UC0QHWhjbe5fGJEPz3sVb6nw,2026-04-29T19:45:39.748Z,39.0,1.17,1.17
How our guests left our space,https://www.youtube.com/watch?v=k-Ipc-dUgCw,Taron Teague,https://www.youtube.com/channel/UCfguJ6tvoVkWTmreJOVvg1A,2026-04-29T19:45:37.819Z,159.0,1.929,1.929
SKZ DANCE PRACTICE CORE (Part-2) ✨❤️ #straykids #dancepractice #skzcore #skzedit,https://www.youtube.com/watch?v=Et-KbudesxQ,STRAY KIDS CORNER,https://www.youtube.com/channel/UCEJVDU7Es1-Jl4z99eibsNA,2026-04-29T19:45:21.400Z,180.0,16.419,16.419
Princess Diana is pure Aura||#diana#princess#edit#famous#fashionicon#royal#charles#germany#aura||,https://www.youtube.com/watch?v=qDCxpsSTNzQ,Royal_by_H3art ,https://www.youtube.com/channel/UCTCRN0eaj5l7zlpIvBvHhZw,2026-04-29T19:45:01.337Z,31.0,20.063,20.063
Flamingo - SEVENTEEN CxM Double Up Live Party in Kaohsiung Day 1 [260424],https://www.youtube.com/watch?v=t4QpNfPs6-Q,Eien,https://www.youtube.com/channel/UCmAe4h2LaMasVVsrYbO_6Ig,2026-04-29T19:44:52.604Z,70.0,8.733,8.733
Luv ‘em sm 🥹❤️‍🩹 #straykids #bangchan#leeknow#changbin#hyunjin#han#felix#seungmin#jeongin,https://www.youtube.com/watch?v=RocYnQEVolQ,Skz Edit Video ( Second channel ),https://www.youtube.com/channel/UCFfbmLy8cFjPtvLzTTTlxMQ,2026-04-29T19:44:08.424Z,44.0,44.18,44.0
Men deserve a positive body image too #bodypositivity #men #malebodypositivity #health,https://www.youtube.com/watch?v=upYyzWNNPw4,Refashioned Hippie,https://www.youtube.com/channel/UCxetrH881m7SQKN7AviaARQ,2026-04-29T19:44:07.443Z,122.0,0.981,0.981
https://www.youtube.com/watch?v=0JmM3TAFAu0,https://www.youtube.com/watch?v=0JmM3TAFAu0,,,2026-04-29T19:44:06.116Z,,1.327,1.327
A simple way to customize and personalize your curbside! 😎🚘,https://www.youtube.com/watch?v=3KqWX7JB39w,Curbside Works,https://www.youtube.com/channel/UC4ZgjFkNbYLMObtGtTK7V-g,2026-04-29T19:44:04.505Z,32.0,1.611,1.611
How the Grand Canyon Was Really Carved?,https://www.youtube.com/watch?v=6EPjup7s4YM,The Human Dwan,https://www.youtube.com/channel/UCmzWluAegOtS5hAMvczzzIQ,2026-04-29T19:44:00.423Z,132.0,4.082,4.082
純色創意合集~#創意攝影 #拍照技巧 #攝影 #photography #手機攝影 #拍照姿勢 #專業拍攝 #攝影教學 #分享,https://www.youtube.com/watch?v=ciSVtPFrknM,Locus A,https://www.youtube.com/channel/UC6WUMFLgq4yVJGdYWMjjawg,2026-04-29T19:43:51.567Z,36.0,8.856,8.856
🥹🫶🏻🧸 #straykids #kpopskz #fypシ #kpop #viral #skz #fypシ #fyp #leeknow #leeminho #edit #stay #tt,https://www.youtube.com/watch?v=skUUufXZZRs,𝐅 | ᥫ᭡ 𝐏𝐎𝐓𝐓𝐄𝐑𝐇𝐄𝐀𝐃𝟏𝟎𝟏𝟗 𝜗𝜚ᝰ.ᐟ,https://www.youtube.com/channel/UCCUxFeF9kL1TVscJ9hpGx-A,2026-04-29T19:43:21.113Z,43.0,30.454,30.454
I think im addicted ✨🥲 #booktube #bookart #foiling #reaction,https://www.youtube.com/watch?v=FjZ1WQd3Lvk,World of Ore by A. R. Bledsoe,https://www.youtube.com/channel/UC6H0n8N1QGu-N4Tn2zweV5g,2026-04-29T19:43:17.069Z,87.0,4.044,4.044
Always work from general to specific in your drawings.,https://www.youtube.com/watch?v=95SAhvlQDOs,The Art Coach,https://www.youtube.com/channel/UCo26P9-hOODP5yNTF3hYeAw,2026-04-29T19:43:15.488Z,45.0,1.581,1.581
His little nods after each translations 😭❤️,https://www.youtube.com/watch?v=XBgY7YSrSuQ,Jessa Faith,https://www.youtube.com/channel/UCfq8ZgqWQUtKwJHjApcyp2Q,2026-04-29T19:42:58.089Z,99.0,17.399,17.399
I don’t get it #stupidrichpeoplefashion #fashion #funny #chanel #shoes,https://www.youtube.com/watch?v=AzVCgzepUPc,Refashioned Hippie,https://www.youtube.com/channel/UCxetrH881m7SQKN7AviaARQ,2026-04-29T19:42:27.521Z,61.0,30.568,30.568
"What a $100,000 art show actually pays the artist",https://www.youtube.com/watch?v=6JzGHaWrZfc,Herschel Shapiro,https://www.youtube.com/channel/UCTBClopX-LmHK39q9N-O4MQ,2026-04-29T19:41:01.482Z,81.0,86.039,81.0
Langa nótt,https://music.youtube.com/watch?v=HXo_hNMqOJg,Eolya - Topic,https://www.youtube.com/channel/UC1lQpmV-kT24_ueoIh-74bg,2026-04-29T19:39:59.461Z,1247.0,62.021,62.021
Sál,https://music.youtube.com/watch?v=_rcH8Ywc-L8,Eolya - Topic,https://www.youtube.com/channel/UC1lQpmV-kT24_ueoIh-74bg,2026-04-29T19:36:53.774Z,186.0,185.687,185.687
Deepfake AI – How Dangerous Is It? #shorts #deepfake,https://www.youtube.com/watch?v=Fyzr6jbSI_I,VICE,https://www.youtube.com/channel/UCn8zNIfYAQNdrFRrr8oibKw,2026-04-29T19:02:59.295Z,39.0,2034.479,39.0
Musk reshapes Grok AI after backlash over antisemitic responses #Shorts,https://www.youtube.com/watch?v=5sQeivm12x0,USA TODAY,https://www.youtube.com/channel/UCP6HGa63sBC7-KHtkme-p-g,2026-04-29T19:01:39.605Z,80.0,79.69,79.69
"Humanoid robot describes ""nightmare scenario"" with robotics and AI #shorts",https://www.youtube.com/watch?v=QF-Vu93C4m0,CBS News,https://www.youtube.com/channel/UC8p1vwvWtl6T73JiExfWs1g,2026-04-29T19:01:04.866Z,35.0,34.739,34.739
How OpenAI’s Changes Sent Some Users Spiraling,https://www.youtube.com/watch?v=mEahc3UbSq4,The New York Times,https://www.youtube.com/channel/UCqnbDFdCpuN8CMEg0VuEBqA,2026-04-29T18:58:04.968Z,180.0,179.898,179.898
Tech billionaires seem to be doom prepping. Should we be worried? #AI #Tech #BBCNews,https://www.youtube.com/watch?v=jimldQT1pQw,BBC News,https://www.youtube.com/channel/UC16niRr50-MSBwiO3YDb3RA,2026-04-29T18:57:11.745Z,54.0,53.223,53.223
BI investigated the footprint of 1k+ #datacenters to see real-life consequences of #ai. #tech,https://www.youtube.com/watch?v=7rEzhCwPhqc,Business Insider,https://www.youtube.com/channel/UCcyq283he07B7_KUX07mmtA,2026-04-29T18:54:27.729Z,164.0,164.016,164.0
Is AI making you stupid?,https://www.youtube.com/watch?v=A3S8yzJ4oBM,The Economist,https://www.youtube.com/channel/UC0p5jTq6Xx_DosDFxVXnWaQ,2026-04-29T18:51:45.870Z,162.0,161.859,161.859
Could the AI bubble pop?,https://www.youtube.com/watch?v=iWl7OMxZSUU,The Economist,https://www.youtube.com/channel/UC0p5jTq6Xx_DosDFxVXnWaQ,2026-04-29T18:48:49.461Z,177.0,176.409,176.409
Yuval Noah Harari believes AI is the end of human-dominated history #AI #artificialintelligence,https://www.youtube.com/watch?v=vz3HKkVrJE4,The Economist,https://www.youtube.com/channel/UC0p5jTq6Xx_DosDFxVXnWaQ,2026-04-29T18:47:49.139Z,57.0,60.322,57.0
Open AI's CTO on Having a Relationship With an AI,https://www.youtube.com/watch?v=q6yq1i7vd9E,Bloomberg Originals,https://www.youtube.com/channel/UCUMZ7gohGI9HcU9VNsr2FJQ,2026-04-29T18:46:52.763Z,57.0,56.376,56.376
Bill Gates Gets Real About AI,https://www.youtube.com/watch?v=uoU_1KORocQ,Bloomberg Originals,https://www.youtube.com/channel/UCUMZ7gohGI9HcU9VNsr2FJQ,2026-04-29T18:45:59.079Z,54.0,53.684,53.684
‘Risk of extinction' warning issued by AI developers,https://www.youtube.com/watch?v=h89iKqL1bRg,CNN,https://www.youtube.com/channel/UCupvZG-5ko_eiXAupbDfxWw,2026-04-29T18:45:10.453Z,46.0,48.626,46.0
'Godfather of AI' has a plan for humanity to survive AI,https://www.youtube.com/watch?v=Wd8RzZ3xn7w,CNN,https://www.youtube.com/channel/UCupvZG-5ko_eiXAupbDfxWw,2026-04-29T18:43:51.134Z,77.0,79.319,77.0
AI security system mistakes student's empty Doritos bag for gun,https://www.youtube.com/watch?v=Khf6o0t-9zg,CNN,https://www.youtube.com/channel/UCupvZG-5ko_eiXAupbDfxWw,2026-04-29T18:41:56.742Z,92.0,114.392,92.0
AI expert shows how easy it is to impersonate someone,https://www.youtube.com/watch?v=EEw-7zVs8wE,CNN,https://www.youtube.com/channel/UCupvZG-5ko_eiXAupbDfxWw,2026-04-29T18:39:09.695Z,167.0,167.047,167.0
ChatGPT creator is now worried about AI,https://www.youtube.com/watch?v=0kIhwa1e_5M,CNN,https://www.youtube.com/channel/UCupvZG-5ko_eiXAupbDfxWw,2026-04-29T18:38:12.721Z,57.0,56.974,56.974
See AI Putin ask real Putin about body doubles,https://www.youtube.com/watch?v=rfIhRjFOpuc,CNN,https://www.youtube.com/channel/UCupvZG-5ko_eiXAupbDfxWw,2026-04-29T18:37:28.798Z,44.0,43.923,43.923
The Real Cost of Your AI Use: Inside a Power-Hungry Data Center,https://www.youtube.com/watch?v=Tx0uoiuLAZg,The Wall Street Journal,https://www.youtube.com/channel/UCK7tptUDHh-RYDsdxO1-5QQ,2026-04-29T18:34:34.350Z,175.0,174.448,174.448
AI Needs Copper—Can the World Deliver? | Presented by CME Group,https://www.youtube.com/watch?v=6H17LkJB7U4,Bloomberg News,https://www.youtube.com/channel/UChirEOpgFCupRAk5etXqPaA,2026-04-29T18:33:14.621Z,80.0,79.729,79.729
Elon Musk on AI: 'There Will Come a Point When No Job Is Needed',https://www.youtube.com/watch?v=HbiyTZae61A,Bloomberg News,https://www.youtube.com/channel/UChirEOpgFCupRAk5etXqPaA,2026-04-29T18:32:15.152Z,60.0,59.469,59.469
Is Generative AI an Existential Threat to the Human Species?,https://www.youtube.com/watch?v=9fogzZ_6kR0,Bloomberg News,https://www.youtube.com/channel/UChirEOpgFCupRAk5etXqPaA,2026-04-29T18:31:40.720Z,34.0,34.432,34.0
