title,link,channel,channel_link,date,video_length,time_diff,watch_time
Brand Spot: Accessibility NCO US 15s,https://www.youtube.com/watch?v=LVMDsFzfMw8,,,2026-05-11T19:02:38.612Z,16.0,,16.0
0325 ELF GRMLB DRINKITUP youasked 15s 16x9 US,https://www.youtube.com/watch?v=21eFsUfPqvc,,,2026-05-11T19:02:16.070Z,16.0,22.542,16.0
Anxious Attachment leads to Heartbreak until you do this...,https://www.youtube.com/watch?v=X_3166mWnr0,Jimmy on Relationships,https://www.youtube.com/channel/UCaehsa75y02rDJW1oPom-Xw,2026-05-11T18:47:18.807Z,1612.0,897.263,897.263
Great Brands. Great Prices. Summer Getaway Styles Up to 60% Off in Stores Now | Nordstrom Rack 2026,https://www.youtube.com/watch?v=fVbN-CFDa5k,,,2026-05-11T18:46:37.898Z,16.0,40.909,16.0
Project Hail Mary Creators Answer The 50 Most Searched Questions | WIRED,https://www.youtube.com/watch?v=plGRMzsxpa4,WIRED,https://www.youtube.com/channel/UCftwRNsjfRo08xYE31tkiyw,2026-05-11T18:45:53.059Z,1336.0,44.839,44.839
Video|HeroKit|New|General|SocialProof|ConvertView|AllInOne1|26Wk15|HeroKitPDP|16x9,https://www.youtube.com/watch?v=j481lAufI_8,,,2026-05-11T14:54:10.947Z,55.0,13902.112,55.0
0325 ELF GRMLB DRINKITUP youasked 6s 16x9,https://www.youtube.com/watch?v=RbebReVgFLY,,,2026-05-11T14:54:10.947Z,7.0,0.0,0.0
04012026 elfskin Suntouchable C1 Suntouchable 16x9 15s,https://www.youtube.com/watch?v=Q3fXwZDHFo0,,,2026-05-11T14:23:45.649Z,16.0,1825.298,16.0
ASMR Bestie Helping You Get Ready for a Night Out.  Doing Your Makeup ~ Soft Spoken,https://www.youtube.com/watch?v=qcHXxHfW8LQ,Lizi ASMR,https://www.youtube.com/channel/UCite3fyBIq-46XlGxG2NXhQ,2026-05-11T14:02:43.696Z,1254.0,1261.953,1254.0
Platinum Card® | American Express,https://www.youtube.com/watch?v=GENQosV941A,,,2026-05-11T14:02:04.377Z,16.0,39.319,16.0
FX's Love Story,https://www.youtube.com/watch?v=XDOXRL6iWJA,,,2026-05-11T14:00:55.389Z,31.0,68.988,31.0
Your attachment style was shaped before you turned 10 | Alain de Botton,https://www.youtube.com/watch?v=TZI0ktDNRB0,Big Think Clips,https://www.youtube.com/channel/UC5Jnt7OgEHro3W7kr-jjCrw,2026-05-11T13:42:37.721Z,927.0,1097.668,927.0
ASMR Most Relaxing Skin Care & Natural Makeup RP.  Soft Spoken ~ Personal Attention,https://www.youtube.com/watch?v=3zd1ngXlvzk,Lizi ASMR,https://www.youtube.com/channel/UCite3fyBIq-46XlGxG2NXhQ,2026-05-11T12:20:00.213Z,2036.0,4957.508,2036.0
ASMR Beauty Supply Store (realistic hair and makeup application),https://www.youtube.com/watch?v=efa8bBodhjQ,ASMR Midnight,https://www.youtube.com/channel/UCbOmMjtO6ZNvOJd8RPKp9UQ,2026-05-11T12:19:54.119Z,3670.0,6.094,6.094
Ulta Beauty Exclusives You Need to See#ulta #ad #onlyatulta,https://www.youtube.com/watch?v=PVMUkuW4m4M,,,2026-05-11T12:19:28.336Z,127.0,25.783,25.783
Unsure which toe shape to choose from VIVAIA's classic flats? Check our video for guidance! #vivaia,https://www.youtube.com/watch?v=d-xwQ_bCt-w,,,2026-05-11T12:18:42.223Z,108.0,46.113,46.113
Natural Matte Longwear Foundation | NARS,https://www.youtube.com/watch?v=oNxvwvYXH6A,,,2026-05-11T12:17:42.395Z,16.0,59.828,16.0
Square: NABRAND-25175_FJ_FA_US_BAU-YouTube_W30_YT_XPOD_Studio_50OFF_FreeBreakfast_Multi_Combo_16x9_V,https://www.youtube.com/watch?v=dXI0uLfl09Q,,,2026-05-11T12:16:49.166Z,25.0,53.229,25.0
Meet Teri.,https://www.youtube.com/watch?v=ygm1OVcfIuc,,,2026-05-11T12:16:29.848Z,16.0,19.318,16.0
DCD-The-3963| Hulu,https://www.youtube.com/watch?v=YiYuUmGBYd4,,,2026-05-11T12:16:18.328Z,16.0,11.52,11.52
Get them both,https://www.youtube.com/watch?v=EmFOIVW4Uvg,,,2026-05-11T12:16:07.379Z,72.0,10.949,10.949
Womens Prospecting16x9 WithCaptions 1,https://www.youtube.com/watch?v=XD48Rmn0uVQ,,,2026-05-11T12:12:49.346Z,36.0,198.033,36.0
Why do composition books look like this? #design #history #papercraft,https://www.youtube.com/watch?v=oX143VQ1p10,Phil Edwards,https://www.youtube.com/channel/UCb_MAhL8Thb3HJ_wPkH3gcw,2026-05-11T12:11:05.873Z,124.0,103.473,103.473
Once Upon a Time’s Disney problem,https://www.youtube.com/watch?v=T8_D-cVW8Z0,Troy Zaher,https://www.youtube.com/channel/UCoYLu_ABUpTjCwukCNqryfA,2026-05-11T12:08:32.053Z,172.0,153.82,153.82
The Relationship Anchor.,https://www.youtube.com/watch?v=7yHmLrH4ucQ,Femalevolution,https://www.youtube.com/channel/UCG1nxwOVgVwRL3UZDoyEwCQ,2026-05-11T12:06:29.813Z,77.0,122.24,77.0
Golf (Short) | LiMu Emu & Doug | Liberty Mutual Insurance Commercial,https://www.youtube.com/watch?v=OuB4R4KgUjo,,,2026-05-11T12:06:13.799Z,16.0,16.014,16.0
OAI Task2 USA Cooking 9x16 18s,https://www.youtube.com/watch?v=9W1sBnGWeJc,,,2026-05-11T10:33:40.103Z,19.0,5553.696,19.0
Golf (Short) | LiMu Emu & Doug | Liberty Mutual Insurance Commercial,https://www.youtube.com/watch?v=HS-1eh3r-pY,,,2026-05-11T10:33:19.849Z,16.0,20.254,16.0
"ASMR Doing Your Makeup for an Event | Rummaging, Brushing, Writing, Measuring, Soft Spoken",https://www.youtube.com/watch?v=zjDVB2qUcrw,ASMR Midnight,https://www.youtube.com/channel/UCbOmMjtO6ZNvOJd8RPKp9UQ,2026-05-11T07:59:53.664Z,4383.0,9206.185,4383.0
| Ulta Beauty,https://www.youtube.com/watch?v=JZsRhakDPOs,,,2026-05-11T07:59:39.421Z,16.0,14.243,14.243
STUFF IT!,https://www.youtube.com/watch?v=7NK0KOshMP0,,,2026-05-11T07:59:27.010Z,7.0,12.411,7.0
Thad Performs a Condom Check | Blue Mountain State,https://www.youtube.com/watch?v=egTUv-ovmt8,Blue Mountain State,https://www.youtube.com/channel/UCDRE-19D53mR6hGU6jd9fXA,2026-05-10T21:45:39.854Z,132.0,36827.156,132.0
See Your Risks - But I,https://www.youtube.com/watch?v=CTt930tql0w,,,2026-05-10T21:45:25.515Z,13.0,14.339,13.0
5 Cold Behaviours That Make People Respect You Instantly | Stoicism,https://www.youtube.com/watch?v=7h81r0E8mXY,the Stoic Mode.,https://www.youtube.com/channel/UCxb9rPaXCXilvN-eMEh9d5g,2026-05-10T21:44:09.323Z,130.0,76.192,76.192
Transitions Move Freely - 30s,https://www.youtube.com/watch?v=ajps_B11N80,,,2026-05-10T21:44:01.376Z,31.0,7.947,7.947
DIY Ultimate Glowing Skin Body Wash,https://www.youtube.com/watch?v=_4ZRpQuIb_s,Phil's My Pharmacist,https://www.youtube.com/channel/UCVw3U_bOFLqedu4wvrSuNQg,2026-05-10T21:43:18.782Z,30.0,42.594,30.0
Business Cards with Business Benefits,https://www.youtube.com/watch?v=YPtEkfhXzGM,,,2026-05-10T21:42:10.900Z,15.0,67.882,15.0
3 COMFY Maybelline Teddy Tint Lipsticks You NEED to Try!,https://www.youtube.com/watch?v=yM7JNmPNUNI,Alegra Chetti,https://www.youtube.com/channel/UCEeloiUWDB-5zMRqFcESf6Q,2026-05-10T21:40:28.557Z,873.0,102.343,102.343
Percy Jackson,https://www.youtube.com/watch?v=1rkx_HnX4zE,,,2026-05-10T21:40:21.356Z,31.0,7.201,7.201
TRYING THE VIRAL MAKEUP HACK WITH HENNA😱#hennaart #makeuphack #lipstain #fakefreckles #makeuptips ￼,https://www.youtube.com/watch?v=LbCA_T7Qw4Y,Arian Daliran,https://www.youtube.com/channel/UCZFWadUvdiAP9rhWmTRGxDw,2026-05-10T21:39:06.812Z,128.0,74.544,74.544
Unsure which toe shape to choose from VIVAIA's classic flats? Check our video for guidance! #vivaia,https://www.youtube.com/watch?v=d-xwQ_bCt-w,,,2026-05-10T21:39:05.111Z,108.0,1.701,1.701
Prequel-DemandGen-UGC-ScarStick-01_15s_Horizontal.mp4,https://www.youtube.com/watch?v=lDPlRfGBy1o,,,2026-05-10T21:38:58.985Z,15.0,6.126,6.126
SLOP on so many levels #dermreacts  #skincare  #dermatologist #dermangelo  #reactionvideo,https://www.youtube.com/watch?v=YzAD5uLkjME,DermAngelo,https://www.youtube.com/channel/UCu0V4K1jf8cISkIzpi77p9Q,2026-05-10T21:38:09.123Z,29.0,49.862,29.0
"Finally, a wrap carrier that doesn’t need an instruction manual.",https://www.youtube.com/watch?v=BBklagDjmtg,,,2026-05-10T21:37:40.965Z,31.0,28.158,28.158
😭😭😭 #shorts #jenniferlopez,https://www.youtube.com/watch?v=m6-ncIG06Yc,Tnb Jayyy,https://www.youtube.com/channel/UChheFVh3JCCJGVpHCs5ghCA,2026-05-10T21:36:26.633Z,61.0,74.332,61.0
| Ulta Beauty,https://www.youtube.com/watch?v=CS3wjV8TxMY,,,2026-05-10T21:36:15.983Z,12.0,10.65,10.65
Big Hair Event CVS #Couponing this Week‼️ 3 MONEYMAKER SCENARIOS‼️ Easy #ibotta Offers! #freebies,https://www.youtube.com/watch?v=iBtLyFGJ9Ts,Couponing Deals,https://www.youtube.com/channel/UCcuY6CN9m1AkhLn-jCryGjw,2026-05-10T21:35:18.217Z,28.0,57.766,28.0
easy CVS deals this week ✨,https://www.youtube.com/watch?v=vqgY-rJCP5s,kaylakoupons,https://www.youtube.com/channel/UCIIMBC1_PbbMthX9C_wmaCg,2026-05-10T21:35:04.104Z,57.0,14.113,14.113
Worn on the Wrist of History for 100 Years – The Oyster,https://www.youtube.com/watch?v=RuvG8SD0aUw,,,2026-05-10T21:15:48.699Z,237.0,1155.405,237.0
Ela ficou pendurada 😱😱😂 #limalimonada #fotografia #comedy #nature #mother #pregnancy,https://www.youtube.com/watch?v=ByIIeXGzNy0,LIMA LIMONADA 📸,https://www.youtube.com/channel/UC-_D1Bj_No15grJXKr_ZDrQ,2026-05-10T12:34:36.334Z,59.0,31272.365,59.0
Prequel-DemandGen-UGC-ScarStick-01_06s_Square.mp4,https://www.youtube.com/watch?v=REneTLSZ3nw,,,2026-05-10T12:34:34.226Z,6.0,2.108,2.108
this is why I’m an extreme couponer 😳✨,https://www.youtube.com/watch?v=OCrQvRnU37M,kaylakoupons,https://www.youtube.com/channel/UCIIMBC1_PbbMthX9C_wmaCg,2026-05-10T12:34:24.536Z,50.0,9.69,9.69
FA26 ELFSKIN GLASSSLICK newness 169 6s,https://www.youtube.com/watch?v=n3-UqbE6hqM,,,2026-05-10T12:31:58.292Z,7.0,146.244,7.0
7 Things Men Notice WHILE Hugging You (That They'll NEVER Mention!),https://www.youtube.com/watch?v=2nt-y0_DGUw,Mat Shaffer,https://www.youtube.com/channel/UCrao3T10IlKub8MH5W-6REA,2026-05-10T12:31:52.448Z,1031.0,5.844,5.844
✨Fake Park Exposed in Celebrity Gated Community✨ #fossilridgepark #scam #celebrity #mansion,https://www.youtube.com/watch?v=SLq-gPX1mv0,Bo Grant,https://www.youtube.com/channel/UCOGUVNcADh4L-2I4s3Qo71A,2026-05-10T12:30:19.647Z,153.0,92.801,92.801
THE SECRET to these MAYBELLINE Vinyl Ink LIPSTICKS,https://www.youtube.com/watch?v=E8dNYBPU6dw,Chucci,https://www.youtube.com/channel/UCJ2_OI5gLRD7KzpTZaCGwGw,2026-05-10T12:29:39.027Z,41.0,40.62,40.62
NEW CVS Deals Starting 5/10! ✨,https://www.youtube.com/watch?v=zAG7zBITTXw,kaylakoupons,https://www.youtube.com/channel/UCIIMBC1_PbbMthX9C_wmaCg,2026-05-10T12:28:32.351Z,112.0,66.676,66.676
DCD-Love-4038| Hulu,https://www.youtube.com/watch?v=3GlF__6Z8SQ,,,2026-05-10T12:28:30.202Z,16.0,2.149,2.149
Hulu on Disney+,https://www.youtube.com/watch?v=LbsbNNQJPVs,,,2026-05-10T12:28:24.531Z,160.0,5.671,5.671
0325 ELF GRMLB DRINKITUP youasked 15s 9x16 US,https://www.youtube.com/watch?v=EtSQb59-tF8,,,2026-05-10T12:05:36.915Z,16.0,1367.616,16.0
"ASMR Doing Your Makeup for the Harvest Ball | 1 Hour, Realistic Sounds, Rummaging| Series Pt 4",https://www.youtube.com/watch?v=TsdL9e8RUw4,ASMR Midnight,https://www.youtube.com/channel/UCbOmMjtO6ZNvOJd8RPKp9UQ,2026-05-10T11:09:50.719Z,3346.0,3346.196,3346.0
"ASMR 1 Hour Doing Your Hair, Makeup, and Measuring You For Your Broadway Show",https://www.youtube.com/watch?v=YShO4uecjrk,ASMR Midnight,https://www.youtube.com/channel/UCbOmMjtO6ZNvOJd8RPKp9UQ,2026-05-10T11:08:29.425Z,3513.0,81.294,81.294
"ASMR Doing Your Makeup for Instagram Photoshoot Roleplay (Upclose, Tingly Crinkle shirt, Mascara)",https://www.youtube.com/watch?v=LmZyql_CEzM,asmr visuals,https://www.youtube.com/channel/UCHtECtudlFWJT9JPGb0btJg,2026-05-10T11:07:05.969Z,3346.0,83.456,83.456
The one item turned into a haul real quick...#ultabeauty #ultabeautyessentials #ultabeautyhaul,https://www.youtube.com/watch?v=Nbr6pYWWQt8,,,2026-05-10T11:06:59.996Z,11.0,5.973,5.973
Lilo & Stitch (2025) | A new live-action movie | Now streaming on Disney+,https://www.youtube.com/watch?v=wzP4Mw0Gd6w,,,2026-05-10T11:03:53.832Z,31.0,186.164,31.0
How To Win The FIFA World Cup™ on Airbnb,https://www.youtube.com/watch?v=L0z9U6-lMvE,,,2026-05-10T03:24:11.496Z,15.0,27582.336,15.0
iHerb_Sep_12B_FitnessCategory_Feed,https://www.youtube.com/watch?v=GRmmabV27Lc,,,2026-05-10T03:23:41.275Z,25.0,30.221,25.0
"ASMR Doing Your Makeup | Rummaging, Mic Brushing, Soft Spoken",https://www.youtube.com/watch?v=02S64yz7Mos,ASMR Midnight,https://www.youtube.com/channel/UCbOmMjtO6ZNvOJd8RPKp9UQ,2026-05-10T03:05:01.421Z,2240.0,1119.854,1119.854
CVS BEST DEALS (5/10 - 5/16) | Freebies & More!,https://www.youtube.com/watch?v=OV0W7mw1Jas,Savvy Coupon Shopper (savvycouponshopper),https://www.youtube.com/channel/UC16zK52SExE6CM8IIunxZLw,2026-05-10T03:03:04.252Z,1148.0,117.169,117.169
260318_GMP-矩形15-雨林背景-口播+le60s_en_AG_1080x1920.mp4,https://www.youtube.com/watch?v=C8iuo-DcrHk,,,2026-05-10T03:02:58.880Z,60.0,5.372,5.372
| Ulta Beauty,https://www.youtube.com/watch?v=HoHANaCMDmY,,,2026-05-10T02:44:57.250Z,12.0,1081.63,12.0
0325 ELF GRMLB DRINKITUP youasked 15s 16x9 US,https://www.youtube.com/watch?v=21eFsUfPqvc,,,2026-05-10T02:44:36.939Z,16.0,20.311,16.0
Blogilates For Mother's Day Is Here,https://www.youtube.com/watch?v=oCUmrbt3nzE,,,2026-05-10T02:38:53.233Z,33.0,343.706,33.0
How A Man Treats You On Your Birthday Tells You Everything in Dating #datingadviceforblackwomen,https://www.youtube.com/watch?v=Y57krcfErmA,DatingCoachAnwar,https://www.youtube.com/channel/UCOYDp9iXnTXuCo18P77HcVg,2026-05-10T02:36:19.704Z,236.0,153.529,153.529
"Finally, a wrap carrier that doesn’t need an instruction manual.",https://www.youtube.com/watch?v=BBklagDjmtg,,,2026-05-10T02:36:14.777Z,31.0,4.927,4.927
Golf (Short) | LiMu Emu & Doug | Liberty Mutual Insurance Commercial,https://www.youtube.com/watch?v=OuB4R4KgUjo,,,2026-05-10T02:36:06.575Z,16.0,8.202,8.202
A Mysterious Arrival?! 😲,https://www.youtube.com/watch?v=SScr8iONHaY,Merge Mansion,https://www.youtube.com/channel/UCfOXh76n_mf3YaG4nq3psnA,2026-05-10T01:23:32.657Z,346.0,4353.918,346.0
Mother’s Day at Macy’s,https://www.youtube.com/watch?v=kFfXOi0l7Ow,,,2026-05-09T23:41:24.765Z,31.0,6127.892,31.0
Upside_192027_ComsumerPaidSocialRefresh2_GroceryGlowUp_SequenceBuild_16x9_Giant.mp4,https://www.youtube.com/watch?v=nfpRCujURos,,,2026-05-09T23:41:10.125Z,15.0,14.64,14.64
TSD Bumper - Now Playing,https://www.youtube.com/watch?v=cQulxQ0df9g,,,2026-05-09T23:41:03.517Z,7.0,6.608,6.608
Pampers Swaddlers - Working Hard,https://www.youtube.com/watch?v=TrJDCTMmyhA,,,2026-05-09T23:40:47.883Z,16.0,15.634,15.634
Cinematic 04 Katie 15 16x9,https://www.youtube.com/watch?v=XJ1yxfyTYdg,,,2026-05-09T23:40:32.295Z,16.0,15.588,15.588
I Tested Viral Trader Joe's Recipe Hacks,https://www.youtube.com/watch?v=cLhqA67iaxw,JonnyCakes,https://www.youtube.com/channel/UCp9hJSTr4zj4bDoGAusKpWQ,2026-05-09T23:31:31.900Z,1561.0,540.395,540.395
| Ulta Beauty,https://www.youtube.com/watch?v=G4LhruQpDBg,,,2026-05-09T23:31:19.948Z,12.0,11.952,11.952
Salmon - 15s Broad (Horizontal),https://www.youtube.com/watch?v=C1B5PYsSVoU,,,2026-05-09T23:31:02.275Z,18.0,17.673,17.673
The Ishihara Color Blind Test (Are You Colorblind?),https://www.youtube.com/watch?v=VUq_Y3sUYO4,Doctor Eye Health,https://www.youtube.com/channel/UCSs2CvlyOKLYY4SbfehnKNQ,2026-05-09T19:53:59.078Z,427.0,13023.197,427.0
Prequel-DemandGen-UGC-MultiQuench-02_06s_Square.mp4,https://www.youtube.com/watch?v=tNB6_PoAcm4,,,2026-05-09T19:53:29.606Z,6.0,29.472,6.0
AmLactin + Retinoids: The Anti-Aging Combo That Actually Works,https://www.youtube.com/watch?v=Uo0f9EyRM6I,Dr Dray,https://www.youtube.com/channel/UCnxmUrGMtpQT844Yd_l7Zyg,2026-05-09T15:54:21.699Z,1041.0,14347.907,1041.0
Wow | Warby Parker,https://www.youtube.com/watch?v=TuJao1sbrMQ,,,2026-05-09T15:54:17.904Z,31.0,3.795,3.795
Video Ad,https://www.youtube.com/watch?v=S2NyzUrq1UA,,,2026-05-09T15:54:02.189Z,16.0,15.715,15.715
Memorial Day UGC 15s Video 1x1,https://www.youtube.com/watch?v=88lISC3AvbQ,,,2026-05-09T15:53:25.506Z,16.0,36.683,16.0
Streamlined aesthetic. Simple set-up. Presenting the Essential Bed.,https://www.youtube.com/watch?v=IoiO48ocSUU,,,2026-05-09T15:53:08.472Z,17.0,17.034,17.0
Jason Derulo - Ridin' Solo [Official HD Music Video],https://www.youtube.com/watch?v=8ESdn0MuJWQ,Jason Derulo,https://www.youtube.com/channel/UCe3yZzUwpmy2eKKmF9svX0Q,2026-05-09T15:50:35.642Z,241.0,152.83,152.83
Prequel-DemandGen-UGC-MultiQuench-02_15s_Horizontal.mp4,https://www.youtube.com/watch?v=o0grF66GhxE,,,2026-05-09T15:50:14.571Z,15.0,21.071,15.0
VLIDL 202464,https://www.youtube.com/watch?v=rLh0vHWNx8o,,,2026-05-09T15:49:58.966Z,15.0,15.605,15.0
Jason Derulo - Whatcha Say [Official Music Video],https://www.youtube.com/watch?v=pBI3lc18k8Q,Jason Derulo,https://www.youtube.com/channel/UCe3yZzUwpmy2eKKmF9svX0Q,2026-05-09T15:46:15.690Z,223.0,223.276,223.0
Order Contacts Online,https://www.youtube.com/watch?v=7t_w9ByYud8,,,2026-05-09T15:46:04.936Z,11.0,10.754,10.754
FA26 ELFSKIN GLASSSLICK newness 169 15s,https://www.youtube.com/watch?v=N6p44KTMDZc,,,2026-05-09T15:45:49.288Z,16.0,15.648,15.648
Jason Derulo - In My Head [Official Music Video],https://www.youtube.com/watch?v=UyG1FG3H6rY,Jason Derulo,https://www.youtube.com/channel/UCe3yZzUwpmy2eKKmF9svX0Q,2026-05-09T15:42:09.418Z,212.0,219.87,212.0
Video Ad,https://www.youtube.com/watch?v=po3hkTvihhw,,,2026-05-09T15:41:30.178Z,7.0,39.24,7.0
Jason Derulo Is Smart For Saying His Name On Every Song #shorts #jasonderulo #smart #genius,https://www.youtube.com/watch?v=FcuKm1SHqyE,Jarred Jermaine,https://www.youtube.com/channel/UCLxZ5uCxBfJo9NueRX4ZcwA,2026-05-09T15:40:19.622Z,14.0,70.556,14.0
Why Jason Derulo & Iyaz’s Biggest Songs Were Actually For Someone Else,https://www.youtube.com/watch?v=3FFOl6L8zoI,Daniel Wall,https://www.youtube.com/channel/UCRWu77ldqaQboq3JXLd5waQ,2026-05-09T15:38:51.964Z,60.0,87.658,60.0
Does Anyone Know What Ever Happened To Iyaz? #shorts #hits #2000s #nowplaying #replay,https://www.youtube.com/watch?v=Ij_3m8JO3Is,Jarred Jermaine,https://www.youtube.com/channel/UCLxZ5uCxBfJo9NueRX4ZcwA,2026-05-09T15:38:36.684Z,10.0,15.28,10.0
Replay (Prequel) [Music Video] - Iyaz,https://www.youtube.com/watch?v=WXxV9g7lsFE,iyazlive,https://www.youtube.com/channel/UCXPjxIofFid9z2JlKT6Jb3w,2026-05-09T15:38:24.261Z,198.0,12.423,12.423
Iyaz - Replay | Lyrics,https://www.youtube.com/watch?v=GqYj_f9gVqM,Sunset Sounds,https://www.youtube.com/channel/UCGbXUsekysMseheRJOtXzAA,2026-05-09T15:38:22.322Z,183.0,1.939,1.939
| Ulta Beauty,https://www.youtube.com/watch?v=gii9E3Nvv5I,,,2026-05-09T15:38:01.511Z,12.0,20.811,12.0
Trying the maybelline teddy tints #teddytints #viralmakeup,https://www.youtube.com/watch?v=SFKkjWIJrWg,BexCxmpbell,https://www.youtube.com/channel/UCEplLySvX11fYNaH87FRzfw,2026-05-09T15:37:34.039Z,53.0,27.472,27.472
04012026 elfskin Suntouchable C1 Suntouchable 16x9 15s,https://www.youtube.com/watch?v=Q3fXwZDHFo0,,,2026-05-09T15:37:32.658Z,16.0,1.381,1.381
"ASMR Friend Does Your Makeup | LOTS of Rummaging, Brushing, Soft Spoken",https://www.youtube.com/watch?v=2i1F0qJYBgU,ASMR Midnight,https://www.youtube.com/channel/UCbOmMjtO6ZNvOJd8RPKp9UQ,2026-05-09T12:20:13.197Z,2930.0,11839.461,2930.0
"ASMR Doing Your Hair | Spring Formal Series Pt 1 (brushing, curling, writing, magazine pages)",https://www.youtube.com/watch?v=8XucGmL1KLo,ASMR Midnight,https://www.youtube.com/channel/UCbOmMjtO6ZNvOJd8RPKp9UQ,2026-05-09T12:20:08.746Z,2884.0,4.451,4.451
Prequel-DemandGen-UGC-ScarStick-01_15s_Horizontal.mp4,https://www.youtube.com/watch?v=lDPlRfGBy1o,,,2026-05-09T12:17:49.728Z,15.0,139.018,15.0
DCD-Duo-3707| Hulu,https://www.youtube.com/watch?v=NED7akOeHjY,,,2026-05-09T12:16:13.980Z,16.0,95.748,16.0
Verizon Fios,https://www.youtube.com/watch?v=ZIoI6wgnGvo,,,2026-05-09T12:16:05.669Z,31.0,8.311,8.311
See Your Risks - But I,https://www.youtube.com/watch?v=CTt930tql0w,,,2026-05-09T12:15:40.877Z,13.0,24.792,13.0
Shortened: Unsure which toe shape to choose from VIVAIA's classic flats? Check our video for guidanc,https://www.youtube.com/watch?v=-HWVFsUVw4g,,,2026-05-09T12:15:18.353Z,103.0,22.524,22.524
Quiz Asset Foundation Quiz 2 1x1 V1,https://www.youtube.com/watch?v=NTxGZba6DbY,,,2026-05-09T12:14:34.311Z,15.0,44.042,15.0
Womens Prospecting16x9 WithCaptions 1,https://www.youtube.com/watch?v=XD48Rmn0uVQ,,,2026-05-09T12:14:15.928Z,36.0,18.383,18.383
Hulu on Disney+,https://www.youtube.com/watch?v=LbsbNNQJPVs,,,2026-05-09T12:13:59.573Z,160.0,16.355,16.355
NYSE Techy Fashionista 1x1 06s Evergreen,https://www.youtube.com/watch?v=Zdg63BwwYuE,,,2026-05-09T12:13:50.584Z,7.0,8.989,7.0
Pharmacist hack: $33 body retinol that works better than the $84 one,https://www.youtube.com/watch?v=IvnWIwxdl8g,Phil's My Pharmacist,https://www.youtube.com/channel/UCVw3U_bOFLqedu4wvrSuNQg,2026-05-09T12:11:55.686Z,59.0,114.898,59.0
Grab and go (absolutely anywhere).,https://www.youtube.com/watch?v=_50Imgo1BFM,,,2026-05-09T12:11:35.509Z,8.0,20.177,8.0
Only soft hipped girls will understand…,https://www.youtube.com/watch?v=mgqG8VdQKCw,blogilates,https://www.youtube.com/channel/UCIJwWYOfsCfz6PjxbONYXSg,2026-05-09T12:10:09.896Z,116.0,85.613,85.613
Anatomy lesson: Pleasure ,https://www.youtube.com/watch?v=bGIlSm5YIdQ,Authentic_NurseNoah,https://www.youtube.com/channel/UCm_nxfRKuaYYjTGtchhOhrw,2026-05-09T12:05:29.874Z,284.0,280.022,280.022
things that make you unlikeable #grwm,https://www.youtube.com/watch?v=DuHWPYU13XY,Tina Colada,https://www.youtube.com/channel/UC6lMScVMVc3q93kfgcEDRIA,2026-05-09T12:03:56.616Z,82.0,93.258,82.0
Mother's Day Sale 2026 | 16x9 | 30s,https://www.youtube.com/watch?v=J9j65RLTtX8,,,2026-05-09T12:03:23.945Z,31.0,32.671,31.0
Vinoperfect Serum | 1 Sold Every 15 Seconds Globally. Shop now at Caudalie.com,https://www.youtube.com/watch?v=HUuGskdW6Oo,,,2026-05-09T12:02:24.601Z,18.0,59.344,18.0
viral makeup hacks that ACTUALLY WORK 💋 @lenkalu,https://www.youtube.com/watch?v=SbeIywJFQmk,Certified Makeup Geek,https://www.youtube.com/channel/UCZb4Ir4iX3QGdfk27iiKQTg,2026-05-09T12:01:10.755Z,38.0,73.846,38.0
Meanwhile in Australia,https://www.youtube.com/watch?v=QyQAM1D7Pq4,Crazypetparty,https://www.youtube.com/channel/UCjMwS5EJvv65LJrMDY7o9Ww,2026-05-09T12:00:46.668Z,128.0,24.087,24.087
"Clear Glasses with Glitter on Sides, Chic for Everyday Look #firmooglasses #eyewearfashion",https://www.youtube.com/watch?v=6vguwiftlMg,,,2026-05-09T11:38:42.108Z,15.0,1324.56,15.0
How To Win The FIFA World Cup™ on Airbnb,https://www.youtube.com/watch?v=sw7KbVJzN6k,,,2026-05-09T11:38:21.828Z,15.0,20.28,15.0
"ASMR Spring Formal Makeup | Spring Formal Series Pt 5 (brushing, rummaging, soft spoken)",https://www.youtube.com/watch?v=aJQNdS6rPVw,ASMR Midnight,https://www.youtube.com/channel/UCbOmMjtO6ZNvOJd8RPKp9UQ,2026-05-09T10:38:21.520Z,3601.0,3600.308,3600.308
The one item turned into a haul real quick...#ultabeauty #ultabeautyessentials #ultabeautyhaul,https://www.youtube.com/watch?v=Nbr6pYWWQt8,,,2026-05-09T10:38:13.957Z,11.0,7.563,7.563
"ASMR Hair Consultation | Salon Series Pt 1/5 (real hair sounds, writing, typing, magazine pages)",https://www.youtube.com/watch?v=NP4K4Evq7J8,ASMR Midnight,https://www.youtube.com/channel/UCbOmMjtO6ZNvOJd8RPKp9UQ,2026-05-09T03:55:46.682Z,2712.0,24147.275,2712.0
Firmoo Hot Fashion Glasses Collections #eyewearfashion #firmooglasses #eyeglasses #eyewearstyle,https://www.youtube.com/watch?v=MDPa_U3dUL8,,,2026-05-09T03:55:40.976Z,20.0,5.706,5.706
$49 in HAIR CARE for $4 at CVS! 😳,https://www.youtube.com/watch?v=TLvNb-sVP9A,kaylakoupons,https://www.youtube.com/channel/UCIIMBC1_PbbMthX9C_wmaCg,2026-05-09T03:53:26.315Z,114.0,134.661,114.0
04012026 elfskin Suntouchable C1 Suntouchable 16x9 15s,https://www.youtube.com/watch?v=Q3fXwZDHFo0,,,2026-05-09T03:53:13.891Z,16.0,12.424,12.424
16x9 PRGV5 4613 N BTY SummerMAY JUNBeautyPaidMedia 12480176,https://www.youtube.com/watch?v=vJ9kSaW3Z8o,,,2026-05-09T03:13:41.526Z,16.0,2372.365,16.0
SM_2026_SPRING_DOMESTIC_30_MAIN_1920x1080.mp4,https://www.youtube.com/watch?v=tpXkCEg-mpg,,,2026-05-09T03:13:32.664Z,30.0,8.862,8.862
Bundle 5G Home Minternet + Premium Wireless |  Mint Mobile,https://www.youtube.com/watch?v=HVBtf2NPFJc,,,2026-05-09T03:12:52.846Z,31.0,39.818,31.0
IPSY-VID-1025-DanPickedAdaptation10Off-VP1-16x9-5Price-IH-IP001439-V56,https://www.youtube.com/watch?v=QwwcHMi0eFY,,,2026-05-09T03:12:33.272Z,26.0,19.574,19.574
I Tried Vitiligo Makeup For The First Time!,https://www.youtube.com/watch?v=kSW9wFIoZdE,Onella Muralidharan,https://www.youtube.com/channel/UCoxT-keUUCti887rsvtwGcg,2026-05-09T03:10:55.356Z,571.0,97.916,97.916
| Ulta Beauty,https://www.youtube.com/watch?v=X_RvL9qKLeg,,,2026-05-09T03:10:41.118Z,12.0,14.238,12.0
Shortened: A love letter to the OG Euphoria makeup fans. 🖤✨ The ones who made Half Magic possible.,https://www.youtube.com/watch?v=2HoGUVuU3lA,,,2026-05-09T03:10:31.832Z,30.0,9.286,9.286
It’s not cakey it’s a skin with texture😭,https://www.youtube.com/watch?v=gYlwemWBKrM,Chic & Rise,https://www.youtube.com/channel/UCstrLv42NCjphweewvPS49Q,2026-05-09T03:10:24.512Z,22.0,7.32,7.32
Heidi Klum Turns to Stone for the 2026 Met Gala,https://www.youtube.com/watch?v=Yx-ybC1_IBI,Glamour,https://www.youtube.com/channel/UCY9eEaH19ulZmdusctU1ejA,2026-05-09T03:07:49.157Z,102.0,155.355,102.0
Young Washington | William Franklyn-Miller Talks | In Theaters July 3,https://www.youtube.com/watch?v=JtC79AqEIT4,,,2026-05-09T03:07:23.377Z,60.0,25.78,25.78
You got fired? Finally! #glowup #womenempowerment #quityourjob #newbeginnings #levelup #makeup,https://www.youtube.com/watch?v=3Nxl_FukDsk,Anna Lepekha,https://www.youtube.com/channel/UCuM946RPR_W88y0OXJYYoRA,2026-05-09T03:06:48.941Z,54.0,34.436,34.436
Your Slavic Bestie is back!💅 #makeup #exboyfriend #ex #breakup #slavic #glowup,https://www.youtube.com/watch?v=2RnzmE8Htdc,Anna Lepekha,https://www.youtube.com/channel/UCuM946RPR_W88y0OXJYYoRA,2026-05-09T03:05:52.091Z,50.0,56.85,50.0
IKEA vanity hack 🛒✨ #makeup #makeuptable #vanitymakeup#ikea #ikeadiy#homedecor#diy#homeinspiration,https://www.youtube.com/watch?v=0bLQo0Nw8sI,Anna Lepekha,https://www.youtube.com/channel/UCuM946RPR_W88y0OXJYYoRA,2026-05-09T03:04:37.050Z,66.0,75.041,66.0
"Look at you, Queen!💅 #makeup #womenempowerment #confidence #glowup #selfworth #womanpower",https://www.youtube.com/watch?v=dKUaVk6GosA,Anna Lepekha,https://www.youtube.com/channel/UCuM946RPR_W88y0OXJYYoRA,2026-05-09T03:03:13.652Z,46.0,83.398,46.0
Spend $40: 15% Off + Free Shipping,https://www.youtube.com/watch?v=HajNYJWKVyQ,,,2026-05-09T03:02:15.858Z,13.0,57.794,13.0
Beauty tips I wish I knew sooner 🎀 @lenkalul,https://www.youtube.com/watch?v=ZqN5phz43nw,Certified Makeup Geek,https://www.youtube.com/channel/UCZb4Ir4iX3QGdfk27iiKQTg,2026-05-09T03:00:55.187Z,45.0,80.671,45.0
I tried to hide my pain… my cat figured it out,https://www.youtube.com/watch?v=4m6WiNlzY5Y,Kitty Beth | Cat Behaviour & Training ,https://www.youtube.com/channel/UClV3T7KOA-VPU4i_fgthStw,2026-05-09T02:59:41.346Z,71.0,73.841,71.0
You’re the prize. Act like it💅 #makeup #selfworth #womenempowerment #confidence #selflove #glowup,https://www.youtube.com/watch?v=SMD87Qj7xY8,Anna Lepekha,https://www.youtube.com/channel/UCuM946RPR_W88y0OXJYYoRA,2026-05-09T02:58:34.785Z,57.0,66.561,57.0
What 1200 Calories Looks Like On A Weight Loss Diet #shorts,https://www.youtube.com/watch?v=IYHUCcsEyfM,Shannon Billows Fitness,https://www.youtube.com/channel/UCD7CkoRmND0D5pITxaJYUWw,2026-05-09T02:57:38.530Z,60.0,56.255,56.255
This might be the wildest tattoo I’ve ever seen 💀#tattoo #awkward #funny #lol,https://www.youtube.com/watch?v=e2NYtHsrPBM,Dans Drolls8,https://www.youtube.com/channel/UCs5W73GKyFhxpMphFu4dDKw,2026-05-09T02:56:54.015Z,60.0,44.515,44.515
Prequel-DemandGen-UGC-MultiQuench-02_06s_Square.mp4,https://www.youtube.com/watch?v=tNB6_PoAcm4,,,2026-05-09T02:56:12.490Z,6.0,41.525,6.0
Iyaz - Replay | YUN choreography,https://www.youtube.com/watch?v=OpDy92H8iu8,Prepix Dance Studio,https://www.youtube.com/channel/UCicV-PqmZ0jEhu4n4_hMZDA,2026-05-09T02:48:14.426Z,134.0,478.064,134.0
Replay - Iyaz Dance Trend | Triple Charm #shorts,https://www.youtube.com/watch?v=b9oflHQ7vNs,Triple Charm,https://www.youtube.com/channel/UCVVMMNVUwHbxljqi-xZ-jig,2026-05-09T02:47:02.575Z,15.0,71.851,15.0
Replay | Iyaz | Mr. M!x Remix | ZUMBA FITNESS | Zin JP & Ambolaiz #zumba,https://www.youtube.com/watch?v=V17_twoJR5I,JP Colina,https://www.youtube.com/channel/UC4Inebmgj6R7CBHEJHoE39w,2026-05-09T02:46:22.301Z,57.0,40.274,40.274
The BEST drugstore lipstick! Amazing and affordable💄🤩 #drugstoremakeup #makeuptips #lipstick,https://www.youtube.com/watch?v=-otW_UVk6-w,Meg Nickerson,https://www.youtube.com/channel/UCs_J_ZGWrItrJdXJKyQ5YnQ,2026-05-09T00:01:23.567Z,35.0,9898.734,35.0
Transform Your Look: DIY Makeup Tips & Product Reviews,https://www.youtube.com/watch?v=JPvVoMts3Og,Miguro Qazael,https://www.youtube.com/channel/UCwrs_XhZyaWG-oOln_Vs6tA,2026-05-09T00:01:02.002Z,42.0,21.565,21.565
From Hero To Zero #gaming #minecraft #comedy #shorts #streamer #fail #funny,https://www.youtube.com/watch?v=5TMDpXjxSsY,ItzBlack_Out,https://www.youtube.com/channel/UCbZSK1d7lAgyBTNDnUl6EXw,2026-05-08T21:43:35.971Z,36.0,8246.031,36.0
The cutest tap dancer I’ve ever seen 🥹❤️,https://www.youtube.com/watch?v=Ate_hcPpvv4,Woof World,https://www.youtube.com/channel/UC-U6hnCuuhVGHdkCJ--NfgA,2026-05-08T21:43:12.755Z,23.0,23.216,23.0
Respect women’s bodies🙏 #newmom #postpartum #selfworth #womenempowerment #makeup #motherhood#glowup,https://www.youtube.com/watch?v=16KPfjTnXHI,Anna Lepekha,https://www.youtube.com/channel/UCuM946RPR_W88y0OXJYYoRA,2026-05-08T21:42:18.181Z,54.0,54.574,54.0
skye ate this down ❤️‍🔥 @dojacat #kellysweeneychoreo #boss #dojacat,https://www.youtube.com/watch?v=7vujnw2pj2o,Kelly Sweeney,https://www.youtube.com/channel/UCPkPZW0QgA7bqVTdg_FfwRA,2026-05-08T21:42:01.583Z,46.0,16.598,16.598
hope this helps #japanese #wasian #joke,https://www.youtube.com/watch?v=IbRGSjW6_dA,Misa.2,https://www.youtube.com/channel/UCJHjJOwD2ejCAXc1SnoN24A,2026-05-08T21:41:42.621Z,16.0,18.962,16.0
when you try couponing at the grocery store 🤯,https://www.youtube.com/watch?v=07Sm5akXVBU,kaylakoupons,https://www.youtube.com/channel/UCIIMBC1_PbbMthX9C_wmaCg,2026-05-08T21:41:30.253Z,10.0,12.368,10.0
Summer is on its way! Glycolic acid fix’s it all😏✨ @theordinary,https://www.youtube.com/watch?v=nky_l8GO9V0,milky🥛,https://www.youtube.com/channel/UCoUv0zkqPOOXzn6MW2yRy5w,2026-05-08T21:41:28.295Z,14.0,1.958,1.958
(Credit: groomer._.jihyeon on IG) #dog #pet #haircut #hairstylist #hairstyle,https://www.youtube.com/watch?v=Mx42vF9PYiw,Mark Chrispy,https://www.youtube.com/channel/UCl22N0AB65gzuFpDQu2O6-g,2026-05-08T21:40:49.303Z,38.0,38.992,38.0
Part 2 !!! #blackwidow #doorknob #resin #spider #art,https://www.youtube.com/watch?v=0REU0a-iZWU,Beth,https://www.youtube.com/channel/UCReVoyvUu_iXieWYD_bFDiw,2026-05-08T21:40:18.718Z,61.0,30.585,30.585
What's buggin you? Ep 206 #shorts #bugginyou #pestcontrolguys #termites,https://www.youtube.com/watch?v=8Ty9CjIJp9k,Pest Control Guys,https://www.youtube.com/channel/UCfvKZ-675Dv2G503vyx23PQ,2026-05-08T21:40:16.117Z,23.0,2.601,2.601
contour guide for a sculpted face ⭐️ @lenkalul,https://www.youtube.com/watch?v=r8JlKyLD7Os,Certified Makeup Geek,https://www.youtube.com/channel/UCZb4Ir4iX3QGdfk27iiKQTg,2026-05-08T21:39:49.153Z,26.0,26.964,26.0
Married a yapper. Made a tiny yapper.,https://www.youtube.com/watch?v=zLeffhoeXa0,Lesli & Jimmy 👋,https://www.youtube.com/channel/UCzpMSIPis3p7GF_HwRRRljA,2026-05-08T21:39:39.665Z,7.0,9.488,7.0
Chocolate Chip Cookie Cake,https://www.youtube.com/watch?v=chGnlobqPus,SavoryOnline,https://www.youtube.com/channel/UCbj4ZoA_X3p0kPTJnqFrR4A,2026-05-08T21:39:36.622Z,18.0,3.043,3.043
Tightline technique for my friends 🧙🏻🎨🪄  #makeuptips,https://www.youtube.com/watch?v=2jlnZyX38es,Rose Makeup World,https://www.youtube.com/channel/UCHFFV8MQ3sc15gFN2i390eA,2026-05-08T21:39:29.366Z,45.0,7.256,7.256
When Ed Sheeran girl turns 71 be like,https://www.youtube.com/watch?v=OZPFzBWt2v0,YoLeendaDong,https://www.youtube.com/channel/UCmOsCOsDjsOEkvx_GXMw5mQ,2026-05-08T21:39:17.249Z,11.0,12.117,11.0
Sneaking a dog into class and getting caught,https://www.youtube.com/watch?v=jDAgqaHQ8WU,Matthew Pittman,https://www.youtube.com/channel/UC8a7fQFdXOB1ZaUL5QfPrZA,2026-05-08T21:38:50.096Z,26.0,27.153,26.0
THIS WAS THE MOST HUMBLING EXPERIENCE EVER,https://www.youtube.com/watch?v=1GV7p1dE3CM,CheekyGlo,https://www.youtube.com/channel/UC7IaVgsQsNip84lSw-GbqGA,2026-05-08T21:37:28.739Z,80.0,81.357,80.0
The TRUTH about my CURLY HAIR 💇🏽‍♀️😅,https://www.youtube.com/watch?v=74iXgRRrSEc,Monica Ravi-Conway,https://www.youtube.com/channel/UClrSLy_JEgbahNjlvkS0vig,2026-05-08T21:37:27.823Z,63.0,0.916,0.916
#2000snostalgia #curlygirl #curlyhair #2000saesthetic,https://www.youtube.com/watch?v=NubK3az7Xxc,Bricia Benitez,https://www.youtube.com/channel/UCgUhai5LZlNtYmKcD3qFeEw,2026-05-08T21:37:24.658Z,32.0,3.165,3.165
is it glam? eyeliner edition📐tag me in makeup hacks that look suspish I want to try more! Ib @Vika_b,https://www.youtube.com/watch?v=GhNV5Ttjpik,Mirta Miler Fans,https://www.youtube.com/channel/UCHfxUBLZ97UlsjmLSPjf8gA,2026-05-08T21:36:17.663Z,83.0,66.995,66.995
He thought he saw enough until that big umbrella 😂,https://www.youtube.com/watch?v=B_zI56010LA,Videos that make your day better ,https://www.youtube.com/channel/UCBp4nh-pgJCtO-bTzomzSqA,2026-05-08T21:36:14.322Z,37.0,3.341,3.341
我们就这样送走五一 #fendi #慢摇,https://www.youtube.com/watch?v=GN4v7t1Bp_4,醋意舞团,https://www.youtube.com/channel/UCA-V6jgu4J8Cb6e3pbUI6gQ,2026-05-08T21:36:09.646Z,11.0,4.676,4.676
how makeup can change your eyes 👁️ @lenkalul,https://www.youtube.com/watch?v=jYMMVoed7xg,Certified Makeup Geek,https://www.youtube.com/channel/UCZb4Ir4iX3QGdfk27iiKQTg,2026-05-08T21:35:29.885Z,21.0,39.761,21.0
Order Contacts Online,https://www.youtube.com/watch?v=7t_w9ByYud8,,,2026-05-08T20:08:58.998Z,11.0,5190.887,11.0
"Fast Way to Get 100,000 Points on Fetch Rewards App - How I Did It",https://www.youtube.com/watch?v=2uhTQ3LztWE,Pilar Newman,https://www.youtube.com/channel/UC4Vyjt1jK1U0PbWHL-pMTEw,2026-05-08T20:07:47.873Z,370.0,71.125,71.125
Fetch Rewards Hacks Not Even Reddit Users Tell You About!,https://www.youtube.com/watch?v=H5-xEe5nbKc,Pilar Newman,https://www.youtube.com/channel/UC4Vyjt1jK1U0PbWHL-pMTEw,2026-05-08T20:05:53.838Z,407.0,114.035,114.035
CCKD0685000 CC App Display Cards Optimizer Redeem 16x9,https://www.youtube.com/watch?v=yuKOxZaSLc0,,,2026-05-08T20:05:47.942Z,21.0,5.896,5.896
Join Millions with Klarna,https://www.youtube.com/watch?v=dVSGpWOMn2o,,,2026-05-08T20:05:40.504Z,7.0,7.438,7.0
3 SECRET WAYS to earn extra Fetch points! 😳,https://www.youtube.com/watch?v=X2RCSOBA6Ys,kaylakoupons,https://www.youtube.com/channel/UCIIMBC1_PbbMthX9C_wmaCg,2026-05-08T20:05:00.312Z,34.0,40.192,34.0
Funniest Fake Receipts at Fetch - Part 1,https://www.youtube.com/watch?v=PmNazUjhGZM,Fetch,https://www.youtube.com/channel/UCwVp3gzavJ7ymM8uv8rJaqg,2026-05-08T20:04:08.261Z,20.0,52.051,20.0
A pro-tip from a pro 🙌 Learn how you can earn over $100 with Fetch! 💸✈️ #FetchRewards #Fetch,https://www.youtube.com/watch?v=G5UEruwU3h8,Fetch,https://www.youtube.com/channel/UCwVp3gzavJ7ymM8uv8rJaqg,2026-05-08T20:04:00.232Z,155.0,8.029,8.029
0325 ELF GRMLB DRINKITUP youasked 6s 16x9,https://www.youtube.com/watch?v=RbebReVgFLY,,,2026-05-08T20:03:54.432Z,7.0,5.8,5.8
How to use Fetch Rewards app,https://www.youtube.com/watch?v=vdmayOwOm3o,Hey I’m Dee,https://www.youtube.com/channel/UCg1P9wHYp_huSCbFJeStcXw,2026-05-08T20:01:32.343Z,157.0,142.089,142.089
Hot Frames Video Show Punk002 | Firmoo.com,https://www.youtube.com/watch?v=zgdvi2QSO2w,,,2026-05-08T19:16:46.756Z,18.0,2685.587,18.0
Quiz Asset Mascara Quiz 1 1x1 V1,https://www.youtube.com/watch?v=rwg4C3aTBmY,,,2026-05-08T16:01:01.071Z,19.0,11745.685,19.0
Pairfect Match AI • GlassesUSA.com,https://www.youtube.com/watch?v=9g0GkGg6QJY,,,2026-05-08T16:00:44.205Z,37.0,16.866,16.866
Why Meghan Trainor’s Transformation Has So Many Women Talking,https://www.youtube.com/watch?v=EvaTRkuC8uw,Yourbettermatch,https://www.youtube.com/channel/UCN-sIvJhGzOvwpfugklfWDg,2026-05-08T15:58:40.904Z,262.0,123.301,123.301
"ASMR K-pop Idol Makeup Studio💓 (Roleplay, Layered Sounds)",https://www.youtube.com/watch?v=2-OsuCRaiKY,Tiamo ASMR,https://www.youtube.com/channel/UCCVd6kIW3CIFjZkeZ5gFV7A,2026-05-08T15:58:05.066Z,2980.0,35.838,35.838
| Ulta Beauty,https://www.youtube.com/watch?v=CQAhW0oPTNg,,,2026-05-08T15:57:59.443Z,12.0,5.623,5.623
april 2026 carmenrenee mirrormantras ig story paid 16x9,https://www.youtube.com/watch?v=boFoMCc6bNM,,,2026-05-08T15:57:42.297Z,36.0,17.146,17.146
He is a boy 😸,https://www.youtube.com/watch?v=nt-pjZWpilc,Cat Zilla ,https://www.youtube.com/channel/UCDxQS12SXPsuyXNtGT3Y3jw,2026-05-08T15:57:23.414Z,85.0,18.883,18.883
When Your Bestie Is A Secret Chaos Agent 😂 | Friendship Pranks #funnymoment  #besties  #bestfriend,https://www.youtube.com/watch?v=QLJhnWu3g-E,shaquif akhtar,https://www.youtube.com/channel/UCXsHaqWE-ZwGy1Xup1qbLOw,2026-05-08T15:56:47.427Z,32.0,35.987,32.0
Sally Nails01 Solutions 1x1 15s,https://www.youtube.com/watch?v=JhGH__sratg,,,2026-05-08T15:56:21.697Z,16.0,25.73,16.0
Alain De Botton: How Do You Heal a Broken Heart? The Importance of Closure & Self-Compassion,https://www.youtube.com/watch?v=e6KLxJxuphM,Live Well Be Well with Sarah Ann Macklin,https://www.youtube.com/channel/UCASEE6WVp31E3FNeM-Mk_bw,2026-05-08T15:52:35.080Z,379.0,226.617,226.617
Craziest Vaseline Scam😲,https://www.youtube.com/watch?v=_GdIRgNYkp8,Doctor Crunchy,https://www.youtube.com/channel/UClZhSbwIN8rbpUYdue4b2kw,2026-05-08T15:51:11.853Z,36.0,83.227,36.0
"walls are not always needed to create separation, low, deep units like dressers use distance & depth",https://www.youtube.com/watch?v=DN-61LkSCTo,Dear Modern,https://www.youtube.com/channel/UCL9Y2MYhBUT0rgOi1q6JeCQ,2026-05-08T15:50:18.245Z,60.0,53.608,53.608
“Are You Sure They’re Mine?” #wait,https://www.youtube.com/watch?v=_x3lwJtBD5U,Dr Sermed Mezher,https://www.youtube.com/channel/UC2A6IJQ6AZaK_f_r24his6g,2026-05-08T15:49:45.870Z,64.0,32.375,32.375
We See You Searching... | iHerb,https://www.youtube.com/watch?v=cD9PMmBeMaI,,,2026-05-08T15:49:38.966Z,25.0,6.904,6.904
I Revisited My Walmart vs Aldi Comparison – Here's the Surprising Truth,https://www.youtube.com/watch?v=7xcBfaqpOPM,See Mindy Mom,https://www.youtube.com/channel/UCtTTYcpivrfvwZ6WF5OFP2Q,2026-05-08T15:35:28.056Z,873.0,850.91,850.91
FA26 ELFSKIN GLASSSLICK newness 169 15s,https://www.youtube.com/watch?v=N6p44KTMDZc,,,2026-05-08T15:35:25.157Z,16.0,2.899,2.899
the psychology behind why some homes feel good but most don't,https://www.youtube.com/watch?v=ngp3oxDqngc,Five By Nine,https://www.youtube.com/channel/UChDexmcQfMhynTrnSsXC6_Q,2026-05-08T15:34:36.964Z,1187.0,48.193,48.193
Anxious Attachment leads to Heartbreak until you do this...,https://www.youtube.com/watch?v=X_3166mWnr0,Jimmy on Relationships,https://www.youtube.com/channel/UCaehsa75y02rDJW1oPom-Xw,2026-05-08T15:34:33.163Z,1612.0,3.801,3.801
"ASMR Doing Your Brows & Lashes | Spring Formal Series Pt 3 (brushing, rummaging, typing)",https://www.youtube.com/watch?v=rwc3gFLCk9E,ASMR Midnight,https://www.youtube.com/channel/UCbOmMjtO6ZNvOJd8RPKp9UQ,2026-05-08T14:30:43.838Z,3158.0,3829.325,3158.0
Your attachment style was shaped before you turned 10 | Alain de Botton,https://www.youtube.com/watch?v=TZI0ktDNRB0,Big Think Clips,https://www.youtube.com/channel/UC5Jnt7OgEHro3W7kr-jjCrw,2026-05-08T14:25:34.790Z,927.0,309.048,309.048
Prequel-DemandGen-UGC-MultiQuench-01_06s_Horizontal.mp4,https://www.youtube.com/watch?v=Tl-y_HAWhig,,,2026-05-08T14:23:33.455Z,7.0,121.335,7.0
Pairfect Match AI // GlassesUSA.com,https://www.youtube.com/watch?v=8Ryx5g22kBQ,,,2026-05-08T14:23:30.605Z,48.0,2.85,2.85
Fight Bland - Fresh Bold Flavors,https://www.youtube.com/watch?v=dKUb2OufJ9I,,,2026-05-08T14:23:15.127Z,17.0,15.478,15.478
2026 Eyewear Trends | What Everyone Will Be Wearing Next | Firmoo Prescription Glasses,https://www.youtube.com/watch?v=cJW3QOAv5Ds,,,2026-05-08T14:21:07.260Z,21.0,127.867,21.0
resume.co,https://www.youtube.com/watch?v=VLWVBGMht48,,,2026-05-08T14:15:42.886Z,43.0,324.374,43.0
brb trying to replicate #opera #soprano #coloratura #singing #dollsong #aria #music #classicalmusic,https://www.youtube.com/watch?v=dDy3BGUCBeQ,Larissa Olson,https://www.youtube.com/channel/UCG9x3F-GU39QwBUH3ZTkTkg,2026-05-08T14:15:40.918Z,10.0,1.968,1.968
❌vs ✅ Eyemakeup #makeup #makeuphacks #makeuptutorial #eyemakeup #shots,https://www.youtube.com/watch?v=_Of7FS3PWYE,Aryaz Makeup and travel blog ,https://www.youtube.com/channel/UCBWQ6WzUGX-f1ZlMjSt-ehQ,2026-05-08T14:15:36.556Z,20.0,4.362,4.362
💕💕 #rottweiler #funny #dogs,https://www.youtube.com/watch?v=AwKuxJla028,Dyce de rottweiler,https://www.youtube.com/channel/UCwPsanyptWLyfmMVhoZRE9w,2026-05-08T14:15:10.053Z,24.0,26.503,24.0
Its a YES from me #bodypositivity #minidress #primark #midsizefashion,https://www.youtube.com/watch?v=ioP_r81pmjM,Ema LV,https://www.youtube.com/channel/UCT63LSXpWBLSpf8bOQY_zMQ,2026-05-08T14:15:01.639Z,11.0,8.414,8.414
creative,https://www.youtube.com/watch?v=F-mWEnejtzA,,,2026-05-08T14:14:59.609Z,16.0,2.03,2.03
Every girl needs this 🥹❤️ #anxiety #sleeping #patting #anxietyrelief,https://www.youtube.com/watch?v=DkV43X6izXI,SootheTap,https://www.youtube.com/channel/UCR_TMtPqw1b-tsyS-yo20lw,2026-05-08T14:14:42.273Z,13.0,17.336,13.0
Handwriting tutorial 📚 Finally! | Writech Retractable Gel Ink Pen,https://www.youtube.com/watch?v=Cz_dFGu5qGY,writechpens,https://www.youtube.com/channel/UCeQmz2sZC32Xmm6Wio7unHQ,2026-05-08T14:14:32.330Z,21.0,9.943,9.943
The other OTHER white meat… 😂🐥,https://www.youtube.com/watch?v=U0py0epBjOs,The Carmacks ,https://www.youtube.com/channel/UChDPHFd7pVXtIW1LLu_M5Ww,2026-05-08T14:14:30.063Z,33.0,2.267,2.267
As long as she’s good #relatable #humor #couplecomedy #marriedlife #couplestok,https://www.youtube.com/watch?v=Twbs2TvAAHo,lifewiththeoteros,https://www.youtube.com/channel/UCP3d5fnfqqKGSIoI6Qvg7Xw,2026-05-08T14:14:08.562Z,12.0,21.501,12.0
YOU MUST TRY @TacoBell  NEW 579 LUXE BOXES !!#TacoBellPartner the triple double crunchwrap is a must,https://www.youtube.com/watch?v=H4lLRRhZFEk,,,2026-05-08T14:14:06.527Z,30.0,2.035,2.035
Creamy Penne Pasta,https://www.youtube.com/watch?v=vp3-Whlan8o,Seafood Network ,https://www.youtube.com/channel/UCODA2uMRWcqC0pvlTWBo-xw,2026-05-08T14:13:43.669Z,22.0,22.858,22.0
Moving a photo in microsoft word,https://www.youtube.com/watch?v=zLoGGJPF2sk,Jess and Quinn,https://www.youtube.com/channel/UCaUyvfNFp-0Na9OcZ2V6CQA,2026-05-08T14:13:41.802Z,8.0,1.867,1.867
Blurry: Two TaxWise® Seasons. One Price. Zero Risk.,https://www.youtube.com/watch?v=-HkFsnz3yqQ,,,2026-05-08T14:13:40.446Z,9.0,1.356,1.356
i forgive him only cuz they’re cute or whateva 🙄❤️‍🩹 #perfectcrown #byeonwooseok #iu #kdrama,https://www.youtube.com/watch?v=BQfL1fAMTV4,yaejin,https://www.youtube.com/channel/UCIGcxzx1XBvuchh1rx_kh6A,2026-05-08T14:13:35.876Z,6.0,4.57,4.57
Dog owner shows us how to train a puppy early 🐶 #dogvideos #dogvideos #dogtraining #dogtrainer,https://www.youtube.com/watch?v=BT7Y8b8EhrI,DOGCORE 1,https://www.youtube.com/channel/UCoiHxKO7gnHM6tvBY3vPq1A,2026-05-08T14:13:05.596Z,32.0,30.28,30.28
It's crazy how small mistakes make a HUGE difference👀  which side is your routine closer to?,https://www.youtube.com/watch?v=Q-zG12TunnQ,Aysa Amini,https://www.youtube.com/channel/UCI5bEBMtewgB0Evcpu7-KQQ,2026-05-08T14:13:01.984Z,15.0,3.612,3.612
GIRLS EYEBROWS BE LIKE: #eyebrows #makeuptips #eyebrowtutorial #genz,https://www.youtube.com/watch?v=jTJuUi3egrE,Arian Daliran,https://www.youtube.com/channel/UCZFWadUvdiAP9rhWmTRGxDw,2026-05-08T14:12:54.785Z,9.0,7.199,7.199
STB25007 v4 Search Bar META 9x16,https://www.youtube.com/watch?v=wq_sognevbg,,,2026-05-08T14:12:53.139Z,10.0,1.646,1.646
Turn a simple gift bag into a stylish present in minutes. Easy idea for any celebration! ✨🎁,https://www.youtube.com/watch?v=TeygG4DJwHw,Craft & Home,https://www.youtube.com/channel/UCsIRKXfSg9hd7YAzO1fVXkA,2026-05-08T14:12:32.787Z,20.0,20.352,20.0
This is exactly the flex you think it is.,https://www.youtube.com/watch?v=jGHok3UQNjE,Videos that make your day better ,https://www.youtube.com/channel/UCBp4nh-pgJCtO-bTzomzSqA,2026-05-08T14:12:15.183Z,17.0,17.604,17.0
The all-in-one carrier solution ✨,https://www.youtube.com/watch?v=SM-x8f3_F_c,,,2026-05-08T14:12:12.134Z,25.0,3.049,3.049
Animating Peter Pan on Nails 🥹🏝️✨🏴‍☠️,https://www.youtube.com/watch?v=t7cxQDl7new,Vivian Xue Rahey (@vivxue),https://www.youtube.com/channel/UCJdbhzcvk-oK91TtXkqc-4Q,2026-05-08T14:12:09.972Z,42.0,2.162,2.162
Terrifying! What would you do in this incident? 😳🤔 #shorts #dashcam #roadrage #lawyer #viral #law,https://www.youtube.com/watch?v=y8yfocH3obY,"Quirk Accident & Injury Attorneys, APC",https://www.youtube.com/channel/UCUvqE-i2t-xJ5ulE8PTRmTQ,2026-05-08T14:12:07.894Z,181.0,2.078,2.078
Fight Bland - Fresh Bold Flavors,https://www.youtube.com/watch?v=FLwJv0W7lio,,,2026-05-08T14:12:05.405Z,17.0,2.489,2.489
Tell me if it works 😂|| #trending #kookie #aesthetic #shorts #kpop,https://www.youtube.com/watch?v=TpRciTE8QiA,𝗞𝗼𝗼𝗸𝗶𝗲ᯓᡣ𐭩,https://www.youtube.com/channel/UCT8vVHMI3nF2Kz9U6I9fKYw,2026-05-08T14:11:53.073Z,7.0,12.332,7.0
#cat 🐈 🐈🐈🐈🐈🙏🏻🙏🙏🙏🆘🆘🆘🚨🥘🥘🥘🚨🚨🥘🥘🚨,https://www.youtube.com/watch?v=28SiVBWZeyA,Rogercats helper ,https://www.youtube.com/channel/UCDpw-2SWtdTxfVJdlV12EqA,2026-05-08T14:11:50.396Z,17.0,2.677,2.677
"Hey, if you want to get my bag and support me you can check my Bio for the link, #crochet",https://www.youtube.com/watch?v=VPiXkbFWf80,KnotFolk ,https://www.youtube.com/channel/UCJNRFuQOxZVvPjEpPqbolOA,2026-05-08T14:11:40.658Z,19.0,9.738,9.738
New Set It Up Primer & Lock It In Spray: Flawless Finish & 16hr Wear For Any Occasion 💦✨ #colourpop,https://www.youtube.com/watch?v=T2sYNhI78Jc,,,2026-05-08T14:11:37.888Z,48.0,2.77,2.77
중안부 삭제🚨 무너진 얼굴 복구하는 '이 위치' 리프팅 메이크업,https://www.youtube.com/watch?v=RXQ7hBpRckw,하소빈 SOBIN,https://www.youtube.com/channel/UCOqdl8IYf0ZwqpPRA5xEYeQ,2026-05-08T14:11:21.615Z,19.0,16.273,16.273
Say no more🙈,https://www.youtube.com/watch?v=nXz2ea9fg2Q,Ellis Liversidge Golf,https://www.youtube.com/channel/UCWjQRCiu-ZN38sgyDrGJovA,2026-05-08T14:11:20.071Z,31.0,1.544,1.544
Your #ai is ready. Is your network? Get performance and security at scale.,https://www.youtube.com/watch?v=_pVCVGZOpnw,,,2026-05-08T14:11:18.626Z,16.0,1.445,1.445
Easiest music festival hair hack ❤️ #hair #tutorial #hack #festival #bandana @mattloveshair9957,https://www.youtube.com/watch?v=C1pABogHH-g,Mindy McKnight,https://www.youtube.com/channel/UC2LgZ_4GzSFQS-3a87_Jc6w,2026-05-08T14:10:58.851Z,20.0,19.775,19.775
I love this video so much 😭 (chloesworldd0 on tt),https://www.youtube.com/watch?v=VeuXyLePc_Y,SaeriJane,https://www.youtube.com/channel/UCrMYrpNr1vpnQQcJBkt75fg,2026-05-08T14:10:46.517Z,9.0,12.334,9.0
Just Dropped: Wild Fable with Demetra Dias​,https://www.youtube.com/watch?v=2UTXo_lfjbI,,,2026-05-08T14:10:44.830Z,22.0,1.687,1.687
The Cutest Gift Idea Anyone Can Make,https://www.youtube.com/watch?v=oUKQJ9c7Las,Craft & Home,https://www.youtube.com/channel/UCsIRKXfSg9hd7YAzO1fVXkA,2026-05-08T14:10:19.615Z,19.0,25.215,19.0
bro DID see that coming 😭 #memes #funny #shorts #humor,https://www.youtube.com/watch?v=KdTVo1oXLts,Leovannn,https://www.youtube.com/channel/UCjE1-UXvX1HEF2V_XryA_lw,2026-05-08T14:10:09.922Z,7.0,9.693,7.0
never 👹,https://www.youtube.com/watch?v=wOHgDjPbCE0,LilBigNanc,https://www.youtube.com/channel/UCZSQNA00mkvXq9r6DXi6nNw,2026-05-08T14:10:05.999Z,16.0,3.923,3.923
beginner VS pro way to apply blush 🤫 simple tapi bisa ngubah the whole look✨#blushtutorial,https://www.youtube.com/watch?v=6V7xygAVA9M,Molita Lin,https://www.youtube.com/channel/UCWktjsoHWwG6vQy9U17oXjg,2026-05-08T14:09:54.787Z,13.0,11.212,11.212
"Clinically proven stronger, smoother and shinier hair ✨🙌 NEW Gloss + Repair Mask",https://www.youtube.com/watch?v=5_jyPSYNHWw,,,2026-05-08T14:09:53.453Z,41.0,1.334,1.334
the difference is INSANE #coloranalysis #colortheory,https://www.youtube.com/watch?v=XcuHzit75D4,Kornelija Collins,https://www.youtube.com/channel/UCj1fqT4THvcL2vR69l8OoYg,2026-05-08T14:09:50.169Z,11.0,3.284,3.284
Her expression said “please don’t touch” 😭✨ #Blackpink #shorts #korea #블랙핑크,https://www.youtube.com/watch?v=RjxAZ_mZRYE,Shy__girl,https://www.youtube.com/channel/UCEl0UJ7SSO_UUJfICJ2B_zw,2026-05-08T14:09:27.164Z,9.0,23.005,9.0
Need better sleep? Upgrade to a Tempur-Pedic and get an instant gift + next day delivery.,https://www.youtube.com/watch?v=_i0CrtLCU3g,,,2026-05-08T14:09:25.752Z,16.0,1.412,1.412
This random guy joined our bridgerton dance on the streets of Tokyo #bridgerton #bridgertonnetflix,https://www.youtube.com/watch?v=skuq4XCgge8,Brooke Does Everything,https://www.youtube.com/channel/UC1Zko2xoItPcRJP_ThTjC0A,2026-05-08T14:09:23.977Z,18.0,1.775,1.775
bro is downloading your face so that he’ll remember you’re friend for life,https://www.youtube.com/watch?v=U34OJzV32_g,GlobeGlobe,https://www.youtube.com/channel/UCK3gVWXdp1JAn5KlsNs8MoA,2026-05-08T14:09:22.229Z,16.0,1.748,1.748
easy eyeliner hack @lenkalu,https://www.youtube.com/watch?v=oSQKnikd7d0,Certified Makeup Geek,https://www.youtube.com/channel/UCZb4Ir4iX3QGdfk27iiKQTg,2026-05-08T14:09:02.523Z,21.0,19.706,19.706
baggy clothes got me hyped up for no reason #baggyjeans #ootd #bodytea,https://www.youtube.com/watch?v=ZxkXxEfYEnU,Lyssie,https://www.youtube.com/channel/UCQnAY0HU_ZrxaYgGtwuIGTw,2026-05-08T14:08:57.735Z,9.0,4.788,4.788
"I didn't initially share it here but since it got stolen, here you go from the real artist #art",https://www.youtube.com/watch?v=nmMmN0kpkgc,Sama,https://www.youtube.com/channel/UCSpom6GJAlf3DcOBab3SwGA,2026-05-08T14:08:47.615Z,16.0,10.12,10.12
MRK170_Ads_C_9x16_v5b.mp4,https://www.youtube.com/watch?v=7d_kR_0unYw,,,2026-05-08T14:08:45.969Z,16.0,1.646,1.646
At Some Point… It Stops Looking Better,https://www.youtube.com/watch?v=09aMkWPoqkQ,Dr. Ran Stark | StarkMD Plastic Surgery,https://www.youtube.com/channel/UC22MWFD237de0Z6JhQAolfg,2026-05-08T14:08:31.687Z,12.0,14.282,12.0
Falling in front of hot guys,https://www.youtube.com/watch?v=I7wK4ezdXXI,Gabrielle Kennedy,https://www.youtube.com/channel/UCBaUfaTfq8oQlIJaO5x15qw,2026-05-08T14:08:26.791Z,64.0,4.896,4.896
sensitive tummy meal prep,https://www.youtube.com/watch?v=atZaEwBEsaQ,,,2026-05-08T14:08:24.484Z,38.0,2.307,2.307
Butterflies🤭 | Five Enough Romantic Scene #shortsfeed #fy,https://www.youtube.com/watch?v=dvOA4iITkPo,N Edits,https://www.youtube.com/channel/UCScKEHNh36cymz8m69cw1tg,2026-05-08T14:08:00.936Z,22.0,23.548,22.0
Code VSULLY for 12 and 10% off 🤍 #VIVAIA #margot #maryjane #springshoes #balletflats #cuteshoes,https://www.youtube.com/watch?v=2T76s3BoG6I,,,2026-05-08T14:07:37.827Z,47.0,23.109,23.109
The reason construction is getting delayed #funny #humor #shorts,https://www.youtube.com/watch?v=t48oHE6PxIY,"PowerUp, Your Daily Dose of Fun and Energy",https://www.youtube.com/channel/UCfwIbesNwHg-lhRcyVNSwhQ,2026-05-08T14:07:25.525Z,11.0,12.302,11.0
Fitness Run Club,https://www.youtube.com/watch?v=ZOKgpwnCS60,,,2026-05-08T14:07:23.921Z,6.0,1.604,1.604
Blue Smokey Eye Made EASY 💙✨ Blue Eyeshadow Makeup,https://www.youtube.com/watch?v=YlTYOyFBIjo,eyesofathena,https://www.youtube.com/channel/UCU2xooewB9G81WSFKcuNRVA,2026-05-08T14:07:10.481Z,18.0,13.44,13.44
jujutsu Kaisen IRL: Why you SHOULDN’T do the TOJI FUSHIGURO WORKOUT,https://www.youtube.com/watch?v=C9Gm4tAsTK0,Jeff Zhang,https://www.youtube.com/channel/UCDlP9jgPzVMNdWhgnCs6W4w,2026-05-08T14:07:08.775Z,8.0,1.706,1.706
竖版 Anchored Cup Spaghetti Strap Bra V2,https://www.youtube.com/watch?v=vcKwq7dqkrA,,,2026-05-08T14:07:07.222Z,26.0,1.553,1.553
Unmarked Speed Bumps vs High Speed Car PART 1 #karma #regret #speed #shorts,https://www.youtube.com/watch?v=8R35k5SDJsw,VIRAL VIDEOS Official,https://www.youtube.com/channel/UCP4IPoY3wkpcEZXkrHLwb0g,2026-05-08T14:07:05.462Z,7.0,1.76,1.76
Help it broke😭😭,https://www.youtube.com/watch?v=4OMnCRgD6HU,Cyclewrld 2,https://www.youtube.com/channel/UCgmTP_lTG27SofTIC0rNsmw,2026-05-08T14:06:34.402Z,31.0,31.06,31.0
W29ManOnTheStreet Iteration01 Video 9x16 ShorterVersionBFoodBRollNoPPM,https://www.youtube.com/watch?v=lsUDm_N_pR8,,,2026-05-08T14:06:31.248Z,30.0,3.154,3.154
Your future home is their 9th stream of income #housingmarket #boomer #homebuyers #millennials #genz,https://www.youtube.com/watch?v=iKAcXIxIxv4,Nateloans - All Things Real Estate,https://www.youtube.com/channel/UC1aatMgwfQlMQF3p1GWyZ_Q,2026-05-08T14:06:19.496Z,11.0,11.752,11.0
i had to turn around and attack who do u think i am omg!?#megala #themet,https://www.youtube.com/watch?v=ef2KUyM1_T4,Ryan Pehlic,https://www.youtube.com/channel/UCR7q0ZEKaCJ2GyqzzuPXVOw,2026-05-08T14:06:02.119Z,17.0,17.377,17.0
Fabletics x Khloé Kardashian… I wasn’t ready 😳 size 16,https://www.youtube.com/watch?v=UUm8OFziEAg,,,2026-05-08T14:05:52.455Z,91.0,9.664,9.664
He knows it's hot. #cats #cat,https://www.youtube.com/watch?v=fpKIjZd1Epo,OnlyCats,https://www.youtube.com/channel/UCo35v15jxJnFtI12uLXPZcg,2026-05-08T14:05:36.530Z,14.0,15.925,14.0
You can repeat it too💪 #shorts #viral #fyp #trending #dancechallenge #sport #training #stretching,https://www.youtube.com/watch?v=c1CDi5c6gPA,Twins VV Bright,https://www.youtube.com/channel/UCKU0H3KJRbU65PJZaHIaBlQ,2026-05-08T14:05:12.641Z,23.0,23.889,23.0
Bright Pink Heart Shaped Glasses #eyewearfashion #firmooglasses  #firmoo #eyewear #fashion,https://www.youtube.com/watch?v=TxkT_VG7-Mk,,,2026-05-08T14:04:59.940Z,14.0,12.701,12.701
Startup idea right there,https://www.youtube.com/watch?v=YC9S9CtQJII,Videos that make your day better ,https://www.youtube.com/channel/UCBp4nh-pgJCtO-bTzomzSqA,2026-05-08T14:04:45.905Z,14.0,14.035,14.0
This talent was the highlight of the show #breakdance #bboy #hiphopdance,https://www.youtube.com/watch?v=5ms5x3h10P4,Blessup ,https://www.youtube.com/channel/UCR-FfA8Aywx-v0OvcI5x4dg,2026-05-08T14:04:34.895Z,44.0,11.01,11.01
Crop/Trim of Prequel Scar Stick,https://www.youtube.com/watch?v=TUTCm5CETuE,,,2026-05-08T14:04:33.070Z,55.0,1.825,1.825
You’re welcome babe 😏 #couple #couplecomedy #shorts,https://www.youtube.com/watch?v=vPb0atspXEQ,Andy and Michelle,https://www.youtube.com/channel/UCYI6_UU0Sr2wI9P6cr7Unow,2026-05-08T14:04:30.619Z,153.0,2.451,2.451
You ain't seasoned a damn thing..You seasoned it with the concept of seasoning..,https://www.youtube.com/watch?v=NpvQMkWL63g,TheBOTanist,https://www.youtube.com/channel/UCwxOeVtV1RYyhJxF4Hw16iQ,2026-05-08T14:04:09.224Z,70.0,21.395,21.395
Creatine-fueled chaos vs. tea-sipping tranquility.,https://www.youtube.com/watch?v=FS8JB9oJRjU,,,2026-05-08T14:04:07.413Z,48.0,1.811,1.811
Let’s Retrain Our Makeup for the Face We Have Now ✨ #skincare #eyelinertutorial,https://www.youtube.com/watch?v=0U2l5h9qzLU,Erica Taylor,https://www.youtube.com/channel/UCTxMakpAk-pNwySUepxS3SQ,2026-05-08T14:04:05.121Z,178.0,2.292,2.292
what's your favorite food? #privatechef #italiancuisine #sundayreset,https://www.youtube.com/watch?v=fao4TLkAtcs,James Leon,https://www.youtube.com/channel/UCH8jLN3IRiKBeTM39imev3A,2026-05-08T14:03:19.245Z,99.0,45.876,45.876
GlassesUSA.com – Pairfect Match AI,https://www.youtube.com/watch?v=7w0xlNmkxx8,,,2026-05-08T14:03:12.851Z,33.0,6.394,6.394
Warning!!! Screaming Cat!!! 🙀,https://www.youtube.com/watch?v=y8wRiFsPcSU,The Calm Cat Whisperer ,https://www.youtube.com/channel/UCyIZZURd9b5FdT7spvRCnkw,2026-05-08T14:03:10.342Z,173.0,2.509,2.509
The Owners Of This Bakery in The Himalayas Are Deaf 🇳🇵,https://www.youtube.com/watch?v=JfhkUKPnKBQ,Travis Fein Travel,https://www.youtube.com/channel/UC2q2rhzWu9SUNRd4fbhOc0g,2026-05-08T14:03:07.972Z,146.0,2.37,2.37
Premium Wireless for $15 Bucks a Month | Mint Mobile,https://www.youtube.com/watch?v=ogvP0xHxv1k,,,2026-05-08T14:03:04.836Z,27.0,3.136,3.136
😂 Officer had fun with this stop (Via:IMJUSTBAIT/tt) #shorts #trafficpolice #cops,https://www.youtube.com/watch?v=l1HLZEn4l1w,RevWreck,https://www.youtube.com/channel/UCFlWjc_HaZ0aqlAQAjq301Q,2026-05-08T14:03:01.716Z,132.0,3.12,3.12
Let me know other reasons we’re more blessed than we think! 👇🏼,https://www.youtube.com/watch?v=1JZ1IKpxEUI,Slaybyjess,https://www.youtube.com/channel/UCsl2X3lIQuyxcq4ZAnFCX_A,2026-05-08T14:02:33.928Z,77.0,27.788,27.788
Get them both,https://www.youtube.com/watch?v=YGQ7CMVTE8U,,,2026-05-08T14:02:27.487Z,31.0,6.441,6.441
Her single brother lives across the  street and comes over when he's bored... Priceless Bond ❤️,https://www.youtube.com/watch?v=naYPhg77UaE,Gio Neema,https://www.youtube.com/channel/UCeTyopncs35ywkS51GyEpJA,2026-05-08T10:14:23.336Z,141.0,13684.151,141.0
"ASMR Backstage Hair, Makeup, Tailoring | brushing, rummaging, fabric, hair sounds, soft spoken",https://www.youtube.com/watch?v=DKeD3eIfInY,ASMR Midnight,https://www.youtube.com/channel/UCbOmMjtO6ZNvOJd8RPKp9UQ,2026-05-08T10:12:39.735Z,3041.0,103.601,103.601
The one item turned into a haul real quick...#ultabeauty #ultabeautyessentials #ultabeautyhaul,https://www.youtube.com/watch?v=Nbr6pYWWQt8,,,2026-05-08T10:12:23.469Z,11.0,16.266,11.0
"""I'm about to give birth, could I stay at your place?""",https://www.youtube.com/watch?v=HP8EGp7jgoY,Love cats every day,https://www.youtube.com/channel/UCJXFlF21bsWY6q8vEGs2PKQ,2026-05-08T10:11:45.526Z,772.0,37.943,37.943
Verizon Fios,https://www.youtube.com/watch?v=4BOIRB9huBs,,,2026-05-08T10:11:26.107Z,16.0,19.419,16.0
FA26 ELFSKIN GLASSSLICK newness 169 6s,https://www.youtube.com/watch?v=n3-UqbE6hqM,,,2026-05-08T10:11:24.591Z,7.0,1.516,1.516
Prescription Glasses with Seamless Design | OBM2007A,https://www.youtube.com/watch?v=SppXutm3lGQ,,,2026-05-08T10:11:22.612Z,16.0,1.979,1.979
Get them both,https://www.youtube.com/watch?v=EmFOIVW4Uvg,,,2026-05-08T10:11:10.944Z,72.0,11.668,11.668
This is brutal 😩 #lifeinkorea #foreignerinkorea #koreanculture #korea,https://www.youtube.com/watch?v=24ZyEfqwpUQ,Palindri,https://www.youtube.com/channel/UCfODx0kNiE-G5JvDbKjeHfg,2026-05-08T10:09:32.960Z,35.0,97.984,35.0
NO haircut for 5 YEARS.Then he changed his life.Boat life → Pilot #hawaii #haircut #hawaiibarber,https://www.youtube.com/watch?v=SlEomcNEf40,Game Changers Studio,https://www.youtube.com/channel/UCs0BhiqIh-ripHE9OrQ-XfQ,2026-05-08T10:09:09Z,87.0,23.96,23.96
STUFF IT! New Salad Stuffers,https://www.youtube.com/watch?v=5898n-PVd58,,,2026-05-08T10:09:02.052Z,16.0,6.948,6.948
Shortened: Fight Bland - Fresh Bold Flavors,https://www.youtube.com/watch?v=Sx2uN8-2LAk,,,2026-05-08T03:07:45.424Z,14.0,25276.628,14.0
Mother's Day Sale - Up To 50%,https://www.youtube.com/watch?v=B1KQV5QAWN0,,,2026-05-08T03:07:29.593Z,35.0,15.831,15.831
Valid until 05/09,https://www.youtube.com/watch?v=oDoDrtXbLIY,Couponing4Beginners,https://www.youtube.com/channel/UCVXNUCTrphMN9bu_wwzb7Yw,2026-05-08T03:06:58.755Z,169.0,30.838,30.838
Pokémon target jacket is so cool😭#pokemon #target #pokémon  #pokemontarget #anime #shorts #fyp,https://www.youtube.com/watch?v=6HquKJGI3hQ,TacoFlacko,https://www.youtube.com/channel/UCXQ86EHeKrB8GZBLPQcAgUA,2026-05-08T03:04:11.206Z,168.0,167.549,167.549
the smoothest tints 🎀🧸💋 @MaybellinePolska teddy tints ✨ #maybellinepartner #maybelline #makeup,https://www.youtube.com/watch?v=9oQOifL8feE,Reyna Luna,https://www.youtube.com/channel/UC-nZ9bF8veq0arFyMuC2ekw,2026-05-08T03:03:09.737Z,58.0,61.469,58.0
Us vs. Them | iHerb,https://www.youtube.com/watch?v=GS-wtWFiIbw,,,2026-05-08T03:03:06.668Z,19.0,3.069,3.069
Products that should be “ILLEGAL” #dermreacts  #skincare  #dermatologist #dermangelo,https://www.youtube.com/watch?v=ggTBk6HDviE,DermAngelo,https://www.youtube.com/channel/UCu0V4K1jf8cISkIzpi77p9Q,2026-05-08T00:30:49.148Z,161.0,9137.52,161.0
These Glasses Let Me Understand Japanese in Real Time,https://www.youtube.com/watch?v=cybBBOva62U,Xiaomanyc 小马在纽约,https://www.youtube.com/channel/UCLNoXf8gq6vhwsrYp-l0J-Q,2026-05-08T00:29:10.684Z,90.0,98.464,90.0
"""If It Weren't For The Baby"" - Peeta Fakes Katniss' Pregnancy | The Hunger Games Catching Fire",https://www.youtube.com/watch?v=H74dfYkYWB4,The Hunger Games,https://www.youtube.com/channel/UCjvqqA-Eogozfm244OhUESw,2026-05-08T00:28:07.886Z,569.0,62.798,62.798
A love letter to the OG Euphoria makeup fans. 🖤✨ The ones who made Half Magic possible.,https://www.youtube.com/watch?v=jM9y4q7KlQM,,,2026-05-08T00:28:07.647Z,34.0,0.239,0.239
Mother's Day Sale 2026 - 15% Off | 16x9 | 30s,https://www.youtube.com/watch?v=tJzh41IRICE,,,2026-05-08T00:28:05.717Z,31.0,1.93,1.93
Disney+ and Hulu,https://www.youtube.com/watch?v=lX0ujrW555w,,,2026-05-08T00:28:01.316Z,31.0,4.401,4.401
Fight Bland - Fresh Bold Flavors,https://www.youtube.com/watch?v=dKUb2OufJ9I,,,2026-05-08T00:27:55.625Z,17.0,5.691,5.691
Most Loved Glasses💖 | Firmoo Top Picks,https://www.youtube.com/watch?v=XtrqaYdDpko,,,2026-05-08T00:26:44.032Z,25.0,71.593,25.0
The Zenniverse 30 sec,https://www.youtube.com/watch?v=3zncEtQopJk,,,2026-05-07T20:40:53.810Z,31.0,13550.222,31.0
Verizon Fios,https://www.youtube.com/watch?v=4BOIRB9huBs,,,2026-05-07T20:40:38.386Z,16.0,15.424,15.424
Verizon Fios,https://www.youtube.com/watch?v=ZIoI6wgnGvo,,,2026-05-07T20:27:38.388Z,31.0,779.998,31.0
04012026 elfskin Suntouchable C1 Suntouchable 16x9 15s,https://www.youtube.com/watch?v=Q3fXwZDHFo0,,,2026-05-07T20:18:22.374Z,16.0,556.014,16.0
What Men Wish Women Knew About Falling in Love,https://www.youtube.com/watch?v=x0RpX0yQogY,Ismael Gomez III,https://www.youtube.com/channel/UCUYf_k_bOw43QAvS1npmIBA,2026-05-07T19:07:27.890Z,489.0,4254.484,489.0
| Ulta Beauty,https://www.youtube.com/watch?v=40WFOYGYs_4,,,2026-05-07T18:47:32.413Z,12.0,1195.477,12.0
Why relationships in 2026 carry impossible expectations | Alain de Botton,https://www.youtube.com/watch?v=4apGtiz42Qk,Big Think Clips,https://www.youtube.com/channel/UC5Jnt7OgEHro3W7kr-jjCrw,2026-05-07T18:16:38.219Z,670.0,1854.194,670.0
"Love is a skill, not a feeling | Alain de Botton: Full Interview",https://www.youtube.com/watch?v=kRMcimuuk0Q,Big Think,https://www.youtube.com/channel/UCvQECJukTDE2i6aCoMnS-Vg,2026-05-07T18:08:19.169Z,3493.0,499.05,499.05
The uncomfortable question you should ask on every first date | Alain de Botton,https://www.youtube.com/watch?v=tWDcqt-Xj2w,Big Think Clips,https://www.youtube.com/channel/UC5Jnt7OgEHro3W7kr-jjCrw,2026-05-07T17:23:42.372Z,1414.0,2676.797,1414.0
I Pressed The “TRY ME!” Button 😬 #shorts,https://www.youtube.com/watch?v=NNe5SwibxUs,Justin Taite,https://www.youtube.com/channel/UCZQmhxnqiIKqroqQa7D9zUw,2026-05-07T17:22:57.186Z,38.0,45.186,38.0
elf SKINFLUENCER newness 30s 16x9 US,https://www.youtube.com/watch?v=c6gdBYfyJEA,,,2026-05-07T17:22:41.510Z,31.0,15.676,15.676
How I catfished the ENTIRE internet.,https://www.youtube.com/watch?v=5DKaPranyWA,Sophie Silva,https://www.youtube.com/channel/UC84ZJujGee7Hrxh4Qcfkfgw,2026-05-07T17:22:21.630Z,89.0,19.88,19.88
Shortened: A love letter to the OG Euphoria makeup fans. 🖤✨ The ones who made Half Magic possible.,https://www.youtube.com/watch?v=-Kqu1gpvu5A,,,2026-05-07T17:22:02.878Z,26.0,18.752,18.752
Introducing Oi Oil,https://www.youtube.com/watch?v=vu01lsuT6jI,,,2026-05-07T17:21:59.271Z,37.0,3.607,3.607
Publix Free & Cheap Grocery Couponing Deals & Haul| FREE FOOD & Dove Deals! 🔥| 5/6-5/12 or 5/7-5/13,https://www.youtube.com/watch?v=lH0TFrm_pSU,couponwithStar,https://www.youtube.com/channel/UCJHX_iHFDiFezNbbYnYMuiQ,2026-05-07T14:22:13.654Z,1088.0,10785.617,1088.0
"ASMR Scalp Examination and Treatment ~ Soft Spoken ~ Medical RP, Personal Attention",https://www.youtube.com/watch?v=KCjWIUCXx3I,Lizi ASMR,https://www.youtube.com/channel/UCite3fyBIq-46XlGxG2NXhQ,2026-05-07T13:40:12.737Z,1970.0,2520.917,1970.0
Platinum Card® | American Express,https://www.youtube.com/watch?v=GENQosV941A,,,2026-05-07T13:40:06.324Z,16.0,6.413,6.413
Tron: Ares,https://www.youtube.com/watch?v=8K4fxoGIw1A,,,2026-05-07T13:39:50.635Z,60.0,15.689,15.689
ASMR Realistic Scalp Exam & Treatment RP.  Soft Spoken ~ Personal Attention,https://www.youtube.com/watch?v=9ZT2-D30GN4,Lizi ASMR,https://www.youtube.com/channel/UCite3fyBIq-46XlGxG2NXhQ,2026-05-07T12:31:01.812Z,1742.0,4128.823,1742.0
Get them both,https://www.youtube.com/watch?v=EmFOIVW4Uvg,,,2026-05-07T12:30:57.693Z,72.0,4.119,4.119
Upside_192027_ComsumerPaidSocialRefresh2_GroceryGlowUp_SequenceBuild_1x1_D6_Giant.mp4,https://www.youtube.com/watch?v=PgLg1293YH4,,,2026-05-07T12:29:56.978Z,16.0,60.715,16.0
"ASMR Scalp Exam, Scalp Massage & Haircut 💆‍♀️ Deep Relaxation for Sleep",https://www.youtube.com/watch?v=K63zuwERAFY,Lizi ASMR,https://www.youtube.com/channel/UCite3fyBIq-46XlGxG2NXhQ,2026-05-07T11:17:13.977Z,2553.0,4363.001,2553.0
Firmoo Hot Fashion Glasses Collections #eyewearfashion #firmooglasses #eyeglasses #eyewearstyle,https://www.youtube.com/watch?v=MDPa_U3dUL8,,,2026-05-07T11:17:08.407Z,20.0,5.57,5.57
"Clinically proven stronger, smoother and shinier hair ✨🙌 NEW Gloss + Repair Mask",https://www.youtube.com/watch?v=5_jyPSYNHWw,,,2026-05-07T11:17:04.842Z,41.0,3.565,3.565
Evil Dead Burn | Official Trailer,https://www.youtube.com/watch?v=TnHby2cxJzs,,,2026-05-07T11:15:09.196Z,146.0,115.646,115.646
"ASMR Sending Shivers Down Your Back W/ Scalp Scratch, Ear Cleaning, Neck & Nape Massage & Scratch",https://www.youtube.com/watch?v=k_UM0DpiEYk,ASMR Aura,https://www.youtube.com/channel/UCRHHBL1mlnxwQ6dopn4EmkQ,2026-05-07T11:13:02.739Z,3675.0,126.457,126.457
asmr you get your daytime makeup done [roleplay],https://www.youtube.com/watch?v=hph-i5bwICU,dawson asmr,https://www.youtube.com/channel/UCZiSKfqVDrNMGCWrY1EsaRg,2026-05-07T11:12:16.098Z,1521.0,46.641,46.641
DC ROI - FY26Q1 Acrobat L1Release PDFSpaces 15 Meta 16x9 EN,https://www.youtube.com/watch?v=jsSCmBbFqWw,,,2026-05-07T11:12:09.682Z,15.0,6.416,6.416
hifi intro thumbnail,https://www.youtube.com/watch?v=FU6ns8v4o08,,,2026-05-07T11:10:27.338Z,117.0,102.344,102.344
Shortened: Take you back to that retro elegance,https://www.youtube.com/watch?v=fyTwiZ987fM,,,2026-05-07T11:10:12.529Z,14.0,14.809,14.0
Prada Galleria,https://www.youtube.com/watch?v=bMuK010jOW4,,,2026-05-07T11:10:06.356Z,6.0,6.173,6.0
YT_30s_s-rgc_2603TSF4_TechInnovationMontage_us_ss_NEWEDIT_v1.mp4,https://www.youtube.com/watch?v=Xjp7jVoWAmo,,,2026-05-07T11:09:47.116Z,30.0,19.24,19.24
Lion missed his dachshund friend so much he stopped eating - then something amazing happened,https://www.youtube.com/watch?v=WJsktSI9W_M,GeoAnimal,https://www.youtube.com/channel/UCaitydoE0zTWkIftfFQDVrg,2026-05-07T11:07:02.986Z,161.0,164.13,161.0
Shortened: | Ulta Beauty,https://www.youtube.com/watch?v=ebi15dMdHy4,,,2026-05-07T11:06:57.116Z,12.0,5.87,5.87
DCD-Love-4038| Hulu,https://www.youtube.com/watch?v=3GlF__6Z8SQ,,,2026-05-07T11:06:51.358Z,16.0,5.758,5.758
| Ulta Beauty,https://www.youtube.com/watch?v=G4LhruQpDBg,,,2026-05-07T11:06:33.498Z,12.0,17.86,12.0
See Your Risks - But I,https://www.youtube.com/watch?v=CTt930tql0w,,,2026-05-07T11:06:29.372Z,13.0,4.126,4.126
Mother's Day Sale 2026 | 16x9 | 30s,https://www.youtube.com/watch?v=J9j65RLTtX8,,,2026-05-07T11:06:20.186Z,31.0,9.186,9.186
Video|JETM|New|General|FounderStory|Internal|Bobbi'sPersonalMoisturizer|26Wk18|JETMPDP|16x9,https://www.youtube.com/watch?v=ZqM4KO-ZAPY,,,2026-05-07T11:06:06.273Z,31.0,13.913,13.913
Regina husky goes viral after she takes herself to doggy daycare,https://www.youtube.com/watch?v=p_4jK1pisy0,CBC News Saskatchewan,https://www.youtube.com/channel/UCvdbpUpDg1cA4f_Jfg_-_TQ,2026-05-07T11:02:55.495Z,153.0,190.778,153.0
Pill Stuck in Your Throat? Try This Before the ER,https://www.youtube.com/watch?v=VooBC7dHGO8,Dr. Bayo,https://www.youtube.com/channel/UCvfXeKhvhq8LXuwdHPbO2GA,2026-05-07T11:01:24.568Z,98.0,90.927,90.927
Bundle now,https://www.youtube.com/watch?v=kvbCVZR37qU,,,2026-05-07T11:01:13.988Z,54.0,10.58,10.58
#maybelline teddy tint lip tints 🧸✨ #liptint #lips #maybellineteddytints,https://www.youtube.com/watch?v=FXn4E3N5710,Hannah St Luce,https://www.youtube.com/channel/UCYyKnwv4ubVWHJ_tKPls34A,2026-05-07T10:02:54.757Z,51.0,3499.231,51.0
Hulu on Disney+,https://www.youtube.com/watch?v=LbsbNNQJPVs,,,2026-05-07T10:02:49.304Z,160.0,5.453,5.453
"Maybelline Teddy Tint Review: 10 NUDE Shades Swatches, Wear & Eat Test",https://www.youtube.com/watch?v=Cia9rdCPTls,Magdaline Janet,https://www.youtube.com/channel/UCTM3ZKFfj5tN2IRyxLA_eQA,2026-05-06T23:23:05.510Z,1059.0,38383.794,1059.0
MAYBELLINE SUPERSTAY TEDDY LIP TINTS TRY ON,https://www.youtube.com/watch?v=qDElTXClI_w,Kimberly Vuong,https://www.youtube.com/channel/UCSBG8a6a-G6iKd60ApnzXgA,2026-05-06T23:22:27.355Z,13.0,38.155,13.0
Current Mood #maybelline Teddy Tint #lipswatch #lipstick #drugstore #brownskin #fyp #drugstoremakeup,https://www.youtube.com/watch?v=2tsQFBfEupI,Magdaline Janet,https://www.youtube.com/channel/UCTM3ZKFfj5tN2IRyxLA_eQA,2026-05-06T23:22:21.066Z,13.0,6.289,6.289
IN LOVE WITH THE NEW MAYBELLINE TEDDY TINTS 🎀 #lipcombo #makeuptutorial #grwm #beautytips,https://www.youtube.com/watch?v=JGdd5GqdEOE,The Girl with Monolids,https://www.youtube.com/channel/UCGJ2DGRRyaarlqhFaOY-iBA,2026-05-06T23:21:56.187Z,13.0,24.879,13.0
Maybelline super stay teddy tint 💖. I love this little thing 😍. #obsessed #liptint #maybelline,https://www.youtube.com/watch?v=JJXnptTZiRQ,Kiran Kaur,https://www.youtube.com/channel/UCKWUPLrTOvQqRn4PHXCCYCw,2026-05-06T23:21:42.336Z,13.0,13.851,13.0
Maybelline Superstay Teddy Tints🧸💗 #makeup,https://www.youtube.com/watch?v=iWxvBcLXd-0,Wiktoria Stefania,https://www.youtube.com/channel/UCsisY6mp8ophfr7nsNSsUKg,2026-05-06T23:21:18.569Z,25.0,23.767,23.767
"Swatching the NY teddy tints in shades skinnydip, coquettish and wild at heart 🤍 These come in 10",https://www.youtube.com/watch?v=H-gSSi31qb4,Rebecca Malloy,https://www.youtube.com/channel/UCXmyOEnccIIpcVaTlRDA6QQ,2026-05-06T23:21:01.899Z,15.0,16.67,15.0
THE ONLY MAYBELLINE TEDDY TINT YOU NEED #shorts,https://www.youtube.com/watch?v=4KkKCyjeyPM,Sakshi Rawte-Dhar,https://www.youtube.com/channel/UCvAI3XZtMNYlqdgRy94DOLw,2026-05-06T23:20:39.568Z,16.0,22.331,16.0
MAYBELLINE TEDDY TINT NUDESshades,https://www.youtube.com/watch?v=O4BAYpOkFIY,Luna Ybañez,https://www.youtube.com/channel/UCaRAg3fuchhBCCWhMdfLkGA,2026-05-06T23:19:44.152Z,337.0,55.416,55.416
"Trying the new Maybelline teddy tints 🧸🩷 shade 15,10,20 #makeup #liptint",https://www.youtube.com/watch?v=33P8kVAzYh8,Tao,https://www.youtube.com/channel/UCOal8SYUcsJlMvuaNPrrCBw,2026-05-06T23:19:15.147Z,22.0,29.005,22.0
teddy tint super nude soft era 85 #85  #softera #wearemaybelline #teddytint,https://www.youtube.com/watch?v=trfu-vb4wE4,Qifa's Stuff,https://www.youtube.com/channel/UCMt0AlbNP3YXC2wS30_Zicw,2026-05-06T23:19:05.470Z,13.0,9.677,9.677
Maybelline superstay teddy tint in the shade 85 soft era 💜 #maybelline #superstay #teddytint,https://www.youtube.com/watch?v=HsxnC9ZHaqs,Nicca A,https://www.youtube.com/channel/UCN6WB1MRfC0GSYufzSOzcfg,2026-05-06T23:18:43.997Z,61.0,21.473,21.473
had to swatch all the @maybellinenewyork teddy tint shades! which is your fave??✨ #lipcombos ad,https://www.youtube.com/watch?v=f-fnnckrEAo,Dhivya Sri,https://www.youtube.com/channel/UC4SCRUgnsl6HmWyJ6n1zLJA,2026-05-06T23:18:19.924Z,23.0,24.073,23.0
MAYBELLINE TEDDY TINT SWATCHES & REVIEW #newmakeupreleases #shortvideo #review,https://www.youtube.com/watch?v=f7mjdEqi8Bo,Yari G,https://www.youtube.com/channel/UCcxo6IGhfF6O59vWMb7smgQ,2026-05-06T23:17:23.671Z,41.0,56.253,41.0
IS IT JUST ME⁉️🫠 idk how I feel about these maybelline teddy tints 😭,https://www.youtube.com/watch?v=vMCfJl336zc,Monica Ravi-Conway,https://www.youtube.com/channel/UClrSLy_JEgbahNjlvkS0vig,2026-05-06T23:16:19.102Z,59.0,64.569,59.0
maybelline superstay teddy tint 🧸 #maybelline #shortsfeed #shortvideo #shorts #short #shortsvideo,https://www.youtube.com/watch?v=-047TVMYFwY,Ashley Rosales,https://www.youtube.com/channel/UCLlIaEneF4555f--qyqWZRQ,2026-05-06T23:16:04.491Z,11.0,14.611,11.0
trying the tiktok viral SUPERSTAY TEDDY TINT! 🩷 #shorts #beauty #makeup,https://www.youtube.com/watch?v=PEAbhSF28l4,Carrie Berk,https://www.youtube.com/channel/UCBrvl0Mx8jmPXcr1Wz45_gQ,2026-05-06T23:15:25.809Z,18.0,38.682,18.0
Maybelline Superstay Teddy Tint NEW SHADE,https://www.youtube.com/watch?v=p4oKY7FDT0c,Lyanna Khalil,https://www.youtube.com/channel/UCZsE24JlSbFWuq4vfr8ShXA,2026-05-06T23:14:14.948Z,12.0,70.861,12.0
k-beauty lip tint ALTERNATIVE!!🧸💄(Maybelline Teddy Tint swatches + review),https://www.youtube.com/watch?v=DH3LcQroOxg,Emily Ferrier,https://www.youtube.com/channel/UCR0CyJV8IC_uDnkExOfNYkQ,2026-05-06T23:13:32.926Z,39.0,42.022,39.0
Giant_x_Upside_BigDeal_Promo_Square_GIANT10.mp4,https://www.youtube.com/watch?v=ESAA2jKvNko,,,2026-05-06T23:11:29.324Z,16.0,123.602,16.0
Maybelline TEDDY TINT // Lip Swatches & Review,https://www.youtube.com/watch?v=7IoCHsd4XT0,Allura Beauty,https://www.youtube.com/channel/UCG97HS5E-5v-dSDIzk8GOVA,2026-05-06T23:08:09.373Z,565.0,199.951,199.951
Nobody Breaks Celebrities Like Melissa McCarthy!,https://www.youtube.com/watch?v=P2-5h9XUKBA,watchJojo,https://www.youtube.com/channel/UCDraeOigzyHfJCa7LJxf10w,2026-05-06T22:20:53.686Z,535.0,2835.687,535.0
We See You Searching... | iHerb,https://www.youtube.com/watch?v=jcvd6dJuKEU,,,2026-05-06T22:20:45.427Z,25.0,8.259,8.259
Jaejoong Is Soo Pretty He Could Pass As A Rookie Idol #jaejoong #김재중 #highlight #shorts #kpopedit #,https://www.youtube.com/watch?v=lDuOALcGvPc,kJam,https://www.youtube.com/channel/UCPjeXigXepa0rGxD393LrKw,2026-05-06T22:19:09.186Z,27.0,96.241,27.0
"Only he can truly slay his own part, no matter how many others cover the song. #kimjaejoong #shorts",https://www.youtube.com/watch?v=A9B0X63KlUo,Elina KKurdish ,https://www.youtube.com/channel/UCptMojcRdDFDE5NA-WPy49g,2026-05-06T22:18:40.085Z,25.0,29.101,25.0
김재중 앞에서 주문 춤추는 이진성ㅋㅋㅋ,https://www.youtube.com/watch?v=NfmOwPW_saY,스튜디오 드리밍 [Dreaming],https://www.youtube.com/channel/UC2kPiS-BcDwSei14ORViq5A,2026-05-06T22:18:21.631Z,35.0,18.454,18.454
"DIOR ADDICT, THE NEW GLASS LIPSTICK",https://www.youtube.com/watch?v=_iptNJu-R-g,,,2026-05-06T21:58:17.420Z,15.0,1204.211,15.0
Feel the ease.,https://www.youtube.com/watch?v=Y9IkearKP3Y,,,2026-05-06T21:58:09.799Z,11.0,7.621,7.621
CVS Deals 5/3-5/9 ❤️2 Freebies,https://www.youtube.com/watch?v=0N9ZMO9DheE,Sister's Saving U Cents,https://www.youtube.com/channel/UC5BvhztzuMevwQpa71h1Mbw,2026-05-06T21:57:13.701Z,150.0,56.098,56.098
Upside_192027_ComsumerPaidSocialRefresh2_GroceryGlowUp_SequenceBuild_1x1_D6_Giant.mp4,https://www.youtube.com/watch?v=PgLg1293YH4,,,2026-05-06T21:57:08.202Z,16.0,5.499,5.499
Quiz Asset Mascara Quiz 1 1x1 V1,https://www.youtube.com/watch?v=rwg4C3aTBmY,,,2026-05-06T21:56:56.692Z,19.0,11.51,11.51
Dinner Roulette: Clean out the fridge before vacay! @livdean332 @Ridge-Riders #dinner #roulette,https://www.youtube.com/watch?v=tUnzCaJDwh8,camiwampus,https://www.youtube.com/channel/UC6AEi5wWsVM3CQOzuTEwgKA,2026-05-06T21:54:23.366Z,144.0,153.326,144.0
Disney+ and Hulu,https://www.youtube.com/watch?v=lX0ujrW555w,,,2026-05-06T21:54:17.244Z,31.0,6.122,6.122
"Fast ASMR Eyebrow Makeover 💨 Brushing, Shaping & Coloring",https://www.youtube.com/watch?v=UzY0pqXIunU,Lizi ASMR,https://www.youtube.com/channel/UCite3fyBIq-46XlGxG2NXhQ,2026-05-06T21:35:40.543Z,1115.0,1116.701,1115.0
Is iHerb Legit?,https://www.youtube.com/watch?v=HExUcONud64,,,2026-05-06T21:35:15.623Z,31.0,24.92,24.92
ASMR Doing Your Makeup ~ Soft Spoken Personal Attention,https://www.youtube.com/watch?v=URRO18WcIpA,Lizi ASMR,https://www.youtube.com/channel/UCite3fyBIq-46XlGxG2NXhQ,2026-05-06T21:05:04.350Z,2007.0,1811.273,1811.273
FY26Q1Q2_EXE_VARIOUS_VID_OTH_NA_NA_LFTSTY_TLNT_6S_SNDVO_YHTGD00T430H_SpringDeals | The Home Depot,https://www.youtube.com/watch?v=eFcNdSv3PVA,,,2026-05-06T21:04:58.190Z,7.0,6.16,6.16
I tried to go to Disney World dressed like a princess. Did it work? #makeup #disneyworld #grwm,https://www.youtube.com/watch?v=Gub8VP6DCH0,CutiePieSensei,https://www.youtube.com/channel/UCFTLkazurb0V9eyjLr7RL4g,2026-05-06T21:04:27.860Z,109.0,30.33,30.33
Supermarket cake hack💁🏽‍♀️💕,https://www.youtube.com/watch?v=aRvIG6-XsVQ,Nazira,https://www.youtube.com/channel/UCT17NezuQDV85304888aTPg,2026-05-06T21:03:33.386Z,179.0,54.474,54.474
Pattern Interrupt: The Psychology Trick Teachers & Salespeople Use (Maybe Without Realizing It),https://www.youtube.com/watch?v=f_lB84-t_7Q,MR RUPP™️,https://www.youtube.com/channel/UCBvQnVhlI3cQcmViuI_RrMA,2026-05-06T21:02:01.038Z,93.0,92.348,92.348
| Ulta Beauty,https://www.youtube.com/watch?v=8O-bTEjO22o,,,2026-05-06T21:01:51.388Z,12.0,9.65,9.65
This cookie looks amazing,https://www.youtube.com/watch?v=BreE5ra6srQ,Bentellect,https://www.youtube.com/channel/UCyQHab6hU_5cqhK6wRS173w,2026-05-06T21:00:17.496Z,76.0,93.892,76.0
Prequel-DemandGen-UGC-ScarStick-01_06s_Horizontal.mp4,https://www.youtube.com/watch?v=fWfpM_f4Jmc,,,2026-05-06T20:59:44.463Z,7.0,33.033,7.0
Mother's Day Sale 2026 | 16x9 | 30s,https://www.youtube.com/watch?v=J9j65RLTtX8,,,2026-05-06T20:59:42.939Z,31.0,1.524,1.524
Upside_192027_ComsumerPaidSocialRefresh2_GroceryGlowUp_SequenceBuild_16x9_Giant.mp4,https://www.youtube.com/watch?v=nfpRCujURos,,,2026-05-06T20:59:41.008Z,15.0,1.931,1.931
Square: Us vs. Them | iHerb,https://www.youtube.com/watch?v=Aii0dsYQ4TQ,,,2026-05-06T20:59:20.144Z,19.0,20.864,19.0
Shortened: Is iHerb Legit?,https://www.youtube.com/watch?v=ImLOG90czAc,,,2026-05-06T19:05:37.911Z,27.0,6822.233,27.0
#makeup #makeupswatches #affordablemakeup #budgetfriendly #elfcosmetics,https://www.youtube.com/watch?v=ucjhtTFCB5Y,Olivia Olfactory,https://www.youtube.com/channel/UCRGkzuXpYq4hCDGKe-9P50g,2026-05-06T18:59:39.932Z,179.0,357.979,179.0
DOTN0344000H_15_May2026_OLO_Dont_Know__15 (1).mov,https://www.youtube.com/watch?v=JNG_1O3W9po,,,2026-05-06T14:54:54.430Z,16.0,14685.502,16.0
"ASMR Most Relaxing Hair and Skin Treatment (Hair Brushing, Vitamin C Serum, Haircut, Face Care...)",https://www.youtube.com/watch?v=lJw_2eTMKOQ,Lizi ASMR,https://www.youtube.com/channel/UCite3fyBIq-46XlGxG2NXhQ,2026-05-06T11:48:47.969Z,2495.0,11166.461,2495.0
Prequel Scar Stick,https://www.youtube.com/watch?v=ebbwJ_MU3ss,,,2026-05-06T11:48:38.253Z,55.0,9.716,9.716
DERM SkinGoals 16x9 30s FullComp,https://www.youtube.com/watch?v=UW3a-N3sSUc,,,2026-05-06T11:44:09.499Z,30.0,268.754,30.0
See Your Risks - But I,https://www.youtube.com/watch?v=CTt930tql0w,,,2026-05-06T11:43:47.203Z,13.0,22.296,13.0
Video|WTF|New|General|SocialProof|ConvertView|FoundationMashup2|26Wk15|WTFPDP|16x9,https://www.youtube.com/watch?v=-WrtSMKE3LU,,,2026-05-06T11:43:37.505Z,67.0,9.698,9.698
hifi intro thumbnail,https://www.youtube.com/watch?v=FU6ns8v4o08,,,2026-05-06T11:43:23.872Z,117.0,13.633,13.633
Get them both,https://www.youtube.com/watch?v=YGQ7CMVTE8U,,,2026-05-06T11:43:07.659Z,31.0,16.213,16.213
SS26 Floral Deboss Anistone 1x1,https://www.youtube.com/watch?v=GUd5GJpIp2I,,,2026-05-06T11:43:01.770Z,11.0,5.889,5.889
DCD-The-3963| Hulu,https://www.youtube.com/watch?v=YiYuUmGBYd4,,,2026-05-06T11:42:50.664Z,16.0,11.106,11.106
Pairfect Match AI • GlassesUSA.com,https://www.youtube.com/watch?v=9g0GkGg6QJY,,,2026-05-06T11:42:16.608Z,37.0,34.056,34.056
What could cause a big shadow on a mountain? A cloud perhaps? 🤔 #ufo #aliens #mystery #geography,https://www.youtube.com/watch?v=9E9WxAOdKKc,guessnotlost,https://www.youtube.com/channel/UCejdrk3-HnWAI1t77LCMn6Q,2026-05-06T11:40:35.252Z,68.0,101.356,68.0
Prequel-DemandGen-UGC-ScarStick-01_06s_Square.mp4,https://www.youtube.com/watch?v=REneTLSZ3nw,,,2026-05-06T11:40:22.141Z,6.0,13.111,6.0
Found one of our roosters drowning 😳,https://www.youtube.com/watch?v=6kjawALrd4w,Hot Mess Ranch,https://www.youtube.com/channel/UCan5PKPFiQuWhogSs3FtPHA,2026-05-06T11:37:18.185Z,178.0,183.956,178.0
Take me back 🥲 #9to5 #workhumor #wfh #corporateamerica #corporate,https://www.youtube.com/watch?v=Vu0VpysGVdE,Elly | Corporate Millennial,https://www.youtube.com/channel/UC0NReqCab4Ef3R7Ce4tz1xQ,2026-05-06T11:35:32.947Z,67.0,105.238,67.0
NextGen Acela Has Arrived,https://www.youtube.com/watch?v=7qhhu_yauUg,,,2026-05-06T11:35:18.110Z,16.0,14.837,14.837
​Feel-good gifts. For her.,https://www.youtube.com/watch?v=UGXgyTEauTw,,,2026-05-06T05:46:14.084Z,31.0,20944.026,31.0
0325 ELF GRMLB DRINKITUP youasked 15s 9x16 US,https://www.youtube.com/watch?v=EtSQb59-tF8,,,2026-05-06T05:45:53.793Z,16.0,20.291,16.0
"ASMR Pampering You To Sleep ~ (Nails, Hairdresser, Lashes, Eyebrows, Makeup)",https://www.youtube.com/watch?v=sx01DtFtpW4,Lizi ASMR,https://www.youtube.com/channel/UCite3fyBIq-46XlGxG2NXhQ,2026-05-06T04:28:10.078Z,4147.0,4663.715,4147.0
My Favorite Ulta Finds YOU NEED TO TRY!,https://www.youtube.com/watch?v=2VqfcgRT8r8,,,2026-05-06T04:28:01.344Z,54.0,8.734,8.734
"ASMR You’re My Client 💫 Freckles Face RP, Ear Piercing & Tattoo Studio",https://www.youtube.com/watch?v=N_hdfal2Y0k,Lizi ASMR,https://www.youtube.com/channel/UCite3fyBIq-46XlGxG2NXhQ,2026-05-06T04:27:54.431Z,2137.0,6.913,6.913
They Turned Me Into An Insta Model & I Hated It | TRANSFORMED,https://www.youtube.com/watch?v=LY9_M216Vco,Transformed,https://www.youtube.com/channel/UCK3EJttMTEyx90ReNP1MxCA,2026-05-06T03:21:50.282Z,312.0,3964.149,312.0
How To Identify A Manchild Before It’s Too Late (Ep. 1),https://www.youtube.com/watch?v=yrEjC4SynEo,Daniel M. Oh,https://www.youtube.com/channel/UC-zye7rxIJpYxpJyI1M3dpw,2026-05-06T03:20:53.014Z,176.0,57.268,57.268
See Your Risks - But I,https://www.youtube.com/watch?v=CTt930tql0w,,,2026-05-06T03:20:37.390Z,13.0,15.624,13.0
Prequel-DemandGen-UGC-ScarStick-02_15s_Horizontal.mp4,https://www.youtube.com/watch?v=9B8mE8ZasAA,,,2026-05-06T03:20:11.558Z,15.0,25.832,15.0
“I’ll Pee Just in Case” #wait,https://www.youtube.com/watch?v=PO1svDdRkr4,Dr Sermed Mezher,https://www.youtube.com/channel/UC2A6IJQ6AZaK_f_r24his6g,2026-05-06T03:18:45.670Z,77.0,85.888,77.0
| Ulta Beauty,https://www.youtube.com/watch?v=40WFOYGYs_4,,,2026-05-06T03:18:33.586Z,12.0,12.084,12.0
Most Loved Glasses💖 | Firmoo Top Picks,https://www.youtube.com/watch?v=XtrqaYdDpko,,,2026-05-06T03:12:05.587Z,25.0,387.999,25.0
CVS NO CRT DEAL THRU 5/9 | **Grab 11 Items for $5.87 🤩,https://www.youtube.com/watch?v=TbxoFOdC494,Savvy Coupon Shopper (savvycouponshopper),https://www.youtube.com/channel/UC16zK52SExE6CM8IIunxZLw,2026-05-06T03:02:40.727Z,430.0,564.86,430.0
$0 Delivery,https://www.youtube.com/watch?v=pOeKmeg62wc,,,2026-05-06T03:02:33.400Z,38.0,7.327,7.327
Stop Pretending Coffee Is Self-Care.. | iHerb,https://www.youtube.com/watch?v=c6vxzxxT2hA,,,2026-05-06T02:53:47.194Z,14.0,526.206,14.0
elf SKINFLUENCER newness 30s 16x9 US,https://www.youtube.com/watch?v=c6gdBYfyJEA,,,2026-05-06T02:53:11.833Z,31.0,35.361,31.0
CVS Free & Cheap Coupon Deals & Haul | 5/3 - 5/9 | BIG MONEY MAKER! FREE HAUL 🔥| Learn CVS Couponing,https://www.youtube.com/watch?v=dPT5xvjXwYk,couponwithStar,https://www.youtube.com/channel/UCJHX_iHFDiFezNbbYnYMuiQ,2026-05-06T02:45:37.866Z,1763.0,453.967,453.967
Shop Ulta Beauty exclusive items! #ulta #ad #onlyatulta @ultabeauty,https://www.youtube.com/watch?v=T9ILXzB7EyY,,,2026-05-06T02:45:29.963Z,49.0,7.903,7.903
how to read people in 30 seconds,https://www.youtube.com/watch?v=wFOPjnm5C1g,Bryan Low,https://www.youtube.com/channel/UCdQ9SNwoXJAiDsqPejzgnMw,2026-05-06T02:45:12.876Z,178.0,17.087,17.087
INSANE L’Oréal Skin Deal at CVS! 😳,https://www.youtube.com/watch?v=mkFkEObddmM,kaylakoupons,https://www.youtube.com/channel/UCIIMBC1_PbbMthX9C_wmaCg,2026-05-06T02:39:00.485Z,70.0,372.391,70.0
POV: Your Vitamins Arrive In Tact | iHerb,https://www.youtube.com/watch?v=7voV72Yn0oU,,,2026-05-06T02:36:52.903Z,19.0,127.582,19.0
Works every time 🤣,https://www.youtube.com/watch?v=NXRYwvU-gV8,"Mel Avan, MS, CSCS",https://www.youtube.com/channel/UCL7o-SPXGThFvlU7XpT6yow,2026-05-06T02:35:18.568Z,43.0,94.335,43.0
The “Boring” Notebook That Sparked a Massive Rebrand,https://www.youtube.com/watch?v=cuuMAXV3udE,bungu,https://www.youtube.com/channel/UCq7nXDX98k4uX84AjoJgOFQ,2026-05-06T02:33:51.888Z,102.0,86.68,86.68
1000°C vs Corn 🌽 + Rice 🌾 😱#experiment #science #asmr,https://www.youtube.com/watch?v=EbrvnslFuTM,RHCB Experiments ,https://www.youtube.com/channel/UCl7r3wWnVYCZUZiEY6XKwaQ,2026-05-06T02:32:25.784Z,74.0,86.104,74.0
Why This Face Is So Popular in China Right Now?,https://www.youtube.com/watch?v=oFtIrKMLd8o,DailyQuibsy,https://www.youtube.com/channel/UC7NBmstF_1GsqMbue0iezTQ,2026-05-06T01:58:35.008Z,48.0,2030.776,48.0
Shortened: My Favorite Ulta Finds YOU NEED TO TRY!,https://www.youtube.com/watch?v=AylDMYhUt2M,,,2026-05-05T23:44:23.275Z,35.0,8051.733,35.0
POV: codeswitching at work,https://www.youtube.com/watch?v=H22G5BIyvzw,CGN AMERICA,https://www.youtube.com/channel/UCDHqDAsPca_x-s8FchJF4og,2026-05-05T23:42:20.100Z,93.0,123.175,93.0
Remaking Fairy Bread According To Your Comments,https://www.youtube.com/watch?v=6jX0JoNsR6k,An | A Writer Who Likes Food,https://www.youtube.com/channel/UCUOvbwurbl6SW9zH7rM6H1w,2026-05-05T23:41:13.055Z,61.0,67.045,61.0
Square: Us vs. Them | iHerb,https://www.youtube.com/watch?v=Aii0dsYQ4TQ,,,2026-05-05T23:40:49.194Z,19.0,23.861,19.0
🤯😱 China’s ‘Folded Boy’ Finally Stands Tall 🙌💪❤️,https://www.youtube.com/watch?v=1HdJRv4tjxY,Flash Readz,https://www.youtube.com/channel/UCWSwxqPS4mcQphN_OFBE3Bg,2026-05-05T20:01:47.194Z,6.0,13142.0,6.0
top 5 funniest aries spears moments #funny #shorts #viral,https://www.youtube.com/watch?v=U9ZmhzHb-hk,Top5Rankz,https://www.youtube.com/channel/UCcTC-09oo1suctcOPI1_Grw,2026-05-05T20:01:41.558Z,85.0,5.636,5.636
今回も入れるだけ😅たっぷりキノコとツナの炊き込みご飯🙌,https://www.youtube.com/watch?v=V1BN8V-5scs,あつメシ×あさとファミリー,https://www.youtube.com/channel/UCmvLReev-ALLJv3GM0GxGig,2026-05-05T20:01:27.659Z,13.0,13.899,13.0
ASMR Doing a K-pop Idol Makeup On You.  Personal Attention,https://www.youtube.com/watch?v=mFJH6RGj0X0,Lizi ASMR,https://www.youtube.com/channel/UCite3fyBIq-46XlGxG2NXhQ,2026-05-05T19:53:17.527Z,1798.0,490.132,490.132
Kung Fu Panda - Inner Peace,https://www.youtube.com/watch?v=6RBpxnJr5rQ,Ramon Vermij,https://www.youtube.com/channel/UCdi1kOitgfrVw0rU6EYZwYA,2026-05-05T19:51:06.723Z,30.0,130.804,30.0
Brand Spot: Zenniverse NCO US 30s,https://www.youtube.com/watch?v=Trrt4Pbhcww,,,2026-05-05T19:50:59.290Z,31.0,7.433,7.433
Premium Wireless for $15 Bucks a Month | Mint Mobile,https://www.youtube.com/watch?v=e5BNMNcSKLs,,,2026-05-05T15:49:45.158Z,31.0,14474.132,31.0
0325 ELF GRMLB DRINKITUP youasked 6s 16x9,https://www.youtube.com/watch?v=RbebReVgFLY,,,2026-05-05T15:49:45.158Z,7.0,0.0,0.0
"""Crowd Work"" 🎤: Andy Huggins | Full Video on our Channel!",https://www.youtube.com/watch?v=ZAGYp6KWspg,Don't Tell Comedy,https://www.youtube.com/channel/UC7MgijK9WL_EqCo1juUERwg,2026-05-05T15:49:39.622Z,169.0,5.536,5.536
Mold in the college dorm 😳 #college,https://www.youtube.com/watch?v=QSK8n1Q4y08,Breezy McFly ,https://www.youtube.com/channel/UChvzIGi3Yg9XVKjvaIxHqFg,2026-05-05T15:49:20.913Z,,18.709,18.709
Disney+ and Hulu,https://www.youtube.com/watch?v=lX0ujrW555w,,,2026-05-05T15:49:08.375Z,31.0,12.538,12.538
Warby Parker | Fall 2025 | Q | 16x9 | 15s | Captions,https://www.youtube.com/watch?v=mWOFyQOOidc,,,2026-05-05T15:49:02.224Z,16.0,6.151,6.151
Samsung S26 Ultra Circle to Search - Find the Look – Clean Girl,https://www.youtube.com/watch?v=CRL7PNve4fM,,,2026-05-05T13:21:20.761Z,16.0,8861.463,16.0
OAI Task2 USA Cooking 9x16 12s,https://www.youtube.com/watch?v=IpzImz0axXM,,,2026-05-05T13:03:54.494Z,13.0,1046.267,13.0
ASMR Doing Your Makeup 💄✨ Personal Attention & Relaxing Brushes,https://www.youtube.com/watch?v=z8Ml3FQyjYQ,Lizi ASMR,https://www.youtube.com/channel/UCite3fyBIq-46XlGxG2NXhQ,2026-05-05T12:35:51.520Z,1648.0,1682.974,1648.0
"ASMR The Most Relaxing Scalp Check, Haircut, Makeup, and Photoshoot RP, Personal Attention",https://www.youtube.com/watch?v=SLs6P_4vGmU,Lizi ASMR,https://www.youtube.com/channel/UCite3fyBIq-46XlGxG2NXhQ,2026-05-05T12:35:23.393Z,2641.0,28.127,28.127
"ASMR Backstage Preparation (Makeup & Hair Styling) RP, Personal Attention",https://www.youtube.com/watch?v=kDne4fIdb7E,Lizi ASMR,https://www.youtube.com/channel/UCite3fyBIq-46XlGxG2NXhQ,2026-05-05T12:34:55.251Z,1863.0,28.142,28.142
Shortened: Ulta has exclusive fragrances you need to know about!,https://www.youtube.com/watch?v=zVxuP-Wvj18,,,2026-05-05T12:34:40.749Z,82.0,14.502,14.502
ASMR Fast Makeup Application RP ~ Soft Spoken,https://www.youtube.com/watch?v=ekJY1udr2s4,Lizi ASMR,https://www.youtube.com/channel/UCite3fyBIq-46XlGxG2NXhQ,2026-05-05T12:29:29.717Z,781.0,311.032,311.032
Upside_192027_ComsumerPaidSocialRefresh2_GroceryGlowUp_SequenceBuild_16x9_Giant.mp4,https://www.youtube.com/watch?v=nfpRCujURos,,,2026-05-05T12:29:20.323Z,15.0,9.394,9.394
Fluff Alert：Peacock Showing Off Again#animals #animallife #peacock #funny #funnyanimal #wildlife,https://www.youtube.com/watch?v=OkcfSsg_G9E,Pet.mp4,https://www.youtube.com/channel/UCTGTXJT5Sucp44tjXkhTmWw,2026-05-05T12:12:02.919Z,58.0,1037.404,58.0
Cats being cats 🤣🔥#cat #funny #trending #trendingshorts #animals,https://www.youtube.com/watch?v=mDpuatrEJKA,Catfarts,https://www.youtube.com/channel/UCnWjD2fFy1Kv_CKc0CzebIA,2026-05-05T12:10:10.380Z,77.0,112.539,77.0
Doing your make up ASMR,https://www.youtube.com/watch?v=PgY6_HCB4IM,FemaleASMR,https://www.youtube.com/channel/UCkrLrRXXqCaFGYG9GlhbUFg,2026-05-05T12:10:08.904Z,1272.0,1.476,1.476
It All Started With Eyeglasses | Warby Parker,https://www.youtube.com/watch?v=l0ocuQbWZCw,,,2026-05-05T12:09:48.804Z,31.0,20.1,20.1
Quiz Asset Mascara Quiz 1 1x1 V1,https://www.youtube.com/watch?v=rwg4C3aTBmY,,,2026-05-05T12:09:06.260Z,19.0,42.544,19.0
Feel the ease.,https://www.youtube.com/watch?v=Om6iI9RCIss,,,2026-05-05T12:09:02.037Z,19.0,4.223,4.223
Would you like to experience life as a sailor#viral #sea #funny #fyp #foryoupage,https://www.youtube.com/watch?v=3vXo67sT1zs,Pixy Carinaana,https://www.youtube.com/channel/UCEESd67iV0FHqvcv1bFeQUw,2026-05-05T12:08:21.294Z,60.0,40.743,40.743
"Great, Now It Has A Taste For Human Flesh ☠️ #interesting",https://www.youtube.com/watch?v=cfmCBT7gLU4,IdkSterling,https://www.youtube.com/channel/UC0GbKJaeEN9k5CG1NLbN6Ow,2026-05-05T12:07:58.034Z,62.0,23.26,23.26
Us vs. Them | iHerb,https://www.youtube.com/watch?v=GS-wtWFiIbw,,,2026-05-05T12:07:42.146Z,19.0,15.888,15.888
Client said she ain’t wasting time going to the builder’s walkthrough after seeing the report 😭😭🤣,https://www.youtube.com/watch?v=rMWCnZYwiYg,Inspector Knight,https://www.youtube.com/channel/UC713DtxVVEOjcvAm_3SthmQ,2026-05-05T12:06:36.781Z,95.0,65.365,65.365
Meatball ultrasound,https://www.youtube.com/watch?v=fOrtwqwLZ_4,Leafy Street,https://www.youtube.com/channel/UCFBOYHkJJC-o8HHXRT9AQMg,2026-05-05T12:05:10.752Z,79.0,86.029,79.0
SweetTooth_LemonPie_Campaign_Cutdown_15s_1x1.mp4,https://www.youtube.com/watch?v=VM5bgD65dBM,,,2026-05-05T12:04:59.093Z,15.0,11.659,11.659
Upside_192027_ComsumerPaidSocialRefresh2_GroceryGlowUp_SequenceBuild_1x1_D6_Giant.mp4,https://www.youtube.com/watch?v=PgLg1293YH4,,,2026-05-05T12:04:06.425Z,16.0,52.668,16.0
BiggestLieInFitnessMixed.mov,https://www.youtube.com/watch?v=Czf7AZTsmfw,,,2026-05-05T12:04:05.283Z,32.0,1.142,1.142
Pairfect Match AI - GlassesUSA.com,https://www.youtube.com/watch?v=QKeb3EBAR6c,,,2026-05-05T12:04:04.200Z,32.0,1.083,1.083
Disney+ and Hulu,https://www.youtube.com/watch?v=38jgs0bFiXg,,,2026-05-05T12:04:03.097Z,48.0,1.103,1.103
우리 안 싸운지 일주일째~🖤 #H2 #핫투데이,https://www.youtube.com/watch?v=iCv_3OJ6F1A,핫투데이 H2 Day,https://www.youtube.com/channel/UC8q2NhDRZGwfq4Y6-vskqlA,2026-05-05T12:03:13.553Z,13.0,49.544,13.0
Doing your make up ASMR,https://www.youtube.com/watch?v=PgY6_HCB4IM,FemaleASMR,https://www.youtube.com/channel/UCkrLrRXXqCaFGYG9GlhbUFg,2026-05-05T03:30:35.132Z,1272.0,30758.421,1272.0
Is iHerb Legit?,https://www.youtube.com/watch?v=HExUcONud64,,,2026-05-05T03:29:06.726Z,31.0,88.406,31.0
CVS Free and Cheap Couponing Deals This Week | 5/3 to 5/9,https://www.youtube.com/watch?v=8VdZOCTsHsc,kaylakoupons,https://www.youtube.com/channel/UCIIMBC1_PbbMthX9C_wmaCg,2026-05-05T03:22:08.473Z,847.0,418.253,418.253
Elevate Your Style Game | Kittles x Zenni - 10s,https://www.youtube.com/watch?v=LNx9k1x1vNA,,,2026-05-05T03:21:56.577Z,11.0,11.896,11.0
Upside_192027_ComsumerPaidSocialRefresh2_GroceryGlowUp_SequenceBuild_16x9_Giant.mp4,https://www.youtube.com/watch?v=nfpRCujURos,,,2026-05-05T03:20:23.942Z,15.0,92.635,15.0
The grocery prices is getting out of control 🥹🥹🥹#inflation#economy#wtf#trump#fyp,https://www.youtube.com/watch?v=tSZexcaTDNo,Funusa_,https://www.youtube.com/channel/UC25H002WsGF_nLRws9VcM-g,2026-05-05T03:20:13.805Z,66.0,10.137,10.137
BiggestLieInFitnessMixed.mov,https://www.youtube.com/watch?v=Czf7AZTsmfw,,,2026-05-05T03:19:43.752Z,32.0,30.053,30.053
Blokz With Friends 2,https://www.youtube.com/watch?v=Fr1tpU-cRIA,,,2026-05-05T03:19:26.049Z,31.0,17.703,17.703
ASMR Giving You an Elven Makeover (Lord of the Rings Roleplay),https://www.youtube.com/watch?v=RWDfbPvxo1g,Gwyndellin ASMR,https://www.youtube.com/channel/UCnqzZwfqeXXiy-J5jNlYx1A,2026-05-05T01:54:24.977Z,1369.0,5101.072,1369.0
ASMR 🛒Unexpected Viral $2 Store Shopping ASMR,https://www.youtube.com/watch?v=GfrM4U9wHqs,DDcatASMR,https://www.youtube.com/channel/UCbANQhc3wCjKlMFPz9NdMCA,2026-05-05T01:52:46.443Z,1217.0,98.534,98.534
ASMR Sephora MAKEOVER  Gives You a Glow-Up After the Worst Day of Your Life ROLEPLAY ,https://www.youtube.com/watch?v=E0B8PGyoLJs,ASMR Jonie,https://www.youtube.com/channel/UCo7kA3XcXrqS8_cbz5GboCg,2026-05-05T01:10:02.259Z,2557.0,2564.184,2557.0
Untold secrets no one ever told you #makeup #makeuptutorial,https://www.youtube.com/watch?v=psFruP1qFS0,Abby Neff,https://www.youtube.com/channel/UCfUdmNcWvSXqW2qkp3uETWQ,2026-05-04T20:56:52.149Z,178.0,15190.11,178.0
Bro bought it for the boys 💀,https://www.youtube.com/watch?v=V8zlUKPzf_M,kickback,https://www.youtube.com/channel/UC16I74lh5V2eDnNdiS1LGXg,2026-05-04T20:56:22.920Z,16.0,29.229,16.0
CVS Free & Cheap Coupon Deals & Haul | 5/3 - 5/9 | BIG MONEY MAKER! FREE HAUL 🔥| Learn CVS Couponing,https://www.youtube.com/watch?v=dPT5xvjXwYk,couponwithStar,https://www.youtube.com/channel/UCJHX_iHFDiFezNbbYnYMuiQ,2026-05-04T17:17:03.129Z,1763.0,13159.791,1763.0
FREE Therabreath at CVS! 😳,https://www.youtube.com/watch?v=bHaKg1NLrDw,kaylakoupons,https://www.youtube.com/channel/UCIIMBC1_PbbMthX9C_wmaCg,2026-05-04T17:16:25.023Z,31.0,38.106,31.0
Blokz With Friends 3,https://www.youtube.com/watch?v=-ve3T-kUGeI,,,2026-05-04T17:14:29.836Z,31.0,115.187,31.0
JustinZ - moonlight (official visualizer),https://www.youtube.com/watch?v=r11EMUhC7WI,JustinZ,https://www.youtube.com/channel/UCTJ1eGE9YfaU1c2Qj73gbtQ,2026-05-04T11:27:13.993Z,219.0,20835.843,219.0
lmk if ur vibing to moonlight🫡 #independentartist #citypop #indieartist #indie #newmusic,https://www.youtube.com/watch?v=8tkkptS_xbI,JustinZ,https://www.youtube.com/channel/UCTJ1eGE9YfaU1c2Qj73gbtQ,2026-05-04T11:26:50.091Z,18.0,23.902,18.0
Elevate Your Style Game | Kittles x Zenni - 15s,https://www.youtube.com/watch?v=ukoywE2q13w,,,2026-05-04T11:26:11.353Z,16.0,38.738,16.0
ASMR Sephora MAKEOVER  Gives You a Glow-Up After the Worst Day of Your Life ROLEPLAY ,https://www.youtube.com/watch?v=E0B8PGyoLJs,ASMR Jonie,https://www.youtube.com/channel/UCo7kA3XcXrqS8_cbz5GboCg,2026-05-04T02:44:35.925Z,2557.0,31295.428,2557.0
"Welcome to Hartwig's. A 1930s General Store | ASMR Roleplay (Flashlight repair, Easter gift wrap)",https://www.youtube.com/watch?v=fafgyb4XFwY,Hartwig's General Store ASMR,https://www.youtube.com/channel/UC6GsBTzhzTPOmU0JT8jP4tg,2026-05-04T02:44:04.224Z,1500.0,31.701,31.701
ASMR Untraditional Ear Cleaning (Ear Makeup for Sleep),https://www.youtube.com/watch?v=nkmXz0o2RNM,Rapunzel ASMR,https://www.youtube.com/channel/UCFsmoWCbExiMFwkKaVmEyvg,2026-05-04T02:43:01.076Z,1571.0,63.148,63.148
ASMR ANTI INSOMNIE #asmr #sleep #relaxing,https://www.youtube.com/watch?v=DF_T_ABjdVM,Olivier ASMR,https://www.youtube.com/channel/UC9ycX8OyqS7AWmckIlbwmPw,2026-05-04T02:42:01.124Z,976.0,59.952,59.952
ASMR 🛒Unexpected Viral $2 Store Shopping ASMR,https://www.youtube.com/watch?v=GfrM4U9wHqs,DDcatASMR,https://www.youtube.com/channel/UCbANQhc3wCjKlMFPz9NdMCA,2026-05-04T02:40:56.835Z,1217.0,64.289,64.289
CVS UNADVERTISED DEALS (5/3 - 5/9) | **Easy FREEBIE & More!,https://www.youtube.com/watch?v=9VKaBY28SkM,Savvy Coupon Shopper (savvycouponshopper),https://www.youtube.com/channel/UC16zK52SExE6CM8IIunxZLw,2026-05-04T02:38:29.786Z,357.0,147.049,147.049
$9 CVS haul rolling rewards! Valid 05/03 to 05/09!😃🙌🏼 #couponing #deals #cvs #couponing4beginners,https://www.youtube.com/watch?v=nzYDqQM0NxY,Couponing4Beginners,https://www.youtube.com/channel/UCVXNUCTrphMN9bu_wwzb7Yw,2026-05-04T02:36:48.224Z,114.0,101.562,101.562
How much can I get for under $15 by couponing this week at CVS? valid 5/3 through 5/9!,https://www.youtube.com/watch?v=GJkD1IbEib4,Torok Coupon Hunter,https://www.youtube.com/channel/UC3n8O3q-yCQ4qbH1jCZt0Ng,2026-05-04T02:34:47.718Z,166.0,120.506,120.506
The strange science of your ever-changing identity,https://www.youtube.com/watch?v=LPN0s3lvlN0,Big Think,https://www.youtube.com/channel/UCvQECJukTDE2i6aCoMnS-Vg,2026-05-04T02:21:28.840Z,390.0,798.878,390.0
AB cooks a porterhouse.,https://www.youtube.com/watch?v=OqUjz6nslNI,Alton Brown,https://www.youtube.com/channel/UCfDNi1aEljAQ17mUrfUjkvg,2026-05-04T02:15:00.560Z,238.0,388.28,238.0
The Warning Signs of Mental Illness,https://www.youtube.com/watch?v=44WvzyRp0MI,American Psychiatric Association,https://www.youtube.com/channel/UCm8c3GJ8-zYVKk9aKQrDw8g,2026-05-04T01:51:07.858Z,111.0,1432.702,111.0
"I Spent $11,000 On My New Nose 👃✨ #nosejobbeforeandafter #surgeryjourney #rhinoplasty",https://www.youtube.com/watch?v=qSH8qtuTQp4,Four Nine,https://www.youtube.com/channel/UCKDAKjDMmrKO4chBd_waytg,2026-05-03T22:48:09.724Z,114.0,10978.134,114.0
2026 Eyewear Trends | What Everyone Will Be Wearing Next | Firmoo Prescription Glasses,https://www.youtube.com/watch?v=cJW3QOAv5Ds,,,2026-05-03T22:48:04.595Z,21.0,5.129,5.129
Mike's Lemonade,https://www.youtube.com/watch?v=ZJZjHNqRbRU,,,2026-05-03T16:39:58.430Z,7.0,22086.165,7.0
FLAVORFOCUS 15 sec 16x9 no subs,https://www.youtube.com/watch?v=JSoxxia6TMM,,,2026-05-03T16:39:55.141Z,16.0,3.289,3.289
"VS Mother's Day featuring Adriana Lima, Elsa Hosk, and Jasmine Tookes",https://www.youtube.com/watch?v=dQTLiwWplZQ,,,2026-05-03T16:37:02.088Z,16.0,173.053,16.0
I Tried Every Cake from WHOLE FOODS,https://www.youtube.com/watch?v=3WwCiOYlnPw,JonnyCakes,https://www.youtube.com/channel/UCp9hJSTr4zj4bDoGAusKpWQ,2026-05-03T16:32:43.107Z,1789.0,258.981,258.981
Shortened: ADSET 6 - Gino’s Influencer with footage.mp4,https://www.youtube.com/watch?v=qwz4MAHKjgc,,,2026-05-03T16:32:02.799Z,65.0,40.308,40.308
WARBY SPORT_15_16x9_OLV_cc.mp4,https://www.youtube.com/watch?v=mgj2SLayhF4,,,2026-05-03T16:31:47.123Z,16.0,15.676,15.676
Shortened: 2026 Eyewear Trends | What Everyone Will Be Wearing Next | Firmoo Prescription Glasses,https://www.youtube.com/watch?v=fV7nMOdae0w,,,2026-05-03T16:30:49.998Z,19.0,57.125,19.0
04012026 elfskin Suntouchable C2 Suntouchable 16x9 15s,https://www.youtube.com/watch?v=UCDi_hrLKQs,,,2026-05-03T13:45:18.807Z,16.0,9931.191,16.0
TSS   Blokz 9x16 1,https://www.youtube.com/watch?v=Y8OaAKTyfGo,,,2026-05-03T13:44:43.324Z,31.0,35.483,31.0
"ASMR Threading & Waxing Your Brows | threading, waxing, brushing, rummaging",https://www.youtube.com/watch?v=4nBRn-m3ezk,ASMR Midnight,https://www.youtube.com/channel/UCbOmMjtO6ZNvOJd8RPKp9UQ,2026-05-03T13:17:38.896Z,1783.0,1624.428,1624.428
On | Introducing the first co-created collection with Zendaya.,https://www.youtube.com/watch?v=2VLn81HvsBE,,,2026-05-03T13:14:44.052Z,27.0,174.844,27.0
CVS BEST DEALS (5/3 - 5/9),https://www.youtube.com/watch?v=4trdxDQHDzI,Savvy Coupon Shopper (savvycouponshopper),https://www.youtube.com/channel/UC16zK52SExE6CM8IIunxZLw,2026-05-03T13:12:57.694Z,1151.0,106.358,106.358
I weigh 29 kilograms and my life is hell.,https://www.youtube.com/watch?v=RcLQmkknWpU,VASYA IN THE HAY,https://www.youtube.com/channel/UCaNfHBihSUqcUBpvHx-rwYw,2026-05-03T13:12:25.666Z,977.0,32.028,32.028
Robin Williams Improvised So Much They Just Kept Rolling!,https://www.youtube.com/watch?v=PIiMmBaIQxg,Hilarious Scene,https://www.youtube.com/channel/UCuDbiOxMYdSlPc4VqCZvuOA,2026-05-03T13:10:44.889Z,508.0,100.777,100.777
Bright Pink Heart Shaped Glasses #eyewearfashion #firmooglasses  #firmoo #eyewear #fashion,https://www.youtube.com/watch?v=TxkT_VG7-Mk,,,2026-05-03T13:10:29.768Z,14.0,15.121,14.0
RESIDENT EVIL – Official Teaser Trailer,https://www.youtube.com/watch?v=JnfYuYkuunk,,,2026-05-03T13:10:24.570Z,120.0,5.198,5.198
Why Do They Draw A Circle Before Sleeping In Sand 🤔 #interesting,https://www.youtube.com/watch?v=5HMQHeAZqfQ,IdkSterling,https://www.youtube.com/channel/UC0GbKJaeEN9k5CG1NLbN6Ow,2026-05-03T13:09:13.793Z,63.0,70.777,63.0
Is This Dog a Puppy or a Senior?,https://www.youtube.com/watch?v=mLAqo_pRhnA,WeRateDogs,https://www.youtube.com/channel/UC5JWr3uyRSVcoUSk41-qkSw,2026-05-03T13:05:54.669Z,157.0,199.124,157.0
We stole lululemon’s designs and made them less terrible for the environment,https://www.youtube.com/watch?v=a_15Ka7Vqt4,Oli Frost,https://www.youtube.com/channel/UC11YzVs4e4h9kIt4VzUS6yQ,2026-05-03T13:04:47.420Z,59.0,67.249,59.0
BiggestLieInFitnessMixed.mov,https://www.youtube.com/watch?v=Czf7AZTsmfw,,,2026-05-03T13:04:32.727Z,32.0,14.693,14.693
The Power of Music,https://www.youtube.com/watch?v=1TndHLc7gCQ,Vallie,https://www.youtube.com/channel/UCQbzvp8HkEuTDltlNENeO2w,2026-05-03T13:03:30.196Z,39.0,62.531,39.0
Us vs. Them | iHerb,https://www.youtube.com/watch?v=GS-wtWFiIbw,,,2026-05-03T13:03:14.814Z,19.0,15.382,15.382
Our ancestors were on to something😳| #shorts,https://www.youtube.com/watch?v=2kz-LR2hZCo,andrewchews,https://www.youtube.com/channel/UC0ufTrTrxyufnjevLljJcEQ,2026-05-03T13:01:58.288Z,74.0,76.526,74.0
Everything you MISSED in Project Hail Mary Explained in 8 Minutes,https://www.youtube.com/watch?v=i36GFQhAoOU,Flop Guy,https://www.youtube.com/channel/UCyYH7sWR4NzXDHJXCE3iMNg,2026-05-03T13:00:41.970Z,521.0,76.318,76.318
They’re  Removing Their Ribs to Look like Toddlers. And the Internet is PAYING Them.,https://www.youtube.com/watch?v=PPzZmZnPfk4,Betty Unfiltered ,https://www.youtube.com/channel/UC5vsOcbmUumL_e7ItwWV4Rw,2026-05-03T12:59:56.354Z,912.0,45.616,45.616
Shortened: chrystelle.mp4,https://www.youtube.com/watch?v=7jEQXhxGaMc,,,2026-05-03T12:59:48.847Z,17.0,7.507,7.507
Golf (Short) | LiMu Emu & Doug | Liberty Mutual Insurance Commercial,https://www.youtube.com/watch?v=U5pXp1pAwjU,,,2026-05-03T12:59:45.717Z,16.0,3.13,3.13
"He Was Born a Grown Man With Unlimited IQ, But No One Could Explain What He Was",https://www.youtube.com/watch?v=Ayp1o-zbHNI,TheCutFrame,https://www.youtube.com/channel/UCBlOaRIEDAE55yPcdTVeVlg,2026-05-03T12:56:24.200Z,3178.0,201.517,201.517
Blokz With Friends 3,https://www.youtube.com/watch?v=-ve3T-kUGeI,,,2026-05-03T12:56:15.278Z,31.0,8.922,8.922
Project Hail Mary: I Wasn’t Ready for Rocky,https://www.youtube.com/watch?v=KxXugCwTKUY,The Hex Effect - Film & TV Analysis,https://www.youtube.com/channel/UCMMHFaMjPodPzVkaOzJKqvw,2026-05-03T12:52:32.714Z,369.0,222.564,222.564
Flying High: The Funniest Moments in the Sky!#FlyingHigh #Airplane #SkyLaughs #TravelHumor,https://www.youtube.com/watch?v=stroLyCe_iY,YaislyPet,https://www.youtube.com/channel/UCr6yjCb7QgMAZ4RmBP0_u9g,2026-05-03T12:50:45.821Z,70.0,106.893,70.0
When you're walking a greyhound and a bike passes #funny #humor #shorts,https://www.youtube.com/watch?v=1HTy7pEdoq4,"PowerUp, Your Daily Dose of Fun and Energy",https://www.youtube.com/channel/UCfwIbesNwHg-lhRcyVNSwhQ,2026-05-03T12:49:53.321Z,25.0,52.5,25.0
Golf (Short) | LiMu Emu & Doug | Liberty Mutual Insurance Commercial,https://www.youtube.com/watch?v=OuB4R4KgUjo,,,2026-05-03T12:49:23.643Z,16.0,29.678,16.0
#makeup #drugstoremakeup #dollartree #budgetfriendly #makeuptutorial #affordablemakeup,https://www.youtube.com/watch?v=kGBPkbEmjFc,Olivia Olfactory,https://www.youtube.com/channel/UCRGkzuXpYq4hCDGKe-9P50g,2026-05-03T12:49:18.328Z,159.0,5.315,5.315
Grace goes home | Project Hail Mary animatic,https://www.youtube.com/watch?v=pPv-v-3I8gI,hoosegorse,https://www.youtube.com/channel/UCWvC5rpZuq4zwKLK6KsMkvA,2026-05-03T12:46:22.438Z,111.0,175.89,111.0
Upside_Reel_TheEmilyEdition.MOV,https://www.youtube.com/watch?v=tcPpEm7M1vI,,,2026-05-03T12:46:16.638Z,38.0,5.8,5.8
Carnival cruises are the GHETTO 💀,https://www.youtube.com/watch?v=-7thw7ZsbsM,Yung Vec,https://www.youtube.com/channel/UCXEJoWOZBrQ9qJqPQmJezOg,2026-05-03T12:45:55.717Z,10.0,20.921,10.0
Wait for it #badboys #funnycops #cops #police,https://www.youtube.com/watch?v=CJ47EkLwmyA,Van Binh Vu,https://www.youtube.com/channel/UCdtHhMP9MJmGGsmGguKY4Yw,2026-05-03T12:44:47.711Z,59.0,68.006,59.0
"The Same Joke, Perfected 3 Times #ShaunOfTheDead #EdgarWright #SimonPegg #CornettoTrilogy",https://www.youtube.com/watch?v=HR3QNgJJXTU,Your Feature Presentation,https://www.youtube.com/channel/UC9mORvwI7UcWsFQfFQYO7Ww,2026-05-03T12:43:59.385Z,42.0,48.326,42.0
My cleaning lady taught me this!,https://www.youtube.com/watch?v=gOMHEmUU940,The Daily Nelly,https://www.youtube.com/channel/UCy6EyOOm_3LN40oDIbk9Eqg,2026-05-03T12:43:02.574Z,45.0,56.811,45.0
"horse be like “alright little man, calm down”",https://www.youtube.com/watch?v=72m-T5jg2L0,girlyeraviral,https://www.youtube.com/channel/UCZb8g8cHLVYCV_Sr09X3IdA,2026-05-03T12:40:51.858Z,47.0,130.716,47.0
Giant_x_Upside_BigDeal_Promo_Square_GIANT10.mp4,https://www.youtube.com/watch?v=ESAA2jKvNko,,,2026-05-03T12:40:31.358Z,16.0,20.5,16.0
Her world is SO BIG 🥹,https://www.youtube.com/watch?v=Lsg7eKdCEBE,Videos that make your day better ,https://www.youtube.com/channel/UCBp4nh-pgJCtO-bTzomzSqA,2026-05-03T12:35:41.734Z,65.0,289.624,65.0
No Cuts. No Tricks. Just Pure Talent… Watch This 😳 #filmflashbacks,https://www.youtube.com/watch?v=hCebwrPNwmo,Hollywood Flashback,https://www.youtube.com/channel/UCSiFFuHRNkEjGhoxH7_8u_w,2026-05-03T12:35:04.813Z,54.0,36.921,36.921
ASMR Realistic Makeup & Skincare Roleplay | Professional Personal Attention (Binaural 3Dio),https://www.youtube.com/watch?v=9J4LFoa9Bfc,Lizi ASMR,https://www.youtube.com/channel/UCite3fyBIq-46XlGxG2NXhQ,2026-05-03T11:03:24.419Z,2283.0,5500.394,2283.0
KarimIce_12082025_50%_2025-12-17_14-33-22.mp4,https://www.youtube.com/watch?v=5yyZ3ANeOCk,,,2026-05-03T11:02:59.566Z,44.0,24.853,24.853
Pairfect Match AI // GlassesUSA.com,https://www.youtube.com/watch?v=8Ryx5g22kBQ,,,2026-05-03T11:02:38.682Z,48.0,20.884,20.884
This dogs attitude is bigger than his size#dog #funnydog #funny #dogs,https://www.youtube.com/watch?v=g99AKCXiQUg,Sydney Graham,https://www.youtube.com/channel/UC2DMjmsLym8m1Nf6vvUAtog,2026-05-03T11:00:54.839Z,93.0,103.843,93.0
Zenni -  Frames for Every Moment (15),https://www.youtube.com/watch?v=bnPR8_xJYpU,,,2026-05-03T10:47:23.722Z,16.0,811.117,16.0
elf SKINFLUENCER newness 30s 16x9 US,https://www.youtube.com/watch?v=c6gdBYfyJEA,,,2026-05-03T05:33:42.767Z,31.0,18820.955,31.0
Firmoo Spring 2026 Collection | Urban Easy-to-Wear Glasses for Everyday Style #eyewearstyle #firmoo,https://www.youtube.com/watch?v=QK0dJckw6Ao,,,2026-05-03T05:03:53.930Z,33.0,1788.837,33.0
Warby Parker | What You Get for $95 - 15,https://www.youtube.com/watch?v=AZV2t80IN4k,,,2026-05-03T05:03:33.708Z,16.0,20.222,16.0
NEW CVS Deals Starting 5/3! ✨,https://www.youtube.com/watch?v=YQ2YtKyEJ0Y,kaylakoupons,https://www.youtube.com/channel/UCIIMBC1_PbbMthX9C_wmaCg,2026-05-03T02:58:19.323Z,160.0,7514.385,160.0
#FETCHTOPIA DEALS pt 2! #Target & Walmart Rebate Haul! Free #IBOTTA OFFERS! #cupones #couponing,https://www.youtube.com/watch?v=mEfTjPcJ6n4,Couponing Deals,https://www.youtube.com/channel/UCcuY6CN9m1AkhLn-jCryGjw,2026-05-03T02:56:43.361Z,44.0,95.962,44.0
Nature tank tops by Mallory Leckey 🐞🦋🪲#asmr #whispering #unboxing,https://www.youtube.com/watch?v=YNb0V0Vi524,Goodnight Moon,https://www.youtube.com/channel/UClMJgjg2z_IrRm6J9KrhcuQ,2026-05-03T02:56:27.618Z,180.0,15.743,15.743
Zenni -  Frames for Every Moment (30),https://www.youtube.com/watch?v=17weLuJT-34,,,2026-05-03T02:56:21.708Z,31.0,5.91,5.91
Finding movie mistakes are always 10/10 experiences😂#moviemistakes#funnyvideos#foryou#fyp #funny,https://www.youtube.com/watch?v=HrqIvCxqcZY,Braxton Anabel,https://www.youtube.com/channel/UC5MUJ-lVKUzs0uSav0omSew,2026-05-03T02:43:26.058Z,54.0,775.65,54.0
Blokz With Friends 3,https://www.youtube.com/watch?v=-ve3T-kUGeI,,,2026-05-03T02:43:11.385Z,31.0,14.673,14.673
I asked a random guy for a ride and ended up finding the SOFTEST hair wash ever 😭🇯🇵 Japan just hits,https://www.youtube.com/watch?v=zi1T4w0wteY,Millylivinnn,https://www.youtube.com/channel/UCHMsgQTG5cUCGWfBgL_hZvQ,2026-05-02T15:23:52.592Z,155.0,40758.793,155.0
Upside_192027_ComsumerPaidSocialRefresh2_GroceryGlowUp_SequenceBuild_1x1_D6_Giant.mp4,https://www.youtube.com/watch?v=PgLg1293YH4,,,2026-05-02T15:23:47.452Z,16.0,5.14,5.14
| Ulta Beauty,https://www.youtube.com/watch?v=2ZMWPxuMMw4,,,2026-05-02T09:42:33.330Z,31.0,20474.122,31.0
0325 ELF GRMLB DRINKITUP youasked 15s 16x9 US,https://www.youtube.com/watch?v=21eFsUfPqvc,,,2026-05-02T09:42:13.044Z,16.0,20.286,16.0
"ASMR Celebrity Backstage Roleplay ✨ Haircut, Makeup & Jewelry",https://www.youtube.com/watch?v=DGZLP8oKX08,Lizi ASMR,https://www.youtube.com/channel/UCite3fyBIq-46XlGxG2NXhQ,2026-05-02T09:01:55.814Z,2421.0,2417.23,2417.23
Upside_192027_ComsumerPaidSocialRefresh2_GroceryGlowUp_SequenceBuild_16x9_Giant.mp4,https://www.youtube.com/watch?v=nfpRCujURos,,,2026-05-02T09:01:48.687Z,15.0,7.127,7.127
Disney+ and Hulu,https://www.youtube.com/watch?v=MD_xjyNRDV0,,,2026-05-02T08:58:31.309Z,31.0,197.378,31.0
Golf (Short) | LiMu Emu & Doug | Liberty Mutual Insurance Commercial,https://www.youtube.com/watch?v=OuB4R4KgUjo,,,2026-05-02T04:29:42.462Z,16.0,16128.847,16.0
iHerb_Sep_12B_FitnessCategory_Feed,https://www.youtube.com/watch?v=GRmmabV27Lc,,,2026-05-02T04:29:12.197Z,25.0,30.265,25.0
Doing Your Makeup While I Ramble About Beauty & Self-Care 💄 (ASMR Makeup Roleplay),https://www.youtube.com/watch?v=bp_0mK0lXYI,Lizi ASMR,https://www.youtube.com/channel/UCite3fyBIq-46XlGxG2NXhQ,2026-05-02T03:53:06.898Z,2110.0,2165.299,2110.0
0325 ELF GRMLB DRINKITUP youasked 15s 16x9 US,https://www.youtube.com/watch?v=21eFsUfPqvc,,,2026-05-02T03:52:59.804Z,16.0,7.094,7.094
Black Jeopardy with Tom Hanks - SNL,https://www.youtube.com/watch?v=O7VaXlMvAvk,Saturday Night Live,https://www.youtube.com/channel/UCqFzWxSCi39LnW1JKFR3efg,2026-05-02T03:48:02.856Z,399.0,296.948,296.948
Disney+ and Hulu,https://www.youtube.com/watch?v=lX0ujrW555w,,,2026-05-02T03:47:46.165Z,31.0,16.691,16.691
"Lauren the Mortician Explains Coffin Birth (Yes, It's Real)",https://www.youtube.com/watch?v=ypJ05ElaYow,Lauren the Mortician,https://www.youtube.com/channel/UCeenjjUm1ZM8NwXel5sd3pQ,2026-05-02T03:43:00.612Z,660.0,285.553,285.553
On | Introducing the first co-created collection with Zendaya.,https://www.youtube.com/watch?v=wBIg2aVkB7g,,,2026-05-02T03:42:53.811Z,18.0,6.801,6.801
Ryan Gosling single-handedly restoring my faith in men,https://www.youtube.com/watch?v=zgYjOhq0_1M,devyn,https://www.youtube.com/channel/UCUZyTUd8aXqn-QarnktAJng,2026-05-02T03:41:21.848Z,552.0,91.963,91.963
DCD-Duo-3707| Hulu,https://www.youtube.com/watch?v=NED7akOeHjY,,,2026-05-02T03:40:44.126Z,16.0,37.722,16.0
DY Madison Product 6s update 1920x1080 1,https://www.youtube.com/watch?v=C1JhkD5nzmI,,,2026-05-02T03:39:55.535Z,6.0,48.591,6.0
She Cried About Her Flat Chest For 6 Years. It Was all a Plan: Clara Dao,https://www.youtube.com/watch?v=7M3ESDJoqVY,Betty Unfiltered ,https://www.youtube.com/channel/UC5vsOcbmUumL_e7ItwWV4Rw,2026-05-02T03:32:15.427Z,1070.0,460.108,460.108
Stop Pretending Coffee Is Self-Care.. | iHerb,https://www.youtube.com/watch?v=7QVcdKB1Hnc,,,2026-05-02T03:31:24.609Z,14.0,50.818,14.0
Shortened: DadLifeGaming_Reel_20251201_50%_2025-12-17_14-33-26.mp4,https://www.youtube.com/watch?v=Sy-y9jxmv84,,,2026-05-02T03:31:12.568Z,35.0,12.041,12.041
‘Folded boy’ takes big step to standing up straight,https://www.youtube.com/watch?v=mRzwab5b5lk,South China Morning Post,https://www.youtube.com/channel/UC4SUWizzKc1tptprBkWjX2Q,2026-05-02T03:25:35.163Z,373.0,337.405,337.405
Vertical: W32 Datto FoodFirst 16x9,https://www.youtube.com/watch?v=sLYkgdDPyF4,,,2026-05-02T03:25:29.288Z,53.0,5.875,5.875
Lying Challenge...but we BOTH have Stella🫠🤣🤣#lyingchallenge #coupleschallenge #relationshipgames,https://www.youtube.com/watch?v=4ywzsAC5A4c,Lifestyle By Brea,https://www.youtube.com/channel/UCNrU2l9SyZuBwUJjyGuDxQA,2026-05-02T03:20:58.699Z,179.0,270.589,179.0
Amniotic Membrane Gave Me My Eyesight Back,https://www.youtube.com/watch?v=IrSQT3RZonQ,Kara,https://www.youtube.com/channel/UCXK3rwKd_yUWV7PU65ESnOw,2026-05-02T03:19:22.534Z,111.0,96.165,96.165
This map knows where you grew up #maps #geography #accent #usa #didyouknow,https://www.youtube.com/watch?v=pT0zm7ooe-M,Matt Forrest,https://www.youtube.com/channel/UCbtQr5PwnP28jLTV4rmo-uA,2026-05-02T03:16:28.874Z,,173.66,173.66
Eavesdrop on Ultrasonic Rat Giggles,https://www.youtube.com/watch?v=78PfGQbL-g0,Scientific American,https://www.youtube.com/channel/UC_xYMXx_-mAzheKyEtwtCAQ,2026-05-02T03:15:12.538Z,97.0,76.336,76.336
A GenAI Tool To Help Our Agents Answer Customers Faster: That’s How We Stack (:15s) | Capital One,https://www.youtube.com/watch?v=T4-bfOYNm1c,,,2026-05-02T03:14:58.724Z,16.0,13.814,13.814
Is this for real?? 😂,https://www.youtube.com/watch?v=qbD572pG49U,America's Got Talent,https://www.youtube.com/channel/UCT2X19JJaJGUN7mrYuImANQ,2026-05-02T03:12:50.360Z,114.0,128.364,114.0
I Braid My Lashes Every Night  😍 #eyelashes #eyelashhack #beauty,https://www.youtube.com/watch?v=57k4KZWBW0I,Four Nine,https://www.youtube.com/channel/UCKDAKjDMmrKO4chBd_waytg,2026-05-02T03:11:37.912Z,105.0,72.448,72.448
One of the best exercises to grow your glutes 🤩  #wilsoncoaching #fitness #gym,https://www.youtube.com/watch?v=y2i8VUpob7w,Shiv Wilson,https://www.youtube.com/channel/UCkmw8JgDZy3NAyHEtUGpdhg,2026-05-02T03:11:03.667Z,88.0,34.245,34.245
"Urgh, that final moment though! 🤢 #socialanxiety #survivor #singlelife #reallife",https://www.youtube.com/watch?v=I9TCkbNEtuo,My Drama Free Diaries 🕊️,https://www.youtube.com/channel/UCpZQ6lE1FAkLJBeYp188KHw,2026-05-02T03:08:51.421Z,95.0,132.246,95.0
5G Home Minternet | Mint Mobile,https://www.youtube.com/watch?v=kXGL6WxUiMM,,,2026-05-02T03:08:21.841Z,31.0,29.58,29.58
Shortened: BiggestLieInFitnessMixed.mov,https://www.youtube.com/watch?v=XKfbHF9Ndvs,,,2026-05-02T03:08:20.433Z,15.0,1.408,1.408
Upside_192027_ComsumerPaidSocialRefresh2_GroceryGlowUp_SequenceBuild_1x1_D6_Giant.mp4,https://www.youtube.com/watch?v=PgLg1293YH4,,,2026-05-02T03:08:14.752Z,16.0,5.681,5.681
Skincare YES or NO  #skincare #dermatologist #dermangelo,https://www.youtube.com/watch?v=7KejmjJjKIM,DermAngelo,https://www.youtube.com/channel/UCu0V4K1jf8cISkIzpi77p9Q,2026-05-02T03:06:10.230Z,170.0,124.522,124.522
How I Become Paralyzed At 16 😱 #shorts #health #paralysed #lifestory,https://www.youtube.com/watch?v=Oglf8TbelTI,Four Nine,https://www.youtube.com/channel/UCKDAKjDMmrKO4chBd_waytg,2026-05-02T03:04:34.999Z,88.0,95.231,88.0
This vulture is lowkey funny 🤣🦅#vulture #funnyanimals #birds #wildlife #nature,https://www.youtube.com/watch?v=hUwifFrh0pA,Birdbraintv,https://www.youtube.com/channel/UCfbmPBx2u8b02qWQtt4mPXg,2026-05-02T03:03:16.046Z,60.0,78.953,60.0
3D printing Winx Alfea College as a Polly Pocket set,https://www.youtube.com/watch?v=f_u3n5N0aQc,Slam 3D,https://www.youtube.com/channel/UCRfquP6KGfM4ZNAjmI39ZIA,2026-05-02T03:00:11.736Z,180.0,184.31,180.0
The movie theater is always more entertaining than the movie itself 🍿😂#Cinema #Funny #Fail,https://www.youtube.com/watch?v=QvNNl5xsEVU,Laugh of the day,https://www.youtube.com/channel/UCbN3mZ83QI5CGK3FDkuAzaA,2026-05-02T02:58:49.903Z,76.0,81.833,76.0
Shaquille O’Neal’s Money Advice To Young People,https://www.youtube.com/watch?v=D4RppC6PHZU,CNBC Make It,https://www.youtube.com/channel/UCH5_L3ytGbBziX0CLuYdQ1Q,2026-05-02T01:22:25.593Z,75.0,5784.31,75.0
Ryan Gosling Won't Eat His Cereal (2013-2014 Vine Compilation),https://www.youtube.com/watch?v=FkpCP9R1Jjc,Ryan McHenry,https://www.youtube.com/channel/UCqPWKwMOIoigfCHdDmVb38w,2026-05-02T01:01:54.109Z,107.0,1231.484,107.0
I've Been DENIED Cosmetic Surgery - Here's What's Happened (My Surgery Was CANCELLED By Them) & HAUL,https://www.youtube.com/watch?v=Lq4lYZ0LDIg,,,2026-05-02T01:01:36.327Z,1294.0,17.782,17.782
Square: Poshmark Festival Picknyoutfit Horizontal_Anna,https://www.youtube.com/watch?v=EgToaUGuu5o,,,2026-05-02T01:01:22.423Z,7.0,13.904,7.0
POV: Your Vitamins Arrive In Tact | iHerb,https://www.youtube.com/watch?v=Tc-ICCpDxUc,,,2026-05-02T01:01:16.267Z,19.0,6.156,6.156
SweetTooth_LemonPie_Campaign_Cutdown_15s_1x1.mp4,https://www.youtube.com/watch?v=VM5bgD65dBM,,,2026-05-02T01:01:08.928Z,15.0,7.339,7.339
Square: Us vs. Them | iHerb,https://www.youtube.com/watch?v=Aii0dsYQ4TQ,,,2026-05-02T01:01:02.984Z,19.0,5.944,5.944
I Look So Hot Femme That My Girlfriend Got Nervous | TRANSFORMED,https://www.youtube.com/watch?v=opSZqk_kAdA,Transformed,https://www.youtube.com/channel/UCK3EJttMTEyx90ReNP1MxCA,2026-05-02T00:57:47.226Z,530.0,195.758,195.758
Dances From Around The World,https://www.youtube.com/watch?v=HOUQYFNwmUY,Ed People,https://www.youtube.com/channel/UC6SrBgEY5mUqiadXsz070GQ,2026-05-02T00:54:31.726Z,179.0,195.5,179.0
Planet fitness is the Walmart of gyms,https://www.youtube.com/watch?v=I33FKxjxMqQ,girlies mob,https://www.youtube.com/channel/UCwxDPFkakDmzUmUo_WfMf3Q,2026-05-02T00:53:23.589Z,60.0,68.137,60.0
I haven't washed my face in MONTHS 🤢,https://www.youtube.com/watch?v=GIpOY-6qKs8,Four Nine,https://www.youtube.com/channel/UCKDAKjDMmrKO4chBd_waytg,2026-05-02T00:51:45.102Z,96.0,98.487,96.0
Shortened: KarimIce_12082025_50%_2025-12-17_14-33-22.mp4,https://www.youtube.com/watch?v=dytyovPKhYo,,,2026-05-02T00:51:13.317Z,18.0,31.785,18.0
😭🔥 #scrillhassan #chicago  #california #detroit #funny #comedy #shorts #fyp #gfunk #police #kids,https://www.youtube.com/watch?v=mffgo7g0OXc,Scrill Hassan,https://www.youtube.com/channel/UCK6p8PmHDad_A_cmTRrpjVg,2026-05-02T00:50:01.303Z,15.0,72.014,15.0
Talk About it in Therapy,https://www.youtube.com/watch?v=7zzHTNXJjhU,,,2026-05-02T00:49:34.302Z,60.0,27.001,27.001
From Refugee to Bakery Owner 🇺🇸,https://www.youtube.com/watch?v=mGbCIjV8RtA,Baked by Nech ,https://www.youtube.com/channel/UC_aj4dQSeUOxNHZFVWr6Ckw,2026-05-02T00:45:24.271Z,135.0,250.031,135.0
Their Halloween costumes are truly stunning #halloween #halloweencostume #halloweenideas,https://www.youtube.com/watch?v=SQ7H7KZpKwk,Dextar Obstor,https://www.youtube.com/channel/UC34g6I02Va8uG2IO7lHFZZg,2026-05-02T00:44:14.408Z,57.0,69.863,57.0
he combo'd the girl at the end💀😭 #shorts #trending #viral #memes #funny,https://www.youtube.com/watch?v=xl9GVhfx93Y,Kiru Sheets,https://www.youtube.com/channel/UCqjc8gU769rF_gkX3UD2ilw,2026-05-02T00:42:25.288Z,,109.12,109.12
NEW CVS Deals Starting 5/3! ✨,https://www.youtube.com/watch?v=YQ2YtKyEJ0Y,kaylakoupons,https://www.youtube.com/channel/UCIIMBC1_PbbMthX9C_wmaCg,2026-05-02T00:39:40.027Z,160.0,165.261,160.0
Final boss of OVERBLUSHING,https://www.youtube.com/watch?v=bk6TRUHy_ZM,Christxiee,https://www.youtube.com/channel/UCxS3fmRNz8Vt-TzILSDQ-yQ,2026-05-02T00:39:08.888Z,89.0,31.139,31.139
They Raised Identical Twins… But Can They Tell Us Apart? 👀 | Mom vs Dad Challenge,https://www.youtube.com/watch?v=odV_HxjYvHc,Hannah Heidi,https://www.youtube.com/channel/UCAxjlAhAA2ZqDtHKRIVzR0Q,2026-05-02T00:38:02.337Z,71.0,66.551,66.551
Giant_x_Upside_BigDeal_Promo_Square_GIANT10.mp4,https://www.youtube.com/watch?v=ESAA2jKvNko,,,2026-05-02T00:37:56.901Z,16.0,5.436,5.436
New buldak noodle flavour!! #buldakramen #koreanconveniencestore #koreanfood #conveniencestore,https://www.youtube.com/watch?v=fVmEnrND1rU,Jiny Maeng,https://www.youtube.com/channel/UCwAY7nGTv_BApJYjdwi3VdA,2026-05-01T22:58:21.440Z,60.0,5975.461,60.0
Daniel Pemberton - Time Go Fishing | Project Hail Mary (Original Motion Picture Score),https://www.youtube.com/watch?v=OsSRIjgJDnI,SonySoundtracksVEVO,https://www.youtube.com/channel/UCGkX_HCD_T5XOwxi_KR6YoQ,2026-05-01T22:53:40.044Z,432.0,281.396,281.396
Savor Every Moment at Bonefish Grill | Perfect for Every Occasion,https://www.youtube.com/watch?v=1qUPdar5EeM,,,2026-05-01T22:53:32.639Z,31.0,7.405,7.405
Zevo l I Need a Zevo,https://www.youtube.com/watch?v=PdswRzuHjHs,,,2026-05-01T22:53:26.088Z,7.0,6.551,6.551
Project Hail Mary | Watch Rocky Sleep (Ft. Original Motion Picture Score),https://www.youtube.com/watch?v=afEsGG1O2m8,Amazon MGM Studios,https://www.youtube.com/channel/UCf5CjDJvsFvtVIhkfmKAwAA,2026-05-01T22:50:29.694Z,8190.0,176.394,176.394
Find What's Within - 15 alt,https://www.youtube.com/watch?v=RtBJqpJpEL8,,,2026-05-01T22:49:49.681Z,16.0,40.013,16.0
Try it on with Google,https://www.youtube.com/watch?v=WNQbp2bMIbg,,,2026-05-01T22:49:49.680Z,46.0,0.001,0.001
No Celebrity Has ZERO Filter Like Harrison Ford _ and It’s HILARIOUS!,https://www.youtube.com/watch?v=gExBoPbFj68,Pop Potion ,https://www.youtube.com/channel/UCBDPtMdQPMTqYjPNKDUTPug,2026-05-01T22:06:01.791Z,989.0,2627.889,989.0
Annoyed but supportive 🤣,https://www.youtube.com/watch?v=LIynYXMnyTY,Videos that make your day better ,https://www.youtube.com/channel/UCBp4nh-pgJCtO-bTzomzSqA,2026-05-01T22:05:40.167Z,16.0,21.624,16.0
No boring moments with Australian wildlife#fyp #foryou #shorts,https://www.youtube.com/watch?v=yIQVtJU6NcI,Babar Chavakkad,https://www.youtube.com/channel/UCS7w8zSryWA5nGOeyWse-nA,2026-05-01T22:03:17.566Z,85.0,142.601,85.0
trying GLOWING makeup?! 🦋💡✨,https://www.youtube.com/watch?v=2Y2sBUxOLUg,NikkieTutorials,https://www.youtube.com/channel/UCzTKskwIc_-a0cGvCXA848Q,2026-05-01T22:00:48.870Z,106.0,148.696,106.0
This video will go to everyone’s feed who need it 🥰❤️#goldenretriever #dog #viral,https://www.youtube.com/watch?v=MkJ6vX1Y1eA,Max The Golden Boy ,https://www.youtube.com/channel/UCHxoWyQL0kOGzSMatJnUmOQ,2026-05-01T21:59:50.002Z,31.0,58.868,31.0
I Tried Every Cheesecake from The Cheesecake Factory,https://www.youtube.com/watch?v=XzdsnBX-DAE,JonnyCakes,https://www.youtube.com/channel/UCp9hJSTr4zj4bDoGAusKpWQ,2026-05-01T14:24:09.575Z,1848.0,27340.427,1848.0
"DIOR ADDICT, THE NEW LIP GLOW OIL",https://www.youtube.com/watch?v=_P0t_tQte98,,,2026-05-01T14:24:02.174Z,10.0,7.401,7.401
ASMR Tamal LADY with Strong Mexican ACCENT Does Your Makeup 🌮💄Roleplay ,https://www.youtube.com/watch?v=ogxYiCiPHBs,ASMR Jonie,https://www.youtube.com/channel/UCo7kA3XcXrqS8_cbz5GboCg,2026-05-01T12:47:28.647Z,2475.0,5793.527,2475.0
On | Introducing the first co-created collection with Zendaya.,https://www.youtube.com/watch?v=3o-DNSaMGIQ,,,2026-05-01T12:47:22.323Z,12.0,6.324,6.324
TOTAL KITCHEN RENO PLAN - UPDATE / FIRST WEEK of 'DIET' FOOD LOVING - TIPS / KOREAN BEEF SOUP | VLOG,https://www.youtube.com/watch?v=EakPlYnyGAw,,,2026-05-01T12:46:43.396Z,2426.0,38.927,38.927
never underestimate the user #coding #programming #javascript #python,https://www.youtube.com/watch?v=q7CgRt_-trM,CodeVenture,https://www.youtube.com/channel/UC4ethzH5G8rzlN-tLdeAvHw,2026-05-01T12:44:25.504Z,11.0,137.892,11.0
When Other Animals Get Close to a Big Cat😂#FunnyAnimals #Shorts #CuteAnimals#Wildlife#foryoupage,https://www.youtube.com/watch?v=P4Ju95eSB_w,lnteresting_things8896,https://www.youtube.com/channel/UCQRuKBbqK3PGxWjoWFHKrLg,2026-05-01T12:41:53.569Z,66.0,151.935,66.0
Super comfortable scalp care,https://www.youtube.com/watch?v=01eUI7ejST0,ZXUN ASMR,https://www.youtube.com/channel/UCQKs9r-PyIZWgnGQdJWzjHA,2026-05-01T12:38:38.384Z,2312.0,195.185,195.185
ASMR Close Your Eyes 💆‍♀️ You’re at My Spa | Whispered Facial Treatment,https://www.youtube.com/watch?v=tRnIu58__Fg,Lizi ASMR,https://www.youtube.com/channel/UCite3fyBIq-46XlGxG2NXhQ,2026-05-01T12:38:18.672Z,1913.0,19.712,19.712
PODS Biggest Sale of Year is here! Save up to 30% until May 18! | PODS,https://www.youtube.com/watch?v=0r-UagQLMso,,,2026-05-01T12:37:50.793Z,31.0,27.879,27.879
"ASMR Relaxing Scalp Check for Itchy Scalp😌✨ scratching, lice check, brushing, treatment",https://www.youtube.com/watch?v=-R74ORpHgVs,Latte ASMR,https://www.youtube.com/channel/UCQe2Y7V-C9bNMAcCJCBvzQQ,2026-05-01T12:32:59.325Z,2254.0,291.468,291.468
ASMR Goddess Roleplay 🌸 Royal Healing Retreat for Sleep | Persephone Greek Mythology,https://www.youtube.com/watch?v=Z6fRyo5ZoIk,Nefertiti ASMR,https://www.youtube.com/channel/UCjdrWVupyh91KleqCSuXgzQ,2026-05-01T12:32:48.346Z,2154.0,10.979,10.979
Shortened: Is iHerb Legit?,https://www.youtube.com/watch?v=ImLOG90czAc,,,2026-05-01T12:32:36.943Z,27.0,11.403,11.403
Giant_x_Upside_BigDeal_Promo_Portrait_GIANT10.mp4,https://www.youtube.com/watch?v=ZJl8fCCE4UQ,,,2026-05-01T12:32:16.633Z,16.0,20.31,16.0
ASMR Bridgerton Themed Hot Towel Shave 🪒 | Getting You Ready for the Ball,https://www.youtube.com/watch?v=4y6mWm9LjLg,Amy Kay ASMR,https://www.youtube.com/channel/UCCOto-kMfW8FA-nRH54F9Dg,2026-05-01T12:31:02.098Z,2120.0,74.535,74.535
Bridgerton ASMR | Getting You Ready For The Queen's Ball - You Will Be The Diamond Of The Season 💎,https://www.youtube.com/watch?v=YLI5rWAwdms,ASMR Shanny,https://www.youtube.com/channel/UCJbZIdpEuS5YmV7KkFdA0mw,2026-05-01T12:27:52.683Z,4981.0,189.415,189.415
ASMR Your New Jersey Italian Aunt Goes to a Bridgerton Ball Roleplay,https://www.youtube.com/watch?v=5ShPwHXDAMc,Alicatz ASMR,https://www.youtube.com/channel/UCuChicvdGtO4n74rBRD4KVg,2026-05-01T12:27:37.840Z,644.0,14.843,14.843
ASMR - Citizenship Test - Australian Accent - Reading the Questions & Answers in a Quiet Whisper,https://www.youtube.com/watch?v=SglrJAIYmew,Aussie ASMR Man,https://www.youtube.com/channel/UCPaRIciKeibjz4hfY4AS19Q,2026-05-01T12:26:02.710Z,1701.0,95.13,95.13
Verizon Fios,https://www.youtube.com/watch?v=4BOIRB9huBs,,,2026-05-01T12:23:17.414Z,16.0,165.296,16.0
"Disney+, Hulu Bundle",https://www.youtube.com/watch?v=pL8yFuqUx3g,,,2026-05-01T12:23:09.449Z,31.0,7.965,7.965
What Happens When Your Vitamins Sit In a Hot Warehouse.. | iHerb,https://www.youtube.com/watch?v=itT2aLarZ_U,,,2026-05-01T12:22:04.646Z,17.0,64.803,17.0
Square: HRZN YT Snell AI Can t Do That A  HVAC Video 15 Feb 2026,https://www.youtube.com/watch?v=nDbegE6AGSM,,,2026-05-01T12:20:09.131Z,16.0,115.515,16.0
I was expecting a horse but not a dinosaur 😂,https://www.youtube.com/watch?v=vD9Ru_pkivo,Videos that make your day better ,https://www.youtube.com/channel/UCBp4nh-pgJCtO-bTzomzSqA,2026-05-01T12:16:49.304Z,86.0,199.827,86.0
Golf (Short) | LiMu Emu & Doug | Liberty Mutual Insurance Commercial,https://www.youtube.com/watch?v=U5pXp1pAwjU,,,2026-05-01T11:26:21.198Z,16.0,3028.106,16.0
"ASMR Full Beauty Makeover💅 Makeup, Manicure, Haircut & Hairstyling (Personal Attention)",https://www.youtube.com/watch?v=MYtaw9ox6PM,Lizi ASMR,https://www.youtube.com/channel/UCite3fyBIq-46XlGxG2NXhQ,2026-05-01T10:45:23.344Z,2465.0,2457.854,2457.854
NEW DIOR FOREVER SKIN WEAR,https://www.youtube.com/watch?v=CsJdvffnPzM,,,2026-05-01T10:44:38.801Z,10.0,44.543,10.0
Giant dog think he’s a tiny puppy 🐶 #dog #bigdog #puppy #fyp #pets,https://www.youtube.com/watch?v=AR7n7nh84mg,DogVibeDaily,https://www.youtube.com/channel/UCkbpveVnduWxP_6-oNOnftQ,2026-05-01T10:42:33.008Z,66.0,125.793,66.0
Horn | LiMu Emu & Doug | Liberty Mutual Insurance Commercial,https://www.youtube.com/watch?v=M-fkJWJPrFE,,,2026-05-01T10:42:12.227Z,16.0,20.781,16.0
iHerb - Boost Energy_Captioned,https://www.youtube.com/watch?v=fBT5T-dHOi0,,,2026-05-01T03:35:33.750Z,31.0,25598.477,31.0
Golf (Short) | LiMu Emu & Doug | Liberty Mutual Insurance Commercial,https://www.youtube.com/watch?v=U5pXp1pAwjU,,,2026-05-01T03:35:13.451Z,16.0,20.299,16.0
"ASMR Distractions for ADHD Brains 🌧️ Calm, Focus, and Sleep",https://www.youtube.com/watch?v=OUQhwKrCyOw,Lizi ASMR,https://www.youtube.com/channel/UCite3fyBIq-46XlGxG2NXhQ,2026-05-01T03:07:08.493Z,1685.0,1684.958,1684.958
Shortened: IceluwCaption_Reel_12012025.mp4,https://www.youtube.com/watch?v=-XijXRja0Fw,,,2026-05-01T03:06:41.566Z,23.0,26.927,23.0
这是我从小走到大的地方#舞者天肉肉编舞 #零基础学舞蹈 #简单易学舞蹈 #庆功天仙曲舞蹈 #古典舞,https://www.youtube.com/watch?v=K6M-pR1oqS0,鹿老板,https://www.youtube.com/channel/UCi9UyTfAHAD0rBNSMBdzeXg,2026-05-01T03:05:42.365Z,51.0,59.201,51.0
Troll your kids part 3,https://www.youtube.com/watch?v=9wmQZ9AKY3U,Shannele,https://www.youtube.com/channel/UCHBmUCjmYtyD3nDZt4XUgFA,2026-05-01T03:05:17.741Z,83.0,24.624,24.624
