title,link,channel,channel_link,date,video_length,time_diff,watch_time
Puzzles & Chaos,https://www.youtube.com/watch?v=ZprV6kMvSEM,,,2026-03-31T20:47:00.613Z,,,
cd0453en1920x1080,https://www.youtube.com/watch?v=zkA-MPYm7eI,,,2026-03-31T20:46:11.435Z,48.0,49.178,48.0
FAT2D01420_EN_zz厨房寻物换人换风格混剪6s_1920x1080_CLS,https://www.youtube.com/watch?v=ApOLPvihFDM,,,2026-03-31T20:46:03.350Z,7.0,8.085,7.0
False Confession for Love? | Jens Soering and Elizabeth Haysom,https://www.youtube.com/watch?v=zZ8Vz87PXiQ,Dr. Todd Grande,https://www.youtube.com/channel/UCC_0vyFTKk1Nlodo4QsiQkw,2026-03-31T20:34:35.786Z,1128.0,687.564,687.564
Shortened: GOF3D8386_EN_FZ混剪-解说轻松经营_1920x1080,https://www.youtube.com/watch?v=yCbGc2K9cO4,,,2026-03-31T20:33:58.337Z,30.0,37.449,30.0
Shortened: PRIME-53739_Together We Command_EN_1920x1080_55s_h264_5zxhqk7wpg_5zxhqk7wpg.mp4,https://www.youtube.com/watch?v=7lz8KAHsfSU,,,2026-03-31T20:33:04.594Z,53.0,53.743,53.0
Puzzles & Survival,https://www.youtube.com/watch?v=amcwaEpVBMs,,,2026-03-31T20:23:54.134Z,47.0,550.46,47.0
Match Factory - Will_bam 30s L,https://www.youtube.com/watch?v=1OolZLprs88,,,2026-03-31T20:23:22.641Z,30.0,31.493,30.0
Cola_14_H_6s,https://www.youtube.com/watch?v=6U8snCP5tlQ,,,2026-03-31T20:23:14.866Z,7.0,7.775,7.0
Shortened: sh0001ben1920x1080,https://www.youtube.com/watch?v=DJvHLloHLTQ,,,2026-03-31T20:23:07.528Z,7.0,7.338,7.0
Fake Physician/Lawyer Uses Facelift to Kill with Bathtub | Martin MacNeill Case Analysis,https://www.youtube.com/watch?v=r7VNPkeLK_0,Dr. Todd Grande,https://www.youtube.com/channel/UCC_0vyFTKk1Nlodo4QsiQkw,2026-03-31T20:16:22.085Z,905.0,405.443,405.443
Shortened: MPY-53760_Pets Scottie Moments_EN_1920x1080_22s_v2_4yzay6tn3s_4yzay6tn3s.mp4,https://www.youtube.com/watch?v=43LHHXXNeQc,,,2026-03-31T20:15:54.262Z,20.0,27.823,20.0
Why Dawn Robinson Won’t Rejoin En Vogue. #shorts #news #facts #90s #drama,https://www.youtube.com/watch?v=_C88Y6P4Bko,Golden Era Stories,https://www.youtube.com/channel/UCNQjEe_EenIKA0a0TY8xYxg,2026-03-31T20:14:15.513Z,159.0,98.749,98.749
Girlhood at its finest ✨#girl #girlhood,https://www.youtube.com/watch?v=mjkSfW0BwdQ,Nove Line Works,https://www.youtube.com/channel/UCd26qcOAyuVEPvkbnK6RYOA,2026-03-31T20:13:52.909Z,60.0,22.604,22.604
Druski said that he would not delete any videos imitating Erica Kirk #shorts #celebrity#viral#druski,https://www.youtube.com/watch?v=mcWchuYyhuU,Hilmar news,https://www.youtube.com/channel/UCesBMu5awz5PXb85FuTc4fQ,2026-03-31T20:13:34.261Z,62.0,18.648,18.648
v3BRL4126zen46SZHK_1280x720_PS,https://www.youtube.com/watch?v=CAHfczehFik,,,2026-03-31T20:13:30.965Z,46.0,3.296,3.296
I love watching Black people discipline their pets 😂 #pets #Black #people #funny #fyp#favorite,https://www.youtube.com/watch?v=ADgoMbdIzcw,vibeclash4,https://www.youtube.com/channel/UC30KiIBdkn50Ztf4cn0s-Qg,2026-03-31T20:12:09.535Z,59.0,81.43,59.0
Shortened: FAT2D04624_EN_zz果汁杯大西瓜餐厅订单条多阶棋子叠加摆放I版试玩转视频60s_1080x1080,https://www.youtube.com/watch?v=MFQf6fr_a5k,,,2026-03-31T20:11:43.262Z,56.0,26.273,26.273
Cutest Baby Moments When Daddy Comes Home 🤗❤️ | Happy Chaos!,https://www.youtube.com/watch?v=ZSPaYp-IlLY,5 Bundle of Giggles,https://www.youtube.com/channel/UCWfCrn4Ng-nPnYoPvUaU5og,2026-03-31T20:11:25.295Z,489.0,17.967,17.967
En Vogue singer Dawn Robinson is homeless and living in her car,https://www.youtube.com/watch?v=VBOQrq4X9_E,The Spotlight,https://www.youtube.com/channel/UCrFXs-7T3dCTv1aYmdArzFQ,2026-03-31T20:10:45.808Z,35.0,39.487,35.0
Puzzles & Chaos,https://www.youtube.com/watch?v=uDLxpv_PtoA,,,2026-03-31T20:10:18.293Z,,27.515,27.515
TASTE TEST RAW CHICKEN !?😱 Jollof rice recipe. #foodreview,https://www.youtube.com/watch?v=-9WR6RwXa-w,Yawwdiereaction,https://www.youtube.com/channel/UCipotsaKj2-OyTObEC5j2xw,2026-03-31T20:09:52.132Z,321.0,26.161,26.161
PRIME-55368_TNG_First_Contact-Trailer_1920x1080_EN_44S_bar71bubbj_bar71bubbj.mp4,https://www.youtube.com/watch?v=LSnbuNrAXxk,,,2026-03-31T20:09:43.175Z,45.0,8.957,8.957
"""It's just in my DNA-er"" #shorts",https://www.youtube.com/watch?v=9ZXijqPYH0Q,Druski,https://www.youtube.com/channel/UC4PQqjGczpgmqbpicKjkwvw,2026-03-31T20:08:38.607Z,60.0,64.568,60.0
fz0436en1920x1080,https://www.youtube.com/watch?v=pUsfZpJLEEk,,,2026-03-31T20:08:28.969Z,59.0,9.638,9.638
PRIME-56870_Ship Upgrades Walk-Thru_Kelvin Iteration_EN_1920x1080_38s_v2_zk9mtuyf98_zk9mtuyf98.mp4,https://www.youtube.com/watch?v=joPgNdFH_UU,,,2026-03-31T20:07:49.333Z,39.0,39.636,39.0
Shortened: DL4559_59SN_1920x1080_NT_EN,https://www.youtube.com/watch?v=pXKxmTaRnbU,,,2026-03-31T20:07:40.878Z,7.0,8.455,7.0
Cookie_661_H_6s_BluedemoMH,https://www.youtube.com/watch?v=Y4KGCVraKdw,,,2026-03-31T20:07:33.556Z,7.0,7.322,7.0
The level of sass is ridiculous lol,https://www.youtube.com/watch?v=v1zgIVjH83I,OhFaffles,https://www.youtube.com/channel/UCREMKKqWIcFLYentBwGSQBA,2026-03-31T20:06:35.132Z,,58.424,58.424
"A sketch so wild, it wouldn’t air today. Doggy Fizzle Televizzle on MTV (2002-2003)",https://www.youtube.com/watch?v=MghgzbW4LTg,DJ DA VINCI,https://www.youtube.com/channel/UCJwiWjILlKVI71yvAQ-Cs5g,2026-03-31T20:04:15.405Z,140.0,139.727,139.727
Kids’ pronunciations are hilarious 😂#KidsPronunciation #FunnyKids #ToddlerTalk#CuteKids#relatable,https://www.youtube.com/watch?v=fxxVourV9_k,Human Highlights,https://www.youtube.com/channel/UCnGW9F565gxBMgaEpw2xQZg,2026-03-31T20:02:57.146Z,72.0,78.259,72.0
Last Asylum: Plague,https://www.youtube.com/watch?v=oagFtDkZ0J4,,,2026-03-31T20:02:46.952Z,50.0,10.194,10.194
If they don’t eat it… somebody will 😌🍽️ #food #cooking #foodie #dinner #cookwithme,https://www.youtube.com/watch?v=GO2u1igSdb4,Prayedupmommyof5,https://www.youtube.com/channel/UCdOc9mrrKQlYUIHWDKWWUoQ,2026-03-31T20:01:39.370Z,162.0,67.582,67.582
Do you really be eating pumpkin pie?,https://www.youtube.com/watch?v=qbgoNMdF1Ks,KevOnStage,https://www.youtube.com/channel/UC5Zc0EUB-km6in-55cK7k2g,2026-03-31T20:00:54.584Z,6.0,44.786,6.0
v3FRA3403zen51SZCR_1280x720_PS,https://www.youtube.com/watch?v=XfdMA12Z7PE,,,2026-03-31T19:53:26.994Z,51.0,447.59,51.0
Shortened: MPY-57672_Pets Influencer @beccatilley Iteration_1920x1080_v03_eotvqcvgua_eotvqcvgua.mp4,https://www.youtube.com/watch?v=ujIN7OGQDPU,,,2026-03-31T19:52:57.704Z,28.0,29.29,28.0
Cola_22D01_H_6s,https://www.youtube.com/watch?v=MYlMWsM5BuA,,,2026-03-31T19:52:49.938Z,6.0,7.766,6.0
Shortened: PRIME-55368_TNG_First_Contact-Trailer_1920x1080_EN_44S_bar71bubbj_bar71bubbj.mp4,https://www.youtube.com/watch?v=ls2mSp0CvsU,,,2026-03-31T19:38:08.785Z,38.0,881.153,38.0
FAT2D05907_EN_zzAIgg海浪桌合成棋子订单_1920x1080,https://www.youtube.com/watch?v=ebAgiCJEVu8,,,2026-03-31T19:38:01.937Z,5.0,6.848,5.0
Judge Frustrated as Bridegan Murder Case Unravels,https://www.youtube.com/watch?v=YCh5jgLJcFo,COURT TV,https://www.youtube.com/channel/UCo5E9pEhK_9kWG7-5HHcyRg,2026-03-31T19:24:16.402Z,2740.0,825.535,825.535
Daughter,https://www.youtube.com/watch?v=63dmMM3fqoA,,,2026-03-31T19:23:44.967Z,31.0,31.435,31.0
Hunted | Full Episode,https://www.youtube.com/watch?v=QC6Z0DHupUM,48 Hours,https://www.youtube.com/channel/UC7htuVs06oduI3xSfTdcxPA,2026-03-31T19:21:40.499Z,2510.0,124.468,124.468
Level Up + WIN!,https://www.youtube.com/watch?v=JGsFkxeKTnU,,,2026-03-31T19:21:15.189Z,7.0,25.31,7.0
DCD-SVOD-3612| Hulu,https://www.youtube.com/watch?v=BAbUR0KXkiU,,,2026-03-31T19:21:07.345Z,16.0,7.844,7.844
Babies know good people,https://www.youtube.com/watch?v=TvWQnNf_n7Y,ViZone Stories ,https://www.youtube.com/channel/UCx5C7ni99mapxzNJ5kBUhRA,2026-03-31T17:42:21.498Z,60.0,5925.847,60.0
MPY-45106_Vidsy repurpose 14 - Dec 1920x1080-V2_ktmbzx2glf_ktmbzx2glf.mp4,https://www.youtube.com/watch?v=xeZAyleM7ZM,,,2026-03-31T17:42:15.959Z,21.0,5.539,5.539
When you beefin with your mom #funnyshorts,https://www.youtube.com/watch?v=dE-l0MoqmqE,Bigbro Biggerbro,https://www.youtube.com/channel/UCYS0YCJyPXe8D0Le47xh1qg,2026-03-31T17:40:36.312Z,49.0,99.647,49.0
My wife as a boy mom,https://www.youtube.com/watch?v=oofeXnpo_i0,Justin Stagner ,https://www.youtube.com/channel/UCBU1iuJZN6UtBjQcgvuwJ_Q,2026-03-31T17:40:06.234Z,16.0,30.078,16.0
What did she just say? #shorts,https://www.youtube.com/watch?v=zSWg9_s4t5E,Druski,https://www.youtube.com/channel/UC4PQqjGczpgmqbpicKjkwvw,2026-03-31T14:52:12.685Z,60.0,10073.549,60.0
Puzzles & Chaos,https://www.youtube.com/watch?v=ZWi1uUn6pUc,,,2026-03-31T14:52:08.460Z,,4.225,4.225
Paradise Season 2 finale,https://www.youtube.com/watch?v=JM5i57gIGRI,KevOnStage,https://www.youtube.com/channel/UC5Zc0EUB-km6in-55cK7k2g,2026-03-31T14:51:14.892Z,45.0,53.568,45.0
Google AI Pro,https://www.youtube.com/watch?v=iCO-7UMlcs4,,,2026-03-31T11:35:28.752Z,33.0,11746.14,33.0
Shortened: MPY-50244_Vidsy Resize 3 - Got U Like LVEP_6070 - July - Video editing_1920x1080_f..._feu,https://www.youtube.com/watch?v=3cmPyCPMy7Y,,,2026-03-31T11:35:16.104Z,12.0,12.648,12.0
Stays for fashionistas and fisherman | Booking.com,https://www.youtube.com/watch?v=aFHji91unN4,,,2026-03-31T11:34:59.541Z,16.0,16.563,16.0
This Is What We Play For | Michelob ULTRA 6s,https://www.youtube.com/watch?v=nHoxNMare_s,,,2026-03-31T11:34:52.356Z,7.0,7.185,7.0
Navy Soldier Loses Everything After Being Confronted on His Racism,https://www.youtube.com/watch?v=GiTIcPSN9tI,Reese Waters,https://www.youtube.com/channel/UCCcr-MvAMettt8yktc9t4ag,2026-03-31T11:23:23.226Z,2092.0,689.13,689.13
PTSLG_V_EN_3D_帕萌园区_CB_709_1920x1080_58s_260319_LP_1127055,https://www.youtube.com/watch?v=Ekh4LyOtD0E,,,2026-03-31T11:22:22.501Z,59.0,60.725,59.0
"Disney+, Hulu Bundle",https://www.youtube.com/watch?v=pL8yFuqUx3g,,,2026-03-31T11:21:13.680Z,31.0,68.821,31.0
LIVE: Dateline 24/7,https://www.youtube.com/watch?v=xtxODrebGH0,Dateline NBC,https://www.youtube.com/channel/UCu3sKtOW9TGaErPsAYVPplA,2026-03-31T11:21:02.586Z,0.0,11.094,0.0
D600000 WPLA1256 NULL GOOGLE FY27 SAVVINESS XCAT ASRA DGRX VID 1920x1080 15 GM AA EL 26010730041EAD1,https://www.youtube.com/watch?v=lMWnyOXjlnU,,,2026-03-31T11:20:53.908Z,16.0,8.678,8.678
DCD-The-4007| Hulu,https://www.youtube.com/watch?v=PKqsE0KCUb8,,,2026-03-31T11:07:10.312Z,16.0,823.596,16.0
The Richins Defense: Every Lie That Led to a Conviction,https://www.youtube.com/watch?v=W_8FdmYFj08,Reporting live from my sofa,https://www.youtube.com/channel/UCahpqlIoESCdQfgWXVvQkDg,2026-03-31T11:06:37.866Z,1653.0,32.446,32.446
D600000 9262 NULL GOOGLE BDBFY26 XCAT SQFS FOFS VID 1920x1080 15 GM EL 25031330001EAD2634,https://www.youtube.com/watch?v=oGwegVXoH6g,,,2026-03-31T10:52:56.620Z,16.0,821.246,16.0
The Speed of Light Is So Slow That Aliens Could NEVER Reach Earth,https://www.youtube.com/watch?v=xGkgAI09GJo,Sleep On Science,https://www.youtube.com/channel/UC-TjVEuwB5EwpA4k8XQulag,2026-03-31T08:24:45.847Z,6646.0,8890.773,6646.0
The Most Relaxing Facts About Cosmic Mysteries to Fall Asleep To — No Adverts,https://www.youtube.com/watch?v=0QMYxybYIdU,Sleepy Science Channel,https://www.youtube.com/channel/UCNZegH5HQPx_chNsPqJw1Rw,2026-03-31T06:08:31.436Z,8161.0,8174.411,8161.0
6645948   KER SOC Kerastase Demi Moore Hero Video US Legal Adaptation 6s 16 9,https://www.youtube.com/watch?v=anJWrtb0YDY,,,2026-03-31T06:08:17.278Z,6.0,14.158,6.0
"You, Me & Tuscany - In Theaters April 10 (TV Spot 22)",https://www.youtube.com/watch?v=Lj12Rd0ucWM,,,2026-03-31T06:08:01.142Z,16.0,16.136,16.0
The Most Relaxing Facts About Stars to Fall Asleep To,https://www.youtube.com/watch?v=F07RRzRBVuw,Sleepy Science Channel,https://www.youtube.com/channel/UCNZegH5HQPx_chNsPqJw1Rw,2026-03-31T04:09:47.931Z,7090.0,7093.211,7090.0
TREMFYA UC & CD Now Approved 45s TVC,https://www.youtube.com/watch?v=eLR9_6c5OIg,,,2026-03-31T04:08:54.347Z,46.0,53.584,46.0
Beck's Introduces SeedIQ™ | The Industry's First AI-Powered Product Management Platform,https://www.youtube.com/watch?v=3F7ZS4pHfXA,,,2026-03-31T04:08:23.045Z,31.0,31.302,31.0
COC.5ReasonstoClash.UA.EN.59s.16x9$COC0326-8.mp4,https://www.youtube.com/watch?v=HcabzsbIyQk,,,2026-03-31T03:59:11.980Z,59.0,551.065,59.0
Lords Mobile: Kingdom Wars - Relaxed Strategic Gameplay,https://www.youtube.com/watch?v=5sP0pdoRTu0,,,2026-03-31T03:59:00.315Z,11.0,11.665,11.0
Shortened: MD_v_Aug_25_PopCulture_04_DragonTeaParty_45s_1920x1080_ee3565,https://www.youtube.com/watch?v=-mMqzSPuuvw,,,2026-03-31T03:58:52.355Z,7.0,7.96,7.0
Cookie_661_H_6s_BluedemoMH,https://www.youtube.com/watch?v=Y4KGCVraKdw,,,2026-03-31T03:58:44.998Z,7.0,7.357,7.0
Signs That We Might Not Be Alone In The Universe,https://www.youtube.com/watch?v=nCyBtfUIozw,Some Guy Who Knows Stuff,https://www.youtube.com/channel/UCGqQr5XRhcN4wBkVCEejQsQ,2026-03-31T03:50:26.639Z,1033.0,498.359,498.359
Yes! FreeTaxUSA gives away free federal filing for everyone. It's safe and accurate too.,https://www.youtube.com/watch?v=XBc-XBOHoFE,,,2026-03-31T03:49:13.599Z,65.0,73.04,65.0
cid=14124c8f674cbddd6c59243ab3de7218,https://www.youtube.com/watch?v=70j7XveuuA0,,,2026-03-31T03:48:41.839Z,31.0,31.76,31.0
Samo_V_EN_AI_AI全片I展示I简化循环打BOSS换地宫场景_CB_152_1920x1080_55s_260320_NR_1127958,https://www.youtube.com/watch?v=kdslwuTOf3U,,,2026-03-31T03:39:22.314Z,56.0,559.525,56.0
Mustache | LiMu Emu & Doug | Liberty Mutual Insurance Commercial,https://www.youtube.com/watch?v=wVqq7P5FRVw,,,2026-03-31T03:39:05.470Z,16.0,16.844,16.0
L'Oreal Paris Faux Brow: Bare to Brow,https://www.youtube.com/watch?v=kD6k8xQuMqg,,,2026-03-31T03:38:58.141Z,7.0,7.329,7.0
FAT2D05907_EN_zzAIgg海浪桌合成棋子订单_1920x1080,https://www.youtube.com/watch?v=ebAgiCJEVu8,,,2026-03-31T03:38:51.874Z,5.0,6.267,5.0
Mysteries That Were Never Fully Explained,https://www.youtube.com/watch?v=aQFz3iHH2lY,Some Guy Who Knows Stuff,https://www.youtube.com/channel/UCGqQr5XRhcN4wBkVCEejQsQ,2026-03-31T03:30:32.932Z,1055.0,498.942,498.942
Marvel Zombies,https://www.youtube.com/watch?v=CnbReKImbKM,,,2026-03-31T03:30:01.455Z,31.0,31.477,31.0
Beck's Introduces SeedIQ™ | The Industry's First AI-Powered Product Management Platform,https://www.youtube.com/watch?v=3F7ZS4pHfXA,,,2026-03-31T03:29:56.194Z,31.0,5.261,5.261
CRE1506 NU0265 LanceBassAd IT001 V001 1920x1080 EN US 57sec,https://www.youtube.com/watch?v=azGnrtoR9ao,,,2026-03-31T03:29:39.826Z,57.0,16.368,16.368
CID1000463 BB Progression 60 sec Race+4Corners  Xmax Original EN 60s 1920x1080,https://www.youtube.com/watch?v=3CQgy7zXwJE,,,2026-03-31T03:21:42.538Z,60.0,477.288,60.0
The Ozempic miracle. A lifelong NIGHTMARE.,https://www.youtube.com/watch?v=OIUNAYreyXY,The Infographics Show,https://www.youtube.com/channel/UCfdNM3NAhaBOXCafH7krzrA,2026-03-31T03:14:41.168Z,831.0,421.37,421.37
Shortened: MPY-19433_Income Tax_Resizes_EN_1920x1080_28s_v2_srf3n5errh.mp4,https://www.youtube.com/watch?v=G77qYI-8us4,,,2026-03-31T03:14:24.813Z,15.0,16.355,15.0
Shortened: ROK_V_EN_3D_跳水投胎_CB_1_1920x1080_59s_260120_NR_1088498,https://www.youtube.com/watch?v=FXyqXSagU1o,,,2026-03-31T03:14:17.083Z,8.0,7.73,7.73
Virtual Tour of Kouri Richins' Home,https://www.youtube.com/watch?v=UoShxQ6kzv4,True Crime Metrix,https://www.youtube.com/channel/UCmxo_X-7QmVgpMDH6q1wRwg,2026-03-31T03:05:09.569Z,522.0,547.514,522.0
MO_03268A02_169_EN_ZJL_20260120_808_王之凝视,https://www.youtube.com/watch?v=C1-zPz-eZGY,,,2026-03-31T03:04:57.949Z,38.0,11.62,11.62
V2Logo Brand Spokesperson BerkOfficeB 16x9 10 Video,https://www.youtube.com/watch?v=_ksgCYxwffo,,,2026-03-31T03:04:28.798Z,11.0,29.151,11.0
Wife Who Dominated Husband 'Accidentally' Discharges Revolver | Roberta Samard Case Analysis,https://www.youtube.com/watch?v=BhNUlWyqShk,Dr. Todd Grande,https://www.youtube.com/channel/UCC_0vyFTKk1Nlodo4QsiQkw,2026-03-31T02:58:18.220Z,939.0,370.578,370.578
cid=8108a7c3835bd00f7d49c2b13ce77a01,https://www.youtube.com/watch?v=WN9yx8k0dDI,,,2026-03-31T02:57:39.574Z,31.0,38.646,31.0
DL4559_59SN_1920x1080_NT_EN,https://www.youtube.com/watch?v=s8h51_rbx6I,,,2026-03-31T02:56:39.398Z,59.0,60.176,59.0
v3PWB2890zen60SZZZ_1280x720_PS,https://www.youtube.com/watch?v=nVBceh9DNU0,,,2026-03-31T02:45:47.300Z,60.0,652.098,60.0
Shortened: V-0167-ZCBDY-O-YQ-EN-H-GL-241010-kaleliRZ-A-IPFH（MZ）.MP4,https://www.youtube.com/watch?v=9hrEM7C3vcA,,,2026-03-31T02:45:30.655Z,16.0,16.645,16.0
Shortened: 30906 TakeBackUSA SuperFaction Video Gameplay EN 16 9,https://www.youtube.com/watch?v=JKU-zr_8IY8,,,2026-03-31T02:45:22.199Z,7.0,8.456,7.0
MD_CandyCrush-Hole_3dShort_1920x1080_f0f3b8,https://www.youtube.com/watch?v=2xVAgA1FD9E,,,2026-03-31T02:45:14.771Z,7.0,7.428,7.0
Stalker Adopts New Persona and Discovers Ex-Girlfriend's Affair | Michele Reiter and Lanny Bush,https://www.youtube.com/watch?v=lZ0JGHUA0W0,Dr. Todd Grande,https://www.youtube.com/channel/UCC_0vyFTKk1Nlodo4QsiQkw,2026-03-31T02:38:37.727Z,979.0,397.044,397.044
CMA01501.SM.SackOfGoldFRIceQueen_1920_1080_DUR_15S_LNG_ENGLBL.mp4,https://www.youtube.com/watch?v=vvlvZLJuYms,,,2026-03-31T02:37:42.206Z,16.0,55.521,16.0
Shortened: DL4559_29SN_1920x1080_NT_EN,https://www.youtube.com/watch?v=IXkPxq58aI0,,,2026-03-31T02:30:42.683Z,7.0,419.523,7.0
Iran TROLLS Trump With Ruthless Lego Propaganda,https://www.youtube.com/watch?v=o7pXCcjuKYs,Rebel HQ,https://www.youtube.com/channel/UCuMo0RRtnNDuMB8DV5stEag,2026-03-31T02:23:07.133Z,824.0,455.55,455.55
GOT3D797_EN_FZT2分崩离析-极速调色版_国王_1920x1080,https://www.youtube.com/watch?v=seW7t0GYyHA,,,2026-03-31T02:22:51.163Z,39.0,15.97,15.97
'19 Kids' Joseph Duggar's Jail Call with Wife Revealed,https://www.youtube.com/watch?v=wc5sQTr43ik,Law&Crime Network,https://www.youtube.com/channel/UCz8K1occVvDTYDfFo7N5EZw,2026-03-31T02:21:15.076Z,1365.0,96.087,96.087
En Vogue - Runaway Love (Official Music Video),https://www.youtube.com/watch?v=pEatF1bvs80,En Vogue,https://www.youtube.com/channel/UCnRqfmE5H7R0itPkMjMP1Vg,2026-03-31T02:16:46.485Z,281.0,268.591,268.591
Tron: Ares,https://www.youtube.com/watch?v=8K4fxoGIw1A,,,2026-03-31T02:16:16.761Z,60.0,29.724,29.724
Coi Leray - Better Than Yours (Official Music Video) ft. Youngboy Never Broke Again,https://www.youtube.com/watch?v=NqLe3mk__kg,CoiLerayVEVO,https://www.youtube.com/channel/UCuXs46X66-EJuKgUduHQwAw,2026-03-31T02:14:40.949Z,184.0,95.812,95.812
Alexander O'Neal - Criticize,https://www.youtube.com/watch?v=7gK5iPbd7Hg,Alexander O'Neal Official,https://www.youtube.com/channel/UCWqxaujJ5MPMdRAb_fQHZJw,2026-03-31T02:13:55.685Z,259.0,45.264,45.264
Instagram Teen Accounts,https://www.youtube.com/watch?v=Ycndo1EVORQ,,,2026-03-31T02:13:38.817Z,7.0,16.868,7.0
Shortened: v3PWB2884zen59SZZZ_1280x720_PS,https://www.youtube.com/watch?v=tWoUnIfHLEM,,,2026-03-31T01:58:01.417Z,20.0,937.4,20.0
Shortened: Samo_V_EN_3D_篝火海盗船长_CB_1045_1920x1080_48s_260313_NR_1124227,https://www.youtube.com/watch?v=asp_d8xolA4,,,2026-03-31T01:57:14.414Z,46.0,47.003,46.0
ROK_V_EN_ZRSP_停车场悍匪(罗马文明)_HPYJS_1_1920x1080_56s_260326_NR_1131261,https://www.youtube.com/watch?v=dR_AO5NtY7A,,,2026-03-31T01:38:15.165Z,57.0,1139.249,57.0
PTSLG_V_EN_3D_PT打打打劫_CB_709_1920x1080_58s_260209_NR_1105552,https://www.youtube.com/watch?v=EJvJoXbL6gw,,,2026-03-31T01:37:15.130Z,59.0,60.035,59.0
V-3208-GPJY4-O-SZRKB-EN-H-GL-251209-ZYLTD-A-HJHY.MP4,https://www.youtube.com/watch?v=RsyOD2Zk8go,,,2026-03-31T01:13:38.456Z,39.0,1416.674,39.0
GOT3D809_EN_FZT2万箭归宗-西部版_国王_1920x1080,https://www.youtube.com/watch?v=nSQ1_b_kJ_0,,,2026-03-31T01:12:43.546Z,54.0,54.91,54.0
LIVE: Dateline 24/7,https://www.youtube.com/watch?v=xtxODrebGH0,Dateline NBC,https://www.youtube.com/channel/UCu3sKtOW9TGaErPsAYVPplA,2026-03-31T01:10:31.991Z,0.0,131.555,0.0
Apple TV,https://www.youtube.com/watch?v=VRfotlcpje0,,,2026-03-31T01:09:36.216Z,31.0,55.775,31.0
Physician Attempts to Push Wife Off Cliff After 'Last Selfie' | Gerhardt Konig Case Analysis,https://www.youtube.com/watch?v=9qFYsDZYjNc,Dr. Todd Grande,https://www.youtube.com/channel/UCC_0vyFTKk1Nlodo4QsiQkw,2026-03-31T01:09:07.980Z,711.0,28.236,28.236
Shortened: MC_VID_943957_DECO_Merge2_NORM_3D_P3_EN_63s_@ID2893515,https://www.youtube.com/watch?v=wB0JKtlJdRk,,,2026-03-31T01:08:14.102Z,46.0,53.878,46.0
Google AI Pro,https://www.youtube.com/watch?v=iCO-7UMlcs4,,,2026-03-31T01:07:41.053Z,33.0,33.049,33.0
I Hit My Breaking Point With Theater Concession Prices!,https://www.youtube.com/watch?v=ilBgS-lkr00,Adam Does Movies,https://www.youtube.com/channel/UCmuP70--NYoqgyo3N0ZwDCA,2026-03-31T00:53:12.404Z,863.0,868.649,863.0
MPY-45106_Vidsy repurpose 14 - Dec 1920x1080-V2_ktmbzx2glf_ktmbzx2glf.mp4,https://www.youtube.com/watch?v=xeZAyleM7ZM,,,2026-03-31T00:52:53.388Z,21.0,19.016,19.016
PTSLG_V_EN_3D_电梯卖帕鲁_CB_709_1920x1080_52s_260204_NR_1101570,https://www.youtube.com/watch?v=wqkWFXIixnk,,,2026-03-31T00:43:19.235Z,53.0,574.153,53.0
Shortened: GOF3D8252_EN_FZ投流-小剧场POV玩法展示-KOC-jakemaldonado_1920x1080,https://www.youtube.com/watch?v=fHe09DT6EGc,,,2026-03-31T00:43:05.977Z,12.0,13.258,12.0
1314824,https://www.youtube.com/watch?v=3oHJu4mtssw,,,2026-03-31T00:42:58.430Z,6.0,7.547,6.0
6S YouTube Ad 29,https://www.youtube.com/watch?v=lHySLAh9l68,,,2026-03-31T00:14:47.181Z,7.0,1691.249,7.0
"Micro Changes, Big Results from Noom",https://www.youtube.com/watch?v=Gv38-OwGYoA,,,2026-03-31T00:14:30.967Z,16.0,16.214,16.0
1319069,https://www.youtube.com/watch?v=OcapXnSMjQo,,,2026-03-31T00:14:23.083Z,6.0,7.884,6.0
[New] 48 Mystery 2026 Full Episode 💥 Wolf in Sheep's Clothing 💥 Murder Documentary Full HD,https://www.youtube.com/watch?v=AQgyBPAp__Q,EchoRhythm,https://www.youtube.com/channel/UCRgggkj-h3V2CoGi55Z3DJA,2026-03-30T23:57:39.015Z,,1004.068,1004.068
Shortened: GOF3D8386_EN_FZ混剪-解说轻松经营_1920x1080,https://www.youtube.com/watch?v=yCbGc2K9cO4,,,2026-03-30T23:57:07.806Z,30.0,31.209,30.0
Shortened: MPY-50244_Vidsy Resize 3 - Got U Like LVEP_6070 - July - Video editing_1920x1080_f..._feu,https://www.youtube.com/watch?v=3cmPyCPMy7Y,,,2026-03-30T23:56:55.408Z,12.0,12.398,12.0
Abusive Wife Didn’t Expect The Law To Apply To Her!,https://www.youtube.com/watch?v=TA0U96SCXvQ,B-Cam police,https://www.youtube.com/channel/UCOzUXFP7J2k8zf3KN8ms6-A,2026-03-30T23:53:40.831Z,686.0,194.577,194.577
Choose Dove Men+Care body wash for a full-bodied experience. Elevate your scent game,https://www.youtube.com/watch?v=AHDemJzM33E,,,2026-03-30T23:52:47.351Z,7.0,53.48,7.0
Shortened: STP 47880 Find the treasure 1080x1920 30s eg9agkywoo,https://www.youtube.com/watch?v=WNcyUMAPaCc,,,2026-03-30T23:48:27.194Z,7.0,260.157,7.0
1920x1080 ts video660v1 nb en 30s 39mb,https://www.youtube.com/watch?v=L46PkGz3SqI,,,2026-03-30T23:48:21.522Z,30.0,5.672,5.672
See why millions of businesses sell with Shopify,https://www.youtube.com/watch?v=pkIXofYsDD4,,,2026-03-30T23:44:11.660Z,34.0,249.862,34.0
Shortened: Toon Blast - Tom 30s L - Solve Match 3 Puzzle Game,https://www.youtube.com/watch?v=6U4WX2zLEhQ,,,2026-03-30T23:43:43.402Z,27.0,28.258,27.0
Kings Dominion & Soak City Spring Sale,https://www.youtube.com/watch?v=T4C6wk_qRe0,,,2026-03-30T23:43:26.890Z,16.0,16.512,16.0
Mielle~Brand~ENG~2526TotalScalpAuthoritySplitscreen~L&L~More~Video:06s~16x9~GFX251223,https://www.youtube.com/watch?v=X95oJ2vnQ6M,,,2026-03-30T23:43:19.375Z,7.0,7.515,7.0
Put your money where your heart is | Thrivent,https://www.youtube.com/watch?v=D78GERNmEIU,,,2026-03-30T23:43:12.171Z,7.0,7.204,7.0
ABC 20/20 Season 2026 Full Episodes | NEW TODAY | Mystery in the Ozarks | ABC 20/20 Full Episodes,https://www.youtube.com/watch?v=avv7fBIKQF4,Global Music Fusion,https://www.youtube.com/channel/UC_9JIQJ7NEc6E1ps_RAAJjQ,2026-03-30T23:26:37.116Z,,995.055,995.055
The End of Oak Street | Official Teaser Trailer,https://www.youtube.com/watch?v=IoHWPAN6FPg,,,2026-03-30T23:26:16.819Z,93.0,20.297,20.297
Evil Doctor Thinks He Got Away With Murder But Made One Mistake,https://www.youtube.com/watch?v=O-M43UTKs7k,Solved Files - Interrogations,https://www.youtube.com/channel/UC_QhNVKKdfyUfV2wJWyIHbw,2026-03-30T23:24:41.112Z,1798.0,95.707,95.707
7 Freaky Details in Indiana Mom’s Triple Killing Case,https://www.youtube.com/watch?v=epmlYeZqtgM,Law&Crime Network,https://www.youtube.com/channel/UCz8K1occVvDTYDfFo7N5EZw,2026-03-30T23:19:26.427Z,1642.0,314.685,314.685
Lilo & Stitch (2025) | A new live-action movie | Now streaming on Disney+,https://www.youtube.com/watch?v=wzP4Mw0Gd6w,,,2026-03-30T23:19:20.633Z,31.0,5.794,5.794
H&R Block - Here For You,https://www.youtube.com/watch?v=0Nm5-31EXlQ,,,2026-03-30T23:19:20.594Z,16.0,0.039,0.039
Shortened: cid=14124c8f674cbddd6c59243ab3de7218,https://www.youtube.com/watch?v=sXHBCu0kJ4A,,,2026-03-30T23:11:44.510Z,23.0,456.084,23.0
Google 6 2H 6 sec,https://www.youtube.com/watch?v=UyzU8wvGFbo,,,2026-03-30T23:11:36.135Z,7.0,8.375,7.0
FAT2D01420_EN_zz厨房寻物换人换风格混剪6s_1920x1080_CLS,https://www.youtube.com/watch?v=ApOLPvihFDM,,,2026-03-30T23:11:28.719Z,7.0,7.416,7.0
"Harry and Meghan Dazzle LA Fire Victims with Brief, Unproductive Visit | Quasi-Royal Visit Analysis",https://www.youtube.com/watch?v=8jbEcd0COy0,Dr. Todd Grande,https://www.youtube.com/channel/UCC_0vyFTKk1Nlodo4QsiQkw,2026-03-30T23:02:47.343Z,888.0,521.376,521.376
MPY-50584_Sitcom - Double Jail_v2 14s - Cutdown - Video editing_1920x1080_h5i5fob2i0_h5i5fob2i0.mp4,https://www.youtube.com/watch?v=Xrkxv-Xksuw,,,2026-03-30T23:02:02.683Z,15.0,44.66,15.0
Sarah Boone Hatches A Genius Plan to Be Set FREE As She Uncovers A Dangerous Legal Loophole,https://www.youtube.com/watch?v=yEGg9aFRsGc,AG Tactical ,https://www.youtube.com/channel/UCo2pHLRDlyKK1D4H4NE4kRw,2026-03-30T22:19:59.701Z,2308.0,2522.982,2308.0
DCD-Duo-3707| Hulu,https://www.youtube.com/watch?v=NED7akOeHjY,,,2026-03-30T22:19:24.373Z,16.0,35.328,16.0
CMA02836.3DTokenWheel.VikingQuestEgypt_VER_v1_1920_1080_DUR_30S_LNG_ENGLBL.mp4,https://www.youtube.com/watch?v=wdZ5A5oJi3A,,,2026-03-30T22:14:35.646Z,31.0,288.727,31.0
Shortened: STP 47880 Find the treasure 1920x1080 30s qevws8loow,https://www.youtube.com/watch?v=6tV_qxU_Tv4,,,2026-03-30T22:14:28.033Z,7.0,7.613,7.0
Phase10_V1922_sensen_常规大Logo完成Phase_EN_1920x1080_6s_20260211_2D_WD,https://www.youtube.com/watch?v=ciY941uVG8A,,,2026-03-30T22:14:20.659Z,7.0,7.374,7.0
Maintenance Man Waits in Coworker's Apartment | Miya Marcano Case Analysis,https://www.youtube.com/watch?v=gXc_CtpGb-g,Dr. Todd Grande,https://www.youtube.com/channel/UCC_0vyFTKk1Nlodo4QsiQkw,2026-03-30T22:08:09.538Z,897.0,371.121,371.121
Merge Gardens - 40 Match-3 Puzzles To Explore.,https://www.youtube.com/watch?v=vckmOciopfM,,,2026-03-30T22:07:17.326Z,13.0,52.212,13.0
Shortened: GOF3D8244_EN_FZK1四传送带单塔御敌-白熊版-主角射击版_1920x1080,https://www.youtube.com/watch?v=S6_QWLmHaPI,,,2026-03-30T22:00:10.471Z,16.0,426.855,16.0
Shortened: 02_Tank & Thanks_1920x1080_v2.mp4,https://www.youtube.com/watch?v=pDrx9ndunqg,,,2026-03-30T22:00:02.127Z,7.0,8.344,7.0
Shortened: 2712_dq_en,https://www.youtube.com/watch?v=FVYJX2I6fGU,,,2026-03-30T21:59:54.185Z,7.0,7.942,7.0
Angel Soft | Lavender :15,https://www.youtube.com/watch?v=p7FosSNbJao,,,2026-03-30T21:59:37.921Z,16.0,16.264,16.0
Transgender ‘Nepalese Prince’ Orchestrates Complex Murder of Fake Art Collector | Lambert Analysis,https://www.youtube.com/watch?v=ZoxUbQHErzs,Dr. Todd Grande,https://www.youtube.com/channel/UCC_0vyFTKk1Nlodo4QsiQkw,2026-03-30T21:50:39.289Z,892.0,538.632,538.632
CLS_GOT3D672_EN_BJHT1慢速塔防-正交视角-沙漠版_国王_1920x1080,https://www.youtube.com/watch?v=aUizDj47yx4,,,2026-03-30T21:49:38.715Z,53.0,60.574,53.0
Shortened: Toon Blast - Fossilbug-boardaccomp 30s L,https://www.youtube.com/watch?v=JJG53ChykAM,,,2026-03-30T21:49:10.303Z,28.0,28.412,28.0
cd0554en1920x1080,https://www.youtube.com/watch?v=kEdZoYFAjXg,,,2026-03-30T21:30:45.576Z,54.0,1104.727,54.0
SNAP_1723186480_AT_GrandpaReacts_42s_EN_1920x1080 (1).mp4,https://www.youtube.com/watch?v=EhqJcpLc-bM,,,2026-03-30T21:30:02.089Z,42.0,43.487,42.0
Women Preferences—now available nationwide | Uber,https://www.youtube.com/watch?v=Xdr3CLqqjds,,,2026-03-30T21:29:54.738Z,6.0,7.351,6.0
Shortened: sh0001ben1920x1080,https://www.youtube.com/watch?v=DJvHLloHLTQ,,,2026-03-30T21:29:47.462Z,7.0,7.276,7.0
‘Crying’ Pastor Hit with Bombshell in Wife’s Twisted Murder Case,https://www.youtube.com/watch?v=t61xENymZQA,Law&Crime Network,https://www.youtube.com/channel/UCz8K1occVvDTYDfFo7N5EZw,2026-03-30T21:15:02.859Z,1950.0,884.603,884.603
DCD-The-3926| Hulu,https://www.youtube.com/watch?v=4_RndeczLqQ,,,2026-03-30T21:14:06.577Z,16.0,56.282,16.0
Arrest Made in Iowa Realtor's Case: Kristin Ramsey Charged,https://www.youtube.com/watch?v=5KIp-8jNUpU,Grizzly True Crime,https://www.youtube.com/channel/UCY04IfK5QlS8nWDU22bEXig,2026-03-30T20:34:25.685Z,3494.0,2380.892,2380.892
Larry McNabney / Laren Sims | Petty Crime to Homicide,https://www.youtube.com/watch?v=oC36Yv3kEDE,Dr. Todd Grande,https://www.youtube.com/channel/UCC_0vyFTKk1Nlodo4QsiQkw,2026-03-30T20:33:58.158Z,828.0,27.527,27.527
Shortened: GOT3D810_EN_FZT2万箭归宗-苔原版_国王_1920x1080,https://www.youtube.com/watch?v=B4C4usacgxc,,,2026-03-30T20:33:02.386Z,52.0,55.772,52.0
MGD BunniesEasterEggHunt 60sec V235445 60 1920x1080 S60 English&IMG=51O5,https://www.youtube.com/watch?v=K5y4qB9LuMU,,,2026-03-30T20:23:25.506Z,60.0,576.88,60.0
Shortened: Toon Blast - Fossilbug-boardaccomp 30s L,https://www.youtube.com/watch?v=wGKE6VGIxHQ,,,2026-03-30T20:23:16.378Z,8.0,9.128,8.0
Restaurant 6s 16x9 v02,https://www.youtube.com/watch?v=cOPdUmj5mp8,,,2026-03-30T20:23:08.866Z,7.0,7.512,7.0
Mysterious Wife Disappearance as Husband Moves Student into House | Chris Dawson Case Analysis,https://www.youtube.com/watch?v=400L5eAppLo,Dr. Todd Grande,https://www.youtube.com/channel/UCC_0vyFTKk1Nlodo4QsiQkw,2026-03-30T20:16:44.251Z,888.0,384.615,384.615
"""Veterans""",https://www.youtube.com/watch?v=iVLO9JwvqbI,,,2026-03-30T20:16:06.042Z,31.0,38.209,31.0
PitLawyers8 DrSquatch 15s 1,https://www.youtube.com/watch?v=1RB6z4ikIQs,,,2026-03-30T20:08:08.961Z,15.0,477.081,15.0
YHB - Where Global Reach Meets Hometown Touch,https://www.youtube.com/watch?v=8ekvjt8zPiA,,,2026-03-30T20:07:52.523Z,16.0,16.438,16.0
Angel Soft | Lavender :06,https://www.youtube.com/watch?v=a5UiTzXDhG8,,,2026-03-30T20:07:45.162Z,7.0,7.361,7.0
Were Wife and Newborn Murdered by Mystery Intruder or Lazy Husband? | Craig Vandewege Case Analysis,https://www.youtube.com/watch?v=BNATKynGyvI,Dr. Todd Grande,https://www.youtube.com/channel/UCC_0vyFTKk1Nlodo4QsiQkw,2026-03-30T19:59:44.724Z,922.0,480.438,480.438
Foul Play With Anthony Davis Premieres April 6th on TBS (Promo 3) | TBS,https://www.youtube.com/watch?v=2CBrvyL4WAQ,,,2026-03-30T19:59:21.151Z,16.0,23.573,16.0
aid105690   US PRT SM 00815   OLV Reminder - 9s,https://www.youtube.com/watch?v=_ey816uPO4M,,,2026-03-30T19:59:11.103Z,9.0,10.048,9.0
Fruit Riot x Sour Patch Kids,https://www.youtube.com/watch?v=L2hoCZGwi1Y,,,2026-03-30T19:50:11.230Z,19.0,539.873,19.0
ct~CA gp~SaveGrow f~LAVideo a~Earners c~Gio 06 s~16x9,https://www.youtube.com/watch?v=vgaMO5j3JSU,,,2026-03-30T19:50:03.807Z,7.0,7.423,7.0
Rebel Wilson goes Micro with Noom,https://www.youtube.com/watch?v=2hxjbB8Q-_Q,,,2026-03-30T19:49:32.459Z,31.0,31.348,31.0
Efficient Spill Cleanup for Industrial Environments: WypAll® is the Right Wipe for the Job,https://www.youtube.com/watch?v=HeMICkJDP8Y,,,2026-03-30T19:49:16.066Z,16.0,16.393,16.0
cd0453en1920x1080,https://www.youtube.com/watch?v=zkA-MPYm7eI,,,2026-03-30T19:35:41.172Z,48.0,814.894,48.0
sh0262ben1920x1080,https://www.youtube.com/watch?v=JgrMMs_TjhU,,,2026-03-30T19:35:20.370Z,7.0,20.802,7.0
Landscape: 2447_bw,https://www.youtube.com/watch?v=dDTGyx0a_6M,,,2026-03-30T19:35:13.047Z,7.0,7.323,7.0
CMA02611.TokenRoulette.TokenWheelPrize_VER_v1_1920_1080_DUR_30S_LNG_ENGLBL.mp4,https://www.youtube.com/watch?v=iVtGZ8Wt6gg,,,2026-03-30T19:22:44.636Z,31.0,748.411,31.0
Shortened: kr1067228kr 567353 ccs lt beach frosting replaioptest batch14 concept561 rec gp vid30 192,https://www.youtube.com/watch?v=bFhsGkQDImU,,,2026-03-30T19:22:29.566Z,7.0,15.07,7.0
YL143_EN_P102(169)【THE ANTS: UNDERGROUND KINGDOM】,https://www.youtube.com/watch?v=Cayn8VvpLfw,,,2026-03-30T19:04:19.026Z,50.0,1090.54,50.0
Shortened: Match Factory - Circlepush-org-ctv 30s L,https://www.youtube.com/watch?v=CBd74ZvbE2I,,,2026-03-30T19:03:51.509Z,26.0,27.517,26.0
Grocery 6s 1x1,https://www.youtube.com/watch?v=w8CjpHpvjXA,,,2026-03-30T19:03:43.871Z,7.0,7.638,7.0
MD_carve_your_pumpkin_6s_1920x1080,https://www.youtube.com/watch?v=JLS-ycISgAA,,,2026-03-30T19:03:36.727Z,7.0,7.144,7.0
PTSLG_V_EN_3D_帕萌园区_CB_709_1920x1080_58s_260319_LP_1127055,https://www.youtube.com/watch?v=Ekh4LyOtD0E,,,2026-03-30T18:46:40.046Z,59.0,1016.681,59.0
JUMP-L-VNO5803-3D-B0-E0-EN-剧情-5504短秒,https://www.youtube.com/watch?v=9dYi1jStqno,,,2026-03-30T18:46:23.379Z,7.0,16.667,7.0
250707_bumper+e6s-top7+e6s_en_ZW_1920x1080.mp4,https://www.youtube.com/watch?v=O7BdVLDUxm4,,,2026-03-30T18:46:16.280Z,7.0,7.099,7.0
CFC英语口播 0202 横版,https://www.youtube.com/watch?v=HXT50LmQ1cI,,,2026-03-30T18:33:10.538Z,40.0,785.742,40.0
EM 10004 Video NA RunEscape GunShot GJRollV1 Nor YQXJYLZ F NA EN A bluedemo,https://www.youtube.com/watch?v=bQVT7WREDzY,,,2026-03-30T18:32:31.576Z,38.0,38.962,38.0
Paradise S2 | Sinatra Secret :06 | Finale,https://www.youtube.com/watch?v=BwkBsZ3VLFI,,,2026-03-30T18:32:24.141Z,7.0,7.435,7.0
Husband & Father Fakes Death To Meet With Online Romance: The Pathetic Case of Ryan Borgwardt,https://www.youtube.com/watch?v=RWlkX01wtnE,dreading (crime and psychology),https://www.youtube.com/channel/UCG-qQe1mnh4JVKhuJkdh8KA,2026-03-30T18:11:13.107Z,5549.0,1271.034,1271.034
PRIME-56871_Synergy Selection Voyager_cutdown_1920x1080_ver2_q1kqb46p25_q1kqb46p25.mp4,https://www.youtube.com/watch?v=GbJxbw9U2cs,,,2026-03-30T17:38:23.982Z,30.0,1969.125,30.0
Match Factory - Will_bam 30s L,https://www.youtube.com/watch?v=1OolZLprs88,,,2026-03-30T17:16:02.170Z,30.0,1341.812,30.0
Shortened: GOT3D770_EN_FZT2峰回路转-西部版_国王_1920x1080,https://www.youtube.com/watch?v=lUeZGKXt3zc,,,2026-03-30T17:15:45.576Z,16.0,16.594,16.0
FAT2D01962_EN_zz立体咖啡杯大西瓜清新版6s_1920x1080_CLS,https://www.youtube.com/watch?v=h_8AoF1aLEM,,,2026-03-30T17:15:38.027Z,7.0,7.549,7.0
Obama,https://www.youtube.com/watch?v=6Gj6fajamE4,,,2026-03-30T17:15:06.844Z,31.0,31.183,31.0
Chilli From TLC Likes Scrubs,https://www.youtube.com/watch?v=y4e7JjtZJBw,Reese Waters,https://www.youtube.com/channel/UCCcr-MvAMettt8yktc9t4ag,2026-03-30T16:59:53.418Z,2285.0,913.426,913.426
Shortened: PRIME-55717_Ship Upgrades Walk-Thru_1920x1080_h264_d1gygxryns_d1gygxryns.mp4,https://www.youtube.com/watch?v=FX1J6h-Mkmw,,,2026-03-30T16:59:14.218Z,36.0,39.2,36.0
Shortened: P102_25030285_EN_169【THE ANTS: UNDERGROUND KINGDOM】,https://www.youtube.com/watch?v=vSnEZjzsrbE,,,2026-03-30T16:40:02.975Z,45.0,1151.243,45.0
Nancy Guthrie Update: Pima County Insider Drops BOMBSHELL On Case... | TMZ,https://www.youtube.com/watch?v=evnydgMaj3Q,TMZ,https://www.youtube.com/channel/UCK7IIV6Q2junGSdYK3BmZMg,2026-03-30T16:30:05.235Z,1621.0,597.74,597.74
Shortened: MPY-57669_Pets_Hidden_Camera_Iteration_v01_1920x1080_v01_b6luzelx9u_b6luzelx9u.mp4,https://www.youtube.com/watch?v=uiWJGBT--P0,,,2026-03-30T16:29:38.413Z,25.0,26.822,25.0
PRIME-56872_Collect Officers_Enterprise D_EN_1920x1080_29s_1xzwrm29iw_1xzwrm29iw.mp4,https://www.youtube.com/watch?v=b6NP4tcRNUk,,,2026-03-30T16:29:07.718Z,30.0,30.695,30.0
V2Logo Brand Spokesperson BerkTruck 16x9 30sec,https://www.youtube.com/watch?v=_u9FOXn9jy8,,,2026-03-30T16:28:31.381Z,31.0,36.337,31.0
"“I can’t keep track, but my BFF can!” – Subscription Cancellation",https://www.youtube.com/watch?v=HLfQAZE10Q4,,,2026-03-30T16:20:00.630Z,16.0,510.751,16.0
Shortened: DEB_1781777866_EN_1920x1080_SurvivorioAdapt_1_CID53188.mp4,https://www.youtube.com/watch?v=w4eQGmfwh9Q,,,2026-03-30T16:19:52.510Z,7.0,8.12,7.0
Shortened: EM 10004 Video NA RunEscape Gunshot X7V5 Nor R F NA EN A bluedemo,https://www.youtube.com/watch?v=gX_ixXKd39Y,,,2026-03-30T16:19:45.132Z,7.0,7.378,7.0
Lords Mobile 10th Anniversary Celebration,https://www.youtube.com/watch?v=q8GcnhVYnTk,,,2026-03-30T16:05:32.487Z,31.0,852.645,31.0
Angel Soft | Dial :15,https://www.youtube.com/watch?v=hFKRFvPp4BU,,,2026-03-30T16:05:15.858Z,16.0,16.629,16.0
PRIME-55368_TNG_First_Contact-Trailer_1920x1080_EN_44S_bar71bubbj_bar71bubbj.mp4,https://www.youtube.com/watch?v=LSnbuNrAXxk,,,2026-03-30T15:51:19.310Z,45.0,836.548,45.0
Angel Soft | Conference Room :15,https://www.youtube.com/watch?v=M_9SjV7M5NE,,,2026-03-30T15:50:39.953Z,16.0,39.357,16.0
ELIMINATION BUS #shorts,https://www.youtube.com/watch?v=mL42a-8mjDs,Druski,https://www.youtube.com/channel/UC4PQqjGczpgmqbpicKjkwvw,2026-03-30T15:50:35.729Z,121.0,4.224,4.224
Landlord Makes A Horrific Discovery On His Property,https://www.youtube.com/watch?v=y8QiEa97vOQ,The Villains,https://www.youtube.com/channel/UCAAylaLTtNL8SGuB-Oj3xCw,2026-03-30T15:36:58.427Z,2933.0,817.302,817.302
MGD Rita Findoutwhatwaslost V227642 30 1920x1080 English&IMG=4VNE,https://www.youtube.com/watch?v=TF0v03qU6jQ,,,2026-03-30T15:36:41.558Z,31.0,16.869,16.869
CLS_GOF3D5823_EN_FZAI解说-割资源冰块对抗-蓝色版_C_1920x1080,https://www.youtube.com/watch?v=MYGWkHWNLVQ,,,2026-03-30T15:35:44.946Z,56.0,56.612,56.0
Puzzles & Survival,https://www.youtube.com/watch?v=amcwaEpVBMs,,,2026-03-30T15:23:39.724Z,47.0,725.222,47.0
EN Dumb Enough Landscape ST,https://www.youtube.com/watch?v=OWByyWOesAg,,,2026-03-30T15:23:23.178Z,15.0,16.546,15.0
Shortened: GP_WarzoneWinHeaderText_V5_EN_16-9_W11-2026.mp4,https://www.youtube.com/watch?v=yiZhGYbObjA,,,2026-03-30T15:23:14.905Z,7.0,8.273,7.0
This Changes How You See the Charlie Kirk Case,https://www.youtube.com/watch?v=pcSfQicgKaY,NissCee.Social,https://www.youtube.com/channel/UC3fBvizMT7ZSAMK0hViQ5dg,2026-03-30T14:55:53.813Z,2317.0,1641.092,1641.092
DCD-Blin-4048| Hulu,https://www.youtube.com/watch?v=9cycSw1vImo,,,2026-03-30T14:54:27.781Z,16.0,86.032,16.0
Google AI Pro,https://www.youtube.com/watch?v=wSYC0JzFW6E,,,2026-03-30T14:54:21.411Z,25.0,6.37,6.37
ABC 20/20 New 2026  🍀🍀🍀 I Have Killed 🍀🍀🍀,https://www.youtube.com/watch?v=3YdnXdp_L8w,Music MA,https://www.youtube.com/channel/UCCuaK049oIjE68mG5Nu2N5A,2026-03-30T14:18:15.210Z,,2166.201,2166.201
"Mom Goes Missing - Hours Later, Cop Make Shocking Discovery",https://www.youtube.com/watch?v=jE6ByLyfuLA,Mysterious 7,https://www.youtube.com/channel/UCjRdMPERN1T0LwAtnshS9UQ,2026-03-30T14:09:49.173Z,1840.0,506.037,506.037
"Mortician Explains the Watts Case: Oil Tanks, Embalming, & Metal Caskets",https://www.youtube.com/watch?v=1dNHwO6jtm8,Lauren the Mortician,https://www.youtube.com/channel/UCeenjjUm1ZM8NwXel5sd3pQ,2026-03-30T14:09:29.617Z,1278.0,19.556,19.556
V2Logo Brand Spokesperson BerkTruckB 16x9 10sec,https://www.youtube.com/watch?v=dV6ZuN-yD_w,,,2026-03-30T14:09:19.896Z,11.0,9.721,9.721
Salt-N-Pepa - Whatta Man (Official Music Video) ft. En Vogue,https://www.youtube.com/watch?v=5vgV_dVkXN4,SaltNPepaVEVO,https://www.youtube.com/channel/UCNZVlxvEihoudEmVdULMQ4Q,2026-03-30T13:40:50.268Z,294.0,1709.628,294.0
Last Asylum: Plague,https://www.youtube.com/watch?v=IdliPaGzlqI,,,2026-03-30T13:30:59.186Z,60.0,591.082,60.0
Shortened: Toon Blast - Christmasgiftbox-v2 30s Sq,https://www.youtube.com/watch?v=u9eqYLsAecQ,,,2026-03-30T13:30:52.900Z,7.0,6.286,6.286
63 Facts And History About Our Solar System | 4K,https://www.youtube.com/watch?v=oO3f0o66EGo,Insane Curiosity,https://www.youtube.com/channel/UCNYaxPiba3oxmeL_3jKxnYA,2026-03-30T10:48:34.102Z,5791.0,9738.798,5791.0
Skills for Today | Walden University,https://www.youtube.com/watch?v=xxuVokFYyZc,,,2026-03-30T10:47:59.493Z,31.0,34.609,31.0
Sixth Sense,https://www.youtube.com/watch?v=3_4rzg8kh0w,,,2026-03-30T10:35:28.973Z,31.0,750.52,31.0
Colgate Total | Seatbelt 15s,https://www.youtube.com/watch?v=XgRVEIMwj-E,,,2026-03-30T10:21:31.067Z,16.0,837.906,16.0
SP26 Lifestyle Authentic 15s Hayley titled 16x9,https://www.youtube.com/watch?v=ZSX0UeXC21g,,,2026-03-30T10:21:14.630Z,16.0,16.437,16.0
Share the pic | AT&T,https://www.youtube.com/watch?v=QibquXkj9TY,,,2026-03-30T10:20:39.546Z,31.0,35.084,31.0
"Hillshire Farm Is Calling™ | Honey Ham ""Mouthwatering"" | :06",https://www.youtube.com/watch?v=qEKa04BiyL4,,,2026-03-30T10:20:31.576Z,7.0,7.97,7.0
"An Epic Journey Through Venus, Mars And Jupiter | 4K",https://www.youtube.com/watch?v=6KdQyHzNWzg,Insane Curiosity,https://www.youtube.com/channel/UCNYaxPiba3oxmeL_3jKxnYA,2026-03-30T10:06:38.307Z,2358.0,833.269,833.269
Getaways for prima-donnas and parents | Booking.com,https://www.youtube.com/watch?v=NC8bkLDA9tI,,,2026-03-30T10:06:19.961Z,,18.346,18.346
Chase for Business® with OSOMTEX | :15,https://www.youtube.com/watch?v=PHaQs0yMkv0,,,2026-03-30T10:06:03.482Z,16.0,16.479,16.0
DSG Brand Sporthood Doorframe 16x9,https://www.youtube.com/watch?v=RU_kfEXejxo,,,2026-03-30T09:55:13.118Z,16.0,650.364,16.0
PKTV 000113962 000299797,https://www.youtube.com/watch?v=0TicUXEavo8,,,2026-03-30T09:54:56.574Z,16.0,16.544,16.0
Forever Roll Demo | Charmin® Forever Roll Limited Time Only :06,https://www.youtube.com/watch?v=YUj6q2HO_Ew,,,2026-03-30T09:54:49.138Z,7.0,7.436,7.0
Share the pic | AT&T,https://www.youtube.com/watch?v=-dTIv_dZwbA,,,2026-03-30T09:54:32.598Z,16.0,16.54,16.0
Chase for Business® with OSOMTEX | :06,https://www.youtube.com/watch?v=1u3XcD2xM5g,,,2026-03-30T09:54:25.094Z,7.0,7.504,7.0
Clinique Moisture Surge at Macy’s,https://www.youtube.com/watch?v=2Hd1473y60I,,,2026-03-30T09:38:49.185Z,16.0,935.909,16.0
"At Chamberlain University, Camaraderie is Made in the Moments in Between",https://www.youtube.com/watch?v=jBYMEktO1M8,,,2026-03-30T09:38:32.835Z,15.0,16.35,15.0
"When Flu Hits Hard, Fight Back | NyQuil Intense Flu Multi-Symptom",https://www.youtube.com/watch?v=IiV4gLs4VxI,,,2026-03-30T09:38:16.345Z,15.0,16.49,15.0
Video Ad,https://www.youtube.com/watch?v=v-gt7oLBBjk,,,2026-03-30T09:37:59.831Z,16.0,16.514,16.0
Easter deals at Target,https://www.youtube.com/watch?v=RTPk2E0RNpU,,,2026-03-30T09:37:52.230Z,7.0,7.601,7.0
DSG Brand Sporthood Laundry 16x9,https://www.youtube.com/watch?v=daIeaTTKRJE,,,2026-03-30T09:25:39.981Z,16.0,732.249,16.0
Blue Buffalo Wilderness Made for Adventure Sweepstakes,https://www.youtube.com/watch?v=Mf2Cum4Qrpc,,,2026-03-30T09:25:23.371Z,16.0,16.61,16.0
Always Discreet for Bladder Leaks. Its Designed to Protect.,https://www.youtube.com/watch?v=3_n6VpqR0kA,,,2026-03-30T09:25:15.902Z,7.0,7.469,7.0
Chick-fil-A | GM | All Ranched Up | :06 | OLV,https://www.youtube.com/watch?v=jLf_vtiMINM,,,2026-03-30T09:25:08.538Z,7.0,7.364,7.0
"An Amazing Trip Through Venus, Mars, Jupiter And Saturn | 4K",https://www.youtube.com/watch?v=ZmPt05wE-ro,Insane Curiosity,https://www.youtube.com/channel/UCNYaxPiba3oxmeL_3jKxnYA,2026-03-30T09:09:23.495Z,3178.0,945.043,945.043
Take Zesty to go with RITZ Zesty Herb Fresh Stacks.,https://www.youtube.com/watch?v=2KSQlqLb5yI,,,2026-03-30T09:09:05.182Z,16.0,18.313,16.0
AllegraD 2026 Congestion Allergy and Cold Medicine Facts BOTH None EN VAR VID15,https://www.youtube.com/watch?v=pLzyQK_WDoo,,,2026-03-30T09:03:33.369Z,16.0,331.813,16.0
Video Ad,https://www.youtube.com/watch?v=lpFzgnfrL68,,,2026-03-30T09:02:54.263Z,31.0,39.106,31.0
Reese's Core | In Plain Sight :15 REV1 (EAS) | 2022 Commercial,https://www.youtube.com/watch?v=v2MUSvJF50I,,,2026-03-30T08:51:29.624Z,16.0,684.639,16.0
Chamberlain University: Where Professors Guide and Community has Your Back,https://www.youtube.com/watch?v=Im9k0kcTVTY,,,2026-03-30T08:50:56.683Z,,32.941,32.941
"With göt2b Metallics new shades, all change is bold! Dye your hair and let it shine.",https://www.youtube.com/watch?v=w5oWSKE1IMM,,,2026-03-30T08:50:49.282Z,7.0,7.401,7.0
Shortened: DS V 024 003 Puzzle StitchLimited EN 30s 1920x1080,https://www.youtube.com/watch?v=0XjnBgc_WGQ,,,2026-03-30T08:35:09.558Z,16.0,939.724,16.0
Cookie_1093_H_6s_BluedemoMH,https://www.youtube.com/watch?v=L6tCpqENPg4,,,2026-03-30T08:34:26.446Z,7.0,43.112,7.0
cid=8a37374876a97456b5182c47932dbe90,https://www.youtube.com/watch?v=H5Bf33ZyFuU,,,2026-03-30T08:23:28.526Z,31.0,657.92,31.0
Shortened: kr1059373kr 423966 ccs lt efour water escape adhoc vid30 1920x1080 en,https://www.youtube.com/watch?v=DSOPhYMC6pA,,,2026-03-30T08:23:07.399Z,7.0,21.127,7.0
Introducing CeraVe's New Face of Legs,https://www.youtube.com/watch?v=3RJhGcNokzI,,,2026-03-30T08:22:51.033Z,16.0,16.366,16.0
Google AI Pro,https://www.youtube.com/watch?v=2BFPtsFBOjU,,,2026-03-30T08:07:15.315Z,18.0,935.718,18.0
Shortened: DS V 055 004 MagicalMoments EN 15s 1920x1080,https://www.youtube.com/watch?v=Ohcaa1D2fNo,,,2026-03-30T08:06:59.283Z,15.0,16.032,15.0
Video Ad,https://www.youtube.com/watch?v=-LoGCDkHgLY,,,2026-03-30T08:06:42.661Z,16.0,16.622,16.0
Forever Roll Demo | Charmin® Forever Roll :06,https://www.youtube.com/watch?v=zSO2_Ff4J68,,,2026-03-30T08:06:35.163Z,7.0,7.498,7.0
Reese's Core | First :15 REV1 (EAS) | 2022 Commercial,https://www.youtube.com/watch?v=RqXvnYjsgaM,,,2026-03-30T08:06:19.285Z,16.0,15.878,15.878
D600000 9262 NULL GOOGLE BDBFY26 XCAT SQFS FOFS VID 1920x1080 15 GM EL 25031330001EAD2634,https://www.youtube.com/watch?v=oGwegVXoH6g,,,2026-03-30T07:49:20.853Z,16.0,1018.432,16.0
"With göt2b Metallics new shades, all change is bold! Dye your hair and let it shine.",https://www.youtube.com/watch?v=Q2GEuNW1Zyc,,,2026-03-30T07:49:03.791Z,16.0,17.062,16.0
A Journey Through  All The Planets Of Our Solar System | 4K,https://www.youtube.com/watch?v=ap16oYvvuTM,Insane Curiosity,https://www.youtube.com/channel/UCNYaxPiba3oxmeL_3jKxnYA,2026-03-30T07:34:49.938Z,5074.0,853.853,853.853
ROK_V_EN_3D_城市种地不如抢(文明票价版)_CB_1_1920x1080_57s_260312_NR_1122095,https://www.youtube.com/watch?v=Zkp4Df6gpCU,,,2026-03-30T07:33:12.695Z,58.0,97.243,58.0
Can Fin AI Really Solve Complex Questions Now?,https://www.youtube.com/watch?v=q-YSS89R7U0,,,2026-03-30T07:24:56.936Z,16.0,495.759,16.0
Extraordinary,https://www.youtube.com/watch?v=u1S208ZMBxc,,,2026-03-30T07:24:18.238Z,31.0,38.698,31.0
Most Popular Operative Systems 1981 - 2025,https://www.youtube.com/watch?v=TCobr35ddJI,Wolf Data,https://www.youtube.com/channel/UCnKQhUm0dSFChVEV9Cb0UfA,2026-03-30T07:21:32.896Z,578.0,165.342,165.342
UPDATE: New Camera Evidence Shows What Led to Sheriff Killing Judge In Court House.,https://www.youtube.com/watch?v=I2OCBkG8Ub4,Nate The Lawyer,https://www.youtube.com/channel/UCD5_QIM67BZJdh9AwZv3soA,2026-03-30T07:20:16.044Z,1008.0,76.852,76.852
Insane Illegal Ways YOU Break the Law Every Day,https://www.youtube.com/watch?v=JVP4gXLf2yU,The Infographics Show,https://www.youtube.com/channel/UCfdNM3NAhaBOXCafH7krzrA,2026-03-30T07:19:53.156Z,10674.0,22.888,22.888
Meal Prep | JCPenney Brand 06 GM,https://www.youtube.com/watch?v=lLGNYBqy3fI,,,2026-03-30T07:19:32.971Z,7.0,20.185,7.0
"Alien Planets Made of Crystals, Fire Ice, and Diamonds",https://www.youtube.com/watch?v=KyiB483ht_w,The Drowsy Astronaut,https://www.youtube.com/channel/UC4fjzzxyd-osNfUGVaFoXLg,2026-03-30T07:18:55.361Z,10111.0,37.61,37.61
The secret to glowy-looking skin.,https://www.youtube.com/watch?v=-E5x-CDc8dI,,,2026-03-30T07:12:57.379Z,16.0,357.982,16.0
QHOM2516000H HOMEGOODS NSTS LAUNCH BUMPER REV 1 NEW MUSIC GIMME MORE VALUE 06 OLV,https://www.youtube.com/watch?v=7LD18KimDt0,,,2026-03-30T07:12:34.950Z,7.0,22.429,7.0
All-New Lay's Baked Loaded Baked Potato Crisps Are HERE!,https://www.youtube.com/watch?v=Et4XctO8oLA,,,2026-03-30T07:12:11.342Z,7.0,23.608,7.0
V2Logo Brand Spokesperson BerkTruck 16x9 15sec,https://www.youtube.com/watch?v=eDNdh6reTx8,,,2026-03-30T06:53:52.113Z,16.0,1099.229,16.0
The U.S. Civil Rights Trail Podcast - Virginia,https://www.youtube.com/watch?v=4hqHoicQQ_8,,,2026-03-30T06:53:35.588Z,16.0,16.525,16.0
Toleriane DRM 2025 - 06s More Than A Moisturizer Impact+,https://www.youtube.com/watch?v=zMlVomMO5xM,,,2026-03-30T06:53:11.495Z,7.0,24.093,7.0
Sonic $6 All-American Smasher Meal,https://www.youtube.com/watch?v=rDkvIbo0W4o,,,2026-03-30T06:53:04.446Z,7.0,7.049,7.0
EN ESRB 1920x1080 FN BR C7S2 Hybrid Launch Trailer Cinematic Cutdown B 261006 15s PM,https://www.youtube.com/watch?v=MIRZvl5NcW4,,,2026-03-30T06:41:36.347Z,15.0,688.099,15.0
The new Nissan Pathfinder | Kid Gauntlet,https://www.youtube.com/watch?v=pch9JknRMT0,,,2026-03-30T06:41:19.585Z,16.0,16.762,16.0
Undo Your Flu Symptoms | NyQuil Intense Flu Multi-Symptom,https://www.youtube.com/watch?v=SWehlZWaCUI,,,2026-03-30T06:41:11.459Z,6.0,8.126,6.0
Chick-fil-A | GM | Three Tiers of Flavor | :06 | OLV,https://www.youtube.com/watch?v=P3Y6eo2UjfE,,,2026-03-30T06:41:04.100Z,7.0,7.359,7.0
Polo 67 Eau de Parfum Extreme | Ralph Lauren Fragrances​​,https://www.youtube.com/watch?v=DqHtWuHrS4o,,,2026-03-30T06:40:48.407Z,15.0,15.693,15.0
The secret to glowy-looking skin.,https://www.youtube.com/watch?v=gU8ZvkpRVtU,,,2026-03-30T06:22:53.319Z,16.0,1075.088,16.0
Sonic All-American Smashers,https://www.youtube.com/watch?v=k-I01Qttfe8,,,2026-03-30T06:22:36.843Z,16.0,16.476,16.0
P500000 POSS2221 NULL YOUTUBE FY27 POSSIBILITY HARD ASPO PDHS VID 1920X1080 6 GM EL 26010730040PWP22,https://www.youtube.com/watch?v=SaU21yUjKDQ,,,2026-03-30T06:22:29.253Z,7.0,7.59,7.0
US NON 6460   Brand Connected 15s YouTube Audio (FY23),https://www.youtube.com/watch?v=vDTyAi9ZedQ,,,2026-03-30T06:22:12.848Z,16.0,16.405,16.0
My Knight - The General 06s ENG,https://www.youtube.com/watch?v=p0Y6VedwrgA,,,2026-03-30T06:22:05.529Z,7.0,7.319,7.0
GRMA25032_M079_GRP02_Hero-Alt-Paper-Bag_16x9_V01.mp4,https://www.youtube.com/watch?v=fCpZiVFBV6U,,,2026-03-30T06:07:03.535Z,24.0,901.994,24.0
15s AHGL CTV OldVNew QR,https://www.youtube.com/watch?v=eCHNpPmViys,,,2026-03-30T06:06:46.872Z,16.0,16.663,16.0
So much more than Vitamin C,https://www.youtube.com/watch?v=ebh9itFRABc,,,2026-03-30T06:06:30.430Z,16.0,16.442,16.0
Michael (2026) Dig06 Joy (TOS) - Jaafar Jackson,https://www.youtube.com/watch?v=lfW6sx8PJ1I,,,2026-03-30T06:06:22.747Z,7.0,7.683,7.0
Upgrade Your Roll | Charmin® Forever Roll :15,https://www.youtube.com/watch?v=AEY-0s4vG1o,,,2026-03-30T06:06:06.355Z,16.0,16.392,16.0
Now Taxes is Expertise No Hidden Fees - TurboTax 2026 Commercial (3/31 :30),https://www.youtube.com/watch?v=2qACnWjLrRs,,,2026-03-30T05:53:41.691Z,31.0,744.664,31.0
Always Pocket Flexfoam,https://www.youtube.com/watch?v=ZGFbZuV7M08,,,2026-03-30T05:53:16.800Z,16.0,24.891,16.0
Shortened: Match Factory - Will_bam 30s L,https://www.youtube.com/watch?v=amt0uwnvaAA,,,2026-03-30T05:22:29.488Z,17.0,1847.312,17.0
Shortened: DS V 055 003 MagicalMoments EN 30s 1920x1080,https://www.youtube.com/watch?v=wsHJvfxTtNk,,,2026-03-30T05:22:19.905Z,8.0,9.583,8.0
US KCC VLK MUL VID15 MP4 ShopNow DPE16x9,https://www.youtube.com/watch?v=2rD2E48Im_A,,,2026-03-30T05:22:03.198Z,16.0,16.707,16.0
Haircare reinvented with dermatologists,https://www.youtube.com/watch?v=lTSKxhcb2ws,,,2026-03-30T05:21:48.880Z,7.0,14.318,7.0
Merge Gardens: a place where magic thrives,https://www.youtube.com/watch?v=mKvUrGW_81Q,,,2026-03-30T05:09:08.236Z,31.0,760.644,31.0
PGTX1788100H Tide Cover Up ENG OLV 15 16x9,https://www.youtube.com/watch?v=1Lxgy2M3OsA,,,2026-03-30T05:08:35.018Z,16.0,33.218,16.0
"At Chamberlain, Learn From Anywhere With Support That Comes From Everywhere",https://www.youtube.com/watch?v=aGdDv7XC_tE,,,2026-03-30T05:08:27.319Z,,7.699,7.699
6645948   KER SOC Kerastase Demi Moore Hero Video US Legal Adaptation 6s 16 9,https://www.youtube.com/watch?v=anJWrtb0YDY,,,2026-03-30T05:08:20.016Z,6.0,7.303,6.0
The Full 2 Hour Journey Through Every Planet in Our Solar System — Explained Deeply,https://www.youtube.com/watch?v=VjsyfJeQIo0,The Drowsy Astronaut,https://www.youtube.com/channel/UC4fjzzxyd-osNfUGVaFoXLg,2026-03-30T04:52:25.354Z,8167.0,954.662,954.662
Shortened: PRIME-55717_Ship Upgrades Walk-Thru_1920x1080_h264_d1gygxryns_d1gygxryns.mp4,https://www.youtube.com/watch?v=1XjoMC6_PDo,,,2026-03-30T04:51:17.428Z,30.0,67.926,30.0
Shortened: MPY-45106_Vidsy repurpose 14 - Dec 1920x1080-V2_ktmbzx2glf_ktmbzx2glf.mp4,https://www.youtube.com/watch?v=263p1M-yQv4,,,2026-03-30T04:40:09.641Z,12.0,667.787,12.0
Pronamel EX Clinical Enamel Strength Dr Corey  CON OLV 16x9 6s en USA 1139536,https://www.youtube.com/watch?v=zIPkIMPUqUs,,,2026-03-30T04:40:02.072Z,7.0,7.569,7.0
Every Planet From Our Solar System Explained in 20 Minutes,https://www.youtube.com/watch?v=lVdYYpoozZU,Jaydone History,https://www.youtube.com/channel/UC-q-_DVLrAfmVApgnJTIa9A,2026-03-30T04:29:57.199Z,1229.0,604.873,604.873
English New Chicken Menu 16:9,https://www.youtube.com/watch?v=hrOL_XI5SdQ,,,2026-03-30T04:29:40.437Z,15.0,16.762,15.0
Instagram Teen Accounts,https://www.youtube.com/watch?v=VeAjtW-FJJE,,,2026-03-30T04:29:20.290Z,16.0,20.147,16.0
"Determined Detectives | “48 Hours"" Full Episodes",https://www.youtube.com/watch?v=l4lvgPlqbMQ,48 Hours,https://www.youtube.com/channel/UC7htuVs06oduI3xSfTdcxPA,2026-03-30T04:28:36.975Z,6625.0,43.315,43.315
[New] 48 Mystery 2026 Full Episode 💥 The Missing Clue 💥 Murder Documentary Full HD,https://www.youtube.com/watch?v=8ONeGCDsf9Y,EchoRhythm,https://www.youtube.com/channel/UCRgggkj-h3V2CoGi55Z3DJA,2026-03-30T04:27:40.492Z,,56.483,56.483
TY 2024 How to File Taxes for Free - TurboTax Tax Tip Video,https://www.youtube.com/watch?v=JO996aUy44c,,,2026-03-30T04:27:17.735Z,92.0,22.757,22.757
TH Movado Remix,https://www.youtube.com/watch?v=TH4yiMeCJ4s,,,2026-03-30T04:20:40.025Z,16.0,397.71,16.0
"Teen | Vrbo (US-en, DG, 16:9)",https://www.youtube.com/watch?v=5p9E9wxTSV8,,,2026-03-30T04:20:23.343Z,16.0,16.682,16.0
Reach - Coffee Shop 6s Horizontal,https://www.youtube.com/watch?v=UNuRPxxw0Lg,,,2026-03-30T04:20:08.045Z,7.0,15.298,7.0
Brand Joy 15s 16x9,https://www.youtube.com/watch?v=YnvTMCGzI5g,,,2026-03-30T04:06:00.496Z,16.0,847.549,16.0
Industry S4 | HBO Max,https://www.youtube.com/watch?v=JyCU7ljsOhw,,,2026-03-30T03:51:14.557Z,31.0,885.939,31.0
fzsm0028en1920x1080ggp,https://www.youtube.com/watch?v=BdaV623mKqw,,,2026-03-30T03:50:38.894Z,31.0,35.663,31.0
Cookie_380_H_6s_BluedemoMH,https://www.youtube.com/watch?v=aTw0oaInZfk,,,2026-03-30T03:50:31.079Z,7.0,7.815,7.0
MD_CandyCrush-Hole_3dShort_1920x1080_f0f3b8,https://www.youtube.com/watch?v=2xVAgA1FD9E,,,2026-03-30T03:50:24.157Z,7.0,6.922,6.922
Shortened: cid=8108a7c3835bd00f7d49c2b13ce77a01,https://www.youtube.com/watch?v=rSCLAEkhgqs,,,2026-03-30T03:33:32.489Z,29.0,1011.668,29.0
SoFi Checking and Savings,https://www.youtube.com/watch?v=N0pF-2X0wn8,,,2026-03-30T03:33:17.096Z,15.0,15.393,15.0
Landscape: CS vid049 Sc 1080x1920 6s en US music1,https://www.youtube.com/watch?v=HHrBc0kxsOs,,,2026-03-30T03:33:08.298Z,7.0,8.798,7.0
Google 6 2H 6 sec,https://www.youtube.com/watch?v=UyzU8wvGFbo,,,2026-03-30T03:33:00.197Z,7.0,8.101,7.0
Beck's Introduces SeedIQ™ | The Industry's First AI-Powered Product Management Platform,https://www.youtube.com/watch?v=3F7ZS4pHfXA,,,2026-03-30T03:17:47.677Z,31.0,912.52,31.0
Shortened: DS V 024 003 Puzzle StitchLimited EN 30s 1920x1080,https://www.youtube.com/watch?v=0XjnBgc_WGQ,,,2026-03-30T03:17:30.456Z,16.0,17.221,16.0
Shortened: 2712_dq_en,https://www.youtube.com/watch?v=FVYJX2I6fGU,,,2026-03-30T03:17:22.209Z,7.0,8.247,7.0
fz0504cen1920x1080,https://www.youtube.com/watch?v=QMgI9QS9i9g,,,2026-03-30T03:17:14.808Z,7.0,7.401,7.0
Shortened: ROK_V_EN_3D_跳水投胎_CB_1_1920x1080_59s_260120_NR_1088498,https://www.youtube.com/watch?v=FXyqXSagU1o,,,2026-03-30T03:05:33.811Z,8.0,700.997,8.0
Shortened: STP 47880 Find the treasure 1920x1080 30s qevws8loow,https://www.youtube.com/watch?v=6tV_qxU_Tv4,,,2026-03-30T03:05:26.177Z,7.0,7.634,7.0
Google 6 1H 4 sec,https://www.youtube.com/watch?v=iG6IKE9Crzc,,,2026-03-30T03:05:20.123Z,5.0,6.054,5.0
Best-Selling Music Artist 1969 - 2025,https://www.youtube.com/watch?v=XKxe1v2Ehz4,Wolf Data,https://www.youtube.com/channel/UCnKQhUm0dSFChVEV9Cb0UfA,2026-03-30T03:03:36.582Z,578.0,103.541,103.541
Disney+ and Hulu,https://www.youtube.com/watch?v=MD_xjyNRDV0,,,2026-03-30T03:03:14.266Z,31.0,22.316,22.316
Best Bid - 2025 Anniversary - 2025 Season 4 Cinematic - The Grand Mafia,https://www.youtube.com/watch?v=XSGYWdHqxLg,,,2026-03-30T03:02:56.918Z,104.0,17.348,17.348
Square: EN_100D_BAGARIN_Swift_1920x1080,https://www.youtube.com/watch?v=qKcsF6UP3BY,,,2026-03-30T03:01:53.566Z,25.0,63.352,25.0
Todd Shows Support For Kyle and Chloe (Throwback) | Chrisley Knows Best | USA Network,https://www.youtube.com/watch?v=rb_jYXn28gI,Chrisley Knows Best,https://www.youtube.com/channel/UCOzQ7Gk2h9oZBrZ1QRcoM5Q,2026-03-30T02:55:42.930Z,254.0,370.636,254.0
Shortened: 260205_GMP-save-国王-蛇-失败+le60s_en_VM_1080x1920_BluedemoMH.mp4,https://www.youtube.com/watch?v=27wIAIveHlA,,,2026-03-30T02:55:35.452Z,8.0,7.478,7.478
1333067,https://www.youtube.com/watch?v=hT-ZH-abbOQ,,,2026-03-30T02:55:29.254Z,6.0,6.198,6.0
Square: 英语-真实剧情5（6s）_XYY-16X9_Screw_250926.mp4,https://www.youtube.com/watch?v=pMODxfQqlgI,,,2026-03-30T02:54:58.643Z,7.0,30.611,7.0
1920x1080_ts_video14932v3_nst_en_59s_85mb.mp4,https://www.youtube.com/watch?v=NeTNhrL8LbU,,,2026-03-30T02:54:34.153Z,59.0,24.49,24.49
Tiki Solitaire Turns TEN!,https://www.youtube.com/watch?v=az_fvs3IBoE,,,2026-03-30T02:52:45.325Z,31.0,108.828,31.0
Earwax From Hell 18.0🔥🔥,https://www.youtube.com/watch?v=gT7UtQJHFKs,Klinik Al-Biruni,https://www.youtube.com/channel/UCRGPiuYtfxnUV-CqBmEknYw,2026-03-30T02:52:12.734Z,978.0,32.591,32.591
Baby Kamso likes water 💦 she’s so cute and calm 🥰😍,https://www.youtube.com/watch?v=5xFJbYyq42k,Hair Tutorials & Lifestyle ,https://www.youtube.com/channel/UCVzuCrhVoIYdklGjq4suBqw,2026-03-30T02:51:01.029Z,497.0,71.705,71.705
Dance AI: AI Dance Video Maker,https://www.youtube.com/watch?v=eKB6CrN03cA,,,2026-03-30T02:51:00.891Z,19.0,0.138,0.138
Shortened: DS V 042 003 ChefBurger Loop EN 60s 1920X1080,https://www.youtube.com/watch?v=2x4jxhUKYIA,,,2026-03-30T02:49:14.714Z,16.0,106.177,16.0
FAT2D04630_EN_zz果汁杯大西瓜餐厅订单条叠加摆放K版试玩转视频60s_1080x1080,https://www.youtube.com/watch?v=pIVZGCqxCsE,,,2026-03-30T02:49:11.474Z,60.0,3.24,3.24
Before She Said A Word… It Was Over 😭 Pop The Balloon or Find Love l With Arlette Amuli,https://www.youtube.com/watch?v=H1B3iqol1BE,Poptheballoon365,https://www.youtube.com/channel/UCDa6P83QFt_4MRC6tvzEUzA,2026-03-30T02:49:03.752Z,90.0,7.722,7.722
The Good Stuff,https://www.youtube.com/watch?v=ZIkftexYQZw,,,2026-03-30T02:48:58.086Z,16.0,5.666,5.666
BumperMark,https://www.youtube.com/watch?v=b6PlHXVkF8o,,,2026-03-30T02:48:49.762Z,7.0,8.324,7.0
FAT2D01420_EN_zz厨房寻物换人换风格混剪6s_1920x1080_CLS,https://www.youtube.com/watch?v=ApOLPvihFDM,,,2026-03-30T02:48:42.390Z,7.0,7.372,7.0
This Fry Chicken recipe definitely gives store bought 🔥,https://www.youtube.com/watch?v=ydWiPdMoxME,BadBwoy Kitchen,https://www.youtube.com/channel/UCBcYwAVOcTaZpJ-7PiDotkw,2026-03-30T02:47:30.678Z,1120.0,71.712,71.712
These are really creative Via: tt/huskermgym,https://www.youtube.com/watch?v=vKrCLeFGcc8,Stargazing Media ,https://www.youtube.com/channel/UCsTSFzNxsLsTgrVtMsLXYEQ,2026-03-30T02:46:47.116Z,,43.562,43.562
Druski fit check #shorts,https://www.youtube.com/watch?v=W3T2iAwZCA4,Druski,https://www.youtube.com/channel/UC4PQqjGczpgmqbpicKjkwvw,2026-03-30T02:46:29.777Z,29.0,17.339,17.339
Pretend to make a phone call and say the dog's favorite word. #funny #dog #doglove #dogs #funnypets,https://www.youtube.com/watch?v=AW7M-XMDgBU,Kittynyaa,https://www.youtube.com/channel/UCo_iEgS_-ll7VXPJAVCvp9g,2026-03-30T02:45:09.882Z,64.0,79.895,64.0
CLS_GOT3D672_EN_BJHT1慢速塔防-正交视角-沙漠版_国王_1920x1080,https://www.youtube.com/watch?v=aUizDj47yx4,,,2026-03-30T02:44:54.910Z,53.0,14.972,14.972
No DNA test needed.. 🧬 #baby #funny #dad #likefatherlikeson #kids #toddlers #family #fyp #love,https://www.youtube.com/watch?v=7Og88Dj3IPE,TheGreatKidsby,https://www.youtube.com/channel/UCYPMQ9_Y2kNW46eMsmyAZhQ,2026-03-30T02:43:27.931Z,59.0,86.979,59.0
Those Kid shows Behind the Scenes #shorts,https://www.youtube.com/watch?v=PLo6OI5DGIs,Druski,https://www.youtube.com/channel/UC4PQqjGczpgmqbpicKjkwvw,2026-03-30T02:41:56.463Z,76.0,91.468,76.0
Angel Don’t Know Goodie Mob🤣🤣,https://www.youtube.com/watch?v=K3wTGcyxNIs,KevOnStage,https://www.youtube.com/channel/UC5Zc0EUB-km6in-55cK7k2g,2026-03-30T02:40:24.689Z,86.0,91.774,86.0
[New] 48 Mystery 2026 Full Episode 💥 Deadly Intentions 💥 Murder Documentary Full HD,https://www.youtube.com/watch?v=lBRC-IPOTWw,EchoRhythm,https://www.youtube.com/channel/UCRgggkj-h3V2CoGi55Z3DJA,2026-03-30T02:35:50.177Z,,274.512,274.512
CMA01501.SM.SackOfGoldFRIceQueen_1920_1080_DUR_15S_LNG_ENGLBL.mp4,https://www.youtube.com/watch?v=vvlvZLJuYms,,,2026-03-30T02:35:33.421Z,16.0,16.756,16.0
fz0508ben1920x1080,https://www.youtube.com/watch?v=PGeT1NIbmlY,,,2026-03-30T02:35:24.934Z,7.0,8.487,7.0
Revlon,https://www.youtube.com/watch?v=OLrMh-tO9Ok,,,2026-03-30T02:33:51.080Z,15.0,93.854,15.0
MD_v_Feb_26_Concept_02_BAU_BreedingBrainPuzzle_45s_1920x1080_670d8d,https://www.youtube.com/watch?v=Lyo3rBi5h8Y,,,2026-03-30T02:33:48.405Z,45.0,2.675,2.675
LIVE: Dateline 24/7,https://www.youtube.com/watch?v=hoNgdiicpzs,Dateline NBC,https://www.youtube.com/channel/UCu3sKtOW9TGaErPsAYVPplA,2026-03-30T01:54:30.392Z,258252.0,2358.013,2358.013
FX's Love Story,https://www.youtube.com/watch?v=XDOXRL6iWJA,,,2026-03-30T01:53:40.979Z,31.0,49.413,31.0
Police Were Going The WRONG Way… Until They Saw THIS,https://www.youtube.com/watch?v=z4CGjYByd2c,Crime Zone,https://www.youtube.com/channel/UCS-syryA4XxV1d-7eUk6HDQ,2026-03-30T01:45:03.592Z,2600.0,517.387,517.387
MD_v_Dec_25_Iteration_02_BAU_PetSalon_6s_1920x1080_a91b0b,https://www.youtube.com/watch?v=iR1_93jBhjM,,,2026-03-30T01:44:54.035Z,7.0,9.557,7.0
PTSLG_V_EN_3D_电梯卖帕鲁_CB_709_1920x1080_52s_260204_NR_1101570,https://www.youtube.com/watch?v=wqkWFXIixnk,,,2026-03-30T01:33:12.819Z,53.0,701.216,53.0
FAT2D01962_EN_zz立体咖啡杯大西瓜清新版6s_1920x1080_CLS,https://www.youtube.com/watch?v=h_8AoF1aLEM,,,2026-03-30T01:32:48.554Z,7.0,24.265,7.0
ROK_V_EN_AI_雅典伟大复兴_CB_1_1920x1080_6s_260313_NR_1123726,https://www.youtube.com/watch?v=gCk-nC-99BA,,,2026-03-30T01:32:41.047Z,6.0,7.507,6.0
Female Cop Gets ARRESTED After Making A HUGE Mistake!,https://www.youtube.com/watch?v=gLp_Rb-Npjg,Audit the Audit,https://www.youtube.com/channel/UCc-0YpRpqgA5lPTpSQ5uo-Q,2026-03-30T01:21:27.187Z,1277.0,673.86,673.86
CID1000463 BB Progression 60 sec Race+4Corners  Xmax Original EN 60s 1920x1080,https://www.youtube.com/watch?v=3CQgy7zXwJE,,,2026-03-30T01:21:08.762Z,60.0,18.425,18.425
MAGA MELTS DOWN After Comedian Destroys Erika Kirk,https://www.youtube.com/watch?v=s1PysUO3QmM,Chris Mowrey,https://www.youtube.com/channel/UCaBmig-kUJmrJ4kSaVZ-O1A,2026-03-30T01:13:36.492Z,514.0,452.27,452.27
Florida Couple’s Home Invasion Murder Caught on Camera,https://www.youtube.com/watch?v=skmHAgwP-u4,Law&Crime Network,https://www.youtube.com/channel/UCz8K1occVvDTYDfFo7N5EZw,2026-03-30T01:12:31.161Z,9548.0,65.331,65.331
Hulu on Disney+,https://www.youtube.com/watch?v=LbsbNNQJPVs,,,2026-03-30T01:12:28.245Z,160.0,2.916,2.916
DCD-Love-4029| Hulu,https://www.youtube.com/watch?v=rjq8fPYAbOM,,,2026-03-30T01:12:15.229Z,16.0,13.016,13.016
Grandparents spoiled grandchild 🤣#foryou #kid #funnyvideo,https://www.youtube.com/watch?v=AB-9qn9pmJY,YT-StrongGamer,https://www.youtube.com/channel/UCM-Rmu5uk9r4pjfxhQ_oNew,2026-03-30T01:09:55.582Z,70.0,139.647,70.0
My promise to myself 🔒 #consistency #resilientapp #motivation,https://www.youtube.com/watch?v=yNvWx49cNI8,Nicci Robinson,https://www.youtube.com/channel/UCAFVtGMKn8b2KjlKMPZ-3Hg,2026-03-30T01:09:02.254Z,42.0,53.328,42.0
Mama tried to tell you🤣😭 #cute #love #viralvideo #viral #funny #shortvideo #shorts #fyp #cute,https://www.youtube.com/watch?v=QjlsyiNhQ2A,girlyyera,https://www.youtube.com/channel/UC-CloDuY90pohYUHcXXnGtw,2026-03-30T01:08:48.975Z,27.0,13.279,13.279
#love #baby,https://www.youtube.com/watch?v=7cNw46uV3BM,Luka Horst,https://www.youtube.com/channel/UCGCtDJ6ZSld9q7M7SSPCwQw,2026-03-30T01:07:44.872Z,59.0,64.103,59.0
HE WAS not PLAYING ABOUT THAT FRONT SEAT WITH HIS MOM 🤣 #momlife #momandson #viralvideo #comedy,https://www.youtube.com/watch?v=Xscri3W-SmQ,TankTalksTV1,https://www.youtube.com/channel/UC4YMYvsM-PsTVVp9o59ODUA,2026-03-30T01:07:21.132Z,23.0,23.74,23.0
https://www.youtube.com/watch?v=eLj4NHJZIcc,https://www.youtube.com/watch?v=eLj4NHJZIcc,,,2026-03-30T01:06:21.585Z,,59.547,59.547
We made the right guy famous ❤️‍🩹❤️‍🩹,https://www.youtube.com/watch?v=lehs5Wx3iQY,Green Appol Edits,https://www.youtube.com/channel/UCuHMYykJJKuyC1lO8NQh2mA,2026-03-30T01:05:24.852Z,51.0,56.733,51.0
Part 76：Black family members and their cats are very interesting😂#cat#fyp#foryou#usa#petlover,https://www.youtube.com/watch?v=TYye3HFQR3Q,Kittynyaa,https://www.youtube.com/channel/UCo_iEgS_-ll7VXPJAVCvp9g,2026-03-30T01:04:36.557Z,43.0,48.295,43.0
Episode 90:Dog Distribution System🐶🥰#dog#funny#funnyanimals#funnypets#animals  #pet #foryou,https://www.youtube.com/watch?v=0VxbRMonNzY,Puppylovestoplay6,https://www.youtube.com/channel/UCzs1qINTlJFElrNyHfeEo3A,2026-03-30T01:03:43.821Z,51.0,52.736,51.0
we're still girls sir! #wlw #stud #skit,https://www.youtube.com/watch?v=KGj6MUW-hjE,FOR THEM,https://www.youtube.com/channel/UCxkR6LOu5QV7Ua9-UJIKBBg,2026-03-30T01:03:28.923Z,25.0,14.898,14.898
The ending was … 🤣🤣 #funny #comedyshorts #memes #shortvideo #meme,https://www.youtube.com/watch?v=01N5nYqX7IQ,Castles_skinwalker,https://www.youtube.com/channel/UC5ZmCPHOGqIlyNsF1pzietg,2026-03-30T01:02:56.447Z,29.0,32.476,29.0
Ice Cream Angel: She Saw His Sad Face and Stopped Everything,https://www.youtube.com/watch?v=xSArAiXnyCI,VinAnd Sori,https://www.youtube.com/channel/UC_BpU8kTmJjHPJUG8o53lmw,2026-03-30T01:01:53.377Z,60.0,63.07,60.0
MC Hammer deserves his flowers 💐 #dance #90s,https://www.youtube.com/watch?v=zaXfkYBGnkY,DJ DA VINCI,https://www.youtube.com/channel/UCJwiWjILlKVI71yvAQ-Cs5g,2026-03-30T01:01:25.488Z,26.0,27.889,26.0
"Strong girls, powerful vibes.#gymfunny #gym #prank #foryourpage #gymfails",https://www.youtube.com/watch?v=iWg1JXC1YGI,Olivia Adams688,https://www.youtube.com/channel/UCVhbQQjTdVDOY7q9TsSDt1A,2026-03-30T00:58:23.045Z,60.0,182.443,60.0
#couples #couplescomedy #relationship #funny #shorts #short,https://www.youtube.com/watch?v=KP93iFpsSZQ,JD & Jay ,https://www.youtube.com/channel/UCy7jYAmQFoeRZXVGCqPQLMw,2026-03-30T00:58:16.281Z,6.0,6.764,6.0
"Behind that mask, they are different people #highlight #teacher #highschool #trending #funny #school",https://www.youtube.com/watch?v=8CDzzRwbNhM,Berhanu Dallas,https://www.youtube.com/channel/UC8-blN9SEJSlmYIr-TJAvJw,2026-03-30T00:58:13.933Z,43.0,2.348,2.348
My Yorkshire Terrier has more personality than I do. #puppy #yorkshireterrier #funnydogs #dog #pets,https://www.youtube.com/watch?v=nqrWUxPXBfQ,Kittynyaa,https://www.youtube.com/channel/UCo_iEgS_-ll7VXPJAVCvp9g,2026-03-30T00:57:20.473Z,57.0,53.46,53.46
They are trying to get a good pic of the food😅 #foryou #funny #trending #viral #shorts,https://www.youtube.com/watch?v=9T0aVcqgG94,Filipino-American Couple ,https://www.youtube.com/channel/UCSRMCgCS6b_X5Qbn2mbtB0w,2026-03-30T00:55:11.680Z,6.0,128.793,6.0
Ranking best people reaction in social experiment,https://www.youtube.com/watch?v=Kjeek5x1zYI,Jackstudio,https://www.youtube.com/channel/UCpJhlctJ_Yelk0cRQlOFa9A,2026-03-30T00:54:48.197Z,59.0,23.483,23.483
✨Thato Moët ✨PUTTING IN THE WORK💪🏿❤️🛹🔥 #skateboarding #shorts,https://www.youtube.com/watch?v=swjC-CAcaic,Cyril Jackson,https://www.youtube.com/channel/UC4hFQr2B8kwOxd0GLDnUyZw,2026-03-30T00:54:07.984Z,45.0,40.213,40.213
We going out with a BANG 👏🏽 #foryou #teacher #reels #springbreak #shortsviral,https://www.youtube.com/watch?v=B7O0yIgk47Q,TheAliaPope,https://www.youtube.com/channel/UChyvpDdK6Ua-NToDcZKqZNA,2026-03-30T00:53:55.428Z,11.0,12.556,11.0
Flip with 45 lbs,https://www.youtube.com/watch?v=mUboO4OX6Iw,Smallest Spark,https://www.youtube.com/channel/UCKrm9bKzAwvXfvFItetChhw,2026-03-30T00:53:35.025Z,23.0,20.403,20.403
lol the way she looked at him after he mispronounced Daquiri,https://www.youtube.com/watch?v=OIY0NGluAWg,Daily Latto,https://www.youtube.com/channel/UCGbGezHDSsrXHrKomL9Ss7A,2026-03-30T00:52:58.928Z,24.0,36.097,24.0
Wow this song is amazing @willowsmith 😭❤️ #willowsmith #waitaminute #shorts #duet,https://www.youtube.com/watch?v=EPm5b3B9FwI,MTSDEE508,https://www.youtube.com/channel/UC3Aii9QRpP9IhNUqy8Efh6A,2026-03-30T00:52:23.306Z,18.0,35.622,18.0
When Dogs Switch Personalities Mom Vs. Dad🤣😂,https://www.youtube.com/watch?v=SdohB4vqlHc,Hasseplus,https://www.youtube.com/channel/UC11KZ3WgOzZjh8wAGI7GqQg,2026-03-30T00:51:08.361Z,,74.945,74.945
Vibe check ✅ #doctorsoftiktok #physicianassistant #emergencymedicine #nyc #nursestiktok,https://www.youtube.com/watch?v=ZofXWv985O0,megangaza,https://www.youtube.com/channel/UCXVWsJ_S3e9HrqxAvjioLYA,2026-03-30T00:50:36.038Z,25.0,32.323,25.0
Top 5 Ring Funniest Ring Moments 😂#ringmoments #funny #viral,https://www.youtube.com/watch?v=FREAOa2E-6c,YujiRanks,https://www.youtube.com/channel/UC0StbzX3m-3fBTj9Dd56IqQ,2026-03-30T00:49:17.233Z,76.0,78.805,76.0
Black people with pets will forever be my favorite content 😂😂 #pacrackz #shorts #youtube,https://www.youtube.com/watch?v=ZqpCC4B_ygY,PacRackz,https://www.youtube.com/channel/UCxn0SkWIuKzZ2kOylRmS-XQ,2026-03-30T00:48:18.131Z,21.0,59.102,21.0
It’s The Simple Movements That Can Impact Your Dance While Going Down The Soultrain Line. #70s,https://www.youtube.com/watch?v=3glUdJbPGfA,Official_MarieJo,https://www.youtube.com/channel/UCRfcGKYkYDpKd6EfeZYC9-A,2026-03-30T00:48:07.114Z,7.0,11.017,7.0
"March 10, 2026",https://www.youtube.com/watch?v=sHhn6N_r0jI,Familytokss,https://www.youtube.com/channel/UCVrOCd7_pQJbZ4wwls-hHeg,2026-03-30T00:47:24.347Z,42.0,42.767,42.0
This is HILARIOUS 😂 The Energy is contagious 🔥 #music #musicians #explore #challenges,https://www.youtube.com/watch?v=6vZVVJG4qK8,GOSPEL INTROS GALLERY ,https://www.youtube.com/channel/UCw093f_-f78X-BArCYFzZ4w,2026-03-30T00:46:17.484Z,33.0,66.863,33.0
I would not trade this for the world #new #baby #newborn #babywearing #motherhood #spoiled #carrier,https://www.youtube.com/watch?v=aT7lsDSGd2I,Wadnise Harriman,https://www.youtube.com/channel/UCs1DKHUoLGPtBt88LUIxIjQ,2026-03-30T00:46:11.993Z,5.0,5.491,5.0
The baby in the red laid ok backkkkk,https://www.youtube.com/watch?v=2nNNf3qEmGI,Conville kreations,https://www.youtube.com/channel/UCu5hIadM2qucT8UZ_IcukbA,2026-03-30T00:46:10.858Z,56.0,1.135,1.135
Dudes be having HIGH STANDARD Rules for Girls but dont apply it to THEY SELF #shorts,https://www.youtube.com/watch?v=xdzpqQ6PXA0,Druski,https://www.youtube.com/channel/UC4PQqjGczpgmqbpicKjkwvw,2026-03-30T00:45:09.546Z,52.0,61.312,52.0
One of the most wholesome matches💕 | Pop The Balloon Or Find Love | With Arlette Amuli,https://www.youtube.com/watch?v=pI1r1iH_qPo,DatingcoreTv,https://www.youtube.com/channel/UCFCD_ae-qyWo_mpxw9TnHuQ,2026-03-30T00:43:20.506Z,60.0,109.04,60.0
"Soul Train, Oct. 13, 1984",https://www.youtube.com/watch?v=QkNIfGpSPBw,Ugazzovision,https://www.youtube.com/channel/UCfkZ0ECJ4gOUnTWw3kNHTVg,2026-03-30T00:41:08.403Z,3512.0,132.103,132.103
Husband Tried Bizarre Cover Story After Wife’s Murder: Sheriff,https://www.youtube.com/watch?v=gMDwuYry5ds,Law&Crime Network,https://www.youtube.com/channel/UCz8K1occVvDTYDfFo7N5EZw,2026-03-30T00:40:34.928Z,1508.0,33.475,33.475
Disney+ & Hulu,https://www.youtube.com/watch?v=rGYg4bJpP8w,,,2026-03-30T00:40:29.258Z,31.0,5.67,5.67
Match Factory - Matchmaker-v2-lnm 60s L,https://www.youtube.com/watch?v=iCqAcUa7M_0,,,2026-03-30T00:40:17.895Z,60.0,11.363,11.363
Mr Wave (NYC Breakers) Soul Train 1984 #breakdance #oldschool,https://www.youtube.com/watch?v=ZFssSGynhgk,DJ DA VINCI,https://www.youtube.com/channel/UCJwiWjILlKVI71yvAQ-Cs5g,2026-03-30T00:39:58.516Z,21.0,19.379,19.379
SNAP_1723186480_AT_GrandpaReacts_42s_EN_1920x1080 (1).mp4,https://www.youtube.com/watch?v=EhqJcpLc-bM,,,2026-03-30T00:34:45.441Z,42.0,313.075,42.0
DTF: St. Louis | HBO Max,https://www.youtube.com/watch?v=L63IydIe5Os,,,2026-03-30T00:34:14.093Z,31.0,31.348,31.0
MC_VID_942019_2D_P0_EN_6s_@ID2884559,https://www.youtube.com/watch?v=RVkRm3ko0-U,,,2026-03-30T00:34:05.781Z,7.0,8.312,7.0
Landscape: VIDNEH251204S0003_WT_6s_NumberedRowsMeta_FACTORY_NAHook_NABG_BrilliantMindTB_DSP_English_,https://www.youtube.com/watch?v=3L1VoyNMOoU,,,2026-03-30T00:33:58.377Z,,7.404,7.404
"Scott Peterson Case Inspires Arrest of ""Fake Intruder"" Killer | David & Belinda Temple Case Analysis",https://www.youtube.com/watch?v=sW0keFe-Vz8,Dr. Todd Grande,https://www.youtube.com/channel/UCC_0vyFTKk1Nlodo4QsiQkw,2026-03-30T00:26:40.084Z,987.0,438.293,438.293
Talkiatry - What doctor?,https://www.youtube.com/watch?v=IHCM2g0A6Oc,,,2026-03-30T00:26:06.139Z,31.0,33.945,31.0
PTSLG_V_EN_3D_精灵抓捕器_CB_709_1920x1080_49s_260225_NR_1113677,https://www.youtube.com/watch?v=ksf0evpgyAU,,,2026-03-30T00:16:16.205Z,50.0,589.934,50.0
cid=8108a7c3835bd00f7d49c2b13ce77a01,https://www.youtube.com/watch?v=WN9yx8k0dDI,,,2026-03-30T00:15:45.127Z,31.0,31.078,31.0
1319069,https://www.youtube.com/watch?v=OcapXnSMjQo,,,2026-03-30T00:15:36.042Z,6.0,9.085,6.0
FAT2D04626_EN_zz果汁杯大西瓜餐厅订单条多阶棋子叠加摆放I版试玩转视频6s_1920x1080,https://www.youtube.com/watch?v=ksl_B_FYZwQ,,,2026-03-30T00:15:28.629Z,7.0,7.413,7.0
O'Bryan - Soul Train's A 'Comin' (party down) (special remix),https://www.youtube.com/watch?v=52BKaihKdPI,Randy Johnson,https://www.youtube.com/channel/UCDSoiKbrXfPXYhzcQkYiR4g,2026-03-30T00:11:16.851Z,371.0,251.778,251.778
Teacher Supports Then Dates Former Inmate Who Stabbed His Lover | Matthew Terry Case Analysis,https://www.youtube.com/watch?v=yGSE25DuSr4,Dr. Todd Grande,https://www.youtube.com/channel/UCC_0vyFTKk1Nlodo4QsiQkw,2026-03-30T00:08:40.106Z,895.0,156.745,156.745
Shortened: CLS_GOF3D6021_EN_FZ拦河捕鱼-试玩复刻_1920x1080,https://www.youtube.com/watch?v=QaXti6fjAoc,,,2026-03-30T00:08:22.523Z,16.0,17.583,16.0
Shortened: MPY-53760_Pets Scottie Moments_EN_1200x1500_22s_v2_ymhk78lq7y_ymhk78lq7y.mp4,https://www.youtube.com/watch?v=JyH3ncPqkN4,,,2026-03-29T23:49:42.408Z,16.0,1120.115,16.0
MPY-45106_Vidsy repurpose 14 - Dec 1920x1080-V2_ktmbzx2glf_ktmbzx2glf.mp4,https://www.youtube.com/watch?v=xeZAyleM7ZM,,,2026-03-29T23:49:35.042Z,21.0,7.366,7.366
Hero Cop Turns Criminal In One Night,https://www.youtube.com/watch?v=dfcbimN1x00,Law&Crime Network,https://www.youtube.com/channel/UCz8K1occVvDTYDfFo7N5EZw,2026-03-29T23:43:14.214Z,1492.0,380.828,380.828
Match Factory - Will_bam 30s L,https://www.youtube.com/watch?v=1OolZLprs88,,,2026-03-29T23:42:29.179Z,30.0,45.035,30.0
Every Steak Doneness Explained  in 5 Minutes,https://www.youtube.com/watch?v=lFUsbAMfsZM,Food Mark,https://www.youtube.com/channel/UCLO0jqgEPIhF4FFran41tlg,2026-03-29T23:14:59.583Z,318.0,1649.596,318.0
All-Star Bundle,https://www.youtube.com/watch?v=VnHedD5qGps,,,2026-03-29T23:14:48.159Z,18.0,11.424,11.424
Get all three,https://www.youtube.com/watch?v=6fBkBUbRm3I,,,2026-03-29T23:13:40.050Z,31.0,68.109,31.0
DCD-Duo-3938| Hulu,https://www.youtube.com/watch?v=4g4kHWe9_cc,,,2026-03-29T23:13:32.665Z,16.0,7.385,7.385
Atypical Killer Targets 19-year-old Woman Who Was Ejected from Bar | Kenia Monge and Travis Forbes,https://www.youtube.com/watch?v=4nh5XSD2SnQ,Dr. Todd Grande,https://www.youtube.com/channel/UCC_0vyFTKk1Nlodo4QsiQkw,2026-03-29T23:08:32.837Z,973.0,299.828,299.828
"""Veterans""",https://www.youtube.com/watch?v=iVLO9JwvqbI,,,2026-03-29T23:07:59.388Z,31.0,33.449,31.0
cid=14124c8f674cbddd6c59243ab3de7218,https://www.youtube.com/watch?v=70j7XveuuA0,,,2026-03-29T23:00:55.735Z,31.0,423.653,31.0
Shortened: MPY-56179_Pets Influencer @daryl.sabara - Video_1920x1080_kadxc36dw7_kadxc36dw7.mp4,https://www.youtube.com/watch?v=7ciEjBiwFOM,,,2026-03-29T23:00:24.383Z,30.0,31.352,30.0
Teenager Who Pursued Undesirable Friend is Murdered in Remote Area | Kelly Bullwinkle Case Analysis,https://www.youtube.com/watch?v=iWKB6cz1oh0,Dr. Todd Grande,https://www.youtube.com/channel/UCC_0vyFTKk1Nlodo4QsiQkw,2026-03-29T22:51:23.526Z,904.0,540.857,540.857
FAT2D05907_EN_zzAIgg海浪桌合成棋子订单_1920x1080,https://www.youtube.com/watch?v=ebAgiCJEVu8,,,2026-03-29T22:51:16.493Z,5.0,7.033,5.0
Shortened: Toon Blast - Fossilbug-boardaccomp 30s L,https://www.youtube.com/watch?v=wGKE6VGIxHQ,,,2026-03-29T22:51:07.485Z,8.0,9.008,8.0
CMB00196.TalkShow.Cowboy_VER_v1_1920_1080_DUR_30S_LNG_ENGLBL.mp4,https://www.youtube.com/watch?v=vt1mda52EP8,,,2026-03-29T22:50:34.186Z,31.0,33.299,31.0
Shortened: Toon Blast - Fossilbug-boardaccomp 30s L,https://www.youtube.com/watch?v=KZvKeYnZcuA,,,2026-03-29T22:50:16.495Z,17.0,17.691,17.0
Mother Found Murdered After Son's Elaborate Trap | North Wales Case,https://www.youtube.com/watch?v=gJIdmPKjy6g,Grizzly True Crime,https://www.youtube.com/channel/UCY04IfK5QlS8nWDU22bEXig,2026-03-29T22:16:18Z,2031.0,2038.495,2031.0
Shortened: Book Long Landscape,https://www.youtube.com/watch?v=fmwaCF-9POg,,,2026-03-29T22:15:47.214Z,29.0,30.786,29.0
Shortened: GOF3D8386_EN_FZ混剪-解说轻松经营_1920x1080,https://www.youtube.com/watch?v=yCbGc2K9cO4,,,2026-03-29T22:15:16.550Z,30.0,30.664,30.0
sheba global 2025 pharaohs olv bisque version2 15s 16x9,https://www.youtube.com/watch?v=6ac8o0bqp8g,,,2026-03-29T22:15:03.283Z,15.0,13.267,13.267
'Remorse-Challenged' Cat Burglar Profits From Criminal Past as Social Media Influencer | Analysis,https://www.youtube.com/watch?v=VnQJkPxBPAc,Dr. Todd Grande,https://www.youtube.com/channel/UCC_0vyFTKk1Nlodo4QsiQkw,2026-03-29T22:06:13.698Z,882.0,529.585,529.585
Google AI Pro,https://www.youtube.com/watch?v=iCO-7UMlcs4,,,2026-03-29T22:05:02.379Z,33.0,71.319,33.0
CMA02611.TokenRoulette.TokenWheelPrize_VER_v1_1920_1080_DUR_30S_LNG_ENGLBL.mp4,https://www.youtube.com/watch?v=iVtGZ8Wt6gg,,,2026-03-29T21:56:25.006Z,31.0,517.373,31.0
"Happy Color®: Paint by Number - 45,000+ pics. Free & relaxing.",https://www.youtube.com/watch?v=eZbu3TOZ3AI,,,2026-03-29T21:56:07.565Z,17.0,17.441,17.0
Shortened: kr1063991kr_445067_ccss_lt_327229-bears-on-the-shelf-otb-op68-no-shelf-respawn_vid15_1920,https://www.youtube.com/watch?v=g9JcQPFuNrU,,,2026-03-29T21:55:57.483Z,7.0,10.082,7.0
Shortened: FRK_UA_VID_58_XmasTheme_V01_AHM_EN_60s_1920x1080,https://www.youtube.com/watch?v=QIA27QgrmSg,,,2026-03-29T21:55:49.900Z,7.0,7.583,7.0
Father and Son Accuse Each Other After Bizarre Mansion Murder | Maggie Locascio Case Analysis,https://www.youtube.com/watch?v=CjHhcSQl7C0,Dr. Todd Grande,https://www.youtube.com/channel/UCC_0vyFTKk1Nlodo4QsiQkw,2026-03-29T21:42:45.068Z,1006.0,784.832,784.832
YT-6_Experimenters_New_F2HV1_FR2_V1_FR3_V1_16x9,https://www.youtube.com/watch?v=7fG8N2za7Nk,,,2026-03-29T21:42:34.816Z,7.0,10.252,7.0
EN ESRB 1920x1080 FN BR C7S2 Hybrid Launch Trailer Cinematic Cutdown B 261006 15s PM,https://www.youtube.com/watch?v=MIRZvl5NcW4,,,2026-03-29T21:42:18.726Z,15.0,16.09,15.0
"If it’s epic, it’s on eBay Live.",https://www.youtube.com/watch?v=lCcDqxim7Zc,,,2026-03-29T21:33:20.759Z,16.0,537.967,16.0
1204 2 TASTYTRADE 6A 16x9 H264 NET 1,https://www.youtube.com/watch?v=oWYNuc_qWfs,,,2026-03-29T21:33:13.226Z,7.0,7.533,7.0
Hertz Sells Family Short,https://www.youtube.com/watch?v=sHGbktJQzuE,,,2026-03-29T21:33:05.874Z,7.0,7.352,7.0
John Frieda Volume Lift Collection,https://www.youtube.com/watch?v=qSRp-jgtdDw,,,2026-03-29T21:32:58.514Z,6.0,7.36,6.0
Extraordinary,https://www.youtube.com/watch?v=u1S208ZMBxc,,,2026-03-29T21:32:27.222Z,31.0,31.292,31.0
Melee Murder Follows Bizarre Stalking Campaign Implicating Innocent Man | Kristil Krug Analysis,https://www.youtube.com/watch?v=doQ1nZA8HrE,Dr. Todd Grande,https://www.youtube.com/channel/UCC_0vyFTKk1Nlodo4QsiQkw,2026-03-29T21:23:59.580Z,1012.0,507.642,507.642
Reach - Coffee Shop 6s Horizontal,https://www.youtube.com/watch?v=UNuRPxxw0Lg,,,2026-03-29T21:23:50.894Z,7.0,8.686,7.0
Brand Joy 15s 16x9,https://www.youtube.com/watch?v=YnvTMCGzI5g,,,2026-03-29T21:23:34.257Z,16.0,16.637,16.0
Tears of reunion - 2024 Anniversary - 2024 Season 4 Cinematic - The Grand Mafia,https://www.youtube.com/watch?v=D2NcTW80-D4,,,2026-03-29T21:10:57.863Z,56.0,756.394,56.0
DTF: St. Louis | HBO Max,https://www.youtube.com/watch?v=s4mIRXLYQv8,,,2026-03-29T21:10:25.635Z,16.0,32.228,16.0
Last Asylum: Plague,https://www.youtube.com/watch?v=llh7DBdrEDY,,,2026-03-29T21:09:52.124Z,55.0,33.511,33.511
Your family will love this easy dinner,https://www.youtube.com/watch?v=Sv1PsBonbgs,Kailee's Kitchen,https://www.youtube.com/channel/UCrnC7epr8-xvVlmEWry5GNA,2026-03-29T21:09:28.845Z,422.0,23.279,23.279
EM 10004 Video NA RunEscape GunShot StandV33X5 Nor TYDW F NA EN C bluedemo,https://www.youtube.com/watch?v=9tdZ09kEayE,,,2026-03-29T21:09:16.600Z,42.0,12.245,12.245
Square: v3HOR3822zen53SZZZ_1280x720_PS,https://www.youtube.com/watch?v=sXNGuITDe0E,,,2026-03-29T21:07:28.218Z,54.0,108.382,54.0
1920x1080 ts video660v1 nb en 30s 39mb,https://www.youtube.com/watch?v=L46PkGz3SqI,,,2026-03-29T21:06:54.446Z,30.0,33.772,30.0
Did Child Support-Hating Ex-Wife Escape Justice After Shotgun Blast Murder? | Ben Oxley Analysis,https://www.youtube.com/watch?v=HI4GWvFnT2M,Dr. Todd Grande,https://www.youtube.com/channel/UCC_0vyFTKk1Nlodo4QsiQkw,2026-03-29T21:06:38.380Z,1005.0,16.066,16.066
When Your British Accent is Better Than Real British! #emmastone #interview #shorts,https://www.youtube.com/watch?v=zVPG2DbO4-M,Film Leak Shorts,https://www.youtube.com/channel/UCdrD5aTOZKafrxcFIXg486g,2026-03-29T21:05:50.247Z,58.0,48.133,48.133
I didn’t know my dog spoke English until today#funny#pet#dog#fyp#foryou,https://www.youtube.com/watch?v=UDeUwmHGrEA,Funnycat545,https://www.youtube.com/channel/UCrlmAAOq3HmbPeAdPt1SI4g,2026-03-29T21:05:49.584Z,118.0,0.663,0.663
He Lost Interest Over Her Knees | Pop The Balloon Or Find Love | With Arlette Amuli,https://www.youtube.com/watch?v=i-qyRdG-nz4,DatingcoreTv,https://www.youtube.com/channel/UCFCD_ae-qyWo_mpxw9TnHuQ,2026-03-29T21:03:11.348Z,60.0,158.236,60.0
fz1090den1920x1080,https://www.youtube.com/watch?v=cwDkP7PcccM,,,2026-03-29T21:02:30.083Z,7.0,41.265,7.0
My mom taught me this easy dessert,https://www.youtube.com/watch?v=s1vPdbakGUI,Kyra's Kitchen,https://www.youtube.com/channel/UC59E0KuSkDILZMo_hUc0l4w,2026-03-29T20:59:00.072Z,332.0,210.011,210.011
Druski is set to be charged for impersonating Erica Kirk #Druski #EricaKirk #fyp #tiktok @druski,https://www.youtube.com/watch?v=ty5bYgERqt8,DJ Pavinso,https://www.youtube.com/channel/UCoOqC7vnAvSlbnFMeFs3vUw,2026-03-29T20:56:33.868Z,64.0,146.204,64.0
FAT2D04614_EN_zz果汁杯大西瓜订单条多阶棋子撕日历F版背景优化版试玩转视频6s_1920x1080,https://www.youtube.com/watch?v=a-2piNVEAx4,,,2026-03-29T20:56:27.059Z,7.0,6.809,6.809
Shortened: MPY-45106_Vidsy repurpose 14 - Dec 1920x1080-V2_ktmbzx2glf_ktmbzx2glf.mp4,https://www.youtube.com/watch?v=263p1M-yQv4,,,2026-03-29T20:56:15.628Z,12.0,11.431,11.431
Game changer for content creators,https://www.youtube.com/watch?v=bQXadTVFDeE,KevOnStage,https://www.youtube.com/channel/UC5Zc0EUB-km6in-55cK7k2g,2026-03-29T20:56:11.678Z,81.0,3.95,3.95
Who’s allowed to show up to your house announced?,https://www.youtube.com/watch?v=Xl658z2rBss,KevOnStage,https://www.youtube.com/channel/UC5Zc0EUB-km6in-55cK7k2g,2026-03-29T20:55:03.235Z,60.0,68.443,60.0
Mormon-Inspired Delusions Lead Man to Live with Decomposing Bodies of Family | David Kaneko Analysis,https://www.youtube.com/watch?v=NqEDj6U4j3w,Dr. Todd Grande,https://www.youtube.com/channel/UCC_0vyFTKk1Nlodo4QsiQkw,2026-03-29T20:51:30.728Z,899.0,212.507,212.507
Infinite Zoom - NBA :15 (16x9) US-EN,https://www.youtube.com/watch?v=py_rrMhKeec,,,2026-03-29T20:43:12.825Z,16.0,497.903,16.0
Physician Murders Dentist Only to Be Murdered Himself 43 Years Later | Steven Schwartz Case Analysis,https://www.youtube.com/watch?v=oeiV4qtj06o,Dr. Todd Grande,https://www.youtube.com/channel/UCC_0vyFTKk1Nlodo4QsiQkw,2026-03-29T20:31:32.804Z,1146.0,700.021,700.021
YT 15 Brand TOUR 24576 Spring Getaway 2397,https://www.youtube.com/watch?v=W8O0xiud0-A,,,2026-03-29T20:20:27.685Z,16.0,665.119,16.0
Social Spend 16x9 Tuesday Plathville Barry,https://www.youtube.com/watch?v=TnLg6peEUMc,,,2026-03-29T20:20:11.745Z,15.0,15.94,15.0
White House Farm Murders | Perfect Murder Attempt? | Jeremy Bamber Case Analysis,https://www.youtube.com/watch?v=zmphPjPvC10,Dr. Todd Grande,https://www.youtube.com/channel/UCC_0vyFTKk1Nlodo4QsiQkw,2026-03-29T20:10:38.992Z,1171.0,572.753,572.753
2026-Feb--FF_ATMs-Testimonials-RachelV1-18s-UGCVideo-16x9.mp4,https://www.youtube.com/watch?v=Epgr_F1ikYk,,,2026-03-29T20:10:16.879Z,19.0,22.113,19.0
"Nadula - Glueless wigs, pre-everything",https://www.youtube.com/watch?v=IW7rFdnVtrU,,,2026-03-29T20:10:04.570Z,11.0,12.309,11.0
Samo_V_EN_AI_AI全片I展示I简化循环打BOSS换地宫场景_CB_152_1920x1080_55s_260320_NR_1127958,https://www.youtube.com/watch?v=kdslwuTOf3U,,,2026-03-29T20:00:25.866Z,56.0,578.704,56.0
Suspicion Falls on Prospector Who Returned Alone from Outback | Ray and Jennie Kehlet Case Analysis,https://www.youtube.com/watch?v=11bgC69gOzA,Dr. Todd Grande,https://www.youtube.com/channel/UCC_0vyFTKk1Nlodo4QsiQkw,2026-03-29T19:50:46.694Z,1041.0,579.172,579.172
VINlookupsearch - Discover Car's Estimated Value,https://www.youtube.com/watch?v=uQ_LyniE71I,,,2026-03-29T19:49:24.788Z,11.0,81.906,11.0
Wife Mismanages Potentially Valid Self-Defense Claim | Jema Donahue Case Analysis,https://www.youtube.com/watch?v=FC0YSKBeH68,Dr. Todd Grande,https://www.youtube.com/channel/UCC_0vyFTKk1Nlodo4QsiQkw,2026-03-29T19:31:52.966Z,1026.0,1051.822,1026.0
Landscape: 2447_bw,https://www.youtube.com/watch?v=dDTGyx0a_6M,,,2026-03-29T19:31:43.045Z,7.0,9.921,7.0
Shortened: GOT3D770_EN_FZT2峰回路转-西部版_国王_1920x1080,https://www.youtube.com/watch?v=lUeZGKXt3zc,,,2026-03-29T19:31:26.524Z,16.0,16.521,16.0
fz0212qen1920x1080,https://www.youtube.com/watch?v=YfEZoOAVJZ4,,,2026-03-29T19:24:04.325Z,31.0,442.199,31.0
Shortened: arc_712_v2_vid_en_16x9_15s_453glowbackground_variant_x_fans_characters_kr_w_r1.mp4,https://www.youtube.com/watch?v=N_W81lhS8rE,,,2026-03-29T19:23:49.761Z,14.0,14.564,14.0
Grocery 6s 1x1,https://www.youtube.com/watch?v=w8CjpHpvjXA,,,2026-03-29T19:23:42.001Z,7.0,7.76,7.0
Lethal House Fire Connected to Traumatic History? | Angelica Belen Case Analysis,https://www.youtube.com/watch?v=nRnsKiGTR8U,Dr. Todd Grande,https://www.youtube.com/channel/UCC_0vyFTKk1Nlodo4QsiQkw,2026-03-29T19:14:13.616Z,957.0,568.385,568.385
UAC&PMax 25   April   Monks   Parenting UGC   Grocery   Debit   Mobile  1920x1080,https://www.youtube.com/watch?v=qufkcIeC4wU,,,2026-03-29T19:13:40.533Z,29.0,33.083,29.0
GOT3D803_EN_FZT2分崩离析-极速苔原版_国王_1920x1080,https://www.youtube.com/watch?v=PtXQmVzi9MY,,,2026-03-29T19:12:59.603Z,39.0,40.93,39.0
MGD Milford FastCut Ep 1 6 Easter 30sec V235523 30 1920x1080 S1080 AndroidiOSPC English&IMG=51QB,https://www.youtube.com/watch?v=jAfxDP4Cv_c,,,2026-03-29T19:03:30.733Z,31.0,568.87,31.0
"Woman Murders Alleged Attacker and Claims ""Stand Your Ground"" Defense | Brittany Smith Case Analysis",https://www.youtube.com/watch?v=d0YkUFeKQ8M,Dr. Todd Grande,https://www.youtube.com/channel/UCC_0vyFTKk1Nlodo4QsiQkw,2026-03-29T18:56:13.531Z,905.0,437.202,437.202
GOT3D809_EN_FZT2万箭归宗-西部版_国王_1920x1080,https://www.youtube.com/watch?v=nSQ1_b_kJ_0,,,2026-03-29T18:55:43.299Z,54.0,30.232,30.232
Yes! FreeTaxUSA gives away free federal filing for everyone. It's safe and accurate too.,https://www.youtube.com/watch?v=XBc-XBOHoFE,,,2026-03-29T18:54:36.697Z,65.0,66.602,65.0
CRE1506 NU0265 LanceBassAd IT001 V001 1920x1080 EN US 57sec,https://www.youtube.com/watch?v=azGnrtoR9ao,,,2026-03-29T18:45:11.529Z,57.0,565.168,57.0
MARC 4239 BV Unclaimed Podcast Style UGC 16x9 30 Final,https://www.youtube.com/watch?v=5JCFFoF0Tok,,,2026-03-29T18:44:39.816Z,31.0,31.713,31.0
Shortened: kr1056301kr_345774_ccss_lt_295891-event-skull-pumpkin-gameplay-op63-cupcake-liquorice-blo,https://www.youtube.com/watch?v=QkHjkXE0Jjg,,,2026-03-29T18:44:32.058Z,7.0,7.758,7.0
"She Screams and Mocks in Court, Swears She's Marilyn Monroe — Then the Judge Speaks",https://www.youtube.com/watch?v=WcKxboTCH04,Women Of Crime,https://www.youtube.com/channel/UCDm-rmwHNmHE08zGzXRFDJw,2026-03-29T18:39:41.367Z,812.0,290.691,290.691
Shortened: CFC英语口播 0202 横版,https://www.youtube.com/watch?v=VtzF4BhCWRQ,,,2026-03-29T18:37:39.553Z,37.0,121.814,37.0
MD_carve_your_pumpkin_6s_1920x1080,https://www.youtube.com/watch?v=JLS-ycISgAA,,,2026-03-29T18:37:14.401Z,7.0,25.152,7.0
Guest how you guest with more hotels for the way you stay with IHG,https://www.youtube.com/watch?v=VbgSZZbFxzs,,,2026-03-29T18:36:58.077Z,16.0,16.324,16.0
Hands (Price) / 15 / USEN / 16:9 / YouTube Pre-Roll / Web Mix,https://www.youtube.com/watch?v=epLxNSerS7s,,,2026-03-29T18:36:37.359Z,16.0,20.718,16.0
I Found THE BEST Pizza Slices | Ep.1 Cleveland OH,https://www.youtube.com/watch?v=Jds8KPLtDAU,SJohnsonVoiceOvers,https://www.youtube.com/channel/UCbgXi8uaNyf8ifThVBPuKoQ,2026-03-29T18:28:46.854Z,1080.0,470.505,470.505
Give your business the winning edge. Switch to Shopify today,https://www.youtube.com/watch?v=OITyRU5Lar4,,,2026-03-29T18:28:32.380Z,31.0,14.474,14.474
Ask anyone | Algolia,https://www.youtube.com/watch?v=vRV7grwJCWM,,,2026-03-29T18:28:09.169Z,15.0,23.211,15.0
Shortened: MPY-19433_Income Tax_Resizes_EN_1920x1080_28s_v2_srf3n5errh.mp4,https://www.youtube.com/watch?v=49Q0woMNmSM,,,2026-03-29T18:27:52.953Z,27.0,16.216,16.216
MGD EasterTimeTaskList 30sec V235457 30 1920x1080 S30 AndroidiOSPC English&IMG=51OH,https://www.youtube.com/watch?v=UDflKdu1FBY,,,2026-03-29T18:21:12.321Z,30.0,400.632,30.0
High-Volume Tasks Made Easy with WypAll® X70 & WypAll® X80 Cloths: Durability That Lasts​,https://www.youtube.com/watch?v=XgKxQeY8CeM,,,2026-03-29T18:20:46.877Z,16.0,25.444,16.0
Hammercide | Death Comes Knocking,https://www.youtube.com/watch?v=rzmzvXe6dW8,FilmRise True Crime,https://www.youtube.com/channel/UCU4BHh9Dwfd7-I_xTZ5037Q,2026-03-29T18:06:45.156Z,2802.0,841.721,841.721
Shortened: MPY-53789_Pets Scottie is Awaiting_1920x1080_18s_v02_xk7sbpy9vf_xk7sbpy9vf.mp4,https://www.youtube.com/watch?v=nPeIrOC_Xnc,,,2026-03-29T18:05:29.116Z,16.0,76.04,16.0
Shuler King - Erika Kirk Should Respond ,https://www.youtube.com/watch?v=vjliK5mbgcA,ComedianShulerKing,https://www.youtube.com/channel/UCxYcwkqmGW5oHTnmHmbjDOA,2026-03-29T18:04:16.712Z,96.0,72.404,72.404
"Police Surprise Woman After She Steals $1,000 Worth of Groceries",https://www.youtube.com/watch?v=9xfXQrlbfWs,Police Release,https://www.youtube.com/channel/UCPCOWnKkD1VqE4n_8TznaoA,2026-03-29T18:03:29.626Z,932.0,47.086,47.086
"[New] The Twilight Zone 2026 | Shelter Skelter | Drama, Fantasy, Mystery | Full Episodes",https://www.youtube.com/watch?v=01abAQk8pmo,Oración Cristiana Música,https://www.youtube.com/channel/UC8_g3QKFp2z1HcLwLpuPhfA,2026-03-29T18:02:51.937Z,,37.689,37.689
How Intelligent People Deal with Stupid People — Schopenhauer,https://www.youtube.com/watch?v=4TspV1odsXo,Mindplicit,https://www.youtube.com/channel/UC-yTuB4aJO_XKDH2h5FbBIQ,2026-03-29T17:55:56.318Z,1669.0,415.619,415.619
New Reporting About Where Blood Was Found INSIDE Nancy Guthrie's House and the Bedroom Crime Scene,https://www.youtube.com/watch?v=ETgHZBDOry4,Megyn Kelly,https://www.youtube.com/channel/UCzJXNzqz6VMHSNInQt_7q6w,2026-03-29T17:54:55.532Z,1055.0,60.786,60.786
Dad Realizes He Accidently Killed His Little Daughter,https://www.youtube.com/watch?v=es5W4fpy6S0,Daily Dose Of Crime,https://www.youtube.com/channel/UCrOKDAUB-iL2wLzZdRN7xgA,2026-03-29T17:54:40.565Z,1937.0,14.967,14.967
Shortened: MPY-19433_Income Tax_Resizes_EN_1920x1080_28s_v2_srf3n5errh.mp4,https://www.youtube.com/watch?v=cv8gE80Lbsw,,,2026-03-29T17:51:37.363Z,22.0,183.202,22.0
Nancy Guthrie Still Missing: The FBI's New Move and the Date Nobody Will Explain,https://www.youtube.com/watch?v=jno3goROy_0,Hidden Killers With Tony Brueski: True Crime Today,https://www.youtube.com/channel/UC8-vxmbhTxxG10sO1izODJg,2026-03-29T17:50:58.541Z,1066.0,38.822,38.822
MARC 1755 BV Paid Youtube   People Search   V2,https://www.youtube.com/watch?v=-dSSx_xZ5j4,,,2026-03-29T17:50:29.080Z,26.0,29.461,26.0
Shortened: GOF3D8386_EN_FZ混剪-解说轻松经营_1920x1080,https://www.youtube.com/watch?v=SEfoR1R5Esc,,,2026-03-29T17:49:54.650Z,33.0,34.43,33.0
COC.5ReasonstoClash.UA.EN.59s.16x9$COC0326-8.mp4,https://www.youtube.com/watch?v=HcabzsbIyQk,,,2026-03-29T17:34:41.819Z,59.0,912.831,59.0
Shortened: arc_712_v3_vid_en_16x9_15s_453glowbackground_variant_x_fans_characters_tz_a_r1.mp4,https://www.youtube.com/watch?v=3QMWNOZN5qE,,,2026-03-29T17:34:27.182Z,14.0,14.637,14.0
The Detail Could Crack the Nancy Guthrie Case...Investigator Speaks Out | TMZ,https://www.youtube.com/watch?v=XJ9UBOabgb0,TMZ,https://www.youtube.com/channel/UCK7IIV6Q2junGSdYK3BmZMg,2026-03-29T17:31:23.112Z,1027.0,184.07,184.07
Shortened: GOT3D789_EN_FZT2积少成多-单圈版_国王_1920x1080,https://www.youtube.com/watch?v=TN8cXaEJPWI,,,2026-03-29T17:30:26.853Z,54.0,56.259,54.0
CMA02836.3DTokenWheel.VikingQuestEgypt_VER_v1_1920_1080_DUR_30S_LNG_ENGLBL.mp4,https://www.youtube.com/watch?v=wdZ5A5oJi3A,,,2026-03-29T17:29:54.330Z,31.0,32.523,31.0
Shortened: CLS_GOF3D5823_EN_FZAI解说-割资源冰块对抗-蓝色版_C_1920x1080,https://www.youtube.com/watch?v=mHgbHE7zdoc,,,2026-03-29T17:29:09.595Z,41.0,44.735,41.0
Shortened: arc_712_v1_vid_en_16x9_15s_453glowbackground_variant_x_fans_characters_tp_e_r1 (1).mp4,https://www.youtube.com/watch?v=rGeK2ptrFOU,,,2026-03-29T17:15:34.281Z,14.0,815.314,14.0
Welcome to Duke's Country - Mayo is Coming! :15,https://www.youtube.com/watch?v=6NxE5LLWKFc,,,2026-03-29T17:15:17.558Z,16.0,16.723,16.0
Shortened: MD_v_May_25_Iteration_13_NSI_BlockJam_SandPuzzle_60s_1920x1080_cd59b5,https://www.youtube.com/watch?v=vsTAcI95xSo,,,2026-03-29T17:15:09.826Z,7.0,7.732,7.0
Shortened: sh0001ben1920x1080,https://www.youtube.com/watch?v=DJvHLloHLTQ,,,2026-03-29T17:15:02.386Z,7.0,7.44,7.0
Nancy Guthrie Case Takes Tragic Turn....? | TMZ,https://www.youtube.com/watch?v=shJcbG18OAg,TMZ,https://www.youtube.com/channel/UCK7IIV6Q2junGSdYK3BmZMg,2026-03-29T17:07:08.889Z,1151.0,473.497,473.497
Endurance - Trusted by Mechanics,https://www.youtube.com/watch?v=EO6PKVC4gpo,,,2026-03-29T17:06:03.418Z,120.0,65.471,65.471
Zaxbys | Dry Rubs | Rubbing It In :15,https://www.youtube.com/watch?v=ITYHBy8pVuI,,,2026-03-29T17:05:46.723Z,16.0,16.695,16.0
CLS_GOF3D5823_EN_FZAI解说-割资源冰块对抗-蓝色版_C_1920x1080,https://www.youtube.com/watch?v=MYGWkHWNLVQ,,,2026-03-29T17:05:28.550Z,56.0,18.173,18.173
MGD StPatricksDay2026 Daisy 59sec V233186 59 1920x1080 S831 AndroidiOSPC English&IMG=4ZXE,https://www.youtube.com/watch?v=-yJKSvAroI0,,,2026-03-29T16:57:29.791Z,60.0,478.759,60.0
Your Door to Earning on Your Time,https://www.youtube.com/watch?v=UDlp__7KR-8,,,2026-03-29T16:56:58.110Z,31.0,31.681,31.0
FAT2D05909_EN_zzAIgg咖啡馆合成棋子订单_1920×1080,https://www.youtube.com/watch?v=FolRmKDm58k,,,2026-03-29T16:56:51.563Z,5.0,6.547,5.0
Something About The Nancy Guthrie Case Isn't Right...And Investigators Know It,https://www.youtube.com/watch?v=fTB2SE8YYdI,BrewCrew Beyond 50,https://www.youtube.com/channel/UCWWln-gMYePKw9k32nC-mDQ,2026-03-29T16:49:42.420Z,769.0,429.143,429.143
WF3.1 - Hook 2 - Breaking Up with Siri.mov,https://www.youtube.com/watch?v=PYsLoBDu2Oc,,,2026-03-29T16:49:29.391Z,40.0,13.029,13.029
Tasha Realizes She’s Going To Prison Forever,https://www.youtube.com/watch?v=dvrQfbRY2UE,Red Tree Crime,https://www.youtube.com/channel/UCaSOD17PCFgtDq5wwSYzK9g,2026-03-29T16:44:40.888Z,2174.0,288.503,288.503
DSG Brand Sporthood Doorframe 16x9,https://www.youtube.com/watch?v=RU_kfEXejxo,,,2026-03-29T16:44:35.839Z,16.0,5.049,5.049
"Was ""Gigolos"" Star Too Attractive to Murder Client with Bare Hands? | Akshaya Kubiak Case Analysis",https://www.youtube.com/watch?v=se32CRHI_iA,Dr. Todd Grande,https://www.youtube.com/channel/UCC_0vyFTKk1Nlodo4QsiQkw,2026-03-29T16:43:15.572Z,973.0,80.267,80.267
Puzzles & Survival,https://www.youtube.com/watch?v=amcwaEpVBMs,,,2026-03-29T16:36:57.270Z,47.0,378.302,47.0
Puzzles & Survival,https://www.youtube.com/watch?v=yJZ3uaaPVQI,,,2026-03-29T16:36:07.279Z,39.0,49.991,39.0
Erika Kirk Is NEVER Going To Recover From This,https://www.youtube.com/watch?v=iMU5kaK5Ox0,Tennessee Brando,https://www.youtube.com/channel/UCaHkDyvWVXXAGyG2lURMaYg,2026-03-29T16:25:52.471Z,622.0,614.808,614.808
Shortened: MPY-53789_Pets Scottie is Awaiting_1920x1080_18s_v02_xk7sbpy9vf_xk7sbpy9vf.mp4,https://www.youtube.com/watch?v=XQgq_y6fQWI,,,2026-03-29T16:24:34.385Z,18.0,78.086,18.0
Nature's Promise,https://www.youtube.com/watch?v=BapIea2u1zY,,,2026-03-29T16:20:04.046Z,16.0,270.339,16.0
Cops Discover Mom's Disturbing Lie,https://www.youtube.com/watch?v=7DHwExzx42Y,Daily Dose Of Crime,https://www.youtube.com/channel/UCrOKDAUB-iL2wLzZdRN7xgA,2026-03-29T16:14:49.093Z,604.0,314.953,314.953
US FY26 WPT2 16:9 Multi30 CTV EarlyBranding NEW20,https://www.youtube.com/watch?v=Fx7WjoXzadg,,,2026-03-29T16:14:23.258Z,31.0,25.835,25.835
TV Bailiff Found Not Guilty After 'Accidentally' Shooting Wife Two Times | Renard Spivey Analysis,https://www.youtube.com/watch?v=-ROnO65rzOU,Dr. Todd Grande,https://www.youtube.com/channel/UCC_0vyFTKk1Nlodo4QsiQkw,2026-03-29T16:10:00.916Z,1042.0,262.342,262.342
Shortened: PRIME-55717_Ship Upgrades Walk-Thru_1920x1080_h264_d1gygxryns_d1gygxryns.mp4,https://www.youtube.com/watch?v=FX1J6h-Mkmw,,,2026-03-29T16:09:22.130Z,36.0,38.786,36.0
Puzzles & Survival,https://www.youtube.com/watch?v=K2cVFKtoQDA,,,2026-03-29T16:08:42.203Z,39.0,39.927,39.0
Brand Power features Air Wick Scented Oils,https://www.youtube.com/watch?v=Z-FGCsB6C8c,,,2026-03-29T16:00:57.062Z,7.0,465.141,7.0
Nicest Murderer Ever Lives in Trailer with Sister's Body for Six Weeks | Barbara Burns Case Analysis,https://www.youtube.com/watch?v=mqjPSRQKuXw,Dr. Todd Grande,https://www.youtube.com/channel/UCC_0vyFTKk1Nlodo4QsiQkw,2026-03-29T15:51:02.554Z,943.0,594.508,594.508
EM 10004 Video NA RunEscape Gunshot SheepV3 Nor LYTYJY F NA EN A bluedemo,https://www.youtube.com/watch?v=zXuQCkmDN9M,,,2026-03-29T15:49:45.979Z,33.0,76.575,33.0
PRIME-56872_Collect Officers_Enterprise D_EN_1920x1080_29s_1xzwrm29iw_1xzwrm29iw.mp4,https://www.youtube.com/watch?v=b6NP4tcRNUk,,,2026-03-29T15:41:03.284Z,30.0,522.695,30.0
Mistress Who Pressed Lover for Commitment Dies in Mysterious Manner | Paula Poolton & Roger Kearney,https://www.youtube.com/watch?v=OW-lJwmO2DY,Dr. Todd Grande,https://www.youtube.com/channel/UCC_0vyFTKk1Nlodo4QsiQkw,2026-03-29T15:33:46.884Z,843.0,436.4,436.4
EM 10004 Video NA RunEscape Gunshot SzmV1X2N30X1 Nor DWTY F NA EN A bluedemo,https://www.youtube.com/watch?v=4A7xwIQSm1U,,,2026-03-29T15:33:07.343Z,34.0,39.541,34.0
GP_HookAdventurerGPAttack_V1_EN_16-9_W09-2026.mp4,https://www.youtube.com/watch?v=3JaELgsDmpQ,,,2026-03-29T15:32:20.744Z,45.0,46.599,45.0
Video Ad,https://www.youtube.com/watch?v=akSdwPudDRU,,,2026-03-29T15:25:21.649Z,16.0,419.095,16.0
Woman’s Chaotic Love Life Ends in Murder and Horrified Prison Worms | Emilia Carr Analysis,https://www.youtube.com/watch?v=ci4o9GkBQD4,Dr. Todd Grande,https://www.youtube.com/channel/UCC_0vyFTKk1Nlodo4QsiQkw,2026-03-29T15:17:52.249Z,762.0,449.4,449.4
Animated Patient Ambassador Emmett YouTube Ad,https://www.youtube.com/watch?v=CK3h8hJ3gn4,,,2026-03-29T15:17:41.109Z,166.0,11.14,11.14
Budweiser | Super Bowl LX Teaser 'Stable',https://www.youtube.com/watch?v=FAd8juj6-_k,,,2026-03-29T15:17:24.598Z,16.0,16.511,16.0
DCD-Malc-4171,https://www.youtube.com/watch?v=7T5oOmdA6t4,,,2026-03-29T15:17:08.349Z,37.0,16.249,16.249
2026 Sierra 1500 Denali Ultimate | Excellence | GMC,https://www.youtube.com/watch?v=rPIa2ERulaM,,,2026-03-29T15:17:08.231Z,31.0,0.118,0.118
Family Discovers Their Father’s Shameful Secret,https://www.youtube.com/watch?v=fRwnVk-iqNo,Monkey Cam Patrol,https://www.youtube.com/channel/UCqGVRafLmxXbOjKEx-S4bfA,2026-03-29T15:08:57.677Z,1292.0,490.554,490.554
PRIME-56870_Ship Upgrades Walk-Thru_Kelvin Iteration_EN_1920x1080_38s_v2_zk9mtuyf98_zk9mtuyf98.mp4,https://www.youtube.com/watch?v=joPgNdFH_UU,,,2026-03-29T15:08:16.541Z,39.0,41.136,39.0
A Routine Traffic Stop Just Solved a 7-Year-Old Murder Case,https://www.youtube.com/watch?v=JoRQL2Gu3f0,Daily Dose Of Crime,https://www.youtube.com/channel/UCrOKDAUB-iL2wLzZdRN7xgA,2026-03-29T14:56:04.807Z,1451.0,731.734,731.734
Shortened: Match Factory - Will_bam 30s L,https://www.youtube.com/watch?v=amt0uwnvaAA,,,2026-03-29T14:55:02.642Z,17.0,62.165,17.0
"Fake Lawyer, Real Fraud: Bank Identity Theft Arrest Caught on Bodycam | Legal Analysis",https://www.youtube.com/watch?v=yiQrmCHq-os,The RWP Dossier,https://www.youtube.com/channel/UCdWGgIx-szAMZK8gXD3_SJw,2026-03-29T14:54:12.436Z,973.0,50.206,50.206
DCD-Soci-3921| Hulu,https://www.youtube.com/watch?v=cXoldYMS72Q,,,2026-03-29T14:54:01.550Z,39.0,10.886,10.886
’19 Kids’ Duggar Couple Busted in Shocking Investigation,https://www.youtube.com/watch?v=5nizhuNqnp8,Law&Crime Network,https://www.youtube.com/channel/UCz8K1occVvDTYDfFo7N5EZw,2026-03-29T14:22:12.134Z,1985.0,1909.416,1909.416
Audio Lift Test: Domain + Look Professional :30,https://www.youtube.com/watch?v=TM20Mjw0dLk,,,2026-03-29T14:21:40.192Z,31.0,31.942,31.0
Joseph Duggar Arrested: The Family Pattern That Was Always There,https://www.youtube.com/watch?v=4RfRHliG-DA,Hidden Killers With Tony Brueski: True Crime Today,https://www.youtube.com/channel/UC8-vxmbhTxxG10sO1izODJg,2026-03-29T13:10:29.974Z,4250.0,4270.218,4250.0
Lotrimin - Updated Box,https://www.youtube.com/watch?v=kfL3wNEqQ70,,,2026-03-29T13:10:10.140Z,12.0,19.834,12.0
The Comeback S3 | HBO Max,https://www.youtube.com/watch?v=obaPGXwq6PM,,,2026-03-29T13:04:25.633Z,16.0,344.507,16.0
Feathers a Flyin' — Marathon Fuel 08 16x9,https://www.youtube.com/watch?v=NN6UJAouVM0,,,2026-03-29T13:04:17.883Z,7.0,7.75,7.0
"At GOVX.com, this is what service looks like.",https://www.youtube.com/watch?v=sr433ZDGa-M,,,2026-03-29T12:53:27.732Z,16.0,650.151,16.0
“Big Biteˮ :15 | Bosch 800 Series Refrigerator,https://www.youtube.com/watch?v=Q-4SsurhQ3g,,,2026-03-29T12:53:11.381Z,16.0,16.351,16.0
Kouri Richins Guilty: The Jury Wanted to Acquit Her — and Still Couldn't,https://www.youtube.com/watch?v=swJ4YH0vqWo,Hidden Killers With Tony Brueski: True Crime Today,https://www.youtube.com/channel/UC8-vxmbhTxxG10sO1izODJg,2026-03-29T12:39:47.912Z,1721.0,803.469,803.469
Lotrimin - Healthy Feet,https://www.youtube.com/watch?v=PTBcXJeCm_M,,,2026-03-29T12:39:36.917Z,8.0,10.995,8.0
Stressball 1 - 15s - 1920x1080,https://www.youtube.com/watch?v=laqiiXnNHWw,,,2026-03-29T12:39:20.365Z,16.0,16.552,16.0
Strip amongst strangers | Breathe Right®,https://www.youtube.com/watch?v=niwiph_s7N8,,,2026-03-29T12:32:42.314Z,16.0,398.051,16.0
All in a Day | maurices,https://www.youtube.com/watch?v=dnVODvnp-H0,,,2026-03-29T12:32:25.871Z,16.0,16.443,16.0
Audio Lift Test: Domain + Email :15,https://www.youtube.com/watch?v=4v6J6RyKMm0,,,2026-03-29T12:32:08.994Z,16.0,16.877,16.0
Unofficial New Year for Tool People,https://www.youtube.com/watch?v=peR9qbbWubs,,,2026-03-29T12:17:58.017Z,16.0,850.977,16.0
This is Rev,https://www.youtube.com/watch?v=CoywjJXntGI,,,2026-03-29T12:17:50.250Z,7.0,7.767,7.0
Zaxbys | Dry Rubs | Seasoning :06,https://www.youtube.com/watch?v=QHh-Ofwb8rg,,,2026-03-29T12:17:43.013Z,7.0,7.237,7.0
Let Color Bloom with Govee Outdoor Chromatic String Lights,https://www.youtube.com/watch?v=Oz69w46mS9Q,,,2026-03-29T12:08:11.621Z,23.0,571.392,23.0
Hardee's | 2 for $5 | Alarm | 15s,https://www.youtube.com/watch?v=NO2iLpi8Juw,,,2026-03-29T11:57:00.174Z,16.0,671.447,16.0
Social Spend 16x9 Tuesday Plathville Promo,https://www.youtube.com/watch?v=F0KFjSKkBAs,,,2026-03-29T11:56:44.021Z,15.0,16.153,15.0
CI Evergreen Enterprise V1 MidscaleYouTubeDV360 EN Video VID 16x9 06s,https://www.youtube.com/watch?v=29KpYi_xb-I,,,2026-03-29T11:56:36.381Z,7.0,7.64,7.0
Unofficial New Year for Tool People,https://www.youtube.com/watch?v=Dj3PnIgww8M,,,2026-03-29T11:56:29.101Z,7.0,7.28,7.0
Juror describes pivotal moments that led to guilty verdict in Kouri Richins trial,https://www.youtube.com/watch?v=HPGtk29CX_c,East Idaho News,https://www.youtube.com/channel/UCd7U6pdRYzU-K_vFqwzLBqQ,2026-03-29T11:38:18.490Z,3488.0,1090.611,1090.611
Potbelly Power of AND 6 16x9,https://www.youtube.com/watch?v=7pFIkvMfwF8,,,2026-03-29T11:38:09.260Z,7.0,9.23,7.0
Easy Mode,https://www.youtube.com/watch?v=MIT3f26kv30,,,2026-03-29T11:33:10.624Z,16.0,298.636,16.0
CFC英语口播 0202 横版,https://www.youtube.com/watch?v=HXT50LmQ1cI,,,2026-03-29T11:13:20.716Z,40.0,1189.908,40.0
Shortened: Match Factory - Matchmaker-v2-lnm 60s L,https://www.youtube.com/watch?v=J6YoeVa0isg,,,2026-03-29T11:13:03.916Z,16.0,16.8,16.0
Phase10_V1922_sensen_常规大Logo完成Phase_EN_1920x1080_6s_20260211_2D_WD,https://www.youtube.com/watch?v=ciY941uVG8A,,,2026-03-29T11:12:48.486Z,7.0,15.43,7.0
Shortened: PRIME-55710_Expert Masterclass - Iteration_EN_1920x1080_34S_qgn7b07x2x_qgn7b07x2x.mp4,https://www.youtube.com/watch?v=xbAaUmIZspk,,,2026-03-29T11:02:53.002Z,28.0,595.484,28.0
MD_v_Dec_25_Concept_09_BAU_SquirrelAndSnowman_6s_1920x1080_e70ab2,https://www.youtube.com/watch?v=5pdHmBOkNfU,,,2026-03-29T11:02:45.111Z,7.0,7.891,7.0
1300833,https://www.youtube.com/watch?v=nFpGLcjGQnI,,,2026-03-29T11:02:37.735Z,7.0,7.376,7.0
AI_RhinoBattlefield6sec_V1_EN_16-9_W11-2026.mp4,https://www.youtube.com/watch?v=-_gWxEPDlEo,,,2026-03-29T10:46:24.226Z,7.0,973.509,7.0
arc_820_v1_vid_es_16x9_6s_agencyvideobumpers_new_x_ugc_story_multi_x_r1_2026-03-24_10-01-04.mp4,https://www.youtube.com/watch?v=fe_V3Z1vlFU,,,2026-03-29T10:46:16.359Z,7.0,7.867,7.0
Juror shares why he felt Kouri Richins' was guilty of murder and other crimes,https://www.youtube.com/watch?v=WrBZueNZUkQ,East Idaho News,https://www.youtube.com/channel/UCd7U6pdRYzU-K_vFqwzLBqQ,2026-03-29T10:17:15.253Z,4567.0,1741.106,1741.106
Shortened: Toon Blast - Ballpool-wall 30s L,https://www.youtube.com/watch?v=okuCBbx24XY,,,2026-03-29T10:16:58.817Z,27.0,16.436,16.436
2 Hours Of Forbidden Knowledge To Make You Feel Smart,https://www.youtube.com/watch?v=SkoA33t3n4o,Trust Me Bro Compilations,https://www.youtube.com/channel/UCeKGAUE_kIsO-gT6RclsHJQ,2026-03-29T10:16:07.819Z,7238.0,50.998,50.998
Every Life Altering Cheat Code You Should Absolutely Know Explained,https://www.youtube.com/watch?v=ZY0vmSK8pbU,Ask Nigel,https://www.youtube.com/channel/UCGxfwkwyrpiMOnQhM8MxqwA,2026-03-29T10:15:41.703Z,3991.0,26.116,26.116
Every Scary Thing In Space Explained In 15 Minutes,https://www.youtube.com/watch?v=53fL2dlH7AM,big space explainer,https://www.youtube.com/channel/UCV2Y28MZHtrj0Hl-bcnS9aA,2026-03-29T10:14:39.371Z,915.0,62.332,62.332
https://www.youtube.com/watch?v=b_OlHsVvuyw,https://www.youtube.com/watch?v=b_OlHsVvuyw,,,2026-03-29T10:13:45.864Z,,53.507,53.507
HRB CT26 DIY Video DragandDrop DragDropTS25TV 6s 169,https://www.youtube.com/watch?v=xqNb3qql3E8,,,2026-03-29T10:13:10.065Z,7.0,35.799,7.0
Google AI Pro,https://www.youtube.com/watch?v=wSYC0JzFW6E,,,2026-03-29T10:13:06.254Z,25.0,3.811,3.811
The Most Relaxing Facts About Strange Galaxies to Fall Asleep To — No Adverts,https://www.youtube.com/watch?v=_IWqUWctb24,Sleepy Science Channel,https://www.youtube.com/channel/UCNZegH5HQPx_chNsPqJw1Rw,2026-03-29T09:07:36.664Z,8741.0,3929.59,3929.59
Sixth Sense,https://www.youtube.com/watch?v=3_4rzg8kh0w,,,2026-03-29T08:59:11.857Z,31.0,504.807,31.0
CREST_PASTE_C3M_GET READY WITH ME REV_2025_15_ENG_OTT,https://www.youtube.com/watch?v=Iko9VYP2D1A,,,2026-03-29T08:46:49.443Z,16.0,742.414,16.0
Encore. The membership that does it all.,https://www.youtube.com/watch?v=znpRBgiEpNY,,,2026-03-29T08:46:32.865Z,15.0,16.578,15.0
P500000 POSS2221 NULL YOUTUBE FY27 POSSIBILITY HARD ASPO PDHS VID 1920X1080 6 GM EL 26010730040PWP22,https://www.youtube.com/watch?v=SaU21yUjKDQ,,,2026-03-29T08:46:25.080Z,7.0,7.785,7.0
Parent Teacher Conference (Short) | LiMu Emu & Doug | Liberty Mutual Insurance Commercial,https://www.youtube.com/watch?v=gCuFlkVQl0Y,,,2026-03-29T08:32:02.473Z,,862.607,862.607
DE Peak Time Rebate Earn Rewards 10-25 15 Sec - 16x9,https://www.youtube.com/watch?v=2OM46dcRyg4,,,2026-03-29T08:31:45.858Z,16.0,16.615,16.0
LRP Hyalu B5 Cream 6s Benefit 2 16x9 720 1280,https://www.youtube.com/watch?v=FIDDrNHRdwM,,,2026-03-29T08:31:38.406Z,6.0,7.452,6.0
2026 YGYW Any Way You Want JOURNEY Coffee 06 YT01152606 YouTube,https://www.youtube.com/watch?v=7LrtCakt_4A,,,2026-03-29T08:31:30.993Z,7.0,7.413,7.0
Melty Goodness in Every Grilled Cheese,https://www.youtube.com/watch?v=gOYpgr9bCZs,,,2026-03-29T08:31:14.753Z,16.0,16.24,16.0
PKTV 000113502 000299004,https://www.youtube.com/watch?v=_4YTuYQSO_8,,,2026-03-29T08:17:17.193Z,16.0,837.56,16.0
The new Nissan Pathfinder | Kid Gauntlet,https://www.youtube.com/watch?v=pch9JknRMT0,,,2026-03-29T08:17:00.767Z,16.0,16.426,16.0
Dulcolax Good Morning 2026 Soft Chews Great Taste Gentle Relief BOTH Buy Now EN VAR VID06,https://www.youtube.com/watch?v=Y8OuBx2aqT0,,,2026-03-29T08:16:53.088Z,7.0,7.679,7.0
Shop Clairol,https://www.youtube.com/watch?v=GyEtJ6kvuDo,,,2026-03-29T08:16:45.827Z,7.0,7.261,7.0
P500000 SO0498 NULL YOUTUBE FY27SOCCER XCAT WF GSCC VID 1920x1080 15 GM EL 26010930008PWP498,https://www.youtube.com/watch?v=iXeCVRYM1Rk,,,2026-03-29T08:00:53.956Z,16.0,951.871,16.0
Puffs Plus Lotion Tissues: It's Coming :15,https://www.youtube.com/watch?v=5YvBBJB93dI,,,2026-03-29T08:00:37.306Z,16.0,16.65,16.0
Qulipta Savings Reminder OLV :06,https://www.youtube.com/watch?v=PAXA-buCd1g,,,2026-03-29T08:00:29.875Z,7.0,7.431,7.0
English New Chicken Menu 16:9,https://www.youtube.com/watch?v=hrOL_XI5SdQ,,,2026-03-29T07:45:54.818Z,15.0,875.057,15.0
BRAVECTO QUANTUM 365 in One :06,https://www.youtube.com/watch?v=3bkiAHmV7Tc,,,2026-03-29T07:45:47.298Z,7.0,7.52,7.0
Swoon (Short) | Truth Tellers | Liberty Mutual Insurance Commercial,https://www.youtube.com/watch?v=ov07NQ-tdx4,,,2026-03-29T07:45:39.976Z,7.0,7.322,7.0
"Hit The Trail | With Ring, You Can",https://www.youtube.com/watch?v=hBNur7w7Z_o,,,2026-03-29T07:45:32.507Z,7.0,7.469,7.0
Tie Boosted | Employees :15,https://www.youtube.com/watch?v=sgzGV5kt9BI,,,2026-03-29T07:29:32.077Z,16.0,960.43,16.0
Aveeno® Skin Relief Fragrance-Free Body Wash,https://www.youtube.com/watch?v=fODJp8xsV8Q,,,2026-03-29T07:14:22.438Z,15.0,909.639,15.0
16x9 Upper Funnel VID 15 Spring Splash Fest NA,https://www.youtube.com/watch?v=gQ_LRVfuEoc,,,2026-03-29T07:14:06.003Z,16.0,16.435,16.0
NEW 20g+ Protein Pockets $3.99,https://www.youtube.com/watch?v=AAfRZ877vt8,,,2026-03-29T07:13:58.341Z,7.0,7.662,7.0
1ASO2325000H6D16 ASO Spring LightsOff 6 16x9 ENG OLV HD,https://www.youtube.com/watch?v=IN0FR8yDOKs,,,2026-03-29T07:13:51.013Z,7.0,7.328,7.0
MGD Milford FastCut Ep 1 6 Easter 20sec V235517 15 1920x1080 S1080 AndroidiOSPC English&IMG=51Q5,https://www.youtube.com/watch?v=RRjwUj4oVF8,,,2026-03-29T06:59:30.517Z,16.0,860.496,16.0
Undo Your Flu Symptoms | DayQuil Intense Flu Multi-Symptom,https://www.youtube.com/watch?v=mx4Kr_Ll76s,,,2026-03-29T06:59:13.697Z,15.0,16.82,15.0
V2Logo Brand Spokesperson BerkTruckA 16x9 6sec,https://www.youtube.com/watch?v=Q5yUtuSCfqw,,,2026-03-29T06:59:06.369Z,7.0,7.328,7.0
LRL Serum Le Duo National 06s Amazon YT 16x9,https://www.youtube.com/watch?v=53QDHcSElow,,,2026-03-29T06:58:59.390Z,7.0,6.979,6.979
Black Holes: Why the Universe Needs Them,https://www.youtube.com/watch?v=CFkdoK9k1zQ,Boring Space,https://www.youtube.com/channel/UCem0RtgLQWokYeAaJLYfMdw,2026-03-29T06:45:22.019Z,7963.0,817.371,817.371
Shortened: DS V 055 004 MagicalMoments EN 15s 1920x1080,https://www.youtube.com/watch?v=Ohcaa1D2fNo,,,2026-03-29T06:45:04.346Z,15.0,17.673,15.0
ROK_V_EN_3D_城市种地不如抢(文明票价版)_CB_1_1920x1080_57s_260312_NR_1122095,https://www.youtube.com/watch?v=Zkp4Df6gpCU,,,2026-03-29T06:36:30.853Z,58.0,513.493,58.0
Chick-fil-A | GM | All Ranched Up | :06 | OLV,https://www.youtube.com/watch?v=jLf_vtiMINM,,,2026-03-29T06:35:51.633Z,7.0,39.22,7.0
Cookie_661_H_6s_BluedemoMH,https://www.youtube.com/watch?v=Y4KGCVraKdw,,,2026-03-29T06:35:44.490Z,7.0,7.143,7.0
Road Pilot 15 16x9,https://www.youtube.com/watch?v=98B6UmhPOTc,,,2026-03-29T06:22:12.839Z,16.0,811.651,16.0
Impact+ Pamela Hydra Source 15s 16x9,https://www.youtube.com/watch?v=zfmXqbh1Bgc,,,2026-03-29T06:21:34.633Z,16.0,38.206,16.0
Taye Diggs x Cancerguard,https://www.youtube.com/watch?v=lIfZ5BKy4O4,,,2026-03-29T06:21:10.203Z,16.0,24.43,16.0
Shortened: Cookie_213D01_H,https://www.youtube.com/watch?v=pEPiXp3ji0k,,,2026-03-29T06:20:55.390Z,7.0,14.813,7.0
College Basketball #2 HORIZONTAL,https://www.youtube.com/watch?v=RVtlu5aufvE,,,2026-03-29T06:00:15.262Z,47.0,1240.128,47.0
TMI | SPO | MGM | MU | FBO1500 | NBA_JonHamm_FBO1500_Motion 1920x1080,https://www.youtube.com/watch?v=he3evOIowio,,,2026-03-29T05:59:35.931Z,6.0,39.331,6.0
Crispy Chicken Crunchwrap Slider,https://www.youtube.com/watch?v=R0_bOXJZdPQ,,,2026-03-29T05:59:28.742Z,7.0,7.189,7.0
What Happens Inside A Black Hole? The Astonishing Discoveries That Changed Science,https://www.youtube.com/watch?v=MIR4ksI46sQ,Cosmic - Space Documentaries,https://www.youtube.com/channel/UC2taj8m6AKja_4BEM_Ald9g,2026-03-29T05:49:12.413Z,3027.0,616.329,616.329
Shortened: 240 WaC video v3 1920х1080 en 59s,https://www.youtube.com/watch?v=kBoy4_QRSTQ,,,2026-03-29T05:48:44.792Z,56.0,27.621,27.621
Now Taxes is Expertise No Hidden Fees - TurboTax 2026 Commercial (3/31 :30),https://www.youtube.com/watch?v=2qACnWjLrRs,,,2026-03-29T05:48:13.145Z,31.0,31.647,31.0
Pedestrian Vehicle 30s,https://www.youtube.com/watch?v=FRuCnorBBI0,,,2026-03-29T05:43:02.158Z,31.0,310.987,31.0
Shortened: DS-V-071-001_DancingWorld_EN_30s_1920x1080.mp4,https://www.youtube.com/watch?v=aq4l9AsBPQk,,,2026-03-29T05:14:26.262Z,25.0,1715.896,25.0
Now Taxes is Expertise No Hidden Fees - TurboTax 2026 Commercial (3/31 :15),https://www.youtube.com/watch?v=IaUDx5L3_HM,,,2026-03-29T05:14:09.491Z,16.0,16.771,16.0
Neutrogena® Sun Invisible Gel SPF 40 - Don't Compromise on Your Sunscreen,https://www.youtube.com/watch?v=sgO4kMp6wQo,,,2026-03-29T05:13:45.254Z,7.0,24.237,7.0
10 Things in the Universe That Should Not Exist According to Science,https://www.youtube.com/watch?v=_TXHkBUnKkI,Astro Matt,https://www.youtube.com/channel/UC05M8U3kNSWKTPbBL90k-lA,2026-03-29T04:58:15.967Z,2813.0,929.287,929.287
USNNWEG3250H A New Way to Wegovy The Pill 2 16x9 75,https://www.youtube.com/watch?v=rnOQS_H35GQ,,,2026-03-29T04:47:35.321Z,76.0,640.646,76.0
Cookie_677_H_6s_BluedemoMH,https://www.youtube.com/watch?v=0mwXh8mm6ik,,,2026-03-29T04:46:56.658Z,7.0,38.663,7.0
Meat & 3 Box | Woah,https://www.youtube.com/watch?v=dAqwwJugNL4,,,2026-03-29T04:46:49.706Z,7.0,6.952,6.952
What Would Happen If We Swapped Our Sun With Other Suns,https://www.youtube.com/watch?v=rh9VEV-YMqQ,The Paint Explainer,https://www.youtube.com/channel/UCnwUjPK7dXety-AJ4fNw_RQ,2026-03-29T04:41:26.924Z,879.0,322.782,322.782
Shortened: DS-V-091-003_EnchantedEscape_EN_30s_1920x1080.mp4,https://www.youtube.com/watch?v=-tyqgYxbZC8,,,2026-03-29T04:40:59.968Z,8.0,26.956,8.0
Science For Sleep | How Big Is Sagittarius A* Really?,https://www.youtube.com/watch?v=iK7J32F0mD8,Science Before Sleep,https://www.youtube.com/channel/UCE4CwHCOVG7mCdbmp8hjXgw,2026-03-29T04:38:55.235Z,10689.0,124.733,124.733
Simple Explanation of the Birthday Paradox,https://www.youtube.com/watch?v=OcCRflNM-Xk,Wrath of Math,https://www.youtube.com/channel/UCyEKvaxi8mt9FMc62MHcliw,2026-03-29T04:26:54.386Z,731.0,720.849,720.849
Beach Bar,https://www.youtube.com/watch?v=ETExsGy1tsU,,,2026-03-29T04:26:36.971Z,16.0,17.415,16.0
Vumerity® (diroximel fumarate) Ad #1,https://www.youtube.com/watch?v=LywihOe8mTw,,,2026-03-29T04:26:29.560Z,6.0,7.411,6.0
"ZOOM : PEMBERSIHAN KARANG GIGI, KERAS BANGET !! | Dokter Gigi Tri Putra",https://www.youtube.com/watch?v=V5E8wWqjuB8,Dokter Gigi Tri Putra,https://www.youtube.com/channel/UCcvKnMO0z8Gsz-PZHI941ww,2026-03-29T04:25:50.723Z,388.0,38.837,38.837
Murder on Red River | Full Episode,https://www.youtube.com/watch?v=WzOX9CD31yU,48 Hours,https://www.youtube.com/channel/UC7htuVs06oduI3xSfTdcxPA,2026-03-29T04:24:21.143Z,2563.0,89.58,89.58
Domino All 5 3D Gameplay Pirates Dynamic 25sec 1920x1080 Nick EN,https://www.youtube.com/watch?v=Om56tDxGB7g,,,2026-03-29T04:20:42.541Z,26.0,218.602,26.0
Shortened: Toon Blast - Ballpool-wall 30s L,https://www.youtube.com/watch?v=-L5k7tuFmM4,,,2026-03-29T04:20:26.268Z,16.0,16.273,16.0
Welcome to Tiki Solitaire TriPeaks,https://www.youtube.com/watch?v=8drpdBQeG6U,,,2026-03-29T04:04:01.924Z,30.0,984.344,30.0
Cookie_1093_H_6s_BluedemoMH,https://www.youtube.com/watch?v=L6tCpqENPg4,,,2026-03-29T04:03:23.017Z,7.0,38.907,7.0
Coached to Kill | Full Episode,https://www.youtube.com/watch?v=4bIgYWRod34,48 Hours,https://www.youtube.com/channel/UC7htuVs06oduI3xSfTdcxPA,2026-03-29T03:52:42.391Z,2508.0,640.626,640.626
Match Factory - Will_bam 30s L,https://www.youtube.com/watch?v=1OolZLprs88,,,2026-03-29T03:52:32.185Z,30.0,10.206,10.206
Why Your Dog Puts Their Paw On You (What It Really Means),https://www.youtube.com/watch?v=X2rk2RK58-M,Rovune,https://www.youtube.com/channel/UCU3-FRpJsPLZlt0TVHVmmUg,2026-03-29T03:51:05.136Z,636.0,87.049,87.049
8 Hours of Chilling True Crime Cases,https://www.youtube.com/watch?v=zPfhO3b0nwM,Dark Curiosities,https://www.youtube.com/channel/UCnsPZRQlFiMGOB0ferEvzdA,2026-03-29T03:50:25.347Z,28977.0,39.789,39.789
Killer Wife Realizes She's Never Going Home,https://www.youtube.com/watch?v=cyqj8cpos9g,Red Tree Crime,https://www.youtube.com/channel/UCaSOD17PCFgtDq5wwSYzK9g,2026-03-29T03:48:17.583Z,1706.0,127.764,127.764
Shortened: MPY-45106_Vidsy repurpose 14 - Dec 1920x1080-V2_ktmbzx2glf_ktmbzx2glf.mp4,https://www.youtube.com/watch?v=263p1M-yQv4,,,2026-03-29T03:48:00.398Z,12.0,17.185,12.0
Mom Realizes Teen Son Murdered Her Sister,https://www.youtube.com/watch?v=5gGS0rZ0u_8,Into The Deep - True Crime,https://www.youtube.com/channel/UC_ZR3lKBFJM-VX-JTgF7dfA,2026-03-29T03:47:21.862Z,3321.0,38.536,38.536
CID1000463 BB Progression 60 sec Race+4Corners  Xmax Original EN 60s 1920x1080,https://www.youtube.com/watch?v=3CQgy7zXwJE,,,2026-03-29T03:47:12.638Z,60.0,9.224,9.224
Samo_V_EN_AI_AI全片I展示I简化循环打BOSS换地宫场景_CB_152_1920x1080_55s_260320_NR_1127958,https://www.youtube.com/watch?v=kdslwuTOf3U,,,2026-03-29T03:42:19.456Z,56.0,293.182,56.0
SNAP_1723186480_AT_GrandpaReacts_42s_EN_1920x1080 (1).mp4,https://www.youtube.com/watch?v=EhqJcpLc-bM,,,2026-03-29T03:41:36.405Z,42.0,43.051,42.0
MD_v_Dec_25_Concept_09_BAU_SquirrelAndSnowman_6s_1920x1080_e70ab2,https://www.youtube.com/watch?v=5pdHmBOkNfU,,,2026-03-29T03:41:28.561Z,7.0,7.844,7.0
Shortened: sh0001ben1920x1080,https://www.youtube.com/watch?v=DJvHLloHLTQ,,,2026-03-29T03:41:21.127Z,7.0,7.434,7.0
7 Most Disturbing Cases You've Ever Heard | True Crime Documentary,https://www.youtube.com/watch?v=FJ7f9bYkt3k,M7 Crime Storytime,https://www.youtube.com/channel/UC7_MOIpN8fn_UZAivnn10_Q,2026-03-29T03:24:35.586Z,11967.0,1005.541,1005.541
MC_VID_943957_DECO_Merge2_NORM_3D_P3_EN_63s_@ID2893515,https://www.youtube.com/watch?v=Xd_Z88w3XfI,,,2026-03-29T03:24:25.681Z,64.0,9.905,9.905
Cookie_661_H_6s_BluedemoMH,https://www.youtube.com/watch?v=Y4KGCVraKdw,,,2026-03-29T03:24:18.162Z,7.0,7.519,7.0
The Most Heartbreaking Murder Story You Will Ever Hear | True Crime Documentary,https://www.youtube.com/watch?v=uS46jTuwSZw,Unseen Crimes,https://www.youtube.com/channel/UCga199W6S8FUs_jcsQZ0Q6A,2026-03-29T03:22:39.963Z,2352.0,98.199,98.199
"Insecure & Short ""Alpha Male"" Wes Watson Arrested For Beating His Girlfriend For Allegedly Cheating",https://www.youtube.com/watch?v=v5SCLrqrlqg,AG Tactical Clips,https://www.youtube.com/channel/UC81ge_MXglgFuwvlb6jEH-g,2026-03-29T03:21:46.692Z,1455.0,53.271,53.271
Clover Pilot 15 16x9,https://www.youtube.com/watch?v=HbybfAcB4hU,,,2026-03-29T03:15:49.746Z,16.0,356.946,16.0
Shortened: DS V 055 004 MagicalMoments EN 15s 1920x1080,https://www.youtube.com/watch?v=Ohcaa1D2fNo,,,2026-03-29T03:15:34.321Z,15.0,15.425,15.0
What Can’t You Do :15 | Capella University,https://www.youtube.com/watch?v=ReslOZlyRhM,,,2026-03-29T03:15:17.646Z,16.0,16.675,16.0
Landscape: 2447_bw,https://www.youtube.com/watch?v=dDTGyx0a_6M,,,2026-03-29T03:15:09.958Z,7.0,7.688,7.0
fz0508ben1920x1080,https://www.youtube.com/watch?v=PGeT1NIbmlY,,,2026-03-29T03:15:02.871Z,7.0,7.087,7.0
Survival Time On 20 Different Planets Without a Suit,https://www.youtube.com/watch?v=j_DhOZaV4_8,Sketched Out,https://www.youtube.com/channel/UCS6SohoCrFeAIrXar4mpweA,2026-03-29T03:02:01.089Z,700.0,781.782,700.0
Shortened: MPY-53789_Pets Scottie is Awaiting_1920x1080_18s_v02_xk7sbpy9vf_xk7sbpy9vf.mp4,https://www.youtube.com/watch?v=nPeIrOC_Xnc,,,2026-03-29T03:01:48.748Z,16.0,12.341,12.341
ROK_V_EN_AI_雅典伟大复兴_CB_1_1920x1080_6s_260313_NR_1123726,https://www.youtube.com/watch?v=gCk-nC-99BA,,,2026-03-29T03:01:40.093Z,6.0,8.655,6.0
Cops Rescue Pregnant Woman from Alleged Kidnapper,https://www.youtube.com/watch?v=-fnYNflGOSw,Daily Dose Of Crime,https://www.youtube.com/channel/UCrOKDAUB-iL2wLzZdRN7xgA,2026-03-29T03:00:57.066Z,1965.0,43.027,43.027
FX's Love Story,https://www.youtube.com/watch?v=XDOXRL6iWJA,,,2026-03-29T03:00:52.012Z,31.0,5.054,5.054
Mother Who Did Unthinkable is Caught 37 Years After Dog's Grim Discovery | Lee Ann Daigle Analysis,https://www.youtube.com/watch?v=cmKCFCmIZRo,Dr. Todd Grande,https://www.youtube.com/channel/UCC_0vyFTKk1Nlodo4QsiQkw,2026-03-29T02:54:17.050Z,1250.0,394.962,394.962
O'Bryan - Soul Train's A 'Comin' (party down) (special remix),https://www.youtube.com/watch?v=52BKaihKdPI,Randy Johnson,https://www.youtube.com/channel/UCDSoiKbrXfPXYhzcQkYiR4g,2026-03-29T02:54:11.469Z,371.0,5.581,5.581
"""Veterans""",https://www.youtube.com/watch?v=iVLO9JwvqbI,,,2026-03-29T02:53:44.242Z,31.0,27.227,27.227
"will.i.am, Nicki Minaj - Check It Out",https://www.youtube.com/watch?v=pqky5B179nM,williamVEVO,https://www.youtube.com/channel/UC_d6W32xuEAyPlf_KmvvwEA,2026-03-29T02:49:45.058Z,273.0,239.184,239.184
Chris Brown - She Ain't You (Official Video),https://www.youtube.com/watch?v=7V2GzYcRK9E,ChrisBrownVEVO,https://www.youtube.com/channel/UCm1dsgJNnhaLkY3uAdqN4mA,2026-03-29T02:44:57.296Z,256.0,287.762,256.0
15s AHGL CTV OldVNew QR,https://www.youtube.com/watch?v=eCHNpPmViys,,,2026-03-29T02:44:04.369Z,16.0,52.927,16.0
NEW Neutrogena Evenly Clear,https://www.youtube.com/watch?v=2VGYocKIWNA,,,2026-03-29T02:43:47.604Z,16.0,16.765,16.0
Save the Everyday - Romance Rain :15 US EN,https://www.youtube.com/watch?v=bkWDoOfoyEg,,,2026-03-29T02:43:31.114Z,15.0,16.49,15.0
6S YouTube Ad 30,https://www.youtube.com/watch?v=FUOqkBq_piQ,,,2026-03-29T02:43:23.728Z,7.0,7.386,7.0
DEBORAH COX  - UP AND DOWN - IN AND OUT,https://www.youtube.com/watch?v=xQYlHdmAJVA,SmoothMamaMidnights,https://www.youtube.com/channel/UChB7_rBvTbrAfx162rlNhOA,2026-03-29T02:39:49.568Z,302.0,214.16,214.16
Toto - Georgy Porgy (Official Video),https://www.youtube.com/watch?v=EWIgEtkE3GA,TotoVEVO,https://www.youtube.com/channel/UCeVb1p9-ZgbuNCDpITSfxVQ,2026-03-29T02:38:00.107Z,252.0,109.461,109.461
Did a New Year's Eve Party Card Game Lead to Mysterious Murder? | Dana Clair Edwards Case Analysis,https://www.youtube.com/watch?v=zkVm99g3PJk,Dr. Todd Grande,https://www.youtube.com/channel/UCC_0vyFTKk1Nlodo4QsiQkw,2026-03-29T02:36:38.848Z,962.0,81.259,81.259
153275 Reddit Growth Video Ads Audience OPT1 15sec 1920x1080,https://www.youtube.com/watch?v=wvyo-rRYHiI,,,2026-03-29T02:36:20.023Z,16.0,18.825,16.0
250612_Pre-霓虹填空-脱敏+le60s_en_ZW_1920x1080.mp4,https://www.youtube.com/watch?v=iO_SRKs-jn4,,,2026-03-29T02:35:24.244Z,55.0,55.779,55.0
Shortened: CMB00224.BuildOnboardSnow.AttackHalloween_VER_v1_1920_1080_DUR_59S_LNG_ENGLBL.mp4,https://www.youtube.com/watch?v=mvszlf40sj8,,,2026-03-29T02:26:45.433Z,19.0,518.811,19.0
CMA01501.SM.SackOfGoldFRIceQueen_1920_1080_DUR_15S_LNG_ENGLBL.mp4,https://www.youtube.com/watch?v=vvlvZLJuYms,,,2026-03-29T02:26:28.817Z,16.0,16.616,16.0
251116_iGHG_K2_ThanksGiving_169_6s0.mp4,https://www.youtube.com/watch?v=zTw8zhWVS00,,,2026-03-29T02:26:21.188Z,7.0,7.629,7.0
1319069,https://www.youtube.com/watch?v=OcapXnSMjQo,,,2026-03-29T02:26:13.825Z,6.0,7.363,6.0
Former FBI Agent and Daughter Kill Husband with Bat and Paving Brick | Jason Corbett Case Analysis,https://www.youtube.com/watch?v=GEXM1eHweQs,Dr. Todd Grande,https://www.youtube.com/channel/UCC_0vyFTKk1Nlodo4QsiQkw,2026-03-29T02:17:55.274Z,989.0,498.551,498.551
UAC 25Jan Debit HipHop 2Hands V1 F2 Google Video 16x9,https://www.youtube.com/watch?v=e-uEJ9_3MjE,,,2026-03-29T02:17:41.925Z,11.0,13.349,11.0
250212_高贵风+特别材质+le60s_en_ZW_1920x1080.mp4,https://www.youtube.com/watch?v=DHR4XWeHbd0,,,2026-03-29T02:16:50.873Z,50.0,51.052,50.0
#yslwoody trolling in court 😂😂 yall go fw Hudson on #tiktok bro hella funny #drillnation #atl,https://www.youtube.com/watch?v=Ck7yLP14dQg,DrillNation_Tv,https://www.youtube.com/channel/UC_ZpZAd6sCyI0bgXpQmdOHQ,2026-03-29T02:12:29.970Z,,260.903,260.903
#relatable #viral #funny,https://www.youtube.com/watch?v=0q_-svIy70s,Jenna Jennifer,https://www.youtube.com/channel/UCWJxU00OTUzOu2AOPb8Ug9w,2026-03-29T02:12:25.154Z,9.0,4.816,4.816
There should be a warning sign,https://www.youtube.com/watch?v=XfAVE7yYh1c,Justin Stagner ,https://www.youtube.com/channel/UCBU1iuJZN6UtBjQcgvuwJ_Q,2026-03-29T02:12:13.543Z,15.0,11.611,11.611
Spotters got dad reflexes on another level 😎#sports #saved #reflexes #gymnastics,https://www.youtube.com/watch?v=J4wwqfv8_9c,Wojtek Ziaja,https://www.youtube.com/channel/UCd0qd8h-NP_g0Ale9wUtWLQ,2026-03-29T02:11:18.646Z,54.0,54.897,54.0
This is why EVERYONE LOVES Shaq ☺️♥️,https://www.youtube.com/watch?v=YuFrcIhisY4,Naifh Alehydeb,https://www.youtube.com/channel/UC5CA3F_2LalVkbYpJq3MGhw,2026-03-29T02:10:43.244Z,34.0,35.402,34.0
Nervous Delivery Guy Meets A Pal,https://www.youtube.com/watch?v=3Jwa9WGWhKw,Sassy ,https://www.youtube.com/channel/UCSG3odlwKQhtL2oVAVDBRqQ,2026-03-29T02:09:57.514Z,45.0,45.73,45.0
When I spontaneously hug my brother 😂#brother #hug #brolove #sister #siblings #siblinggoals,https://www.youtube.com/watch?v=Q-r44rpSABk,Happy funny ,https://www.youtube.com/channel/UC7MEVaUBco9o_j4gMm-slsQ,2026-03-29T02:09:52.200Z,54.0,5.314,5.314
MC_VID_954613_AI_P3_EN_30s_@ID2912416,https://www.youtube.com/watch?v=KDeMKzggyPQ,,,2026-03-29T02:08:35.958Z,31.0,76.242,31.0
Shortened: MS_224_v1_Kalp_30sn_1920x1080,https://www.youtube.com/watch?v=ZsoJibK7ddA,,,2026-03-29T02:08:19.348Z,16.0,16.61,16.0
It's Not About Ego ❤ #Faith #Positivity,https://www.youtube.com/watch?v=Sm5xjRvq-iQ,dishyple,https://www.youtube.com/channel/UCndLhH9_6nshbFlIefNc9WA,2026-03-29T02:08:16.937Z,87.0,2.411,2.411
FAT2D01420_EN_zz厨房寻物换人换风格混剪6s_1920x1080_CLS,https://www.youtube.com/watch?v=ApOLPvihFDM,,,2026-03-29T02:08:11.832Z,7.0,5.105,5.105
1300833,https://www.youtube.com/watch?v=nFpGLcjGQnI,,,2026-03-29T02:08:04.575Z,7.0,7.257,7.0
Every mans dream to make their mother proud 💙 #nfl #sportsmanship #respect,https://www.youtube.com/watch?v=lZwUMKxL-Jk,Ramirezjo678,https://www.youtube.com/channel/UC2O_NEbq_Sc7nNPaw1LYkbQ,2026-03-29T02:07:18.730Z,56.0,45.845,45.845
"""Dodged the green flags for the red flags.  #AriLennox #shorts",https://www.youtube.com/watch?v=wWTh3fnnVVM,Viral vault ,https://www.youtube.com/channel/UCTy-XRw8WHsXjooLOGw72Cw,2026-03-29T02:07:12.482Z,5.0,6.248,5.0
Not every delivery moment has to be serious.,https://www.youtube.com/watch?v=F3bNUlNVAEo,Spoke App,https://www.youtube.com/channel/UC6v_QIxPgubVuqTBkKWAlgQ,2026-03-29T02:05:20.819Z,111.0,111.663,111.0
mood amapiano vibes #amapiano #vibes #ouzbaby #dancevibes #mood #dancechallenge,https://www.youtube.com/watch?v=bqhLb0iZ5OU,ouzbaby ,https://www.youtube.com/channel/UCXd6-rKMkLuZ-aNuITisb3Q,2026-03-29T02:04:37.356Z,36.0,43.463,36.0
Kondisi tekini mushola PONPES AI Khoziny Sidoarjo ambruk saat salat ashar #jtvjember #evakuasi #sido,https://www.youtube.com/watch?v=b_V49-rLPmM,AbidAyaz Official,https://www.youtube.com/channel/UCI-SUR1a0i9MtF4zlmxaCZQ,2026-03-29T02:04:17.705Z,67.0,19.651,19.651
where is the detergent,https://www.youtube.com/watch?v=SERsq5D8yJw,Wiggz_Ent,https://www.youtube.com/channel/UCbpjXu3ioiC5gy0VAzdsWIw,2026-03-29T02:03:00.826Z,11.0,76.879,11.0
31-Year Age Gap Sugar Daddy 'Romance' Ends in Bizarre Shooting | Jennifer Morrissey Case Analysis,https://www.youtube.com/watch?v=G2AWh98LuL4,Dr. Todd Grande,https://www.youtube.com/channel/UCC_0vyFTKk1Nlodo4QsiQkw,2026-03-29T01:59:07.632Z,993.0,233.194,233.194
https://www.youtube.com/watch?v=3-XT2cShb7c,https://www.youtube.com/watch?v=3-XT2cShb7c,,,2026-03-29T01:58:44.041Z,,23.591,23.591
🤣🤣🤣👀 Did her #boyfriend 🕺🙋‍♂️👩‍❤️‍👨STAND ON BUSINESS 🧑‍💼 PROTECTING HER ?🌹🤴 #fyp #viral,https://www.youtube.com/watch?v=VUHBPZT1Mmw,NOo 448 LUvV,https://www.youtube.com/channel/UCAN6wJK-eIG4bFAMuTnCykA,2026-03-29T01:57:34.188Z,26.0,69.853,26.0
"Shelter's ""Aggressive"" Dog Saves Worker",https://www.youtube.com/watch?v=nn2Gxt6FwqY,Whisper of Lines,https://www.youtube.com/channel/UC65W_ohqu7xQ22g3xcmPrQA,2026-03-29T01:57:26.321Z,6.0,7.867,6.0
Spotters have dad reflexes X 100💪😎#usa#love #sports #gymnast #foryou,https://www.youtube.com/watch?v=gTgJcpeNUl8,Favorite cimi,https://www.youtube.com/channel/UCCt33PVEkX2Ns90kNvzaOHw,2026-03-29T01:56:25.664Z,59.0,60.657,59.0
Sudanese #trendingshorts #sudanese  #sudanese,https://www.youtube.com/watch?v=k0CxavuKpo8,Katt83,https://www.youtube.com/channel/UCTAQU2lARzGueyagwlEY1KA,2026-03-29T01:55:57.365Z,27.0,28.299,27.0
It’s getting weird.. Pt.2 #choreography #dance #dancerlife #hiphopdance #danceartistry,https://www.youtube.com/watch?v=mxBmU8Fu0nY,DanceIzLif3,https://www.youtube.com/channel/UCJDjJkgsTz4WP-x6VxGieKA,2026-03-29T01:53:48.469Z,177.0,128.896,128.896
She’s tiny but MIGHTY 🔥 #dancer #dancevideo #dancechallenge #dancemusic #choreography #hiphopdance,https://www.youtube.com/watch?v=ssTfSfX2T6w,DanceIzLif3,https://www.youtube.com/channel/UCJDjJkgsTz4WP-x6VxGieKA,2026-03-29T01:53:47.838Z,30.0,0.631,0.631
MY SOUL ALMOST LEFT MY BODY😳 #raindelay #slippery #dancerlife #savannahbananas #lifegoeson,https://www.youtube.com/watch?v=ZeVApyzC-78,DanceIzLif3,https://www.youtube.com/channel/UCJDjJkgsTz4WP-x6VxGieKA,2026-03-29T01:53:07.456Z,12.0,40.382,12.0
Part 11|My baby prefers his grandpa to his grandma#grandfather #grandparents #grandma,https://www.youtube.com/watch?v=WAzqhmRb3jE,Saxe Primiano,https://www.youtube.com/channel/UC_0YXTb03ZRKzworqPYwSDg,2026-03-29T01:52:46.086Z,45.0,21.37,21.37
She turned nothing into something 💪🏽💪🏽 #hairreactions,https://www.youtube.com/watch?v=MvUX7zUp9Tc,London Tayy,https://www.youtube.com/channel/UCTtN5HKh0OjnWasf0UU0R_Q,2026-03-29T01:52:45.349Z,60.0,0.737,0.737
DTF: St. Louis | HBO Max,https://www.youtube.com/watch?v=L63IydIe5Os,,,2026-03-29T01:50:17.798Z,31.0,147.551,31.0
Shortened: CMB00129.CityAdventure_VER_v1_1920_1080_DUR_30S_LNG_ENGLBL.mp4,https://www.youtube.com/watch?v=ZjVoKbvtaaQ,,,2026-03-29T01:49:52.039Z,25.0,25.759,25.0
fz0504cen1920x1080,https://www.youtube.com/watch?v=QMgI9QS9i9g,,,2026-03-29T01:49:36.917Z,7.0,15.122,7.0
Wholesome & Funny Moments That Will Make Your Day#funnymoments #TryNotToSmile#PureJoy#Heartwarming,https://www.youtube.com/watch?v=asoQbPQjrkU,Cliford Aguirre,https://www.youtube.com/channel/UCGVY3q03fPudGpIVDtdRjeA,2026-03-29T01:48:39.149Z,47.0,57.768,47.0
What’s your favorite southern saying ?🤣#shorts #houseofcarter #cartersiblings #southern #country,https://www.youtube.com/watch?v=nedn3ol0QL0,House of carter,https://www.youtube.com/channel/UCcQsosdZEud6v7hJQzEbqmA,2026-03-29T01:47:46.027Z,52.0,53.122,52.0
Black family dog🐶🐾#dog#funny#funnyanimals#funnypets#animals,https://www.youtube.com/watch?v=lxt6Smsm-vU,Andrés Muñoz,https://www.youtube.com/channel/UC4pDdN55vJwO7yvqRtQ-NVw,2026-03-29T01:46:05.785Z,99.0,100.242,99.0
#husbandgoals #marriedlife #relationshipgoals #happywifehappylife #couplecontent  #bbq,https://www.youtube.com/watch?v=9RvCTc5g10I,DaDaeddie 😁,https://www.youtube.com/channel/UCD8VXvlJXx25oHuZUJxIoLg,2026-03-29T01:44:12.468Z,58.0,113.317,58.0
WHAT DO WE HAVE HERE THEN #shorts,https://www.youtube.com/watch?v=t8fFRTaFwiA,Richard Sales Official,https://www.youtube.com/channel/UCysVG_DvoO0Wm4Iw-I3KoXA,2026-03-29T01:43:35.968Z,62.0,36.5,36.5
'Nerdy Weird' IT Worker Fabricates Identities in Complex Double Homicide | Luke D’Wit Case Analysis,https://www.youtube.com/watch?v=cYghVwIt7As,Dr. Todd Grande,https://www.youtube.com/channel/UCC_0vyFTKk1Nlodo4QsiQkw,2026-03-29T01:42:16.731Z,899.0,79.237,79.237
The kid's reaction is hilarious #funny #funnykids #baby #funnykids #kid #kids,https://www.youtube.com/watch?v=U_YXhHgoKVw,DJ-SANJAY BABU 2.0,https://www.youtube.com/channel/UCOsYHV0qBljkLtwJstUp_ug,2026-03-29T01:42:05.465Z,93.0,11.266,11.266
PitLawyers8 DrSquatch 15s 1,https://www.youtube.com/watch?v=1RB6z4ikIQs,,,2026-03-29T01:41:58.031Z,15.0,7.434,7.434
😂😂,https://www.youtube.com/watch?v=GnSAqU0V_O0,Pretty Girl Discernment,https://www.youtube.com/channel/UC9d5zaMMj9bUL4xAgHcEQPQ,2026-03-29T01:41:41.909Z,21.0,16.122,16.122
Beck's Introduces SeedIQ™ | The Industry's First AI-Powered Product Management Platform,https://www.youtube.com/watch?v=3F7ZS4pHfXA,,,2026-03-29T01:41:26.659Z,31.0,15.25,15.25
Unbelievable Coincidences #coincide#Unbelievable#Incredible#funny#foryou #amazing #viral #fyp,https://www.youtube.com/watch?v=lVte2hF26OE,Dextar Obstor,https://www.youtube.com/channel/UC34g6I02Va8uG2IO7lHFZZg,2026-03-29T01:40:34.762Z,55.0,51.897,51.897
Broomstick Trend,https://www.youtube.com/watch?v=cYvP9xgS-S8,Power Bolt and Tool,https://www.youtube.com/channel/UCTWytTW-PW_-uw-cyqZFQMA,2026-03-29T01:40:26.019Z,24.0,8.743,8.743
MANY OF US HAVE DONE THIS BEFORE🤣😩,https://www.youtube.com/watch?v=cuYJBi2ggeo,Don Reality Clips,https://www.youtube.com/channel/UCLcEmBLB-eQrtevDP7Ovwww,2026-03-29T01:39:53.532Z,17.0,32.487,17.0
The WhiteBoy that's accepted by the Hood #shorts,https://www.youtube.com/watch?v=Yf3gPoSf7-Y,Druski,https://www.youtube.com/channel/UC4PQqjGczpgmqbpicKjkwvw,2026-03-29T01:37:42.832Z,128.0,130.7,128.0
Wait Arlette’s Reaction Is Too Funny | Pop The Balloon Or Find Love | With Arlette Amuli,https://www.youtube.com/watch?v=A_D0W-sxx_U,DatingcoreTv,https://www.youtube.com/channel/UCFCD_ae-qyWo_mpxw9TnHuQ,2026-03-29T01:36:36.436Z,60.0,66.396,60.0
Shortened: DS-V-014-026_BuildSplit _ReverseFrozen_EN_35s_1920x1080.mp4,https://www.youtube.com/watch?v=c0rw1SmFuYo,,,2026-03-29T01:32:10.229Z,34.0,266.207,34.0
cid=8108a7c3835bd00f7d49c2b13ce77a01,https://www.youtube.com/watch?v=WN9yx8k0dDI,,,2026-03-29T01:31:38.606Z,31.0,31.623,31.0
FAT2D04626_EN_zz果汁杯大西瓜餐厅订单条多阶棋子叠加摆放I版试玩转视频6s_1920x1080,https://www.youtube.com/watch?v=ksl_B_FYZwQ,,,2026-03-29T01:31:30.735Z,7.0,7.871,7.0
MD_CandyCrush-Hole_3dShort_1920x1080_f0f3b8,https://www.youtube.com/watch?v=2xVAgA1FD9E,,,2026-03-29T01:31:23.591Z,7.0,7.144,7.0
Casual Sexual Partner Plans Calculated Revenge for Prolonged and Harsh Rejection | Lilie James Case,https://www.youtube.com/watch?v=Y0I3wC9w-E4,Dr. Todd Grande,https://www.youtube.com/channel/UCC_0vyFTKk1Nlodo4QsiQkw,2026-03-29T01:26:18.813Z,857.0,304.778,304.778
CMB00224.BuildOnboardSnow.AttackHalloween_VER_v1_1920_1080_DUR_30S_LNG_ENGLBL.mp4,https://www.youtube.com/watch?v=H9E34gatgXo,,,2026-03-29T01:25:46.358Z,31.0,32.455,31.0
Shortened: ROK_V_EN_3D_跳水投胎_CB_1_1920x1080_59s_260120_NR_1088498,https://www.youtube.com/watch?v=8HL7nEcf1g8,,,2026-03-29T01:25:37.617Z,8.0,8.741,8.0
The all-new MacBook Neo,https://www.youtube.com/watch?v=bg3iEHHTGtQ,,,2026-03-29T01:25:02.629Z,36.0,34.988,34.988
Crowding Teeth Will Increase Tartar Buildup | Scaling,https://www.youtube.com/watch?v=YTgeYpwBdXk,Dokter Gigi Tri Putra,https://www.youtube.com/channel/UCcvKnMO0z8Gsz-PZHI941ww,2026-03-29T01:16:52.224Z,810.0,490.405,490.405
23 yo. Male's Teeth | Teeth Cleaning | Satisfying | Dentist | Dokter Gigi Tri Putra,https://www.youtube.com/watch?v=VnbblWAZMPo,Dokter Gigi Tri Putra,https://www.youtube.com/channel/UCcvKnMO0z8Gsz-PZHI941ww,2026-03-29T01:06:51.525Z,595.0,600.699,595.0
Scaling | Tartar Removal From Teeth | Dentist | Dokter Gigi Tri Putra,https://www.youtube.com/watch?v=dvt22bg8Ojg,Dokter Gigi Tri Putra,https://www.youtube.com/channel/UCcvKnMO0z8Gsz-PZHI941ww,2026-03-29T00:59:37.868Z,434.0,433.657,433.657
WGU - Online Degrees,https://www.youtube.com/watch?v=-uGyN5RthrU,,,2026-03-29T00:59:24.482Z,31.0,13.386,13.386
DCD-Duo-3707| Hulu,https://www.youtube.com/watch?v=NED7akOeHjY,,,2026-03-29T00:58:35.053Z,16.0,49.429,16.0
Houston Lovers Lane Murders: Arrest Made After 36 Years | Full Case Breakdown,https://www.youtube.com/watch?v=BwbUGLdT1mM,Grizzly True Crime,https://www.youtube.com/channel/UCY04IfK5QlS8nWDU22bEXig,2026-03-29T00:11:08.703Z,6247.0,2846.35,2846.35
PTSLG_V_EN_3D_电梯卖帕鲁_CB_709_1920x1080_52s_260204_NR_1101570,https://www.youtube.com/watch?v=wqkWFXIixnk,,,2026-03-29T00:10:13.954Z,53.0,54.749,53.0
cid=14124c8f674cbddd6c59243ab3de7218,https://www.youtube.com/watch?v=70j7XveuuA0,,,2026-03-29T00:09:09.225Z,31.0,64.729,31.0
EM 10004 Video NA RunEscape GunShot StandV18SzmV1X2N5 Nor TYDW F NA EN A bluedemo,https://www.youtube.com/watch?v=juLrwPXa4ws,,,2026-03-29T00:08:08.098Z,60.0,61.127,60.0
The Worst Mother Ever Leaves Police Speechless,https://www.youtube.com/watch?v=MaUvXoGvLX8,Duty Cam Footage,https://www.youtube.com/channel/UCqiA0Gc-q7l9CN-_pu9f9Wg,2026-03-28T23:48:06.971Z,1216.0,1201.127,1201.127
CMB00202.CityAdventureTruck.AttackHallowe_VER_v1_1920_1080_DUR_30S_LNG_ENGLBL.mp4,https://www.youtube.com/watch?v=YYhtUTvzLV0,,,2026-03-28T23:47:56.765Z,31.0,10.206,10.206
OREO REESE’S COOKIES. As good as they look and sound and… are.,https://www.youtube.com/watch?v=B5ucMoFa1mw,,,2026-03-28T23:46:50.366Z,6.0,66.399,6.0
MPY-57670_Pets Blue Steel Scottie with Craig VO Iteration_1920x1080_v06_gb7xvjxwem_gb7xvjxwem.mp4,https://www.youtube.com/watch?v=iqCx2qSmRzc,,,2026-03-28T23:46:36.889Z,18.0,13.477,13.477
Woman Shoots 'Elmer Fudd' Impersonating Husband Twice by 'Accident' | Patrick Duffey Case Analysis,https://www.youtube.com/watch?v=xYMBzly9UTY,Dr. Todd Grande,https://www.youtube.com/channel/UCC_0vyFTKk1Nlodo4QsiQkw,2026-03-28T23:43:26.735Z,874.0,190.154,190.154
Shortened: GOF3D8386_EN_FZ混剪-解说轻松经营_1920x1080,https://www.youtube.com/watch?v=SEfoR1R5Esc,,,2026-03-28T23:42:50.344Z,33.0,36.391,33.0
Shortened: MPY-53779_Pets_Hidden Camera_EN_1920x1080_22s_C1_V3_ekg56o7uci_ekg56o7uci.mp4,https://www.youtube.com/watch?v=pSfuVSQg0b4,,,2026-03-28T23:42:22.854Z,27.0,27.49,27.0
Animated Patient Ambassador Emmett YouTube Ad,https://www.youtube.com/watch?v=CK3h8hJ3gn4,,,2026-03-28T23:32:29.070Z,166.0,593.784,166.0
Nadula,https://www.youtube.com/watch?v=tpmBmgCz4us,,,2026-03-28T23:32:17.402Z,11.0,11.668,11.0
Undertaker Cheats Inside Funeral Home Before Wife's Mysterious Death | Michael Roseboro Analysis,https://www.youtube.com/watch?v=zjO2gaRryN4,Dr. Todd Grande,https://www.youtube.com/channel/UCC_0vyFTKk1Nlodo4QsiQkw,2026-03-28T23:24:58.800Z,862.0,438.602,438.602
EM 10004 Video NA RunEscape Gunshot SzmV1X2N30X1 Nor DWTY F NA EN A bluedemo,https://www.youtube.com/watch?v=4A7xwIQSm1U,,,2026-03-28T23:24:21.290Z,34.0,37.51,34.0
Shortened: 240 WaC video v3 1920х1080 en 59s,https://www.youtube.com/watch?v=kBoy4_QRSTQ,,,2026-03-28T23:17:27.459Z,56.0,413.831,56.0
Phase10_V1922_sensen_常规大Logo完成Phase_EN_1920x1080_6s_20260211_2D_WD,https://www.youtube.com/watch?v=ciY941uVG8A,,,2026-03-28T23:16:59.106Z,7.0,28.353,7.0
"Grandpa ,Grandpa 03-27-26",https://www.youtube.com/watch?v=KLgRBqAZJRA,Tanassity Speaks ,https://www.youtube.com/channel/UCjHnycwxd_XItWEvglgJCtw,2026-03-28T23:12:45.360Z,6.0,253.746,6.0
Gigante ha capito tutto 😂🔔,https://www.youtube.com/watch?v=d3RN8lhd8YI,Kira🐶Family,https://www.youtube.com/channel/UC3Q08vvc3UNPBFxNwzinwOw,2026-03-28T23:12:15.077Z,44.0,30.283,30.283
The one who loves the princess the most is always the king.#toddler #girldad#babygirl #daddysgirl,https://www.youtube.com/watch?v=OgqXS2VyGAI,Lovely Family,https://www.youtube.com/channel/UCYNpPNdm-D6a6WG1Gd5vbTw,2026-03-28T23:11:05.547Z,61.0,69.53,61.0
Twin telepathy at it’s finest! 👴🏼🤯👴🏼 #twins #twintelepathy #hanelinetwins,https://www.youtube.com/watch?v=9LthKKzUXko,hanelinetwins,https://www.youtube.com/channel/UCwJXIUammNRUWUfBru1Au2g,2026-03-28T23:11:00.527Z,45.0,5.02,5.02
Nothing beats time with uncle 🤍#CoolUncle #UncleAndKids #FunUncle #FamilyMoments #kidsbeingkids,https://www.youtube.com/watch?v=UQaunEOh0Qw,Little Chaos,https://www.youtube.com/channel/UCGHb2dylBdxp2WRCRRNzxJg,2026-03-28T23:10:31.531Z,,28.996,28.996
Nurse Changes Her Robotic Arm Battery Mid-Shift 😳 Real Life Bionic Arm,https://www.youtube.com/watch?v=QhvZ6zriGfY,Daily Hip Hop & Trending News ,https://www.youtube.com/channel/UCU_RZHUpuqkp8SuIn4E4xZw,2026-03-28T23:09:27.909Z,47.0,63.622,47.0
The Only Gym I Love Is Foodgym #funnyfitness #gymlife #workoutmemes,https://www.youtube.com/watch?v=KwQnsJqoBbI,Ostler Hott,https://www.youtube.com/channel/UCnacY0D_s5sOQ5dnuvwUK9g,2026-03-28T23:08:40.455Z,36.0,47.454,36.0
Introducing Our New Dog to the Family #foryou #funny #dog #surprise #shorts #family,https://www.youtube.com/watch?v=B_U2UlA8H-8,Animal Mosaic ,https://www.youtube.com/channel/UC3E4OpVWDDKImn2xZEzSIxg,2026-03-28T23:07:40.341Z,57.0,60.114,57.0
Love ya moms 😂😂 #fypシ #funny #real,https://www.youtube.com/watch?v=gzTUm_uCCSg,Cpthrasher6,https://www.youtube.com/channel/UCpAqywESQsABwpmpahftrxw,2026-03-28T23:07:30.736Z,6.0,9.605,6.0
Detective Claims Wife Grabbed His 'Bathroom-Abandoned' Service Pistol | Brian Fanion Case Analysis,https://www.youtube.com/watch?v=LbevUtynn9c,Dr. Todd Grande,https://www.youtube.com/channel/UCC_0vyFTKk1Nlodo4QsiQkw,2026-03-28T23:07:15.155Z,899.0,15.581,15.581
Obama,https://www.youtube.com/watch?v=6Gj6fajamE4,,,2026-03-28T23:06:43.306Z,31.0,31.849,31.0
Be kind.#wholesome #hopecore #kindness,https://www.youtube.com/watch?v=Qy61Wmg8HfU,Heartwarming_Diary,https://www.youtube.com/channel/UCvyvkbRvbD9ufCfTlrYZqsg,2026-03-28T23:06:28.415Z,57.0,14.891,14.891
My friend is afraid of my dog🤣🐶🐾#dog#funny#funnyanimals#funnypets#ani,https://www.youtube.com/watch?v=uWW5s8KoP4Q,Zaria Duran,https://www.youtube.com/channel/UCurJneNN_ivzP36Y1nu3xpQ,2026-03-28T23:05:13.972Z,99.0,74.443,74.443
Children are the purest and most honest humans.☺️ #shorts,https://www.youtube.com/watch?v=-LcuWBn3HtE,Babiloops ,https://www.youtube.com/channel/UCHMaRDi5rMggzmshrwLCyBg,2026-03-28T23:04:26.907Z,29.0,47.065,29.0
and when their parents ask why we were there for an extra 15 minutes I’m blaming the DJ,https://www.youtube.com/watch?v=ZCmWj2GLvUo,Erin Alice Garnes,https://www.youtube.com/channel/UCK-FrpMHV0v84R4YQqo9ugg,2026-03-28T23:04:11.955Z,14.0,14.952,14.0
Only requirement is be yourself 🕷️🖤💕‼️ #trendingshorts #fyp,https://www.youtube.com/watch?v=K5rZiS1Juk0,Jiha Silhouette,https://www.youtube.com/channel/UCdfWpM4Hye_9FQCir-yt9BQ,2026-03-28T23:04:00.541Z,20.0,11.414,11.414
Dead presidents 1995 Then Vs. Now of this legendary movie 🎥,https://www.youtube.com/watch?v=bTRlQvLAApo,Iconic Archives,https://www.youtube.com/channel/UChnaRBSEyTNX0E6AKU9JxIA,2026-03-28T23:02:57.289Z,60.0,63.252,60.0
The heavy breathing 😂 #cuereaves #funny #comedyfilms #funnycomedy #comedyshorts #fun #comedy #tv,https://www.youtube.com/watch?v=HoIqJR6Hvu4,Cue Reaves Experience ,https://www.youtube.com/channel/UCb4pV8Yskp7Iv2bSKH3-ItA,2026-03-28T23:02:53.955Z,,3.334,3.334
Crazy life,https://www.youtube.com/watch?v=zzPzfBDHAAM,Edenfromli2.0,https://www.youtube.com/channel/UCYDENx875sYUiMGSisnSyXg,2026-03-28T23:02:50.341Z,7.0,3.614,3.614
She might have nailed this one,https://www.youtube.com/watch?v=h2At4bDnO2M,Justin Stagner ,https://www.youtube.com/channel/UCBU1iuJZN6UtBjQcgvuwJ_Q,2026-03-28T23:02:30.975Z,17.0,19.366,17.0
"She's like, Oh this my jam ❤️‍🩹🥹",https://www.youtube.com/watch?v=t1qBNuaJ1hE,Eternal Love,https://www.youtube.com/channel/UC5NEWyJDtr8vtzJWT6SXK4Q,2026-03-28T23:02:07.996Z,20.0,22.979,20.0
Someone help I don’t know what to do,https://www.youtube.com/watch?v=rVy3L_Q8gbY,WalkAwaySmilin Ent.,https://www.youtube.com/channel/UCwq8UGJluSieSYfcPtJM2eA,2026-03-28T23:01:59.149Z,7.0,8.847,7.0
Dinner with Shadow and Chance 🍔 with special guest  Tito. #dogs,https://www.youtube.com/watch?v=3AEAALzIpfw,Citizen K9,https://www.youtube.com/channel/UC48uH9Y_N38nKq35H4x7vdw,2026-03-28T23:01:29.960Z,28.0,29.189,28.0
Working out not just for vanity 🏋🏾‍♀️ could I save my friend??,https://www.youtube.com/watch?v=oHCk5wDtH04,Estimated Time of Arrival ,https://www.youtube.com/channel/UCZ_thX98L88mJ77LeSw5sdA,2026-03-28T23:01:25.629Z,33.0,4.331,4.331
Rn its My ♥️ Vs My 🧠,https://www.youtube.com/watch?v=mznIzAkgwek,Sonta,https://www.youtube.com/channel/UC6pqXKFXsce3vNS69aDmkcw,2026-03-28T23:01:18.309Z,13.0,7.32,7.32
Black vs White Slang,https://www.youtube.com/watch?v=IxcynZOkOqE,SNG EXTRA,https://www.youtube.com/channel/UCnToiuWmopwe6t-k-F_jH2w,2026-03-28T23:00:33.439Z,43.0,44.87,43.0
Because your pants deserve better than plastic drip trays 🪴 #plants,https://www.youtube.com/watch?v=RHD-jjERRMs,Fancy Plants-Dana Carpenter,https://www.youtube.com/channel/UCul553MhiJr5Fn_tZQE_FiA,2026-03-28T23:00:32.361Z,26.0,1.078,1.078
My parents are supermen🥰🥰 #foryou #funny #respect #parents #love,https://www.youtube.com/watch?v=hmsVFB1Mn9I,Winifield Mulligany,https://www.youtube.com/channel/UC2K5WtvIDu3QzwHSYGxgm0Q,2026-03-28T23:00:31.516Z,60.0,0.845,0.845
Shaving off my husband's eyebrows as a prank. #prankwars #couplegoals #shavedmybrow #fy #foryou,https://www.youtube.com/watch?v=3yX01XgEVPY,FramePop Co,https://www.youtube.com/channel/UCzMheR_f7KathfAZ62EsvRQ,2026-03-28T22:58:52.956Z,58.0,98.56,58.0
Shortened: MPY-51485_Channel Changers + Community Chest_Sitcom - Video editing_1920x1080_v100..._v10,https://www.youtube.com/watch?v=DWyKH6TH_84,,,2026-03-28T22:58:15.787Z,30.0,37.169,30.0
if i do what i wanna do was a band.,https://www.youtube.com/watch?v=-x841Ux8QiU,8toFive,https://www.youtube.com/channel/UCckQWEEyQ6guLSzrPbhlASA,2026-03-28T22:57:41.836Z,37.0,33.951,33.951
Cr: niecywhat(tk) I hope it's longer.😭🥰 #shorts #fashion #trending  #hairstyle #wigs #naturalhair,https://www.youtube.com/watch?v=1M5Ku6NGR7E,Wig Fever,https://www.youtube.com/channel/UCbKcqGcKlkNbFd6vcsSyd5w,2026-03-28T22:57:06.920Z,33.0,34.916,33.0
The way he pointed yo himself got me 😂,https://www.youtube.com/watch?v=dwcD5HpsWik,Yoskie,https://www.youtube.com/channel/UCoVP3ZcxAR4Vw3KWd7cGJjg,2026-03-28T22:56:51.716Z,,15.204,15.204
Aunt Jessie for the win.🩵,https://www.youtube.com/watch?v=aAuWo55sIZw,BeauNoseBones,https://www.youtube.com/channel/UCfk2sAiZ0ARk7R6vRl6tOFw,2026-03-28T22:56:08.149Z,30.0,43.567,30.0
Grandpa's After-WorkRitual#funny #foryoupage#Love #girlfriend,https://www.youtube.com/watch?v=srP09U6BJFg,Minhaz Ali,https://www.youtube.com/channel/UC1fmpIZAXJubHrpxqCpOFMA,2026-03-28T22:55:11.760Z,54.0,56.389,54.0
Why would he say that???,https://www.youtube.com/watch?v=xpX8pAANRI8,The Soulful Homemaker,https://www.youtube.com/channel/UCVFLjm25EOYyV09wVfKiV-w,2026-03-28T22:54:59.323Z,11.0,12.437,11.0
“How We Survived Hard Times (Homemade Fridge & Shower) 💀”#diy,https://www.youtube.com/watch?v=6_mMm78JkNg,FruitsieTv,https://www.youtube.com/channel/UCgN5pYqduJ1OFg0tI1KyWRQ,2026-03-28T22:54:14.859Z,24.0,44.464,24.0
When the home school prom is going crazy.,https://www.youtube.com/watch?v=Wn7N_KwgfQ8,Lee Houston,https://www.youtube.com/channel/UCBEnMJcipvJHPDkEkPecGLw,2026-03-28T22:53:40.151Z,17.0,34.708,17.0
Bringing this icon to life!! 💞🫣,https://www.youtube.com/watch?v=rOW9Xt4G0BI,Probably Prisma,https://www.youtube.com/channel/UCWnUKutmIT3wFPT4kr-67gA,2026-03-28T22:52:45.065Z,56.0,55.086,55.086
I Lost 85 Pounds… and This Changed Everything,https://www.youtube.com/watch?v=rj34nvKEXaU,Amber “BAE”,https://www.youtube.com/channel/UCfeh6CPiFaA78_a3cdNK2ng,2026-03-28T22:52:29.824Z,14.0,15.241,14.0
😂😂😂 #music #funny #husbandwife #meet #foryou #youtubeshorts,https://www.youtube.com/watch?v=7G-QXkxZ0k0,Clemence Lachance b,https://www.youtube.com/channel/UCXNr4zmS7nnWMt_Y9Wnxn_w,2026-03-28T22:51:30.843Z,29.0,58.981,29.0
Just a Quick Stretch 😂 #viral #shorts,https://www.youtube.com/watch?v=Fv_ABjtqUJg,BaylorAthletics,https://www.youtube.com/channel/UCt1Z0nJWuI6KDozeflRvRWw,2026-03-28T22:51:24.991Z,34.0,5.852,5.852
Mom dad what were you like in the #90s # myparentsinthe90s,https://www.youtube.com/watch?v=8xw9r44XHlw,TheWrightWay360,https://www.youtube.com/channel/UCTVmZxmxPQJloCTFqHbIqRA,2026-03-28T22:51:09.024Z,16.0,15.967,15.967
Young Dancer Reminds Us: Never be afraid to Take 👏🏾 Up 👏🏾 Space,https://www.youtube.com/watch?v=RrlLvLdJeiI,Official Black Wall Street,https://www.youtube.com/channel/UCr7StpcAtu2MyZjviZWj5ag,2026-03-28T22:51:01.523Z,34.0,7.501,7.501
The cost of living crisis is on fire nowadays,https://www.youtube.com/watch?v=wfbhKdGm3fc,Reach Alix,https://www.youtube.com/channel/UCUgySaPUSxME2ZkTePArCzA,2026-03-28T22:50:44.113Z,6.0,17.41,6.0
All-In-One Sheet Pancake! The easiest way to make pancakes 🥞🤤,https://www.youtube.com/watch?v=up1XbJwEREw,Recipe world,https://www.youtube.com/channel/UC1LfQeWgPLAIMNe53ALK9nA,2026-03-28T22:50:13Z,,31.113,31.113
He Thought He’d Get Away #shorts,https://www.youtube.com/watch?v=Hp2gd5nkidg,Shattered,https://www.youtube.com/channel/UC1tbqQwTRy8ep8UhdapBb_g,2026-03-28T22:50:08.476Z,26.0,4.524,4.524
It’s things like this #Relationship #love #relatable,https://www.youtube.com/watch?v=2tNlp27CAMc,The Lady and The Voice,https://www.youtube.com/channel/UC-KeIE5LeSyq8ZA4LVN1PIw,2026-03-28T22:50:01.691Z,6.0,6.785,6.0
Daddy is mommy’s hero #love #family #couple #husband #children #fyp,https://www.youtube.com/watch?v=bE234kSN-rI,AI MOOD DHUN ,https://www.youtube.com/channel/UCQWmAewlGurT0za6YfrY6kg,2026-03-28T22:49:58.337Z,56.0,3.354,3.354
Destiny’s Child eating up the choreo in different ways #destinyschild #kelly #michelle #beyonce,https://www.youtube.com/watch?v=_wpPeNgc-9M,Mathias Werner,https://www.youtube.com/channel/UCM-Twz5gyBPT4shgLKlGaDQ,2026-03-28T22:49:36.112Z,19.0,22.225,19.0
Teeth Cleaning by Doctor #scaling #teethcleaning #dentist,https://www.youtube.com/watch?v=EC3e74U_WxE,Bhatia Dentopulse,https://www.youtube.com/channel/UCzkPFdi3RvekbhbEx-WGmbw,2026-03-28T22:49:27.240Z,11.0,8.872,8.872
Dentist Kills Wife with Pocket Knife After Spear-Facilitated Genital Modification | Turner Analysis,https://www.youtube.com/watch?v=RNJ2p3nuLxk,Dr. Todd Grande,https://www.youtube.com/channel/UCC_0vyFTKk1Nlodo4QsiQkw,2026-03-28T22:49:25.869Z,964.0,1.371,1.371
Tartar removal 👌,https://www.youtube.com/watch?v=9AUPMqxDd58,Dental Land,https://www.youtube.com/channel/UCQwEE_9lGR_PPp6AcRGN87w,2026-03-28T22:49:19.452Z,9.0,6.417,6.417
Cleaning teeth 🦷 #dental #scaling #satisfying,https://www.youtube.com/watch?v=8sD8-aZfWc8,Dr Morad Shaglouf,https://www.youtube.com/channel/UCZMK-227czQ7T7N7OOISNTQ,2026-03-28T22:48:57.831Z,20.0,21.621,20.0
Heavy Tartar Removal #shorts,https://www.youtube.com/watch?v=0HwmPZL09vw,Dokter Gigi Tri Putra,https://www.youtube.com/channel/UCcvKnMO0z8Gsz-PZHI941ww,2026-03-28T22:47:58.531Z,58.0,59.3,58.0
Scaling & cleaning tartar #teeth #tooth #satisfying,https://www.youtube.com/watch?v=smhUWYf640Q,Dr Morad Shaglouf,https://www.youtube.com/channel/UCZMK-227czQ7T7N7OOISNTQ,2026-03-28T22:47:39.935Z,17.0,18.596,17.0
What happens if you don't floss correctly? [Common dental myths],https://www.youtube.com/watch?v=yJD42ivUJYo,Dr. John Yoo,https://www.youtube.com/channel/UCHgBElT5_o3I5dt8pIqPw1g,2026-03-28T22:47:38.279Z,25.0,1.656,1.656
cleaning teeth with ultrasonic scaler #shorts #dentist #teethcleaning,https://www.youtube.com/watch?v=REL8d-UV-pI,Teeth Talk Girl,https://www.youtube.com/channel/UCoWqwg_7NXuvoJZIgzHf8Dw,2026-03-28T22:47:37.547Z,10.0,0.732,0.732
Scaling tartar and calculus #dental #dentist #dentistry,https://www.youtube.com/watch?v=sbLkVniGnhE,Dr Morad Shaglouf,https://www.youtube.com/channel/UCZMK-227czQ7T7N7OOISNTQ,2026-03-28T22:47:36.310Z,18.0,1.237,1.237
The Sheep Detectives | Official Trailer 2,https://www.youtube.com/watch?v=826SRt1CFbg,,,2026-03-28T22:46:48.883Z,154.0,47.427,47.427
250822_a15+le60s_es_ZW_1920x1080.mp4,https://www.youtube.com/watch?v=fjOrNeHv69Y,,,2026-03-28T22:38:03.207Z,59.0,525.676,59.0
0483 Tier List 1920x1080 EN 30s,https://www.youtube.com/watch?v=ei_BOu2zymE,,,2026-03-28T22:37:31.614Z,30.0,31.593,30.0
Google 6 2H 6 sec,https://www.youtube.com/watch?v=UyzU8wvGFbo,,,2026-03-28T22:37:23.494Z,7.0,8.12,7.0
Shortened: Toon Blast - Tom 30s L - Solve Match 3 Puzzle Game,https://www.youtube.com/watch?v=6U4WX2zLEhQ,,,2026-03-28T22:27:33.291Z,27.0,590.203,27.0
Shortened: cid=14124c8f674cbddd6c59243ab3de7218,https://www.youtube.com/watch?v=sXHBCu0kJ4A,,,2026-03-28T22:27:09.526Z,23.0,23.765,23.0
FAT2D05907_EN_zzAIgg海浪桌合成棋子订单_1920x1080,https://www.youtube.com/watch?v=ebAgiCJEVu8,,,2026-03-28T22:26:55.759Z,5.0,13.767,5.0
ChatGPT Exposes Gruesome Murder Inside NFL Star’s Home,https://www.youtube.com/watch?v=P2GYfZ7_ewc,Law&Crime Network,https://www.youtube.com/channel/UCz8K1occVvDTYDfFo7N5EZw,2026-03-28T22:12:57.485Z,1863.0,838.274,838.274
Shortened: CMB00196.TalkShow.Cowboy_VER_v1_1920_1080_DUR_59S_LNG_ENGLBL.mp4,https://www.youtube.com/watch?v=NFQtc45-qYk,,,2026-03-28T22:12:35.037Z,21.0,22.448,21.0
Hair Grease Isn’t the Problem…You’re Using It Wrong (Cosmetic Chemist Explains),https://www.youtube.com/watch?v=YsZqFFEMI4A,Curly Chemistry,https://www.youtube.com/channel/UC9NYUv_5p-s3IKTEHTGaMgA,2026-03-28T22:11:32.909Z,147.0,62.128,62.128
Corona Extra | Product Sandy | EL | 06s,https://www.youtube.com/watch?v=PP0jCLPiHns,,,2026-03-28T22:11:23.630Z,7.0,9.279,7.0
2026 CTV 15 2-6-26,https://www.youtube.com/watch?v=xCc2B3TvaCY,,,2026-03-28T22:08:25.485Z,16.0,178.145,16.0
Shortened: GOF3D8386_EN_FZ混剪-解说轻松经营_1920x1080,https://www.youtube.com/watch?v=yCbGc2K9cO4,,,2026-03-28T22:08:02.215Z,30.0,23.27,23.27
"Cops Open Trash Bag, Uncover Mother's Newborn Infant",https://www.youtube.com/watch?v=Mk9kWG3OfBg,The Bloody Bunny,https://www.youtube.com/channel/UClTO_YUEIMY_h4Vmnw1eSGg,2026-03-28T21:46:23.782Z,2895.0,1298.433,1298.433
Reese's Core | In Plain Sight :15 REV1 (EAS) | 2022 Commercial,https://www.youtube.com/watch?v=v2MUSvJF50I,,,2026-03-28T21:46:19.052Z,16.0,4.73,4.73
"Disney+, Hulu Bundle",https://www.youtube.com/watch?v=pL8yFuqUx3g,,,2026-03-28T21:01:26.862Z,31.0,2692.19,31.0
'Midlife Crisis' Wife Found in Cemetery Six Weeks After Attending a Party | Karen Swift Analysis,https://www.youtube.com/watch?v=FdSo8YPPI64,Dr. Todd Grande,https://www.youtube.com/channel/UCC_0vyFTKk1Nlodo4QsiQkw,2026-03-28T20:56:35.927Z,1053.0,290.935,290.935
TMI | SPO | MGM | MU | FBO1500 | Crtv_MM26CavinderTwinsPracticing_Motion | 16x9,https://www.youtube.com/watch?v=mWSuy-X3Mt0,,,2026-03-28T20:56:12.315Z,21.0,23.612,21.0
See how Amazon is empowering American small businesses,https://www.youtube.com/watch?v=rT-WCQ6NzVQ,,,2026-03-28T20:55:55.280Z,16.0,17.035,16.0
The Perfect Finish,https://www.youtube.com/watch?v=OsSgL7UgGwY,,,2026-03-28T20:47:02.520Z,30.0,532.76,30.0
Get a FREE iPhone or Samsung with TAG Mobile | 10GB Data + Unlimited Talk & Text,https://www.youtube.com/watch?v=NB9Rl1fCX5k,,,2026-03-28T20:46:44.796Z,17.0,17.724,17.0
Voice Generation and Voice Cloning by ElevenLabs,https://www.youtube.com/watch?v=rcf_uQgzIJ4,,,2026-03-28T20:39:05.423Z,31.0,459.373,31.0
CMA02879.SlotWheelTripleGAE.Short.TokenWP_VER_v1_1920_1080_DUR_30S_LNG_ENGLBL.mp4,https://www.youtube.com/watch?v=AJdcMAxUAXk,,,2026-03-28T20:31:07.365Z,31.0,478.058,31.0
Shortened: FRK_UA_VID_58_XmasTheme_V01_AHM_EN_60s_1920x1080,https://www.youtube.com/watch?v=QIA27QgrmSg,,,2026-03-28T20:30:23.817Z,7.0,43.548,7.0
cd0981en1920x1080,https://www.youtube.com/watch?v=5pPZ7gVgS9E,,,2026-03-28T20:16:44.411Z,42.0,819.406,42.0
Happy Color®: Paint by Number,https://www.youtube.com/watch?v=2-8YTcTFD_A,,,2026-03-28T20:16:28.047Z,13.0,16.364,13.0
Air Wick’s Scented Oils has up to 70 Days of Fragrance*,https://www.youtube.com/watch?v=4Eqr-c_OG-Q,,,2026-03-28T20:16:20.634Z,7.0,7.413,7.0
NEW Steak & Cheese Melt,https://www.youtube.com/watch?v=vrSKQOiVL40,,,2026-03-28T20:16:13.433Z,7.0,7.201,7.0
Druski Reactions Funnier Than Erika Kirk Sketch,https://www.youtube.com/watch?v=XkoJImQZJW4,Reese Waters,https://www.youtube.com/channel/UCCcr-MvAMettt8yktc9t4ag,2026-03-28T20:01:14.190Z,2072.0,899.243,899.243
The Beat featuring Bruce Springsteen’s Born in the U.S.A. | ACLU,https://www.youtube.com/watch?v=aNe4E-uynfg,,,2026-03-28T20:00:26.748Z,61.0,47.442,47.442
Scentiva Cherry Blossom Bathroom Foamer,https://www.youtube.com/watch?v=sp8GOFiJpxs,,,2026-03-28T20:00:13.001Z,7.0,13.747,7.0
50 US Geography Lies YOU Still Believes,https://www.youtube.com/watch?v=ic6JoPlCYBk,Map Pack,https://www.youtube.com/channel/UCb0JxFSwHTzH0AEsAzQHV4w,2026-03-28T19:49:44.838Z,1855.0,628.163,628.163
Google AI Pro,https://www.youtube.com/watch?v=iCO-7UMlcs4,,,2026-03-28T19:45:09.175Z,33.0,275.663,33.0
Shortened: Toon Blast - Fossilbug-boardaccomp 30s L,https://www.youtube.com/watch?v=wGKE6VGIxHQ,,,2026-03-28T19:45:00.178Z,8.0,8.997,8.0
Landscape: CS vid049 Sc 1080x1920 6s en US music1,https://www.youtube.com/watch?v=HHrBc0kxsOs,,,2026-03-28T19:44:52.497Z,7.0,7.681,7.0
Old Spice-Brand-ENG-FOF Stick Cologne Quality-APDO/PCC-6-Bumper-16x9-,https://www.youtube.com/watch?v=kUwIwYxvlro,,,2026-03-28T19:44:45.344Z,7.0,7.153,7.0
FAT2D04635_EN_zz果汁杯大西瓜餐厅订单条多阶棋子叠加摆放L版试玩转视频6s_1920x1080,https://www.youtube.com/watch?v=SdePMV98tT4,,,2026-03-28T19:30:02.276Z,7.0,883.068,7.0
50 Insane US Geography Facts That Seem Fake But Are 100% Real,https://www.youtube.com/watch?v=YIHpeW9GjEE,The Infographics Show,https://www.youtube.com/channel/UCfdNM3NAhaBOXCafH7krzrA,2026-03-28T19:16:05.051Z,1830.0,837.225,837.225
Instagram Teen Accounts,https://www.youtube.com/watch?v=DcSVDtdbLw8,,,2026-03-28T19:15:28.233Z,31.0,36.818,31.0
Obsessed: The Megan Newborough Story | 48 Mystery,https://www.youtube.com/watch?v=KJ4rpcRLAkI,Hezd,https://www.youtube.com/channel/UCbSUR7MeQHlYf4N3dcJFmeg,2026-03-28T19:14:26.791Z,,61.442,61.442
Why This Babysitter is Facing 100 Years in Prison,https://www.youtube.com/watch?v=1Pvi2Hq6zcY,Body Cam Edition,https://www.youtube.com/channel/UCH8688NYs4zdEALBE6-LUhQ,2026-03-28T19:13:46.562Z,1714.0,40.229,40.229
Son's Hatred for Mom's Boyfriend Ends in Brutal Murder,https://www.youtube.com/watch?v=nw2o7fHqGcA,Daily Dose Of Crime,https://www.youtube.com/channel/UCrOKDAUB-iL2wLzZdRN7xgA,2026-03-28T19:13:11.532Z,1322.0,35.03,35.03
WBV723_P102_EN(169)【THE ANTS: UNDERGROUND KINGDOM】,https://www.youtube.com/watch?v=xNZpf5XkL_I,,,2026-03-28T19:11:24.885Z,56.0,106.647,56.0
Shortened: EM 10004 Video NA RunEscape GunShot SurfoscarV5 Nor YQXTY F NA EN A bluedemo,https://www.youtube.com/watch?v=NwI2FIwmW_k,,,2026-03-28T19:11:06.701Z,16.0,18.184,16.0
Dumb Killer Thinks She Got Away With Murder (She Didn't),https://www.youtube.com/watch?v=aXujPcdb24U,Clueless Criminal Interrogations,https://www.youtube.com/channel/UCxIUtDkP-eqRQk3cFHp712g,2026-03-28T19:08:49.298Z,1289.0,137.403,137.403
Puzzles & Survival,https://www.youtube.com/watch?v=amcwaEpVBMs,,,2026-03-28T18:57:59.921Z,47.0,649.377,47.0
MGD Milford FastCut Ep 1 6 Easter 30sec V235523 30 1920x1080 S1080 AndroidiOSPC English&IMG=51QB,https://www.youtube.com/watch?v=jAfxDP4Cv_c,,,2026-03-28T18:57:26.017Z,31.0,33.904,31.0
Police Confront Evil Mom Over Horrifying Daughter Crime,https://www.youtube.com/watch?v=9KKgLlPZDoY,Daily Dose Of Crime,https://www.youtube.com/channel/UCrOKDAUB-iL2wLzZdRN7xgA,2026-03-28T18:50:18.759Z,1489.0,427.258,427.258
Killer Realizes Cops Know He's Faking | The Case of Leslie Preer,https://www.youtube.com/watch?v=zXmBBoPwyGs,Unseen,https://www.youtube.com/channel/UCVtHlqfvXn-6m6A2IWUB8MQ,2026-03-28T18:31:23.271Z,1583.0,1135.488,1135.488
Woman Shocked After Finding Demonic Brother's Evil Secret,https://www.youtube.com/watch?v=TP5xseUhcVU,Insanity Bodycam,https://www.youtube.com/channel/UC0hPh-s57PdU215UJglALCw,2026-03-28T18:30:42.109Z,1339.0,41.162,41.162
Teacher Shot Nine Times Husband Acts Strange | Homicide Hours To Kill,https://www.youtube.com/watch?v=zVj6KT5wjNo,Homicide: Hours To Kill,https://www.youtube.com/channel/UC-fClgS3qKh_DbJo34MoCuA,2026-03-28T18:25:47.056Z,7838.0,295.053,295.053
Adoption Belongs Everywhere - Buster,https://www.youtube.com/watch?v=cyQtjRVNMTg,,,2026-03-28T18:25:27.061Z,31.0,19.995,19.995
Canceled Welfare Check Uncovers Triple Murder,https://www.youtube.com/watch?v=inC5rQ7cMes,Daily Dose Of Crime,https://www.youtube.com/channel/UCrOKDAUB-iL2wLzZdRN7xgA,2026-03-28T18:23:51.265Z,2008.0,95.796,95.796
Evil Husband Has No Idea 911 Recorded Everything,https://www.youtube.com/watch?v=-mE3CzjVsSI,EWU Bodycam,https://www.youtube.com/channel/UCRmnt09hfWo6hD574tLVVDQ,2026-03-28T18:22:46.845Z,2174.0,64.42,64.42
Shortened: 2712_dq_en,https://www.youtube.com/watch?v=FVYJX2I6fGU,,,2026-03-28T18:21:10.646Z,7.0,96.199,7.0
Shortened: MD_Iskra_v_April_25_Concept_07_Clouds_30s_1080x1920_4344dc,https://www.youtube.com/watch?v=WTk0jA-R6tE,,,2026-03-28T18:21:04.346Z,7.0,6.3,6.3
Shortened: Puzzles & Chaos,https://www.youtube.com/watch?v=Qs_Z4rP2rgM,,,2026-03-28T18:17:03.704Z,,240.642,240.642
MPY-45106_Vidsy repurpose 14 - Dec 1080x1080-V2_er9yl8olp9_er9yl8olp9.mp4,https://www.youtube.com/watch?v=LXXvoBVyJO0,,,2026-03-28T18:16:56.849Z,21.0,6.855,6.855
Mom Does the Unthinkable After Teen Rejects Her,https://www.youtube.com/watch?v=elVsNXl2d-A,EWU Bodycam,https://www.youtube.com/channel/UCRmnt09hfWo6hD574tLVVDQ,2026-03-28T18:11:55.211Z,643.0,301.638,301.638
MGD Crada RelaxingGameplay 82sec V235495 82 1920x1080 S202603 AndroidiOSPC English&IMG=51PJ,https://www.youtube.com/watch?v=KIi5RBzD5cc,,,2026-03-28T18:10:21.909Z,83.0,93.302,83.0
DCD-The-4008| Hulu,https://www.youtube.com/watch?v=qUyDsHHMLtU,,,2026-03-28T18:09:32.679Z,16.0,49.23,16.0
Shortened: MPY-53766_Influencer_Pets_@mattcuttshall_1920x1080_v01_dcelplsjfd_dcelplsjfd.mp4,https://www.youtube.com/watch?v=wYfB7Son9e0,,,2026-03-28T18:01:49.673Z,23.0,463.006,23.0
Potbelly Power of AND 6 16x9,https://www.youtube.com/watch?v=7pFIkvMfwF8,,,2026-03-28T18:01:28.577Z,7.0,21.096,7.0
Shortened: MD_v_May_25_Iteration_13_NSI_BlockJam_SandPuzzle_60s_1920x1080_cd59b5,https://www.youtube.com/watch?v=vsTAcI95xSo,,,2026-03-28T18:01:20.986Z,7.0,7.591,7.0
"Pregnant Wife Told Police He Would Kill Her. Three Days Later, He Did.",https://www.youtube.com/watch?v=4oWKGZyju6c,Inspector Ted,https://www.youtube.com/channel/UCADO7MK9B08sBEgXK2eH_Gw,2026-03-28T17:51:10.271Z,1342.0,610.715,610.715
True-crime cases with recent developments | 48 Hours Full Episodes,https://www.youtube.com/watch?v=-lAvo4HXmHo,48 Hours,https://www.youtube.com/channel/UC7htuVs06oduI3xSfTdcxPA,2026-03-28T17:49:41.316Z,9937.0,88.955,88.955
PTSLG_V_EN_3D_精灵抓捕器_CB_709_1920x1080_49s_260225_NR_1113677,https://www.youtube.com/watch?v=ksf0evpgyAU,,,2026-03-28T17:48:45.826Z,50.0,55.49,50.0
Shortened: FRK_UA_VID_58_XmasTheme_V01_AHM_EN_30s_1920x1080,https://www.youtube.com/watch?v=Jmf3xtL_bgU,,,2026-03-28T17:48:36.985Z,8.0,8.841,8.0
DCD-Soci-3916| Hulu,https://www.youtube.com/watch?v=BiAQlspl7Q8,,,2026-03-28T17:48:18.482Z,16.0,18.503,16.0
MPY-45106_Vidsy repurpose 14 - Dec 1920x1080-V2_ktmbzx2glf_ktmbzx2glf.mp4,https://www.youtube.com/watch?v=xeZAyleM7ZM,,,2026-03-28T17:48:06.954Z,21.0,11.528,11.528
Did Texting Lingo Send Teenager to Prison for 30 Years for Murder? | Ashley Morrison Case Analysis,https://www.youtube.com/watch?v=g3ZKBJqak7A,Dr. Todd Grande,https://www.youtube.com/channel/UCC_0vyFTKk1Nlodo4QsiQkw,2026-03-28T17:45:42.120Z,981.0,144.834,144.834
FY26 UF WSE School of Education   Flexibility VD 15 1920x1080,https://www.youtube.com/watch?v=F5pFh3bsQHg,,,2026-03-28T17:45:23.408Z,16.0,18.712,16.0
See how Amazon is empowering American small businesses,https://www.youtube.com/watch?v=I_FQgCNqa_g,,,2026-03-28T17:45:06.831Z,16.0,16.577,16.0
A Gentle Man | Old Spice,https://www.youtube.com/watch?v=420bAJ37i4g,,,2026-03-28T17:36:10.820Z,16.0,536.011,16.0
Social Spend 16x9 Tuesday Plathville Promo,https://www.youtube.com/watch?v=F0KFjSKkBAs,,,2026-03-28T17:35:54.437Z,15.0,16.383,15.0
Lysol BND 2025 Lavanda Your Casa 06 LDS NO CTA ENG Youtube,https://www.youtube.com/watch?v=dSRuJ6l5gKw,,,2026-03-28T17:35:45.706Z,7.0,8.731,7.0
Zaxbys | Dry Rubs | Seasoning :06,https://www.youtube.com/watch?v=QHh-Ofwb8rg,,,2026-03-28T17:35:38.471Z,7.0,7.235,7.0
Did First-Grade Teacher Stalk Herself to Frame 'Strict' Rival? | Jo Anne Chambers Case Analysis,https://www.youtube.com/watch?v=dYCSOKjTd9o,Dr. Todd Grande,https://www.youtube.com/channel/UCC_0vyFTKk1Nlodo4QsiQkw,2026-03-28T17:28:33.675Z,928.0,424.796,424.796
Audio Lift Test: Domain+ Mktg :15,https://www.youtube.com/watch?v=TMs2KZUN7Ew,,,2026-03-28T17:28:14.892Z,16.0,18.783,16.0
Find the best deals today on Poshmark!,https://www.youtube.com/watch?v=_vkV8e3vMfc,,,2026-03-28T17:18:24.750Z,16.0,590.142,16.0
Huffman & Huffman Client Testimonial: Vickye Parker,https://www.youtube.com/watch?v=VA9Y0yLzjOk,,,2026-03-28T17:18:17.191Z,7.0,7.559,7.0
Reach - Coffee Shop 6s Horizontal,https://www.youtube.com/watch?v=UNuRPxxw0Lg,,,2026-03-28T17:18:09.373Z,7.0,7.818,7.0
Career Criminal Claims Self-Defense in Brutal Deaths of Four People | Adam Matos Case Analysis,https://www.youtube.com/watch?v=CWxdAZzNd9I,Dr. Todd Grande,https://www.youtube.com/channel/UCC_0vyFTKk1Nlodo4QsiQkw,2026-03-28T17:11:21.456Z,951.0,407.917,407.917
Hardee's | Pulled Pork Frisco Burger | $5.99,https://www.youtube.com/watch?v=jPOuaGPKWiw,,,2026-03-28T17:11:02.957Z,16.0,18.499,16.0
High-Volume Tasks Made Easy with WypAll® X70 & WypAll® X80 Cloths: Durability That Lasts​,https://www.youtube.com/watch?v=XgKxQeY8CeM,,,2026-03-28T17:10:46.218Z,16.0,16.739,16.0
Nature's Way Feel Alive!,https://www.youtube.com/watch?v=6nLrBUPWDJg,,,2026-03-28T17:03:37.924Z,16.0,428.294,16.0
This is Rev,https://www.youtube.com/watch?v=N5MtZY43sPg,,,2026-03-28T17:03:30.089Z,7.0,7.835,7.0
Treehouse :15s | Brawny® 3-Ply Paper Towels,https://www.youtube.com/watch?v=J0giy8fznXk,,,2026-03-28T17:03:13.793Z,16.0,16.296,16.0
Three Anti-Fatherhood Women Have Trouble Explaining Mysterious Bridge Death | Shea Briar Analysis,https://www.youtube.com/watch?v=6Cnd5cxnBI8,Dr. Todd Grande,https://www.youtube.com/channel/UCC_0vyFTKk1Nlodo4QsiQkw,2026-03-28T16:54:54.284Z,898.0,499.509,499.509
240 WaC video v3 1920х1080 en 59s,https://www.youtube.com/watch?v=_CsOBzsG5Ls,,,2026-03-28T16:53:50.769Z,60.0,63.515,60.0
COC.5ReasonstoClash.UA.EN.59s.16x9$COC0326-8.mp4,https://www.youtube.com/watch?v=HcabzsbIyQk,,,2026-03-28T16:42:36.921Z,59.0,673.848,59.0
MGD EasterTimeTaskList 30sec V235457 30 1920x1080 S30 AndroidiOSPC English&IMG=51OH,https://www.youtube.com/watch?v=UDflKdu1FBY,,,2026-03-28T16:42:05.404Z,30.0,31.517,30.0
Bizarre 3000-Mile 'Wig-Assisted' Road Trip Ends with Daughter Missing | Ashlee Buzzard Case Analysis,https://www.youtube.com/watch?v=NXKJYdTi3II,Dr. Todd Grande,https://www.youtube.com/channel/UCC_0vyFTKk1Nlodo4QsiQkw,2026-03-28T16:37:01.059Z,852.0,304.345,304.345
Google AI Pro,https://www.youtube.com/watch?v=2BFPtsFBOjU,,,2026-03-28T16:36:39.730Z,18.0,21.329,18.0
CMA02611.TokenRoulette.TokenWheelPrize_VER_v1_1920_1080_DUR_30S_LNG_ENGLBL.mp4,https://www.youtube.com/watch?v=iVtGZ8Wt6gg,,,2026-03-28T16:36:07.338Z,31.0,32.392,31.0
Puzzles & Survival,https://www.youtube.com/watch?v=zPUwY0uKa18,,,2026-03-28T16:26:10.424Z,54.0,596.914,54.0
FAT2D05909_EN_zzAIgg咖啡馆合成棋子订单_1920×1080,https://www.youtube.com/watch?v=FolRmKDm58k,,,2026-03-28T16:25:07.246Z,5.0,63.178,5.0
Cheating Private Eye Mysteriously Dies After Investigating His Own Wife | Nikki Cappello Analysis,https://www.youtube.com/watch?v=Vk8MMeB1doQ,Dr. Todd Grande,https://www.youtube.com/channel/UCC_0vyFTKk1Nlodo4QsiQkw,2026-03-28T16:18:11.860Z,940.0,415.386,415.386
Shortened: MPY-19433_Income Tax_Resizes_EN_1920x1080_28s_v2_srf3n5errh.mp4,https://www.youtube.com/watch?v=cv8gE80Lbsw,,,2026-03-28T16:17:13.531Z,22.0,58.329,22.0
Aaliyah - Rock The Boat (Original Video),https://www.youtube.com/watch?v=3HSJU5fDg0A,Blackground Records 2.0,https://www.youtube.com/channel/UC4dkEmN3uyC3ijyjrOas0rQ,2026-03-28T16:11:14.073Z,328.0,359.458,328.0
Shortened: Puzzles & Chaos,https://www.youtube.com/watch?v=vN6J0ukvdlM,,,2026-03-28T16:11:08.137Z,,5.936,5.936
I Wish I Knew This Chicken Trick Sooner. #recipe,https://www.youtube.com/watch?v=SotdqK9uZCQ,Want More Recipes,https://www.youtube.com/channel/UCYjo0JX_LDGExrmUFrIF6Kw,2026-03-28T16:08:01.642Z,87.0,186.495,87.0
Shortened: v3HOR3262zen59SZCR_1280x720_PS,https://www.youtube.com/watch?v=_bDOnuolElA,,,2026-03-28T16:07:05.241Z,55.0,56.401,55.0
When You’re Born Into a Black Family (as a Dog) 😂#funny #dog #funnydogs #pet #fyp,https://www.youtube.com/watch?v=EvKhByjhgjY,Caroll Paulette,https://www.youtube.com/channel/UCaY9A4lcboF68xAW2MZVftg,2026-03-28T16:06:56.435Z,58.0,8.806,8.806
Puzzles & Survival,https://www.youtube.com/watch?v=K2cVFKtoQDA,,,2026-03-28T16:06:25.274Z,39.0,31.161,31.161
Strength vs. Others Demo :06s | Brawny® 3-Ply Paper Towels,https://www.youtube.com/watch?v=LX85MZHYYWk,,,2026-03-28T16:06:17.563Z,7.0,7.711,7.0
Shortened: FAT2D04624_EN_zz果汁杯大西瓜餐厅订单条多阶棋子叠加摆放I版试玩转视频60s_1080x1080,https://www.youtube.com/watch?v=MFQf6fr_a5k,,,2026-03-28T16:05:12.770Z,56.0,64.793,56.0
EVERYTHING ORGANICCCCC #shorts,https://www.youtube.com/watch?v=Aw0bxFO2QnM,Druski,https://www.youtube.com/channel/UC4PQqjGczpgmqbpicKjkwvw,2026-03-28T16:04:21.707Z,17.0,51.063,17.0
Can never be too sure about Fred 🦒,https://www.youtube.com/watch?v=uieDFRGIxM8,Suavexavier,https://www.youtube.com/channel/UCduf5_5FnIptzDMBJ75ttFQ,2026-03-28T16:03:26.773Z,39.0,54.934,39.0
I’m gonna keep being me 🤍 It’s real life over here❤️✌🏽#cooking #dinner #cookwithme  #lasagna #food,https://www.youtube.com/watch?v=0-f6dYwIPik,Prayedupmommyof5,https://www.youtube.com/channel/UCdOc9mrrKQlYUIHWDKWWUoQ,2026-03-28T16:00:52.545Z,147.0,154.228,147.0
Unbelievably Creepy Mother-Son Relationship Ends in Woman's Murder | Nikki Bamberg Case Analysis,https://www.youtube.com/watch?v=qJrG21HL_OA,Dr. Todd Grande,https://www.youtube.com/channel/UCC_0vyFTKk1Nlodo4QsiQkw,2026-03-28T15:59:04.819Z,965.0,107.726,107.726
Shortened: GOT3D10393_EN_BJHT1AI片头审讯威胁+U型山坡-沙漠版不侵权_AI片头_1920x1080,https://www.youtube.com/watch?v=XIj_JqMiMQY,,,2026-03-28T15:57:36.371Z,54.0,88.448,54.0
Pedestrian Vehicle 30s,https://www.youtube.com/watch?v=FRuCnorBBI0,,,2026-03-28T15:42:57.013Z,31.0,879.358,31.0
260309_GMP-玩法呈现-蜡笔-JD57F+le60s_en_ZW_1920x1080.mp4,https://www.youtube.com/watch?v=n9mQSHoFXqY,,,2026-03-28T15:42:34.539Z,21.0,22.474,21.0
Jonas Brothers: The Pitch. An Almond Breeze film,https://www.youtube.com/watch?v=SJlRzdkj5nY,,,2026-03-28T15:42:17.858Z,16.0,16.681,16.0
Cologuard Plus – Screening Draft Pick,https://www.youtube.com/watch?v=A5J2xS9nnM8,,,2026-03-28T15:42:01.742Z,16.0,16.116,16.0
Domino's vs Pizza Hut!,https://www.youtube.com/watch?v=g7cXkciN-O0,SJohnsonVoiceOvers,https://www.youtube.com/channel/UCbgXi8uaNyf8ifThVBPuKoQ,2026-03-28T15:34:48.177Z,827.0,433.565,433.565
Nurse Hires Look-Alike to Kill Physician Wife in 'Perfect Murder' Plot | Teresa Sievers Analysis,https://www.youtube.com/watch?v=iHhOcVpKQFc,Dr. Todd Grande,https://www.youtube.com/channel/UCC_0vyFTKk1Nlodo4QsiQkw,2026-03-28T15:33:33.895Z,839.0,74.282,74.282
GOT3D_EN_FZT2U型换画风-要塞卡通_国王_ECK2_1920x1080,https://www.youtube.com/watch?v=Mkn737clKL4,,,2026-03-28T15:32:27.037Z,60.0,66.858,60.0
CLS_GOF3D5823_EN_FZAI解说-割资源冰块对抗-蓝色版_C_1920x1080,https://www.youtube.com/watch?v=MYGWkHWNLVQ,,,2026-03-28T15:31:28.630Z,56.0,58.407,56.0
See how Amazon is empowering hourly employees,https://www.youtube.com/watch?v=2MXM6ZA0b4M,,,2026-03-28T15:25:47.582Z,31.0,341.048,31.0
Envious Sole Survivor of Family Annihilation Uses Elaborate Hitman Betrayal | Ryan Champion Analysis,https://www.youtube.com/watch?v=2DDqXLyW0Y4,Dr. Todd Grande,https://www.youtube.com/channel/UCC_0vyFTKk1Nlodo4QsiQkw,2026-03-28T15:15:59.581Z,850.0,588.001,588.001
Barbershop :15,https://www.youtube.com/watch?v=VOWeAqXvaao,,,2026-03-28T15:15:25.727Z,16.0,33.854,16.0
H&R Block - Here For You,https://www.youtube.com/watch?v=0Nm5-31EXlQ,,,2026-03-28T15:15:25.683Z,16.0,0.044,0.044
'Desperate for Love' Tax Professor Killed After Giving 300K to Day Trader Lover | Marcum Analysis,https://www.youtube.com/watch?v=dGgXYAHnYi0,Dr. Todd Grande,https://www.youtube.com/channel/UCC_0vyFTKk1Nlodo4QsiQkw,2026-03-28T15:13:14.087Z,967.0,131.596,131.596
CFC英语口播 0202 横版,https://www.youtube.com/watch?v=HXT50LmQ1cI,,,2026-03-28T15:12:29.007Z,40.0,45.08,40.0
sh0308cen1920x1080,https://www.youtube.com/watch?v=Vs6EoTVMwbc,,,2026-03-28T15:02:35.696Z,6.0,593.311,6.0
Aspiring Tech Mogul Killed Woman to Absorb Her Power and Enter the Top 1% | Kathy Anderson Analysis,https://www.youtube.com/watch?v=aTscdtVmj0U,Dr. Todd Grande,https://www.youtube.com/channel/UCC_0vyFTKk1Nlodo4QsiQkw,2026-03-28T14:53:12.660Z,1036.0,563.036,563.036
GOT3D714_EN_FZT2纷至沓来-修复版_国王_1920x1080,https://www.youtube.com/watch?v=KK0pDpoKVOs,,,2026-03-28T14:52:12.562Z,52.0,60.098,52.0
Puzzles & Survival,https://www.youtube.com/watch?v=yJZ3uaaPVQI,,,2026-03-28T14:44:28.494Z,39.0,464.068,39.0
PRIME-56872_Collect Officers_Enterprise D_EN_1920x1080_29s_1xzwrm29iw_1xzwrm29iw.mp4,https://www.youtube.com/watch?v=b6NP4tcRNUk,,,2026-03-28T14:43:57.442Z,30.0,31.052,30.0
Neutrogena® Sun Invisible Gel SPF 40 - Half the Price,https://www.youtube.com/watch?v=kFiXe4T_eik,,,2026-03-28T14:43:49.630Z,7.0,7.812,7.0
Video Ad,https://www.youtube.com/watch?v=qVi65_V3I2U,,,2026-03-28T14:43:33.542Z,16.0,16.088,16.0
'Romantically Active' Physicians Find Themselves in Lethal Love Triangle | Mike Dixon Case Analysis,https://www.youtube.com/watch?v=RYvb_8kWsqQ,Dr. Todd Grande,https://www.youtube.com/channel/UCC_0vyFTKk1Nlodo4QsiQkw,2026-03-28T14:34:45.934Z,931.0,527.608,527.608
EmmaChamberlainGrowthAds-Testimonial-Multi-English-WaitIDidThat_-30s-16x9-subs.mp4,https://www.youtube.com/watch?v=XI9UUpZ-pTc,,,2026-03-28T14:34:24.968Z,19.0,20.966,19.0
Shortened: Match Factory - Circlepush-org-ctv 30s L,https://www.youtube.com/watch?v=mU_T971bfW4,,,2026-03-28T14:34:08.163Z,16.0,16.805,16.0
They Will Kill You - Movie Review,https://www.youtube.com/watch?v=FKs5BK3VV-I,Adam Does Movies,https://www.youtube.com/channel/UCmuP70--NYoqgyo3N0ZwDCA,2026-03-28T14:26:40.108Z,440.0,448.055,440.0
Abduction - Doritos Crash the Super Bowl 2025,https://www.youtube.com/watch?v=8QYumKtpfNY,,,2026-03-28T14:26:31.057Z,31.0,9.051,9.051
Infinite Zoom - Fallout S2 :15 (16x9) US-EN,https://www.youtube.com/watch?v=2IJ2TmdJ3Qk,,,2026-03-28T14:14:27.118Z,16.0,723.939,16.0
The Good Stuff,https://www.youtube.com/watch?v=yo3mL85gNe8,,,2026-03-28T14:14:15.147Z,16.0,11.971,11.971
Iesha Literally Thinks She Can Get Away With Murder,https://www.youtube.com/watch?v=EZ6WUWLN0ts,TruRed CRIME VAULT,https://www.youtube.com/channel/UCfdXAXfrXJ4x_oYPPa1Sh_w,2026-03-28T13:59:11.179Z,3470.0,903.968,903.968
"The Nanny Who Turned on the Family She Worked For (S1, E35) | Evil Up Close | Full Episode",https://www.youtube.com/watch?v=7cMEUgCR_1w,Crime 360,https://www.youtube.com/channel/UCN-cnJRiOM6wxrmTMcwHiwg,2026-03-28T13:57:33.891Z,2539.0,97.288,97.288
PRIME-55368_TNG_First_Contact-Trailer_1920x1080_EN_44S_bar71bubbj_bar71bubbj.mp4,https://www.youtube.com/watch?v=LSnbuNrAXxk,,,2026-03-28T13:56:07.702Z,45.0,86.189,45.0
Brandy - When You Touch Me (Music Video),https://www.youtube.com/watch?v=Ry6ukH7HIOg,Michael Dión,https://www.youtube.com/channel/UCTt3kXS0r3gHGk9OPFbcAZg,2026-03-28T13:55:08.900Z,354.0,58.802,58.802
Jill Scott: Pressha | The Tonight Show Starring Jimmy Fallon,https://www.youtube.com/watch?v=_MzuDZKqMog,The Tonight Show Starring Jimmy Fallon,https://www.youtube.com/channel/UC8-Th83bH_thdKZDJCrn88g,2026-03-28T13:53:45.828Z,285.0,83.072,83.072
Cheryl Lynn Encore/ Keep It Hot/ Got To Be Real Live (1998),https://www.youtube.com/watch?v=XOBvzltn3GU,wiitrieve,https://www.youtube.com/channel/UCMvTA6BoylAHwq34Y4JDbRQ,2026-03-28T13:53:14.627Z,699.0,31.201,31.201
Sinners Parody,https://www.youtube.com/watch?v=syJpnLsV1Js,KevOnStage Studios,https://www.youtube.com/channel/UC_VyMH33jngaVysIivLKTlw,2026-03-28T13:51:40.260Z,187.0,94.367,94.367
What Happened In BARBERSHOP??!! (2002) PRIMM'S HOOD CINEMA,https://www.youtube.com/watch?v=o1vXU64OHYI,Primm's Hood Cinema,https://www.youtube.com/channel/UCIWu-Sm1ywDVjqyHvku6peg,2026-03-28T13:50:36.313Z,773.0,63.947,63.947
One Viral Skit Just Exposed Their Fake Moral Line,https://www.youtube.com/watch?v=mXbQiY5M_Pg,The Amazing Lucas,https://www.youtube.com/channel/UCIgbxKzg2BpGN_AQ6uarXDw,2026-03-28T13:49:30.540Z,670.0,65.773,65.773
https://www.youtube.com/watch?v=yodao1ny7u8,https://www.youtube.com/watch?v=yodao1ny7u8,,,2026-03-28T13:48:57.784Z,,32.756,32.756
"Slave vs Odyssey: These Two Songs Sound the Same, Because They're The Same! Why?",https://www.youtube.com/watch?v=8p1ZP_0hVYw,The Music Mindset🎼,https://www.youtube.com/channel/UC25a1sOlgJmDR7qzLFPRsfg,2026-03-28T13:48:33.403Z,744.0,24.381,24.381
Iconic Singer is JUST SO BAD NOW...It's EMBARRASSING!  | Professor of Rock,https://www.youtube.com/watch?v=wrC77zPya9I,Professor of Rock,https://www.youtube.com/channel/UCOwSCdQi9YRIVq6H2iX3qWg,2026-03-28T13:47:41.800Z,2129.0,51.603,51.603
"Frozen Stir Fry Vegetables | Simple Technique, Amazing Results",https://www.youtube.com/watch?v=Q-JVGSpU3sQ,Chef Brians Kitchen,https://www.youtube.com/channel/UCvQO1-rL03eEeNPnolKo6gg,2026-03-28T13:47:25.488Z,808.0,16.312,16.312
NEW UPDATE & TWIST EMERGES: How He Was K!lled 2 Weeks After Sent To Prison For Her Death,https://www.youtube.com/watch?v=XzmmcOk8TSc,TWISTED CRIMES,https://www.youtube.com/channel/UC_STkCVE1EPSjeHop473syg,2026-03-28T13:47:05.911Z,4611.0,19.577,19.577
Jasmine Realizes She's Never Going Home,https://www.youtube.com/watch?v=k-GDSqSkpb0,Red Tree Crime,https://www.youtube.com/channel/UCaSOD17PCFgtDq5wwSYzK9g,2026-03-28T13:46:47.852Z,2459.0,18.059,18.059
Barbershop - Doritos Crash the Super Bowl 2025,https://www.youtube.com/watch?v=e4z2eNDsZK4,,,2026-03-28T13:46:39.155Z,31.0,8.697,8.697
House GOP Passes New DHS Funding Bill After Rejecting Senate Deal,https://www.youtube.com/watch?v=qTQ0uWXC_fE,TODAY,https://www.youtube.com/channel/UChDKyKQ59fYz3JO2fl0Z6sg,2026-03-28T13:45:54.009Z,148.0,45.146,45.146
Stephanie Mills Something In The Way You Make Me Feel. #liveconcert #classicsoulmusic #shorts,https://www.youtube.com/watch?v=6FTpshRkXL0,andre thompson,https://www.youtube.com/channel/UCDjKHl3Mqog7kfOnEheNy4g,2026-03-28T13:32:14.121Z,61.0,819.888,61.0
Stephanie Mills,https://www.youtube.com/watch?v=K4RG01XDsOE,Faye's Captain's Quarters,https://www.youtube.com/channel/UC2_z7DrEWQsIDtXYw-oy1SQ,2026-03-28T13:31:59.647Z,48.0,14.474,14.474
What is a 3D printer and how does it work?,https://www.youtube.com/watch?v=l3KI2FCdgyw,3D Print Dood,https://www.youtube.com/channel/UCQz_bT9XdLZutlin8ULpfhA,2026-03-28T13:19:39.291Z,32.0,740.356,32.0
https://www.youtube.com/watch?v=_0OxDIDby_Q,https://www.youtube.com/watch?v=_0OxDIDby_Q,,,2026-03-28T13:01:49.982Z,,1069.309,1069.309
neffy :60 TV Spot Caregiver (January Update),https://www.youtube.com/watch?v=e0vL7gHesUk,,,2026-03-28T13:01:45.397Z,,4.585,4.585
2 students killed in crash involving a Kenwood Middle School bus,https://www.youtube.com/watch?v=HMfr930tD9o,NewsChannel 5,https://www.youtube.com/channel/UCO6kzQ-7wcG0x8W5LpBA9RQ,2026-03-28T13:01:04.241Z,249.0,41.156,41.156
DCD-Love-4029| Hulu,https://www.youtube.com/watch?v=rjq8fPYAbOM,,,2026-03-28T12:58:39.269Z,16.0,144.972,16.0
How Long Would It REALLY Take Us to Travel One Light-Year?,https://www.youtube.com/watch?v=w7o6uwjfe8U,Sleep On Science,https://www.youtube.com/channel/UC-TjVEuwB5EwpA4k8XQulag,2026-03-28T12:22:28.115Z,7620.0,2171.154,2171.154
Pursue your bachelor's degree with Walden University,https://www.youtube.com/watch?v=lfudHN0bl8U,,,2026-03-28T12:21:55.824Z,31.0,32.291,31.0
Audio Lift Test: Domain + Website+ Email :30,https://www.youtube.com/watch?v=r2qED47X_9o,,,2026-03-28T11:25:26.942Z,31.0,3388.882,31.0
Clockwork,https://www.youtube.com/watch?v=fr-rSgogves,,,2026-03-28T10:54:28.487Z,31.0,1858.455,31.0
GRMA25032_M003_GRP01_Hero-Alt-Content-Day_16x9_V01.mov,https://www.youtube.com/watch?v=bh8adWq3lbY,,,2026-03-28T10:39:22.477Z,30.0,906.01,30.0
Beauty Event,https://www.youtube.com/watch?v=zR3JgYEs1jo,,,2026-03-28T10:39:05.857Z,16.0,16.62,16.0
Get the Skills | Walden University,https://www.youtube.com/watch?v=sjaoldEpjy4,,,2026-03-28T10:38:49.086Z,16.0,16.771,16.0
Dinner Party | JCPenney Brand 06 GM,https://www.youtube.com/watch?v=tD19bYAiOUY,,,2026-03-28T10:38:41.657Z,7.0,7.429,7.0
All-New Lay's Baked Roasted Garlic & Herbs is HERE!,https://www.youtube.com/watch?v=BPiCQh6Zvhg,,,2026-03-28T10:38:34.326Z,7.0,7.331,7.0
The True Scale of the Universe: From Earth to the Edge of Everything,https://www.youtube.com/watch?v=OzIlF0i6DQY,Calm Space,https://www.youtube.com/channel/UCXyJmt3PKv0fbsU9DtcreEw,2026-03-28T10:23:03.251Z,6959.0,931.075,931.075
English New Chicken Menu 16:9,https://www.youtube.com/watch?v=hrOL_XI5SdQ,,,2026-03-28T10:22:44.702Z,15.0,18.549,15.0
Mario Kitchen PreRelease 15s 16x9,https://www.youtube.com/watch?v=_BcRmAJ5WLM,,,2026-03-28T10:22:27.953Z,16.0,16.749,16.0
Scentiva Cherry Blossom,https://www.youtube.com/watch?v=VNc49jpjPoI,,,2026-03-28T10:16:55.766Z,16.0,332.187,16.0
DSG Brand Sporthood Doorframe 16x9,https://www.youtube.com/watch?v=RU_kfEXejxo,,,2026-03-28T10:16:39.226Z,16.0,16.54,16.0
Getaways for prima-donnas and parents | Booking.com,https://www.youtube.com/watch?v=NC8bkLDA9tI,,,2026-03-28T10:16:22.823Z,,16.403,16.403
Haircare reinvented with dermatologists,https://www.youtube.com/watch?v=lTSKxhcb2ws,,,2026-03-28T10:16:15.170Z,7.0,7.653,7.0
Dig Into These,https://www.youtube.com/watch?v=OltelN7odxM,,,2026-03-28T10:16:07.846Z,7.0,7.324,7.0
"Cheez-It cravings can happen anywhere. Yes, even here.",https://www.youtube.com/watch?v=JyqSImf2U4o,,,2026-03-28T10:01:55.429Z,16.0,852.417,16.0
Build-A-Bear Workshop has The Stuff You Love!,https://www.youtube.com/watch?v=I9VZedB4d1k,,,2026-03-28T10:01:38.902Z,15.0,16.527,15.0
Palmolive NEW EZ-Pump 15s,https://www.youtube.com/watch?v=JfuUFhK63ho,,,2026-03-28T10:01:22.381Z,16.0,16.521,16.0
Acura ADX: Crafted For More (Olympics) :06,https://www.youtube.com/watch?v=YMT9KlxiqfE,,,2026-03-28T10:01:14.873Z,7.0,7.508,7.0
Always Discreet - Designed to Protect,https://www.youtube.com/watch?v=1_E9nSASZDg,,,2026-03-28T10:01:07.654Z,7.0,7.219,7.0
Subway’s NEW Protein Pockets. Peppercorn Ranch Chicken.,https://www.youtube.com/watch?v=pZnIPrp_J3A,,,2026-03-28T09:46:37.361Z,16.0,870.293,16.0
CeraVe Intensive Moisturizers,https://www.youtube.com/watch?v=OjHrXmxJzYI,,,2026-03-28T09:46:20.749Z,16.0,16.612,16.0
Apple Pay | Outrun 30s,https://www.youtube.com/watch?v=edRqnauuelI,,,2026-03-28T09:45:49.217Z,31.0,31.532,31.0
"Hit The Trail | With Ring, You Can",https://www.youtube.com/watch?v=hBNur7w7Z_o,,,2026-03-28T09:45:41.746Z,7.0,7.471,7.0
Michael (2026) Dig15 Ambitious (TOS) - Jaafar Jackson,https://www.youtube.com/watch?v=YyIxrvJ5rPw,,,2026-03-28T09:30:44.995Z,16.0,896.751,16.0
2603_Richmond-Petersburg_silverado_ENG_15_227353_FIL_20260312131206,https://www.youtube.com/watch?v=KbAEQtqKkPA,,,2026-03-28T09:30:28.167Z,16.0,16.828,16.0
What Can’t You Do :06 | Capella University,https://www.youtube.com/watch?v=FtiYV5bz6Y4,,,2026-03-28T09:30:20.567Z,7.0,7.6,7.0
Dial Antibacterial+ Hydrating Hand Soap is the most moisturizing antibacterial hand soap*,https://www.youtube.com/watch?v=9DgxIuoLaGs,,,2026-03-28T09:30:04.143Z,16.0,16.424,16.0
Bush’s Chili Beans: The Secret’s in the Sauce,https://www.youtube.com/watch?v=86o2v5hPcic,,,2026-03-28T09:29:56.686Z,7.0,7.457,7.0
FW7_OAM_LG_NCAAMarchMadness_GM_YouTube_SkippableInStreamAd_VIdeo_HowToBeAnAllStar_16x9,https://www.youtube.com/watch?v=it7y-kWfSuk,,,2026-03-28T09:17:12.535Z,16.0,764.151,16.0
Swoon (Short) | Truth Tellers | Liberty Mutual Insurance Commercial,https://www.youtube.com/watch?v=ov07NQ-tdx4,,,2026-03-28T09:17:05.050Z,7.0,7.485,7.0
Introducing CeraVe's New Face of Legs,https://www.youtube.com/watch?v=2PqH__lN0l8,,,2026-03-28T09:16:33.703Z,31.0,31.347,31.0
Shortened: CLS_GOT3D672_EN_BJHT1慢速塔防-正交视角-沙漠版_国王_ECK2_1920x1080,https://www.youtube.com/watch?v=05odwwUpu5g,,,2026-03-28T08:58:55.961Z,16.0,1057.742,16.0
Trips for families and friends | Booking.com,https://www.youtube.com/watch?v=JjbYtjk7j4s,,,2026-03-28T08:58:39.346Z,16.0,16.615,16.0
CREST_PASTE_C3M_GET READY WITH ME REV_2025_15_ENG_OTT,https://www.youtube.com/watch?v=Iko9VYP2D1A,,,2026-03-28T08:58:22.704Z,16.0,16.642,16.0
Hilton. For the Stay | Book now,https://www.youtube.com/watch?v=PoJlABVNnF4,,,2026-03-28T08:43:21.678Z,16.0,901.026,16.0
The Lunchables Effect,https://www.youtube.com/watch?v=Xn7MWuBcddU,,,2026-03-28T08:43:14.090Z,7.0,7.588,7.0
6645948   KER SOC Kerastase Demi Moore Hero Video US Legal Adaptation 6s 16 9,https://www.youtube.com/watch?v=anJWrtb0YDY,,,2026-03-28T08:43:06.761Z,6.0,7.329,6.0
Jimmy knows people. Copilot knows Outlook.​,https://www.youtube.com/watch?v=y590iTDTzK0,,,2026-03-28T08:31:53.554Z,16.0,673.207,16.0
bookingdotcom ridiculously merfamily 15 couple v03 h264,https://www.youtube.com/watch?v=a2AQeWOa5wM,,,2026-03-28T08:31:36.887Z,16.0,16.667,16.0
Puffs Plus Lotion Tissues: Sick Mom (:06),https://www.youtube.com/watch?v=R5E180FEOq4,,,2026-03-28T08:31:29.315Z,7.0,7.572,7.0
The Disturbing Truth About Our Size in the Universe,https://www.youtube.com/watch?v=srVS_J2aptQ,Calm Space,https://www.youtube.com/channel/UCXyJmt3PKv0fbsU9DtcreEw,2026-03-28T08:15:15.028Z,6993.0,974.287,974.287
Garnier Fructis Diamond Sleek,https://www.youtube.com/watch?v=7X4oSBiIjE4,,,2026-03-28T08:02:40.218Z,6.0,754.81,6.0
MAX Bday  06 ENG CAP BRD BVL VDO 6s XZDT2365000H,https://www.youtube.com/watch?v=yGcpCJgxRR8,,,2026-03-28T08:02:32.766Z,7.0,7.452,7.0
Share the pic | AT&T,https://www.youtube.com/watch?v=-dTIv_dZwbA,,,2026-03-28T08:02:16.450Z,16.0,16.316,16.0
What's the REAL Time it Takes to reach Each Planet in Our Solar System,https://www.youtube.com/watch?v=LQ53fS-nYbM,Today in the Space World,https://www.youtube.com/channel/UCgT03gEq-TVHbs_PCz3KJNw,2026-03-28T07:49:22.208Z,1443.0,774.242,774.242
BRAVECTO QUANTUM 365 in One :15,https://www.youtube.com/watch?v=2UGPQmxSCJM,,,2026-03-28T07:49:05.041Z,16.0,17.167,16.0
Video Ad,https://www.youtube.com/watch?v=qdKEzgVHct4,,,2026-03-28T07:47:48.082Z,76.0,76.959,76.0
Introducing Base44’s Big Game Ad Teaser “It’s App to You”,https://www.youtube.com/watch?v=JcMPf4sEzew,,,2026-03-28T07:44:02.214Z,16.0,225.868,16.0
Shortened: MD_v_Aug_25_PopCulture_04_DragonTeaParty_45s_1920x1080_ee3565,https://www.youtube.com/watch?v=-mMqzSPuuvw,,,2026-03-28T07:43:46.610Z,7.0,15.604,7.0
MGD StPatricksDay2026 Daisy 59sec V233186 59 1920x1080 S831 AndroidiOSPC English&IMG=4ZXE,https://www.youtube.com/watch?v=-yJKSvAroI0,,,2026-03-28T07:31:43.894Z,60.0,722.716,60.0
"Crimes Gone Viral 2026 👰‍♀️Not in Life, Not in Sleep👰‍♀️True Crime Documentary ID Podcast",https://www.youtube.com/watch?v=kV3YgcO0c1c,The Viral Crime Case,https://www.youtube.com/channel/UCHT5rJzYmQyWlPNCRrSYz-Q,2026-03-28T07:16:01.843Z,8571.0,942.051,942.051
Video Wide 60s 2026 Rent A Car Cars Are Cool North America v1,https://www.youtube.com/watch?v=UMyLi9HTcmk,,,2026-03-28T07:14:40.415Z,61.0,81.428,61.0
Most Insane MURDER Stories On The Infographics Show (Compilation),https://www.youtube.com/watch?v=WEs9dh1B92c,The Infographics Show,https://www.youtube.com/channel/UCfdNM3NAhaBOXCafH7krzrA,2026-03-28T07:12:50.111Z,12391.0,110.304,110.304
https://www.youtube.com/watch?v=bmiDqBzn7Z8,https://www.youtube.com/watch?v=bmiDqBzn7Z8,,,2026-03-28T07:11:24.946Z,,85.165,85.165
Snapped Episodes Full HD 1080p 🚓🚓Jocelyn Dooley👮‍♂️👮‍♂️ Snapped Full Season,https://www.youtube.com/watch?v=OxMChnj7yzo,Movie Show,https://www.youtube.com/channel/UCzDKmPCwpqeeqyxKpvS0pOw,2026-03-28T07:09:00.719Z,,144.227,144.227
Why Space Is So Cold,https://www.youtube.com/watch?v=fc9WYf8tQHU,Sleep On Space,https://www.youtube.com/channel/UCXkj-zGymamfCB0ThaYKrbQ,2026-03-28T07:02:28.858Z,8976.0,391.861,391.861
Shortened: MC_VID_943957_DECO_Merge2_NORM_3D_P3_EN_63s_@ID2893515,https://www.youtube.com/watch?v=wB0JKtlJdRk,,,2026-03-28T07:01:39.693Z,46.0,49.165,46.0
Shortened: Match Factory - Matchmaker-v2-lnm 60s L,https://www.youtube.com/watch?v=J6YoeVa0isg,,,2026-03-28T07:01:23.120Z,16.0,16.573,16.0
NEW RÉNERGIE COLLAGEN + LIFT X-TEND FEATURING CHRISTY TURLINGTON | LANCÔME,https://www.youtube.com/watch?v=NrI6g4VHdaI,,,2026-03-28T06:49:26.369Z,6.0,716.751,6.0
Chick-fil-A | GM | BEC & SEC - Good Morning Is Calling | :06 | OLV,https://www.youtube.com/watch?v=j-EXLIIl91s,,,2026-03-28T06:49:18.981Z,6.0,7.388,6.0
The Psychology of People Who Prefer Solitude,https://www.youtube.com/watch?v=Q8zBA-HSCZg,Psychology Hub,https://www.youtube.com/channel/UCvygpdHakJj0PJySlXqIeog,2026-03-28T06:39:57.886Z,1177.0,561.095,561.095
Love Overboard S1 -   Trailer Cutdown 0:15 (Messy) 16:9 (EVERGREEN),https://www.youtube.com/watch?v=RdX-e3ZGs7w,,,2026-03-28T06:39:48.337Z,16.0,9.549,9.549
Make Them Hit The Road | Ring,https://www.youtube.com/watch?v=8Zb17c3s7ZY,,,2026-03-28T06:39:31.425Z,16.0,16.912,16.0
48 Mystery 2026 Full Episode 🔶🔶Vanishing Bride👹👹 Murder Documentary Full HD,https://www.youtube.com/watch?v=HqIhg9lGc30,Lunex Melody,https://www.youtube.com/channel/UCo2Dn5nXs1FOnFa1DFnQgZQ,2026-03-28T06:39:00.467Z,,30.958,30.958
6S YouTube Ad 29,https://www.youtube.com/watch?v=lHySLAh9l68,,,2026-03-28T06:38:27.448Z,7.0,33.019,7.0
DCD-Scru-4067| Hulu,https://www.youtube.com/watch?v=Zej2fGhCltc,,,2026-03-28T06:38:06.952Z,16.0,20.496,16.0
Shortened: Match Factory - Circlepush-org-ctv 30s L,https://www.youtube.com/watch?v=CBd74ZvbE2I,,,2026-03-28T06:23:43.094Z,26.0,863.858,26.0
PGTX1782100H Tide School Lunch ENG OLV 06 16x9,https://www.youtube.com/watch?v=OrmplZq3F1s,,,2026-03-28T06:23:35.443Z,7.0,7.651,7.0
ProVMiracles-Biotin + Collagen-15s-Horizontal,https://www.youtube.com/watch?v=WCgxt51fbVU,,,2026-03-28T06:23:19.237Z,16.0,16.206,16.0
Snapped Episodes NEW Full HD 1080p 🚓🚓🚓Elizabeth Reynolds👮‍♂️👮‍♂️👮‍♂️ Snapped 2025 Full Season,https://www.youtube.com/watch?v=V2YnHQDFJuY,Movie Show,https://www.youtube.com/channel/UCzDKmPCwpqeeqyxKpvS0pOw,2026-03-28T06:10:50.359Z,,748.878,748.878
ABC 20/20 New 2025 🍀🍀🍀|  The Deadly Seductress |🍀🍀🍀Season 2025 ABC 20/20 Full Episodes,https://www.youtube.com/watch?v=PpfVne3eZ7k,Show Music,https://www.youtube.com/channel/UCiB_AchXbqJQ14j0S7-m45Q,2026-03-28T06:08:04.177Z,,166.182,166.182
ABC 20/20 [New] 2026 🍀🍀🍀 The Husband Behind the Crime 🍀🍀🍀ABC 20/20 Season 2026 Full Episode,https://www.youtube.com/watch?v=XUx04IfUzOA,Music MA,https://www.youtube.com/channel/UCCuaK049oIjE68mG5Nu2N5A,2026-03-28T06:07:02.356Z,,61.821,61.821
Level Up Lunchtime,https://www.youtube.com/watch?v=JgdGXmAInZg,,,2026-03-28T06:06:18.030Z,16.0,44.326,16.0
2026 Sierra 1500 Denali Ultimate | Excellence | GMC,https://www.youtube.com/watch?v=rPIa2ERulaM,,,2026-03-28T06:06:17.958Z,31.0,0.072,0.072
Why the Universe Makes It IMPOSSIBLE For Any Two Civilizations to Ever Meet,https://www.youtube.com/watch?v=MlyEnsUhySU,Sleep On Science,https://www.youtube.com/channel/UC-TjVEuwB5EwpA4k8XQulag,2026-03-28T05:41:46.376Z,6998.0,1471.582,1471.582
FORGOTTEN ISLAND | Official Trailer,https://www.youtube.com/watch?v=a8RHqN93qfo,,,2026-03-28T05:39:24.754Z,144.0,141.622,141.622
Real Images From Our Solar System,https://www.youtube.com/watch?v=Rf5E2FSFOjU,Destiny,https://www.youtube.com/channel/UCIFtADcWrOApqrsinzPoOfA,2026-03-28T05:37:37.574Z,724.0,107.18,107.18
https://www.youtube.com/watch?v=TlPKzrwmhIo,https://www.youtube.com/watch?v=TlPKzrwmhIo,,,2026-03-28T05:36:11.610Z,,85.964,85.964
"TLC, En Vogue, & Salt-N-Pepa Perform At The 2026 iHeartRadio Music Awards",https://www.youtube.com/watch?v=t5GgMhNYIgg,iHeartRadio,https://www.youtube.com/channel/UCoBMK97ZfZmRCqIwMQYdicA,2026-03-28T05:35:27.790Z,408.0,43.82,43.82
Meth Head Crashes Stolen Car Into Innocent Family (Tragic),https://www.youtube.com/watch?v=fXen3uPizjA,Daily Dose Of Crime,https://www.youtube.com/channel/UCrOKDAUB-iL2wLzZdRN7xgA,2026-03-28T05:34:13.591Z,1540.0,74.199,74.199
The DARK SIDE of Flying That No One Talks About,https://www.youtube.com/watch?v=edQL5sCbxbE,The Infographics Show,https://www.youtube.com/channel/UCfdNM3NAhaBOXCafH7krzrA,2026-03-28T05:33:50.893Z,1458.0,22.698,22.698
Volvo Cars,https://www.youtube.com/watch?v=a062EwYzsnQ,,,2026-03-28T05:33:26.070Z,7.0,24.823,7.0
Miki Howard - Release Me (Video),https://www.youtube.com/watch?v=SKKvzy51peo,koollatter,https://www.youtube.com/channel/UC8quFzpiOyjaEjUY46QeGkA,2026-03-28T05:27:49.272Z,253.0,336.798,253.0
NC c Parent Style Hack t Chelsey h 14 V1 16x9,https://www.youtube.com/watch?v=sUgPYFAK2ko,,,2026-03-28T05:25:23.602Z,28.0,145.67,28.0
Finish Ultimate Quantum MoneyAndPower 15sec TopChef,https://www.youtube.com/watch?v=M8J9J8eWy5M,,,2026-03-28T05:25:06.867Z,16.0,16.735,16.0
MC Lyte feat  Xscape  Keep On Keepin' On Music Video Clip HD 1080p,https://www.youtube.com/watch?v=sWFa_3-_wAA,Mészáros Attila,https://www.youtube.com/channel/UCxE06zbviHsJYJ3uDfvHk2w,2026-03-28T05:23:03.241Z,264.0,123.626,123.626
MC Lyte & Xscape   keep on keepin on,https://www.youtube.com/watch?v=GLVeDzIJFLA,BNADMAN IN THE HOUSE,https://www.youtube.com/channel/UC2ZXXhLC50_8pWm4lc89o_w,2026-03-28T05:21:03.675Z,268.0,119.566,119.566
MC Lyte feat  Xscape  Keep On Keepin' On Music Video,https://www.youtube.com/watch?v=BYLqnzK5uec,Tio Paulinho Cia Black,https://www.youtube.com/channel/UCcKgjQCEfLQlixORbnFvR0A,2026-03-28T05:20:35.156Z,269.0,28.519,28.519
"MC Lyte – Keep On, Keepin' On (Feat. Xscape) (HQ) 1996",https://www.youtube.com/watch?v=r8F6dgIZQcQ,WESTSIDE LOVE by Johnny Chiang,https://www.youtube.com/channel/UCF-FtMGOp51kdngTJlqtnNA,2026-03-28T05:20:06.232Z,269.0,28.924,28.924
Eric Benét - Georgy Porgy (feat. Faith Evans) (Official Music Video),https://www.youtube.com/watch?v=ktGp8qcXlJc,Eric Benét,https://www.youtube.com/channel/UC3u--b2tpUIrKTqCrDvPPZQ,2026-03-28T05:16:45.372Z,267.0,200.86,200.86
Faith Evans - Burnin' Up (Remix) (Official Music Video),https://www.youtube.com/watch?v=e9E0z1azwS4,Faith Evans,https://www.youtube.com/channel/UCJ-IaDIn7dqUsAjkRhMr8HA,2026-03-28T05:12:31.184Z,273.0,254.188,254.188
Tire Rack - Birdwatcher Commercial 15s,https://www.youtube.com/watch?v=g1B-XtqrO5c,,,2026-03-28T05:09:35.754Z,16.0,175.43,16.0
PKTV 000113962 000299797,https://www.youtube.com/watch?v=0TicUXEavo8,,,2026-03-28T05:09:18.801Z,16.0,16.953,16.0
Math | LiMu Emu & Doug | Liberty Mutual Insurance Commercial,https://www.youtube.com/watch?v=5FuZv0HPAPg,,,2026-03-28T05:09:11.263Z,7.0,7.538,7.0
Shop Clairol,https://www.youtube.com/watch?v=GyEtJ6kvuDo,,,2026-03-28T05:09:03.865Z,7.0,7.398,7.0
O'Bryan - Soul Train's a Comin' (Intro Theme Song 1986),https://www.youtube.com/watch?v=g-TmGn7FErM,MyRhythmNSoul TV,https://www.youtube.com/channel/UCfFUpCNEkRheviPyPwpeX9w,2026-03-28T04:56:34.993Z,112.0,748.872,112.0
Soul Train's A'Comin',https://www.youtube.com/watch?v=fPFZykgklWQ,O'Bryan - Topic,https://www.youtube.com/channel/UCuejatyjSry8IuxKUZ9V1jQ,2026-03-28T04:55:56.595Z,352.0,38.398,38.398
Optimistic,https://www.youtube.com/watch?v=p66Jp6ervRA,Sounds Of Blackness - Topic,https://www.youtube.com/channel/UCgWN49oYl2rvapqh2fIyZHA,2026-03-28T04:55:19.217Z,319.0,37.378,37.378
CMA02299.MS.Real.Life_VER_v1_1920_1080_DUR_30S_LNG_ENGLBL.mp4,https://www.youtube.com/watch?v=BqkMZiw6OzQ,,,2026-03-28T04:54:23.688Z,31.0,55.529,31.0
Meat & 3 Box | Woah,https://www.youtube.com/watch?v=dAqwwJugNL4,,,2026-03-28T04:54:08.673Z,7.0,15.015,7.0
Beyoncé - Blow (Video),https://www.youtube.com/watch?v=CIELYkfoKy8,BeyoncéVEVO,https://www.youtube.com/channel/UC9zX2xZIJ4cnwRsgBpHGvMg,2026-03-28T04:49:47.631Z,326.0,261.042,261.042
Mystikal: Neck uv da Woods feat Outkast,https://www.youtube.com/watch?v=Y7F2KvVBWMI,BluntsvilleTxRadio,https://www.youtube.com/channel/UCo_uOIf6YjMSrsjCLl8c6TA,2026-03-28T04:45:33.372Z,249.0,254.259,249.0
Mystikal - Neck Uv Da Woods (Official Video) ft. Outkast,https://www.youtube.com/watch?v=TurpygxuGyc,MystikalVEVO,https://www.youtube.com/channel/UCHKSYERhFrcnL_9VEB2UKKg,2026-03-28T04:44:28.411Z,245.0,64.961,64.961
POM Wonderful: One Finger,https://www.youtube.com/watch?v=eIByze6LRz4,,,2026-03-28T04:37:39.046Z,16.0,409.365,16.0
Shortened: hxasrt-Gameplay_24-fzdg5-oqrm-48sec-16x9,https://www.youtube.com/watch?v=tEKTWTZeAjs,,,2026-03-28T04:37:31.474Z,7.0,7.572,7.0
MC Hammer Pumps And A Bump,https://www.youtube.com/watch?v=dc3gLvnOuAc,El Jannok,https://www.youtube.com/channel/UC3N2lKCvN2W686iV9OQyEnw,2026-03-28T04:28:31.839Z,285.0,539.635,285.0
CMA02579.AnimateVikingQuest_VER_v1_1920_1080_DUR_30S_LNG_ENGLBL.mp4,https://www.youtube.com/watch?v=Ig1xj-pDwW0,,,2026-03-28T04:20:20.252Z,31.0,491.587,31.0
Popeyes $5 Faves,https://www.youtube.com/watch?v=z-y6TEI52Do,,,2026-03-28T04:20:12.321Z,7.0,7.931,7.0
Nikki Glaser manages her schedule with the all-new Alexa+,https://www.youtube.com/watch?v=l8Yu5-QS5hA,,,2026-03-28T04:19:56.089Z,16.0,16.232,16.0
Stephanie Mills  Something In The Way You Make Me Feel Live 1989),https://www.youtube.com/watch?v=s0-6F1ljlJA,Bee Gordon,https://www.youtube.com/channel/UCE_gdY7fL-m_wWrEhOcqD-w,2026-03-28T04:17:33.528Z,256.0,142.561,142.561
Karyn White - Romantic (Video),https://www.youtube.com/watch?v=brRB4I47VQs,koollatter,https://www.youtube.com/channel/UC8quFzpiOyjaEjUY46QeGkA,2026-03-28T04:12:49.008Z,260.0,284.52,260.0
Shortened: DS-V-071-001_DancingWorld_EN_30s_1920x1080.mp4,https://www.youtube.com/watch?v=aq4l9AsBPQk,,,2026-03-28T04:05:23.262Z,25.0,445.746,25.0
MAX Closet  06 ENG CAP BRD BVL VDO 6s XZDT2375000H,https://www.youtube.com/watch?v=2lBFr0YE6aA,,,2026-03-28T04:05:15.082Z,7.0,8.18,7.0
"Spring Forward, Stay Connected | Nomad eSIM",https://www.youtube.com/watch?v=ruqLpB0Zw2k,,,2026-03-28T04:04:58.980Z,15.0,16.102,15.0
Shortened: Match Factory - Will_bam 30s L,https://www.youtube.com/watch?v=amt0uwnvaAA,,,2026-03-28T03:50:02.667Z,17.0,896.313,17.0
MPY-50584_Sitcom - Double Jail_v2 14s - Cutdown - Video editing_1920x1080_h5i5fob2i0_h5i5fob2i0.mp4,https://www.youtube.com/watch?v=Xrkxv-Xksuw,,,2026-03-28T03:49:46.473Z,15.0,16.194,15.0
us en 25 02 ct ac choice yt 16x9 kf ridiculously miss piggy 6,https://www.youtube.com/watch?v=DHIMq6qdogk,,,2026-03-28T03:49:38.460Z,7.0,8.013,7.0
"ABC 20/20 [New] 2026 🍀🍀🍀 Blood Ties, Broken Trust 🍀🍀🍀ABC 20/20 Season 2026 Full Episode",https://www.youtube.com/watch?v=G0RNnJ441JQ,Music MA,https://www.youtube.com/channel/UCCuaK049oIjE68mG5Nu2N5A,2026-03-28T03:39:48.730Z,,589.73,589.73
CID1000463 BB Progression 60 sec Race+4Corners  Xmax Original EN 60s 1920x1080,https://www.youtube.com/watch?v=3CQgy7zXwJE,,,2026-03-28T03:39:33.457Z,60.0,15.273,15.273
B**** my son is 13 Get your GROWN A** out of my house! Mom walks in on a huge Surprise!,https://www.youtube.com/watch?v=W-rN_BIbPXI,Carlus King,https://www.youtube.com/channel/UC7eYxt-UPz5fPlDcNCg8lBA,2026-03-28T03:38:19.744Z,1983.0,73.713,73.713
Michael (2026) Dig06 Joy (TOS) - Jaafar Jackson,https://www.youtube.com/watch?v=lfW6sx8PJ1I,,,2026-03-28T03:38:15.276Z,7.0,4.468,4.468
Sarah Boon Describes Crying In A Fetal Position Begging For $75k In Alimony From Her Ex Husband,https://www.youtube.com/watch?v=m9GikhZN86o,AG Tactical ,https://www.youtube.com/channel/UCo2pHLRDlyKK1D4H4NE4kRw,2026-03-28T02:59:20.763Z,1785.0,2334.513,1785.0
Don’t just navigate the AI era — own it.,https://www.youtube.com/watch?v=5cGAGr73Fkg,,,2026-03-28T02:59:00.997Z,31.0,19.766,19.766
Beck's Introduces SeedIQ™ | The Industry's First AI-Powered Product Management Platform,https://www.youtube.com/watch?v=3F7ZS4pHfXA,,,2026-03-28T02:58:58.157Z,31.0,2.84,2.84
How to pronounce Achtung (Attention in German),https://www.youtube.com/watch?v=d_2i5xrc32w,How To Pronounce,https://www.youtube.com/channel/UCcE6GWM_0Y2PtRJIfvFvlEA,2026-03-28T02:57:39.411Z,50.0,78.746,50.0
Viking Rise: Survival - Ride Through Heavens and Earth,https://www.youtube.com/watch?v=ZWb6b-HSTdo,,,2026-03-28T02:53:17.906Z,16.0,261.505,16.0
Shortened: DS V 055 004 MagicalMoments EN 15s 1920x1080,https://www.youtube.com/watch?v=Ohcaa1D2fNo,,,2026-03-28T02:53:02.585Z,15.0,15.321,15.0
Shortened: MD_v_Aug_25_PopCulture_04_DragonTeaParty_45s_1920x1080_ee3565,https://www.youtube.com/watch?v=-mMqzSPuuvw,,,2026-03-28T02:52:54.247Z,7.0,8.338,7.0
Landscape: 2447_bw,https://www.youtube.com/watch?v=dDTGyx0a_6M,,,2026-03-28T02:52:46.842Z,7.0,7.405,7.0
"Parents Support Son Who Murdered Daughter | ""Life with Murder"" (Mason Jenkins) Case Analysis",https://www.youtube.com/watch?v=T8SKmG-X_vk,Dr. Todd Grande,https://www.youtube.com/channel/UCC_0vyFTKk1Nlodo4QsiQkw,2026-03-28T02:45:53.568Z,868.0,413.274,413.274
Shortened: MPY-56179_Pets Influencer @daryl.sabara - Video_1920x1080_kadxc36dw7_kadxc36dw7.mp4,https://www.youtube.com/watch?v=7ciEjBiwFOM,,,2026-03-28T02:45:21.611Z,30.0,31.957,30.0
Shortened: ROK_V_EN_3D_城市种地不如抢(文明票价版)_CB_1_1920x1080_57s_260312_NR_1122095,https://www.youtube.com/watch?v=AFKrQt6oJLs,,,2026-03-28T02:45:05.690Z,15.0,15.921,15.0
The Moment She Realized Her Ex-Boyfriend Is The Killer,https://www.youtube.com/watch?v=c_G4-5qy46o,Insanity Bodycam,https://www.youtube.com/channel/UC0hPh-s57PdU215UJglALCw,2026-03-28T02:26:24.682Z,1110.0,1121.008,1110.0
The True Size of the Universe — You're Not Ready For This,https://www.youtube.com/watch?v=wyZpmIm2MHU,Fossil Light,https://www.youtube.com/channel/UCZrs7WNbAkMMgWlCIm8JCgw,2026-03-28T02:24:49.454Z,1587.0,95.228,95.228
"[New] The Twilight Zone 2026 | The Storyteller | Drama, Fantasy, Mystery | Full Episodes",https://www.youtube.com/watch?v=y902FtBXj7c,Oración Cristiana Música,https://www.youtube.com/channel/UC8_g3QKFp2z1HcLwLpuPhfA,2026-03-28T02:19:46.149Z,,303.305,303.305
15s AHGL CTV OldVNew QR,https://www.youtube.com/watch?v=eCHNpPmViys,,,2026-03-28T02:19:29.850Z,16.0,16.299,16.0
Every Sleep Glitch Explained,https://www.youtube.com/watch?v=zXG0uDkJtPY,BoNa,https://www.youtube.com/channel/UCsAwBlCjCrMub2aNYdhDDBA,2026-03-28T02:14:59.016Z,537.0,270.834,270.834
2603_Richmond-Petersburg_silverado_ENG_15_227353_FIL_20260312131206,https://www.youtube.com/watch?v=KbAEQtqKkPA,,,2026-03-28T02:14:47.442Z,16.0,11.574,11.574
https://www.youtube.com/watch?v=rBIKTbiz104,https://www.youtube.com/watch?v=rBIKTbiz104,,,2026-03-28T02:11:20.718Z,,206.724,206.724
Going Places with Ken | Expedia,https://www.youtube.com/watch?v=VqB98tCClPQ,,,2026-03-28T02:10:48.119Z,30.0,32.599,30.0
LIVE: Dateline 24/7,https://www.youtube.com/watch?v=hoNgdiicpzs,Dateline NBC,https://www.youtube.com/channel/UCu3sKtOW9TGaErPsAYVPplA,2026-03-28T02:09:00.510Z,258252.0,107.609,107.609
CarMax | Wanna Sell Your Way?,https://www.youtube.com/watch?v=juJkNKOd_Bs,,,2026-03-28T02:08:52.322Z,7.0,8.188,7.0
Manic Baseball Field Car Rampage Avenges 50-Year-Old Manslaughter | Douglas Parkhurst Case Analysis,https://www.youtube.com/watch?v=XrgbXfhJc2M,Dr. Todd Grande,https://www.youtube.com/channel/UCC_0vyFTKk1Nlodo4QsiQkw,2026-03-28T02:06:43.703Z,1060.0,128.619,128.619
240 WaC video v3 1920х1080 en 59s,https://www.youtube.com/watch?v=_CsOBzsG5Ls,,,2026-03-28T02:05:40.874Z,60.0,62.829,60.0
Shortened: CMB00195.TalkShow.Red_VER_v1_1920_1080_DUR_30S_LNG_ENGLBL.mp4,https://www.youtube.com/watch?v=b3G-BysfWe8,,,2026-03-28T02:05:13.086Z,27.0,27.788,27.0
PRIME-55368_TNG_First_Contact-Trailer_1920x1080_EN_44S_bar71bubbj_bar71bubbj.mp4,https://www.youtube.com/watch?v=LSnbuNrAXxk,,,2026-03-28T01:55:12.705Z,45.0,600.381,45.0
Nadula,https://www.youtube.com/watch?v=tpmBmgCz4us,,,2026-03-28T01:55:00.977Z,11.0,11.728,11.0
FAT2D05907_EN_zzAIgg海浪桌合成棋子订单_1920x1080,https://www.youtube.com/watch?v=ebAgiCJEVu8,,,2026-03-28T01:54:54.758Z,5.0,6.219,5.0
Pregnancy Denial Killer Caught 26 Years After Gruesome Murder | Gail Eastwood-Ritchey Case Analysis,https://www.youtube.com/watch?v=bq6b_s_UiZs,Dr. Todd Grande,https://www.youtube.com/channel/UCC_0vyFTKk1Nlodo4QsiQkw,2026-03-28T01:47:44.831Z,973.0,429.927,429.927
CMA01501.SM.SackOfGoldFRIceQueen_1920_1080_DUR_15S_LNG_ENGLBL.mp4,https://www.youtube.com/watch?v=vvlvZLJuYms,,,2026-03-28T01:47:27.642Z,16.0,17.189,16.0
"Did ""Denial of Pregnancy"" Cause Hospital Killing? | Alexee Trevizo Case Analysis",https://www.youtube.com/watch?v=Sa8V8euj6k0,Dr. Todd Grande,https://www.youtube.com/channel/UCC_0vyFTKk1Nlodo4QsiQkw,2026-03-28T01:27:22.375Z,880.0,1205.267,880.0
Get all three,https://www.youtube.com/watch?v=6fBkBUbRm3I,,,2026-03-28T01:26:02.175Z,31.0,80.2,31.0
Killer Kohberger Talks Idaho Murders Changing Plates at DMV,https://www.youtube.com/watch?v=DNyIdJOJWOI,Law&Crime Network,https://www.youtube.com/channel/UCz8K1occVvDTYDfFo7N5EZw,2026-03-28T01:12:21.186Z,1398.0,820.989,820.989
The Sheep Detectives | Official Trailer 2,https://www.youtube.com/watch?v=826SRt1CFbg,,,2026-03-28T01:09:41.477Z,154.0,159.709,154.0
Shortened: CMB00129.CityAdventure_VER_v1_1920_1080_DUR_30S_LNG_ENGLBL.mp4,https://www.youtube.com/watch?v=ZjVoKbvtaaQ,,,2026-03-28T01:09:16.333Z,25.0,25.144,25.0
Match Factory - Will_bam 30s L,https://www.youtube.com/watch?v=1OolZLprs88,,,2026-03-28T01:01:21.338Z,30.0,474.995,30.0
Man Confesses to Murdering His Three Young Sons | Chad Doerman Case Analysis,https://www.youtube.com/watch?v=GbUHVzCbQi8,Dr. Todd Grande,https://www.youtube.com/channel/UCC_0vyFTKk1Nlodo4QsiQkw,2026-03-28T00:54:32.587Z,784.0,408.751,408.751
ROK_V_EN_3D_城市种地不如抢(文明票价版)_CB_1_1920x1080_57s_260312_NR_1122095,https://www.youtube.com/watch?v=Zkp4Df6gpCU,,,2026-03-28T00:53:17.523Z,58.0,75.064,58.0
cid=8108a7c3835bd00f7d49c2b13ce77a01,https://www.youtube.com/watch?v=WN9yx8k0dDI,,,2026-03-28T00:52:43.784Z,31.0,33.739,31.0
Officer Shoots Officer Trial Reveals Gun Condition That Doesn’t Add Up | Fitzsimmons Update/Analysis,https://www.youtube.com/watch?v=QXWn5OaqtzM,Dr. Todd Grande,https://www.youtube.com/channel/UCC_0vyFTKk1Nlodo4QsiQkw,2026-03-28T00:39:34.152Z,768.0,789.632,768.0
Pepsi Prebiotic Cola,https://www.youtube.com/watch?v=m2lbYw26VHQ,,,2026-03-28T00:38:49.277Z,7.0,44.875,7.0
Super Meat Boy 3D - Release Date Announcement Trailer | Xbox Partner Preview 2026,https://www.youtube.com/watch?v=u_X9wb5iYxc,,,2026-03-28T00:38:43.071Z,60.0,6.206,6.206
fz0508ben1920x1080,https://www.youtube.com/watch?v=PGeT1NIbmlY,,,2026-03-28T00:21:41.256Z,7.0,1021.815,7.0
"Crying Cop, Husband Accused in Twisted Sex Crimes Case",https://www.youtube.com/watch?v=gEFqsnuUTaQ,Law&Crime Network,https://www.youtube.com/channel/UCz8K1occVvDTYDfFo7N5EZw,2026-03-28T00:14:16.780Z,2085.0,444.476,444.476
DCD-Love-4039| Hulu,https://www.youtube.com/watch?v=nOTe9xD2LCc,,,2026-03-28T00:13:19.518Z,16.0,57.262,16.0
Pastor Makes Fatal Halloween Visit to Woman's Trailer | Rebekah Gay and John White Case Analysis,https://www.youtube.com/watch?v=h1HAS86J2e4,Dr. Todd Grande,https://www.youtube.com/channel/UCC_0vyFTKk1Nlodo4QsiQkw,2026-03-28T00:13:01.204Z,910.0,18.314,18.314
YT 15 History TOUR 24576 Spring Getaway 2397,https://www.youtube.com/watch?v=U4KxI15vJR8,,,2026-03-28T00:12:42.789Z,16.0,18.415,16.0
The Comeback S3 | HBO Max,https://www.youtube.com/watch?v=qKUveMOP4uQ,,,2026-03-28T00:12:25.862Z,16.0,16.927,16.0
250415 Aleve Bayer April2025 MaleRead V2 JF 30 1,https://www.youtube.com/watch?v=8lqZ-h4NPJc,,,2026-03-28T00:05:12.158Z,31.0,433.704,31.0
Man Convicted of Murder Twice Finds Third Victim After Parole | Raechel Betts Case Analysis,https://www.youtube.com/watch?v=nVRr8hLEW5U,Dr. Todd Grande,https://www.youtube.com/channel/UCC_0vyFTKk1Nlodo4QsiQkw,2026-03-27T23:58:38.403Z,780.0,393.755,393.755
This is Rev,https://www.youtube.com/watch?v=357ZNfkzP7k,,,2026-03-27T23:58:28.510Z,7.0,9.893,7.0
15s AHGL Tony Farming QR,https://www.youtube.com/watch?v=2SGbn84VFb0,,,2026-03-27T23:58:12.152Z,16.0,16.358,16.0
"The Fab Four - Richmond - April 3, 2026",https://www.youtube.com/watch?v=uo_zidQ_abc,,,2026-03-27T23:50:35.379Z,16.0,456.773,16.0
aid105690   US PRT SM 00815   OLV Reminder - 9s,https://www.youtube.com/watch?v=_ey816uPO4M,,,2026-03-27T23:50:24.990Z,9.0,10.389,9.0
Reach - Coffee Shop 6s Horizontal,https://www.youtube.com/watch?v=UNuRPxxw0Lg,,,2026-03-27T23:50:17.085Z,7.0,7.905,7.0
'Bus Life' Trial Echoes Notorious 'Van Life' Murder | Joseph and Emily Ferlazzo Case Analysis,https://www.youtube.com/watch?v=AB41TUcdm5A,Dr. Todd Grande,https://www.youtube.com/channel/UCC_0vyFTKk1Nlodo4QsiQkw,2026-03-27T23:42:52.480Z,875.0,444.605,444.605
Shortened: cid=8a37374876a97456b5182c47932dbe90,https://www.youtube.com/watch?v=bQJ2SxHinUU,,,2026-03-27T23:42:33.254Z,15.0,19.226,15.0
MPY-55723_Pets_Pet Dreams with Talent_1920x1080_v02_ar88ydetoc_ar88ydetoc.mp4,https://www.youtube.com/watch?v=8hJgj0usvbM,,,2026-03-27T23:34:07.773Z,22.0,505.481,22.0
Shortened: GOF3D8244_EN_FZK1四传送带单塔御敌-白熊版-主角射击版_1920x1080,https://www.youtube.com/watch?v=S6_QWLmHaPI,,,2026-03-27T23:33:51.189Z,16.0,16.584,16.0
WGU - Online Degrees,https://www.youtube.com/watch?v=mbtRk5cy5zA,,,2026-03-27T23:33:43.563Z,7.0,7.626,7.0
FAT2D04626_EN_zz果汁杯大西瓜餐厅订单条多阶棋子叠加摆放I版试玩转视频6s_1920x1080,https://www.youtube.com/watch?v=ksl_B_FYZwQ,,,2026-03-27T23:33:36.297Z,7.0,7.266,7.0
Did 'Babysitter’ FBI Agent Control JAG’s Life and Frame Him for Murder? | Nicholas Kassotis Analysis,https://www.youtube.com/watch?v=COq5nugr08w,Dr. Todd Grande,https://www.youtube.com/channel/UCC_0vyFTKk1Nlodo4QsiQkw,2026-03-27T23:25:59.128Z,904.0,457.169,457.169
ROK_V_EN_3D_洪水大坝_CB_1_1920x1080_55s_260322_LP_1128732,https://www.youtube.com/watch?v=rFj_VkxxnYk,,,2026-03-27T23:25:01.216Z,56.0,57.912,56.0
PTSLG_V_EN_3D_圈地帕萌_CB_709_1920x1080_38s_260129_NR_1096514,https://www.youtube.com/watch?v=bd_hd18qUhE,,,2026-03-27T23:24:20.142Z,39.0,41.074,39.0
Caught Up in the Rapture,https://www.youtube.com/watch?v=Oz-b86LZ21c,Anita Baker - Topic,https://www.youtube.com/channel/UC6C-K094bqDtp3G_A3eNcRQ,2026-03-27T23:14:44.209Z,251.0,575.933,251.0
Shortened: CMB00196.TalkShow.Cowboy_VER_v1_1920_1080_DUR_59S_LNG_ENGLBL.mp4,https://www.youtube.com/watch?v=NFQtc45-qYk,,,2026-03-27T23:12:43.360Z,21.0,120.849,21.0
"Deals so right, it almost feels wrong.",https://www.youtube.com/watch?v=0C5srIMNOQk,,,2026-03-27T23:12:26.696Z,16.0,16.664,16.0
Shortened: MD_v_May_25_Iteration_13_NSI_BlockJam_SandPuzzle_60s_1920x1080_cd59b5,https://www.youtube.com/watch?v=vsTAcI95xSo,,,2026-03-27T23:12:19.126Z,7.0,7.57,7.0
Aussie Ultra Wonder Gel Crème,https://www.youtube.com/watch?v=JzaOq51V82g,,,2026-03-27T23:12:11.886Z,7.0,7.24,7.0
My Cherie Amour,https://www.youtube.com/watch?v=Fjufjv4rH0s,Stevie Wonder - Topic,https://www.youtube.com/channel/UCR83RRXHzXrEQbu_ZQmPMSg,2026-03-27T23:11:50.448Z,174.0,21.438,21.438
Rose Royce   I Wanna Get Next To You,https://www.youtube.com/watch?v=kU_J0fiJ-eY,Randy's Baby Grand,https://www.youtube.com/channel/UChgbaAT7idUkr_SzAikQDXw,2026-03-27T23:09:07.414Z,239.0,163.034,163.034
We Are Ulta | Ulta Beauty,https://www.youtube.com/watch?v=mHqu2yB2uac,,,2026-03-27T23:08:59.472Z,16.0,7.942,7.942
FAT2D06085_EN_zz麻将棋子配对版本3混剪6s_1080x1920,https://www.youtube.com/watch?v=hCAIwHJ0bbA,,,2026-03-27T23:08:53.213Z,7.0,6.259,6.259
Professor Travels Off Cliff After Inviting Homeless Woman to Live with Him | Ronald Bettig Analysis,https://www.youtube.com/watch?v=5JKBaJh_xJM,Dr. Todd Grande,https://www.youtube.com/channel/UCC_0vyFTKk1Nlodo4QsiQkw,2026-03-27T23:07:24.503Z,921.0,88.71,88.71
Deniece Williams - Free • TopPop,https://www.youtube.com/watch?v=dH5cJgeHm98,TopPop,https://www.youtube.com/channel/UCxjzlr0hdKWfIwK2lY0SvEg,2026-03-27T23:04:26.858Z,266.0,177.645,177.645
Bunny-Approved Target Easter Basket,https://www.youtube.com/watch?v=lgnnapY3H4Q,,,2026-03-27T23:04:20.177Z,40.0,6.681,6.681
Chris Brown - She Ain't You (Official Video),https://www.youtube.com/watch?v=7V2GzYcRK9E,ChrisBrownVEVO,https://www.youtube.com/channel/UCm1dsgJNnhaLkY3uAdqN4mA,2026-03-27T23:00:04.102Z,256.0,256.075,256.0
Career Focused Programs for Career Focused People | ECPI-027,https://www.youtube.com/watch?v=J_zXidmkjkM,,,2026-03-27T22:59:38.319Z,31.0,25.783,25.783
J.P. Morgan Wealth Management | Nimisha Minis,https://www.youtube.com/watch?v=otxmEjAk53k,,,2026-03-27T22:59:23.050Z,16.0,15.269,15.269
"Tomorrow (A Better You, Better Me)",https://www.youtube.com/watch?v=SqWsA68bcAc,Quincy Jones - Topic,https://www.youtube.com/channel/UCaBIjouEo87YhSGmPjuXDoA,2026-03-27T22:54:35.756Z,287.0,287.294,287.0
FX's Love Story,https://www.youtube.com/watch?v=k-q8pIuexrQ,,,2026-03-27T22:54:35.045Z,31.0,0.711,0.711
Wife of Recently Murdered Man Electrocuted by TV in Her Hot Tub | Barbara Loesch Case Analysis,https://www.youtube.com/watch?v=Cz4NVq4WC54,Dr. Todd Grande,https://www.youtube.com/channel/UCC_0vyFTKk1Nlodo4QsiQkw,2026-03-27T22:44:56.567Z,846.0,578.478,578.478
Optimistic,https://www.youtube.com/watch?v=p66Jp6ervRA,Sounds Of Blackness - Topic,https://www.youtube.com/channel/UCgWN49oYl2rvapqh2fIyZHA,2026-03-27T22:44:53.860Z,319.0,2.707,2.707
250721_ch-rainbow+le60s_pt_ZW_1920x1080.mp4,https://www.youtube.com/watch?v=2jJw2fNs_5I,,,2026-03-27T22:44:12.528Z,41.0,41.332,41.0
That Girl,https://www.youtube.com/watch?v=4a0cmyOL9s8,Stevie Wonder - Topic,https://www.youtube.com/channel/UCR83RRXHzXrEQbu_ZQmPMSg,2026-03-27T22:38:04.348Z,315.0,368.18,315.0
DCD-The-3963| Hulu,https://www.youtube.com/watch?v=YiYuUmGBYd4,,,2026-03-27T22:37:43.998Z,16.0,20.35,16.0
DEBORAH COX  - UP AND DOWN - IN AND OUT,https://www.youtube.com/watch?v=xQYlHdmAJVA,SmoothMamaMidnights,https://www.youtube.com/channel/UChB7_rBvTbrAfx162rlNhOA,2026-03-27T22:32:26.898Z,302.0,317.1,302.0
Deborah Cox - Up & Down (Official Video),https://www.youtube.com/watch?v=gZ9mR7D4xQI,DeborahCoxVEVO,https://www.youtube.com/channel/UCmNfYN_nIdqyuhbbDKaaamQ,2026-03-27T22:32:09.823Z,256.0,17.075,17.075
Shortened: CID1000466 BB Progression 60 sec Race+4Corners  Xmax Original EN 60s 1080x1920,https://www.youtube.com/watch?v=JTHjhUjzmcw,,,2026-03-27T22:32:02.757Z,59.0,7.066,7.066
Chris Brown - She Ain't You,https://www.youtube.com/watch?v=-dUa9Dd3q5Q,RapHype,https://www.youtube.com/channel/UCQMm1V0QcvgZoNbsekq1Rbg,2026-03-27T22:30:40.036Z,254.0,82.721,82.721
Bring Out the Bob™ | A mash made in dinner heaven,https://www.youtube.com/watch?v=u64WeWWJNT4,,,2026-03-27T22:27:51.674Z,31.0,168.362,31.0
Apartments.com | At The Line Women's | :15,https://www.youtube.com/watch?v=B4QjjCGUoHo,,,2026-03-27T22:27:35.097Z,16.0,16.577,16.0
bookingdotcom ridiculously broadway couple 15 v03 h264,https://www.youtube.com/watch?v=ZlKk-35efmA,,,2026-03-27T22:27:02.189Z,16.0,32.908,16.0
The Most Mysterious Case You’ve Ever Heard | True Crime,https://www.youtube.com/watch?v=PXdHc7mVZJQ,M7 Crime Storytime,https://www.youtube.com/channel/UC7_MOIpN8fn_UZAivnn10_Q,2026-03-27T22:11:39.288Z,1907.0,922.901,922.901
Deals Up to 70% Off Are in Stores Now | Nordstrom Rack 2026,https://www.youtube.com/watch?v=wOZpBBli4R8,,,2026-03-27T22:11:06.994Z,31.0,32.294,31.0
Bump reveal 🤰 yall got me 😩 #zanadiasimone,https://www.youtube.com/watch?v=nbiIwDOOA4Y,zanadia si’mone,https://www.youtube.com/channel/UC_ummvosaT2x1fP9aSLBRaw,2026-03-27T22:06:08.104Z,13.0,298.89,13.0
Insane Facts About Sleep You Didn't Know And More Insane Facts (Compilation),https://www.youtube.com/watch?v=77CwQwM1Xs8,The Infographics Show,https://www.youtube.com/channel/UCfdNM3NAhaBOXCafH7krzrA,2026-03-27T21:59:59.325Z,19422.0,368.779,368.779
Caribbean People Try Each Other's Fried Plantains (Blindfolded),https://www.youtube.com/watch?v=hmg4CCN_tXs,Cocoa Butter,https://www.youtube.com/channel/UCcOWHZl_mlhs2Yjo9Lyhb7g,2026-03-27T21:59:42.140Z,898.0,17.185,17.185
Disney+ & Hulu,https://www.youtube.com/watch?v=rGYg4bJpP8w,,,2026-03-27T21:58:45.632Z,31.0,56.508,31.0
"Leadership, Legacy, and the Power of Being Seen",https://www.youtube.com/watch?v=DiYHWtUBI8A,,,2026-03-27T21:58:37.813Z,101.0,7.819,7.819
ULTRA Curling ft. Kurt Russell,https://www.youtube.com/watch?v=ZooweAKXRqU,,,2026-03-27T21:58:23.825Z,16.0,13.988,13.988
Auto Upgrade :15 | That's Why...We Got You! | VACU,https://www.youtube.com/watch?v=PIZ7yz9jSdQ,,,2026-03-27T21:58:07.485Z,16.0,16.34,16.0
Shortened: FRK_UA_VID_58_XmasTheme_V01_AHM_EN_60s_1920x1080,https://www.youtube.com/watch?v=QIA27QgrmSg,,,2026-03-27T21:57:59.997Z,7.0,7.488,7.0
Did 'Rough' Trio Murder Social Worker for Calling in Sick to Work? | Connie Reyes Case Analysis,https://www.youtube.com/watch?v=oVDcUL2ZMCU,Dr. Todd Grande,https://www.youtube.com/channel/UCC_0vyFTKk1Nlodo4QsiQkw,2026-03-27T21:49:22.170Z,920.0,517.827,517.827
Ready for Anything (:30),https://www.youtube.com/watch?v=1HBInIsLr4A,,,2026-03-27T21:48:50.266Z,31.0,31.904,31.0
"""Veterans""",https://www.youtube.com/watch?v=iVLO9JwvqbI,,,2026-03-27T21:48:16.846Z,31.0,33.42,31.0
Judge Blames Bad Shoulder in 'Missing Thank You Card' Wife Shooting | Jeffrey Ferguson Case Analysis,https://www.youtube.com/watch?v=cl-IWSzCtyk,Dr. Todd Grande,https://www.youtube.com/channel/UCC_0vyFTKk1Nlodo4QsiQkw,2026-03-27T21:30:52.610Z,1036.0,1044.236,1036.0
Wife's Ice Cold Reaction to Murdered Husband Uncovers Odd Conspiracy | Heather Horst Case Analysis,https://www.youtube.com/watch?v=eY2qb1mnqWg,Dr. Todd Grande,https://www.youtube.com/channel/UCC_0vyFTKk1Nlodo4QsiQkw,2026-03-27T21:16:12.820Z,837.0,879.79,837.0
Google Ads_0903_25 - August - Monks - LoFi Pool Copy Test - Zoom Debit C - 1920x1080.mp4,https://www.youtube.com/watch?v=dp6tYHoV9eE,,,2026-03-27T21:15:58.466Z,11.0,14.354,11.0
How to actually remove blackheads for beginners,https://www.youtube.com/watch?v=DNaW4hfXFN0,krystallee,https://www.youtube.com/channel/UCCdRHTOSx50HFbA4NQLe1yg,2026-03-27T21:13:49.020Z,49.0,129.446,49.0
"Deep blackhead Removal 2026, acne removal spa, big pimple 2026, #acne #pimple #cyst",https://www.youtube.com/watch?v=kKZamIxLoDo,White Things,https://www.youtube.com/channel/UC-7vuIcJQSCM4pSXlOkBWjQ,2026-03-27T21:13:29.126Z,278.0,19.894,19.894
Deep Pore Blackhead Removal – Satisfying Acne Extraction & Relaxing Skincare - 234991,https://www.youtube.com/watch?v=FyUyDPSsYh0,Dr. Aysegul Ah,https://www.youtube.com/channel/UCv_ZwE_zk2tgkoF-ZNxH-7Q,2026-03-27T21:13:14.655Z,,14.471,14.471
MOST SATISFYING BLACKHEAD PLUCKING REMOVAL #shorts,https://www.youtube.com/watch?v=FhTx2mn1usE,Sincerely Miss Ash,https://www.youtube.com/channel/UCeeSGoD4q1cwaUrlOBKDh7Q,2026-03-27T21:12:16.201Z,52.0,58.454,52.0
How to remove blackheads #dermatologist #blackheads #blackheadremoval,https://www.youtube.com/watch?v=rLS4aE_LQLU,Dr Dray,https://www.youtube.com/channel/UCnxmUrGMtpQT844Yd_l7Zyg,2026-03-27T21:11:58.873Z,31.0,17.328,17.328
Derm reacts to INSANE ingrown hair extraction! #dermreacts #doctorreacts #ingrownhair,https://www.youtube.com/watch?v=Kzx-NAjkol0,208SkinDoc,https://www.youtube.com/channel/UCCGM4LuwRqZ6fUJ51BT4Xnw,2026-03-27T21:10:54.254Z,62.0,64.619,62.0
PTSLG_V_EN_3D_精灵抓捕器_CB_709_1920x1080_49s_260225_NR_1113677,https://www.youtube.com/watch?v=ksf0evpgyAU,,,2026-03-27T21:06:48.826Z,50.0,245.428,50.0
Shortened: arc_712_v2_vid_en_16x9_15s_453glowbackground_variant_x_fans_characters_kr_w_r1.mp4,https://www.youtube.com/watch?v=-ZYDI2NXAoI,,,2026-03-27T21:06:34.105Z,14.0,14.721,14.0
Doctor reacts to super satisfying pimple pops! #dermreacts #doctorreacts #pimplepop #cystpop,https://www.youtube.com/watch?v=J06pEhqOmx0,208SkinDoc,https://www.youtube.com/channel/UCCGM4LuwRqZ6fUJ51BT4Xnw,2026-03-27T21:06:30.507Z,155.0,3.598,3.598
250627_charity提前填完首字母+给答案置灰+字母盘6s+e6s_en_ZW_1920x1080.mp4,https://www.youtube.com/watch?v=KG61jiiHm4Q,,,2026-03-27T21:06:26.214Z,7.0,4.293,4.293
Dilated Pore of Winer Giant blackhead!,https://www.youtube.com/watch?v=Q71UKIGGrxw,Dr. Pimple Popper,https://www.youtube.com/channel/UCgrsF4TYwmrV0QsXb8AoeHQ,2026-03-27T21:05:20.515Z,216.0,65.699,65.699
Large blackhead on the ear,https://www.youtube.com/watch?v=uRtW5MGg2I4,Dr. Mamina,https://www.youtube.com/channel/UCa8U11JrxgFAQP63bR9AAZA,2026-03-27T21:04:05.337Z,73.0,75.178,73.0
Clean Giant Blackheads on on the Lips,https://www.youtube.com/watch?v=TiZVgPcFg7A,An 333,https://www.youtube.com/channel/UCoy22SZwCz0Hi88nUF8xERQ,2026-03-27T21:03:33.405Z,922.0,31.932,31.932
𝐂𝐫𝐚𝐳𝐲 𝐒𝐚𝐭𝐢𝐬𝐟𝐲𝐢𝐧𝐠 𝐁𝐥𝐚𝐜𝐤𝐡𝐞𝐚𝐝 𝐑𝐞𝐦𝐨𝐯𝐚𝐥 #6457,https://www.youtube.com/watch?v=ccT9LNaktBg,M-Music-Production,https://www.youtube.com/channel/UC9_SYPQEI49JqKX35TDWiDA,2026-03-27T21:03:09.195Z,4336.0,24.21,24.21
AKN Treatment! #bumptreatment #ingrownhair #ingrownhairremoval #ingrownhairextraction #akn #barber,https://www.youtube.com/watch?v=Y-QV8SZ3Td0,Renew'd Wellbeing,https://www.youtube.com/channel/UCqBxn3yhqQJOzkkaN3CcxGQ,2026-03-27T21:02:43.506Z,38.0,25.689,25.689
Giant Blackhead Removal from Back 0.1 !,https://www.youtube.com/watch?v=5M4huzQe1Ik,Dr. Farri Extras,https://www.youtube.com/channel/UCAtD9KfLWXhvaQqPf-MBwCg,2026-03-27T21:02:25.121Z,16.0,18.385,16.0
Blackhead removal with NaSa Spa | Satisfying and Relaxation with NaSa Beauty Spa,https://www.youtube.com/watch?v=ZJezN7Tf6PA,NaSa Spa,https://www.youtube.com/channel/UCUiZL3_kmKMMD89i5pIc1Zw,2026-03-27T21:02:07.285Z,648.0,17.836,17.836
"Disney+, Hulu Bundle",https://www.youtube.com/watch?v=pL8yFuqUx3g,,,2026-03-27T21:01:31.714Z,31.0,35.571,31.0
Shortened: fz1154en1920x1080,https://www.youtube.com/watch?v=bW-_DPrzjOM,,,2026-03-27T21:01:12.681Z,7.0,19.033,7.0
Studs be more manlier than Men,https://www.youtube.com/watch?v=vqtZEfO-Mr0,Druski,https://www.youtube.com/channel/UC4PQqjGczpgmqbpicKjkwvw,2026-03-27T21:00:59.921Z,85.0,12.76,12.76
FAT2D04630_EN_zz果汁杯大西瓜餐厅订单条叠加摆放K版试玩转视频60s_1080x1080,https://www.youtube.com/watch?v=pIVZGCqxCsE,,,2026-03-27T21:00:53.829Z,60.0,6.092,6.092
My dog’s jealousy level is off the charts 🤣#dog #funnyvideos #funny #,https://www.youtube.com/watch?v=opF3qt7g8lc,JAIME CONCEPCION MARTINEZ,https://www.youtube.com/channel/UCooT-wKL0GL878OH92OaEkQ,2026-03-27T20:58:40.745Z,122.0,133.084,122.0
Just say the word 👀😂 #shorts,https://www.youtube.com/watch?v=LWdmNkUsaeY,Suavexavier,https://www.youtube.com/channel/UCduf5_5FnIptzDMBJ75ttFQ,2026-03-27T20:57:42.789Z,66.0,57.956,57.956
Cheating Wife Advocates for Killing 'Scum' After Husband Disappears | Jennifer Gledhill Analysis,https://www.youtube.com/watch?v=Xu_7lwhAlLo,Dr. Todd Grande,https://www.youtube.com/channel/UCC_0vyFTKk1Nlodo4QsiQkw,2026-03-27T20:57:04.648Z,979.0,38.141,38.141
From The Debbie Allen Special (1989) Phylicia Rashad shows a different side,https://www.youtube.com/watch?v=E_OqH9OxeOA,DJ DA VINCI,https://www.youtube.com/channel/UCJwiWjILlKVI71yvAQ-Cs5g,2026-03-27T20:56:36.952Z,61.0,27.696,27.696
UAC&PMax 25   April   Monks   Parenting UGC   Grocery   Debit   Mobile  1920x1080,https://www.youtube.com/watch?v=qufkcIeC4wU,,,2026-03-27T20:56:32.476Z,29.0,4.476,4.476
MPY-45106_Vidsy repurpose 14 - Dec 1920x1080-V2_ktmbzx2glf_ktmbzx2glf.mp4,https://www.youtube.com/watch?v=xeZAyleM7ZM,,,2026-03-27T20:56:31.184Z,21.0,1.292,1.292
Everything about this  video goes crazy 😮‍💨✨📹: @shotbywinter #rnb #rnbmusic #rnbvibes #BoyzIIMen,https://www.youtube.com/watch?v=dAMv9LRKfJw,Rnbmusic,https://www.youtube.com/channel/UCLiHTdloorzqNsTlrnTsTCQ,2026-03-27T20:56:14.362Z,14.0,16.822,14.0
Shortened: GOF3D8386_EN_FZ混剪-解说轻松经营_1920x1080,https://www.youtube.com/watch?v=yCbGc2K9cO4,,,2026-03-27T20:56:02.263Z,30.0,12.099,12.099
Black people do the most 🤣🤣,https://www.youtube.com/watch?v=QjApL24G4BI,KevOnStage,https://www.youtube.com/channel/UC5Zc0EUB-km6in-55cK7k2g,2026-03-27T20:55:11.453Z,75.0,50.81,50.81
Industry S4 | HBO Max,https://www.youtube.com/watch?v=JyCU7ljsOhw,,,2026-03-27T20:48:24.911Z,31.0,406.542,31.0
Shortened: WordTrip_DSStyleStoreTrailer_16x9 (1).mp4,https://www.youtube.com/watch?v=uo9gAzNFjnU,,,2026-03-27T20:48:12.183Z,12.0,12.728,12.0
Phase10_V1922_sensen_常规大Logo完成Phase_EN_1920x1080_6s_20260211_2D_WD,https://www.youtube.com/watch?v=ciY941uVG8A,,,2026-03-27T20:48:04.818Z,7.0,7.365,7.0
Extraordinary,https://www.youtube.com/watch?v=u1S208ZMBxc,,,2026-03-27T20:47:26.102Z,31.0,38.716,31.0
Woman Blames Sinister Wedding Night Pact for Two Murders | Kelly Cochran Case Analysis,https://www.youtube.com/watch?v=Mu32dkntnM8,Dr. Todd Grande,https://www.youtube.com/channel/UCC_0vyFTKk1Nlodo4QsiQkw,2026-03-27T20:38:56.881Z,927.0,509.221,509.221
Mary's Joint,https://www.youtube.com/watch?v=-BOSNBXfnhA,Mary J. Blige - Topic,https://www.youtube.com/channel/UC4qgfoPLnM-5V3aVckCLtKg,2026-03-27T20:38:28.224Z,303.0,28.657,28.657
YTTV BASE Evergreen25 Value A PMax V1 DR None US EN 15s MP4 VIDEO 16x9,https://www.youtube.com/watch?v=kzQLTqMita0,,,2026-03-27T20:38:07.697Z,16.0,20.527,16.0
Google AI Pro,https://www.youtube.com/watch?v=pNdf4IYm6lw,,,2026-03-27T20:37:32.324Z,30.0,35.373,30.0
Ginuwine-Love You More,https://www.youtube.com/watch?v=Ij5JgSgr5Bo,The R&B Love Song Channel,https://www.youtube.com/channel/UCoCTz1IENT1sHi6XaoZKwGw,2026-03-27T20:33:30.621Z,242.0,241.703,241.703
MPY-53784_Pets_Swipe to Pet_1920x1080_EN_v05_8ucubsn935.mp4,https://www.youtube.com/watch?v=bF0eLFLbYIM,,,2026-03-27T20:33:13.147Z,19.0,17.474,17.474
"“I can’t keep track, but my BFF can!” – Subscription Cancellation",https://www.youtube.com/watch?v=HLfQAZE10Q4,,,2026-03-27T20:31:15.061Z,16.0,118.086,16.0
"Micro Changes, Big Results from Noom",https://www.youtube.com/watch?v=uDSddvlxhyA,,,2026-03-27T20:30:58.436Z,16.0,16.625,16.0
Hertz Sells Fast Short,https://www.youtube.com/watch?v=6tcQ8xbrnEs,,,2026-03-27T20:30:50.939Z,7.0,7.497,7.0
Google AI Pro,https://www.youtube.com/watch?v=uaMz8aYJvLE,,,2026-03-27T20:16:56.079Z,33.0,834.86,33.0
Homes.com | New Build Homes For You (and Your Dog),https://www.youtube.com/watch?v=HXF0oKHJm-Q,,,2026-03-27T20:16:39.424Z,16.0,16.655,16.0
Questions| Peds Base :06 GM,https://www.youtube.com/watch?v=8wEL7PktkeI,,,2026-03-27T20:16:31.886Z,7.0,7.538,7.0
Video Ad,https://www.youtube.com/watch?v=6p9u3u06LvY,,,2026-03-27T20:16:07.994Z,16.0,23.892,16.0
Gabby Realizes She's Being Charged With Murder,https://www.youtube.com/watch?v=dZ8axC_-PYs,Red Tree Crime,https://www.youtube.com/channel/UCaSOD17PCFgtDq5wwSYzK9g,2026-03-27T20:05:05.598Z,1801.0,662.396,662.396
Private-Part-Obsessed Hairstylist Uses Handsy Lover to Murder Husband | Karina Cooper Case Analysis,https://www.youtube.com/watch?v=ZdaV-hwx2VU,Dr. Todd Grande,https://www.youtube.com/channel/UCC_0vyFTKk1Nlodo4QsiQkw,2026-03-27T20:03:21.458Z,1186.0,104.14,104.14
CITIZEN L－A Sculptural Statement－  New RAINELL Collection/ Short ver.,https://www.youtube.com/watch?v=RgZi0RKDxdQ,,,2026-03-27T20:03:02.982Z,16.0,18.476,16.0
Burger King® | There’s a New King and It’s You.,https://www.youtube.com/watch?v=JknrYxOBPf8,,,2026-03-27T20:02:46.285Z,16.0,16.697,16.0
Secret Clinical Skinification Nurses Rant ENG 15 OLV 16x9 PGSC4190000H July25,https://www.youtube.com/watch?v=cpEkdwggDgk,,,2026-03-27T19:54:38.977Z,16.0,487.308,16.0
Priceline | Hike :15,https://www.youtube.com/watch?v=1J0Ub1_bNnc,,,2026-03-27T19:54:22.433Z,,16.544,16.544
Audio Lift Test: Domain + Website :15,https://www.youtube.com/watch?v=7QzBrf5WVVo,,,2026-03-27T19:54:06.041Z,16.0,16.392,16.0
FY26 0902 K NOPART ZimmermanLoveLouderBridalBase15 NoPromo UF NoInfl OLV VID GM 1920x1080 15s,https://www.youtube.com/watch?v=7OK18YnzEfg,,,2026-03-27T19:53:49.601Z,16.0,16.44,16.0
15-Year-Old Girl Does the Unthinkable to Her Stepmother | Jenna Oakley Case Analysis,https://www.youtube.com/watch?v=RlKzY8BDSPc,Dr. Todd Grande,https://www.youtube.com/channel/UCC_0vyFTKk1Nlodo4QsiQkw,2026-03-27T19:46:18.391Z,908.0,451.21,451.21
Video Ad,https://www.youtube.com/watch?v=vN9Obiks1-U,,,2026-03-27T19:38:10.745Z,61.0,487.646,61.0
Rose Royce - Wishing On A Star 1977 -THE ORIGINAL- (by SUNNY RAINBOW),https://www.youtube.com/watch?v=GooJBO4KWlE,SUNNY RAINBOW,https://www.youtube.com/channel/UCmUENaECUxWf_4gMR9rq-LQ,2026-03-27T19:32:12.121Z,230.0,358.624,230.0
Pastor and Music Director Enter Into Unholy Murder Conspiracy | Cindy Reese Case Analysis,https://www.youtube.com/watch?v=i-nICk35oBo,Dr. Todd Grande,https://www.youtube.com/channel/UCC_0vyFTKk1Nlodo4QsiQkw,2026-03-27T19:29:15.398Z,927.0,176.723,176.723
Shortened: Toon Blast - Fossilbug-boardaccomp 30s L,https://www.youtube.com/watch?v=KZvKeYnZcuA,,,2026-03-27T19:28:55.353Z,17.0,20.045,17.0
The Ohio Players Sweet Sticky Thing,https://www.youtube.com/watch?v=Ta-F4NAVURs,DocHallux,https://www.youtube.com/channel/UCw3j1R6FzWjXHZoakgh14vA,2026-03-27T19:26:48.020Z,592.0,127.333,127.333
The Commodores-Brick House,https://www.youtube.com/watch?v=rrBx6mAWYPU,Miranda Mivino,https://www.youtube.com/channel/UCX0xkG1liyGXGI8wQWWkBBw,2026-03-27T19:24:33.573Z,206.0,134.447,134.447
ST Theme '93 (Bumper Version),https://www.youtube.com/watch?v=69z6QqnkddI,MrBWilliams83,https://www.youtube.com/channel/UCexhdKdyf59_-aVzdLhqI4g,2026-03-27T19:24:16.827Z,31.0,16.746,16.746
ST Theme 2000 - 2006,https://www.youtube.com/watch?v=bzWlW98JGsE,MrBWilliams83,https://www.youtube.com/channel/UCexhdKdyf59_-aVzdLhqI4g,2026-03-27T19:23:49.022Z,67.0,27.805,27.805
ST Theme '93 - '06,https://www.youtube.com/watch?v=xV11UmB3VFs,MrBWilliams83,https://www.youtube.com/channel/UCexhdKdyf59_-aVzdLhqI4g,2026-03-27T19:23:16.516Z,84.0,32.506,32.506
ST Theme '84,https://www.youtube.com/watch?v=VKeUm5eXUKg,MrBWilliams83,https://www.youtube.com/channel/UCexhdKdyf59_-aVzdLhqI4g,2026-03-27T19:21:22.426Z,256.0,114.09,114.09
ST Theme '78,https://www.youtube.com/watch?v=zcqTXQYAZWk,MrBWilliams83,https://www.youtube.com/channel/UCexhdKdyf59_-aVzdLhqI4g,2026-03-27T19:21:03.153Z,290.0,19.273,19.273
ST Theme '71,https://www.youtube.com/watch?v=UJT96yXNgVo,MrBWilliams83,https://www.youtube.com/channel/UCexhdKdyf59_-aVzdLhqI4g,2026-03-27T19:20:47.674Z,187.0,15.479,15.479
ST Theme '79,https://www.youtube.com/watch?v=9L2APcsHfk4,MrBWilliams83,https://www.youtube.com/channel/UCexhdKdyf59_-aVzdLhqI4g,2026-03-27T19:20:13.342Z,70.0,34.332,34.332
AB2 HugeStructure2D Aug25 30s 1920x1080 - ROVAB21054008,https://www.youtube.com/watch?v=f5F6-BDTR1k,,,2026-03-27T19:16:55.551Z,30.0,197.791,30.0
Viking Rise: Survival - Ride Through Heavens and Earth,https://www.youtube.com/watch?v=P_s77GNu33E,,,2026-03-27T19:16:43.662Z,11.0,11.889,11.0
ST Theme 83,https://www.youtube.com/watch?v=N28XNyUzWGg,MrBWilliams83,https://www.youtube.com/channel/UCexhdKdyf59_-aVzdLhqI4g,2026-03-27T19:15:08.812Z,284.0,94.85,94.85
ST Theme '80,https://www.youtube.com/watch?v=i6O3WaypQr8,MrBWilliams83,https://www.youtube.com/channel/UCexhdKdyf59_-aVzdLhqI4g,2026-03-27T19:13:58.076Z,321.0,70.736,70.736
'Bedtime Tyrant' Arrested After Shootings at Mysterious Crime Scene | Jason Payne Case Analysis,https://www.youtube.com/watch?v=-4rJg1TL92c,Dr. Todd Grande,https://www.youtube.com/channel/UCC_0vyFTKk1Nlodo4QsiQkw,2026-03-27T19:11:44.861Z,938.0,133.215,133.215
Happy Color®: Paint by Number,https://www.youtube.com/watch?v=2-8YTcTFD_A,,,2026-03-27T19:11:30.438Z,13.0,14.423,13.0
cid=14124c8f674cbddd6c59243ab3de7218,https://www.youtube.com/watch?v=70j7XveuuA0,,,2026-03-27T19:10:06.103Z,31.0,84.335,31.0
"Happy Color®: Paint by Number - 45,000+ pics. Free & relaxing.",https://www.youtube.com/watch?v=eZbu3TOZ3AI,,,2026-03-27T19:09:48.778Z,17.0,17.325,17.0
"Soul Train Dancer: Louie Ski Carr's Amazing Decade on ""Soul Train""! | American Soul",https://www.youtube.com/watch?v=WALR9FRPf2s,Soul Train,https://www.youtube.com/channel/UCGgPV91EI-3Inz7NJ0Hx-mQ,2026-03-27T19:08:40.017Z,211.0,68.761,68.761
Voice Generation and Voice Cloning by ElevenLabs,https://www.youtube.com/watch?v=jPXzP2UNfDs,,,2026-03-27T19:02:57.317Z,31.0,342.7,31.0
Switch to Unlimited Premium | Google Pixel 10a on us,https://www.youtube.com/watch?v=sma1KORdsNU,,,2026-03-27T19:02:31.037Z,21.0,26.28,21.0
DCD-Duo-3940| Hulu,https://www.youtube.com/watch?v=rXQQTC2Z9ck,,,2026-03-27T18:59:01.725Z,31.0,209.312,31.0
Obvious Suspect in Reporter's Mysterious Murder is Never Charged | Sarah Greenhalgh Case Analysis,https://www.youtube.com/watch?v=TYLz-GmxvME,Dr. Todd Grande,https://www.youtube.com/channel/UCC_0vyFTKk1Nlodo4QsiQkw,2026-03-27T18:55:41.963Z,842.0,199.762,199.762
CMA02299.MS.Real.Life_VER_v1_1920_1080_DUR_30S_LNG_ENGLBL.mp4,https://www.youtube.com/watch?v=BqkMZiw6OzQ,,,2026-03-27T18:55:09.687Z,31.0,32.276,31.0
Shortened: Toon Blast - Fossilbug-boardaccomp 30s L,https://www.youtube.com/watch?v=wGKE6VGIxHQ,,,2026-03-27T18:55:00.414Z,8.0,9.273,8.0
Google Fi Wireless | Travel Hack | 16x9,https://www.youtube.com/watch?v=qG3Ya_SUZaM,,,2026-03-27T18:53:55.553Z,20.0,64.861,20.0
D600000 WPLA1256 NULL GOOGLE FY27 SAVVINESS XCAT ASRA DGRX VID 1920x1080 15 GM AA EL 26010730041EAD1,https://www.youtube.com/watch?v=lMWnyOXjlnU,,,2026-03-27T18:53:35.086Z,16.0,20.467,16.0
Shortened: Toon Blast - Ballpool-wall 30s L,https://www.youtube.com/watch?v=okuCBbx24XY,,,2026-03-27T18:53:30.836Z,27.0,4.25,4.25
A Night to Remember,https://www.youtube.com/watch?v=dyEAyHDRqJ4,Shalamar - Topic,https://www.youtube.com/channel/UCbzE-sp6wsO23cpJJGAg4VQ,2026-03-27T18:48:22.122Z,313.0,308.714,308.714
cid=36a3b7597f9ad288b03a794a7d13c01c,https://www.youtube.com/watch?v=gKjWpDfQzx8,,,2026-03-27T18:47:53.433Z,50.0,28.689,28.689
Google AI Pro,https://www.youtube.com/watch?v=sf7Qnq045OA,,,2026-03-27T18:47:23.493Z,25.0,29.94,25.0
OAI Task2 USA Fitness 9x16 12s,https://www.youtube.com/watch?v=-1t1VHV8Tzg,,,2026-03-27T18:41:54.610Z,12.0,328.883,12.0
Police Refuse to Investigate Reports of Missing Landlord | Pamela Ann Merritt Case Analysis,https://www.youtube.com/watch?v=2Y_OokevviQ,Dr. Todd Grande,https://www.youtube.com/channel/UCC_0vyFTKk1Nlodo4QsiQkw,2026-03-27T18:38:44.508Z,879.0,190.102,190.102
Get them both,https://www.youtube.com/watch?v=mF3UZgb4f7c,,,2026-03-27T18:37:01.244Z,31.0,103.264,31.0
MGD StPatricksDay2026 Daisy 59sec V233186 59 1920x1080 S831 AndroidiOSPC English&IMG=4ZXE,https://www.youtube.com/watch?v=-yJKSvAroI0,,,2026-03-27T18:36:40.555Z,60.0,20.689,20.689
"Evil Wife Kills Husband, Pretends To Be Shocked",https://www.youtube.com/watch?v=w9BDPodlqt8,Insanity Bodycam,https://www.youtube.com/channel/UC0hPh-s57PdU215UJglALCw,2026-03-27T18:20:09.263Z,1129.0,991.292,991.292
Ghirardelli Intense Dark Chocolate,https://www.youtube.com/watch?v=ubA0cstJixI,,,2026-03-27T18:16:37.831Z,31.0,211.432,31.0
Shortened: RAD PullingAlice 24sec V204174 24 1920x1080 S12638 AndroidiOSPC English&IMG=4DJI,https://www.youtube.com/watch?v=97ScO-a8Yyo,,,2026-03-27T18:16:33.166Z,23.0,4.665,4.665
"Son Lies About Missing Mom, Cops Find Her Body in the Freezer",https://www.youtube.com/watch?v=riOtlWMzhNg,Public Record POV,https://www.youtube.com/channel/UC2JyEiI2XpfHmyLHZPdGEYg,2026-03-27T18:04:37.816Z,1322.0,715.35,715.35
Mother of triplets murdered by husband the day before finalizing divorce,https://www.youtube.com/watch?v=j1hDvKsCsNc,True Crime News,https://www.youtube.com/channel/UC69uYUqvx-vw4luuX7aHNLQ,2026-03-27T18:02:27.802Z,2194.0,130.014,130.014
Police Sergeant Realizes He's Going To Prison,https://www.youtube.com/watch?v=oWKqKwO3cHI,Red Tree Crime,https://www.youtube.com/channel/UCaSOD17PCFgtDq5wwSYzK9g,2026-03-27T18:00:33.566Z,1096.0,114.236,114.236
Eliza Posi Staten Island Bedroom Murder Case | Homicide Hours To Kill,https://www.youtube.com/watch?v=KdNsOWL_9oQ,Homicide: Hours To Kill,https://www.youtube.com/channel/UC-fClgS3qKh_DbJo34MoCuA,2026-03-27T18:00:18.368Z,7838.0,15.198,15.198
Husband's Perfect Plan To Murder Wife Exposed By A Single Mistake,https://www.youtube.com/watch?v=U1-gbGkQd2c,The Decoder,https://www.youtube.com/channel/UCIvrrLDLHfGxgfc7CgIGUfg,2026-03-27T18:00:08.284Z,1407.0,10.084,10.084
MPY-53789_Pets Scottie is Awaiting_1920x1080_18s_v02_xk7sbpy9vf_xk7sbpy9vf.mp4,https://www.youtube.com/watch?v=JVH46UUa54k,,,2026-03-27T17:59:58.740Z,19.0,9.544,9.544
"Teen Goes Missing - Hours Later, Parents Make Shocking Discovery",https://www.youtube.com/watch?v=AgGrsemT5bg,Mysterious 7,https://www.youtube.com/channel/UCjRdMPERN1T0LwAtnshS9UQ,2026-03-27T17:56:11.791Z,1568.0,226.949,226.949
Acting Up - 30s ENG_Optimized,https://www.youtube.com/watch?v=BE5IB9JnPDs,,,2026-03-27T17:55:43.525Z,31.0,28.266,28.266
Google AI Pro,https://www.youtube.com/watch?v=wSYC0JzFW6E,,,2026-03-27T17:55:13.826Z,25.0,29.699,25.0
Mysterious Disappearance Followed by Inconsistent Stories | DeOrr Kunz Jr. Case Analysis,https://www.youtube.com/watch?v=rm99kDO8a5s,Dr. Todd Grande,https://www.youtube.com/channel/UCC_0vyFTKk1Nlodo4QsiQkw,2026-03-27T17:54:54.173Z,1166.0,19.653,19.653
Abundance-Stop The Shedding-15s-Horizontal,https://www.youtube.com/watch?v=bt4SjlRY7bE,,,2026-03-27T17:54:29.098Z,16.0,25.075,16.0
Ranger's Path: National Park Simulator – Early Access Release Clip 1,https://www.youtube.com/watch?v=06NmfQ0d5dU,,,2026-03-27T17:47:46.048Z,17.0,403.05,17.0
See how Amazon is empowering American small businesses,https://www.youtube.com/watch?v=I_FQgCNqa_g,,,2026-03-27T17:47:29.461Z,16.0,16.587,16.0
Jet Dry Residude 15s,https://www.youtube.com/watch?v=Mq08GpmpG5A,,,2026-03-27T17:47:12.861Z,15.0,16.6,15.0
Auto Tune - The General 15s ENG,https://www.youtube.com/watch?v=koL36h8CuZo,,,2026-03-27T17:46:56.711Z,16.0,16.15,16.0
Real Killer Identified After False Conviction | Christine Jessop Case Analysis,https://www.youtube.com/watch?v=xsuwT4NJbDM,Dr. Todd Grande,https://www.youtube.com/channel/UCC_0vyFTKk1Nlodo4QsiQkw,2026-03-27T17:37:45.395Z,927.0,551.316,551.316
"Dr. Squatch | ""The Essentials"" | Manlandia",https://www.youtube.com/watch?v=pU17bzy-uEQ,,,2026-03-27T17:25:30.741Z,16.0,734.654,16.0
Life Insurance for Military,https://www.youtube.com/watch?v=R1-wboQBukU,,,2026-03-27T17:25:14.554Z,15.0,16.187,15.0
Christopher Vaughn Case Analysis | Dissociative Amnesia or Malingering?,https://www.youtube.com/watch?v=xRTix_jE2yA,Dr. Todd Grande,https://www.youtube.com/channel/UCC_0vyFTKk1Nlodo4QsiQkw,2026-03-27T17:16:02.468Z,1231.0,552.086,552.086
"Start Quality, Affordable Mental Health Care with Rula",https://www.youtube.com/watch?v=uD-jG4M068U,,,2026-03-27T17:06:33.628Z,16.0,568.84,16.0
All in a Day | maurices,https://www.youtube.com/watch?v=MiLpFzio2V8,,,2026-03-27T17:06:26.090Z,7.0,7.538,7.0
Clean Harsh Chemicals with WypAll® X70 Cloths: The Right Wipe for Tough Cleanup Tasks​,https://www.youtube.com/watch?v=O2q6ldjbBMg,,,2026-03-27T17:06:09.524Z,16.0,16.566,16.0
How Conservative Women in America act 😂🇺🇸 #shorts,https://www.youtube.com/watch?v=JbZIlQdjzu0,Druski,https://www.youtube.com/channel/UC4PQqjGczpgmqbpicKjkwvw,2026-03-27T17:02:12.983Z,140.0,236.541,140.0
Former Prosecutor Murders Governor's Secretary | Anne Marie Fahey and Thomas Capano,https://www.youtube.com/watch?v=Hbn0DLhRWRw,Dr. Todd Grande,https://www.youtube.com/channel/UCC_0vyFTKk1Nlodo4QsiQkw,2026-03-27T16:56:21.813Z,1062.0,351.17,351.17
Shortened: MGD Milford DaisyRitaStory Ep1 6 V2 V187377 59 1920x1080 S1080 Android iOS English&IMG=40,https://www.youtube.com/watch?v=cpSoAdfnNKs,,,2026-03-27T16:55:54.933Z,24.0,26.88,24.0
PTSLG_V_EN_3D_PT打打打劫_CB_709_1920x1080_58s_260209_NR_1105552,https://www.youtube.com/watch?v=EJvJoXbL6gw,,,2026-03-27T16:41:58.927Z,59.0,836.006,59.0
fz0504cen1920x1080,https://www.youtube.com/watch?v=QMgI9QS9i9g,,,2026-03-27T16:41:13.446Z,7.0,45.481,7.0
Wife's Infidelity Leads to Three Suspects in Her Murder | Stephanie Roller Bruner Case Analysis,https://www.youtube.com/watch?v=P1mfLHW2nYw,Dr. Todd Grande,https://www.youtube.com/channel/UCC_0vyFTKk1Nlodo4QsiQkw,2026-03-27T16:37:44.669Z,963.0,208.777,208.777
NU0150 CashbackConceptMom IT001 V001 1920x1080 19092025 EN US 36sec,https://www.youtube.com/watch?v=FkxdBUCqG-U,,,2026-03-27T16:36:03.908Z,37.0,100.761,37.0
Shortened: AB2 ScalerReaction Oct25 59s 1920x1080 - ROVAB21058016,https://www.youtube.com/watch?v=jvh5OmHVkp4,,,2026-03-27T16:32:41.552Z,16.0,202.356,16.0
Send Money With Ria,https://www.youtube.com/watch?v=CXrKt3c-1Ho,,,2026-03-27T16:32:22.295Z,6.0,19.257,6.0
Puzzles & Survival,https://www.youtube.com/watch?v=zPUwY0uKa18,,,2026-03-27T16:19:52.317Z,54.0,749.978,54.0
The Great Green Ingredient | Green is Good,https://www.youtube.com/watch?v=VepF9ixH2nQ,,,2026-03-27T16:05:27.963Z,7.0,864.354,7.0
The Perfect Christian Couple’s Deadly Secret | Targeted For Murder | Full Episode,https://www.youtube.com/watch?v=WrthZ-opFEw,Killer Crime,https://www.youtube.com/channel/UCbUUk7FEoUoxBkXdvxRLnJg,2026-03-27T15:49:23.783Z,2587.0,964.18,964.18
CMA02579.AnimateVikingQuest_VER_v1_1920_1080_DUR_30S_LNG_ENGLBL.mp4,https://www.youtube.com/watch?v=Ig1xj-pDwW0,,,2026-03-27T15:49:14.025Z,31.0,9.758,9.758
ABC 20 20 New 2026 🍀🍀🍀Breaking Silence The Untold Story You Weren't Supposed to Hear,https://www.youtube.com/watch?v=_GYFVIyeHGM,ASIA ENT,https://www.youtube.com/channel/UCIFDqVuWTW-ggGLWSHKQVxg,2026-03-27T15:48:05.744Z,,68.281,68.281
Police rescue young girl from her mother’s toxic boyfriend,https://www.youtube.com/watch?v=OMhPMpFif3g,NESNAS BODYCAM,https://www.youtube.com/channel/UCzlAOnMzcBP852R-KBTBTIw,2026-03-27T15:35:15.496Z,1978.0,770.248,770.248
Puzzles & Survival,https://www.youtube.com/watch?v=amcwaEpVBMs,,,2026-03-27T15:34:26.266Z,47.0,49.23,47.0
See how Amazon is empowering hourly employees,https://www.youtube.com/watch?v=otBdDVCmwps,,,2026-03-27T15:33:54.451Z,31.0,31.815,31.0
EJ Johnson Sparks Backlash After Saying He’s “Cuter Than Any Female” And Only Dates The Straights,https://www.youtube.com/watch?v=dpB3ngUvYCQ,Lovelyti TV,https://www.youtube.com/channel/UCQzzrNOmf-xduT_1_c-Mrrw,2026-03-27T15:33:05.244Z,1896.0,49.207,49.207
DCD-Soci-3916| Hulu,https://www.youtube.com/watch?v=BiAQlspl7Q8,,,2026-03-27T15:32:25.519Z,16.0,39.725,16.0
SoFi Checking and Savings,https://www.youtube.com/watch?v=N0pF-2X0wn8,,,2026-03-27T15:24:38.259Z,15.0,467.26,15.0
Happy Color®: Paint by Number,https://www.youtube.com/watch?v=wtL32zp_wAI,,,2026-03-27T15:24:23.694Z,14.0,14.565,14.0
Woman Found Not Guilty After Shooting Boyfriend and Putting Him in Cardboard Box | Kuehni Analysis,https://www.youtube.com/watch?v=nh9N3LHSQ20,Dr. Todd Grande,https://www.youtube.com/channel/UCC_0vyFTKk1Nlodo4QsiQkw,2026-03-27T15:17:06.989Z,899.0,436.705,436.705
Another Wellness Trend Reality / Magical Gummies,https://www.youtube.com/watch?v=V-zrY0Cc-xk,,,2026-03-27T15:16:48.418Z,16.0,18.571,16.0
Puzzles & Survival,https://www.youtube.com/watch?v=yJZ3uaaPVQI,,,2026-03-27T15:16:08.148Z,39.0,40.27,39.0
Give your business the winning edge. Switch to Shopify today,https://www.youtube.com/watch?v=W4d_-T2OUmY,,,2026-03-27T15:12:33.258Z,31.0,214.89,31.0
OLD0035 MergingAndCounting IT003 V001 1920x1080 29102025 EN US 29sec,https://www.youtube.com/watch?v=z9Ejr3cJZlU,,,2026-03-27T15:12:02.385Z,30.0,30.873,30.0
"2026 Outback ""New Look"" - February ALTL Tag",https://www.youtube.com/watch?v=kisJv8Am8mE,,,2026-03-27T15:11:45.805Z,16.0,16.58,16.0
Video Ad,https://www.youtube.com/watch?v=XJ4Ec742syA,,,2026-03-27T14:54:48.654Z,61.0,1017.151,61.0
Puzzles & Survival,https://www.youtube.com/watch?v=K2cVFKtoQDA,,,2026-03-27T14:39:01.053Z,39.0,947.601,39.0
ROK_V_EN_AI_雅典伟大复兴_CB_1_1920x1080_6s_260313_NR_1123726,https://www.youtube.com/watch?v=gCk-nC-99BA,,,2026-03-27T14:38:17.207Z,6.0,43.846,6.0
What The Neighbors Saw | Full Episode,https://www.youtube.com/watch?v=x1LGC3c2-NQ,48 Hours,https://www.youtube.com/channel/UC7htuVs06oduI3xSfTdcxPA,2026-03-27T14:27:26.614Z,2490.0,650.593,650.593
10 Texts That Were Removed From the Bible and Why,https://www.youtube.com/watch?v=4ExzpAhTzyg,Religious Rachi,https://www.youtube.com/channel/UChjl71DgN0OxnL0Ab9qQlEQ,2026-03-27T09:10:52.983Z,3622.0,18993.631,3622.0
48 Mystery 2026 Full Episode 🔶🔶Things You Can't Unsee👹👹 Murder Documentary Full HD,https://www.youtube.com/watch?v=RvbFXO--Jdk,Lunex Melody,https://www.youtube.com/channel/UCo2Dn5nXs1FOnFa1DFnQgZQ,2026-03-27T09:10:24.214Z,,28.769,28.769
"AFFAIR? Utah Mom Charged with Husband's Murder, Body Missing, Parents Arrested!",https://www.youtube.com/watch?v=_47oanqAZ_Y,Grizzly True Crime,https://www.youtube.com/channel/UCY04IfK5QlS8nWDU22bEXig,2026-03-27T09:10:02.318Z,4420.0,21.896,21.896
Why SpaceX Will Never Build a City on Mars,https://www.youtube.com/watch?v=dDWr-E1EozY,Sleep On Science,https://www.youtube.com/channel/UC-TjVEuwB5EwpA4k8XQulag,2026-03-27T08:59:35.067Z,7249.0,627.251,627.251
This Planet Could Become Our New Home,https://www.youtube.com/watch?v=A1eSIZIG2SA,Calm Space,https://www.youtube.com/channel/UCXyJmt3PKv0fbsU9DtcreEw,2026-03-27T08:58:47.654Z,7953.0,47.413,47.413
US Senate Passes Homeland Security Deal,https://www.youtube.com/watch?v=AbT4KKR4Zgg,Bloomberg Television,https://www.youtube.com/channel/UCIALMKvObZNtJ6AmdCLP7Lg,2026-03-27T08:58:16.370Z,72.0,31.284,31.284
COC.5ReasonstoClash.UA.EN.59s.16x9$COC0326-8.mp4,https://www.youtube.com/watch?v=HcabzsbIyQk,,,2026-03-27T08:57:32.716Z,59.0,43.654,43.654
Google AI Pro,https://www.youtube.com/watch?v=0ylixv0zg0M,,,2026-03-27T08:57:09.536Z,22.0,23.18,22.0
Video Ad,https://www.youtube.com/watch?v=BYsNTvcsujc,,,2026-03-27T08:56:52.853Z,16.0,16.683,16.0
Introducing CeraVe's New Face of Legs,https://www.youtube.com/watch?v=uuL-uM3WaKw,,,2026-03-27T08:56:36.462Z,16.0,16.391,16.0
Pedestrian Vehicle 30s,https://www.youtube.com/watch?v=FRuCnorBBI0,,,2026-03-27T08:43:05.242Z,31.0,811.22,31.0
D600000 WPLA1207 NULL GOOGLE FY27 SAVVINESS XCAT ASRA DVGS VID 1920x1080 15 GM AA EL 26010730041EAD1,https://www.youtube.com/watch?v=poB-pGYhATI,,,2026-03-27T08:42:48.510Z,16.0,16.732,16.0
1ASO2325000H6D16 ASO Spring LightsOff 6 16x9 ENG OLV HD,https://www.youtube.com/watch?v=IN0FR8yDOKs,,,2026-03-27T08:42:40.912Z,7.0,7.598,7.0
Wicked: For Good | Streaming Now Only on Peacock,https://www.youtube.com/watch?v=HeVpxmKv5Qc,,,2026-03-27T08:42:24.577Z,16.0,16.335,16.0
L'Oreal Paris Faux Brow: Bare to Brow,https://www.youtube.com/watch?v=kD6k8xQuMqg,,,2026-03-27T08:42:17.174Z,7.0,7.403,7.0
40985826,https://www.youtube.com/watch?v=Q0Gpu7XNHaU,,,2026-03-27T08:27:33.538Z,16.0,883.636,16.0
Beauty Event,https://www.youtube.com/watch?v=zR3JgYEs1jo,,,2026-03-27T08:27:16.901Z,16.0,16.637,16.0
Dinner Party | JCPenney Brand 15 GM,https://www.youtube.com/watch?v=Mg0NrCfiMSU,,,2026-03-27T08:27:00.413Z,16.0,16.488,16.0
"Daydream | The Biltmore | For Real, Visit NC '26",https://www.youtube.com/watch?v=bYOAhBLG8rM,,,2026-03-27T08:26:43.489Z,16.0,16.924,16.0
The Lunchables Effect,https://www.youtube.com/watch?v=Xn7MWuBcddU,,,2026-03-27T08:26:36.410Z,7.0,7.079,7.0
Why Reaching Pluto or Proxima Centauri Is Still Impossible | Space Documentary,https://www.youtube.com/watch?v=Vhjtzcqlvok,WUFO - Science Documentaries,https://www.youtube.com/channel/UCAwfCgYna9kN2XRx0-wObyQ,2026-03-27T08:11:56.850Z,2714.0,879.56,879.56
Why You Should Go Solar,https://www.youtube.com/watch?v=LyDy3HWTrC8,,,2026-03-27T08:11:48.687Z,48.0,8.163,8.163
48 Mystery 2026 Full Episode 🔶🔶 A Family Affair 👹👹 Murder Documentary Full HD,https://www.youtube.com/watch?v=5WybQkD9Ej8,Lunex Melody,https://www.youtube.com/channel/UCo2Dn5nXs1FOnFa1DFnQgZQ,2026-03-27T08:10:37.772Z,,70.915,70.915
Get the good stuff™,https://www.youtube.com/watch?v=oe1qL5TLqCA,,,2026-03-27T08:10:18.596Z,7.0,19.176,7.0
Mike & Nick & Nick & Alice | Bad Guys | Now Streaming on Hulu & with Hulu on Disney+,https://www.youtube.com/watch?v=ZqJaa1rv54g,,,2026-03-27T08:03:11.425Z,42.0,427.171,42.0
PetSmart X Hill's National Adoption Week March,https://www.youtube.com/watch?v=hHFSZTWemes,,,2026-03-27T08:02:32.329Z,7.0,39.096,7.0
Discover your next chapter with Schwarzkopf Keratin Color,https://www.youtube.com/watch?v=Z7VCafwrfqk,,,2026-03-27T08:02:16.136Z,16.0,16.193,16.0
The True Scale of the Universe Will MELT Your Mind,https://www.youtube.com/watch?v=mpAh61JAD3Y,Sleep On Science,https://www.youtube.com/channel/UC-TjVEuwB5EwpA4k8XQulag,2026-03-27T07:32:10.708Z,6468.0,1805.428,1805.428
Love | Truth Tellers | Liberty Mutual Insurance Commercial,https://www.youtube.com/watch?v=B7cZ68gorNY,,,2026-03-27T07:32:00.913Z,16.0,9.795,9.795
Melty Goodness in Every Grilled Cheese,https://www.youtube.com/watch?v=gOYpgr9bCZs,,,2026-03-27T07:31:20.053Z,16.0,40.86,16.0
Married to Evil 2026 💀 War of the Wilders 💀 True Crime Documentary ID Podcast,https://www.youtube.com/watch?v=U3-tI9IBPpA,Married to a Monster,https://www.youtube.com/channel/UCpcMSAYl4Z9ZocC7SNc0vWg,2026-03-27T07:30:37.124Z,8440.0,42.929,42.929
40982392,https://www.youtube.com/watch?v=l8wA4AJ_kmM,,,2026-03-27T07:26:18.590Z,16.0,258.534,16.0
"Nadula - Glueless wigs, pre-everything",https://www.youtube.com/watch?v=IW7rFdnVtrU,,,2026-03-27T07:26:06.242Z,11.0,12.348,11.0
Undo Your Flu Symptoms | NyQuil Intense Flu Multi-Symptom,https://www.youtube.com/watch?v=SWehlZWaCUI,,,2026-03-27T07:25:58.897Z,6.0,7.345,6.0
Big dreams start with little imaginations. Take them to the place where magic is real.,https://www.youtube.com/watch?v=xjtRMomrPpo,,,2026-03-27T07:25:42.657Z,16.0,16.24,16.0
"Pepsi Wild Cherry and Cream, Treat Yourself",https://www.youtube.com/watch?v=ih3136q_xEg,,,2026-03-27T07:25:35.678Z,,6.979,6.979
Google AI Pro,https://www.youtube.com/watch?v=2BFPtsFBOjU,,,2026-03-27T07:08:03.235Z,18.0,1052.443,18.0
Always Pocket Flexfoam,https://www.youtube.com/watch?v=ZGFbZuV7M08,,,2026-03-27T07:07:46.606Z,16.0,16.629,16.0
2026 YGYW Any Way You Want JOURNEY 15 SLT1112251AH YouTube,https://www.youtube.com/watch?v=21JbWfLmwio,,,2026-03-27T07:07:29.970Z,16.0,16.636,16.0
Chick-fil-A | GM | Three Tiers of Flavor | :06 | OLV,https://www.youtube.com/watch?v=P3Y6eo2UjfE,,,2026-03-27T07:07:22.258Z,7.0,7.712,7.0
FROM Season 1 Recap,https://www.youtube.com/watch?v=vmu8QrCVx4I,The Recaps,https://www.youtube.com/channel/UCKkyKSZ0o5mg_DW2EWZBAcw,2026-03-27T06:54:42.321Z,7064.0,759.937,759.937
The End of Oak Street | Official Teaser Trailer,https://www.youtube.com/watch?v=IoHWPAN6FPg,,,2026-03-27T06:54:34.122Z,93.0,8.199,8.199
L'Oréal Paris Triple Power Moisturizer,https://www.youtube.com/watch?v=BK2blZpF7Ck,,,2026-03-27T06:54:26.591Z,7.0,7.531,7.0
From Church Pews to Secret Meetings: A Deadly Double Life | Death By Gossip | Full Episode,https://www.youtube.com/watch?v=779d4a4EisU,Killer Crime,https://www.youtube.com/channel/UCbUUk7FEoUoxBkXdvxRLnJg,2026-03-27T06:53:45.459Z,2842.0,41.132,41.132
Woman Stabbed 89 Times And Left To Die Alone | Finally Caught | Crime Up Close,https://www.youtube.com/watch?v=QxDdvkVNfC4,Crime Up Close,https://www.youtube.com/channel/UC_HjTn8kjf9QSuYM6SqdKJg,2026-03-27T06:53:09.084Z,2544.0,36.375,36.375
Killer Thinks He Got Away With Murder But Made ONE Mistake,https://www.youtube.com/watch?v=CqWGcZnot0o,Tangled Web Interrogations ,https://www.youtube.com/channel/UCvQanARUwscyWmaHArQFhiA,2026-03-27T06:52:42.411Z,3007.0,26.673,26.673
https://www.youtube.com/watch?v=evB05HpCBDY,https://www.youtube.com/watch?v=evB05HpCBDY,,,2026-03-27T06:52:19.599Z,,22.812,22.812
Perimenopause is crazy,https://www.youtube.com/watch?v=XNTe7erJ1oE,KevOnStage,https://www.youtube.com/channel/UC5Zc0EUB-km6in-55cK7k2g,2026-03-27T06:43:31.573Z,95.0,528.026,95.0
Can We Fix Disney?,https://www.youtube.com/watch?v=Ais8fhWKfDU,Adam Does Movies,https://www.youtube.com/channel/UCmuP70--NYoqgyo3N0ZwDCA,2026-03-27T06:42:46.608Z,1578.0,44.965,44.965
Take Zesty to go with RITZ Zesty Herb Fresh Stacks.,https://www.youtube.com/watch?v=6GfhJOcYYck,,,2026-03-27T06:42:28.606Z,7.0,18.002,7.0
DCD-Blin-4048| Hulu,https://www.youtube.com/watch?v=9cycSw1vImo,,,2026-03-27T06:42:26.441Z,16.0,2.165,2.165
48 Mystery 2026 Full Episode 🔶🔶 Driven to Murder 👹👹 Murder Documentary Full HD,https://www.youtube.com/watch?v=sy5UrXMB0n8,Lunex Melody,https://www.youtube.com/channel/UCo2Dn5nXs1FOnFa1DFnQgZQ,2026-03-27T06:27:47.622Z,,878.819,878.819
ct~CA gp~SaveGrow f~LAVideo a~Earners c~Gio 06 s~16x9,https://www.youtube.com/watch?v=vgaMO5j3JSU,,,2026-03-27T06:26:52.642Z,7.0,54.98,7.0
ABC 20/20 [New] 2026 🍀🍀🍀 My daughter's nightmare 🍀🍀🍀ABC 20/20 Season 2026 Full Episode,https://www.youtube.com/watch?v=kKFQt7UCLCQ,ASIA ENT,https://www.youtube.com/channel/UCIFDqVuWTW-ggGLWSHKQVxg,2026-03-27T06:25:19.350Z,,93.292,93.292
Why Ships AVOID the Arctic Route Above Russia,https://www.youtube.com/watch?v=MHAdwCqjDmg,Map Pack,https://www.youtube.com/channel/UCb0JxFSwHTzH0AEsAzQHV4w,2026-03-27T06:14:37.275Z,1546.0,642.075,642.075
How Life Evolved? — 100 Facts to Fall Asleep To — No Adverts,https://www.youtube.com/watch?v=omQw1xGAmQI,Sleepy Science Channel,https://www.youtube.com/channel/UCNZegH5HQPx_chNsPqJw1Rw,2026-03-27T06:01:05.542Z,9021.0,811.733,811.733
Google AI Pro,https://www.youtube.com/watch?v=iCO-7UMlcs4,,,2026-03-27T06:00:30.248Z,33.0,35.294,33.0
Toon Blast - Lever-acidunderwater-3d-ctv 30s L,https://www.youtube.com/watch?v=PDCqvfZIutQ,,,2026-03-27T05:49:07.810Z,30.0,682.438,30.0
6645948   KER SOC Kerastase Demi Moore Hero Video US Legal Adaptation 6s 16 9,https://www.youtube.com/watch?v=anJWrtb0YDY,,,2026-03-27T05:49:00.220Z,6.0,7.59,6.0
2026_FordShopper_ML_BRCBRSXPAEXA_Y3W_FDAF_DriveHomeALegend-BRSOffer-Mar31st_ACL_15_FPYW2020000H,https://www.youtube.com/watch?v=BuLY0iHDnMs,,,2026-03-27T05:48:44.014Z,,16.206,16.206
Why Our Solar System Is Perfectly Designed For Life,https://www.youtube.com/watch?v=uV87U4I2TB8,Some Guy Who Knows Stuff,https://www.youtube.com/channel/UCGqQr5XRhcN4wBkVCEejQsQ,2026-03-27T05:38:44.506Z,1183.0,599.508,599.508
Shortened: Match Factory - Matchmaker-v2-lnm 60s L,https://www.youtube.com/watch?v=J6YoeVa0isg,,,2026-03-27T05:37:26.373Z,16.0,78.133,16.0
USNNWEG3250H A New Way to Wegovy The Pill 2 16x9 75,https://www.youtube.com/watch?v=rnOQS_H35GQ,,,2026-03-27T05:27:52.057Z,76.0,574.316,76.0
Swoon | Truth Tellers | Liberty Mutual Insurance Commercial,https://www.youtube.com/watch?v=dE5UsXXhREw,,,2026-03-27T05:26:56.681Z,16.0,55.376,16.0
Why Earth Is Suspiciously Perfect For Life,https://www.youtube.com/watch?v=ZFMwuXsQsSI,Some Guy Who Knows Stuff,https://www.youtube.com/channel/UCGqQr5XRhcN4wBkVCEejQsQ,2026-03-27T05:18:20.775Z,1010.0,515.906,515.906
MGD M3BombHook V233855 20 1920x1080 S20 AndroidiOSPC English&IMG=50FZ,https://www.youtube.com/watch?v=FRnlWAykJ3s,,,2026-03-27T05:17:58.673Z,20.0,22.102,20.0
BAND AID 1984: Do They Know It's Christmas! | Then and Now #thenandnow #nostalgia #80smusic,https://www.youtube.com/watch?v=D9S7rSvcyVM,Echo Lives,https://www.youtube.com/channel/UCZCxylI_9YSjPP3NtAWnH3A,2026-03-27T05:16:09.142Z,353.0,109.531,109.531
LIVE: Dateline 24/7,https://www.youtube.com/watch?v=bDFbLCt5V0Y,Dateline NBC,https://www.youtube.com/channel/UCu3sKtOW9TGaErPsAYVPplA,2026-03-27T05:15:43.368Z,0.0,25.774,0.0
Dinner Party | JCPenney Brand 06 GM,https://www.youtube.com/watch?v=tD19bYAiOUY,,,2026-03-27T05:15:33.225Z,7.0,10.143,7.0
ViX Video SVOD UF Argentina vs Mauritania 15s 16x9 v1,https://www.youtube.com/watch?v=axQo-KJ8sKE,,,2026-03-27T05:15:33.165Z,15.0,0.06,0.06
Shortened: DS-V-071-001_DancingWorld_EN_30s_1920x1080.mp4,https://www.youtube.com/watch?v=JILPFjobX-E,,,2026-03-27T05:07:02.591Z,16.0,510.574,16.0
"Micro Changes, Big Results from Noom",https://www.youtube.com/watch?v=Gv38-OwGYoA,,,2026-03-27T05:06:46.079Z,16.0,16.512,16.0
ROK_V_EN_AI_行军时代_CB_1_1920x1080_6s_260313_NR_1123722,https://www.youtube.com/watch?v=vqwTtg_77UE,,,2026-03-27T05:06:31.228Z,6.0,14.851,6.0
Was Moon Landing Faked by CIA,https://www.youtube.com/watch?v=uNVSj77Jg38,The Infographics Show,https://www.youtube.com/channel/UCfdNM3NAhaBOXCafH7krzrA,2026-03-27T04:52:51.100Z,4703.0,820.128,820.128
MGD Milford DaisyRitaStory Ep1 6 V2 V187377 59 1920x1080 S1080 Android iOS English&IMG=40KX,https://www.youtube.com/watch?v=T-I7qBX0S6U,,,2026-03-27T04:38:10.646Z,60.0,880.454,60.0
Road Pilot 15 16x9,https://www.youtube.com/watch?v=98B6UmhPOTc,,,2026-03-27T04:37:54.052Z,16.0,16.594,16.0
Younger Skin,https://www.youtube.com/watch?v=oVH5nPsvsjg,,,2026-03-27T04:37:47.342Z,6.0,6.71,6.0
Video Ad,https://www.youtube.com/watch?v=5GE7byY8Apo,,,2026-03-27T04:37:31.034Z,16.0,16.308,16.0
Video Ad,https://www.youtube.com/watch?v=v-gt7oLBBjk,,,2026-03-27T04:37:14.791Z,16.0,16.243,16.0
How Long Would It Really Take To Visit Every Solar System  Planet? | 4K,https://www.youtube.com/watch?v=TlYEwO6eQpI,Insane Curiosity,https://www.youtube.com/channel/UCNYaxPiba3oxmeL_3jKxnYA,2026-03-27T04:24:39.966Z,1551.0,754.825,754.825
Why It's IMPOSSIBLE for Aliens to Ever Reach Earth?,https://www.youtube.com/watch?v=HG3mkeu8BG4,Sleep On Science,https://www.youtube.com/channel/UC-TjVEuwB5EwpA4k8XQulag,2026-03-27T04:23:41.164Z,7259.0,58.802,58.802
Shortened: DS V 055 001 MagicalMoments EN 53s 1920x1080,https://www.youtube.com/watch?v=3m9FT2gY7no,,,2026-03-27T04:23:26.147Z,12.0,15.017,12.0
Shortened: Match Factory - Will_bam 30s L,https://www.youtube.com/watch?v=CDBPafIkPDg,,,2026-03-27T04:23:02.549Z,23.0,23.598,23.0
Impact+ Pamela Hydra Source 15s 16x9,https://www.youtube.com/watch?v=zfmXqbh1Bgc,,,2026-03-27T04:15:40.496Z,16.0,442.053,16.0
Video Ad,https://www.youtube.com/watch?v=VpkJyaF5U44,,,2026-03-27T04:15:24.223Z,16.0,16.273,16.0
Video Ad,https://www.youtube.com/watch?v=7jx4mr5dVlM,,,2026-03-27T04:15:07.465Z,16.0,16.758,16.0
QHOM2516000H HOMEGOODS NSTS LAUNCH BUMPER REV 1 NEW MUSIC GIMME MORE VALUE 06 OLV,https://www.youtube.com/watch?v=NU41YEtLM_E,,,2026-03-27T04:15:00.112Z,7.0,7.353,7.0
Your Entire Life Isn't Enough To Visit Every Planet,https://www.youtube.com/watch?v=4NLdlDJqF_A,Today in the Space World,https://www.youtube.com/channel/UCgT03gEq-TVHbs_PCz3KJNw,2026-03-27T04:09:44.584Z,748.0,315.528,315.528
Jeremy (AI Productivity),https://www.youtube.com/watch?v=ziA8HFf4OQ4,,,2026-03-27T04:09:35.514Z,31.0,9.07,9.07
Shortened: DS-V-071-001_DancingWorld_EN_30s_1920x1080.mp4,https://www.youtube.com/watch?v=JILPFjobX-E,,,2026-03-27T03:36:39.063Z,16.0,1976.451,16.0
Shortened: Match Factory - Will_bam 30s L,https://www.youtube.com/watch?v=amt0uwnvaAA,,,2026-03-27T03:36:21.071Z,17.0,17.992,17.0
LIVE: Dateline 24/7,https://www.youtube.com/watch?v=bDFbLCt5V0Y,Dateline NBC,https://www.youtube.com/channel/UCu3sKtOW9TGaErPsAYVPplA,2026-03-27T02:59:58.493Z,0.0,2182.578,0.0
MPY-50584_Sitcom - Double Jail_v2 14s - Cutdown - Video editing_1920x1080_h5i5fob2i0_h5i5fob2i0.mp4,https://www.youtube.com/watch?v=Xrkxv-Xksuw,,,2026-03-27T02:59:49.580Z,15.0,8.913,8.913
Joseph & Kendra Duggar SLAMMED with SHOCKING COURT ORDER! Jason Duggar Goes OFF About Joe's Arrest,https://www.youtube.com/watch?v=DiFVKOS64B8,Without A Crystal Ball,https://www.youtube.com/channel/UCqW9ZAW0ZNqfWo9PZ3OX4Fg,2026-03-27T02:58:54.593Z,1575.0,54.987,54.987
being haircare,https://www.youtube.com/watch?v=ZnWRwBZCces,,,2026-03-27T02:58:49.419Z,15.0,5.174,5.174
CID1000463 BB Progression 60 sec Race+4Corners  Xmax Original EN 60s 1920x1080,https://www.youtube.com/watch?v=3CQgy7zXwJE,,,2026-03-27T02:58:42.334Z,60.0,7.085,7.085
Daughter Enjoys Luxurious Lifestyle Before Murdering Mother | Joanne Witt Case Analysis,https://www.youtube.com/watch?v=VHKhwfPxoiQ,Dr. Todd Grande,https://www.youtube.com/channel/UCC_0vyFTKk1Nlodo4QsiQkw,2026-03-27T02:47:58.827Z,909.0,643.507,643.507
Shortened: Toon Blast - Fossilbug-boardaccomp 30s L,https://www.youtube.com/watch?v=KZvKeYnZcuA,,,2026-03-27T02:47:39.863Z,17.0,18.964,17.0
PRIME-56872_Collect Officers_Enterprise D_EN_1920x1080_29s_1xzwrm29iw_1xzwrm29iw.mp4,https://www.youtube.com/watch?v=b6NP4tcRNUk,,,2026-03-27T02:47:08.861Z,30.0,31.002,30.0
DS V 055 004 MagicalMoments EN 15s 1920x1080,https://www.youtube.com/watch?v=pdN2W9Z6XaM,,,2026-03-27T02:40:06.948Z,16.0,421.913,16.0
Happy Color®: Paint by Number,https://www.youtube.com/watch?v=2-8YTcTFD_A,,,2026-03-27T02:39:53.208Z,13.0,13.74,13.0
CCRR0603000H Grazie 15 HD,https://www.youtube.com/watch?v=aH3_zuLrUqo,,,2026-03-27T02:39:36.791Z,16.0,16.417,16.0
250627_charity提前填完首字母+给答案置灰+字母盘6s+e6s_en_ZW_1920x1080.mp4,https://www.youtube.com/watch?v=KG61jiiHm4Q,,,2026-03-27T02:39:29.324Z,7.0,7.467,7.0
ROK_V_EN_AI_巨头会晤_CB_1_1920x1080_6s_260313_NR_1123710,https://www.youtube.com/watch?v=Wj3k-1PA-ZQ,,,2026-03-27T02:39:21.891Z,6.0,7.433,6.0
Woman Helps Lover Escape Prison Then Reinvents Herself as a Luminary | Toby Dorr Case Analysis,https://www.youtube.com/watch?v=vMQs7DZS9gs,Dr. Todd Grande,https://www.youtube.com/channel/UCC_0vyFTKk1Nlodo4QsiQkw,2026-03-27T02:29:30.875Z,996.0,591.016,591.016
Shortened: MC_VID_943957_DECO_Merge2_NORM_3D_P3_EN_63s_@ID2893515,https://www.youtube.com/watch?v=wB0JKtlJdRk,,,2026-03-27T02:28:42.154Z,46.0,48.721,46.0
Shortened: MPY-56179_Pets Influencer @daryl.sabara - Video_1920x1080_kadxc36dw7_kadxc36dw7.mp4,https://www.youtube.com/watch?v=7ciEjBiwFOM,,,2026-03-27T02:28:10.838Z,30.0,31.316,30.0
CMA02579.AnimateVikingQuest_VER_v1_1920_1080_DUR_30S_LNG_ENGLBL.mp4,https://www.youtube.com/watch?v=Ig1xj-pDwW0,,,2026-03-27T02:20:29.542Z,31.0,461.296,31.0
BumperMark,https://www.youtube.com/watch?v=b6PlHXVkF8o,,,2026-03-27T02:19:50.425Z,7.0,39.117,7.0
Tylenol 6sec edit 04 GM,https://www.youtube.com/watch?v=BVABl57YU4E,,,2026-03-27T02:19:43.045Z,7.0,7.38,7.0
Welcome to Duke's Country - Mayo is Coming! :06 Burger,https://www.youtube.com/watch?v=pDfwOyGB5OM,,,2026-03-27T02:19:35.730Z,7.0,7.315,7.0
Funeral Guestbook-Signing Killer Almost Escapes Justice | Joseph Scott Hatley Case Analysis,https://www.youtube.com/watch?v=ZWwiyXRbCDM,Dr. Todd Grande,https://www.youtube.com/channel/UCC_0vyFTKk1Nlodo4QsiQkw,2026-03-27T02:10:25.532Z,978.0,550.198,550.198
Uncertainty - Brand - Priming - Evergreen - US - English - 30s - 16x9 - CTA ALT.mp4,https://www.youtube.com/watch?v=6lq5mqF9vWY,,,2026-03-27T02:09:52.723Z,31.0,32.809,31.0
WGU - Online Degrees,https://www.youtube.com/watch?v=hKuW0DTehI4,,,2026-03-27T02:00:02.743Z,31.0,589.98,31.0
Get a FREE iPhone or Samsung with TAG Mobile | 10GB Data + Unlimited Talk & Text,https://www.youtube.com/watch?v=NB9Rl1fCX5k,,,2026-03-27T01:59:45.165Z,17.0,17.578,17.0
Reach - Coffee Shop 6s Horizontal,https://www.youtube.com/watch?v=UNuRPxxw0Lg,,,2026-03-27T01:59:37.094Z,7.0,8.071,7.0
Sparkle® Paper Towels | Add to Cart,https://www.youtube.com/watch?v=jAaxounIC3E,,,2026-03-27T01:59:20.716Z,16.0,16.378,16.0
College Student Unconvincingly Fakes Cancer and Earns a Felony | Madison Russo Case Analysis,https://www.youtube.com/watch?v=llqxDq7D_s4,Dr. Todd Grande,https://www.youtube.com/channel/UCC_0vyFTKk1Nlodo4QsiQkw,2026-03-27T01:52:50.271Z,885.0,390.445,390.445
Shortened: GOF3D8386_EN_FZ混剪-解说轻松经营_1920x1080,https://www.youtube.com/watch?v=yCbGc2K9cO4,,,2026-03-27T01:52:19.546Z,30.0,30.725,30.0
Shortened: arc_712_v2_vid_en_16x9_15s_453glowbackground_variant_x_fans_characters_kr_w_r1.mp4,https://www.youtube.com/watch?v=z36JRvemSQg,,,2026-03-27T01:52:05.954Z,13.0,13.592,13.0
https://www.youtube.com/watch?v=KcAINxXQCoA,https://www.youtube.com/watch?v=KcAINxXQCoA,,,2026-03-27T01:44:01.171Z,,484.783,484.783
https://www.youtube.com/watch?v=hIQ8N5AscOc,https://www.youtube.com/watch?v=hIQ8N5AscOc,,,2026-03-27T01:42:09.906Z,,111.265,111.265
Quadriplegic Corn Hole Athlete Dayton Webber Is Arrested For Homicide After Shooting In His Car,https://www.youtube.com/watch?v=WhhaKdM4ZEo,AG Tactical ,https://www.youtube.com/channel/UCo2pHLRDlyKK1D4H4NE4kRw,2026-03-27T01:36:10.983Z,949.0,358.923,358.923
Match Factory - Will_bam 30s L,https://www.youtube.com/watch?v=1OolZLprs88,,,2026-03-27T01:36:06.513Z,30.0,4.47,4.47
MPY-45106_Vidsy repurpose 14 - Dec 1920x1080-V2_ktmbzx2glf_ktmbzx2glf.mp4,https://www.youtube.com/watch?v=xeZAyleM7ZM,,,2026-03-27T01:34:13.026Z,21.0,113.487,21.0
Mom Starves Teen Son Then Blames Rare Disease,https://www.youtube.com/watch?v=qDKxyl4ZL3c,Law&Crime BodyCam,https://www.youtube.com/channel/UCMV3pzWIhJGLYzoHyxBjjNw,2026-03-27T01:32:52.175Z,1406.0,80.851,80.851
Why Anyone Who Goes to Uranus Will NEVER Come Back,https://www.youtube.com/watch?v=IohCSZuI4CA,Cosmicus,https://www.youtube.com/channel/UCZd9f77kiWs7m3uH3Y3NzNA,2026-03-27T01:30:41.464Z,1072.0,130.711,130.711
Budweiser | American Icons - Pour,https://www.youtube.com/watch?v=eD17m593oQE,,,2026-03-27T01:30:13.294Z,7.0,28.17,7.0
Ciara Gives Mesmerizing Ballroom Hip Hop Dance in Rehearsal 👑,https://www.youtube.com/watch?v=OAlQPMSDaNs,Ciara Content,https://www.youtube.com/channel/UCBgwGbkEBoYyUDV1GT2lRsg,2026-03-27T01:26:06.853Z,36.0,246.441,36.0
Shortened: CMB00196.TalkShow.Cowboy_VER_v1_1920_1080_DUR_59S_LNG_ENGLBL.mp4,https://www.youtube.com/watch?v=mirZE4KdyRo,,,2026-03-27T01:20:47.610Z,51.0,319.243,51.0
YT 15 Brand TOUR 24576 Spring Getaway 2397,https://www.youtube.com/watch?v=W8O0xiud0-A,,,2026-03-27T01:11:22.597Z,16.0,565.013,16.0
Shortened: sh0001ben1920x1080,https://www.youtube.com/watch?v=DJvHLloHLTQ,,,2026-03-27T01:03:34.953Z,7.0,467.644,7.0
ASU is #1 in the U.S. for innovation,https://www.youtube.com/watch?v=53X5Vchq6DE,,,2026-03-27T01:03:03.402Z,31.0,31.551,31.0
Video Wide 30s 2026 Rent A Car Cars Are Cool North America Logo,https://www.youtube.com/watch?v=_IqQVKFNyC8,,,2026-03-27T01:02:31.238Z,31.0,32.164,31.0
Killer Doesn’t Know Cops Found Victim’s Torture Tape,https://www.youtube.com/watch?v=4wogOz8VpHo,Beyond Evil,https://www.youtube.com/channel/UC2Bz8MkHXZgCdi6voGQ0v0Q,2026-03-27T01:01:09.426Z,2525.0,81.812,81.812
DSG Brand Sporthood Doorframe 16x9,https://www.youtube.com/watch?v=RU_kfEXejxo,,,2026-03-27T01:00:48.989Z,16.0,20.437,16.0
Marvel Television's Daredevil: Born Again Season 2 | Now Streaming on Disney+,https://www.youtube.com/watch?v=3MuD90-meG8,,,2026-03-27T00:59:59.518Z,16.0,49.471,16.0
'Camper Sleeping' Wife Arrested 13 Years After Husband's Murder | Kenneth Juedes Case Analysis,https://www.youtube.com/watch?v=AFwEgooKENE,Dr. Todd Grande,https://www.youtube.com/channel/UCC_0vyFTKk1Nlodo4QsiQkw,2026-03-27T00:54:51.969Z,1133.0,307.549,307.549
Shortened: GOF3D8191_EN_BJK1凹城运木-加飘雪-金币版_1920x1080,https://www.youtube.com/watch?v=BbjuaRi4b_Q,,,2026-03-27T00:54:09.533Z,40.0,42.436,40.0
Shortened: CMB00195.TalkShow.Red_VER_v1_1920_1080_DUR_30S_LNG_ENGLBL.mp4,https://www.youtube.com/watch?v=b3G-BysfWe8,,,2026-03-27T00:53:41.890Z,27.0,27.643,27.0
"Alexander O'Neal - ""Fake""",https://www.youtube.com/watch?v=vN1RYACiXNs,Alexander O'Neal Official,https://www.youtube.com/channel/UCVNoZyj0kA8YL1X9flCVlxQ,2026-03-27T00:50:34.824Z,190.0,187.066,187.066
Soul For Real - Candy Rain (Official Music Video),https://www.youtube.com/watch?v=Cx0xzO73Amo,Soul4RealVEVO,https://www.youtube.com/channel/UCSSHz61owM3muW__gWnkNJA,2026-03-27T00:47:55.872Z,273.0,158.952,158.952
Luther Vandross - Never Too Much (Official HD Video),https://www.youtube.com/watch?v=pNj9bXKGOiI,LutherVandrossVEVO,https://www.youtube.com/channel/UCMVkGXWfzHs2QH5Jb-4y2jA,2026-03-27T00:43:38.271Z,231.0,257.601,231.0
fz0504cen1920x1080,https://www.youtube.com/watch?v=QMgI9QS9i9g,,,2026-03-27T00:41:07.927Z,7.0,150.344,7.0
fz1090den1920x1080,https://www.youtube.com/watch?v=cwDkP7PcccM,,,2026-03-27T00:41:00.561Z,7.0,7.366,7.0
Alexander O'Neal - Criticize,https://www.youtube.com/watch?v=7gK5iPbd7Hg,Alexander O'Neal Official,https://www.youtube.com/channel/UCWqxaujJ5MPMdRAb_fQHZJw,2026-03-27T00:39:12.724Z,259.0,107.837,107.837
Chris Brown - She Ain't You (Official Video),https://www.youtube.com/watch?v=7V2GzYcRK9E,ChrisBrownVEVO,https://www.youtube.com/channel/UCm1dsgJNnhaLkY3uAdqN4mA,2026-03-27T00:34:24.371Z,256.0,288.353,256.0
'Car Lips' and Perplexing Page Transform Disappearance into Unending Mystery | Zebb Quinn Analysis,https://www.youtube.com/watch?v=lCbgzoon2RI,Dr. Todd Grande,https://www.youtube.com/channel/UCC_0vyFTKk1Nlodo4QsiQkw,2026-03-27T00:22:50.219Z,1172.0,694.152,694.152
cid=14124c8f674cbddd6c59243ab3de7218,https://www.youtube.com/watch?v=70j7XveuuA0,,,2026-03-27T00:21:29.939Z,31.0,80.28,31.0
Shortened: CMB00196.TalkShow.Cowboy_VER_v1_1920_1080_DUR_59S_LNG_ENGLBL.mp4,https://www.youtube.com/watch?v=NFQtc45-qYk,,,2026-03-27T00:10:42.329Z,21.0,647.61,21.0
Shortened: DS V 055 001 MagicalMoments EN 53s 1920x1080,https://www.youtube.com/watch?v=5H_uGx_eG44,,,2026-03-27T00:10:26.813Z,14.0,15.516,14.0
Video Ad,https://www.youtube.com/watch?v=_VuTFeaucTs,,,2026-03-27T00:10:10.234Z,16.0,16.579,16.0
251116_iGHG_K2_ThanksGiving_169_6s0.mp4,https://www.youtube.com/watch?v=zTw8zhWVS00,,,2026-03-27T00:10:02.768Z,7.0,7.466,7.0
fz0508ben1920x1080,https://www.youtube.com/watch?v=PGeT1NIbmlY,,,2026-03-27T00:09:55.418Z,7.0,7.35,7.0
Killer Argues 'Defense of Another' in Bizarre 'Rose Petal Murder' | Zachary Hughes Case Analysis,https://www.youtube.com/watch?v=nP1Kx2yd7u8,Dr. Todd Grande,https://www.youtube.com/channel/UCC_0vyFTKk1Nlodo4QsiQkw,2026-03-27T00:01:10.684Z,1151.0,524.734,524.734
"Introducing Homes Ai, Your Home Search Guide | Homes.com",https://www.youtube.com/watch?v=xUJsGw0Jyd4,,,2026-03-27T00:00:52.523Z,16.0,18.161,16.0
PRIME-55368_TNG_First_Contact-Trailer_1920x1080_EN_44S_bar71bubbj_bar71bubbj.mp4,https://www.youtube.com/watch?v=LSnbuNrAXxk,,,2026-03-26T23:49:48.669Z,45.0,663.854,45.0
FAT2D04635_EN_zz果汁杯大西瓜餐厅订单条多阶棋子叠加摆放L版试玩转视频6s_1920x1080,https://www.youtube.com/watch?v=SdePMV98tT4,,,2026-03-26T23:49:40.077Z,7.0,8.592,7.0
Complex Bathroom Interaction Leads to Murder Charges | Matthew Ecker & Alex Pennig Case Analysis,https://www.youtube.com/watch?v=2CsWdEmCreg,Dr. Todd Grande,https://www.youtube.com/channel/UCC_0vyFTKk1Nlodo4QsiQkw,2026-03-26T23:40:16.825Z,1077.0,563.252,563.252
CMB00224.BuildOnboardSnow.AttackHalloween_VER_v1_1920_1080_DUR_30S_LNG_ENGLBL.mp4,https://www.youtube.com/watch?v=H9E34gatgXo,,,2026-03-26T23:39:53.990Z,31.0,22.835,22.835
cid=8108a7c3835bd00f7d49c2b13ce77a01,https://www.youtube.com/watch?v=WN9yx8k0dDI,,,2026-03-26T23:31:06.638Z,31.0,527.352,31.0
FAT2D04626_EN_zz果汁杯大西瓜餐厅订单条多阶棋子叠加摆放I版试玩转视频6s_1920x1080,https://www.youtube.com/watch?v=ksl_B_FYZwQ,,,2026-03-26T23:30:27.750Z,7.0,38.888,7.0
Former Cop Responds with a Shotgun to Demand of 'Sex-Free Affair' Partner | Vanessa Mintz Analysis,https://www.youtube.com/watch?v=PjpbwG6be8k,Dr. Todd Grande,https://www.youtube.com/channel/UCC_0vyFTKk1Nlodo4QsiQkw,2026-03-26T23:23:31.475Z,901.0,416.275,416.275
The Sheep Detectives | Official Trailer 2,https://www.youtube.com/watch?v=826SRt1CFbg,,,2026-03-26T23:23:10.070Z,154.0,21.405,21.405
Shortened: CMB00224.BuildOnboardSnow.AttackHalloween_VER_v1_1920_1080_DUR_59S_LNG_ENGLBL.mp4,https://www.youtube.com/watch?v=mvszlf40sj8,,,2026-03-26T23:22:49.702Z,19.0,20.368,19.0
Shortened: PRIME-55368_TNG_First_Contact-Trailer_1920x1080_EN_44S_bar71bubbj_bar71bubbj.mp4,https://www.youtube.com/watch?v=l0WpkE86KkM,,,2026-03-26T23:13:31.930Z,14.0,557.772,14.0
The 3 Red Flags of Fraud :15,https://www.youtube.com/watch?v=VtkPpW7YgjI,,,2026-03-26T23:13:15.435Z,16.0,16.495,16.0
Teacher Shoots Former Police Officer During Alleged Home Invasion | Cara Ryan Case Analysis,https://www.youtube.com/watch?v=s71gSKYKTwM,Dr. Todd Grande,https://www.youtube.com/channel/UCC_0vyFTKk1Nlodo4QsiQkw,2026-03-26T23:06:16.187Z,905.0,419.248,419.248
Cooking Madness Level 196-3 (NO BOOSTERS) 🥟🌸🥂,https://www.youtube.com/watch?v=ehQJC5OrlsY,CherieGaming,https://www.youtube.com/channel/UCdoa_5VHxas5L6vxM78G41g,2026-03-26T23:02:31.440Z,77.0,224.747,77.0
PTSLG_V_EN_3D_圈地帕萌_CB_709_1920x1080_38s_260129_NR_1096514,https://www.youtube.com/watch?v=bd_hd18qUhE,,,2026-03-26T22:56:05.984Z,39.0,385.456,39.0
Florida Mom Busted for Baby Roblox Murder Plot: Police,https://www.youtube.com/watch?v=50pttBUYSrg,Law&Crime Network,https://www.youtube.com/channel/UCz8K1occVvDTYDfFo7N5EZw,2026-03-26T22:43:38.694Z,1244.0,747.29,747.29
MPY-51485_Channel Changers + Community Chest_Sitcom - Video editing_1920x1080_v100..._v100p1j5d0.mp4,https://www.youtube.com/watch?v=No7gc_de6Do,,,2026-03-26T22:43:25.638Z,34.0,13.056,13.056
DCD-Duo-3940| Hulu,https://www.youtube.com/watch?v=rXQQTC2Z9ck,,,2026-03-26T22:41:25.740Z,31.0,119.898,31.0
Newlyweds Executed Outside Delaware Condo | Homicide Hours To Kill,https://www.youtube.com/watch?v=7n4FTO3q3og,Homicide: Hours To Kill,https://www.youtube.com/channel/UC-fClgS3qKh_DbJo34MoCuA,2026-03-26T21:04:29.693Z,7838.0,5816.047,5816.047
Black vs. Korean: We Try Each Other's Barbecue Chicken feat. Anderson .Paak & Yvette Nicole Brown,https://www.youtube.com/watch?v=HGHNb7Rbh1k,Cocoa Butter,https://www.youtube.com/channel/UCcOWHZl_mlhs2Yjo9Lyhb7g,2026-03-26T21:02:40.843Z,1348.0,108.85,108.85
‘Real Housewives’ Stars Caught Stealing $5K from Grocery Store: Cops,https://www.youtube.com/watch?v=Vymr3Zo2eUc,Scandal,https://www.youtube.com/channel/UCOigW7ZdRtWP-CmINcq-DPA,2026-03-26T21:01:45.447Z,1309.0,55.396,55.396
FX's Love Story,https://www.youtube.com/watch?v=XDOXRL6iWJA,,,2026-03-26T21:01:35.057Z,31.0,10.39,10.39
Puzzles & Survival,https://www.youtube.com/watch?v=amcwaEpVBMs,,,2026-03-26T20:57:43.666Z,47.0,231.391,47.0
EM 10004 Video NA RunEscape GunShot BuffszmV24X2 Nor YQXJY F NA EN A bluedemo,https://www.youtube.com/watch?v=zG7kQKXx_cE,,,2026-03-26T20:57:04.752Z,38.0,38.914,38.0
How Zendaya used to be in interviews with Tom Holland #relatable #zendaya #tomholland,https://www.youtube.com/watch?v=xkl5pjOaFyw,zaydante,https://www.youtube.com/channel/UCym_AG0fWkK6oazYp6ye_8w,2026-03-26T20:55:32.632Z,34.0,92.12,34.0
11418120742 10,https://www.youtube.com/watch?v=rKDVkJUS9A4,,,2026-03-26T20:41:34.891Z,26.0,837.741,26.0
Not Just Good at This. Built for This. | Exmark Mowers,https://www.youtube.com/watch?v=uNM1lxBlYpo,,,2026-03-26T20:41:18.662Z,16.0,16.229,16.0
Druski Airs out Erika Kirk & TPUSA,https://www.youtube.com/watch?v=ltDXQePEiEU,Reese Waters,https://www.youtube.com/channel/UCCcr-MvAMettt8yktc9t4ag,2026-03-26T20:27:06.312Z,2765.0,852.35,852.35
Extraordinary,https://www.youtube.com/watch?v=u1S208ZMBxc,,,2026-03-26T20:26:35.038Z,31.0,31.274,31.0
Moms Try Each Other's Soul Food REMATCH feat. Chef Melba,https://www.youtube.com/watch?v=Eh0cvsRFjWU,Cocoa Butter,https://www.youtube.com/channel/UCcOWHZl_mlhs2Yjo9Lyhb7g,2026-03-26T20:25:38.131Z,1164.0,56.907,56.907
Free Stuff | We All Do It,https://www.youtube.com/watch?v=2KxQJeL4KKs,,,2026-03-26T20:24:33.862Z,16.0,64.269,16.0
MARC 3455 BV Ancestry   Obituary   Street Interview Shawn Brown MOTS 60s 16x9,https://www.youtube.com/watch?v=0sKuAmBDJ2c,,,2026-03-26T20:18:45.812Z,58.0,348.05,58.0
"Nadula - Glueless wigs, pre-everything",https://www.youtube.com/watch?v=IW7rFdnVtrU,,,2026-03-26T20:18:33.668Z,11.0,12.144,11.0
Wife 'Helps' Husband Down Steps Before Hiding Body from Unqualified Dog | Rose Chase Case Analysis,https://www.youtube.com/watch?v=6-J0yn9YC1Q,Dr. Todd Grande,https://www.youtube.com/channel/UCC_0vyFTKk1Nlodo4QsiQkw,2026-03-26T20:11:16.710Z,877.0,436.958,436.958
COC.5ReasonstoClash.UA.EN.59s.16x9$COC0326-8.mp4,https://www.youtube.com/watch?v=HcabzsbIyQk,,,2026-03-26T20:10:07.143Z,59.0,69.567,59.0
Made To Move You,https://www.youtube.com/watch?v=iXgRa9q0haE,,,2026-03-26T20:02:11.569Z,31.0,475.574,31.0
Best of BritBox | 15,https://www.youtube.com/watch?v=PmPhaMKtZb4,,,2026-03-26T20:01:55.372Z,15.0,16.197,15.0
Optometrist Imprisoned for Life for Cyberstalking Resulting in Death | Christine Belford Analysis,https://www.youtube.com/watch?v=Hh7Zo1f6sh4,Dr. Todd Grande,https://www.youtube.com/channel/UCC_0vyFTKk1Nlodo4QsiQkw,2026-03-26T19:55:36.515Z,823.0,378.857,378.857
Black vs. White: We Try Each Other's Hot Dogs | Taste Wars,https://www.youtube.com/watch?v=0JW6YRUav7I,Cocoa Butter,https://www.youtube.com/channel/UCcOWHZl_mlhs2Yjo9Lyhb7g,2026-03-26T19:38:09.034Z,1002.0,1047.481,1002.0
Wow! Jarvis Butts is dead after being found unresponsive in his Cell! GREAT NEWS for most!,https://www.youtube.com/watch?v=EtEsnSAdV7g,Carlus King,https://www.youtube.com/channel/UC7eYxt-UPz5fPlDcNCg8lBA,2026-03-26T19:26:38.960Z,1311.0,690.074,690.074
Happy Color®: Paint by Number,https://www.youtube.com/watch?v=wtL32zp_wAI,,,2026-03-26T19:26:29.430Z,14.0,9.53,9.53
Shortened: Toon Blast - Fossilbug-boardaccomp 30s L,https://www.youtube.com/watch?v=wGKE6VGIxHQ,,,2026-03-26T19:26:20.468Z,8.0,8.962,8.0
Get them both,https://www.youtube.com/watch?v=uQrKHHJOmn0,,,2026-03-26T19:25:28.632Z,31.0,51.836,31.0
Jet Dry Residude 15s,https://www.youtube.com/watch?v=Mq08GpmpG5A,,,2026-03-26T19:19:26.556Z,15.0,362.076,15.0
WGU - Online Degrees,https://www.youtube.com/watch?v=rYHyc4E8nKc,,,2026-03-26T19:19:19.203Z,7.0,7.353,7.0
Wild Turkey 101- Product_VIDEO - 1920X1080 _6s_Local_English_Brand Site_2026-LEGAL,https://www.youtube.com/watch?v=6qF6rJWidOk,,,2026-03-26T19:19:11.882Z,6.0,7.321,6.0
Man Jailed for Impersonating Himself Is Ordered to Identify As His Accuser | William Woods Analysis,https://www.youtube.com/watch?v=TXj48ayhl4M,Dr. Todd Grande,https://www.youtube.com/channel/UCC_0vyFTKk1Nlodo4QsiQkw,2026-03-26T19:08:22.511Z,1089.0,649.371,649.371
Love Overboard S1 -  Promo 0:30 (Luxury) 16:9 (EVERGREEN),https://www.youtube.com/watch?v=i577T2ac2nI,,,2026-03-26T19:07:49.036Z,31.0,33.475,31.0
PTSLG_V_EN_3D_PT打打打劫_CB_709_1920x1080_58s_260209_NR_1105552,https://www.youtube.com/watch?v=EJvJoXbL6gw,,,2026-03-26T18:59:15.216Z,59.0,513.82,59.0
"Nadula - Glueless wigs, pre-everything",https://www.youtube.com/watch?v=D22vxFy6L2Q,,,2026-03-26T18:58:59.821Z,14.0,15.395,14.0
BM_UGC_EARN_CrumpetsGoogleLandscape_V1_INT_16x9_5s.mp4,https://www.youtube.com/watch?v=ubaT_zReI5M,,,2026-03-26T18:58:54.025Z,5.0,5.796,5.0
251106_iGHG_K2_TestIQ_169_6s0.mp4,https://www.youtube.com/watch?v=9wQnodBIsd4,,,2026-03-26T18:58:46.674Z,7.0,7.351,7.0
"""Veterans""",https://www.youtube.com/watch?v=iVLO9JwvqbI,,,2026-03-26T18:58:15.829Z,31.0,30.845,30.845
Man Starts New Life After Killing Parents to See Girlfriend | William Leslie Arnold Case Analysis,https://www.youtube.com/watch?v=ohY_RHQ1bsg,Dr. Todd Grande,https://www.youtube.com/channel/UCC_0vyFTKk1Nlodo4QsiQkw,2026-03-26T18:49:52.339Z,957.0,503.49,503.49
Happy Color®: Paint by Number,https://www.youtube.com/watch?v=o2s3AA33uQo,,,2026-03-26T18:49:38.841Z,11.0,13.498,11.0
Shortened: SS_13334A01_169_EN_LWX^WY_20260303_QY_工厂探索,https://www.youtube.com/watch?v=FTZqriu3ItU,,,2026-03-26T18:49:02.457Z,36.0,36.384,36.0
20260205 CF  ONE   支线 点击翻卡+转盘收集 H 30S YY（TD） EN,https://www.youtube.com/watch?v=eAhrZnjwroM,,,2026-03-26T18:40:30.225Z,31.0,512.232,31.0
Shortened: FRK_UA_VID_58_XmasTheme_V01_AHM_EN_60s_1920x1080,https://www.youtube.com/watch?v=QIA27QgrmSg,,,2026-03-26T18:40:22.425Z,7.0,7.8,7.0
Talkative Churchgoer Stalks Pastor Before Killing Secretary | Mary Jane Fonder Case Analysis,https://www.youtube.com/watch?v=laI3A9hGO7o,Dr. Todd Grande,https://www.youtube.com/channel/UCC_0vyFTKk1Nlodo4QsiQkw,2026-03-26T18:32:51.143Z,891.0,451.282,451.282
UAC&PMax 25   April   Monks   Parenting UGC   Grocery   Debit   Mobile  1920x1080,https://www.youtube.com/watch?v=qufkcIeC4wU,,,2026-03-26T18:32:19.462Z,29.0,31.681,29.0
Shortened: SS_10576D72_169_EN_CZQ^WY_20260303_AIGC_疼痛,https://www.youtube.com/watch?v=g8Vr-ZuCnCw,,,2026-03-26T18:31:21.813Z,57.0,57.649,57.0
PTSLG_V_EN_3D_精灵抓捕器_CB_709_1920x1080_49s_260225_NR_1113677,https://www.youtube.com/watch?v=ksf0evpgyAU,,,2026-03-26T18:24:23.126Z,50.0,418.687,50.0
ADV2_BERKELEY_VERTICAL:5871694325592218314,https://www.youtube.com/watch?v=MB9AOwlJX8g,,,2026-03-26T18:24:06.512Z,16.0,16.614,16.0
Shortened: EM 10004 Video NA RunEscape Gunshot X7V5 Nor R F NA EN A bluedemo,https://www.youtube.com/watch?v=gX_ixXKd39Y,,,2026-03-26T18:23:58.970Z,7.0,7.542,7.0
Shop at Temu,https://www.youtube.com/watch?v=IBipYo1UJD8,,,2026-03-26T18:23:51.562Z,7.0,7.408,7.0
Man Kills Neighbors to Uphold Delusional Fixation of His Deceased Murderer Brother | Lanz Analysis,https://www.youtube.com/watch?v=NPRH-juY9Xg,Dr. Todd Grande,https://www.youtube.com/channel/UCC_0vyFTKk1Nlodo4QsiQkw,2026-03-26T18:14:56.972Z,899.0,534.59,534.59
Shortened: Toon Blast - Fossilbug-boardaccomp 30s L,https://www.youtube.com/watch?v=eRGA2RqxftM,,,2026-03-26T18:13:53.881Z,24.0,63.091,24.0
TRT01809.HouseUpgradeSad.15Length_VER_v1_1920_1080_DUR_15S_LNG_ENGLBL.mp4,https://www.youtube.com/watch?v=iO4piCIKQhY,,,2026-03-26T18:04:34.572Z,16.0,559.309,16.0
Cola_14_H_6s,https://www.youtube.com/watch?v=6U8snCP5tlQ,,,2026-03-26T18:04:27.009Z,7.0,7.563,7.0
FetchCore NewYearV2 Meagan Creator 16x9 5Sec SSNL EarnonEverything DWNLD ENG GoogleUAC 5s NA NA CR7A,https://www.youtube.com/watch?v=Y4oISXT3H-A,,,2026-03-26T18:04:20.663Z,6.0,6.346,6.0
Mother Jokes About Murdering Children Hours After They Disappear | Catherine Hoggle Case Analysis,https://www.youtube.com/watch?v=s_v6BrrUUDg,Dr. Todd Grande,https://www.youtube.com/channel/UCC_0vyFTKk1Nlodo4QsiQkw,2026-03-26T17:57:06.477Z,914.0,434.186,434.186
TZ3PRF6743H   3Ps Refresh,https://www.youtube.com/watch?v=oMsYkTMZtL0,,,2026-03-26T17:54:31.517Z,121.0,154.96,121.0
"Happy Color®: Paint by Number - 45,000+ pics. Free & relaxing.",https://www.youtube.com/watch?v=MHSif211k40,,,2026-03-26T17:47:12.505Z,13.0,439.012,13.0
Google 6 2H 6 sec,https://www.youtube.com/watch?v=UyzU8wvGFbo,,,2026-03-26T17:46:47.891Z,7.0,24.614,7.0
Woman Fleeing After Wife's Murder Had Killed Husband 25 Years Earlier | Yolanda Marodi Case Analysis,https://www.youtube.com/watch?v=Z5ol5uZVOFU,Dr. Todd Grande,https://www.youtube.com/channel/UCC_0vyFTKk1Nlodo4QsiQkw,2026-03-26T17:39:52.307Z,779.0,415.584,415.584
Shortened: MPY-53811_Hot Cake_Dancing in the Rain_1920x1080_15s_v03_s62nuit9ra_s62nuit9ra.mp4,https://www.youtube.com/watch?v=3ueFCs4frq8,,,2026-03-26T17:39:18.584Z,14.0,33.723,14.0
FE00003H0281H,https://www.youtube.com/watch?v=O1blYGPBJhs,,,2026-03-26T17:29:32.048Z,120.0,586.536,120.0
Now Approach Anthem RIC :30,https://www.youtube.com/watch?v=C0cG9mv0tyI,,,2026-03-26T17:29:00.612Z,31.0,31.436,31.0
Braun IPL | 95% hair reduction in just 1 month.,https://www.youtube.com/watch?v=NqhTI6hQpAI,,,2026-03-26T17:28:53.109Z,7.0,7.503,7.0
Instagram Teen Accounts,https://www.youtube.com/watch?v=VeAjtW-FJJE,,,2026-03-26T17:28:36.911Z,16.0,16.198,16.0
Daughter Shoots 'Ax-Wielding' Mother After Trying to Access DNR Order | Tashia Stuart Case Analysis,https://www.youtube.com/watch?v=dJk6lMnuQbI,Dr. Todd Grande,https://www.youtube.com/channel/UCC_0vyFTKk1Nlodo4QsiQkw,2026-03-26T17:16:49.290Z,999.0,707.621,707.621
SS_13333D01_169_EN_WJJ_20260227_FP_MYC,https://www.youtube.com/watch?v=jgt7tVhVR4U,,,2026-03-26T17:15:33.443Z,43.0,75.847,43.0
Shortened: arc_712_v3_vid_en_16x9_15s_453glowbackground_variant_x_fans_characters_tz_a_r1.mp4,https://www.youtube.com/watch?v=3QMWNOZN5qE,,,2026-03-26T17:07:12.664Z,14.0,500.779,14.0
Lysol BND 2025 Lavanda Your Casa 06 LDS NO CTA ENG Youtube,https://www.youtube.com/watch?v=dSRuJ6l5gKw,,,2026-03-26T17:07:05.222Z,7.0,7.442,7.0
Grocery 6s 1x1,https://www.youtube.com/watch?v=w8CjpHpvjXA,,,2026-03-26T17:06:57.819Z,7.0,7.403,7.0
Felon Who Stole 'Champion Buck' Accused of Murdering Daughter's Lover | Kirby Carpenter Analysis,https://www.youtube.com/watch?v=IW-ZtYIzYt0,Dr. Todd Grande,https://www.youtube.com/channel/UCC_0vyFTKk1Nlodo4QsiQkw,2026-03-26T16:59:41.913Z,887.0,435.906,435.906
Google AI Pro,https://www.youtube.com/watch?v=iCO-7UMlcs4,,,2026-03-26T16:59:06.703Z,33.0,35.21,33.0
MGD StPatricksDay2026 Daisy 59sec V233186 59 1920x1080 S831 AndroidiOSPC English&IMG=4ZXE,https://www.youtube.com/watch?v=-yJKSvAroI0,,,2026-03-26T16:58:06.456Z,60.0,60.247,60.0
Shortened: SS_10576D72_169_EN_CZQ^WY_20260303_AIGC_疼痛,https://www.youtube.com/watch?v=O2UtvHfAA2U,,,2026-03-26T16:51:44.897Z,54.0,381.559,54.0
Getaways for prima-donnas and parents | Booking.com,https://www.youtube.com/watch?v=NC8bkLDA9tI,,,2026-03-26T16:51:19.235Z,,25.662,25.662
Quadruple Amputee Cornhole Pro Accused of ‘Impossible’ Shooting | Dayton James Webber Analysis,https://www.youtube.com/watch?v=GEaxhISVJn4,Dr. Todd Grande,https://www.youtube.com/channel/UCC_0vyFTKk1Nlodo4QsiQkw,2026-03-26T16:45:04.852Z,669.0,374.383,374.383
Fruit Riot x Sour Patch Kids,https://www.youtube.com/watch?v=L2hoCZGwi1Y,,,2026-03-26T16:44:30.926Z,19.0,33.926,19.0
Obsessed Babysitter Murders 15-Year-Old Child out of Jealousy,https://www.youtube.com/watch?v=mwB9RHjoJ6k,True Crime Central,https://www.youtube.com/channel/UCFkFUrV28yy4kpg9b6LNhuQ,2026-03-26T16:43:51.181Z,2872.0,39.745,39.745
Pepsi Prebiotic Cola,https://www.youtube.com/watch?v=ukj6KOroaKI,,,2026-03-26T16:43:32.610Z,7.0,18.571,7.0
Con-Artist Fakes His Own Death by Jumping from Airplane | Marcus Schrenker Case Analysis,https://www.youtube.com/watch?v=ReeJkdpUNoc,Dr. Todd Grande,https://www.youtube.com/channel/UCC_0vyFTKk1Nlodo4QsiQkw,2026-03-26T16:36:11.328Z,897.0,441.282,441.282
Jarvis Butts Found Dead in Prison!,https://www.youtube.com/watch?v=LoOn9Pq0u3Q,Grizzly True Crime,https://www.youtube.com/channel/UCY04IfK5QlS8nWDU22bEXig,2026-03-26T16:28:15.298Z,121.0,476.03,121.0
1920x1080 ts video660v1 nb en 30s 39mb,https://www.youtube.com/watch?v=L46PkGz3SqI,,,2026-03-26T16:28:07.074Z,30.0,8.224,8.224
arc_712_v4_vid_en_16x9_15s_453glowbackground_variant_x_fans_characters_zk_f_r1.mp4,https://www.youtube.com/watch?v=MIAvclyhIok,,,2026-03-26T16:25:16.591Z,15.0,170.483,15.0
TMI | SPO | MGM | MU | FBO1500 | NBA_JonHamm_FBO1500_Motion 1920x1080,https://www.youtube.com/watch?v=he3evOIowio,,,2026-03-26T16:25:09.011Z,6.0,7.58,6.0
Birthday :15s | Brawny® 3-Ply Paper Towels,https://www.youtube.com/watch?v=4ZFcH0Tj-jA,,,2026-03-26T16:24:52.764Z,16.0,16.247,16.0
vid_m128v1_h_8s_en_bumper.mp4,https://www.youtube.com/watch?v=ssSbgoBonHY,,,2026-03-26T16:24:45.323Z,7.0,7.441,7.0
Top 15 Epoxy Tables That Broke the Internet 🔥 (Insane Finishes),https://www.youtube.com/watch?v=JwXbqqtWJsM,SurfaceCraft AI,https://www.youtube.com/channel/UCDFIG1BS-WVH6Wc4BpnvqiA,2026-03-26T16:22:44.604Z,416.0,120.719,120.719
FAT2D04630_EN_zz果汁杯大西瓜餐厅订单条叠加摆放K版试玩转视频60s_1080x1080,https://www.youtube.com/watch?v=pIVZGCqxCsE,,,2026-03-26T16:22:24.421Z,60.0,20.183,20.183
The real siblings be like 🤣😂😘#siblings #foryou #funny #fyp #sister#brother,https://www.youtube.com/watch?v=fzRCbOOCECM,PetWorld,https://www.youtube.com/channel/UCJHCJcyH7e_M9r0IGIKel7g,2026-03-26T16:20:58.442Z,57.0,85.979,57.0
SS_12018D01_169_EN_LZZ_20250213_AIGC_沙漠,https://www.youtube.com/watch?v=aLw3e3_hdR4,,,2026-03-26T16:20:25.133Z,49.0,33.309,33.309
This song transition is LEGENDARY #coachella #beyonce,https://www.youtube.com/watch?v=tCtKuvpcZBg,Time is up,https://www.youtube.com/channel/UCWe3Cl8bl65zx7eFhaGgWiw,2026-03-26T16:19:06.342Z,59.0,78.791,59.0
Undesirable Lover Arrested After Series of Bizarre Prowler Reports | Jeff Scullin Case Analysis,https://www.youtube.com/watch?v=wrhrwzne1WU,Dr. Todd Grande,https://www.youtube.com/channel/UCC_0vyFTKk1Nlodo4QsiQkw,2026-03-26T16:18:08.040Z,907.0,58.302,58.302
Incase you were wondering.. 🙂#shorts #reels #explore,https://www.youtube.com/watch?v=oKOMgEgQsu4,Suavexavier,https://www.youtube.com/channel/UCduf5_5FnIptzDMBJ75ttFQ,2026-03-26T16:17:52.013Z,62.0,16.027,16.027
Shortened: MGD Milford DaisyRitaStory Ep1 6 V2 V187377 59 1920x1080 S1080 Android iOS English&IMG=40,https://www.youtube.com/watch?v=cpSoAdfnNKs,,,2026-03-26T16:17:40.675Z,24.0,11.338,11.338
“University Of Kentucky Dance Team Snapped Like THIS?! 🔥👀”(Link to video down Below),https://www.youtube.com/watch?v=zgrs5oVruvI,BougeeTvLive,https://www.youtube.com/channel/UC1EkRN2Ph99Wf9q7tf18jGA,2026-03-26T16:15:42.400Z,27.0,118.275,27.0
Aggressively Bald,https://www.youtube.com/watch?v=gPvHqx4o8XE,KevOnStage,https://www.youtube.com/channel/UC5Zc0EUB-km6in-55cK7k2g,2026-03-26T16:15:03.461Z,42.0,38.939,38.939
cd0681en1920x1080,https://www.youtube.com/watch?v=4g0qKcg_6eE,,,2026-03-26T16:09:00.164Z,56.0,363.297,56.0
MO_03268A02_169_EN_ZJL_20260120_808_王之凝视,https://www.youtube.com/watch?v=C1-zPz-eZGY,,,2026-03-26T16:08:21.346Z,38.0,38.818,38.0
Sparkle® Paper Towels | Cart Stock Up,https://www.youtube.com/watch?v=LlJIRdLn1Y4,,,2026-03-26T16:08:13.929Z,7.0,7.417,7.0
Stalker Adopts New Persona and Discovers Ex-Girlfriend's Affair | Michele Reiter and Lanny Bush,https://www.youtube.com/watch?v=lZ0JGHUA0W0,Dr. Todd Grande,https://www.youtube.com/channel/UCC_0vyFTKk1Nlodo4QsiQkw,2026-03-26T15:58:40.230Z,979.0,573.699,573.699
Mackenzie Shirilla Claims To Have Found God As She Drops Multiple F Bombs Toward Her Mom And Family,https://www.youtube.com/watch?v=F9oM-Q3Aol4,AG Tactical ,https://www.youtube.com/channel/UCo2pHLRDlyKK1D4H4NE4kRw,2026-03-26T15:29:43.752Z,1642.0,1736.478,1642.0
"Disney+, Hulu Bundle",https://www.youtube.com/watch?v=pL8yFuqUx3g,,,2026-03-26T15:29:29.032Z,31.0,14.72,14.72
Hawaii Jury Sees Lava Rock & Bloody Fanny Pack In Hiking Trail Attempted Murder Trial,https://www.youtube.com/watch?v=HYWncfpL20c,Meghann Cuniff,https://www.youtube.com/channel/UCOHIOF-rFAeLOnH0ri5F62g,2026-03-26T15:29:08.830Z,2418.0,20.202,20.202
DCD-Soci-3916| Hulu,https://www.youtube.com/watch?v=BiAQlspl7Q8,,,2026-03-26T15:18:49.625Z,16.0,619.205,16.0
Did Intense Interest in Poland Lead to Wife's Disappearance? | Allen Gould Case Analysis,https://www.youtube.com/watch?v=N9CH39xJZVA,Dr. Todd Grande,https://www.youtube.com/channel/UCC_0vyFTKk1Nlodo4QsiQkw,2026-03-26T14:55:24.857Z,1112.0,1404.768,1112.0
Chicken Fingers | Rewards on Hotels.com,https://www.youtube.com/watch?v=pXuXVZTJdFQ,,,2026-03-26T14:54:51.343Z,31.0,33.514,31.0
Mother Refuses to Believe Son Attacked Her with an Ax | Christopher Porco Case Analysis,https://www.youtube.com/watch?v=Xstmqyns8Mo,Dr. Todd Grande,https://www.youtube.com/channel/UCC_0vyFTKk1Nlodo4QsiQkw,2026-03-26T14:51:54.601Z,939.0,176.742,176.742
Video Ad,https://www.youtube.com/watch?v=KFb6aTECD04,,,2026-03-26T14:51:13.844Z,31.0,40.757,31.0
arc_712_v1_vid_en_16x9_15s_453glowbackground_variant_x_fans_characters_tp_e_r1 (1).mp4,https://www.youtube.com/watch?v=yMP2NmbL7q4,,,2026-03-26T14:09:58.035Z,15.0,2475.809,15.0
Puzzles & Survival,https://www.youtube.com/watch?v=K2cVFKtoQDA,,,2026-03-26T14:09:18.538Z,39.0,39.497,39.0
Shortened: Samo_V_EN_3D_篝火海盗船长_CB_1045_1920x1080_48s_260313_NR_1124227,https://www.youtube.com/watch?v=asp_d8xolA4,,,2026-03-26T14:02:00.241Z,46.0,438.297,46.0
Video Ad,https://www.youtube.com/watch?v=iR1QqrgPpsU,,,2026-03-26T14:01:25.505Z,16.0,34.736,16.0
Jenelle Potter Case Analysis | Catfishing Murders with Fake CIA Agent,https://www.youtube.com/watch?v=Y4RhVjqACXk,Dr. Todd Grande,https://www.youtube.com/channel/UCC_0vyFTKk1Nlodo4QsiQkw,2026-03-26T13:51:17.018Z,984.0,608.487,608.487
ROK_V_EN_3D_城市种地不如抢(文明票价版)_CB_1_1920x1080_57s_260312_NR_1122095,https://www.youtube.com/watch?v=Zkp4Df6gpCU,,,2026-03-26T13:50:44.681Z,58.0,32.337,32.337
Sarah Boone Shuns Her Entire Support Group After They Refuse To Buy Her Son Adult Material,https://www.youtube.com/watch?v=YlBv3Z4d6gg,AG Tactical ,https://www.youtube.com/channel/UCo2pHLRDlyKK1D4H4NE4kRw,2026-03-26T13:18:00.074Z,1515.0,1964.607,1515.0
PRIME-55703_Docked ships cinemagraph_8s_1920x1080_6v25ssg13m_6v25ssg13m.mp4,https://www.youtube.com/watch?v=sD1cf1g45DQ,,,2026-03-26T13:16:50.672Z,9.0,69.402,9.0
DCD-Soci-3984| Hulu,https://www.youtube.com/watch?v=TqvmpPhX7kY,,,2026-03-26T13:16:41.391Z,45.0,9.281,9.281
TOP 10 WORST Movies Of 2024!,https://www.youtube.com/watch?v=nVpE6_R9_ho,Adam Does Movies,https://www.youtube.com/channel/UCmuP70--NYoqgyo3N0ZwDCA,2026-03-26T08:04:10.520Z,1557.0,18750.871,1557.0
"“Betrayal: Secrets & Lies” | Premieres Sunday, March 29th",https://www.youtube.com/watch?v=Tw_crETd5Ts,,,2026-03-26T08:03:38.379Z,31.0,32.141,31.0
Sixth Sense,https://www.youtube.com/watch?v=3_4rzg8kh0w,,,2026-03-26T07:45:05.222Z,31.0,1113.157,31.0
Hardee's | Pulled Pork Frisco Burger | $5.99,https://www.youtube.com/watch?v=jPOuaGPKWiw,,,2026-03-26T07:30:43.527Z,16.0,861.695,16.0
Thrive Causemetics-Empowergloss 16x9- MultiProd V4,https://www.youtube.com/watch?v=YXsQ8XWm5fs,,,2026-03-26T07:30:30.975Z,12.0,12.552,12.0
eSimFLAG,https://www.youtube.com/watch?v=fAqySlS0WjE,,,2026-03-26T07:30:23.502Z,6.0,7.473,6.0
S26 EFW ProductTest WhistlerPeak 15s Alt1 16X9,https://www.youtube.com/watch?v=a7LyiYi54R8,,,2026-03-26T07:30:07.678Z,16.0,15.824,15.824
Strivectin NeckLotion CONSIDERATION 1920x1080,https://www.youtube.com/watch?v=XrS_tQ0qaSI,,,2026-03-26T07:15:41.932Z,19.0,865.746,19.0
RetirePath TV :15,https://www.youtube.com/watch?v=eJNucIsl1Ak,,,2026-03-26T07:15:25.408Z,16.0,16.524,16.0
The Power of Poison,https://www.youtube.com/watch?v=nR5VrbDqL_8,,,2026-03-26T07:15:19.398Z,6.0,6.01,6.0
Zaxbys | Dry Rubs | Rubbing It In :15,https://www.youtube.com/watch?v=ITYHBy8pVuI,,,2026-03-26T07:00:55.954Z,16.0,863.444,16.0
CCRR0783000H OffRoad 15 HD,https://www.youtube.com/watch?v=tS2TaspKwO8,,,2026-03-26T07:00:39.457Z,16.0,16.497,16.0
Upper Funnel_Willow Wealth BRD VID 15s Roadtrip EN VID YIST0011000H 16x9 UF,https://www.youtube.com/watch?v=VWCtVrRAZRE,,,2026-03-26T06:45:45.654Z,16.0,893.803,16.0
Shure IntelliMix Bar Pro - The Bar That Removes Barriers,https://www.youtube.com/watch?v=6R0GRShmpTE,,,2026-03-26T06:45:29.073Z,16.0,16.581,16.0
Hefty XL Sandwich Bags #craveitsaveit,https://www.youtube.com/watch?v=pnrU0wYSBag,,,2026-03-26T06:45:21.272Z,7.0,7.801,7.0
Social Spend 16x9 Tuesday Plathville Promo,https://www.youtube.com/watch?v=F0KFjSKkBAs,,,2026-03-26T06:31:01.213Z,15.0,860.059,15.0
Zaxbys | Dry Rubs | Rubbing It In :06,https://www.youtube.com/watch?v=bkYX8ztnjn4,,,2026-03-26T06:30:53.620Z,7.0,7.593,7.0
FY26 UF WSB Speed of Business Industry Aligned 06sec 1920x1080,https://www.youtube.com/watch?v=8q2Tt9cHfuY,,,2026-03-26T06:30:46.205Z,7.0,7.415,7.0
Thrive Causemetics-BEB16x9-Eve V2,https://www.youtube.com/watch?v=FoyOjXNr3bU,,,2026-03-26T06:01:57.690Z,18.0,1728.515,18.0
ct~CA gp~Afterpay f~LAVideo a~Earners c~Bree 15 s~16x9,https://www.youtube.com/watch?v=Iijh888YO4c,,,2026-03-26T06:01:41.089Z,16.0,16.601,16.0
Pet A Velociraptor at Dinosaur Adventure,https://www.youtube.com/watch?v=x28s61mfuLk,,,2026-03-26T06:01:19.647Z,21.0,21.442,21.0
Burger King® | There’s a New King and It’s You.,https://www.youtube.com/watch?v=FVQIrrRAyTA,,,2026-03-26T06:01:11.886Z,7.0,7.761,7.0
Secret JFM26 WNBA CQC Aja ENG 15s OLV 16x9 PGSC4837000H Jan26,https://www.youtube.com/watch?v=R8MRo6LAs8Q,,,2026-03-26T05:46:56.981Z,16.0,854.905,16.0
True Understanding Starts with Extraordinary Communication - 15s Video,https://www.youtube.com/watch?v=gVx6ubQWMsU,,,2026-03-26T05:46:40.398Z,15.0,16.583,15.0
Zaxbys | Dry Rubs | Seasoning :06,https://www.youtube.com/watch?v=QHh-Ofwb8rg,,,2026-03-26T05:46:33.032Z,7.0,7.366,7.0
MGD Milford ExtraFastCut Mix 49sec V234050 49 1920x1080 S49 AndroidiOSPC English&IMG=50LE,https://www.youtube.com/watch?v=qSYInWAEffE,,,2026-03-26T05:31:19.094Z,50.0,913.938,50.0
Shortened: Match Factory - Circlepush-org-ctv 30s L,https://www.youtube.com/watch?v=CBd74ZvbE2I,,,2026-03-26T05:30:51.376Z,26.0,27.718,26.0
GOT3D783_EN_CC以战养战-苔原版-1分钟版_国王_1920x1080,https://www.youtube.com/watch?v=lloaov-SekQ,,,2026-03-26T05:16:07.114Z,60.0,884.262,60.0
See how Amazon is empowering American small businesses,https://www.youtube.com/watch?v=05cTSFJVWYc,,,2026-03-26T05:15:06.065Z,7.0,61.049,7.0
Shortened: Match Factory - Matchmaker-v2-lnm 60s L,https://www.youtube.com/watch?v=J6YoeVa0isg,,,2026-03-26T04:59:39.158Z,16.0,926.907,16.0
PGOC5842000H NA Mom Song The End of Adolescents Swagger Body 06 LCD20,https://www.youtube.com/watch?v=PjSS_M6nGC8,,,2026-03-26T04:59:31.065Z,7.0,8.093,7.0
Trim-video-Tucker Hamilton - Unlocking the Last 20%-v1,https://www.youtube.com/watch?v=pBB1cdyYAa8,,,2026-03-26T04:59:24.131Z,7.0,6.934,6.934
See how Amazon is empowering American small businesses,https://www.youtube.com/watch?v=y7_PYyomzeI,,,2026-03-26T04:43:01.215Z,7.0,982.916,7.0
Insanely Dumb Tweets That Got People Fired And Other Dumb Stories (Compilation),https://www.youtube.com/watch?v=Cs7kIDVwdpg,The Infographics Show,https://www.youtube.com/channel/UCfdNM3NAhaBOXCafH7krzrA,2026-03-26T04:29:56.487Z,11992.0,784.728,784.728
Shortened: CLS_GOT3D654_EN_BJHT1慢速塔防-正交视角_国王_1920x1080,https://www.youtube.com/watch?v=uiTRYsLmOUs,,,2026-03-26T04:29:24.923Z,51.0,31.564,31.564
Shortened: DS V 055 002 MagicalMoments EN 45s 1920x1080,https://www.youtube.com/watch?v=6drh9BEDDcs,,,2026-03-26T04:19:03.922Z,42.0,621.001,42.0
Shortened: EM 10004 Video LBC RunEscape CFC Gunshot ChallengeV7 White M DFWH EN A bluedemo,https://www.youtube.com/watch?v=2ArM8OF_HDE,,,2026-03-26T04:18:37.856Z,7.0,26.066,7.0
The Workout,https://www.youtube.com/watch?v=5HEAw5BNXY4,,,2026-03-26T04:18:21.503Z,15.0,16.353,15.0
See how Amazon is empowering hourly employees,https://www.youtube.com/watch?v=JtdaOV0TvVk,,,2026-03-26T04:18:14.093Z,7.0,7.41,7.0
Totally Wrong Facts You Probably Still Believe,https://www.youtube.com/watch?v=rmR_m0Y0bEQ,The Infographics Show,https://www.youtube.com/channel/UCfdNM3NAhaBOXCafH7krzrA,2026-03-26T04:10:05.990Z,1102.0,488.103,488.103
Video Wide 60s 2026 Rent A Car Cars Are Cool North America v1,https://www.youtube.com/watch?v=UMyLi9HTcmk,,,2026-03-26T04:09:54.373Z,61.0,11.617,11.617
Shortened: PTSLG_V_EN_3D_精灵抓捕器_CB_709_1920x1080_49s_260225_NR_1113677,https://www.youtube.com/watch?v=ja_xdro0b28,,,2026-03-26T04:00:48.292Z,48.0,546.081,48.0
Pep Offer Pilot 06 16x9,https://www.youtube.com/watch?v=iLXOk8WmhXc,,,2026-03-26T04:00:40.157Z,7.0,8.135,7.0
Protection That's Personal :15,https://www.youtube.com/watch?v=0y0hQiBIfgU,,,2026-03-26T04:00:23.709Z,16.0,16.448,16.0
Obama,https://www.youtube.com/watch?v=6Gj6fajamE4,,,2026-03-26T03:59:52.276Z,31.0,31.433,31.0
What Exists Above And Below Our Solar System?,https://www.youtube.com/watch?v=Avs1C8Mk9Ww,Insane Curiosity,https://www.youtube.com/channel/UCNYaxPiba3oxmeL_3jKxnYA,2026-03-26T03:52:47.087Z,649.0,425.189,425.189
Video Ad,https://www.youtube.com/watch?v=qdKEzgVHct4,,,2026-03-26T03:52:38.167Z,76.0,8.92,8.92
Shortened: DS-V-091-004_EnchantedEscape_EN_15s_1920x1080.mp4,https://www.youtube.com/watch?v=Vi5bWclCAI4,,,2026-03-26T03:52:29.057Z,8.0,9.11,8.0
https://www.youtube.com/watch?v=u2GTzwEa0MY,https://www.youtube.com/watch?v=u2GTzwEa0MY,,,2026-03-26T03:51:36.819Z,,52.238,52.238
"Meet the Engineer: Wes, SVP of Quality & Engineering | Harbor Freight",https://www.youtube.com/watch?v=VNpCioY6h7I,,,2026-03-26T03:51:10.870Z,31.0,25.949,25.949
Match Factory - Will_bam 30s L,https://www.youtube.com/watch?v=1OolZLprs88,,,2026-03-26T03:50:14.478Z,30.0,56.392,30.0
Where Will Voyager 1 Arrive Before It Stops Forever?,https://www.youtube.com/watch?v=qaSMeCAYtAQ,Insane Curiosity,https://www.youtube.com/channel/UCNYaxPiba3oxmeL_3jKxnYA,2026-03-26T03:48:32.630Z,880.0,101.848,101.848
ROK_V_EN_3D_城市种地不如抢(文明票价版)_CB_1_1920x1080_57s_260312_NR_1122095,https://www.youtube.com/watch?v=Zkp4Df6gpCU,,,2026-03-26T03:47:00.314Z,58.0,92.316,58.0
Impact+ Pamela Hydra Source 15s 16x9,https://www.youtube.com/watch?v=zfmXqbh1Bgc,,,2026-03-26T03:41:27.957Z,16.0,332.357,16.0
Clover Pilot 15 16x9,https://www.youtube.com/watch?v=HbybfAcB4hU,,,2026-03-26T03:41:11.519Z,16.0,16.438,16.0
Shortened: sh0001ben1920x1080,https://www.youtube.com/watch?v=DJvHLloHLTQ,,,2026-03-26T03:41:03.874Z,7.0,7.645,7.0
MamaGorgon85 - AT&T wireless and home internet,https://www.youtube.com/watch?v=2b_CWVvZdfk,,,2026-03-26T03:40:32.577Z,31.0,31.297,31.0
How Far Will Voyager 2 Actually Travel Before It Shuts Down Forever?,https://www.youtube.com/watch?v=-Hu_pEyQOBg,Insane Curiosity,https://www.youtube.com/channel/UCNYaxPiba3oxmeL_3jKxnYA,2026-03-26T03:30:53.755Z,884.0,578.822,578.822
Busting 5 Common Solar Myths | Convert Solar,https://www.youtube.com/watch?v=XUTjivjMqAM,,,2026-03-26T03:30:39.474Z,154.0,14.281,14.281
LIVE: Dateline 24/7,https://www.youtube.com/watch?v=QdaKUHRLp_0,Dateline NBC,https://www.youtube.com/channel/UCu3sKtOW9TGaErPsAYVPplA,2026-03-26T03:29:39.510Z,86176.0,59.964,59.964
M&M’S and Easter.,https://www.youtube.com/watch?v=SUC13PX0dTo,,,2026-03-26T03:29:25.682Z,7.0,13.828,7.0
MGD Milford ExtraFastCut Mix 49sec V234050 49 1920x1080 S49 AndroidiOSPC English&IMG=50LE,https://www.youtube.com/watch?v=qSYInWAEffE,,,2026-03-26T03:20:45.958Z,50.0,519.724,50.0
Google AI Pro,https://www.youtube.com/watch?v=iCO-7UMlcs4,,,2026-03-26T03:20:12.486Z,33.0,33.472,33.0
The Lunchables Effect,https://www.youtube.com/watch?v=Xn7MWuBcddU,,,2026-03-26T03:20:04.843Z,7.0,7.643,7.0
Chase for Business® with OSOMTEX | :15,https://www.youtube.com/watch?v=PHaQs0yMkv0,,,2026-03-26T03:19:49.023Z,16.0,15.82,15.82
TOP 10 BIGGEST Movie Surprises Of 2024!,https://www.youtube.com/watch?v=GwsQYCw-HL4,Adam Does Movies,https://www.youtube.com/channel/UCmuP70--NYoqgyo3N0ZwDCA,2026-03-26T03:08:57.488Z,1138.0,651.535,651.535
Shortened: Toon Blast - Ballpool-wall 30s L,https://www.youtube.com/watch?v=v2FA5eDRYnw,,,2026-03-26T03:08:31.179Z,23.0,26.309,23.0
Lords Mobile 10th Anniversary Celebration,https://www.youtube.com/watch?v=q8GcnhVYnTk,,,2026-03-26T02:53:54.573Z,31.0,876.606,31.0
Shortened: MPY-19433_Income Tax_Resizes_EN_1920x1080_28s_v2_srf3n5errh.mp4,https://www.youtube.com/watch?v=CyzRNoQqgNs,,,2026-03-26T02:53:26.542Z,27.0,28.031,27.0
Aussie 3 Minute Miracle Moist,https://www.youtube.com/watch?v=ultBpUy7_TE,,,2026-03-26T02:53:18.899Z,7.0,7.643,7.0
bookingdotcom ridiculously merfamily 15 couple v03 h264,https://www.youtube.com/watch?v=a2AQeWOa5wM,,,2026-03-26T02:53:02.607Z,16.0,16.292,16.0
fz0504cen1920x1080,https://www.youtube.com/watch?v=QMgI9QS9i9g,,,2026-03-26T02:52:54.866Z,7.0,7.741,7.0
TOP 10 MASSIVE Movie Disappointments In 2024!,https://www.youtube.com/watch?v=2I5BGuSn3eo,Adam Does Movies,https://www.youtube.com/channel/UCmuP70--NYoqgyo3N0ZwDCA,2026-03-26T02:38:39.018Z,1660.0,855.848,855.848
DS V 055 004 MagicalMoments EN 15s 1920x1080,https://www.youtube.com/watch?v=pdN2W9Z6XaM,,,2026-03-26T02:38:21.545Z,16.0,17.473,16.0
Harry Potter HBO Trailer Gave Me Aids,https://www.youtube.com/watch?v=TGW73ePGHU4,Adam Does Movies,https://www.youtube.com/channel/UCmuP70--NYoqgyo3N0ZwDCA,2026-03-26T02:26:29.181Z,568.0,712.364,568.0
MPY-53760_Pets Scottie Moments_EN_1920x1080_22s_v2_4yzay6tn3s_4yzay6tn3s.mp4,https://www.youtube.com/watch?v=4kFe0c9zcBI,,,2026-03-26T02:26:19.621Z,23.0,9.56,9.56
“Future you” will thank you…,https://www.youtube.com/watch?v=LnTcFUmBDPg,,,2026-03-26T02:25:33.910Z,31.0,45.711,31.0
L.A. officials seal storm drain where homeless woman was found living,https://www.youtube.com/watch?v=0fYvqQLJLKo,KTLA 5,https://www.youtube.com/channel/UCinjnmQEwCddOudyCC1v7qA,2026-03-26T02:25:15.333Z,244.0,18.577,18.577
D600000 WPLA1207 NULL GOOGLE FY27 SAVVINESS XCAT ASRA DVGS VID 1920x1080 15 GM AA EL 26010730041EAD1,https://www.youtube.com/watch?v=poB-pGYhATI,,,2026-03-26T02:25:03.698Z,16.0,11.635,11.635
Clockwork,https://www.youtube.com/watch?v=fr-rSgogves,,,2026-03-26T02:19:57.904Z,31.0,305.794,31.0
Angry Grandmother Leads Religious Group into Bizarre Murder Conspiracy | Tifany Adams Case Analysis,https://www.youtube.com/watch?v=PmPv-xxDfWs,Dr. Todd Grande,https://www.youtube.com/channel/UCC_0vyFTKk1Nlodo4QsiQkw,2026-03-26T02:12:45.315Z,761.0,432.589,432.589
Social Spend 16x9 Tuesday Plathville Barry,https://www.youtube.com/watch?v=TnLg6peEUMc,,,2026-03-26T02:12:28.274Z,15.0,17.041,15.0
Potbelly Power of AND 6 16x9,https://www.youtube.com/watch?v=7pFIkvMfwF8,,,2026-03-26T02:12:20.874Z,7.0,7.4,7.0
Mother Blames Cancer Medication for Shooting Rampage Against Family | Annamaria Gana Case Analysis,https://www.youtube.com/watch?v=F0UMhUziUew,Dr. Todd Grande,https://www.youtube.com/channel/UCC_0vyFTKk1Nlodo4QsiQkw,2026-03-26T01:59:18.790Z,773.0,782.084,773.0
Pastor Murders 'Sister Wife' Surrogate Before Taking Their Daughter | James Flanders & Marie Carlson,https://www.youtube.com/watch?v=nXJ8F3diHhc,Dr. Todd Grande,https://www.youtube.com/channel/UCC_0vyFTKk1Nlodo4QsiQkw,2026-03-26T01:43:36.055Z,936.0,942.735,936.0
💍 Forgot your passport expired before your honeymoon?,https://www.youtube.com/watch?v=GZB2YsjDCL8,,,2026-03-26T01:43:08.741Z,25.0,27.314,25.0
Tackle Harsh Chemical Cleanups with WypAll® X70 Cloths,https://www.youtube.com/watch?v=-1EFROfqKCM,,,2026-03-26T01:42:52.348Z,16.0,16.393,16.0
Sixth Sense,https://www.youtube.com/watch?v=3_4rzg8kh0w,,,2026-03-26T01:33:36.517Z,31.0,555.831,31.0
Did Parents Have Secret Daughter Impersonate Murder Victim? | Mary Day Case Analysis,https://www.youtube.com/watch?v=6iRXQxwXggM,Dr. Todd Grande,https://www.youtube.com/channel/UCC_0vyFTKk1Nlodo4QsiQkw,2026-03-26T01:26:11.725Z,962.0,444.792,444.792
TN Straight Bourbon Whiskey 16x9,https://www.youtube.com/watch?v=2kuhjCVkYC0,,,2026-03-26T01:25:59.269Z,9.0,12.456,9.0
25 2533345   VP   FY26 Q1 UF WST Computer Science VD Message 2 15 sec 1920x1080 V3 Google,https://www.youtube.com/watch?v=oUysTI-tu7A,,,2026-03-26T01:25:43.305Z,16.0,15.964,15.964
0225-Groups-Opioid Addiction-v3-16x9_2025-04-17_11-44-28.mp4,https://www.youtube.com/watch?v=Q2vhW-zG3n0,,,2026-03-26T01:17:45.346Z,16.0,477.959,16.0
The Busch Guide by Busch Guy - Time,https://www.youtube.com/watch?v=FtyjnzH03oc,,,2026-03-26T01:17:28.857Z,16.0,16.489,16.0
Treehouse :15s | Brawny® 3-Ply Paper Towels,https://www.youtube.com/watch?v=J0giy8fznXk,,,2026-03-26T01:17:13.357Z,16.0,15.5,15.5
Odd Story from 9-Year-Old Girl Convicts Woman 27 Years After Murder | Annette Cahill Case Analysis,https://www.youtube.com/watch?v=X-nVhApxdwU,Dr. Todd Grande,https://www.youtube.com/channel/UCC_0vyFTKk1Nlodo4QsiQkw,2026-03-26T01:08:22.372Z,975.0,530.985,530.985
Video Ad,https://www.youtube.com/watch?v=akSdwPudDRU,,,2026-03-26T01:08:04.003Z,16.0,18.369,16.0
PitLawyers5 StinkyPits 15s REVISED MARCH10 1,https://www.youtube.com/watch?v=rThA6BjBLSI,,,2026-03-26T01:07:47.548Z,15.0,16.455,15.0
Budweiser | Super Bowl LX Teaser 'Stable',https://www.youtube.com/watch?v=FAd8juj6-_k,,,2026-03-26T01:00:00.992Z,16.0,466.556,16.0
Claritin Clears™,https://www.youtube.com/watch?v=BrkvuDvRrsY,,,2026-03-26T00:59:53.533Z,7.0,7.459,7.0
Video Ad,https://www.youtube.com/watch?v=k-YeJlHYaaE,,,2026-03-26T00:59:22.235Z,31.0,31.298,31.0
Sparkle® Paper Towels | Cart Stock Up,https://www.youtube.com/watch?v=LlJIRdLn1Y4,,,2026-03-26T00:59:15.057Z,7.0,7.178,7.0
Unlikely Killer Consoles Woman's Parents Right After Murdering Her | Jessie Blodgett Case Analysis,https://www.youtube.com/watch?v=eToh9I_sTg0,Dr. Todd Grande,https://www.youtube.com/channel/UCC_0vyFTKk1Nlodo4QsiQkw,2026-03-26T00:52:42.103Z,834.0,392.954,392.954
Beach Bar,https://www.youtube.com/watch?v=ETExsGy1tsU,,,2026-03-26T00:52:25.153Z,16.0,16.95,16.0
See how Amazon is empowering American small businesses,https://www.youtube.com/watch?v=rT-WCQ6NzVQ,,,2026-03-26T00:52:08.548Z,16.0,16.605,16.0
Two 'Extremely Rare' Double Abductions Occur Less Than a Year Apart | Cook and Collins Case Analysis,https://www.youtube.com/watch?v=TpO7ADXiqL8,Dr. Todd Grande,https://www.youtube.com/channel/UCC_0vyFTKk1Nlodo4QsiQkw,2026-03-26T00:38:50.177Z,796.0,798.371,796.0
Elevated RR Service Experience 20s,https://www.youtube.com/watch?v=uMccAkG4ufc,,,2026-03-26T00:38:20.237Z,28.0,29.94,28.0
Shortened: Samo_V_EN_3D_格温妮复仇选角色开头_CB_152_1920x1080_51s_260316_NR_1124937,https://www.youtube.com/watch?v=5Akes_xO9IA,,,2026-03-26T00:29:14.953Z,44.0,545.284,44.0
Shortened: [1382]_LD_Ai-Storytelling_EN_1920x1080_26s.mp4,https://www.youtube.com/watch?v=Wre8xGM_UxE,,,2026-03-26T00:28:49.385Z,25.0,25.568,25.0
Shortened: 2712_dq_en,https://www.youtube.com/watch?v=FVYJX2I6fGU,,,2026-03-26T00:28:41.027Z,7.0,8.358,7.0
MD_v_Dec_25_Iteration_02_BAU_PetSalon_6s_1920x1080_a91b0b,https://www.youtube.com/watch?v=iR1_93jBhjM,,,2026-03-26T00:28:33.520Z,7.0,7.507,7.0
Elevated RRService Experience 10s,https://www.youtube.com/watch?v=sEsa0pvhucg,,,2026-03-26T00:28:22.521Z,11.0,10.999,10.999
Postmortem Heartbeat Terrifies Sisters Who Suffocated Their Father | Tomaselli Sisters Case Analysis,https://www.youtube.com/watch?v=CerLLRVCfTw,Dr. Todd Grande,https://www.youtube.com/channel/UCC_0vyFTKk1Nlodo4QsiQkw,2026-03-26T00:22:01.099Z,872.0,381.422,381.422
arc_354_v1_vid_es_16x9_34s_173variants_variant_22_narrative_story_multi_multi_r1.mp4,https://www.youtube.com/watch?v=gle5bp7B1gI,,,2026-03-26T00:21:24.119Z,34.0,36.98,34.0
cid=14124c8f674cbddd6c59243ab3de7218,https://www.youtube.com/watch?v=70j7XveuuA0,,,2026-03-26T00:20:52.356Z,31.0,31.763,31.0
UAC&PMax 25   April   Monks   Parenting UGC   Grocery   Debit   Mobile  1920x1080,https://www.youtube.com/watch?v=qufkcIeC4wU,,,2026-03-26T00:14:45.497Z,29.0,366.859,29.0
Shortened: Are you up for the challenge?,https://www.youtube.com/watch?v=-8fB1Wgk1o0,,,2026-03-26T00:14:19.885Z,25.0,25.612,25.0
Shortened: EN_UC_RF2_HINTBOARD_1920x1080,https://www.youtube.com/watch?v=XjFxBfnU35E,,,2026-03-26T00:14:12.289Z,7.0,7.596,7.0
Sparkle® Paper Towels | Save the Day,https://www.youtube.com/watch?v=NMUTVVqJUFw,,,2026-03-26T00:13:56.100Z,15.0,16.189,15.0
Shortened: kr1066416kr_584660_ccss_lt_soda-trap-find-the-bears-gameplay-sim-gp-creative-champ-adhpod,https://www.youtube.com/watch?v=rALqo2qYPTM,,,2026-03-26T00:13:48.497Z,7.0,7.603,7.0
Wife Accuses 7-Year-Old Daughter of Killing Husband | Laurie Shaver Case Analysis,https://www.youtube.com/watch?v=wOHeZhrGRO0,Dr. Todd Grande,https://www.youtube.com/channel/UCC_0vyFTKk1Nlodo4QsiQkw,2026-03-26T00:05:28.325Z,829.0,500.172,500.172
CMA02836.3DTokenWheel.VikingQuestEgypt_VER_v1_1920_1080_DUR_30S_LNG_ENGLBL.mp4,https://www.youtube.com/watch?v=wdZ5A5oJi3A,,,2026-03-26T00:04:54.890Z,31.0,33.435,31.0
Shortened: DS V 055 004 MagicalMoments EN 15s 1920x1080,https://www.youtube.com/watch?v=WvBvR46eutU,,,2026-03-26T00:04:41.222Z,12.0,13.668,12.0
GOT3D725_EN_FZT2纷至沓来-沙漠版_国王_ECK1_1920x1080,https://www.youtube.com/watch?v=-d5OrvVMTD0,,,2026-03-25T23:57:04.558Z,53.0,456.664,53.0
Shortened: MD_v_May_25_Iteration_13_NSI_BlockJam_SandPuzzle_60s_1920x1080_cd59b5,https://www.youtube.com/watch?v=vsTAcI95xSo,,,2026-03-25T23:56:30.930Z,7.0,33.628,7.0
arc_820_v1_vid_es_16x9_6s_agencyvideobumpers_new_x_ugc_story_multi_x_r1_2026-03-24_10-01-04.mp4,https://www.youtube.com/watch?v=fe_V3Z1vlFU,,,2026-03-25T23:56:22.781Z,7.0,8.149,7.0
Elevated RR Restroom Experience 10s,https://www.youtube.com/watch?v=ezLx7HJ92Xk,,,2026-03-25T23:56:11.597Z,11.0,11.184,11.0
Woman Fakes Pregnancy and Murders New Mother to Take Son | Kimmi Hardy Case Analysis,https://www.youtube.com/watch?v=jdYgunhIQOg,Dr. Todd Grande,https://www.youtube.com/channel/UCC_0vyFTKk1Nlodo4QsiQkw,2026-03-25T23:46:57.746Z,952.0,553.851,553.851
CMA01501.SM.SackOfGoldFRIceQueen_1920_1080_DUR_15S_LNG_ENGLBL.mp4,https://www.youtube.com/watch?v=vvlvZLJuYms,,,2026-03-25T23:46:38.829Z,16.0,18.917,16.0
PRIME 53734 Fog Of War 26s 1920x1080,https://www.youtube.com/watch?v=fGtCTZwoEHs,,,2026-03-25T23:46:11.048Z,27.0,27.781,27.0
DS V 055 002 MagicalMoments EN 45s 1920x1080,https://www.youtube.com/watch?v=cwL5DkiBlgQ,,,2026-03-25T23:31:28.728Z,46.0,882.32,46.0
Shortened: CMB00196.TalkShow.Cowboy_VER_v1_1920_1080_DUR_59S_LNG_ENGLBL.mp4,https://www.youtube.com/watch?v=NFQtc45-qYk,,,2026-03-25T23:31:06.720Z,21.0,22.008,21.0
FS 16x9 06s v40,https://www.youtube.com/watch?v=1ik9_jTxNDE,,,2026-03-25T23:30:59.015Z,7.0,7.705,7.0
Shortened: kr1063991kr_445067_ccss_lt_327229-bears-on-the-shelf-otb-op68-no-shelf-respawn_vid15_1920,https://www.youtube.com/watch?v=g9JcQPFuNrU,,,2026-03-25T23:30:51.638Z,7.0,7.377,7.0
Indiana Mom Arrested for Triple Killing in Illinois,https://www.youtube.com/watch?v=YvbeZCnR5Hc,Law&Crime Network,https://www.youtube.com/channel/UCz8K1occVvDTYDfFo7N5EZw,2026-03-25T23:18:47.198Z,1548.0,724.44,724.44
Shortened: arc_712_v2_vid_en_16x9_15s_453glowbackground_variant_x_fans_characters_kr_w_r1.mp4,https://www.youtube.com/watch?v=N_W81lhS8rE,,,2026-03-25T23:18:37.278Z,14.0,9.92,9.92
MPY-45106_Vidsy repurpose 14 - Dec 1920x1080-V2_ktmbzx2glf_ktmbzx2glf.mp4,https://www.youtube.com/watch?v=xeZAyleM7ZM,,,2026-03-25T23:18:22.772Z,21.0,14.506,14.506
ROK_V_EN_3D_上帝掷骰子吗(城市精英破产)_CB_253_1920x1080_53s_250821_NR_992149,https://www.youtube.com/watch?v=O3jYULsUm9U,,,2026-03-25T23:18:16.331Z,54.0,6.441,6.441
Cheating Husband Slams Into Wife While Driving 60 MPH | Shaun Stemple Case Analysis,https://www.youtube.com/watch?v=iWiOi64_BtY,Dr. Todd Grande,https://www.youtube.com/channel/UCC_0vyFTKk1Nlodo4QsiQkw,2026-03-25T23:14:51.683Z,899.0,204.648,204.648
ROK_V_EN_3D_吸沙经营_CB_1_1920x1080_59s_260312_NR_1123246,https://www.youtube.com/watch?v=LIs4s-yrldo,,,2026-03-25T23:13:25.350Z,59.0,86.333,59.0
SNAP_1723186480_AT_GrandpaReacts_42s_EN_1920x1080 (1).mp4,https://www.youtube.com/watch?v=EhqJcpLc-bM,,,2026-03-25T23:05:14.453Z,42.0,490.897,42.0
FS 16x9 06s v41,https://www.youtube.com/watch?v=1e4LguwxTJw,,,2026-03-25T23:04:41.272Z,7.0,33.181,7.0
Shortened: kr1056301kr_345774_ccss_lt_295891-event-skull-pumpkin-gameplay-op63-cupcake-liquorice-blo,https://www.youtube.com/watch?v=QkHjkXE0Jjg,,,2026-03-25T23:04:33.710Z,7.0,7.562,7.0
Video Ad,https://www.youtube.com/watch?v=7ksjEotth04,,,2026-03-25T23:04:17.434Z,16.0,16.276,16.0
Wife Shoots Husband Who She Claims was a Bear | Mark and Mary Beth Harshbarger Case Analysis,https://www.youtube.com/watch?v=VAhhJAPXg28,Dr. Todd Grande,https://www.youtube.com/channel/UCC_0vyFTKk1Nlodo4QsiQkw,2026-03-25T22:55:05.927Z,996.0,551.507,551.507
FAT2D04626_EN_zz果汁杯大西瓜餐厅订单条多阶棋子叠加摆放I版试玩转视频6s_1920x1080,https://www.youtube.com/watch?v=ksl_B_FYZwQ,,,2026-03-25T22:54:56.290Z,7.0,9.637,7.0
fz1309ben1920x1080,https://www.youtube.com/watch?v=twsh-GtdbOM,,,2026-03-25T22:54:48.814Z,7.0,7.476,7.0
Shortened: PTSLG_V_EN_3D_精灵抓捕器_CB_709_1920x1080_49s_260225_NR_1113677,https://www.youtube.com/watch?v=ja_xdro0b28,,,2026-03-25T22:47:49.451Z,48.0,419.363,48.0
Shortened: Samo_V_EN_3D_格温妮复仇选角色开头_CB_152_1920x1080_51s_260316_NR_1124937,https://www.youtube.com/watch?v=tvsqsA5aTlY,,,2026-03-25T22:47:02.381Z,46.0,47.07,46.0
Shortened: SSD_05307A01_169_EN_TZQ^QZ_20250910_WSHY_推矿防御,https://www.youtube.com/watch?v=K_9kQcwGMjE,,,2026-03-25T22:46:54.169Z,7.0,8.212,7.0
Wife Blames Intruder for Shotgun-Assisted Separation from Husband | Jennifer Nibbe Case Analysis,https://www.youtube.com/watch?v=9EjewmGsu7I,Dr. Todd Grande,https://www.youtube.com/channel/UCC_0vyFTKk1Nlodo4QsiQkw,2026-03-25T22:39:38.654Z,806.0,435.515,435.515
PRIME-55368_TNG_First_Contact-Trailer_1920x1080_EN_44S_bar71bubbj_bar71bubbj.mp4,https://www.youtube.com/watch?v=LSnbuNrAXxk,,,2026-03-25T22:38:20.294Z,45.0,78.36,45.0
Shortened: STP 55992 Funny Bunny Jump Scare 1920x1080 EN 24s pbuxy9aqix,https://www.youtube.com/watch?v=S7A-MaEK4KY,,,2026-03-25T22:31:26.742Z,18.0,413.552,18.0
Thorne Campaign Hero Film. Now I know. Backed by science since 1984.,https://www.youtube.com/watch?v=JUiWjfIWYqo,,,2026-03-25T22:30:55.258Z,31.0,31.484,31.0
CMA02299.MS.Real.Life_VER_v1_1920_1080_DUR_30S_LNG_ENGLBL.mp4,https://www.youtube.com/watch?v=BqkMZiw6OzQ,,,2026-03-25T22:15:54.835Z,31.0,900.423,31.0
Shortened: cid=14124c8f674cbddd6c59243ab3de7218,https://www.youtube.com/watch?v=sXHBCu0kJ4A,,,2026-03-25T22:15:31.065Z,23.0,23.77,23.0
AIRPLANE PROBLEMS,https://www.youtube.com/watch?v=I5VsDvBs_gc,,,2026-03-25T22:15:14.865Z,16.0,16.2,16.0
Phase10_V1922_sensen_常规大Logo完成Phase_EN_1920x1080_6s_20260211_2D_WD,https://www.youtube.com/watch?v=ciY941uVG8A,,,2026-03-25T22:15:06.562Z,7.0,8.303,7.0
Shortened: hxasrt-Gameplay_24-fzdg5-oqrm-48sec-16x9,https://www.youtube.com/watch?v=tEKTWTZeAjs,,,2026-03-25T22:14:59.521Z,7.0,7.041,7.0
v3PWB2884zen59SZZZ_1280x720_PS,https://www.youtube.com/watch?v=v3pZXBAzWDI,,,2026-03-25T21:59:53.757Z,60.0,905.764,60.0
"593-2725_Warhammer-40,000:-Tacticus_1920x1080_16sec_en_itunes",https://www.youtube.com/watch?v=NFy-6Lo9eYo,,,2026-03-25T21:59:37.174Z,16.0,16.583,16.0
Lifestride SS26 06s 16x9 Final,https://www.youtube.com/watch?v=Rygq98-29oo,,,2026-03-25T21:59:29.535Z,7.0,7.639,7.0
Shortened: STP 47880 Find the treasure 1920x1080 30s qevws8loow,https://www.youtube.com/watch?v=6tV_qxU_Tv4,,,2026-03-25T21:59:22.269Z,7.0,7.266,7.0
"WEDDING DAY EXECUTION: He Killed for a $150,000 Policy That Didn't Even Exist",https://www.youtube.com/watch?v=1OBQH94Wrxc,Real Crime,https://www.youtube.com/channel/UC1s9576cQFdQq3QTtTxocmA,2026-03-25T21:45:37.178Z,2568.0,825.091,825.091
"Introducing Homes Ai, Your Home Search Guide | Homes.com",https://www.youtube.com/watch?v=xUJsGw0Jyd4,,,2026-03-25T21:45:20.181Z,16.0,16.997,16.0
Get a FREE iPhone or Samsung with TAG Mobile | 10GB Data + Unlimited Talk & Text,https://www.youtube.com/watch?v=NB9Rl1fCX5k,,,2026-03-25T21:45:02.333Z,17.0,17.848,17.0
The Stourbridge Crash | 48 Mystery,https://www.youtube.com/watch?v=iKDKk0D3eHM,Hezd,https://www.youtube.com/channel/UCbSUR7MeQHlYf4N3dcJFmeg,2026-03-25T21:32:20.967Z,,761.366,761.366
Police Save Woman from Abusive Boyfriend at Hilton Hotel,https://www.youtube.com/watch?v=vo0nFKWPQmw,Body Cam Tube,https://www.youtube.com/channel/UCyVDZzuRMWcn3wbaBOrcgXA,2026-03-25T21:29:58.298Z,728.0,142.669,142.669
Dinner Party | JCPenney Brand 06 GM,https://www.youtube.com/watch?v=tD19bYAiOUY,,,2026-03-25T21:29:36.124Z,7.0,22.174,7.0
Shortened: MPY-53784_Pets_Swipe to Pet_1920x1080_EN_v05_8ucubsn935.mp4,https://www.youtube.com/watch?v=3DBx_GmEpiI,,,2026-03-25T21:29:31.911Z,12.0,4.213,4.213
Puzzles & Survival,https://www.youtube.com/watch?v=K2cVFKtoQDA,,,2026-03-25T21:25:52.998Z,39.0,218.913,39.0
Break free from old-school retirement planning.,https://www.youtube.com/watch?v=2OcMdgrysuU,,,2026-03-25T21:25:38.979Z,16.0,14.019,14.019
Shortened: MD_v_Aug_25_PopCulture_04_DragonTeaParty_45s_1920x1080_ee3565,https://www.youtube.com/watch?v=-mMqzSPuuvw,,,2026-03-25T21:25:30.815Z,7.0,8.164,7.0
#1 MOVIE 15/ Now Playing Only In Theaters,https://www.youtube.com/watch?v=KtT1Rwk8Iyc,,,2026-03-25T21:25:14.621Z,16.0,16.194,16.0
fz0508ben1920x1080,https://www.youtube.com/watch?v=PGeT1NIbmlY,,,2026-03-25T21:25:06.747Z,7.0,7.874,7.0
GOT3D783_EN_CC以战养战-苔原版-1分钟版_国王_1920x1080,https://www.youtube.com/watch?v=lloaov-SekQ,,,2026-03-25T21:18:48.857Z,60.0,377.89,60.0
260127_iGHG_MD_Orange_169_45s0,https://www.youtube.com/watch?v=amtsMCBDBx0,,,2026-03-25T21:18:02.637Z,45.0,46.22,45.0
FAT2D05907_EN_zzAIgg海浪桌合成棋子订单_1920x1080,https://www.youtube.com/watch?v=ebAgiCJEVu8,,,2026-03-25T21:17:55.849Z,5.0,6.788,5.0
Signs of a Psychopath 2026 👰‍♀️ Murder Goes Live 👰‍♀️True Crime Documentary ID Podcast,https://www.youtube.com/watch?v=f04AoI-jpjA,Psychopath Files,https://www.youtube.com/channel/UCsdAYdNmm2j-DUES_3Zeswg,2026-03-25T21:04:43.662Z,,792.187,792.187
Maddy Mitchell Case: Daycare Negligence and a Family's Fight for Justice,https://www.youtube.com/watch?v=PI7pIF9-2BU,MotiveX,https://www.youtube.com/channel/UCTfPaKZ9RpMYafhYlplDHFA,2026-03-25T21:03:51.356Z,1563.0,52.306,52.306
Pay later using autofill on Chrome,https://www.youtube.com/watch?v=DLcseNgGHSE,,,2026-03-25T21:03:47.092Z,16.0,4.264,4.264
Shortened: MPY-53834_HK Got talent_1920x1080_32s_v7_6pekn6noyn_6pekn6noyn.mp4,https://www.youtube.com/watch?v=KSNmxN_3FYE,,,2026-03-25T21:03:42.553Z,27.0,4.539,4.539
PRIME-56872_Collect Officers_Enterprise D_EN_1920x1080_29s_1xzwrm29iw_1xzwrm29iw.mp4,https://www.youtube.com/watch?v=b6NP4tcRNUk,,,2026-03-25T21:03:15.234Z,30.0,27.319,27.319
POM Wonderful: One Finger,https://www.youtube.com/watch?v=eIByze6LRz4,,,2026-03-25T21:02:50.554Z,16.0,24.68,16.0
Chicken Fingers | Rewards on Hotels.com,https://www.youtube.com/watch?v=pXuXVZTJdFQ,,,2026-03-25T20:46:52.950Z,31.0,957.604,31.0
Shortened: 260127_iGHG_MD_Orange_169_30s0,https://www.youtube.com/watch?v=k7ZlYna9y8g,,,2026-03-25T20:46:28.191Z,24.0,24.759,24.0
Elevated RR Combined Experience 20s,https://www.youtube.com/watch?v=pZ7ye3yNkR0,,,2026-03-25T20:45:56.992Z,23.0,31.199,23.0
Texas Church Minister Murdered Her For His 'Erotic Horror' Fetish | True Crime Documentary,https://www.youtube.com/watch?v=fZ6MOt-RVfE,True Crime Fix,https://www.youtube.com/channel/UCmgpjm53OGZd8a2z859a9vw,2026-03-25T20:33:10.850Z,2613.0,766.142,766.142
Bissell,https://www.youtube.com/watch?v=WAAuMD0NjfE,,,2026-03-25T20:32:27.836Z,16.0,43.014,16.0
Get them both,https://www.youtube.com/watch?v=c01sD-_4jL8,,,2026-03-25T20:32:22.660Z,64.0,5.176,5.176
'Bunny-Obsessed' Lesbian Lovers Stab Protective Mother 73 Times | Murphy & Keller Case Analysis,https://www.youtube.com/watch?v=aTkNhNhhhMU,Dr. Todd Grande,https://www.youtube.com/channel/UCC_0vyFTKk1Nlodo4QsiQkw,2026-03-25T20:31:50.110Z,1083.0,32.55,32.55
COC.GoldPass.UA.EN.30s.16x9$COC00453-10.mp4,https://www.youtube.com/watch?v=LJ44dJLL5X0,,,2026-03-25T20:31:16.345Z,30.0,33.765,30.0
2026-Feb--FF_ATMs-Testimonials-RachelV1-18s-UGCVideo-16x9.mp4,https://www.youtube.com/watch?v=Epgr_F1ikYk,,,2026-03-25T20:21:06.994Z,19.0,609.351,19.0
JUMP-L-VNO5797-3D-B0-E0-EN-核心玩法-5698短秒-6s-20260318,https://www.youtube.com/watch?v=UFz2bf_96gU,,,2026-03-25T20:20:59.237Z,7.0,7.757,7.0
Everybody Pilates - Everybody - :15,https://www.youtube.com/watch?v=x2K6lNHGGPQ,,,2026-03-25T20:20:34.938Z,16.0,24.299,16.0
Lululemon Worker Stages Store Invasion After Yoga Pants Surprise | Jayna Murray Case Analysis,https://www.youtube.com/watch?v=NKTyRxdRFe0,Dr. Todd Grande,https://www.youtube.com/channel/UCC_0vyFTKk1Nlodo4QsiQkw,2026-03-25T20:13:35.902Z,942.0,419.036,419.036
Animated Patient Ambassador Emmett YouTube Ad,https://www.youtube.com/watch?v=CK3h8hJ3gn4,,,2026-03-25T20:10:47.754Z,166.0,168.148,166.0
Shortened: MC_VID_943957_DECO_Merge2_NORM_3D_P3_EN_63s_@ID2893515,https://www.youtube.com/watch?v=wB0JKtlJdRk,,,2026-03-25T20:10:00.797Z,46.0,46.957,46.0
ULTRA Curling ft. Kurt Russell,https://www.youtube.com/watch?v=ZooweAKXRqU,,,2026-03-25T19:56:43.914Z,16.0,796.883,16.0
Social Spend 16x9 Tuesday Plathville Promo,https://www.youtube.com/watch?v=F0KFjSKkBAs,,,2026-03-25T19:56:27.269Z,15.0,16.645,15.0
Mucinex Children’s,https://www.youtube.com/watch?v=lDqGgG-n3aM,,,2026-03-25T19:56:10.628Z,16.0,16.641,16.0
"It's LSU, Online - Brand (A) :6",https://www.youtube.com/watch?v=NbK7Yumy75U,,,2026-03-25T19:56:03.043Z,7.0,7.585,7.0
Defiant Webcam Model Says Fraudster Paid Millions for 'The Girlfriend Experience' | Puglisi Analysis,https://www.youtube.com/watch?v=EKOt9aDaPHI,Dr. Todd Grande,https://www.youtube.com/channel/UCC_0vyFTKk1Nlodo4QsiQkw,2026-03-25T19:48:17.712Z,981.0,465.331,465.331
"""Veterans""",https://www.youtube.com/watch?v=iVLO9JwvqbI,,,2026-03-25T19:47:44.295Z,31.0,33.417,31.0
fz1232en1920x1080,https://www.youtube.com/watch?v=AcrtpdPJLnE,,,2026-03-25T19:39:16.633Z,53.0,507.662,53.0
260127_iGHG_MD_Orange_169_30s0,https://www.youtube.com/watch?v=FyTA01nxsAE,,,2026-03-25T19:38:45.077Z,30.0,31.556,30.0
Shortened: EM 10004 Video NA RunEscape Gunshot X7V5 Nor R F NA EN A bluedemo,https://www.youtube.com/watch?v=gX_ixXKd39Y,,,2026-03-25T19:38:37.288Z,7.0,7.789,7.0
Google 6 2H 6 sec,https://www.youtube.com/watch?v=UyzU8wvGFbo,,,2026-03-25T19:38:29.158Z,7.0,8.13,7.0
'Wannabe Mobster' Claims He Was Cleaning Murder Victim's House | Maria Spencer Case Analysis,https://www.youtube.com/watch?v=st1lylReyOY,Dr. Todd Grande,https://www.youtube.com/channel/UCC_0vyFTKk1Nlodo4QsiQkw,2026-03-25T19:30:11.191Z,950.0,497.967,497.967
Shortened: PRIME-55368_TNG_First_Contact-Trailer_1920x1080_EN_44S_bar71bubbj_bar71bubbj.mp4,https://www.youtube.com/watch?v=T1iFFiFCYtk,,,2026-03-25T19:29:30.328Z,38.0,40.863,38.0
"Dad, What Were You Like in the 90’s?",https://www.youtube.com/watch?v=ma6_gKdQw1k,Sacred Light Amadeus Thomas,https://www.youtube.com/channel/UCcB1InOFzShgSBYb7LtGv1w,2026-03-25T19:28:23.981Z,26.0,66.347,26.0
If you know you know😒💀 #moneybanks73 #funnymemes,https://www.youtube.com/watch?v=WBRD54FEpMk,Carlos Banks,https://www.youtube.com/channel/UCeaRPBUSoRJcDe2FmLg7-dA,2026-03-25T19:28:12.363Z,8.0,11.618,8.0
This cookie looks amazing,https://www.youtube.com/watch?v=BreE5ra6srQ,Bentellect,https://www.youtube.com/channel/UCyQHab6hU_5cqhK6wRS173w,2026-03-25T19:26:41.233Z,76.0,91.13,76.0
We Just Different in Louisiana 🤣⚜️ Baton Rouge Moments,https://www.youtube.com/watch?v=O6tFHYWAgug,Only In Baton Rouge TV,https://www.youtube.com/channel/UCeeiCG7oLCU7GZwrrk_M8Qw,2026-03-25T19:25:55.450Z,22.0,45.783,22.0
The way she watches her husband… yeah that’s REAL love 🥹❤️,https://www.youtube.com/watch?v=qUHXhe3H3dA,"Michael Jonvier Media, LLC",https://www.youtube.com/channel/UC-xCr0hY7LHUbADFMsU3FmQ,2026-03-25T19:24:01.281Z,58.0,114.169,58.0
ANNOYING BROTHERS VS THEIR SISTERS 😂🔥,https://www.youtube.com/watch?v=6v_j2PHwH88,Apex & Aftermath,https://www.youtube.com/channel/UCKCpy6zQ7PA-H6BAR1WSfWw,2026-03-25T19:21:31.756Z,98.0,149.525,98.0
🎬: 42 📺: Amazon Prime Video,https://www.youtube.com/watch?v=gbRYs767Sxw,Advice,https://www.youtube.com/channel/UC0Pg1yrHHawHBKxXfyXt2Hw,2026-03-25T19:20:38.208Z,27.0,53.548,27.0
This Is So True 🤣 #shorts #shortvideos #shortsfeed #shortsviral #shortsyoutube,https://www.youtube.com/watch?v=0y_eyoKLzd4,Derick Rayshawn ,https://www.youtube.com/channel/UCkiIj-vuUdgR7Yvv9EgrvWw,2026-03-25T19:20:10.536Z,26.0,27.672,26.0
Freecash Miri 016 WordGame EN 1920x1080 21112025,https://www.youtube.com/watch?v=TUUBQnhlo4E,,,2026-03-25T19:20:03.252Z,30.0,7.284,7.284
FAT2D05909_EN_zzAIgg咖啡馆合成棋子订单_1920×1080,https://www.youtube.com/watch?v=FolRmKDm58k,,,2026-03-25T19:19:48.982Z,5.0,14.27,5.0
Get with program Joe #siblings #pump,https://www.youtube.com/watch?v=-eyhHum4eZc,Brotherly Love Podcast,https://www.youtube.com/channel/UCIyI0Uvfg0hf_bs4itx4eBA,2026-03-25T19:19:39.848Z,15.0,9.134,9.134
WHO CAN RELATE??👈🏽🤣 #shorts,https://www.youtube.com/watch?v=_T8pH06kDIk,Iamrandypyron,https://www.youtube.com/channel/UCC3DCgren5lT2txVJSx7GsA,2026-03-25T19:19:14.125Z,23.0,25.723,23.0
Beyonce Talks Getting Married to Jay-Z 🎤 #shorts,https://www.youtube.com/watch?v=ht420xZMNXw,TheEllenShow,https://www.youtube.com/channel/UCp0hYYBW6IMayGgR-WeoCvQ,2026-03-25T19:18:09.469Z,59.0,64.656,59.0
Melissa Etheridge - Come To My Window,https://www.youtube.com/watch?v=Z4aj-t4eGrs,MelissaEtheridgeVEVO,https://www.youtube.com/channel/UC-0dv2mN6SeXwkEKtfKXJnQ,2026-03-25T19:16:19.204Z,240.0,110.265,110.265
k.d. lang - Constant Craving (Official Music Video) | Warner Vault,https://www.youtube.com/watch?v=oXqPjx94YMg,Warner Records Vault,https://www.youtube.com/channel/UCv5emLGrYcQAmbpeFVlzjdg,2026-03-25T19:14:41.852Z,241.0,97.352,97.352
Did 'Back Talk' Cause Linguist to Murder Her Two Children? | Julie Schenecker Case Analysis,https://www.youtube.com/watch?v=AHPUqAs9oo4,Dr. Todd Grande,https://www.youtube.com/channel/UCC_0vyFTKk1Nlodo4QsiQkw,2026-03-25T19:11:05.906Z,948.0,215.946,215.946
Shortened: Toon Blast - Fossilbug-boardaccomp 30s L,https://www.youtube.com/watch?v=fOszO6HTv-Q,,,2026-03-25T19:10:46.954Z,16.0,18.952,16.0
EM 10004 Video NA RunEscape Gunshot DogCrisisV1X1 Nor DWTY F NA EN A bluedemo,https://www.youtube.com/watch?v=FWceLSg0jHY,,,2026-03-25T19:10:08.956Z,36.0,37.998,36.0
Beyoncé - Blow (Video),https://www.youtube.com/watch?v=CIELYkfoKy8,BeyoncéVEVO,https://www.youtube.com/channel/UC9zX2xZIJ4cnwRsgBpHGvMg,2026-03-25T19:05:21.721Z,326.0,287.235,287.235
Puzzles & Survival,https://www.youtube.com/watch?v=amcwaEpVBMs,,,2026-03-25T19:03:17.721Z,47.0,124.0,47.0
Shortened: GOF3D8191_EN_BJK1凹城运木-加飘雪-金币版_1920x1080,https://www.youtube.com/watch?v=_WQo3mEiQSc,,,2026-03-25T19:02:59.670Z,16.0,18.051,16.0
WS334_LSSZXY_16X9_gaichicun73_3s.mp4,https://www.youtube.com/watch?v=bUwcuMszmC8,,,2026-03-25T19:02:54.304Z,4.0,5.366,4.0
MD_carve_your_pumpkin_6s_1920x1080,https://www.youtube.com/watch?v=JLS-ycISgAA,,,2026-03-25T19:02:46.873Z,7.0,7.431,7.0
Wife Vanishes After Returning to Husband Who Once Allegedly Tried to Kill Her | McCain Case Analysis,https://www.youtube.com/watch?v=OzNLwHK-ZAY,Dr. Todd Grande,https://www.youtube.com/channel/UCC_0vyFTKk1Nlodo4QsiQkw,2026-03-25T18:54:47.183Z,809.0,479.69,479.69
Shortened: v3PWB2884zen59SZZZ_1280x720_PS,https://www.youtube.com/watch?v=tWoUnIfHLEM,,,2026-03-25T18:54:24.126Z,20.0,23.057,20.0
EM 10004 Video NA RunEscape Gunshot BranchStandV35X8 Nor DWTY F NA EN A bluedemo,https://www.youtube.com/watch?v=FVYVQuzIxcY,,,2026-03-25T18:53:48.243Z,35.0,35.883,35.0
NU0150 CashbackConceptMom IT001 V001 1920x1080 19092025 EN US 36sec,https://www.youtube.com/watch?v=FkxdBUCqG-U,,,2026-03-25T18:47:21.517Z,37.0,386.726,37.0
Skin Activator Hydrating & Firming Cream and Lotion. Firmer Looking Skin In Just 4 Weeks.,https://www.youtube.com/watch?v=UUGfkwcF9Lo,,,2026-03-25T18:46:39.735Z,16.0,41.782,16.0
Shortened: EN_WTW_LH2_GRANDMA_ZIT_NOBOARD_1920x1080,https://www.youtube.com/watch?v=MYUTJH4saww,,,2026-03-25T18:46:31.974Z,7.0,7.761,7.0
Shortened: ltfrst-Gameplay_252-8ctp6-a8ov-60sec-16x9,https://www.youtube.com/watch?v=Ux9e8a1aNRE,,,2026-03-25T18:46:24.598Z,7.0,7.376,7.0
Giggling Teenagers Plot Bizarre Murder to ‘Resurrect’ Adam Lanza | Valdez and Lippert Analysis,https://www.youtube.com/watch?v=Cpd479qzRRE,Dr. Todd Grande,https://www.youtube.com/channel/UCC_0vyFTKk1Nlodo4QsiQkw,2026-03-25T18:40:08.410Z,720.0,376.188,376.188
Google AI Pro,https://www.youtube.com/watch?v=wSYC0JzFW6E,,,2026-03-25T18:39:56.653Z,25.0,11.757,11.757
PTSLG_V_EN_3D_电梯卖帕鲁_CB_709_1920x1080_52s_260204_NR_1101570,https://www.youtube.com/watch?v=wqkWFXIixnk,,,2026-03-25T18:38:14.249Z,53.0,102.404,53.0
Watch Love & Hip Hop Atlanta S13B on Philo,https://www.youtube.com/watch?v=7i8UHajWf44,,,2026-03-25T18:37:43.041Z,31.0,31.208,31.0
Shortened: 250227_GMP-一层铺满-下落-3d-砖块-10MB+le30s_en_VM_1920x1080.mp4,https://www.youtube.com/watch?v=qRXOwcuvihQ,,,2026-03-25T18:37:34.920Z,7.0,8.121,7.0
Samo_V_EN_3D_篝火海盗船长_CB_1045_1920x1080_48s_260313_NR_1124227,https://www.youtube.com/watch?v=6neCsIZjkh0,,,2026-03-25T18:23:10.853Z,49.0,864.067,49.0
2025.07_LifeLock_CTV_UGC-adB_16x9_v06_mh.mp4,https://www.youtube.com/watch?v=rw17qwm2I8g,,,2026-03-25T18:22:39.836Z,31.0,31.017,31.0
FAT2D04635_EN_zz果汁杯大西瓜餐厅订单条多阶棋子叠加摆放L版试玩转视频6s_1920x1080,https://www.youtube.com/watch?v=SdePMV98tT4,,,2026-03-25T18:22:23.269Z,7.0,16.567,7.0
Dad Realizes Why The Men Around His Daughter Keep Dying | Poisonous Liaisons,https://www.youtube.com/watch?v=JMbzcvlOVb4,Total Crime,https://www.youtube.com/channel/UCLLOeZq-6oInTTLyDQaaaLQ,2026-03-25T18:07:58.092Z,2641.0,865.177,865.177
PTSLG_V_EN_3D_风力发电_CB_709_1920x1080_61s_260317_NR_1126806,https://www.youtube.com/watch?v=fjTk9ul4Msw,,,2026-03-25T18:06:54.261Z,62.0,63.831,62.0
Shortened: Toon Blast - Fossilbug-boardaccomp 30s L,https://www.youtube.com/watch?v=wGKE6VGIxHQ,,,2026-03-25T18:06:44.224Z,8.0,10.037,8.0
Joseph Duggar Had No Idea How Much Trouble He was In When He Confessed! Michelle Is Spiraling!,https://www.youtube.com/watch?v=vzC6AmEddpw,realiteasquad,https://www.youtube.com/channel/UCPRAvLtPv1NSxVzaoCE-4NQ,2026-03-25T18:05:48.458Z,771.0,55.766,55.766
Tech Degrees Built on Tradition | ECPI-045,https://www.youtube.com/watch?v=17jMnsihbxE,,,2026-03-25T18:05:36.108Z,31.0,12.35,12.35
GOF3D8261_EN_FZ投流-lifestyleNight-KOC-ashfordsinclair_1920x1080,https://www.youtube.com/watch?v=vkBDW1BdbFA,,,2026-03-25T17:55:49.685Z,41.0,586.423,41.0
68303 zast5heb7xo98 FV3 v  BumperAds ExoticAnimalCollection ZG ORIG 6s 1920x1080 EN,https://www.youtube.com/watch?v=dnkrQMOlP8Y,,,2026-03-25T17:55:04.109Z,7.0,45.576,7.0
Google 6 3H 6 sec,https://www.youtube.com/watch?v=0Wh33xJWT5o,,,2026-03-25T17:54:56.714Z,7.0,7.395,7.0
Shortened: MARC 4239 BV Unclaimed Podcast Style UGC 16x9 30 Final,https://www.youtube.com/watch?v=JU4Jlfyab2k,,,2026-03-25T17:40:54.710Z,25.0,842.004,25.0
"Nadula - Glueless wigs, pre-everything",https://www.youtube.com/watch?v=IW7rFdnVtrU,,,2026-03-25T17:40:42.264Z,11.0,12.446,11.0
Football Cooler Zero 6s | Michelob ULTRA,https://www.youtube.com/watch?v=XdRX78aUPQ0,,,2026-03-25T17:40:35.357Z,7.0,6.907,6.907
She Hid the Fact She Murdered her Best Friend 30 Years Ago - But She Made a Mistake,https://www.youtube.com/watch?v=Mom0JfByfUA,True Crime Central,https://www.youtube.com/channel/UCFkFUrV28yy4kpg9b6LNhuQ,2026-03-25T17:25:50.511Z,2564.0,884.846,884.846
Who The (Bleep) Did I Marry 2026 💀 Ambushed by Love 💀 Documentary True Crime Podcast,https://www.youtube.com/watch?v=6cZc2wsnR_8,Fatal Love Stories,https://www.youtube.com/channel/UC5DaHJeuG2YJ9sseHX7GrFA,2026-03-25T17:24:14.278Z,8822.0,96.233,96.233
'Simulated Forgery': Handwriting Expert Testifies Signature On Life Insurance App Likely Fake,https://www.youtube.com/watch?v=REFqfWdB3OA,Meghann Cuniff,https://www.youtube.com/channel/UCOHIOF-rFAeLOnH0ri5F62g,2026-03-25T17:20:10.573Z,1958.0,243.705,243.705
Five,https://www.youtube.com/watch?v=hlJQx9h0zkY,,,2026-03-25T17:19:39.127Z,31.0,31.446,31.0
48 Mystery Full Episode 2025 💥💥Mojave Mystery💥💥 Murder Documentary Full HD,https://www.youtube.com/watch?v=Vx3R5vcqv2E,Hezd,https://www.youtube.com/channel/UCbSUR7MeQHlYf4N3dcJFmeg,2026-03-25T17:17:47.979Z,,111.148,111.148
Percy Jackson,https://www.youtube.com/watch?v=1rkx_HnX4zE,,,2026-03-25T17:17:13.771Z,31.0,34.208,31.0
Young Mom Shot Dead by Neighbor Over Birds: Police,https://www.youtube.com/watch?v=4YMbFmHb6sU,Law&Crime Network,https://www.youtube.com/channel/UCz8K1occVvDTYDfFo7N5EZw,2026-03-25T16:26:37.808Z,1384.0,3035.963,1384.0
Tron: Ares,https://www.youtube.com/watch?v=8K4fxoGIw1A,,,2026-03-25T16:26:27.744Z,60.0,10.064,10.064
D600000 WPLB3146 NULL GOOGLE FY27 SAVVINESS XCAT BSRA MLPG VID 1920x1080 15 GM EL 26010730041EAD3146,https://www.youtube.com/watch?v=uMtV1X8Y2HY,,,2026-03-25T16:24:08.978Z,16.0,138.766,16.0
Beyonce blow rehearsals,https://www.youtube.com/watch?v=AOJGmOUar6g,Sarah Alice Burns,https://www.youtube.com/channel/UCaAIxl1P90YxHE0PHmOCPaA,2026-03-25T16:11:47.559Z,36.0,741.419,36.0
Beyonce at Coachella 2018 Behind the Scenes,https://www.youtube.com/watch?v=uLviI-oECKk,StarLeak,https://www.youtube.com/channel/UCQdUhO_vWOa27nQwB9XsyTQ,2026-03-25T16:10:40.590Z,47.0,66.969,47.0
*BACKSTAGE* Beyonce & Blue Ivy greeting the family of one of his dancers at the Cowboy Carter Tour,https://www.youtube.com/watch?v=AUiNljYZZ4Y,Léo Milani,https://www.youtube.com/channel/UCVqY8VMKbgYR-TaBaDAqMFA,2026-03-25T16:10:22.671Z,26.0,17.919,17.919
“To my fifty leven children” | HOMECOMING @beyonce #beyonce #homecoming #coachella,https://www.youtube.com/watch?v=5UPw87Nz0z8,𝓛𝓸𝓿𝓮𝓵𝔂𝓮𝓭𝓲𝓽𝓼,https://www.youtube.com/channel/UCtDt1W1CT10fJCicjchnPFQ,2026-03-25T16:10:00.346Z,8.0,22.325,8.0
Hawaii Doctor Who Allegedly Tried to Kill Wife Makes Big Demand in Court,https://www.youtube.com/watch?v=lCDX-ZpJ_cs,Law&Crime Network,https://www.youtube.com/channel/UCz8K1occVvDTYDfFo7N5EZw,2026-03-25T16:09:56.935Z,1344.0,3.411,3.411
Beyoncé Rehearses For Homecoming | Netflix | 🐝,https://www.youtube.com/watch?v=CxCAjXbZPb4,Still Watching Netflix,https://www.youtube.com/channel/UCGie8GMlUo3kBKIopdvumVQ,2026-03-25T16:08:32.007Z,90.0,84.928,84.928
Madea as Beyoncé at Coachella was TOO ICONIC for us to ignore💅🏻,https://www.youtube.com/watch?v=BASjwV63kdo,Gen Z humor,https://www.youtube.com/channel/UCzAoQk_u8bQbp3EJv7ThSbg,2026-03-25T16:01:01.137Z,403.0,450.87,403.0
FE00003H0281H,https://www.youtube.com/watch?v=O1blYGPBJhs,,,2026-03-25T15:55:14.126Z,120.0,347.011,120.0
FAT2D0216_EN_zz订单合成1修改尺寸加边框_1920x1080_CLS,https://www.youtube.com/watch?v=6xR4HGxEz1E,,,2026-03-25T15:54:26.840Z,46.0,47.286,46.0
MC_VID_953835_Pre_3D_P3_EN_6s_@ID2905043,https://www.youtube.com/watch?v=nC0J1vEXnxA,,,2026-03-25T15:54:19.155Z,7.0,7.685,7.0
Wife Faces Hawaii Doctor Who Allegedly Tried to Kill Her,https://www.youtube.com/watch?v=p0aAdpYNZWk,Law&Crime Network,https://www.youtube.com/channel/UCz8K1occVvDTYDfFo7N5EZw,2026-03-25T15:44:14.153Z,1305.0,605.002,605.002
Lindt GOLD BUNNY 'Golden Trail' - 6s (2024),https://www.youtube.com/watch?v=o3fjCc5Z9ak,,,2026-03-25T15:43:57.782Z,7.0,16.371,7.0
Gas is $6.49,https://www.youtube.com/watch?v=QXol9U2-beM,KevOnStage,https://www.youtube.com/channel/UC5Zc0EUB-km6in-55cK7k2g,2026-03-25T15:38:04.151Z,16.0,353.631,16.0
DoorDash Road Rage Shooter Gets the Surprise of His Life,https://www.youtube.com/watch?v=wiKBJ5d1rBU,Daily Dose Of Crime,https://www.youtube.com/channel/UCrOKDAUB-iL2wLzZdRN7xgA,2026-03-25T15:26:57.828Z,2265.0,666.323,666.323
Shortened: MPY-53779_Pets_Hidden Camera_EN_1920x1080_22s_C1_V3_ekg56o7uci_ekg56o7uci.mp4,https://www.youtube.com/watch?v=pSfuVSQg0b4,,,2026-03-25T15:26:42.082Z,27.0,15.746,15.746
"Woman Tracks Her Stolen iPhone to This Man’s House, Doesn’t End Well",https://www.youtube.com/watch?v=6f5LiTdgW94,Bodycam Lockdown,https://www.youtube.com/channel/UCWE96-Cbm-0522aCI6799gA,2026-03-25T15:04:07.792Z,1356.0,1354.29,1354.29
Target Circle Deal Days are here.,https://www.youtube.com/watch?v=V-cDKyv1Dns,,,2026-03-25T15:01:34.440Z,40.0,153.352,40.0
Shortened: ROK_V_EN_3D_吸沙经营_CB_1_1920x1080_59s_260312_NR_1123246,https://www.youtube.com/watch?v=lgjblQpTLpc,,,2026-03-25T15:01:29.940Z,54.0,4.5,4.5
Shortened: 260119 GoodsSort HUYDL 01b26 H 30,https://www.youtube.com/watch?v=C8YUZZhqfVw,,,2026-03-25T14:52:02.694Z,27.0,567.246,27.0
LIVDELZI® (seladelpar),https://www.youtube.com/watch?v=6eiA3sgS6oM,,,2026-03-25T14:51:46.206Z,16.0,16.488,16.0
Shortened: FRK_UA_VID_58_XmasTheme_V01_AHM_EN_60s_1920x1080,https://www.youtube.com/watch?v=QIA27QgrmSg,,,2026-03-25T14:51:38.403Z,7.0,7.803,7.0
Drunk Sheriff Interferes with Arrest — Gets 3 Years in Prison | Bodycam Breakdown,https://www.youtube.com/watch?v=eRIagfGG_Qw,The Crime Chamber,https://www.youtube.com/channel/UCynn2-7u3XIs27qBvFGehHA,2026-03-25T14:43:40.239Z,1009.0,478.164,478.164
Target Circle Deal Days are here.,https://www.youtube.com/watch?v=INiL9TMHLMg,,,2026-03-25T14:42:37.237Z,6.0,63.002,6.0
Hawaii ER Doctor Says 'Multiple Blows' Injured Alleged Hiking Trail Attempted Murder Victim,https://www.youtube.com/watch?v=9u4_mPCspn8,Meghann Cuniff,https://www.youtube.com/channel/UCOHIOF-rFAeLOnH0ri5F62g,2026-03-25T14:31:01.116Z,2583.0,696.121,696.121
HD.RealBuildingHarvesting.v1.EN.48s.16x9$HD0206-5.mp4,https://www.youtube.com/watch?v=rgA8SH-LLXY,,,2026-03-25T14:28:14.935Z,48.0,166.181,48.0
Fairyscapes Adventure 魔法拯救,https://www.youtube.com/watch?v=rOU7fG9mbcM,,,2026-03-25T14:27:45.282Z,28.0,29.653,28.0
Shortened: ltfrst-Gameplay_236-djpyy-ics2-45sec-16x9,https://www.youtube.com/watch?v=6ULAMZN18HU,,,2026-03-25T14:27:37.727Z,7.0,7.555,7.0
Shortened: BK_MR_2026-03-04_竞品_风景文案片头-合成建造-日系_英文_1280x720_BXD_扩.mp4,https://www.youtube.com/watch?v=NMhGWKEJRAc,,,2026-03-25T14:12:27.994Z,40.0,909.733,40.0
Goods Puzzle: Sort Challenge _ BuildingFM,https://www.youtube.com/watch?v=ZV-5YEj4KY4,,,2026-03-25T14:11:57.614Z,30.0,30.38,30.0
Puzzles & Chaos,https://www.youtube.com/watch?v=1U66sQlie0g,,,2026-03-25T14:02:35.769Z,,561.845,561.845
'He Was Not Kidding': Hawaii Woman Testifies In Husband's Hiking Trail Attempted Murder Trial,https://www.youtube.com/watch?v=dx1qv-2SxLY,Meghann Cuniff,https://www.youtube.com/channel/UCOHIOF-rFAeLOnH0ri5F62g,2026-03-25T13:47:50.595Z,2219.0,885.174,885.174
"All the WILD drama that the Kouri Richins trial missed, it was A LOT!",https://www.youtube.com/watch?v=cUW4ugAvCsg,CORGISAAN,https://www.youtube.com/channel/UC1OBT_Jkn3zNd-NdvrOIdig,2026-03-25T13:46:03.962Z,6858.0,106.633,106.633
Now streaming,https://www.youtube.com/watch?v=16p7Vf8uBoc,,,2026-03-25T13:45:53.869Z,41.0,10.093,10.093
https://www.youtube.com/watch?v=4fHJOPZrLFo,https://www.youtube.com/watch?v=4fHJOPZrLFo,,,2026-03-25T10:12:21.289Z,,12812.58,12812.58
bookingdotcom ridiculously vampires 30 v03 h264,https://www.youtube.com/watch?v=6fooj4bxTg0,,,2026-03-25T10:11:49.674Z,31.0,31.615,31.0
Secret Clinical Stress Stress Sweat ENG 06 OLV 16x9 PGSC4180000H July25,https://www.youtube.com/watch?v=CQsKH2L8nio,,,2026-03-25T09:41:28.483Z,7.0,1821.191,7.0
Hands Off My Halos: Braking Bad,https://www.youtube.com/watch?v=K4pFGEi4CLk,,,2026-03-25T09:41:12.140Z,16.0,16.343,16.0
Rula 3AMTherapy Alarm 15 16x9 Mischief Youtube,https://www.youtube.com/watch?v=R2p6j92pvW4,,,2026-03-25T09:40:55.578Z,15.0,16.562,15.0
https://www.youtube.com/watch?v=FsEQlFlLEOk,https://www.youtube.com/watch?v=FsEQlFlLEOk,,,2026-03-25T09:25:42.183Z,,913.395,913.395
Marvel Television's Daredevil: Born Again Season 2 | Now Streaming on Disney+,https://www.youtube.com/watch?v=gV9EUqsHB9A,,,2026-03-25T09:25:33.072Z,7.0,9.111,7.0
See how Amazon is empowering American small businesses,https://www.youtube.com/watch?v=I_FQgCNqa_g,,,2026-03-25T09:25:17.248Z,16.0,15.824,15.824
GBUBase Product Consideration Scented Hand Creams NEW 16x9 PROD NONE EN VAR VID15,https://www.youtube.com/watch?v=3c55nsGsMTI,,,2026-03-25T09:13:02.999Z,16.0,734.249,16.0
What Can’t You Do :15 | Capella University,https://www.youtube.com/watch?v=ReslOZlyRhM,,,2026-03-25T09:12:46.452Z,16.0,16.547,16.0
Hilton. For the Stay | Book now,https://www.youtube.com/watch?v=PoJlABVNnF4,,,2026-03-25T09:12:29.890Z,16.0,16.562,16.0
Make Them Hit The Road | Ring,https://www.youtube.com/watch?v=vAYzQk9vnv8,,,2026-03-25T09:12:22.277Z,7.0,7.613,7.0
Hop into homemade taste and make brunch Really Philly Good.,https://www.youtube.com/watch?v=vFVAp6H3Y3w,,,2026-03-25T09:12:15.474Z,7.0,6.803,6.803
Mustache | LiMu Emu & Doug | Liberty Mutual Insurance Commercial,https://www.youtube.com/watch?v=wVqq7P5FRVw,,,2026-03-25T08:58:21.210Z,16.0,834.264,16.0
"When Flu Hits Hard, Fight Back | NyQuil Intense Flu Multi-Symptom",https://www.youtube.com/watch?v=IiV4gLs4VxI,,,2026-03-25T08:58:04.753Z,15.0,16.457,15.0
06 YoshiFish06Bumper UPSX265410AH,https://www.youtube.com/watch?v=OT4QYAdVgLI,,,2026-03-25T08:57:57.294Z,7.0,7.459,7.0
HM20 | Home | Sustain | V2,https://www.youtube.com/watch?v=aA6jmF4HnhI,,,2026-03-25T08:43:05.809Z,16.0,891.485,16.0
Reese's Core | First :15 REV1 (EAS) | 2022 Commercial,https://www.youtube.com/watch?v=RqXvnYjsgaM,,,2026-03-25T08:42:49.011Z,16.0,16.798,16.0
Discover your next chapter with Schwarzkopf Keratin Color,https://www.youtube.com/watch?v=94wy61bqcrk,,,2026-03-25T08:42:41.542Z,7.0,7.469,7.0
"Hit The Trail | With Ring, You Can",https://www.youtube.com/watch?v=hBNur7w7Z_o,,,2026-03-25T08:42:34.186Z,7.0,7.356,7.0
"Hoppers | ""Diane Review"" | In Theaters Now",https://www.youtube.com/watch?v=qkuRFF-RszU,,,2026-03-25T08:28:45.997Z,16.0,828.189,16.0
Undo Your Flu Symptoms | DayQuil Intense Flu Multi-Symptom,https://www.youtube.com/watch?v=mx4Kr_Ll76s,,,2026-03-25T08:28:29.477Z,15.0,16.52,15.0
6645948   KER SOC Kerastase Demi Moore Hero Video US Legal Adaptation 6s 16 9,https://www.youtube.com/watch?v=anJWrtb0YDY,,,2026-03-25T08:28:05.521Z,6.0,23.956,6.0
The Lunchables Effect: Fractions,https://www.youtube.com/watch?v=lTA2Gc-dwj0,,,2026-03-25T08:12:37.915Z,16.0,927.606,16.0
The Madison Now Streaming,https://www.youtube.com/watch?v=89xYLXdN8y0,,,2026-03-25T08:12:21.348Z,16.0,16.567,16.0
2026 YGYW Any Way You Want JOURNEY 15 SLT1112251AH YouTube,https://www.youtube.com/watch?v=21JbWfLmwio,,,2026-03-25T08:12:04.725Z,16.0,16.623,16.0
GOT3D714_EN_FZT2纷至沓来-修复版_国王_1920x1080,https://www.youtube.com/watch?v=KK0pDpoKVOs,,,2026-03-25T07:54:41.494Z,52.0,1043.231,52.0
Toon Blast - Lever-acidunderwater-3d-ctv 30s L,https://www.youtube.com/watch?v=PDCqvfZIutQ,,,2026-03-25T07:54:09.705Z,30.0,31.789,30.0
LAY'S® | Last Harvest | Bags,https://www.youtube.com/watch?v=OIUAvnJJE6A,,,2026-03-25T07:54:02.125Z,7.0,7.58,7.0
Cookie_317_H_6s_bluedemomh,https://www.youtube.com/watch?v=xSgWMqgn2vc,,,2026-03-25T07:53:47.657Z,7.0,14.468,7.0
GOF3D8255_EN_FZ投流-小剧场UE解说-KOC-c_marquez_1920x1080,https://www.youtube.com/watch?v=psmbjO7yGPk,,,2026-03-25T07:40:43.323Z,53.0,784.334,53.0
HD.HayDayBirthdayParty.098v2.EN.41s.16x9$HD0256-6.mp4,https://www.youtube.com/watch?v=mT1xOP-KOoM,,,2026-03-25T07:40:00.705Z,42.0,42.618,42.0
251106_iGHG_K2_TestIQ_169_6s0.mp4,https://www.youtube.com/watch?v=9wQnodBIsd4,,,2026-03-25T07:39:53.071Z,7.0,7.634,7.0
fz0377gen1920x1080,https://www.youtube.com/watch?v=1FUQlgALs-o,,,2026-03-25T07:39:45.731Z,7.0,7.34,7.0
COC.5ReasonstoClash.UA.EN.59s.16x9$COC0326-8.mp4,https://www.youtube.com/watch?v=HcabzsbIyQk,,,2026-03-25T07:25:03.413Z,59.0,882.318,59.0
Cookie_942_H_6s_BluedemoMH,https://www.youtube.com/watch?v=K6arWLwtCWY,,,2026-03-25T07:24:07.619Z,6.0,55.794,6.0
DCD-The-3961| Hulu,https://www.youtube.com/watch?v=LL0C5kJkEYw,,,2026-03-25T07:05:58.383Z,29.0,1089.236,29.0
Shortened: kr1067228kr 567353 ccs lt beach frosting replaioptest batch14 concept561 rec gp vid30 192,https://www.youtube.com/watch?v=bFhsGkQDImU,,,2026-03-25T07:05:50.701Z,7.0,7.682,7.0
Light Years: The Distance That Breaks the Human Brain,https://www.youtube.com/watch?v=BTzeAtTFm0U,Calm Space,https://www.youtube.com/channel/UCXyJmt3PKv0fbsU9DtcreEw,2026-03-25T06:54:37.415Z,8256.0,673.286,673.286
GOT3D725_EN_FZT2纷至沓来-沙漠版_国王_1920x1080,https://www.youtube.com/watch?v=SScq3MnwOvE,,,2026-03-25T06:47:23.874Z,52.0,433.541,52.0
PTSLG_V_EN_3D_精灵抓捕器_CB_709_1920x1080_49s_260225_NR_1113677,https://www.youtube.com/watch?v=ksf0evpgyAU,,,2026-03-25T06:46:32.434Z,50.0,51.44,50.0
I bet once you download TREAT you won't be able to stop playing 16x9,https://www.youtube.com/watch?v=PJ0W8Y67OVs,,,2026-03-25T06:32:03.480Z,31.0,868.954,31.0
CMA02579.AnimateVikingQuest_VER_v1_1920_1080_DUR_30S_LNG_ENGLBL.mp4,https://www.youtube.com/watch?v=Ig1xj-pDwW0,,,2026-03-25T06:31:32.016Z,31.0,31.464,31.0
Always Discreet for Bladder Leaks. Its Designed to Protect,https://www.youtube.com/watch?v=lREa798fKVk,,,2026-03-25T06:31:07.346Z,16.0,24.67,16.0
Shortened: 2556_dq,https://www.youtube.com/watch?v=hobsuVcvHh4,,,2026-03-25T06:15:59.626Z,57.0,907.72,57.0
EM 10004 Video NA RunEscape GunShot OscardogV1X1 Nor DWTYJY F NA EN A bluedemo,https://www.youtube.com/watch?v=W5kQiFXM1r0,,,2026-03-25T06:15:24.082Z,34.0,35.544,34.0
Millions of finds on eBay | Sneaking Peeks,https://www.youtube.com/watch?v=bH8CYI8vFrI,,,2026-03-25T06:15:15.379Z,7.0,8.703,7.0
Instagram Teen Accounts,https://www.youtube.com/watch?v=Ycndo1EVORQ,,,2026-03-25T06:15:08.123Z,7.0,7.256,7.0
250627_charity提前填完首字母+给答案置灰+字母盘6s+e6s_en_ZW_1920x1080.mp4,https://www.youtube.com/watch?v=KG61jiiHm4Q,,,2026-03-25T06:15:00.694Z,7.0,7.429,7.0
https://www.youtube.com/watch?v=Am9bkoGyaoE,https://www.youtube.com/watch?v=Am9bkoGyaoE,,,2026-03-25T06:01:06.240Z,,834.454,834.454
GOF3D8310_EN_FZ玩法-自动塔防交易_1920x1080,https://www.youtube.com/watch?v=sh2Qltl3fLw,,,2026-03-25T06:00:57.038Z,64.0,9.202,9.202
BAND AID 1984: Do They Know It's Christmas! | Then and Now #thenandnow #nostalgia #80smusic,https://www.youtube.com/watch?v=D9S7rSvcyVM,Echo Lives,https://www.youtube.com/channel/UCZCxylI_9YSjPP3NtAWnH3A,2026-03-25T05:59:45.671Z,353.0,71.367,71.367
LIVE: Dateline 24/7,https://www.youtube.com/watch?v=d2C0mSyfav0,Dateline NBC,https://www.youtube.com/channel/UCu3sKtOW9TGaErPsAYVPplA,2026-03-25T05:55:21.299Z,0.0,264.372,0.0
Clinique Moisture Surge at Macy’s,https://www.youtube.com/watch?v=2Hd1473y60I,,,2026-03-25T05:55:03.189Z,16.0,18.11,16.0
FC TetrisRewardUnlock EN 1920x1080,https://www.youtube.com/watch?v=stnNhvqfKFg,,,2026-03-25T05:54:55.871Z,28.0,7.318,7.318
Former Idols Contestant Claims Home Invasion—Police Say He Killed Her,https://www.youtube.com/watch?v=PoGJCp-4fwk,Grizzly True Crime,https://www.youtube.com/channel/UCY04IfK5QlS8nWDU22bEXig,2026-03-25T05:54:41.143Z,2816.0,14.728,14.728
PTSLG_V_EN_3D_踩钉子剧情_CB_709_1920x1080_58s_251130_NR_1056065,https://www.youtube.com/watch?v=0pcg1cLwzCI,,,2026-03-25T05:54:15.222Z,59.0,25.921,25.921
Shortened: v3HOR3573zen44SZSV_1280x720_PS,https://www.youtube.com/watch?v=ivkkZc1XVKo,,,2026-03-25T05:48:31.674Z,44.0,343.548,44.0
0482 Minotaur Shaman LavaGirl 1920x1080 EN 30s,https://www.youtube.com/watch?v=b8sbDG02YE8,,,2026-03-25T05:48:00.084Z,30.0,31.59,30.0
Shortened: kr1019165kr_14406_fhs_lt_efour-event-valentines_vid30_1920x1080_en.mp4,https://www.youtube.com/watch?v=iySyoNDoBm0,,,2026-03-25T05:47:52.083Z,7.0,8.001,7.0
cd0731en1920x1080,https://www.youtube.com/watch?v=zZ3VaIhzV7E,,,2026-03-25T05:34:04.510Z,58.0,827.573,58.0
Shortened: GOF3D8255_EN_FZ投流-小剧场UE解说-KOC-c_marquez_1920x1080,https://www.youtube.com/watch?v=3AEAY77YREs,,,2026-03-25T05:33:16.493Z,47.0,48.017,47.0
Woman Tells Jury Husband Tried To Throw Her Off Hawaii Cliff During Birthday Hike,https://www.youtube.com/watch?v=jGjhR22C9s8,Meghann Cuniff,https://www.youtube.com/channel/UCOHIOF-rFAeLOnH0ri5F62g,2026-03-25T05:03:02.908Z,2798.0,1813.585,1813.585
GOT3D770_EN_FZT2峰回路转-西部版_国王_1920x1080,https://www.youtube.com/watch?v=MpEKHUBQWbg,,,2026-03-25T05:02:51.175Z,59.0,11.733,11.733
GOF3D8244_EN_FZK1四传送带单塔御敌-白熊版-主角射击版_1920x1080,https://www.youtube.com/watch?v=N82duUDAPaU,,,2026-03-25T04:52:23.025Z,51.0,628.15,51.0
Shortened: CMB00224.BuildOnboardSnow.AttackHalloween_VER_v1_1920_1080_DUR_59S_LNG_ENGLBL.mp4,https://www.youtube.com/watch?v=mvszlf40sj8,,,2026-03-25T04:52:02.110Z,19.0,20.915,19.0
Cola_14D02_H_6s,https://www.youtube.com/watch?v=o3f3MDGcEhU,,,2026-03-25T04:51:54.674Z,6.0,7.436,6.0
Victim Recounts Alleged Hawaii Cliff Attack by Husband: 'We Don’t Need You Anymore',https://www.youtube.com/watch?v=BBgaYgp_1sQ,COURT TV,https://www.youtube.com/channel/UCo5E9pEhK_9kWG7-5HHcyRg,2026-03-25T04:43:46.495Z,1016.0,488.179,488.179
Meggan Sundwall Learns Her Fate in Fatal Friendship Murder Trial,https://www.youtube.com/watch?v=JXB-qDIKqcE,COURT TV,https://www.youtube.com/channel/UCo5E9pEhK_9kWG7-5HHcyRg,2026-03-25T04:41:26.547Z,170.0,139.948,139.948
Married to Evil 2026 💀 Killed for Convenience 💀 True Crime Documentary ID Podcast,https://www.youtube.com/watch?v=uuw8t0VrDT4,Married to a Monster,https://www.youtube.com/channel/UCpcMSAYl4Z9ZocC7SNc0vWg,2026-03-25T04:30:16.259Z,8269.0,670.288,670.288
Age of Origins - Rise Against the Zombie Hordes!,https://www.youtube.com/watch?v=JgjlZscZ4_8,,,2026-03-25T04:30:04.085Z,95.0,12.174,12.174
8 American Grammar Quirks That Baffle Brits | Part 2,https://www.youtube.com/watch?v=uzNjW-Tt0Hs,Lost in the Pond,https://www.youtube.com/channel/UCqabPJa-N6ORAlO5yMBtWXg,2026-03-25T04:27:54.880Z,442.0,129.205,129.205
Lawrence: Trump retreats on Iran and proves he’s worse than Nixon,https://www.youtube.com/watch?v=HLlWxGA1cPU,MS NOW,https://www.youtube.com/channel/UCaXkIU1QidjPwiAYu6GcHjg,2026-03-25T04:26:58.112Z,719.0,56.768,56.768
Cop Shot Inside Her Home Now at Center of Explosive Trial,https://www.youtube.com/watch?v=UvjmcslgOCg,Law&Crime Network,https://www.youtube.com/channel/UCz8K1occVvDTYDfFo7N5EZw,2026-03-25T04:26:25.128Z,1818.0,32.984,32.984
12 Cases Back to Back on Homicide Hours to Kill 🔴 Live!,https://www.youtube.com/watch?v=2k8W9krFiSc,Homicide: Hours To Kill,https://www.youtube.com/channel/UC-fClgS3qKh_DbJo34MoCuA,2026-03-25T04:25:27.855Z,5786473.0,57.273,57.273
Moana Trailer Looks Like S***,https://www.youtube.com/watch?v=qJo2tU6mqLA,Adam Does Movies,https://www.youtube.com/channel/UCmuP70--NYoqgyo3N0ZwDCA,2026-03-25T04:24:51.349Z,445.0,36.506,36.506
Criminal Lawyer Reacts to Genius Afroman Video & Breaks Down B.S Lawsuit By Police,https://www.youtube.com/watch?v=VUWWZ0aeqdo,CLR Bruce Rivers,https://www.youtube.com/channel/UCz0HITWbcUYEHi3TZXTyFrw,2026-03-25T04:24:23.493Z,972.0,27.856,27.856
Why the First Humans on Mars Will Never Return,https://www.youtube.com/watch?v=Vt4WI4-JabY,Night Science ,https://www.youtube.com/channel/UCT-_XJEMBYPcTjG1bzgtVfg,2026-03-25T04:22:30.824Z,9913.0,112.669,112.669
Texas Mansion Murder | Texas True Crime,https://www.youtube.com/watch?v=augIlvG03ZI,True Crime ABC,https://www.youtube.com/channel/UCL8IYo6lwf0H4kW4Gi-eq3Q,2026-03-25T04:21:33.539Z,2687.0,57.285,57.285
DCD-The-400819| Hulu,https://www.youtube.com/watch?v=9cYuFSxEomY,,,2026-03-25T04:21:16.979Z,16.0,16.56,16.0
Shortened: DS V 055 002 MagicalMoments EN 45s 1920x1080,https://www.youtube.com/watch?v=6drh9BEDDcs,,,2026-03-25T04:10:35.666Z,42.0,641.313,42.0
CMB00195.TalkShow.Red_VER_v1_1920_1080_DUR_30S_LNG_ENGLBL.mp4,https://www.youtube.com/watch?v=rxjCStW8O_s,,,2026-03-25T04:10:04.190Z,31.0,31.476,31.0
Shortened: EM 10004 Video LBC RunEscape CFC Gunshot ChallengeV7 White M DFWH EN A bluedemo,https://www.youtube.com/watch?v=2ArM8OF_HDE,,,2026-03-25T04:09:56.155Z,7.0,8.035,7.0
Shortened: kr1059373kr 423966 ccs lt efour water escape adhoc vid30 1920x1080 en,https://www.youtube.com/watch?v=DSOPhYMC6pA,,,2026-03-25T04:09:48.766Z,7.0,7.389,7.0
CMA02299.MS.Real.Life_VER_v1_1920_1080_DUR_30S_LNG_ENGLBL.mp4,https://www.youtube.com/watch?v=BqkMZiw6OzQ,,,2026-03-25T03:55:32.874Z,31.0,855.892,31.0
MARC 4142 BeenVerified Unclaimed Money   Tax Credits   Invideo Stock   6 Variants 16x9 v6,https://www.youtube.com/watch?v=nt-NSp0kARs,,,2026-03-25T03:55:04.158Z,28.0,28.716,28.0
Phase10_V1922_sensen_常规大Logo完成Phase_EN_1920x1080_6s_20260211_2D_WD,https://www.youtube.com/watch?v=ciY941uVG8A,,,2026-03-25T03:54:56.326Z,7.0,7.832,7.0
Google 6 2H 6 sec,https://www.youtube.com/watch?v=UyzU8wvGFbo,,,2026-03-25T03:54:48.316Z,7.0,8.01,7.0
Afroman Puts the Cops on Blast,https://www.youtube.com/watch?v=PKO476vNIu8,Reese Waters,https://www.youtube.com/channel/UCCcr-MvAMettt8yktc9t4ag,2026-03-25T03:41:21.293Z,2443.0,807.023,807.023
GOT3D714_EN_FZT2纷至沓来-修复版_国王_1920x1080,https://www.youtube.com/watch?v=KK0pDpoKVOs,,,2026-03-25T03:40:22.990Z,52.0,58.303,52.0
PTSLG_V_EN_3D_踩钉子剧情_CB_709_1920x1080_58s_251130_NR_1056065,https://www.youtube.com/watch?v=0pcg1cLwzCI,,,2026-03-25T03:39:22.423Z,59.0,60.567,59.0
Shortened: CMB00129.CityAdventure_VER_v1_1920_1080_DUR_30S_LNG_ENGLBL.mp4,https://www.youtube.com/watch?v=ZjVoKbvtaaQ,,,2026-03-25T03:23:30.907Z,25.0,951.516,25.0
Shortened: DS V 055 004 MagicalMoments EN 15s 1920x1080,https://www.youtube.com/watch?v=Ohcaa1D2fNo,,,2026-03-25T03:23:15.415Z,15.0,15.492,15.0
Born in the U.S.A.? This is Your Home | Trump v. Barbara | ACLU,https://www.youtube.com/watch?v=8g1t8F-Ds18,,,2026-03-25T03:22:43.938Z,31.0,31.477,31.0
ROK_V_EN_AI_巨头会晤_CB_1_1920x1080_6s_260313_NR_1123710,https://www.youtube.com/watch?v=Wj3k-1PA-ZQ,,,2026-03-25T03:22:36.403Z,6.0,7.535,6.0
Merge Cooking 20230220,https://www.youtube.com/watch?v=Yy0AC8QD35w,,,2026-03-25T03:07:26.091Z,31.0,910.312,31.0
Shortened: Toon Blast - Ballpool-wall 30s L,https://www.youtube.com/watch?v=lRMZNbozNVA,,,2026-03-25T03:06:58.006Z,27.0,28.085,27.0
Differentiation Denise 15,https://www.youtube.com/watch?v=mRngpoJiPqw,,,2026-03-25T03:06:41.271Z,16.0,16.735,16.0
Shortened: kr1067228kr 567353 ccs lt beach frosting replaioptest batch14 concept561 rec gp vid30 192,https://www.youtube.com/watch?v=bFhsGkQDImU,,,2026-03-25T03:06:33.419Z,7.0,7.852,7.0
Shortened: 2712_dq_en,https://www.youtube.com/watch?v=FVYJX2I6fGU,,,2026-03-25T03:06:25.567Z,7.0,7.852,7.0
"South Africans Flew 8,000 Miles For FAFO",https://www.youtube.com/watch?v=_OuIQ3dTREI,Reese Waters,https://www.youtube.com/channel/UCCcr-MvAMettt8yktc9t4ag,2026-03-25T02:53:04.600Z,2601.0,800.967,800.967
MARC 4239 BV Unclaimed Podcast Style UGC 16x9 30 Final,https://www.youtube.com/watch?v=5JCFFoF0Tok,,,2026-03-25T02:52:32.796Z,31.0,31.804,31.0
CMB00202.CityAdventureTruck.AttackHallowe_VER_v1_1920_1080_DUR_30S_LNG_ENGLBL.mp4,https://www.youtube.com/watch?v=YYhtUTvzLV0,,,2026-03-25T02:52:01.218Z,31.0,31.578,31.0
Google AI Pro,https://www.youtube.com/watch?v=0ylixv0zg0M,,,2026-03-25T02:50:40.104Z,22.0,81.114,22.0
LIVE: Dateline 24/7,https://www.youtube.com/watch?v=d2C0mSyfav0,Dateline NBC,https://www.youtube.com/channel/UCu3sKtOW9TGaErPsAYVPplA,2026-03-25T02:49:57.456Z,0.0,42.648,0.0
DCD-The-400819| Hulu,https://www.youtube.com/watch?v=9cYuFSxEomY,,,2026-03-25T02:47:20.538Z,16.0,156.918,16.0
Secret Birthday Rendezvous Ends in Nurse's Brutal Murder: Shocking Arrest,https://www.youtube.com/watch?v=MO604Qo3Acg,Grizzly True Crime,https://www.youtube.com/channel/UCY04IfK5QlS8nWDU22bEXig,2026-03-25T02:10:38.827Z,6171.0,2201.711,2201.711
ROK_V_EN_3D_城市种地不如抢(文明票价版)_CB_1_1920x1080_57s_260312_NR_1122095,https://www.youtube.com/watch?v=Zkp4Df6gpCU,,,2026-03-25T02:09:37.667Z,58.0,61.16,58.0
MPY-45106_Vidsy repurpose 14 - Dec 1920x1080-V2_ktmbzx2glf_ktmbzx2glf.mp4,https://www.youtube.com/watch?v=xeZAyleM7ZM,,,2026-03-25T02:09:16.017Z,21.0,21.65,21.0
fz0633en1920x1080,https://www.youtube.com/watch?v=aWHaFyCBPQE,,,2026-03-25T01:55:54.393Z,44.0,801.624,44.0
Shortened: DS V 055 004 MagicalMoments EN 15s 1920x1080,https://www.youtube.com/watch?v=1wtg44JyiPs,,,2026-03-25T01:55:41.145Z,12.0,13.248,12.0
Edible Arrangements Self Care Gifting :15s,https://www.youtube.com/watch?v=d25HrL9FuLs,,,2026-03-25T01:55:24.723Z,16.0,16.422,16.0
Shortened: FRK_UA_VID_58_XmasTheme_V01_AHM_EN_60s_1920x1080,https://www.youtube.com/watch?v=QIA27QgrmSg,,,2026-03-25T01:55:16.697Z,7.0,8.026,7.0
Shortened: sh0001ben1920x1080,https://www.youtube.com/watch?v=DJvHLloHLTQ,,,2026-03-25T01:55:05.788Z,7.0,10.909,7.0
A Case With The Most INSANE Twist You've Ever Heard - True Crime Documentary,https://www.youtube.com/watch?v=pnTUScayvvw,Unreal True Crime,https://www.youtube.com/channel/UCrD9iL5Lkzio-llw6dXDw_w,2026-03-25T01:42:19.409Z,1545.0,766.379,766.379
ROK_V_EN_3D_上帝掷骰子吗(城市精英破产)_CB_253_1920x1080_53s_250821_NR_992149,https://www.youtube.com/watch?v=O3jYULsUm9U,,,2026-03-25T01:41:38.068Z,54.0,41.341,41.341
MPY-53760_Pets Scottie Moments_EN_1920x1080_22s_v2_4yzay6tn3s_4yzay6tn3s.mp4,https://www.youtube.com/watch?v=4kFe0c9zcBI,,,2026-03-25T01:41:14.613Z,23.0,23.455,23.0
Michigan 1987 Cold Case Solved — arrest shocks community,https://www.youtube.com/watch?v=hiuS3ELTtYg,Crime Narrator ,https://www.youtube.com/channel/UCNvQbWIn4_ECZD5MzJ9wR_w,2026-03-25T01:40:06.372Z,2744.0,68.241,68.241
This House Has One Big Problem,https://www.youtube.com/watch?v=tbqDkcK6W48,Jed The Realtor,https://www.youtube.com/channel/UC-X0FT71ER4X1yFRvvpqybg,2026-03-25T01:38:35.455Z,495.0,90.917,90.917
"Forensic Files - Season 10, Episode 41 - Wood-be Killer - Full Episode",https://www.youtube.com/watch?v=muPm136yF5I,FilmRise True Crime,https://www.youtube.com/channel/UCU4BHh9Dwfd7-I_xTZ5037Q,2026-03-25T01:33:38.328Z,1306.0,297.127,297.127
The Police Picked The Wrong One,https://www.youtube.com/watch?v=vKzitqf1BQ8,Touré,https://www.youtube.com/channel/UCo-SwvkGbQgDt3oXfASPPJQ,2026-03-25T01:23:55.943Z,1245.0,582.385,582.385
DCD-The-395519| Hulu,https://www.youtube.com/watch?v=ICbSIzXJJpI,,,2026-03-25T01:18:11.314Z,16.0,344.629,16.0
kl_vid_5696v2_1920x1080_59s_en,https://www.youtube.com/watch?v=8h17uvT0CX8,,,2026-03-25T01:07:49.542Z,59.0,621.772,59.0
Shortened: CMB00195.TalkShow.Red_VER_v1_1920_1080_DUR_30S_LNG_ENGLBL.mp4,https://www.youtube.com/watch?v=b3G-BysfWe8,,,2026-03-25T01:07:21.602Z,27.0,27.94,27.0
Shortened: fz1154en1920x1080,https://www.youtube.com/watch?v=bW-_DPrzjOM,,,2026-03-25T01:07:13.854Z,7.0,7.748,7.0
Quadruple Amputee Athlete Charged in Shocking Murder Case,https://www.youtube.com/watch?v=JLy30VQgywg,Law&Crime Network,https://www.youtube.com/channel/UCz8K1occVvDTYDfFo7N5EZw,2026-03-25T00:36:37.503Z,1607.0,1836.351,1607.0
Shortened: Toon Blast - Ballpool-wall 30s L,https://www.youtube.com/watch?v=-L5k7tuFmM4,,,2026-03-25T00:36:20.220Z,16.0,17.283,16.0
DCD-Spor-3974| Hulu,https://www.youtube.com/watch?v=S13wZ8KePGE,,,2026-03-25T00:36:01.319Z,16.0,18.901,16.0
"Docusign - Drag, Drop, Send - 30 Mirrored - US - 16x9 - 4k - FINAL.mp4",https://www.youtube.com/watch?v=Y6BtlQzAQUs,,,2026-03-25T00:26:43.370Z,31.0,557.949,31.0
Doctor’s Wife Details Alleged ‘Emotional Affair’ She Had Prior To Murder Attempt,https://www.youtube.com/watch?v=MzAq16kbtA8,COURT TV,https://www.youtube.com/channel/UCo5E9pEhK_9kWG7-5HHcyRg,2026-03-24T23:30:30.927Z,2056.0,3372.443,2056.0
Taylor Frankie Paul’s Assault Arrest — Raw Bodycam,https://www.youtube.com/watch?v=n66G-Tt499w,Law&Crime Network,https://www.youtube.com/channel/UCz8K1occVvDTYDfFo7N5EZw,2026-03-24T23:29:45.765Z,2933.0,45.162,45.162
Young Woman Disappears After Rejecting Advances by Creepy Roommate | Maribel Ramos Case Analysis,https://www.youtube.com/watch?v=oCVnZTHFIUU,Dr. Todd Grande,https://www.youtube.com/channel/UCC_0vyFTKk1Nlodo4QsiQkw,2026-03-24T23:27:51.556Z,944.0,114.209,114.209
v3PCL2765zen53SZZZ_1280x720_PS,https://www.youtube.com/watch?v=2OC9EHQ7XxA,,,2026-03-24T23:26:55.077Z,54.0,56.479,54.0
GOT3D725_EN_FZT2纷至沓来-沙漠版_国王_1920x1080,https://www.youtube.com/watch?v=SScq3MnwOvE,,,2026-03-24T23:26:01.825Z,52.0,53.252,52.0
CMB00224.BuildOnboardSnow.AttackHalloween_VER_v1_1920_1080_DUR_59S_LNG_ENGLBL.mp4,https://www.youtube.com/watch?v=cvwTvtu4Juk,,,2026-03-24T23:22:36.540Z,60.0,205.285,60.0
PRIME-56808_Enhanced Fail & Try Again_Enterprise D_1920x1080 v3_mjy6p0k4ab_mjy6p0k4ab.mp4,https://www.youtube.com/watch?v=8lbKGGmVPpE,,,2026-03-24T23:21:53.901Z,42.0,42.639,42.0
Woman Disappears from Her House During Wild Dating Phase | Nancy Moyer Case Analysis,https://www.youtube.com/watch?v=WIi6joSW9ng,Dr. Todd Grande,https://www.youtube.com/channel/UCC_0vyFTKk1Nlodo4QsiQkw,2026-03-24T23:07:25.768Z,1009.0,868.133,868.133
ROK_V_EN_AI_雅典伟大复兴_CB_1_1920x1080_6s_260313_NR_1123726,https://www.youtube.com/watch?v=gCk-nC-99BA,,,2026-03-24T23:07:16.099Z,6.0,9.669,6.0
Shortened: MPY-57670_Pets Blue Steel Scottie with Craig VO Iteration_1920x1080_v06_gb7xvjxwem_gb7xvj,https://www.youtube.com/watch?v=jXTBLVb0Mxs,,,2026-03-24T23:06:59.486Z,16.0,16.613,16.0
Cars ain’t gone blow up,https://www.youtube.com/watch?v=uTYEwjI_dTs,KevOnStage,https://www.youtube.com/channel/UC5Zc0EUB-km6in-55cK7k2g,2026-03-24T23:06:48.197Z,59.0,11.289,11.289
Shortened: 2556_dq,https://www.youtube.com/watch?v=hobsuVcvHh4,,,2026-03-24T22:54:15.415Z,57.0,752.782,57.0
Welcome to Duke's Country - Mayo is Coming! :06 Burger,https://www.youtube.com/watch?v=pDfwOyGB5OM,,,2026-03-24T22:53:36.091Z,7.0,39.324,7.0
BumperMark,https://www.youtube.com/watch?v=b6PlHXVkF8o,,,2026-03-24T22:53:20.823Z,7.0,15.268,7.0
Florida Mom Busted with Missing Baby and Tons of Drugs,https://www.youtube.com/watch?v=Wlnmi9w0M8M,Law&Crime Network,https://www.youtube.com/channel/UCz8K1occVvDTYDfFo7N5EZw,2026-03-24T22:42:28.229Z,1371.0,652.594,652.594
Michelle Duggar CRASHES OUT On Camera! Duggar Family SPIRALS Following Joseph & Kendra's Arrests,https://www.youtube.com/watch?v=hN-18t6wXuM,Without A Crystal Ball,https://www.youtube.com/channel/UCqW9ZAW0ZNqfWo9PZ3OX4Fg,2026-03-24T22:41:01.183Z,1310.0,87.046,87.046
Shortened: PTSLG_V_EN_3D_精灵抓捕器_CB_709_1920x1080_49s_260225_NR_1113677,https://www.youtube.com/watch?v=ja_xdro0b28,,,2026-03-24T22:40:31.618Z,48.0,29.565,29.565
COC.5ReasonstoClash.UA.EN.59s.16x9$COC0326-8.mp4,https://www.youtube.com/watch?v=HcabzsbIyQk,,,2026-03-24T22:28:23.673Z,59.0,727.945,59.0
PRIME-53735_What Drive Us _34s_1920 x 1080_79pwowufvr_79pwowufvr.mp4,https://www.youtube.com/watch?v=Ph0rpgbUOhY,,,2026-03-24T22:27:47.605Z,35.0,36.068,35.0
251106_iGHG_K2_TestIQ_169_6s0.mp4,https://www.youtube.com/watch?v=9wQnodBIsd4,,,2026-03-24T22:27:40.039Z,7.0,7.566,7.0
Joseph Duggar's Shocking Leaked Call EXPOSES The Moment The Duggars' World IMPLODED,https://www.youtube.com/watch?v=zvTYHZEe5Cg,Without A Crystal Ball,https://www.youtube.com/channel/UCqW9ZAW0ZNqfWo9PZ3OX4Fg,2026-03-24T22:16:51.301Z,1309.0,648.738,648.738
FAT2D05907_EN_zzAIgg海浪桌合成棋子订单_1920x1080,https://www.youtube.com/watch?v=ebAgiCJEVu8,,,2026-03-24T22:16:44.395Z,5.0,6.906,5.0
DS V 055 004 MagicalMoments EN 15s 1920x1080,https://www.youtube.com/watch?v=pdN2W9Z6XaM,,,2026-03-24T22:16:27.794Z,16.0,16.601,16.0
Killer Wife Has No Idea Cops Know Her Dirty Secret,https://www.youtube.com/watch?v=mpPJLY_jedo,Beyond Evil Podcast,https://www.youtube.com/channel/UCbW-Cu6lcOrW3g5e2rdyLNw,2026-03-24T21:31:40.360Z,2100.0,2687.434,2100.0
Was Man Convicted of Murder for Urinating on the Wrong Driveway? | Dennis Dechaine Case Analysis,https://www.youtube.com/watch?v=u_xGHbRSUmw,Dr. Todd Grande,https://www.youtube.com/channel/UCC_0vyFTKk1Nlodo4QsiQkw,2026-03-24T21:30:21.924Z,838.0,78.436,78.436
Shortened: DX AIV 0254 001 SettAI Cookies Pet EN 59s 1920x1080,https://www.youtube.com/watch?v=7OxGlS8Kooo,,,2026-03-24T21:30:04.629Z,58.0,17.295,17.295
Google AI Pro,https://www.youtube.com/watch?v=uaMz8aYJvLE,,,2026-03-24T21:29:31.322Z,33.0,33.307,33.0
Daughter Conspires to Murder Mother | Rachelle Waterman Case Analysis,https://www.youtube.com/watch?v=jTQh6wh4WMA,Dr. Todd Grande,https://www.youtube.com/channel/UCC_0vyFTKk1Nlodo4QsiQkw,2026-03-24T21:26:36.915Z,797.0,174.407,174.407
COC.5ReasonstoClash.UA.EN.35s.16x9$COC0326-12.mp4,https://www.youtube.com/watch?v=pdqFLTWlpQI,,,2026-03-24T21:26:18.289Z,35.0,18.626,18.626
PRIME-55368_TNG_First_Contact-Trailer_1920x1080_EN_44S_bar71bubbj_bar71bubbj.mp4,https://www.youtube.com/watch?v=LSnbuNrAXxk,,,2026-03-24T21:10:06.754Z,45.0,971.535,45.0
VIDNEH250908S0009 WO 30s NATemp ZWPBLandscapeMeta V3 NAHook MountainBG CanYouFindTopB VP English SHR,https://www.youtube.com/watch?v=duilN716hmk,,,2026-03-24T21:09:35.044Z,,31.71,31.71
FAT2D05902_EN_zzAIgg合成圣诞棋子订单_1920x1080,https://www.youtube.com/watch?v=cvl7sCRWP3A,,,2026-03-24T21:09:28.487Z,5.0,6.557,5.0
fz0508ben1920x1080,https://www.youtube.com/watch?v=PGeT1NIbmlY,,,2026-03-24T21:09:21.078Z,7.0,7.409,7.0
MPY-57670_Pets Blue Steel Scottie with Craig VO Iteration_1920x1080_v06_gb7xvjxwem_gb7xvjxwem.mp4,https://www.youtube.com/watch?v=iqCx2qSmRzc,,,2026-03-24T21:01:54.678Z,18.0,446.4,18.0
Shortened: DX AIV 0254 001 SettAI Cookies Pet EN 59s 1920x1080,https://www.youtube.com/watch?v=qvu5KO2YUMk,,,2026-03-24T20:55:26.495Z,58.0,388.183,58.0
Your Door to Earning on Your Time,https://www.youtube.com/watch?v=UDlp__7KR-8,,,2026-03-24T20:54:55Z,31.0,31.495,31.0
Shortened: kr1059373kr 423966 ccs lt efour water escape adhoc vid30 1920x1080 en,https://www.youtube.com/watch?v=DSOPhYMC6pA,,,2026-03-24T20:54:47.239Z,7.0,7.761,7.0
The SAD Truth About Grace Under Fire's COLLAPSE,https://www.youtube.com/watch?v=-LiaR4n4HFI,Late Night Vault,https://www.youtube.com/channel/UCt1Q5-B0E6ckWbj2blEubnQ,2026-03-24T20:47:18.832Z,790.0,448.407,448.407
cd0642en1920x1080,https://www.youtube.com/watch?v=MvRNWcWHzWg,,,2026-03-24T20:46:27.302Z,60.0,51.53,51.53
Troy Op1   CTA End Card   Horizontal,https://www.youtube.com/watch?v=GbB6JisUHsM,,,2026-03-24T20:40:07.314Z,23.0,379.988,23.0
Instagram Teen Accounts,https://www.youtube.com/watch?v=Mwc3guXpWRE,,,2026-03-24T20:39:43.744Z,16.0,23.57,16.0
This is How NASA Will Build a City on the Moon,https://www.youtube.com/watch?v=ZjozDAryWs0,The Infographics Show,https://www.youtube.com/channel/UCfdNM3NAhaBOXCafH7krzrA,2026-03-24T20:27:46.191Z,1465.0,717.553,717.553
Get a FREE iPhone or Samsung with TAG Mobile | 10GB Data + Unlimited Talk & Text,https://www.youtube.com/watch?v=NB9Rl1fCX5k,,,2026-03-24T20:27:27.346Z,17.0,18.845,17.0
Every Horror Movie That Began as a Short Film,https://www.youtube.com/watch?v=7IZrX0_i1dE,movies explained,https://www.youtube.com/channel/UCbkS1HHx_oeQwxL7M9XLVUA,2026-03-24T20:25:38.141Z,1260.0,109.205,109.205
Walgreens Killer Realizes She’s Never Going Home,https://www.youtube.com/watch?v=t-fHHlMltRM,Red Tree Crime,https://www.youtube.com/channel/UCaSOD17PCFgtDq5wwSYzK9g,2026-03-24T20:18:48.812Z,1072.0,409.329,409.329
Give your business the winning edge. Switch to Shopify today,https://www.youtube.com/watch?v=OITyRU5Lar4,,,2026-03-24T20:17:15.527Z,31.0,93.285,31.0
Detectives Uncover Horrifying Murder Plot :The Murder of Leila Duarte DaLuz | True Crime Documentary,https://www.youtube.com/watch?v=AfwA0lhGdt8,JustThoughtLounge,https://www.youtube.com/channel/UCzhYQIZPJhiiBWQHMSX5MDQ,2026-03-24T20:16:08Z,2024.0,67.527,67.527
He Butchered a Family for Nothing—Now Minnesota Law is Setting Him Free,https://www.youtube.com/watch?v=PzfQZ-IKxwM,Mandoo,https://www.youtube.com/channel/UCQoypFi5wzymN2sXjcfuNpg,2026-03-24T20:15:23.651Z,4911.0,44.349,44.349
Give your business the winning edge. Switch to Shopify today,https://www.youtube.com/watch?v=pro7uiMoc8k,,,2026-03-24T20:14:44.190Z,16.0,39.461,16.0
Luther Vandross - Don't Want To Be A Fool,https://www.youtube.com/watch?v=QmEHKF99v2I,LutherVandrossVEVO,https://www.youtube.com/channel/UCMVkGXWfzHs2QH5Jb-4y2jA,2026-03-24T19:46:08.427Z,279.0,1715.763,279.0
He thought his marriage was perfect till his wife tried to kill him | From the vault,https://www.youtube.com/watch?v=9MmK7rS-FTg,7 News Spotlight,https://www.youtube.com/channel/UCSgeCjcPYYZXR62Cykv43sA,2026-03-24T19:45:20.191Z,1992.0,48.236,48.236
DAPT 2025 Slide 003 1,https://www.youtube.com/watch?v=AggqjKxDlms,,,2026-03-24T19:43:35.565Z,8.0,104.626,8.0
RingCentral | Never miss another call with AI Receptionist,https://www.youtube.com/watch?v=EJTqVVAhw14,,,2026-03-24T19:43:32.574Z,15.0,2.991,2.991
Afroman - Will You Help Me Repair My Door (Official Video),https://www.youtube.com/watch?v=0bNy7XO-SCI,AfromanVEVO,https://www.youtube.com/channel/UCuppf-84m-_TJyRRCJR6Qhw,2026-03-24T19:41:28.816Z,362.0,123.758,123.758
"Raleigh North Carolina Teen, Fatally Shot in his Home by Friends over a Pair of Jeans 😔 ",https://www.youtube.com/watch?v=GCs2W8WHGBU,The Dynamic Reason Channel,https://www.youtube.com/channel/UCTrVthZPbTpail9Hnrtfs-g,2026-03-24T19:40:17.860Z,847.0,70.956,70.956
The System That Built the Duggars — And What IBLP Was Designed to Do,https://www.youtube.com/watch?v=bsAESg6hxcM,Hidden Killers With Tony Brueski: True Crime Today,https://www.youtube.com/channel/UC8-vxmbhTxxG10sO1izODJg,2026-03-24T19:39:22.428Z,1275.0,55.432,55.432
2026 CTV 30 2-6-26,https://www.youtube.com/watch?v=3CSMIk-WqtY,,,2026-03-24T19:38:55.304Z,31.0,27.124,27.124
Google AI Pro,https://www.youtube.com/watch?v=wSYC0JzFW6E,,,2026-03-24T19:31:05.815Z,25.0,469.489,25.0
https://www.youtube.com/watch?v=jXvWqhJ96xQ,https://www.youtube.com/watch?v=jXvWqhJ96xQ,,,2026-03-24T19:29:51.787Z,,74.028,74.028
Shortened: EM 10004 Video NA RunEscape GunShot ScrewsV1 Nor ZHZ F NA EN A bluedemo,https://www.youtube.com/watch?v=FN8RIoUp_6s,,,2026-03-24T19:29:37.449Z,37.0,14.338,14.338
TRT01809.HouseUpgradeSad.15Length_VER_v1_1920_1080_DUR_15S_LNG_ENGLBL.mp4,https://www.youtube.com/watch?v=iO4piCIKQhY,,,2026-03-24T19:24:23.558Z,16.0,313.891,16.0
Lords Mobile: Kingdom Wars - Relaxed Strategic Gameplay,https://www.youtube.com/watch?v=2cbSdh75CeU,,,2026-03-24T19:24:11.579Z,11.0,11.979,11.0
Succumb | Quest Sundae Funday Protein Bar :06,https://www.youtube.com/watch?v=tF9Y0wfJCOA,,,2026-03-24T19:24:04.238Z,7.0,7.341,7.0
See No Evil 2026 💀💀 Like a Brother to Me  💀💀 Crime Documentary ID Podcast,https://www.youtube.com/watch?v=RFOIKlkHHx0,See No Evil Files,https://www.youtube.com/channel/UChrjUqOF9FwGuEK8VprVAFA,2026-03-24T19:10:49.631Z,9421.0,794.607,794.607
Here is the truth about TREAT 16x9,https://www.youtube.com/watch?v=5muVJtdWGvU,,,2026-03-24T19:10:33.500Z,29.0,16.131,16.131
251116_iGHG_K2_ThanksGiving_169_6s0.mp4,https://www.youtube.com/watch?v=zTw8zhWVS00,,,2026-03-24T19:10:25.870Z,7.0,7.63,7.0
"A Secret Date, A Deadly Trap: The Nikki McPhatter Case | 48 Mystery",https://www.youtube.com/watch?v=bA_6c7_OW5w,Hezd,https://www.youtube.com/channel/UCbSUR7MeQHlYf4N3dcJFmeg,2026-03-24T19:09:34.776Z,,51.094,51.094
Get them both,https://www.youtube.com/watch?v=uQrKHHJOmn0,,,2026-03-24T19:09:29.311Z,31.0,5.465,5.465
Toon Blast - Lever-acidunderwater-3d-ctv 30s L,https://www.youtube.com/watch?v=PDCqvfZIutQ,,,2026-03-24T19:04:48.765Z,30.0,280.546,30.0
Goods Triple Match: Sorting 3D,https://www.youtube.com/watch?v=cJZNwHsVOGE,,,2026-03-24T19:04:35.275Z,13.0,13.49,13.0
FAT2D04626_EN_zz果汁杯大西瓜餐厅订单条多阶棋子叠加摆放I版试玩转视频6s_1920x1080,https://www.youtube.com/watch?v=ksl_B_FYZwQ,,,2026-03-24T19:04:20.682Z,7.0,14.593,7.0
TRT01625.ImageReveal.NewUI.15secLength_VER_v1_1920_1080_DUR_15S_LNG_ENGLBL.mp4,https://www.youtube.com/watch?v=7H9Bp3HrGbE,,,2026-03-24T18:48:48.635Z,16.0,932.047,16.0
1319069,https://www.youtube.com/watch?v=OcapXnSMjQo,,,2026-03-24T18:48:41.078Z,6.0,7.557,6.0
Shortened: MD_v_May_25_Iteration_13_NSI_BlockJam_SandPuzzle_60s_1920x1080_cd59b5,https://www.youtube.com/watch?v=vsTAcI95xSo,,,2026-03-24T18:48:33.666Z,7.0,7.412,7.0
Shortened: PTSLG_V_EN_3D_踩钉子剧情_CB_709_1920x1080_58s_251130_NR_1056065,https://www.youtube.com/watch?v=sCaa5eMb5bk,,,2026-03-24T18:34:05.998Z,55.0,867.668,55.0
260319-DYX-Y-01-H-iwordsota-US-6V2Ppink02-6s,https://www.youtube.com/watch?v=NxMBwxJRrcE,,,2026-03-24T18:33:09.341Z,6.0,56.657,6.0
48 Mystery Full Episode 2025 💥💥Sami’s Last Signal💥💥 Murder Documentary Full HD,https://www.youtube.com/watch?v=h2fwbuKScHI,Hezd,https://www.youtube.com/channel/UCbSUR7MeQHlYf4N3dcJFmeg,2026-03-24T18:20:14.647Z,,774.694,774.694
EM 10004 Video NA RunEscape GunShot AICTAstandV35 Nor HJTYDW F NA EN A bluedemo,https://www.youtube.com/watch?v=epyYEIEUAUU,,,2026-03-24T18:19:32.998Z,35.0,41.649,35.0
FAT2D04635_EN_zz果汁杯大西瓜餐厅订单条多阶棋子叠加摆放L版试玩转视频6s_1920x1080,https://www.youtube.com/watch?v=SdePMV98tT4,,,2026-03-24T18:19:24.590Z,7.0,8.408,7.0
Cop's Wife Realizes He Knows About Her Affair,https://www.youtube.com/watch?v=iKP7oeQ9NzE,Red Tree Crime,https://www.youtube.com/channel/UCaSOD17PCFgtDq5wwSYzK9g,2026-03-24T18:18:19.466Z,1444.0,65.124,65.124
GOF3D8386_EN_FZ混剪-解说轻松经营_1920x1080,https://www.youtube.com/watch?v=XOFHMTthLG8,,,2026-03-24T18:16:04.843Z,36.0,134.623,36.0
Video Ad,https://www.youtube.com/watch?v=nahQgVZkdGc,,,2026-03-24T18:15:31.537Z,16.0,33.306,16.0
Shortened: FHO 241114 MovingHouse 4Hid V 30s 1920x1080 EN,https://www.youtube.com/watch?v=QyfwkIgpBPA,,,2026-03-24T18:15:15.923Z,7.0,15.614,7.0
Home Invasion Shootout Erupts After Adopted Son Hires Killers | Ted Shaughnessy Case Analysis,https://www.youtube.com/watch?v=0R8EFLoZvb8,Dr. Todd Grande,https://www.youtube.com/channel/UCC_0vyFTKk1Nlodo4QsiQkw,2026-03-24T18:08:18.485Z,894.0,417.438,417.438
Puzzles & Survival,https://www.youtube.com/watch?v=zPUwY0uKa18,,,2026-03-24T17:52:36.256Z,54.0,942.229,54.0
Freecash Miri 016 WordGame EN 1920x1080 21112025,https://www.youtube.com/watch?v=TUUBQnhlo4E,,,2026-03-24T17:52:04.503Z,30.0,31.753,30.0
Cookie_677_H_6s_BluedemoMH,https://www.youtube.com/watch?v=0mwXh8mm6ik,,,2026-03-24T17:51:56.711Z,7.0,7.792,7.0
Burger King® | There’s a New King and It’s You.,https://www.youtube.com/watch?v=FVQIrrRAyTA,,,2026-03-24T17:51:49.427Z,7.0,7.284,7.0
Adopted Son Commits Unthinkable Betrayal | Natalie Belmonte Case Analysis,https://www.youtube.com/watch?v=CvkW_OhOBec,Dr. Todd Grande,https://www.youtube.com/channel/UCC_0vyFTKk1Nlodo4QsiQkw,2026-03-24T17:42:39.291Z,929.0,550.136,550.136
TZ3PRF6743H   3Ps Refresh,https://www.youtube.com/watch?v=oMsYkTMZtL0,,,2026-03-24T17:40:35.102Z,121.0,124.189,121.0
260319-DYX-Y-03-H-iwordsota-US-6V2Tpink03-6s,https://www.youtube.com/watch?v=kYmFcM-N-5I,,,2026-03-24T17:40:27.234Z,6.0,7.868,6.0
241114 EN GoodsSorting ANHTH 24b11 H 47s,https://www.youtube.com/watch?v=5sjlLFYe9OY,,,2026-03-24T17:30:28.738Z,48.0,598.496,48.0
WS334_LSSZXY_16X9_gaichicun73_1s.mp4,https://www.youtube.com/watch?v=kmkKOG3A_5g,,,2026-03-24T17:30:16.996Z,2.0,11.742,2.0
"""Author"" Claims Witness Tampering Letter Was a Novel | Kouri Richins Case Update and Analysis",https://www.youtube.com/watch?v=IpzhuviNXBQ,Dr. Todd Grande,https://www.youtube.com/channel/UCC_0vyFTKk1Nlodo4QsiQkw,2026-03-24T17:21:54.934Z,957.0,502.062,502.062
WT_Trailer_WoWZenV1_MultipleBGs_KIT_English_DPK_16x9,https://www.youtube.com/watch?v=MaUuAsE6NRI,,,2026-03-24T17:21:21.156Z,31.0,33.778,31.0
MI L 060624 01 Vortex EN 30sec,https://www.youtube.com/watch?v=VT9WAvsEVsw,,,2026-03-24T17:20:49.883Z,30.0,31.273,30.0
Shortened: MC_VID_947975_KOL_Merge2_2D_P3_EN_59s_@ID2895961,https://www.youtube.com/watch?v=rSMXaqxVe10,,,2026-03-24T17:13:20.605Z,56.0,449.278,56.0
DX V 134 001 WorldTour EN 30s 1920x1080,https://www.youtube.com/watch?v=CyMOZpLO5nk,,,2026-03-24T17:12:48.901Z,30.0,31.704,30.0
Cola_14D01_H_6s,https://www.youtube.com/watch?v=7bC_r0BGeGQ,,,2026-03-24T17:12:41.255Z,6.0,7.646,6.0
Mother Writes Book to Help Sons Grieve Father She Allegedly Murdered | Kouri Richins Case Analysis,https://www.youtube.com/watch?v=FcpLqtSKQgs,Dr. Todd Grande,https://www.youtube.com/channel/UCC_0vyFTKk1Nlodo4QsiQkw,2026-03-24T17:04:18.383Z,924.0,502.872,502.872
Obama,https://www.youtube.com/watch?v=6Gj6fajamE4,,,2026-03-24T17:03:46.231Z,31.0,32.152,31.0
A closer look at Kouri Richins' Midway mansion,https://www.youtube.com/watch?v=UhFf0qT7whY,East Idaho News,https://www.youtube.com/channel/UCd7U6pdRYzU-K_vFqwzLBqQ,2026-03-24T16:47:12.233Z,231.0,993.998,231.0
Puzzles & Survival,https://www.youtube.com/watch?v=yJZ3uaaPVQI,,,2026-03-24T16:46:59.846Z,39.0,12.387,12.387
fz0702en1920x1080,https://www.youtube.com/watch?v=N2PC4QeFSTA,,,2026-03-24T16:44:12.622Z,27.0,167.224,27.0
EM 10004 Video NA RunEscape GunShot MiniatureworldV1X1 Nor YYLDWTY F NA EN A bluedemo,https://www.youtube.com/watch?v=tl-CVOTXMsA,,,2026-03-24T16:43:54.162Z,35.0,18.46,18.46
Al B. Sure! - Nite and Day,https://www.youtube.com/watch?v=Fckqglxb49s,Al B. Sure!,https://www.youtube.com/channel/UCLAKDIDIBLBCErIjIZvAUEQ,2026-03-24T16:30:18.884Z,257.0,815.278,257.0
Who The (Bleep) Did I Marry 2026 💀 Blazing Fury 💀 Documentary True Crime Podcast,https://www.youtube.com/watch?v=L3_rcf7Qf3Y,Fatal Love Stories,https://www.youtube.com/channel/UC5DaHJeuG2YJ9sseHX7GrFA,2026-03-24T16:24:03.327Z,8731.0,375.557,375.557
Fatal Attraction I'd Kill To Be You S1 E8💥Blinded by Jealousy 💥My True Crime Story Show 𝐅𝐔𝐋𝐋 𝐄𝐏𝐎𝐒𝐈𝐃𝐄,https://www.youtube.com/watch?v=oaOLXzh-2PQ,Bangle House,https://www.youtube.com/channel/UCaVFQPUGJBPJgpja7V5-aRQ,2026-03-24T16:23:03.416Z,,59.911,59.911
The Blue River Murder | Full Episode,https://www.youtube.com/watch?v=0xdxxu-5RAc,48 Hours,https://www.youtube.com/channel/UC7htuVs06oduI3xSfTdcxPA,2026-03-24T16:20:52.624Z,2468.0,130.792,130.792
Acting Up - 15s ENG_Optimized,https://www.youtube.com/watch?v=BIjaO02pPvo,,,2026-03-24T16:20:35.502Z,16.0,17.122,16.0
Tron: Ares,https://www.youtube.com/watch?v=8K4fxoGIw1A,,,2026-03-24T16:20:29.913Z,60.0,5.589,5.589
Targeted for Murder | Summer of Fear | Series 1 Episode 4,https://www.youtube.com/watch?v=klYRHNshS4s,The Full Series Channel,https://www.youtube.com/channel/UCkG-0jufF6OLWoZ81FdQtfQ,2026-03-24T16:12:51.650Z,2546.0,458.263,458.263
"Teen | Vrbo (US-en, DG, 16:9)",https://www.youtube.com/watch?v=5p9E9wxTSV8,,,2026-03-24T16:12:33.437Z,16.0,18.213,16.0
V2Logo Brand Spokesperson BerkTruckC 16x9 10sec,https://www.youtube.com/watch?v=ciL2wcL6Q-0,,,2026-03-24T16:12:21.979Z,11.0,11.458,11.0
260319-DYX-Y-05-H-iwordsota-US-6V2Tpink04-6s,https://www.youtube.com/watch?v=2i6a-W50PVc,,,2026-03-24T16:07:00.938Z,6.0,321.041,6.0
We love fish recipes and cooking 🤤,https://www.youtube.com/watch?v=OjOn1fD5XBE,Hair Tutorials & Lifestyle ,https://www.youtube.com/channel/UCVzuCrhVoIYdklGjq4suBqw,2026-03-24T15:53:24.105Z,514.0,816.833,514.0
Last Asylum: Plague,https://www.youtube.com/watch?v=IdliPaGzlqI,,,2026-03-24T15:53:17.654Z,60.0,6.451,6.451
Treating my dad like a kid!! #dad #prank #funny #real #reaction,https://www.youtube.com/watch?v=9u-LJjZhZ4k,EditCore Crew,https://www.youtube.com/channel/UCzb9Tl-hF-M4jL3PWyPA7wQ,2026-03-24T15:52:54.361Z,59.0,23.293,23.293
There’s always that 1 😂 #shorts #reels #explore,https://www.youtube.com/watch?v=f-VPdJEZbtE,Suavexavier,https://www.youtube.com/channel/UCduf5_5FnIptzDMBJ75ttFQ,2026-03-24T15:51:10.276Z,64.0,104.085,64.0
FAT2D05906_EN_zzAIgg实木桌合成棋子订单_1920×1080,https://www.youtube.com/watch?v=pmLC9FWjFmE,,,2026-03-24T15:51:07.349Z,5.0,2.927,2.927
https://www.youtube.com/watch?v=ocUhwv15Waw,https://www.youtube.com/watch?v=ocUhwv15Waw,,,2026-03-24T15:50:01.975Z,,65.374,65.374
cd0757en1920x1080,https://www.youtube.com/watch?v=rQUS8s19qm0,,,2026-03-24T15:41:28.470Z,39.0,513.505,39.0
Puzzles & Survival,https://www.youtube.com/watch?v=K2cVFKtoQDA,,,2026-03-24T15:40:47.475Z,39.0,40.995,39.0
Targeted for Murder | Monday Night Murder | Series 1 Episode 3,https://www.youtube.com/watch?v=84C52AHMxRM,The Full Series Channel,https://www.youtube.com/channel/UCkG-0jufF6OLWoZ81FdQtfQ,2026-03-24T15:26:03.166Z,2563.0,884.309,884.309
Shortened: MPY-53779_Pets_Hidden Camera_EN_1920x1080_22s_C1_V3_ekg56o7uci_ekg56o7uci.mp4,https://www.youtube.com/watch?v=pSfuVSQg0b4,,,2026-03-24T15:25:01.949Z,27.0,61.217,27.0
GOF3D8255_EN_FZ投流-小剧场UE解说-KOC-c_marquez_1920x1080,https://www.youtube.com/watch?v=psmbjO7yGPk,,,2026-03-24T15:20:22.035Z,53.0,279.914,53.0
240423 EN Hexasort duonglv 04a24 H 14s,https://www.youtube.com/watch?v=_H6f9qtc7yw,,,2026-03-24T15:20:06.505Z,14.0,15.53,14.0
FAT2D04632_EN_zz果汁杯大西瓜餐厅订单条叠加摆放K版试玩转视频6s_1920x1080,https://www.youtube.com/watch?v=AcFP9v7G3Ok,,,2026-03-24T15:19:51.214Z,7.0,15.291,7.0
Get premium federal tax filing for free!,https://www.youtube.com/watch?v=jHQgWI7ZOKA,,,2026-03-24T15:07:46.839Z,18.0,724.375,18.0
Shortened: GOT3D10393_EN_BJHT1AI片头审讯威胁+U型山坡-沙漠版不侵权_AI片头_1920x1080,https://www.youtube.com/watch?v=uv0BtQIoNA4,,,2026-03-24T14:52:52.881Z,56.0,893.958,56.0
Shortened: VIDNEH250908S0009 WO 30s NATemp ZWPBLandscapeMeta V3 NAHook MountainBG CanYouFindTopB VP,https://www.youtube.com/watch?v=Nu-kEWWEhZc,,,2026-03-24T14:52:38.390Z,,14.491,14.491
240813_6s-Pre-礼物盒-charity_en_ZW_1920x1080.mp4,https://www.youtube.com/watch?v=CN4w_bmYWuo,,,2026-03-24T14:52:30.627Z,7.0,7.763,7.0
"Fatal Deceit: Why a ""Devoted"" Wife Became a Prime Suspect | Targeted For Murder | Full Episode",https://www.youtube.com/watch?v=MByeDCWyo6U,Killer Crime,https://www.youtube.com/channel/UCbUUk7FEoUoxBkXdvxRLnJg,2026-03-24T14:44:42.556Z,2549.0,468.071,468.071
MC en 20260120-1 16 9,https://www.youtube.com/watch?v=2LLpyH4s0OE,,,2026-03-24T13:37:28.107Z,30.0,4034.449,30.0
OLD0035 MergingAndCounting IT003 V001 1920x1080 29102025 EN US 29sec,https://www.youtube.com/watch?v=z9Ejr3cJZlU,,,2026-03-24T13:36:54.210Z,30.0,33.897,30.0
Bundle and save,https://www.youtube.com/watch?v=8rgGFw1Mli8,,,2026-03-24T13:36:25.208Z,31.0,29.002,29.002
Keith Washington Reveals He & Tupac Got Fired on “Poetic Justice” + Almost Fighting Martin Lawrence,https://www.youtube.com/watch?v=H1A08N-VMBc,Wild Moguls TV,https://www.youtube.com/channel/UC8iErW1RXcVRovaso3Iq02g,2026-03-24T13:19:15.741Z,796.0,1029.467,796.0
41 year old Tommie Lee Dating Beyonce's 21 year old nephew Juelz . How Will This End?,https://www.youtube.com/watch?v=gPWHfvrP6Hg,Armon Wiggins,https://www.youtube.com/channel/UCl8dvxZaiUtttyDBgIujocw,2026-03-24T13:13:10.891Z,853.0,364.85,364.85
Corona Extra | Product Chime | EL | 06s,https://www.youtube.com/watch?v=Kuq4et9nWAU,,,2026-03-24T13:12:46.304Z,7.0,24.587,7.0
Tech Degrees Built on Tradition | ECPI-045,https://www.youtube.com/watch?v=17jMnsihbxE,,,2026-03-24T13:12:36.573Z,31.0,9.731,9.731
That Girl,https://www.youtube.com/watch?v=4a0cmyOL9s8,Stevie Wonder - Topic,https://www.youtube.com/channel/UCR83RRXHzXrEQbu_ZQmPMSg,2026-03-24T12:58:11.846Z,315.0,864.727,315.0
cd0884en1920x1080,https://www.youtube.com/watch?v=MtywZjLhaXY,,,2026-03-24T12:58:03.419Z,43.0,8.427,8.427
For men who demand the remarkable. Discover Dove Men+Care body wash,https://www.youtube.com/watch?v=1xxTc3oXutI,,,2026-03-24T12:57:44.757Z,7.0,18.662,7.0
What’s for breakfast? Let’s serve my babies ,https://www.youtube.com/watch?v=reDm_nm_K4o,Neo KirchBaby,https://www.youtube.com/channel/UCdZDH48UgVo3rLcIyLiuMPg,2026-03-24T12:56:04.205Z,371.0,100.552,100.552
https://www.youtube.com/watch?v=2LSKKbvFSLw,https://www.youtube.com/watch?v=2LSKKbvFSLw,,,2026-03-24T12:55:27.695Z,,36.51,36.51
The Most Relaxing Facts About The Ocean Floor to Fall Asleep To — No Adverts,https://www.youtube.com/watch?v=M95-VM-1yn0,Sleepy Science Channel,https://www.youtube.com/channel/UCNZegH5HQPx_chNsPqJw1Rw,2026-03-24T12:50:32.509Z,7981.0,295.186,295.186
GIMC_ 241018 P GoodsTripleMatch T 3D3C C wood VL L 23 S 11 L en D Zane M 2,https://www.youtube.com/watch?v=Lot8VHTG4ko,,,2026-03-24T12:39:50.464Z,24.0,642.045,24.0
WHAT IS GOING ON????😂😭 #shorts #reels #explore,https://www.youtube.com/watch?v=yFmkmWq-AIE,Suavexavier,https://www.youtube.com/channel/UCduf5_5FnIptzDMBJ75ttFQ,2026-03-24T12:38:46.266Z,64.0,64.198,64.0
WW1 LinkedIn SAIL DS 082625 TOFU 300x250 variation 2,https://www.youtube.com/watch?v=YLtaNUjoDJY,,,2026-03-24T10:41:02.694Z,31.0,7063.572,31.0
Save money and still get reliable phone service with Tello Mobile,https://www.youtube.com/watch?v=55X5AF7Ok8g,,,2026-03-24T10:26:51.172Z,30.0,851.522,30.0
WGGG Audio Cutdown,https://www.youtube.com/watch?v=QkNcSxYwxGs,,,2026-03-24T10:10:18.613Z,31.0,992.559,31.0
NEW Neutrogena Evenly Clear,https://www.youtube.com/watch?v=2VGYocKIWNA,,,2026-03-24T09:58:45.077Z,16.0,693.536,16.0
True Understanding Starts with Extraordinary Communication - 15s Video,https://www.youtube.com/watch?v=gVx6ubQWMsU,,,2026-03-24T09:58:28.510Z,15.0,16.567,15.0
V2Logo Brand Spokesperson BerkTruckA 16x9 6sec,https://www.youtube.com/watch?v=Q5yUtuSCfqw,,,2026-03-24T09:58:20.930Z,7.0,7.58,7.0
Trusted Since 1849: Y2k,https://www.youtube.com/watch?v=V3pXR6xsZMI,,,2026-03-24T09:58:05.030Z,15.0,15.9,15.0
LET’S Family :15,https://www.youtube.com/watch?v=k6lBO63jH_o,,,2026-03-24T09:29:56.958Z,16.0,1688.072,16.0
PetSmart x Hill's National Adoption Week  March,https://www.youtube.com/watch?v=yOSRtJcAUq8,,,2026-03-24T09:29:40.298Z,16.0,16.66,16.0
Centrum - Rethink Your Multivitamins,https://www.youtube.com/watch?v=cqRxu6Xw9q8,,,2026-03-24T09:29:23.735Z,16.0,16.563,16.0
Swoon (Short) | Truth Tellers | Liberty Mutual Insurance Commercial,https://www.youtube.com/watch?v=ov07NQ-tdx4,,,2026-03-24T09:29:16.259Z,7.0,7.476,7.0
Try Neutrogena Retinol Regenerating Cream,https://www.youtube.com/watch?v=oBIIoivaS3o,,,2026-03-24T09:29:09.202Z,7.0,7.057,7.0
V2Logo Brand Spokesperson BerkTruck 16x9 15sec,https://www.youtube.com/watch?v=eDNdh6reTx8,,,2026-03-24T09:10:12.133Z,16.0,1137.069,16.0
PKTV 000108821 000290665,https://www.youtube.com/watch?v=W3u5ZLTaYkk,,,2026-03-24T09:09:55.566Z,16.0,16.567,16.0
Zaxbys | Dry Rubs | Seasoning :06,https://www.youtube.com/watch?v=QHh-Ofwb8rg,,,2026-03-24T09:09:47.886Z,7.0,7.68,7.0
"""Veterans""",https://www.youtube.com/watch?v=iVLO9JwvqbI,,,2026-03-24T09:09:16.818Z,31.0,31.068,31.0
26 Best & Worst Horror Movies In 2025! - Ranked,https://www.youtube.com/watch?v=Jq1bITDfCj0,Adam Does Movies,https://www.youtube.com/channel/UCmuP70--NYoqgyo3N0ZwDCA,2026-03-24T08:58:12.968Z,13598.0,663.85,663.85
Instagram Teen Accounts,https://www.youtube.com/watch?v=Ycndo1EVORQ,,,2026-03-24T08:58:05.062Z,7.0,7.906,7.0
Meet NEW Neutrogena® Evenly Clear,https://www.youtube.com/watch?v=HBJ7WGx-06Y,,,2026-03-24T08:57:50.178Z,14.0,14.884,14.0
BGW_26_Scope_SomethingforEveryAdventure_Evergreen_Mem_GetWCUSAFree_ES_YT_15,https://www.youtube.com/watch?v=qEO2mJnc5cw,,,2026-03-24T08:57:32.070Z,16.0,18.108,16.0
JQCF0165000H MY26 CX 5 Trailer 15 16x9 STRM,https://www.youtube.com/watch?v=NxRoVv0b-dM,,,2026-03-24T08:57:15.671Z,16.0,16.399,16.0
Hamnet - Movie Review,https://www.youtube.com/watch?v=oAgjr6x_V3w,Adam Does Movies,https://www.youtube.com/channel/UCmuP70--NYoqgyo3N0ZwDCA,2026-03-24T08:45:05.435Z,723.0,730.236,723.0
Colorfest Color 15 16x9,https://www.youtube.com/watch?v=ahESsRnJfW8,,,2026-03-24T08:44:46.767Z,16.0,18.668,16.0
S26 ALTAMESA COMFORT 16X9 DIRTY 10s,https://www.youtube.com/watch?v=U7f1gaxq2fM,,,2026-03-24T08:44:35.283Z,10.0,11.484,10.0
L'Oréal Paris Eye Bag Instant Eraser,https://www.youtube.com/watch?v=DRzTpnOtc3w,,,2026-03-24T08:35:00.102Z,15.0,575.181,15.0
Zillow | Offer Accepted,https://www.youtube.com/watch?v=NKk00K5Y4pk,,,2026-03-24T08:34:43.513Z,16.0,16.589,16.0
Claritin Clears™,https://www.youtube.com/watch?v=BrkvuDvRrsY,,,2026-03-24T08:34:35.318Z,7.0,8.195,7.0
LG Appliances,https://www.youtube.com/watch?v=aycu3Ys-B2o,,,2026-03-24T08:34:27.915Z,7.0,7.403,7.0
Bring Out the Bob™ | Busy Evenings Call for Quick and Easy Comfort [15sec 16x9],https://www.youtube.com/watch?v=t_rn9LSXNOo,,,2026-03-24T08:34:11.638Z,16.0,16.277,16.0
fz1029en1920x1080,https://www.youtube.com/watch?v=xJX0PF7EQJE,,,2026-03-24T08:22:51.819Z,,679.819,679.819
Cookie_1093_H_6s_BluedemoMH,https://www.youtube.com/watch?v=L6tCpqENPg4,,,2026-03-24T08:22:12.591Z,7.0,39.228,7.0
YoungGuyTesterupBalance_Testerup_Landscape_6_Pooled_UK___14112024.mp4,https://www.youtube.com/watch?v=rROASNE29OU,,,2026-03-24T08:22:05.210Z,7.0,7.381,7.0
Shortened: 251106_iGHG_K2_TestIQ_169_45s0.mp4,https://www.youtube.com/watch?v=GU5sqA3HxB4,,,2026-03-24T08:08:06.354Z,,838.856,838.856
V2Logo Brand Spokesperson BerklynWhiteboardA 16x9 6sec,https://www.youtube.com/watch?v=n7iu5cW5nr8,,,2026-03-24T08:07:18.732Z,7.0,47.622,7.0
ja1122en1920x1080,https://www.youtube.com/watch?v=ifXM50L-r8Y,,,2026-03-24T07:50:41.509Z,47.0,997.223,47.0
CMA02296.MS.Treasure.Cave_VER_v1_1920_1080_DUR_30S_LNG_ENGLBL.mp4,https://www.youtube.com/watch?v=zCcTqrDKEzs,,,2026-03-24T07:50:09.725Z,31.0,31.784,31.0
L'Oreal Paris Faux Brow: Bare to Brow,https://www.youtube.com/watch?v=kD6k8xQuMqg,,,2026-03-24T07:50:02.057Z,7.0,7.668,7.0
Shortened: GOF3D8386_EN_FZ混剪-解说轻松经营_1920x1080,https://www.youtube.com/watch?v=JJZ0m6sOTWk,,,2026-03-24T07:36:08.445Z,33.0,833.612,33.0
Skip the Drama – The Call,https://www.youtube.com/watch?v=ChcEjvlRcX0,,,2026-03-24T07:35:35.101Z,16.0,33.344,16.0
CMA02900.FF.Olympig.ShortIntro.Claw_VER_v1_1920_1080_DUR_30S_LNG_ENGLBL.mp4,https://www.youtube.com/watch?v=NmkqLUwCu18,,,2026-03-24T07:21:09.084Z,31.0,866.017,31.0
"If this dog barks, you must download TREAT 16X9",https://www.youtube.com/watch?v=7nEaDvT2LTU,,,2026-03-24T07:20:39.736Z,28.0,29.348,28.0
MAX Closet  06 ENG CAP BRD BVL VDO 6s XZDT2375000H,https://www.youtube.com/watch?v=2lBFr0YE6aA,,,2026-03-24T07:20:32.233Z,7.0,7.503,7.0
"Deals so right, it almost feels wrong.",https://www.youtube.com/watch?v=f55_ZK_B64k,,,2026-03-24T07:20:17.593Z,16.0,14.64,14.64
fz0377gen1920x1080,https://www.youtube.com/watch?v=1FUQlgALs-o,,,2026-03-24T07:20:08.213Z,7.0,9.38,7.0
sh0371en1920x1080,https://www.youtube.com/watch?v=9CM98WPShBU,,,2026-03-24T07:08:47.465Z,46.0,680.748,46.0
v3NCP4850zen27SZSV_720x1280_PS,https://www.youtube.com/watch?v=jSzelex5X5w,,,2026-03-24T06:47:31.336Z,28.0,1276.129,28.0
8 EndcardBethany2 25v1Landscape,https://www.youtube.com/watch?v=DhzRsuUn6w0,,,2026-03-24T06:35:22.652Z,37.0,728.684,37.0
Fresh Stacks,https://www.youtube.com/watch?v=xQXEOsXls9g,,,2026-03-24T06:34:45.365Z,7.0,37.287,7.0
CMA02427.3DTokenWheel_VER_v1_1920_1080_DUR_30S_LNG_ENGLBL.mp4,https://www.youtube.com/watch?v=t3YAuicxtws,,,2026-03-24T06:18:17.649Z,31.0,987.716,31.0
The Comeback S3 | HBO Max,https://www.youtube.com/watch?v=qKUveMOP4uQ,,,2026-03-24T06:17:44.136Z,16.0,33.513,16.0
Colorfest_HairColor_16x9_6s,https://www.youtube.com/watch?v=B9ZjCJ0y7Ec,,,2026-03-24T06:17:36.686Z,7.0,7.45,7.0
See No Evil 2026 💀💀 The Wrong Look 💀💀 Crime Documentary ID Podcast,https://www.youtube.com/watch?v=ipPjBZRP6RU,See No Evil Files,https://www.youtube.com/channel/UChrjUqOF9FwGuEK8VprVAFA,2026-03-24T06:04:40.115Z,8757.0,776.571,776.571
ABC 20 20 New 2026 🍀🍀🍀 The Husband Behind the Crime 🍀🍀🍀ABC 20 20 Season 2026 Full Episode,https://www.youtube.com/watch?v=8ikv_aHMQwI,Mangolex,https://www.youtube.com/channel/UC-yexvv7wG_eZA_Khfy2vZA,2026-03-24T06:02:39.757Z,,120.358,120.358
I bet once you download TREAT you won't be able to stop playing 16x9,https://www.youtube.com/watch?v=PJ0W8Y67OVs,,,2026-03-24T06:02:07.353Z,31.0,32.404,31.0
6S YouTube Ad 29,https://www.youtube.com/watch?v=lHySLAh9l68,,,2026-03-24T06:01:24.902Z,7.0,42.451,7.0
fz1002en1920x1080,https://www.youtube.com/watch?v=ktJr6Z8BqbY,,,2026-03-24T06:01:21.642Z,50.0,3.26,3.26
Defending Your Life | Full Episode,https://www.youtube.com/watch?v=ZF0A7y46YRQ,48 Hours,https://www.youtube.com/channel/UC7htuVs06oduI3xSfTdcxPA,2026-03-24T05:49:06.023Z,2557.0,735.619,735.619
cd0780nen1920x1080,https://www.youtube.com/watch?v=MxQhpqZFI-o,,,2026-03-24T05:48:24.727Z,60.0,41.296,41.296
P901_AI_FQ_003_01_169-JP.mp4,https://www.youtube.com/watch?v=RyY8UiU2lzQ,,,2026-03-24T05:34:23.106Z,48.0,841.621,48.0
You got to tell kids NO!,https://www.youtube.com/watch?v=UdGAAuq_vrA,KevOnStage,https://www.youtube.com/channel/UC5Zc0EUB-km6in-55cK7k2g,2026-03-24T05:33:56.048Z,70.0,27.058,27.058
Runner   Music   horizontal 6,https://www.youtube.com/watch?v=Y3dLPnEPJfI,,,2026-03-24T05:33:44.485Z,7.0,11.563,7.0
PTSLG_V_EN_3D_电梯卖帕鲁_CB_709_1920x1080_52s_260204_NR_1101570,https://www.youtube.com/watch?v=wqkWFXIixnk,,,2026-03-24T05:19:06.665Z,53.0,877.82,53.0
cd0701gen1920x1080,https://www.youtube.com/watch?v=xGjHlh_Y3p4,,,2026-03-24T05:18:25.326Z,44.0,41.339,41.339
The Woman Who Died Twice | Full Episode,https://www.youtube.com/watch?v=lwrkwELp6kY,48 Hours,https://www.youtube.com/channel/UC7htuVs06oduI3xSfTdcxPA,2026-03-24T05:04:50.667Z,2513.0,814.659,814.659
"Introducing Homes Ai, Your Home Search Guide | Homes.com",https://www.youtube.com/watch?v=E9hNe_wO28k,,,2026-03-24T05:04:37.103Z,61.0,13.564,13.564
Married to Evil 2026 💀  What Lies Beneath 💀 True Crime Documentary ID Podcast,https://www.youtube.com/watch?v=uK9paL4qc20,Married to a Monster,https://www.youtube.com/channel/UCpcMSAYl4Z9ZocC7SNc0vWg,2026-03-24T05:02:52.865Z,9415.0,104.238,104.238
Weekly Ad | Q1 Cream | Hobby Lobby® | 15s,https://www.youtube.com/watch?v=rI_wZ4aVOSc,,,2026-03-24T05:02:43.402Z,15.0,9.463,9.463
Shortened: Toon Blast - Ballpool-wall 30s L,https://www.youtube.com/watch?v=v2FA5eDRYnw,,,2026-03-24T05:02:41.360Z,23.0,2.042,2.042
Bobby Brown - On Our Own (Official Video),https://www.youtube.com/watch?v=rZpr4qQzeI0,Bobby Brown,https://www.youtube.com/channel/UCffu1ARbQElleqO-UBrD6yw,2026-03-24T04:48:19.001Z,276.0,862.359,276.0
Shortened: HXR_Gameplay_24_30sec_Square_AK,https://www.youtube.com/watch?v=8Z-mRbfWNRE,,,2026-03-24T04:48:12.896Z,7.0,6.105,6.105
"Bobby Brown performing ""Don’t Be Cruel"" LIVE on the Arsenio Hall Show (1989)",https://www.youtube.com/watch?v=XqDdb4kvYZs,DJ DA VINCI,https://www.youtube.com/channel/UCJwiWjILlKVI71yvAQ-Cs5g,2026-03-24T04:46:17.094Z,60.0,115.802,60.0
Toon Blast - Ballpool-wall 30s L,https://www.youtube.com/watch?v=yt4-_c2UjbA,,,2026-03-24T04:45:25.707Z,30.0,51.387,30.0
"BOBBY BROWN says "" Ya'll Wanna See Me Dance? Google Me""| Don't Be Cruel | D.C. | March 13, 2026",https://www.youtube.com/watch?v=9fS8Cn5pUDo,Angela Marie,https://www.youtube.com/channel/UCaJsCJeTjVLDHOoTLiSXHLA,2026-03-24T04:44:28.991Z,246.0,56.716,56.716
What If The Asteroid Missed? 66 Million Years of Dinosaur Evolution | Documentary for Sleep,https://www.youtube.com/watch?v=teE1d47eunQ,Earth in Silence,https://www.youtube.com/channel/UCRTR4eA_JvbK46DYMn963qg,2026-03-24T04:43:50.385Z,,38.606,38.606
Eventual Justice | 48 Hours Full Episodes,https://www.youtube.com/watch?v=rWFrSGesIek,48 Hours,https://www.youtube.com/channel/UC7htuVs06oduI3xSfTdcxPA,2026-03-24T04:42:25.643Z,7400.0,84.742,84.742
Married to Evil 2026 💀 Vanished Into the Night   💀 True Crime Documentary ID Podcast,https://www.youtube.com/watch?v=2oZ7bKDvh8Y,Married to a Monster,https://www.youtube.com/channel/UCpcMSAYl4Z9ZocC7SNc0vWg,2026-03-24T04:41:46.575Z,9281.0,39.068,39.068
The Most Relaxing Facts About Earth to Fall Asleep To,https://www.youtube.com/watch?v=k1XTc-XMh-Q,Sleepy Science Channel,https://www.youtube.com/channel/UCNZegH5HQPx_chNsPqJw1Rw,2026-03-24T04:41:14.108Z,7201.0,32.467,32.467
Accused Killer Girlfriend Nicknamed 'Grandma' By Victim's Other Lover,https://www.youtube.com/watch?v=siFOHiQsRtE,COURT TV,https://www.youtube.com/channel/UCo5E9pEhK_9kWG7-5HHcyRg,2026-03-24T04:40:54.428Z,4400.0,19.68,19.68
"Introducing: Gatorade Lower Sugar. No artificial flavors, sweeteners, or colors.",https://www.youtube.com/watch?v=5uko3Dt3VKs,,,2026-03-24T04:40:45.254Z,31.0,9.174,9.174
Shortened: 366.TMC-Osman-tasev-rockingcat-LONG-16x9.mp4,https://www.youtube.com/watch?v=ImALOdoP9AE,,,2026-03-24T04:39:49.957Z,14.0,55.297,14.0
Politician kills journalist for reporting on him | The Case of Rob Telles,https://www.youtube.com/watch?v=_visqjGadRE,dreading (crime and psychology),https://www.youtube.com/channel/UCG-qQe1mnh4JVKhuJkdh8KA,2026-03-24T04:39:32.147Z,3330.0,17.81,17.81
UAC 25Jan Debit HipHop PresentCard V1 F2 Google Video 16x9,https://www.youtube.com/watch?v=6q0Yrf2azFk,,,2026-03-24T04:39:18.451Z,11.0,13.696,11.0
PTSLG_V_EN_3D_精灵抓捕器_CB_709_1920x1080_49s_260225_NR_1113677,https://www.youtube.com/watch?v=ksf0evpgyAU,,,2026-03-24T04:20:03.848Z,50.0,1154.603,50.0
Reach - Coffee Shop 6s Horizontal,https://www.youtube.com/watch?v=UNuRPxxw0Lg,,,2026-03-24T04:19:15.834Z,7.0,48.014,7.0
Judge Tells OnlyFans Model’s Attorneys: Case Won’t Be a ‘Telenovela’,https://www.youtube.com/watch?v=0ixd10RaUuE,COURT TV,https://www.youtube.com/channel/UCo5E9pEhK_9kWG7-5HHcyRg,2026-03-24T03:50:52.297Z,2811.0,1703.537,1703.537
See how Amazon is empowering hourly employees,https://www.youtube.com/watch?v=otBdDVCmwps,,,2026-03-24T03:50:34.644Z,31.0,17.653,17.653
Married to Evil 2026 💀 What Lies Beneath 💀 True Crime Documentary ID Podcast,https://www.youtube.com/watch?v=e9rOaqOYH8k,Married to a Monster,https://www.youtube.com/channel/UCpcMSAYl4Z9ZocC7SNc0vWg,2026-03-24T03:48:46.777Z,9490.0,107.867,107.867
Marvel Zombies,https://www.youtube.com/watch?v=CnbReKImbKM,,,2026-03-24T03:48:35.671Z,31.0,11.106,11.106
ABC 20/20 Season 2026 Full Episodes | Mountain of Secrets | A compilation of selected cases,https://www.youtube.com/watch?v=OlxDN7HXnBw,Global Music Fusion,https://www.youtube.com/channel/UC_9JIQJ7NEc6E1ps_RAAJjQ,2026-03-24T03:47:41.366Z,,54.305,54.305
Here is the truth about TREAT 16x9,https://www.youtube.com/watch?v=5muVJtdWGvU,,,2026-03-24T03:47:24.665Z,29.0,16.701,16.701
CLS_GOT3D654_EN_BJHT1慢速塔防-正交视角_国王_1920x1080,https://www.youtube.com/watch?v=AQz4LZDfSqk,,,2026-03-24T03:32:48.434Z,53.0,876.231,53.0
Shortened: Toon Blast - Ballpool-wall 30s L,https://www.youtube.com/watch?v=v2FA5eDRYnw,,,2026-03-24T03:14:58.281Z,23.0,1070.153,23.0
https://www.youtube.com/watch?v=TUBODuYk3UE,https://www.youtube.com/watch?v=TUBODuYk3UE,,,2026-03-24T03:02:31.691Z,,746.59,746.59
Shortened: Toon Blast - Ballpool-wall 30s L,https://www.youtube.com/watch?v=okuCBbx24XY,,,2026-03-24T03:01:34.007Z,27.0,57.684,27.0
Shortened: CMB00129.CityAdventure_VER_v1_1920_1080_DUR_30S_LNG_ENGLBL.mp4,https://www.youtube.com/watch?v=ZjVoKbvtaaQ,,,2026-03-24T03:01:08.191Z,25.0,25.816,25.0
Shortened: kr1056301kr_345774_ccss_lt_295891-event-skull-pumpkin-gameplay-op63-cupcake-liquorice-blo,https://www.youtube.com/watch?v=QkHjkXE0Jjg,,,2026-03-24T03:01:00.344Z,7.0,7.847,7.0
ROK_V_EN_AI_行军时代_CB_1_1920x1080_6s_260313_NR_1123722,https://www.youtube.com/watch?v=vqwTtg_77UE,,,2026-03-24T03:00:52.970Z,6.0,7.374,6.0
Married to Evil 2026 💀 A Deadly Dose 💀 True Crime Documentary ID Podcast,https://www.youtube.com/watch?v=-15ObYDi8Zo,Married to a Monster,https://www.youtube.com/channel/UCpcMSAYl4Z9ZocC7SNc0vWg,2026-03-24T02:47:19.368Z,9252.0,813.602,813.602
Budweiser | American Icons - Flying,https://www.youtube.com/watch?v=6LSqFarrSDM,,,2026-03-24T02:47:09.029Z,7.0,10.339,7.0
GOT3D783_EN_CC以战养战-苔原版-1分钟版_国王_1920x1080,https://www.youtube.com/watch?v=lloaov-SekQ,,,2026-03-24T02:46:30.291Z,60.0,38.738,38.738
MC en 20260120-1 16 9,https://www.youtube.com/watch?v=2LLpyH4s0OE,,,2026-03-24T02:45:58.693Z,30.0,31.598,30.0
Shortened: FRK_UA_VID_58_XmasTheme_V01_AHM_EN_60s_1920x1080,https://www.youtube.com/watch?v=QIA27QgrmSg,,,2026-03-24T02:45:50.739Z,7.0,7.954,7.0
Shortened: 2712_dq_en,https://www.youtube.com/watch?v=FVYJX2I6fGU,,,2026-03-24T02:45:42.722Z,7.0,8.017,7.0
ABC 20 20 New 2026 🍀🍀🍀 When Love Becomes a Killer 🍀🍀🍀ABC 20 20 Season 2026 Full Episode,https://www.youtube.com/watch?v=hNsjiXKKgkU,Mangolex,https://www.youtube.com/channel/UC-yexvv7wG_eZA_Khfy2vZA,2026-03-24T02:33:14.897Z,,747.825,747.825
CMB00200.CityAdventureLightning.AttackHal_VER_v1_1920_1080_DUR_30S_LNG_ENGLBL.mp4,https://www.youtube.com/watch?v=Ai1J6fhqGnM,,,2026-03-24T02:32:42.650Z,31.0,32.247,31.0
Shortened: DS-V-091-003_EnchantedEscape_EN_30s_1920x1080.mp4,https://www.youtube.com/watch?v=-tyqgYxbZC8,,,2026-03-24T02:32:33.779Z,8.0,8.871,8.0
"Veronica Butler, Jilian Kelley Case Documentary | Crime Nation | Full Episode | The CW",https://www.youtube.com/watch?v=mLkI6qUlSaU,The CW Network,https://www.youtube.com/channel/UCPWQWav6BpPvtanCtloXkiw,2026-03-24T02:32:09.312Z,2334.0,24.467,24.467
"""Perfect"" Husband Thought He Committed The Perfect Murder",https://www.youtube.com/watch?v=cHPD81D1ZRw,Absolute Crime,https://www.youtube.com/channel/UCT6EdOwB-zSUd2jEl7wIUXw,2026-03-24T02:28:03.500Z,2530.0,245.812,245.812
Joseph & Kendra Duggar's TWISTED Marriage UNRAVELS: Kendra Arrest Video & Joseph's Sentence Revealed,https://www.youtube.com/watch?v=wUTKMErvBgE,Without A Crystal Ball,https://www.youtube.com/channel/UCqW9ZAW0ZNqfWo9PZ3OX4Fg,2026-03-24T02:26:13.369Z,1306.0,110.131,110.131
Shortened: COC.RageBaitBuild.UA.EN.60s.16x9$COC0363-4.mp4,https://www.youtube.com/watch?v=grLd3XebUZg,,,2026-03-24T02:26:02.185Z,57.0,11.184,11.184
2026-Feb--FF_ATMs-Testimonials-RachelV1-18s-UGCVideo-16x9.mp4,https://www.youtube.com/watch?v=Epgr_F1ikYk,,,2026-03-24T02:25:44.714Z,19.0,17.471,17.471
"Nadula - Glueless wigs, pre-everything",https://www.youtube.com/watch?v=IW7rFdnVtrU,,,2026-03-24T02:25:31.913Z,11.0,12.801,11.0
"Video shows moment jet slams into fire truck at LaGuardia, killing both pilots",https://www.youtube.com/watch?v=xxysTf2cvgg,ABC News,https://www.youtube.com/channel/UCBi2mrWuNuyYy4gbM6fU18Q,2026-03-24T02:20:37.381Z,290.0,294.532,290.0
His Confession Fell Apart on TV | True Crime Interview,https://www.youtube.com/watch?v=qg78DS2XsB4,The Behavior Panel,https://www.youtube.com/channel/UCx_8ri2rYergbu_06VNSPlw,2026-03-24T02:18:40.628Z,,116.753,116.753
ABC 20/20 [New] 2026 🍀🍀🍀 The wicked wife 🍀🍀🍀ABC 20/20 Season 2026 Full Episode,https://www.youtube.com/watch?v=WMhu-K9EPDo,Music MA,https://www.youtube.com/channel/UCCuaK049oIjE68mG5Nu2N5A,2026-03-24T02:17:56.365Z,,44.263,44.263
CMA02427.3DTokenWheel_VER_v1_1920_1080_DUR_30S_LNG_ENGLBL.mp4,https://www.youtube.com/watch?v=t3YAuicxtws,,,2026-03-24T02:17:46.329Z,31.0,10.036,10.036
Shortened: DS-V-091-004_EnchantedEscape_EN_15s_1920x1080.mp4,https://www.youtube.com/watch?v=Vi5bWclCAI4,,,2026-03-24T02:17:37.223Z,8.0,9.106,8.0
Dolly Parton - Do I ever Cross Your Mind  LIVE (Carson Tonight 1977),https://www.youtube.com/watch?v=iJEpoLeISCo,Dolly Parton HD,https://www.youtube.com/channel/UCzmt8Dv4x6UkBfmVzmQBMpQ,2026-03-24T02:16:17.097Z,148.0,80.126,80.126
LIVE: Dateline 24/7,https://www.youtube.com/watch?v=0EMyUyf9k90,Dateline NBC,https://www.youtube.com/channel/UCu3sKtOW9TGaErPsAYVPplA,2026-03-24T02:12:38.639Z,89092.0,218.458,218.458
Naked Creep Stabs Little Girl Sleeping in Her Bed,https://www.youtube.com/watch?v=PQmn004Kpg0,Law&Crime Network,https://www.youtube.com/channel/UCz8K1occVvDTYDfFo7N5EZw,2026-03-24T02:12:08.986Z,1280.0,29.653,29.653
Reese's Core | First :06 REV1 (EAS) | 2022 Commercial,https://www.youtube.com/watch?v=4z33EzOtWxk,,,2026-03-24T02:12:05.058Z,7.0,3.928,3.928
Cleveland Mother Arrested After Daughter's Bodies Found in Suitcases: Aliyah Henderson,https://www.youtube.com/watch?v=WRWOdBxcLZk,Grizzly True Crime,https://www.youtube.com/channel/UCY04IfK5QlS8nWDU22bEXig,2026-03-24T02:10:36.830Z,2526.0,88.228,88.228
CMB00195.TalkShow.Red_VER_v1_1920_1080_DUR_30S_LNG_ENGLBL.mp4,https://www.youtube.com/watch?v=rxjCStW8O_s,,,2026-03-24T02:10:03.705Z,31.0,33.125,31.0
348.TMC-sefa-nature-cat-black-LONG-16x9.mp4,https://www.youtube.com/watch?v=1pCv_w8x_10,,,2026-03-24T02:09:05.137Z,58.0,58.568,58.0
Lymow One Plus | The Robotic Mower That Actually Mows Big Lawns,https://www.youtube.com/watch?v=MNJSooeSIkM,,,2026-03-24T01:58:21.271Z,31.0,643.866,31.0
Get a FREE iPhone or Samsung with TAG Mobile | 10GB Data + Unlimited Talk & Text,https://www.youtube.com/watch?v=NB9Rl1fCX5k,,,2026-03-24T01:58:03.281Z,17.0,17.99,17.0
The Comeback S3 | HBO Max,https://www.youtube.com/watch?v=qKUveMOP4uQ,,,2026-03-24T01:57:47.109Z,16.0,16.172,16.0
SWAT Busts Mom Accused of Dumping Dead Daughters in Suitcases,https://www.youtube.com/watch?v=LQMflelR1AM,Law&Crime Network,https://www.youtube.com/channel/UCz8K1occVvDTYDfFo7N5EZw,2026-03-24T01:46:33.821Z,1276.0,673.288,673.288
CMA02885.CM.SlideMerge.Beach.3DTokenWheel_VER_v1_1920_1080_DUR_59S_LNG_ENGLBL.mp4,https://www.youtube.com/watch?v=AJQYgPRrpEw,,,2026-03-24T01:46:20.266Z,60.0,13.555,13.555
CMB00202.CityAdventureTruck.AttackHallowe_VER_v1_1920_1080_DUR_30S_LNG_ENGLBL.mp4,https://www.youtube.com/watch?v=YYhtUTvzLV0,,,2026-03-24T01:45:49.024Z,31.0,31.242,31.0
DCD-Spor-3974| Hulu,https://www.youtube.com/watch?v=S13wZ8KePGE,,,2026-03-24T01:39:06.923Z,16.0,402.101,16.0
Shortened: DS V 055 004 MagicalMoments EN 15s 1920x1080,https://www.youtube.com/watch?v=Ohcaa1D2fNo,,,2026-03-24T01:33:46.621Z,15.0,320.302,15.0
50% Off Everything Online,https://www.youtube.com/watch?v=snDhPnGHmZw,,,2026-03-24T01:33:29.975Z,16.0,16.646,16.0
BumperMark,https://www.youtube.com/watch?v=b6PlHXVkF8o,,,2026-03-24T01:33:22.006Z,7.0,7.969,7.0
Shortened: 367.TMC-Osman-tasevblack-yellowcat-LONG-16x9.mp4,https://www.youtube.com/watch?v=JkXeNRdL6pA,,,2026-03-24T01:33:13.654Z,7.0,8.352,7.0
Joseph & Kendra Duggar LOSE CUSTODY! Jim Bob & Michelle SWOOP In to Bond Out Kendra & Take Control,https://www.youtube.com/watch?v=pbyjmo_vFxw,Without A Crystal Ball,https://www.youtube.com/channel/UCqW9ZAW0ZNqfWo9PZ3OX4Fg,2026-03-24T01:18:02.969Z,1727.0,910.685,910.685
Shortened: MPY-51892_Blocks_Boutique_Manufacture_Var - Sep_1920x1080_ecnlddmmer_ecnlddmmer.mp4,https://www.youtube.com/watch?v=9cn0Sd9FWlw,,,2026-03-24T01:17:32.658Z,29.0,30.311,29.0
Shortened: ROK_V_EN_3D_上帝掷骰子吗(城市精英破产)_CB_253_1920x1080_53s_250821_NR_992149,https://www.youtube.com/watch?v=XYCabtndZhM,,,2026-03-24T01:16:49.722Z,42.0,42.936,42.0
Shortened: MPY-51892_Blocks_Boutique_Manufacture_Var - Sep_1920x1080_ecnlddmmer_ecnlddmmer.mp4,https://www.youtube.com/watch?v=Qlv8qcIb1Ok,,,2026-03-24T01:16:22.960Z,25.0,26.762,25.0
Shortened: ROK_V_EN_3D_上帝掷骰子吗(城市精英破产)_CB_253_1920x1080_53s_250821_NR_992149,https://www.youtube.com/watch?v=o8KYXlqD6Vs,,,2026-03-24T01:15:37.285Z,45.0,45.675,45.0
’19 Kids’ Duggar Couple Busted in Shocking Investigation,https://www.youtube.com/watch?v=5nizhuNqnp8,Law&Crime Network,https://www.youtube.com/channel/UCz8K1occVvDTYDfFo7N5EZw,2026-03-24T00:32:32.035Z,1985.0,2585.25,1985.0
DCD-SVOD-3616 | Hulu,https://www.youtube.com/watch?v=a33qyeMCe70,,,2026-03-24T00:31:57.749Z,16.0,34.286,16.0
The Horrific and Violent Murder of Kim Dorsey | Homicide: Hours to Kill,https://www.youtube.com/watch?v=wkzHPhtBD3U,True Crime Fix,https://www.youtube.com/channel/UCmgpjm53OGZd8a2z859a9vw,2026-03-24T00:23:25.313Z,2613.0,512.436,512.436
2026 02 FY26Q3 Mirror 15 Mens MASTER 16x9,https://www.youtube.com/watch?v=UYPI5sL0OSg,,,2026-03-24T00:23:07.259Z,16.0,18.054,16.0
Bring Out the Bob™ | A mash made in dinner heaven,https://www.youtube.com/watch?v=MwmWPVNMgfU,,,2026-03-24T00:22:50.834Z,16.0,16.425,16.0
Maureen & CAR T 15 3 Horizontal w  bug,https://www.youtube.com/watch?v=6xZ8vn0EQJA,,,2026-03-24T00:16:58.600Z,16.0,352.234,16.0
"Teen | Vrbo (US-en, DG, 16:9)",https://www.youtube.com/watch?v=5p9E9wxTSV8,,,2026-03-24T00:16:42.054Z,16.0,16.546,16.0
V2Logo Brand Spokesperson BerkTruckA 16x9 6sec,https://www.youtube.com/watch?v=Q5yUtuSCfqw,,,2026-03-24T00:16:34.531Z,7.0,7.523,7.0
Football Cooler Zero 6s | Michelob ULTRA,https://www.youtube.com/watch?v=XdRX78aUPQ0,,,2026-03-24T00:16:27.207Z,7.0,7.324,7.0
EXP 2025 Audio Banners New Money Male 30,https://www.youtube.com/watch?v=KUHCZ2BAhDU,,,2026-03-24T00:06:49.328Z,31.0,577.879,31.0
CMB00224.BuildOnboardSnow.AttackHalloween_VER_v1_1920_1080_DUR_59S_LNG_ENGLBL.mp4,https://www.youtube.com/watch?v=cvwTvtu4Juk,,,2026-03-23T23:51:43.590Z,60.0,905.738,60.0
Shortened: DS V 055 002 MagicalMoments EN 45s 1920x1080,https://www.youtube.com/watch?v=6drh9BEDDcs,,,2026-03-23T23:51:01.026Z,42.0,42.564,42.0
240813_6s-Pre-礼物盒-charity_en_ZW_1920x1080.mp4,https://www.youtube.com/watch?v=CN4w_bmYWuo,,,2026-03-23T23:50:45.469Z,7.0,15.557,7.0
Bound and Left to Die in the River | Homicide: Hours To Kill | True Crime Fix,https://www.youtube.com/watch?v=maLMl2khJPY,True Crime Fix,https://www.youtube.com/channel/UCmgpjm53OGZd8a2z859a9vw,2026-03-23T23:35:56.434Z,2613.0,889.035,889.035
Shortened: SNAP_4362200679_Feb2026_S45_Guardians_SizzleAdapt_54s_EN_1920x1080.mp4,https://www.youtube.com/watch?v=-T0WZeJ4nNE,,,2026-03-23T23:35:00.120Z,53.0,56.314,53.0
CMA01501.SM.SackOfGoldFRIceQueen_1920_1080_DUR_15S_LNG_ENGLBL.mp4,https://www.youtube.com/watch?v=vvlvZLJuYms,,,2026-03-23T23:34:43.622Z,16.0,16.498,16.0
Shortened: 2556_dq,https://www.youtube.com/watch?v=hobsuVcvHh4,,,2026-03-23T23:28:30.858Z,57.0,372.764,57.0
PTSLG_V_EN_3D_电梯卖帕鲁_CB_709_1920x1080_52s_260204_NR_1101570,https://www.youtube.com/watch?v=wqkWFXIixnk,,,2026-03-23T23:27:36.639Z,53.0,54.219,53.0
Shortened: CMB00195.TalkShow.Red_VER_v1_1920_1080_DUR_30S_LNG_ENGLBL.mp4,https://www.youtube.com/watch?v=b3G-BysfWe8,,,2026-03-23T23:16:26.267Z,27.0,670.372,27.0
Shortened: DS V 055 004 MagicalMoments EN 15s 1920x1080,https://www.youtube.com/watch?v=zUcdQSAo3NE,,,2026-03-23T23:16:11.800Z,14.0,14.467,14.0
TaxAct Has Experts,https://www.youtube.com/watch?v=8WfoZbdCgx0,,,2026-03-23T23:15:54.990Z,16.0,16.81,16.0
Shortened: EM 10004 Video LBC RunEscape CFC Gunshot ChallengeV7 White M DFWH EN A bluedemo,https://www.youtube.com/watch?v=2ArM8OF_HDE,,,2026-03-23T23:15:47.312Z,7.0,7.678,7.0
6S YouTube Ad 29,https://www.youtube.com/watch?v=lHySLAh9l68,,,2026-03-23T23:15:40.034Z,7.0,7.278,7.0
Shortened: MPY-23048_Amusement Park_EN_1920x1080_29s_v3_4agd97323s.mp4,https://www.youtube.com/watch?v=akHXjw9-TB4,,,2026-03-23T23:01:10.693Z,26.0,869.341,26.0
sh0308cen1920x1080,https://www.youtube.com/watch?v=Vs6EoTVMwbc,,,2026-03-23T23:00:55.580Z,6.0,15.113,6.0
"When the Family Disowns the Son, He Lashes out and Murders His Family",https://www.youtube.com/watch?v=5OQMRuLUrvc,True Crime Fix,https://www.youtube.com/channel/UCmgpjm53OGZd8a2z859a9vw,2026-03-23T22:46:32.038Z,2613.0,863.542,863.542
cd0642en1920x1080,https://www.youtube.com/watch?v=MvRNWcWHzWg,,,2026-03-23T22:44:56.195Z,60.0,95.843,60.0
XH007_EN_P102(169)【THE ANTS: UNDERGROUND KINGDOM】,https://www.youtube.com/watch?v=4L7irkXTPjQ,,,2026-03-23T22:44:01.390Z,53.0,54.805,53.0
I’m 22 With 4 Kids… Come Spend a Real Day With My Family of 6 🎣🥺,https://www.youtube.com/watch?v=WB-AdFtAaFc,zanadia si’mone,https://www.youtube.com/channel/UC_ummvosaT2x1fP9aSLBRaw,2026-03-23T22:43:13.222Z,1329.0,48.168,48.168
CHRISTMAS 2025 VLOG 🎄 Traditions + Family Time,https://www.youtube.com/watch?v=G4yH4trdXxA,Jessa Seewald,https://www.youtube.com/channel/UCYa2h0u4rOcBn8lSktcBMFA,2026-03-23T22:41:47.548Z,1780.0,85.674,85.674
Do This Scalp Routine Every Day for Hair Growth!,https://www.youtube.com/watch?v=XLTVIG2AeEs,Karen of Curl House,https://www.youtube.com/channel/UC5--S4d74YH5E2TfsC6CUlg,2026-03-23T22:41:23.399Z,561.0,24.149,24.149
"🚨1 Boy Allowed Release, another Ordered Locked Up ahead of Trial in 12-Yr-Old Girl R*pe Case",https://www.youtube.com/watch?v=xno-tUBIizM,The Dynamic Reason Channel,https://www.youtube.com/channel/UCTrVthZPbTpail9Hnrtfs-g,2026-03-23T22:40:55.419Z,510.0,27.98,27.98
"Introducing: Gatorade Lower Sugar. No artificial flavors, sweeteners, or colors.",https://www.youtube.com/watch?v=5uko3Dt3VKs,,,2026-03-23T22:40:38.632Z,31.0,16.787,16.787
GOF3D8244_EN_FZK1四传送带单塔御敌-白熊版-主角射击版_1920x1080,https://www.youtube.com/watch?v=N82duUDAPaU,,,2026-03-23T22:40:30.544Z,51.0,8.088,8.088
Shortened: GOT3D10393_EN_BJHT1AI片头审讯威胁+U型山坡-沙漠版不侵权_AI片头_1920x1080,https://www.youtube.com/watch?v=uv0BtQIoNA4,,,2026-03-23T22:31:52.153Z,56.0,518.391,56.0
GJGX1166002H MAR LOC LMA SR HD,https://www.youtube.com/watch?v=qZFi30h6_K8,,,2026-03-23T22:31:35.553Z,16.0,16.6,16.0
Master Oil Cleanup with WypAll® X70 Cloths: Engineered for Efficiency,https://www.youtube.com/watch?v=1aDLtRBU3nk,,,2026-03-23T22:31:19.024Z,16.0,16.529,16.0
Shortened: fz1154en1920x1080,https://www.youtube.com/watch?v=bW-_DPrzjOM,,,2026-03-23T22:31:03.637Z,7.0,15.387,7.0
"Joseph Duggar Is Actually WORSE Than His Brother, Josh! The Family Pattern Gets Darker",https://www.youtube.com/watch?v=baSUSNln61I,realiteasquad,https://www.youtube.com/channel/UCPRAvLtPv1NSxVzaoCE-4NQ,2026-03-23T22:21:49.875Z,1014.0,553.762,553.762
DM127_EN_P102(169)【THE ANTS: UNDERGROUND KINGDOM】,https://www.youtube.com/watch?v=e2NnoOvj60g,,,2026-03-23T22:21:19.309Z,44.0,30.566,30.566
COC.5ReasonstoClash.UA.EN.59s.16x9$COC0326-8.mp4,https://www.youtube.com/watch?v=HcabzsbIyQk,,,2026-03-23T22:20:18.725Z,59.0,60.584,59.0
Abusive Wife & Daughter Didn’t Expect The Law To Apply To THEM!,https://www.youtube.com/watch?v=buMOND_ViP0,B-Cam police,https://www.youtube.com/channel/UCOzUXFP7J2k8zf3KN8ms6-A,2026-03-23T22:19:21.481Z,2117.0,57.244,57.244
PKTV 000115967 000303032,https://www.youtube.com/watch?v=-PRWkSjyJyM,,,2026-03-23T22:18:59.226Z,31.0,22.255,22.255
Kids' Case Worker Says She Rips Hard-Core Drugs on the Job: Cops,https://www.youtube.com/watch?v=2JjU-0An4Ds,Law&Crime Network,https://www.youtube.com/channel/UCz8K1occVvDTYDfFo7N5EZw,2026-03-23T22:18:31.903Z,1508.0,27.323,27.323
DCD-The-3961| Hulu,https://www.youtube.com/watch?v=LL0C5kJkEYw,,,2026-03-23T22:18:26.161Z,29.0,5.742,5.742
Mom Blames Baby’s Death on Bogus Babysitter: Police,https://www.youtube.com/watch?v=GIwpQ9IBYN8,Law&Crime Network,https://www.youtube.com/channel/UCz8K1occVvDTYDfFo7N5EZw,2026-03-23T22:16:59.863Z,1708.0,86.298,86.298
PRIME-55368_TNG_First_Contact-Trailer_1920x1080_EN_44S_bar71bubbj_bar71bubbj.mp4,https://www.youtube.com/watch?v=LSnbuNrAXxk,,,2026-03-23T22:16:49.694Z,45.0,10.169,10.169
PRIME-55717_Ship Upgrades Walk-Thru_1920x1080_h264_d1gygxryns_d1gygxryns.mp4,https://www.youtube.com/watch?v=b2ScwXonld8,,,2026-03-23T22:16:14.837Z,39.0,34.857,34.857
ROK_V_EN_3D_上帝掷骰子吗(城市精英破产)_CB_253_1920x1080_53s_250821_NR_992149,https://www.youtube.com/watch?v=O3jYULsUm9U,,,2026-03-23T22:15:20.877Z,54.0,53.96,53.96
Mom Blames Son’s Death on Fake Medical Condition,https://www.youtube.com/watch?v=H4IoYPJuukU,Law&Crime Network,https://www.youtube.com/channel/UCz8K1occVvDTYDfFo7N5EZw,2026-03-23T21:50:38.095Z,1477.0,1482.782,1477.0
Unhinged Woman Throws Period Blood at Cops,https://www.youtube.com/watch?v=P-YUSh0UJuA,Law&Crime Network,https://www.youtube.com/channel/UCz8K1occVvDTYDfFo7N5EZw,2026-03-23T21:50:10.551Z,1231.0,27.544,27.544
https://www.youtube.com/watch?v=waaWMSWA-w0,https://www.youtube.com/watch?v=waaWMSWA-w0,,,2026-03-23T21:49:46.902Z,,23.649,23.649
Making sure no member feels alone,https://www.youtube.com/watch?v=7UfF-SJ-iig,,,2026-03-23T21:35:59.180Z,31.0,827.722,31.0
Bowlero Summer Season Pass: 10% Off For A Limited Time,https://www.youtube.com/watch?v=sL2pwFzA1-8,,,2026-03-23T21:35:42.748Z,16.0,16.432,16.0
Bodycam: Disturbing Drawings Revealed in Giggling Girls Murder Plot Case,https://www.youtube.com/watch?v=PX2rWgNMlAo,Law&Crime Network,https://www.youtube.com/channel/UCz8K1occVvDTYDfFo7N5EZw,2026-03-23T21:30:25.675Z,1214.0,317.073,317.073
Shortened: PTSLG_V_EN_3D_踩钉子剧情_CB_709_1920x1080_58s_251130_NR_1056065,https://www.youtube.com/watch?v=sCaa5eMb5bk,,,2026-03-23T21:24:45.845Z,55.0,339.83,55.0
Shortened: PRIME-53735_What Drive Us _34s_1920 x 1080_79pwowufvr_79pwowufvr.mp4,https://www.youtube.com/watch?v=dxii_hZCnYU,,,2026-03-23T21:02:47.664Z,27.0,1318.181,27.0
fz0688en1920x1080,https://www.youtube.com/watch?v=4CvoU99phTo,,,2026-03-23T21:02:21.265Z,25.0,26.399,25.0
FAT2D05907_EN_zzAIgg海浪桌合成棋子订单_1920x1080,https://www.youtube.com/watch?v=ebAgiCJEVu8,,,2026-03-23T21:02:06.190Z,5.0,15.075,5.0
16-Time Felon Writes Another Man's Name in Murder Victim's Blood | Karen Pannell Case Analysis,https://www.youtube.com/watch?v=yYYeGvuLjIU,Dr. Todd Grande,https://www.youtube.com/channel/UCC_0vyFTKk1Nlodo4QsiQkw,2026-03-23T20:55:58.489Z,783.0,367.701,367.701
Shortened: 348.TMC-sefa-nature-cat-black-LONG-16x9.mp4,https://www.youtube.com/watch?v=tj16wiW0ttM,,,2026-03-23T20:55:41.782Z,14.0,16.707,14.0
Shortened: MPY-55934_Pets Omelet - Scottie - Monopoly GO Pet Show_1920x1080_33s_C1_V4_r5350509w3_r53,https://www.youtube.com/watch?v=EsNZRM_9Oy8,,,2026-03-23T20:55:12.531Z,28.0,29.251,28.0
fz0633en1920x1080,https://www.youtube.com/watch?v=aWHaFyCBPQE,,,2026-03-23T20:48:17.284Z,44.0,415.247,44.0
TRT01809.HouseUpgradeSad.15Length_VER_v1_1920_1080_DUR_15S_LNG_ENGLBL.mp4,https://www.youtube.com/watch?v=iO4piCIKQhY,,,2026-03-23T20:48:01.170Z,16.0,16.114,16.0
FAT2D01962_EN_zz立体咖啡杯大西瓜清新版6s_1920x1080_CLS,https://www.youtube.com/watch?v=h_8AoF1aLEM,,,2026-03-23T20:47:45.166Z,7.0,16.004,7.0
Police Fail to Charge Wife-Killing Husband After Fatal Bullet Passes Through His Own Hand | Analysis,https://www.youtube.com/watch?v=wbllNDp4-_Y,Dr. Todd Grande,https://www.youtube.com/channel/UCC_0vyFTKk1Nlodo4QsiQkw,2026-03-23T20:41:01.764Z,771.0,403.402,403.402
Shortened: sh0001ben1920x1080,https://www.youtube.com/watch?v=DJvHLloHLTQ,,,2026-03-23T20:40:52.567Z,7.0,9.197,7.0
Shortened: 366.TMC-Osman-tasev-rockingcat-LONG-16x9.mp4,https://www.youtube.com/watch?v=ImALOdoP9AE,,,2026-03-23T20:40:38.298Z,14.0,14.269,14.0
A family man driven to help families.,https://www.youtube.com/watch?v=OJ9ckYvMZec,,,2026-03-23T20:32:16.620Z,31.0,501.678,31.0
Did School Principal Hire Potato-Wielding Assassin to Avoid Child Support? | Jocelyn Peters Analysis,https://www.youtube.com/watch?v=2pFq586p7W4,Dr. Todd Grande,https://www.youtube.com/channel/UCC_0vyFTKk1Nlodo4QsiQkw,2026-03-23T20:26:24.249Z,773.0,352.371,352.371
cd0684en1920x1080,https://www.youtube.com/watch?v=3su5c970xM4,,,2026-03-23T20:25:21.603Z,60.0,62.646,60.0
Shortened: GOF3D8386_EN_FZ混剪-解说轻松经营_1920x1080,https://www.youtube.com/watch?v=8xWmyKd7vRw,,,2026-03-23T20:24:49.637Z,32.0,31.966,31.966
Waited 40 Minutes to Call 911: What Mom and Boyfriend Told Police Happened to Toddler,https://www.youtube.com/watch?v=5M9k3xL9FMY,Grizzly True Crime,https://www.youtube.com/channel/UCY04IfK5QlS8nWDU22bEXig,2026-03-23T20:24:11.955Z,4337.0,37.682,37.682
MPY-45106_Vidsy repurpose 14 - Dec 1920x1080-V2_ktmbzx2glf_ktmbzx2glf.mp4,https://www.youtube.com/watch?v=xeZAyleM7ZM,,,2026-03-23T20:24:04.306Z,21.0,7.649,7.649
Drunk Mom Flees Hit-and-Run with Kids Inside the Car,https://www.youtube.com/watch?v=mmyR_SIC3LM,Daily Dose Of Crime,https://www.youtube.com/channel/UCrOKDAUB-iL2wLzZdRN7xgA,2026-03-23T19:58:17.255Z,1239.0,1547.051,1239.0
TRT01904.FreezingChoicesSnow.Xmas.CoBo_1920_1080_DUR_59S_LNG_ENGLBL_VER_v1.mp4,https://www.youtube.com/watch?v=K5E76KXl9hM,,,2026-03-23T19:57:14.627Z,60.0,62.628,60.0
YL143_EN_P102(169)【THE ANTS: UNDERGROUND KINGDOM】,https://www.youtube.com/watch?v=Cayn8VvpLfw,,,2026-03-23T19:35:31.922Z,50.0,1302.705,50.0
[1151]_Gameplay-Comment-Desert-Shark_1920x1080_EN_43s.mp4,https://www.youtube.com/watch?v=MPnTzmVQ4ZI,,,2026-03-23T19:34:47.149Z,44.0,44.773,44.0
Shortened: EM 10004 Video NA RunEscape Gunshot X7V5 Nor R F NA EN A bluedemo,https://www.youtube.com/watch?v=gX_ixXKd39Y,,,2026-03-23T19:34:37.885Z,7.0,9.264,7.0
Parents' Drug Business Kills Their Own Baby,https://www.youtube.com/watch?v=mh0fdVioxRE,Daily Dose Of Crime,https://www.youtube.com/channel/UCrOKDAUB-iL2wLzZdRN7xgA,2026-03-23T19:22:13.359Z,1482.0,744.526,744.526
What's Rarer Than The Perfect Breakup?,https://www.youtube.com/watch?v=H075cuv1IYU,,,2026-03-23T19:22:05.271Z,16.0,8.088,8.088
fz1090den1920x1080,https://www.youtube.com/watch?v=cwDkP7PcccM,,,2026-03-23T19:21:57.615Z,7.0,7.656,7.0
Regina King: In the Frame,https://www.youtube.com/watch?v=LRLcN-8r1xA,,,2026-03-23T19:11:12.039Z,142.0,645.576,142.0
Z Route: Redemption,https://www.youtube.com/watch?v=LferHRiIWkc,,,2026-03-23T19:01:52.720Z,54.0,559.319,54.0
PRIME-56870_Ship Upgrades Walk-Thru_Kelvin Iteration_EN_1920x1080_38s_v2_zk9mtuyf98_zk9mtuyf98.mp4,https://www.youtube.com/watch?v=joPgNdFH_UU,,,2026-03-23T18:47:44.339Z,39.0,848.381,39.0
FAT2D05902_EN_zzAIgg合成圣诞棋子订单_1920x1080,https://www.youtube.com/watch?v=cvl7sCRWP3A,,,2026-03-23T18:47:05.118Z,5.0,39.221,5.0
Colorfest_HairColor_16x9_6s,https://www.youtube.com/watch?v=B9ZjCJ0y7Ec,,,2026-03-23T18:46:57.806Z,7.0,7.312,7.0
How Police Captured Florida’s Most Twisted Killer,https://www.youtube.com/watch?v=QVRBvUMGQt8,Stranger Stories,https://www.youtube.com/channel/UCRJK1_ZvsdqmGmz4pYYlFTQ,2026-03-23T18:37:13.980Z,3003.0,583.826,583.826
DM121_EN_P102(169)【THE ANTS: UNDERGROUND KINGDOM】,https://www.youtube.com/watch?v=_JXl_irkc2U,,,2026-03-23T18:36:54.739Z,34.0,19.241,19.241
Shortened: Toon Blast - Fossilbug-boardaccomp 30s L,https://www.youtube.com/watch?v=KZvKeYnZcuA,,,2026-03-23T18:36:37.102Z,17.0,17.637,17.0
Food Lion: Balance,https://www.youtube.com/watch?v=cqkPqykPqw0,,,2026-03-23T18:36:13.342Z,16.0,23.76,16.0
EJ JOHNSON SAID HE LOOKS BETTER THAN WOMEN & HE DON'T DATE STRAIGHT MEN #Relationship #viralvideo ,https://www.youtube.com/watch?v=81f-c3GZzD4,Rebeca Pope,https://www.youtube.com/channel/UCY_nJVN-hd-C_DYjVUoBj-A,2026-03-23T18:33:03.024Z,1736.0,190.318,190.318
Keith Washington on Almost Fighting Martin Lawrence TWICE… Then Getting Cast on “MARTIN”,https://www.youtube.com/watch?v=E4BePwBG1Gk,Wild Moguls TV,https://www.youtube.com/channel/UC8iErW1RXcVRovaso3Iq02g,2026-03-23T18:23:23.705Z,569.0,579.319,569.0
PTSLG_V_EN_3D_精灵抓捕器_CB_709_1920x1080_49s_260225_NR_1113677,https://www.youtube.com/watch?v=ksf0evpgyAU,,,2026-03-23T18:15:35.417Z,50.0,468.288,50.0
Shortened: Z Route: Redemption,https://www.youtube.com/watch?v=Wu4_kVMHofc,,,2026-03-23T18:15:15.750Z,50.0,19.667,19.667
FAT2D05909_EN_zzAIgg咖啡馆合成棋子订单_1920×1080,https://www.youtube.com/watch?v=FolRmKDm58k,,,2026-03-23T18:15:09.135Z,5.0,6.615,5.0
Puzzles & Survival,https://www.youtube.com/watch?v=K2cVFKtoQDA,,,2026-03-23T17:59:23.429Z,39.0,945.706,39.0
5 Lazy One-Pan Dinners for When You're Too Tired to Cook | Allrecipes,https://www.youtube.com/watch?v=9FFAGAYxqOQ,Allrecipes,https://www.youtube.com/channel/UC4tAgeVdaNB5vD_mBoxg50w,2026-03-23T17:57:44.736Z,917.0,98.693,98.693
Killer Realizes He Must Escape From The Interrogation Room,https://www.youtube.com/watch?v=NWB2-nJ-Ivw,Real Crime Psychology,https://www.youtube.com/channel/UCtcZjqb3O-Z98E8_1wXX-_Q,2026-03-23T17:57:17.599Z,1321.0,27.137,27.137
Joseph & Kendra Duggar Arrest FALLOUT Gets Worse! No Contact Orders ISSUED!,https://www.youtube.com/watch?v=Tu_vG2TYgdA,Without A Crystal Ball,https://www.youtube.com/channel/UCqW9ZAW0ZNqfWo9PZ3OX4Fg,2026-03-23T17:48:15.021Z,1362.0,542.578,542.578
"The Bachelorette Cancelled? Taylor Franke Paul criminal case, custody and what happens now.",https://www.youtube.com/watch?v=kCCH5iCCYxk,The Emily Show,https://www.youtube.com/channel/UC7pGyYaOMsJv1tlPNBgAG2Q,2026-03-23T17:45:51.124Z,3607.0,143.897,143.897
1SKP0984000H Ask SKP OLV 16x9 15,https://www.youtube.com/watch?v=GQNJZJxOyso,,,2026-03-23T17:45:46.733Z,16.0,4.391,4.391
6 Kids 1 Storage unit : Mother & Father secret Exposed after someone heard their 2 month old UPDATE,https://www.youtube.com/watch?v=YopLAU0FX5k,Carlus King,https://www.youtube.com/channel/UC7eYxt-UPz5fPlDcNCg8lBA,2026-03-23T17:44:56.875Z,3276.0,49.858,49.858
MPY-57670_Pets Blue Steel Scottie with Craig VO Iteration_1920x1080_v06_gb7xvjxwem_gb7xvjxwem.mp4,https://www.youtube.com/watch?v=iqCx2qSmRzc,,,2026-03-23T17:44:49.453Z,18.0,7.422,7.422
369.TMC-KB-designer-cat-LONG-16x9.mp4,https://www.youtube.com/watch?v=AhmjThOq5nU,,,2026-03-23T16:52:15.973Z,60.0,3153.48,60.0
Shortened: MPY-57670_Pets Blue Steel Scottie with Craig VO Iteration_1920x1080_v06_gb7xvjxwem_gb7xvj,https://www.youtube.com/watch?v=jXTBLVb0Mxs,,,2026-03-23T16:52:11.649Z,16.0,4.324,4.324
4 U.S. POLICEWOMEN Sentenced to Life for MURDER | Full List & Shocking Crimes,https://www.youtube.com/watch?v=pHjJkEtKnOo,Human & Crime,https://www.youtube.com/channel/UCyAruy8JvsMcEdYC5orAMgg,2026-03-23T16:47:41.622Z,1545.0,270.027,270.027
"593-2725_Warhammer-40,000:-Tacticus_1920x1080_16sec_en_itunes",https://www.youtube.com/watch?v=NFy-6Lo9eYo,,,2026-03-23T16:46:28.867Z,16.0,72.755,16.0
GOF3D8310_EN_FZ玩法-自动塔防交易_1920x1080,https://www.youtube.com/watch?v=sh2Qltl3fLw,,,2026-03-23T16:33:34.147Z,64.0,774.72,64.0
CORRUPT FEMALE POLICE OFFICERS Sentenced to LIFE in PRISON | Full List & Shocking Details,https://www.youtube.com/watch?v=TI1jMX-2_lY,Human & Crime,https://www.youtube.com/channel/UCyAruy8JvsMcEdYC5orAMgg,2026-03-23T15:58:34.538Z,1568.0,2099.609,1568.0
P901_AI_FQ_003_01_169-JP.mp4,https://www.youtube.com/watch?v=RyY8UiU2lzQ,,,2026-03-23T15:58:04.902Z,48.0,29.636,29.636
Makeup Artist Quick Look UK -  Landscape,https://www.youtube.com/watch?v=T3WeecVgIfo,,,2026-03-23T15:57:44.912Z,102.0,19.99,19.99
Maga Is Yearning For The Good Old Days of Barack Obama,https://www.youtube.com/watch?v=7MWOBvLmu2E,Reese Waters,https://www.youtube.com/channel/UCCcr-MvAMettt8yktc9t4ag,2026-03-23T15:46:02.595Z,2258.0,702.317,702.317
DSG Brand Sporthood Laundry 16x9,https://www.youtube.com/watch?v=daIeaTTKRJE,,,2026-03-23T15:45:18.705Z,16.0,43.89,16.0
v3HOR3248zen51SZSV_1280x720_PS,https://www.youtube.com/watch?v=YvbWnjCkwBg,,,2026-03-23T15:45:15.024Z,52.0,3.681,3.681
Puzzles & Chaos,https://www.youtube.com/watch?v=aYPQiBTJUv8,,,2026-03-23T15:37:17.375Z,,477.649,477.649
Shortened: cd0070en1920x1080,https://www.youtube.com/watch?v=PwrtaT9roYI,,,2026-03-23T15:33:31.488Z,39.0,225.887,39.0
Shortened: EN_UC_RF2_HINTBOARD_1920x1080,https://www.youtube.com/watch?v=XjFxBfnU35E,,,2026-03-23T15:33:23.737Z,7.0,7.751,7.0
250707_bumper+e6s-top7+e6s_en_ZW_1920x1080.mp4,https://www.youtube.com/watch?v=O7BdVLDUxm4,,,2026-03-23T15:33:16.392Z,7.0,7.345,7.0
Entitled Woman REFUSES to Pay Her Own Tab at  Hotel,https://www.youtube.com/watch?v=AnbuSOoBlDQ,NESNAS BODYCAM,https://www.youtube.com/channel/UCzlAOnMzcBP852R-KBTBTIw,2026-03-23T15:18:34.841Z,1564.0,881.551,881.551
FC BubblePopWins EN 1920x1080,https://www.youtube.com/watch?v=ooG_uB4AEWM,,,2026-03-23T15:18:05.194Z,28.0,29.647,28.0
"Introducing: Gatorade Lower Sugar. No artificial flavors, sweeteners, or colors.",https://www.youtube.com/watch?v=qtHbkb9koFE,,,2026-03-23T15:17:31.607Z,16.0,33.587,16.0
"Disney+, Hulu Bundle",https://www.youtube.com/watch?v=pL8yFuqUx3g,,,2026-03-23T15:17:23.990Z,31.0,7.617,7.617
u3UGC4076zen37SZJA_1280x720_PS,https://www.youtube.com/watch?v=8-8VOmUmeYY,,,2026-03-23T15:04:32.151Z,38.0,771.839,38.0
[0483]_Tier-List_1920x1080_EN_30s.mp4,https://www.youtube.com/watch?v=9Booi-uSsrA,,,2026-03-23T15:04:00.810Z,30.0,31.341,30.0
FAT2D01420_EN_zz厨房寻物换人换风格混剪6s_1920x1080_CLS,https://www.youtube.com/watch?v=ApOLPvihFDM,,,2026-03-23T15:03:52.956Z,7.0,7.854,7.0
Entitled Cop Loses It After Realizing She’s Going to Prison,https://www.youtube.com/watch?v=TTPi8ksaW2A,Crime Spree,https://www.youtube.com/channel/UCu5j2Qvdj0_-GYuOZFp6d2A,2026-03-23T14:49:42.223Z,2429.0,850.733,850.733
Famous RAPPER K!lls His Auntie After GETTING Her Pregnant ??,https://www.youtube.com/watch?v=NFme_7E5U8Q,Homicide Crime ,https://www.youtube.com/channel/UCbEmNEavTTLKn8S3NaVTDyw,2026-03-23T14:48:49.347Z,1332.0,52.876,52.876
Bundle and save,https://www.youtube.com/watch?v=VnpPKNG8UnA,,,2026-03-23T14:48:37.585Z,31.0,11.762,11.762
Corrupt Sheriff Gets EXPOSED And ARRESTED By State Police And The Feds!,https://www.youtube.com/watch?v=gCKwVR6t2ks,Audit the Audit,https://www.youtube.com/channel/UCc-0YpRpqgA5lPTpSQ5uo-Q,2026-03-23T14:48:24.290Z,1307.0,13.295,13.295
Freecash Miri 015 TileReleasePuzzle EN 1920x1080 21112025,https://www.youtube.com/watch?v=uHUr4PBrcss,,,2026-03-23T14:48:18.857Z,30.0,5.433,5.433
Cop’s Wife Realizes He Knows About Her Affair,https://www.youtube.com/watch?v=D8LeObvtB0Q,Red Tree Crime,https://www.youtube.com/channel/UCaSOD17PCFgtDq5wwSYzK9g,2026-03-23T14:47:45.216Z,1461.0,33.641,33.641
Z Route: Redemption,https://www.youtube.com/watch?v=ReX8ky5LV50,,,2026-03-23T14:47:34.427Z,37.0,10.789,10.789
MI L 060624 01 Vortex EN 30sec,https://www.youtube.com/watch?v=VT9WAvsEVsw,,,2026-03-23T14:47:02.839Z,30.0,31.588,30.0
DS V 055 002 MagicalMoments EN 45s 1920x1080,https://www.youtube.com/watch?v=cwL5DkiBlgQ,,,2026-03-23T14:27:41.898Z,46.0,1160.941,46.0
1314824,https://www.youtube.com/watch?v=3oHJu4mtssw,,,2026-03-23T14:27:34.220Z,6.0,7.678,6.0
How This Deputy's Wife's Lies Ended His Police Career,https://www.youtube.com/watch?v=6YfX2S_YDKk,MrBroken,https://www.youtube.com/channel/UCgG28RTH48Imf8feEUycW8A,2026-03-23T14:11:11.531Z,2072.0,982.689,982.689
When Movie Stars Humiliated Other Stars In Front of Everyone,https://www.youtube.com/watch?v=PvfJCkIk71c,Movie Rockstar,https://www.youtube.com/channel/UCo_XbucNz1018ouzp5_3GXA,2026-03-23T14:08:54.007Z,1099.0,137.524,137.524
30 Easy Meals '50s Housewives Made Without a Recipe (That Have Disappeared!),https://www.youtube.com/watch?v=qabeTRuRdN4,Vintage Lifestyle USA,https://www.youtube.com/channel/UC0XC157d6hGE1OOqSN4R8gg,2026-03-23T14:08:30.635Z,3644.0,23.372,23.372
Now streaming,https://www.youtube.com/watch?v=16p7Vf8uBoc,,,2026-03-23T14:06:26.056Z,41.0,124.579,41.0
FAT2D04635_EN_zz果汁杯大西瓜餐厅订单条多阶棋子叠加摆放L版试玩转视频6s_1920x1080,https://www.youtube.com/watch?v=SdePMV98tT4,,,2026-03-23T13:55:27.374Z,7.0,658.682,7.0
Top 50 Actors EVERYONE Lost Respect For,https://www.youtube.com/watch?v=r7GLWqg-r1s,WatchMojo.com,https://www.youtube.com/channel/UCaWd5_7JhbQBe4dknZhsHJg,2026-03-23T13:37:51.828Z,2664.0,1055.546,1055.546
OLD0035 MergingAndCounting IT002 V002 1920x1080 04092025 EN US 15sec,https://www.youtube.com/watch?v=k0NgVHwNUT4,,,2026-03-23T13:36:44.553Z,15.0,67.275,15.0
DMV senior hand dancers channel Tuesday  Nov 4th 2025 celebrating Dj Diamond birthday ,https://www.youtube.com/watch?v=R2T1j9XIwSY,ernest gist,https://www.youtube.com/channel/UCGU4wryifE8nSnGI2RZwFXQ,2026-03-23T13:35:39.524Z,13080.0,65.029,65.029
BLACK AMERICA SHUTS DOWN A WH1T£ BUSINESS AFTER THIS HAPPENED,https://www.youtube.com/watch?v=drX1jD0xiPg,PRINCESS SERA,https://www.youtube.com/channel/UCWe3b0VifmZoUem0L22W90w,2026-03-23T13:35:21.509Z,2157.0,18.015,18.015
Afroman - Will You Help Me Repair My Door (OFFICIAL MUSIC VIDEO),https://www.youtube.com/watch?v=oponIfu5L3Y,ogafroman,https://www.youtube.com/channel/UCOMyvChDhKil0KvJoIHyx6Q,2026-03-23T13:34:34.501Z,362.0,47.008,47.008
EJ Johnson Says He Prefers Straight Men — Social Media Says He’s Competing With Women,https://www.youtube.com/watch?v=kVXIcVcOdr0,Cessa Spills,https://www.youtube.com/channel/UC20CHgKshnNYa9lU4exBhaQ,2026-03-23T13:32:27.420Z,,127.081,127.081
🔴 Heavy Rain and Thunder Sounds for Sleeping - Black Screen 💧| Pure Relaxation Sounds 💧,https://www.youtube.com/watch?v=zXgLsUK_5dk,Rainy Cabin ASRM,https://www.youtube.com/channel/UCD99VpV7R5YJlr64KIdWhiw,2026-03-23T10:38:02.222Z,10869.0,10465.198,10465.198
30 CHEAP American Lunch Recipes From The 1950s!,https://www.youtube.com/watch?v=_MGdRPTXaIc,America Nostalgia,https://www.youtube.com/channel/UCPyXgBceri7IB8aLudXpBBg,2026-03-23T09:15:54.375Z,4923.0,4927.847,4923.0
Instagram Teen Accounts,https://www.youtube.com/watch?v=DcSVDtdbLw8,,,2026-03-23T09:02:56.444Z,31.0,777.931,31.0
My Knight - The General 06s ENG,https://www.youtube.com/watch?v=p0Y6VedwrgA,,,2026-03-23T09:02:48.831Z,7.0,7.613,7.0
Aussie Miracle Curls,https://www.youtube.com/watch?v=_rRJtUpP6Gc,,,2026-03-23T09:02:41.771Z,7.0,7.06,7.0
10 Ground Beef Recipes That Really Should Return RIGHT NOW!,https://www.youtube.com/watch?v=4r-L87_AMYM,Prof. Nostalgia,https://www.youtube.com/channel/UCUVT5d0L7AjnRHPglLgzvLQ,2026-03-23T08:52:27.538Z,1336.0,614.233,614.233
Lindt LINDOR 'Melt into your moment JWD' introducing Pistachio - 15s,https://www.youtube.com/watch?v=E_qNlnE1EIk,,,2026-03-23T08:52:10.356Z,16.0,17.182,16.0
Tony Hawk x Cancerguard | I don't want to miss a second,https://www.youtube.com/watch?v=VktQjAwB-K0,,,2026-03-23T08:51:52.012Z,18.0,18.344,18.0
30 Recipes From Old Campbell’s Cookbooks That We Don't Make Anymore,https://www.youtube.com/watch?v=Tpt7SCimOhY,America Nostalgia,https://www.youtube.com/channel/UCPyXgBceri7IB8aLudXpBBg,2026-03-23T07:41:19.491Z,4227.0,4232.521,4227.0
Chick-fil-A | GM | Yee Haw Ranch V2 | :15 | OLV,https://www.youtube.com/watch?v=44L7on134z0,,,2026-03-23T07:41:00.863Z,16.0,18.628,16.0
1ASO2325000HD16 ASO Spring LightsOff 15 16x9 ENG OLV HD,https://www.youtube.com/watch?v=ouDtQKCeu1s,,,2026-03-23T07:40:44.262Z,16.0,16.601,16.0
Freecash Miri 016 WordGame EN 1920x1080 21112025,https://www.youtube.com/watch?v=TUUBQnhlo4E,,,2026-03-23T07:28:13.034Z,30.0,751.228,30.0
Introducing CeraVe's New Face of Legs,https://www.youtube.com/watch?v=2PqH__lN0l8,,,2026-03-23T07:27:16.891Z,31.0,56.143,31.0
15 Best Canned Foods To STOCKPILE Before SHTF,https://www.youtube.com/watch?v=eewAh2LNxyc,Prepper Base,https://www.youtube.com/channel/UCsP3-6ptyMVWaXnlcbziPzQ,2026-03-23T07:15:21.816Z,1434.0,715.075,715.075
Viking Rise: Survival - Ride Through Heavens and Earth,https://www.youtube.com/watch?v=NLCD4d-5Vr8,,,2026-03-23T07:15:09.294Z,11.0,12.522,11.0
12 EndcardJessa2 25v2Landscape,https://www.youtube.com/watch?v=JmqqBbk00I4,,,2026-03-23T07:14:26.050Z,43.0,43.244,43.0
FSA Store - Ready Set - Evergreen OhNo - 30s - 16x9 - 1080p,https://www.youtube.com/watch?v=Tu0MZi4Wy4M,,,2026-03-23T07:02:22.297Z,31.0,723.753,31.0
The New Double Wear Foundation,https://www.youtube.com/watch?v=jkJRHKvDS_c,,,2026-03-23T07:02:05.761Z,16.0,16.536,16.0
11 Canned Foods You Should Buy And 9 You Shouldn't,https://www.youtube.com/watch?v=xvZ4UEDtNXM,Food Fear Factor,https://www.youtube.com/channel/UCHgUNQAzmCRi5p3U5qqln7w,2026-03-23T06:48:38.231Z,1454.0,807.53,807.53
Shortened: GOT3D770_EN_FZT2峰回路转-西部版_国王_1920x1080,https://www.youtube.com/watch?v=TLJ7mgmg8fE,,,2026-03-23T06:48:22.887Z,14.0,15.344,14.0
11 EndcardMark2 25v1Landscape,https://www.youtube.com/watch?v=Gw8EiF-irVE,,,2026-03-23T06:47:42.245Z,40.0,40.642,40.0
Every Body Pilates - Your Name - :10,https://www.youtube.com/watch?v=c2aPF_tJrZg,,,2026-03-23T06:34:17.145Z,11.0,805.1,11.0
Always Pocket Flexfoam,https://www.youtube.com/watch?v=ZGFbZuV7M08,,,2026-03-23T06:34:01.230Z,16.0,15.915,15.915
31 Foods To STOCKPILE That NEVER EXPIRE!,https://www.youtube.com/watch?v=z0uctNqpWes,Food Fear Factor,https://www.youtube.com/channel/UCHgUNQAzmCRi5p3U5qqln7w,2026-03-23T06:21:08.839Z,1486.0,772.391,772.391
BATTERAM HYMN OF THE POLICE WHISTLE BLOWER,https://www.youtube.com/watch?v=HM8Ee6pcXvQ,ogafroman,https://www.youtube.com/channel/UCOMyvChDhKil0KvJoIHyx6Q,2026-03-23T06:19:13.027Z,318.0,115.812,115.812
My husband cooking delicious meal for my birthday 🤩,https://www.youtube.com/watch?v=O8npJdPFV3k,Hair Tutorials & Lifestyle ,https://www.youtube.com/channel/UCVzuCrhVoIYdklGjq4suBqw,2026-03-23T06:18:02.423Z,482.0,70.604,70.604
Budweiser | American Icons - Pour,https://www.youtube.com/watch?v=eD17m593oQE,,,2026-03-23T06:16:14.285Z,7.0,108.138,7.0
Stephen King's Needful Things: The Complete Novel Cut,https://www.youtube.com/watch?v=icaNXvzGNbg,Brick Bardo,https://www.youtube.com/channel/UC5N8-EPYT_MAIQ0OyMg203g,2026-03-23T03:41:56.555Z,11181.0,9257.73,9257.73
The Most Relaxing Nature Facts to Fall Asleep To,https://www.youtube.com/watch?v=X7vppWw1Qug,Sleepy Science Channel,https://www.youtube.com/channel/UCNZegH5HQPx_chNsPqJw1Rw,2026-03-23T03:41:01.314Z,7201.0,55.241,55.241
https://www.youtube.com/watch?v=21rHeEI7NB8,https://www.youtube.com/watch?v=21rHeEI7NB8,,,2026-03-23T03:40:16.812Z,,44.502,44.502
"Magic Johnson's DELUSIONAL Son Thinks He's Better Than REAL Women & Only Dates ""STRAIGHT"" Men",https://www.youtube.com/watch?v=2_tRVYPdO_I,Pink Book Lessons,https://www.youtube.com/channel/UCWZF_uk1dIBR9b322G4ZINA,2026-03-23T03:39:08.821Z,684.0,67.991,67.991
40% Off Spring | Spring Outdoor Digital Ad | Hobby Lobby® | 15s,https://www.youtube.com/watch?v=MJcpVGiXR7s,,,2026-03-23T03:39:04.462Z,16.0,4.359,4.359
11 EndcardMark2 25v1Landscape,https://www.youtube.com/watch?v=Gw8EiF-irVE,,,2026-03-23T03:38:58.109Z,40.0,6.353,6.353
Toon Blast - Bottle3x3blue-craterescue-elephant 51s L,https://www.youtube.com/watch?v=gerSX_m1Iec,,,2026-03-23T03:28:48.747Z,51.0,609.362,51.0
P901_AI_FQ_003_01_169-JP.mp4,https://www.youtube.com/watch?v=RyY8UiU2lzQ,,,2026-03-23T03:28:00.007Z,48.0,48.74,48.0
Shortened: EN_UC_RF2_HINTBOARD_1920x1080,https://www.youtube.com/watch?v=XjFxBfnU35E,,,2026-03-23T03:27:52.304Z,7.0,7.703,7.0
2714_dy_en,https://www.youtube.com/watch?v=mrHhXoURvxo,,,2026-03-23T03:13:56.204Z,23.0,836.1,23.0
"Nadula - Glueless wigs, pre-everything",https://www.youtube.com/watch?v=IW7rFdnVtrU,,,2026-03-23T03:13:43.769Z,11.0,12.435,11.0
Move at Your Pace with U Box Containers by U-Haul,https://www.youtube.com/watch?v=WnoGlWzrV5M,,,2026-03-23T03:13:27.414Z,16.0,16.355,16.0
I bet once you download TREAT you won't be able to stop playing 16x9,https://www.youtube.com/watch?v=PJ0W8Y67OVs,,,2026-03-23T03:00:47.286Z,31.0,760.128,31.0
Shortened: Toon Blast - Ballpool-wall 30s L,https://www.youtube.com/watch?v=-L5k7tuFmM4,,,2026-03-23T03:00:30.892Z,16.0,16.394,16.0
Good Night Care | Philips Sonicare,https://www.youtube.com/watch?v=yyPWWWpEjPY,,,2026-03-23T03:00:14.330Z,15.0,16.562,15.0
ROK_V_EN_3D_上帝掷骰子吗(城市精英破产)_CB_253_1920x1080_53s_250821_NR_992149,https://www.youtube.com/watch?v=O3jYULsUm9U,,,2026-03-23T02:46:39.727Z,54.0,814.603,54.0
Craving Cane’s?,https://www.youtube.com/watch?v=j4l9jv-_4_k,,,2026-03-23T02:46:07.973Z,31.0,31.754,31.0
VRC ONLY - Revolve Los Angeles Drop1 CTV 6sec 1280x670 1 91 Logo,https://www.youtube.com/watch?v=LOeUfllCwZY,,,2026-03-23T02:46:00.231Z,6.0,7.742,6.0
UT v Kouri Richins - Todd Gabler - Private Investigator,https://www.youtube.com/watch?v=WhPU0Bqg2xo,courtCHOPT,https://www.youtube.com/channel/UC7KLoXfqO_VIVv9-y-D7StQ,2026-03-23T02:27:52.695Z,4154.0,1087.536,1087.536
Bowlero Summer Season Pass: 10% Off For A Limited Time,https://www.youtube.com/watch?v=sL2pwFzA1-8,,,2026-03-23T02:27:34.920Z,16.0,17.775,16.0
Less Work More Life 16x9 15s,https://www.youtube.com/watch?v=Efi2fMBwBzk,,,2026-03-23T02:27:18.271Z,15.0,16.649,15.0
40% Off Easter | Easter Decor & Party | Hobby Lobby® | 15s VI,https://www.youtube.com/watch?v=Jp0z0hVthuM,,,2026-03-23T02:26:55.704Z,15.0,22.567,15.0
#funny #relatable #trending #viral #comedy,https://www.youtube.com/watch?v=gN2sN1qSig0,Blog Babe Cy,https://www.youtube.com/channel/UCGOCMGZpZOY9Zo2voR7jIcw,2026-03-23T02:22:58.074Z,7.0,237.63,7.0
It’s a man bonnet!🙄 #durag #bonnet #relationship #reality #marriedlife,https://www.youtube.com/watch?v=shIgK1aypOI,Bam and Bri Nation,https://www.youtube.com/channel/UCNSDwPm_DMBEdDg7taw2_KA,2026-03-23T02:22:42.185Z,20.0,15.889,15.889
I SCRUMPT! #dermreacts  #skincare  #dermatologist #dermangelo  #reactionvideo,https://www.youtube.com/watch?v=OWfKm7En1B0,DermAngelo,https://www.youtube.com/channel/UCu0V4K1jf8cISkIzpi77p9Q,2026-03-23T02:22:28.851Z,12.0,13.334,12.0
it’s either one or the other fr.. smh #reels #relatable #foryou #fyp #subscribe,https://www.youtube.com/watch?v=MfCrrJoxqaI,KD ,https://www.youtube.com/channel/UCgFpImChKNfB_TbQUVdzcmw,2026-03-23T02:22:22.411Z,7.0,6.44,6.44
Waffle Fries Philly Cheese Steak😋 #shorts #food #foodie,https://www.youtube.com/watch?v=9cPyks-E6O4,Foodiekiiing,https://www.youtube.com/channel/UClxiwY6-rgBw-VShh2WTG7Q,2026-03-23T02:21:54.717Z,24.0,27.694,24.0
Everyone arrived 3 hours later and stayed until 2am 😅,https://www.youtube.com/watch?v=bAMl9yTHWeA,Nika Diwa,https://www.youtube.com/channel/UCLgfFZSlXoqXP9ffypynkew,2026-03-23T02:21:46.065Z,7.0,8.652,7.0
what if it was the other way around? 🤨‼️ #relationships #couplecomedy #funny #relatable,https://www.youtube.com/watch?v=fNQFT93_23U,The OT Love Train,https://www.youtube.com/channel/UCVYa_MSgARc9cL75RPjUu_w,2026-03-23T02:21:34.654Z,8.0,11.411,8.0
#fypシ゚viral #relatable #simplykyyy #recommended #jokes #viral #funny,https://www.youtube.com/watch?v=kfQa7a2hsrA,LifewithKyyy,https://www.youtube.com/channel/UCVKe_abDliJ99hdv4BylmZA,2026-03-23T02:21:32.132Z,7.0,2.522,2.522
"January 2, 2026",https://www.youtube.com/watch?v=55cuzTxAH1c,Kevin Clark,https://www.youtube.com/channel/UCJmUvmJp07s9dvDcBQHoKXg,2026-03-23T02:21:20.588Z,10.0,11.544,10.0
Cardi B #shorts #song #music #rapper,https://www.youtube.com/watch?v=eFQG5kZiHYw,Oliver Igwe C,https://www.youtube.com/channel/UCHC0jeZbOXxwgWIZoBqRRLg,2026-03-23T02:21:05.671Z,,14.917,14.917
Dad to the rescue 🤣 #fyp #shorts #funnyshorts #comedyshorts #couple #coupleshorts #funnycouple,https://www.youtube.com/watch?v=EzlcdUoW3h0,Trev_Gee,https://www.youtube.com/channel/UC5Iy0Fx9c9vhhDw3dkJA4xQ,2026-03-23T02:20:50.483Z,11.0,15.188,11.0
WAIT FOR THE END🤣 ​⁠Who remembers this video?😂 @RegalNoise #hannahandregal #prank #couple #comedy,https://www.youtube.com/watch?v=vT150T6_c2M,Hannah & Regal,https://www.youtube.com/channel/UCI3-NzrXWEAYrbPX4Uxk8qA,2026-03-23T02:20:33.714Z,16.0,16.769,16.0
#fypシ゚viral #funnyshorts #instagram #youareoneofakind #virlfunnyvideo #lionking,https://www.youtube.com/watch?v=zj2XUoNDzyE,BCBSAVAGE,https://www.youtube.com/channel/UC7awihE0U9FGfSyye521N7Q,2026-03-23T02:20:10.455Z,23.0,23.259,23.0
"She want to be made at me, nah I’m going to make sure you talk to me. @#therushings",https://www.youtube.com/watch?v=lmLZFksclxA,TheRushingsWorld,https://www.youtube.com/channel/UCbC6yE4kVi4_Aqm9TAO6Duw,2026-03-23T02:19:53.506Z,14.0,16.949,14.0
Guess The Artist : Ice Spice,https://www.youtube.com/watch?v=AMe0hjq9yYc,Dumblit TV,https://www.youtube.com/channel/UCO1JmgZMV-sfttnyGoOVDsg,2026-03-23T02:19:16.283Z,27.0,37.223,27.0
Anybody else do this when they order food for delivery?,https://www.youtube.com/watch?v=ds1bommlwrQ,Forking Around,https://www.youtube.com/channel/UCoiG6BKAPpaM10n3MZHJLcw,2026-03-23T02:18:36.975Z,39.0,39.308,39.0
“marrying the quiet girl would be boring”,https://www.youtube.com/watch?v=DpzOAWvXin4,Kristy Sarah,https://www.youtube.com/channel/UCFgRHRh1tx4eDNSQHgCGS5g,2026-03-23T02:17:04.957Z,34.0,92.018,34.0
GUESS THE SONG 🔬,https://www.youtube.com/watch?v=wB-W9BvCIMg,Dumblit TV,https://www.youtube.com/channel/UCO1JmgZMV-sfttnyGoOVDsg,2026-03-23T02:16:39.859Z,73.0,25.098,25.098
Dogs Favorite Word,https://www.youtube.com/watch?v=afHt49p03Rc,ROUNDUP,https://www.youtube.com/channel/UCd2TgLdH4H-f8M-M952Sbfg,2026-03-23T02:16:36.352Z,52.0,3.507,3.507
Delicious food #yummy #food,https://www.youtube.com/watch?v=QNNTbZ9nD1A,KTravel,https://www.youtube.com/channel/UCMwKMUKobS0vv5VZSnI9VHg,2026-03-23T02:16:05.318Z,29.0,31.034,29.0
They are not interested in you 😂 #hopecore #hopeless #funny,https://www.youtube.com/watch?v=IDJOqoNchIQ,HopeleesCore Fuel Up,https://www.youtube.com/channel/UCx9QpGemzWHUzyyVRd1bFRw,2026-03-23T02:15:39.770Z,16.0,25.548,16.0
Why’s it always the 2nd child?😂 #reels #shorts #pets #kids,https://www.youtube.com/watch?v=7Yc7GuzDrb0,Suavexavier,https://www.youtube.com/channel/UCduf5_5FnIptzDMBJ75ttFQ,2026-03-23T02:15:36.764Z,29.0,3.006,3.006
Day-81. Birthday Shout Out To The Legendary George Benson. #walking #habitforming #nature #fitness,https://www.youtube.com/watch?v=sYwL9hq92Q0,JAM Unlocked,https://www.youtube.com/channel/UCKn1mqzd66VMWwbLRKQtrbA,2026-03-23T02:15:27.136Z,59.0,9.628,9.628
15 years in 15 seconds #whitecoatenergy,https://www.youtube.com/watch?v=9JCW9NJMI-M,Dr. Iggy,https://www.youtube.com/channel/UCIug_feYTVngur8YJzU8nlg,2026-03-23T02:14:42.547Z,15.0,44.589,15.0
Try not to laugh 😂😂🤲🏻 #funny #husbandwife #fyp #viral #shorts,https://www.youtube.com/watch?v=IBSkbH_MSd4,Udy & Jae,https://www.youtube.com/channel/UCsTvmGDoePGIunvac9HTqcg,2026-03-23T02:14:01.841Z,6.0,40.706,6.0
"I don’t know why people always say this..,🤔#family #mom #dad #parents #mexican #black",https://www.youtube.com/watch?v=yBSmI7EkCg4,Talia Perez,https://www.youtube.com/channel/UCfJJmYh02RNzoBeu8e-bjLg,2026-03-23T02:13:44.722Z,11.0,17.119,11.0
Music & memes – the perfect combo! 🎶🤣#fitness #gym #training,https://www.youtube.com/watch?v=QIPjCG41azU,Maryna Aksenov,https://www.youtube.com/channel/UCfGAa7X3gpPCNxwfG2di66A,2026-03-23T02:13:32.427Z,,12.295,12.295
When are we going to finally understand that we can’t leave God at home when we clock in? 😅,https://www.youtube.com/watch?v=9y_Ka5oAUZ0,Heaven in Business,https://www.youtube.com/channel/UCySRPEf76lieyvVWBuTEUXg,2026-03-23T02:13:15.514Z,8.0,16.913,8.0
Pop The Balloon💀 #poptheballoonorfindlove #poptheballoon,https://www.youtube.com/watch?v=EIh6yivx2AI,Aidolix,https://www.youtube.com/channel/UC02RKCB630nF6irI_ox8HXA,2026-03-23T02:12:21.967Z,31.0,53.547,31.0
Guessing Will Smith,https://www.youtube.com/watch?v=lMxS3HxEyT4,Dumblit TV,https://www.youtube.com/channel/UCO1JmgZMV-sfttnyGoOVDsg,2026-03-23T02:12:18.198Z,63.0,3.769,3.769
Shortened: ROK_V_EN_3D_上帝掷骰子吗(城市精英破产)_CB_253_1920x1080_53s_250821_NR_992149,https://www.youtube.com/watch?v=o8KYXlqD6Vs,,,2026-03-23T02:12:02.456Z,45.0,15.742,15.742
https://www.youtube.com/watch?v=jsIkMCBFmdc,https://www.youtube.com/watch?v=jsIkMCBFmdc,,,2026-03-23T02:04:12.195Z,,470.261,470.261
♥️ Trixie's Coming Out Story To Her Brother Is Heartwarming #shorts #trixieandkatya #unhhhh #drag,https://www.youtube.com/watch?v=tdZfvfj2wAI,Cassie O'Peeyah,https://www.youtube.com/channel/UCNblkkhwWY2K-474frxRTdw,2026-03-23T02:03:13.595Z,49.0,58.6,49.0
Ranking Best Pets Voice Over. #shorts,https://www.youtube.com/watch?v=DOCs0TH-YS8,Critem,https://www.youtube.com/channel/UC-SUtSkP4M_KPXDqUU5Nsvw,2026-03-23T02:02:24.985Z,,48.61,48.61
This going to be my rave baby,https://www.youtube.com/watch?v=9_11lXav9jA,Buza,https://www.youtube.com/channel/UC1ByTUqi_kFzn4bRfbQWbQQ,2026-03-23T02:01:41.930Z,22.0,43.055,22.0
Chili Cheese GLIZZY Pizza Dip  🌭 🍕 #youtubeshorts #mrbrownreacts #shorts #food #reaction,https://www.youtube.com/watch?v=5-GbIapQ4zI,Mr. Brown  ,https://www.youtube.com/channel/UCqV5-S73MlUrrx519JyHnlg,2026-03-23T02:01:03.758Z,36.0,38.172,36.0
This Sleep Trick is Either Genius or Insane #comedy #marriage #funny,https://www.youtube.com/watch?v=7I6xlUNEikA,Courtney & Alex ,https://www.youtube.com/channel/UCC1oaRFc9jkPevIOHf2qbpw,2026-03-23T02:00:39.983Z,23.0,23.775,23.0
I cant believe my wife did this to me 💀😂😳 #wife #youtubeshorts #prank #couple #comedy,https://www.youtube.com/watch?v=gb9fO1aJGJU,Love The Lloyds,https://www.youtube.com/channel/UCEGYA6ViRQQv2R2H5OKC_PA,2026-03-23T02:00:37.995Z,41.0,1.988,1.988
#советыпокрасоте #лайфхакиповолосам #урокиповолосам,https://www.youtube.com/watch?v=kD5k9iDEE6Q,BEAUTALIE,https://www.youtube.com/channel/UCFiPzqaMEmkPAAvyCy1xD3A,2026-03-23T02:00:13.935Z,47.0,24.06,24.06
Dogs really do be doing selective hearing 😂💀 #shorts #reels #explore,https://www.youtube.com/watch?v=q5hDP-Sj0gc,Suavexavier,https://www.youtube.com/channel/UCduf5_5FnIptzDMBJ75ttFQ,2026-03-23T01:59:34.071Z,39.0,39.864,39.0
Ask somebody else!! #youtubeshorts #comedy,https://www.youtube.com/watch?v=KcQY3VcGxAE,Love The Lloyds,https://www.youtube.com/channel/UCEGYA6ViRQQv2R2H5OKC_PA,2026-03-23T01:59:11.013Z,23.0,23.058,23.0
Perm Rod Ponytail ❤️❤️❤️ #loctician #blackhair  #locs #permrodset #locinspiration #loctransformation,https://www.youtube.com/watch?v=H_2BOJbH0p8,Hardy Locs,https://www.youtube.com/channel/UCgZUv5Hd_N_d04EazLSoB5A,2026-03-23T01:59:09.220Z,21.0,1.793,1.793
😂😂😂,https://www.youtube.com/watch?v=wgUSv_PPUzs,AllThingsYT,https://www.youtube.com/channel/UCInYJDdQw7CwvTJO6_nnfow,2026-03-23T01:59:05.788Z,17.0,3.432,3.432
My wife's reaction after I shaved…😱#shaving #beard #couple #fyp #challenger,https://www.youtube.com/watch?v=IQ7kNV-xv6o,Catsupergroup,https://www.youtube.com/channel/UC8Qjr0CRWanrpbAXYhLzD9Q,2026-03-23T01:57:25.228Z,60.0,100.56,60.0
That silence spoke volumes 😭 #trending #shorts #cardib,https://www.youtube.com/watch?v=1zXOrBzSPi0,Clipperdime ,https://www.youtube.com/channel/UCPx5pV2OHBE07u958lbTFoA,2026-03-23T01:56:30.115Z,,55.113,55.113
Orange cat like orange cat 🥰 #shorts #cat #catlovers,https://www.youtube.com/watch?v=4My2pOo_UpQ,So Adorable,https://www.youtube.com/channel/UCpTjYeN5RVJJ9ug6Y8j0bnw,2026-03-23T01:56:26.580Z,12.0,3.535,3.535
Master P Really Won the Game! 🏎️💨 From Mogul to Sugar Mama Perks?,https://www.youtube.com/watch?v=TjR8OxjxD2M,Cedwave,https://www.youtube.com/channel/UCdktNiU0M7UPfJtgLmDj3jQ,2026-03-23T01:56:20.309Z,,6.271,6.271
He Said What's Wrong With You 😂🫣😳,https://www.youtube.com/watch?v=lVf4YPp15n0,Korie Mckennedy,https://www.youtube.com/channel/UCe9Srnuecx5i9d4JyI6Ah2g,2026-03-23T01:56:14.635Z,18.0,5.674,5.674
Rihanna & Childish Gambino as Average Colombian Parents of 8?!,https://www.youtube.com/watch?v=zGks6iTNgFA,Celeb Bite,https://www.youtube.com/channel/UCqTxvkNxPS0bwq40ICysdAQ,2026-03-23T01:56:07.691Z,5.0,6.944,5.0
A 4-in-1 dress in 1968?! 👗✨ Why don't we have this today? 😭 Which look was your favorite? 👇,https://www.youtube.com/watch?v=ZWgloC4q-wg,Vogue addicted girl,https://www.youtube.com/channel/UCiv9fAiCk-SfwMb-Bv8ahVQ,2026-03-23T01:55:58.357Z,6.0,9.334,6.0
"March 22, 2026",https://www.youtube.com/watch?v=dG0rPEPz6nE,Herbert Johnson,https://www.youtube.com/channel/UCoks9n_hUFsKnbBfqC6KSIg,2026-03-23T01:55:53.932Z,17.0,4.425,4.425
"""She BROKE the 4th Wall."" #dragrace",https://www.youtube.com/watch?v=rp4Bmjgd9fc,Hiro E,https://www.youtube.com/channel/UCYzbL6U8wl1ehiIkdzIVy7g,2026-03-23T01:55:21.611Z,16.0,32.321,16.0
"March 4, 2026",https://www.youtube.com/watch?v=YpGiu95tsVI,Ro & AJ Burgess,https://www.youtube.com/channel/UCy38My2sWSDFjmmhyk9mVZg,2026-03-23T01:55:08.086Z,43.0,13.525,13.525
Hairline reveal but withthe large forehead filter🤣🤪😜🤨 #funny #laugher #family #funnyshorts #fyp,https://www.youtube.com/watch?v=KqhXE1K9Y3I,Romanas Katun,https://www.youtube.com/channel/UCxdW4W9yWZ2hNSIJq5bo5_w,2026-03-23T01:54:29.057Z,60.0,39.029,39.029
You can’t tell me dogs don’t understand English perfectly…,https://www.youtube.com/watch?v=k8rrHskNuUc,Moriarty Family Fans,https://www.youtube.com/channel/UCNxfIwzEmWPqqLHO3hwbPeA,2026-03-23T01:54:07.435Z,21.0,21.622,21.0
Introducing Baby Bear to the Nana that raised me😮‍💨,https://www.youtube.com/watch?v=tarELcfxWQs,ChildishDaddy,https://www.youtube.com/channel/UCMVdV7KbC8E9fUIfSlrUQzQ,2026-03-23T01:53:51.940Z,15.0,15.495,15.0
i can never get tired of her,https://www.youtube.com/watch?v=n_aw_4Ftu_o,Lord Hec,https://www.youtube.com/channel/UCMdsYOaE-TN9bIf1_f_5Ecg,2026-03-23T01:53:38.234Z,28.0,13.706,13.706
I choreographed Glorilla - Special music video while 5 months pregnant!,https://www.youtube.com/watch?v=_neryLFWMoE,AmerahTV,https://www.youtube.com/channel/UCY7Pc6XeevWR45_ZjJHKbpw,2026-03-23T01:53:18.857Z,32.0,19.377,19.377
I love my grumpy orange kitty 🤭🥰 #viral #funny #funnycouple #comedy #trending,https://www.youtube.com/watch?v=hfystotDWho,Janellygotthatfuego,https://www.youtube.com/channel/UCRqWHSFqAaJ-VcaID3sVLcg,2026-03-23T01:52:45.693Z,27.0,33.164,27.0
#blacktiktok,https://www.youtube.com/watch?v=WXxe-vocq44,Micro,https://www.youtube.com/channel/UC2nCIAXixQXgXdLXnpRy_9w,2026-03-23T01:52:34.939Z,5.0,10.754,5.0
For the r&b and neo-soul lover in you. #neosoulvibes #rnb #rnbchill #rnbmusic #alternativernb,https://www.youtube.com/watch?v=wKaZzpcoQ2Y,Moonlight & Midnights Smooth R&B & Neo-Soul Vibes,https://www.youtube.com/channel/UCGG15z6QTDWzN3rOCAt3WMg,2026-03-23T01:52:24.799Z,31.0,10.14,10.14
If these celebrities were alive today. #thenvsnow #aaliyah #tupac #biggiesmalls #selena #lefteye,https://www.youtube.com/watch?v=NzhHkfq_PxE,Fame Replay,https://www.youtube.com/channel/UC4ZuVJ9J8HFbY-k2Ag9cXfg,2026-03-23T01:52:19.015Z,55.0,5.784,5.784
UGLY SHIRT AIRPORT EXCHANGE #shorts,https://www.youtube.com/watch?v=INV6l4Z-9kI,Brotherofcolor,https://www.youtube.com/channel/UCehiWoL5IOQXvt2hNqlXEzQ,2026-03-23T01:52:08.017Z,45.0,10.998,10.998
amapiano vibes #amapiano #vibes #ouzbaby #dancevibes #mood #dancechallenge,https://www.youtube.com/watch?v=ZDdmqvz-oQI,ouzbaby ,https://www.youtube.com/channel/UCXd6-rKMkLuZ-aNuITisb3Q,2026-03-23T01:51:33.500Z,33.0,34.517,33.0
back when we had vine 🥹 #simplertimes #nostalgia #vine #subscribetomychannel #funny #contentcreator,https://www.youtube.com/watch?v=dxKvgQrBvos,shaybaby🍒,https://www.youtube.com/channel/UC14Lu9sxier4EbD_RLr9FVg,2026-03-23T01:51:20.841Z,12.0,12.659,12.0
Cayman aint ready for us!#short #shorts #aliyaco,https://www.youtube.com/watch?v=RTFssV8d1QA,aliyaco,https://www.youtube.com/channel/UCyv8sV1B5j_DKDJo3b8OmIg,2026-03-23T01:51:16.303Z,8.0,4.538,4.538
Girl please 🤦🏽‍♂️,https://www.youtube.com/watch?v=nVd630EXP6o,Sidney Fortson,https://www.youtube.com/channel/UCqUFVUuHzlqDVD_oVT0JeMQ,2026-03-23T01:50:59.752Z,6.0,16.551,6.0
If you know you know 🤦🏽‍♀️,https://www.youtube.com/watch?v=WjruYEVDaew,GetfitwJessica,https://www.youtube.com/channel/UCbdgPHUqC6XYlndEaw98m9w,2026-03-23T01:50:32.929Z,26.0,26.823,26.0
Legs and hips and bodyyyyyy 😭,https://www.youtube.com/watch?v=4pfPkYLhiIk,"Jerrilyn ""Indeskribeabull"" Lake",https://www.youtube.com/channel/UC9_eS61rz5VxVyWCIjelahA,2026-03-23T01:50:28.097Z,28.0,4.832,4.832
Google AI Pro,https://www.youtube.com/watch?v=0ylixv0zg0M,,,2026-03-23T01:50:13.127Z,22.0,14.97,14.97
Little over a month left,https://www.youtube.com/watch?v=pw99758oXa8,Justin Stagner ,https://www.youtube.com/channel/UCBU1iuJZN6UtBjQcgvuwJ_Q,2026-03-23T01:50:01.257Z,20.0,11.87,11.87
When you hit on your best friend’s girl,https://www.youtube.com/watch?v=oS1ImLqFSlE,Johnny La,https://www.youtube.com/channel/UCFNlBdrepxlwmfqObYrXxfA,2026-03-23T01:49:10.273Z,31.0,50.984,31.0
ME TRYING TO ACT LIKE I HAVE SOME SENSE WHEN THIS SONG COMES ON,https://www.youtube.com/watch?v=TqSYnFSYhVg,Hey ShantaQ,https://www.youtube.com/channel/UChQnTcoVkMsL_5j_2OffL3A,2026-03-23T01:48:57.494Z,14.0,12.779,12.779
Seeking  Spiritual Court Council? 😏Well look no further...help is here👀🤧👀🤣 #spiritualCourtTv365 🤌🏾,https://www.youtube.com/watch?v=CQ4km11L8So," ⚖️ ""SPIRITUAL COURT TV"" ⚖️",https://www.youtube.com/channel/UCQ33IxT5jLpwumteN4JBEHQ,2026-03-23T01:48:52.132Z,26.0,5.362,5.362
Women in the south,https://www.youtube.com/watch?v=LoPcfTdlZe4,Justin Stagner ,https://www.youtube.com/channel/UCBU1iuJZN6UtBjQcgvuwJ_Q,2026-03-23T01:48:35.376Z,16.0,16.756,16.0
Always trust your intuition 🙏🏾 #saftey #ootd,https://www.youtube.com/watch?v=r8Gai6ZHAyE,Grace Africa,https://www.youtube.com/channel/UCv8p3tSU70Ql3WFIQkQxyXQ,2026-03-23T01:48:30.152Z,14.0,5.224,5.224
Jus...😎🎤 Nothing Left to Say! #MintCondition #NothingLeftToSay #soulmusic #throwbacksongs #genx.,https://www.youtube.com/watch?v=QUtWu8lQ9yg,Darnell Cox,https://www.youtube.com/channel/UCOuyudD9efCG04eJVNxtJrw,2026-03-23T01:48:23.654Z,40.0,6.498,6.498
StupidKing👑📈- Eps 6343 #ethantheartist #stupidking #explore #reaction #funnyshorts #comedyvideos,https://www.youtube.com/watch?v=bFu4-ZEWBAY,EthanThe Artist,https://www.youtube.com/channel/UCtdEd0obyVNZChEqofQVIQA,2026-03-23T01:48:01.757Z,26.0,21.897,21.897
Shy I mpempe vibe amapiano #amapiano #amapianodancechallenge #tropic176,https://www.youtube.com/watch?v=wdxEO0BA20g,Tropic ,https://www.youtube.com/channel/UC5ZnP9opHS0ophoABoOeHMA,2026-03-23T01:47:22.643Z,19.0,39.114,19.0
The craziest thing about being a sink is,https://www.youtube.com/watch?v=g9HjsGbzWFs,VitaKari,https://www.youtube.com/channel/UCe8Th2dxumH00Y4elp7oz1A,2026-03-23T01:47:01.716Z,6.0,20.927,6.0
😭 🔥 #scrillhassan #chicago  #california #detroit #funny #comedy #shorts #fyp #gfunk #women,https://www.youtube.com/watch?v=66ahvxskPiY,Scrill Hassan,https://www.youtube.com/channel/UCK6p8PmHDad_A_cmTRrpjVg,2026-03-23T01:46:55.568Z,7.0,6.148,6.148
Code switching for Work 🧔🏾‍♂️🧔‍♂️,https://www.youtube.com/watch?v=qP23kMAWOYY,AnthonyDontae ,https://www.youtube.com/channel/UCALXVeCfiqZ9UIzS-eMbs3w,2026-03-23T01:46:19.491Z,27.0,36.077,27.0
YOU CAN MAKE (THETHROUGHSTORM #shorts#worshipmusic#soundsF Hold On(Change lsComin #soundsofblackness,https://www.youtube.com/watch?v=n6WGGX-huUY,@GatesOfPraiseTV,https://www.youtube.com/channel/UCu8W-hMUDCmRAziHqv7N6kw,2026-03-23T01:46:17.733Z,16.0,1.758,1.758
@kimmsarahh: He’s a yoda dog #dog #doglover,https://www.youtube.com/watch?v=1h6BcLI98R4,Pawsome Dog Clips,https://www.youtube.com/channel/UCR31Z2H9WDZFkxNA6R955Qw,2026-03-23T01:46:12.749Z,8.0,4.984,4.984
This Guy Turns ANYTHING Into Music 🤯🎧,https://www.youtube.com/watch?v=13iVGv2mqcQ,kulopi,https://www.youtube.com/channel/UCOABb3dTomkHXeNhtOuCjsA,2026-03-23T01:45:37.225Z,33.0,35.524,33.0
It's Free To Subscribe 🔥🔥🔥#businessideas #martinextraordinaire 🎥reinaldooliveira327DM FOR REMOVAL,https://www.youtube.com/watch?v=I8llR7pMNfQ,Martin Extraordinaire,https://www.youtube.com/channel/UCwjqs9ORA5gUN0wG36fwyYw,2026-03-23T01:45:24.520Z,6.0,12.705,6.0
I can’t be the only one! 😂😂😂,https://www.youtube.com/watch?v=0hzq6hnITiE,The Bad Lawn Dad,https://www.youtube.com/channel/UC21-X2aLNGVF896UctK3pVQ,2026-03-23T01:45:04.471Z,18.0,20.049,18.0
Throwback🤣🤣 #couplecomedy #ytshorts #shorts,https://www.youtube.com/watch?v=33CgBJr3MDo,Key & Wees,https://www.youtube.com/channel/UCTlQUxxmd-hjkp-n5AnUl4g,2026-03-23T01:45:02.712Z,21.0,1.759,1.759
MOVE BY FAITH#shorts #worshipmusic#soundsofblacknessFHold On(Change ls Comin).#soundsofblackness,https://www.youtube.com/watch?v=q02xgumSrOY,@GatesOfPraiseTV,https://www.youtube.com/channel/UCu8W-hMUDCmRAziHqv7N6kw,2026-03-23T01:44:55.736Z,16.0,6.976,6.976
12 Black-owned spots fed hundreds ❤️🍽️ #BlackOwned #CommunityLove #shorts #KindnessWins #inspiration,https://www.youtube.com/watch?v=IiCP555Vagc,Heart lift,https://www.youtube.com/channel/UCIbKE5cqqeJsYr8SNfLUO7A,2026-03-23T01:44:44.765Z,5.0,10.971,5.0
When your man can lift you up in more ways then one! How did we do? 🥰❤️ #shorts #couples,https://www.youtube.com/watch?v=PjEni73aX-o,Hannah Dickson,https://www.youtube.com/channel/UCXdlvf0wZWuka0vlvJzjlKA,2026-03-23T01:44:20.293Z,13.0,24.472,13.0
They didn’t ask for the owner? 🤷🏻‍♂️#exoticpets #exoticpetstore #skit #albuquerque #fyp,https://www.youtube.com/watch?v=fxdCOmDbn2Q,Predator and Prey Exotics,https://www.youtube.com/channel/UC3rrDQtOvG_AMPGVjgtOlcw,2026-03-23T01:44:15.752Z,9.0,4.541,4.541
https://www.youtube.com/watch?v=D7tM-VW76Vc,https://www.youtube.com/watch?v=D7tM-VW76Vc,,,2026-03-23T01:44:03.499Z,,12.253,12.253
Can’t even be a dad nomore 😭🤦🏽‍♂️ #shorts #dadlife #parenting #funny #relatable #toddler #family,https://www.youtube.com/watch?v=Yze9BaneB-Q,Ray Watson TV,https://www.youtube.com/channel/UC4A58RSJ7ZkgsPFoawMnQoQ,2026-03-23T01:43:26.394Z,16.0,37.105,16.0
Idk who tf made these… but when I tell you I folded the furniture and dusted the laundry. 😩😭,https://www.youtube.com/watch?v=DSjy4BYDcT4,Nadia Adelay,https://www.youtube.com/channel/UCw-tpQrwIEU0f3s-9f2yPow,2026-03-23T01:43:13.386Z,17.0,13.008,13.008
Bro mom wasn’t surprised 😂 #stackupmac #prank #funny,https://www.youtube.com/watch?v=K5532Lenunc,Stackupmac,https://www.youtube.com/channel/UCYwrZTGLCZoXL0trVeOV9tw,2026-03-23T01:42:51.367Z,26.0,22.019,22.019
VIRAL Facelift Patient 1 Year Update! 😍 #beforeandafter,https://www.youtube.com/watch?v=eXU42cKzNKg,Doctor Carl Truesdale,https://www.youtube.com/channel/UCBnWgiJXDbtqLueAdrWok5w,2026-03-23T01:42:39.187Z,23.0,12.18,12.18
She just makes stuff up,https://www.youtube.com/watch?v=Df9lRmAhT30,Justin Stagner ,https://www.youtube.com/channel/UCBU1iuJZN6UtBjQcgvuwJ_Q,2026-03-23T01:41:23.974Z,15.0,75.213,15.0
he should've never did that,https://www.youtube.com/watch?v=4rIL2Tdm5n4,Lord Hec,https://www.youtube.com/channel/UCMdsYOaE-TN9bIf1_f_5Ecg,2026-03-23T01:41:15.276Z,17.0,8.698,8.698
Shiggy’s 90s Stories Got Me DYING 😂 #funny #foryou #shorts #fypage #foryourpage #shortvideo,https://www.youtube.com/watch?v=FD1Tj4g8BgE,MARLEYONDABEATZ,https://www.youtube.com/channel/UCLL8dBYqkygHAqwnKZp7Ksw,2026-03-23T01:41:06.311Z,23.0,8.965,8.965
Me brushing my teeth at 3am then roasting myself #funny #shorts #memes #jenniferlewis #trending,https://www.youtube.com/watch?v=cy2_-lYsDuI,Mikey Smile,https://www.youtube.com/channel/UChRWhpAstCQlKm7VMAtzk7Q,2026-03-23T01:41:03.983Z,20.0,2.328,2.328
Choosing vibes over survival when listening to reggaeton #reggaemusic #reggaeton #shorts,https://www.youtube.com/watch?v=IxrilrJY6o0,Ana Gildersleeve,https://www.youtube.com/channel/UCkgA0MwpElQqq9BW2ntsacw,2026-03-23T01:40:57.356Z,7.0,6.627,6.627
Sometimes You Get Sick Of The Abuse!,https://www.youtube.com/watch?v=PxYwaAHP6eU,Just Nesh Comedy,https://www.youtube.com/channel/UC7ApiFbYjdT-wkv8zAVdMjQ,2026-03-23T01:40:56.741Z,10.0,0.615,0.615
He’s…he’s not wrong…Original video from Zach Jenkins #food #foodie #funny #men,https://www.youtube.com/watch?v=_QWC1O3Woik,Refashioned Hippie,https://www.youtube.com/channel/UCxetrH881m7SQKN7AviaARQ,2026-03-23T01:40:54.016Z,22.0,2.725,2.725
He can’t find the ketchup but he can spot a hawk from a mile away 😅 #marriagehumor #husbandwife,https://www.youtube.com/watch?v=Q3-WqqYhxDk,Elly T,https://www.youtube.com/channel/UCaXRjt93yAufIfWiiYKf2hg,2026-03-23T01:39:00.628Z,10.0,113.388,10.0
My cat falls in love with a barbecue chef #shorts #cat #catshorts #cats #travel,https://www.youtube.com/watch?v=Xy2lftxKspU,spongecake_cats,https://www.youtube.com/channel/UC9y6PwmREAWYzESKZoaQAxA,2026-03-23T01:38:55.481Z,9.0,5.147,5.147
@thehomeadmin OLD T SHIRT HACK TO MAKE YOUR SHIRT BRAND NEW AGAIN #shorts,https://www.youtube.com/watch?v=XmdMgLWtsW4,Duslivreacts,https://www.youtube.com/channel/UC9mRiGIPy-xjENJCuNQDV2g,2026-03-23T01:38:28.030Z,27.0,27.451,27.0
Literally how I did 5 different hairstyles in 30 minutes 😂😂😂#shorts #shrinkage #shrinking #fyp,https://www.youtube.com/watch?v=r4BGBj9LHeY,Wig Fever,https://www.youtube.com/channel/UCbKcqGcKlkNbFd6vcsSyd5w,2026-03-23T01:37:38.388Z,48.0,49.642,48.0
@conneran23: 🇺🇸 #dog #doglover,https://www.youtube.com/watch?v=a9fcyTYnDJE,Pawsome Dog Clips,https://www.youtube.com/channel/UCR31Z2H9WDZFkxNA6R955Qw,2026-03-23T01:36:33.032Z,35.0,65.356,35.0
Dramatic Husky crying seeing his Soldier Dad 😭 #dog,https://www.youtube.com/watch?v=qiVzCthbEwg,PawMoments,https://www.youtube.com/channel/UCma-58FJLTF4u-9-wunBnwA,2026-03-23T01:35:50.130Z,8.0,42.902,8.0
Might aa well cancel  ma #viral #couplestatus #fypシ #explore #lashes #makemefamous,https://www.youtube.com/watch?v=JT9FqX7StyQ,Whyhateprince ,https://www.youtube.com/channel/UCr8S10PfwkZwWRaOcshELcg,2026-03-23T01:35:38.782Z,7.0,11.348,7.0
Michael's BEEN Tryna Tell You Dead Beats #youtubeshorts #bwoywonder #michael #comedy,https://www.youtube.com/watch?v=PJv7vZTbthY,New Chat City,https://www.youtube.com/channel/UC-PJ7_Ws8gWFdG0MGD_waKA,2026-03-23T01:35:23.263Z,15.0,15.519,15.0
You know wha they say about bowling... 😂 #pov #bowling #skit #comedy,https://www.youtube.com/watch?v=dvY6UAn_yyg,Avi Akbar,https://www.youtube.com/channel/UC0rohq6LQ4zTQH4VL_Bd-gw,2026-03-23T01:35:08.789Z,13.0,14.474,13.0
My #Daughter just found out the consequence of #eating too much 😂 #babybelly #toddlers,https://www.youtube.com/watch?v=l74IB-_pmrs,Mila “MJ” ,https://www.youtube.com/channel/UCfy1gmooFuO7xwFUw5LQtNQ,2026-03-23T01:34:54.264Z,14.0,14.525,14.0
Having a wife be like #TriedToTellHer #CouldveBeenAvoided #mrfamilyx5 #LifeLessons,https://www.youtube.com/watch?v=mTKXZjLW5xc,Milesfamilyx5,https://www.youtube.com/channel/UC-MkEH4ZtlBKAWd-Jx_crFA,2026-03-23T01:34:27.022Z,30.0,27.242,27.242
happy to come back not as a janitor but as a doctor! Gofundme link in bio to donate to my big move!,https://www.youtube.com/watch?v=4mAXTxntqkY,Shay Taylor-Allen,https://www.youtube.com/channel/UCaAFMmifVF-vnsTyetll9Fg,2026-03-23T01:34:20.397Z,7.0,6.625,6.625
You and me baby. ❤️,https://www.youtube.com/watch?v=ZXoDT4nPq4E,Lee Houston,https://www.youtube.com/channel/UCBEnMJcipvJHPDkEkPecGLw,2026-03-23T01:34:00.327Z,6.0,20.07,6.0
NEVER judge a cover by its book… 👀,https://www.youtube.com/watch?v=q2m5XQNP24Q,Arron Crascall,https://www.youtube.com/channel/UC7i1fl8_4gc4OXyKBxG_ijg,2026-03-23T01:33:33.476Z,26.0,26.851,26.0
mind ya business #kindly #food #trend #fyp,https://www.youtube.com/watch?v=i0bOXI-xWVY,Onlyonevikki,https://www.youtube.com/channel/UCwnfXKXT5o7yhWNioMTE4CQ,2026-03-23T01:33:15.639Z,16.0,17.837,16.0
Unc Came For His Life 🤣 #fyp #foryou #comedy #funny #viral #explore #shorts,https://www.youtube.com/watch?v=dFFc2HR1FNg,whoizrjfunny,https://www.youtube.com/channel/UCcX_FVlVTwXHTFynTw3PlHg,2026-03-23T01:32:37.146Z,72.0,38.493,38.493
AINT NO MF WAY,https://www.youtube.com/watch?v=AlxLbqIW1aU,RichieGattz ,https://www.youtube.com/channel/UCe6Zogpb3RQLfx0148kWYZQ,2026-03-23T01:32:26.841Z,9.0,10.305,9.0
He does have a point,https://www.youtube.com/watch?v=3iWr6wVH5yY,Justin Stagner ,https://www.youtube.com/channel/UCBU1iuJZN6UtBjQcgvuwJ_Q,2026-03-23T01:32:07.393Z,16.0,19.448,16.0
3 Hours Into a 5 Hour Drive… My Son Tells Me This 😳,https://www.youtube.com/watch?v=40nZA9RMO6I,Joel Garcia,https://www.youtube.com/channel/UCaf4FnFk7DNfkO8iOeyHVMw,2026-03-23T01:31:44.236Z,17.0,23.157,17.0
Ima need u to harry up 😂 #fypシ #funny #comedyshorts #fypシ゚viral,https://www.youtube.com/watch?v=HtlsORfQHKo,Esocrazy 🤪,https://www.youtube.com/channel/UCOLngEUkgnPWSKnzCaZg6Bw,2026-03-23T01:31:32.139Z,6.0,12.097,6.0
Best Ever Chappelle's Show Moments | Chappelle's Show,https://www.youtube.com/watch?v=9D1_TnXvtWY,Comedy Central UK,https://www.youtube.com/channel/UCsv4YOF2RBYh0NQ1vuHQ-hg,2026-03-23T01:24:04.246Z,1574.0,447.893,447.893
Sophie Cunningham Remember College(facepaint) - Yrefy,https://www.youtube.com/watch?v=vLGLYIyyEj0,,,2026-03-23T01:23:36.463Z,31.0,27.783,27.783
Video Ad,https://www.youtube.com/watch?v=akSdwPudDRU,,,2026-03-23T01:23:19.760Z,16.0,16.703,16.0
Knight Rider for 8 cellos,https://www.youtube.com/watch?v=eYf595EJAc4,Samara Ginsberg,https://www.youtube.com/channel/UCSF5mJTarQx3ER3MhiR5QoQ,2026-03-23T01:22:26.582Z,96.0,53.178,53.178
Physician Murders Dentist Only to Be Murdered Himself 43 Years Later | Steven Schwartz Case Analysis,https://www.youtube.com/watch?v=oeiV4qtj06o,Dr. Todd Grande,https://www.youtube.com/channel/UCC_0vyFTKk1Nlodo4QsiQkw,2026-03-23T01:21:26.302Z,1146.0,60.28,60.28
Stephen A Smith Finally Called Out To His Face,https://www.youtube.com/watch?v=BBhV3NTRcnw,Reese Waters,https://www.youtube.com/channel/UCCcr-MvAMettt8yktc9t4ag,2026-03-23T01:20:53.608Z,2179.0,32.694,32.694
The Complete Best of ERIC MAYS!,https://www.youtube.com/watch?v=JJ36fAM7hW8,Nogla & Terroriser React,https://www.youtube.com/channel/UC7wV9BwhmNksC2VxZbOqiZA,2026-03-23T01:18:52.054Z,2359.0,121.554,121.554
Feral people HUNT teen hiker,https://www.youtube.com/watch?v=Vx6YxG8SD_A,MrBallen,https://www.youtube.com/channel/UCtPrkXdtCM5DACLufB9jbsA,2026-03-23T01:18:30.388Z,2091.0,21.666,21.666
Ep 94: Pop The Balloon Or Find Love | With Arlette Amuli,https://www.youtube.com/watch?v=JWFtlQmGqx4,Pop The Balloon,https://www.youtube.com/channel/UCzo3jVzn-Z9LrFVwAE7iDbw,2026-03-23T01:17:51.476Z,3944.0,38.912,38.912
The Afroman Trial Was Unhinged: Body Language Analysis,https://www.youtube.com/watch?v=66PUBwh7KDQ,Dr. G Explains,https://www.youtube.com/channel/UCOmjR-JVOshlZbUoQYOCxWg,2026-03-23T01:17:34.688Z,1099.0,16.788,16.788
"Psychologist Discusses Kouri Richins Closing Arguments, Verdict, & More",https://www.youtube.com/watch?v=Uf_uDpnUdf4,Dr Patrice Berry: Psychologist Reacts,https://www.youtube.com/channel/UCWMTjXDbsvGy4uikByLITVw,2026-03-23T01:11:08.711Z,3068.0,385.977,385.977
"""These Kids Are Hell, Ruining My Life..."" Parents Crashing Out Over Their Teens, Young People Unruly",https://www.youtube.com/watch?v=jcIrBsig3XQ,Anton Daniels,https://www.youtube.com/channel/UCdT-CwbU6tTvR2PC6i8fGfw,2026-03-23T01:09:29.431Z,733.0,99.28,99.28
ROCKY BUY TICKETS - NOW PLAYING,https://www.youtube.com/watch?v=kMiOKejpKCw,,,2026-03-23T01:09:19.698Z,30.0,9.733,9.733
She Went To See Her Ex...Prosecutors Say It Ended In Murder,https://www.youtube.com/watch?v=2unbKAOPbLw,Black Girl Gone: A True Crime Podcast,https://www.youtube.com/channel/UC7eq6tdJisn3oQWf4KfjXlQ,2026-03-23T01:08:04.605Z,1828.0,75.093,75.093
"Paradise Season 2 Theories | Alex Q Message Explained, Jane’s Redemption Story & Clues You Missed!",https://www.youtube.com/watch?v=XQ76OwaKEJo,Movie Files,https://www.youtube.com/channel/UCqD7CXlHe1jNemKzFjkOUlQ,2026-03-23T00:56:33.230Z,2113.0,691.375,691.375
What Actually Happened to Jonbenet Ramsey,https://www.youtube.com/watch?v=_VS0yEC1bl4,VULDAR,https://www.youtube.com/channel/UCqnYRbOnwVAWU6plY904eAg,2026-03-23T00:55:47.913Z,4096.0,45.317,45.317
Justin Stagner | Top 10 Comedy Skits,https://www.youtube.com/watch?v=yhqiXvdGpZg,Justin Stagner ,https://www.youtube.com/channel/UCBU1iuJZN6UtBjQcgvuwJ_Q,2026-03-23T00:55:27.313Z,423.0,20.6,20.6
Stop Frying Your Wings! Do THIS Instead,https://www.youtube.com/watch?v=OuTx6TIleBo,JL Eats,https://www.youtube.com/channel/UCU98wGQLRBN1p1JP73n_W4Q,2026-03-23T00:55:08.745Z,439.0,18.568,18.568
Popeyes $5 Faves,https://www.youtube.com/watch?v=z-y6TEI52Do,,,2026-03-23T00:54:44.477Z,7.0,24.268,7.0
I Tried the Most Hyped Food in New Jersey,https://www.youtube.com/watch?v=I9O98HQ3RJQ,SJohnsonVoiceOvers,https://www.youtube.com/channel/UCbgXi8uaNyf8ifThVBPuKoQ,2026-03-23T00:47:04.891Z,1176.0,459.586,459.586
Testing dad jokes on my wife to get her reaction.,https://www.youtube.com/watch?v=JiOLY9DR3JA,Hayes Family TV,https://www.youtube.com/channel/UCU7jThEn0j3AXuqAlFDmHxg,2026-03-23T00:46:08.871Z,123.0,56.02,56.02
ROK_V_EN_3D_打工人分配_CB_1_1920x1080_56s_260313_NR_1124196,https://www.youtube.com/watch?v=gzM7qm609sI,,,2026-03-23T00:46:06.124Z,57.0,2.747,2.747
"August 6, 2025",https://www.youtube.com/watch?v=yj76sQr-YVw,Sosa,https://www.youtube.com/channel/UCjjT17Nk_qqo6j1m82RCSkg,2026-03-23T00:46:04.177Z,25.0,1.947,1.947
MPY-55934_Pets Omelet - Scottie - Monopoly GO Pet Show_1920x1080_33s_C1_V4_r5350509w3_r5350509w3.mp4,https://www.youtube.com/watch?v=SvpH2dPmqL0,,,2026-03-23T00:45:31.050Z,34.0,33.127,33.127
https://www.youtube.com/watch?v=qotSq2Tefck,https://www.youtube.com/watch?v=qotSq2Tefck,,,2026-03-23T00:45:21.224Z,,9.826,9.826
We’re basically moving in every single day  If you don’t look like you’re embarking on a 3 day hike,https://www.youtube.com/watch?v=uJcp1I3E6ug,Dr. Sabrina,https://www.youtube.com/channel/UCBsLFSH-f3lsOJEJM9cPW_g,2026-03-23T00:44:56.975Z,23.0,24.249,23.0
When your sister swears she’s their mama… #funny #funnyshorts #funnyvideos #sister,https://www.youtube.com/watch?v=7WOTVzUqVpY,Shay Moné,https://www.youtube.com/channel/UCH4RRrAZagho0pP1gAuaJ0Q,2026-03-23T00:44:45.944Z,10.0,11.031,10.0
MPY-57670_Pets Blue Steel Scottie with Craig VO Iteration_1920x1080_v06_gb7xvjxwem_gb7xvjxwem.mp4,https://www.youtube.com/watch?v=iqCx2qSmRzc,,,2026-03-23T00:44:15.769Z,18.0,30.175,18.0
😂😂😂😂😂😂😂#911 #911operator #african #africancomedy #comedy #comedyshorts,https://www.youtube.com/watch?v=hTfUodjvAjE,Darryl Vega,https://www.youtube.com/channel/UC0XAqhqyZI5_iBtsTvudM7w,2026-03-23T00:44:06.801Z,55.0,8.968,8.968
Are you Crazy? I AM a LAWYER & a FEDERAL OFFICER! They didn’t believe him but he showed them! ,https://www.youtube.com/watch?v=bQnGL-5My0A,Carlus King,https://www.youtube.com/channel/UC7eYxt-UPz5fPlDcNCg8lBA,2026-03-23T00:35:57.732Z,1946.0,489.069,489.069
I Always Wondered How She Knew,https://www.youtube.com/watch?v=OByHF-I3VWY,Justin Stagner ,https://www.youtube.com/channel/UCBU1iuJZN6UtBjQcgvuwJ_Q,2026-03-23T00:34:53.461Z,60.0,64.271,60.0
Shortened: Toon Blast - Ballpool-wall 30s L,https://www.youtube.com/watch?v=lRMZNbozNVA,,,2026-03-23T00:26:57.320Z,27.0,476.141,27.0
Lennar Dream Savings Northeast,https://www.youtube.com/watch?v=pgBAOjUSoxA,,,2026-03-23T00:11:58.754Z,31.0,898.566,31.0
Shortened: DS-V-091-004_EnchantedEscape_EN_15s_1920x1080.mp4,https://www.youtube.com/watch?v=Vi5bWclCAI4,,,2026-03-23T00:11:49.634Z,8.0,9.12,8.0
I Ate Nothing But Long John Silver's for 1 Week,https://www.youtube.com/watch?v=Z6VcxcGm5Y4,sir yacht,https://www.youtube.com/channel/UCapVDGqQ4c8b9e5pl1PRDFg,2026-03-23T00:09:31.643Z,2313.0,137.991,137.991
neffy :60 TV Spot Caregiver and Patient (January Update),https://www.youtube.com/watch?v=Yb0a37RIkoo,,,2026-03-23T00:09:15.362Z,,16.281,16.281
Match Factory - Matchmaker-v2-lnm 60s L,https://www.youtube.com/watch?v=iCqAcUa7M_0,,,2026-03-23T00:09:03.077Z,60.0,12.285,12.285
Hostess Snack Cake Ranking | Twinkies vs CupCakes vs Ding Dongs,https://www.youtube.com/watch?v=blcZLfHyCvc,SJohnsonVoiceOvers,https://www.youtube.com/channel/UCbgXi8uaNyf8ifThVBPuKoQ,2026-03-23T00:08:41.496Z,882.0,21.581,21.581
Pedestrian Vehicle 30s,https://www.youtube.com/watch?v=FRuCnorBBI0,,,2026-03-23T00:08:08.154Z,31.0,33.342,31.0
Shortened: Match Factory - Will_bam 30s L,https://www.youtube.com/watch?v=amt0uwnvaAA,,,2026-03-23T00:07:50.571Z,17.0,17.583,17.0
Love Overboard S1 -  Promo 0:30 (Luxury_Spring Promo Offer) 16:9 (Pre),https://www.youtube.com/watch?v=5sj6TjBwl50,,,2026-03-22T23:52:07.246Z,31.0,943.325,31.0
The Magic of Coffee | The Starbucks Coffee Company,https://www.youtube.com/watch?v=o6tTY6691_8,,,2026-03-22T23:51:50.566Z,16.0,16.68,16.0
Now Approach Anthem RIC :06,https://www.youtube.com/watch?v=L70UI20gzRY,,,2026-03-22T23:51:43.062Z,6.0,7.504,6.0
Kings Dominion & Soak City Spring Sale,https://www.youtube.com/watch?v=T4C6wk_qRe0,,,2026-03-22T23:51:26.615Z,16.0,16.447,16.0
"Deals so right, it almost feels wrong.",https://www.youtube.com/watch?v=LE1KTXhP7t8,,,2026-03-22T23:51:10.018Z,16.0,16.597,16.0
I Tried EVERY Pepperidge Farm Cookie,https://www.youtube.com/watch?v=81wo4dhFRdQ,SJohnsonVoiceOvers,https://www.youtube.com/channel/UCbgXi8uaNyf8ifThVBPuKoQ,2026-03-22T23:42:26.848Z,1431.0,523.17,523.17
PetSmart X Hill's Science Diet Sensitive Stomach & Skin,https://www.youtube.com/watch?v=0upFSpQrQMc,,,2026-03-22T23:42:18.063Z,7.0,8.785,7.0
Wife Doesn't Realize Police Know She's The Killer,https://www.youtube.com/watch?v=qiBW9FShhok,Red Thread Interrogations,https://www.youtube.com/channel/UC5w9XTUkDCmAQ1BKC8tAh-A,2026-03-22T23:42:04.380Z,2199.0,13.683,13.683
Get them both,https://www.youtube.com/watch?v=c01sD-_4jL8,,,2026-03-22T23:41:56.514Z,64.0,7.866,7.866
Woman Convicted of Husband's Murder After Deleting One Phone Call | Becky Fox-Doerr Case Analysis,https://www.youtube.com/watch?v=UkrKzU15Qak,Dr. Todd Grande,https://www.youtube.com/channel/UCC_0vyFTKk1Nlodo4QsiQkw,2026-03-22T23:40:27.239Z,1025.0,89.275,89.275
batch body transformation 15 cutdowns v 4 16 9 var 2,https://www.youtube.com/watch?v=XuItDL3TJVc,,,2026-03-22T23:40:04.773Z,19.0,22.466,19.0
"Start Quality, Affordable Mental Health Care with Rula",https://www.youtube.com/watch?v=uD-jG4M068U,,,2026-03-22T23:39:48.329Z,16.0,16.444,16.0
Relay: Cool Hand Movers,https://www.youtube.com/watch?v=gAl2iLtr0W0,,,2026-03-22T23:31:31.078Z,15.0,497.251,15.0
Thrive Causemetics-EmpowerGloss 16x9-Multiprod V5,https://www.youtube.com/watch?v=1g_af-HVmaU,,,2026-03-22T23:31:18.390Z,12.0,12.688,12.0
Snake 06 16x9,https://www.youtube.com/watch?v=7K_myS6r1H4,,,2026-03-22T23:31:11.207Z,7.0,7.183,7.0
Father and Son Accuse Each Other After Bizarre Mansion Murder | Maggie Locascio Case Analysis,https://www.youtube.com/watch?v=CjHhcSQl7C0,Dr. Todd Grande,https://www.youtube.com/channel/UCC_0vyFTKk1Nlodo4QsiQkw,2026-03-22T23:22:16.319Z,1006.0,534.888,534.888
PetSmart x Hill's National Adoption Week  March,https://www.youtube.com/watch?v=yOSRtJcAUq8,,,2026-03-22T23:21:57.711Z,16.0,18.608,16.0
2026 02 FY26Q3 Mirror 15 Womens MASTER 16x9,https://www.youtube.com/watch?v=TaHewSoR6kg,,,2026-03-22T23:21:41.382Z,16.0,16.329,16.0
INGREZZA,https://www.youtube.com/watch?v=2sCBACMwiQw,,,2026-03-22T23:13:32.246Z,61.0,489.136,61.0
Did Cheating Wife Conspire to Murder Celebrity Hairstylist? | Monica Sementilli Case Analysis,https://www.youtube.com/watch?v=cI0Vtzyy3To,Dr. Todd Grande,https://www.youtube.com/channel/UCC_0vyFTKk1Nlodo4QsiQkw,2026-03-22T23:04:26.883Z,967.0,545.363,545.363
C4F33448_dzy_30+_1920x1080_EN.mp4,https://www.youtube.com/watch?v=3Rn3_lWuHOw,,,2026-03-22T23:03:33.494Z,50.0,53.389,50.0
DS-V-091-015_EnchantedEscape_Moana_EN_11s _1920x1080.mp4,https://www.youtube.com/watch?v=ikZX1LY6W6M,,,2026-03-22T23:03:20.912Z,11.0,12.582,11.0
COC.5ReasonstoClash.UA.EN.59s.16x9$COC0326-8.mp4,https://www.youtube.com/watch?v=HcabzsbIyQk,,,2026-03-22T22:53:44.386Z,59.0,576.526,59.0
"Head to AutoZone for the right parts, friendly service and no headaches.",https://www.youtube.com/watch?v=1qAAcQ2Vw6c,,,2026-03-22T22:53:27.650Z,16.0,16.736,16.0
ROK_V_EN_AI_行军时代_CB_1_1920x1080_6s_260313_NR_1123722,https://www.youtube.com/watch?v=vqwTtg_77UE,,,2026-03-22T22:53:20.094Z,6.0,7.556,6.0
Advice from Dad_VID_30S_16x9_EN,https://www.youtube.com/watch?v=38rmELQAHiU,,,2026-03-22T22:52:49.110Z,31.0,30.984,30.984
Wife Is Murdered After Police Refuse to Arrest Longtime Stalker | Angela Prichard Case Analysis,https://www.youtube.com/watch?v=cgSVQ_NJxr4,Dr. Todd Grande,https://www.youtube.com/channel/UCC_0vyFTKk1Nlodo4QsiQkw,2026-03-22T22:46:07.951Z,911.0,401.159,401.159
DS V 055 004 MagicalMoments EN 15s 1920x1080,https://www.youtube.com/watch?v=pdN2W9Z6XaM,,,2026-03-22T22:45:48.973Z,16.0,18.978,16.0
"André 3000 Wrote ""Ms. Jackson"" As An Apology & Erykah Badu's Mom Bought All ""Ms. Jackson"" Merch 😂👑🔥",https://www.youtube.com/watch?v=OiCqIn9HX_A,Viral Fame News,https://www.youtube.com/channel/UCtR9MOx9fOItQQA0PNnfOaQ,2026-03-22T22:43:39.272Z,5.0,129.701,5.0
Erykah Badu's Daughter Puma Looks Exactly Like Her — And The Internet Cannot Handle It 👀👑✨,https://www.youtube.com/watch?v=90Zf0ex24JM,Viral Fame News,https://www.youtube.com/channel/UCtR9MOx9fOItQQA0PNnfOaQ,2026-03-22T22:43:15.888Z,5.0,23.384,5.0
Kamala Harris Emotes #shorts #kamalaharris #peterhassan,https://www.youtube.com/watch?v=TCM9bbnOJgY,Peter Hassan,https://www.youtube.com/channel/UC4FWNCMdfMbrYyqwsXNCdmg,2026-03-22T22:42:51.367Z,14.0,24.521,14.0
Why ask questions you already know the answer to? #bourbon #WhiskeyTok #Thehunt #BourbonLovers,https://www.youtube.com/watch?v=V5SzQ2CJZ7E,Ohio Bourbon Bro ,https://www.youtube.com/channel/UCB563xwmSuL9jOkb9hqW9OQ,2026-03-22T22:42:42.728Z,6.0,8.639,6.0
Why do I even try?!,https://www.youtube.com/watch?v=gOyqXDWvJV4,North Valley Group,https://www.youtube.com/channel/UCB3W0PijgSW6aw6yADuskhA,2026-03-22T22:42:06.226Z,26.0,36.502,26.0
Go in the house Oscar 😂🤦🏾‍♂️,https://www.youtube.com/watch?v=GpCG_D_bVag,Mac-K The K Baby,https://www.youtube.com/channel/UC6SEmqaoXl5xsqAgRhqgASg,2026-03-22T22:40:53.987Z,60.0,72.239,60.0
"Tiny Harris will star as ""Ron Jeremy"", in new biopic.#ronjeremy #tinyharris #50cent #exposednews",https://www.youtube.com/watch?v=5QLCpcdetls,Lord Gaelik,https://www.youtube.com/channel/UCI6DPJlgvNMrbG-RHpW1oDA,2026-03-22T22:40:36.378Z,6.0,17.609,6.0
👉👈 TSA WeCheck,https://www.youtube.com/watch?v=wyEAED9ph98,jake jonez,https://www.youtube.com/channel/UCGoT6Pd98wZpU6m5vHXTUiA,2026-03-22T22:40:27.277Z,38.0,9.101,9.101
Mom and Daughter Outfit Ideas ❤️ #fashionover40 #style #shorts,https://www.youtube.com/watch?v=NSzVEVng_7Q,Patty's Kloset,https://www.youtube.com/channel/UCdcOx0fsA2g84N65Xcndb-A,2026-03-22T22:40:01.769Z,12.0,25.508,12.0
he's Back BigTex is Back #mrbigtex23 #youtube #bigtexcomedy #comedyvideo #bigtexlaughzone #bigtex,https://www.youtube.com/watch?v=p5cisqcSQOI,Thabigtex2365,https://www.youtube.com/channel/UCp-a1xw4-PuBEvAXtMyvhUg,2026-03-22T22:39:22.093Z,18.0,39.676,18.0
Whitney Houston’s Back Up singer #viralshort #funny #90smusic #millennials #throwbacksongs #funnymom,https://www.youtube.com/watch?v=C5qrPrPEbfA,That Twin Mama,https://www.youtube.com/channel/UC8hxWcbpWK8LfwQ63e41oAQ,2026-03-22T22:39:19.576Z,21.0,2.517,2.517
He thought he saw enough until that big umbrella 😂,https://www.youtube.com/watch?v=B_zI56010LA,Videos that make your day better ,https://www.youtube.com/channel/UCBp4nh-pgJCtO-bTzomzSqA,2026-03-22T22:37:57.463Z,37.0,82.113,37.0
Color analysis with Home Depot swatches WORKS 💯 #shorts #hack,https://www.youtube.com/watch?v=Rdvzrn2uERQ,Johnnah J EXTRA,https://www.youtube.com/channel/UCaDzOTVnSmXkATpKWNW2ILQ,2026-03-22T22:37:09.912Z,22.0,47.551,22.0
Sibling love😂❤️ #siblings,https://www.youtube.com/watch?v=u44RxYWT6BU,Jonny Mansour,https://www.youtube.com/channel/UCzMfy4v2cnyhPDEwvrKDLVg,2026-03-22T22:36:20.161Z,17.0,49.751,17.0
His favorite game…😂 #dogshorts #dogsofyoutube #funnydog #happydog #frenchie,https://www.youtube.com/watch?v=faIpNBSZsL4,Jip Jip The Talking Frenchie,https://www.youtube.com/channel/UCgNTShcXeknpaStCj6HU_KA,2026-03-22T22:36:14.612Z,15.0,5.549,5.549
When You See Black People Fall On The Floor When Somethings Funny #youtubeshorts #bwoywonder #lol,https://www.youtube.com/watch?v=s8NfoT_C53k,New Chat City,https://www.youtube.com/channel/UC-PJ7_Ws8gWFdG0MGD_waKA,2026-03-22T22:36:04.739Z,12.0,9.873,9.873
From Foster Kid to Police Hero: The Carters Were CERTAIN! 😭👮‍♂️❤️ #shorts #emotional #fyp,https://www.youtube.com/watch?v=cyJ2ZUhBxrU,Buzz snap,https://www.youtube.com/channel/UCGPhc1kNLRZBClfuOcuVqIw,2026-03-22T22:36:02.236Z,5.0,2.503,2.503
Shortened: TT_20231204_Motivator_07_Self Expression_Video_1920x1080_30s_ENG.mp4,https://www.youtube.com/watch?v=6GbTLEtBHzg,,,2026-03-22T22:35:37.579Z,29.0,24.657,24.657
#rollerskating,https://www.youtube.com/watch?v=JBqwP7VX-jM,DJ Stan Johnson 🌎,https://www.youtube.com/channel/UCbExe6tJqVUi70QNDyzgNJQ,2026-03-22T22:35:28.103Z,21.0,9.476,9.476
Viking Rise: Survival - Ride Through Heavens and Earth,https://www.youtube.com/watch?v=NLCD4d-5Vr8,,,2026-03-22T22:35:25.756Z,11.0,2.347,2.347
"2026 Outback ""New Look"" - February ALTL Tag",https://www.youtube.com/watch?v=kisJv8Am8mE,,,2026-03-22T22:35:09.432Z,16.0,16.324,16.0
Video Ad,https://www.youtube.com/watch?v=H2MDo41Dl4o,,,2026-03-22T22:34:53.322Z,16.0,16.11,16.0
BumperMark,https://www.youtube.com/watch?v=b6PlHXVkF8o,,,2026-03-22T22:34:44.934Z,7.0,8.388,7.0
Nose contour hack?! ✨,https://www.youtube.com/watch?v=-bxHeD6NksI,Nicole Fay,https://www.youtube.com/channel/UCgjlMhsNjSZ9xeCPnn58Zeg,2026-03-22T22:33:58.951Z,64.0,45.983,45.983
Somebody asked about the 90’s? #90s #shorts,https://www.youtube.com/watch?v=qUSVmCVDzz8,Couples Couch with Pat and Cam,https://www.youtube.com/channel/UCZHBcdoZ9-CKh4_DJyeO06g,2026-03-22T22:33:04.478Z,18.0,54.473,18.0
Another year with these creative names #highlight #teacher #trending #funny #highschool #comedy,https://www.youtube.com/watch?v=oGc-qXBH5xo,Berhanu Dallas,https://www.youtube.com/channel/UC8-blN9SEJSlmYIr-TJAvJw,2026-03-22T22:32:41.346Z,39.0,23.132,23.132
When you wanna play the game in peace!! #funnycouplevideos #relatable #explore #marriedlife #shorts,https://www.youtube.com/watch?v=QpCUNl6tuGs,JONESSINMOTION ,https://www.youtube.com/channel/UCrz8zjAUfPh445h5uoceDTA,2026-03-22T22:32:29.324Z,41.0,12.022,12.022
Cheesy Jalapeño Bacon Potato Plater! 😮 #youtubeshorts #mrbrownreacts #shorts #food,https://www.youtube.com/watch?v=MxjqJSUgpU4,Mr. Brown  ,https://www.youtube.com/channel/UCqV5-S73MlUrrx519JyHnlg,2026-03-22T22:32:10.033Z,28.0,19.291,19.291
10 years in the game…. I know a thing or two 😂 #funny #comedy #couple #viral #shortsfeed,https://www.youtube.com/watch?v=XlY2QHj1Kgs,Erron & Yas,https://www.youtube.com/channel/UCR3L0hYvWJ01R2N41vXYaPg,2026-03-22T22:31:58.641Z,19.0,11.392,11.392
School Front Office Ladies When You Want To Check Out Your Child Be Like 😭 #school #shorts #comedy,https://www.youtube.com/watch?v=7GAe1wkp3BY,Jesus Nalgas,https://www.youtube.com/channel/UCpx4B5O5WhhM8rtDx-vXxbQ,2026-03-22T22:31:48.754Z,85.0,9.887,9.887
Girl cooked some gumbo for her big brother and here's his reaction... it's priceless 😂 ❤️,https://www.youtube.com/watch?v=R3yTfaJ-6UE,Gio Neema,https://www.youtube.com/channel/UCeTyopncs35ywkS51GyEpJA,2026-03-22T22:31:19.648Z,35.0,29.106,29.106
#viral #dance #dancecraze,https://www.youtube.com/watch?v=OWkdt54IbX8,TopDances,https://www.youtube.com/channel/UCIzZiJXfQFnf7LvActfq_eQ,2026-03-22T22:31:05.840Z,13.0,13.808,13.0
🤦🏽‍♂️😂,https://www.youtube.com/watch?v=WGgZ9lnJGnU,OFFICIAL KING SMITTY,https://www.youtube.com/channel/UC45hZTJAc61INgh6GtT0Dgg,2026-03-22T22:30:34.127Z,59.0,31.713,31.713
family meeting… we’re working on accountability 😂,https://www.youtube.com/watch?v=2T0KXVpT560,Angela Lanter,https://www.youtube.com/channel/UC1U3Js59ap0lNqBqVV0p_Eg,2026-03-22T22:29:33.888Z,44.0,60.239,44.0
I felt like a single father after this🤣 #shorts,https://www.youtube.com/watch?v=qKbCUZ14JgQ,Just The Kirks,https://www.youtube.com/channel/UCh0T6RMBds9objz_j_ac_-g,2026-03-22T22:28:03.180Z,86.0,90.708,86.0
Why are we like this😩😂,https://www.youtube.com/watch?v=RRVTrHwgVg8,Black MAEM Community,https://www.youtube.com/channel/UCH3rDa_VamGRl8Rj6E2HqDQ,2026-03-22T22:27:04.608Z,,58.572,58.572
#mustwatch #ashmolive #genderreveal #explore #youtubeshorts #trending #funny #comedy #viralshort,https://www.youtube.com/watch?v=twS4mWhKFjI,ASHMOLIVE,https://www.youtube.com/channel/UC5dHMROG1lpYh9DYQW1vkaA,2026-03-22T22:25:08.507Z,,116.101,116.101
Massive Youtuber Charged with Attempted Murder Has Meltdown in Court | Eric Van Conover Analysis,https://www.youtube.com/watch?v=qiZLiv1dVaE,Dr. Todd Grande,https://www.youtube.com/channel/UCC_0vyFTKk1Nlodo4QsiQkw,2026-03-22T22:24:56.994Z,1140.0,11.513,11.513
cid=9bad3da2b57950a852da176a828904eb,https://www.youtube.com/watch?v=ItKNnRJUvp8,,,2026-03-22T22:24:37.630Z,17.0,19.364,17.0
sh0051gen1920x1080,https://www.youtube.com/watch?v=Eagnn0hJuRQ,,,2026-03-22T22:24:29.872Z,7.0,7.758,7.0
That One Weird Couple,https://www.youtube.com/watch?v=Yn_LJD5EtI0,Justin Stagner ,https://www.youtube.com/channel/UCBU1iuJZN6UtBjQcgvuwJ_Q,2026-03-22T22:23:48.800Z,78.0,41.072,41.072
Mom noticed her son was down and drove 4 hours to support him... His reaction is everything ❤️,https://www.youtube.com/watch?v=V-xLEWbxESw,Gio Neema,https://www.youtube.com/channel/UCeTyopncs35ywkS51GyEpJA,2026-03-22T22:22:29.961Z,69.0,78.839,69.0
DJ Switches From Disco to Gospel as Bridesmaids Start Dancing — It’s Hilarious 😂,https://www.youtube.com/watch?v=7gUxHpkea6M,David Micklos,https://www.youtube.com/channel/UCXyX9FShvAHHJauvsVL3ABw,2026-03-22T22:21:28.031Z,38.0,61.93,38.0
Kidnappers that can’t spell #shorts,https://www.youtube.com/watch?v=k6dZbUj3c4M,Lil Gzus,https://www.youtube.com/channel/UC8olc5yxz0shCvvexytl1zA,2026-03-22T22:20:10.589Z,57.0,77.442,57.0
Puppy Tucks Herself Into Bed Every Night,https://www.youtube.com/watch?v=-6rPP4tp2No,Woof World,https://www.youtube.com/channel/UC-U6hnCuuhVGHdkCJ--NfgA,2026-03-22T22:18:54.808Z,245.0,75.781,75.781
PTSLG_V_EN_3D_踩钉子剧情_CB_709_1920x1080_58s_251130_NR_1056065,https://www.youtube.com/watch?v=0pcg1cLwzCI,,,2026-03-22T22:15:55.568Z,59.0,179.24,59.0
Luxurious Lifestyle Nurse Dies After Scandalous Long-Term 'Cargo Area Affair' | Campitelli Analysis,https://www.youtube.com/watch?v=O8SMTJylw2U,Dr. Todd Grande,https://www.youtube.com/channel/UCC_0vyFTKk1Nlodo4QsiQkw,2026-03-22T22:05:02.200Z,1044.0,653.368,653.368
TT_20230611_Let's_Make_Money_Video_1920x1080_15s_ENG.mp4,https://www.youtube.com/watch?v=RJzXDts4qCY,,,2026-03-22T22:04:27.699Z,16.0,34.501,16.0
By Your Side,https://www.youtube.com/watch?v=MLxhHK4L3bs,,,2026-03-22T21:56:50.548Z,31.0,457.151,31.0
Brand Power features Air Wick Scented Oils,https://www.youtube.com/watch?v=DRjW6Fhe66E,,,2026-03-22T21:56:17.186Z,16.0,33.362,16.0
Aspiring Teenage Serial Killer Feels 'Pure Happiness' After Double Murder | Daniel Marsh Analysis,https://www.youtube.com/watch?v=JS_iO2j2IZI,Dr. Todd Grande,https://www.youtube.com/channel/UCC_0vyFTKk1Nlodo4QsiQkw,2026-03-22T21:48:31.956Z,885.0,465.23,465.23
Top 5 Mistakes Home Sellers Make in 2025 | How do you avoid making them?,https://www.youtube.com/watch?v=eBe7LmDSw98,,,2026-03-22T21:47:19.573Z,432.0,72.383,72.383
YL143_EN_P102(169)【THE ANTS: UNDERGROUND KINGDOM】,https://www.youtube.com/watch?v=Cayn8VvpLfw,,,2026-03-22T21:46:28.915Z,50.0,50.658,50.0
ABC 20 20 New 2026 🍀🍀🍀 Secret Lover 🍀🍀🍀ABC 20 20 Season 2026 Full Episode,https://www.youtube.com/watch?v=YZoLKMcfKR8,Music MA,https://www.youtube.com/channel/UCCuaK049oIjE68mG5Nu2N5A,2026-03-22T21:46:01.496Z,,27.419,27.419
PKTV 000116790 000304234,https://www.youtube.com/watch?v=NnmbHgsS9WE,,,2026-03-22T21:45:55.898Z,16.0,5.598,5.598
Dumb Killer Realizes He Was Caught On Camera,https://www.youtube.com/watch?v=ALB3Idvd8LI,Red Tree Crime,https://www.youtube.com/channel/UCaSOD17PCFgtDq5wwSYzK9g,2026-03-22T21:36:43.475Z,1730.0,552.423,552.423
Shortened: DS-V-027-007_Overstack_EN_20s_1920X1080.mp4,https://www.youtube.com/watch?v=2q5XQCP-9Zc,,,2026-03-22T21:27:26.800Z,19.0,556.675,19.0
Shortened: fz1154en1920x1080,https://www.youtube.com/watch?v=bW-_DPrzjOM,,,2026-03-22T21:27:10.919Z,7.0,15.881,7.0
v3HOR2688zen59SZZZ_1280x720_PS,https://www.youtube.com/watch?v=9Ikt0Y6piII,,,2026-03-22T21:16:45.050Z,60.0,625.869,60.0
XH007_EN_P102(169)【THE ANTS: UNDERGROUND KINGDOM】,https://www.youtube.com/watch?v=4L7irkXTPjQ,,,2026-03-22T21:15:51.207Z,53.0,53.843,53.0
John Realizes His Girlfriend Murdered Her Other Boyfriend,https://www.youtube.com/watch?v=2GHKYQVA_IY,Red Tree Crime,https://www.youtube.com/channel/UCaSOD17PCFgtDq5wwSYzK9g,2026-03-22T21:02:21.681Z,1779.0,809.526,809.526
TT_20231204_Motivator_07_Self Expression_Video_1920x1080_30s_ENG.mp4,https://www.youtube.com/watch?v=SUSn4fA5Yqk,,,2026-03-22T21:01:30.170Z,31.0,51.511,31.0
"Funky Dineva Live - Tuesday March 17, 2026",https://www.youtube.com/watch?v=ImTiOkpVZ1w,Funky Dineva,https://www.youtube.com/channel/UChIkZ9tdYNG78qoFF6oWSvA,2026-03-22T21:00:37.564Z,4445.0,52.606,52.606
Karen Returns to the Gas Station For Revenge,https://www.youtube.com/watch?v=ZYeOioyar0E,Midwest Safety,https://www.youtube.com/channel/UCazRf1jcMNZEL1MS5i_rWQQ,2026-03-22T21:00:06.307Z,924.0,31.257,31.257
10 Hours — Relaxing Facts About The Cosmos To Fall Asleep To — No Adverts,https://www.youtube.com/watch?v=OcXKgbwroxs,Sleepy Science Channel,https://www.youtube.com/channel/UCNZegH5HQPx_chNsPqJw1Rw,2026-03-22T20:58:56.011Z,36313.0,70.296,70.296
7 Hot Dog Brands to Never Buy And 7 That Are Great,https://www.youtube.com/watch?v=4q7bM0aeolU,Food Fear Factor,https://www.youtube.com/channel/UCHgUNQAzmCRi5p3U5qqln7w,2026-03-22T20:58:29.493Z,1349.0,26.518,26.518
How far you going for your kids? ,https://www.youtube.com/watch?v=qR7v24iu6ZE,Jalen Hinton,https://www.youtube.com/channel/UCbDbRRACIT_ysQkDa4MYT2A,2026-03-22T20:57:24.684Z,220.0,64.809,64.809
Millions of finds on eBay | Drag Race,https://www.youtube.com/watch?v=aJN_jWw_MA0,,,2026-03-22T20:57:01.310Z,7.0,23.374,7.0
DCD-The-400719| Hulu,https://www.youtube.com/watch?v=zyZa1yg4yY4,,,2026-03-22T20:56:58.591Z,16.0,2.719,2.719
fz0633en1920x1080,https://www.youtube.com/watch?v=aWHaFyCBPQE,,,2026-03-22T20:41:01.045Z,44.0,957.546,44.0
50% Off Everything Online,https://www.youtube.com/watch?v=snDhPnGHmZw,,,2026-03-22T20:40:25.304Z,16.0,35.741,16.0
Shortened: sh0001ben1920x1080,https://www.youtube.com/watch?v=DJvHLloHLTQ,,,2026-03-22T20:40:09.921Z,7.0,15.383,7.0
lol who,https://www.youtube.com/watch?v=4sn_RLhdzYI,Darryl Vega,https://www.youtube.com/channel/UC0XAqhqyZI5_iBtsTvudM7w,2026-03-22T20:30:21.024Z,178.0,588.897,178.0
#funny 😄,https://www.youtube.com/watch?v=TfZ71ZXkBFQ,Eddyfamilytv,https://www.youtube.com/channel/UCYOkplp9M_QflX2hAUCvjng,2026-03-22T20:27:42.804Z,155.0,158.22,155.0
PF ST Dragon Promo3 1x1,https://www.youtube.com/watch?v=8rEInu7f6mw,,,2026-03-22T20:27:40.889Z,60.0,1.915,1.915
There’s no pretending with that second one 🥲🤡 #reels #funny #pets #comedy #shorts #suavexavier,https://www.youtube.com/watch?v=T4SdQHDOTEw,Suavexavier,https://www.youtube.com/channel/UCduf5_5FnIptzDMBJ75ttFQ,2026-03-22T20:26:47.188Z,40.0,53.701,40.0
FRK_UA_VID_70_DicePuppies_V01_AHM_EN_55s_1920x1080,https://www.youtube.com/watch?v=sZ_qCGMaGLk,,,2026-03-22T20:26:40.436Z,55.0,6.752,6.752
Erika Kirk Finally Learns The Truth,https://www.youtube.com/watch?v=BGddYAbs-RM,Reese Waters,https://www.youtube.com/channel/UCCcr-MvAMettt8yktc9t4ag,2026-03-22T20:25:26.900Z,1971.0,73.536,73.536
A special day for a special boy!🐾🎂#shorts #reels #explore,https://www.youtube.com/watch?v=jEf5a3aKT30,Suavexavier,https://www.youtube.com/channel/UCduf5_5FnIptzDMBJ75ttFQ,2026-03-22T20:25:25.600Z,65.0,1.3,1.3
u3UGC4077zen25SZJA_1280x720_PS,https://www.youtube.com/watch?v=O6kUfi9U-r4,,,2026-03-22T20:24:52.629Z,26.0,32.971,26.0
Shortened: SNAP_1699609029_Brazen_GrandArenaCG_CharacterVignette_HumanTorch_EN_16x9.mp4,https://www.youtube.com/watch?v=VAPZSukFrOM,,,2026-03-22T20:24:23.558Z,29.0,29.071,29.0
Take girlfriend phone and run to see how she reacts 🤪🤣tiktok fyp usa,https://www.youtube.com/watch?v=aGLrRh4YWzU,Prank😅01,https://www.youtube.com/channel/UCU50ANqyz0jseJH_dt7EIqQ,2026-03-22T20:22:06.213Z,146.0,137.345,137.345
Rest & refocus 🧘🏽‍♂️ #explore #reels #shorts,https://www.youtube.com/watch?v=QNaHmIRZCmc,Suavexavier,https://www.youtube.com/channel/UCduf5_5FnIptzDMBJ75ttFQ,2026-03-22T20:20:56.401Z,62.0,69.812,62.0
Shortened: Puzzles & Chaos,https://www.youtube.com/watch?v=fh4IspJTA3s,,,2026-03-22T20:20:34.410Z,,21.991,21.991
What’s for dinner for my 4 kids family of 6?,https://www.youtube.com/watch?v=foHOcM0d_Ww,Neo KirchBaby,https://www.youtube.com/channel/UCdZDH48UgVo3rLcIyLiuMPg,2026-03-22T20:16:23.113Z,335.0,251.297,251.297
PRIME-56808_Enhanced Fail & Try Again_Enterprise D_1920x1080 v3_mjy6p0k4ab_mjy6p0k4ab.mp4,https://www.youtube.com/watch?v=8lbKGGmVPpE,,,2026-03-22T20:15:04.280Z,42.0,78.833,42.0
Merge Gardens: a place where magic thrives,https://www.youtube.com/watch?v=mKvUrGW_81Q,,,2026-03-22T20:14:32.957Z,31.0,31.323,31.0
Corey 5sec,https://www.youtube.com/watch?v=gycPDtySTG4,,,2026-03-22T20:14:25.959Z,6.0,6.998,6.0
250618_bumper3+le60s_en_ZW_1920x1080.mp4,https://www.youtube.com/watch?v=U41qMMUytSQ,,,2026-03-22T20:14:18.975Z,7.0,6.984,6.984
Michael B Jordan deserved better! In-N-Out is Dog Water! #foodreview #travel #foodie,https://www.youtube.com/watch?v=I3524fDFygs,SJohnsonVoiceOvers,https://www.youtube.com/channel/UCbgXi8uaNyf8ifThVBPuKoQ,2026-03-22T20:13:10.553Z,90.0,68.422,68.422
Discover your scent with Dove Men+Care,https://www.youtube.com/watch?v=8EdUsJ43GMc,,,2026-03-22T20:11:17.025Z,15.0,113.528,15.0
Don't Sip the Wrong Soda!,https://www.youtube.com/watch?v=mftF8vXSFBk,Benson Bros,https://www.youtube.com/channel/UCW5ByAeze7rYXPZ9T-ndJ5g,2026-03-22T20:11:12.019Z,422.0,5.006,5.006
"1 can is good for breakfast, lunch, snacks, dinner, and midnight snacks 👩‍🍳 #cookingessentials",https://www.youtube.com/watch?v=JQr6cBNvRlk,Connh Cruz • Modern Nanay™,https://www.youtube.com/channel/UCHApAswVTX81D2Omf4dLetg,2026-03-22T20:08:28.252Z,179.0,163.767,163.767
TELLING MY WIFE I’M MAKING FRIES,https://www.youtube.com/watch?v=eCEj_hKKzZo,Karissa Stevens,https://www.youtube.com/channel/UCP1w3f09_jJKq5TKIWyoT2g,2026-03-22T20:07:57.093Z,86.0,31.159,31.159
The Original Door Snatcher😩🤣 Real Parents Snatch Doors! Now slam that sheet 🤷🏾‍♂️🤣 #momlife,https://www.youtube.com/watch?v=jYFGLw9alnY,T. Murph,https://www.youtube.com/channel/UC8TJK8iQFZYv_3QrwlOASxA,2026-03-22T20:06:42.716Z,86.0,74.377,74.377
About to entertain your pets for hours 😂 #shorts #reels #explore,https://www.youtube.com/watch?v=H9GbXYVddmA,Suavexavier,https://www.youtube.com/channel/UCduf5_5FnIptzDMBJ75ttFQ,2026-03-22T20:05:54.008Z,43.0,48.708,43.0
Omarion x B2K performing Touch! 🔥🔥. #boys4lifetour,https://www.youtube.com/watch?v=bwUnFBQdR9k,ConcertFilmz 📸,https://www.youtube.com/channel/UCG7KWWNt1SiH65pgEd7I68Q,2026-03-22T20:04:52.907Z,45.0,61.101,45.0
DELICIOUS MEAL VS SPIN & WIN GAME | Pls subscribe to my channel ,https://www.youtube.com/watch?v=cuH0nAnUr0s,Ugo Morgan,https://www.youtube.com/channel/UCjQXIBVGePnHUFAoH8wJuIg,2026-03-22T20:03:36.576Z,592.0,76.331,76.331
This dessert is a game changer,https://www.youtube.com/watch?v=peynqmz0Asg,AmysDailyRecipes,https://www.youtube.com/channel/UCVhK9uc-iRq-pcxAJvr6HFA,2026-03-22T20:01:51.429Z,292.0,105.147,105.147
ASKING MY WIFE TO MAKE SOMETHING SHE’S NEVER MADE BEFORE…,https://www.youtube.com/watch?v=le2-1HymfYs,Karissa Stevens,https://www.youtube.com/channel/UCP1w3f09_jJKq5TKIWyoT2g,2026-03-22T20:00:17.288Z,87.0,94.141,87.0
v3PWB2891zen60SZZZ_1280x720_PS,https://www.youtube.com/watch?v=Kedy1ZrFxd8,,,2026-03-22T19:59:52.254Z,60.0,25.034,25.034
GOF3D8386_EN_FZ混剪-解说轻松经营_1920x1080,https://www.youtube.com/watch?v=XOFHMTthLG8,,,2026-03-22T19:59:15.440Z,36.0,36.814,36.0
fz0508ben1920x1080,https://www.youtube.com/watch?v=PGeT1NIbmlY,,,2026-03-22T19:59:00.226Z,7.0,15.214,7.0
If I didn’t… you wouldn’t believe me 🥲 #shorts #reels #explore,https://www.youtube.com/watch?v=_Uw-CnajMRM,Suavexavier,https://www.youtube.com/channel/UCduf5_5FnIptzDMBJ75ttFQ,2026-03-22T19:58:57.215Z,67.0,3.011,3.011
"No devices, no food #shortsvideo #familyof10 #bigfamily #momof8 #short #shorts #largefamily",https://www.youtube.com/watch?v=ZA72-P_rkwY,The queens family,https://www.youtube.com/channel/UCdr8Ndv-TIGott2v5z34nYQ,2026-03-22T19:56:54.049Z,103.0,123.166,103.0
Come and eat loves 🥰🥰#sahm #fyp #homecookedfood #food #cooking #homemade,https://www.youtube.com/watch?v=qfsWSGmB1GQ,B Real Family,https://www.youtube.com/channel/UCIo2xd8h9bH-VFD5bFJeHjQ,2026-03-22T19:54:50.097Z,120.0,123.952,120.0
FAT2D04630_EN_zz果汁杯大西瓜餐厅订单条叠加摆放K版试玩转视频60s_1080x1080,https://www.youtube.com/watch?v=pIVZGCqxCsE,,,2026-03-22T19:52:49.491Z,60.0,120.606,60.0
"Cheap and healthy meal prep for the week / yoghurt, fruit, granola parfait",https://www.youtube.com/watch?v=H3dOLyjCr6U,Hair Tutorials & Lifestyle ,https://www.youtube.com/channel/UCVzuCrhVoIYdklGjq4suBqw,2026-03-22T19:52:44.480Z,482.0,5.011,5.011
Divorced Parents! #funnyshorts #funny #comedy #RodRivals,https://www.youtube.com/watch?v=sv1fUNRqF8s,Rod Rivals,https://www.youtube.com/channel/UC-5SN_yidDLtc397qk_apFg,2026-03-22T19:50:51.911Z,83.0,112.569,83.0
No children’s church,https://www.youtube.com/watch?v=nqOOd_DfXVA,KevOnStage,https://www.youtube.com/channel/UC5Zc0EUB-km6in-55cK7k2g,2026-03-22T19:50:26.713Z,28.0,25.198,25.198
Girl's reaction when she found out her sister made spaghetti is hilarious... 😂 ❤️,https://www.youtube.com/watch?v=fbTyrt-ZBn8,Gio Neema,https://www.youtube.com/channel/UCeTyopncs35ywkS51GyEpJA,2026-03-22T19:48:04.371Z,148.0,142.342,142.342
Instagram Teen Accounts,https://www.youtube.com/watch?v=Ycndo1EVORQ,,,2026-03-22T19:44:25.527Z,7.0,218.844,7.0
MGD Sett HelpTheBees V179146 28 1920x1080 S1080 Android iOS English&IMG=3U8A,https://www.youtube.com/watch?v=Paz4L6xBb4E,,,2026-03-22T19:43:56.186Z,29.0,29.341,29.0
Boneless Chocolate Chip Cookie Fail! #foodreview #foodie #recipe,https://www.youtube.com/watch?v=nYzj6RTdE14,SJohnsonVoiceOvers,https://www.youtube.com/channel/UCbgXi8uaNyf8ifThVBPuKoQ,2026-03-22T19:43:35.766Z,177.0,20.42,20.42
MPY-45106_Vidsy repurpose 14 - Dec 1920x1080-V2_ktmbzx2glf_ktmbzx2glf.mp4,https://www.youtube.com/watch?v=xeZAyleM7ZM,,,2026-03-22T19:43:29.281Z,21.0,6.485,6.485
Buc-ee’s again,https://www.youtube.com/watch?v=HAB6u99-lGQ,Justin Stagner ,https://www.youtube.com/channel/UCBU1iuJZN6UtBjQcgvuwJ_Q,2026-03-22T19:43:00.460Z,27.0,28.821,27.0
PRIME-55368_TNG_First_Contact-Trailer_1920x1080_EN_44S_bar71bubbj_bar71bubbj.mp4,https://www.youtube.com/watch?v=LSnbuNrAXxk,,,2026-03-22T19:34:47.704Z,45.0,492.756,45.0
Leveling Up :15 | That's Why...We Got You! | VACU,https://www.youtube.com/watch?v=qgp4QORwvG8,,,2026-03-22T19:34:07.753Z,16.0,39.951,16.0
Tylenol 6sec edit 04 GM,https://www.youtube.com/watch?v=BVABl57YU4E,,,2026-03-22T19:34:00.299Z,7.0,7.454,7.0
Putting in the work. The original photo filter.,https://www.youtube.com/watch?v=V5G-qVGiZcE,,,2026-03-22T19:33:52.809Z,7.0,7.49,7.0
Nicki Minaj helps Tasha K Pay Cardi b,https://www.youtube.com/watch?v=sA9kthIePj0,Armon Wiggins,https://www.youtube.com/channel/UCl8dvxZaiUtttyDBgIujocw,2026-03-22T19:25:44.451Z,986.0,488.358,488.358
Instagram Teen Accounts,https://www.youtube.com/watch?v=rl4cwI6I7PY,,,2026-03-22T19:25:27.400Z,16.0,17.051,16.0
"Deals so right, it almost feels wrong.",https://www.youtube.com/watch?v=FYr5yBzk6gY,,,2026-03-22T19:25:10.978Z,16.0,16.422,16.0
Shortened: GOT3D10393_EN_BJHT1AI片头审讯威胁+U型山坡-沙漠版不侵权_AI片头_1920x1080,https://www.youtube.com/watch?v=uv0BtQIoNA4,,,2026-03-22T19:12:51.248Z,56.0,739.73,56.0
Shortened: cid=8a37374876a97456b5182c47932dbe90,https://www.youtube.com/watch?v=bQJ2SxHinUU,,,2026-03-22T19:12:35.395Z,15.0,15.853,15.0
Restaurant 6s 16x9 v02,https://www.youtube.com/watch?v=cOPdUmj5mp8,,,2026-03-22T19:12:20.373Z,7.0,15.022,7.0
Complicated taxes? We'll do them for $149 or less!,https://www.youtube.com/watch?v=hELnDvpms0A,,,2026-03-22T19:00:48.005Z,,692.368,692.368
Z Route: Redemption,https://www.youtube.com/watch?v=LferHRiIWkc,,,2026-03-22T18:44:47.352Z,54.0,960.653,54.0
PRIME-53738_Manage your Fleet V2_EN_1920x1080_44S_fuxuudblt7_fuxuudblt7.mp4,https://www.youtube.com/watch?v=kFnOcOGwjfo,,,2026-03-22T18:44:15.505Z,45.0,31.847,31.847
Advanced Scalp Care - only at Costco!,https://www.youtube.com/watch?v=IKtGMXs0z2k,,,2026-03-22T18:44:07.689Z,7.0,7.816,7.0
GOF3D8244_EN_FZK1四传送带单塔御敌-白熊版-主角射击版_1920x1080,https://www.youtube.com/watch?v=N82duUDAPaU,,,2026-03-22T18:29:49.550Z,51.0,858.139,51.0
cid=8108a7c3835bd00f7d49c2b13ce77a01,https://www.youtube.com/watch?v=WN9yx8k0dDI,,,2026-03-22T18:29:17.674Z,31.0,31.876,31.0
PRIME-44313_Animated Series Episode 4 Teaser V2 Regular Endcard_1920x1080_20s_4vpv..._4vpv5gghs1.mp4,https://www.youtube.com/watch?v=VkE7q4IMAMA,,,2026-03-22T18:13:32.359Z,20.0,945.315,20.0
Savings Wrangler Elevator 15 59,https://www.youtube.com/watch?v=-TPNU1e9efs,,,2026-03-22T18:13:15.667Z,16.0,16.692,16.0
Grocery 6s 1x1,https://www.youtube.com/watch?v=w8CjpHpvjXA,,,2026-03-22T18:13:07.905Z,7.0,7.762,7.0
FAT2D05909_EN_zzAIgg咖啡馆合成棋子订单_1920×1080,https://www.youtube.com/watch?v=FolRmKDm58k,,,2026-03-22T18:13:01.670Z,5.0,6.235,5.0
Get a FREE iPhone or Samsung with TAG Mobile | 10GB Data + Unlimited Talk & Text,https://www.youtube.com/watch?v=NB9Rl1fCX5k,,,2026-03-22T17:59:03.061Z,17.0,838.609,17.0
Nature's Way Feel Alive!,https://www.youtube.com/watch?v=6nLrBUPWDJg,,,2026-03-22T17:58:46.728Z,16.0,16.333,16.0
Cub Cadet Ultimate Steering Wheel Event at Vaughan's!,https://www.youtube.com/watch?v=bRLnMK34l5Q,,,2026-03-22T17:58:30.193Z,16.0,16.535,16.0
ABC 20/20 New 2026 | S48E21 - Framing the Innocent | NEW TODAY | ABC 20/20 Full Episodes 2026 New,https://www.youtube.com/watch?v=Fm6oVT6daf8,Hezd,https://www.youtube.com/channel/UCbSUR7MeQHlYf4N3dcJFmeg,2026-03-22T17:45:26.532Z,,783.661,783.661
One Coach’s Game Plan: Adding Rezdiffra® (resmetirom),https://www.youtube.com/watch?v=imBdkFVlwvw,,,2026-03-22T17:45:13.517Z,62.0,13.015,13.015
PitLawyers5 StinkyPits 15s REVISED MARCH10 1,https://www.youtube.com/watch?v=rThA6BjBLSI,,,2026-03-22T17:44:56.993Z,15.0,16.524,15.0
Royal Canin Puppy 15 sec,https://www.youtube.com/watch?v=FavJ4d33mTY,,,2026-03-22T17:44:39.779Z,16.0,17.214,16.0
Animal Farm | Andy Serkis | Official Trailer | In Theaters May 1 | Angel,https://www.youtube.com/watch?v=g8wLmj9SiKM,,,2026-03-22T17:44:33.700Z,144.0,6.079,6.079
"Allison Wright, whose husband worked with Eric Richins, testifies in Kouri Richins murder trial",https://www.youtube.com/watch?v=QZn__Vk7scc,East Idaho News,https://www.youtube.com/channel/UCd7U6pdRYzU-K_vFqwzLBqQ,2026-03-22T17:41:45.815Z,1286.0,167.885,167.885
Reach - Coffee Shop 6s Horizontal,https://www.youtube.com/watch?v=UNuRPxxw0Lg,,,2026-03-22T17:41:36.097Z,7.0,9.718,7.0
Old Spice-Brand-ENG-FOF Stick Cologne Quality-APDO/PCC-15-NonSkip-16x9-,https://www.youtube.com/watch?v=RCmN9Zw-xw0,,,2026-03-22T17:24:55.022Z,16.0,1001.075,16.0
Hooters -  Nothing Beats the Original,https://www.youtube.com/watch?v=aoFOz2t0rpE,,,2026-03-22T17:24:38.573Z,16.0,16.449,16.0
Turn Your Passion Into a Career With Purdue Global,https://www.youtube.com/watch?v=2ElIG2Ns_OY,,,2026-03-22T17:24:30.654Z,7.0,7.919,7.0
"Cross-Exam Emphasizes Forgery Finding Is Not Certain, Only 'Probably'",https://www.youtube.com/watch?v=wKYalOKAyfE,Meghann Cuniff,https://www.youtube.com/channel/UCOHIOF-rFAeLOnH0ri5F62g,2026-03-22T17:14:07.571Z,1601.0,623.083,623.083
Lotrimin - Healthy Feet,https://www.youtube.com/watch?v=PTBcXJeCm_M,,,2026-03-22T17:13:56.805Z,8.0,10.766,8.0
Stressball 2 - 15s - 1920x1080,https://www.youtube.com/watch?v=1f9EyvuGHRo,,,2026-03-22T17:13:40.528Z,16.0,16.277,16.0
Most delicious okra soup for my darling husband on his birthday 🎈,https://www.youtube.com/watch?v=U6xvhpvXMaA,Hair Tutorials & Lifestyle ,https://www.youtube.com/channel/UCVzuCrhVoIYdklGjq4suBqw,2026-03-22T17:06:43.078Z,598.0,417.45,417.45
Hint vid1080 v2 GL soulmate EN 24 12 2025 LK 1200x1200,https://www.youtube.com/watch?v=6-fnCmgKuZE,,,2026-03-22T17:06:35.853Z,18.0,7.225,7.225
yeah look what my husband just brought in the house 😳😳,https://www.youtube.com/watch?v=nhEuijpgCfA,Mrs Jones,https://www.youtube.com/channel/UCScg2LNbfigT3tJ4LMKJXKA,2026-03-22T17:06:13.374Z,246.0,22.479,22.479
Soldier returns home for Granny's 75th birthday and gets surprise pregnancy news 🥹,https://www.youtube.com/watch?v=fmF3PKqyp0w,Jamie and Blake,https://www.youtube.com/channel/UChfyCF3pOxeNWkxLt7MvltQ,2026-03-22T17:04:59.250Z,499.0,74.124,74.124
Thrive Causemetics-IWEL16x9-Lauren,https://www.youtube.com/watch?v=DLnfCHKegOo,,,2026-03-22T17:01:20.989Z,26.0,218.261,26.0
Hydroxycut Hot Deals - Hardcore Shredding Stack,https://www.youtube.com/watch?v=ldMyFytdRnM,,,2026-03-22T17:01:04.473Z,16.0,16.516,16.0
Trying the privilege meals my gf had growing up #shorts,https://www.youtube.com/watch?v=dMZhN7easkY,Ayosafespace ,https://www.youtube.com/channel/UCmPM-br_AE7Ycr8V9Xwuuzw,2026-03-22T17:00:33.273Z,76.0,31.2,31.2
Great American Road Trip: Speeding | :30,https://www.youtube.com/watch?v=PJtVHw3drXI,,,2026-03-22T17:00:32.846Z,31.0,0.427,0.427
Cooking isn’t a gender role. It’s a life skill. This is what providing looks like.,https://www.youtube.com/watch?v=Uq8fpRzyKEU,Jamire's Journey,https://www.youtube.com/channel/UCPeD3HFeULzcrLBc7GbfSUA,2026-03-22T17:00:01.425Z,178.0,31.421,31.421
Waking up and making breakfast 🍳,https://www.youtube.com/watch?v=QUnHzJJH0_U,Hair Tutorials & Lifestyle ,https://www.youtube.com/channel/UCVzuCrhVoIYdklGjq4suBqw,2026-03-22T16:57:51.912Z,481.0,129.513,129.513
"Dinner doesn’t have to be fancy, it just has to feed your family",https://www.youtube.com/watch?v=gcAWsQCj348,Jessica,https://www.youtube.com/channel/UCxPtWxbojpMGbpQKXPthzuw,2026-03-22T16:50:54.157Z,162.0,417.755,162.0
He Wants McDonald’s So Bad 😂,https://www.youtube.com/watch?v=dlmUQOLvFmc,JessPooDoo,https://www.youtube.com/channel/UCz8-R_W08YVZTx303q1oRmQ,2026-03-22T16:50:35.526Z,178.0,18.631,18.631
The struggle is real🥲😂 #shorts #reels #explore,https://www.youtube.com/watch?v=YCwpFGBod6I,Suavexavier,https://www.youtube.com/channel/UCduf5_5FnIptzDMBJ75ttFQ,2026-03-22T16:49:30.448Z,62.0,65.078,62.0
Park City EMS Margaret Offret testifies in Kouri Richins murder trial,https://www.youtube.com/watch?v=v9MNJwaoHFw,East Idaho News,https://www.youtube.com/channel/UCd7U6pdRYzU-K_vFqwzLBqQ,2026-03-22T16:48:58.447Z,1400.0,32.001,32.001
Shortened: GOF3D8386_EN_FZ混剪-解说轻松经营_1920x1080,https://www.youtube.com/watch?v=SEfoR1R5Esc,,,2026-03-22T16:48:00.909Z,33.0,57.538,33.0
Just one trick and all the neighbors will be asking for the recipe for this dessert!,https://www.youtube.com/watch?v=TIuN245J_2k,Cookrate - Cakes,https://www.youtube.com/channel/UCy3QtOQ7NiSEOs7JO-7vq7A,2026-03-22T16:46:06.093Z,178.0,114.816,114.816
ASKING MY ITALIAN WIFE TO MAKE PIZZA CON PATATE,https://www.youtube.com/watch?v=oH89yEfWiKk,Karissa Stevens,https://www.youtube.com/channel/UCP1w3f09_jJKq5TKIWyoT2g,2026-03-22T16:44:40.170Z,69.0,85.923,69.0
When kids don’t listen 😂😂😂 #funny #kids #healthyparenting #funnykids #shorts,https://www.youtube.com/watch?v=zE8uPYJ7dFw,BabyFails TV,https://www.youtube.com/channel/UCm-RVtKPqznMw6V8nHHmkCQ,2026-03-22T16:42:59.818Z,88.0,100.352,88.0
I can get use to this 🏌🏽‍♂️😂 #shorts #reels #explore,https://www.youtube.com/watch?v=d0AoEqjSOl0,Suavexavier,https://www.youtube.com/channel/UCduf5_5FnIptzDMBJ75ttFQ,2026-03-22T16:41:35.682Z,76.0,84.136,76.0
Shortened: v3HOR3262zen59SZCR_1280x720_PS,https://www.youtube.com/watch?v=_bDOnuolElA,,,2026-03-22T16:40:09.219Z,55.0,86.463,55.0
FAT2D05907_EN_zzAIgg海浪桌合成棋子订单_1920x1080,https://www.youtube.com/watch?v=ebAgiCJEVu8,,,2026-03-22T16:39:31.090Z,5.0,38.129,5.0
The clingy dog is like Velcro#viralshorts #funnyshorts #shortsfeed,https://www.youtube.com/watch?v=71AAyTplg28,cute pet fun home,https://www.youtube.com/channel/UCGSE25vn_7k9HKWLks5dVEQ,2026-03-22T16:38:31.780Z,178.0,59.31,59.31
C4F15999_zwq_30+_EN.mp4,https://www.youtube.com/watch?v=mWnBqNPh6fs,,,2026-03-22T16:32:56.029Z,60.0,335.751,60.0
Mummy makes the most delicious food 🤤,https://www.youtube.com/watch?v=TuDj2FJI18M,Hair Tutorials & Lifestyle ,https://www.youtube.com/channel/UCVzuCrhVoIYdklGjq4suBqw,2026-03-22T16:31:39.657Z,487.0,76.372,76.372
The $10 Million Shot That Made Movie History,https://www.youtube.com/watch?v=ae20TRVFXNs,Crazy Bunny Movie,https://www.youtube.com/channel/UCbNJ6K8glWpGnytlXd59NPg,2026-03-22T16:30:28.304Z,55.0,71.353,55.0
Man says black women at the Houston Rodeo embarrassed the culture by dressing promiscuous outside 🤔,https://www.youtube.com/watch?v=4g3Jghq5fxs,Anton Daniels,https://www.youtube.com/channel/UCdT-CwbU6tTvR2PC6i8fGfw,2026-03-22T16:26:48.332Z,179.0,219.972,179.0
Straight for the neck 💀🤣 #shorts #reels #explore,https://www.youtube.com/watch?v=ABJwmn3YJys,Suavexavier,https://www.youtube.com/channel/UCduf5_5FnIptzDMBJ75ttFQ,2026-03-22T16:25:36.276Z,67.0,72.056,67.0
Can’t Believe I Cried In That Office😑,https://www.youtube.com/watch?v=VLvkEmMcPgc,Leasie B,https://www.youtube.com/channel/UC1CgaVmGvygOpl62-F3Gxgg,2026-03-22T16:25:24.231Z,47.0,12.045,12.045
PRIME-56870_Ship Upgrades Walk-Thru_Kelvin Iteration_EN_1920x1080_38s_v2_zk9mtuyf98_zk9mtuyf98.mp4,https://www.youtube.com/watch?v=joPgNdFH_UU,,,2026-03-22T16:23:52.454Z,39.0,91.777,39.0
C176444 ENG IND SNG EVG SUP VID 15S 0 S4 16X9,https://www.youtube.com/watch?v=HM0NTb00dM4,,,2026-03-22T16:23:35.765Z,16.0,16.689,16.0
24   July   MM Constellation   6 Second Cut   Debit   UAC   1920x1080,https://www.youtube.com/watch?v=dz7d0UogWDs,,,2026-03-22T16:23:28.180Z,7.0,7.585,7.0
Life Insurance Agent Testifies About Fentanyl Overdose Talk w/ Kouri Richins,https://www.youtube.com/watch?v=pxmOJkiEmlo,Meghann Cuniff,https://www.youtube.com/channel/UCOHIOF-rFAeLOnH0ri5F62g,2026-03-22T16:11:14.580Z,2029.0,733.6,733.6
Shortened: MPY-23048_Amusement Park_EN_1920x1080_29s_v3_4agd97323s.mp4,https://www.youtube.com/watch?v=l9PiddCbasY,,,2026-03-22T16:09:54.378Z,24.0,80.202,24.0
Adoption Belongs Everywhere - Buster,https://www.youtube.com/watch?v=cyQtjRVNMTg,,,2026-03-22T16:05:55.365Z,31.0,239.013,31.0
In The Raw Sweeteners | While In The Raw - Stevia 15s,https://www.youtube.com/watch?v=Ynemwo_sNTI,,,2026-03-22T16:05:38.771Z,16.0,16.594,16.0
Unofficial New Year for Tool People,https://www.youtube.com/watch?v=Dj3PnIgww8M,,,2026-03-22T16:05:31.465Z,7.0,7.306,7.0
Why Most Robot Mowers Fail — And Why Lymow One Plus Doesn’t,https://www.youtube.com/watch?v=orzvSB75ypQ,,,2026-03-22T15:57:13.328Z,31.0,498.137,31.0
EAG25 10840 HelperCups1 012326 1,https://www.youtube.com/watch?v=ei8QEKv_PgQ,,,2026-03-22T15:56:56.651Z,16.0,16.677,16.0
Bring your ideas to life with Base44,https://www.youtube.com/watch?v=-uKWnJoPtlE,,,2026-03-22T15:56:25.261Z,30.0,31.39,30.0
Records Detail Kouri Richins' 'Midway Mansion' Buy One Day After Husband's Fatal Overdose,https://www.youtube.com/watch?v=iBFtysebZ9w,Meghann Cuniff,https://www.youtube.com/channel/UCOHIOF-rFAeLOnH0ri5F62g,2026-03-22T15:41:07.060Z,1592.0,918.201,918.201
FY26Q1 Acrobat DoThatWithAcrobat AllAligned LM REV Web 30 16x9 EN NoURL Captions,https://www.youtube.com/watch?v=uIKfBm9M5uI,,,2026-03-22T15:40:35.710Z,31.0,31.35,31.0
The Height of Human Achievement,https://www.youtube.com/watch?v=DvsgqeP_HuU,,,2026-03-22T15:39:51.752Z,60.0,43.958,43.958
Accountant Details Kouri Richins'  House-Flipping Business & Financial Lies,https://www.youtube.com/watch?v=RF9KQfD4Fi8,Meghann Cuniff,https://www.youtube.com/channel/UCOHIOF-rFAeLOnH0ri5F62g,2026-03-22T14:50:55.486Z,2121.0,2936.266,2121.0
Royal Canin | Feed Their Breed,https://www.youtube.com/watch?v=AOdCAMi1wA4,,,2026-03-22T14:50:33.196Z,16.0,22.29,16.0
Sarah Boone took the stand during her motions hearing...For Some Reason,https://www.youtube.com/watch?v=a0aVjtCjnmY,dreading (crime and psychology),https://www.youtube.com/channel/UCG-qQe1mnh4JVKhuJkdh8KA,2026-03-22T12:12:24.405Z,2794.0,9488.791,2794.0
WGGG Audio Cutdown,https://www.youtube.com/watch?v=QkNcSxYwxGs,,,2026-03-22T12:11:52.398Z,31.0,32.007,31.0
SQUARESPACE | Q3 | Sports | :30 | EN,https://www.youtube.com/watch?v=bMoa1CRphF8,,,2026-03-22T12:11:19.977Z,30.0,32.421,30.0
The Most Relaxing Facts About Plants to Fall Asleep To,https://www.youtube.com/watch?v=d_eh6tVNjWY,Sleepy Science Channel,https://www.youtube.com/channel/UCNZegH5HQPx_chNsPqJw1Rw,2026-03-22T10:03:45.190Z,7649.0,7654.787,7649.0
Secret Clinical Stress Stress Sweat ENG 06 OLV 16x9 PGSC4180000H July25,https://www.youtube.com/watch?v=CQsKH2L8nio,,,2026-03-22T10:03:35.953Z,7.0,9.237,7.0
Chuy’s Tex-Mex  – $5 Chips ‘N’ Dips,https://www.youtube.com/watch?v=Lj0thXHPw5o,,,2026-03-22T10:03:19.878Z,16.0,16.075,16.0
Predator Drove From Texas to Arkansas to Meet a 15-Year-Old,https://www.youtube.com/watch?v=1lYWCPQOXFU,Daily Dose Of Crime,https://www.youtube.com/channel/UCrOKDAUB-iL2wLzZdRN7xgA,2026-03-22T09:19:27.118Z,2604.0,2632.76,2604.0
Vista print Landscape v1,https://www.youtube.com/watch?v=Y0i-HTSq5Yk,,,2026-03-22T09:19:08.945Z,16.0,18.173,16.0
Thrive Causemetics-BrowGel16x9-Merida,https://www.youtube.com/watch?v=iK192-KHMxY,,,2026-03-22T09:15:26.198Z,29.0,222.747,29.0
Unofficial New Year for Tool People,https://www.youtube.com/watch?v=peR9qbbWubs,,,2026-03-22T09:15:09.977Z,16.0,16.221,16.0
This is Rev,https://www.youtube.com/watch?v=N5MtZY43sPg,,,2026-03-22T09:06:26.341Z,7.0,523.636,7.0
Efficient Spill Cleanup for Industrial Environments: WypAll® is the Right Wipe for the Job,https://www.youtube.com/watch?v=HeMICkJDP8Y,,,2026-03-22T09:06:10.212Z,16.0,16.129,16.0
The Comeback S3 | HBO Max,https://www.youtube.com/watch?v=lMub9L-m6vM,,,2026-03-22T08:49:17.617Z,16.0,1012.595,16.0
Hardee's | Pulled Pork Frisco Burger | $5.99,https://www.youtube.com/watch?v=jPOuaGPKWiw,,,2026-03-22T08:49:00.913Z,16.0,16.704,16.0
Shortened: v3BRL4318zen59SZSV_1280x720_PS,https://www.youtube.com/watch?v=PUgXsiDli6s,,,2026-03-22T08:37:07.342Z,56.0,713.571,56.0
1920x1080 ts video660v1 nb en 30s 39mb,https://www.youtube.com/watch?v=L46PkGz3SqI,,,2026-03-22T08:36:35.662Z,30.0,31.68,30.0
Shortened: cid=8108a7c3835bd00f7d49c2b13ce77a01,https://www.youtube.com/watch?v=rSCLAEkhgqs,,,2026-03-22T08:20:11.913Z,29.0,983.749,29.0
FAT2D04626_EN_zz果汁杯大西瓜餐厅订单条多阶棋子叠加摆放I版试玩转视频6s_1920x1080,https://www.youtube.com/watch?v=ksl_B_FYZwQ,,,2026-03-22T08:20:03.902Z,7.0,8.011,7.0
Sarah Boone's 58 Page Breakdown,https://www.youtube.com/watch?v=hzif7fXitRk,dreading (crime and psychology),https://www.youtube.com/channel/UCG-qQe1mnh4JVKhuJkdh8KA,2026-03-22T08:04:57.528Z,4118.0,906.374,906.374
Industry S4 | HBO Max,https://www.youtube.com/watch?v=JyCU7ljsOhw,,,2026-03-22T08:04:25.204Z,31.0,32.324,31.0
Shortened: Z Route: Redemption,https://www.youtube.com/watch?v=Wu4_kVMHofc,,,2026-03-22T08:03:09.634Z,50.0,75.57,50.0
Planner Says 'Livid' Kouri Richins Called About Husband's Trust After He Died,https://www.youtube.com/watch?v=fmo0tjGlKXw,Meghann Cuniff,https://www.youtube.com/channel/UCOHIOF-rFAeLOnH0ri5F62g,2026-03-22T07:26:29.154Z,2213.0,2200.48,2200.48
NU0156 CashbackConceptMomSiri IT001 V001 1920x1080 02102025 EN US 40sec,https://www.youtube.com/watch?v=Sqod0hm8ckY,,,2026-03-22T07:26:06.485Z,41.0,22.669,22.669
Pot Roast | Mac & Cheese | Cabbage & Kale With Smoked Sausage | Sweet Potato Cornbread Muffins,https://www.youtube.com/watch?v=Q4yTBLssW0A,Jess Be Cooking ,https://www.youtube.com/channel/UCHlBqMZJ-f_LuCf0-xCWWnQ,2026-03-22T07:25:21.784Z,3656.0,44.701,44.701
The Best Of Druski Compilation (2025),https://www.youtube.com/watch?v=n63Xkl_Jx9g,Wooworld ,https://www.youtube.com/channel/UCmnxUgLF1pAdzn7Z7tg2nhw,2026-03-22T07:24:13.903Z,1219.0,67.881,67.881
She Posted Her Mommy Makeover Journey Online. Now She's Brain Dead 😱,https://www.youtube.com/watch?v=5Jdqzeb3Cr4,Tiktok crimes TV,https://www.youtube.com/channel/UC4jeFowXarws7MB05KC_cWw,2026-03-22T07:23:00.576Z,1676.0,73.327,73.327
Cooking my baby’s birthday jollof rice 🎉with him on my back 🥰,https://www.youtube.com/watch?v=S6leqbpzLgA,Hair Tutorials & Lifestyle ,https://www.youtube.com/channel/UCVzuCrhVoIYdklGjq4suBqw,2026-03-22T07:22:06.760Z,482.0,53.816,53.816
Everyone’s invited to the RITZ Party,https://www.youtube.com/watch?v=XNcdlOHI1Fs,,,2026-03-22T07:21:43.810Z,16.0,22.95,16.0
Big Basket 15,https://www.youtube.com/watch?v=R2QFF_kC4Uk,,,2026-03-22T07:21:43.798Z,15.0,0.012,0.012
Jock aside this woman is a very good cook! She makes the most delicious fried rice 🤤,https://www.youtube.com/watch?v=Q7k4GqcDF_0,Hair Tutorials & Lifestyle ,https://www.youtube.com/channel/UCVzuCrhVoIYdklGjq4suBqw,2026-03-22T07:14:21.552Z,483.0,442.246,442.246
Girls NEVER come back Friends after that Miami Trip #shorts,https://www.youtube.com/watch?v=QI-gTkVJnu0,Druski,https://www.youtube.com/channel/UC4PQqjGczpgmqbpicKjkwvw,2026-03-22T07:04:44.940Z,59.0,576.612,59.0
Shortened: FAT2D04624_EN_zz果汁杯大西瓜餐厅订单条多阶棋子叠加摆放I版试玩转视频60s_1080x1080,https://www.youtube.com/watch?v=MFQf6fr_a5k,,,2026-03-22T07:04:03.324Z,56.0,41.616,41.616
Apple Typos are CRAZY,https://www.youtube.com/watch?v=amP_uit7G-4,KevOnStage,https://www.youtube.com/channel/UC5Zc0EUB-km6in-55cK7k2g,2026-03-22T07:02:46.945Z,46.0,76.379,46.0
If 600lb life was honest 👀,https://www.youtube.com/watch?v=0NrZ4s9Xu6A,The Big Play TV,https://www.youtube.com/channel/UCmKiwaGWLKSVOmBy6PWRX2A,2026-03-22T07:02:14.787Z,42.0,32.158,32.158
THE ANSWER EVERYONE WANTS TO KNOW 👀#explore #shorts #reels,https://www.youtube.com/watch?v=zRyM1oCMZmA,Suavexavier,https://www.youtube.com/channel/UCduf5_5FnIptzDMBJ75ttFQ,2026-03-22T07:01:07.133Z,62.0,67.654,62.0
Leopards are Feasting: MAGA Regret Hits When THEIR Kids Deploy,https://www.youtube.com/watch?v=LWFG0wn3DU8,BurbNBougie: The Feral Feminist ,https://www.youtube.com/channel/UCuV3Zhxpe6K-OwbBgJy8A8g,2026-03-22T06:59:20.652Z,671.0,106.481,106.481
Square: 英语-真实剧情5（6s）_XYY-16X9_Screw_250926.mp4,https://www.youtube.com/watch?v=pMODxfQqlgI,,,2026-03-22T06:59:03.840Z,7.0,16.812,7.0
Deion buys Shedeurs Suits!,https://www.youtube.com/watch?v=tcOrMxHGwJI,ShedeurSandersTV,https://www.youtube.com/channel/UCmNMY5JGOetwukgvTWb1kpg,2026-03-22T06:58:08.722Z,49.0,55.118,49.0
Cardi B Tries The Spicy Korean Tuna Trend,https://www.youtube.com/watch?v=knoIg3zZMB0,Reality Star Gossips,https://www.youtube.com/channel/UCxYJEf6lg2lr96djcOi-4iw,2026-03-22T06:56:49.796Z,52.0,78.926,52.0
SS_12018D01_169_EN_LZZ_20250213_AIGC_沙漠,https://www.youtube.com/watch?v=aLw3e3_hdR4,,,2026-03-22T06:56:26.955Z,49.0,22.841,22.841
Father passed away and left us nothing #love #family #siblings #lifeinsurance,https://www.youtube.com/watch?v=P5ZB43-j09A,SMK2k TV,https://www.youtube.com/channel/UC8g5lX4CjfvFnORcVfLMWyg,2026-03-22T06:55:17.716Z,177.0,69.239,69.239
Pray for your enemies 😂 #prayer #christian #funny,https://www.youtube.com/watch?v=Vv14ygluKrI,Zach Hinojos,https://www.youtube.com/channel/UCwvEAxMSxlePVjGxjdDTJ6w,2026-03-22T06:54:33.307Z,37.0,44.409,37.0
The Most Relaxing Facts About Dark Matter to Fall Asleep To — No Adverts,https://www.youtube.com/watch?v=hnYmSC6Fuho,Sleepy Science Channel,https://www.youtube.com/channel/UCNZegH5HQPx_chNsPqJw1Rw,2026-03-22T06:54:07.763Z,8381.0,25.544,25.544
I can’t even blame him 💀😂 #shorts #reels #explore,https://www.youtube.com/watch?v=JKZp1at1Hx0,Suavexavier,https://www.youtube.com/channel/UCduf5_5FnIptzDMBJ75ttFQ,2026-03-22T06:52:15.028Z,67.0,112.735,67.0
Soul Train used to be WILD back in the day #shorts,https://www.youtube.com/watch?v=MVlQSxXWrRw,Druski,https://www.youtube.com/channel/UC4PQqjGczpgmqbpicKjkwvw,2026-03-22T06:51:21.148Z,99.0,53.88,53.88
I will say it again,https://www.youtube.com/watch?v=eJGr5dBvksE,Justin Stagner ,https://www.youtube.com/channel/UCBU1iuJZN6UtBjQcgvuwJ_Q,2026-03-22T06:49:26.541Z,38.0,114.607,38.0
What threats do women use?,https://www.youtube.com/watch?v=r9FCm04pmrE,KevOnStage,https://www.youtube.com/channel/UC5Zc0EUB-km6in-55cK7k2g,2026-03-22T06:48:47.249Z,27.0,39.292,27.0
GOT3D770_EN_FZT2峰回路转-西部版_国王_1920x1080,https://www.youtube.com/watch?v=MpEKHUBQWbg,,,2026-03-22T06:40:27.517Z,59.0,499.732,59.0
Shortened: v3PWB2884zen59SZZZ_1280x720_PS,https://www.youtube.com/watch?v=tWoUnIfHLEM,,,2026-03-22T06:40:06.170Z,20.0,21.347,20.0
Good Luck Have Fun Don't Die - Reviews - Buy or Rent Today - PW - 15 - 16x9,https://www.youtube.com/watch?v=5BwNJ7xcC6w,,,2026-03-22T06:39:49.860Z,16.0,16.31,16.0
NU0173 Beforeandaftershopping IT003 V001 1920x1080 11122025 EN US,https://www.youtube.com/watch?v=UW3W_40j4rI,,,2026-03-22T06:25:33.887Z,22.0,855.973,22.0
February New Arrivals Motion Video 16x9,https://www.youtube.com/watch?v=9QjRxWBr6t4,,,2026-03-22T06:25:23.894Z,9.0,9.993,9.0
Colorfest_HairColor_16x9_6s,https://www.youtube.com/watch?v=B9ZjCJ0y7Ec,,,2026-03-22T06:25:16.353Z,7.0,7.541,7.0
When Your Wife Kills Her Boyfriend | The Sad Reality of Brian Boone,https://www.youtube.com/watch?v=yDvxoA75rh4,dreading (crime and psychology),https://www.youtube.com/channel/UCG-qQe1mnh4JVKhuJkdh8KA,2026-03-22T06:11:04.919Z,2369.0,851.434,851.434
MLB Opening Night: Yankees vs. Giants | Netflix,https://www.youtube.com/watch?v=nhSakkqxlFk,,,2026-03-22T06:10:47.966Z,16.0,16.953,16.0
Relay: Customer Testimonials,https://www.youtube.com/watch?v=zjAdpMGiqTw,,,2026-03-22T06:10:31.336Z,15.0,16.63,15.0
Killer Family Thinks They Can Outsmart Police About Wife's Dismemberment (They Can't),https://www.youtube.com/watch?v=E1HRdeJrxpI,The Crime Seen,https://www.youtube.com/channel/UCspoJk-Gco-OA0onwQPxC0g,2026-03-22T06:09:29.980Z,3799.0,61.356,61.356
Dad Transforms Storage Space Into Tiny House For Daughter | Start To Finish,https://www.youtube.com/watch?v=FP3Uu4tM8QI,Made By Mick,https://www.youtube.com/channel/UCSd0cnzaSeo_MCdiURh0wGg,2026-03-22T06:08:44.251Z,2680.0,45.729,45.729
"Tomorrow (A Better You, Better Me) (Quincy Jones)【ドラム練習曲20230308】 Drum cover",https://www.youtube.com/watch?v=RhEscjg6IPg,miki【ドラム万年修業中】,https://www.youtube.com/channel/UC2KHJD0XzylOrFp9Mt5U_vQ,2026-03-22T06:07:30.531Z,287.0,73.72,73.72
LIVE: Dateline 24/7,https://www.youtube.com/watch?v=LRJlHTzMhVM,Dateline NBC,https://www.youtube.com/channel/UCu3sKtOW9TGaErPsAYVPplA,2026-03-22T06:03:41.295Z,0.0,229.236,0.0
Cooking Madness: A Chef's Game - The best cooking game for you.,https://www.youtube.com/watch?v=KN5iU2OsWg4,,,2026-03-22T06:02:58.470Z,17.0,42.825,17.0
Shortened: 13654 ckm 260104 169 E,https://www.youtube.com/watch?v=_TPSQQtUC04,,,2026-03-22T06:02:25.413Z,17.0,33.057,17.0
Derm Service ft. Nicole Richie (:15),https://www.youtube.com/watch?v=2oaHoOghLF8,,,2026-03-22T06:02:25.353Z,16.0,0.06,0.06
GOTZR555_EN_FZT2-EN-MarkP仅开头纷至沓来西部版_1920x1080,https://www.youtube.com/watch?v=oI1FyN3t9a8,,,2026-03-22T05:48:18.897Z,58.0,846.456,58.0
https://www.youtube.com/watch?v=JrAnU9oR7Ao,https://www.youtube.com/watch?v=JrAnU9oR7Ao,,,2026-03-22T05:47:21.673Z,,57.224,57.224
Cooking Madness_Keep Your Kitchen Clean Theme_EN_US,https://www.youtube.com/watch?v=FeqD7gvjFiQ,,,2026-03-22T05:33:28.911Z,26.0,832.762,26.0
HKBT6540001H GENERIC HDAA EVERGREEN 26 NON INCENT 15 IN,https://www.youtube.com/watch?v=I7eka1CAlJ0,,,2026-03-22T05:33:12.195Z,16.0,16.716,16.0
The Network That Works For You | Cat Top :06 | LinkedIn (16x9),https://www.youtube.com/watch?v=lDheF-rAiO8,,,2026-03-22T05:33:04.481Z,7.0,7.714,7.0
FAT2D04614_EN_zz果汁杯大西瓜订单条多阶棋子撕日历F版背景优化版试玩转视频6s_1920x1080,https://www.youtube.com/watch?v=a-2piNVEAx4,,,2026-03-22T05:32:56.844Z,7.0,7.637,7.0
GAIN NEW DISHTOWEL 15 16x9 ENG,https://www.youtube.com/watch?v=GL1bWObLOiQ,,,2026-03-22T05:32:40.544Z,16.0,16.3,16.0
NU0115 MomsUGC IT001 V003 1920x1080 04082025 EN US 44sec,https://www.youtube.com/watch?v=VLmgv2jTquM,,,2026-03-22T05:19:21.672Z,45.0,798.872,45.0
Shortened: GOT3D803_EN_FZT2分崩离析-极速苔原版_国王_ECK2_1920x1080,https://www.youtube.com/watch?v=S4bEuZd4xTA,,,2026-03-22T05:19:04.977Z,16.0,16.695,16.0
Meat & 3 Box | More Meal for Your Money Cutdown,https://www.youtube.com/watch?v=HwgYsfLHHRc,,,2026-03-22T05:18:57.361Z,7.0,7.616,7.0
I Watched Star Trek: Starfleet Academy So You Didn't Have To,https://www.youtube.com/watch?v=m6wg1GSGSRk,Adam Does Movies,https://www.youtube.com/channel/UCmuP70--NYoqgyo3N0ZwDCA,2026-03-22T05:03:20.104Z,8073.0,937.257,937.257
Going Places with Ken | Expedia,https://www.youtube.com/watch?v=VqB98tCClPQ,,,2026-03-22T05:02:46.110Z,30.0,33.994,30.0
Sonic $6 All-American Smasher Meal,https://www.youtube.com/watch?v=lYKnhShqP7w,,,2026-03-22T05:02:30.035Z,16.0,16.075,16.0
RITZ Fresh Stacks. They go where you go.,https://www.youtube.com/watch?v=4db6LDAena4,,,2026-03-22T05:01:46.110Z,16.0,43.925,16.0
Cooking Madness New Preview,https://www.youtube.com/watch?v=EbZ6e5NUz6I,,,2026-03-22T04:52:30.116Z,29.0,555.994,29.0
🔴 LIVE! Times Columbo Proved He Was One Step Ahead,https://www.youtube.com/watch?v=xiEglKdRwQc,Columbo,https://www.youtube.com/channel/UCzXwq43cFscWT4ZX9QbWwZw,2026-03-22T04:44:45.551Z,0.0,464.565,0.0
FC BubblePopWins EN 1920x1080,https://www.youtube.com/watch?v=ooG_uB4AEWM,,,2026-03-22T04:43:12.834Z,28.0,92.717,28.0
32310_BitlifeWarRoomInspAnimatedCommanderAS_TwinHarbour_Video_Animation_EN_16.9.mp4,https://www.youtube.com/watch?v=kRMiHrOUl8s,,,2026-03-22T04:42:24.334Z,47.0,48.5,47.0
Hilton. For the Stay | Book now,https://www.youtube.com/watch?v=PoJlABVNnF4,,,2026-03-22T04:41:39.209Z,16.0,45.125,16.0
Kouri Richins: The Thousand Cuts That Convinced the Jury — and the Defense That Never Fought Back,https://www.youtube.com/watch?v=rdjeB7d4gGo,Hidden Killers With Tony Brueski: True Crime Today,https://www.youtube.com/channel/UC8-vxmbhTxxG10sO1izODJg,2026-03-22T04:14:15.862Z,4083.0,1643.347,1643.347
Resource Explainer 45 English,https://www.youtube.com/watch?v=KJOcF7428jA,,,2026-03-22T04:13:52.776Z,46.0,23.086,23.086
17 Riveting Moments from Kouri Richins’ Housekeeper in Murder Trial,https://www.youtube.com/watch?v=LPTni4ZVfug,Law&Crime Network,https://www.youtube.com/channel/UCz8K1occVvDTYDfFo7N5EZw,2026-03-22T04:11:48.919Z,2397.0,123.857,123.857
Shortened: GOT3D714_EN_FZT2纷至沓来-修复版_国王_1920x1080,https://www.youtube.com/watch?v=tzGchaogEx8,,,2026-03-22T04:11:09.591Z,49.0,39.328,39.328
TH 20260225 实力提升 常规素材 ZSY KRT 1920X1080 EN 无水印 mp4,https://www.youtube.com/watch?v=B1a8h2yCHOE,,,2026-03-22T04:04:04.688Z,55.0,424.903,55.0
Cooking Madness: A Chef's Game,https://www.youtube.com/watch?v=YpnksHLb5yo,,,2026-03-22T04:03:47.155Z,17.0,17.533,17.0
Shortened: Royal Match 1687x011 -Swipe and enjoy-EN,https://www.youtube.com/watch?v=r-FIQAuK3Qk,,,2026-03-22T04:03:32.084Z,7.0,15.071,7.0
CLS_GOT3D654_EN_BJHT1慢速塔防-正交视角_国王_1920x1080,https://www.youtube.com/watch?v=AQz4LZDfSqk,,,2026-03-22T03:48:48.097Z,53.0,883.987,53.0
NU0115 MomsUGC IT001 V003 1920x1080 04082025 EN US 44sec,https://www.youtube.com/watch?v=VLmgv2jTquM,,,2026-03-22T03:48:02.097Z,45.0,46.0,45.0
Why Most Robot Mowers Fail — And Why Lymow One Plus Doesn’t,https://www.youtube.com/watch?v=orzvSB75ypQ,,,2026-03-22T03:38:22.415Z,31.0,579.682,31.0
ROCKY BUY TICKETS - NOW PLAYING,https://www.youtube.com/watch?v=kMiOKejpKCw,,,2026-03-22T03:37:51.227Z,30.0,31.188,30.0
Juror describes pivotal moments that led to guilty verdict in Kouri Richins trial,https://www.youtube.com/watch?v=HPGtk29CX_c,East Idaho News,https://www.youtube.com/channel/UCd7U6pdRYzU-K_vFqwzLBqQ,2026-03-22T03:29:24.641Z,3488.0,506.586,506.586
Sublocade DTC Moments 60 v2,https://www.youtube.com/watch?v=xmCe3A1h5KU,,,2026-03-22T03:28:21.866Z,61.0,62.775,61.0
"Dr. Squatch | ""The Essentials"" | Manlandia",https://www.youtube.com/watch?v=9v7kHsoYq9M,,,2026-03-22T03:27:50.332Z,31.0,31.534,31.0
My Way To Tajín It!,https://www.youtube.com/watch?v=VbwlKIts3OE,,,2026-03-22T03:27:32.821Z,16.0,17.511,16.0
RI TOURISM  | All That Spring 30s | 2026,https://www.youtube.com/watch?v=h5eIYLWp0Us,,,2026-03-22T02:56:07.066Z,31.0,1885.755,31.0
Home of the Largest Jackpots in Virginia,https://www.youtube.com/watch?v=7Vh_gyUNZiM,,,2026-03-22T02:55:50.177Z,16.0,16.889,16.0
UAGC | Proud to Be Part of the University of Arizona,https://www.youtube.com/watch?v=DzN7SowGZfo,,,2026-03-22T02:55:33.530Z,16.0,16.647,16.0
Protect Your Ride with the WORKS,https://www.youtube.com/watch?v=a0x8q16w4a4,,,2026-03-22T02:55:26.862Z,6.0,6.668,6.0
VF Oscar Party 16x9: Loreal,https://www.youtube.com/watch?v=brMlfR7vjt8,,,2026-03-22T02:33:44.223Z,16.0,1302.639,16.0
Firehouse Subs | NEW Chicken ‘n’ Cheddar Rancher,https://www.youtube.com/watch?v=f6g_bGU-ZAI,,,2026-03-22T02:33:36.298Z,7.0,7.925,7.0
Cheating Fire Chief Murders Wife Hours Before Divorce,https://www.youtube.com/watch?v=0SqYz5CRyN8,Law&Crime Network,https://www.youtube.com/channel/UCz8K1occVvDTYDfFo7N5EZw,2026-03-22T02:23:30.253Z,2467.0,606.045,606.045
Working at AutoZone: Store Culture,https://www.youtube.com/watch?v=e-LLtyG4tpA,,,2026-03-22T02:22:29.913Z,59.0,60.34,59.0
Huffman & Huffman Client Testimonial: Germaine Graham,https://www.youtube.com/watch?v=IGi1M5M4NzY,,,2026-03-22T02:22:22.347Z,7.0,7.566,7.0
Relay | Join the Self-Made Nation,https://www.youtube.com/watch?v=c86zoWzNK-0,,,2026-03-22T02:21:47.816Z,37.0,34.531,34.531
Mike & Nick & Nick & Alice | Only Child | Streaming March 27 on Hulu and with Hulu on Disney+,https://www.youtube.com/watch?v=rWNOujy4YuQ,,,2026-03-22T02:21:41.830Z,31.0,5.986,5.986
CS19301 Marketing BioGeometryCourse DTP Prospecting Video pr Video Paid Media 1920X1080 en US CC,https://www.youtube.com/watch?v=0ICG_8ohDDQ,,,2026-03-22T02:03:53.795Z,33.0,1068.035,33.0
LIVE: Dateline 24/7,https://www.youtube.com/watch?v=LRJlHTzMhVM,Dateline NBC,https://www.youtube.com/channel/UCu3sKtOW9TGaErPsAYVPplA,2026-03-22T01:53:17.071Z,0.0,636.724,0.0
Subscribe Today to Joel Osteen,https://www.youtube.com/watch?v=9m_RulqoSeE,,,2026-03-22T01:53:05.154Z,21.0,11.917,11.917
Complicated taxes? We'll do them for $149 or less!,https://www.youtube.com/watch?v=hELnDvpms0A,,,2026-03-22T01:52:29.251Z,,35.903,35.903
This is How 30 English,https://www.youtube.com/watch?v=P1zkwHRQIQk,,,2026-03-22T01:52:22.242Z,31.0,7.009,7.009
What happened to Cynthia Erivo here.. 👁️😳,https://www.youtube.com/watch?v=gbXrL1SfQls,Conciousmb,https://www.youtube.com/channel/UCw9z5l_SGrhXl857j1S_FoA,2026-03-22T01:51:29.841Z,14.0,52.401,14.0
DCD-Spor-3974| Hulu,https://www.youtube.com/watch?v=S13wZ8KePGE,,,2026-03-22T01:50:34.097Z,16.0,55.744,16.0
Cynthia G Discredits Shahrazad Ali,https://www.youtube.com/watch?v=gEg0gE6aeoQ,Balla X 2.0,https://www.youtube.com/channel/UCJ8YslaxFgEbx8cf4Aa1wqw,2026-03-22T01:39:58.150Z,60.0,635.947,60.0
Target Boycott Put Back In The Oven,https://www.youtube.com/watch?v=EBbyXCziLxI,Reese Waters,https://www.youtube.com/channel/UCCcr-MvAMettt8yktc9t4ag,2026-03-22T01:33:33.294Z,2301.0,384.856,384.856
Drunk Marine Recruiter Stabs 11 Year Old Girl,https://www.youtube.com/watch?v=6FQp168QkCA,Law&Crime BodyCam,https://www.youtube.com/channel/UCMV3pzWIhJGLYzoHyxBjjNw,2026-03-22T01:32:49.502Z,1409.0,43.792,43.792
‘Hell on Wheels’ Teen Killer Ripped in Final Court Ruling,https://www.youtube.com/watch?v=QO-cYMSNDMQ,Law&Crime Network,https://www.youtube.com/channel/UCz8K1occVvDTYDfFo7N5EZw,2026-03-22T01:32:30.786Z,1253.0,18.716,18.716
Kouri Richins: The Thousand Cuts That Convinced the Jury — and the Defense That Never Fought Back,https://www.youtube.com/watch?v=rdjeB7d4gGo,Hidden Killers With Tony Brueski: True Crime Today,https://www.youtube.com/channel/UC8-vxmbhTxxG10sO1izODJg,2026-03-22T01:32:03.911Z,4083.0,26.875,26.875
Spider-Man Brand New Day Trailer: Hidden X-Men Characters & Every Marvel Lie,https://www.youtube.com/watch?v=xKaJlH3T8V8,Emergency Awesome,https://www.youtube.com/channel/UCDiFRMQWpcp8_KD4vwIVicw,2026-03-22T01:31:47.222Z,1193.0,16.689,16.689
"Narcissist Acts As His Own Lawyer, Accidentally Proves He is Guilty",https://www.youtube.com/watch?v=vLaqwC96w7c,dreading (crime and psychology),https://www.youtube.com/channel/UCG-qQe1mnh4JVKhuJkdh8KA,2026-03-22T01:31:01.898Z,7008.0,45.324,45.324
The Mother I Wish I Knew | Full Episode,https://www.youtube.com/watch?v=txrsmUmV808,48 Hours,https://www.youtube.com/channel/UC7htuVs06oduI3xSfTdcxPA,2026-03-22T01:30:13.930Z,2511.0,47.968,47.968
"Wife Walks In, Finds Husband With 25-Year-Old — Then Gunfire Erupts",https://www.youtube.com/watch?v=QFL8_JlrH6Y,Crime Of Passion,https://www.youtube.com/channel/UCNTxWX4w3llzOz2wHFR2rHQ,2026-03-22T01:29:09.919Z,1091.0,64.011,64.011
Entitled Man Gets A BIG Surprise At Baggage Claim!,https://www.youtube.com/watch?v=n3nmFd2shmA,Police On Scene,https://www.youtube.com/channel/UCndCO7DG4j7V9np7Wk2Dkew,2026-03-22T01:28:41.794Z,832.0,28.125,28.125
Man Chokes Passenger In Southwest Baggage Claim Area,https://www.youtube.com/watch?v=47w-Sae17Og,American Investigation,https://www.youtube.com/channel/UCo7JyT3XKrIcoZXVFU3X5tw,2026-03-22T01:28:22.971Z,951.0,18.823,18.823
"Neurosurgeon Murdered, Found Hidden Inside His Attic",https://www.youtube.com/watch?v=gybwff0VFYY,Law&Crime Network,https://www.youtube.com/channel/UCz8K1occVvDTYDfFo7N5EZw,2026-03-22T01:27:47.389Z,1620.0,35.582,35.582
'Superior' Fake Cop Successfully Frames Former Lover for Robberies | Sumasar/Ramrattan Case Analysis,https://www.youtube.com/watch?v=8wLa5ACXj3U,Dr. Todd Grande,https://www.youtube.com/channel/UCC_0vyFTKk1Nlodo4QsiQkw,2026-03-22T01:27:24.594Z,914.0,22.795,22.795
Secret Romance with a Teen Killer: The Horrific Murder of Trinity Bostic | True Crime Documentary,https://www.youtube.com/watch?v=4egd3BYg3qs,JustThoughtLounge,https://www.youtube.com/channel/UCzhYQIZPJhiiBWQHMSX5MDQ,2026-03-22T01:26:47.827Z,2151.0,36.767,36.767
Don’t follow the tracks | Campfire Stories with MrBallen,https://www.youtube.com/watch?v=MvK27GKG7zc,MrBallen,https://www.youtube.com/channel/UCtPrkXdtCM5DACLufB9jbsA,2026-03-22T01:24:28.799Z,1716.0,139.028,139.028
The Worst Case Scenario for AI,https://www.youtube.com/watch?v=bjnUJq5OONM,JRE Clips,https://www.youtube.com/channel/UCnxGkOGNMqQEUMvroOWps6Q,2026-03-22T01:21:19.134Z,914.0,189.665,189.665
Foolio Killers COOKED After Major Court Loss,https://www.youtube.com/watch?v=VumTXVuASMI,CUFBOYS,https://www.youtube.com/channel/UCc8o7QS_Gq3x0j40HSj5V3g,2026-03-22T01:19:36.864Z,2041.0,102.27,102.27
Bundle and save,https://www.youtube.com/watch?v=BmC6bXdwEvc,,,2026-03-22T01:11:42.719Z,31.0,474.145,31.0
Dove NEW Clinical + Care | The Girls That Sweat It Get It,https://www.youtube.com/watch?v=ASiGOV8ZgCk,,,2026-03-22T01:11:42.718Z,16.0,0.001,0.001
ct~CA gp~SaveGrow f~LAVideo a~Earners c~Gio 06 s~16x9,https://www.youtube.com/watch?v=vgaMO5j3JSU,,,2026-03-22T01:11:31.610Z,7.0,11.108,7.0
The Real Reason They Date Out.......And Fail,https://www.youtube.com/watch?v=r_KsYmLXWwA,The Original Cynthia G,https://www.youtube.com/channel/UCo2D6dagKy7S-ViZ8G8rg4A,2026-03-22T01:08:55.179Z,1330.0,156.431,156.431
Beyonce Allegedly Practicing Black Magic AGAIN,https://www.youtube.com/watch?v=6U23lOkd01E,Tasha K,https://www.youtube.com/channel/UCant8s3U2uPZz-6p7lvU9MQ,2026-03-22T01:07:25.480Z,1005.0,89.699,89.699
Umar Johnson Joe Budden Interview  Kanye West Apologize To The J’s  Simone Biles Responds Again & Mo,https://www.youtube.com/watch?v=QJkgdyg1MLg,The Original Cynthia G,https://www.youtube.com/channel/UCo2D6dagKy7S-ViZ8G8rg4A,2026-03-22T01:06:50.391Z,8521.0,35.089,35.089
"Tasha K Called Me a FAKE Lawyer…Receipts, Not Rumors: My Response to Tasha K’s Accusations",https://www.youtube.com/watch?v=TZIuw4eV68g,"Attorney Symone: Girl, Is That Legal ?",https://www.youtube.com/channel/UCMBBgAV6uQebk-MWGkI71LA,2026-03-22T01:05:39.499Z,3187.0,70.892,70.892
CYNTHIA G DID YOU WASH YO 🐱 TODAY?WAIT👃👃 NO WAY.🤣🤣😂🤣🤣😂😂😂😂LMAO,https://www.youtube.com/watch?v=lCNrcrLdzmc,CYNTHIA G CLAP BACK CHANNEL,https://www.youtube.com/channel/UCiKaIJC_kq2kfgJnmw0WprA,2026-03-22T01:04:54.396Z,13.0,45.103,13.0
"DaniLeigh Says ""Yellow Bone"" Was A Learning Lesson For Her",https://www.youtube.com/watch?v=xShSOlseg_Y,Power 105.1,https://www.youtube.com/channel/UC4fQplDbCVjP4_72-fni5fw,2026-03-22T01:02:47.963Z,43.0,126.433,43.0
EJ Johnson Dates What? Carlos King Interview Recap,https://www.youtube.com/watch?v=NfB1vxQM_bI,Alexander Rodgers,https://www.youtube.com/channel/UCDdUxM6d1rBfw5aAfGUN_Gw,2026-03-22T01:00:59.816Z,566.0,108.147,108.147
Sukihana Goes Off On Dani Leigh For Her Yellow Bone Song!,https://www.youtube.com/watch?v=qAtvqVlVNrE,Baniwinnie,https://www.youtube.com/channel/UCpfLKT2G3XivxeV_pWYy1sA,2026-03-22T00:58:46.876Z,140.0,132.94,132.94
DaniLeigh - Yellow Bone (Snippet),https://www.youtube.com/watch?v=Bf1HEQgwhiM,Tamise B,https://www.youtube.com/channel/UCVemvcnqx-YQ_Gkk6CubmUQ,2026-03-22T00:57:10.417Z,60.0,96.459,60.0
RYAN CLOSER 30/ Now Playing Only In Theaters,https://www.youtube.com/watch?v=FVs1CjXp7Ds,,,2026-03-22T00:51:29.590Z,31.0,340.827,31.0
Colonial Nissan - CMA032615CNH CN March 15 YT,https://www.youtube.com/watch?v=aPWAwiQf0QU,,,2026-03-22T00:51:12.874Z,16.0,16.716,16.0
GJ Streeters Awareness 6s 2026 01 20,https://www.youtube.com/watch?v=bKFEQVGj3aM,,,2026-03-22T00:51:05.510Z,7.0,7.364,7.0
POWER GRAB,https://www.youtube.com/watch?v=Q0-n_USbFuw,,,2026-03-22T00:50:34.579Z,31.0,30.931,30.931
The Brutal Truth About Magic Johnson's Gay Son COMPETING with Women,https://www.youtube.com/watch?v=VlCylceFF3Q,thairivera,https://www.youtube.com/channel/UCpzSy79UDdn0i-uVGOPyTLQ,2026-03-22T00:38:30.132Z,1252.0,724.447,724.447
Don't Blink! The 2026 AdventHealth MLV All-Star Match,https://www.youtube.com/watch?v=lgVz6PDIjoo,,,2026-03-22T00:38:19.242Z,31.0,10.89,10.89
ct~CA gp~Afterpay f~LAVideo a~Earners c~Bree 06 s~16x9,https://www.youtube.com/watch?v=wrgZMyEHyUE,,,2026-03-22T00:38:11.182Z,7.0,8.06,7.0
Resource Explainer 30 English,https://www.youtube.com/watch?v=lfOjcUW9v1Y,,,2026-03-22T00:37:42.285Z,31.0,28.897,28.897
$10 Large Any 3-Topping | Hut Crust™ :15MM,https://www.youtube.com/watch?v=--CFgw3rBZo,,,2026-03-22T00:37:42.186Z,16.0,0.099,0.099
Employee Shoots Two Coworkers on Thanksgiving After Getting Fired,https://www.youtube.com/watch?v=6C3qNZH5lb0,Unspoken Crime Murders,https://www.youtube.com/channel/UCjY7230zpHS9Rhu6HVBMPVg,2026-03-22T00:35:08.108Z,1450.0,154.078,154.078
Nadula,https://www.youtube.com/watch?v=tpmBmgCz4us,,,2026-03-22T00:34:55.569Z,11.0,12.539,11.0
MPY-55934_Pets Omelet - Scottie - Monopoly GO Pet Show_1920x1080_33s_C1_V4_r5350509w3_r5350509w3.mp4,https://www.youtube.com/watch?v=SvpH2dPmqL0,,,2026-03-22T00:34:20.877Z,34.0,34.692,34.0
Shortened: MPY-53811_Hot Cake_Dancing in the Rain_1920x1080_15s_v03_s62nuit9ra_s62nuit9ra.mp4,https://www.youtube.com/watch?v=3ueFCs4frq8,,,2026-03-22T00:34:09.666Z,14.0,11.211,11.211
Wrong McDonald's Order Leaves Woman Dead,https://www.youtube.com/watch?v=vZogvuP0uvU,Law&Crime Network,https://www.youtube.com/channel/UCz8K1occVvDTYDfFo7N5EZw,2026-03-22T00:07:06.775Z,2770.0,1622.891,1622.891
PitLawyers4 DrSquatch 30s 1,https://www.youtube.com/watch?v=ztyANIlMtNA,,,2026-03-22T00:06:49.859Z,30.0,16.916,16.916
Talent from RIT Is Everywhere,https://www.youtube.com/watch?v=MEc_NpvyRrM,,,2026-03-21T22:49:22.800Z,16.0,4647.059,16.0
Relay: Customer Testimonials,https://www.youtube.com/watch?v=zjAdpMGiqTw,,,2026-03-21T22:48:48.866Z,15.0,33.934,15.0
Shortened: How to Use TruthFinder for Online People Search and Background Checks,https://www.youtube.com/watch?v=97QF1PYW5LM,,,2026-03-21T22:43:21.789Z,33.0,327.077,33.0
Shortened: MPY-45106_Vidsy repurpose 14 - Dec 1920x1080-V2_ktmbzx2glf_ktmbzx2glf.mp4,https://www.youtube.com/watch?v=263p1M-yQv4,,,2026-03-21T22:43:08.333Z,12.0,13.456,12.0
Kouri Richins Juror Exposes Critical Details from Deliberation Room- My Reaction,https://www.youtube.com/watch?v=OC9F6IPrRjk,Grizzly True Crime,https://www.youtube.com/channel/UCY04IfK5QlS8nWDU22bEXig,2026-03-21T21:54:10.403Z,2935.0,2937.93,2935.0
Good Cop/Bad Cop: Solving the Murder of Heather Bogle | Full Episode,https://www.youtube.com/watch?v=b0h7TGwZQdY,48 Hours,https://www.youtube.com/channel/UC7htuVs06oduI3xSfTdcxPA,2026-03-21T21:49:20.475Z,2471.0,289.928,289.928
Shortened: cid=8a37374876a97456b5182c47932dbe90,https://www.youtube.com/watch?v=bQJ2SxHinUU,,,2026-03-21T21:49:02.720Z,15.0,17.755,15.0
Video Wide 60s 2026 Rent A Car Cars Are Cool North America v1,https://www.youtube.com/watch?v=UMyLi9HTcmk,,,2026-03-21T21:33:39.776Z,61.0,922.944,61.0
Helping Neighbors Save Energy | Energy Suspects,https://www.youtube.com/watch?v=XS1tKucGXu0,,,2026-03-21T21:33:23.004Z,16.0,16.772,16.0
Turn Your Passion Into a Career With Purdue Global,https://www.youtube.com/watch?v=2ElIG2Ns_OY,,,2026-03-21T21:33:15.493Z,7.0,7.511,7.0
NEW Total Eye Lift | All In One Eye Cream | Clarins,https://www.youtube.com/watch?v=aJXhMfgPoMw,,,2026-03-21T21:32:59.136Z,16.0,16.357,16.0
Colonial Nissan - CMA032630CNH CN March 30 YT,https://www.youtube.com/watch?v=FtICS8C8HXc,,,2026-03-21T21:10:51.358Z,31.0,1327.778,31.0
Air Wick® Scented Oils has up to 70 Days of Fragrance*,https://www.youtube.com/watch?v=4cq6HKwBXGM,,,2026-03-21T21:10:34.589Z,16.0,16.769,16.0
50% Off Everything Online,https://www.youtube.com/watch?v=snDhPnGHmZw,,,2026-03-21T21:10:18.431Z,16.0,16.158,16.0
Jocelyn Peters and the Notebook | Full Episode,https://www.youtube.com/watch?v=ZY3j_ZYVK1E,48 Hours,https://www.youtube.com/channel/UC7htuVs06oduI3xSfTdcxPA,2026-03-21T20:55:23.664Z,2482.0,894.767,894.767
"Virginia VINE: Bing, Now You Know",https://www.youtube.com/watch?v=xjimfy1maQg,,,2026-03-21T20:54:56.386Z,49.0,27.278,27.278
See how Amazon is empowering hourly employees,https://www.youtube.com/watch?v=JtdaOV0TvVk,,,2026-03-21T20:54:49.519Z,7.0,6.867,6.867
Relay | Join the Self-Made Nation,https://www.youtube.com/watch?v=W3XmMIwJg3Y,,,2026-03-21T20:37:38.531Z,33.0,1030.988,33.0
The Madison Now Streaming,https://www.youtube.com/watch?v=VGC3AGcoLCI,,,2026-03-21T20:37:38.530Z,31.0,0.001,0.001
Thinking of You (1995 Remaster),https://www.youtube.com/watch?v=9iUE4F9UHok,Sister Sledge - Topic,https://www.youtube.com/channel/UC6j-PToVUkvOrOloe6P5kSg,2026-03-21T20:36:20.720Z,267.0,77.81,77.81
QuickBooks - Maximize deductions,https://www.youtube.com/watch?v=mIXhXcb2qJ8,,,2026-03-21T20:36:05.550Z,16.0,15.17,15.17
Loyalty Radio - HaveYouHeard MAR v01 15s,https://www.youtube.com/watch?v=DplZJ128dZQ,,,2026-03-21T20:35:50.280Z,16.0,15.27,15.27
Give Me the Night,https://www.youtube.com/watch?v=Omnpu8mzX4c,George Benson - Topic,https://www.youtube.com/channel/UC16DzwxorG8xZCoaqzaUQSQ,2026-03-21T20:30:49.213Z,302.0,301.067,301.067
Clover Pilot 15 16x9,https://www.youtube.com/watch?v=HbybfAcB4hU,,,2026-03-21T20:30:34.087Z,16.0,15.126,15.126
J.P. Morgan Wealth Management | Ruth & Shari POV,https://www.youtube.com/watch?v=43O9-GTJEMU,,,2026-03-21T20:30:18.832Z,16.0,15.255,15.255
Toto - Georgy Porgy (Official Video),https://www.youtube.com/watch?v=EWIgEtkE3GA,TotoVEVO,https://www.youtube.com/channel/UCeVb1p9-ZgbuNCDpITSfxVQ,2026-03-21T20:28:19.051Z,252.0,119.781,119.781
LegalZoom Anthem 15sec 16x9,https://www.youtube.com/watch?v=4W8_iFEOJGg,,,2026-03-21T20:25:28.541Z,,170.51,170.51
My Cherie Amour,https://www.youtube.com/watch?v=Fjufjv4rH0s,Stevie Wonder - Topic,https://www.youtube.com/channel/UCR83RRXHzXrEQbu_ZQmPMSg,2026-03-21T20:25:25.297Z,174.0,3.244,3.244
MPY-45106_Vidsy repurpose 14 - Dec 1920x1080-V2_ktmbzx2glf_ktmbzx2glf.mp4,https://www.youtube.com/watch?v=xeZAyleM7ZM,,,2026-03-21T20:25:15.665Z,21.0,9.632,9.632
A Night to Remember,https://www.youtube.com/watch?v=dyEAyHDRqJ4,Shalamar - Topic,https://www.youtube.com/channel/UCbzE-sp6wsO23cpJJGAg4VQ,2026-03-21T20:20:02.977Z,313.0,312.688,312.688
Pedestrian Vehicle 30s,https://www.youtube.com/watch?v=FRuCnorBBI0,,,2026-03-21T20:19:32.795Z,31.0,30.182,30.182
Kids want it. Parents agree.,https://www.youtube.com/watch?v=pDKEjWCxgqA,,,2026-03-21T20:19:17.626Z,16.0,15.169,15.169
Tron: Ares,https://www.youtube.com/watch?v=xRgcJcjaLWY,,,2026-03-21T20:13:25.019Z,60.0,352.607,60.0
Discover C-Firma Fresh Vitamin-C Day Serum,https://www.youtube.com/watch?v=cNUSngZIjl0,,,2026-03-21T20:13:02.064Z,23.0,22.955,22.955
That Girl,https://www.youtube.com/watch?v=4a0cmyOL9s8,Stevie Wonder - Topic,https://www.youtube.com/channel/UCR83RRXHzXrEQbu_ZQmPMSg,2026-03-21T20:07:47.367Z,315.0,314.697,314.697
aid105553-OLV-F EDU 2  - Educational Indication Areas (Claire),https://www.youtube.com/watch?v=oD7QUTNgJDk,,,2026-03-21T20:07:41.409Z,31.0,5.958,5.958
Pep Offer Pilot 06 1x1,https://www.youtube.com/watch?v=vCtg3K1yEaA,,,2026-03-21T20:07:35.161Z,7.0,6.248,6.248
We Too Good For This Sandwich Now? ,https://www.youtube.com/watch?v=hPFjWHR5fJ8,Jalen Hinton,https://www.youtube.com/channel/UCbDbRRACIT_ysQkDa4MYT2A,2026-03-21T20:00:55.264Z,115.0,399.897,115.0
Running Man,https://www.youtube.com/watch?v=XKD8Q9klBsk,,,2026-03-21T19:58:42.748Z,16.0,132.516,16.0
Caught Up in the Rapture,https://www.youtube.com/watch?v=Oz-b86LZ21c,Anita Baker - Topic,https://www.youtube.com/channel/UC6C-K094bqDtp3G_A3eNcRQ,2026-03-21T19:54:48.345Z,251.0,234.403,234.403
Alex Minis | J.P. Morgan Wealth Management,https://www.youtube.com/watch?v=P7VDpeyaBXw,,,2026-03-21T19:54:38.793Z,16.0,9.552,9.552
Whack Egg 06,https://www.youtube.com/watch?v=e1tYhuhLSag,,,2026-03-21T19:54:32.545Z,7.0,6.248,6.248
Double Lives | 48 Hours Full Episodes,https://www.youtube.com/watch?v=sb_CJ6AiOq0,48 Hours,https://www.youtube.com/channel/UC7htuVs06oduI3xSfTdcxPA,2026-03-21T19:43:00.086Z,7496.0,692.459,692.459
Alexaaaa+ (:30 Pool),https://www.youtube.com/watch?v=R5uDds_A1N8,,,2026-03-21T19:42:28.133Z,31.0,31.953,31.0
Eating every Frozen Pizza I could find!,https://www.youtube.com/watch?v=ZSYM6NFOpMw,SJohnsonVoiceOvers,https://www.youtube.com/channel/UCbgXi8uaNyf8ifThVBPuKoQ,2026-03-21T19:38:22.542Z,1248.0,245.591,245.591
Hands (Price) / 15 / USEN / 16:9 / YouTube Pre-Roll / Web Mix,https://www.youtube.com/watch?v=epLxNSerS7s,,,2026-03-21T19:37:03.557Z,16.0,78.985,16.0
HUDT0021000H Pantry Pack Rev DOT OLV 16x9 15,https://www.youtube.com/watch?v=RvtYcnDEwEQ,,,2026-03-21T19:36:35.745Z,16.0,27.812,16.0
Derm Service ft. Nicole Richie (:15),https://www.youtube.com/watch?v=2oaHoOghLF8,,,2026-03-21T19:36:35.661Z,16.0,0.084,0.084
I ate EVERY Little Debbie Cake,https://www.youtube.com/watch?v=hYtLVL7qhXU,SJohnsonVoiceOvers,https://www.youtube.com/channel/UCbgXi8uaNyf8ifThVBPuKoQ,2026-03-21T19:30:28.679Z,1299.0,366.982,366.982
Five,https://www.youtube.com/watch?v=hlJQx9h0zkY,,,2026-03-21T19:29:55.717Z,31.0,32.962,31.0
CD Youtube 16x9,https://www.youtube.com/watch?v=mdCV_8Lj0X4,,,2026-03-21T19:14:52.034Z,46.0,903.683,46.0
"Nadula - Glueless wigs, pre-everything",https://www.youtube.com/watch?v=pc2fGxvV3ac,,,2026-03-21T19:14:39.457Z,12.0,12.577,12.0
Max Force - Spray | Dave's World - Manfriend  | 6s,https://www.youtube.com/watch?v=yVSPe-TMPkM,,,2026-03-21T19:14:32.062Z,7.0,7.395,7.0
Video Ad,https://www.youtube.com/watch?v=6p9u3u06LvY,,,2026-03-21T19:13:59.324Z,16.0,32.738,16.0
MAX Mama Collector  15 ENG CAP BRD BVL VDO 15s XZDT2325000H,https://www.youtube.com/watch?v=Iq-z3N6hXZw,,,2026-03-21T19:13:43.202Z,16.0,16.122,16.0
Eating EVERY Stouffers frozen meal! ,https://www.youtube.com/watch?v=wSktUdRopb0,SJohnsonVoiceOvers,https://www.youtube.com/channel/UCbgXi8uaNyf8ifThVBPuKoQ,2026-03-21T19:00:34.889Z,1630.0,788.313,788.313
Safety Class Subtitle_VID_15S_16x9_EN,https://www.youtube.com/watch?v=f0rAAqlR8SA,,,2026-03-21T18:59:45.222Z,16.0,49.667,16.0
Microsoft OEM | CDW,https://www.youtube.com/watch?v=Cv_A3qTz4jk,,,2026-03-21T18:49:18.430Z,24.0,626.792,24.0
Get the good stuff™,https://www.youtube.com/watch?v=6X2MkngLUSg,,,2026-03-21T18:49:01.779Z,16.0,16.651,16.0
Cancerguard® is a new way to screen for over 50 cancers with one simple blood test,https://www.youtube.com/watch?v=55pnvcSOTyM,,,2026-03-21T18:48:54.362Z,7.0,7.417,7.0
Eating EVERY Banquet Meal I could find!,https://www.youtube.com/watch?v=Oud2mEmkewM,SJohnsonVoiceOvers,https://www.youtube.com/channel/UCbgXi8uaNyf8ifThVBPuKoQ,2026-03-21T18:35:11.712Z,1144.0,822.65,822.65
The Magic of Coffee | The Starbucks Coffee Company,https://www.youtube.com/watch?v=o6tTY6691_8,,,2026-03-21T18:34:54.187Z,16.0,17.525,16.0
Video Wide 30s 2026 Rent A Car Cars Are Cool North America Logo,https://www.youtube.com/watch?v=_IqQVKFNyC8,,,2026-03-21T18:34:15.095Z,31.0,39.092,31.0
Brother-In-Law Discovered Kouri Richins' $250K Home Equity Credit Loan in Husband's Name,https://www.youtube.com/watch?v=ORwK9teHAVE,Meghann Cuniff,https://www.youtube.com/channel/UCOHIOF-rFAeLOnH0ri5F62g,2026-03-21T18:32:24.132Z,1175.0,110.963,110.963
Everyone’s invited to the RITZ Party,https://www.youtube.com/watch?v=e3Cu7Ygu-XU,,,2026-03-21T18:16:25.245Z,16.0,958.887,16.0
The Story Of Claire and Jamie | Outlander | Love Love,https://www.youtube.com/watch?v=8BjA8NBvq54,,,2026-03-21T18:16:19.838Z,3029.0,5.407,5.407
HIS VOICE SHOCKED ME! Gen Z FIRST TIME Reaction to Maxwell - This Woman's Work Live,https://www.youtube.com/watch?v=_uTBycf-Pe0,Andiroo Reacts,https://www.youtube.com/channel/UCjcYr3hJEIijji1ANb3Wogg,2026-03-21T17:57:00.832Z,676.0,1159.006,676.0
More Iconic | Reese's,https://www.youtube.com/watch?v=Rndr40FWYjg,,,2026-03-21T17:56:16.973Z,6.0,43.859,6.0
Now streaming,https://www.youtube.com/watch?v=GWjqK2MrWfk,,,2026-03-21T17:55:58.138Z,72.0,18.835,18.835
"Federal, State, and Local Government: Who pays for What? | Just the Facts",https://www.youtube.com/watch?v=YFzfmJNqrgk,,,2026-03-21T17:45:26.485Z,998.0,631.653,631.653
Love Overboard S1 - Promo 0:15 (Messy_Spring Offer Promo) 16:9 (Pre),https://www.youtube.com/watch?v=F09kJztp0hI,,,2026-03-21T17:45:10.470Z,16.0,16.015,16.0
Kouri Richins GUILTY in Husband’s Murder,https://www.youtube.com/watch?v=R-dbpIGlx9A,Law&Crime Trials,https://www.youtube.com/channel/UCXCLaaClAWQiTkl3pw9ZdLw,2026-03-21T17:29:12.640Z,640.0,957.83,640.0
Welcome to Duke's Country - Mayo is Coming! :15,https://www.youtube.com/watch?v=6NxE5LLWKFc,,,2026-03-21T17:28:55.575Z,16.0,17.065,16.0
Save Grace :06 - Now Playing,https://www.youtube.com/watch?v=nzFA05STV5w,,,2026-03-21T17:28:48.362Z,7.0,7.213,7.0
Uber driver asks rider for $5… things get awkward 😅,https://www.youtube.com/watch?v=iaCo70utriM,Darryl Vega,https://www.youtube.com/channel/UC0XAqhqyZI5_iBtsTvudM7w,2026-03-21T17:27:50Z,241.0,58.362,58.362
Faking A Hate Crime For Attention: The Fictional Case of Jussie Smollett |dreading,https://www.youtube.com/watch?v=yV1HxzlORZc,dreading (crime and psychology),https://www.youtube.com/channel/UCG-qQe1mnh4JVKhuJkdh8KA,2026-03-21T17:27:32.064Z,4895.0,17.936,17.936
The People v. Kouri Richins | Full Episode,https://www.youtube.com/watch?v=ie2DflEVCq4,48 Hours,https://www.youtube.com/channel/UC7htuVs06oduI3xSfTdcxPA,2026-03-21T17:27:01.164Z,2439.0,30.9,30.9
Gay Husband Thinks He Got Away With $381K Inheritance Murder,https://www.youtube.com/watch?v=hkZMGY_-ik4,Inspector Ted,https://www.youtube.com/channel/UCADO7MK9B08sBEgXK2eH_Gw,2026-03-21T17:26:41.175Z,1130.0,19.989,19.989
Toto - Live At Montreux 1991 (2016),https://www.youtube.com/watch?v=mW2124FTMsM,Bendegúz Fekete,https://www.youtube.com/channel/UCGTbvq6DCr1jEgTSsWtsQuQ,2026-03-21T17:24:41.419Z,4182.0,119.756,119.756
I got engaged then un-engaged in the same year ,https://www.youtube.com/watch?v=QMmiAUOr5T0,Hopeless Romantic Society,https://www.youtube.com/channel/UC5S6XGKoCa-BRc41ZGlAqew,2026-03-21T17:22:45.903Z,1160.0,115.516,115.516
Ms. Attitude is Convinced That Laws Don’t Apply to Her,https://www.youtube.com/watch?v=TB9ex6VE184,ArrestFlix,https://www.youtube.com/channel/UCqqxsLlUJVkvN6NcL8-umcg,2026-03-21T17:21:56.665Z,1209.0,49.238,49.238
being haircare,https://www.youtube.com/watch?v=1_I10dARAaA,,,2026-03-21T17:20:47.053Z,16.0,69.612,16.0
GO With AUVELITY — TV Commercial,https://www.youtube.com/watch?v=WuzxpybS36s,,,2026-03-21T17:19:35.441Z,61.0,71.612,61.0
Deals Up to 70% Off Are in Stores Now | Nordstrom Rack 2026,https://www.youtube.com/watch?v=wOZpBBli4R8,,,2026-03-21T17:12:39.210Z,31.0,416.231,31.0
EJ Johnson Reveals Why He Doesn’t Date Gay Men 👀 | Shocking Truth Explained,https://www.youtube.com/watch?v=X9nIvWFKZfk,Funky Dineva,https://www.youtube.com/channel/UChIkZ9tdYNG78qoFF6oWSvA,2026-03-21T17:01:05.789Z,891.0,693.421,693.421
Differentiation Denise 15,https://www.youtube.com/watch?v=mRngpoJiPqw,,,2026-03-21T17:00:48.275Z,16.0,17.514,16.0
Real Cocktails. Perfectly Mixed.,https://www.youtube.com/watch?v=KGX-xbAsNVU,,,2026-03-21T17:00:40.490Z,7.0,7.785,7.0
LAY'S® | Last Harvest | :15 'Chips',https://www.youtube.com/watch?v=YKuCTHWpTnc,,,2026-03-21T17:00:24.281Z,16.0,16.209,16.0
Shortened: The Walmart you thought you knew is now…new,https://www.youtube.com/watch?v=amBqoGmhg1A,,,2026-03-21T16:57:46.081Z,12.0,158.2,12.0
DL Whisperer LOSES Bond Hearing + Flame Monroe Cant STAND Ts Madison,https://www.youtube.com/watch?v=Um0D6PzkwM4,Armon Wiggins,https://www.youtube.com/channel/UCl8dvxZaiUtttyDBgIujocw,2026-03-21T16:43:45.040Z,1215.0,841.041,841.041
Autotune - 15s ENG_Optimized,https://www.youtube.com/watch?v=v22DXSS8YeI,,,2026-03-21T16:35:34.528Z,16.0,490.512,16.0
Lindt LINDOR 'Melt into your moment' with pistachio 6s,https://www.youtube.com/watch?v=KX-TNBmDh5s,,,2026-03-21T16:35:26.890Z,7.0,7.638,7.0
"DOCTOR SLEEP (2019) Breakdown | Ending Explained, Easter Eggs, Hidden Details & Film Analysis",https://www.youtube.com/watch?v=fob7uSvIFsg,Heavy Spoilers,https://www.youtube.com/channel/UCq3hT5JPPKy87JGbDls_5BQ,2026-03-21T16:34:39.631Z,5985.0,47.259,47.259
PG 25 1284150 AlanThomas06 16x9 1080 MK,https://www.youtube.com/watch?v=KyGfYEVWfvg,,,2026-03-21T16:34:35.769Z,7.0,3.862,3.862
when Cardi b recognized a hater and showed no mercy 😭🔥 #cardib #popstarlife #popsinger,https://www.youtube.com/watch?v=30k9hxxCWSY,Bodda<3,https://www.youtube.com/channel/UCVHFMjKGSPgfUQarTzx-e8A,2026-03-21T16:12:01.137Z,24.0,1354.632,24.0
🔥This Is Why Father's Are Important🧱,https://www.youtube.com/watch?v=_oeV6Jn5_64,Antonio Neal,https://www.youtube.com/channel/UCXMRa_J1YXyVnWgdpZyU_0g,2026-03-21T16:11:00.912Z,444.0,60.225,60.225
Last Asylum: Plague,https://www.youtube.com/watch?v=rEP47gF6NwE,,,2026-03-21T16:10:52.833Z,63.0,8.079,8.079
My dogs helped when I was sad #dogsofyoutube #dog #dogs #husky #goldenretriever,https://www.youtube.com/watch?v=XZ4-Cha8LFQ,The Moriarty Family,https://www.youtube.com/channel/UCdE-s7nmojuNmT1L6xxmX6A,2026-03-21T16:01:51.999Z,84.0,540.834,84.0
Irresponsible Parents Left Their Toddler in Car for Hours to Get Drunk,https://www.youtube.com/watch?v=W5RWAj5VVLc,Daily Dose Of Crime,https://www.youtube.com/channel/UCrOKDAUB-iL2wLzZdRN7xgA,2026-03-21T16:00:13.920Z,1688.0,98.079,98.079
Dudes that think Money can UNLAME them,https://www.youtube.com/watch?v=LeDFhVdMt2g,Druski,https://www.youtube.com/channel/UC4PQqjGczpgmqbpicKjkwvw,2026-03-21T15:59:52.804Z,114.0,21.116,21.116
The worst sports movie scene ever.,https://www.youtube.com/watch?v=BFR_o2KxuYA,KevOnStage,https://www.youtube.com/channel/UC5Zc0EUB-km6in-55cK7k2g,2026-03-21T15:59:38.520Z,61.0,14.284,14.284
CDW | Dell,https://www.youtube.com/watch?v=niGxnOulcpY,,,2026-03-21T15:59:36.371Z,34.0,2.149,2.149
Taking your girls sew in out is STRESS.,https://www.youtube.com/watch?v=zv1dIcGfa08,KevOnStage,https://www.youtube.com/channel/UC5Zc0EUB-km6in-55cK7k2g,2026-03-21T15:57:26.800Z,87.0,129.571,87.0
Every Nail Salon has a male nailtech like this #shorts,https://www.youtube.com/watch?v=kSM0v5-ZQdU,Druski,https://www.youtube.com/channel/UC4PQqjGczpgmqbpicKjkwvw,2026-03-21T15:56:56.436Z,89.0,30.364,30.364
THE LOOK ON HIS FACE 😭💀😂 #shorts #reels #explore,https://www.youtube.com/watch?v=BpXenXzaR74,Suavexavier,https://www.youtube.com/channel/UCduf5_5FnIptzDMBJ75ttFQ,2026-03-21T15:56:12.589Z,38.0,43.847,38.0
HARD YES OR TOTAL BS?,https://www.youtube.com/watch?v=YmhwwDsvGCY,,,2026-03-21T15:52:20.752Z,62.0,231.837,62.0
See how Amazon is empowering hourly employees,https://www.youtube.com/watch?v=otBdDVCmwps,,,2026-03-21T15:52:11.967Z,31.0,8.785,8.785
Chick-fil-A | GM | BEC & SEC - More Ways to Protein | :06 | OLV,https://www.youtube.com/watch?v=LaWCVS73xDw,,,2026-03-21T15:52:04.096Z,6.0,7.871,6.0
2026 YGYW Any Way You Want JOURNEY 15 SLT1112251AH YouTube,https://www.youtube.com/watch?v=21JbWfLmwio,,,2026-03-21T15:51:48.273Z,16.0,15.823,15.823
He can't believe they all popped their Balloon,https://www.youtube.com/watch?v=n3Kg4Ek17lk,Darryl Vega,https://www.youtube.com/channel/UC0XAqhqyZI5_iBtsTvudM7w,2026-03-21T15:45:14.559Z,739.0,393.714,393.714
Every Bracket Busts for a REESE'S,https://www.youtube.com/watch?v=WFo66aYiUms,,,2026-03-21T15:45:05.766Z,7.0,8.793,7.0
All He Had To Do Was STOP...,https://www.youtube.com/watch?v=uDGzGkm2LME,Crime Zone,https://www.youtube.com/channel/UCS-syryA4XxV1d-7eUk6HDQ,2026-03-21T15:43:28.655Z,3174.0,97.111,97.111
Shortened: cid=9bad3da2b57950a852da176a828904eb,https://www.youtube.com/watch?v=hdVuaT1vqwc,,,2026-03-21T15:43:15.275Z,14.0,13.38,13.38
Lysol BND 2025 Lavanda Your Casa 15 V1 Wipe Con APC Under 5 End Card LOGO ENG YouTube,https://www.youtube.com/watch?v=wynIbPsQlMA,,,2026-03-21T15:27:55.345Z,16.0,919.93,16.0
$9.99 for any pizza with any toppings. Truly. Honestly. The Best Deal Ever 🏆 Speechless.,https://www.youtube.com/watch?v=thVsJO0wLoc,,,2026-03-21T15:27:47.849Z,7.0,7.496,7.0
BREAKING: Kendra Duggar Charged After Husband Joseph's Arrest—This Story Just Took a Dark Turn,https://www.youtube.com/watch?v=-w_QTo1COKc,Hidden True Crime,https://www.youtube.com/channel/UCBp03toXz-WZ6gSt7YtSdEg,2026-03-21T15:13:41.903Z,1677.0,845.946,845.946
"Leadership, Legacy, and the Power of Being Seen",https://www.youtube.com/watch?v=DiYHWtUBI8A,,,2026-03-21T15:13:11.804Z,101.0,30.099,30.099
1SKP0954000H 1,https://www.youtube.com/watch?v=X7z2KZaNba4,,,2026-03-21T15:12:34.364Z,16.0,37.44,16.0
Erratic Influencer’s Barstool Projectiles Wipe Out Entire Season of 'The Bachelorette' | Analysis,https://www.youtube.com/watch?v=GtOiM1Rd7KA,Dr. Todd Grande,https://www.youtube.com/channel/UCC_0vyFTKk1Nlodo4QsiQkw,2026-03-21T15:11:54.487Z,775.0,39.877,39.877
J.P. Morgan Wealth Management | Luke & Ann POV,https://www.youtube.com/watch?v=sU9J--_PTtQ,,,2026-03-21T15:03:40.808Z,16.0,493.679,16.0
Bundle and save,https://www.youtube.com/watch?v=VnpPKNG8UnA,,,2026-03-21T14:58:07.682Z,31.0,333.126,31.0
Optimistic,https://www.youtube.com/watch?v=p66Jp6ervRA,Sounds Of Blackness - Topic,https://www.youtube.com/channel/UCgWN49oYl2rvapqh2fIyZHA,2026-03-21T14:52:48.700Z,319.0,318.982,318.982
DCD-The-3961| Hulu,https://www.youtube.com/watch?v=LL0C5kJkEYw,,,2026-03-21T14:52:40.421Z,29.0,8.279,8.279
OAI Task2 USA Cooking 16x9 12s,https://www.youtube.com/watch?v=Zya8nmqhlnM,,,2026-03-21T14:47:13.717Z,13.0,326.704,13.0
"Tomorrow (A Better You, Better Me)",https://www.youtube.com/watch?v=SqWsA68bcAc,Quincy Jones - Topic,https://www.youtube.com/channel/UCaBIjouEo87YhSGmPjuXDoA,2026-03-21T14:42:26.345Z,287.0,287.372,287.0
"Target Circle Deal Days is giving us all the feels, and all the deals.",https://www.youtube.com/watch?v=Hx393luGyk8,,,2026-03-21T14:42:16.608Z,37.0,9.737,9.737
See how Amazon is empowering hourly employees,https://www.youtube.com/watch?v=f4elFiZ7UAA,,,2026-03-21T14:42:01.417Z,16.0,15.191,15.191
Girls put scrubs on & think they saving the world,https://www.youtube.com/watch?v=SKtyE_l9lGc,Druski,https://www.youtube.com/channel/UC4PQqjGczpgmqbpicKjkwvw,2026-03-21T14:40:53.437Z,51.0,67.98,51.0
CLS_GOT3D672_EN_BJHT1慢速塔防-正交视角-沙漠版_国王_1920x1080,https://www.youtube.com/watch?v=aUizDj47yx4,,,2026-03-21T14:40:37.689Z,53.0,15.748,15.748
Pain Relief Made Simple,https://www.youtube.com/watch?v=AFcvghn9H-8,,,2026-03-21T14:05:14.063Z,16.0,2123.626,16.0
PitLawyers6 HuntDown 15s 1,https://www.youtube.com/watch?v=ylE95HdzqdA,,,2026-03-21T14:04:57.446Z,15.0,16.617,15.0
What’s in this pitcher?,https://www.youtube.com/watch?v=H9L1Nq3pl_s,KevOnStage,https://www.youtube.com/channel/UC5Zc0EUB-km6in-55cK7k2g,2026-03-21T13:35:16.732Z,34.0,1780.714,34.0
Lotrimin - Updated Box,https://www.youtube.com/watch?v=kfL3wNEqQ70,,,2026-03-21T13:29:38.091Z,12.0,338.641,12.0
Precision in under 5 minutes – Fundamentals of Spectrum Analyzers (6sec),https://www.youtube.com/watch?v=5QMEajWa8L0,,,2026-03-21T13:29:30.903Z,6.0,7.188,6.0
TaxAct Knows the Early Bird Gets the Worm,https://www.youtube.com/watch?v=T8Sd6MKHKFs,,,2026-03-21T12:49:20.901Z,16.0,2410.002,16.0
Arby's: Reuben | Modern Day Classic,https://www.youtube.com/watch?v=MhOImYGIORA,,,2026-03-21T12:49:13.577Z,7.0,7.324,7.0
Honeywell 5G Mobile Computers,https://www.youtube.com/watch?v=ZrJieZCWDho,,,2026-03-21T12:41:02.521Z,17.0,491.056,17.0
Free Gift with Purchase | Harbor Freight,https://www.youtube.com/watch?v=lTxcYM5tp-A,,,2026-03-21T12:02:08.954Z,16.0,2333.567,16.0
DTF: St. Louis | HBO Max,https://www.youtube.com/watch?v=L63IydIe5Os,,,2026-03-21T11:52:03.067Z,31.0,605.887,31.0
GOT3D783_EN_CC以战养战-苔原版-1分钟版_国王_1920x1080,https://www.youtube.com/watch?v=lloaov-SekQ,,,2026-03-21T11:51:02.497Z,60.0,60.57,60.0
The Lady | BritBox | Passion | 30,https://www.youtube.com/watch?v=YuTCWV2NS9Y,,,2026-03-21T11:10:21.635Z,30.0,2440.862,30.0
"Spring LPOS, US :06 | Michaels",https://www.youtube.com/watch?v=ak-iH21p3pc,,,2026-03-21T11:09:06.961Z,6.0,74.674,6.0
This Part of the “Walk the Dog” Letter Was Redacted for the Jury,https://www.youtube.com/watch?v=H0Hx4iutm4k,Reporting live from my sofa,https://www.youtube.com/channel/UCahpqlIoESCdQfgWXVvQkDg,2026-03-21T11:08:52.199Z,1121.0,14.762,14.762
Bundle and save,https://www.youtube.com/watch?v=8rgGFw1Mli8,,,2026-03-21T11:08:39.241Z,31.0,12.958,12.958
The Most Relaxing Facts About The Cosmos to Fall Asleep To,https://www.youtube.com/watch?v=eNGSRT1IrSg,Sleepy Science Channel,https://www.youtube.com/channel/UCNZegH5HQPx_chNsPqJw1Rw,2026-03-21T11:04:29.743Z,7201.0,249.498,249.498
2602_MAQ.MWTS.QIABOGOEVENT.WF9441750_KRO_30_XXX,https://www.youtube.com/watch?v=fsX61VSArFM,,,2026-03-21T11:03:57.707Z,31.0,32.036,31.0
Aussie 3 Course Starting at $14.99,https://www.youtube.com/watch?v=rrQVCoR91Nc,,,2026-03-21T11:03:25.954Z,31.0,31.753,31.0
100 Facts About Meteors — Fall Asleep to Astronomy,https://www.youtube.com/watch?v=0B2s4c8Fui8,Sleepy Science Channel,https://www.youtube.com/channel/UCNZegH5HQPx_chNsPqJw1Rw,2026-03-21T09:03:19.236Z,7201.0,7206.718,7201.0
TNF ALTAMESA 3D CGI 16X9 DIRTY 1,https://www.youtube.com/watch?v=mi5np6b4Ka4,,,2026-03-21T09:03:00.774Z,15.0,18.462,15.0
Old Spice-Brand-ENG-FOF Stick Cologne Quality-APDO/PCC-15-NonSkip-16x9-,https://www.youtube.com/watch?v=RCmN9Zw-xw0,,,2026-03-21T09:02:44.362Z,16.0,16.412,16.0
batch body transformation 15 cutdowns v 4 16 9 var 2,https://www.youtube.com/watch?v=XuItDL3TJVc,,,2026-03-21T08:52:50.434Z,19.0,593.928,19.0
Parent Teacher Conference (Short) | LiMu Emu & Doug | Liberty Mutual Insurance Commercial,https://www.youtube.com/watch?v=gCuFlkVQl0Y,,,2026-03-21T08:52:33.828Z,,16.606,16.606
Advil No Pain  More Gain  Basketball  CON OLV 16x9 6s en USA 1114743,https://www.youtube.com/watch?v=X1lJAM1jPBo,,,2026-03-21T08:52:26.419Z,7.0,7.409,7.0
Meat & 3 Box | This is a Value Meal,https://www.youtube.com/watch?v=jANhUUvTMsI,,,2026-03-21T08:52:19.074Z,7.0,7.345,7.0
Badge of Honor Living Donor 15 16x9 Web,https://www.youtube.com/watch?v=G_isOdfjS6Q,,,2026-03-21T08:35:53.806Z,16.0,985.268,16.0
Trips for families and friends | Booking.com,https://www.youtube.com/watch?v=JjbYtjk7j4s,,,2026-03-21T08:35:37.264Z,16.0,16.542,16.0
Shop Clairol,https://www.youtube.com/watch?v=GyEtJ6kvuDo,,,2026-03-21T08:35:29.893Z,7.0,7.371,7.0
"Start Quality, Affordable Mental Health Care with Rula",https://www.youtube.com/watch?v=uD-jG4M068U,,,2026-03-21T08:21:38.673Z,16.0,831.22,16.0
Aveeno Daily Moisturizing Routine,https://www.youtube.com/watch?v=Pu4G0nyDAb4,,,2026-03-21T08:06:59.065Z,16.0,879.608,16.0
Swoon | Truth Tellers | Liberty Mutual Insurance Commercial,https://www.youtube.com/watch?v=dE5UsXXhREw,,,2026-03-21T08:06:42.494Z,16.0,16.571,16.0
Act Like You Know :15 (Audio),https://www.youtube.com/watch?v=aFfggjAhn2Y,,,2026-03-21T08:06:25.937Z,16.0,16.557,16.0
Don't Look In The Fridge,https://www.youtube.com/watch?v=EU3zkb3dVbc,,,2026-03-21T08:06:18.939Z,7.0,6.998,6.998
Join Google One | More storage + backup,https://www.youtube.com/watch?v=ViRM0OIJIPQ,,,2026-03-21T07:52:12.020Z,16.0,846.919,16.0
ALPN5223000H V AD IttsaDenturesWarranties 06 16x9 ALPN5223000H,https://www.youtube.com/watch?v=K527B-Me_aM,,,2026-03-21T07:51:51.073Z,7.0,20.947,7.0
Snack Good,https://www.youtube.com/watch?v=Y55Z8-OPMc8,,,2026-03-21T07:51:43.811Z,7.0,7.262,7.0
School Spirits x Binge Horror Hero Welcome Promo,https://www.youtube.com/watch?v=6bFmvwMcnKA,,,2026-03-21T07:37:24.976Z,16.0,858.835,16.0
AIRPLANE PROBLEMS 06 sec,https://www.youtube.com/watch?v=m_hWXzVU4vI,,,2026-03-21T07:37:17.245Z,7.0,7.731,7.0
Dino :06,https://www.youtube.com/watch?v=JuOcXTQe08Q,,,2026-03-21T07:37:10.490Z,7.0,6.755,6.755
Join Google One | More storage,https://www.youtube.com/watch?v=H0XwFHclWjw,,,2026-03-21T07:22:51.590Z,16.0,858.9,16.0
QHOM2516000H HOMEGOODS NSTS LAUNCH BUMPER REV 1 NEW MUSIC GIMME MORE VALUE 06 OLV,https://www.youtube.com/watch?v=7LD18KimDt0,,,2026-03-21T07:22:27.591Z,7.0,23.999,7.0
LRL Serum Le Duo National 06s Amazon YT 16x9,https://www.youtube.com/watch?v=53QDHcSElow,,,2026-03-21T07:22:20.595Z,7.0,6.996,6.996
EXP BFF2 26 0308 Derby Buddies Derby 30 OTTB Paid 1920x1080 H264 Web 260306 cla,https://www.youtube.com/watch?v=j-0I04o_HPE,,,2026-03-21T07:08:08.060Z,31.0,852.535,31.0
Start Your Holiday Wishlist Early,https://www.youtube.com/watch?v=AfZ_htOmTFY,,,2026-03-21T07:07:36.455Z,30.0,31.605,30.0
Sonic $6 All-American Smasher Meal,https://www.youtube.com/watch?v=rDkvIbo0W4o,,,2026-03-21T07:07:28.846Z,7.0,7.609,7.0
Neutrogena® Sun Invisible Gel SPF 40 - Half the Price,https://www.youtube.com/watch?v=kFiXe4T_eik,,,2026-03-21T07:07:22.169Z,7.0,6.677,6.677
"You, Me & Tuscany - In Theaters April 10 (TV Spot 8)",https://www.youtube.com/watch?v=HiK-DZ4gjio,,,2026-03-21T06:51:29.062Z,31.0,953.107,31.0
TaxAct Reminder To Do Your Taxes,https://www.youtube.com/watch?v=oPnW8OkIkOQ,,,2026-03-21T06:50:49.285Z,7.0,39.777,7.0
Dino :15,https://www.youtube.com/watch?v=F2UHAAW3Fs4,,,2026-03-21T06:50:33.774Z,16.0,15.511,15.511
2025 06 Group Retail Therapy W 15s YT 16x9,https://www.youtube.com/watch?v=q_2RyRNUavQ,,,2026-03-21T06:36:19.686Z,16.0,854.088,16.0
Math | LiMu Emu & Doug | Liberty Mutual Insurance Commercial,https://www.youtube.com/watch?v=5FuZv0HPAPg,,,2026-03-21T06:36:12.099Z,7.0,7.587,7.0
Keurig Coffee Collective | Refined Grind™,https://www.youtube.com/watch?v=lI3H2MJWE0A,,,2026-03-21T06:36:05.134Z,7.0,6.965,6.965
English New Chicken Menu 16:9,https://www.youtube.com/watch?v=hrOL_XI5SdQ,,,2026-03-21T06:22:15.047Z,15.0,830.087,15.0
ted | New Season Streaming Now,https://www.youtube.com/watch?v=Cj80CJUGREM,,,2026-03-21T06:21:58.553Z,16.0,16.494,16.0
Paze℠ | Bubble Bath (:15),https://www.youtube.com/watch?v=vB3y56UcL0U,,,2026-03-21T06:21:42.013Z,16.0,16.54,16.0
Neutrogena® Sun Invisible Gel SPF 40 - Don't Compromise on Your Sunscreen,https://www.youtube.com/watch?v=sgO4kMp6wQo,,,2026-03-21T06:21:34.530Z,7.0,7.483,7.0
Chicken Fingers | Rewards on Hotels.com,https://www.youtube.com/watch?v=pXuXVZTJdFQ,,,2026-03-21T06:04:25.606Z,31.0,1028.924,31.0
Aveeno® Skin Relief Fragrance-Free Body Wash,https://www.youtube.com/watch?v=fODJp8xsV8Q,,,2026-03-21T06:04:09.006Z,15.0,16.6,15.0
Centrum - Rethink Your Multivitamins,https://www.youtube.com/watch?v=cqRxu6Xw9q8,,,2026-03-21T06:03:52.590Z,16.0,16.416,16.0
Rocket League® - EN ESRB - Cutdown C 6s,https://www.youtube.com/watch?v=Ul9pki9hwA8,,,2026-03-21T06:03:45.043Z,6.0,7.547,6.0
"High Quality, High Protein Lunchmeat",https://www.youtube.com/watch?v=nh68Jr_E71I,,,2026-03-21T06:03:28.782Z,16.0,16.261,16.0
EN ESRB 1920x1080 FN BR C7S2 Hybrid Launch Trailer Cinematic Cutdown A 261006 15s PM,https://www.youtube.com/watch?v=T9YjlAjohP4,,,2026-03-21T05:51:44.177Z,15.0,704.605,15.0
3 Hours Of Geography Facts (You Won't Believe ),https://www.youtube.com/watch?v=dqZEnHT_4l8,Map Pack,https://www.youtube.com/channel/UCb0JxFSwHTzH0AEsAzQHV4w,2026-03-21T05:50:59.900Z,10702.0,44.277,44.277
🔴 24/7 LIVE: True Crime Cases That Will Keep You Up At Night | A Killer’s Mistake,https://www.youtube.com/watch?v=RZrP-rgAP5c,True Crime Now,https://www.youtube.com/channel/UCGQMEkgLb9giJVAFPb5pfFg,2026-03-21T05:49:54.678Z,0.0,65.222,0.0
James Webb Pointed at Alpha Centauri… No One Expected What It Found,https://www.youtube.com/watch?v=4moLoIQDmIk,SPACE BEFOREAFTER,https://www.youtube.com/channel/UCxbnsftoQou1IfWZlEb_1iA,2026-03-21T05:49:21.899Z,6368.0,32.779,32.779
https://www.youtube.com/watch?v=fAaSrMLay2w,https://www.youtube.com/watch?v=fAaSrMLay2w,,,2026-03-21T05:49:07.060Z,,14.839,14.839
Kouri Richins Jury Foreperson Speaks. Plus what we didn't see at trial. | Case Brief,https://www.youtube.com/watch?v=-xJnhwOd4Z8,The Emily Show,https://www.youtube.com/channel/UC7pGyYaOMsJv1tlPNBgAG2Q,2026-03-21T05:48:50.975Z,2436.0,16.085,16.085
How Did Pioneers Sleep During Deadly Winter Storms in Log Cabins | Relaxing History for Sleep,https://www.youtube.com/watch?v=qcOuwVSiSSI,Boring History Secrets ,https://www.youtube.com/channel/UCtKLvGbzqAluwUW3Ez_zeQA,2026-03-21T05:47:30.165Z,7946.0,80.81,80.81
Why It’s IMPOSSIBLE for Aliens to Ever Reach Earth,https://www.youtube.com/watch?v=pxb6yT6FlEI,Calm Space,https://www.youtube.com/channel/UCXyJmt3PKv0fbsU9DtcreEw,2026-03-21T05:47:08.394Z,8502.0,21.771,21.771
You are so much more than your allergies with the power of Claritin®.,https://www.youtube.com/watch?v=KAnLbmdqU8o,,,2026-03-21T05:36:50.549Z,16.0,617.845,16.0
Hardee's | Pulled Pork Frisco Burger | $5.99,https://www.youtube.com/watch?v=jPOuaGPKWiw,,,2026-03-21T05:36:34.309Z,16.0,16.24,16.0
Thrive Causemetics-BEB 16x9-Pili,https://www.youtube.com/watch?v=QQsie3sgXic,,,2026-03-21T05:27:46.562Z,24.0,527.747,24.0
Feathers a Flyin' — Marathon Fuel 08 16x9,https://www.youtube.com/watch?v=NN6UJAouVM0,,,2026-03-21T05:27:38.689Z,7.0,7.873,7.0
Real fruit and vegetable nutrition!,https://www.youtube.com/watch?v=xkTWRQAIhXU,,,2026-03-21T04:27:09.496Z,31.0,3629.193,31.0
Solve the Mystery of Energy Savings | Energy Suspects,https://www.youtube.com/watch?v=4L-d9tdqZ0k,,,2026-03-21T04:26:37.793Z,31.0,31.703,31.0
"Schemes and Plots | ""48 Hours"" Full Episodes",https://www.youtube.com/watch?v=XSF6kDtflKk,48 Hours,https://www.youtube.com/channel/UC7htuVs06oduI3xSfTdcxPA,2026-03-21T04:10:31.043Z,7472.0,966.75,966.75
HKBT6540001H GENERIC HDAA EVERGREEN 26 NON INCENT 15 IN,https://www.youtube.com/watch?v=I7eka1CAlJ0,,,2026-03-21T04:10:22.704Z,16.0,8.339,8.339
From Puerto Rico To Kensington: The Weymouth St. Indictment,https://www.youtube.com/watch?v=94sat65LckE,American Confidential,https://www.youtube.com/channel/UCQGHEkplok45lLkSQgXZ9CA,2026-03-21T04:07:28.063Z,1353.0,174.641,174.641
The Moment Mom Realizes The Cops Found Her Horrifying Secret,https://www.youtube.com/watch?v=uXxkkH_YMQ0,M7 Crime Storytime,https://www.youtube.com/channel/UC7_MOIpN8fn_UZAivnn10_Q,2026-03-21T04:06:32.923Z,2778.0,55.14,55.14
Toying with Crime  | 48 Hours Full Episodes,https://www.youtube.com/watch?v=5L0WuGRfFOA,48 Hours,https://www.youtube.com/channel/UC7htuVs06oduI3xSfTdcxPA,2026-03-21T04:04:40.730Z,7617.0,112.193,112.193
"Furious Partners | ""48 Hours"" Full Episodes",https://www.youtube.com/watch?v=cfDyMaqAgrE,48 Hours,https://www.youtube.com/channel/UC7htuVs06oduI3xSfTdcxPA,2026-03-21T04:03:46.836Z,7541.0,53.894,53.894
"Unmasking Killers | “48 Hours"" Full Episodes",https://www.youtube.com/watch?v=_mm0s92s68w,48 Hours,https://www.youtube.com/channel/UC7htuVs06oduI3xSfTdcxPA,2026-03-21T04:03:27.132Z,7438.0,19.704,19.704
The Moment Detectives Found The Bodies...,https://www.youtube.com/watch?v=QNzl4fvpfro,STAYAWAKE - Crime & Psychology,https://www.youtube.com/channel/UCoV5rqQ-ZwLahX1Q0aEsneA,2026-03-21T04:02:00.938Z,1520.0,86.194,86.194
The Moment A KILLER Falls Into The Victim's Trap,https://www.youtube.com/watch?v=TrJRcghwtig,STAYAWAKE - Crime & Psychology,https://www.youtube.com/channel/UCoV5rqQ-ZwLahX1Q0aEsneA,2026-03-21T04:01:24.506Z,1309.0,36.432,36.432
"An Ego of Entitlement So Huge, She Obviously Can't Be Arrested!",https://www.youtube.com/watch?v=JuQ3s2mQqh8,Ragical the Unhallowed Knight,https://www.youtube.com/channel/UC8k4438OtWHmnbSqznGnWjg,2026-03-21T04:01:03.934Z,1291.0,20.572,20.572
WI v. Jeffrey Dahmer (1992): Victim Tracy Edwards Testifies,https://www.youtube.com/watch?v=qGLHDqcV-Pg,COURT TV,https://www.youtube.com/channel/UCo5E9pEhK_9kWG7-5HHcyRg,2026-03-21T03:59:58.322Z,1916.0,65.612,65.612
Naked Home Invasion Suspect Mike Wilson Is Caught In Senior Citizens Home Listening To Reggae Music,https://www.youtube.com/watch?v=4P_hpNUpiLU,AG Tactical ,https://www.youtube.com/channel/UCo2pHLRDlyKK1D4H4NE4kRw,2026-03-21T03:59:05.481Z,909.0,52.841,52.841
Police Rescue Family From EXTREMELY Abusive Mom Who Threatened To K*ll Them If They Called 911,https://www.youtube.com/watch?v=pvYEAcLre1E,B-Cam police,https://www.youtube.com/channel/UCOzUXFP7J2k8zf3KN8ms6-A,2026-03-21T03:58:10.019Z,976.0,55.462,55.462
"Husband Lets Wife Go to Jail: ""She Needs to Learn a Lesson""",https://www.youtube.com/watch?v=C2iZdakjB-c,BodyCam Pro,https://www.youtube.com/channel/UCRBPAf6aWmoULJDABGhRqdg,2026-03-21T03:57:19.946Z,1492.0,50.073,50.073
when a narcissist gets caught witness tampering : the insane case of Kouri Richins,https://www.youtube.com/watch?v=siQksC4s0-4,dreading (crime and psychology),https://www.youtube.com/channel/UCG-qQe1mnh4JVKhuJkdh8KA,2026-03-21T03:56:19.652Z,2041.0,60.294,60.294
14yo Boy Runs to Neighbors Crying & Reveals Mom’s “Discipline”,https://www.youtube.com/watch?v=XHdWpuFgfH0,Unpopular,https://www.youtube.com/channel/UCJ8-AAk1WYdrRZPQbSzYenA,2026-03-21T03:55:36.370Z,869.0,43.282,43.282
Psychologist Analyzes Murder Suspect Turned Children's Book Author Kouri Richins Body Language,https://www.youtube.com/watch?v=EW0vIHjk-qQ,Dr. G Explains,https://www.youtube.com/channel/UCOmjR-JVOshlZbUoQYOCxWg,2026-03-21T03:53:51.245Z,579.0,105.125,105.125
"Teen Killer Stone-Faced in Court, Thinks the Code Will Save Him — Then His Friends Speak",https://www.youtube.com/watch?v=DFGfcWnnmZ4,Acts of Crime,https://www.youtube.com/channel/UC-DFuMsAW4lPmVPRDw0-HTg,2026-03-21T03:53:14.139Z,1082.0,37.106,37.106
Teenager Disappears from Her Own Bedroom After Reporting Bizarre Visitor | Riley Crossman Analysis,https://www.youtube.com/watch?v=FZjNF14Ycrw,Dr. Todd Grande,https://www.youtube.com/channel/UCC_0vyFTKk1Nlodo4QsiQkw,2026-03-21T03:52:32.906Z,851.0,41.233,41.233
There's a Hole in the Universe... Fall Asleep Exploring the Cold Spot Mystery,https://www.youtube.com/watch?v=ILcyLaJDg5w,The Drowsy Astronaut,https://www.youtube.com/channel/UC4fjzzxyd-osNfUGVaFoXLg,2026-03-21T03:51:44.899Z,7297.0,48.007,48.007
Bodycam Released in Samurai Sword Massacre,https://www.youtube.com/watch?v=lEe7HB-n7Q0,Midwest Safety,https://www.youtube.com/channel/UCazRf1jcMNZEL1MS5i_rWQQ,2026-03-21T03:49:58.750Z,2095.0,106.149,106.149
You've Never Imagined How Slaves Survived the Cold.,https://www.youtube.com/watch?v=0mGSf6AQyT4,Black and White History,https://www.youtube.com/channel/UCM4da2YeKWwCOacomG2Z1cQ,2026-03-21T03:48:34.343Z,1764.0,84.407,84.407
Working at AutoZone: Store Culture,https://www.youtube.com/watch?v=e-LLtyG4tpA,,,2026-03-21T03:39:59.061Z,59.0,515.282,59.0
Sophie Cunningham Remember College(facepaint) - Yrefy,https://www.youtube.com/watch?v=vLGLYIyyEj0,,,2026-03-21T03:39:27.743Z,31.0,31.318,31.0
18-Year-Old Killer Realizes She's Going to Prison,https://www.youtube.com/watch?v=cVY0I-BvmkA,Crime Spree,https://www.youtube.com/channel/UCu5j2Qvdj0_-GYuOZFp6d2A,2026-03-21T03:28:55.400Z,2417.0,632.343,632.343
DUAL CLOSER 30/ Now Playing Only In Theaters,https://www.youtube.com/watch?v=QrWd-rL7Koo,,,2026-03-21T03:28:45.260Z,31.0,10.14,10.14
Afroman Causes Corrupt Police Sargent To Squeal And Cry In Court After His Ex Wife Humiliates Him,https://www.youtube.com/watch?v=0JFvPcBbvuY,AG Tactical ,https://www.youtube.com/channel/UCo2pHLRDlyKK1D4H4NE4kRw,2026-03-21T03:25:32.738Z,1212.0,192.522,192.522
Chicken Fingers | Rewards on Hotels.com,https://www.youtube.com/watch?v=pXuXVZTJdFQ,,,2026-03-21T03:24:53.929Z,31.0,38.809,31.0
"Spring LPOS (alt), US :15 | Michaels",https://www.youtube.com/watch?v=wpoE6EwKjvA,,,2026-03-21T03:24:37.286Z,16.0,16.643,16.0
Wait… Tyler Perry & Marlo Hampton Dating?! This Got Weird Fast,https://www.youtube.com/watch?v=Gp6waBnS51k,Armon Wiggins,https://www.youtube.com/channel/UCl8dvxZaiUtttyDBgIujocw,2026-03-21T03:13:47.809Z,687.0,649.477,649.477
Infinite Zoom - Fallout S2 :15 (16x9) US-EN,https://www.youtube.com/watch?v=2IJ2TmdJ3Qk,,,2026-03-21T03:13:30.169Z,16.0,17.64,16.0
Deals Up to 70% Off Are in Stores Now | Nordstrom Rack 2026,https://www.youtube.com/watch?v=DL6bH0ahGi4,,,2026-03-21T03:13:13.518Z,16.0,16.651,16.0
Verizon Fios,https://www.youtube.com/watch?v=tGcwGEWucLc,,,2026-03-21T03:11:40.004Z,31.0,93.514,31.0
Teen Who Killed a Married Couple in Crash Gets the Surprise of His Life,https://www.youtube.com/watch?v=lpD93BM-4eM,Daily Dose Of Crime,https://www.youtube.com/channel/UCrOKDAUB-iL2wLzZdRN7xgA,2026-03-21T03:09:08.134Z,2355.0,151.87,151.87
The Lady | BritBox | Crime | 30,https://www.youtube.com/watch?v=6T2_7tnMb_0,,,2026-03-21T03:08:34.625Z,30.0,33.509,30.0
GOT3D783_EN_CC以战养战-苔原版-1分钟版_国王_1920x1080,https://www.youtube.com/watch?v=lloaov-SekQ,,,2026-03-21T03:07:33.617Z,60.0,61.008,60.0
A family man driven to help families.,https://www.youtube.com/watch?v=OJ9ckYvMZec,,,2026-03-21T02:58:08.691Z,31.0,564.926,31.0
Welcome to Duke's Country - Mayo is Coming! :15,https://www.youtube.com/watch?v=6NxE5LLWKFc,,,2026-03-21T02:57:35.316Z,16.0,33.375,16.0
DTF St Louis | HBOMax,https://www.youtube.com/watch?v=C8DeCLt6MO8,,,2026-03-21T02:57:18.743Z,16.0,16.573,16.0
THE JUDGE HEARD THE PROSECUTION'S NUMBER — AND WENT HIGHER. $3.5 MILLION CASH. NO EXCEPTIONS.,https://www.youtube.com/watch?v=4O9YiRYBymE,Secret in the Dark,https://www.youtube.com/channel/UC0lmS-JI2-fzns06TGcKORQ,2026-03-21T02:47:04.527Z,1158.0,614.216,614.216
See how Amazon is empowering hourly employees,https://www.youtube.com/watch?v=otBdDVCmwps,,,2026-03-21T02:46:00.833Z,31.0,63.694,31.0
Justin Timberlake DWI Arrest Bodycam Video Released,https://www.youtube.com/watch?v=tU79HglmSL0,Law&Crime Network,https://www.youtube.com/channel/UCz8K1occVvDTYDfFo7N5EZw,2026-03-21T02:45:26.595Z,1135.0,34.238,34.238
High-Ranking 'Cover-Up' Cop Celebrates Road Rage Fatality Was Not Black | Scott Spivey Case Analysis,https://www.youtube.com/watch?v=kG8MVKW4DZo,Dr. Todd Grande,https://www.youtube.com/channel/UCC_0vyFTKk1Nlodo4QsiQkw,2026-03-21T02:41:29.262Z,1084.0,237.333,237.333
EN ESRB 1920x1080 FN BR C7S2 Snackables SevenPowerGloves 261046 11s PM,https://www.youtube.com/watch?v=lQ8JVPEs_Ps,,,2026-03-21T02:41:15.206Z,11.0,14.056,11.0
Birthday :15s | Brawny® 3-Ply Paper Towels,https://www.youtube.com/watch?v=4ZFcH0Tj-jA,,,2026-03-21T02:40:59.145Z,16.0,16.061,16.0
2603_Richmond-Petersburg_equinox_ENG_15_227353_FIL_20260302153930,https://www.youtube.com/watch?v=MVqP3rR7pdk,,,2026-03-21T02:34:30.779Z,16.0,388.366,16.0
"Spring LPOS, US :15 | Michaels",https://www.youtube.com/watch?v=a6cuzqM7CDA,,,2026-03-21T02:34:14.291Z,15.0,16.488,15.0
Claritin Clears™,https://www.youtube.com/watch?v=BrkvuDvRrsY,,,2026-03-21T02:34:06.636Z,7.0,7.655,7.0
Edible Arrangements Go-To Birthday Gift :15s,https://www.youtube.com/watch?v=uydnTCaFIDo,,,2026-03-21T02:33:50.551Z,16.0,16.085,16.0
Man Kills His Mother After ChatGPT Reinforced Paranoid and Grandiose Delusions | Soelberg Analysis,https://www.youtube.com/watch?v=b2qfoIVb-0I,Dr. Todd Grande,https://www.youtube.com/channel/UCC_0vyFTKk1Nlodo4QsiQkw,2026-03-21T02:21:36.966Z,1096.0,733.585,733.585
Google AI Pro,https://www.youtube.com/watch?v=iCO-7UMlcs4,,,2026-03-21T02:21:02.810Z,33.0,34.156,33.0
Trips for families and friends | Booking.com,https://www.youtube.com/watch?v=JjbYtjk7j4s,,,2026-03-21T02:20:46.252Z,16.0,16.558,16.0
CLS_GOT3D654_EN_BJHT1慢速塔防-正交视角_国王_1920x1080,https://www.youtube.com/watch?v=AQz4LZDfSqk,,,2026-03-21T02:19:49.103Z,53.0,57.149,53.0
When a Cop's Wife Thinks She's Untouchable,https://www.youtube.com/watch?v=imhl2YXM4-k,Midwest Safety,https://www.youtube.com/channel/UCazRf1jcMNZEL1MS5i_rWQQ,2026-03-21T02:19:18.032Z,1282.0,31.071,31.071
Richmond Police Department - YouTube,https://www.youtube.com/watch?v=cODH76tG0kE,,,2026-03-21T02:19:16.082Z,31.0,1.95,1.95
Rude Viewer Post Threat & Regrets It + Leave Me Alone & I Won’t Go Off On You + I Said What I Said!,https://www.youtube.com/watch?v=N1Jnc_FrpKs,Jay Lee's Corner,https://www.youtube.com/channel/UCx8Bpt-o6YpP2sznnJNl3uw,2026-03-21T02:15:39.133Z,551.0,216.949,216.949
Dad crashout incoming..,https://www.youtube.com/watch?v=sPSSjSjF_vA,Justin Stagner ,https://www.youtube.com/channel/UCBU1iuJZN6UtBjQcgvuwJ_Q,2026-03-21T02:12:48.929Z,64.0,170.204,64.0
How hood McDonald’s employees be like… #shorts #ytshorts #viral #funny #druski,https://www.youtube.com/watch?v=dgO10wJq56A,ShortsOnShorts,https://www.youtube.com/channel/UCOJl4gWGgLT2vDTkxGy6hjQ,2026-03-21T02:11:39.950Z,61.0,68.979,61.0
Life As A Surgical Tech Who Works Nights,https://www.youtube.com/watch?v=kIS6euBOHXI,Leasie B,https://www.youtube.com/channel/UC1CgaVmGvygOpl62-F3Gxgg,2026-03-21T02:10:28.466Z,65.0,71.484,65.0
She always overreacts,https://www.youtube.com/watch?v=wDIy-Pnjsv0,Justin Stagner ,https://www.youtube.com/channel/UCBU1iuJZN6UtBjQcgvuwJ_Q,2026-03-21T02:09:37.576Z,27.0,50.89,27.0
The Most Dramatic Patient Ever! 💉🐶 #funny #animals #viral,https://www.youtube.com/watch?v=d015ucCVfzk,Murtil Ag,https://www.youtube.com/channel/UCw35BtL8jCN8dcAOsHdbG6A,2026-03-21T02:08:56.446Z,11.0,41.13,11.0
Was this her final straw?,https://www.youtube.com/watch?v=NpFY5lnOcXg,Justin Stagner ,https://www.youtube.com/channel/UCBU1iuJZN6UtBjQcgvuwJ_Q,2026-03-21T02:05:51.386Z,42.0,185.06,42.0
Did Attractiveness Disparity Lead to Homicide? | Mark Castellano & Michelle Chaffin Case Analysis,https://www.youtube.com/watch?v=toedFLdG5nY,Dr. Todd Grande,https://www.youtube.com/channel/UCC_0vyFTKk1Nlodo4QsiQkw,2026-03-21T02:02:31.938Z,1000.0,199.448,199.448
Beach Bar,https://www.youtube.com/watch?v=ETExsGy1tsU,,,2026-03-21T02:02:14.856Z,16.0,17.082,16.0
0725-Groups-Suboxone-StateSpecific-Virginia-V1-16x9_2025-09-18_10-25-16.mp4,https://www.youtube.com/watch?v=DhMrVbXwKQE,,,2026-03-21T02:01:48.676Z,25.0,26.18,25.0
Find Your Finish to Anti-Estrogen Therapy: Start with the Breast Cancer Index (BCI) Test,https://www.youtube.com/watch?v=mhZeBiqmcTU,,,2026-03-21T01:51:02.488Z,48.0,646.188,48.0
Home of the Largest Jackpots in Virginia,https://www.youtube.com/watch?v=7Vh_gyUNZiM,,,2026-03-21T01:50:45.966Z,16.0,16.522,16.0
Reach - Coffee Shop 6s Horizontal,https://www.youtube.com/watch?v=UNuRPxxw0Lg,,,2026-03-21T01:50:37.684Z,7.0,8.282,7.0
2025 Forester - Consumer Reports Recommended - ALTL Tag,https://www.youtube.com/watch?v=pKezRT7d_7w,,,2026-03-21T01:50:21.235Z,16.0,16.449,16.0
Secret Clinical Stress Stress Sweat ENG 06 OLV 16x9 PGSC4180000H July25,https://www.youtube.com/watch?v=CQsKH2L8nio,,,2026-03-21T01:50:13.846Z,7.0,7.389,7.0
"""New Age"" Girlfriend Behaves Bizarrely After Lover Goes Missing | Davohnte Morgan Case Analysis",https://www.youtube.com/watch?v=jPD-nN3xdE4,Dr. Todd Grande,https://www.youtube.com/channel/UCC_0vyFTKk1Nlodo4QsiQkw,2026-03-21T01:44:22.054Z,941.0,351.792,351.792
COC.5ReasonstoClash.UA.EN.59s.16x9$COC0326-8.mp4,https://www.youtube.com/watch?v=HcabzsbIyQk,,,2026-03-21T01:43:19.489Z,59.0,62.565,59.0
Treehouse :15s | Brawny® 3-Ply Paper Towels,https://www.youtube.com/watch?v=J0giy8fznXk,,,2026-03-21T01:43:03.169Z,16.0,16.32,16.0
🌸 Step Into Spring with Ashro | Easter & Special Occasion Style 2026 🌸 ASHRO.com,https://www.youtube.com/watch?v=8yy-YMu-Fsw,,,2026-03-21T01:33:21.686Z,30.0,581.483,30.0
Helping Neighbors Save Energy | Energy Suspects,https://www.youtube.com/watch?v=XS1tKucGXu0,,,2026-03-21T01:33:05.033Z,16.0,16.653,16.0
FY26Q1 Acrobat DoThatWithAcrobat AllAligned LM REV Web Youtube 15 16x9 EN Captions 1,https://www.youtube.com/watch?v=FWmyVbtvO3A,,,2026-03-21T01:32:48.501Z,16.0,16.532,16.0
SCORE CLOSER 15/ Now Playing Only In Theaters,https://www.youtube.com/watch?v=xIIpP6DHkPo,,,2026-03-21T01:32:32.067Z,16.0,16.434,16.0
Ready Or Not 2: Here I Come - Movie Review,https://www.youtube.com/watch?v=BOC-zFAuPSw,Adam Does Movies,https://www.youtube.com/channel/UCmuP70--NYoqgyo3N0ZwDCA,2026-03-21T01:31:03.987Z,633.0,88.08,88.08
The Key Witness Missing From the Kouri Richins Trial,https://www.youtube.com/watch?v=AN1BigzatJY,Lawyer Lee,https://www.youtube.com/channel/UCXXZgehRtbz2Fopk9iioZfQ,2026-03-21T01:30:43.371Z,738.0,20.616,20.616
5yo Dies After Mom's Crazy Police Chase,https://www.youtube.com/watch?v=_Ie4EnrrltY,Daily Dose Of Crime,https://www.youtube.com/channel/UCrOKDAUB-iL2wLzZdRN7xgA,2026-03-21T01:29:21.514Z,1964.0,81.857,81.857
POWER GRAB,https://www.youtube.com/watch?v=Q0-n_USbFuw,,,2026-03-21T01:28:48.677Z,31.0,32.837,31.0
C183897 ENG AKKNMR1445 SNG EVG SUP VID 15S 0 16X9,https://www.youtube.com/watch?v=9M4cvwsTmhU,,,2026-03-21T01:14:18.421Z,16.0,870.256,16.0
Father Leads Police To Son's Dead Body,https://www.youtube.com/watch?v=UM-sXvFfhZI,Police Prime,https://www.youtube.com/channel/UCF7evaQSDbm7vqFa459zi-g,2026-03-21T01:01:09.552Z,1474.0,788.869,788.869
Kids Left in Hot Car While Parents Get High,https://www.youtube.com/watch?v=K2nTzjGUFKU,Daily Dose Of Crime,https://www.youtube.com/channel/UCrOKDAUB-iL2wLzZdRN7xgA,2026-03-21T00:59:44.698Z,1702.0,84.854,84.854
Let me tell you about the Opera Browser.,https://www.youtube.com/watch?v=Al9fcWiJny8,,,2026-03-21T00:59:00.559Z,41.0,44.139,41.0
Get STARZ Today,https://www.youtube.com/watch?v=msSBoHw5LXI,,,2026-03-21T00:58:43.709Z,16.0,16.85,16.0
Shortened: cid=9bad3da2b57950a852da176a828904eb,https://www.youtube.com/watch?v=hdVuaT1vqwc,,,2026-03-21T00:45:51.045Z,14.0,772.664,14.0
VINlookupsearch - Try VIN Lookup Search Today,https://www.youtube.com/watch?v=XnPIOETvLNU,,,2026-03-21T00:45:39.600Z,11.0,11.445,11.0
NEW Steak & Cheese Melt,https://www.youtube.com/watch?v=vrSKQOiVL40,,,2026-03-21T00:33:29.737Z,7.0,729.863,7.0
​​​Clean Harsh Chemicals with WypAll® X70 Cloths: The Right Wipe for Tough Cleanup Tasks,https://www.youtube.com/watch?v=nm3eVw3rkUU,,,2026-03-21T00:33:13.170Z,16.0,16.567,16.0
"Girl Realizes Apple AirTag is Tracking Her, Then She Finds Out Who’s it is…",https://www.youtube.com/watch?v=hwKWpq8hVMk,Bodycam Lockdown,https://www.youtube.com/channel/UCWE96-Cbm-0522aCI6799gA,2026-03-21T00:17:33.792Z,906.0,939.378,906.0
See how Amazon is empowering hourly employees,https://www.youtube.com/watch?v=2MXM6ZA0b4M,,,2026-03-21T00:17:04.553Z,31.0,29.239,29.239
Nadula,https://www.youtube.com/watch?v=tpmBmgCz4us,,,2026-03-21T00:02:07.262Z,11.0,897.291,11.0
Welcome to Duke's Country - Mayo is Coming! :06 Chef,https://www.youtube.com/watch?v=D6WG2Up_fEM,,,2026-03-21T00:01:59.830Z,7.0,7.432,7.0
DE Peak Time Rebate Earn Rewards 10-25 15 Sec - 16x9,https://www.youtube.com/watch?v=2OM46dcRyg4,,,2026-03-21T00:01:43.907Z,16.0,15.923,15.923
Sonic All-American Smashers,https://www.youtube.com/watch?v=k-I01Qttfe8,,,2026-03-20T23:50:25.339Z,16.0,678.568,16.0
Addendum :15,https://www.youtube.com/watch?v=PzFkWcSGxAg,,,2026-03-20T23:40:35.158Z,16.0,590.181,16.0
Get the good stuff™,https://www.youtube.com/watch?v=oe1qL5TLqCA,,,2026-03-20T23:40:27.558Z,7.0,7.6,7.0
Swoon | Truth Tellers | Liberty Mutual Insurance Commercial,https://www.youtube.com/watch?v=dE5UsXXhREw,,,2026-03-20T23:40:11.250Z,16.0,16.308,16.0
"""Veterans""",https://www.youtube.com/watch?v=iVLO9JwvqbI,,,2026-03-20T23:39:39.647Z,31.0,31.603,31.0
White vs Black: We Try Each Others Struggle Meals ⎸ Taste Wars,https://www.youtube.com/watch?v=Pl1wuayP33M,Cocoa Butter,https://www.youtube.com/channel/UCcOWHZl_mlhs2Yjo9Lyhb7g,2026-03-20T23:30:34.731Z,1095.0,544.916,544.916
Budweiser | Super Bowl LX Teaser 'Stable',https://www.youtube.com/watch?v=FAd8juj6-_k,,,2026-03-20T23:30:17.658Z,16.0,17.073,16.0
Jurassic Mobile,https://www.youtube.com/watch?v=Tp0vGgyRVpw,,,2026-03-20T23:29:58.566Z,19.0,19.092,19.0
Fisk vs. Daredevil | Stream Marvel Television's Daredevil: Born Again Season 2 March 24 on Disney+,https://www.youtube.com/watch?v=KphqeJeCfjc,,,2026-03-20T23:29:17.434Z,24.0,41.132,24.0
Stream Season 2 of Marvel Television's Daredevil: Born Again March 24 on Disney+,https://www.youtube.com/watch?v=J65y6z6fG0k,,,2026-03-20T23:02:21.766Z,17.0,1615.668,17.0
Kouri Richin's Lost Her Lawyers and Looks Guiltier than Ever | dreading,https://www.youtube.com/watch?v=U2RAqxClzcA,dreading (crime and psychology),https://www.youtube.com/channel/UCG-qQe1mnh4JVKhuJkdh8KA,2026-03-20T22:13:29.864Z,2753.0,2931.902,2753.0
"Start Quality, Affordable Mental Health Care with Rula",https://www.youtube.com/watch?v=uD-jG4M068U,,,2026-03-20T22:13:12.773Z,16.0,17.091,16.0
Meet Michaela: Learn How She Uses Women's Preferences on Uber | Uber,https://www.youtube.com/watch?v=QGwPguP6duw,,,2026-03-20T22:12:56.367Z,16.0,16.406,16.0
"Officers Open Trunk, Find Body Wrapped in Duct Tape",https://www.youtube.com/watch?v=Paurv9s3yw8,Daily Dose Of Crime,https://www.youtube.com/channel/UCrOKDAUB-iL2wLzZdRN7xgA,2026-03-20T21:54:39.117Z,1841.0,1097.25,1097.25
JumpCloudLand Edit,https://www.youtube.com/watch?v=zvuorDlGm2Q,,,2026-03-20T21:54:04.004Z,33.0,35.113,33.0
Save Grace :06 - Now Playing,https://www.youtube.com/watch?v=nzFA05STV5w,,,2026-03-20T21:53:56.844Z,7.0,7.16,7.0
In an Instant,https://www.youtube.com/watch?v=1zce2NEkjHM,,,2026-03-20T21:37:19.034Z,31.0,997.81,31.0
East Coast Appliance,https://www.youtube.com/watch?v=CiRt1548hZc,,,2026-03-20T21:36:45.966Z,16.0,33.068,16.0
Leveling Up :15 | That's Why...We Got You! | VACU,https://www.youtube.com/watch?v=qgp4QORwvG8,,,2026-03-20T21:36:29.364Z,16.0,16.602,16.0
Potbelly Power of AND 6 16x9,https://www.youtube.com/watch?v=7pFIkvMfwF8,,,2026-03-20T21:36:22.212Z,7.0,7.152,7.0
Shortened: Opera browser for Mobile - Influencer - US Devin Hayes Video1,https://www.youtube.com/watch?v=yc8uVi_aJMc,,,2026-03-20T21:21:49.015Z,37.0,873.197,37.0
He Murdered His Grandparents 7 Days After Getting Out of Jail,https://www.youtube.com/watch?v=JaGHaFQOpXc,Daily Dose Of Crime,https://www.youtube.com/channel/UCrOKDAUB-iL2wLzZdRN7xgA,2026-03-20T21:14:51.983Z,2668.0,417.032,417.032
MARC 2051 BV Paid Youtube   Phone Search   Russell Version 1789   Editing Final,https://www.youtube.com/watch?v=jhjFdEVh0Gw,,,2026-03-20T21:07:10.882Z,21.0,461.101,21.0
Bradley Mechanical Since 1969 – HVAC - Plumbing - Electrical - Home Performance,https://www.youtube.com/watch?v=EvfY10MvKlM,,,2026-03-20T21:06:39.453Z,31.0,31.429,31.0
This year is all about power moves.,https://www.youtube.com/watch?v=WAGX3jU86GE,,,2026-03-20T20:53:56.451Z,16.0,763.002,16.0
2025 Ascent - Consumer Reports Recommended - ALTL Tag,https://www.youtube.com/watch?v=7GuGDx204mE,,,2026-03-20T20:53:23.318Z,16.0,33.133,16.0
50% Off Everything Online,https://www.youtube.com/watch?v=snDhPnGHmZw,,,2026-03-20T20:53:07.330Z,16.0,15.988,15.988
EAG25 10840 HelperCups2 012326 1,https://www.youtube.com/watch?v=gTfT690POMw,,,2026-03-20T20:37:48.881Z,16.0,918.449,16.0
Priceline | Carousel,https://www.youtube.com/watch?v=NlQiMugm0MM,,,2026-03-20T20:37:41.439Z,7.0,7.442,7.0
PG 25 1284150 AlanThomas06 16x9 1080 MK,https://www.youtube.com/watch?v=KyGfYEVWfvg,,,2026-03-20T20:37:34.064Z,7.0,7.375,7.0
Join AAA | Winter Weather,https://www.youtube.com/watch?v=H2VYP9IOcgk,,,2026-03-20T20:37:17.853Z,16.0,16.211,16.0
Jury finds Utah mom Kouri Richins guilty of murdering husband,https://www.youtube.com/watch?v=Cs0KmTYnlHY,48 Hours,https://www.youtube.com/channel/UC7htuVs06oduI3xSfTdcxPA,2026-03-20T20:23:04.719Z,2448.0,853.134,853.134
Video Ad,https://www.youtube.com/watch?v=vN9Obiks1-U,,,2026-03-20T20:22:44.937Z,61.0,19.782,19.782
"Irresponsible Mom Crashes While Drunk, Toddler Thrown from Car",https://www.youtube.com/watch?v=l1lDq6V56J0,Daily Dose Of Crime,https://www.youtube.com/channel/UCrOKDAUB-iL2wLzZdRN7xgA,2026-03-20T20:10:17.148Z,1563.0,747.789,747.789
Failed Real Estate Investor Writes Grief Book Inspired by Murder She Committed | Richins Analysis,https://www.youtube.com/watch?v=FsQssqzr3yw,Dr. Todd Grande,https://www.youtube.com/channel/UCC_0vyFTKk1Nlodo4QsiQkw,2026-03-20T19:39:45.522Z,894.0,1831.626,894.0
"Head to AutoZone for the right parts, friendly service and no headaches.",https://www.youtube.com/watch?v=1qAAcQ2Vw6c,,,2026-03-20T19:28:46.096Z,16.0,659.426,16.0
Brewed Here | Michelob ULTRA | ENG,https://www.youtube.com/watch?v=jiyNOYvDLzU,,,2026-03-20T19:28:29.359Z,16.0,16.737,16.0
GJ Streeters Awareness 6s 2026 01 20,https://www.youtube.com/watch?v=bKFEQVGj3aM,,,2026-03-20T19:28:21.818Z,7.0,7.541,7.0
Advice from Dad Subtitle_VID_15S_16x9_EN,https://www.youtube.com/watch?v=Qtp69ORr4xI,,,2026-03-20T19:27:51.088Z,16.0,30.73,16.0
Did 'Creepy' Actor Launch Preemptive Social Media Attack Against Co-Star? | Blake Lively Analysis,https://www.youtube.com/watch?v=14wcY9MGOA0,Dr. Todd Grande,https://www.youtube.com/channel/UCC_0vyFTKk1Nlodo4QsiQkw,2026-03-20T19:19:02.426Z,1120.0,528.662,528.662
Five,https://www.youtube.com/watch?v=hlJQx9h0zkY,,,2026-03-20T19:18:30.464Z,31.0,31.962,31.0
Teacher 30,https://www.youtube.com/watch?v=py0XjYEatdw,,,2026-03-20T19:17:58.065Z,31.0,32.399,31.0
Hypersensitive Officers Sue Rapper for Defamation After Fruitless Raid Backfires | Afroman Analysis,https://www.youtube.com/watch?v=xTEsUloQSeo,Dr. Todd Grande,https://www.youtube.com/channel/UCC_0vyFTKk1Nlodo4QsiQkw,2026-03-20T19:04:54.339Z,749.0,783.726,749.0
Stays for fashionistas and fisherman | Booking.com,https://www.youtube.com/watch?v=aFHji91unN4,,,2026-03-20T19:04:44.106Z,16.0,10.233,10.233
Unhinged Killer Girlfriend Thinks She Got Away With Murder (She Didn’t),https://www.youtube.com/watch?v=KUPa4kD8QVY,Bloodlines,https://www.youtube.com/channel/UCKsS25HcdJVjGabKBYpOs4Q,2026-03-20T19:03:55.064Z,2901.0,49.042,49.042
I Want You Back,https://www.youtube.com/watch?v=UvynvnxZJ3Q,The Jackson 5   - Topic,https://www.youtube.com/channel/UCimf1nPr_Wc0ddnienWKGdg,2026-03-20T19:03:51.035Z,177.0,4.029,4.029
My Cherie Amour,https://www.youtube.com/watch?v=Fjufjv4rH0s,Stevie Wonder - Topic,https://www.youtube.com/channel/UCR83RRXHzXrEQbu_ZQmPMSg,2026-03-20T19:00:57.293Z,174.0,173.742,173.742
Parent Teacher Conference | LiMu Emu & Doug | Liberty Mutual Insurance Commercial,https://www.youtube.com/watch?v=frmEozSnMtM,,,2026-03-20T19:00:49.654Z,,7.639,7.639
Video Ad,https://www.youtube.com/watch?v=hB_CsPCF98w,,,2026-03-20T19:00:43.769Z,7.0,5.885,5.885
People  were BEGGING me to join this,https://www.youtube.com/watch?v=Y2CarQ19dfw,KevOnStage,https://www.youtube.com/channel/UC5Zc0EUB-km6in-55cK7k2g,2026-03-20T18:26:20.458Z,25.0,2063.311,25.0
Massachusetts Man Confesses to Friend That He Buried Woman Under Garage,https://www.youtube.com/watch?v=YigFAjiWUCA,Grizzly True Crime,https://www.youtube.com/channel/UCY04IfK5QlS8nWDU22bEXig,2026-03-20T18:06:41.256Z,3134.0,1179.202,1179.202
DTF: St. Louis | HBO Max,https://www.youtube.com/watch?v=s4mIRXLYQv8,,,2026-03-20T18:06:24.229Z,16.0,17.027,16.0
"Nadula - Glueless wigs, pre-everything",https://www.youtube.com/watch?v=pc2fGxvV3ac,,,2026-03-20T18:06:11.375Z,12.0,12.854,12.0
Shortened: PRIME-56870_Ship Upgrades Walk-Thru_Kelvin Iteration_EN_1920x1080_38s_v2_zk9mtuyf98_zk9mt,https://www.youtube.com/watch?v=w264bQ2AmQc,,,2026-03-20T18:05:39.178Z,30.0,32.197,30.0
Former American Idol Contestant's Murder Charges Just Got Worse,https://www.youtube.com/watch?v=qYceCJ-re_Q,Grizzly True Crime,https://www.youtube.com/channel/UCY04IfK5QlS8nWDU22bEXig,2026-03-20T17:43:07.405Z,1338.0,1351.773,1338.0
RI TOURISM  | All That Spring 30s | 2026,https://www.youtube.com/watch?v=h5eIYLWp0Us,,,2026-03-20T17:42:34.818Z,31.0,32.587,31.0
ct~CA gp~SaveGrow f~LAVideo a~Earners c~Gio 06 s~16x9,https://www.youtube.com/watch?v=vgaMO5j3JSU,,,2026-03-20T17:42:27.142Z,7.0,7.676,7.0
Traffic Stop Leads Police to Sleeping Child Left Alone at Hotel,https://www.youtube.com/watch?v=aAg6EaHKIck,Daily Dose Of Crime,https://www.youtube.com/channel/UCrOKDAUB-iL2wLzZdRN7xgA,2026-03-20T17:38:11.042Z,1422.0,256.1,256.1
Thrive Causemetics-LLEM16x9-Holiday,https://www.youtube.com/watch?v=QCnPZ18Nfc4,,,2026-03-20T17:37:38.266Z,30.0,32.776,30.0
Domino’s Best Deal Ever - How Do You Say “$9.99” In Basketball?,https://www.youtube.com/watch?v=VQMOLs-VRIc,,,2026-03-20T17:31:35.770Z,16.0,362.496,16.0
Colonial Nissan - CMA032615CNH CN March 15 YT,https://www.youtube.com/watch?v=aPWAwiQf0QU,,,2026-03-20T17:31:19.311Z,16.0,16.459,16.0
RYAN CLOSER REVISED 15/ Now Playing Only In Theaters,https://www.youtube.com/watch?v=D1AA4BYUv70,,,2026-03-20T17:31:03.050Z,16.0,16.261,16.0
Good Hands,https://www.youtube.com/watch?v=I3s1cGP-Yc8,,,2026-03-20T17:17:08.525Z,16.0,834.525,16.0
Help From Many English Radio Spot,https://www.youtube.com/watch?v=L0ftScPgPLA,,,2026-03-20T17:02:09.338Z,31.0,899.187,31.0
"Busted with Enough Fent*nyl to Take Over 100,000 Lives!",https://www.youtube.com/watch?v=15lDWaoDf4M,Daily Dose Of Crime,https://www.youtube.com/channel/UCrOKDAUB-iL2wLzZdRN7xgA,2026-03-20T16:48:23.583Z,2846.0,825.755,825.755
Video Wide 30s 2026 Rent A Car Cars Are Cool North America Logo,https://www.youtube.com/watch?v=_IqQVKFNyC8,,,2026-03-20T16:47:51.428Z,31.0,32.155,31.0
C176444 ENG IND SNG EVG SUP VID 15S 0 S4 16X9,https://www.youtube.com/watch?v=HM0NTb00dM4,,,2026-03-20T16:47:34.777Z,16.0,16.651,16.0
Holding Back the Years (Extended Single Mix) (2008 Remaster),https://www.youtube.com/watch?v=4Zq-kkrKJF0,Simply Red - Topic,https://www.youtube.com/channel/UC1VJavwj-780ZpZCXgzGscA,2026-03-20T16:28:06.597Z,341.0,1168.18,341.0
Caught Up in the Rapture,https://www.youtube.com/watch?v=Oz-b86LZ21c,Anita Baker - Topic,https://www.youtube.com/channel/UC6C-K094bqDtp3G_A3eNcRQ,2026-03-20T16:24:50.519Z,251.0,196.078,196.078
More Perks. More Value. Join The Nordy Club | Nordstrom Rack 2026,https://www.youtube.com/watch?v=jULEGwxn34U,,,2026-03-20T16:24:38.506Z,16.0,12.013,12.013
Give Me the Night,https://www.youtube.com/watch?v=Omnpu8mzX4c,George Benson - Topic,https://www.youtube.com/channel/UC16DzwxorG8xZCoaqzaUQSQ,2026-03-20T16:21:19.387Z,302.0,199.119,199.119
Kiss of Life,https://www.youtube.com/watch?v=4MOzk7-6j-I,Sade - Topic,https://www.youtube.com/channel/UCgxBu-PnULL4WRG7HcNpRvg,2026-03-20T16:21:07.061Z,350.0,12.326,12.326
Dad Arrested AGAIN After Kids Found Living in Terrible Conditions,https://www.youtube.com/watch?v=GOVK-RrF2QA,Daily Dose Of Crime,https://www.youtube.com/channel/UCrOKDAUB-iL2wLzZdRN7xgA,2026-03-20T16:20:24.943Z,1627.0,42.118,42.118
Savings Wrangler Elevator 15 59,https://www.youtube.com/watch?v=-TPNU1e9efs,,,2026-03-20T16:19:54.090Z,16.0,30.853,16.0
"Tomorrow (A Better You, Better Me)",https://www.youtube.com/watch?v=SqWsA68bcAc,Quincy Jones - Topic,https://www.youtube.com/channel/UCaBIjouEo87YhSGmPjuXDoA,2026-03-20T16:16:19.574Z,287.0,214.516,214.516
UC Youtube 16x9,https://www.youtube.com/watch?v=PzJlxmuwooE,,,2026-03-20T16:16:04.064Z,46.0,15.51,15.51
Love Come Down,https://www.youtube.com/watch?v=CbFiRZM8hhI,"Evelyn ""Champagne"" King - Topic",https://www.youtube.com/channel/UCL6DM72JEXkhDsmLaUWarlA,2026-03-20T16:15:56.979Z,365.0,7.085,7.085
"The Tronfeld West & Durrett No Win, No Fee!",https://www.youtube.com/watch?v=9RzqCUexW5E,,,2026-03-20T16:15:47.311Z,16.0,9.668,9.668
A Night to Remember,https://www.youtube.com/watch?v=dyEAyHDRqJ4,Shalamar - Topic,https://www.youtube.com/channel/UCbzE-sp6wsO23cpJJGAg4VQ,2026-03-20T16:10:43.799Z,313.0,303.512,303.512
Optimistic,https://www.youtube.com/watch?v=p66Jp6ervRA,Sounds Of Blackness - Topic,https://www.youtube.com/channel/UCgWN49oYl2rvapqh2fIyZHA,2026-03-20T16:05:56.490Z,319.0,287.309,287.309
Toto - Georgy Porgy (Official Video),https://www.youtube.com/watch?v=EWIgEtkE3GA,TotoVEVO,https://www.youtube.com/channel/UCeVb1p9-ZgbuNCDpITSfxVQ,2026-03-20T16:02:45.244Z,252.0,191.246,191.246
Love Will Find A Way,https://www.youtube.com/watch?v=aUom0satAuQ,Lionel Richie - Topic,https://www.youtube.com/channel/UCqBNd0XhYrv8OFlyr4fufdA,2026-03-20T16:02:39.150Z,377.0,6.094,6.094
That Girl,https://www.youtube.com/watch?v=4a0cmyOL9s8,Stevie Wonder - Topic,https://www.youtube.com/channel/UCR83RRXHzXrEQbu_ZQmPMSg,2026-03-20T15:57:24.456Z,315.0,314.694,314.694
$10 Large Any 3-Topping | Hut Crust™ :15MM,https://www.youtube.com/watch?v=--CFgw3rBZo,,,2026-03-20T15:56:49.720Z,16.0,34.736,16.0
14-Year-Old Prank Shuts Down Multiple Schools,https://www.youtube.com/watch?v=WahaepOLc4I,Daily Dose Of Crime,https://www.youtube.com/channel/UCrOKDAUB-iL2wLzZdRN7xgA,2026-03-20T15:46:55.753Z,1868.0,593.967,593.967
Mail+ First Month Free!,https://www.youtube.com/watch?v=PSd6YlqBtR8,,,2026-03-20T15:46:41.934Z,11.0,13.819,11.0
"Nadula - Glueless wigs, pre-everything",https://www.youtube.com/watch?v=oK93173Y-SY,,,2026-03-20T15:46:30.553Z,11.0,11.381,11.0
Video Wide 60s 2026 Rent A Car Cars Are Cool North America v1,https://www.youtube.com/watch?v=UMyLi9HTcmk,,,2026-03-20T15:28:25.298Z,61.0,1085.255,61.0
See how Amazon is empowering American small businesses,https://www.youtube.com/watch?v=TDLPSb8t8JQ,,,2026-03-20T15:27:53.537Z,31.0,31.761,31.0
Chipotle | Chicken al Pastor | :06s | 16x9,https://www.youtube.com/watch?v=TzC8LM6UVOs,,,2026-03-20T15:27:45.809Z,7.0,7.728,7.0
Nikki Glaser manages her schedule with the all-new Alexa+,https://www.youtube.com/watch?v=l8Yu5-QS5hA,,,2026-03-20T15:27:29.668Z,16.0,16.141,16.0
Grandma Shows Up Drunk to Pick Up Grandkids From School,https://www.youtube.com/watch?v=fEVp9WBn-SY,Daily Dose Of Crime,https://www.youtube.com/channel/UCrOKDAUB-iL2wLzZdRN7xgA,2026-03-20T15:19:05.381Z,1009.0,504.287,504.287
Infinite Zoom - NBA :15 (16x9) US-EN,https://www.youtube.com/watch?v=py_rrMhKeec,,,2026-03-20T15:18:51.938Z,16.0,13.443,13.443
Deepfake AI – How Dangerous Is It? #shorts #deepfake,https://www.youtube.com/watch?v=Fyzr6jbSI_I,VICE,https://www.youtube.com/channel/UCn8zNIfYAQNdrFRrr8oibKw,2026-03-20T15:10:29.952Z,39.0,501.986,39.0
Musk reshapes Grok AI after backlash over antisemitic responses #Shorts,https://www.youtube.com/watch?v=5sQeivm12x0,USA TODAY,https://www.youtube.com/channel/UCP6HGa63sBC7-KHtkme-p-g,2026-03-20T15:09:10.611Z,80.0,79.341,79.341
How OpenAI’s Changes Sent Some Users Spiraling,https://www.youtube.com/watch?v=mEahc3UbSq4,The New York Times,https://www.youtube.com/channel/UCqnbDFdCpuN8CMEg0VuEBqA,2026-03-20T15:05:36.041Z,180.0,214.57,180.0
Tech billionaires seem to be doom prepping. Should we be worried? #AI #Tech #BBCNews,https://www.youtube.com/watch?v=jimldQT1pQw,BBC News,https://www.youtube.com/channel/UC16niRr50-MSBwiO3YDb3RA,2026-03-20T15:04:42.937Z,54.0,53.104,53.104
BI investigated the footprint of 1k+ #datacenters to see real-life consequences of #ai. #tech,https://www.youtube.com/watch?v=7rEzhCwPhqc,Business Insider,https://www.youtube.com/channel/UCcyq283he07B7_KUX07mmtA,2026-03-20T15:01:58.784Z,164.0,164.153,164.0
Is AI making you stupid?,https://www.youtube.com/watch?v=A3S8yzJ4oBM,The Economist,https://www.youtube.com/channel/UC0p5jTq6Xx_DosDFxVXnWaQ,2026-03-20T14:59:16.921Z,162.0,161.863,161.863
Could the AI bubble pop?,https://www.youtube.com/watch?v=iWl7OMxZSUU,The Economist,https://www.youtube.com/channel/UC0p5jTq6Xx_DosDFxVXnWaQ,2026-03-20T14:56:20.515Z,177.0,176.406,176.406
Yuval Noah Harari believes AI is the end of human-dominated history #AI #artificialintelligence,https://www.youtube.com/watch?v=vz3HKkVrJE4,The Economist,https://www.youtube.com/channel/UC0p5jTq6Xx_DosDFxVXnWaQ,2026-03-20T14:55:23.498Z,57.0,57.017,57.0
Open AI's CTO on Having a Relationship With an AI,https://www.youtube.com/watch?v=q6yq1i7vd9E,Bloomberg Originals,https://www.youtube.com/channel/UCUMZ7gohGI9HcU9VNsr2FJQ,2026-03-20T14:54:27.122Z,57.0,56.376,56.376
Bill Gates Gets Real About AI,https://www.youtube.com/watch?v=uoU_1KORocQ,Bloomberg Originals,https://www.youtube.com/channel/UCUMZ7gohGI9HcU9VNsr2FJQ,2026-03-20T14:53:33.458Z,54.0,53.664,53.664
‘Risk of extinction' warning issued by AI developers,https://www.youtube.com/watch?v=h89iKqL1bRg,CNN,https://www.youtube.com/channel/UCupvZG-5ko_eiXAupbDfxWw,2026-03-20T14:52:47.799Z,46.0,45.659,45.659
'Godfather of AI' has a plan for humanity to survive AI,https://www.youtube.com/watch?v=Wd8RzZ3xn7w,CNN,https://www.youtube.com/channel/UCupvZG-5ko_eiXAupbDfxWw,2026-03-20T14:51:31.253Z,77.0,76.546,76.546
AI security system mistakes student's empty Doritos bag for gun,https://www.youtube.com/watch?v=Khf6o0t-9zg,CNN,https://www.youtube.com/channel/UCupvZG-5ko_eiXAupbDfxWw,2026-03-20T14:49:56.544Z,92.0,94.709,92.0
AI expert shows how easy it is to impersonate someone,https://www.youtube.com/watch?v=EEw-7zVs8wE,CNN,https://www.youtube.com/channel/UCupvZG-5ko_eiXAupbDfxWw,2026-03-20T14:47:09.471Z,167.0,167.073,167.0
ChatGPT creator is now worried about AI,https://www.youtube.com/watch?v=0kIhwa1e_5M,CNN,https://www.youtube.com/channel/UCupvZG-5ko_eiXAupbDfxWw,2026-03-20T14:46:12.554Z,57.0,56.917,56.917
See AI Putin ask real Putin about body doubles,https://www.youtube.com/watch?v=rfIhRjFOpuc,CNN,https://www.youtube.com/channel/UCupvZG-5ko_eiXAupbDfxWw,2026-03-20T14:45:28.682Z,44.0,43.872,43.872
The Real Cost of Your AI Use: Inside a Power-Hungry Data Center,https://www.youtube.com/watch?v=Tx0uoiuLAZg,The Wall Street Journal,https://www.youtube.com/channel/UCK7tptUDHh-RYDsdxO1-5QQ,2026-03-20T14:42:34.240Z,175.0,174.442,174.442
AI Needs Copper—Can the World Deliver? | Presented by CME Group,https://www.youtube.com/watch?v=6H17LkJB7U4,Bloomberg News,https://www.youtube.com/channel/UChirEOpgFCupRAk5etXqPaA,2026-03-20T14:41:14.472Z,80.0,79.768,79.768
Elon Musk on AI: 'There Will Come a Point When No Job Is Needed',https://www.youtube.com/watch?v=HbiyTZae61A,Bloomberg News,https://www.youtube.com/channel/UChirEOpgFCupRAk5etXqPaA,2026-03-20T14:40:15.017Z,60.0,59.455,59.455
Is Generative AI an Existential Threat to the Human Species?,https://www.youtube.com/watch?v=9fogzZ_6kR0,Bloomberg News,https://www.youtube.com/channel/UChirEOpgFCupRAk5etXqPaA,2026-03-20T14:39:41.125Z,34.0,33.892,33.892
