title,link,channel,channel_link,date,video_length,time_diff,watch_time
Wikipedia Diblokir dan Cewek Jadi Cowok Buat Ngelamar Cewek,https://www.youtube.com/watch?v=UgEc0GACEfI,TnM,https://www.youtube.com/channel/UCZdmuthWjKAC-oiaoh1bfOw,2026-04-23T13:00:11.607Z,2851.0,,2851.0
The Darkest Implication Ever in a Kids Film,https://www.youtube.com/watch?v=ht4tefXuFos,The Theorizer,https://www.youtube.com/channel/UC-btPIh4KalPw3hZxcB4zww,2026-04-23T12:55:17.456Z,1798.0,294.151,294.151
Can I remake those SH*TTY mobile games in 1 HOUR? ...again,https://www.youtube.com/watch?v=iPqkxKao6Bk,Code Bullet,https://www.youtube.com/channel/UC0e3QhIYukixgh5VVpKHH9Q,2026-04-23T05:29:33.379Z,1166.0,26744.077,1166.0
Why Owala Sway is the Best Water Bottle for Everyday Use (and It's Not Even Close),https://www.youtube.com/watch?v=0W9xEB_Gw9k,BottlePro,https://www.youtube.com/channel/UCl6bLbuEZ3EAr-D93R-7TZQ,2026-04-23T05:14:22.218Z,492.0,911.161,492.0
How Far Can ALL 13 MAX LEVEL Paragons Survive In BTD6?,https://www.youtube.com/watch?v=ybadGBtfK3o,MackanRules,https://www.youtube.com/channel/UC8lXw9DmvMYPZyTEAlSxGCg,2026-04-23T05:00:23.343Z,643.0,838.875,643.0
They Just Added What This Update?! (Bloons TD 6),https://www.youtube.com/watch?v=GJM4Rd4hWi0,ISAB,https://www.youtube.com/channel/UC7WQH4kpgxXJYHp8r9IAO-Q,2026-04-23T04:55:51.760Z,1997.0,271.583,271.583
I 100%’d The Rick And Morty Game You Can’t Download Anymore,https://www.youtube.com/watch?v=Y7obDFtvev0,Perpetual Prince,https://www.youtube.com/channel/UCQE2uHzzuXBiPZ9k973poxQ,2026-04-23T04:55:46.479Z,2535.0,5.281,5.281
How FAST Can I Beat My REAL Subscriber Count In PewDiePie's Tuber Simulator?,https://www.youtube.com/watch?v=lXlK2OYz9b0,Perpetual Prince,https://www.youtube.com/channel/UCQE2uHzzuXBiPZ9k973poxQ,2026-04-23T04:55:40.144Z,333.0,6.335,6.335
How FAST Can You 100% Call of Mini Zombies?,https://www.youtube.com/watch?v=jrdps0c6udE,Perpetual Prince,https://www.youtube.com/channel/UCQE2uHzzuXBiPZ9k973poxQ,2026-04-23T04:51:08.540Z,266.0,271.604,266.0
All Naruto Openings,https://www.youtube.com/watch?v=btCB_Kd0NDE,Crunchyroll,https://www.youtube.com/channel/UC6pGDc4bFGD1_36IKv3FnYg,2026-04-23T04:45:34.203Z,822.0,334.337,334.337
Naruto Opening 2 | Far Away,https://www.youtube.com/watch?v=e4Sk59QwYyE,Crunchyroll,https://www.youtube.com/channel/UC6pGDc4bFGD1_36IKv3FnYg,2026-04-23T04:45:07.346Z,101.0,26.857,26.857
Demi Konten,https://www.youtube.com/watch?v=JKhCQKU601I,GTID,https://www.youtube.com/channel/UCda1FTpxCYVXDQ_B8_0Ewag,2026-04-23T04:43:38.100Z,141.0,89.246,89.246
Habis 1 Juta lagi untuk IPhone,https://www.youtube.com/watch?v=5c-zVm_1W1A,Sebastian Tedy,https://www.youtube.com/channel/UC0W4MrJUvXdt8IbH-sDwZOw,2026-04-23T04:42:15.876Z,61.0,82.224,61.0
Gema Show Clip : Funtastic Time Reaction Best Momen Episode 43 (Mediashare) ,https://www.youtube.com/watch?v=2mNJpenNm6Q,Media Tarakarta,https://www.youtube.com/channel/UCVmDn-B4lLEpxGLmGvVnNZQ,2026-04-23T04:41:24.387Z,394.0,51.489,51.489
"Scary Movie | Michael (2026 Movie)  - Marlon Wayans, Shawn Wayans, Anna Faris, Regina Hall",https://www.youtube.com/watch?v=z_R9eaDLZLo,Paramount Pictures,https://www.youtube.com/channel/UCF9imwPMSGz4Vq1NiTWCC7g,2026-04-23T04:40:03.304Z,58.0,81.083,58.0
[ASMR] Complete Tutorial: Upgrade iPhone 17 Pro Max 256GB to 2TB!,https://www.youtube.com/watch?v=F0HMf57a6PU,DirectorFeng,https://www.youtube.com/channel/UCbzzMQ1mNKjAaDwbELsVYcQ,2026-04-23T04:39:21.732Z,1249.0,41.572,41.572
CreepCast but its just making fun of some kids fanfic,https://www.youtube.com/watch?v=2Zy16tdxgtE,HusbandsRetreat,https://www.youtube.com/channel/UCYFXDlYanm1h0DALbua8isA,2026-04-23T04:38:52.020Z,,29.712,29.712
blunder vs Gambler Guy CRASHOUT,https://www.youtube.com/watch?v=C26Yvk6h034,Mr Craw,https://www.youtube.com/channel/UCXopxoeh4WeD_Nx-6w2G1yQ,2026-04-23T04:34:09.004Z,2343.0,283.016,283.016
Why do MacBooks slow down when they get hot?,https://www.youtube.com/watch?v=wHLhr3VbIB8,Tech.explain,https://www.youtube.com/channel/UCpwyIpdiSrbaISeieVFShKg,2026-04-23T04:32:54.855Z,78.0,74.149,74.149
Customer was not Happy with me! #id #london #part2 #mad #delivery #customer #ubereats,https://www.youtube.com/watch?v=Hzg-Zpd5x4w,London Hustle,https://www.youtube.com/channel/UCUyjU893D8TMVQau-XlWbVg,2026-04-23T04:32:53.261Z,65.0,1.594,1.594
Makin njepat makin keren😅😅 #bengkel #bengkelracing #storytelling #tutorial #bengkelmesin,https://www.youtube.com/watch?v=0dp1p17NmEo,ELSA MOTOR BELITI JAYA,https://www.youtube.com/channel/UCXgz3ecbowa1dp5m-tAB-0g,2026-04-23T04:32:50.693Z,121.0,2.568,2.568
5 takeaways from games 1 and 2 of Lakers-Rockets‼️🤣 #lakers #lakersnation #nba #nbahistory #funny,https://www.youtube.com/watch?v=KtztETUEYYo,1$t Letter,https://www.youtube.com/channel/UCgl15m4-_2H1MCQmw1BFUhQ,2026-04-23T04:32:47.666Z,142.0,3.027,3.027
Gak perlu SALAHIN ORANG LAIN LAH murni keteledoran kami🙏🏻🙏🏻 #storytelling #bengkelmotor,https://www.youtube.com/watch?v=ZIe4jRh8dsg,ELSA MOTOR BELITI JAYA,https://www.youtube.com/channel/UCXgz3ecbowa1dp5m-tAB-0g,2026-04-23T04:32:44.254Z,123.0,3.412,3.412
Most expensive train station ever built,https://www.youtube.com/watch?v=14-Y-H2eVH8,Lectec | Everyday Science,https://www.youtube.com/channel/UCIiALZGKzY4ScjV92l4vI1Q,2026-04-23T04:32:38.477Z,57.0,5.777,5.777
He hasn’t used this phone since 2023.,https://www.youtube.com/watch?v=3HLGGHIXueM,Wire & Plug ,https://www.youtube.com/channel/UCpnXco16EwgCK23fypK3HGg,2026-04-23T04:32:09.775Z,175.0,28.702,28.702
Charlie Puth Reveals The Truth About Making Music,https://www.youtube.com/watch?v=ofR3fU6W-l4,Daniel Wall,https://www.youtube.com/channel/UCRWu77ldqaQboq3JXLd5waQ,2026-04-23T04:31:34.193Z,34.0,35.582,34.0
Ketika legenda sekolah dateng 🤭,https://www.youtube.com/watch?v=OFr7Z1BbM7U,Dwiki Afrilian,https://www.youtube.com/channel/UCarAr73sn2PHpBzyb9yq5DQ,2026-04-23T04:30:40.247Z,99.0,53.946,53.946
Apple’s first touch screen MacBook… but why? #c#carterpcstech #apple #macbook,https://www.youtube.com/watch?v=DEKlOjqMX_o,CarterPCs,https://www.youtube.com/channel/UCi7wDE2ZTiR5QYYrUY5WhtA,2026-04-23T04:30:35.464Z,34.0,4.783,4.783
Support Local ODM = Support China,https://www.youtube.com/watch?v=UmoCA1jx-XI,GTID,https://www.youtube.com/channel/UCda1FTpxCYVXDQ_B8_0Ewag,2026-04-23T04:29:31.506Z,61.0,63.958,61.0
Untung ada bala bantuan 🥹 #fyp #foryou #dailyvlog #packingorders #diy #shorts,https://www.youtube.com/watch?v=c0yeyf6Im24,Liwiryon Sudarso,https://www.youtube.com/channel/UC7-Um7NJF68IZjikTyvwEzg,2026-04-23T04:29:26.552Z,131.0,4.954,4.954
Band kecil kalo mau manggung harus regist lah 🤭,https://www.youtube.com/watch?v=v3Ozy9rObus,Dwiki Afrilian,https://www.youtube.com/channel/UCarAr73sn2PHpBzyb9yq5DQ,2026-04-23T04:29:24.905Z,115.0,1.647,1.647
"He didn’t have ID, now what? #part2 #ID #ubereats #london #return",https://www.youtube.com/watch?v=m4irxTLSiIQ,London Hustle,https://www.youtube.com/channel/UCUyjU893D8TMVQau-XlWbVg,2026-04-23T04:28:09.902Z,63.0,75.003,63.0
Late Night Car Buying #automobile #funny #sprintervan,https://www.youtube.com/watch?v=1GqnUFh9cho,Javuan Banks,https://www.youtube.com/channel/UCXNE-phnqYt4-BNyhyKSkzw,2026-04-23T04:26:48.044Z,86.0,81.858,81.858
Gaji 100 juta cicilan 60 juta #genz #kaya #shortvideo #drama,https://www.youtube.com/watch?v=Qm_G7VbYqjU,Fajarudin Ajitama,https://www.youtube.com/channel/UC3cgTa1eBn8_DhgmIL2Sjqw,2026-04-23T04:26:43.735Z,72.0,4.309,4.309
ADA STIGMA BEROBAT KE LUAR NEGERI ITU LEBIH BAIK,https://www.youtube.com/watch?v=mTyDqgVdMaQ,GediBall_Indonesia,https://www.youtube.com/channel/UCTznmsSfsmDujKNFnFwgs7g,2026-04-23T04:25:53.351Z,80.0,50.384,50.384
kok gini ya gak sesuai ucapannya??🤔🤔 #storytelling #bengkelmotor #mekanik #otomotif,https://www.youtube.com/watch?v=5OPDozGh6jU,ELSA MOTOR BELITI JAYA,https://www.youtube.com/channel/UCXgz3ecbowa1dp5m-tAB-0g,2026-04-23T04:24:18.845Z,98.0,94.506,94.506
China Peduli,https://www.youtube.com/watch?v=FsDRvKbQs4A,GTID,https://www.youtube.com/channel/UCda1FTpxCYVXDQ_B8_0Ewag,2026-04-23T04:21:24.457Z,50.0,174.388,50.0
Who destroyed the toilet paper 🧻🙀⁉️,https://www.youtube.com/watch?v=iAYUgefoBaY,Wasabi Sushi Matcha,https://www.youtube.com/channel/UCzMfRbnWfKYnVdIe_1WiSfw,2026-04-23T04:21:20.406Z,25.0,4.051,4.051
Yang jual masih beres-beres 😂,https://www.youtube.com/watch?v=vAmA7CH79pM,Dwiki Afrilian,https://www.youtube.com/channel/UCarAr73sn2PHpBzyb9yq5DQ,2026-04-23T04:20:12.970Z,34.0,67.436,34.0
Mega Man's Forgotten Robot Master,https://www.youtube.com/watch?v=LS0EEoiW7ps,Tooterp,https://www.youtube.com/channel/UCn9dOLOh41EZSIXjlYsqIZQ,2026-04-23T04:04:49.467Z,634.0,923.503,634.0
Mega Man's Impossible Easter Egg,https://www.youtube.com/watch?v=YtcRGoq2uj4,Tooterp,https://www.youtube.com/channel/UCn9dOLOh41EZSIXjlYsqIZQ,2026-04-23T04:04:25.757Z,761.0,23.71,23.71
We Bought a $169 Gaming Laptop from TEMU,https://www.youtube.com/watch?v=df_upxBVUC4,Toasty Bros,https://www.youtube.com/channel/UCwdEr_DVvYp6Maf-OTw7z_w,2026-04-23T03:39:07.984Z,1331.0,1517.773,1331.0
Goodwill sold me the iPhone for KIDS... 🤔,https://www.youtube.com/watch?v=7cOufgiv7w4,Smokin' Silicon,https://www.youtube.com/channel/UCPWEIH_IfcGqbWV89o84afA,2026-04-23T03:22:57.721Z,864.0,970.263,864.0
A Brief Guide to the Federal Unemployment Tax Act - Lessons in Payroll with Charles Read,https://www.youtube.com/watch?v=x9F7cNJR76M,GetPayroll,https://www.youtube.com/channel/UCxs-_RwC9NgfUcqbwvEaMIQ,2026-04-23T03:12:57.818Z,302.0,599.903,302.0
Jadi berasa salah beli hp gak sih 😭,https://www.youtube.com/watch?v=O2yZqjUGD7M,Dwiki Afrilian,https://www.youtube.com/channel/UCarAr73sn2PHpBzyb9yq5DQ,2026-04-23T03:11:39.063Z,52.0,78.755,52.0
Unc Finally Got Humbled,https://www.youtube.com/watch?v=776yeK5HAuE,Diamond Gym,https://www.youtube.com/channel/UCX3DVg6adBX9KTRKljy_lIA,2026-04-23T03:11:09.870Z,17.0,29.193,17.0
Why can't they all be like this! #ID #delivery #london #gifted #kindness #customer #ubereats,https://www.youtube.com/watch?v=uO7e7eh5250,London Hustle,https://www.youtube.com/channel/UCUyjU893D8TMVQau-XlWbVg,2026-04-23T03:09:56.863Z,73.0,73.007,73.0
bang sahroni ganti STANG SEHER 😲😲 #storytelling #bengkelmotor #otomotif,https://www.youtube.com/watch?v=5ennnE8C2X8,ELSA MOTOR BELITI JAYA,https://www.youtube.com/channel/UCXgz3ecbowa1dp5m-tAB-0g,2026-04-23T03:07:26.134Z,143.0,150.729,143.0
cid=f32ff23f33f66a7711a420bcef169dae,https://www.youtube.com/watch?v=t9wLV3G9xt8,,,2026-04-23T03:07:24.575Z,21.0,1.559,1.559
Why do you use Apple Music over Spotify?? #carterpcs #tech #spotify #applemusic,https://www.youtube.com/watch?v=hZS3hBCeqM4,CarterPCs,https://www.youtube.com/channel/UCi7wDE2ZTiR5QYYrUY5WhtA,2026-04-23T03:06:36.679Z,49.0,47.896,47.896
Mekanik panik❎ konsumen panik✅😅😅 #storytelling #bengkelmotor #otomotif,https://www.youtube.com/watch?v=EtHP2EDuftA,ELSA MOTOR BELITI JAYA,https://www.youtube.com/channel/UCXgz3ecbowa1dp5m-tAB-0g,2026-04-23T03:04:11.008Z,144.0,145.671,144.0
POV: Shofu threatens you to buy the merch #funnymoments #twitch #shofu,https://www.youtube.com/watch?v=3WbC9tqQYgc,Xmanplaysgames,https://www.youtube.com/channel/UCIO-RfD5kodXNvTenwu7ePg,2026-04-23T02:57:07.720Z,61.0,423.288,61.0
3 Level Ubi #food #star #review #fyp #shorts,https://www.youtube.com/watch?v=FgRcKwvS73I,Egan Usup,https://www.youtube.com/channel/UC5fNDc5_Tcp3xAZVHs-DfZg,2026-04-23T02:55:02.084Z,59.0,125.636,59.0
Why is an AI agent managing this store in San Francisco? 🤔 #trendingshorts #ai #tech #future,https://www.youtube.com/watch?v=oVwyONZpC8U,Rowan Cheung,https://www.youtube.com/channel/UC8LUzR34nNX8KH3Edd0un1g,2026-04-23T02:54:59.937Z,73.0,2.147,2.147
WHEN ITS NOT WORTH THE REPAIR!!! #brokenfix #smartphone #problemfix #cellphone #fixmyphone #broken,https://www.youtube.com/watch?v=OoUU1owBHp4,Digital Doctor ,https://www.youtube.com/channel/UCta8FWxM474irDMPABq2o4Q,2026-04-23T02:51:36.874Z,85.0,203.063,85.0
Delivering NON-STOP Until I make £100 - London Rider POV,https://www.youtube.com/watch?v=_BLO5SlF53M,London Hustle,https://www.youtube.com/channel/UCUyjU893D8TMVQau-XlWbVg,2026-04-23T02:50:05.924Z,4181.0,90.95,90.95
Netsujo No Spectrum,https://music.youtube.com/watch?v=cU22947XIYo,Ikimonogakari - Topic,https://www.youtube.com/channel/UCexzjYgmV9wKmAQHUmv3hWg,2026-04-23T02:43:15.925Z,225.0,409.999,225.0
Kanashimi wo Yasashisani ni,https://music.youtube.com/watch?v=A7aPv8p793w,Little By Little - Topic,https://www.youtube.com/channel/UC6TwoIuiM1lmeIGgqVjyYXA,2026-04-23T02:36:45.170Z,243.0,390.755,243.0
DOMAIN EXPANSION,https://music.youtube.com/watch?v=a5ry7lDn87A,PE$O PETE - Topic,https://www.youtube.com/channel/UC5bBuOvUdRVMzszPTnNftdg,2026-04-23T02:36:42.241Z,115.0,2.929,2.929
Promise,https://music.youtube.com/watch?v=rdbzy69fL90,Emilio Rojas - Topic,https://www.youtube.com/channel/UCl3QneaydrcZaQDr7gUyIoA,2026-04-23T02:35:52.472Z,159.0,49.769,49.769
POSITIVE VIBES ONLY,https://music.youtube.com/watch?v=5UECiGCpUp0,Ab-Soul - Topic,https://www.youtube.com/channel/UCTXI_a_j052Jpv5F-5ibgJw,2026-04-23T02:35:50.476Z,233.0,1.996,1.996
READY TO LOVE,https://music.youtube.com/watch?v=Zo3_EdtxF-M,Joey Bada$$ - Topic,https://www.youtube.com/channel/UCCQZCaEwq3-mc5pj8be31Uw,2026-04-23T02:35:02.585Z,180.0,47.891,47.891
N95,https://music.youtube.com/watch?v=fhCkGKiP95I,Kendrick Lamar - Topic,https://www.youtube.com/channel/UCprAFmT0C6O4X0ToEXpeFTQ,2026-04-23T02:31:43.338Z,196.0,199.247,196.0
Ultimate,https://music.youtube.com/watch?v=VR24Pfw7Ykw,Denzel Curry - Topic,https://www.youtube.com/channel/UCzN1vzi9iELop5XH53ud6Gw,2026-04-23T02:28:32.099Z,190.0,191.239,190.0
Surround Sound,https://music.youtube.com/watch?v=TnV7lwNXahI,JID - Topic,https://www.youtube.com/channel/UCRlGNubLJBgW9VRCuiUnuYw,2026-04-23T02:27:04.918Z,230.0,87.181,87.181
Energy,https://music.youtube.com/watch?v=UvntP5BcgGQ,Drake - Topic,https://www.youtube.com/channel/UCU6cE7pdJPc6DU2jSrKEsdQ,2026-04-23T02:24:03.311Z,182.0,181.607,181.607
9 5 . s o u t h,https://music.youtube.com/watch?v=iNMB-tTp8Vk,J. Cole - Topic,https://www.youtube.com/channel/UC0ajkOzj8xE3Gs3LHCE243A,2026-04-23T02:20:45.917Z,197.0,197.394,197.0
euphoria,https://music.youtube.com/watch?v=fAqa1ozCuj8,Kendrick Lamar - Topic,https://www.youtube.com/channel/UCprAFmT0C6O4X0ToEXpeFTQ,2026-04-23T02:14:22.734Z,384.0,383.183,383.183
4th Dimension,https://music.youtube.com/watch?v=6Hj5tucYv1Q,Kids See Ghosts - Topic,https://www.youtube.com/channel/UCXXMMJZJg5Pbd6PYeqDvGNw,2026-04-23T02:11:49.184Z,154.0,153.55,153.55
Feel The Love,https://music.youtube.com/watch?v=rnZQvgWhM5s,Kids See Ghosts - Topic,https://www.youtube.com/channel/UCXXMMJZJg5Pbd6PYeqDvGNw,2026-04-23T02:09:03.268Z,166.0,165.916,165.916
SUKI,https://music.youtube.com/watch?v=PLaIYQEwz8g,Eric Reprid - Topic,https://www.youtube.com/channel/UC-cnRtw8ZIjNqt8k-0Ahs7g,2026-04-23T02:06:52.881Z,128.0,130.387,128.0
Nonstop,https://music.youtube.com/watch?v=XNpGNykVZ6U,Drake - Topic,https://www.youtube.com/channel/UCU6cE7pdJPc6DU2jSrKEsdQ,2026-04-23T02:03:42.438Z,239.0,190.443,190.443
tv off,https://music.youtube.com/watch?v=Rh3bJKkEhk8,Kendrick Lamar - Topic,https://www.youtube.com/channel/UCprAFmT0C6O4X0ToEXpeFTQ,2026-04-23T02:00:00.682Z,221.0,221.756,221.0
Blood On The Leaves,https://music.youtube.com/watch?v=KEA0btSNkpw,Kanye West - Topic,https://www.youtube.com/channel/UCRY5dYsbIN5TylSbd7gVnZg,2026-04-23T01:53:59.864Z,360.0,360.818,360.0
This Is Your Friendly Reminder,https://www.youtube.com/watch?v=s_57wgJvokA,Priya Patel,https://www.youtube.com/channel/UCQ9-3ifP-Fc3WUAFybnvrXw,2026-04-23T01:49:30.212Z,7.0,269.652,7.0
Kambing Jantan - Raditya Dika (Full Movie),https://www.youtube.com/watch?v=yxFBIX1RjVY,Fahmi Alkautsar,https://www.youtube.com/channel/UCTRuqlS13rzha8qWNFmBKtg,2026-04-22T21:47:56.387Z,6788.0,14493.825,6788.0
Kambing Jantan-raditya dika (full movie),https://www.youtube.com/watch?v=b6oJnrkVreA,Ogung Manurung,https://www.youtube.com/channel/UCVQGsmnn8KU54Kho8TAg76w,2026-04-22T21:46:16.860Z,6788.0,99.527,99.527
Trailer film Cinta Brontosaurus (di bioskop 08/05/13),https://www.youtube.com/watch?v=r3VFPV90F54,Raditya Dika,https://www.youtube.com/channel/UC0rzsIrAxF4kCsALP6J2EsA,2026-04-22T21:43:53.095Z,127.0,143.765,127.0
KOALA KUMAL Official Trailer Tayang Lebaran 5 Juli 2016,https://www.youtube.com/watch?v=Yv_9YvhLv8g,StarvisionPlus,https://www.youtube.com/channel/UCeGQiHPv-oFeQUNe9xQAoWQ,2026-04-22T21:40:54.515Z,126.0,178.58,126.0
MARMUT MERAH JAMBU Official Trailer,https://www.youtube.com/watch?v=VMQPfcXny-k,StarvisionPlus,https://www.youtube.com/channel/UCeGQiHPv-oFeQUNe9xQAoWQ,2026-04-22T21:33:38.611Z,134.0,435.904,134.0
MANUSIA SETENGAH SALMON Trailer (1min),https://www.youtube.com/watch?v=-TszX2mBiwI,StarvisionPlus,https://www.youtube.com/channel/UCeGQiHPv-oFeQUNe9xQAoWQ,2026-04-22T21:30:52.795Z,61.0,165.816,61.0
Kangen masa kejayaan warnet 😌,https://www.youtube.com/watch?v=AbvAs77miZk,Dwiki Afrilian,https://www.youtube.com/channel/UCarAr73sn2PHpBzyb9yq5DQ,2026-04-22T21:29:24.660Z,57.0,88.135,57.0
Amazon Screwed Over Thousands of Gamers,https://www.youtube.com/watch?v=Zx844SxlmLE,JustSaySteven,https://www.youtube.com/channel/UC6o-2R-A2uqGZTJs0h4tVQA,2026-04-22T21:19:46.626Z,66.0,578.034,66.0
Loaded Grilled Cheese Sandwich of Your Dreams #grilledcheese,https://www.youtube.com/watch?v=SBIECOfinQc,Spicy Tomato Kitchen,https://www.youtube.com/channel/UCAhTVUUdcMUzu7FwPgjeb8g,2026-04-22T21:19:39.833Z,21.0,6.793,6.793
EVERYONE SWITCHED UP!! SELLING CHOME HEARTS IN 2015 vs 2025!,https://www.youtube.com/watch?v=v-v65gm6JHM,Bring It Back Las Vegas,https://www.youtube.com/channel/UC-3CXl9x1Y9W8suWJWuUkAw,2026-04-22T21:19:08.042Z,64.0,31.791,31.791
Kurang gantle kalo main satu pedal doang mah 🤭,https://www.youtube.com/watch?v=QB3UMVT8yFw,Dwiki Afrilian,https://www.youtube.com/channel/UCarAr73sn2PHpBzyb9yq5DQ,2026-04-22T21:18:24.161Z,51.0,43.881,43.881
Mematikan Motor Dengan Standard Standart samping bisa merusak motor ?,https://www.youtube.com/watch?v=zkpWBRPoKTg,Fusebox Moto Shorts,https://www.youtube.com/channel/UCNdF7sqBPIzANNhp86rrHsQ,2026-04-22T21:17:14.807Z,44.0,69.354,44.0
3 Level Thai Tea Thailand #food #review #tea #fyp #shorts,https://www.youtube.com/watch?v=e7QxFx8Cswg,Egan Usup,https://www.youtube.com/channel/UC5fNDc5_Tcp3xAZVHs-DfZg,2026-04-22T21:16:05.949Z,60.0,68.858,60.0
Should NYC Buses be more like London?,https://www.youtube.com/watch?v=6OT7EL15W0s,Urbanist,https://www.youtube.com/channel/UCf_u5jxmnZhv3DaNswhPoVA,2026-04-22T21:13:48.128Z,137.0,137.821,137.0
Kirain sudah TOBAT ternyata bang ali berulah lagi #storytelling #bengkelmotor,https://www.youtube.com/watch?v=JvctYxPSLYA,ELSA MOTOR BELITI JAYA,https://www.youtube.com/channel/UCXgz3ecbowa1dp5m-tAB-0g,2026-04-22T21:06:11.945Z,100.0,456.183,100.0
Danny time! #fosterdogs Should be at the knine event on Sunday,https://www.youtube.com/watch?v=eZnw_JGoQuw,Olney Sportscards ,https://www.youtube.com/channel/UC-rSQIhKTkMS87ZK1qv4YFA,2026-04-22T21:06:10.178Z,17.0,1.767,1.767
Cek GrowWin.org untuk pelajari ilmu legal ya..,https://www.youtube.com/watch?v=oiodEM31S8g,Pak Win,https://www.youtube.com/channel/UCjAg_LOx9pF4nnvCGO9tsrg,2026-04-22T21:05:36.705Z,69.0,33.473,33.473
Anyone Can Do This Mod... #Shorts,https://www.youtube.com/watch?v=6NspVEETgbI,Phone Repair Guru,https://www.youtube.com/channel/UCCOrp7GPgZA8EGrbOcIAsyQ,2026-04-22T21:04:58.636Z,23.0,38.069,23.0
The unsung heroes of New Year's Eve,https://www.youtube.com/watch?v=jB5G4p1JnPg,CheeseParade,https://www.youtube.com/channel/UCQ1aOToWpOdaIj1784_5M0g,2026-04-22T21:04:53.965Z,52.0,4.671,4.671
SOME GOOD NEWS FROM THE WORLD 🥲  #moistcritikal #penguinz0 #reacts,https://www.youtube.com/watch?v=7a942gq7Ivo,Cr1tikally Online,https://www.youtube.com/channel/UCgbEaGBmesDuAy-gdS8eZHg,2026-04-22T21:04:51.286Z,26.0,2.679,2.679
rip the $1000 power bank 🏴‍☠️😭 #chunguspov #travelpov #pov,https://www.youtube.com/watch?v=x7mtE7dlDLc,andrew chung,https://www.youtube.com/channel/UCR8B-ijKFX_6qk43ebszjng,2026-04-22T21:03:46.139Z,81.0,65.147,65.147
They move on their own timing! 🙄🤣 #rasheedthurmond,https://www.youtube.com/watch?v=wOY2cXSuPRA,Officialskyyhigh ,https://www.youtube.com/channel/UCEMrQls9wOftqiZ5IsKH9HQ,2026-04-22T21:02:19.381Z,48.0,86.758,48.0
Speed Running Scientology Is Wild,https://www.youtube.com/watch?v=4bqxsME-EEc,Austin Sweatt,https://www.youtube.com/channel/UC8Ou-n2uymgWzggSrlrRXzA,2026-04-22T21:01:22.079Z,34.0,57.302,34.0
Ini Sama Aja Kek Nyol0ng jir,https://www.youtube.com/watch?v=VJ3mjyNrgyw,Lazy Wolf,https://www.youtube.com/channel/UCUDB-uuMzvX2DDCLGtsUxtw,2026-04-22T20:59:47.104Z,47.0,94.975,47.0
Warteg Termurah vs Termahal #food #star #review #fyp #shorts,https://www.youtube.com/watch?v=j0n6U-lxvcM,Egan Usup,https://www.youtube.com/channel/UC5fNDc5_Tcp3xAZVHs-DfZg,2026-04-22T20:58:40.506Z,60.0,66.598,60.0
Why Do We Throw Out Fallen Leaves? #interesting,https://www.youtube.com/watch?v=GNiZnPabxW0,Brain Nugget,https://www.youtube.com/channel/UCNJwLuznHAfTY_eG1sc-SAQ,2026-04-22T20:56:33.935Z,59.0,126.571,59.0
bang SAHRONI PANAS DINGIN pasang Ecu baru #storytelling #bengkelmotor #beat,https://www.youtube.com/watch?v=_AF1OlY0r0U,ELSA MOTOR BELITI JAYA,https://www.youtube.com/channel/UCXgz3ecbowa1dp5m-tAB-0g,2026-04-22T20:54:26.347Z,131.0,127.588,127.588
Perfect Graffiti Letters Every Time ✍️ #lettering #tutorial #graffiti,https://www.youtube.com/watch?v=YK3DSt6ZeXA,The Artist Block,https://www.youtube.com/channel/UC5V4s2eQRy1GL0rZECR2NLw,2026-04-22T20:54:18.094Z,65.0,8.253,8.253
22 Maret 2026,https://www.youtube.com/watch?v=sZb-4POv_ME,🇲🇨Nanda Ladio Peduli,https://www.youtube.com/channel/UC33NBSbeiFgcacZjai6UYvg,2026-04-22T20:53:13.094Z,52.0,65.0,52.0
My cat making biscuits,https://www.youtube.com/watch?v=M5q28IIIIu4,Error 17,https://www.youtube.com/channel/UCK9hqBSugUzugrQi2W-sVEw,2026-04-22T20:53:02.978Z,37.0,10.116,10.116
I Visited Apple's Secret iPhone Testing Labs!,https://www.youtube.com/watch?v=8reaJG7z-is,Marques Brownlee,https://www.youtube.com/channel/UCBJycsmduvYEL83R_U4JriQ,2026-04-22T20:51:26.035Z,652.0,96.943,96.943
How Apple’s new CEO could make Apple innovative again #carterpcs #tech #apple #timcook,https://www.youtube.com/watch?v=POCM1qGxvzE,CarterPCs,https://www.youtube.com/channel/UCi7wDE2ZTiR5QYYrUY5WhtA,2026-04-22T20:50:12.144Z,41.0,73.891,41.0
Police Chase Ends In a Breakdance 💀,https://www.youtube.com/watch?v=2ugW2lw9LfI,Mappelz,https://www.youtube.com/channel/UCdUl_bahs2CptEdW0us2TRA,2026-04-22T20:49:32.229Z,32.0,39.915,32.0
Another Shop Quoted $900 😱 #brokenfix #diy #problemfix #smartphone #tech #cellphone,https://www.youtube.com/watch?v=Yv4DNPXQ4Qc,Digital Doctor ,https://www.youtube.com/channel/UCta8FWxM474irDMPABq2o4Q,2026-04-22T20:48:10.727Z,147.0,81.502,81.502
I Can't Believe She Trusted Me! #crazy #trust #apple #ubereats #london #expensive,https://www.youtube.com/watch?v=4SSY1UGAMwQ,London Hustle,https://www.youtube.com/channel/UCUyjU893D8TMVQau-XlWbVg,2026-04-22T20:47:08.125Z,62.0,62.602,62.0
Trying to use cycle lanes in Central London... #cycling #london #tourist #annoying #comdey #pov,https://www.youtube.com/watch?v=h3_lSifxHUI,London Hustle,https://www.youtube.com/channel/UCUyjU893D8TMVQau-XlWbVg,2026-04-22T20:47:05.564Z,17.0,2.561,2.561
I Hate McDonalds Orders!! #mcdonalds #spilleddrink #fail #embarrassing #funnytiktok #deliverydriver,https://www.youtube.com/watch?v=r8iDtZuJnXw,London Hustle,https://www.youtube.com/channel/UCUyjU893D8TMVQau-XlWbVg,2026-04-22T20:46:52.394Z,34.0,13.17,13.17
Supplying Coke In London! #london #customer #heavy #deliverydriver #cocacola #ebike,https://www.youtube.com/watch?v=3iFmPU-H9EA,London Hustle,https://www.youtube.com/channel/UCUyjU893D8TMVQau-XlWbVg,2026-04-22T20:46:15.573Z,36.0,36.821,36.0
Customer was not Home! #nightmare #deliverydriver #customerservice #driving #ebike #british,https://www.youtube.com/watch?v=Sa5bNURNAlY,London Hustle,https://www.youtube.com/channel/UCUyjU893D8TMVQau-XlWbVg,2026-04-22T20:45:39.262Z,55.0,36.311,36.311
Delivering to the Rich In London #london #wealthy #expensive #money #delivery #satisfying,https://www.youtube.com/watch?v=Ol4cCWSK9mo,London Hustle,https://www.youtube.com/channel/UCUyjU893D8TMVQau-XlWbVg,2026-04-22T20:44:35.497Z,40.0,63.765,40.0
I Hit My Head In front Of The Customer! #delivery #ubereats #funny #asmr #londonhustle,https://www.youtube.com/watch?v=R1CJcbzUSL8,London Hustle,https://www.youtube.com/channel/UCUyjU893D8TMVQau-XlWbVg,2026-04-22T20:43:49.895Z,44.0,45.602,44.0
My Biggest Tip in 6 YEARS!! #tip #greatful #burger #hugeorder #american #tippingculture #ubereats,https://www.youtube.com/watch?v=b4tsTvMkQRA,London Hustle,https://www.youtube.com/channel/UCUyjU893D8TMVQau-XlWbVg,2026-04-22T20:41:46.386Z,60.0,123.509,60.0
DRUNK Driver Gets Arrested By The police #london #police #arrested #delivery #pov #asmr,https://www.youtube.com/watch?v=Phiwtam-mmI,London Hustle,https://www.youtube.com/channel/UCUyjU893D8TMVQau-XlWbVg,2026-04-22T19:40:40.744Z,59.0,3665.642,59.0
20 bags! #huge #ubereats #delivery #funny #jamaica #london,https://www.youtube.com/watch?v=QN79Y1cVvhE,London Hustle,https://www.youtube.com/channel/UCUyjU893D8TMVQau-XlWbVg,2026-04-22T19:39:45.890Z,50.0,54.854,50.0
This Order Needed More Than 1 Rider! #grocceryhaul #sainsburys #ubereats #delivery #londonhustle,https://www.youtube.com/watch?v=lGfbVik9sbQ,London Hustle,https://www.youtube.com/channel/UCUyjU893D8TMVQau-XlWbVg,2026-04-22T19:35:45.757Z,59.0,240.133,59.0
Dodgy Drop Off Location #delivery #sketchy #londonhustle #ebike,https://www.youtube.com/watch?v=orN1616Ssd0,London Hustle,https://www.youtube.com/channel/UCUyjU893D8TMVQau-XlWbVg,2026-04-22T19:34:52.778Z,60.0,52.979,52.979
He Slammed the door in my Face! #angry #rage #id #customerservice #delivery #funny,https://www.youtube.com/watch?v=qWex0FVGos4,London Hustle,https://www.youtube.com/channel/UCUyjU893D8TMVQau-XlWbVg,2026-04-22T19:34:45.818Z,33.0,6.96,6.96
Bike Bell vs London Streets #london #bikelane #skodda #cycling #pov #ad,https://www.youtube.com/watch?v=wBenimorjlc,London Hustle,https://www.youtube.com/channel/UCUyjU893D8TMVQau-XlWbVg,2026-04-22T19:34:43.898Z,48.0,1.92,1.92
This was so Stupid! #silly #bs #ubereats #london #sainsburys #annoying,https://www.youtube.com/watch?v=WL34bFOsmG0,London Hustle,https://www.youtube.com/channel/UCUyjU893D8TMVQau-XlWbVg,2026-04-22T19:33:20.334Z,54.0,83.564,54.0
I GOT PAID HOW MUCH?!!! #shorts #london #deliveroo #ubereats #ebike,https://www.youtube.com/watch?v=AGLEbCMQsOs,London Hustle,https://www.youtube.com/channel/UCUyjU893D8TMVQau-XlWbVg,2026-04-22T19:32:53.175Z,60.0,27.159,27.159
Glass & Wine went Everywhere!!! #smashed #fail #destroyed #uber #delivery #london,https://www.youtube.com/watch?v=OSW8X7qWJ6U,London Hustle,https://www.youtube.com/channel/UCUyjU893D8TMVQau-XlWbVg,2026-04-22T19:32:36.518Z,60.0,16.657,16.657
got locked in a garage!! #london #ubereats #stuck #help #delivery #electricbike,https://www.youtube.com/watch?v=8Q3FyLw0450,London Hustle,https://www.youtube.com/channel/UCUyjU893D8TMVQau-XlWbVg,2026-04-22T19:31:29.942Z,60.0,66.576,60.0
Was this worth £3?? #money #london #delivery #satisfying #food #motovlog,https://www.youtube.com/watch?v=HnrgSS1_9Uk,London Hustle,https://www.youtube.com/channel/UCUyjU893D8TMVQau-XlWbVg,2026-04-22T19:30:37.531Z,46.0,52.411,46.0
Delivering to a 5 Star Hotel in London #wealthy #rich #millionaire #deliverydriver  #ubereats #hotel,https://www.youtube.com/watch?v=U0KioD7zP18,London Hustle,https://www.youtube.com/channel/UCUyjU893D8TMVQau-XlWbVg,2026-04-22T19:29:40.776Z,56.0,56.755,56.0
Welcome to London… #bikelane #bikelaneguy #cycling #london #funny #ebike #pov,https://www.youtube.com/watch?v=eDtj0fb1kq8,London Hustle,https://www.youtube.com/channel/UCUyjU893D8TMVQau-XlWbVg,2026-04-22T19:29:08.201Z,20.0,32.575,20.0
Millionaire gave me no Tip! #millionaire #wealthy #tips #london #delivery #ubereats #fun,https://www.youtube.com/watch?v=15YfHC3Jzcw,London Hustle,https://www.youtube.com/channel/UCUyjU893D8TMVQau-XlWbVg,2026-04-22T19:29:06.520Z,60.0,1.681,1.681
She Ordered Just 1 Doughnut #london #shorts #dunkindonuts #delivery,https://www.youtube.com/watch?v=rWl_bGYodlw,London Hustle,https://www.youtube.com/channel/UCUyjU893D8TMVQau-XlWbVg,2026-04-22T19:28:28.389Z,37.0,38.131,37.0
This ice block won't melt and Drake fans are losing it,https://www.youtube.com/watch?v=prkKrbCBIEI,vt.physics,https://www.youtube.com/channel/UCuO1xKv8PwUCdQ1b3eY1TrA,2026-04-22T19:24:37.366Z,64.0,231.023,64.0
Ryukyu Kingdom: Japans Hidden Ethnic Group #history #japan #okinawa,https://www.youtube.com/watch?v=Ba2niaZUTbs,yarleh,https://www.youtube.com/channel/UCozbrjdFvxLU3B7Oc0ezO4g,2026-04-22T19:24:12.924Z,138.0,24.442,24.442
Which Animals Like Bubbles?,https://www.youtube.com/watch?v=N6H4rjzE-vs,Forrest Galante,https://www.youtube.com/channel/UC7E9XYQ8hbV54ZDuOKYYxmA,2026-04-22T19:24:06.029Z,45.0,6.895,6.895
KFC Singapore vs Thailand #chicken #food #star #review #fyp #shorts,https://www.youtube.com/watch?v=4ThOruC_10Q,Egan Usup,https://www.youtube.com/channel/UC5fNDc5_Tcp3xAZVHs-DfZg,2026-04-22T19:22:54.577Z,60.0,71.452,60.0
What's your favorites movies? #minecraft #gaming #streamer #movies,https://www.youtube.com/watch?v=7mBwo09rbEg,Astralshaman,https://www.youtube.com/channel/UCrF4EpjT5j9O156A2S0Ya6A,2026-04-22T19:22:53.033Z,21.0,1.544,1.544
I want my chocolate chips back 😤😤 #shrinkflation,https://www.youtube.com/watch?v=oqRnTW15l6c,Neal Chauhan,https://www.youtube.com/channel/UC-thNPLDqeFijlPUplgrIwA,2026-04-22T19:22:48.209Z,31.0,4.824,4.824
How Drake fooled the internet,https://www.youtube.com/watch?v=f6OJ5NWt_rQ,Chance Dubinick,https://www.youtube.com/channel/UCKn9pudfpQHb2pY54ykCocQ,2026-04-22T19:21:58.413Z,110.0,49.796,49.796
Peace of mind for DIY home decor & renovations,https://www.youtube.com/watch?v=PYy3xsw4Aak,Measure Tools,https://www.youtube.com/channel/UC5c74gb6JnzANYhCGjh4nwg,2026-04-22T19:21:36.268Z,13.0,22.145,13.0
Fakta Ngeri di Balik Banjir Merah Solo‼️,https://www.youtube.com/watch?v=QDpYCWqv74U,Indonesia Baru,https://www.youtube.com/channel/UCWwLmIUsAlSxynlJDvY9THg,2026-04-22T19:19:24.268Z,119.0,132.0,119.0
She was stranded at the gas pump! 😥 #fyp #mobile #love #help #car #youtubeshorts #trending #mechanic,https://www.youtube.com/watch?v=yyJt1f1fghU,Matthew Parker,https://www.youtube.com/channel/UC27mSaehdPPdqK8_u-g_8Vg,2026-04-22T19:19:19.214Z,174.0,5.054,5.054
A TEENAGER Took This Squatter Personally,https://www.youtube.com/watch?v=c_RAi-fTFC8,Andy Jiang,https://www.youtube.com/channel/UCVrEHNmwOcTM85daIG6PSVg,2026-04-22T19:17:04.446Z,93.0,134.768,93.0
Are Cats Fire-Proof? 😷🔥 #goodtoknow #vet #medicine #educational #lifehacks #survivalhack #survival,https://www.youtube.com/watch?v=wjT4MRNXX8Y,Vetventures,https://www.youtube.com/channel/UC_qNHEw4tFK08cPCsUbwrOQ,2026-04-22T19:16:41.358Z,23.0,23.088,23.0
IPHONE STUCK ON PURPLE SCREEN!!! #education #brokenfix #smartphone #problemfix #brokendisplay,https://www.youtube.com/watch?v=3XOJHokFWVw,Digital Doctor ,https://www.youtube.com/channel/UCta8FWxM474irDMPABq2o4Q,2026-04-22T19:15:37.551Z,101.0,63.807,63.807
I’ve Wrapped Hundreds of Cars. This Color Made Me Nervous. #carwrapping #satisfyingvideo #purple,https://www.youtube.com/watch?v=7_q0xBWzVes,Jay The Wrap Specialist,https://www.youtube.com/channel/UCY5DlpdjsmXD3KKVkOyoN6g,2026-04-22T19:13:50.021Z,87.0,107.53,87.0
This Turns Water Into Gel,https://www.youtube.com/watch?v=b2VITv2MFvU,Factzy,https://www.youtube.com/channel/UCHulsQ5OL5C3l34ugF9p18Q,2026-04-22T19:13:20.638Z,22.0,29.383,22.0
Flamenco guitar lesson step by step,https://www.youtube.com/watch?v=8byZsuHT54M,Fil,https://www.youtube.com/channel/UC-UuEgKVYa22CSXKUaTS-uQ,2026-04-22T19:12:17.309Z,67.0,63.329,63.329
Barang TerG*bl0k,https://www.youtube.com/watch?v=Y7y7sz3JCDw,GTID,https://www.youtube.com/channel/UCda1FTpxCYVXDQ_B8_0Ewag,2026-04-22T19:12:13.999Z,75.0,3.31,3.31
Cesaretin varsa…“Acıların Kumpiri” seni bekliyor😁🌶️🥔🐘#filizkumpir #ankara  #kumpir #turkishfood,https://www.youtube.com/watch?v=je86lVkH_Hs,Filiz kumpir ,https://www.youtube.com/channel/UC0jEbeJ08KBj2wPEpx00ceg,2026-04-22T19:12:10.314Z,30.0,3.685,3.685
KidNet - Mini-internet for kids!,https://www.youtube.com/watch?v=SYhrANOMMjY,Noah Simmons,https://www.youtube.com/channel/UC32wxiuaMDjL738sCATeGJA,2026-04-22T19:12:08.788Z,100.0,1.526,1.526
King mulet pembawa rezeki👍👍😅😅 #storytelling #bengkelmotor #otomotif,https://www.youtube.com/watch?v=aBC_uEp7zkU,ELSA MOTOR BELITI JAYA,https://www.youtube.com/channel/UCXgz3ecbowa1dp5m-tAB-0g,2026-04-22T19:12:05.463Z,139.0,3.325,3.325
CHARGER STUCK IN PORT #education #brokenfix #smartphone #cellphone #problemfix,https://www.youtube.com/watch?v=yo7IcgluCFw,Digital Doctor ,https://www.youtube.com/channel/UCta8FWxM474irDMPABq2o4Q,2026-04-22T19:11:33.279Z,71.0,32.184,32.184
Harbiye dürüm !! Oktay kebap,https://www.youtube.com/watch?v=ZSbyU8zuOHI,Aç mısın ?,https://www.youtube.com/channel/UChQgd3jRtY9UUjswHRlNIHQ,2026-04-22T16:42:41.641Z,27.0,8931.638,27.0
Biar bisa intro ke cewek2 kalo fotonya bagus 🤣,https://www.youtube.com/watch?v=IrSfOgmrcxo,Dwiki Afrilian,https://www.youtube.com/channel/UCarAr73sn2PHpBzyb9yq5DQ,2026-04-22T16:38:53.157Z,56.0,228.484,56.0
trying indonesian KFC? so sgo good sc:tt @lilliansleiman  #food #indonesia #kfc,https://www.youtube.com/watch?v=xbMw2_QyfZc,glassesnerd,https://www.youtube.com/channel/UChiN4doHhws4Ui072Jsu8Fw,2026-04-22T16:35:11.461Z,62.0,221.696,62.0
I Tried Steam on ROCKNIX So You Don't Have To (Yet),https://www.youtube.com/watch?v=hu385JdYBB4,Retro Handhelds gg,https://www.youtube.com/channel/UC3IYhdamzjvEJ9CwkQa4RAw,2026-04-22T16:35:05.588Z,753.0,5.873,5.873
Why'd they return this iPhone 16?,https://www.youtube.com/watch?v=17XSS-gRQxA,Plug Tech,https://www.youtube.com/channel/UCqnRPbTWIKREzzoZKiEPMDg,2026-04-22T16:34:52.070Z,58.0,13.518,13.518
Why used phones actually slap,https://www.youtube.com/watch?v=p_Ag8tA0yTY,Plug Tech,https://www.youtube.com/channel/UCqnRPbTWIKREzzoZKiEPMDg,2026-04-22T16:31:09.377Z,31.0,222.693,31.0
Do you still think we're a scam?,https://www.youtube.com/watch?v=aCNrEwYw7zY,Plug Tech,https://www.youtube.com/channel/UCqnRPbTWIKREzzoZKiEPMDg,2026-04-22T16:27:38.893Z,65.0,210.484,65.0
"iPhone 17 Pro Camera Broken? Nope, Just Dirty",https://www.youtube.com/watch?v=gAkdru0OKOU,Plug Tech,https://www.youtube.com/channel/UCqnRPbTWIKREzzoZKiEPMDg,2026-04-22T16:26:10.440Z,57.0,88.453,57.0
Coyote vs. ACME | Official Trailer,https://www.youtube.com/watch?v=H-43VeYGiPM,Coyote vs. Acme,https://www.youtube.com/channel/UCNxOeHUg_mGTQEmEFgsF-7Q,2026-04-22T16:01:37.393Z,107.0,1473.047,107.0
Actually Horrible Oneyplays Moments (GONE TOO FAR)(I am an OneyPlays fan),https://www.youtube.com/watch?v=gPV_vjg0PD4,Graarnk,https://www.youtube.com/channel/UCabuLtSnrClGS_41t41zWEQ,2026-04-22T14:17:32.182Z,388.0,6245.211,388.0
Block Blast Tip: All Clear 🙅🚫 #blockblast #gaming,https://www.youtube.com/watch?v=L-rM-Zm1laU,Bazz1TV,https://www.youtube.com/channel/UCBnKqB7QGoCsnCdm_7zW8gw,2026-04-22T14:15:17.096Z,27.0,135.086,27.0
block blast secret glitch to 1M SCORE,https://www.youtube.com/watch?v=utg6jYATIFs,clarenz gaming ,https://www.youtube.com/channel/UCkmaLKuhpaScpASPzXKjdug,2026-04-22T14:14:36.829Z,9.0,40.267,9.0
Block Blast #gameplay #walkthrough #games #gaming #iphonegameplay #block #blockblast #tetris #color,https://www.youtube.com/watch?v=r5vzB8M-Q28,PlayMax,https://www.youtube.com/channel/UCVVR726X4319VMEadXti87Q,2026-04-22T14:14:26.533Z,9.0,10.296,9.0
me: I want this block! Block Blast!: no. me: #gaming #blockblast #games #viralvideo #funny #memes,https://www.youtube.com/watch?v=7yZ1hYOIm7Y,Block Blast!,https://www.youtube.com/channel/UCGy2gVXepmfjotcDSsY1wog,2026-04-22T14:14:21.841Z,8.0,4.692,4.692
how to get a high score??? #games #blockblast #viralvideo #gaming #fyp,https://www.youtube.com/watch?v=aDHgmqqY3KE,Block Blast!,https://www.youtube.com/channel/UCGy2gVXepmfjotcDSsY1wog,2026-04-22T14:14:12.069Z,9.0,9.772,9.0
Let's Watch 25 Minutes of People Living Above Their Means & Going BROKE,https://www.youtube.com/watch?v=fKkyLwNiQ1Q,Zac Rios,https://www.youtube.com/channel/UCsfasHJphdMDFkcse5sQ9Uw,2026-04-22T13:35:47.885Z,1593.0,2304.184,1593.0
Goofy Sigma Posts Getting Cooked By Instagram Comments..💔🥀,https://www.youtube.com/watch?v=eELGLzpbRSg,Bruhski,https://www.youtube.com/channel/UC7N8vfwWaijbQyPFiT4Zcnw,2026-04-22T12:58:58.122Z,495.0,2209.763,495.0
Windows Customization Experience,https://www.youtube.com/watch?v=pNH9LySHA8o,Bog,https://www.youtube.com/channel/UCZXW8E1__d5tZb-wLFOt8TQ,2026-04-22T12:57:57.161Z,856.0,60.961,60.961
"This ""UNHACKABLE"" Kids phone treats you like a Prisoner...",https://www.youtube.com/watch?v=VgAWuFytoKM,Smokin' Silicon,https://www.youtube.com/channel/UCPWEIH_IfcGqbWV89o84afA,2026-04-22T04:44:04.146Z,720.0,29633.015,720.0
MARAPTHON - THE LAST TALE DAY 74 pt.2,https://www.youtube.com/watch?v=A9hdrn6uIvo,yb,https://www.youtube.com/channel/UCCuzDCoI3EUOo_nhCj4noSw,2026-04-22T04:43:03.399Z,28116.0,60.747,60.747
MARAPTHON - THE LAST TALE DAY 74 pt.1,https://www.youtube.com/watch?v=xq8aDfd7CLg,yb,https://www.youtube.com/channel/UCCuzDCoI3EUOo_nhCj4noSw,2026-04-22T04:43:01.480Z,29651.0,1.919,1.919
Filling My Gas Tank with Spaghetti0s and Hiring a Mechanic to Fix it,https://www.youtube.com/watch?v=G3ZJn1p9fQc,Vlog Creations,https://www.youtube.com/channel/UCR0VLWitB2xM4q7tjkoJUPw,2026-04-22T04:42:40.655Z,706.0,20.825,20.825
Filling My PC with Beans and Hiring a Repair Man to Fix it,https://www.youtube.com/watch?v=4HhPK8XC75A,Vlog Creations,https://www.youtube.com/channel/UCR0VLWitB2xM4q7tjkoJUPw,2026-04-22T04:41:52.929Z,706.0,47.726,47.726
I bought the WORST 1-Star Phones from TikTok... 😬,https://www.youtube.com/watch?v=sIeio4OcWAE,Smokin' Silicon,https://www.youtube.com/channel/UCPWEIH_IfcGqbWV89o84afA,2026-04-22T04:39:10.305Z,970.0,162.624,162.624
Saya beli HP murah yang laris manis di toko online...,https://www.youtube.com/watch?v=MW-WdQG9v_4,GadgetIn,https://www.youtube.com/channel/UC1dI4tO13ApuSX0QeX8pHng,2026-04-22T04:28:11.570Z,673.0,658.735,658.735
I Replaced My Whole Setup with Chinese Gear,https://www.youtube.com/watch?v=PukzM0upYSw,Kimmy,https://www.youtube.com/channel/UCrom0EBdPndCyc7al_cXj3Q,2026-04-22T04:27:54.235Z,502.0,17.335,17.335
Fr #maths #gcsemaths #exam #highschoolmath #sat #matheducation #gcse #school #fyp,https://www.youtube.com/watch?v=HIe3-icafdU,your.bummy.math.tutor,https://www.youtube.com/channel/UCBDgbR5Qy6mkQ6Px1ZrLSUA,2026-04-22T04:27:07.300Z,69.0,46.935,46.935
Reason why we shut down second store 😭 #shutdown #store #california #pizza,https://www.youtube.com/watch?v=WFH_VFHsMjQ,jenniespizza,https://www.youtube.com/channel/UCvK09FgCbnoWq45MJPaalbg,2026-04-22T04:26:47.804Z,44.0,19.496,19.496
Check out BEEF season 2 on Netflix,https://www.youtube.com/watch?v=kIZjka7BWS0,Jason Jin,https://www.youtube.com/channel/UCeK-hYKySTA5sGWd2NVQrCg,2026-04-22T04:26:35.002Z,54.0,12.802,12.802
This side hustle pays $50 an hour,https://www.youtube.com/watch?v=Mb6Wolgab7A,Bradley on a Budget,https://www.youtube.com/channel/UC4_aeHO9Et1h3rEpQAtMAPw,2026-04-22T04:25:08.794Z,100.0,86.208,86.208
Raffi Ahmad vs Andre Taulany #artis #food #star #review #fyp #shorts,https://www.youtube.com/watch?v=8AD_1G0eouQ,Egan Usup,https://www.youtube.com/channel/UC5fNDc5_Tcp3xAZVHs-DfZg,2026-04-22T04:24:07.291Z,60.0,61.503,60.0
Uang 100rb dpt apa aja di AEON #food,https://www.youtube.com/watch?v=EAuw4W45gZ8,Anak Micin.09,https://www.youtube.com/channel/UCaQrvGEid2jKocGbptSxjSQ,2026-04-22T04:23:41.849Z,95.0,25.442,25.442
I paid $2000 for 140 smartphones.. worth it?,https://www.youtube.com/watch?v=kedRWC76tuw,jOhnZoid,https://www.youtube.com/channel/UC8RhfvtFeIlIfXzS_D_T9Ug,2026-04-22T04:21:38.731Z,742.0,123.118,123.118
RUNNING IT BACK WITH MEGA SCOVILLAIN,https://www.youtube.com/watch?v=IXorFeGacnQ,shofu,https://www.youtube.com/channel/UCbr6TI0Mujw2iFAQE4R8yrQ,2026-04-22T04:16:23.978Z,11582.0,314.753,314.753
Ternyata beli Iphone 2TB itu rugi. #belajarsemenit #finance,https://www.youtube.com/watch?v=rxglxWMIXBE,Vincdels,https://www.youtube.com/channel/UCG03kknvutxIfNNE86gJgwQ,2026-04-22T03:59:46.121Z,80.0,997.857,80.0
Penguin Struck by Paralysis Tick #penguin #tickseason #shorts,https://www.youtube.com/watch?v=sp4iysdJ4zo,Bondi Vet,https://www.youtube.com/channel/UCRnSnAq44St3dzNdgPpfChA,2026-04-22T03:59:44.509Z,135.0,1.612,1.612
Millionaire gave me no Tip! #millionaire #wealthy #tips #london #delivery #ubereats #fun,https://www.youtube.com/watch?v=15YfHC3Jzcw,London Hustle,https://www.youtube.com/channel/UCUyjU893D8TMVQau-XlWbVg,2026-04-22T03:50:21.008Z,60.0,563.501,60.0
The price increased SO MUCH 🥹🤚🏻 #lipglossmaking,https://www.youtube.com/watch?v=mOsRTVgqBzQ,Kiki Quesada,https://www.youtube.com/channel/UC7gno2_MPRPb2p6L0DMHeiA,2026-04-22T03:49:47.194Z,37.0,33.814,33.814
Parenting is so ghetto!,https://www.youtube.com/watch?v=9S0SCWutpsA,JustJazzy,https://www.youtube.com/channel/UCCIATAzoZeg3w_9V04OUttg,2026-04-22T03:48:54.636Z,68.0,52.558,52.558
his fav is his purple phone and the switch! 🎮📱#tech #iphone #gameconsole #nintendo,https://www.youtube.com/watch?v=DUxXlfxbxEI,reddnea,https://www.youtube.com/channel/UCLnalL78FAJPhM6e9xD9U2A,2026-04-22T03:48:50.410Z,62.0,4.226,4.226
FUSHIMI PHILLY- VIRAL SUSHI PUSHPOPS NOW AVAILABLE 🍣🍣🍣🔥🔥🔥‼️‼️‼️,https://www.youtube.com/watch?v=hxmm3Cd4fP4,Matteatss,https://www.youtube.com/channel/UCfmcOLeN9LwXn8EgaXhWBFA,2026-04-22T03:48:47.306Z,179.0,3.104,3.104
Putting A Jack And Coca Cola Gas Pump In My Parents House,https://www.youtube.com/watch?v=UtLiWNMrc_U,Corbin Millet,https://www.youtube.com/channel/UCanXR6VZeOdrJ4dg0u8oT4g,2026-04-22T03:48:18.979Z,63.0,28.327,28.327
This is the stuff that really does work #motivation,https://www.youtube.com/watch?v=CZFyM58HQ8Q,Jeremiah Jones,https://www.youtube.com/channel/UC6x2u-2fT3Ei6n2ihq3hEYg,2026-04-22T03:47:43.060Z,28.0,35.919,28.0
How Gim (seaweed) is made,https://www.youtube.com/watch?v=dS74bSWYAJ4,Cookim,https://www.youtube.com/channel/UCdRxrNlmO6jHKKSfUBBYDRw,2026-04-22T03:47:40.021Z,60.0,3.039,3.039
Saved some money and learned a new skill. Good day #realestate #landlord #repair #business,https://www.youtube.com/watch?v=uZGVGwYz-9Q,Elijah Faas,https://www.youtube.com/channel/UC_AyN4GB1uRCjhB1Qe-ya7w,2026-04-22T03:47:37.876Z,63.0,2.145,2.145
This is how to make the best EGGS,https://www.youtube.com/watch?v=VPkTINqOV_Y,Lionfield,https://www.youtube.com/channel/UCHwpDpLoyJgtFXoAaaSut4Q,2026-04-22T03:47:34.278Z,25.0,3.598,3.598
Том и Джери в реальной жизни,https://www.youtube.com/watch?v=CCePh2mlqvk,Мужской журнал Winner,https://www.youtube.com/channel/UCDxHpovfJh0HI9dkddJdUPQ,2026-04-22T03:47:26.421Z,20.0,7.857,7.857
I Tried Jobs After Midnight,https://www.youtube.com/watch?v=EJ4UN89iIJ8,Sambucha,https://www.youtube.com/channel/UCWBWgCD4oAqT3hUeq40SCUw,2026-04-22T03:46:33.161Z,53.0,53.26,53.0
did you know this trick #diy #woodworking,https://www.youtube.com/watch?v=lLtHpHthupk,Edirex,https://www.youtube.com/channel/UCKVAjB6zYOIfPnbKjrXPL9w,2026-04-22T03:45:39.300Z,49.0,53.861,49.0
Size 18 shoes in the wild #fyp,https://www.youtube.com/watch?v=iFTMOoW8VVc,Big Sam,https://www.youtube.com/channel/UC3s-I2YRjUPdZP-7JvlryZw,2026-04-22T03:45:15.819Z,115.0,23.481,23.481
30+ means selling Sunday and enjoying PANKCHELLA from bed#catsofyoutube  #coachella #cat #catshorts,https://www.youtube.com/watch?v=s3Jd-5ddUMw,Panky Baby,https://www.youtube.com/channel/UC1D58entGJ8OepLP3T3xy1Q,2026-04-22T03:45:12.715Z,17.0,3.104,3.104
Why Mechanics Use this Hand Scrub,https://www.youtube.com/watch?v=sQEKx9pDPkE,MacKenzie's Fisherman,https://www.youtube.com/channel/UC3O2jefnHAyZ2VTzxLmB-cw,2026-04-22T03:45:08.338Z,83.0,4.377,4.377
My morning before work as a 25 year old addicted to his Steam Deck 🎮 #morningroutine #gaming #gym,https://www.youtube.com/watch?v=otDli7V8oMg,Carter Powers,https://www.youtube.com/channel/UCEhfAn3DIe9BsRJD-Aknf3A,2026-04-22T03:43:47.041Z,66.0,81.297,66.0
Gaperlu siapin tempat mahal cukup gerobak hasilnya 200porsi ‼️#lempardadu #food #foodie,https://www.youtube.com/watch?v=XD-_ZOLLUOw,Lempar Dadu,https://www.youtube.com/channel/UCgwuhcidk4t7N6Dn5UbwaKQ,2026-04-22T03:42:50.683Z,156.0,56.358,56.358
The Poisonous Spice,https://www.youtube.com/watch?v=wtOie8vXDDg,Shawn Grows,https://www.youtube.com/channel/UCzOXodveGcVO5xqLyc5l_Zg,2026-04-22T03:42:46.132Z,44.0,4.551,4.551
Gettin ready for bed living in car #shorts,https://www.youtube.com/watch?v=wa7SchukcoA,James Buonaccorsi,https://www.youtube.com/channel/UCv6570KJZVIMlCabuBz7g6w,2026-04-22T03:41:43.311Z,57.0,62.821,57.0
#concrete #building #trending #tips #concretework #victoryoutdoorservices #work #viralvideo,https://www.youtube.com/watch?v=xrTklyiIUTs,@concrete.styles.s,https://www.youtube.com/channel/UCwBpOScpJymiH-Gg46pRfmA,2026-04-22T03:41:36.137Z,118.0,7.174,7.174
@Mrwhosetheboss is reviewing camping gear now?,https://www.youtube.com/watch?v=WmUMR3swSkc,Dan Becker,https://www.youtube.com/channel/UCq0VNPiFtr3ihDewjtkZXBQ,2026-04-22T03:41:29.248Z,59.0,6.889,6.889
"How I charged my client $5000 to deep clean their home, and what is included!",https://www.youtube.com/watch?v=jDj7TQb2FGI,Edge Cleaning Clips,https://www.youtube.com/channel/UCyL2NyZ-pE-1iNT-wvA4GKg,2026-04-22T03:41:27.002Z,123.0,2.246,2.246
I wanted a long cable...,https://www.youtube.com/watch?v=uTmXvu-A1kg,nojroom,https://www.youtube.com/channel/UC8YEuZnCqqlt62W5I3kv7uw,2026-04-22T03:40:42.214Z,58.0,44.788,44.788
DISTRO INI POSISINYA DI DALEM GANG KECIL - #Maestro Eps. 1,https://www.youtube.com/watch?v=ZOlhIFnQk0g,Dwiki Afrilian,https://www.youtube.com/channel/UCarAr73sn2PHpBzyb9yq5DQ,2026-04-22T03:37:51.947Z,864.0,170.267,170.267
POV: lunch at a Mexican grocery store #burrito #mexican #spice #beans,https://www.youtube.com/watch?v=EIQDs3UqE-o,Hella Hansel POV,https://www.youtube.com/channel/UCAiRp-RFmOSJtePKZZ8efrQ,2026-04-22T03:35:46.198Z,124.0,125.749,124.0
bengekel RACING ❎  bengkel JAMET✅ 😅😅 #storytelling #otomotif #bengkelmotor,https://www.youtube.com/watch?v=QuVEjtND6Jk,ELSA MOTOR BELITI JAYA,https://www.youtube.com/channel/UCXgz3ecbowa1dp5m-tAB-0g,2026-04-22T03:35:06.396Z,142.0,39.802,39.802
Yang nyariin SAHRONI orangnya udah ada di bengkel 😅😅 #storytelling #bengkelmotor #herex,https://www.youtube.com/watch?v=YKsebf10R-8,ELSA MOTOR BELITI JAYA,https://www.youtube.com/channel/UCXgz3ecbowa1dp5m-tAB-0g,2026-04-22T03:33:11.485Z,115.0,114.911,114.911
Belum sampai ke TANGAN PEMILIK motor sudah rusak lagi😡😡 #storytelling #bengkelmotor #mekanik,https://www.youtube.com/watch?v=DdYOd28U2pY,ELSA MOTOR BELITI JAYA,https://www.youtube.com/channel/UCXgz3ecbowa1dp5m-tAB-0g,2026-04-22T03:30:43.738Z,130.0,147.747,130.0
Di tolak beberapa bengkel BAPAK INI jadi pasrah😲😲#storytelling #bengkelmotor,https://www.youtube.com/watch?v=98CGUHZThsk,ELSA MOTOR BELITI JAYA,https://www.youtube.com/channel/UCXgz3ecbowa1dp5m-tAB-0g,2026-04-22T03:28:53.431Z,114.0,110.307,110.307
"ngomong Kalo GAK BISA, malah gini hasilnya😡😡 #storytelling #mekanik #tutorial",https://www.youtube.com/watch?v=rkuQBMN7wlw,ELSA MOTOR BELITI JAYA,https://www.youtube.com/channel/UCXgz3ecbowa1dp5m-tAB-0g,2026-04-22T03:27:11.181Z,103.0,102.25,102.25
New spot for my #minibrands #masterpieces ✨️🎨🖌🖼,https://www.youtube.com/watch?v=_VPJT9pD874,Loving the Mini life 🥰,https://www.youtube.com/channel/UC91b6aqiMlDo5EFeph0A0sA,2026-04-22T03:25:08.670Z,13.0,122.511,13.0
"Lampu Disko Tenaga Emosi""Pakistan",https://www.youtube.com/watch?v=ZrFuxAjyqVI,DERI MANANTA,https://www.youtube.com/channel/UCNlgZjpny5TP3aM8sao_uTQ,2026-04-22T03:25:03.589Z,65.0,5.081,5.081
Is this smart dog AI?,https://www.youtube.com/watch?v=5TTuQ7hX4vg,Jeremy Carrasco,https://www.youtube.com/channel/UCd2Kxb7n4cRJoXNeNO2tlQA,2026-04-22T03:25:00.901Z,65.0,2.688,2.688
HOW A SURGEON WASHES THEIR HANDS #surgeon #hygiene,https://www.youtube.com/watch?v=pJ0pW_yMU_U,"The Plastics Doc - Samuel E. Salcedo, MD",https://www.youtube.com/channel/UCf52KVObApIc_rvxkR0h0Vg,2026-04-22T03:23:46.376Z,78.0,74.525,74.525
Sunscreen for the win 🏆 #diy #cleaning #lifelessons #lifehack @Walmart,https://www.youtube.com/watch?v=kOnPR4EkdlY,southernescape,https://www.youtube.com/channel/UC3sfyOpGRU0_hcqYlHpM-DA,2026-04-22T03:23:43.653Z,71.0,2.723,2.723
Lazy,https://www.youtube.com/watch?v=VKCLvu6cF3s,TheKrowGan,https://www.youtube.com/channel/UCbhr7_nzJTkgy8pU1f4aB8g,2026-04-22T03:23:27.586Z,14.0,16.067,14.0
7 Weird Objects vs Automatic Center Punch,https://www.youtube.com/watch?v=TLI3M_z0Dp8,Workshop_Shorts,https://www.youtube.com/channel/UCoH5QV_EGwpw-mNNi9V2zOA,2026-04-22T03:23:14.728Z,59.0,12.858,12.858
INCREDIBLE Headphones,https://www.youtube.com/watch?v=IxoufyCMMJs,Pudphones,https://www.youtube.com/channel/UC_s2ZQZFODtFN74lrZFnJoQ,2026-04-22T03:23:11.917Z,23.0,2.811,2.811
100% this is ragebait,https://www.youtube.com/watch?v=oBm3E6MGNXw,Chinenye,https://www.youtube.com/channel/UCPcYMPO7Gm_B-HiyRyWbS-Q,2026-04-22T03:22:41.558Z,20.0,30.359,20.0
NEVER BE LATE TO A GAME!!,https://www.youtube.com/watch?v=QD7AHCFI9Us,DunkBomb,https://www.youtube.com/channel/UCnGzUIdwo9sSojsdGQBgmWg,2026-04-22T03:22:40.791Z,42.0,0.767,0.767
Grocery shopping made easy. #largefamilyvlog #groceryshopping #krogergroceryhaul #postpartum,https://www.youtube.com/watch?v=hdGXlWTCKR0,My Natures House Homestead Family,https://www.youtube.com/channel/UC8J2q-PRxaapvWoi2lGS6EA,2026-04-22T03:22:36.831Z,29.0,3.96,3.96
Different types of lunches at work #funny,https://www.youtube.com/watch?v=I4zug_rrUUM,GioCastle ~ AnimeBoy,https://www.youtube.com/channel/UCOWf42LY4avF0N7lqmR3NZg,2026-04-22T03:22:07.052Z,34.0,29.779,29.779
Does the rain 🌧️ hurt my garden railroad? 🛤️ 🌳 🚂,https://www.youtube.com/watch?v=tCNeWpEYlFg,Bungalow Heaven Railroad,https://www.youtube.com/channel/UCLHX10_lBep_QCSCU0sNBSQ,2026-04-22T03:21:29.882Z,39.0,37.17,37.17
Couple finds hot air balloon tour in their backyard 😅 #shorts,https://www.youtube.com/watch?v=EJNdPy9jQ4A,That Good News Girl,https://www.youtube.com/channel/UCwOd93UOsr_Qk_S6sQycVBw,2026-04-22T03:21:25.839Z,106.0,4.043,4.043
I’m feeding you,https://www.youtube.com/watch?v=PzIvyKrh7WM,Gucci dude,https://www.youtube.com/channel/UCp7IdpZt5HLUryiYtxWTzFA,2026-04-22T03:21:24.160Z,12.0,1.679,1.679
Help us design our new desk pad!,https://www.youtube.com/watch?v=mBBkab43bP0,Craighill,https://www.youtube.com/channel/UCc6L2C09Gs6euMoUyqiz02Q,2026-04-22T03:19:43.596Z,155.0,100.564,100.564
BUT THEY'RE PLASTIC #victoryoutdoorservices #truck #HomeRenovation #HomeBuilders,https://www.youtube.com/watch?v=tx3Qq9sFn04,Rami Smeakers,https://www.youtube.com/channel/UC0OC8sRoVoruBRLZEf2cI7w,2026-04-22T03:19:04.584Z,53.0,39.012,39.012
The Strangest Request I’ve Ever Gotten…? #Shorts,https://www.youtube.com/watch?v=fztcjuVPeoE,Phone Repair Guru,https://www.youtube.com/channel/UCCOrp7GPgZA8EGrbOcIAsyQ,2026-04-22T03:18:59.502Z,30.0,5.082,5.082
Did You Ever Notice This? #usa #diy #tools,https://www.youtube.com/watch?v=SuoB7seB5Nk,ElecPro,https://www.youtube.com/channel/UC_qIaRrRgL4O0X20DGyil5w,2026-04-22T03:18:10.170Z,49.0,49.332,49.0
Stop OVER SEASONING your food!! Sometimes less is more!,https://www.youtube.com/watch?v=amxvpL4XaxQ,Temi Tyrese,https://www.youtube.com/channel/UCj9BNfLVczjAV7iFsIZPUmA,2026-04-22T03:18:05.754Z,169.0,4.416,4.416
Kitchen seasoning hack #shorts #kitchenhacks #homecooking #spices,https://www.youtube.com/watch?v=Qdfpo7xYAVs,Evgenia & Kotya,https://www.youtube.com/channel/UChm_MmNGnUcXYB0u6gVtgcQ,2026-04-22T03:18:01.274Z,12.0,4.48,4.48
He Waited 40 Years For This 👀,https://www.youtube.com/watch?v=M85h7NokrlE,Mappelz,https://www.youtube.com/channel/UCdUl_bahs2CptEdW0us2TRA,2026-04-22T03:17:16.493Z,39.0,44.781,39.0
Trump is attending a journalist dinner celebrating the First Amendment,https://www.youtube.com/watch?v=cx8hXs7g8XE,Dave Jorgenson,https://www.youtube.com/channel/UC4V84y8cUtthXhRzLKSly7A,2026-04-22T03:15:48.323Z,159.0,88.17,88.17
What I Ate for Lunch at a High School in Korea Part 41 🇰🇷🏫 #korea #southkorea #seoul #koreanfood,https://www.youtube.com/watch?v=8QmiluyVGSg,Gaezari 게자리,https://www.youtube.com/channel/UC0XjJJnKm6v6rmNK5BR5F6A,2026-04-22T03:15:07.450Z,39.0,40.873,39.0
UNPOPULAR Food Opinions,https://www.youtube.com/watch?v=dasPsMTLIhY,amistically,https://www.youtube.com/channel/UCwoKotGqYdBv_vONkh4YAKQ,2026-04-22T03:09:54.701Z,902.0,312.749,312.749
Every Smiling Friends Episode Ranked (All 3 Seasons),https://www.youtube.com/watch?v=Ho6pB9TzE-A,Schaffrillas Productions,https://www.youtube.com/channel/UC5UYMeKfZbFYnLHzoTJB1xA,2026-04-22T03:01:22.647Z,3257.0,512.054,512.054
"She Took A 5-Minute Loan, Now This Indonesian Gen Z Owes 10x Her Salary | Money Mind",https://www.youtube.com/watch?v=VE9BA0hD9Es,CNA Insider,https://www.youtube.com/channel/UC_Lnb8ZHqqgLbp-7hltuT9w,2026-04-22T02:57:17.264Z,349.0,245.383,245.383
My J*b Experience,https://www.youtube.com/watch?v=3VSzAV1-f0s,Degenerocity,https://www.youtube.com/channel/UCMr1lqB1oN3-cYf6cj6-v-A,2026-04-22T02:56:22.624Z,439.0,54.64,54.64
The Worst Piece of Fiction,https://www.youtube.com/watch?v=DresdYRJlIo,Degenerocity,https://www.youtube.com/channel/UCMr1lqB1oN3-cYf6cj6-v-A,2026-04-22T02:56:03.514Z,496.0,19.11,19.11
The Pokemon Company Responds to Heated Controversy,https://www.youtube.com/watch?v=lSteVZQRgN4,Hungrybox,https://www.youtube.com/channel/UCvBHFNnPXt_re1WSdsennJg,2026-04-22T02:55:22.442Z,862.0,41.072,41.072
MARAPTHON - THE LAST TALE DAY 73 pt.3,https://www.youtube.com/watch?v=Q0FaVZYhwBA,yb,https://www.youtube.com/channel/UCCuzDCoI3EUOo_nhCj4noSw,2026-04-22T02:54:44.118Z,29153.0,38.324,38.324
WHY NEWS MENINGGOY (bukan prank) | Why News E2S1,https://www.youtube.com/watch?v=SJmkI5sV8C0,Dinasti Komedi Indonesia,https://www.youtube.com/channel/UCjFA5eXONzP6GNoLMXj7GaQ,2026-04-22T02:54:15.724Z,649.0,28.394,28.394
It’s a cheap charger so what’s wrong with it?,https://www.youtube.com/watch?v=prw9brwkBDQ,AllThingsOnePlace,https://www.youtube.com/channel/UCNt-VKnOf-6-vVYqdiI_K8g,2026-04-22T02:49:56.638Z,687.0,259.086,259.086
REVIEW JUJUR IPHONE 15!! Akhirnya nyobain juga 😍 Kalo kalian pengen punya iPhone apa? 😍 #iphone,https://www.youtube.com/watch?v=ZlY56oVEQ4Q,Bianca Kartika,https://www.youtube.com/channel/UCzPF6VB7D6aEsBFvfMD166A,2026-04-22T02:19:24.519Z,60.0,1832.119,60.0
Scammers PANIC After Getting Hacked Live On CCTV!,https://www.youtube.com/watch?v=lOD9FSaymr8,mrwn,https://www.youtube.com/channel/UC08wjDF9zjJuU8Y6cEG2pHA,2026-04-22T02:18:21.362Z,1374.0,63.157,63.157
"Selama Menikah, Saya Baru Tau Fakta Ini..",https://www.youtube.com/watch?v=fkPOq5P8gZ8,Raditya Dika,https://www.youtube.com/channel/UC0rzsIrAxF4kCsALP6J2EsA,2026-04-22T02:16:31.754Z,3469.0,109.608,109.608
Do Chinese Gen Z Prefer iPhone or Chinese Phones? | Street Interview,https://www.youtube.com/watch?v=Ib7vX_f6h3c,Asian Boss,https://www.youtube.com/channel/UC2-_WWPT_124iN6jiym4fOw,2026-04-22T02:15:26.155Z,1239.0,65.599,65.599
Mustahil Menang Lawan China ??,https://www.youtube.com/watch?v=ji7k2q5rdCg,GTID,https://www.youtube.com/channel/UCda1FTpxCYVXDQ_B8_0Ewag,2026-04-22T02:13:23.943Z,165.0,122.212,122.212
Rakit Iphone China,https://www.youtube.com/watch?v=X5Ky5_7Qkhk,GTID,https://www.youtube.com/channel/UCda1FTpxCYVXDQ_B8_0Ewag,2026-04-22T02:13:17.587Z,179.0,6.356,6.356
Orang Cinanya aja Gatau,https://www.youtube.com/watch?v=69kHPrjWZLM,GTID,https://www.youtube.com/channel/UCda1FTpxCYVXDQ_B8_0Ewag,2026-04-22T02:12:07.459Z,175.0,70.128,70.128
Ket0l0lan Hak Semua Orang,https://www.youtube.com/watch?v=vXWfo4ECjhQ,GTID,https://www.youtube.com/channel/UCda1FTpxCYVXDQ_B8_0Ewag,2026-04-22T02:11:59.793Z,94.0,7.666,7.666
Kenyataan Itu Pahit,https://www.youtube.com/watch?v=Ka1ns1Mgyhk,GTID,https://www.youtube.com/channel/UCda1FTpxCYVXDQ_B8_0Ewag,2026-04-22T02:11:57.322Z,95.0,2.471,2.471
Ada Aje Masalahnya,https://www.youtube.com/watch?v=qOR4I34rYfA,GTID,https://www.youtube.com/channel/UCda1FTpxCYVXDQ_B8_0Ewag,2026-04-22T02:11:06.825Z,122.0,50.497,50.497
UMKM China Melebihi ODM Local Sampah,https://www.youtube.com/watch?v=-XlTlxtcVBk,GTID,https://www.youtube.com/channel/UCda1FTpxCYVXDQ_B8_0Ewag,2026-04-22T02:10:38.255Z,93.0,28.57,28.57
OLED vs LCD,https://www.youtube.com/watch?v=gzmX4FZoIWc,GTID,https://www.youtube.com/channel/UCda1FTpxCYVXDQ_B8_0Ewag,2026-04-22T02:10:21.577Z,112.0,16.678,16.678
Bukan ODM Sampah,https://www.youtube.com/watch?v=cBlCNc-o5KU,GTID,https://www.youtube.com/channel/UCda1FTpxCYVXDQ_B8_0Ewag,2026-04-22T02:10:08.165Z,139.0,13.412,13.412
67,https://www.youtube.com/watch?v=Vh6J22EgtCY,GTID,https://www.youtube.com/channel/UCda1FTpxCYVXDQ_B8_0Ewag,2026-04-22T02:10:00.087Z,12.0,8.078,8.078
Farming Fb PRO,https://www.youtube.com/watch?v=1Ohow55ShPc,GTID,https://www.youtube.com/channel/UCda1FTpxCYVXDQ_B8_0Ewag,2026-04-22T02:08:16.895Z,99.0,103.192,99.0
Kesalahan Fatal,https://www.youtube.com/watch?v=CgE4TwlvdK0,GTID,https://www.youtube.com/channel/UCda1FTpxCYVXDQ_B8_0Ewag,2026-04-22T02:08:10.061Z,74.0,6.834,6.834
Jual Rugi Ajalah,https://www.youtube.com/watch?v=3OJmwaS4NGA,GTID,https://www.youtube.com/channel/UCda1FTpxCYVXDQ_B8_0Ewag,2026-04-22T02:08:06.281Z,31.0,3.78,3.78
Cakep,https://www.youtube.com/watch?v=iVoFvVlhlpQ,GTID,https://www.youtube.com/channel/UCda1FTpxCYVXDQ_B8_0Ewag,2026-04-22T02:06:07.140Z,141.0,119.141,119.141
Blood On The Leaves,https://music.youtube.com/watch?v=KEA0btSNkpw,Kanye West - Topic,https://www.youtube.com/channel/UCRY5dYsbIN5TylSbd7gVnZg,2026-04-22T01:48:25.073Z,360.0,1062.067,360.0
Travis Scott - CAN'T SAY (Official Video),https://music.youtube.com/watch?v=2LegcNVM_nM,TravisScottVEVO,https://www.youtube.com/channel/UClRx3MMyYUyqOxyEqA5F2nQ,2026-04-22T01:34:36.903Z,197.0,828.17,197.0
"Kendrick Lamar, SZA - All The Stars",https://music.youtube.com/watch?v=JQbjS0_ZfJ0,KendrickLamarVEVO,https://www.youtube.com/channel/UCoYfzC2zMlc9M-Odgaf6OSg,2026-04-22T01:34:36.193Z,235.0,0.71,0.71
Alright,https://music.youtube.com/watch?v=67vr-3kpX3Q,Kendrick Lamar - Topic,https://www.youtube.com/channel/UCprAFmT0C6O4X0ToEXpeFTQ,2026-04-22T01:24:25.527Z,220.0,610.666,220.0
9 5 . s o u t h,https://music.youtube.com/watch?v=iNMB-tTp8Vk,J. Cole - Topic,https://www.youtube.com/channel/UC0ajkOzj8xE3Gs3LHCE243A,2026-04-22T01:21:08.037Z,197.0,197.49,197.0
Knife Talk,https://music.youtube.com/watch?v=v0GFO7U806w,Drake - Topic,https://www.youtube.com/channel/UCU6cE7pdJPc6DU2jSrKEsdQ,2026-04-22T01:16:55.476Z,243.0,252.561,243.0
Backseat Freestyle,https://music.youtube.com/watch?v=lm0mEp2v-t8,Kendrick Lamar - Topic,https://www.youtube.com/channel/UCprAFmT0C6O4X0ToEXpeFTQ,2026-04-22T01:13:22.876Z,213.0,212.6,212.6
Under The Sun,https://music.youtube.com/watch?v=97Nt5CaV0QU,Dreamville - Topic,https://www.youtube.com/channel/UCqyfQ7k3iQRRtO67J6KP9eA,2026-04-22T01:10:00.814Z,203.0,202.062,202.062
4th Dimension,https://music.youtube.com/watch?v=6Hj5tucYv1Q,Kids See Ghosts - Topic,https://www.youtube.com/channel/UCXXMMJZJg5Pbd6PYeqDvGNw,2026-04-22T01:07:27.381Z,154.0,153.433,153.433
Feel The Love,https://music.youtube.com/watch?v=rnZQvgWhM5s,Kids See Ghosts - Topic,https://www.youtube.com/channel/UCXXMMJZJg5Pbd6PYeqDvGNw,2026-04-22T01:04:41.815Z,166.0,165.566,165.566
m.A.A.d city,https://music.youtube.com/watch?v=AuikIJZpt_8,Kendrick Lamar - Topic,https://www.youtube.com/channel/UCprAFmT0C6O4X0ToEXpeFTQ,2026-04-22T00:46:42.418Z,351.0,1079.397,351.0
Jesus Walks,https://music.youtube.com/watch?v=1fpkdSfPzio,Kanye West - Topic,https://www.youtube.com/channel/UCRY5dYsbIN5TylSbd7gVnZg,2026-04-22T00:43:28.075Z,194.0,194.343,194.0
wacced out murals,https://music.youtube.com/watch?v=O0Id0olaeFw,Kendrick Lamar - Topic,https://www.youtube.com/channel/UCprAFmT0C6O4X0ToEXpeFTQ,2026-04-22T00:43:26.576Z,318.0,1.499,1.499
NO MORE EXCUSES!,https://music.youtube.com/watch?v=oF7JyUpdFMk,PE$O PETE - Topic,https://www.youtube.com/channel/UC5bBuOvUdRVMzszPTnNftdg,2026-04-22T00:43:25.835Z,114.0,0.741,0.741
Run It Back,https://music.youtube.com/watch?v=f5FwncRWXws,Chris Patrick - Topic,https://www.youtube.com/channel/UCCCg7VSleXGIYUsPYwQJ5xw,2026-04-22T00:43:20.878Z,203.0,4.957,4.957
Push Ups,https://music.youtube.com/watch?v=HKH9p19PRLA,Drake - Topic,https://www.youtube.com/channel/UCU6cE7pdJPc6DU2jSrKEsdQ,2026-04-22T00:39:15.852Z,233.0,245.026,233.0
THE ORIGINAL DRAGON,https://music.youtube.com/watch?v=zdumWCgFajQ,PE$O PETE - Topic,https://www.youtube.com/channel/UC5bBuOvUdRVMzszPTnNftdg,2026-04-22T00:36:20.528Z,175.0,175.324,175.0
BODIES,https://music.youtube.com/watch?v=1paUpJiPbUg,MILKBLOOD - Topic,https://www.youtube.com/channel/UCASSYJv0NCnV7uwMhYhnEjg,2026-04-22T00:32:42.338Z,216.0,218.19,216.0
Re:Re: (Anime Size),https://music.youtube.com/watch?v=J7cL0fphFL4,ASIAN KUNG-FU GENERATION - Topic,https://www.youtube.com/channel/UCx_es_PpRD6fhpNU-vzlQ_g,2026-04-22T00:23:47.046Z,90.0,535.292,90.0
Haruka Kanata,https://music.youtube.com/watch?v=wCqpacYI6b0,ASIAN KUNG-FU GENERATION - Topic,https://www.youtube.com/channel/UCx_es_PpRD6fhpNU-vzlQ_g,2026-04-22T00:19:43.766Z,243.0,243.28,243.0
Haruka Kanata,https://music.youtube.com/watch?v=-dRLaW__EPY,KANA-BOON - Topic,https://www.youtube.com/channel/UCoO40PGRZLLymjlFuncg_hg,2026-04-22T00:19:36.134Z,245.0,7.632,7.632
Kanashimi wo Yasashisani ni,https://music.youtube.com/watch?v=A7aPv8p793w,Little By Little - Topic,https://www.youtube.com/channel/UC6TwoIuiM1lmeIGgqVjyYXA,2026-04-22T00:14:39.018Z,243.0,297.116,243.0
iPhone 17 Setelah 6 Bulan: Cukup Puas ..,https://www.youtube.com/watch?v=AamCvSrCA5E,pyurangi,https://www.youtube.com/channel/UC-qZr4ppiyvTMFRkggEjfkw,2026-04-21T23:51:06.909Z,601.0,1412.109,601.0
"“Kaşar,sosis, tavuk,mantarlı kumpir” #kumpir #ankara",https://www.youtube.com/watch?v=Z-Re_OHV4vo,Filiz kumpir ,https://www.youtube.com/channel/UC0jEbeJ08KBj2wPEpx00ceg,2026-04-21T23:50:10.342Z,22.0,56.567,22.0
❤️“Süper karışık Ayvalık tostu”❤️(Filiz Kumpir) #kumpir #ankara,https://www.youtube.com/watch?v=WhXTWH4vXpI,Filiz kumpir ,https://www.youtube.com/channel/UC0jEbeJ08KBj2wPEpx00ceg,2026-04-21T23:49:43.757Z,25.0,26.585,25.0
🥔🧀Dikkat! Bu Ayvalık tostu kontrolden çıktı… aşırı lezzet içeriyor! 💛🌶️🔥#FilizKumpir #turkey,https://www.youtube.com/watch?v=TzhT9KlmaH8,Filiz kumpir ,https://www.youtube.com/channel/UC0jEbeJ08KBj2wPEpx00ceg,2026-04-21T23:49:40.073Z,22.0,3.684,3.684
"Közün kokusu, mantarın hali…Bu kumpirin hikâyesi daha baştan güzel 😏🔥🥔🐘#filizkumpir #turkishfood",https://www.youtube.com/watch?v=XVutrAdC7uI,Filiz kumpir ,https://www.youtube.com/channel/UC0jEbeJ08KBj2wPEpx00ceg,2026-04-21T23:49:04.124Z,25.0,35.949,25.0
me doing this anytime i want to cook a perfect pancake:,https://www.youtube.com/watch?v=Y2VN4bLb3gQ,internet bastard,https://www.youtube.com/channel/UCF9bq-1c7DWbX19p7lBGgTQ,2026-04-21T23:48:23.208Z,7.0,40.916,7.0
Giddy up! #funny #skit #shorts,https://www.youtube.com/watch?v=O_9DZseiwz0,Caleb Warren,https://www.youtube.com/channel/UCIHytgcLKK7aDNF1QukGuqg,2026-04-21T23:48:15.819Z,40.0,7.389,7.389
The seltzer “wiz” challenges his good buddy in a winner take all,https://www.youtube.com/watch?v=HOmAzSR8-9E,Old Jewish Men,https://www.youtube.com/channel/UC8O4gPyKI1YFgUYJotCPJYg,2026-04-21T23:48:13.965Z,55.0,1.854,1.854
applefritter donuts bread baking baki #Shorts #wellbakedbaker,https://www.youtube.com/watch?v=Xh_iguRRXtM,The Bread Wizard🥖,https://www.youtube.com/channel/UCsa4L2WcSxl-9rjmWNkUHdw,2026-04-21T23:48:10.723Z,33.0,3.242,3.242
Nokia handmade 3200 #nokia #retro #handmade #tech #nostalgia,https://www.youtube.com/watch?v=mfy1sGqJz5c,Mobijunk,https://www.youtube.com/channel/UCg04KcTA-F6ZOXfHRTeipPA,2026-04-21T23:48:08.290Z,39.0,2.433,2.433
Probando la Herramienta de Gas de WINE ⚡🍷 ¡Y más trucos locos! #PruebaHack,https://www.youtube.com/watch?v=1Msu5lzp3Jc,Laugh Lab Boom Spanish,https://www.youtube.com/channel/UC5vfr17z-KKmSbpIm56tfyQ,2026-04-21T23:48:05.689Z,43.0,2.601,2.601
"Swae Lee’s ""Traditional Giveaway"" moment at Coachella has the internet going wild 🔁🎁 #swae",https://www.youtube.com/watch?v=HUZNl61QOYQ,ScrollThrow,https://www.youtube.com/channel/UCtNClJRlClKcefUbx8Rv9fA,2026-04-21T23:47:57.487Z,6.0,8.202,6.0
Clean galss = Happy Beer! #lagerbeer #beer #pilsnerurquell #ad #thankstopu,https://www.youtube.com/watch?v=QzBNov5ySkU,Beer With Liam,https://www.youtube.com/channel/UCvNDtAY3N262kDII1u6nacw,2026-04-21T23:47:56.835Z,35.0,0.652,0.652
How Dyson Was Founded!!🧹 #shorts #business,https://www.youtube.com/watch?v=Fxyx1YxtQv8,PureBusiness,https://www.youtube.com/channel/UCSAhOTWPuy_uSvF_OkrZTDQ,2026-04-21T23:47:55.037Z,51.0,1.798,1.798
I was NOT expecting this much of a difference 🤯 #catlitter #tapiocacatlitter #catlitterboxhack,https://www.youtube.com/watch?v=k078GT4o0cw,Logan Reviewed,https://www.youtube.com/channel/UC8gasMSFMiU0wtOxIop2n1Q,2026-04-21T23:47:16.763Z,48.0,38.274,38.274
Expert level peeling,https://www.youtube.com/watch?v=UVdrz-ZQh3U,Sooshi Mango,https://www.youtube.com/channel/UCHTEg38eXCw7QJAeCXu46zw,2026-04-21T23:46:37.812Z,37.0,38.951,37.0
POV: Eating with your Big Back Sibling #funny #relatable,https://www.youtube.com/watch?v=a_PLcDgz0Os,Rod and Sam,https://www.youtube.com/channel/UCuJKWsACNz58lgZJsvTTuYw,2026-04-21T23:46:18.148Z,13.0,19.664,13.0
Every backyard needs this 😮,https://www.youtube.com/watch?v=r7UIy4h5fvU,Lily Living Life ,https://www.youtube.com/channel/UC1hrxcWdQZV883tM2PB4AHg,2026-04-21T23:45:57.263Z,42.0,20.885,20.885
Drone delivery,https://www.youtube.com/watch?v=y8TXApvek44,Nba Rich,https://www.youtube.com/channel/UC2bxGXFgyCS73exzJ_i0zww,2026-04-21T23:45:33.821Z,24.0,23.442,23.442
Can’t have our top dog taking the stairs,https://www.youtube.com/watch?v=n3Iy7r_zJig,Nick Erker,https://www.youtube.com/channel/UCjbzO7hcU5I7xVvjdzVmogw,2026-04-21T23:44:28.153Z,16.0,65.668,16.0
"Day 57 – Gaming Café Owner Life | PS5 Gaming Zone Morning Routine, Cleaning & Daily Setup",https://www.youtube.com/watch?v=hNC2bK_qag0,One Struggling Gamer,https://www.youtube.com/channel/UCKSXZfbD2_s3aGewAtx9QCw,2026-04-21T23:43:27.216Z,60.0,60.937,60.0
Make your own Switch Stylus! #nintendoswitch #tomodachilife #mii #stylus #gaming #lifesim #switch2,https://www.youtube.com/watch?v=vpTiJ7ZTJSw,JdogCollects,https://www.youtube.com/channel/UC0ozJQ_KMkqn9MPQ9VzyDIw,2026-04-21T23:43:12.267Z,15.0,14.949,14.949
who knew buying glasses in japan was so easy! for just $165 I got an eye exam and new glasses,https://www.youtube.com/watch?v=XugijkqVP5M,Andrew Maddock,https://www.youtube.com/channel/UCLvhA0oXOPpKlmab164lrCw,2026-04-21T23:42:47.922Z,25.0,24.345,24.345
This Might Save You CASH... #Shorts,https://www.youtube.com/watch?v=cjMVeL2er-w,Phone Repair Guru,https://www.youtube.com/channel/UCCOrp7GPgZA8EGrbOcIAsyQ,2026-04-21T23:41:57.715Z,33.0,50.207,33.0
He cleared his breakup name on a store intercom… it went HORRIBLY wrong#Superstore #SuperstoreTV,https://www.youtube.com/watch?v=_kzO6rjWJgo,Oscar Stemple,https://www.youtube.com/channel/UCYzyqMxDfDqoa8cmW6lk54A,2026-04-21T23:41:52.548Z,42.0,5.167,5.167
"Middle Eastern Sandwich, better than Shawarma… #food #dolma #grapeleaves #recipe #sandwich",https://www.youtube.com/watch?v=7Gsg14L3sAs,Thelebanesefeed,https://www.youtube.com/channel/UC-K2hJk7AKpe-I3xD2ug2cQ,2026-04-21T23:41:22.093Z,31.0,30.455,30.455
#diy #diyprojects #home #homeimprovement #sewing #artsandcrafts #craftprojects #lifehack #funny #lol,https://www.youtube.com/watch?v=Crz_epN8ysM,southernescape,https://www.youtube.com/channel/UC3sfyOpGRU0_hcqYlHpM-DA,2026-04-21T23:40:46.351Z,35.0,35.742,35.0
True Masters of Their Craft p3 333,https://www.youtube.com/watch?v=0CgbrzXJl3s,bigfanadamrose,https://www.youtube.com/channel/UCWZoRfP2ONS3b34Z2BrsgfA,2026-04-21T23:40:44.858Z,60.0,1.493,1.493
They’re Not Shouting… They’re Speaking in Code 👇,https://www.youtube.com/watch?v=tWCHUtN3GFE,mdscae,https://www.youtube.com/channel/UCHcWIp_7HdTlBAYUMAl1V_w,2026-04-21T23:39:55.923Z,51.0,48.935,48.935
BROKE BUDGET MEAL UNDER $12 🤑💰 #dad #solodad #money #save #meals,https://www.youtube.com/watch?v=G13E5xi42Ew,The_solodad,https://www.youtube.com/channel/UCf76KFjNNP3v_9eb9E6wLaQ,2026-04-21T23:39:22.568Z,65.0,33.355,33.355
The Man Who Lived In The Middle Of A Highway 🤨,https://www.youtube.com/watch?v=wxYwNqcTrTI,Zack D. Films,https://www.youtube.com/channel/UCvz84_Q0BbvZThy75mbd-Dg,2026-04-21T23:37:55.975Z,38.0,86.593,38.0
Orang Lebih Pilih iPhone ⁉️,https://www.youtube.com/watch?v=qSVQgPBqu88,GTID,https://www.youtube.com/channel/UCda1FTpxCYVXDQ_B8_0Ewag,2026-04-21T23:35:57.007Z,180.0,118.968,118.968
"ben meri bake merin bain marie apalah itu, ga mempan",https://www.youtube.com/watch?v=Fb-Xf9fqguU,Aldi | Gerobak Cuan,https://www.youtube.com/channel/UCVkJ3YFOGphEekZnQ5lsXSg,2026-04-21T23:34:44.803Z,55.0,72.204,55.0
What is this being wrapped in?!,https://www.youtube.com/watch?v=LILdHLkF2HU,Mysta Crooks,https://www.youtube.com/channel/UCX_uZT2f9KFbytCWaIvWBKw,2026-04-21T23:34:00.652Z,25.0,44.151,25.0
Ayam Indomaret vs Alfamart #market #store #food #star #review #fyp #shorts,https://www.youtube.com/watch?v=IAa7ouytUKs,Egan Usup,https://www.youtube.com/channel/UC5fNDc5_Tcp3xAZVHs-DfZg,2026-04-21T23:32:58.367Z,59.0,62.285,59.0
An Oldie but Goodie - Google Pixel 3 XL - Worth it in 2026? (Real World Review),https://www.youtube.com/watch?v=yQ0KNQtUgrI,Real World Review,https://www.youtube.com/channel/UCtKSgluMmvOVWwYyxZP-vjA,2026-04-21T23:32:39.875Z,657.0,18.492,18.492
Biar kayak anak2 di sinetron 🤣,https://www.youtube.com/watch?v=hgnr6C4nbIc,Dwiki Afrilian,https://www.youtube.com/channel/UCarAr73sn2PHpBzyb9yq5DQ,2026-04-21T23:27:05.309Z,54.0,334.566,54.0
CCTV Trans 7 - 25 May 2013,https://www.youtube.com/watch?v=zQd2m39pj-0,Tanzee la,https://www.youtube.com/channel/UCtpjjNjjiVBhPwL5jOR-_AQ,2026-04-21T23:25:52.762Z,421.0,72.547,72.547
ASKING ALEXANDRIA - Alerion,https://www.youtube.com/watch?v=FPNYVijoE4E,SUMERIAN,https://www.youtube.com/channel/UCAtlZO9a52JIhQRyXDRLaZQ,2026-04-21T23:24:39.278Z,135.0,73.484,73.484
Jaman-jaman warnet kalo ada yg download jadi ngelag 🤣,https://www.youtube.com/watch?v=_PgyyQ2VoZY,Dwiki Afrilian,https://www.youtube.com/channel/UCarAr73sn2PHpBzyb9yq5DQ,2026-04-21T23:23:13.302Z,42.0,85.976,42.0
Siapa yg suka dengerin NSP? 🤣,https://www.youtube.com/watch?v=WrhfXU9q6Cw,Dwiki Afrilian,https://www.youtube.com/channel/UCarAr73sn2PHpBzyb9yq5DQ,2026-04-21T23:23:10.822Z,38.0,2.48,2.48
Langsung ikut-ikutan galau 🥹,https://www.youtube.com/watch?v=mSaXbsk0A6o,Dwiki Afrilian,https://www.youtube.com/channel/UCarAr73sn2PHpBzyb9yq5DQ,2026-04-21T23:22:43.740Z,25.0,27.082,25.0
Seneng banget bisa request lagu sama salam-salam di radio 🤣,https://www.youtube.com/watch?v=2SQCd_IyA2E,Dwiki Afrilian,https://www.youtube.com/channel/UCarAr73sn2PHpBzyb9yq5DQ,2026-04-21T23:21:36.180Z,60.0,67.56,60.0
Kalo kalian apa?,https://www.youtube.com/watch?v=-85mCPph81k,Dwiki Afrilian,https://www.youtube.com/channel/UCarAr73sn2PHpBzyb9yq5DQ,2026-04-21T23:20:56.517Z,20.0,39.663,20.0
Belagu bener pake segala ngadu outfit 🤣,https://www.youtube.com/watch?v=Gq3XwIIv69E,Dwiki Afrilian,https://www.youtube.com/channel/UCarAr73sn2PHpBzyb9yq5DQ,2026-04-21T23:19:55.726Z,60.0,60.791,60.0
Ya Sudahlah ☺️,https://www.youtube.com/watch?v=uUeYpyLdFF4,Dwiki Afrilian,https://www.youtube.com/channel/UCarAr73sn2PHpBzyb9yq5DQ,2026-04-21T23:19:26.037Z,22.0,29.689,22.0
Siapa yang dulu jadi anak hits bbm? 🙌,https://www.youtube.com/watch?v=r8Zun6fKccc,Dwiki Afrilian,https://www.youtube.com/channel/UCarAr73sn2PHpBzyb9yq5DQ,2026-04-21T23:19:24.018Z,44.0,2.019,2.019
Seru juga kalo diliat-liat 😂,https://www.youtube.com/watch?v=0ebi5ZRRJhU,Dwiki Afrilian,https://www.youtube.com/channel/UCarAr73sn2PHpBzyb9yq5DQ,2026-04-21T23:18:59.584Z,22.0,24.434,22.0
Disetel mulu bjir 🤣,https://www.youtube.com/watch?v=fPT61iZ5Y9U,Dwiki Afrilian,https://www.youtube.com/channel/UCarAr73sn2PHpBzyb9yq5DQ,2026-04-21T23:18:15.794Z,41.0,43.79,41.0
Siapa yang dulu kayak begini pas smsan sama doi? 🤣,https://www.youtube.com/watch?v=A4OeXq8zIjQ,Dwiki Afrilian,https://www.youtube.com/channel/UCarAr73sn2PHpBzyb9yq5DQ,2026-04-21T23:17:22.394Z,52.0,53.4,52.0
First time growing sugar cane and turning it into natural sugar…,https://www.youtube.com/watch?v=SLuXQzc98Yo,Jabez_invests,https://www.youtube.com/channel/UCvXdEOjW4NFsUNXPF5OEknA,2026-04-21T23:16:50.462Z,165.0,31.932,31.932
His hoodie saved his life !,https://www.youtube.com/watch?v=hvXOZpkBG2E,The Fact House,https://www.youtube.com/channel/UC3pTFlGcFGjLqM4Qo8g9wDQ,2026-04-21T23:16:31.721Z,41.0,18.741,18.741
Arab dad buys a car for their son vs daughter 😭,https://www.youtube.com/watch?v=rgKmkzdnNLI,faroukie,https://www.youtube.com/channel/UCR36wZwzDwn04LiWjnJgv2w,2026-04-21T23:16:28.805Z,62.0,2.916,2.916
US infrastructure is crumbling,https://www.youtube.com/watch?v=2W1rzl2eQzU,Morning Brew,https://www.youtube.com/channel/UCqit4NtRDfdEHKX_zgmAwrg,2026-04-21T23:16:25.370Z,77.0,3.435,3.435
Donut 🍩 vs. The Pizza Toppings 🍕,https://www.youtube.com/watch?v=x5gu-IOt6Cg,Wasabi Sushi Matcha,https://www.youtube.com/channel/UCzMfRbnWfKYnVdIe_1WiSfw,2026-04-21T23:13:43.609Z,84.0,161.761,84.0
Lama banget sih penuhnya 😭,https://www.youtube.com/watch?v=QKjGRgYJaaU,Dwiki Afrilian,https://www.youtube.com/channel/UCarAr73sn2PHpBzyb9yq5DQ,2026-04-21T23:11:53.549Z,41.0,110.06,41.0
Beli casan kodok 🤣,https://www.youtube.com/watch?v=ZxsqO9FtM1k,Dwiki Afrilian,https://www.youtube.com/channel/UCarAr73sn2PHpBzyb9yq5DQ,2026-04-21T23:10:18.028Z,47.0,95.521,47.0
Abang warnet gak boleh gaptek 🤭,https://www.youtube.com/watch?v=CkfIPHV85B0,Dwiki Afrilian,https://www.youtube.com/channel/UCarAr73sn2PHpBzyb9yq5DQ,2026-04-21T23:09:13.472Z,91.0,64.556,64.556
"Masa anak band gak tau drop c sih, malu 🤭",https://www.youtube.com/watch?v=LnlyvuJBaoo,Dwiki Afrilian,https://www.youtube.com/channel/UCarAr73sn2PHpBzyb9yq5DQ,2026-04-21T23:09:10.841Z,64.0,2.631,2.631
Bingung mau ngapain 😭,https://www.youtube.com/watch?v=33fag0CLIwo,Dwiki Afrilian,https://www.youtube.com/channel/UCarAr73sn2PHpBzyb9yq5DQ,2026-04-21T23:08:55.936Z,56.0,14.905,14.905
Where to make your own soda for only $3 😲💫🥤 #losangeles #thingstodo #activity,https://www.youtube.com/watch?v=WgD369PCnII,Jen Z | LA Food & Fun 🌴,https://www.youtube.com/channel/UCX-iPeZnecLX3aW8rQvzWjQ,2026-04-21T23:07:41.953Z,40.0,73.983,40.0
Chicharron & Guacamole Sandwich - Crunchiest Sandwich Ever,https://www.youtube.com/watch?v=3OM7GSL9pXs,Mainlysandwiches,https://www.youtube.com/channel/UCzBaYiuE2YHr0WnWQ5mQUsw,2026-04-21T23:07:20.434Z,39.0,21.519,21.519
6 HOURS to get these shoes ready for a WEDDING...CAN WE DO IT!? #restoration #cobbler #shoerepair,https://www.youtube.com/watch?v=jvC_Ok7M7ME,Cobbler G,https://www.youtube.com/channel/UCmQ21J7yQa51wl9tpaSQUZg,2026-04-21T23:04:29.485Z,173.0,170.949,170.949
Photo hack with Butterflies 🦋,https://www.youtube.com/watch?v=CSBPbD4nrTY,Natalia Seth,https://www.youtube.com/channel/UCmJ8eDTDMyMS9DevQQsyOfQ,2026-04-21T23:03:54.218Z,35.0,35.267,35.0
Revive Your Stool: Quick Fixes for a Like-New Look! 🪑✨ #DIY #Crafts #Shorts,https://www.youtube.com/watch?v=GJj5ldpwZ8A,Kiro Pulse,https://www.youtube.com/channel/UCOvO6NangfdzWPSv1N1RSsw,2026-04-21T23:03:00.590Z,49.0,53.628,49.0
A raft made of stones,https://www.youtube.com/watch?v=tQzFX4OxxFA,NoirNote,https://www.youtube.com/channel/UCCqyN4WWt21TuZCltTlX3AQ,2026-04-21T23:02:59.018Z,59.0,1.572,1.572
Cutting Board Tip,https://www.youtube.com/watch?v=OC5x5Dm9Eng,Chivo's Test Kitchen,https://www.youtube.com/channel/UCAK62KTxhgYpRo-_q01Br7A,2026-04-21T23:02:25.887Z,35.0,33.131,33.131
time to teach these monkeys a lesson,https://www.youtube.com/watch?v=roOvufD32BM,Viz,https://www.youtube.com/channel/UCH3XS-yJ40dxiDKUMU7S2ag,2026-04-21T23:02:14.609Z,11.0,11.278,11.0
The best way to make your fruit last 😮 link in bio 🍓,https://www.youtube.com/watch?v=AlCi5yOkAWg,Shop the Galaxy,https://www.youtube.com/channel/UCFJt97l7c-AYKSp6IZjMGnw,2026-04-21T23:02:08.032Z,52.0,6.577,6.577
Gary Lee's Wallet,https://www.youtube.com/watch?v=iyScroQD7qI,Austin Sweatt,https://www.youtube.com/channel/UC8Ou-n2uymgWzggSrlrRXzA,2026-04-21T23:01:23.899Z,42.0,44.133,42.0
This father was shocked by her daughter’s choice of water bottle 💦😅,https://www.youtube.com/watch?v=TECbon0zZ-I,Ethannly,https://www.youtube.com/channel/UC4vXBykyXtzZlCmyjRvlNHg,2026-04-21T23:00:25.608Z,59.0,58.291,58.291
He Tried to Buy Fallout 4 With Bottle Caps,https://www.youtube.com/watch?v=16iN4xJOoGs,Greylin,https://www.youtube.com/channel/UCcpP-1_lZA5I0TiB8I0uSEA,2026-04-21T22:59:46.608Z,38.0,39.0,38.0
Money Laundering Explained With Minecraft,https://www.youtube.com/watch?v=zrKqhyb_iIw,Steve Explain,https://www.youtube.com/channel/UCT3u8l56QE9CEWkGExYPGqA,2026-04-21T22:58:58.285Z,48.0,48.323,48.0
White Castle Style 🍔,https://www.youtube.com/watch?v=ANabPn9lur4,Fire & Smoke Society,https://www.youtube.com/channel/UC2nFZkl7agHBnDpEcgIatqQ,2026-04-21T22:58:49.793Z,18.0,8.492,8.492
like peaches and cream 😂🍑!! #familyguy #funny,https://www.youtube.com/watch?v=v3yNavGW7JU,Summitus,https://www.youtube.com/channel/UC0yu-LVplq_XfYAQsqtUcoQ,2026-04-21T22:57:53.276Z,35.0,56.517,35.0
"Introducing, the fridge cigarette. 🍹🚬 #dietcoke",https://www.youtube.com/watch?v=q_za8YOW_CU,Mitchell Bright,https://www.youtube.com/channel/UCquGyXG-h4nSzxVCqqAK_Sw,2026-04-21T22:57:39.902Z,19.0,13.374,13.374
#JasonDeruloTV // When You Think You Did Bad Then Look At Your Friend 🤣 IG @dental.kabakibi,https://www.youtube.com/watch?v=CUV3z0Ify9Y,Jason Derulo,https://www.youtube.com/channel/UCe3yZzUwpmy2eKKmF9svX0Q,2026-04-21T22:57:27.944Z,12.0,11.958,11.958
Why This Sticky Grease Is Better Than Engine Oil in Heavy Machines 🛠️⚙️#facts,https://www.youtube.com/watch?v=v5eKCphOLYk,USA dark frequency ,https://www.youtube.com/channel/UCWiDaq5tHCPRYSr3CbQqW5A,2026-04-21T22:56:15.361Z,38.0,72.583,38.0
A tip to help save money...,https://www.youtube.com/watch?v=e3VFTWZeMAE,Jabez_invests,https://www.youtube.com/channel/UCvXdEOjW4NFsUNXPF5OEknA,2026-04-21T22:55:23.378Z,41.0,51.983,41.0
support us :) #california #support #pizza #kind #thanks,https://www.youtube.com/watch?v=I9ngBtj3LLs,jenniespizza,https://www.youtube.com/channel/UCvK09FgCbnoWq45MJPaalbg,2026-04-21T22:54:55.178Z,28.0,28.2,28.0
Film vs Digital,https://www.youtube.com/watch?v=nKZmjCo91ok,Susann Stange,https://www.youtube.com/channel/UC4uJxIzHX6cdaPjF_R6cuGA,2026-04-21T22:54:23.168Z,58.0,32.01,32.01
Serat ini tidak bisa dicerna oleh tubuh,https://www.youtube.com/watch?v=SfygqgA88bo,Denny Kristiawan,https://www.youtube.com/channel/UCePx6IrSZG9xXnIQviKrb1Q,2026-04-21T22:53:52.925Z,30.0,30.243,30.0
The Hot Pot that Changed Japan,https://www.youtube.com/watch?v=JOUO5JvDbBc,Levi Dang,https://www.youtube.com/channel/UC21oqRQlsgt0fmXqfKoE2Rw,2026-04-21T22:52:53.341Z,56.0,59.584,56.0
Restoring Scratched Hermes Apple Watch  Mirror Finish!,https://www.youtube.com/watch?v=NIlvQHxYKoU,MobileSentrix Official,https://www.youtube.com/channel/UCbMgE55nsWmD1S8Msa8QnEg,2026-04-21T22:51:53.672Z,54.0,59.669,54.0
What traveling with NORMAL cats looks like,https://www.youtube.com/watch?v=1_IeSan1xKs,Renus Delph,https://www.youtube.com/channel/UCezWXy_EVsFpQWQ6yk6a4FQ,2026-04-21T22:50:45.539Z,66.0,68.133,66.0
Then we end up doing nothing🤣 @s@scottkress_,https://www.youtube.com/watch?v=SmY5y0H7TXY,StinkyAsher,https://www.youtube.com/channel/UCSW20WNOFR_Ifq2qwK8QO-A,2026-04-21T22:50:12.235Z,52.0,33.304,33.304
I Got Yelled At for This in Pakistan 😳,https://www.youtube.com/watch?v=KFMb5jfTncA,Karl Rock,https://www.youtube.com/channel/UCtfXgNnA-QcxjHJjk5wXLFg,2026-04-21T22:49:19.621Z,54.0,52.614,52.614
I wished em luck but I don’t think they need it.. #newtools #plaster #drywaller @MixerClean,https://www.youtube.com/watch?v=AvNx_jpjq9E,TorkStrap,https://www.youtube.com/channel/UCrsafFp0zsaknZWVvM8CQxw,2026-04-21T22:38:18.738Z,22.0,660.883,22.0
Bir lokma mı…Yoksa “bir tane daha” mı?İşte bütün mesele bu…😉✨#turkey 🇹🇷🌍 #filizkumpir❤️ #ankara,https://www.youtube.com/watch?v=ZL3GmCqC8v0,Filiz kumpir ,https://www.youtube.com/channel/UC0jEbeJ08KBj2wPEpx00ceg,2026-04-21T22:37:44.108Z,29.0,34.63,29.0
We Painted Our “Invisible” Switch… Here’s What Happened,https://www.youtube.com/watch?v=CeoriRn2tyA,Refresh Home Improvements,https://www.youtube.com/channel/UCuACZdgRrCsOXjsveyuwx2w,2026-04-21T22:37:41.694Z,47.0,2.414,2.414
$5 Office Worker Meal in China🇨🇳 #chineselife #feelingchinese #chinatravel #chinesefood,https://www.youtube.com/watch?v=PbhTNq57-Ys,Susie Liu,https://www.youtube.com/channel/UCMc1bqbNZSQ8-ztCCNPe9Pg,2026-04-21T22:37:41.358Z,26.0,0.336,0.336
$3 Delivery Workers' Lunch in China🇨🇳 #chinesefood #chinesenewyear #chinatravel,https://www.youtube.com/watch?v=IjEei1u3oYo,Susie Liu,https://www.youtube.com/channel/UCMc1bqbNZSQ8-ztCCNPe9Pg,2026-04-21T22:37:23.656Z,88.0,17.702,17.702
$8 Meal at Seniors Canteen in Shanghai🇨🇳 #Chinese  #chinatravel #chinesefood,https://www.youtube.com/watch?v=ksj-BtkX-Qo,Susie Liu,https://www.youtube.com/channel/UCMc1bqbNZSQ8-ztCCNPe9Pg,2026-04-21T22:36:33.511Z,49.0,50.145,49.0
What can 10 dollars buy at ALDI in China🇨🇳?|vegetables #food #vegetables #ALDI #everydaychina,https://www.youtube.com/watch?v=Ysn3VUqhToo,Susie Liu,https://www.youtube.com/channel/UCMc1bqbNZSQ8-ztCCNPe9Pg,2026-04-21T22:36:14.633Z,18.0,18.878,18.0
How To Split An Apple With Your Bare Hands 😮,https://www.youtube.com/watch?v=SOzehKL4Lv8,Zack D. Films,https://www.youtube.com/channel/UCvz84_Q0BbvZThy75mbd-Dg,2026-04-21T22:35:01.478Z,30.0,73.155,30.0
8233103 POSS2186 NULL YOUTUBE FY27 POSSIBILITY XCAT ASPO GPXC VID 1080x1920 15 GM EL 26010730040PWW2,https://www.youtube.com/watch?v=97j6DRGnGVk,,,2026-04-21T22:34:59.978Z,16.0,1.5,1.5
My #1 Treat!,https://www.youtube.com/watch?v=SFrmdKUwwr8,Guga,https://www.youtube.com/channel/UCnB5HTIi44wDBD56KeT2hNA,2026-04-21T22:34:33.521Z,27.0,26.457,26.457
#catvideos #cat #catshorts #shorts #graycat #catlove #catvideo #fyp #cats #cat #funny #catlife,https://www.youtube.com/watch?v=X4Fev0i0gN0,cleo 🩶,https://www.youtube.com/channel/UCJbPGVLzyVLRxkouq5_fZ9A,2026-04-21T22:34:30.358Z,12.0,3.163,3.163
The Eggplant Doesn’t Exist,https://www.youtube.com/watch?v=QeXmj4_Ovpw,Shawn Grows,https://www.youtube.com/channel/UCzOXodveGcVO5xqLyc5l_Zg,2026-04-21T22:34:28.823Z,45.0,1.535,1.535
How Did You Get That Car V1 CA 9x16,https://www.youtube.com/watch?v=i0gWg1xQaIM,,,2026-04-21T22:34:20.767Z,76.0,8.056,8.056
Mac’s lucky day | Always Sunny #shorts #funny #comedy #alwayssunnyinphiladelphia,https://www.youtube.com/watch?v=q_8g9IEorVI,Always Sunny Clips,https://www.youtube.com/channel/UCcwFNIROi9jYvJktytGAWnw,2026-04-21T22:33:28.532Z,48.0,52.235,48.0
I Guarantee You Their Gonna Love It #lospollostv #lospollostvmoments,https://www.youtube.com/watch?v=-kbTg5L_rxY,Los Pollos Era ,https://www.youtube.com/channel/UCFONSlKHEFztqZZ3mrOwfoA,2026-04-21T22:33:24.337Z,23.0,4.195,4.195
1940s Vision of Future Cars,https://www.youtube.com/watch?v=dxINcP_Oza4,Michelle Morales,https://www.youtube.com/channel/UCXkvT6-s5BQVikL0P4zZsgw,2026-04-21T22:33:21.220Z,30.0,3.117,3.117
This Device Tests If A Phone Is Water Resistant After Repair... #Shorts,https://www.youtube.com/watch?v=LOBKzNxbZNY,Phone Repair Guru,https://www.youtube.com/channel/UCCOrp7GPgZA8EGrbOcIAsyQ,2026-04-21T22:32:54.294Z,35.0,26.926,26.926
FOG LAND (IGC #03 - Excel feat. WarioBrosZ) | WEBTOON,https://www.youtube.com/watch?v=L7jWcC_zCeA,,,2026-04-21T22:32:53.397Z,60.0,0.897,0.897
What Are You Wearing…#shorts #animation #cartoon,https://www.youtube.com/watch?v=tA5yBBsWSVQ,Wish Upon A Moo,https://www.youtube.com/channel/UCsJFLnkvtFeZ-H7vT9sLvTA,2026-04-21T22:32:49.397Z,15.0,4.0,4.0
Make It or Buy It: MAGNUM PART 2,https://www.youtube.com/watch?v=VjIGR_IuAd8,Don Gob,https://www.youtube.com/channel/UCtPcL5pxmVTaqjILlqwVGtQ,2026-04-21T22:32:48.791Z,74.0,0.606,0.606
Shortened: cid=1bea6d0b1a8209e56a7e34b72405c26e,https://www.youtube.com/watch?v=zvXAkfMvCKs,,,2026-04-21T22:31:26.328Z,12.0,82.463,12.0
How Ridiculousness Took Over MTV #funfact,https://www.youtube.com/watch?v=tva54Jozv_Y,Doug Sharpe,https://www.youtube.com/channel/UCAYmlecATSG0wc5IxsFJSbQ,2026-04-21T22:30:14.738Z,69.0,71.59,69.0
Gacoan VS Wizzmie #freyysachio,https://www.youtube.com/watch?v=x8_TWXpUDZQ,Freyysachio,https://www.youtube.com/channel/UCUCgmpTBGtBmU6-ffCOm_PA,2026-04-21T22:28:49.581Z,83.0,85.157,83.0
We heard you: the new Framework Laptop 13 Pro.,https://www.youtube.com/watch?v=GnOpIQJnYWU,Framework,https://www.youtube.com/channel/UCDiKw3GnFIwyNJBzhCoRI-Q,2026-04-21T22:00:45.967Z,810.0,1683.614,810.0
A calendar that won't expire? What is the principle?#calendar,https://www.youtube.com/watch?v=8skcXNKDJjI,Ah Tech,https://www.youtube.com/channel/UCOUWQop6sgEXA-NtKZ5XMIw,2026-04-21T21:39:34.873Z,22.0,1271.094,22.0
Schlatt Did NOT Enjoy This One 😭,https://www.youtube.com/watch?v=DGBDYJHO1oM,Big guy,https://www.youtube.com/channel/UCWZp4y1jqBuvLtiyxSs_ZBw,2026-04-21T21:39:01.073Z,31.0,33.8,31.0
My rear view mirror may have ED but I can be its viagra 😏 #porsche #car #911 #cayman #projectcar,https://www.youtube.com/watch?v=zsokYKxTUCw,BoostedHarry,https://www.youtube.com/channel/UCN2TnbUsb0z0MSnaV5f3SHw,2026-04-21T21:38:59.164Z,80.0,1.909,1.909
Trying DIFFERENT Flavor Horchatas!,https://www.youtube.com/watch?v=vEzshUORTlU,hungry 4 munchies,https://www.youtube.com/channel/UCdUUdwZBiF0X9iOI9tR4-Yg,2026-04-21T21:38:58.531Z,158.0,0.633,0.633
Egg Salad,https://www.youtube.com/watch?v=q5aGYDYurfc,COOKtheSTORY,https://www.youtube.com/channel/UC64CxDgDjwpYKxdUK1B0BNA,2026-04-21T21:36:43.969Z,53.0,134.562,53.0
Flawless Execution on the Jobsite #construction #expert #workers #adamrose,https://www.youtube.com/watch?v=to7duXLXtsM,স্বপ্ন এগ্রো,https://www.youtube.com/channel/UC-8dZz1WqHVaIAxI7zFPLtw,2026-04-21T21:36:42.426Z,59.0,1.543,1.543
NFL team logos keep getting more and more lifeless every single year,https://www.youtube.com/watch?v=zRjLPcP4GUk,Ev Hand,https://www.youtube.com/channel/UCpejmzf5hYcckscyg79JeLQ,2026-04-21T21:36:11.266Z,138.0,31.16,31.16
Low Carb Diet,https://www.youtube.com/watch?v=LQAkQvCaHXY,Allan CWWM,https://www.youtube.com/channel/UCCw7vubdl3igKuumY5DTpUA,2026-04-21T21:36:09.223Z,50.0,2.043,2.043
The Meat Eater,https://www.youtube.com/watch?v=HgGhID6kuS0,Shawn Grows,https://www.youtube.com/channel/UCzOXodveGcVO5xqLyc5l_Zg,2026-04-21T21:36:02.238Z,43.0,6.985,6.985
WORST Group Project I've Been in,https://www.youtube.com/watch?v=R089Y0oihj0,Kevinu,https://www.youtube.com/channel/UCMBxnpU54WaKJZ-MzFngbYw,2026-04-21T21:35:59.569Z,102.0,2.669,2.669
"I swear, I can't stand this place sometimes.",https://www.youtube.com/watch?v=DckWqJ6Byks,Geography Now,https://www.youtube.com/channel/UCmmPgObSUPw1HL2lq6H4ffA,2026-04-21T21:35:19.128Z,38.0,40.441,38.0
First time trying martabak manis and it was life changing 🤯 sc:ig everybodyeatschris,https://www.youtube.com/watch?v=AzXk1dU5bI0,glassesnerd,https://www.youtube.com/channel/UChiN4doHhws4Ui072Jsu8Fw,2026-04-21T21:33:46.915Z,169.0,92.213,92.213
So This is Peak Smartphone,https://www.youtube.com/watch?v=c347oYQO57A,Marques Brownlee,https://www.youtube.com/channel/UCBJycsmduvYEL83R_U4JriQ,2026-04-21T20:35:09.726Z,797.0,3517.189,797.0
She bags herself a Red Ranger boyfriend 🥹 Mashin Sentai Kiramager 魔進戦隊キラメイジャー  #魔進戦隊キラメイジャー #sentai,https://www.youtube.com/watch?v=xXLP85fEX6Y,Devin Bingewatch,https://www.youtube.com/channel/UCuulxtAAGxgKeC0ZIvO4Yqw,2026-04-21T20:34:54.285Z,60.0,15.441,15.441
How to Turn ON/OFF Text To Speech on DISCORD - Enable/Disable Narrator #discord,https://www.youtube.com/watch?v=7CSqAmkjCZU,Games & Apps Tutorials,https://www.youtube.com/channel/UCtmWTxLwqNkIsZO94r2h4Wg,2026-04-21T17:25:30.029Z,61.0,11364.256,61.0
Mind-blowing coffee is what we do ☕,https://www.youtube.com/watch?v=pQBP4U1zcA8,,,2026-04-21T17:25:23.809Z,7.0,6.22,6.22
Windows Customization Experience,https://www.youtube.com/watch?v=pNH9LySHA8o,Bog,https://www.youtube.com/channel/UCZXW8E1__d5tZb-wLFOt8TQ,2026-04-21T16:51:37.131Z,856.0,2026.678,856.0
#news #paint #frieza #foryou,https://www.youtube.com/watch?v=Hx1I0_dl6QQ,Gena Bechtelar,https://www.youtube.com/channel/UC0F4oMjLTy-U0Q_HDePzZrg,2026-04-21T16:51:26.841Z,58.0,10.29,10.29
Turtle Shell Repair 😷 #goodtoknow #educational #vet #medicine #funfacts #lifehacks #survival #skill,https://www.youtube.com/watch?v=xR2uBo-Jlps,Vetventures,https://www.youtube.com/channel/UC_qNHEw4tFK08cPCsUbwrOQ,2026-04-21T16:51:25.979Z,28.0,0.862,0.862
"Poke Book, Master Book or Rocket Book?📚 #3dprint #3dprinting #3dprinted #pokemon #pokemoncards",https://www.youtube.com/watch?v=H_HTCd5GOpU,AF Inventions,https://www.youtube.com/channel/UCNfJHlIiVRiVrRAJJ7AaA2Q,2026-04-21T16:51:04.608Z,19.0,21.371,19.0
RIP? #speakerknockers #comedy #funny #shorts #explore | #neptuneversus on #Twitch,https://www.youtube.com/watch?v=b_jH9ahUHDM,Neptune Versus Live,https://www.youtube.com/channel/UCRds9-QvebEbEGQtNS4h0xQ,2026-04-21T16:50:44.343Z,10.0,20.265,10.0
Disney = Big Corporation Final Boss,https://www.youtube.com/watch?v=MdBl6ooyBTo,Jorski,https://www.youtube.com/channel/UCb0XWaQxh12XHy5_j_6jpCg,2026-04-21T16:50:15.749Z,36.0,28.594,28.594
"lomba kue mirip kol,tapi endingnya bikin guru tertawa ngakak 😂",https://www.youtube.com/watch?v=mMU7244YLgU,Lifedor Dayli,https://www.youtube.com/channel/UCeC3hSkjSShey3C9K39uCcA,2026-04-21T16:50:04.346Z,,11.403,11.403
Why Space Racer Doesn't Spam His Infinity Ray EXPLAINED - Invincible,https://www.youtube.com/watch?v=3uGwqJkWu9I,Rewind Ramen,https://www.youtube.com/channel/UCAglI_RJAOawGkjPMbk0Qrw,2026-04-21T16:49:21.704Z,42.0,42.642,42.0
The Only Buns Worth Waking Up Early For,https://www.youtube.com/watch?v=6ORV7NtJ-VU,Shu Xu,https://www.youtube.com/channel/UCcGfRB19yKvgb08fJTUHquA,2026-04-21T16:49:16.403Z,25.0,5.301,5.301
I made my cat prosthetic balls to give him confidence back 😼 #cat  #wholesome,https://www.youtube.com/watch?v=OAaapuTsA_s,Sultan Meow,https://www.youtube.com/channel/UCrC5VcylHx1g8yWm8jd0vkA,2026-04-21T16:48:59.444Z,39.0,16.959,16.959
Japanese Swimming Noodles,https://www.youtube.com/watch?v=cCLckMcz68Y,Nick DiGiovanni,https://www.youtube.com/channel/UCMyOj6fhvKFMjxUCp3b_3gA,2026-04-21T16:48:56.225Z,28.0,3.219,3.219
Ollie vs the flower -apr 2026,https://www.youtube.com/watch?v=xHUj4jHUGFg,Ollie,https://www.youtube.com/channel/UCt0hXwWYWk_cpneLQy06N5g,2026-04-21T16:48:54.305Z,13.0,1.92,1.92
Masa dikasih satu doang 😭,https://www.youtube.com/watch?v=W-5DjH6KZTk,Dwiki Afrilian,https://www.youtube.com/channel/UCarAr73sn2PHpBzyb9yq5DQ,2026-04-21T16:48:13.355Z,55.0,40.95,40.95
🧼  High-Profit Restaurant Hood Cleaning (Real Numbers at $1k Per Job) #shorts,https://www.youtube.com/watch?v=8VWjMlLvYnc,Easy Biz Breakdowns,https://www.youtube.com/channel/UCS82wkqP6OfOJk4FuHUWezw,2026-04-21T16:47:29.696Z,59.0,43.659,43.659
"Looking back at this movie, the screenwriter buried a lot of foreshadowing",https://www.youtube.com/watch?v=I707ZgcTL4c,Shivam Kumar,https://www.youtube.com/channel/UChnWrSHplOE6d9MzCEgy2uw,2026-04-21T16:47:21.431Z,59.0,8.265,8.265
janji selalu nomor satu #fyp #shorts #vlog  #percetakan #ratuprinting,https://www.youtube.com/watch?v=o0BOo2Sft0g,Ratu Printing ,https://www.youtube.com/channel/UCwGZPtSjePnFVy-7RwUsg8g,2026-04-21T16:46:42.741Z,37.0,38.69,37.0
How to cook Cajun Boiled Peanuts & Dill Pickled Boiled Peanuts | Let’s Go!,https://www.youtube.com/watch?v=vKs0EaSQro4,Ralphthebaker,https://www.youtube.com/channel/UC97xgHJNoWDJ5zwplALb-Dw,2026-04-21T16:46:20.111Z,77.0,22.63,22.63
The fold is non-negotiable.,https://www.youtube.com/watch?v=qFeqQwaA5JE,Alangabynew,https://www.youtube.com/channel/UC_AGj9or4Cu24esEpgIW8ew,2026-04-21T16:46:16.733Z,,3.378,3.378
How the Japanese drew the first American they ever saw #japan #history,https://www.youtube.com/watch?v=9CBnA-c3mRE,yarleh,https://www.youtube.com/channel/UCozbrjdFvxLU3B7Oc0ezO4g,2026-04-21T16:45:10.181Z,105.0,66.552,66.552
Soda can Photography as it is,https://www.youtube.com/watch?v=qpEZAMymleE,BuskINK,https://www.youtube.com/channel/UCaFca30TMk1-ck3dWW6JWYQ,2026-04-21T16:44:41.021Z,27.0,29.16,27.0
It only took 9 months…,https://www.youtube.com/watch?v=7MEtXV6ApyE,coryjweigel,https://www.youtube.com/channel/UC6w3a-kcTWz3Z4xSHn6q9Eg,2026-04-21T16:42:42.691Z,64.0,118.33,64.0
Multi-purpose hammer #shorts,https://www.youtube.com/watch?v=K9c6A0UbkLU,Creative Fix,https://www.youtube.com/channel/UCzdX-F3Ien8w1o8lJP7Pk0Q,2026-04-21T16:42:10.633Z,,32.058,32.058
The Crop That Should’ve Saved The World 🌎,https://www.youtube.com/watch?v=By-Zmk49M-0,Shawn Grows,https://www.youtube.com/channel/UCzOXodveGcVO5xqLyc5l_Zg,2026-04-21T16:41:29.339Z,42.0,41.294,41.294
Amazing factory work #factoryworks ☠️😱,https://www.youtube.com/watch?v=ZS9WVYlwVCA,FactNova,https://www.youtube.com/channel/UCagW2eXTC6iim4rCpNdMGBQ,2026-04-21T16:20:08.743Z,62.0,1280.596,62.0
Amazon Is Making Another Phone? #Shorts,https://www.youtube.com/watch?v=MHrmhnnlxo8,Phone Repair Guru,https://www.youtube.com/channel/UCCOrp7GPgZA8EGrbOcIAsyQ,2026-04-21T16:19:26.734Z,40.0,42.009,40.0
Why Use Avocado Oil?,https://www.youtube.com/watch?v=9R1LE27JJsE,Levantine Goods,https://www.youtube.com/channel/UCs72-8bXejU7AO7ir3kQYBw,2026-04-21T16:18:46.698Z,36.0,40.036,36.0
I hired professional welders but I didn’t expect it to go like this 🥴 #welding #diy #work #project,https://www.youtube.com/watch?v=iFTr8KeED1A,LEODAN ,https://www.youtube.com/channel/UCjchRohx4O_uLncINxzqvUg,2026-04-21T16:17:50.887Z,71.0,55.811,55.811
2026 TANPA FOTOKOPI KTP,https://www.youtube.com/watch?v=mKlslU8ToHE,David Alfa Sunarna,https://www.youtube.com/channel/UCQEMadPG9uqXNUcDeGR0Qlg,2026-04-21T16:17:39.939Z,160.0,10.948,10.948
"""I'm stuck with a CHILD'S phone""",https://www.youtube.com/watch?v=VvGrS1AV1ro,Big Brother Watch,https://www.youtube.com/channel/UCNDWHbVrIRW_FQ8rkE1Z1GQ,2026-04-21T16:16:27.662Z,65.0,72.277,65.0
Animasi MASA KECIL Yang Selalu Dikira BUATAN INDO!!!,https://www.youtube.com/watch?v=rrBGjt9oX0A,Portal Animasi,https://www.youtube.com/channel/UCbLpVFB0CoJTOaT1R-yGCow,2026-04-21T16:16:06.041Z,1761.0,21.621,21.621
obrolan malam v.6,https://www.youtube.com/watch?v=WMFrawa-kkg,TnM,https://www.youtube.com/channel/UCZdmuthWjKAC-oiaoh1bfOw,2026-04-21T15:21:00.931Z,9125.0,3305.11,3305.11
Splatoon Raiders — Release Date Revealed — Nintendo Switch 2,https://www.youtube.com/watch?v=Jaag4cVKOo8,Nintendo of America,https://www.youtube.com/channel/UCGIY_O-8vW4rfX98KlMkvRg,2026-04-21T13:34:11.120Z,193.0,6409.811,193.0
Turn iPhone 17 Pro Max Into Red,https://www.youtube.com/watch?v=x_DCResNgpA,CamboFixing Shorts,https://www.youtube.com/channel/UCMhQN5zd6KzFyH_ny8xBbmA,2026-04-21T13:30:45.013Z,57.0,206.107,57.0
"This ""UNHACKABLE"" Kids phone treats you like a Prisoner...",https://www.youtube.com/watch?v=VgAWuFytoKM,Smokin' Silicon,https://www.youtube.com/channel/UCPWEIH_IfcGqbWV89o84afA,2026-04-21T05:36:36.512Z,720.0,28448.501,720.0
Wow 😱 Iron skills ❤️‍🔥‼️||Traditional Charcoal iron  #charcoal #ironbox #traditional #srilanka,https://www.youtube.com/watch?v=h4rRExsvjew,Nifa Diaries,https://www.youtube.com/channel/UC9y1K7pMeDfRj7bbva3SF8Q,2026-04-21T05:36:14.425Z,16.0,22.087,16.0
Operating an antique iron! 👀🔥  -  🎥 lorenzo90vi,https://www.youtube.com/watch?v=FNGKUPO9SL4,UNILAD,https://www.youtube.com/channel/UCnQWRzqPuCpOw0aJ4HwQjIQ,2026-04-21T05:36:00.180Z,31.0,14.245,14.245
Transforming a Rusty Antique Iron into a Shiny Masterpiece! 🔥✨,https://www.youtube.com/watch?v=LvYtcbdYtyI,Craftastic Craft,https://www.youtube.com/channel/UCzimJqJTLurXG9qNf3Gf_gA,2026-04-21T05:34:24.401Z,46.0,95.779,46.0
MONSTER2_000092_LAUNCH_VIDEO_NM_CHARACTER_VISUAL_FRANCISTURN_EN_9x16,https://www.youtube.com/watch?v=rzszRzXm59c,,,2026-04-21T05:34:23.203Z,19.0,1.198,1.198
He Used Water Filled Tubes To Block A Flood 😮,https://www.youtube.com/watch?v=1vrlOzczzkA,Zack D. Films,https://www.youtube.com/channel/UCvz84_Q0BbvZThy75mbd-Dg,2026-04-21T05:33:43.292Z,34.0,39.911,34.0
welding robot #automation #machine #industrialrobots #welding #robot,https://www.youtube.com/watch?v=kxSunP8Cf9g,Robot Julie ,https://www.youtube.com/channel/UCt9L6x38aAGE9KUx-AgM2AQ,2026-04-21T05:33:40.645Z,22.0,2.647,2.647
Apples gotta test their phones out better 😭 #apple #iphone #phone #tech #donnywasthere #shorts,https://www.youtube.com/watch?v=VnSrCf4vu3Q,Donnywasthere ,https://www.youtube.com/channel/UCIh-avESt0wNqtsdFFQQVEw,2026-04-21T05:31:57.072Z,39.0,103.573,39.0
Why Don't We Frame Like Larry Haun Anymore! ⚒️😯,https://www.youtube.com/watch?v=5WRLNlAq9r0,MrVex,https://www.youtube.com/channel/UCgs2s8BPQ0BiHpSl1QXMy0w,2026-04-21T05:31:45.775Z,60.0,11.297,11.297
V77 真实牌桌 en ZF 916,https://www.youtube.com/watch?v=noZ3HaXdH2Q,,,2026-04-21T05:31:44.434Z,,1.341,1.341
The Professor Youthzises 😅,https://www.youtube.com/watch?v=tZ47HDUniTI,XMLZ,https://www.youtube.com/channel/UCqF_sXjhvJ-SskowWBBcmXw,2026-04-21T05:31:42.647Z,60.0,1.787,1.787
Legal vs marketing #nyc #newyork #olivegarden #business,https://www.youtube.com/watch?v=yctWBov5QqE,Olive Garden Compass,https://www.youtube.com/channel/UC0n9v6RJvfR0fipNEfKxfXQ,2026-04-21T05:31:38.565Z,29.0,4.082,4.082
How Logos Were Printed 100 Years Ago,https://www.youtube.com/watch?v=Z1Mtw44wCfM,Mr Sawyer,https://www.youtube.com/channel/UCJr4r4au8daom3gIvhww3sg,2026-04-21T05:31:06.193Z,35.0,32.372,32.372
"Pabrik Selang ""Premium"" Tapi Mesinnya Karatan? 😱 #proses #pabrik #faktaunik #industri",https://www.youtube.com/watch?v=ljXZ__bF8cw,MiniBOX TV,https://www.youtube.com/channel/UCIj8gXGFqngkQibMySSNBDg,2026-04-21T05:29:58.372Z,67.0,67.821,67.0
Fathers who like life to stay the same#funny #shorts #shortvideo #series #fouryou,https://www.youtube.com/watch?v=sBjcduiUeSU,Ruether Neiger,https://www.youtube.com/channel/UCJlqjRiLQ1pRg_2wHlCJdKw,2026-04-21T05:29:20.927Z,55.0,37.445,37.445
Amazing Fish Cutting Live 🐟🔪 | 3.2M Views Viral Fish Market Skills | Satisfying Fish Cutting,https://www.youtube.com/watch?v=Lr4OQHuUBKw,Fish Blogger Nazmul,https://www.youtube.com/channel/UCXG8Gmkhj_33JKV9LtN5unw,2026-04-21T05:29:10.359Z,15026.0,10.568,10.568
How to deal with adversity 💯✨,https://www.youtube.com/watch?v=JRT5KimTn-Q,Tondou Ramen,https://www.youtube.com/channel/UC8WS8BeGB80vxZQUpvMllqg,2026-04-21T05:29:04.667Z,19.0,5.692,5.692
RUSTED COPPER COUNTERTOP WRAP 😯 #kitchenwrap #shorts,https://www.youtube.com/watch?v=ZSJ-0wL2WD8,The Wrap Chap,https://www.youtube.com/channel/UC5eiNsHnru3qER9ECkxTMyA,2026-04-21T05:29:02.818Z,53.0,1.849,1.849
"Shortened: Watch out, a STAR is coming through ⭐️💙 #PokemonTCGPocket #PaldeanWonders #TokiDokiDokiDo",https://www.youtube.com/watch?v=hGJSFBaB8eU,,,2026-04-21T05:29:00.350Z,20.0,2.468,2.468
This Might Be the Most Satisfying Cookie Ever Made🍪,https://www.youtube.com/watch?v=4XBAHz2OeNA,Arsenio,https://www.youtube.com/channel/UCbv-mPYVm0FOgWOgSSKeUow,2026-04-21T05:28:52.842Z,15.0,7.508,7.508
Making SpongeBob Fred the Mopping Guy meme with 3d pen! 🧹🧹스폰지밥 프레드 밈 만들기,https://www.youtube.com/watch?v=5tfynzfPBas,mini-mal 미니말,https://www.youtube.com/channel/UCprA764er8C2fxux1nWm_6A,2026-04-21T05:27:54.233Z,61.0,58.609,58.609
en us dramatized v4 social filter rick vo 30s vid 1080x1920 10 17 2025,https://www.youtube.com/watch?v=Qc7ndTUK_tE,,,2026-04-21T05:27:52.774Z,30.0,1.459,1.459
How Do You Properly Throw Away Cooking Oil 🤔,https://www.youtube.com/watch?v=39YAFQLd2os,Zack D. Films,https://www.youtube.com/channel/UCvz84_Q0BbvZThy75mbd-Dg,2026-04-21T05:27:20.938Z,32.0,31.836,31.836
No meow meow…but strong engine 🏎️💨,https://www.youtube.com/watch?v=Stj81RC-YH4,Wasabi Sushi Matcha,https://www.youtube.com/channel/UCzMfRbnWfKYnVdIe_1WiSfw,2026-04-21T05:27:19.320Z,23.0,1.618,1.618
cid=44a1e84029768aee0cecc7c8b8a5be89,https://www.youtube.com/watch?v=LrtWw6llHxA,,,2026-04-21T05:27:17.336Z,27.0,1.984,1.984
The Easiest Way To Learn How To Cook 🤯,https://www.youtube.com/watch?v=a3QtKScujQI,Notable Net,https://www.youtube.com/channel/UCN_Isrggs_Qhdl4PF_M-y2g,2026-04-21T05:27:12.738Z,16.0,4.598,4.598
sneasler + skarmory in pokemon champions be like,https://www.youtube.com/watch?v=sdQo8Q10MB8,Viz,https://www.youtube.com/channel/UCH3XS-yJ40dxiDKUMU7S2ag,2026-04-21T05:27:03.024Z,6.0,9.714,6.0
Russian Blue,https://www.youtube.com/watch?v=7laVxxMy-Sk,Pawsh Living,https://www.youtube.com/channel/UCHwWlCpBkJ7qI9zGKd2Nqvg,2026-04-21T05:27:01.615Z,20.0,1.409,1.409
DO NOT ORDER LIVE CRAWFISH! Unless...,https://www.youtube.com/watch?v=Aa4avjMWAko,LouisianaCrawfishCo,https://www.youtube.com/channel/UC6wMMhzk4PbP_jBSMu8Mv7Q,2026-04-21T05:26:19.905Z,56.0,41.71,41.71
Childhood Friend Complex (SlideShow #09 - FirstNightvari) | WEBTOON,https://www.youtube.com/watch?v=HCxsJ-uMLpg,,,2026-04-21T05:26:18.828Z,14.0,1.077,1.077
Lovable is amaze if you haven’t tried it what r u doing #lovablepartner #vibecoding,https://www.youtube.com/watch?v=T4_vDU6UaLE,bren,https://www.youtube.com/channel/UCPbThYFT8mxyNh7ypzq5Z0Q,2026-04-21T05:26:12.098Z,17.0,6.73,6.73
Color mixing sunrise 🌅Credit: @artcraftblend #colortheory #cmy #colormixing #paintmixing,https://www.youtube.com/watch?v=_v_rdxt6E0M,CMY Cubes ,https://www.youtube.com/channel/UCymS_rVx_nhXGaLcIpw8J2Q,2026-04-21T05:25:29.305Z,62.0,42.793,42.793
Tukang cerdas tuh kaya gini... Ada aja akalnya ya.... #bangunanreceh #tukangbangunan,https://www.youtube.com/watch?v=asC9SS65CHk,Bangunan Receh,https://www.youtube.com/channel/UCAYdbk_slu-914U-MHbYkqA,2026-04-21T05:24:22.899Z,55.0,66.406,55.0
US-EN | D7522 | MA-Meta5-VID-DS-UGC-STW-HK | Kids | Seller | 9x16 | 28s |.mp4,https://www.youtube.com/watch?v=DBCEdQmC9Kk,,,2026-04-21T05:23:46.788Z,29.0,36.111,29.0
Veggie Box Betrayal 🥦🤡,https://www.youtube.com/watch?v=xm7y3ZtXnsM,Jakarta Fame,https://www.youtube.com/channel/UCAs7q8o440D-QWlyW75t8yA,2026-04-21T05:23:46.323Z,16.0,0.465,0.465
cid=7b55557077bd3fcd622a76b43c300c67,https://www.youtube.com/watch?v=umgTtIiCJeM,,,2026-04-21T05:23:41.546Z,43.0,4.777,4.777
You Asked If It Survives the Wash… So I Tested It,https://www.youtube.com/watch?v=XDgFEam_vNw,Speed-Sew,https://www.youtube.com/channel/UCh25sqXk42Yn3otHEo7y8ow,2026-04-21T05:23:37.542Z,17.0,4.004,4.004
❤️‍🔥LIVE STREAMING❤️‍🔥,https://www.youtube.com/watch?v=L-_WEf4xBWc,猪猪看娱乐,https://www.youtube.com/channel/UCkezUpdzcuYibQWP9IvN96g,2026-04-21T05:23:35.540Z,21423.0,2.002,2.002
Addicus Finch #cat #darkcat #new #blackcat #kitten #trend #coverstory #private#fyp,https://www.youtube.com/watch?v=kIX4SsZsGs8,Sweet Serval,https://www.youtube.com/channel/UCu8LCGIc1Iy8eB4yRNlK-5Q,2026-04-21T05:23:14.576Z,16.0,20.964,16.0
The REAL Reason Why PSX Models Jitter!,https://www.youtube.com/watch?v=asUZRqtV8AI,Crashsune Academy,https://www.youtube.com/channel/UCA1s35ZIAQNYTUTCNvFDqbA,2026-04-21T05:23:13.887Z,41.0,0.689,0.689
Rating the VIRAL Crab Rangoon Nachos,https://www.youtube.com/watch?v=tc5immDYYzg,"PhatVick, the Wingman🪽",https://www.youtube.com/channel/UCVshRp0ap0x7IAXr_QQ3lTw,2026-04-21T05:22:20.806Z,87.0,53.081,53.081
New* way to eat tomatoes! My life will never be the same anymore! #tomato #kitchenhack #cookinghacks,https://www.youtube.com/watch?v=bI_H6UsyNMk,Jose.elcook,https://www.youtube.com/channel/UCXvCI4YnkGhGV8ei4vE9h4A,2026-04-21T05:22:18.892Z,62.0,1.914,1.914
C4F17778_sxf_EN.mp4_sinodemo,https://www.youtube.com/watch?v=SvZ61Aiqw1s,,,2026-04-21T05:22:18.157Z,30.0,0.735,0.735
Why Doors Have Raised Panels 🤔,https://www.youtube.com/watch?v=EM2L4UDuey4,Zack D. Films,https://www.youtube.com/channel/UCvz84_Q0BbvZThy75mbd-Dg,2026-04-21T05:21:40.384Z,38.0,37.773,37.773
It's literally tearable,https://www.youtube.com/watch?v=0ixtI1A1uVU,Rose Anvil,https://www.youtube.com/channel/UCId9g4zlQ9BOn6fLKIt1Y0A,2026-04-21T05:21:06.514Z,63.0,33.87,33.87
Something’s Seriously Wrong with His iPhone 😱😱 #shorts #moneytalkswireless #apple #iphone #fyp,https://www.youtube.com/watch?v=c_TyULDMLWM,MONEY TALKS WIRELESS,https://www.youtube.com/channel/UCe8D5lo_zrqS8xtsNspeCgg,2026-04-21T05:20:05.422Z,70.0,61.092,61.092
Should You Buy This Instead? #Shorts,https://www.youtube.com/watch?v=tqQkyFZDeLI,Phone Repair Guru,https://www.youtube.com/channel/UCCOrp7GPgZA8EGrbOcIAsyQ,2026-04-21T05:20:03.206Z,22.0,2.216,2.216
What are sea grapes?,https://www.youtube.com/watch?v=5Ir66wmxf6o,Shef_Phoenix,https://www.youtube.com/channel/UCr5Vq4DdSj9SJal5u47Zuhg,2026-04-21T05:19:39.086Z,51.0,24.12,24.12
iPhone 18 & iPhone Air 2 leaks!,https://www.youtube.com/watch?v=nYHgV1gqNNU,dukktekk,https://www.youtube.com/channel/UCU_oyJgJz0J3o8JRnXGaSOg,2026-04-21T05:18:31.982Z,75.0,67.104,67.104
"Thor & Odin 3 Downgrade, PS6 Portable LEAK & Proton 11 brings Arm64",https://www.youtube.com/watch?v=j6Wg1DSmTtc,Retro Handhelds gg,https://www.youtube.com/channel/UC3IYhdamzjvEJ9CwkQa4RAw,2026-04-21T05:14:41.184Z,5205.0,230.798,230.798
"I Brought a ""Game Boy"" to my Disney Vacation",https://www.youtube.com/watch?v=ckwCoNIKKKI,Retro Handhelds gg,https://www.youtube.com/channel/UC3IYhdamzjvEJ9CwkQa4RAw,2026-04-21T05:14:26.693Z,36.0,14.491,14.491
Two of Everything!! 🍕 #pizza #food #farmersmarket,https://www.youtube.com/watch?v=U4NLbosrqPw,Dolo Pizzaiolo,https://www.youtube.com/channel/UCU75yIZyYLEGVnwZ8QaszjQ,2026-04-21T05:14:05.201Z,80.0,21.492,21.492
The top 5 best phones I own… #c#carterpcstech #iphone #android #smartphones,https://www.youtube.com/watch?v=6OHjt_nE7Dc,CarterPCs,https://www.youtube.com/channel/UCi7wDE2ZTiR5QYYrUY5WhtA,2026-04-21T05:14:01.224Z,64.0,3.977,3.977
"Walmart should NOT be selling ""iPads"" for ONLY $4... 😬",https://www.youtube.com/watch?v=huO4xkZilZY,Smokin' Silicon,https://www.youtube.com/channel/UCPWEIH_IfcGqbWV89o84afA,2026-04-21T05:13:39.318Z,964.0,21.906,21.906
He Called Her The Poor Side 😭,https://www.youtube.com/watch?v=KsOvBtlwWuA,Mappelz,https://www.youtube.com/channel/UCdUl_bahs2CptEdW0us2TRA,2026-04-21T05:07:49.644Z,33.0,349.674,33.0
How to treat acne scars #Dermatologist #Skincare #AcneScars,https://www.youtube.com/watch?v=yz0PFOtJo4E,Dr. Danny Guo,https://www.youtube.com/channel/UCoJvgRhMLueMGbR98oGyLbg,2026-04-21T05:07:48.709Z,59.0,0.935,0.935
Shocking comparison between elite college marketing degrees & salaries for plumbers & electricians!,https://www.youtube.com/watch?v=sWkV2la6Fs4,Construction Mentor Podcast,https://www.youtube.com/channel/UCuXm3bqcZ1CZkT5rVKi7Y6Q,2026-04-21T05:05:57.840Z,126.0,110.869,110.869
🫠 I FAILED Carne Asada #carneasada #pescadozarandeado #mexicanfood #cooking,https://www.youtube.com/watch?v=uovCM_ZXZQ4,Elliot Kahng,https://www.youtube.com/channel/UC86Ow57TyPTL92DFu_OIiPQ,2026-04-21T05:05:49.551Z,68.0,8.289,8.289
"Alat yang tidak diharapkan untuk digunakan, tapi wajib selalu siap 100%",https://www.youtube.com/watch?v=nUXbHBvAF1s,BangY MarineTech (Yahya Trijuni Putra),https://www.youtube.com/channel/UCS4wHmRgFtu-Qgdg0XjCOOg,2026-04-21T05:04:39.445Z,73.0,70.106,70.106
The Credential Inflation Nobody Needed,https://www.youtube.com/watch?v=aoLX3gr78LA,Sam's POV,https://www.youtube.com/channel/UC1FIRpwZhE0oubN6fWaEVsg,2026-04-21T05:03:48.562Z,83.0,50.883,50.883
Tim Cook is Stepping Down as CEO of Apple,https://www.youtube.com/watch?v=R34bMKMFJrg,Parker Burton,https://www.youtube.com/channel/UCEeH57P89hPQ1Sp2TavfICA,2026-04-21T05:03:45.196Z,87.0,3.366,3.366
How did this balloon get stuck without a cork? #shorts,https://www.youtube.com/watch?v=yWAK2PL-boU,JaDropping Science,https://www.youtube.com/channel/UCK70H_67YRgeA513ZHA2TIg,2026-04-21T05:03:43.252Z,63.0,1.944,1.944
OnePlus 15 vs 15R🤔,https://www.youtube.com/watch?v=jAyx-Xc_3Gc,JMTech,https://www.youtube.com/channel/UCPMIXPIhGp2WJzocPRQiM1w,2026-04-21T05:02:44.178Z,56.0,59.074,56.0
Temu Stationery Is WEIRDER Than Japanese?,https://www.youtube.com/watch?v=fa0FC9IVdrU,bungu,https://www.youtube.com/channel/UCq7nXDX98k4uX84AjoJgOFQ,2026-04-21T05:00:09.102Z,1393.0,155.076,155.076
oneplus 7pro  #samsung #tech #samsunggalaxy #technology #technews #android #apple,https://www.youtube.com/watch?v=DVG_sXBnmMw,ryan,https://www.youtube.com/channel/UCCiGY0qGJ6ArOh8FpwgmxJQ,2026-04-21T04:21:31.623Z,32.0,2317.479,32.0
Worst Laptop On PLANET EARTH #techtok #tech,https://www.youtube.com/watch?v=udsceLF5S2k,Jawor Tech,https://www.youtube.com/channel/UCx3gmFyBI6bJWG99eOX6onQ,2026-04-21T04:21:24.484Z,52.0,7.139,7.139
This AI Turns You Into ANYTHING? #techtok #tech #ai,https://www.youtube.com/watch?v=uc-jfqxzPU0,Jawor Tech,https://www.youtube.com/channel/UCx3gmFyBI6bJWG99eOX6onQ,2026-04-21T04:21:22.286Z,47.0,2.198,2.198
Dropping Tech On My Foot With A Harmonica #techtok #tech,https://www.youtube.com/watch?v=15lUQ6wF8mA,Jawor Tech,https://www.youtube.com/channel/UCx3gmFyBI6bJWG99eOX6onQ,2026-04-21T04:21:18.571Z,18.0,3.715,3.715
Is iPhone Or Android More Popular? #techtok #tech #apple #android,https://www.youtube.com/watch?v=LYFhhpWPT1w,Jawor Tech,https://www.youtube.com/channel/UCx3gmFyBI6bJWG99eOX6onQ,2026-04-21T04:20:06.837Z,98.0,71.734,71.734
Can your WiFi router see through walls?,https://www.youtube.com/watch?v=LKv5y8_b2i8,Tech.explain,https://www.youtube.com/channel/UCpwyIpdiSrbaISeieVFShKg,2026-04-21T04:19:55.833Z,82.0,11.004,11.004
IPHONE 17 PRO MAX STOPPED WORKING!!!! #brokenfix #smartphone #problemfix #cellphone #fixmyphone,https://www.youtube.com/watch?v=FbBFL89tlZo,Digital Doctor ,https://www.youtube.com/channel/UCta8FWxM474irDMPABq2o4Q,2026-04-21T04:19:49.138Z,69.0,6.695,6.695
"Panic Buying in Australia, SUPERMARKET MULAI KOSONG😱🤯 #fypindonesia #whvaustralia #panicbuying",https://www.youtube.com/watch?v=sg_PTJn61oE,Ayainoz,https://www.youtube.com/channel/UCpZj_4ziwWaRD8FKXP4C35Q,2026-04-21T04:19:07.722Z,42.0,41.416,41.416
Every VIRAL Sandwich in JAPAN 😳 #shorts,https://www.youtube.com/watch?v=DJFH9LUBxyg,VinceEats,https://www.youtube.com/channel/UCVm9WAzqKZU1-H7Pxe08Eqg,2026-04-21T04:19:04.420Z,147.0,3.302,3.302
Ribet buatnya tapi nyaman jangka panjang #renovasirumah,https://www.youtube.com/watch?v=NLAfX8dg5LQ,Rock Abode,https://www.youtube.com/channel/UCg_CWA8Zt5gtKRgCgDi3d0Q,2026-04-21T04:18:09.268Z,57.0,55.152,55.152
These shows have the CRAZIEST video game pulls EVER #csi #tvshow #asoundofthunder #ps2 #retrogaming,https://www.youtube.com/watch?v=3WIFB0pps8o,Lunchb0xGaming,https://www.youtube.com/channel/UCJhmU101s7yddqdBxsdE5kg,2026-04-21T04:18:04.613Z,170.0,4.655,4.655
Teachers are checking Google Doc history to catch AI cheating #aihumanizer #carterpcs #tech,https://www.youtube.com/watch?v=9ojDxZEN50E,CarterPCs,https://www.youtube.com/channel/UCi7wDE2ZTiR5QYYrUY5WhtA,2026-04-21T04:18:02.919Z,36.0,1.694,1.694
IPHONE 17 WENT BLACK!!! #brokenfix #smartphone #gaming #problemfix #cellphone #mobilephone,https://www.youtube.com/watch?v=_Gn8JV7wblw,Digital Doctor ,https://www.youtube.com/channel/UCta8FWxM474irDMPABq2o4Q,2026-04-21T04:17:01.053Z,167.0,61.866,61.866
PS Vita refuses to die in 2026,https://www.youtube.com/watch?v=Vd1QHwuO-tA,Crimcram,https://www.youtube.com/channel/UCqDIqfa_aPHSrdg1Cnn26uA,2026-04-21T04:16:59.307Z,59.0,1.746,1.746
Meals under $2: Chicken noodle soup,https://www.youtube.com/watch?v=neWTKH3031I,Sam's Wallet,https://www.youtube.com/channel/UCa4BNrOmEqXlkTvf0TSdfvg,2026-04-21T04:16:56.672Z,146.0,2.635,2.635
Friends Forever,https://www.youtube.com/watch?v=mcKRavGMBHU,🐈Dante Bekko & Geno🐈,https://www.youtube.com/channel/UC3cIhOA6nuoT55S6YGlxDVQ,2026-04-21T04:16:54.945Z,17.0,1.727,1.727
PHONE GOT RAN OVER BY LAWN MOWER!!! #education #brokenfix #smartphone #phonedamage #brokenphone,https://www.youtube.com/watch?v=A9FrNhkBGVU,Digital Doctor ,https://www.youtube.com/channel/UCta8FWxM474irDMPABq2o4Q,2026-04-21T04:16:03.150Z,123.0,51.795,51.795
Fungus 🍄 Is Evolving Like Never Before 😳,https://www.youtube.com/watch?v=6PxNCgRiPYQ,Chubbyemu,https://www.youtube.com/channel/UCKOvOaJv4GK-oDqx-sj7VVg,2026-04-21T04:14:30.909Z,150.0,92.241,92.241
FM Gundam Aerial #gundam #gunpla #gunplacustom #gunplabuilder #shorts #witchfrommercury,https://www.youtube.com/watch?v=5vZMYhz1dvs,AX Hobby,https://www.youtube.com/channel/UC_WfHGuC-G71pcDEbmqtSPA,2026-04-21T04:14:29.413Z,25.0,1.496,1.496
MacBook Neo vs. Windows Laptops,https://www.youtube.com/watch?v=ATVP6EMeTZE,The Verge,https://www.youtube.com/channel/UCddiUEpeqJcYeBxX1IVBKvQ,2026-04-21T04:14:21.644Z,176.0,7.769,7.769
My advice to Apple’s new CEO.. #carterpcs #tech #apple,https://www.youtube.com/watch?v=ahGTEZlHQAI,CarterPCs,https://www.youtube.com/channel/UCi7wDE2ZTiR5QYYrUY5WhtA,2026-04-21T04:13:24.884Z,41.0,56.76,41.0
"In Fashion, Authenticity Sells - eforenything #fashion #fashionbrand #denim #jacket",https://www.youtube.com/watch?v=E3qYHFpOkE4,Kai Rehagen,https://www.youtube.com/channel/UCKpeR42qZ_hk4YddG5YsyVg,2026-04-21T04:13:23.289Z,91.0,1.595,1.595
Ainu: Japan’s Indigenous People #japan #history #ainu #ghostofyotei,https://www.youtube.com/watch?v=ZKfSzyDjn6U,yarleh,https://www.youtube.com/channel/UCozbrjdFvxLU3B7Oc0ezO4g,2026-04-21T04:13:18.825Z,131.0,4.464,4.464
FROZEN SAMSUNG PHONE 🥶 #gaming #brokenfix #brokenfix #smartphone #smartphone #problemfix #cell,https://www.youtube.com/watch?v=1IoEGL_aK9E,Digital Doctor ,https://www.youtube.com/channel/UCta8FWxM474irDMPABq2o4Q,2026-04-21T04:12:07.881Z,134.0,70.944,70.944
Red Cabbage Doesn’t Exist…,https://www.youtube.com/watch?v=YZLhTHbFRUE,Shawn Grows,https://www.youtube.com/channel/UCzOXodveGcVO5xqLyc5l_Zg,2026-04-21T04:12:06.644Z,44.0,1.237,1.237
Apple's hidden messages! 👀,https://www.youtube.com/watch?v=UTAvkNKRxtM,Byte Review,https://www.youtube.com/channel/UCg3tygBbdzyLEZ4lPMpCAFw,2026-04-21T04:08:23.381Z,53.0,223.263,53.0
"Such a fun way of explaining calories in, calories out",https://www.youtube.com/watch?v=pMDq3HNGr4g,Zachary Klassen,https://www.youtube.com/channel/UCSX_2rKweAh0Ip_NMCPIK_A,2026-04-21T04:06:47.022Z,152.0,96.359,96.359
Burger tertua di Jogja dagingnya gede bahannya beda dari yang lain #food,https://www.youtube.com/watch?v=wh-UtWvJpUg,kawan dapur,https://www.youtube.com/channel/UCfFkgy1JHVmVqfZ9wwIKkUg,2026-04-21T04:04:50.015Z,144.0,117.007,117.007
I went DEEP for this one #xmen #marvel #pitfall #ps2 #xbox360 #gaming,https://www.youtube.com/watch?v=H68EpKpuwWM,Lunchb0xGaming,https://www.youtube.com/channel/UCJhmU101s7yddqdBxsdE5kg,2026-04-21T04:02:45.419Z,175.0,124.596,124.596
Are the missing or dead scientists all connected?,https://www.youtube.com/watch?v=wJcjMfJbgio,Dave Jorgenson,https://www.youtube.com/channel/UC4V84y8cUtthXhRzLKSly7A,2026-04-21T03:59:33.706Z,149.0,191.713,149.0
Her phone was fine till She Touched it 😬 #shorts,https://www.youtube.com/watch?v=Wod6_BXFXow,MONEY TALKS WIRELESS,https://www.youtube.com/channel/UCe8D5lo_zrqS8xtsNspeCgg,2026-04-21T03:25:32.280Z,59.0,2041.426,59.0
"this ""cozy game"" just destroyed itself...",https://www.youtube.com/watch?v=z6JfQIYwCV8,Not Malcolm,https://www.youtube.com/channel/UCZklAlPVajxzJtCLlYSLl4Q,2026-04-21T03:20:42.522Z,1408.0,289.758,289.758
OnePlus 8T In 2025! (Still Worth Buying?) (Review),https://www.youtube.com/watch?v=3NVgN8m5mJ0,Simple Alpaca,https://www.youtube.com/channel/UCy1PnKNVtEG-SfSzyIfnvrA,2026-04-21T03:20:26.420Z,215.0,16.102,16.102
"Bosen review, saya langsung ikut jadi sales HP 😎",https://www.youtube.com/watch?v=pWCgsQzlz5M,GadgetIn,https://www.youtube.com/channel/UC1dI4tO13ApuSX0QeX8pHng,2026-04-21T03:17:37.539Z,2289.0,168.881,168.881
WE GOT OUR HANDS ON SOME POWERFUL TEAMS TODAY!,https://www.youtube.com/watch?v=nElfaITB35Q,shofu,https://www.youtube.com/channel/UCbr6TI0Mujw2iFAQE4R8yrQ,2026-04-21T03:10:04.048Z,14637.0,453.491,453.491
Netsujo No Spectrum,https://music.youtube.com/watch?v=cU22947XIYo,Ikimonogakari - Topic,https://www.youtube.com/channel/UCexzjYgmV9wKmAQHUmv3hWg,2026-04-21T02:21:44.453Z,225.0,2899.595,225.0
Kanashimi wo Yasashisani ni,https://music.youtube.com/watch?v=A7aPv8p793w,Little By Little - Topic,https://www.youtube.com/channel/UC6TwoIuiM1lmeIGgqVjyYXA,2026-04-21T02:17:41.524Z,243.0,242.929,242.929
Despacito 2.5,https://music.youtube.com/watch?v=M_If5ngiV3M,Xanakin Skywok - Topic,https://www.youtube.com/channel/UCoBnPIjPDFOuLvMKB-77yzg,2026-04-21T02:17:37.748Z,182.0,3.776,3.776
THE ORIGINAL DRAGON,https://music.youtube.com/watch?v=zdumWCgFajQ,PE$O PETE - Topic,https://www.youtube.com/channel/UC5bBuOvUdRVMzszPTnNftdg,2026-04-21T02:14:42.544Z,175.0,175.204,175.0
Like That,https://music.youtube.com/watch?v=Rr1Cdli5nE8,Future - Topic,https://www.youtube.com/channel/UC1_liDR4fRFJgH4HoJeV8cw,2026-04-21T01:37:18.340Z,268.0,2244.204,268.0
Ariel Needs Legs,https://www.youtube.com/watch?v=_nH6ya5g2-s,Neil Cicierega,https://www.youtube.com/channel/UCDrJor35jYVnuC3JgRzheIw,2026-04-21T00:55:39.801Z,154.0,2498.539,154.0
How to use a mousetrap #shorts,https://www.youtube.com/watch?v=Jqf8LrDBEGQ,Jose.elcook,https://www.youtube.com/channel/UCXvCI4YnkGhGV8ei4vE9h4A,2026-04-21T00:40:09.857Z,60.0,929.944,60.0
comfort streamer,https://www.youtube.com/watch?v=kEBqZqYll-Q,theuserunnamed,https://www.youtube.com/channel/UCkHja3RPRoq3e_YNp1IEyEA,2026-04-21T00:28:57.194Z,17.0,672.663,17.0
Marshmallows in court 🥊,https://www.youtube.com/watch?v=mrVnuaOa3tI,Gavin Wren,https://www.youtube.com/channel/UCb-rdjj4twsCTcquY6QctGg,2026-04-20T23:43:35.872Z,157.0,2721.322,157.0
420 Redd-it 【Mega Chad Monday Reddit Review】,https://www.youtube.com/watch?v=C1i5XAgC2wc,Power Guy,https://www.youtube.com/channel/UC9m0sk4JMYCn4pEYOz91Cxw,2026-04-20T23:31:23.415Z,9134.0,732.457,732.457
UPGRADE MEMORY IPHONE? EMANG BISA?,https://www.youtube.com/watch?v=DSmFoMHLfGY,Cekdul Repair Provider,https://www.youtube.com/channel/UCaJYXTt9YLiX52ek6GzpOuw,2026-04-20T22:36:01.214Z,86.0,3322.201,86.0
"I love making milk bread, but I’m not always in the mood to stand there mixing and kneading by hand…",https://www.youtube.com/watch?v=_UD_QCDGv8k,Food by Jenn,https://www.youtube.com/channel/UCyOqN0YXlecnlpSGk3uzZkw,2026-04-20T22:33:53.456Z,92.0,127.758,92.0
FOTOKOPI KTP,https://www.youtube.com/watch?v=fPZIsW0e3VI,David Alfa Sunarna,https://www.youtube.com/channel/UCQEMadPG9uqXNUcDeGR0Qlg,2026-04-20T22:32:24.199Z,102.0,89.257,89.257
The Fruit That Outsmarted an Empire 🇹🇷,https://www.youtube.com/watch?v=JH2YMq_wvpE,Shawn Grows,https://www.youtube.com/channel/UCzOXodveGcVO5xqLyc5l_Zg,2026-04-20T22:31:37.309Z,45.0,46.89,45.0
Bubur racing,https://www.youtube.com/watch?v=4zFAXpjc6gw,Ngabers Kuliner,https://www.youtube.com/channel/UCgHR-XQZ7zcsPLEdSY-Eohw,2026-04-20T22:30:44.970Z,100.0,52.339,52.339
Buying tech this way is a game changer.,https://www.youtube.com/watch?v=7umuV41-rNM,Ryan-Thomas,https://www.youtube.com/channel/UCNorHyg3UZYJq5jJY9ZSt-w,2026-04-20T22:27:09.214Z,485.0,215.756,215.756
I accidentally found the perfect iphone,https://www.youtube.com/watch?v=IqPnB7Xl5qY,Snowball ,https://www.youtube.com/channel/UCtCzRcwm4hmY_IvtN61ZgQQ,2026-04-20T22:17:44.470Z,543.0,564.744,543.0
My Top 10 Gaming Mice of 2025 - Did Budget Mice Win?,https://www.youtube.com/watch?v=rjMyZQwgI_M,dazztrazak,https://www.youtube.com/channel/UCBg-P6xoIAELmwJWjKlvR_A,2026-04-20T21:08:45.666Z,664.0,4138.804,664.0
Why I went back to wired - OP1 8k review,https://www.youtube.com/watch?v=ckqY5sRFMKw,Viscose,https://www.youtube.com/channel/UCfvDLSm9fpRJ9olrwLl0I-A,2026-04-20T21:05:22.492Z,506.0,203.174,203.174
POKEMON CYPHER 2024,https://www.youtube.com/watch?v=EBAhWbMc1Jo,shofu,https://www.youtube.com/channel/UCbr6TI0Mujw2iFAQE4R8yrQ,2026-04-20T20:53:09.633Z,1415.0,732.859,732.859
Is 8k Polling Worth It?,https://www.youtube.com/watch?v=jdA5l2KgwIo,TechWithSeong,https://www.youtube.com/channel/UC9rcP7DoGsqjBsJLyNVZU3g,2026-04-20T20:32:11.199Z,52.0,1258.434,52.0
My New Favorite Shape and Possible Main? Incott 039 Pro Review - Razer Viper V2 Pro With A Hump,https://www.youtube.com/watch?v=fbdZpJGcFc4,dazztrazak,https://www.youtube.com/channel/UCBg-P6xoIAELmwJWjKlvR_A,2026-04-20T20:21:51.708Z,761.0,619.491,619.491
Is There A Better Budget Mouse Than This? Mchose L7 Ultra+,https://www.youtube.com/watch?v=QuANtFMhCcI,AimAdapt,https://www.youtube.com/channel/UCtcuNxJj7W4b8pN8JWbVnpw,2026-04-20T20:16:10.506Z,471.0,341.202,341.202
These Cheap Gaming Mice Are Embarrassing Pro Gear in 2025,https://www.youtube.com/watch?v=fPGcvK05vbc,jakeu,https://www.youtube.com/channel/UCsjWfDQ68X7Epi7BqgQAEIA,2026-04-20T20:07:39.948Z,933.0,510.558,510.558
The Best Budget Mouse Yet,https://www.youtube.com/watch?v=ohQ9jcxR12A,jakeu,https://www.youtube.com/channel/UCsjWfDQ68X7Epi7BqgQAEIA,2026-04-20T19:59:32.966Z,1044.0,486.982,486.982
Best Mousepads for Competitive Gaming?,https://www.youtube.com/watch?v=M60oWvt0F7c,Zach's Tech Turf,https://www.youtube.com/channel/UCBS1NUWY7oC6FFHaXQy4zAA,2026-04-20T19:58:37.781Z,57.0,55.185,55.185
I’ve Chosen My New Daily Driver Mouse Pad…,https://www.youtube.com/watch?v=ANYqlZmOPaQ,Zach's Tech Turf,https://www.youtube.com/channel/UCBS1NUWY7oC6FFHaXQy4zAA,2026-04-20T19:57:35.041Z,61.0,62.74,61.0
You haven't tried the best mousepad | Deskmat & Mousepad Showdown,https://www.youtube.com/watch?v=iy13ZrIPEvQ,Naaackers,https://www.youtube.com/channel/UC6eMM0ncyMThFXxqJw67pdQ,2026-04-20T18:31:16.351Z,1152.0,5178.69,1152.0
Hystar Desk Mats?! Top link on my channel page!,https://www.youtube.com/watch?v=puVxqKuXWEY,DanKamYouKnow,https://www.youtube.com/channel/UCbAvigM5RD9nydJQUqKDdbA,2026-04-20T18:30:22.255Z,52.0,54.096,52.0
The Mousepad Company Exposed,https://www.youtube.com/watch?v=ixjz2A2GcPA,boardzy,https://www.youtube.com/channel/UCEU0crveYv09WSOu5oHVhFg,2026-04-20T18:25:00.586Z,369.0,321.669,321.669
The Best Mousepad...,https://www.youtube.com/watch?v=tJFxyNzGmcc,CarterPCs,https://www.youtube.com/channel/UCi7wDE2ZTiR5QYYrUY5WhtA,2026-04-20T18:24:37.291Z,46.0,23.295,23.295
The Mousepad Company’s Mystery Misprint Promotion #mousepad #desksetup #gamer,https://www.youtube.com/watch?v=I0SABbQ3VCA,ARYs Tech,https://www.youtube.com/channel/UCZAbiuhu7VQCdvCZ7ATwaTA,2026-04-20T18:23:04.433Z,97.0,92.858,92.858
NEW MOUSEPAD!! by the MousePadCompany,https://www.youtube.com/watch?v=mSBNKY_RrWw,frulldog,https://www.youtube.com/channel/UC4bAeS0Xsb8Rx9rEisbHvfw,2026-04-20T18:22:48.446Z,13.0,15.987,13.0
hey,https://www.youtube.com/watch?v=yzGv-ClzP9Q,pokeaimMD,https://www.youtube.com/channel/UCbXuFrNGSKcmZY_5DwYz4Ew,2026-04-20T18:06:58.171Z,463.0,950.275,463.0
When Samsung MOCKED Apple and THEN DID the SAME,https://www.youtube.com/watch?v=um0j-Zz2-Cc,Unsilicon™,https://www.youtube.com/channel/UCn_xWqIyaxrDzHp3Po6S8Wg,2026-04-20T18:04:45.937Z,588.0,132.234,132.234
Makanya PD dong kalau jadi cwk,https://www.youtube.com/watch?v=Gafdmlvabw4,Stevansyoung,https://www.youtube.com/channel/UCM_woeHpTKErse4ycHJAtWw,2026-04-20T18:04:01.750Z,74.0,44.187,44.187
Jangan masuk gorong-gorong pak 😭saya gak tega soalnya orang sebaik bapak sampai masuk gorong-gorong,https://www.youtube.com/watch?v=Pjpm6SQUD6Y,Stevansyoung,https://www.youtube.com/channel/UCM_woeHpTKErse4ycHJAtWw,2026-04-20T18:03:37.015Z,10.0,24.735,10.0
Doain gaes semoga aku bisa sukses jadi buzzer 😫👉👈,https://www.youtube.com/watch?v=xqFUWFbdSBM,Stevansyoung,https://www.youtube.com/channel/UCM_woeHpTKErse4ycHJAtWw,2026-04-20T18:03:36.155Z,75.0,0.86,0.86
How Oranges Became Orange 🍊,https://www.youtube.com/watch?v=3w5j7kGKTeQ,Shawn Grows,https://www.youtube.com/channel/UCzOXodveGcVO5xqLyc5l_Zg,2026-04-20T17:51:58.361Z,45.0,697.794,45.0
Boss main di kandang,https://www.youtube.com/watch?v=M2W0VLO38NQ,GTID,https://www.youtube.com/channel/UCda1FTpxCYVXDQ_B8_0Ewag,2026-04-20T17:50:07.426Z,115.0,110.935,110.935
China's Gaokao Defines an Entire Economy,https://www.youtube.com/watch?v=GBsEMehgY4I,Sam's POV,https://www.youtube.com/channel/UC1FIRpwZhE0oubN6fWaEVsg,2026-04-20T17:47:47.594Z,111.0,139.832,111.0
HER PHONE WOULDNT CHARGE PAST 1%!!! #education #brokenfix #smartphone #problemfix #phonedamage,https://www.youtube.com/watch?v=ZoY_SBNasOI,Digital Doctor ,https://www.youtube.com/channel/UCta8FWxM474irDMPABq2o4Q,2026-04-20T17:45:45.925Z,126.0,121.669,121.669
Mega Floette May Be the Best New Mega Evolution,https://www.youtube.com/watch?v=Zgs01N1wCpI,WolfeyVGC,https://www.youtube.com/channel/UC9OZkS1Mhl5UvKSiPrYqsxg,2026-04-20T17:44:58.392Z,1144.0,47.533,47.533
I'm not done with Mega Aggron yet...,https://www.youtube.com/watch?v=wMuo5lYvl-8,shofu,https://www.youtube.com/channel/UCbr6TI0Mujw2iFAQE4R8yrQ,2026-04-20T17:41:44.014Z,10990.0,194.378,194.378
They find the most random games for these shows #smallville #tvshow #winback2projectposeidon #ps2,https://www.youtube.com/watch?v=9o3l2porrcI,Lunchb0xGaming,https://www.youtube.com/channel/UCJhmU101s7yddqdBxsdE5kg,2026-04-20T16:30:01.330Z,141.0,4302.684,141.0
Fairlife protein is $40 at Costco now?! #costco #fairlife #protein #inflation,https://www.youtube.com/watch?v=i9ldCt4asAg,YuPizzaSheet,https://www.youtube.com/channel/UCyv9N9g58HJmOjRD1PPvXLA,2026-04-20T16:29:57.456Z,19.0,3.874,3.874
Dibilang aku bohongin pembeli #jajanan #streetfood #pedagang,https://www.youtube.com/watch?v=Listr3lGYlQ,Dwie Briant Suga,https://www.youtube.com/channel/UC_zYW0q7nObyfP0La9Iftvg,2026-04-20T16:29:51.931Z,32.0,5.525,5.525
How Shrinkflation Works - #comedy #relatable,https://www.youtube.com/watch?v=iv1SJnoRSPo,ConstructiveComedy,https://www.youtube.com/channel/UC_PP_CxONpNTMSA2Xg8WYdQ,2026-04-20T16:29:20.668Z,31.0,31.263,31.0
Why the SodaStream Enso Feels Cheap (Despite the Price),https://www.youtube.com/watch?v=ggK-0F83BYQ,Soda Scott,https://www.youtube.com/channel/UCGET7Br7oFFv1LNGMXKa2Tw,2026-04-20T16:29:19.180Z,26.0,1.488,1.488
Jaman-jaman warnet kalo ada yg download jadi ngelag 🤣,https://www.youtube.com/watch?v=_PgyyQ2VoZY,Dwiki Afrilian,https://www.youtube.com/channel/UCarAr73sn2PHpBzyb9yq5DQ,2026-04-20T16:27:47.233Z,42.0,91.947,42.0
"Dimsum mulai 1000an, pengiriman sepulau jawa bergaransi 100% uang kembali 🤩 #dimsum",https://www.youtube.com/watch?v=WG18nYD892U,Huisaeng Dimsum,https://www.youtube.com/channel/UCzpIuv5OPDVB9R0hRsgQZrw,2026-04-20T16:26:46.570Z,51.0,60.663,51.0
Chinese Chicken Soup,https://www.youtube.com/watch?v=F-Owryfjo_U,Tait Lawton,https://www.youtube.com/channel/UCSDg3EjasoTO8wM-gG2fCUQ,2026-04-20T16:22:41.408Z,120.0,245.162,120.0
The Mattress That Framed Overwork,https://www.youtube.com/watch?v=BdMwpF9V-ro,Sam's POV,https://www.youtube.com/channel/UC1FIRpwZhE0oubN6fWaEVsg,2026-04-20T16:20:53.774Z,97.0,107.634,97.0
Why do winners have to cut giant pumpkins? #shorts,https://www.youtube.com/watch?v=uYuceywlwJg,Unoverseyyy,https://www.youtube.com/channel/UCzJGyiSzuZfB-rObqf52gEA,2026-04-20T16:20:19.268Z,34.0,34.506,34.0
POKEAIM'S *INSANE* ANTI CHARIZARD TECH 👀🔥,https://www.youtube.com/watch?v=XpTtyfyibhg,Pokeaim+,https://www.youtube.com/channel/UC5YFO-UNfZBfvJ9YPWuu_OA,2026-04-20T16:20:15.411Z,39.0,3.857,3.857
Cobain cara bikin indomie warkop,https://www.youtube.com/watch?v=xeSiw2z1HSk,Alyph Gilang Ramadhan,https://www.youtube.com/channel/UCaYwve4fW6ayXpRm3sk_Eug,2026-04-20T16:19:12.911Z,66.0,62.5,62.5
He said Dealer's Choice 😮😤,https://www.youtube.com/watch?v=OQ2_NUzGzbs,Flavor Hive,https://www.youtube.com/channel/UCs3r-mI1Sj_1LSPX0W5gB0w,2026-04-20T16:19:07.417Z,69.0,5.494,5.494
3 Level Bubur #indonesia #food #star #review #fyp #shorts,https://www.youtube.com/watch?v=TG0jIvvNg1U,Egan Usup,https://www.youtube.com/channel/UC5fNDc5_Tcp3xAZVHs-DfZg,2026-04-20T16:18:11.067Z,49.0,56.35,49.0
"Galaxy S26 Ultra Review, but I Respect Your Time..",https://www.youtube.com/watch?v=ED2R8hZ7ym4,MinimalisTech,https://www.youtube.com/channel/UCIU53gPEdfQxEKbJkZbzJyw,2026-04-20T16:07:41.988Z,254.0,629.079,254.0
"OnePlus 15 Review, but I Respect Your Time..",https://www.youtube.com/watch?v=olD9c6JoOr8,MinimalisTech,https://www.youtube.com/channel/UCIU53gPEdfQxEKbJkZbzJyw,2026-04-20T16:00:49.571Z,250.0,412.417,250.0
Japanese Yen Carry Trade,https://www.youtube.com/watch?v=u6FVk9fWXgc,Monkey Economics,https://www.youtube.com/channel/UCssa3kvvvzM5cUeOG-FnQIw,2026-04-20T15:31:23.460Z,,1766.111,1766.111
We NEVER Get These…😳🙏🔥 #videogames #retrogaming #fyp,https://www.youtube.com/watch?v=yXZKDou8lus,cake,https://www.youtube.com/channel/UCvOPFCKap9a4aVAMS2mZZBg,2026-04-20T15:31:20.841Z,96.0,2.619,2.619
Cool Apple design detail!,https://www.youtube.com/watch?v=6-OOrnHSp7I,LowEffortReviews,https://www.youtube.com/channel/UCAvE69Z913UosezlITD5yHA,2026-04-20T15:30:54.378Z,26.0,26.463,26.0
HP Compact Terbaik Sepanjang Masa⁉️🤔,https://www.youtube.com/watch?v=AG7vJ1MnTWo,Tech Susu,https://www.youtube.com/channel/UCo6qicQ1TL0y0kiNdvJnLQQ,2026-04-20T15:24:46.494Z,64.0,367.884,64.0
He Found a Forgotten One-of-One Prototype on eBay,https://www.youtube.com/watch?v=DDEgwVTt0-I,AVANTS,https://www.youtube.com/channel/UC2QdvcrxWMb0i8Ix1ezpVVg,2026-04-20T15:24:16.058Z,77.0,30.436,30.436
bonk,https://www.youtube.com/watch?v=b8yi1YvZAnc,Noctilucent,https://www.youtube.com/channel/UCFqIVj9vhkRBy8BFIEWNTgQ,2026-04-20T15:24:10.867Z,16.0,5.191,5.191
❗️AI ITU BAIK DAN BURUK ❗️,https://www.youtube.com/watch?v=17Wx6mDJtMY,Tim2one - ChandraLiow,https://www.youtube.com/channel/UCUcBFGAfOzut1x4GSWa6Akg,2026-04-20T15:23:11.875Z,58.0,58.992,58.0
I 3D printed the best airless basketball.. (5 day print) #carterpcs #tech #airlessbasketball,https://www.youtube.com/watch?v=KW8Xspsey0Q,CarterPCs,https://www.youtube.com/channel/UCi7wDE2ZTiR5QYYrUY5WhtA,2026-04-20T15:23:08.096Z,50.0,3.779,3.779
Nando’s £24 vs £7 Shawarma Hut,https://www.youtube.com/watch?v=r5GLRKUkeDI,Shawarma Hut Restaurant-London,https://www.youtube.com/channel/UCZRaumG6pQMafP5HDpb1CYw,2026-04-20T15:22:10.260Z,116.0,57.836,57.836
Mouse P.I. For Hire,https://www.youtube.com/watch?v=cWK0tFJioHM,videogamedunkey,https://www.youtube.com/channel/UCsvn_Po0SmunchJYOWpOxMg,2026-04-20T15:18:24.967Z,506.0,225.293,225.293
DotoDoya Is Right About Fighting Games…,https://www.youtube.com/watch?v=4LDgUa7kjLY,Maximilian Dood,https://www.youtube.com/channel/UCOgaIuQYGr6ow_jbote4BKA,2026-04-20T15:07:42.255Z,454.0,642.712,454.0
Smartphone Terbaik Motorola 2026: Review Motorola Signature,https://www.youtube.com/watch?v=VUIigpTo0lM,Jagat Review,https://www.youtube.com/channel/UCbyVnlQdFIcdViuoPIPK68A,2026-04-20T15:07:22.419Z,2163.0,19.836,19.836
study with me live pomodoro | 12 hours | Rain Sounds 🌧️,https://www.youtube.com/watch?v=jkcqgjy5z00,Brownie,https://www.youtube.com/channel/UCjiE7GCZhr5Ro2PcK0EacUw,2026-04-20T15:06:26.723Z,22525.0,55.696,55.696
Should Video Game Publishers Be Allowed to Disable Games You Bought? European Parliament Hearing,https://www.youtube.com/watch?v=oXcogLmxnJw,Europe Echo,https://www.youtube.com/channel/UC9Gwc8viwgrDEWZNjBN8xYA,2026-04-20T14:56:15.650Z,597.0,611.073,597.0
Stop Killing Games just changed everything,https://www.youtube.com/watch?v=TEWtuq6F_IM,ENDYMIONtv,https://www.youtube.com/channel/UC92iwH5d9u0CeJtCx17YT9Q,2026-04-20T14:55:45.246Z,1314.0,30.404,30.404
What is the WORST Plants vs. Zombies Knock-Off?,https://www.youtube.com/watch?v=CVe3B-29398,Jake Miller,https://www.youtube.com/channel/UCFhFAL8FJP0Kevi6m-3DU1g,2026-04-20T05:27:31.241Z,2536.0,34094.005,2536.0
Smiling Friends Banter For 12 Minutes | adult swim,https://www.youtube.com/watch?v=xjWsA2CiH9A,Adult Swim,https://www.youtube.com/channel/UCgPClNr5VSYC3syrDUIlzLw,2026-04-20T05:26:42.938Z,709.0,48.303,48.303
Why Did Pokémon Delete These Moves?,https://www.youtube.com/watch?v=LqzpTnAPtKI,Nuz,https://www.youtube.com/channel/UC8dbX-yLGTzulfXCxRILz7Q,2026-04-20T05:26:25.787Z,1353.0,17.151,17.151
mie goreng sambal ijo pake telur 5 biji cuman 20 rb #shorts,https://www.youtube.com/watch?v=fb33eLY7b30,Jelajah kuliner,https://www.youtube.com/channel/UC6Q3O7CxqcgqD-2sscPJv7Q,2026-04-20T05:26:19.614Z,55.0,6.173,6.173
I bought the WORST 1-Star Phones from TikTok... 😬,https://www.youtube.com/watch?v=sIeio4OcWAE,Smokin' Silicon,https://www.youtube.com/channel/UCPWEIH_IfcGqbWV89o84afA,2026-04-20T04:49:39.574Z,970.0,2200.04,970.0
the iPhone 17 Mini: Let's Explore!,https://www.youtube.com/watch?v=Z9GqWnGVXhw,jOhnZoid,https://www.youtube.com/channel/UC8RhfvtFeIlIfXzS_D_T9Ug,2026-04-20T04:46:20.398Z,549.0,199.176,199.176
Mini iPhone 17 Pro,https://www.youtube.com/watch?v=To96gkRiWoI,Parker Burton,https://www.youtube.com/channel/UCEeH57P89hPQ1Sp2TavfICA,2026-04-20T04:40:32.675Z,100.0,347.723,100.0
The iPhone Mini is Dead,https://www.youtube.com/watch?v=GpG0QBQt9qk,Austin Evans,https://www.youtube.com/channel/UCXGgrKt94gR6lmN4aN3mYTg,2026-04-20T04:39:50.412Z,34.0,42.263,34.0
Ranking Geometry Dash PEDOPHILES on a Tierlist,https://www.youtube.com/watch?v=ML0sQKhyUPk,typicalasian,https://www.youtube.com/channel/UCVKAfO3x9_sFeqfCfqUY3Vg,2026-04-20T04:38:45.426Z,838.0,64.986,64.986
I'm not done with Mega Aggron yet...,https://www.youtube.com/watch?v=wMuo5lYvl-8,shofu,https://www.youtube.com/channel/UCbr6TI0Mujw2iFAQE4R8yrQ,2026-04-20T04:36:55.283Z,10990.0,110.143,110.143
What People Don't Get About Pokémon Champions,https://www.youtube.com/watch?v=QwazCjmNHLA,Chuxsss,https://www.youtube.com/channel/UCLGOWXopLeFtDneu4NQ2p8g,2026-04-20T04:35:14.875Z,508.0,100.408,100.408
This Phone Has FREE Unlimited Google Photo Storage?,https://www.youtube.com/watch?v=mF61903-8iM,jOhnZoid,https://www.youtube.com/channel/UC8RhfvtFeIlIfXzS_D_T9Ug,2026-04-20T04:24:47.673Z,530.0,627.202,530.0
Nyesal beli IPHONE 16 PINK ?!😩,https://www.youtube.com/watch?v=66rgtG4aK1s,Cenyin,https://www.youtube.com/channel/UCN_c0lhnXwuDBudCB5fwWog,2026-04-20T03:26:48.422Z,11.0,3479.251,11.0
Seharian ngerasain kerjaan jadi SALES HP!,https://www.youtube.com/watch?v=UKdFtr29RDo,GadgetIn,https://www.youtube.com/channel/UC1dI4tO13ApuSX0QeX8pHng,2026-04-20T02:54:20.775Z,1345.0,1947.647,1345.0
Mid range serba solid - Review realme 15 Pro Indonesia!,https://www.youtube.com/watch?v=h9nbpAPccuk,GadgetIn,https://www.youtube.com/channel/UC1dI4tO13ApuSX0QeX8pHng,2026-04-20T02:42:50.705Z,686.0,690.07,686.0
"Bosen review, saya langsung bikin HP sendiri - realme 12 Pro+ 5G",https://www.youtube.com/watch?v=U76imVp-OgQ,GadgetIn,https://www.youtube.com/channel/UC1dI4tO13ApuSX0QeX8pHng,2026-04-20T02:39:49.777Z,2203.0,180.928,180.928
GREBEK PABRIK HP TERBESAR DI INDONESIA!!!,https://www.youtube.com/watch?v=-ol3uEYOTRQ,GadgetIn,https://www.youtube.com/channel/UC1dI4tO13ApuSX0QeX8pHng,2026-04-20T02:13:59.397Z,1542.0,1550.38,1542.0
"How to manually ""Uninstall"" a #program? #Windows cannot find... (Regedit, Windows 10)",https://www.youtube.com/watch?v=StrCtt9B9kQ,furulevi,https://www.youtube.com/channel/UCqaH_kMb09h9iEpRRVwIGEg,2026-04-20T01:57:59.910Z,88.0,959.487,88.0
Harmony SB Product Ho 55 sec,https://www.youtube.com/watch?v=jC8m6i1Jv4s,,,2026-04-20T01:57:51.139Z,55.0,8.771,8.771
Remove Blue Sync Arrows from Files & Folders in Windows 11 | Fix OneDrive Sync Icon Problem,https://www.youtube.com/watch?v=kSX2c06SJ58,Tech Tales,https://www.youtube.com/channel/UCyQArq_xgG7HAaPwAWXyQfA,2026-04-20T01:53:46.631Z,143.0,244.508,143.0
Lovable | Turn Your Idea Into an App in Minutes,https://www.youtube.com/watch?v=ChKspyfCt44,,,2026-04-20T01:53:31.366Z,16.0,15.265,15.265
Catch Me Outside 2,https://music.youtube.com/watch?v=tOMyRm2QkUM,Ski Mask the Slump God - Topic,https://www.youtube.com/channel/UC08lkzw56nPfKmNwh9ZXx6Q,2026-04-20T01:18:44.739Z,127.0,2086.627,127.0
UP THE TROT (feat. PROP & PE$O PETE),https://music.youtube.com/watch?v=uHmk2KG6Z7E,LIME KING - Topic,https://www.youtube.com/channel/UCrUn1guW-b4wCXNARCByLPw,2026-04-20T01:15:44.775Z,181.0,179.964,179.964
Icon,https://music.youtube.com/watch?v=Yg-DUpei8Y0,Jaden - Topic,https://www.youtube.com/channel/UCRCRHG4OKZDdvIdRZj4jVBQ,2026-04-20T01:12:03.740Z,221.0,221.035,221.0
GATTI,https://music.youtube.com/watch?v=915A_tF9ktk,JACKBOYS - Topic,https://www.youtube.com/channel/UCBMfQroopt4mMzegu7-71jw,2026-04-20T01:09:02.530Z,182.0,181.21,181.21
FOLGERS (feat. Shofu),https://music.youtube.com/watch?v=PC_TPash4eA,KEZURA - Topic,https://www.youtube.com/channel/UCur-51axRO5wWO7HH82qT0w,2026-04-20T01:05:44.040Z,199.0,198.49,198.49
redrum,https://music.youtube.com/watch?v=OCY9vN4QzqY,21 Savage - Topic,https://www.youtube.com/channel/UCoC_a7lWbj2v7rt4ujp4n2A,2026-04-20T00:57:51.643Z,271.0,472.397,271.0
Feel The Love,https://music.youtube.com/watch?v=rnZQvgWhM5s,Kids See Ghosts - Topic,https://www.youtube.com/channel/UCXXMMJZJg5Pbd6PYeqDvGNw,2026-04-20T00:55:05.833Z,166.0,165.81,165.81
tv off,https://music.youtube.com/watch?v=Rh3bJKkEhk8,Kendrick Lamar - Topic,https://www.youtube.com/channel/UCprAFmT0C6O4X0ToEXpeFTQ,2026-04-20T00:51:24.259Z,221.0,221.574,221.0
THE ORIGINAL DRAGON,https://music.youtube.com/watch?v=zdumWCgFajQ,PE$O PETE - Topic,https://www.youtube.com/channel/UC5bBuOvUdRVMzszPTnNftdg,2026-04-20T00:48:11.727Z,175.0,192.532,175.0
SUKI,https://music.youtube.com/watch?v=PLaIYQEwz8g,Eric Reprid - Topic,https://www.youtube.com/channel/UC-cnRtw8ZIjNqt8k-0Ahs7g,2026-04-20T00:48:08.940Z,128.0,2.787,2.787
BAKU,https://music.youtube.com/watch?v=AmiE43L0ssA,Ikimonogakari - Topic,https://www.youtube.com/channel/UCexzjYgmV9wKmAQHUmv3hWg,2026-04-20T00:48:06.247Z,228.0,2.693,2.693
Guren,https://music.youtube.com/watch?v=ZMWnvpacY9w,DOES - Topic,https://www.youtube.com/channel/UCBJVbQXjnummrzbcFkX9FLA,2026-04-20T00:48:04.537Z,245.0,1.71,1.71
Kanashimi wo Yasashisani ni,https://music.youtube.com/watch?v=A7aPv8p793w,Little By Little - Topic,https://www.youtube.com/channel/UC6TwoIuiM1lmeIGgqVjyYXA,2026-04-20T00:44:05.170Z,243.0,239.367,239.367
Naruto - Opening 3 | Turning Sadness Into Kindness,https://www.youtube.com/watch?v=9TOWvpAhu4g,Crunchyroll,https://www.youtube.com/channel/UC6pGDc4bFGD1_36IKv3FnYg,2026-04-20T00:34:24.109Z,101.0,581.061,101.0
Naruto - Opening 3 (HD - 60 fps),https://www.youtube.com/watch?v=ayx9WvHMHU8,Anime Guy,https://www.youtube.com/channel/UCdGK4MOyB0RMwNn0_qDss3w,2026-04-20T00:34:22.304Z,91.0,1.805,1.805
Sign,https://music.youtube.com/watch?v=csVeFCLhmAM,FLOW - Topic,https://www.youtube.com/channel/UCJCEjx_2PIFi97rJjjfwrcQ,2026-04-20T00:24:10.772Z,237.0,611.532,237.0
Blue Bird,https://music.youtube.com/watch?v=udNgJUiBCRg,Ikimonogakari - Topic,https://www.youtube.com/channel/UCexzjYgmV9wKmAQHUmv3hWg,2026-04-20T00:20:32.346Z,219.0,218.426,218.426
Silhouette,https://music.youtube.com/watch?v=zqKrpw36xnU,KANA-BOON - Topic,https://www.youtube.com/channel/UCoO40PGRZLLymjlFuncg_hg,2026-04-20T00:16:31.911Z,241.0,240.435,240.435
Netsujo No Spectrum,https://music.youtube.com/watch?v=cU22947XIYo,Ikimonogakari - Topic,https://www.youtube.com/channel/UCexzjYgmV9wKmAQHUmv3hWg,2026-04-20T00:12:46.806Z,225.0,225.105,225.0
Put Your Head On My Shoulder (1959),https://music.youtube.com/watch?v=TukPgfugv0I,Paul Anka - Topic,https://www.youtube.com/channel/UCEuZeapObLSPFWmPIK6kxag,2026-04-20T00:12:21.306Z,157.0,25.5,25.5
You Are My Destiny,https://music.youtube.com/watch?v=k7fihig4u0Y,Paul Anka - Topic,https://www.youtube.com/channel/UCEuZeapObLSPFWmPIK6kxag,2026-04-20T00:09:01.168Z,171.0,200.138,171.0
Immersive robatayaki,https://www.youtube.com/watch?v=kLzQslyZbH8,ソロ【Japan Travel】,https://www.youtube.com/channel/UCL5Ve_IJhRG2Qv7HBUpjqNg,2026-04-20T00:02:53.405Z,90.0,367.763,90.0
orange kitty woke up #catshorts #catsoftiktok #catvideo #cat,https://www.youtube.com/watch?v=vn3wj_-x-oM,Sabrina ,https://www.youtube.com/channel/UCEaeXe-9dzhgC06CH9xjweQ,2026-04-20T00:02:52.540Z,31.0,0.865,0.865
The Patron of Villains (IGC #05 - Misunderstood feat. bruhviews) | WEBTOON,https://www.youtube.com/watch?v=1fYmb4L1rLU,,,2026-04-20T00:02:39.029Z,58.0,13.511,13.511
Now Avaliable at Ace Hardware....,https://www.youtube.com/watch?v=2__crlszd34,Flex Seal,https://www.youtube.com/channel/UCePxe2_KFq61hwlY5eRemEw,2026-04-20T00:02:37.210Z,39.0,1.819,1.819
Switch 2 games on closeout at Costco - Reporting in! YMMV #metroidprime4 #kirbyairriders #pokemonza,https://www.youtube.com/watch?v=T7mRWCKYmLk,The Andy Bee Show,https://www.youtube.com/channel/UCddlc05WSE8Xqgxd4_q5QTQ,2026-04-20T00:02:21.965Z,40.0,15.245,15.245
🙄#millennials #inflation #relatable #millennialhumor #nostalgia,https://www.youtube.com/watch?v=COcHd2ZkARQ,Allison Rajewski,https://www.youtube.com/channel/UCGAMSLy0tLxkRLoDrEsmRhg,2026-04-20T00:02:03.578Z,15.0,18.387,15.0
Fry's grandfather is himself.😂,https://www.youtube.com/watch?v=-RM8hFtoDZE,Shivam Kumar,https://www.youtube.com/channel/UChnWrSHplOE6d9MzCEgy2uw,2026-04-20T00:00:52.251Z,60.0,71.327,60.0
AmintipsFeb1920.mp4,https://www.youtube.com/watch?v=aOF0Z61eY6o,,,2026-04-20T00:00:40.274Z,15.0,11.977,11.977
MY WEIRDEST PHONES 😭😭🙏 #android #samsung #tech #smartphone #iphone #techtok,https://www.youtube.com/watch?v=zm0ewMMYdio,ryan,https://www.youtube.com/channel/UCCiGY0qGJ6ArOh8FpwgmxJQ,2026-04-19T23:58:00.973Z,65.0,159.301,65.0
Filming with the rear camera is always better if you're looking for the best quality!,https://www.youtube.com/watch?v=VYj017O2XRo,Apledising2,https://www.youtube.com/channel/UC02x1e1Syf906GkfQq3uobg,2026-04-19T23:57:56.083Z,51.0,4.89,4.89
He Was Forced To Use Apple Intelligence… #Shorts,https://www.youtube.com/watch?v=jUcuCLtc2tQ,Phone Repair Guru,https://www.youtube.com/channel/UCCOrp7GPgZA8EGrbOcIAsyQ,2026-04-19T23:57:54.477Z,31.0,1.606,1.606
How to remove your ex from your car insurance policy,https://www.youtube.com/watch?v=cKkhbWnMhQM,,,2026-04-19T23:57:52.958Z,41.0,1.519,1.519
Told my grandma to give me a small slice,https://www.youtube.com/watch?v=xFF8xc1KoSg,Zach Memes,https://www.youtube.com/channel/UCVnYINwt4_Qj-HRlVf3zwdQ,2026-04-19T23:57:31.471Z,20.0,21.487,20.0
Mainland Chinese street snacks live broadcast,https://www.youtube.com/watch?v=8Gl2XWCg8cE,起点视频,https://www.youtube.com/channel/UCXtb72hKc1KASNewaNznHPg,2026-04-19T23:54:46.980Z,,164.491,164.491
How people be in every picture,https://www.youtube.com/watch?v=e7njWyU20NI,MikeyGotNoMotion,https://www.youtube.com/channel/UCDbPNDkhSR55N4W_9F2tz-A,2026-04-19T23:54:40.001Z,27.0,6.979,6.979
The Other Half Of Max #funfact,https://www.youtube.com/watch?v=5QDPYD1GZM0,Doug Sharpe,https://www.youtube.com/channel/UCAYmlecATSG0wc5IxsFJSbQ,2026-04-19T23:53:44.867Z,55.0,55.134,55.0
Shortened: Buy & Sell Electronics on Whatnot!,https://www.youtube.com/watch?v=-uLXSrOoUoQ,,,2026-04-19T23:53:13.770Z,43.0,31.097,31.097
We've only got 5 minutes in Server room before Lunch lady comes down ❤️ #shorts #simpsons,https://www.youtube.com/watch?v=WiiktRT5OEs,Crazy Bart,https://www.youtube.com/channel/UCsIqRdgj9PdycIWEDXW-9BQ,2026-04-19T23:52:12.820Z,,60.95,60.95
Ice Press Works great… Until it doesn’t,https://www.youtube.com/watch?v=XMzZMO94NhE,Vlad SlickBartender,https://www.youtube.com/channel/UCp4nL9M78_HF6JL1MNzh-NQ,2026-04-19T23:51:17.075Z,55.0,55.745,55.0
Why Is Your Phone So Hot?,https://www.youtube.com/watch?v=KsOqut0_BA4,,,2026-04-19T23:51:15.014Z,30.0,2.061,2.061
POV you’re trained in every position in the hospital,https://www.youtube.com/watch?v=DYfRKsmuYoQ,"Laura Robinson, DVM",https://www.youtube.com/channel/UCqomn__ndNcE8gWJ2XL5C3A,2026-04-19T23:51:14.330Z,21.0,0.684,0.684
Don't Do This If You Want A Quick Repair... #Shorts,https://www.youtube.com/watch?v=npiQ6BL0Byw,Phone Repair Guru,https://www.youtube.com/channel/UCCOrp7GPgZA8EGrbOcIAsyQ,2026-04-19T23:50:37.809Z,34.0,36.521,34.0
US-EN | D7423 | Blank Again Clothing Earn Money | Women | Seller | 9x16 | 15s | .mp4,https://www.youtube.com/watch?v=zYa3jI0N-Vc,,,2026-04-19T23:50:36.599Z,15.0,1.21,1.21
froslass's weakness #pokemon #pokemonshowdown #fyp #fypシ #smogon #incineroar,https://www.youtube.com/watch?v=IYkrMqRs6Eg,StoicKite,https://www.youtube.com/channel/UCoRFr9MKvMFY3ubhxg1b_7Q,2026-04-19T23:50:34.772Z,19.0,1.827,1.827
No one knows this New York City building,https://www.youtube.com/watch?v=KMVbxf9bUYE,Lectec | Everyday Science,https://www.youtube.com/channel/UCIiALZGKzY4ScjV92l4vI1Q,2026-04-19T23:50:32.455Z,79.0,2.317,2.317
cid=db34b922e8aa2b3fc0dd9c29bcca9aae,https://www.youtube.com/watch?v=jlbgnkAkyyk,,,2026-04-19T23:50:30.435Z,14.0,2.02,2.02
FIRST CUSTOMER OF THE DAY ‼️ #brokenfix #brokenfix #smartphone #smartphone #tech #brokenscreen,https://www.youtube.com/watch?v=Wdg4jusP5n8,Digital Doctor ,https://www.youtube.com/channel/UCta8FWxM474irDMPABq2o4Q,2026-04-19T23:49:28.280Z,80.0,62.155,62.155
“Our whole generation doesn’t go outside!”,https://www.youtube.com/watch?v=VDvqPTtwJaQ,Rulehaven,https://www.youtube.com/channel/UCUGt0XeHEjqsSZ7vOBkk-tQ,2026-04-19T23:14:33.771Z,336.0,2094.509,336.0
Pakai eSIM Lebih Untung? Apa Iya Cuma Untuk HP Mahal? Tech Uncensored feat. XL,https://www.youtube.com/watch?v=kZeDpnoQieI,Jagat Review,https://www.youtube.com/channel/UCbyVnlQdFIcdViuoPIPK68A,2026-04-19T23:11:31.292Z,543.0,182.479,182.479
"Cara Potong kartu Sim Telkomsel, indosat ukuran besar jadi Sim micro",https://www.youtube.com/watch?v=JR4Xp8HvfgY,Best Tutorial,https://www.youtube.com/channel/UCWNPe37Fm9u9KLnfObe5u7g,2026-04-19T23:09:36.072Z,147.0,115.22,115.22
CARA MEMOTONG KARTU LAMA DI JADIKAN UKURAN MICRO/NANO,https://www.youtube.com/watch?v=kS2IoZn7lL8,ISNAIN CELL,https://www.youtube.com/channel/UCVY3N0mHnrD7i5TmefWk1Qg,2026-04-19T23:09:00.274Z,29.0,35.798,29.0
"How to cut your SIM card (Micro SIM, Nano SIM - iPhone 5)",https://www.youtube.com/watch?v=j6T1Mygucak,Unbox Therapy,https://www.youtube.com/channel/UCsTcErHg8oDvUnTzoqsYeNw,2026-04-19T23:06:42.121Z,358.0,138.153,138.153
Beli casan kodok 🤣,https://www.youtube.com/watch?v=ZxsqO9FtM1k,Dwiki Afrilian,https://www.youtube.com/channel/UCarAr73sn2PHpBzyb9yq5DQ,2026-04-19T23:04:09.246Z,47.0,152.875,47.0
Recession indicator 🥹🥹🥹#economy#recession #relatable #fyp,https://www.youtube.com/watch?v=SOU5ATmg5gU,Daily laugh usa,https://www.youtube.com/channel/UC0d-TCqcbbUV5vuwr6LgWAw,2026-04-19T23:04:00.993Z,64.0,8.253,8.253
Proud of my effort,https://www.youtube.com/watch?v=VWNyl0n0W9g,King Kev,https://www.youtube.com/channel/UCXzB1mGhPmAzupLqWsY97OA,2026-04-19T23:03:52.661Z,65.0,8.332,8.332
Damage Connector Replace 🔥👍,https://www.youtube.com/watch?v=cqD_rVj-Nyo,ideal institute aligarh,https://www.youtube.com/channel/UCccExinXJkC9aQHROcCizaQ,2026-04-19T23:02:49.846Z,57.0,62.815,57.0
How Does A Magnetic Paint Gauge Work 🤔,https://www.youtube.com/watch?v=PoZnLAM6V20,Zack D. Films,https://www.youtube.com/channel/UCvz84_Q0BbvZThy75mbd-Dg,2026-04-19T23:02:14.072Z,35.0,35.774,35.0
No Melt Prop Ice for Movies and TV #shorts,https://www.youtube.com/watch?v=4w7wtrBM8jQ,Scott Prop and Roll,https://www.youtube.com/channel/UCTyvyVpWyspz8-anuyXUreA,2026-04-19T23:01:17.747Z,61.0,56.325,56.325
How Watermelon Became Food 🍉,https://www.youtube.com/watch?v=3QnChzHWLWU,Shawn Grows,https://www.youtube.com/channel/UCzOXodveGcVO5xqLyc5l_Zg,2026-04-19T22:59:30.059Z,40.0,107.688,40.0
Japan’s HACK for Staying Warm in the Winter,https://www.youtube.com/watch?v=nEKPMcaILp4,Megan and Ben,https://www.youtube.com/channel/UCXvbilRzK1DrcrYM_0-BxfQ,2026-04-19T22:49:06.186Z,31.0,623.873,31.0
Humbled him real quick. 😤 #hopeless #hopecore #funny,https://www.youtube.com/watch?v=kCm2bKg26gw,HopeleesCore Fuel Up,https://www.youtube.com/channel/UCx9QpGemzWHUzyyVRd1bFRw,2026-04-19T22:48:57.624Z,20.0,8.562,8.562
I was cyberbullied into changing my entire morning routine :/ #steamdeck #gaming #gym #bodybuilding,https://www.youtube.com/watch?v=Y1n65l4PiwU,Carter Powers,https://www.youtube.com/channel/UCEhfAn3DIe9BsRJD-Aknf3A,2026-04-19T22:47:54.517Z,64.0,63.107,63.107
POV: Different Character Arcs…🫥 #theboys #viral #shorts,https://www.youtube.com/watch?v=732jjtuoyX8,The Johnson Brothers,https://www.youtube.com/channel/UCJN8qUaNK6M6WG-Kz5SjI9A,2026-04-19T22:47:51.345Z,61.0,3.172,3.172
【ガンプラ】塗装無しでホログラム表現！『ウチハク』を使ってみた！HG1/144デスティニーガンダム #gundam #gunpla #プラモデル #plasticmodel #seeddestiny,https://www.youtube.com/watch?v=xWyyyOQDQ2w,タカハシラボラトリー『タカラボ』,https://www.youtube.com/channel/UCi3nxN0rdes883MacYJAABw,2026-04-19T22:47:25.113Z,43.0,26.232,26.232
Easy way to install springs on a trampoline,https://www.youtube.com/watch?v=Tl7IpxQuDhM,Michael Harding,https://www.youtube.com/channel/UCCHysp8HIwmskMYvdoqzDYA,2026-04-19T22:46:42.586Z,24.0,42.527,24.0
Is Your PS5 Sounding Like a Jet Engine? #gaming #console #ps5 #xbox #playstation #gamer #xboxseriesx,https://www.youtube.com/watch?v=KbkKKATOFw4,resh Jgoy,https://www.youtube.com/channel/UCT2cFPB87aJT0V0cbHVPRQQ,2026-04-19T22:46:34.962Z,23.0,7.624,7.624
Fruit holder Gashapon,https://www.youtube.com/watch?v=BZJRwDvCJEc,calebxswag,https://www.youtube.com/channel/UCE_TZS2Pn-4PuxMxijsjK1g,2026-04-19T22:46:32.003Z,65.0,2.959,2.959
The Corrupted Life of 21st Century New York #funny#futurama,https://www.youtube.com/watch?v=ZF0Dcl-e_s8,ToonZone,https://www.youtube.com/channel/UCRBvf_O0B6qpuaF39zyRaxg,2026-04-19T22:45:42.762Z,53.0,49.241,49.241
Breakfast at Ernie's house,https://www.youtube.com/watch?v=aT_5yL-KTnw,CatClip,https://www.youtube.com/channel/UC-94Kl_qxpJSqYmEyeH-DGQ,2026-04-19T22:45:36.331Z,55.0,6.431,6.431
The Worst Feeling in Sports 😭💀 #benqroom,https://www.youtube.com/watch?v=Jv-OIHES_JM,benqroom,https://www.youtube.com/channel/UCybR149vtw40AjiQhvdckXg,2026-04-19T22:45:17.893Z,20.0,18.438,18.438
What is AI.com?? #carterpcs #tech #ai #superbowlcommerical,https://www.youtube.com/watch?v=22nC0AQL500,CarterPCs,https://www.youtube.com/channel/UCi7wDE2ZTiR5QYYrUY5WhtA,2026-04-19T22:45:06.658Z,36.0,11.235,11.235
We paid a Fiverr artist to make an ad for our drink and this is what he sent 😭,https://www.youtube.com/watch?v=Sqz0mjKgXyE,Cold Ones Clips,https://www.youtube.com/channel/UCIDaKj0ziGWj7S7ivxj18uw,2026-04-19T22:45:03.488Z,34.0,3.17,3.17
Don't Try This at Home 😅,https://www.youtube.com/watch?v=-mmt0wjMTC8,Daily Dose Of Internet,https://www.youtube.com/channel/UCdC0An4ZPNr_YiFiYoVbwaw,2026-04-19T22:44:25.254Z,18.0,38.234,18.0
Peter and Chris Build a Game 🤣,https://www.youtube.com/watch?v=eyJDCUvyJAo,StewieGags,https://www.youtube.com/channel/UCOxdRjg-j2CcGcuoT77bf0g,2026-04-19T22:44:06.078Z,55.0,19.176,19.176
Polymer clay bread,https://www.youtube.com/watch?v=7JGd6UFj260,Keicha Nicole,https://www.youtube.com/channel/UCTCfecQlkVqwJp5nqyf-GeQ,2026-04-19T22:44:03.896Z,20.0,2.182,2.182
That Peel… Then Listen 👀 Razr 60 Ultra,https://www.youtube.com/watch?v=F5FofB32nvY,Crack The Cable,https://www.youtube.com/channel/UC_OZuXVBmFuFagKiKibYDfQ,2026-04-19T22:44:00.295Z,7.0,3.601,3.601
pov lunch at a food cart in nyc #nyc #foodcart #streetfood #foodie #halal #foodtruck #highline #food,https://www.youtube.com/watch?v=TF8wsYHj_5Y,POVintheCity,https://www.youtube.com/channel/UCQrcUDsvIq0mz0Q54FiLljQ,2026-04-19T22:42:41.192Z,87.0,79.103,79.103
Screen notches,https://www.youtube.com/watch?v=5xcPBxH7lM8,Surfshark Academy,https://www.youtube.com/channel/UCEFFKGOqb1Mtvj3g3gjc6tQ,2026-04-19T22:42:37.014Z,55.0,4.178,4.178
This Trick Makes Laser Tattoo Removal 4x Faster!😳,https://www.youtube.com/watch?v=Pynk5csQPnU,DailyDiscover ,https://www.youtube.com/channel/UCJQ46lK8_xj1DDXkNIs0sbg,2026-04-19T22:42:34.637Z,34.0,2.377,2.377
She Used Her Shadow to Beat an ‘Impossible’ Carnival Game! 😳,https://www.youtube.com/watch?v=9YyZqAZ_R2M,FlashFactz,https://www.youtube.com/channel/UC-IB2AThZ9EgGA-NYfTxoIg,2026-04-19T22:41:59.955Z,34.0,34.682,34.0
The Benchwarmers-I'm 12 years old and have a beard.#shorts,https://www.youtube.com/watch?v=d82vlq3Yyhc,Md Nurul Islam,https://www.youtube.com/channel/UCRb027mzfUGHl0pIAvZUJYQ,2026-04-19T22:41:15.650Z,41.0,44.305,41.0
Not your average wooden potato masher. #woodworking #handmade #dıy #woodshop #woodenkitchentools,https://www.youtube.com/watch?v=1DsZJNqDid0,RogueGrainCo ,https://www.youtube.com/channel/UCdoSsR61fshhpp7rH27f2SQ,2026-04-19T22:40:07.202Z,65.0,68.448,65.0
Robbing a girl’s house,https://www.youtube.com/watch?v=QVm0D_0go4w,CrackerMilk,https://www.youtube.com/channel/UCMn-zv1SE-2y6vyewscfFqw,2026-04-19T22:39:43.881Z,134.0,23.321,23.321
I am in LOVE,https://www.youtube.com/watch?v=8FV8FWvL3yo,Noah Cagle,https://www.youtube.com/channel/UCE0MJRoUAwfpj92Lnt8JBKg,2026-04-19T22:39:41.798Z,41.0,2.083,2.083
#goodnuffconstruction #diy #construction #carpentry #genius #contractor,https://www.youtube.com/watch?v=eB3UZznbfUs,GoodNuff,https://www.youtube.com/channel/UCrfHHEq7B3VyJqeX_OIdDjQ,2026-04-19T22:39:14.294Z,27.0,27.504,27.0
Why Surgeons Dip Implants in Liquid,https://www.youtube.com/watch?v=PPlSCunXBa0,vt.physics,https://www.youtube.com/channel/UCuO1xKv8PwUCdQ1b3eY1TrA,2026-04-19T22:38:23.083Z,41.0,51.211,41.0
I’m literally showing yal the method for freeski👍#contentcreation #creativeflow #automation,https://www.youtube.com/watch?v=pYfXey9-nik,Hector ,https://www.youtube.com/channel/UC-f-cFgXTlWUMieGWaDNvaw,2026-04-19T22:37:53.119Z,57.0,29.964,29.964
I bought the cheapest smartphone you can find at Wal-Mart 😬 #shorts,https://www.youtube.com/watch?v=9NVAb8w6H2I,jOhnZoid,https://www.youtube.com/channel/UC8RhfvtFeIlIfXzS_D_T9Ug,2026-04-19T22:37:43.160Z,61.0,9.959,9.959
$30/Hour to Squeeze Lemons?! 🤯,https://www.youtube.com/watch?v=EQnvBgVe0Aw,Earning Earth,https://www.youtube.com/channel/UC5Akb6rcd1neeEYFE6rQxUA,2026-04-19T22:37:04.028Z,34.0,39.132,34.0
Bleeehhh :/ #fypシ #vent #kindavent #cat #mentalhealthmatters #mentalhealthawareness #bleh,https://www.youtube.com/watch?v=yJ0VuAPTcWw,Mac,https://www.youtube.com/channel/UClynujtvYA3ugYqGSS-s_OA,2026-04-19T22:37:01.962Z,16.0,2.066,2.066
Saingan secara sehat tidak bermusuhan #jajanan #streetfood,https://www.youtube.com/watch?v=nZVALGF172s,Dwie Briant Suga,https://www.youtube.com/channel/UC_zYW0q7nObyfP0La9Iftvg,2026-04-19T22:36:55.846Z,65.0,6.116,6.116
Free grading hack!,https://www.youtube.com/watch?v=-065t5SnzWs,Secret Castle Toys and Games,https://www.youtube.com/channel/UCpu_BTIxi2o3ofmrkTdX0rg,2026-04-19T22:36:48.530Z,72.0,7.316,7.316
we caught up with @djhabibeats ahead of his weekend 2 @Coachella performance with @ZAINAB_NYC,https://www.youtube.com/watch?v=s2StgFmW4qk,YouTube,https://www.youtube.com/channel/UCBR8-60-B28hp2BmDPdntcQ,2026-04-19T22:36:43.288Z,37.0,5.242,5.242
Popeyes is DONE 😳,https://www.youtube.com/watch?v=QABkyRNdhBA,Danny Rayes,https://www.youtube.com/channel/UCxB7jMnHekMzHsOl9iZpXrA,2026-04-19T22:36:08.671Z,33.0,34.617,33.0
Cleantok is a MESS,https://www.youtube.com/watch?v=qszdwwjhzWA,shirashiraonthewall,https://www.youtube.com/channel/UCcw7PtnCzJJrvQEXbmM96mg,2026-04-19T22:34:51.060Z,53.0,77.611,53.0
I Bought AI-Generated Ads To See What They Actually Look Like,https://www.youtube.com/watch?v=PxgQ-Dc0AfI,Sambucha,https://www.youtube.com/channel/UCWBWgCD4oAqT3hUeq40SCUw,2026-04-19T22:33:34.975Z,60.0,76.085,60.0
editing photos only with green in them 🍏 #photoshop,https://www.youtube.com/watch?v=2ZvK1K-Fv9o,Sara Snapshots,https://www.youtube.com/channel/UCRXZSgz2zZOl0qEffcTzpRg,2026-04-19T22:32:36.320Z,,58.655,58.655
Handmade Cowboy Hat #diy #cowboy #homestead #hat #wool,https://www.youtube.com/watch?v=LmdmxQZpgLY,SageSmokeSurvival,https://www.youtube.com/channel/UCP7N_BBUGIUTL8gMXIOrF6w,2026-04-19T22:32:31.649Z,179.0,4.671,4.671
Custom Apparel Products For Seamless Application 🔥➡️ Link In Bio,https://www.youtube.com/watch?v=SKKmGdOb6IQ,Ninja Transfers,https://www.youtube.com/channel/UCMxaVCmusGkzUfjZi7TRHow,2026-04-19T22:32:28.884Z,35.0,2.765,2.765
using Dry Ice to cool a PC,https://www.youtube.com/watch?v=d-9M7xpqwMw,mryeester,https://www.youtube.com/channel/UCPvRdfUooqCf0zPOYvbBzVA,2026-04-19T22:31:21.887Z,68.0,66.997,66.997
What guest left behind in our Airbnb 🍩,https://www.youtube.com/watch?v=a-kFKIjWFVU,Kaiser Martin,https://www.youtube.com/channel/UC4Rdwfu1Zu-wWvqmkxz4SSg,2026-04-19T22:30:13.679Z,65.0,68.208,65.0
A Simple Pokemon Quiz Except...,https://www.youtube.com/watch?v=9WdFbBE3kk8,chimpact,https://www.youtube.com/channel/UC9y3BYRjW3ZNuqrlP6iY-eg,2026-04-19T22:14:23.636Z,1717.0,950.043,950.043
The Famous Tito’s Tacos. Where Nostalgia Comes with a Price #tacos #titostacos #shorts,https://www.youtube.com/watch?v=8pRm6ySVs4s,YoshiDaddy Eats,https://www.youtube.com/channel/UChtvIw_Bd-JlOmP-9VSF1mQ,2026-04-19T22:01:28.167Z,47.0,775.469,47.0
POV: Working at a Game store,https://www.youtube.com/watch?v=apRd9aCxgQk,Secret Castle Toys and Games,https://www.youtube.com/channel/UCpu_BTIxi2o3ofmrkTdX0rg,2026-04-19T22:00:36.697Z,38.0,51.47,38.0
Why is my Name “austinnotduncan”?,https://www.youtube.com/watch?v=FxP04A0woPw,Austin Evans,https://www.youtube.com/channel/UCXGgrKt94gR6lmN4aN3mYTg,2026-04-19T21:59:44.294Z,47.0,52.403,47.0
It’s so cheesy…THANK GOD,https://www.youtube.com/watch?v=jiOUAtC2prA,Maximilian Dood,https://www.youtube.com/channel/UCOgaIuQYGr6ow_jbote4BKA,2026-04-19T21:53:25.358Z,722.0,378.936,378.936
NEW SF MOVIE TRAILER - Mouse PI for Hire - PRAGMATA BEGINS! 🔴Full Stream🔴 (4-16),https://www.youtube.com/watch?v=2fqTPQWFMMA,Maximilian Dood,https://www.youtube.com/channel/UCOgaIuQYGr6ow_jbote4BKA,2026-04-19T21:51:41.881Z,20578.0,103.477,103.477
IT'S PRAGMATA TIME & Krauser Trailer?! 🔴Full Stream🔴 (4-17),https://www.youtube.com/watch?v=H0czYLc-wcc,Maximilian Dood,https://www.youtube.com/channel/UCOgaIuQYGr6ow_jbote4BKA,2026-04-19T21:51:12.299Z,18408.0,29.582,29.582
smiling friends final scene #animation  #funny  #tomodachilife #smilingfriends #cartoon #comedy,https://www.youtube.com/watch?v=4OM3L4Dqv2E,Doobus Goobus,https://www.youtube.com/channel/UC2d0Cp7XABGb3zpomS0d-WA,2026-04-19T21:36:51.139Z,97.0,861.16,97.0
Can you download a whole LLM on an iPhone?,https://www.youtube.com/watch?v=tN_VEeZOFCU,Tech.explain,https://www.youtube.com/channel/UCpwyIpdiSrbaISeieVFShKg,2026-04-19T21:34:07.057Z,78.0,164.082,78.0
I still don’t understand why Apple added this feature to iPhones.. #carterpcs #tech #apple #iphone,https://www.youtube.com/watch?v=j_pPxyrQfIo,CarterPCs,https://www.youtube.com/channel/UCi7wDE2ZTiR5QYYrUY5WhtA,2026-04-19T21:32:06.276Z,37.0,120.781,37.0
3 Levels of Credit Scores! #credit #creditscore #800creditscore,https://www.youtube.com/watch?v=-plFW6zplA0,CredEducation,https://www.youtube.com/channel/UCRh216qZrWmIP8JSxrFcVqw,2026-04-19T21:32:02.893Z,25.0,3.383,3.383
1 of these is trash for the money btw #android #smartphone #samsung #tech #techtok #iphone,https://www.youtube.com/watch?v=_VWFDZQlcDE,ryan,https://www.youtube.com/channel/UCCiGY0qGJ6ArOh8FpwgmxJQ,2026-04-19T21:30:53.644Z,68.0,69.249,68.0
A Small Youtuber Gave Me A Gift.. #Shorts,https://www.youtube.com/watch?v=04vV9A95J4I,Phone Repair Guru,https://www.youtube.com/channel/UCCOrp7GPgZA8EGrbOcIAsyQ,2026-04-19T21:30:15.944Z,39.0,37.7,37.7
cooking for a party as a private chef  #capcut #cooking #food #privatechefs,https://www.youtube.com/watch?v=NVOBFMgr97U,Jacobi cooks,https://www.youtube.com/channel/UCFonP70DnWsn_7jLDhUQpuA,2026-04-19T21:30:13.419Z,180.0,2.525,2.525
Boomer's first time online 🤣 #Shorts,https://www.youtube.com/watch?v=bS0T_RKkF5U,MythicSanction ,https://www.youtube.com/channel/UCH_dmqGL8uFjFvfOPJxNAtg,2026-04-19T21:29:16.506Z,60.0,56.913,56.913
Playing a CLASSIC PlayStation game in Spiderman Homecoming #ps3 #playstation #littlebigplanet,https://www.youtube.com/watch?v=iRLYVkPJICQ,Lunchb0xGaming,https://www.youtube.com/channel/UCJhmU101s7yddqdBxsdE5kg,2026-04-19T21:27:12.434Z,130.0,124.072,124.072
Call me crazy but hitchhiking is one of my favourite ways to get around countries when solo,https://www.youtube.com/watch?v=qiDjYwUFipE,bella haigh,https://www.youtube.com/channel/UC60Q_zwyBfI60IOn2FL7BJA,2026-04-19T21:27:03.822Z,34.0,8.612,8.612
I 3D printed a speaker.. #carterpcs #tech #3dprinting #speaker,https://www.youtube.com/watch?v=RHLQVi3TOrc,CarterPCs,https://www.youtube.com/channel/UCi7wDE2ZTiR5QYYrUY5WhtA,2026-04-19T21:24:52.334Z,39.0,131.488,39.0
Why Apple Does This for Free #shorts,https://www.youtube.com/watch?v=ba_SD6_Pf2A,The Energy Culture,https://www.youtube.com/channel/UCdkkfaxKKDMGq1dBCoGxonQ,2026-04-19T21:24:10.912Z,34.0,41.422,34.0
Beats Cable,https://www.youtube.com/watch?v=e_GE8meplgg,UFD Tech,https://www.youtube.com/channel/UC4Z8mPYjn6Dhr6n531YDh0Q,2026-04-19T19:30:14.963Z,41.0,6835.949,41.0
🔴LIVE🔴Egg Pancake D419-1,https://www.youtube.com/watch?v=GS3EFYYeS48,TASTE TRIP,https://www.youtube.com/channel/UCcZndpM85bLlT3jNvNsGb3A,2026-04-19T19:30:06.815Z,14184.0,8.148,8.148
Anxious multipoo remains calm with ragdoll,https://www.youtube.com/watch?v=XEX3sc8HFME,Oscar Everest,https://www.youtube.com/channel/UCM_hkHc2uyaGuwQ69fpF_lQ,2026-04-19T19:30:05.687Z,28.0,1.128,1.128
Do you have this game?,https://www.youtube.com/watch?v=Ko--0CUTgGQ,Secret Castle Toys and Games,https://www.youtube.com/channel/UCpu_BTIxi2o3ofmrkTdX0rg,2026-04-19T19:28:44.801Z,54.0,80.886,54.0
Street Interview CA 9x16,https://www.youtube.com/watch?v=eD3MwlVrOqA,,,2026-04-19T19:28:43.208Z,73.0,1.593,1.593
Making Cement Mixer Ice Cream On The Jobsite,https://www.youtube.com/watch?v=j76O2Bu7Pv0,HAUS PLANS ®️,https://www.youtube.com/channel/UCFMGCDS4rQprREJJa8f4F0Q,2026-04-19T19:28:42.593Z,60.0,0.615,0.615
The Most Radioactive Place On Earth,https://www.youtube.com/watch?v=h2KFNdLqAiU,Veritasium,https://www.youtube.com/channel/UCHnyfMqiRRG1u-2MsSQLbXA,2026-04-19T19:28:39.593Z,93.0,3.0,3.0
the real reason leftovers taste better,https://www.youtube.com/watch?v=CkPeNP-OR5g,Kristian Sacco,https://www.youtube.com/channel/UCjtvCma19_YMbEBlr1Lu1lA,2026-04-19T19:27:36.280Z,39.0,63.313,39.0
How To Clean Drum Sander Paper,https://www.youtube.com/watch?v=lz3v6toAwyI,Burl and Feather,https://www.youtube.com/channel/UCrRnqKI0GD8Ey-3RdyA7saw,2026-04-19T19:25:10.434Z,142.0,145.846,142.0
FOG LAND (IGC #03 - Excel feat. WarioBrosZ) | WEBTOON,https://www.youtube.com/watch?v=L7jWcC_zCeA,,,2026-04-19T19:24:09.111Z,60.0,61.323,60.0
Parrying Zero #megaman #retrogaming,https://www.youtube.com/watch?v=FE3f3JOtdBs,Power Guy,https://www.youtube.com/channel/UC9m0sk4JMYCn4pEYOz91Cxw,2026-04-19T19:24:07.151Z,26.0,1.96,1.96
Expensive vs Cheap Fingerprint scanner,https://www.youtube.com/watch?v=Ahoi_zQji4Y,Surfshark Academy,https://www.youtube.com/channel/UCEFFKGOqb1Mtvj3g3gjc6tQ,2026-04-19T19:20:49.033Z,92.0,198.118,92.0
cid=40518e820e3253e0d52e1dbde49520b4,https://www.youtube.com/watch?v=BtZ9_iopGQQ,,,2026-04-19T19:20:44.545Z,29.0,4.488,4.488
I Just Watched Tron: Ares...,https://www.youtube.com/watch?v=QMqFSsgrMQg,Rantoni,https://www.youtube.com/channel/UCREHHX2Lk_BYGS9R0ia7DDQ,2026-04-19T19:18:49.379Z,481.0,115.166,115.166
iPhone Emulation Is Better Than You Think,https://www.youtube.com/watch?v=oTL06kzCUOE,Garrett Buffington,https://www.youtube.com/channel/UCKU6z8qFTgB_Qbd4e0Ji-PA,2026-04-19T19:17:43.277Z,1661.0,66.102,66.102
Dumb Things I've Done,https://www.youtube.com/watch?v=sJLm7MiP28Q,Kevinu,https://www.youtube.com/channel/UCMBxnpU54WaKJZ-MzFngbYw,2026-04-19T19:10:16.420Z,488.0,446.857,446.857
Mega Beedrill. He Do Not Stall. He Min-Max (Pokemon Champions),https://www.youtube.com/watch?v=c2fc_fAeD4o,pokeaimMD,https://www.youtube.com/channel/UCbXuFrNGSKcmZY_5DwYz4Ew,2026-04-19T18:19:39.188Z,4113.0,3037.232,3037.232
YouTube Animation Lost Its Soul,https://www.youtube.com/watch?v=BGDOxbn6Mn0,MoVinci arts,https://www.youtube.com/channel/UC9CJytIyhkKe_Lpt8wSMf2Q,2026-04-19T18:14:13.859Z,672.0,325.329,325.329
The exact moment I destroyed my college career,https://www.youtube.com/watch?v=kZjf_PZJKdM,cooper galanis,https://www.youtube.com/channel/UCWdxkga8k1nYgWIZr3Btnlg,2026-04-19T18:12:32.276Z,431.0,101.583,101.583
My Insane Freshman Roommate,https://www.youtube.com/watch?v=7nI5Q4lw8X8,cooper galanis,https://www.youtube.com/channel/UCWdxkga8k1nYgWIZr3Btnlg,2026-04-19T17:48:14.276Z,356.0,1458.0,356.0
He brought the One Chip Challenge 🔥😮,https://www.youtube.com/watch?v=5LyRQUBvekY,Flavor Hive,https://www.youtube.com/channel/UCs3r-mI1Sj_1LSPX0W5gB0w,2026-04-19T17:46:26.031Z,88.0,108.245,88.0
She brought bread 🥖,https://www.youtube.com/watch?v=ydSmbnQzKZw,Flavor Hive,https://www.youtube.com/channel/UCs3r-mI1Sj_1LSPX0W5gB0w,2026-04-19T17:45:41.570Z,82.0,44.461,44.461
REPLAI_CODM_14642_A-REMIX-MAPHIGHLIGHT-NUKETOWNVARIATIONS-0_V_9x16_EN_30s_251124,https://www.youtube.com/watch?v=uXHkkLgrFuw,,,2026-04-19T17:45:40.356Z,30.0,1.214,1.214
I understood sign language 👌,https://www.youtube.com/watch?v=Xtt_qLHo8eM,Flavor Hive,https://www.youtube.com/channel/UCs3r-mI1Sj_1LSPX0W5gB0w,2026-04-19T17:44:52.938Z,80.0,47.418,47.418
He mixed 2 flavors 😱,https://www.youtube.com/watch?v=DvIobpSCUWE,Flavor Hive,https://www.youtube.com/channel/UCs3r-mI1Sj_1LSPX0W5gB0w,2026-04-19T17:44:49.743Z,88.0,3.195,3.195
Never forget the rice,https://www.youtube.com/watch?v=7tbzqtlQ0JA,Flavor Hive,https://www.youtube.com/channel/UCs3r-mI1Sj_1LSPX0W5gB0w,2026-04-19T17:44:41.386Z,39.0,8.357,8.357
He drove 9 HOURS 😲,https://www.youtube.com/watch?v=2_e7zX66TQs,Flavor Hive,https://www.youtube.com/channel/UCs3r-mI1Sj_1LSPX0W5gB0w,2026-04-19T17:44:39.062Z,50.0,2.324,2.324
Was this Diet food?,https://www.youtube.com/watch?v=8sMl9UcAjC4,Flavor Hive,https://www.youtube.com/channel/UCs3r-mI1Sj_1LSPX0W5gB0w,2026-04-19T17:44:04.160Z,84.0,34.902,34.902
He brought a whole bucket 🪣,https://www.youtube.com/watch?v=Up1j5CXjnsI,Flavor Hive,https://www.youtube.com/channel/UCs3r-mI1Sj_1LSPX0W5gB0w,2026-04-19T17:41:17.885Z,88.0,166.275,88.0
Air-Fried Ramen Chips 😱,https://www.youtube.com/watch?v=E9PIDtMr5jM,Flavor Hive,https://www.youtube.com/channel/UCs3r-mI1Sj_1LSPX0W5gB0w,2026-04-19T17:38:51.229Z,87.0,146.656,87.0
He brought his own meat 🍖🥩,https://www.youtube.com/watch?v=WAo7xsbgOFc,Flavor Hive,https://www.youtube.com/channel/UCs3r-mI1Sj_1LSPX0W5gB0w,2026-04-19T17:38:42.727Z,88.0,8.502,8.502
He brought $200 Caviar 💰🤑,https://www.youtube.com/watch?v=FJGCFdVTFlA,Flavor Hive,https://www.youtube.com/channel/UCs3r-mI1Sj_1LSPX0W5gB0w,2026-04-19T17:37:21.699Z,81.0,81.028,81.0
Bring your own bag by Flavor Hive,https://www.youtube.com/watch?v=yUPV_wlyj1Y,Flavor Hive,https://www.youtube.com/channel/UCs3r-mI1Sj_1LSPX0W5gB0w,2026-04-19T17:37:06.887Z,52.0,14.812,14.812
He flew 14 hours for this ✈️,https://www.youtube.com/watch?v=kBoPb2ZuI3Y,Flavor Hive,https://www.youtube.com/channel/UCs3r-mI1Sj_1LSPX0W5gB0w,2026-04-19T17:37:04.934Z,46.0,1.953,1.953
Bring your own bag by Flavor Hive,https://www.youtube.com/watch?v=5QjDV8851Hw,Flavor Hive,https://www.youtube.com/channel/UCs3r-mI1Sj_1LSPX0W5gB0w,2026-04-19T17:36:52.932Z,58.0,12.002,12.002
🌭 iconic hotdog stand that's been in LA since the 40s #shorts,https://www.youtube.com/watch?v=FyRhz5PPAag,Jen Z | LA Food & Fun 🌴,https://www.youtube.com/channel/UCX-iPeZnecLX3aW8rQvzWjQ,2026-04-19T17:35:18.203Z,56.0,94.729,56.0
Replying to @Florizette_Art&Illustration do cats multiply by mitosis or what? 😅 #cat @amys_vlog777,https://www.youtube.com/watch?v=hM_NAniS8cQ,Kitty Lover ,https://www.youtube.com/channel/UCPuyk6UVLs9D3UPSiVhQF7w,2026-04-19T17:28:41.090Z,13.0,397.113,13.0
Meowguards in training 🛟🚿,https://www.youtube.com/watch?v=PuifBJ92l9Y,Wasabi Sushi Matcha,https://www.youtube.com/channel/UCzMfRbnWfKYnVdIe_1WiSfw,2026-04-19T17:28:39.390Z,48.0,1.7,1.7
I Tried the Prototype LG Rollable Phone!,https://www.youtube.com/watch?v=vdeELH6hIaw,Austin Evans,https://www.youtube.com/channel/UCXGgrKt94gR6lmN4aN3mYTg,2026-04-19T17:04:09.044Z,64.0,1470.346,64.0
Testing EVERY Handheld Gaming Camera,https://www.youtube.com/watch?v=gGlJkDwXwDY,Austin Evans,https://www.youtube.com/channel/UCXGgrKt94gR6lmN4aN3mYTg,2026-04-19T17:04:07.468Z,48.0,1.576,1.576
What’s the WORST Nintendo Console?,https://www.youtube.com/watch?v=6yu6ob01ufQ,Austin Evans,https://www.youtube.com/channel/UCXGgrKt94gR6lmN4aN3mYTg,2026-04-19T17:00:12.642Z,84.0,234.826,84.0
It’s time for a change,https://www.youtube.com/watch?v=OWn6Da7ATPw,Austin Evans,https://www.youtube.com/channel/UCXGgrKt94gR6lmN4aN3mYTg,2026-04-19T16:59:05.087Z,60.0,67.555,60.0
IMU vs LOKI INCOMING? | One Piece 1180 with RogersBase,https://www.youtube.com/watch?v=VHjhFRAM6Rs,RogersBase,https://www.youtube.com/channel/UCwp61vhrXzXdobn5czTFaaw,2026-04-19T16:03:51.146Z,5199.0,3313.941,3313.941
"MALING MESUM, PRAAAAANKKK? | Why News E1S1",https://www.youtube.com/watch?v=_c0Q-cnnTiE,Dinasti Komedi Indonesia,https://www.youtube.com/channel/UCjFA5eXONzP6GNoLMXj7GaQ,2026-04-19T15:30:19.642Z,772.0,2011.504,772.0
my favorite smiling friends s2 moments,https://www.youtube.com/watch?v=QeVasLgV104,dietpepsi,https://www.youtube.com/channel/UCgVZKn0ZN3FI1SzD2P6ZwRQ,2026-04-19T15:29:55.133Z,941.0,24.509,24.509
3 companies control what every man in the world smells like. Most people will never know them,https://www.youtube.com/watch?v=XhguDlBK-Ew,"Miko PS • Watches, Men’s Style & Satire",https://www.youtube.com/channel/UC_nU96iaTbWJQdse-bzH18Q,2026-04-19T14:25:11.662Z,135.0,3883.471,135.0
Some of the animations in Pokémon Champions are nuts,https://www.youtube.com/watch?v=bb9QQuWkryE,thwack,https://www.youtube.com/channel/UCSL1crqpJDNukTfx1KJ7o5w,2026-04-19T14:24:21.879Z,13.0,49.783,13.0
I Made The World's Cheapest iPhone 17 Pro Max!,https://www.youtube.com/watch?v=DmZBHPR9j-w,TechWiser,https://www.youtube.com/channel/UCdp6GUwjKscp5ST4M4WgIpw,2026-04-19T14:20:28.553Z,94.0,233.326,94.0
Cat sleep 💤 #foryou #shorts,https://www.youtube.com/watch?v=dx5kOjlMgi4,Bernt Vitalo,https://www.youtube.com/channel/UCwTk1ml2Ksm2vayGwtpGV1w,2026-04-19T14:20:15.879Z,64.0,12.674,12.674
Did you know Apple does this to your old iPhones?!?,https://www.youtube.com/watch?v=yQfuLTd3EJ4,Bram D Media,https://www.youtube.com/channel/UCmbwoE496OVMs3_T02TZ6-w,2026-04-19T14:18:45.333Z,46.0,90.546,46.0
The Truth about the Cybertruck,https://www.youtube.com/watch?v=6q8aTqZAIuc,CarterPCs,https://www.youtube.com/channel/UCi7wDE2ZTiR5QYYrUY5WhtA,2026-04-19T14:03:46.549Z,34.0,898.784,34.0
The economy then vs now,https://www.youtube.com/watch?v=kYq4A8QzZps,tomsee540,https://www.youtube.com/channel/UCCnRCY42rcY_MZ-pOMoMDsg,2026-04-19T14:02:12.671Z,94.0,93.878,93.878
Cat Paws,https://www.youtube.com/watch?v=4MbaqegIl-s,xRahmatx,https://www.youtube.com/channel/UCXjVbU88j24KXrfpU5ZXanA,2026-04-19T14:01:49.559Z,62.0,23.112,23.112
Build this affordable kit in a single weekend!,https://www.youtube.com/watch?v=0jpt_lSqRhw,Bunkie Life,https://www.youtube.com/channel/UCbUc1vSYDKZAssM-nBK6Xgg,2026-04-19T14:00:39.910Z,49.0,69.649,49.0
the 2007 GameCube game of the year (by default),https://www.youtube.com/watch?v=7EBI9XOvbi0,PC Peet,https://www.youtube.com/channel/UCnOfVwkXlAUh22y2-puImXg,2026-04-19T13:53:03.538Z,73.0,456.372,73.0
Uncle Kiriakou Got Cheated On 😭💔🥀,https://www.youtube.com/watch?v=TXPjPxXQfpE,BluScorn,https://www.youtube.com/channel/UCPkHuByIKtqC3DbIUTaqU3w,2026-04-19T13:49:42.196Z,173.0,201.342,173.0
Hard Work Beats Lazy Any Day.,https://www.youtube.com/watch?v=0X8TGR_WQV8,Snuff Cup,https://www.youtube.com/channel/UCm-ra6k1zLgGw-uIVaM0vkA,2026-04-19T13:49:39.087Z,73.0,3.109,3.109
The Strangest Character in Fighting Game History #gaming #streetfighter,https://www.youtube.com/watch?v=jBeLROUuzXA,FRAGZ,https://www.youtube.com/channel/UC0Wf6DWeZgzTBzGSYDCgRaA,2026-04-19T13:48:38.647Z,60.0,60.44,60.0
I bought a 16TB flash drive for $26.. is it real?? #carterpcs #tech #flashdrive #tech,https://www.youtube.com/watch?v=2VnX1s_IL-M,CarterPCs,https://www.youtube.com/channel/UCi7wDE2ZTiR5QYYrUY5WhtA,2026-04-19T13:48:03.777Z,34.0,34.87,34.0
YUGIOH'S NEW SET IS ITS BEST EVER.,https://www.youtube.com/watch?v=7uIXkIbe-lI,MBT Yu-Gi-Oh!,https://www.youtube.com/channel/UCUkuW81Ny_nfZdo9YYULoQQ,2026-04-19T13:46:21.777Z,71.0,102.0,71.0
locker checking day🥶🥶🥶,https://www.youtube.com/watch?v=tiLz6C8x9gw,mesigugu,https://www.youtube.com/channel/UCF3wPGUX7anlAV0AzaZfbZw,2026-04-19T13:45:23.572Z,58.0,58.205,58.0
Zach and Michael review a toilet #smilingfriends #sdcc2024,https://www.youtube.com/watch?v=mXc2SmDvqL4,Adult Swim,https://www.youtube.com/channel/UCgPClNr5VSYC3syrDUIlzLw,2026-04-19T13:40:24.774Z,55.0,298.798,55.0
The Time Ben 10 Married A Human Woman,https://www.youtube.com/watch?v=qBc7dykVbfI,DrWardy,https://www.youtube.com/channel/UCROVVPrb94jeR9dqMX5V6Yg,2026-04-19T13:31:01.666Z,1044.0,563.108,563.108
IS SABLEYE THE ANSWER?!,https://www.youtube.com/watch?v=cx0XEKMKMeM,shofu,https://www.youtube.com/channel/UCbr6TI0Mujw2iFAQE4R8yrQ,2026-04-19T13:20:43.951Z,11001.0,617.715,617.715
Birddaughter Bug Battle | Rick and Morty | adult swim,https://www.youtube.com/watch?v=4huKu-JpBHY,Adult Swim,https://www.youtube.com/channel/UCgPClNr5VSYC3syrDUIlzLw,2026-04-19T13:05:39.639Z,282.0,904.312,282.0
"Selling ""FREE"" Phones to a Walmart ATM... WHAT HAPPENS?",https://www.youtube.com/watch?v=GYAgNzc1EUk,Smokin' Silicon,https://www.youtube.com/channel/UCPWEIH_IfcGqbWV89o84afA,2026-04-19T05:51:01.510Z,761.0,26078.129,761.0
The Level 100 Druid Paragon Is Better Than ANYONE Thought... (Bloons TD 6),https://www.youtube.com/watch?v=xIRs0BNEKvs,ISAB,https://www.youtube.com/channel/UC7WQH4kpgxXJYHp8r9IAO-Q,2026-04-19T05:46:09.538Z,1329.0,291.972,291.972
Can't Help Falling in Love,https://music.youtube.com/watch?v=pZuJKQ6uzHE,Elvis Presley - Topic,https://www.youtube.com/channel/UChgxarBUCnPJV871-46bJ2g,2026-04-19T05:43:32.753Z,179.0,156.785,156.785
Put Your Head On My Shoulder,https://music.youtube.com/watch?v=kvazBqAlx58,Paul Anka - Topic,https://www.youtube.com/channel/UCEuZeapObLSPFWmPIK6kxag,2026-04-19T05:40:50.075Z,163.0,162.678,162.678
You Are My Destiny,https://music.youtube.com/watch?v=k7fihig4u0Y,Paul Anka - Topic,https://www.youtube.com/channel/UCEuZeapObLSPFWmPIK6kxag,2026-04-19T05:37:58.633Z,171.0,171.442,171.0
You Are My Destiny,https://www.youtube.com/watch?v=k7fihig4u0Y,Paul Anka - Topic,https://www.youtube.com/channel/UCEuZeapObLSPFWmPIK6kxag,2026-04-19T05:37:42.197Z,171.0,16.436,16.436
U R MR GAY,https://www.youtube.com/watch?v=_wOlZRVIeME,Chazington,https://www.youtube.com/channel/UCkoovQZX5QP5Z0eI7e9KAxw,2026-04-19T04:50:34.210Z,674.0,2827.987,674.0
The Smiling Friends Conspiracy,https://www.youtube.com/watch?v=JKK7Q8NcJ_A,bernievidz,https://www.youtube.com/channel/UCU4VFB2dYNUTf-8tnuM16GA,2026-04-19T04:47:59.395Z,1322.0,154.815,154.815
That one overworked father in every movie 😭,https://www.youtube.com/watch?v=wwsTRE4Jp-Y,faroukie,https://www.youtube.com/channel/UCR36wZwzDwn04LiWjnJgv2w,2026-04-19T04:46:58.086Z,49.0,61.309,49.0
Ranking TuTu Moments.,https://www.youtube.com/watch?v=a6bfJXwf240,TripleARanks,https://www.youtube.com/channel/UCZBhPfCpalZsNJ5Zw5zdCXQ,2026-04-19T04:46:53.597Z,63.0,4.489,4.489
Meatball is clearly STARVING 😭😮‍💨‼️,https://www.youtube.com/watch?v=HGRh7zTFPEA,Wasabi Sushi Matcha,https://www.youtube.com/channel/UCzMfRbnWfKYnVdIe_1WiSfw,2026-04-19T04:46:40.274Z,11.0,13.323,11.0
Vtuber Cooks Breakfast [BODY REVEAL],https://www.youtube.com/watch?v=08K1pPZRbQQ,Kevinu,https://www.youtube.com/channel/UCMBxnpU54WaKJZ-MzFngbYw,2026-04-19T04:45:03.218Z,1149.0,97.056,97.056
My Second Girl Friend [Part 2],https://www.youtube.com/watch?v=Z9hV_6MRgdE,Kevinu,https://www.youtube.com/channel/UCMBxnpU54WaKJZ-MzFngbYw,2026-04-19T04:32:30.547Z,495.0,752.671,495.0
My Second Girl Friend (Animated Story),https://www.youtube.com/watch?v=RdTfthRcABs,Kevinu,https://www.youtube.com/channel/UCMBxnpU54WaKJZ-MzFngbYw,2026-04-19T04:22:39.810Z,486.0,590.737,486.0
I Read the Original 2004 Diary of a Wimpy Kid Book,https://www.youtube.com/watch?v=zSuRFxxYmJ0,Miditz,https://www.youtube.com/channel/UCXiuc7ncQTLhkcg9yeDd34w,2026-04-19T04:13:30.547Z,685.0,549.263,549.263
UC San Diego Dorm Tour 2026 (John Muir College),https://www.youtube.com/watch?v=pizTkaB08g8,"david, the counselor",https://www.youtube.com/channel/UCllu6ImJCinohr7skJEa5_Q,2026-04-19T04:11:12.715Z,,137.832,137.832
I Wandered Off,https://www.youtube.com/watch?v=JhnYJ1rLYRM,Milad Mirg,https://www.youtube.com/channel/UCWLu3q9FEmPPYKcUAxKZb2A,2026-04-19T04:10:36.163Z,41.0,36.552,36.552
Is Subway’s Tuna Real?,https://www.youtube.com/watch?v=meks-wFeX1U,Milad Mirg,https://www.youtube.com/channel/UCWLu3q9FEmPPYKcUAxKZb2A,2026-04-19T04:10:34.807Z,63.0,1.356,1.356
Subway’s New Mascot (@Sambucha),https://www.youtube.com/watch?v=8Ize1lJ7P0Y,Milad Mirg,https://www.youtube.com/channel/UCWLu3q9FEmPPYKcUAxKZb2A,2026-04-19T04:10:22.350Z,62.0,12.457,12.457
Cat the inspector #cat #cute #animals #shorts #reels #catshorts #catlife #kitty #catvideos #pets,https://www.youtube.com/watch?v=3mYiJDvZ6rI,Stevens Laramie,https://www.youtube.com/channel/UCV8GyTQKTPgbQNgj4qNJzfw,2026-04-19T04:09:17.024Z,24.0,65.326,24.0
The iPhone 13 is just old 😭 #apple #iphone13 #iphone #tech #donnywasthere #shorts,https://www.youtube.com/watch?v=OLc5laAOtAs,Donnywasthere ,https://www.youtube.com/channel/UCIh-avESt0wNqtsdFFQQVEw,2026-04-19T04:08:35.145Z,41.0,41.879,41.0
People Don't Come To IKEA For The Furniture,https://www.youtube.com/watch?v=CgH3aKddDuQ,Christoph Keller,https://www.youtube.com/channel/UCMb2nmg34o622V6-6PsNjyQ,2026-04-19T04:07:26.630Z,70.0,68.515,68.515
Makan ditempat jualan cara untuk menarik pembeli datang #streetfood #jajanan,https://www.youtube.com/watch?v=u7Gn1o9pGO4,Dwie Briant Suga,https://www.youtube.com/channel/UC_zYW0q7nObyfP0La9Iftvg,2026-04-19T04:06:22.222Z,89.0,64.408,64.408
I was in the MOST DISLIKED VIDEO in YOUTUBE HISTORY,https://www.youtube.com/watch?v=NULiCgEmyK8,EroldStory,https://www.youtube.com/channel/UCAlxwHEm1bWWYoe5VCSQYEg,2026-04-19T04:00:14.796Z,1557.0,367.426,367.426
What Is The Most Expensive Item At Dollar General?,https://www.youtube.com/watch?v=NA-oRAc8aCo,Sambucha,https://www.youtube.com/channel/UCWBWgCD4oAqT3hUeq40SCUw,2026-04-19T03:55:02.253Z,56.0,312.543,56.0
Plastic Engine Parts Always Fail and Cause Leaks — Find the Leak Fast with Smoke,https://www.youtube.com/watch?v=WQM0TEjYIl8,AutoLine Pro,https://www.youtube.com/channel/UCzyGW-IiesY4EXsjbzr91Mg,2026-04-19T03:54:59.701Z,44.0,2.552,2.552
Brighten your Kobo eReader with a custom screensaver for the perfect spring refresh 💐☀️,https://www.youtube.com/watch?v=ELbYy3YHCDI,Kobo,https://www.youtube.com/channel/UCK00y7P0ttcA4Z9RHlYcwfg,2026-04-19T03:54:57.962Z,25.0,1.739,1.739
Showing @actuallycarterpcs my WORST Gaming PC,https://www.youtube.com/watch?v=qakMfDnITUM,Austin Evans,https://www.youtube.com/channel/UCXGgrKt94gR6lmN4aN3mYTg,2026-04-19T03:47:45.525Z,54.0,432.437,54.0
Costco SPAIN 🇪🇸,https://www.youtube.com/watch?v=oItbSRmSizM,ShoPhoCho,https://www.youtube.com/channel/UCoORG3Kgz9NQybnMnilunDQ,2026-04-19T03:46:40.927Z,62.0,64.598,62.0
ARE PIXELS TRASH🤔🤔? #android #smartphone #samsung #tech #techtok #googlepixel,https://www.youtube.com/watch?v=UIvxlxt8COc,ryan,https://www.youtube.com/channel/UCCiGY0qGJ6ArOh8FpwgmxJQ,2026-04-19T03:42:33.419Z,36.0,247.508,36.0
scams 10 years ago vs scams today,https://www.youtube.com/watch?v=Gc20U-G5A18,bombasticnoa,https://www.youtube.com/channel/UC8AMAquZo_wVbuyZ_aH4zOQ,2026-04-19T03:41:52.589Z,15.0,40.83,15.0
My First Girl Friend (Animated Story),https://www.youtube.com/watch?v=ODNrYraHziM,Kevinu,https://www.youtube.com/channel/UCMBxnpU54WaKJZ-MzFngbYw,2026-04-19T03:17:33.856Z,493.0,1458.733,493.0
Country Bars Are Terrifying,https://www.youtube.com/watch?v=c8Vpc3Q-FwE,cooper galanis,https://www.youtube.com/channel/UCWdxkga8k1nYgWIZr3Btnlg,2026-04-19T03:10:25.945Z,374.0,427.911,374.0
Where I've been.,https://www.youtube.com/watch?v=EqLjHPzKeCs,TOASTY,https://www.youtube.com/channel/UC6Ju00QIPQw2mCcUSrbyQKQ,2026-04-19T03:08:59.316Z,574.0,86.629,86.629
Bashurverse Goodbye Video He Deleted,https://www.youtube.com/watch?v=vKgQXKiyxKY,Mosiiax 2,https://www.youtube.com/channel/UCohNOG1ivERh4VwNFjbAbUg,2026-04-19T03:07:14.727Z,185.0,104.589,104.589
Oneyplays: Referencing Youtube Culture (Past 10 Years),https://www.youtube.com/watch?v=Yg2Ep9pLqlg,Stealthisbagel,https://www.youtube.com/channel/UCRnUdA2D6lMdZXvN9nBBJ5w,2026-04-19T03:03:12.198Z,3144.0,242.529,242.529
hey,https://www.youtube.com/watch?v=yzGv-ClzP9Q,pokeaimMD,https://www.youtube.com/channel/UCbXuFrNGSKcmZY_5DwYz4Ew,2026-04-19T02:55:43.705Z,463.0,448.493,448.493
this fake iPhone 17 is.. not actually fake,https://www.youtube.com/watch?v=mXIIjd8IqTM,jOhnZoid,https://www.youtube.com/channel/UC8RhfvtFeIlIfXzS_D_T9Ug,2026-04-19T02:47:04.556Z,619.0,519.149,519.149
I downgraded my iPhone on purpose. No regrets.,https://www.youtube.com/watch?v=l0T2V3y5HE8,rillo,https://www.youtube.com/channel/UCyw_mtuNzMhpNFBY8huBxIw,2026-04-19T02:38:05.017Z,533.0,539.539,533.0
I 100%’d The Rick And Morty Game You Can’t Download Anymore,https://www.youtube.com/watch?v=Y7obDFtvev0,Perpetual Prince,https://www.youtube.com/channel/UCQE2uHzzuXBiPZ9k973poxQ,2026-04-19T02:37:12.359Z,2535.0,52.658,52.658
You NEED to try Retro Achievements!,https://www.youtube.com/watch?v=kB1dc5B2bNg,Tooterp,https://www.youtube.com/channel/UCn9dOLOh41EZSIXjlYsqIZQ,2026-04-19T02:28:20.820Z,812.0,531.539,531.539
The Best Easter Egg from Every Mega Man Game 1-11!! Mega Man Easter Eggs!,https://www.youtube.com/watch?v=Z5CvGaqQn_U,Tooterp,https://www.youtube.com/channel/UCn9dOLOh41EZSIXjlYsqIZQ,2026-04-19T02:27:26.752Z,762.0,54.068,54.068
"I Bought 11 ""Parts Only"" iPhones for $150 - Trash or Treasure?",https://www.youtube.com/watch?v=KjYcrWg_0os,AppleInsight,https://www.youtube.com/channel/UC71gZO0mwNuFKuUNIgRJ_Vw,2026-04-19T02:27:07.963Z,2083.0,18.789,18.789
Alysa Liu Remembers Her Firsts | Teen Vogue,https://www.youtube.com/watch?v=WSsXbfl6kNM,Teen Vogue,https://www.youtube.com/channel/UCr7ZFxNlDvb3waeoTN1_3mA,2026-04-19T01:58:03.343Z,529.0,1744.62,529.0
"Allbirds rebrands as AI company, stock jumps 600%",https://www.youtube.com/watch?v=M6JWj-7Wz6c,Dave Jorgenson,https://www.youtube.com/channel/UC4V84y8cUtthXhRzLKSly7A,2026-04-19T01:46:25.259Z,70.0,698.084,70.0
Sosis Megaolodon? Bukan yaaa 😂 ini resep Chicken Ham homemade yang rasanya endol banget!,https://www.youtube.com/watch?v=K7nG0qdavkw,KHIA,https://www.youtube.com/channel/UCxFUfGO2TNrTEFMo8k11qig,2026-04-19T01:46:20.393Z,82.0,4.866,4.866
It never ends 🙃 @konstantinzsigo #food #fakefood,https://www.youtube.com/watch?v=A8t50UAftj8,The Plant Slant,https://www.youtube.com/channel/UCEMj2h7pP4QWkoGnSmaiiYw,2026-04-19T01:46:15.744Z,117.0,4.649,4.649
my final home pond update :( #fish #pond #aquarium #landscaping #yard,https://www.youtube.com/watch?v=-NSshYR5MTw,Eric Wang,https://www.youtube.com/channel/UCndv1-tgcYaxulGlPzbgbcQ,2026-04-19T01:46:15.172Z,42.0,0.572,0.572
The UN building is breaking NYC law,https://www.youtube.com/watch?v=uDXjypLHLls,Lectec | Everyday Science,https://www.youtube.com/channel/UCIiALZGKzY4ScjV92l4vI1Q,2026-04-19T01:46:10.223Z,78.0,4.949,4.949
5 Apple products I won’t glaze… #c#carterpcstech #apple,https://www.youtube.com/watch?v=Cru6_K7Vb88,CarterPCs,https://www.youtube.com/channel/UCi7wDE2ZTiR5QYYrUY5WhtA,2026-04-19T01:45:03.663Z,58.0,66.56,58.0
pov lunch at Katz's Deli in nyc #nyc #deli #katzsdeli #pastrami #sandwich #foodie #nycfood #food,https://www.youtube.com/watch?v=DKiIYh9FB1A,POVintheCity,https://www.youtube.com/channel/UCQrcUDsvIq0mz0Q54FiLljQ,2026-04-19T01:42:56.804Z,97.0,126.859,97.0
Recap Seblak 2023 #kulinerbandung #seblaktehbetty #kuliner,https://www.youtube.com/watch?v=P0vba56OCgw,Betty Augustina,https://www.youtube.com/channel/UC-MP_L6b7DJxj3tiLHdKi8A,2026-04-19T01:41:54.650Z,61.0,62.154,61.0
SICKO MODE,https://music.youtube.com/watch?v=NQbkGDoD7B0,Travis Scott - Topic,https://www.youtube.com/channel/UCf_gP4AMRSgAfyzbkeS9k4g,2026-04-19T01:22:39.652Z,313.0,1154.998,313.0
Push Ups,https://music.youtube.com/watch?v=HKH9p19PRLA,Drake - Topic,https://www.youtube.com/channel/UCU6cE7pdJPc6DU2jSrKEsdQ,2026-04-19T01:18:46.770Z,233.0,232.882,232.882
m.A.A.d city,https://music.youtube.com/watch?v=AuikIJZpt_8,Kendrick Lamar - Topic,https://www.youtube.com/channel/UCprAFmT0C6O4X0ToEXpeFTQ,2026-04-19T01:12:43.146Z,351.0,363.624,351.0
Pizza Toppings Landing 🚀🌍,https://www.youtube.com/watch?v=f2dwVHcouig,Wasabi Sushi Matcha,https://www.youtube.com/channel/UCzMfRbnWfKYnVdIe_1WiSfw,2026-04-19T01:11:00.576Z,41.0,102.57,41.0
No More Parties In LA,https://music.youtube.com/watch?v=NnMuFqsmYSE,Kanye West - Topic,https://www.youtube.com/channel/UCRY5dYsbIN5TylSbd7gVnZg,2026-04-19T01:04:41.771Z,375.0,378.805,375.0
How Much A Dollar Cost,https://music.youtube.com/watch?v=y8kEiL81_R4,Kendrick Lamar - Topic,https://www.youtube.com/channel/UCprAFmT0C6O4X0ToEXpeFTQ,2026-04-19T01:04:28.376Z,262.0,13.395,13.395
Feel The Love,https://music.youtube.com/watch?v=rnZQvgWhM5s,Kids See Ghosts - Topic,https://www.youtube.com/channel/UCXXMMJZJg5Pbd6PYeqDvGNw,2026-04-19T01:01:39.618Z,166.0,168.758,166.0
Devil In A New Dress,https://music.youtube.com/watch?v=sk3rpYkiHe8,Kanye West - Topic,https://www.youtube.com/channel/UCRY5dYsbIN5TylSbd7gVnZg,2026-04-19T01:01:37.415Z,352.0,2.203,2.203
Diced Pineapples,https://music.youtube.com/watch?v=KX_W8H2JiXg,Rick Ross - Topic,https://www.youtube.com/channel/UCayETQO60tEaJ0ihqZYstRQ,2026-04-19T01:01:34.737Z,277.0,2.678,2.678
All I Know,https://music.youtube.com/watch?v=l3lwYzk2gLc,Speaker Knockerz - Topic,https://www.youtube.com/channel/UCVGf-ToUCEAqOnuW3Fdn41g,2026-04-19T01:01:33.884Z,180.0,0.853,0.853
Fire,https://music.youtube.com/watch?v=kuxfG6mFB4I,swipey - Topic,https://www.youtube.com/channel/UC9qLzG5e-_xXvo0VwixGnVA,2026-04-19T01:01:33.326Z,289.0,0.558,0.558
CODE OF HONOR,https://music.youtube.com/watch?v=bpSPXwHWROc,21 Savage - Topic,https://www.youtube.com/channel/UCoC_a7lWbj2v7rt4ujp4n2A,2026-04-19T01:00:25.640Z,227.0,67.686,67.686
Under The Sun,https://music.youtube.com/watch?v=97Nt5CaV0QU,Dreamville - Topic,https://www.youtube.com/channel/UCqyfQ7k3iQRRtO67J6KP9eA,2026-04-19T00:57:02.991Z,203.0,202.649,202.649
In A Minute,https://music.youtube.com/watch?v=8RMXigC_SNU,Lil Baby - Topic,https://www.youtube.com/channel/UC_z9AthnCGSAk_tZf-KqoFA,2026-04-19T00:56:18.619Z,201.0,44.372,44.372
Backseat Freestyle,https://music.youtube.com/watch?v=lm0mEp2v-t8,Kendrick Lamar - Topic,https://www.youtube.com/channel/UCprAFmT0C6O4X0ToEXpeFTQ,2026-04-19T00:52:45.513Z,213.0,213.106,213.0
I'm a Boss (feat. Rick Ross),https://music.youtube.com/watch?v=9FKKf5AQmi4,Meek Mill - Topic,https://www.youtube.com/channel/UCr_zAwkma5JAyHOWfVXaouA,2026-04-19T00:52:34.989Z,246.0,10.524,10.524
9 5 . s o u t h,https://music.youtube.com/watch?v=iNMB-tTp8Vk,J. Cole - Topic,https://www.youtube.com/channel/UC0ajkOzj8xE3Gs3LHCE243A,2026-04-19T00:45:12.853Z,197.0,442.136,197.0
Dreams and Nightmares,https://music.youtube.com/watch?v=FCxJO5OKW5Q,Meek Mill - Topic,https://www.youtube.com/channel/UCr_zAwkma5JAyHOWfVXaouA,2026-04-19T00:41:21.574Z,231.0,231.279,231.0
MY EYES,https://music.youtube.com/watch?v=yhohHPdPczQ,Travis Scott - Topic,https://www.youtube.com/channel/UCf_gP4AMRSgAfyzbkeS9k4g,2026-04-19T00:38:32.078Z,252.0,169.496,169.496
redrum,https://music.youtube.com/watch?v=OCY9vN4QzqY,21 Savage - Topic,https://www.youtube.com/channel/UCoC_a7lWbj2v7rt4ujp4n2A,2026-04-19T00:34:00.751Z,271.0,271.327,271.0
I'm On One (Explicit Version),https://music.youtube.com/watch?v=iVNbiYgyoSA,DJ Khaled - Topic,https://www.youtube.com/channel/UCF_sh7efmoosuGZVYWzryiQ,2026-04-19T00:31:58.941Z,299.0,121.81,121.81
Like That,https://music.youtube.com/watch?v=Rr1Cdli5nE8,Future - Topic,https://www.youtube.com/channel/UC1_liDR4fRFJgH4HoJeV8cw,2026-04-19T00:23:40.110Z,268.0,498.831,268.0
Back To Back,https://music.youtube.com/watch?v=72ykBvPOIc0,Drake - Topic,https://www.youtube.com/channel/UCU6cE7pdJPc6DU2jSrKEsdQ,2026-04-19T00:20:49.046Z,171.0,171.064,171.0
HYAENA,https://music.youtube.com/watch?v=qS6ozdhzSVQ,Travis Scott - Topic,https://www.youtube.com/channel/UCf_gP4AMRSgAfyzbkeS9k4g,2026-04-19T00:15:02.905Z,223.0,346.141,223.0
4th Dimension,https://music.youtube.com/watch?v=6Hj5tucYv1Q,Kids See Ghosts - Topic,https://www.youtube.com/channel/UCXXMMJZJg5Pbd6PYeqDvGNw,2026-04-19T00:12:29.587Z,154.0,153.318,153.318
N95,https://music.youtube.com/watch?v=fhCkGKiP95I,Kendrick Lamar - Topic,https://www.youtube.com/channel/UCprAFmT0C6O4X0ToEXpeFTQ,2026-04-19T00:09:13.634Z,196.0,195.953,195.953
BEST OF ROOMMATE STORIES,https://www.youtube.com/watch?v=KiD6-1UbPnw,OneyPlays,https://www.youtube.com/channel/UCO1ITICo8MLHGAXR1uzFwjA,2026-04-19T00:06:26.940Z,1223.0,166.694,166.694
Clauvio Instantly Regrets Trying To Be Smooth,https://www.youtube.com/watch?v=RCFD0bgm4ik,LIR Clips,https://www.youtube.com/channel/UCMSYZMRLk5xPC7DTT18UP-Q,2026-04-18T23:55:56.480Z,36.0,630.46,36.0
China's Millionaire MMO Whales,https://www.youtube.com/watch?v=WVNnva0wJC4,China Insider with David Zhang,https://www.youtube.com/channel/UCGwRMUypKKXIHrjVS52QpBA,2026-04-18T23:55:14.808Z,834.0,41.672,41.672
[Dan] cyberstalks a vtuber,https://www.youtube.com/watch?v=D-QCEowgfVw,The Library of Letourneau,https://www.youtube.com/channel/UC_O58Rr2DOskJvs9bArpLkQ,2026-04-18T23:54:09.739Z,411.0,65.069,65.069
The Northernlion Supercruise Announcement Stream,https://www.youtube.com/watch?v=lEAN0y0lDp4,The Library of Letourneau,https://www.youtube.com/channel/UC_O58Rr2DOskJvs9bArpLkQ,2026-04-18T23:53:44.367Z,1107.0,25.372,25.372
The Northernlion Supercruise is cancelled.,https://www.youtube.com/watch?v=5wU-Ptf1m6M,The Library of Letourneau,https://www.youtube.com/channel/UC_O58Rr2DOskJvs9bArpLkQ,2026-04-18T23:51:50.627Z,746.0,113.74,113.74
Talking about my Gym Crushes (Live-Commentary),https://www.youtube.com/watch?v=5TP47054_4Q,Kevinu,https://www.youtube.com/channel/UCMBxnpU54WaKJZ-MzFngbYw,2026-04-18T23:31:16.738Z,1504.0,1233.889,1233.889
College Crush Part 3,https://www.youtube.com/watch?v=LZvM6_dELJc,Kevinu,https://www.youtube.com/channel/UCMBxnpU54WaKJZ-MzFngbYw,2026-04-18T23:22:42.033Z,500.0,514.705,500.0
College Crush Part 2,https://www.youtube.com/watch?v=oQN2H-T75Kw,Kevinu,https://www.youtube.com/channel/UCMBxnpU54WaKJZ-MzFngbYw,2026-04-18T23:12:47.238Z,500.0,594.795,500.0
College Crush Part 1,https://www.youtube.com/watch?v=QnetC6vlwmw,Kevinu,https://www.youtube.com/channel/UCMBxnpU54WaKJZ-MzFngbYw,2026-04-18T21:56:55.799Z,489.0,4551.439,489.0
My Worst Fast-Food Customer,https://www.youtube.com/watch?v=b2knTZlEtdk,Kevinu,https://www.youtube.com/channel/UCMBxnpU54WaKJZ-MzFngbYw,2026-04-18T21:43:44.519Z,42.0,791.28,42.0
Oh na beef to the face from the top rope😭😭🫦✌️ #shadow #boxing #shadowboxing #funny #wow,https://www.youtube.com/watch?v=Qgy13Psihc4,JahKnee,https://www.youtube.com/channel/UCBFA2PSdTrZ5MhUc3LLhmew,2026-04-18T21:43:40.383Z,14.0,4.136,4.136
Lettuce wraps are life!,https://www.youtube.com/watch?v=ohFOWLMlDDc,Cooking With Kahnke,https://www.youtube.com/channel/UCHZBArOL6cuVbwtqHYXKD5Q,2026-04-18T21:43:15.807Z,23.0,24.576,23.0
They say not to leave money on the table 😂🎥 #videographerhumor,https://www.youtube.com/watch?v=1c-2OYbqB-0,Cole Evander Productions,https://www.youtube.com/channel/UCCyrK0s8smoY5Fgr6QuZ7RQ,2026-04-18T21:43:14.263Z,38.0,1.544,1.544
Real😭,https://www.youtube.com/watch?v=-1T-GA2bZXs,carlens ,https://www.youtube.com/channel/UCz49h-0TOazjX-sm8G2ZMgg,2026-04-18T21:43:05.948Z,8.0,8.315,8.0
The Truth About Aftermarket Parts,https://www.youtube.com/watch?v=UDu071xfaDI,Wire & Plug ,https://www.youtube.com/channel/UCpnXco16EwgCK23fypK3HGg,2026-04-18T21:42:57.619Z,91.0,8.329,8.329
"Semua Orang Bisa Masak, Tapi Gak Semua Bisa Jadi Chef, Setuju?! Jovan Koraag - Solo Pizza",https://www.youtube.com/watch?v=X4KtL2rlpHU,Gastronusa,https://www.youtube.com/channel/UCAm8YLBQTpobyYNFHY_KGNA,2026-04-18T21:42:16.749Z,180.0,40.87,40.87
Negotiating deals one dollar at a time 😭🎥 #videographerhumor #videographer #tampavideographer,https://www.youtube.com/watch?v=xZ6Q1mZQOwg,Cole Evander Productions,https://www.youtube.com/channel/UCCyrK0s8smoY5Fgr6QuZ7RQ,2026-04-18T21:42:15.049Z,50.0,1.7,1.7
I Tried Something You Shouldn’t… #Shorts,https://www.youtube.com/watch?v=uc6aSLTunKA,Phone Repair Guru,https://www.youtube.com/channel/UCCOrp7GPgZA8EGrbOcIAsyQ,2026-04-18T21:41:41.790Z,32.0,33.259,32.0
Ikan bakar pedas #kuliner,https://www.youtube.com/watch?v=nzq4axD9nIU,Debi Pratama,https://www.youtube.com/channel/UCDsQEnJbXn2L5XsAOnYAz0w,2026-04-18T21:40:31.085Z,70.0,70.705,70.0
Did NBA2K TAKE My Dunks!?,https://www.youtube.com/watch?v=LnWsIVfOtKk,Jordan Kilganon,https://www.youtube.com/channel/UCBLCKd6MgJQ4jfMVl-U76nQ,2026-04-18T21:40:27.258Z,61.0,3.827,3.827
"Pantes umurnya panjang, menu makannya kayak gini guyss",https://www.youtube.com/watch?v=e-enJAzuJ18,Umbi Family,https://www.youtube.com/channel/UCliX_lyusbIR-7rfZUHQHCQ,2026-04-18T21:39:03.346Z,156.0,83.912,83.912
this pancake is filled with chocolate AND cheddar cheese,https://www.youtube.com/watch?v=x2IJt5GMNDE,Ash Baber,https://www.youtube.com/channel/UC2MVZWnd61hKxL6koqIwheA,2026-04-18T21:38:40.580Z,124.0,22.766,22.766
Digging To The Center Of The Earth With A Spoon 💀,https://www.youtube.com/watch?v=FvAoF_9KjiE,Mappelz,https://www.youtube.com/channel/UCdUl_bahs2CptEdW0us2TRA,2026-04-18T21:38:35.544Z,43.0,5.036,5.036
Serba 1000! jual lontong sate seporsi 10.000 dapat 8 sate campur #food #foodie #kuliner,https://www.youtube.com/watch?v=AKR5sk42528,kawan dapur,https://www.youtube.com/channel/UCfFkgy1JHVmVqfZ9wwIKkUg,2026-04-18T21:35:29.659Z,58.0,185.885,58.0
I Took A Huge Gamble With This Phone... #Shorts,https://www.youtube.com/watch?v=cl8d4DLCGfU,Phone Repair Guru,https://www.youtube.com/channel/UCCOrp7GPgZA8EGrbOcIAsyQ,2026-04-18T21:32:18.197Z,44.0,191.462,44.0
There can only be one man in the house #shorts,https://www.youtube.com/watch?v=rknN51UFZ_0,Druski,https://www.youtube.com/channel/UC4PQqjGczpgmqbpicKjkwvw,2026-04-18T21:31:35.821Z,108.0,42.376,42.376
These results were amazing came out near perfect with small imperfections.,https://www.youtube.com/watch?v=0KFFNxl1UzU,Tonysheadlightrestoration ,https://www.youtube.com/channel/UCZAjpc0u0AEfHSOj-gFGPFQ,2026-04-18T21:29:14.448Z,157.0,141.373,141.373
"Aussie ways to say ""mind your own business"" at work",https://www.youtube.com/watch?v=-D1X4c_chnU,Your Aussie Uncle 🇦🇺 ,https://www.youtube.com/channel/UCovgvIWKo5QLgDLRjQoTFLg,2026-04-18T21:29:10.490Z,65.0,3.958,3.958
When millennials try to party like 20yr olds 😭 #coachella #festivals,https://www.youtube.com/watch?v=bNdKPCwxXZo,Jeenie.Weenie,https://www.youtube.com/channel/UCWc8CackfCo4q46FpEWBcPg,2026-04-18T21:29:07.792Z,49.0,2.698,2.698
look next time i’ll get oat milk #relatable #comedy #writer #funny #justfriends,https://www.youtube.com/watch?v=qGkNhO20q1g,Lucas O.M.,https://www.youtube.com/channel/UCb-zQNegEnFXhjGxvI-3KhQ,2026-04-18T21:28:03.473Z,81.0,64.319,64.319
Cutest Animals in History😭 #shorts #animals #cute #viral #fyp #cutemoments,https://www.youtube.com/watch?v=oIF_TBDfJsY,MidnightSignal,https://www.youtube.com/channel/UC1YSYtktM4nPXaz3zhw9b3Q,2026-04-18T21:27:57.751Z,48.0,5.722,5.722
The most chaotic mukbang you’ll see😭 @scottkress_,https://www.youtube.com/watch?v=PDbi4vnCZU4,StinkyAsher,https://www.youtube.com/channel/UCSW20WNOFR_Ifq2qwK8QO-A,2026-04-18T21:25:48.200Z,180.0,129.551,129.551
Stealing Food at Work (Part 2),https://www.youtube.com/watch?v=2ARjwG0muXY,Kevinu,https://www.youtube.com/channel/UCMBxnpU54WaKJZ-MzFngbYw,2026-04-18T21:24:24.654Z,74.0,83.546,74.0
Kalian suka rawon ? Dimana favorit kalian ? #indonesia #kuliner #makanan #sejarah #rawon,https://www.youtube.com/watch?v=OU08c0TohPY,Semenit Sejarah,https://www.youtube.com/channel/UC-WMw0hMMBH91KfJJOKfSQA,2026-04-18T21:22:49.193Z,93.0,95.461,93.0
EM WAVE CHANGE! POWER GUY! ON AIR! 【Mega Man Starforce 2 Zerker X Saurian Blind Playthrough】,https://www.youtube.com/watch?v=Z5mXkbcxqhc,Power Guy,https://www.youtube.com/channel/UC9m0sk4JMYCn4pEYOz91Cxw,2026-04-18T21:08:42.574Z,17568.0,846.619,846.619
I bought a $3 smartphone from a yard sale 👀🤣 #shorts,https://www.youtube.com/watch?v=WPv57T2dj6k,jOhnZoid,https://www.youtube.com/channel/UC8RhfvtFeIlIfXzS_D_T9Ug,2026-04-18T20:59:20.781Z,58.0,561.793,58.0
Solusi Saat Harga Plastik Naik Parah,https://www.youtube.com/watch?v=Q-gctIK-pkU,Lazy Wolf,https://www.youtube.com/channel/UCUDB-uuMzvX2DDCLGtsUxtw,2026-04-18T20:58:09.994Z,60.0,70.787,60.0
iPhone Air Review - how it broke my heart in 7 days,https://www.youtube.com/watch?v=4LfDNoLySlw,Byte Review,https://www.youtube.com/channel/UCg3tygBbdzyLEZ4lPMpCAFw,2026-04-18T20:46:58.181Z,766.0,671.813,671.813
"The John Pork sandwich is real, it's in Arizona, and you need a codeword to order it",https://www.youtube.com/watch?v=2myEzs4_sRA,12 News,https://www.youtube.com/channel/UCu7G08TrwPx_0WH4M7OxjIQ,2026-04-18T20:30:19.957Z,179.0,998.224,179.0
SMILING FRIENDS LAST TWO EPISODES UNCENSORED,https://www.youtube.com/watch?v=DtKmXa9CvE8,starch,https://www.youtube.com/channel/UCXuXKuGbDmVW9L7934X_TIQ,2026-04-18T20:10:51.692Z,146.0,1168.265,146.0
BEST OF Quitting Games,https://www.youtube.com/watch?v=d_wC7uqxGNc,OneyPlays,https://www.youtube.com/channel/UCO1ITICo8MLHGAXR1uzFwjA,2026-04-18T20:10:40.431Z,1132.0,11.261,11.261
South Korea has an iPhone Problem,https://www.youtube.com/watch?v=avdlUQ73BE0,Melon Type,https://www.youtube.com/channel/UCz6zegd89uXIv1MMC7d6b0A,2026-04-18T20:10:34.630Z,678.0,5.801,5.801
My Everyday Carry (what I actually use),https://www.youtube.com/watch?v=1DT6SyGRIp8,Melon Type,https://www.youtube.com/channel/UCz6zegd89uXIv1MMC7d6b0A,2026-04-18T19:03:01.702Z,461.0,4052.928,461.0
83 Year Old Nachos,https://www.youtube.com/watch?v=-j7WvZTvsgw,Joseph Franca,https://www.youtube.com/channel/UCQh_gbaBio97fFp71DWQibg,2026-04-18T18:50:47.862Z,62.0,733.84,62.0
10 yr old GRWM’s are OUT OF HAND😭,https://www.youtube.com/watch?v=Ihv9PdpfO8A,StinkyAsher,https://www.youtube.com/channel/UCSW20WNOFR_Ifq2qwK8QO-A,2026-04-18T18:49:37.634Z,64.0,70.228,64.0
cid=40518e820e3253e0d52e1dbde49520b4,https://www.youtube.com/watch?v=BtZ9_iopGQQ,,,2026-04-18T18:49:36.334Z,29.0,1.3,1.3
who can eat the most pizza in family?,https://www.youtube.com/watch?v=ffsQt8UQ_NE,Iron Chef Dad,https://www.youtube.com/channel/UCQVwn0HNVFhg52-8ln0WJSw,2026-04-18T18:48:49.446Z,38.0,46.888,38.0
Lah Ada Ya Makanan Begini?!! #SnackTerserah,https://www.youtube.com/watch?v=h4AZ3AEybnE,Lazy Wolf,https://www.youtube.com/channel/UCUDB-uuMzvX2DDCLGtsUxtw,2026-04-18T18:47:46.468Z,62.0,62.978,62.0
(more) cool websites to surf the web and stop doomscrolling,https://www.youtube.com/watch?v=Z2XBfDWhTFM,Ikoxun's Corner,https://www.youtube.com/channel/UCSU3-p-c4ys98-hTPFiy3AQ,2026-04-18T18:31:09.378Z,1097.0,997.09,997.09
Smiling Ball Z | adult swim,https://www.youtube.com/watch?v=B4XXGIwIY4g,Adult Swim,https://www.youtube.com/channel/UCgPClNr5VSYC3syrDUIlzLw,2026-04-18T18:29:40.368Z,75.0,89.01,75.0
Let me try this $3 meal thing,https://www.youtube.com/watch?v=pB3X7VTfV2c,Morning Brew,https://www.youtube.com/channel/UCqit4NtRDfdEHKX_zgmAwrg,2026-04-18T18:27:55.745Z,142.0,104.623,104.623
The Only Way to Get a Pink 17 Pro Max…,https://www.youtube.com/watch?v=RS6zRL5t0CU,Wire & Plug ,https://www.youtube.com/channel/UCpnXco16EwgCK23fypK3HGg,2026-04-18T18:26:47.006Z,159.0,68.739,68.739
"That one coworker, amirite! #coworker #officehumor #relatable #animation #cartoon",https://www.youtube.com/watch?v=B63Ef8DGI8o,Glopsicle,https://www.youtube.com/channel/UCPS8bELUiIFqbyiK3odhFuw,2026-04-18T18:24:57.124Z,77.0,109.882,77.0
Wesley Kitty Helps Mom #cat,https://www.youtube.com/watch?v=hrQ5V5qvwGc,Mary's Gigs ,https://www.youtube.com/channel/UCYBADu85da-p0RTomI3_eyw,2026-04-18T18:24:55.060Z,22.0,2.064,2.064
The Warning - Kerosene [Out Now],https://www.youtube.com/watch?v=YA0FbDAZxbQ,TheNewRockSound,https://www.youtube.com/channel/UChXrW9JjzUztarrDPTcY7gw,2026-04-18T18:24:07.777Z,29.0,47.283,29.0
The mouse scared. Luna scared. The trusted adult scared 😭 #mouse #cat #shorts,https://www.youtube.com/watch?v=Xo-L6QIYo44,H2Code,https://www.youtube.com/channel/UCAEKxshiG-6VNLTZBVhcDbQ,2026-04-18T18:23:30.040Z,56.0,37.737,37.737
This Word BREAKS Scribblenauts!,https://www.youtube.com/watch?v=BTwD0E2xeaQ,Speedrun Spotlight,https://www.youtube.com/channel/UChhHKUV9xghE9J3_u_gp3_Q,2026-04-18T18:23:28.295Z,60.0,1.745,1.745
Welcome to the platinum club! 😂🎥#ColeEvanderProductions #VideographyHumor,https://www.youtube.com/watch?v=gfWnWCSuMTY,Cole Evander Productions,https://www.youtube.com/channel/UCCyrK0s8smoY5Fgr6QuZ7RQ,2026-04-18T18:22:39.271Z,44.0,49.024,44.0
whoever dropped off 8 guinea pigs count yo days,https://www.youtube.com/watch?v=kL5PMBJ_fsY,fadedhippie,https://www.youtube.com/channel/UCBKNK4AXS1WYAX1xLvyqVgA,2026-04-18T18:22:31.505Z,7.0,7.766,7.0
The Warning ⚡ #concert #music #rock #thewarningrockband,https://www.youtube.com/watch?v=F6mi1Q4lcv4, Tomin,https://www.youtube.com/channel/UCMQBhl-rsT7-9T0INHsGZsA,2026-04-18T18:22:29.024Z,50.0,2.481,2.481
Do you remember making these at school?? 🎈,https://www.youtube.com/watch?v=7-SUJuBTy48,Jeanelleats,https://www.youtube.com/channel/UCU03NklypYW1AAIoNE2Vh1g,2026-04-18T18:22:25.043Z,61.0,3.981,3.981
How to Remove Glass Jar From Cat Neck 😷 #goodtoknow #vet #medicine #funfacts #hacks #educational,https://www.youtube.com/watch?v=H27nXQYLi20,Vetventures,https://www.youtube.com/channel/UC_qNHEw4tFK08cPCsUbwrOQ,2026-04-18T18:22:21.267Z,21.0,3.776,3.776
Burger Bobby Saputra vs Denny Sumargo #food #burger #review #fyp #shorts,https://www.youtube.com/watch?v=9-ymEcAxj18,Egan Usup,https://www.youtube.com/channel/UC5fNDc5_Tcp3xAZVHs-DfZg,2026-04-18T18:22:18.106Z,60.0,3.161,3.161
Katy & Katie Perry,https://www.youtube.com/watch?v=iKxPoNqhEJc,Mike Rafi - Personal Injury Lawyer,https://www.youtube.com/channel/UC04RYGK0kWq2GJH7uKuvdFg,2026-04-18T18:22:10.100Z,89.0,8.006,8.006
When you have to train the new hire,https://www.youtube.com/watch?v=sWXzhysW4oo,Christian Maldonado,https://www.youtube.com/channel/UC8NDxJ7wSQwT6t3eNc4SORg,2026-04-18T18:21:59.664Z,64.0,10.436,10.436
How to find fake AI artists #aivideo #watches #jewelry #handmade #art,https://www.youtube.com/watch?v=LnR1sqlA_NE,Jeremy Carrasco,https://www.youtube.com/channel/UCd2Kxb7n4cRJoXNeNO2tlQA,2026-04-18T18:20:58.125Z,64.0,61.539,61.539
Ranking Impressive Videos 👍 #best #epic,https://www.youtube.com/watch?v=OpagtmREN8c,EpicFraee,https://www.youtube.com/channel/UCT99DEO7UKZMmlpDfZGEe9Q,2026-04-18T18:20:56.757Z,48.0,1.368,1.368
I don't like that #shorts,https://www.youtube.com/watch?v=DnJ0Q4U1iX4,Druski,https://www.youtube.com/channel/UC4PQqjGczpgmqbpicKjkwvw,2026-04-18T18:20:54.726Z,50.0,2.031,2.031
One of the Most Dangerous Jobs in America Is About To Get EVEN WORSE,https://www.youtube.com/watch?v=TCIwor7wc-Q,More Perfect Union,https://www.youtube.com/channel/UCehBVAPy-bxmnbNARF-_tvA,2026-04-18T18:18:32.792Z,166.0,141.934,141.934
Whats the Scariest thing your Opponent could do in a Tournament? #pokemon,https://www.youtube.com/watch?v=UYXoct-rh-M,DaPokemonNerd,https://www.youtube.com/channel/UCD1jFVMHjira7AktR_Q4rcg,2026-04-18T18:17:59.934Z,,32.858,32.858
Creating ZERO TO HERO FORMS for POKEMON! (Like Palafin),https://www.youtube.com/watch?v=X3lWZY1PPSk,FakemonForever2,https://www.youtube.com/channel/UCbWd42LzBkdp1aI8oCP9h8A,2026-04-18T18:16:55.953Z,60.0,63.981,60.0
WHOOP Isn’t What You Think (After 600 Days),https://www.youtube.com/watch?v=6Xa2v7abhyM,Lachie James,https://www.youtube.com/channel/UCz8zxsuUH8RbjM9DPCstnDw,2026-04-18T18:16:37.164Z,339.0,18.789,18.789
Whoop sued us...,https://www.youtube.com/watch?v=iAcx7kP9sog,Bevel,https://www.youtube.com/channel/UClNuOq3iV6mi0xOcd9WksDg,2026-04-18T18:11:47.411Z,629.0,289.753,289.753
I used Open Source Apps for 150 days. These are my favorites,https://www.youtube.com/watch?v=H1TD-8swarU,foci,https://www.youtube.com/channel/UCF3JCPvD72PJMVZrfST-fag,2026-04-18T18:06:35.798Z,602.0,311.613,311.613
Half My Salary Goes To Commuting: How Rising Oil Prices Hit Gen Z Filipino | Money Mind,https://www.youtube.com/watch?v=pUrvDRd9224,CNA Insider,https://www.youtube.com/channel/UC_Lnb8ZHqqgLbp-7hltuT9w,2026-04-18T17:56:25.822Z,403.0,609.976,403.0
This Asian American Convention Had EVERYTHING,https://www.youtube.com/watch?v=pVPtJReqM-U,scarra,https://www.youtube.com/channel/UCan_L4XHfSbCKaTCcntyLTQ,2026-04-18T17:55:41.530Z,1014.0,44.292,44.292
Pokeaim's FIRST SINGLES TOURNAMENT In Pokemon Champions Got CRAZY...,https://www.youtube.com/watch?v=8a2wa7WtBdU,Pokeaim+,https://www.youtube.com/channel/UC5YFO-UNfZBfvJ9YPWuu_OA,2026-04-18T17:55:07.591Z,1945.0,33.939,33.939
I Spent 100 Days in a Dead MMO (it was amazing),https://www.youtube.com/watch?v=Kw6LqLszMho,Bobafish,https://www.youtube.com/channel/UC_5p3pF86ww4UAmcvLUc5PQ,2026-04-18T17:53:27.944Z,989.0,99.647,99.647
Why Small Businesses are EMPTY & OVERPRICED in 2025,https://www.youtube.com/watch?v=fIrccfUwR4Y,Zac Rios,https://www.youtube.com/channel/UCsfasHJphdMDFkcse5sQ9Uw,2026-04-18T17:52:47.654Z,1674.0,40.29,40.29
The Fake S26 Ultra Is Here… #Shorts,https://www.youtube.com/watch?v=xOwcE92fZJI,Phone Repair Guru,https://www.youtube.com/channel/UCCOrp7GPgZA8EGrbOcIAsyQ,2026-04-18T17:50:27.914Z,28.0,139.74,28.0
China Found A Way... #Shorts,https://www.youtube.com/watch?v=lzGcyCOVR9c,Phone Repair Guru,https://www.youtube.com/channel/UCCOrp7GPgZA8EGrbOcIAsyQ,2026-04-18T17:49:47.667Z,40.0,40.247,40.0
iPhone 17 Display Upgrade On The iPhone 16...? #Shorts,https://www.youtube.com/watch?v=8_Wwmi596_8,Phone Repair Guru,https://www.youtube.com/channel/UCCOrp7GPgZA8EGrbOcIAsyQ,2026-04-18T17:49:43.487Z,24.0,4.18,4.18
The iPhone 17E Does Something I've NEVER Seen Before... #Shorts,https://www.youtube.com/watch?v=OE7RbHSFa28,Phone Repair Guru,https://www.youtube.com/channel/UCCOrp7GPgZA8EGrbOcIAsyQ,2026-04-18T17:49:11.736Z,32.0,31.751,31.751
Upgrade Ekstrem! iPhone 11 Jadi iPhone 17 Pro 😱#smartphone #aksesorishpkeren #tech,https://www.youtube.com/watch?v=qpgaprT5MtM,juna view,https://www.youtube.com/channel/UCMdzPYMxXp6LzGgF3mEUt0Q,2026-04-18T17:48:49.899Z,44.0,21.837,21.837
The Future of This Channel.,https://www.youtube.com/watch?v=yQbVSF180E0,Dolan Darkest,https://www.youtube.com/channel/UCJO31lXn1Uo924ha6nO8XlA,2026-04-18T17:42:19.301Z,68.0,390.598,68.0
Comic Cons Are The Worst...,https://www.youtube.com/watch?v=0EoqxmHzL68,Papa Meat,https://www.youtube.com/channel/UCYF1kiTFCcYPqGTqXKt3JJg,2026-04-18T17:31:04.219Z,1695.0,675.082,675.082
How To Play Super Mario Galaxy Wii With A Controller Using Dolphin For Android,https://www.youtube.com/watch?v=Za6vHhvR8cI,DNA Mobile Gaming,https://www.youtube.com/channel/UCjK3KfZtAXnsiYGSyjvoYnQ,2026-04-18T16:33:48.156Z,604.0,3436.063,604.0
Steam on ARM Linux is Finally Here,https://www.youtube.com/watch?v=9XPRBz3aV6s,Retro Game Corps,https://www.youtube.com/channel/UCoZQiN0o7f36H7PaW4fVhFw,2026-04-18T16:28:05.988Z,1009.0,342.168,342.168
Mega Man references in ScottGames,https://www.youtube.com/watch?v=liapr09L4Bk,ScottGames Fanboy,https://www.youtube.com/channel/UCufleEfW_17o5yHhMpigfFQ,2026-04-18T16:27:10.755Z,1223.0,55.233,55.233
She Created the Most Beautiful Pokémon Card Store in the World,https://www.youtube.com/watch?v=InZICSwqrEc,PSA Official,https://www.youtube.com/channel/UCUVfCsjCXyyUDAK7VDnXh2Q,2026-04-18T16:23:16.149Z,385.0,234.606,234.606
The Gooniversary,https://www.youtube.com/watch?v=cx4JfHT846c,Channel 5 with Andrew Callaghan,https://www.youtube.com/channel/UC-AQKm7HUNMmxjdS371MSwg,2026-04-18T16:22:01.731Z,1478.0,74.418,74.418
Vibey Deep House Mix 🌚👾🚀 | by Lupe Ge,https://www.youtube.com/watch?v=MA4WKd3CxdQ,Lupe Ge,https://www.youtube.com/channel/UCnPCMmX6_r2L71PhBE4Jp1A,2026-04-18T16:17:54.354Z,4438.0,247.377,247.377
I Visited the Most Criticized PC Builder. Here’s What I Found. (2026 iBUYPOWER HQ Tour),https://www.youtube.com/watch?v=wDSZOXGP2Nw,Salem Techsperts,https://www.youtube.com/channel/UCClfFsWcT3N2I7VTXXyt84A,2026-04-18T16:17:21.709Z,1829.0,32.645,32.645
The children screaming in the background wasn’t planned 💀,https://www.youtube.com/watch?v=svYWNnVRK1w,StinkyAsher,https://www.youtube.com/channel/UCSW20WNOFR_Ifq2qwK8QO-A,2026-04-18T16:15:57.680Z,89.0,84.029,84.029
About an hour🫡#fyp #thedevicehub #phonerepair #smartphone #phoneshop,https://www.youtube.com/watch?v=871uRND8aNo,The Device Hub,https://www.youtube.com/channel/UCj9c4tFgDRdjvtnU6fslMJQ,2026-04-18T16:14:13.805Z,102.0,103.875,102.0
This is the largest one we make..,https://www.youtube.com/watch?v=poHM58KN6ng,MindFlowers,https://www.youtube.com/channel/UCS06kGA_eXF4C1ikCHMu9Yw,2026-04-18T16:13:57.609Z,13.0,16.196,13.0
Windshield Phenomenon,https://www.youtube.com/watch?v=ThWu5CSRnRY,Thomas Mulligan,https://www.youtube.com/channel/UChC_apOWk6MSl03byUiVZRQ,2026-04-18T16:13:55.653Z,51.0,1.956,1.956
Make up your mind before I make up the setup 🙄😂🎥 #videographerhumor #tampavideographer,https://www.youtube.com/watch?v=IOccIvHFWnI,Cole Evander Productions,https://www.youtube.com/channel/UCCyrK0s8smoY5Fgr6QuZ7RQ,2026-04-18T16:13:07.977Z,41.0,47.676,41.0
What $3 buys you in Sri Lanka #srilanka #travel #foodie,https://www.youtube.com/watch?v=VEFNO6tvf7c,Mike Ponte Shorts,https://www.youtube.com/channel/UCHiQC_p2QUFa1e8-TF3yhfw,2026-04-18T16:13:00.405Z,24.0,7.572,7.572
PROOF the Trifold is Awesome!,https://www.youtube.com/watch?v=NC1nzXq6Rh4,Marques Brownlee,https://www.youtube.com/channel/UCBJycsmduvYEL83R_U4JriQ,2026-04-18T16:12:56.578Z,52.0,3.827,3.827
Billionaire's Row in NYC is now abandoned. 🗽,https://www.youtube.com/watch?v=IlNFgf-2PRQ,Lectec | Everyday Science,https://www.youtube.com/channel/UCIiALZGKzY4ScjV92l4vI1Q,2026-04-18T16:12:48.458Z,74.0,8.12,8.12
Why rice was money in Japan for so long #travel #japan #learnontiktok #anime #greenscreen,https://www.youtube.com/watch?v=ECdLH3yNRMU,Wes Mathur,https://www.youtube.com/channel/UCfMyosndzenZfTeNuZM7W9w,2026-04-18T16:11:20.612Z,83.0,87.846,83.0
APAKAH IPHONE RAKITAN ITU IPHONE BENERAN?? 😱🥶,https://www.youtube.com/watch?v=C8hk-BAY7yo,Risyad and Son,https://www.youtube.com/channel/UC8O1oIH7aEeULTmCmmCRlnQ,2026-04-18T16:10:10.367Z,179.0,70.245,70.245
That guy you buy something from off Facebook marketplace #shorts,https://www.youtube.com/watch?v=PBZJqZu7jbg,Steven Tirone,https://www.youtube.com/channel/UCH3Z8oXDL_7w4SsL-RZIkRg,2026-04-18T16:09:44.278Z,37.0,26.089,26.089
Hardest Segment in the Mega Man X2 Randomizer #megaman #retrogaming,https://www.youtube.com/watch?v=yYvPWKOEmt8,Power Guy,https://www.youtube.com/channel/UC9m0sk4JMYCn4pEYOz91Cxw,2026-04-18T16:08:48.517Z,54.0,55.761,54.0
Sewa iphone buat bukber,https://www.youtube.com/watch?v=aOIZ-SRrFkY,Dwiki Afrilian,https://www.youtube.com/channel/UCarAr73sn2PHpBzyb9yq5DQ,2026-04-18T16:06:18.171Z,86.0,150.346,86.0
That coworker who takes their job too seriously 😭,https://www.youtube.com/watch?v=Al9V_dQGs_M,faroukie,https://www.youtube.com/channel/UCR36wZwzDwn04LiWjnJgv2w,2026-04-18T16:05:54.376Z,58.0,23.795,23.795
Lucky Plaza Surganya iphone di Batam,https://www.youtube.com/watch?v=2QvMeA0qVto,Info Promo Batam,https://www.youtube.com/channel/UCoS5ftzV3u2qSr9nHYtGHGQ,2026-04-18T16:04:29.441Z,61.0,84.935,61.0
Replying to @Ålïtãঐك Why I pay $20/month for a weather app #carterpcs #tech #weatherapp,https://www.youtube.com/watch?v=rcMGHUpxKXY,CarterPCs,https://www.youtube.com/channel/UCi7wDE2ZTiR5QYYrUY5WhtA,2026-04-18T16:04:06.459Z,35.0,22.982,22.982
What does “I’m feeling lucky” do on Google?? #carterpcs #tech #google #ai,https://www.youtube.com/watch?v=y7P89jTkYuY,CarterPCs,https://www.youtube.com/channel/UCi7wDE2ZTiR5QYYrUY5WhtA,2026-04-18T16:04:04.444Z,28.0,2.015,2.015
Can I understand German with AirPod’s live translation?? #carterpcs #tech #airpods #german,https://www.youtube.com/watch?v=sW5vunfniNI,CarterPCs,https://www.youtube.com/channel/UCi7wDE2ZTiR5QYYrUY5WhtA,2026-04-18T16:04:01.294Z,39.0,3.15,3.15
The worst IOS app doc I’ve ever seen.. #carterpcs #tech #ios #appdoc,https://www.youtube.com/watch?v=UNYbIyrV6Nc,CarterPCs,https://www.youtube.com/channel/UCi7wDE2ZTiR5QYYrUY5WhtA,2026-04-18T16:03:57.147Z,32.0,4.147,4.147
What does “Allow AI to remix content” even mean?? And why is it on by default,https://www.youtube.com/watch?v=1_KKtTD6UfE,CarterPCs,https://www.youtube.com/channel/UCi7wDE2ZTiR5QYYrUY5WhtA,2026-04-18T16:03:55.086Z,25.0,2.061,2.061
Rating App docs from the comment section.. #carterpcs #tech #appdocs,https://www.youtube.com/watch?v=TaasXprLXlE,CarterPCs,https://www.youtube.com/channel/UCi7wDE2ZTiR5QYYrUY5WhtA,2026-04-18T16:03:04.577Z,38.0,50.509,38.0
On behalf of the “family tech support” person #carterpcs #tech,https://www.youtube.com/watch?v=weuIUqk4Gzk,CarterPCs,https://www.youtube.com/channel/UCi7wDE2ZTiR5QYYrUY5WhtA,2026-04-18T16:02:56.083Z,36.0,8.494,8.494
Stripes needs a home #cat #cats #catvideos #adoptstrays #catshorts #catlife #catvideo,https://www.youtube.com/watch?v=dI4lJY3Q4IE,Michelle ,https://www.youtube.com/channel/UCY9zNsm4q8H-JxsGdzYmrSA,2026-04-18T16:02:05.452Z,61.0,50.631,50.631
Raspberry iPhone 18,https://www.youtube.com/watch?v=TDUK9zw2Y3Q,Surfshark Academy,https://www.youtube.com/channel/UCEFFKGOqb1Mtvj3g3gjc6tQ,2026-04-18T15:59:43.335Z,65.0,142.117,65.0
BELI IPHONE 15 DI LUCKY PLAZA BATAM PUSAT NYA HP! LAEBANG MACAM BETOL AJA #shortvideo #shorts #short,https://www.youtube.com/watch?v=7yx3EcTuJ4M,Ferry Kesuma,https://www.youtube.com/channel/UC3KO1FbImLU9NFJ4AVdjQXQ,2026-04-18T15:58:38.278Z,60.0,65.057,60.0
 Review: MG Turn X by Dark Horse,https://www.youtube.com/watch?v=3S14ko1Xotc,Mecha News,https://www.youtube.com/channel/UCRfkMwtk2AxtR0sJhT4q_Eg,2026-04-18T15:57:52.976Z,256.0,45.302,45.302
BEST OF REDDITORS (Volume 2),https://www.youtube.com/watch?v=54lxi3-RbGU,OneyPlays,https://www.youtube.com/channel/UCO1ITICo8MLHGAXR1uzFwjA,2026-04-18T14:41:53.180Z,1622.0,4559.796,1622.0
BEST OF REDDITORS,https://www.youtube.com/watch?v=vb6NhS-Tmow,OneyPlays,https://www.youtube.com/channel/UCO1ITICo8MLHGAXR1uzFwjA,2026-04-18T14:30:54.722Z,2346.0,658.458,658.458
menghilangkan pusing | #MalamMinggu,https://www.youtube.com/watch?v=7cah_BIDt_4,TnM,https://www.youtube.com/channel/UCZdmuthWjKAC-oiaoh1bfOw,2026-04-18T14:11:04.309Z,8058.0,1190.413,1190.413
The Mega Man X Gacha Game Ruined My Life | Mega Man X Dive Review Retrospective Introspective,https://www.youtube.com/watch?v=6IalTRwd3xY,JayTea,https://www.youtube.com/channel/UCOR6BaR_NbQf1BDQgnv6q3w,2026-04-18T13:40:36.739Z,4670.0,1827.57,1827.57
The worst j*b to have,https://www.youtube.com/watch?v=6fJEUGvgHhk,KneeCaps,https://www.youtube.com/channel/UC_topGGwb3s2gU3xXhYfILw,2026-04-18T13:38:12.485Z,305.0,144.254,144.254
Exactly How GOOD (or bad) is it for 280$? Ziigaat Arete 2 Unboxing and First Impressions | Day 18/30,https://www.youtube.com/watch?v=c1HIcjJm5pE,LesModio,https://www.youtube.com/channel/UCvA5ce3DMthCBwO4xbe8ZQA,2026-04-18T13:37:59.368Z,23428.0,13.117,13.117
"Pemilik Mie GACOAN, Mie viral di Indonesia",https://www.youtube.com/watch?v=_0s0nV1dagI,Hello Food,https://www.youtube.com/channel/UCc1E_ITzS0gPw0CbX0mw4_A,2026-04-18T13:37:38.204Z,58.0,21.164,21.164
There are no HOA’s in Atlas Earth! Play Atlas Earth!,https://www.youtube.com/watch?v=uYOOBIpXtVk,,,2026-04-18T13:37:05.674Z,14.0,32.53,14.0
How Arab dads treat their son vs daughter 😭,https://www.youtube.com/watch?v=A3Q12QEWeeY,faroukie,https://www.youtube.com/channel/UCR36wZwzDwn04LiWjnJgv2w,2026-04-18T13:36:09.390Z,56.0,56.284,56.0
🔴Live stream,https://www.youtube.com/watch?v=8Fyssfiol2U,Camera records cooked food,https://www.youtube.com/channel/UCY6mrgMIatTsLkFwXvbmi7Q,2026-04-18T13:35:30.628Z,,38.762,38.762
Endurance Office Chair Racing Is Growing In Japan #funfact,https://www.youtube.com/watch?v=TuwpiI9aaJg,Doug Sharpe,https://www.youtube.com/channel/UCAYmlecATSG0wc5IxsFJSbQ,2026-04-18T13:35:22.563Z,48.0,8.065,8.065
Randomizing Sigma's Weakness #megaman #retrogaming,https://www.youtube.com/watch?v=RL2M1iTORh0,Power Guy,https://www.youtube.com/channel/UC9m0sk4JMYCn4pEYOz91Cxw,2026-04-18T13:34:01.461Z,44.0,81.102,44.0
Shortened: ID6113_Edit_experiment_Reelway_Hooks_All_9x16_133_0_inhouse_February.mp4,https://www.youtube.com/watch?v=oCtxdScdfg0,,,2026-04-18T13:33:57.641Z,11.0,3.82,3.82
Google Is Leading Reparability…? #Shorts,https://www.youtube.com/watch?v=FSRtJi63xq4,Phone Repair Guru,https://www.youtube.com/channel/UCCOrp7GPgZA8EGrbOcIAsyQ,2026-04-18T13:33:29.641Z,28.0,28.0,28.0
Coming back from college #sad #college #fyp #viral,https://www.youtube.com/watch?v=HelBdVRJWMA,Kiyoo🧁🩰,https://www.youtube.com/channel/UCywMTvUcljxUs5tw9sSej1Q,2026-04-18T13:33:12.603Z,16.0,17.038,16.0
A realistic day in my life working . #automotive #cars #autoshop #subaru #hustle #moneytok #cartok,https://www.youtube.com/watch?v=z1ayxRIWZ9c,Torres Hustle,https://www.youtube.com/channel/UCTyx1Lt_owoFEZJYz0stW6w,2026-04-18T13:32:05.033Z,72.0,67.57,67.57
REPLAI_CODM_14642_A-REMIX-MAPHIGHLIGHT-NUKETOWNVARIATIONS-0_V_9x16_EN_30s_251124,https://www.youtube.com/watch?v=uXHkkLgrFuw,,,2026-04-18T13:32:02.383Z,30.0,2.65,2.65
How to revive your Blackstone for the summer,https://www.youtube.com/watch?v=mehFtrlatXk,The Golden Balance,https://www.youtube.com/channel/UCsEmkNdR_HQ_INJd_M9lULQ,2026-04-18T13:30:10.657Z,61.0,111.726,61.0
The five-dollar Sony TR555 #shorts #retro #handycam,https://www.youtube.com/watch?v=cpJmYtpENlo,photokyol,https://www.youtube.com/channel/UCSLbpwxMi_VFZ1e_KnAykfA,2026-04-18T13:30:07.980Z,53.0,2.677,2.677
FarOuttt-Creator-US-English-ZelonFamily-45s-9x16-subs.mov,https://www.youtube.com/watch?v=EdMKsLJd-a4,,,2026-04-18T13:30:04.903Z,48.0,3.077,3.077
Met this really nice cat while walking through Istanbul and took his photos,https://www.youtube.com/watch?v=w4n7sjth7tA,Kantadon,https://www.youtube.com/channel/UCVGyJYbl3GXLtTJkrirZoLw,2026-04-18T13:29:40.839Z,23.0,24.064,23.0
Did You Know This About Coins?💰,https://www.youtube.com/watch?v=ZPTMykBce8I,Daily Dose Of Internet,https://www.youtube.com/channel/UCdC0An4ZPNr_YiFiYoVbwaw,2026-04-18T13:29:10.511Z,28.0,30.328,28.0
The Fourth Flavor Revealed #kidsnextdoor #codenamekidsnextdoor,https://www.youtube.com/watch?v=nZ4UDgF1dVg,Late Night Saturday Morning ,https://www.youtube.com/channel/UCZLrF9kgVJrI8tmNNMnaiIQ,2026-04-18T13:24:33.899Z,95.0,276.612,95.0
HE ILLEGALLY CLIMBED THE GREAT PYRAMID,https://www.youtube.com/watch?v=PC2vo-OQ-HE,Jaigantic,https://www.youtube.com/channel/UCRiFLDgyN4EG2xnbTr_8y7g,2026-04-18T13:23:57.821Z,35.0,36.078,35.0
When Floridians go to California 😂 #comedy #funny #cali #florida,https://www.youtube.com/watch?v=HC3vCTuBZBw,Snazzy Carlos,https://www.youtube.com/channel/UCEltVHitgVVrCMwytxcbDmg,2026-04-18T13:22:48.295Z,39.0,69.526,39.0
percussionists scare me...,https://www.youtube.com/watch?v=klAkntEKvlU,uranus🛰️ (in break),https://www.youtube.com/channel/UCY1vXnbM9wxZbvtZbxxo1cQ,2026-04-18T13:22:39.577Z,18.0,8.718,8.718
this is why I love thrift stores #shorts,https://www.youtube.com/watch?v=Yrta4RiSUYw,jOhnZoid,https://www.youtube.com/channel/UC8RhfvtFeIlIfXzS_D_T9Ug,2026-04-18T13:21:24.005Z,59.0,75.572,59.0
AJLStudios_ImmiTestimonial_9x16_v2.1_2025-10-29.mp4,https://www.youtube.com/watch?v=4n_VPxU8X0c,,,2026-04-18T13:21:23.230Z,71.0,0.775,0.775
IT LOWKEY WORKED,https://www.youtube.com/watch?v=DO70kkbcEuo,StinkyAsher,https://www.youtube.com/channel/UCSW20WNOFR_Ifq2qwK8QO-A,2026-04-18T13:20:54.360Z,25.0,28.87,25.0
@the_cle_istheroof: seriously though if any brands want to send us a new chair hit me up🤠,https://www.youtube.com/watch?v=WDqcUDyyH_g,Funny Cat Moments,https://www.youtube.com/channel/UC9A2C_Nm7O8Y1CHNrQ83qqg,2026-04-18T13:20:52.666Z,23.0,1.694,1.694
多彩世界直播,https://www.youtube.com/watch?v=Wxcsy-hhvcA,多彩世界,https://www.youtube.com/channel/UCqyLCtMeWWiOeCulB7cpvRg,2026-04-18T13:18:12.805Z,3719.0,159.861,159.861
Google’s “BUDGET” phones worth it 😂 #shorts,https://www.youtube.com/watch?v=m32RYER2z5k,jOhnZoid,https://www.youtube.com/channel/UC8RhfvtFeIlIfXzS_D_T9Ug,2026-04-18T13:15:06.448Z,94.0,186.357,94.0
Street Interview CA 9x16,https://www.youtube.com/watch?v=eD3MwlVrOqA,,,2026-04-18T13:15:02.095Z,73.0,4.353,4.353
How recycling plastic bottles works,https://www.youtube.com/watch?v=8M5BkhVHuaA,Morning Brew,https://www.youtube.com/channel/UCqit4NtRDfdEHKX_zgmAwrg,2026-04-18T13:14:18.616Z,108.0,43.479,43.479
WIN £5 if you beat me 💷 ✅ PT12 #football #altinha #1v1,https://www.youtube.com/watch?v=JR_s-S3Xpz8,Two Touch King,https://www.youtube.com/channel/UCXkK5woxTkClMH-81N40EOA,2026-04-18T13:14:14.851Z,32.0,3.765,3.765
"Someone Just Reverse-Engineered Google’s ""Unhackable"" AI Watermark #ai #watermark #deepmind",https://www.youtube.com/watch?v=FSohDQBm2Sw,Better Stack,https://www.youtube.com/channel/UCkVfrGwV-iG9bSsgCbrNPxQ,2026-04-18T13:14:12.625Z,101.0,2.226,2.226
SG Batch31 AD 5059 V19 Gold Women EDITED 9X16 1,https://www.youtube.com/watch?v=GqQv0Uk_Jts,,,2026-04-18T13:14:11.614Z,42.0,1.011,1.011
The Evolution of “unlimited” PTO #corporate #corporatehumor #corporatelife #work,https://www.youtube.com/watch?v=JOcdEyyazj0,Mike Mancusi,https://www.youtube.com/channel/UC1C6A_SZE5YX_MmKtnlfwGQ,2026-04-18T13:14:09.422Z,99.0,2.192,2.192
The “Official” Sandwich of Greece | Gyros,https://www.youtube.com/watch?v=YeHl542P8zQ,Big Nibbles,https://www.youtube.com/channel/UClfLmmxQVEX8SauwFlfPpog,2026-04-18T13:14:07.373Z,63.0,2.049,2.049
cid=75fcd589c3af58dd2c3c6aedb24af38e,https://www.youtube.com/watch?v=oVcZbkNX1vE,,,2026-04-18T13:14:05.627Z,23.0,1.746,1.746
Kitten wouldn’t make way for disabled human #cat #ragdolls,https://www.youtube.com/watch?v=3Z0zlqz0GV8,Dodo the Half-Tailed Ragdoll,https://www.youtube.com/channel/UC1xBRceNBP8_gXhrrzbHtjg,2026-04-18T13:13:37.401Z,27.0,28.226,27.0
I think Maple missed Waffles quite a bit during their time apart! Waffles however.. #cats #shorts,https://www.youtube.com/watch?v=g-TsIHY8ah8,The Golden Breakfast Club (Waffles & Maple),https://www.youtube.com/channel/UCjTxoC3oQb7N_g7ogylMUeA,2026-04-18T13:12:30.723Z,67.0,66.678,66.678
KAGET SAMA HARGA IPHONE DISINI 😱,https://www.youtube.com/watch?v=a26p_6u_8s0,Akmal Riadi,https://www.youtube.com/channel/UCdnj5Gfrq5oEYKh3ozllDzQ,2026-04-18T06:23:29.316Z,434.0,24541.407,434.0
sehari main wahana,https://www.youtube.com/watch?v=tnSjBPjoq6w,Agung Hapsah,https://www.youtube.com/channel/UCFrugziJpGuQdrOtgGigYeQ,2026-04-18T06:03:05.315Z,550.0,1224.001,550.0
Japan,https://www.youtube.com/watch?v=P8yAuA8c4EM,Agung Hapsah,https://www.youtube.com/channel/UCFrugziJpGuQdrOtgGigYeQ,2026-04-18T06:02:22.916Z,630.0,42.399,42.399
JOMBLO,https://www.youtube.com/watch?v=o_FFNK2GEQc,Agung Hapsah,https://www.youtube.com/channel/UCFrugziJpGuQdrOtgGigYeQ,2026-04-18T06:00:42.672Z,313.0,100.244,100.244
i miss the iPhone 7!,https://www.youtube.com/watch?v=Jc2W9EC9bEo,iClassic,https://www.youtube.com/channel/UCRHz5yaHGxmxtIWqubBbUNQ,2026-04-18T05:59:42.601Z,23.0,60.071,23.0
MARAPTHON - THE LAST TALE DAY 70 pt.2,https://www.youtube.com/watch?v=649ywn94Xs4,yb,https://www.youtube.com/channel/UCCuzDCoI3EUOo_nhCj4noSw,2026-04-18T05:58:08.677Z,38684.0,93.924,93.924
MARAPTHON - THE LAST TALE DAY 69 pt.3,https://www.youtube.com/watch?v=AFxs-WCrrcE,yb,https://www.youtube.com/channel/UCCuzDCoI3EUOo_nhCj4noSw,2026-04-18T05:58:01.645Z,29552.0,7.032,7.032
BEST OF REDDITORS,https://www.youtube.com/watch?v=vb6NhS-Tmow,OneyPlays,https://www.youtube.com/channel/UCO1ITICo8MLHGAXR1uzFwjA,2026-04-18T05:13:41.984Z,2346.0,2659.661,2346.0
iPhone 14 Pro Max In 2026! (Still Worth Buying?) (Review),https://www.youtube.com/watch?v=qk4qmQQka3g,Simple Alpaca,https://www.youtube.com/channel/UCy1PnKNVtEG-SfSzyIfnvrA,2026-04-18T05:12:48.005Z,231.0,53.979,53.979
BUBSY,https://www.youtube.com/watch?v=tsQwxHMVfyQ,OneyPlays,https://www.youtube.com/channel/UCO1ITICo8MLHGAXR1uzFwjA,2026-04-18T05:12:31.291Z,1154.0,16.714,16.714
BEST OF 2025,https://www.youtube.com/watch?v=wJdr2j0wO2g,OneyPlays,https://www.youtube.com/channel/UCO1ITICo8MLHGAXR1uzFwjA,2026-04-18T05:12:08.946Z,24735.0,22.345,22.345
PEAK,https://www.youtube.com/watch?v=7RZQkyfutGw,OneyPlays,https://www.youtube.com/channel/UCO1ITICo8MLHGAXR1uzFwjA,2026-04-18T05:11:12.117Z,1214.0,56.829,56.829
Oneyplays Compilation: Trumpet Guy,https://www.youtube.com/watch?v=uMdkf8sxgZs,Hebblewater1,https://www.youtube.com/channel/UCgb3IRF02vSzZngq5TFx2bw,2026-04-18T05:10:42.084Z,297.0,30.033,30.033
AKHIRNYA ADA MOBIL BARU YANG HARGANYA CUMA 150 JUTAAN!,https://www.youtube.com/watch?v=0qL6TzoTWlk,Carmudi Indonesia,https://www.youtube.com/channel/UC869IIKR7dhC7AFlH6dfAvQ,2026-04-18T05:07:31.639Z,1923.0,190.445,190.445
70 Years of Godzilla: A New Roar in Southeast Asia,https://www.youtube.com/watch?v=IZHsJ-v2MYQ,GODZILLA OFFICIAL by TOHO,https://www.youtube.com/channel/UCBuRIFDuaSY9dDr0p_qTlHw,2026-04-18T05:05:03.099Z,56.0,148.54,56.0
How tall is Godzilla Minus Zero really? | In-Depth Teaser Analysis,https://www.youtube.com/watch?v=e3scFkKoDmg,Goji Center,https://www.youtube.com/channel/UCghPFyXBc8ObPyoJ9ifeN0Q,2026-04-18T04:56:21.738Z,674.0,521.361,521.361
Monarch: Legacy of Monsters — Godzilla vs. Titan X | Apple TV,https://www.youtube.com/watch?v=eYdYnSHocXM,Apple TV,https://www.youtube.com/channel/UC1Myj674wRVXB9I4c6Hm5zA,2026-04-18T04:54:13.547Z,244.0,128.191,128.191
IPHONE 12 gak laku⁉️NEKAT COD 2jt kok gini endingnya😭😭,https://www.youtube.com/watch?v=0d8zUortNhk,Bg Nevtian,https://www.youtube.com/channel/UCUqykuzun9WRNehf3KSYnKg,2026-04-18T04:51:54.506Z,1060.0,139.041,139.041
"$150 ""Broken"" iPhone 12/13 Lot - Trash or Treasure?",https://www.youtube.com/watch?v=k-R_igt1Bec,AppleInsight,https://www.youtube.com/channel/UC71gZO0mwNuFKuUNIgRJ_Vw,2026-04-18T04:39:03.098Z,1467.0,771.408,771.408
"if you’re broke, try this iPhone! #shorts",https://www.youtube.com/watch?v=eQSgaKFSlRE,jOhnZoid,https://www.youtube.com/channel/UC8RhfvtFeIlIfXzS_D_T9Ug,2026-04-18T04:35:11.423Z,51.0,231.675,51.0
Ente kadang-kadang ente #pesulapmerah #gussamsudin #shorts,https://www.youtube.com/watch?v=sQCqVlryP_c,Novian Pambudi,https://www.youtube.com/channel/UCq8WigYZejp0WGAkYz5wtCA,2026-04-18T04:34:28.563Z,,42.86,42.86
ENTE KADANG KADANG ENTE🤣🤣🤣🤣 @drRichardLeeMARS,https://www.youtube.com/watch?v=0zJ5A4KEfHg,Selebriti ID,https://www.youtube.com/channel/UCs_Am4PwN5UrJbdAR9RVUmA,2026-04-18T04:34:08.274Z,16.0,20.289,16.0
Siapa yg ortunya cukup bw uangnya  tapi ttp berjuang untuk nego 😭🫶🏻 #digicell #digicellbec #iphon,https://www.youtube.com/watch?v=oTVl6Z9Iu1w,Triple Phone,https://www.youtube.com/channel/UCURip63gBCPfB0UDOUZHbkA,2026-04-18T04:33:38.022Z,7.0,30.252,7.0
Membalas  d   iphone 5s dulu udah bagus banget meskipun kamera depannya 1 2mp doang 🥹🫶🏻 #digicell,https://www.youtube.com/watch?v=8Kbvww0re0M,Triple Phone,https://www.youtube.com/channel/UCURip63gBCPfB0UDOUZHbkA,2026-04-18T04:33:05.033Z,25.0,32.989,25.0
"""move out the way chump"" 🏴‍☠️😭 #chunguspov #travelpov #pov",https://www.youtube.com/watch?v=VxwxI_4oj04,andrew chung,https://www.youtube.com/channel/UCR8B-ijKFX_6qk43ebszjng,2026-04-18T04:31:46.029Z,84.0,79.004,79.004
Buying vs starting?….,https://www.youtube.com/watch?v=2d_NpkG8-yU,coryjweigel,https://www.youtube.com/channel/UC6w3a-kcTWz3Z4xSHn6q9Eg,2026-04-18T04:31:23.440Z,79.0,22.589,22.589
Biggest financial earthquake in the history of pro sports 💰 #shorts,https://www.youtube.com/watch?v=pXOphrAXHgc,Frank Michael Smith,https://www.youtube.com/channel/UCtab7TqLkMFc9MzOMvx5b-g,2026-04-18T04:29:44.247Z,98.0,99.193,98.0
Coba ubah udang jadi mie (lagi),https://www.youtube.com/watch?v=S4QuEZdnirY,Gundai Cooks,https://www.youtube.com/channel/UCFzw41eE0DTqrOCWaFslZyA,2026-04-18T04:28:23.472Z,68.0,80.775,68.0
Beli iPhone 8 256gb Cuma 700 Ribuan,https://www.youtube.com/watch?v=OgAFoPZGDCc,Rendi Zain,https://www.youtube.com/channel/UCsBTBx_3sGtBEeWskNGGi0A,2026-04-18T04:26:42.960Z,59.0,100.512,59.0
How Bam Adebayo was after dropping 83 points in a game ,https://www.youtube.com/watch?v=m4gTlZRMYlM,RDCworld1,https://www.youtube.com/channel/UC4G10tk3AHFuyMIuD3rHOBA,2026-04-18T04:24:09.761Z,127.0,153.199,127.0
People gotta stop believing these clippers 🤣 #shorts #funny #rdcworld1,https://www.youtube.com/watch?v=wN8sUTvGiwc,RDCworld1,https://www.youtube.com/channel/UC4G10tk3AHFuyMIuD3rHOBA,2026-04-18T04:22:44.863Z,115.0,84.898,84.898
"$80 Hotel In Wuhan, China (Worth It?) 🇨🇳",https://www.youtube.com/watch?v=_AIOEn11MZ8,Ken Abroad Shorts,https://www.youtube.com/channel/UCH91-Qctyamawau9_vO51mg,2026-04-18T04:22:42.623Z,75.0,2.24,2.24
Genius Caught Google Stealing Lyrics With a Secret Code,https://www.youtube.com/watch?v=AUJO6KWAXA0,Ethan Voth,https://www.youtube.com/channel/UCJ8CzaQFtXeg0tOFIPIc-Bw,2026-04-18T04:21:17.157Z,60.0,85.466,60.0
When the cool Arab uncle comes over 😭,https://www.youtube.com/watch?v=NqDZzeLo-Q0,faroukie,https://www.youtube.com/channel/UCR36wZwzDwn04LiWjnJgv2w,2026-04-18T04:21:09.725Z,46.0,7.432,7.432
Rating App docs from the comment section.. #carterpcs #tech #appdocs,https://www.youtube.com/watch?v=TaasXprLXlE,CarterPCs,https://www.youtube.com/channel/UCi7wDE2ZTiR5QYYrUY5WhtA,2026-04-18T04:21:01.901Z,38.0,7.824,7.824
I WILL Find The Owner Of This iPhone,https://www.youtube.com/watch?v=bqpyrEYlTL4,Man + River,https://www.youtube.com/channel/UCV-KFx9A6HD7gZ3FoMNzt7g,2026-04-18T04:20:58.549Z,59.0,3.352,3.352
👴🏽 left him 10 Shares of APPLE in 2010 🫶🏻,https://www.youtube.com/watch?v=IidGCfb9wVE,frugalrahul,https://www.youtube.com/channel/UCD-JAqmpkvkOP4f2kbfuD0w,2026-04-18T04:20:18.671Z,40.0,39.878,39.878
Dad’s god-level save for the kid #funny #save #dad #foryou #fypシ #love❤️,https://www.youtube.com/watch?v=3ts7tFYj1h0,Gracey Talhaoui,https://www.youtube.com/channel/UCXjmtJc7gCcjwZ57RONDaWA,2026-04-18T04:20:13.735Z,46.0,4.936,4.936
I used to own restaurants,https://www.youtube.com/watch?v=RZwd7u_4J4o,POV Husband,https://www.youtube.com/channel/UCztUmVaC0Im3BZYBMd989CQ,2026-04-18T04:18:32.947Z,108.0,100.788,100.788
GA NYANGKA..DIBORONG ORANG JUALANKU….😱😱 #dayinmylife #minivlog #storytelling,https://www.youtube.com/watch?v=5zYe5QY1A-A,Riyadh Al farhan,https://www.youtube.com/channel/UCKazq-wU8LdSVmifR2kkCnQ,2026-04-18T04:17:48.506Z,102.0,44.441,44.441
Bro Crashed Out Over This 😂,https://www.youtube.com/watch?v=6ib-ZUwwn_E,Mappelz,https://www.youtube.com/channel/UCdUl_bahs2CptEdW0us2TRA,2026-04-18T04:17:12.698Z,34.0,35.808,34.0
Snowball the cat ￼,https://www.youtube.com/watch?v=fBIOTaa4jfc,Alex,https://www.youtube.com/channel/UCTnTMNyyYTrTO0_kMjysxcA,2026-04-18T04:17:08.602Z,29.0,4.096,4.096
Nasik goreng bumbu ulek pakde #kuliner,https://www.youtube.com/watch?v=pIJoM13cPCI,Debi Pratama,https://www.youtube.com/channel/UCDsQEnJbXn2L5XsAOnYAz0w,2026-04-18T04:16:04.914Z,77.0,63.688,63.688
someone at Apple needs to fix this 😳 #shorts,https://www.youtube.com/watch?v=8QKf1wNe74M,jOhnZoid,https://www.youtube.com/channel/UC8RhfvtFeIlIfXzS_D_T9Ug,2026-04-18T04:15:45.110Z,35.0,19.804,19.804
They not here for the games fr 🤣 #rasheedthurmond,https://www.youtube.com/watch?v=Kv7wd-7vM9Y,Officialskyyhigh ,https://www.youtube.com/channel/UCEMrQls9wOftqiZ5IsKH9HQ,2026-04-18T04:15:40.005Z,60.0,5.105,5.105
Cigar Making 101#cigars,https://www.youtube.com/watch?v=2rSMtmOdqB8,Mr.ATLREAL,https://www.youtube.com/channel/UCoMLDEAk35dKaSouQ_xebTw,2026-04-18T04:14:28.229Z,120.0,71.776,71.776
This Is Where Phone Repair Shops REALLY Make Their Money,https://www.youtube.com/watch?v=af_r4D6cPbw,Wire & Plug ,https://www.youtube.com/channel/UCpnXco16EwgCK23fypK3HGg,2026-04-18T04:13:24.866Z,172.0,63.363,63.363
Logo Jadul Provider Pasti Anak 90an Tau Semua,https://www.youtube.com/watch?v=eg2riReBLBg,Tim Pondasi,https://www.youtube.com/channel/UCNT_LJlH-H2orWgik3v9j3Q,2026-04-18T04:11:12.026Z,89.0,132.84,89.0
Fixed RIGHT at Your Doorstep 😳📱 #satisfying #iphonerepair #asmr #longisland,https://www.youtube.com/watch?v=OCRJ44HWZ3M,HouseCallTech,https://www.youtube.com/channel/UCt09iPHWsoiV7qzMzkFHDmQ,2026-04-18T04:09:24.894Z,91.0,107.132,91.0
got my iPhone 16e for $300😈 #samsung #tech #technology #apple #iphone #samsunggalaxy #android,https://www.youtube.com/watch?v=Wap2NWlF19g,ryan,https://www.youtube.com/channel/UCCiGY0qGJ6ArOh8FpwgmxJQ,2026-04-18T04:07:57.344Z,20.0,87.55,20.0
He outsmarted the entire industry... with a basic program,https://www.youtube.com/watch?v=w5YeTcV5daA,Loaded Dice,https://www.youtube.com/channel/UCidRRSBOQN1TQshzTmu9OMA,2026-04-18T03:47:21.571Z,69.0,1235.773,69.0
2-year-old spotter on a bike with tiny handlebars,https://www.youtube.com/watch?v=0f6hdOUuWkA,Dim’s Day-to-Day,https://www.youtube.com/channel/UCPEhpgAWgPQq8YwRNfbXIyg,2026-04-18T03:47:05.206Z,62.0,16.365,16.365
I don’t think he posts here but he’s thenicolasoliver on TikTok ❤️ #lowbudget #brokemeals #broke,https://www.youtube.com/watch?v=xD7rKT6ujFY,The Plant Slant,https://www.youtube.com/channel/UCEMj2h7pP4QWkoGnSmaiiYw,2026-04-18T03:47:03.611Z,69.0,1.595,1.595
JUALAN DI CFD LAKU 50+ PORSI SELAMA 3 JAM..😱😱 #dayinmylife #minivlog #storytelling,https://www.youtube.com/watch?v=bLv0UA3Lw_U,Riyadh Al farhan,https://www.youtube.com/channel/UCKazq-wU8LdSVmifR2kkCnQ,2026-04-18T03:45:58.088Z,65.0,65.523,65.0
Learn Latin: basic counting on an abacus #latinlanguage #learnlatin,https://www.youtube.com/watch?v=cgAlDM2QRJE,Vincentius Nguien,https://www.youtube.com/channel/UC3n6i8Fe5kvsvXa9OXyPFeg,2026-04-18T03:44:59.084Z,36.0,59.004,36.0
Funny Mike tries the gas method on wasp😂😂😂 #funnymike #hag #funnycam #funny,https://www.youtube.com/watch?v=rPHSwyzEnt0,parrain,https://www.youtube.com/channel/UCdqX-pYj-LUpWeSkj1ZXNfA,2026-04-18T03:44:57.205Z,54.0,1.879,1.879
41 yıldır tost yapan fethi ustamızın ellinden karışık tost !! #reklam #tost #shortvideo #sanayi,https://www.youtube.com/watch?v=cks8Hfg6m9M,Ayaz Orakçı,https://www.youtube.com/channel/UCr2qnmbbRDDF7p56KsrXQMQ,2026-04-18T03:43:21.226Z,53.0,95.979,53.0
Curious #cat-shorts#kitten searching for something #fypシ #aww,https://www.youtube.com/watch?v=zZydzPgdUJc,Cute Cat and Nature ,https://www.youtube.com/channel/UCxjerVTu2qTTjiR2HrXTbXA,2026-04-18T03:43:17.549Z,20.0,3.677,3.677
How to Change Bird Diapers 😷 #goodtoknow #lifehacks #vet #medicine #diapers #funfacts #petcare,https://www.youtube.com/watch?v=n5zLdGROELY,Vetventures,https://www.youtube.com/channel/UC_qNHEw4tFK08cPCsUbwrOQ,2026-04-18T03:43:15.130Z,13.0,2.419,2.419
I don’t call this Mexican street corn dip anymore,https://www.youtube.com/watch?v=e5WwHF6Vg_4,RedWhiteAndBBQ,https://www.youtube.com/channel/UCTFzKLvEEpvFXsjlPAeGY6g,2026-04-18T03:42:45.278Z,29.0,29.852,29.0
Canadian grandfather held at Alligator Alcatraz returns home following deportation,https://www.youtube.com/watch?v=kad4juVdAdc,CTV News,https://www.youtube.com/channel/UCi7Zk9baY1tvdlgxIML8MXg,2026-04-18T03:42:41.011Z,132.0,4.267,4.267
Chris Pratt’s INSANE headshot story 📸,https://www.youtube.com/watch?v=ZyucMiBU6cI,The Graham Norton Show,https://www.youtube.com/channel/UC4PziMH5MvvsmqM0VCZTy-g,2026-04-18T03:41:20.123Z,120.0,80.888,80.888
Late night orders after closing time 🇬🇧 #resturantlife #food,https://www.youtube.com/watch?v=ZJQUBMZmw9w,Struggles in UK 🇬🇧 ,https://www.youtube.com/channel/UCdbUqtzDkdaVpnJdx5wYtvA,2026-04-18T03:38:44.803Z,155.0,155.32,155.0
🌮 Tacos De Canasta Attempt by Korean #tacosdecanasta #mexicanfood #mexico,https://www.youtube.com/watch?v=JJQ6J1h8Y70,Elliot Kahng,https://www.youtube.com/channel/UC86Ow57TyPTL92DFu_OIiPQ,2026-04-18T03:38:37.329Z,61.0,7.474,7.474
Why Sacramento Became CA's Capital #geography #sacramento #california #history #funfacts #education,https://www.youtube.com/watch?v=NYsggOb6cyI,JerryThink,https://www.youtube.com/channel/UCh4JTTIajPxowryqDrz0llw,2026-04-18T03:38:31.473Z,180.0,5.856,5.856
Harvesting and processing wild rice the traditional way #foraging #wildrice #manoomin,https://www.youtube.com/watch?v=Khtoay-4yoU,wellfedwild,https://www.youtube.com/channel/UCJ8esvsllOQuK7hOb__JoWg,2026-04-18T03:38:23.294Z,152.0,8.179,8.179
Arab dad at son vs daughter's school conference 😭,https://www.youtube.com/watch?v=gsbAmXWjxDE,faroukie,https://www.youtube.com/channel/UCR36wZwzDwn04LiWjnJgv2w,2026-04-18T03:37:12.518Z,61.0,70.776,61.0
Michelin Star Hummus #cooking #food,https://www.youtube.com/watch?v=U3OSu0ci8x0,Fork the People,https://www.youtube.com/channel/UCTNET75_1rZifnYhNYNZrtw,2026-04-18T03:37:05.870Z,65.0,6.648,6.648
"She's a Realtor now!! But seriously, I'm call for a referral 🤣#humour #referrals #boomers #talkative",https://www.youtube.com/watch?v=7-edu51so4k,Real Estate with Desiree,https://www.youtube.com/channel/UCkiK9myqoj9Z-fAWT7Vlaew,2026-04-18T03:36:53.508Z,17.0,12.362,12.362
One reason mechanics are quitting. #automobile #americancars #mechanic #shorts,https://www.youtube.com/watch?v=kLD6SSyfWr8,Just Call Me Eddie,https://www.youtube.com/channel/UCS6nknkYrSzK6CJN955BtrA,2026-04-18T03:34:55.546Z,180.0,117.962,117.962
He Forgave The Man Who Killed His Dad,https://www.youtube.com/watch?v=Xnr9DWaxl2Q,Andy Jiang,https://www.youtube.com/channel/UCVrEHNmwOcTM85daIG6PSVg,2026-04-18T03:34:50.950Z,73.0,4.596,4.596
Ternyata seberat ini nyiapin tahu untuk kalian makan🔥💪🏽,https://www.youtube.com/watch?v=AwDT02-qlgI,Zharifdk,https://www.youtube.com/channel/UCPdnoSNUK2YVcQ1tex8D1uQ,2026-04-18T03:32:54.089Z,180.0,116.861,116.861
"The three martini lunch is making a comeback, or is it? #threemartinilunch #online #martini",https://www.youtube.com/watch?v=-dPHYMfc04Q,tenhourscreentime,https://www.youtube.com/channel/UC0-FI3O1vVrR8M1Jkyd2gDw,2026-04-18T03:32:51.311Z,117.0,2.778,2.778
I Finally Understood Rawon,https://www.youtube.com/watch?v=VSGCJU9PLtE,Christoph Keller,https://www.youtube.com/channel/UCMb2nmg34o622V6-6PsNjyQ,2026-04-18T03:31:44.785Z,65.0,66.526,65.0
Harga nasi bungkus naik masak sendiri ditempat jualan #streetfood,https://www.youtube.com/watch?v=N4vyqffcgmE,Dwie Briant Suga,https://www.youtube.com/channel/UC_zYW0q7nObyfP0La9Iftvg,2026-04-18T03:29:45.930Z,118.0,118.855,118.0
Renovating an Abandoned Soviet Era Store Into a House (Part 1),https://www.youtube.com/watch?v=IUfVwSuZjOw,Livakivi,https://www.youtube.com/channel/UCgHGPOxUMfWsiy1ZyR-tLVw,2026-04-18T03:25:50.785Z,1432.0,235.145,235.145
Season 4,https://www.youtube.com/watch?v=-wKG-sZJjTY,Livakivi,https://www.youtube.com/channel/UCgHGPOxUMfWsiy1ZyR-tLVw,2026-04-18T03:25:30.640Z,423.0,20.145,20.145
MARAPTHON - THE LAST TALE DAY 70 pt.1,https://www.youtube.com/watch?v=VxQXe14C4GI,yb,https://www.youtube.com/channel/UCCuzDCoI3EUOo_nhCj4noSw,2026-04-18T03:20:18.806Z,28953.0,311.834,311.834
Unboxing iPhone MURAH yang gagal di pasaran :(,https://www.youtube.com/watch?v=kyvENZrCtt8,GadgetIn,https://www.youtube.com/channel/UC1dI4tO13ApuSX0QeX8pHng,2026-04-18T02:59:57.420Z,1199.0,1221.386,1199.0
🧙‍♂️ Tutorial: Mastering The Basic GUNPLA GRADE For Beginner,https://www.youtube.com/watch?v=9QXDWYChXzA,Putra Shining,https://www.youtube.com/channel/UCkW8TAw-Ztj-10JsO5c4wCw,2026-04-18T02:58:37.515Z,,79.905,79.905
LAYAR POCO X8 PRO BUTEK? 🤔 #shorts,https://www.youtube.com/watch?v=C4Xt-jIVuQg,Weebs Tech,https://www.youtube.com/channel/UCmebDeCRaUjNeOBoMgunDYA,2026-04-18T02:48:56.016Z,64.0,581.499,64.0
Cookie 🍪🛟 vs. Water Demons 💦😈,https://www.youtube.com/watch?v=ynrfzsrqqiY,Wasabi Sushi Matcha,https://www.youtube.com/channel/UCzMfRbnWfKYnVdIe_1WiSfw,2026-04-18T02:48:48.489Z,15.0,7.527,7.527
"iphone 7, no headphone jack? #shorts",https://www.youtube.com/watch?v=wap0yVUencI,Plainly Explained,https://www.youtube.com/channel/UC3cdMFkS96YPgI3TYRj6hHg,2026-04-18T02:48:47.479Z,16.0,1.01,1.01
US-EN | D7522 | MA-Meta5-VID-DS-UGC-STW-HK | Kids | Seller | 9x16 | 28s |.mp4,https://www.youtube.com/watch?v=DBCEdQmC9Kk,,,2026-04-18T02:48:46.210Z,29.0,1.269,1.269
What’s the best way to clean the track in my garden railroad? 🚂 🧼,https://www.youtube.com/watch?v=04Imj2zO6HU,Bungalow Heaven Railroad,https://www.youtube.com/channel/UCLHX10_lBep_QCSCU0sNBSQ,2026-04-18T02:48:45.073Z,34.0,1.137,1.137
POV: Your Asian Dad booked the cheapest hotel #growingupasian  #comedyskits  #japanvacation,https://www.youtube.com/watch?v=2WF-FdZVRfw,Remy Zee,https://www.youtube.com/channel/UC9wzzSSJ37Tl9X9BBMjYGbQ,2026-04-18T02:48:42.919Z,70.0,2.154,2.154
Trying to unlock my IPhone 4.. #carterpcs #tech #techtok #iphone4 #apple,https://www.youtube.com/watch?v=lmJ2PKDdSeE,CarterPCs,https://www.youtube.com/channel/UCi7wDE2ZTiR5QYYrUY5WhtA,2026-04-18T02:48:40.637Z,51.0,2.282,2.282
4 TRICKS You Can Use At The Arcade! #arcade #clawmachine #cranegame #round1 #gaming,https://www.youtube.com/watch?v=qYMVVDeZU48,Arcade Friends,https://www.youtube.com/channel/UCgE5LXATS071BffqYBBMdNA,2026-04-18T02:48:38.124Z,61.0,2.513,2.513
I Regret Waiting. You Don’t Have To.,https://www.youtube.com/watch?v=2YmfqgkUAN4,,,2026-04-18T02:48:36.452Z,47.0,1.672,1.672
China Found A Way... #Shorts,https://www.youtube.com/watch?v=lzGcyCOVR9c,Phone Repair Guru,https://www.youtube.com/channel/UCCOrp7GPgZA8EGrbOcIAsyQ,2026-04-18T02:48:33.918Z,40.0,2.534,2.534
a 12 Year Old iPad Mini in 2025? Let's Explore,https://www.youtube.com/watch?v=YC0GksihBeA,jOhnZoid,https://www.youtube.com/channel/UC8RhfvtFeIlIfXzS_D_T9Ug,2026-04-18T02:34:40.158Z,520.0,833.76,520.0
Returning LOST iPhones to their owners,https://www.youtube.com/watch?v=8a43vQEwg2Y,jOhnZoid,https://www.youtube.com/channel/UC8RhfvtFeIlIfXzS_D_T9Ug,2026-04-18T02:31:56.065Z,806.0,164.093,164.093
Total Wireless’s FREE iPhone 13: What’s the Catch? ,https://www.youtube.com/watch?v=EEfpDew0yIU,jOhnZoid,https://www.youtube.com/channel/UC8RhfvtFeIlIfXzS_D_T9Ug,2026-04-18T02:22:10.705Z,579.0,585.36,579.0
can Apples Display phones be used like normal? @PhoneRepairGuru ?,https://www.youtube.com/watch?v=sKvRHzQAPeY,jOhnZoid,https://www.youtube.com/channel/UC8RhfvtFeIlIfXzS_D_T9Ug,2026-04-18T02:08:56.119Z,717.0,794.586,717.0
Forced Perspective is Crazy #cinematography,https://www.youtube.com/watch?v=3Rs8-anIe94,Kind of a Filmmaker,https://www.youtube.com/channel/UCE1a6zhRNYSk0HIi16Uou-A,2026-04-18T01:59:51.032Z,84.0,545.087,84.0
IM SORRY MOM😭😭,https://www.youtube.com/watch?v=IrMrS_km8rU,StinkyAsher,https://www.youtube.com/channel/UCSW20WNOFR_Ifq2qwK8QO-A,2026-04-18T01:59:36.185Z,20.0,14.847,14.847
They officially have a family 🏡🥹,https://www.youtube.com/watch?v=TaURDZBbLI4,Wasabi Sushi Matcha,https://www.youtube.com/channel/UCzMfRbnWfKYnVdIe_1WiSfw,2026-04-18T01:58:08.131Z,52.0,88.054,52.0
Star Wars: The Mandalorian and Grogu | In Theaters May 22 | Tickets On Sale Now,https://www.youtube.com/watch?v=BhdCeAKnjDs,,,2026-04-18T01:57:55.902Z,132.0,12.229,12.229
family ties,https://music.youtube.com/watch?v=YqAt8-QiBcI,Baby Keem - Topic,https://www.youtube.com/channel/UCtWW-fcdt2gOE6mGHf-_dlw,2026-04-18T01:41:09.299Z,253.0,1006.603,253.0
Ultimate,https://music.youtube.com/watch?v=VR24Pfw7Ykw,Denzel Curry - Topic,https://www.youtube.com/channel/UCzN1vzi9iELop5XH53ud6Gw,2026-04-18T01:37:59.314Z,190.0,189.985,189.985
FE!N,https://music.youtube.com/watch?v=2nR1zrNzgcY,Travis Scott - Topic,https://www.youtube.com/channel/UCf_gP4AMRSgAfyzbkeS9k4g,2026-04-18T01:34:47.481Z,192.0,191.833,191.833
Catch Me Outside 2,https://music.youtube.com/watch?v=tOMyRm2QkUM,Ski Mask the Slump God - Topic,https://www.youtube.com/channel/UC08lkzw56nPfKmNwh9ZXx6Q,2026-04-18T01:32:41.138Z,127.0,126.343,126.343
Landed In Brooklyn,https://music.youtube.com/watch?v=c4_Il3U6pq0,Khantrast - Topic,https://www.youtube.com/channel/UC0WjkKjGlwzkAeAc3Pni-zw,2026-04-18T01:30:48.790Z,113.0,112.348,112.348
SUKI,https://music.youtube.com/watch?v=PLaIYQEwz8g,Eric Reprid - Topic,https://www.youtube.com/channel/UC-cnRtw8ZIjNqt8k-0Ahs7g,2026-04-18T01:28:41.203Z,128.0,127.587,127.587
CODE RED (feat. Scoot & VI Seconds),https://music.youtube.com/watch?v=_sKGCBQ-pEk,WDFA - Topic,https://www.youtube.com/channel/UCC9UqPJ1ViXUpzCs166H7hw,2026-04-18T01:24:52.835Z,229.0,228.368,228.368
THE ORIGINAL DRAGON,https://music.youtube.com/watch?v=zdumWCgFajQ,PE$O PETE - Topic,https://www.youtube.com/channel/UC5bBuOvUdRVMzszPTnNftdg,2026-04-18T01:21:57.924Z,175.0,174.911,174.911
4th Dimension,https://music.youtube.com/watch?v=6Hj5tucYv1Q,Kids See Ghosts - Topic,https://www.youtube.com/channel/UCXXMMJZJg5Pbd6PYeqDvGNw,2026-04-18T01:21:53.060Z,154.0,4.864,4.864
2HEAVY,https://music.youtube.com/watch?v=hRQ_8nIRxMM,TJ_beastboy - Topic,https://www.youtube.com/channel/UCxQp0iXTrnLE43qShNV8P5g,2026-04-18T01:21:45.667Z,167.0,7.393,7.393
Going Bad (feat. Drake),https://music.youtube.com/watch?v=4H7l0HjAxd4,Meek Mill - Topic,https://www.youtube.com/channel/UCr_zAwkma5JAyHOWfVXaouA,2026-04-18T01:18:45.331Z,181.0,180.336,180.336
tv off,https://music.youtube.com/watch?v=Rh3bJKkEhk8,Kendrick Lamar - Topic,https://www.youtube.com/channel/UCprAFmT0C6O4X0ToEXpeFTQ,2026-04-18T01:15:04.518Z,221.0,220.813,220.813
Superhero (Heroes & Villains),https://music.youtube.com/watch?v=074r1TFfo0M,Metro Boomin - Topic,https://www.youtube.com/channel/UCFYaIRiUe_1hvOtXu5IiBWQ,2026-04-18T01:12:01.778Z,183.0,182.74,182.74
GATTI,https://music.youtube.com/watch?v=915A_tF9ktk,JACKBOYS - Topic,https://www.youtube.com/channel/UCBMfQroopt4mMzegu7-71jw,2026-04-18T01:09:00.588Z,182.0,181.19,181.19
FATHER (feat. Travis Scott),https://music.youtube.com/watch?v=unypqeWmyNI,Kanye West - Topic,https://www.youtube.com/channel/UCRY5dYsbIN5TylSbd7gVnZg,2026-04-18T01:06:10.944Z,170.0,169.644,169.644
"Street Opera (Swizz Beatz feat. SAINt JHN, Fivio Foreign & BIA)",https://music.youtube.com/watch?v=Bsp8T6ni8CI,Godfather of Harlem - Topic,https://www.youtube.com/channel/UCT8TJoujukdZ9Lw06M-9WYw,2026-04-18T01:06:08.437Z,214.0,2.507,2.507
redrum,https://music.youtube.com/watch?v=OCY9vN4QzqY,21 Savage - Topic,https://www.youtube.com/channel/UCoC_a7lWbj2v7rt4ujp4n2A,2026-04-18T01:00:44.805Z,271.0,323.632,271.0
Royal Flush (feat. Vinny Radio),https://music.youtube.com/watch?v=QT8FWfcp91I,Mac Miller - Topic,https://www.youtube.com/channel/UC52ZqHVQz5OoGhvbWiRal6g,2026-04-18T01:00:32.258Z,213.0,12.547,12.547
Backseat Freestyle,https://music.youtube.com/watch?v=lm0mEp2v-t8,Kendrick Lamar - Topic,https://www.youtube.com/channel/UCprAFmT0C6O4X0ToEXpeFTQ,2026-04-18T00:56:59.279Z,213.0,212.979,212.979
Mask,https://music.youtube.com/watch?v=gcPtNqZwc9A,A$AP Ferg - Topic,https://www.youtube.com/channel/UCn3pqmDQyPt4o8oDPS3PpnQ,2026-04-18T00:56:58.312Z,200.0,0.967,0.967
Rosary (feat. Travis Scott),https://music.youtube.com/watch?v=Ppa3f4X8qQg,Don Toliver - Topic,https://www.youtube.com/channel/UCSzWQmDsKG37iKN2vw1G-2Q,2026-04-18T00:56:57.264Z,195.0,1.048,1.048
Back To Back,https://music.youtube.com/watch?v=72ykBvPOIc0,Drake - Topic,https://www.youtube.com/channel/UCU6cE7pdJPc6DU2jSrKEsdQ,2026-04-18T00:54:03.486Z,171.0,173.778,171.0
Someone at Google is getting FIRED for this 😆👀 #fyp #reels #viral,https://www.youtube.com/watch?v=WVlvHx97wW4,jOhnZoid,https://www.youtube.com/channel/UC8RhfvtFeIlIfXzS_D_T9Ug,2026-04-18T00:53:39.013Z,89.0,24.473,24.473
Dreams and Nightmares,https://music.youtube.com/watch?v=FCxJO5OKW5Q,Meek Mill - Topic,https://www.youtube.com/channel/UCr_zAwkma5JAyHOWfVXaouA,2026-04-18T00:50:01.438Z,231.0,217.575,217.575
Like That,https://music.youtube.com/watch?v=Rr1Cdli5nE8,Future - Topic,https://www.youtube.com/channel/UC1_liDR4fRFJgH4HoJeV8cw,2026-04-18T00:45:33.781Z,268.0,267.657,267.657
All Day,https://music.youtube.com/watch?v=mc-ccZXsIm4,Kanye West - Topic,https://www.youtube.com/channel/UCRY5dYsbIN5TylSbd7gVnZg,2026-04-18T00:40:22.021Z,311.0,311.76,311.0
Jesus Walks,https://music.youtube.com/watch?v=1fpkdSfPzio,Kanye West - Topic,https://www.youtube.com/channel/UCRY5dYsbIN5TylSbd7gVnZg,2026-04-18T00:40:16.118Z,194.0,5.903,5.903
Cudi Montage,https://music.youtube.com/watch?v=RaTAlvbC_T4,Kids See Ghosts - Topic,https://www.youtube.com/channel/UCXXMMJZJg5Pbd6PYeqDvGNw,2026-04-18T00:40:11.505Z,198.0,4.613,4.613
Feel The Love,https://music.youtube.com/watch?v=rnZQvgWhM5s,Kids See Ghosts - Topic,https://www.youtube.com/channel/UCXXMMJZJg5Pbd6PYeqDvGNw,2026-04-18T00:39:14.102Z,166.0,57.403,57.403
Fire,https://music.youtube.com/watch?v=ZBIzL1OdKMI,Kids See Ghosts - Topic,https://www.youtube.com/channel/UCXXMMJZJg5Pbd6PYeqDvGNw,2026-04-18T00:23:19.682Z,141.0,954.42,141.0
KAGET SAMA BIAYA MERAKIT IPHONE DI CHINA 🇨🇳 😱,https://www.youtube.com/watch?v=yXsSemJ6ycs,Akmal Riadi,https://www.youtube.com/channel/UCdnj5Gfrq5oEYKh3ozllDzQ,2026-04-17T23:43:18.082Z,1114.0,2401.6,1114.0
US-EN | D8010 | MA-UAC5-VID-Mix-UGC-PRS-HK | Women | Seller | 9x16 | 25s |.mp4,https://www.youtube.com/watch?v=CNqajHbxw9g,,,2026-04-17T23:38:01.887Z,26.0,316.195,26.0
my peking duck journey is also beginning,https://www.youtube.com/watch?v=fF4GXHNIhnk,h woo,https://www.youtube.com/channel/UCjgwXoDtdDRVU3lmGkr9Lxg,2026-04-17T23:37:35.373Z,71.0,26.514,26.514
It got nervous when you pointed at it 😭,https://www.youtube.com/watch?v=SxfEAlYpwVE,girliezzvibes,https://www.youtube.com/channel/UCEJ5H9E9XIFHDKWyDYEEHQQ,2026-04-17T23:37:22.312Z,12.0,13.061,12.0
Mao had to learn Mandarin? #linguistics #history #language,https://www.youtube.com/watch?v=JXNNNSG05mI,Nardi,https://www.youtube.com/channel/UCtcpZUYmgqcZn6nq3ofzZ7w,2026-04-17T23:36:48.613Z,82.0,33.699,33.699
Julius Phone remake CA SHORT 9x16,https://www.youtube.com/watch?v=OqIbJqjdS40,,,2026-04-17T23:36:47.250Z,61.0,1.363,1.363
Sometimes I have to explain this 😂,https://www.youtube.com/watch?v=SjFXVzFVQAA,Anthony Hamilton Jr,https://www.youtube.com/channel/UChNz6iFKpp4P10K6sF8chhg,2026-04-17T23:36:17.471Z,20.0,29.779,20.0
How to EASILY Give Cats Medicine 😷 #lifehacks #goodtoknow #funfacts #vet #medicine #catvideos #hack,https://www.youtube.com/watch?v=t0Cp2_BS88A,Vetventures,https://www.youtube.com/channel/UC_qNHEw4tFK08cPCsUbwrOQ,2026-04-17T23:35:50.300Z,17.0,27.171,17.0
How to remove your ex from your car insurance policy,https://www.youtube.com/watch?v=cKkhbWnMhQM,,,2026-04-17T23:35:48.623Z,41.0,1.677,1.677
no you cant adjust the monitors size in settings,https://www.youtube.com/watch?v=6jKOcInct7s,imcalledfyre,https://www.youtube.com/channel/UCxlDmqPcCD9WcD0YZLxfm_A,2026-04-17T23:35:46.063Z,49.0,2.56,2.56
Fizzy milk,https://www.youtube.com/watch?v=yAtYdgkPvSc,Shef_Phoenix,https://www.youtube.com/channel/UCr5Vq4DdSj9SJal5u47Zuhg,2026-04-17T23:34:45.518Z,66.0,60.545,60.545
P500000 POSS2206 NULL YOUTUBE FY27 Who Knew   Possibility HNW ASPO VQHW VID 1080x1920 15 GM EL 26010,https://www.youtube.com/watch?v=JsmTwZlVN-k,,,2026-04-17T23:34:44.434Z,16.0,1.084,1.084
The entire Chrysler Building costs only $150 million dollars 🗽,https://www.youtube.com/watch?v=KoR-A--Tjc0,Lectec | Everyday Science,https://www.youtube.com/channel/UCIiALZGKzY4ScjV92l4vI1Q,2026-04-17T23:34:42.515Z,82.0,1.919,1.919
Built a “simple” path (It Wasn’t Simple) #path #landscaping #beforeandafter #garden,https://www.youtube.com/watch?v=HwS90oETpL0,George Hoskins,https://www.youtube.com/channel/UCGrgjAJejM40QcXTvsKvlzQ,2026-04-17T23:32:03.209Z,62.0,159.306,62.0
Peak Referencing Peak 🤔,https://www.youtube.com/watch?v=3z3OyuO0Xwc,AzzMonkey ,https://www.youtube.com/channel/UCgQbYapRSZ0FZwffWhzba5w,2026-04-17T23:32:00.238Z,,2.971,2.971
Chicken thigh fillets are a SCAM!!,https://www.youtube.com/watch?v=ALT_gNA4yvU,Temi Tyrese,https://www.youtube.com/channel/UCj9BNfLVczjAV7iFsIZPUmA,2026-04-17T23:30:47.293Z,160.0,72.945,72.945
He made over 100 million yuan by selling fried seaweed#shorts,https://www.youtube.com/watch?v=ff5q_nEvp6E,ShadowTribunal ,https://www.youtube.com/channel/UCiYJ6AdnJ-B5SBZPoLAl-iA,2026-04-17T23:29:41.998Z,57.0,65.295,57.0
SQPT277 1 WWE ProductV2,https://www.youtube.com/watch?v=Ha33tGeF6yE,,,2026-04-17T23:29:36.937Z,39.0,5.061,5.061
I designed a coat rack inspired by my MacBook dock icons.,https://www.youtube.com/watch?v=up5QJzaRoXg,Unnecessary Inventions,https://www.youtube.com/channel/UCB4NFn-8oipHct0IfAQBQrQ,2026-04-17T23:29:35.378Z,78.0,1.559,1.559
Android 16 on Note 9 Went Wrong,https://www.youtube.com/watch?v=dGuKnUmBBk4,KHANISTEK,https://www.youtube.com/channel/UCePT2pT6u5L68OqHXadtcWA,2026-04-17T23:28:22.542Z,46.0,72.836,46.0
Epic catch and cook from Mauka to makai #catchandcook #spearfishing #hunting #outdoors #cooking,https://www.youtube.com/watch?v=U33RKFCND3o,Island Catch And Cook,https://www.youtube.com/channel/UCtoJ0pOAyt1Mgm5QHS5H8fg,2026-04-17T23:27:19.412Z,81.0,63.13,63.13
why is everyone selling the same phone,https://www.youtube.com/watch?v=DB8Ui6oztLk,cozytoastyy,https://www.youtube.com/channel/UCPEkB7e8ob1Qo17MrFYNoKA,2026-04-17T23:25:31.232Z,2324.0,108.18,108.18
Why Chinese netizens hate the Adidas Chinese jacket,https://www.youtube.com/watch?v=Vi67QEuHF3M,Yugene Lee,https://www.youtube.com/channel/UCL7-9jSmQLEVKyR6MwSFMwQ,2026-04-17T23:16:57.057Z,2160.0,514.175,514.175
Inside California's Largest Outlet Mall: Ontario Mills,https://www.youtube.com/watch?v=lvkrL70dl7g,Yellow Productions,https://www.youtube.com/channel/UCw8_bi1G4duPevdfktipGOA,2026-04-17T23:14:31.004Z,1504.0,146.053,146.053
One person has united Italy across the political spectrum,https://www.youtube.com/watch?v=3MtTqJ-n4kA,Dave Jorgenson,https://www.youtube.com/channel/UC4V84y8cUtthXhRzLKSly7A,2026-04-17T23:12:31.377Z,115.0,119.627,115.0
He did the 3 scoop method 👀,https://www.youtube.com/watch?v=_k2sIDK8ggM,Flavor Hive,https://www.youtube.com/channel/UCs3r-mI1Sj_1LSPX0W5gB0w,2026-04-17T23:12:30.303Z,63.0,1.074,1.074
Triple Cooked Leeks Like a Chef,https://www.youtube.com/watch?v=Ju_rVBCBVZo,Fallow,https://www.youtube.com/channel/UCJ901NqoRaXMnIm7aOjLyuA,2026-04-17T23:11:33.032Z,63.0,57.271,57.271
Caesar salad butter 🧈,https://www.youtube.com/watch?v=Phoox7vAUj4,Lauraskitchendiary,https://www.youtube.com/channel/UCBdfkbUXZTrWJTNz-cJnSTg,2026-04-17T23:11:29.570Z,21.0,3.462,3.462
cid=77be3c5d21e8f5bfe2f8be74b66fc657,https://www.youtube.com/watch?v=t5oF9UEtDQA,,,2026-04-17T23:10:59.249Z,39.0,30.321,30.321
Why are you using low power mode 24/7? #carterpcs #tech #iphone #lowpowermode,https://www.youtube.com/watch?v=tN0rperJLF0,CarterPCs,https://www.youtube.com/channel/UCi7wDE2ZTiR5QYYrUY5WhtA,2026-04-17T22:36:02.548Z,35.0,2096.701,35.0
The “Official” Sandwich of Indonesia | Roti Bakar,https://www.youtube.com/watch?v=1uZShDNd9p0,Big Nibbles,https://www.youtube.com/channel/UClfLmmxQVEX8SauwFlfPpog,2026-04-17T22:36:00.229Z,62.0,2.319,2.319
The “Official” Sandwich of Haiti | Griot,https://www.youtube.com/watch?v=O2a6-QMDrT4,Big Nibbles,https://www.youtube.com/channel/UClfLmmxQVEX8SauwFlfPpog,2026-04-17T22:35:55.035Z,61.0,5.194,5.194
The “Official” Sandwich of Bulgaria | Princess,https://www.youtube.com/watch?v=gNYwLUzkAf0,Big Nibbles,https://www.youtube.com/channel/UClfLmmxQVEX8SauwFlfPpog,2026-04-17T22:35:53.057Z,63.0,1.978,1.978
The “Official” Sandwich of Denmark | Smørrebrød,https://www.youtube.com/watch?v=16CEQ9Behho,Big Nibbles,https://www.youtube.com/channel/UClfLmmxQVEX8SauwFlfPpog,2026-04-17T22:35:51.886Z,64.0,1.171,1.171
The “Official” Sandwich of Lebanon | Arayes,https://www.youtube.com/watch?v=IqzW6LWHKcU,Big Nibbles,https://www.youtube.com/channel/UClfLmmxQVEX8SauwFlfPpog,2026-04-17T22:35:50.181Z,65.0,1.705,1.705
The “Official” Sandwich of Sri Lanka | Ribbon,https://www.youtube.com/watch?v=UflmWOgZRyM,Big Nibbles,https://www.youtube.com/channel/UClfLmmxQVEX8SauwFlfPpog,2026-04-17T22:34:33.715Z,64.0,76.466,64.0
The “Official” Sandwich of UK | Bacon or Chip Butty?,https://www.youtube.com/watch?v=bhAIC3uqZPg,Big Nibbles,https://www.youtube.com/channel/UClfLmmxQVEX8SauwFlfPpog,2026-04-17T22:07:04.038Z,61.0,1649.677,61.0
Street Interview CA 9x16,https://www.youtube.com/watch?v=eD3MwlVrOqA,,,2026-04-17T22:06:50.827Z,73.0,13.211,13.211
NYC multimillionaire’s shocking plea,https://www.youtube.com/watch?v=6pPToWDAgWY,More Perfect Union,https://www.youtube.com/channel/UCehBVAPy-bxmnbNARF-_tvA,2026-04-17T21:19:49.813Z,165.0,2821.014,165.0
This tower swallowed something here 🗽,https://www.youtube.com/watch?v=7QiN5L00h7A,Lectec | Everyday Science,https://www.youtube.com/channel/UCIiALZGKzY4ScjV92l4vI1Q,2026-04-17T21:19:44.652Z,63.0,5.161,5.161
Canon RT7 Vs iPhone 15 Pro Max,https://www.youtube.com/watch?v=UsWCIWL-4gs,Man that’s boring!,https://www.youtube.com/channel/UCRCO_KuP8VW1GY1s9ac_oIA,2026-04-17T21:19:17.167Z,30.0,27.485,27.485
When coming home goes wrong #pov #parkour #home ￼￼,https://www.youtube.com/watch?v=oMAra_VAEoY,RollingSturdy,https://www.youtube.com/channel/UCxXEanacV02jNG-tBeaBa_Q,2026-04-17T21:18:27.469Z,51.0,49.698,49.698
Stanford Closes Jain Religious Exemption #funfact,https://www.youtube.com/watch?v=RMetBenbyg4,Doug Sharpe,https://www.youtube.com/channel/UCAYmlecATSG0wc5IxsFJSbQ,2026-04-17T21:17:10.668Z,64.0,76.801,64.0
Still Not Amused,https://www.youtube.com/watch?v=6dLAb53M77s,Anthrax Allen,https://www.youtube.com/channel/UCYQu0jZmqJRP7IlORRsx7fg,2026-04-17T21:17:06.880Z,16.0,3.788,3.788
The Truth About the Artemis 2 Plush Toy #space #nasa,https://www.youtube.com/watch?v=wfiZMCYapfQ,vt.physics,https://www.youtube.com/channel/UCuO1xKv8PwUCdQ1b3eY1TrA,2026-04-17T21:16:59.370Z,62.0,7.51,7.51
Jollof Rice in the biggest pot ever!,https://www.youtube.com/watch?v=HDMVxEslIxA,Temi Tyrese,https://www.youtube.com/channel/UCj9BNfLVczjAV7iFsIZPUmA,2026-04-17T21:14:59.890Z,118.0,119.48,118.0
Tomato 🍅 Base is crazy,https://www.youtube.com/watch?v=atJWvTJtwaY,Flavor Hive,https://www.youtube.com/channel/UCs3r-mI1Sj_1LSPX0W5gB0w,2026-04-17T21:13:48.285Z,62.0,71.605,62.0
obrolan malam v.4,https://www.youtube.com/watch?v=D4_SZW9hC2c,TnM,https://www.youtube.com/channel/UCZdmuthWjKAC-oiaoh1bfOw,2026-04-17T20:34:08.685Z,7454.0,2379.6,2379.6
These new age Barbers be thinking they Celebs,https://www.youtube.com/watch?v=phOMipX-CDQ,Druski,https://www.youtube.com/channel/UC4PQqjGczpgmqbpicKjkwvw,2026-04-17T20:27:14.827Z,107.0,413.858,107.0
SMILING FRIENDS BUT IT'S JUST MR. LANDLORD!,https://www.youtube.com/watch?v=pEn-eRovOFg,DAN RAGOOSEWORX,https://www.youtube.com/channel/UCc7psShGfB9eOmC1aEXA-xw,2026-04-17T20:21:32.795Z,324.0,342.032,324.0
Indian Bot - Smiling Friends,https://www.youtube.com/watch?v=TtdE-6qU_I0,itszeytroin__,https://www.youtube.com/channel/UCTchCV9X8yfqva2wK1RswyA,2026-04-17T20:18:14.124Z,116.0,198.671,116.0
Friend Bot Solves Frown with Binary - Smiling Friends Season 3 Episode 9 Friend Bot,https://www.youtube.com/watch?v=r5IFnq_yxpI,Yule Ropple,https://www.youtube.com/channel/UCVgVbsjd555QXj90z5u0D7g,2026-04-17T20:17:38.260Z,22.0,35.864,22.0
MEGA AGGRON - THE WALL IS INVINCIBLE!,https://www.youtube.com/watch?v=NSqlAIKMK80,shofu,https://www.youtube.com/channel/UCbr6TI0Mujw2iFAQE4R8yrQ,2026-04-17T20:17:11.444Z,1169.0,26.816,26.816
MORE MEGA AGGRON! SHORT STREAM!,https://www.youtube.com/watch?v=EHCiq6dBPzU,shofu,https://www.youtube.com/channel/UCbr6TI0Mujw2iFAQE4R8yrQ,2026-04-17T20:16:51.491Z,3658.0,19.953,19.953
What to do if you Catch a Tagged Fish? #fishing #fishingtips,https://www.youtube.com/watch?v=SpzR6Cr7K78,Juran Angling,https://www.youtube.com/channel/UCfRLvdYI7rxOGTrY1391eQw,2026-04-17T17:40:45.756Z,64.0,9365.735,64.0
Shortened: cid=43e09dbf38fec6194827eae0b7fce302,https://www.youtube.com/watch?v=57b-lgl_l4c,,,2026-04-17T17:40:44.452Z,15.0,1.304,1.304
How I charge my client $4000 to deep clean their home and Here’s what they got!,https://www.youtube.com/watch?v=7jO9N9JOJ9s,Edge Cleaning Clips,https://www.youtube.com/channel/UCyL2NyZ-pE-1iNT-wvA4GKg,2026-04-17T17:40:41.931Z,100.0,2.521,2.521
Chinese homes #3 🛏️,https://www.youtube.com/watch?v=QsMqjum7KtM,marissainchina,https://www.youtube.com/channel/UCxCX9NWR6sWKOhARHwJ4vlQ,2026-04-17T17:39:47.827Z,49.0,54.104,49.0
10 years living out of a backpack,https://www.youtube.com/watch?v=a0xXFbDXIb4,Jeremy Maluf,https://www.youtube.com/channel/UCfouu8GInTAkAq4oGmef0qw,2026-04-17T17:36:36.809Z,177.0,191.018,177.0
Parking In High School Vs. College 🚙 #shorts #funny #school,https://www.youtube.com/watch?v=_N10MdRfQNw,Izlammo,https://www.youtube.com/channel/UChA_OUXiX9Gk01-Fg4mV5-g,2026-04-17T17:29:22.315Z,68.0,434.494,68.0
What up my brother #shorts,https://www.youtube.com/watch?v=vPUb6QGr_XE,Druski,https://www.youtube.com/channel/UC4PQqjGczpgmqbpicKjkwvw,2026-04-17T17:28:20.188Z,58.0,62.127,58.0
I'm sure the comments will be normal for this,https://www.youtube.com/watch?v=OARbOnlwDX0,Viva La Dirt League,https://www.youtube.com/channel/UCchBatdUMZoMfJ3rIzgV84g,2026-04-17T17:25:09.780Z,87.0,190.408,87.0
Everyone Thinks Bieber’s Coachella Set Was Lazy - It Was About Money,https://www.youtube.com/watch?v=B0DgPsvYI1s,Blake Finucane,https://www.youtube.com/channel/UC3PhOX3xVI4KCSc1TlNHoDA,2026-04-17T17:23:43.202Z,90.0,86.578,86.578
"If you have 20,000 hens and your “candid” video shows a single hen, somebody’s full of it",https://www.youtube.com/watch?v=4xN70dl7nZU,Farming While Beige,https://www.youtube.com/channel/UCFNcY_a-jIigMo1DAjKqEfQ,2026-04-17T16:37:24.792Z,179.0,2778.41,179.0
The worst IOS app doc I’ve ever seen.. #carterpcs #tech #ios #appdoc,https://www.youtube.com/watch?v=UNYbIyrV6Nc,CarterPCs,https://www.youtube.com/channel/UCi7wDE2ZTiR5QYYrUY5WhtA,2026-04-17T16:34:15.113Z,32.0,189.679,32.0
"it took me 2,572 DAYS to make this Pilot... and here's the Trailer!",https://www.youtube.com/watch?v=UzJSm4pywO4,Shigloo,https://www.youtube.com/channel/UCT1Mq1MaOyXa1qHXPT5dUAw,2026-04-17T16:32:47.198Z,72.0,87.915,72.0
How To Turn OFF (Disable) Call Forwarding On OnePlus 13,https://www.youtube.com/watch?v=4ozMvKkpV6k,WebPro Education,https://www.youtube.com/channel/UCTCMk9I_YW-xjeHEHCXZ6AQ,2026-04-17T15:20:51.173Z,88.0,4316.025,88.0
We just hadddd to make a part 2😭😭 ​⁠@scottkress_,https://www.youtube.com/watch?v=ulNgLVZ0XNg,StinkyAsher,https://www.youtube.com/channel/UCSW20WNOFR_Ifq2qwK8QO-A,2026-04-17T15:17:30.918Z,62.0,200.255,62.0
The Cheapest Way To Get The New iPhone Every Year,https://www.youtube.com/watch?v=c-W5YBZeDTY,Stetson Doggett,https://www.youtube.com/channel/UCwOokOU1RakmtuiCZFactGg,2026-04-17T13:31:37.024Z,1344.0,6353.894,1344.0
Can You Build a Working iPhone From AliExpress...?,https://www.youtube.com/watch?v=0Xtk5qArI2Q,Phone Repair Guru,https://www.youtube.com/channel/UCCOrp7GPgZA8EGrbOcIAsyQ,2026-04-17T05:27:19.514Z,1146.0,29057.51,1146.0
Can You Build An iPad Using Only Parts From Aliexpress...?,https://www.youtube.com/watch?v=Wh-nYCbe4Cs,Phone Repair Guru,https://www.youtube.com/channel/UCCOrp7GPgZA8EGrbOcIAsyQ,2026-04-17T05:27:01.938Z,1122.0,17.576,17.576
Can You Build a Nothing Phone From AliExpress Parts?,https://www.youtube.com/watch?v=s06kv6kfqG0,Nothing,https://www.youtube.com/channel/UCuVQmkiETvqmLviDcBtQw4A,2026-04-17T05:19:09.172Z,406.0,472.766,406.0
RG Rotate is Missing WHAT? RP5 NEW COLORS & GameMT EX8 Unboxed,https://www.youtube.com/watch?v=ZQXNO0pnSkU,Retro Handhelds gg,https://www.youtube.com/channel/UC3IYhdamzjvEJ9CwkQa4RAw,2026-04-17T05:18:32.468Z,8070.0,36.704,36.704
Those Fashion Dudes try to be so mysterious & weird,https://www.youtube.com/watch?v=xOTQJVD3vtw,Druski,https://www.youtube.com/channel/UC4PQqjGczpgmqbpicKjkwvw,2026-04-17T05:17:12.852Z,99.0,79.616,79.616
THEY SLEEP ON THE INVINCIBLE MEGA AGGRON!,https://www.youtube.com/watch?v=gWltXpQqes8,shofu,https://www.youtube.com/channel/UCbr6TI0Mujw2iFAQE4R8yrQ,2026-04-17T04:53:39.307Z,12013.0,1413.545,1413.545
are Walmarts NEW iPhones a Scam?,https://www.youtube.com/watch?v=azEPbo7G-40,jOhnZoid,https://www.youtube.com/channel/UC8RhfvtFeIlIfXzS_D_T9Ug,2026-04-17T04:43:04.506Z,665.0,634.801,634.801
My Budget Tech EDC (Every Day Carry) - Affordable Gear,https://www.youtube.com/watch?v=LneYXW5a1gg,Karl Conrad,https://www.youtube.com/channel/UC0MYNOsIrz6jmXfIMERyRHQ,2026-04-17T04:39:15.730Z,752.0,228.776,228.776
Nothing's CMF brand is INSANE value.,https://www.youtube.com/watch?v=ppCKo00iZl0,Dylan Macintosh,https://www.youtube.com/channel/UCxkvnK8OTMeXWKq_k1xcSEg,2026-04-17T04:27:04.259Z,763.0,731.471,731.471
Every Major Windows F*ckup Explained in 8 Minutes,https://www.youtube.com/watch?v=tLz2BHofZPY,Plumify,https://www.youtube.com/channel/UCSxLC6fH6zwbAGrQNPoWcHA,2026-04-17T04:19:20.152Z,504.0,464.107,464.107
Every Major Google F*ckup Explained in 10 Minutes,https://www.youtube.com/watch?v=0iXmg0o4tTw,Plumify,https://www.youtube.com/channel/UCSxLC6fH6zwbAGrQNPoWcHA,2026-04-17T04:08:42.046Z,638.0,638.106,638.0
Every Major Samsung F*ckup Explained in 10 Minutes,https://www.youtube.com/watch?v=a85MIMYzscU,Plumify,https://www.youtube.com/channel/UCSxLC6fH6zwbAGrQNPoWcHA,2026-04-17T03:56:40.548Z,612.0,721.498,612.0
How To Set Up Visual Voicemail On Mint Mobile (Transcribe Your Voicemails Into Text Messages),https://www.youtube.com/watch?v=E-yDtB79cdc,Geo Statology,https://www.youtube.com/channel/UCvCdKXqFWU7nK7M8rV-TtkA,2026-04-17T03:43:33.150Z,205.0,787.398,205.0
How To Fix Mint Mobile Visual Voicemail Pixel Not Working,https://www.youtube.com/watch?v=afdQx7MRX2Y,Geo Statology,https://www.youtube.com/channel/UCvCdKXqFWU7nK7M8rV-TtkA,2026-04-17T03:43:09.126Z,227.0,24.024,24.024
Smiling Friends is Over… And it Ended PERFECTLY,https://www.youtube.com/watch?v=fqMPlZNskds,dvdreviewsstudios,https://www.youtube.com/channel/UCyyPr-Jwmt5Z1YTOSmTAvBg,2026-04-17T03:31:27.986Z,582.0,701.14,582.0
Sopranos Italian Slang Translations,https://www.youtube.com/watch?v=jo8s8yZ6GzE,The Hoboken Social,https://www.youtube.com/channel/UC9slA9vEFagwJZH-rNOYNtw,2026-04-17T03:26:27.414Z,116.0,300.572,116.0
Store cat wins after his eviction is met with public outcry  👀 #cat #shorts,https://www.youtube.com/watch?v=fvWdoW8WA8I,That Good News Girl,https://www.youtube.com/channel/UCwOd93UOsr_Qk_S6sQycVBw,2026-04-17T03:26:26.854Z,129.0,0.56,0.56
I tried 3D Printing a Wheelchair...,https://www.youtube.com/watch?v=R774hFy5gpI,JerryRigEverything,https://www.youtube.com/channel/UCWFKCr40YwOZQx8FHU_ZqqQ,2026-04-17T03:26:23.647Z,128.0,3.207,3.207
I GREW MY OWN SPONGE!! #loofah #garden #gardening #gardendelight #growyourownfood #gardeningtips,https://www.youtube.com/watch?v=nEfmkdlyRKI,Nina the plant mum 👩‍🌾,https://www.youtube.com/channel/UC2JoKk_gpUMldqDxFG9mr7Q,2026-04-17T03:26:21.085Z,132.0,2.562,2.562
Apple III Fail,https://www.youtube.com/watch?v=1oh8EKOB2e8,Computer History Museum,https://www.youtube.com/channel/UCHDr4RtxwA1KqKGwxgdK4Vg,2026-04-17T03:26:19.243Z,87.0,1.842,1.842
Fact-checking President Trump’s claims about Iran,https://www.youtube.com/watch?v=WBjxm3Qq-hA,Dave Jorgenson,https://www.youtube.com/channel/UC4V84y8cUtthXhRzLKSly7A,2026-04-17T03:26:16.973Z,170.0,2.27,2.27
Kata Pak Toni Jangan Ngomong Anjing,https://www.youtube.com/watch?v=L6sU9viXXow,Tim2one - ChandraLiow,https://www.youtube.com/channel/UCUcBFGAfOzut1x4GSWa6Akg,2026-04-17T03:25:00.580Z,98.0,76.393,76.393
THE LAST ONE 💀💀,https://www.youtube.com/watch?v=rl42CRA61O4,StinkyAsher,https://www.youtube.com/channel/UCSW20WNOFR_Ifq2qwK8QO-A,2026-04-17T03:24:09.394Z,36.0,51.186,36.0
OnePlus 13: How to Set Up Voicemail,https://www.youtube.com/watch?v=ITePFZd4G_8,Games & Apps Tutorials,https://www.youtube.com/channel/UCtmWTxLwqNkIsZO94r2h4Wg,2026-04-17T03:05:32.084Z,44.0,1117.31,44.0
How To Set Up Voicemail on Visible (iPhone and Android),https://www.youtube.com/watch?v=t7mHG_ioa24,Stetson Doggett,https://www.youtube.com/channel/UCwOokOU1RakmtuiCZFactGg,2026-04-17T03:05:20.125Z,230.0,11.959,11.959
Use Cloudflare DNS On Android Without Using App,https://www.youtube.com/watch?v=vMKSjoVxBI8,Sombex,https://www.youtube.com/channel/UCmcXVCxNwW5rp-KAc8qadbQ,2026-04-17T02:57:06.922Z,57.0,493.203,57.0
OnePlus 15: How to Find Private DNS Settings (Set Up DNS Hostname),https://www.youtube.com/watch?v=y0r6eEd-ndU,Games & Apps Tutorials,https://www.youtube.com/channel/UCtmWTxLwqNkIsZO94r2h4Wg,2026-04-17T02:56:44.768Z,35.0,22.154,22.154
It Might Be Time To Ditch Android.,https://www.youtube.com/watch?v=4HEgMbWjSZE,Switch and Click,https://www.youtube.com/channel/UCT6AJiTYspOILBK3hMWEq2g,2026-04-17T02:48:17.072Z,921.0,507.696,507.696
How To Set Up Voicemail On OnePlus 15,https://www.youtube.com/watch?v=mwX5aja_d2Y,WebPro Education,https://www.youtube.com/channel/UCTCMk9I_YW-xjeHEHCXZ6AQ,2026-04-17T02:47:05.890Z,56.0,71.182,56.0
I hacked MKBHD's locked phone,https://www.youtube.com/watch?v=PPJ6NJkmDAo,Veritasium,https://www.youtube.com/channel/UCHnyfMqiRRG1u-2MsSQLbXA,2026-04-17T02:39:59.322Z,1544.0,426.568,426.568
BPD,https://music.youtube.com/watch?v=MXeID98Aook,YNG Martyr - Topic,https://www.youtube.com/channel/UCuUjvvVr_oAcPUw34yC-UuQ,2026-04-17T02:29:02.061Z,136.0,657.261,136.0
SUKI,https://music.youtube.com/watch?v=PLaIYQEwz8g,Eric Reprid - Topic,https://www.youtube.com/channel/UC-cnRtw8ZIjNqt8k-0Ahs7g,2026-04-17T02:26:54.346Z,128.0,127.715,127.715
Landed In Brooklyn,https://music.youtube.com/watch?v=c4_Il3U6pq0,Khantrast - Topic,https://www.youtube.com/channel/UC0WjkKjGlwzkAeAc3Pni-zw,2026-04-17T02:25:01.989Z,113.0,112.357,112.357
Push Ups,https://music.youtube.com/watch?v=HKH9p19PRLA,Drake - Topic,https://www.youtube.com/channel/UCU6cE7pdJPc6DU2jSrKEsdQ,2026-04-17T02:21:09.211Z,233.0,232.778,232.778
I'm a Boss (feat. Rick Ross),https://music.youtube.com/watch?v=9FKKf5AQmi4,Meek Mill - Topic,https://www.youtube.com/channel/UCr_zAwkma5JAyHOWfVXaouA,2026-04-17T02:17:04.102Z,246.0,245.109,245.109
GATTI,https://music.youtube.com/watch?v=915A_tF9ktk,JACKBOYS - Topic,https://www.youtube.com/channel/UCBMfQroopt4mMzegu7-71jw,2026-04-17T02:14:02.956Z,182.0,181.146,181.146
Mask Off,https://music.youtube.com/watch?v=AMCwYdTJ_PE,Future - Topic,https://www.youtube.com/channel/UC1_liDR4fRFJgH4HoJeV8cw,2026-04-17T02:10:37.675Z,205.0,205.281,205.0
tv off,https://music.youtube.com/watch?v=Rh3bJKkEhk8,Kendrick Lamar - Topic,https://www.youtube.com/channel/UCprAFmT0C6O4X0ToEXpeFTQ,2026-04-17T02:06:56.226Z,221.0,221.449,221.0
Mercy,https://music.youtube.com/watch?v=YGiBUN6EjCo,Kanye West - Topic,https://www.youtube.com/channel/UCRY5dYsbIN5TylSbd7gVnZg,2026-04-17T02:01:26.305Z,330.0,329.921,329.921
4th Dimension,https://music.youtube.com/watch?v=6Hj5tucYv1Q,Kids See Ghosts - Topic,https://www.youtube.com/channel/UCXXMMJZJg5Pbd6PYeqDvGNw,2026-04-17T01:56:56.309Z,154.0,269.996,154.0
Feel The Love,https://music.youtube.com/watch?v=rnZQvgWhM5s,Kids See Ghosts - Topic,https://www.youtube.com/channel/UCXXMMJZJg5Pbd6PYeqDvGNw,2026-04-17T01:49:05.368Z,166.0,470.941,166.0
Freeee (Ghost Town Pt. 2),https://music.youtube.com/watch?v=5bZqAfJBsSk,Kids See Ghosts - Topic,https://www.youtube.com/channel/UCXXMMJZJg5Pbd6PYeqDvGNw,2026-04-17T01:42:28.079Z,207.0,397.289,207.0
Fire,https://music.youtube.com/watch?v=ZBIzL1OdKMI,Kids See Ghosts - Topic,https://www.youtube.com/channel/UCXXMMJZJg5Pbd6PYeqDvGNw,2026-04-17T01:38:59.527Z,141.0,208.552,141.0
The Aftermath of Mizkif,https://www.youtube.com/watch?v=kNqv1fx5APU,RoyaltyIsHere,https://www.youtube.com/channel/UC_MjbTm-m5d3QtPv9eFNW8w,2026-04-17T00:38:29.536Z,1558.0,3629.991,1558.0
Mega Golurk is a FRAUD... (Pokemon Champions F2P),https://www.youtube.com/watch?v=t-2-8wWX4Gw,Jimothy Gaming,https://www.youtube.com/channel/UC7lZtS7ZWUvkVZhjlZWxpig,2026-04-17T00:37:01.029Z,2758.0,88.507,88.507
This Indian Phone Is A Marketing Disaster!,https://www.youtube.com/watch?v=kMaP_YSU9M8,TechWiser,https://www.youtube.com/channel/UCdp6GUwjKscp5ST4M4WgIpw,2026-04-16T23:24:16.928Z,,4364.101,4364.101
Are they a Scam? #scam #apple #shorts #tech #applemusic,https://www.youtube.com/watch?v=46J_I8E34xU,Dee Solomon Starkey,https://www.youtube.com/channel/UCfnR2V2M64GoSKS5kCfT_tg,2026-04-16T22:15:39.511Z,36.0,4117.417,36.0
When you don't let work stress you out,https://www.youtube.com/watch?v=z0Arta0s89c,Christian Maldonado,https://www.youtube.com/channel/UC8NDxJ7wSQwT6t3eNc4SORg,2026-04-16T22:15:27.422Z,35.0,12.089,12.089
How much I made this weekend from my side hustles,https://www.youtube.com/watch?v=zyZgC7OclNc,Bradley on a Budget,https://www.youtube.com/channel/UC4_aeHO9Et1h3rEpQAtMAPw,2026-04-16T22:15:25.917Z,92.0,1.505,1.505
"If you can do this, Try this #194",https://www.youtube.com/watch?v=8AaJMQd-kuw,Webz,https://www.youtube.com/channel/UCke7CUOPnzp1dYwI0keZYmQ,2026-04-16T22:15:22.842Z,19.0,3.075,3.075
"People are leaving the #usa. This is called “the coyote”, #ice #mexico #netflix #nokings",https://www.youtube.com/watch?v=iIufKTWDYfI,The TezDown (KingTez the2nd),https://www.youtube.com/channel/UCrZ2HW_1KjODccp32ueCACQ,2026-04-16T22:14:57.824Z,123.0,25.018,25.018
I paid MORE to fix this myself 🤦‍♂️ #diycarrepair,https://www.youtube.com/watch?v=Fv-g9MnxuN4,Chrys Gaines,https://www.youtube.com/channel/UCEZXgNxNQeK3UUTMitGG38A,2026-04-16T21:59:59.220Z,179.0,898.604,179.0
Why We Dye Kittens Yellow 💛😷 #goodtoknow #funfacts #lifehacks #vet #medicine #catvideos #ringworm,https://www.youtube.com/watch?v=Miv0UseYV3U,Vetventures,https://www.youtube.com/channel/UC_qNHEw4tFK08cPCsUbwrOQ,2026-04-16T21:59:31.533Z,23.0,27.687,23.0
How did those RGB strips not start fires.. #carterpcs #tech #rgbstrips #roomlights,https://www.youtube.com/watch?v=0JYS-8_Julo,CarterPCs,https://www.youtube.com/channel/UCi7wDE2ZTiR5QYYrUY5WhtA,2026-04-16T21:59:31.014Z,23.0,0.519,0.519
NASA LONGEVITY #space #nasa #spacecraft #astronomy #engineering,https://www.youtube.com/watch?v=sQ2n6Vshoag,Hunter🪐,https://www.youtube.com/channel/UCSeIoRy0EcAau1p15rRZXBA,2026-04-16T21:59:06.989Z,70.0,24.025,24.025
Customer states 🤣🤣🤣#mechanic #car#funny#fyp,https://www.youtube.com/watch?v=e_IW5DPYUJo,Funusa_,https://www.youtube.com/channel/UC25H002WsGF_nLRws9VcM-g,2026-04-16T21:59:05.116Z,62.0,1.873,1.873
Biker Pulled Over For Going Left And Right,https://www.youtube.com/watch?v=KpOrbqaE_is,JohnTalksBikes,https://www.youtube.com/channel/UCAVY5QyZQJkufE-96bzmsxQ,2026-04-16T21:58:42.940Z,25.0,22.176,22.176
Presidential Portraits,https://www.youtube.com/watch?v=Ww_gX_Ymjjs,Microdose Of Art,https://www.youtube.com/channel/UCW_N5r2i-6umjHmiNHlofDw,2026-04-16T21:57:10.712Z,90.0,92.228,90.0
Why Japan Demolishes Buildings From the Bottom Up,https://www.youtube.com/watch?v=Ivc1dtzlKP4,vt.physics,https://www.youtube.com/channel/UCuO1xKv8PwUCdQ1b3eY1TrA,2026-04-16T21:56:15.363Z,56.0,55.349,55.349
Sunken cost fallacy,https://www.youtube.com/watch?v=9OdyDUCzDxI,Andrew McKenna,https://www.youtube.com/channel/UCWohPFwhf8B4x_DRY5yqB9g,2026-04-16T21:56:04.038Z,59.0,11.325,11.325
PROTECTOR SAVED THE DAY 😁 # #problemfix #diy gaming #brokenfix #smartphone #cellphone,https://www.youtube.com/watch?v=-Atd9iER_kY,Digital Doctor ,https://www.youtube.com/channel/UCta8FWxM474irDMPABq2o4Q,2026-04-16T21:55:15.354Z,172.0,48.684,48.684
Democrats have a long-shot plan to remove Trump,https://www.youtube.com/watch?v=AJEzuqgQKDU,Dave Jorgenson,https://www.youtube.com/channel/UC4V84y8cUtthXhRzLKSly7A,2026-04-16T21:53:03.874Z,138.0,131.48,131.48
Viva la Vida by cosplay🥀 #kai #stream #funny #bruh #tiktok,https://www.youtube.com/watch?v=q_-pXWmwGn8,Ineed somewater,https://www.youtube.com/channel/UCEJccD5SIaInx-gO__8wSJg,2026-04-16T21:52:37.894Z,21.0,25.98,21.0
I'm in one of Indonesia's coldest towns. Lightning everywhere.,https://www.youtube.com/watch?v=6amcybyVOBM,Fiasco da Gama,https://www.youtube.com/channel/UCukmPcu8iOGYaRtiexZO6Eg,2026-04-16T21:37:39.861Z,1490.0,898.033,898.033
Problems of a Trilingual,https://www.youtube.com/watch?v=SNS61SwpK0w,Ono Kisho,https://www.youtube.com/channel/UCvFwMW5wbzTFUcj3ZsuJ7Iw,2026-04-16T21:28:15.388Z,296.0,564.473,296.0
jack harlow is at the desk!,https://www.youtube.com/watch?v=K0FTRjbD1Hg,Saturday Night Live,https://www.youtube.com/channel/UCqFzWxSCi39LnW1JKFR3efg,2026-04-16T21:05:48.344Z,177.0,1347.044,177.0
Late-night PhD shenanigans with Pawfessor Donut 🍩🤓📚,https://www.youtube.com/watch?v=mYg4jswXmjU,Wasabi Sushi Matcha,https://www.youtube.com/channel/UCzMfRbnWfKYnVdIe_1WiSfw,2026-04-16T20:57:48.949Z,44.0,479.395,44.0
Inside Mexico’s Cartel Civil War,https://www.youtube.com/watch?v=h4WSpp5TIHE,Channel 5 with Andrew Callaghan,https://www.youtube.com/channel/UC-AQKm7HUNMmxjdS371MSwg,2026-04-16T20:09:04.949Z,2566.0,2924.0,2566.0
How to Speak Indonesian with Chris Hemsworth in 1 Minute and 30 Seconds,https://www.youtube.com/watch?v=CVHkRwXmOW8,Geeks Spaces,https://www.youtube.com/channel/UClqRFIcSKjCHyAgrk5S_kmw,2026-04-16T20:08:51.807Z,91.0,13.142,13.142
Why Texas BBQ Joints Rarely Survive,https://www.youtube.com/watch?v=Gi1GDBEp1yA,Modern MBA,https://www.youtube.com/channel/UCbzVRTkX3bzNZuBd9In4XyA,2026-04-16T20:08:35.173Z,2782.0,16.634,16.634
Nypd vs bikelife😂 #honda #kawasaki #kx112 #crf150 #electricbike #nypd #yamaha,https://www.youtube.com/watch?v=WfOabQVeneM,Anybike gang,https://www.youtube.com/channel/UCfgIVN3gUZTwZ-1Vi9P92Vg,2026-04-16T18:57:14.354Z,15.0,4280.819,15.0
Biker Cuts People Off Yelling Out Gang,https://www.youtube.com/watch?v=qgF5Vi78Jlc,JohnTalksBikes,https://www.youtube.com/channel/UCAVY5QyZQJkufE-96bzmsxQ,2026-04-16T18:40:04.061Z,18.0,1030.293,18.0
I be yelling out gang gang #motorcycle #cornball #harleydavidson,https://www.youtube.com/watch?v=tEHdPt1tr9g,Jimithy,https://www.youtube.com/channel/UCo_85r7CZiWNjSlE7ySVu9A,2026-04-16T18:39:46.541Z,21.0,17.52,17.52
"Chef Boy - Gang Gang (Official Video) ft Rosecrans hopout, YS, PhoPho8ight & Hitta J3",https://www.youtube.com/watch?v=vJ5FNqqWzGI,Chef Boy,https://www.youtube.com/channel/UC3IQzGTqkLaK_Cl2LYvyJ-g,2026-04-16T18:39:11.540Z,228.0,35.001,35.001
Smiling Friends Are Using Robots | Smiling Friends | adult swim,https://www.youtube.com/watch?v=XcoQN826MA4,Adult Swim,https://www.youtube.com/channel/UCgPClNr5VSYC3syrDUIlzLw,2026-04-16T16:50:25.492Z,139.0,6526.048,139.0
Indian Bot - Smiling Friends,https://www.youtube.com/watch?v=TtdE-6qU_I0,itszeytroin__,https://www.youtube.com/channel/UCTchCV9X8yfqva2wK1RswyA,2026-04-16T16:50:15.274Z,116.0,10.218,10.218
Alan LOVE 😭😂 Smiling Friends Season 3 Episode 9 Full #smilingfriends #mrfrog #shorts #fy #foryou,https://www.youtube.com/watch?v=fPUN672s3VQ,CAUTION Rogue Robots · 178K views · 13 hours ago,https://www.youtube.com/channel/UCfEp58qjn1qGrdAYvPK5d5Q,2026-04-16T16:50:00.513Z,51.0,14.761,14.761
Allan's Date | Smiling Friends | adult swim,https://www.youtube.com/watch?v=Ze7Pqw0JcM4,Adult Swim,https://www.youtube.com/channel/UCgPClNr5VSYC3syrDUIlzLw,2026-04-16T16:48:54.499Z,193.0,66.014,66.014
Allen And Mr Landlord Finally Play Burnout Revenge on PS2,https://www.youtube.com/watch?v=f8FJc6XT-pk,Ivanimirus,https://www.youtube.com/channel/UCLvKoaq5zwPB4E4s2WSf_LQ,2026-04-16T16:48:41.305Z,163.0,13.194,13.194
Mole Man Lore | Smiling Friends | adult swim,https://www.youtube.com/watch?v=p45BIQv9hDw,Adult Swim,https://www.youtube.com/channel/UCgPClNr5VSYC3syrDUIlzLw,2026-04-16T16:46:43.019Z,115.0,118.286,115.0
We love you Mr. Boss - Smiling Friends 3x9 Friend-Bot REACTION,https://www.youtube.com/watch?v=4uQz90xwngg,GorTheMovieGod,https://www.youtube.com/channel/UCHdTVw89QU6coU1MgN-9RHA,2026-04-16T16:46:31.928Z,29.0,11.091,11.091
Pim as a Hotdog...enough said - Smiling Friends 3x9 Friend-Bot REACTION,https://www.youtube.com/watch?v=oX0Ag_cZ3o8,GorTheMovieGod,https://www.youtube.com/channel/UCHdTVw89QU6coU1MgN-9RHA,2026-04-16T16:46:11.077Z,26.0,20.851,20.851
The Linus Tech Tips Situation is Bad,https://www.youtube.com/watch?v=ISZLhE_JwSs,AugustTheDuck,https://www.youtube.com/channel/UCwytZrjtI5oMHXFQM71xnRw,2026-04-16T16:42:23.645Z,1007.0,227.432,227.432
RUNNING MASTER BALL WITH MEGA DRAGONITE AND MEGA AGGRON!,https://www.youtube.com/watch?v=4qsn9hYhuG0,shofu,https://www.youtube.com/channel/UCbr6TI0Mujw2iFAQE4R8yrQ,2026-04-16T16:42:17.446Z,10635.0,6.199,6.199
I USE CHAMPION CYNTHIA'S TEAM IN OU! Pokemon Sword and Shield,https://www.youtube.com/watch?v=Au_YRPbcEHc,pokeaimMD,https://www.youtube.com/channel/UCbXuFrNGSKcmZY_5DwYz4Ew,2026-04-16T16:42:09.236Z,2245.0,8.21,8.21
Recreating the Most Expensive Chicken and Rice #cooking #food,https://www.youtube.com/watch?v=6Mb7WWWOPCc,Fork the People,https://www.youtube.com/channel/UCTNET75_1rZifnYhNYNZrtw,2026-04-16T16:41:33.357Z,105.0,35.879,35.879
Street Fighter | Official Trailer (2026 Movie),https://www.youtube.com/watch?v=Xt4X4FvXk2A,Paramount Pictures,https://www.youtube.com/channel/UCF9imwPMSGz4Vq1NiTWCC7g,2026-04-16T16:38:41.327Z,173.0,172.03,172.03
FERALIGATR NEW ALL-ROUNDER GAMEPLAY - Pokémon UNITE,https://www.youtube.com/watch?v=OLz9Ng4LrpQ,ElChicoEevee,https://www.youtube.com/channel/UCH8_Io8smCyVtbIEhrTUTSQ,2026-04-16T16:29:10.742Z,618.0,570.585,570.585
TYPHLOSION NEW ATTACKER GAMEPLAY - Pokémon UNITE,https://www.youtube.com/watch?v=zLYS7ueVvw8,ElChicoEevee,https://www.youtube.com/channel/UCH8_Io8smCyVtbIEhrTUTSQ,2026-04-16T16:20:21.441Z,618.0,529.301,529.301
Battlepass 41 Dryad Style Espeon - Pokémon UNITE,https://www.youtube.com/watch?v=6O2F0pFwAEM,ElChicoEevee,https://www.youtube.com/channel/UCH8_Io8smCyVtbIEhrTUTSQ,2026-04-16T16:19:21.412Z,52.0,60.029,52.0
The Poco X8 Pro Should Not Be £289...,https://www.youtube.com/watch?v=k_w7zKYHbrw,Jesse Does Tech,https://www.youtube.com/channel/UCd9TY_mHzZUbpUnUpmDjW6w,2026-04-16T15:18:04.667Z,1288.0,3676.745,1288.0
I upgraded the batteries in the Samsung Tri-Fold by 71%!,https://www.youtube.com/watch?v=s0pCIdxGDEM,Strange Parts,https://www.youtube.com/channel/UCO8DQrSp5yEP937qNqTooOw,2026-04-16T14:17:34.416Z,61.0,3630.251,61.0
What is an earnings tax?,https://www.youtube.com/watch?v=H0cdHoaWU3M,Dave Jorgenson,https://www.youtube.com/channel/UC4V84y8cUtthXhRzLKSly7A,2026-04-16T14:15:50.201Z,104.0,104.215,104.0
LM Video   Hook 3,https://www.youtube.com/watch?v=qt3Pngkk9sk,,,2026-04-16T14:15:48.778Z,32.0,1.423,1.423
Allbirds went from selling shoes to… AI infrastructure?? #c#carterpcstech #ai #allbirds,https://www.youtube.com/watch?v=x-JvG91GnuM,CarterPCs,https://www.youtube.com/channel/UCi7wDE2ZTiR5QYYrUY5WhtA,2026-04-16T14:15:45.791Z,35.0,2.987,2.987
How to actually make money in ecommerce in 2026,https://www.youtube.com/watch?v=sZj-iGmp7lU,Dennis DeMarino,https://www.youtube.com/channel/UCbYJwW7zfUbT29XwOemfOCQ,2026-04-16T14:15:43.886Z,51.0,1.905,1.905
🧠 Find #3 different  | 99% Fail This Puzzle,https://www.youtube.com/watch?v=GPFwSEIIWPw,BD  FOREX,https://www.youtube.com/channel/UCDRH-thminUSz5o2gdnf0TA,2026-04-16T14:15:42.576Z,,1.31,1.31
BIEBERCHELLA DAY 🥹🦋🌵💗⭐️ I CANT WAIT OMG #coachella #justinbieber #trending,https://www.youtube.com/watch?v=8lUy3yl0qKE,Kayla Ryan,https://www.youtube.com/channel/UCf_35VVsKHPmWAQjXrDOvtw,2026-04-16T14:15:33.766Z,17.0,8.81,8.81
oppo find n6 day 4 crease check.   Crease Where? #oppofindn6,https://www.youtube.com/watch?v=dFFDKW-mPTY,Tech A Day ,https://www.youtube.com/channel/UCqfGRXVXX8ErSXRmlOnY2bg,2026-04-16T14:15:10.683Z,33.0,23.083,23.083
Presenting the “Renfroe Method” for popcorn ceiling removal. #diy #popcornceiling #vintage #vegas,https://www.youtube.com/watch?v=MVDUkYQl5is,Jered Jones - Las Vegas Realtor,https://www.youtube.com/channel/UCuYHmQSNqAcrfDbe8xImaJA,2026-04-16T14:13:51.744Z,139.0,78.939,78.939
I didn’t expect that 😳 #sportsscience #marathonrunner #swimming #marathontraining,https://www.youtube.com/watch?v=mMHDEiVNe4g,Tyler Webb Shorts,https://www.youtube.com/channel/UCEeQ-cfpT6QfUON3I48q4JQ,2026-04-16T14:12:20.501Z,124.0,91.243,91.243
My Vampire System on Pocket FM,https://www.youtube.com/watch?v=KXXwX1Y8o3A,,,2026-04-16T14:12:18.512Z,1561.0,1.989,1.989
Simone VS the secret door… @simonegiertz,https://www.youtube.com/watch?v=ZtDXHQ2uc4k,Morley Kert,https://www.youtube.com/channel/UCbtEd1MuY6gd2RpdWqkzXFw,2026-04-16T14:12:17.441Z,63.0,1.071,1.071
"April 16, 2026",https://www.youtube.com/watch?v=BybxkRShviw,cztwins,https://www.youtube.com/channel/UCu00rAqoC7Tlp1bXpa_M01Q,2026-04-16T14:12:16.146Z,,1.295,1.295
Trying Japan’s newest and most controversial soda,https://www.youtube.com/watch?v=ReHHQwsgjhA,Japan Eat,https://www.youtube.com/channel/UCNzFhleZyCHPeIgmp-McMmQ,2026-04-16T14:12:15.262Z,66.0,0.884,0.884
cid=75fcd589c3af58dd2c3c6aedb24af38e,https://www.youtube.com/watch?v=oVcZbkNX1vE,,,2026-04-16T14:12:14.253Z,23.0,1.009,1.009
Smartphone house of cards.. #carterpcs #tech #smartphone #iphone #android,https://www.youtube.com/watch?v=GiwpEnzYeQs,CarterPCs,https://www.youtube.com/channel/UCi7wDE2ZTiR5QYYrUY5WhtA,2026-04-16T14:11:59.711Z,14.0,14.542,14.0
Why is Hudson News everywhere?,https://www.youtube.com/watch?v=ScQpjU6L5o4,Morning Brew,https://www.youtube.com/channel/UCqit4NtRDfdEHKX_zgmAwrg,2026-04-16T14:10:28.261Z,92.0,91.45,91.45
kasus FHUI,https://www.youtube.com/watch?v=DNpFkCLiwVU,TnM,https://www.youtube.com/channel/UCZdmuthWjKAC-oiaoh1bfOw,2026-04-16T14:10:00.111Z,1874.0,28.15,28.15
JALAN-JALAN PAGI DI PERMUKIMAN PADAT GUNUNG SARI KOTA BANDAR LAMPUNG | Real life,https://www.youtube.com/watch?v=-htgu0gJSO4,adjieID WALKING,https://www.youtube.com/channel/UCS0nioBhdLSZ92MqN5mFsrw,2026-04-16T14:09:52.971Z,1503.0,7.14,7.14
Kenapa Orang Dewasa Harus Berhenti Cari HP “Paling Worth It” | a Monologue,https://www.youtube.com/watch?v=3HoSDWFQ5V8,pyurangi,https://www.youtube.com/channel/UC-qZr4ppiyvTMFRkggEjfkw,2026-04-16T06:54:43.483Z,456.0,26109.488,456.0
Cara masak bihun goreng ,https://www.youtube.com/watch?v=OhZkyA-ox5c,Larmo Memet ,https://www.youtube.com/channel/UCG8rhd6Im6ozqqJP2b5A53w,2026-04-16T06:53:47.073Z,272.0,56.41,56.41
Urutan Masak Nasi Goreng ,https://www.youtube.com/watch?v=ZQI-azWunIE,Larmo Memet ,https://www.youtube.com/channel/UCG8rhd6Im6ozqqJP2b5A53w,2026-04-16T06:50:56.157Z,313.0,170.916,170.916
Pokemon Champions Mega Floette Master Rank Climbing + Tournaments,https://www.youtube.com/watch?v=6jNaZdKc3AU,pokeaimMD,https://www.youtube.com/channel/UCbXuFrNGSKcmZY_5DwYz4Ew,2026-04-16T06:49:54.429Z,18703.0,61.728,61.728
Fakers FIRST EVER zed outplay,https://www.youtube.com/watch?v=Oqz7wye6Ajk,Aleks Piatek,https://www.youtube.com/channel/UCQtR_ZQcuELEtvxVfkz0Wfg,2026-04-16T06:40:29.130Z,18.0,565.299,18.0
Most Famous LoL Esports Play Ever! Faker vs. Ryu - Zed 1v1 (2013) | LoL Esports History #Shorts,https://www.youtube.com/watch?v=yWEvUZjL7oM,LoL Esports Moments,https://www.youtube.com/channel/UCe4_5DrdaMLI-leUF_mOfmA,2026-04-16T06:40:28.845Z,14.0,0.285,0.285
HP 2 Jutaan paling WORTH IT?,https://www.youtube.com/watch?v=lv4hUa1Voxk,Yazid Rahman,https://www.youtube.com/channel/UCWhxVeIjQqozbBvsmfwg1rA,2026-04-16T03:31:40.404Z,41.0,11328.441,41.0
I don’t think Stitch is gonna make it 💔,https://www.youtube.com/watch?v=EykhxoBSvRY,AzzMonkey ,https://www.youtube.com/channel/UCgQbYapRSZ0FZwffWhzba5w,2026-04-16T03:30:20.662Z,,79.742,79.742
ANBERNIC RG Rotate Swivel-screen Android handheld – A New Twist on the Square！,https://www.youtube.com/watch?v=uuWkJqD05l8,ANBERNIC,https://www.youtube.com/channel/UCsJqbdE9SBvLnYdHKOggQbg,2026-04-16T02:58:15.381Z,67.0,1925.281,67.0
Jumpy (feat. Ski Mask The Slump God),https://music.youtube.com/watch?v=22Z1X3Y1Mjk,Rich Brian - Topic,https://www.youtube.com/channel/UCGHwV23Qm-EDLJ_R7id-dsQ,2026-04-16T02:44:42.551Z,157.0,812.83,157.0
STILL IN THE PAINT,https://music.youtube.com/watch?v=zFRmXJN438k,Denzel Curry - Topic,https://www.youtube.com/channel/UCzN1vzi9iELop5XH53ud6Gw,2026-04-16T02:40:49.420Z,234.0,233.131,233.131
Icon,https://music.youtube.com/watch?v=Yg-DUpei8Y0,Jaden - Topic,https://www.youtube.com/channel/UCRCRHG4OKZDdvIdRZj4jVBQ,2026-04-16T02:37:08.023Z,221.0,221.397,221.0
CLOVER,https://music.youtube.com/watch?v=0hOQ2Wx9uIE,IDK - Topic,https://www.youtube.com/channel/UCQfMblWBxaS1e9cDDKS5cvQ,2026-04-16T02:36:33.552Z,191.0,34.471,34.471
SUKI,https://music.youtube.com/watch?v=PLaIYQEwz8g,Eric Reprid - Topic,https://www.youtube.com/channel/UC-cnRtw8ZIjNqt8k-0Ahs7g,2026-04-16T02:34:25.633Z,128.0,127.919,127.919
Hurt,https://music.youtube.com/watch?v=HkmZ8HeDaQ0,Norman Sann - Topic,https://www.youtube.com/channel/UCIudPMKpfEXjRcj5j20fePw,2026-04-16T02:34:23.633Z,207.0,2.0,2.0
Many Men (Wish Death),https://music.youtube.com/watch?v=rpr_AnXCWus,50 Cent - Topic,https://www.youtube.com/channel/UCOcnYBwT1jb6EHlS0cwhNkA,2026-04-16T02:33:29.941Z,257.0,53.692,53.692
Glory,https://music.youtube.com/watch?v=RjfwtfVOS1Q,JID - Topic,https://www.youtube.com/channel/UCRlGNubLJBgW9VRCuiUnuYw,2026-04-16T02:29:30.362Z,240.0,239.579,239.579
ELEMENT.,https://music.youtube.com/watch?v=SwvzXM-EVrQ,Kendrick Lamar - Topic,https://www.youtube.com/channel/UCprAFmT0C6O4X0ToEXpeFTQ,2026-04-16T02:26:01.596Z,209.0,208.766,208.766
N.Y. State of Mind,https://music.youtube.com/watch?v=izhKFB0_2w0,Nas - Topic,https://www.youtube.com/channel/UCPoQYATXIYvN5WB0c4f6jfQ,2026-04-16T02:21:07.596Z,294.0,294.0,294.0
6 Foot 7 Foot,https://music.youtube.com/watch?v=FcRBUd_gJBg,Lil Wayne - Topic,https://www.youtube.com/channel/UC4IAZ3dowcXyvVYBx4hucSQ,2026-04-16T02:16:14.257Z,249.0,293.339,249.0
Landed in Brooklyn - Remix,https://music.youtube.com/watch?v=Rn6kgCpYN-k,Khantrast - Topic,https://www.youtube.com/channel/UC0WjkKjGlwzkAeAc3Pni-zw,2026-04-16T02:13:50.151Z,144.0,144.106,144.0
Like That,https://music.youtube.com/watch?v=Rr1Cdli5nE8,Future - Topic,https://www.youtube.com/channel/UC1_liDR4fRFJgH4HoJeV8cw,2026-04-16T02:09:21.941Z,268.0,268.21,268.0
Ball Game feat. The Clipse,https://music.youtube.com/watch?v=b-yPQdgit2k,Bigg Doom - Topic,https://www.youtube.com/channel/UC7CK8YFmxYlxGLbzPMADsVQ,2026-04-16T02:09:16.036Z,232.0,5.905,5.905
California Love (Original Version),https://music.youtube.com/watch?v=LRt6TdSvHag,2Pac - Topic,https://www.youtube.com/channel/UC5RrGzC-JXglhFW5NhT4r6w,2026-04-16T02:09:13.292Z,285.0,2.744,2.744
Window Shopper,https://music.youtube.com/watch?v=80pb-Ta6wJg,50 Cent - Topic,https://www.youtube.com/channel/UCOcnYBwT1jb6EHlS0cwhNkA,2026-04-16T02:08:49.556Z,192.0,23.736,23.736
Push Ups,https://music.youtube.com/watch?v=HKH9p19PRLA,Drake - Topic,https://www.youtube.com/channel/UCU6cE7pdJPc6DU2jSrKEsdQ,2026-04-16T02:01:19.087Z,233.0,450.469,233.0
The Real Slim Shady,https://music.youtube.com/watch?v=r5MR7_INQwg,Eminem - Topic,https://www.youtube.com/channel/UCedvOgsKFzcK3hA5taf3KoQ,2026-04-16T02:01:08.142Z,285.0,10.945,10.945
Backseat Freestyle,https://music.youtube.com/watch?v=lm0mEp2v-t8,Kendrick Lamar - Topic,https://www.youtube.com/channel/UCprAFmT0C6O4X0ToEXpeFTQ,2026-04-16T01:57:34.817Z,213.0,213.325,213.0
Under The Sun,https://music.youtube.com/watch?v=97Nt5CaV0QU,Dreamville - Topic,https://www.youtube.com/channel/UCqyfQ7k3iQRRtO67J6KP9eA,2026-04-16T01:54:12.414Z,203.0,202.403,202.403
Over,https://music.youtube.com/watch?v=yliNE-tYM0o,Drake - Topic,https://www.youtube.com/channel/UCU6cE7pdJPc6DU2jSrKEsdQ,2026-04-16T01:53:50.761Z,235.0,21.653,21.653
Gw Jelasin Film Pengabdi Setan (2017),https://www.youtube.com/watch?v=75SPWkXvXEQ,ChocoMeng,https://www.youtube.com/channel/UCFOs3XeQOgx02hbko43GWhQ,2026-04-16T01:48:39.857Z,922.0,310.904,310.904
Buy Now Pay Later is a NIGHTMARE,https://www.youtube.com/watch?v=QZZx8AzTr_4,Levi Hildebrand,https://www.youtube.com/channel/UC-OJ-24roEfQ_-PCnLJSckg,2026-04-16T01:48:15.281Z,1347.0,24.576,24.576
SICKO MODE,https://music.youtube.com/watch?v=NQbkGDoD7B0,Travis Scott - Topic,https://www.youtube.com/channel/UCf_gP4AMRSgAfyzbkeS9k4g,2026-04-16T01:47:40.731Z,313.0,34.55,34.55
Landed In Brooklyn,https://music.youtube.com/watch?v=c4_Il3U6pq0,Khantrast - Topic,https://www.youtube.com/channel/UC0WjkKjGlwzkAeAc3Pni-zw,2026-04-16T01:45:48.327Z,113.0,112.404,112.404
Dreams and Nightmares,https://music.youtube.com/watch?v=FCxJO5OKW5Q,Meek Mill - Topic,https://www.youtube.com/channel/UCr_zAwkma5JAyHOWfVXaouA,2026-04-16T01:41:57.457Z,231.0,230.87,230.87
Catch Me Outside 2,https://music.youtube.com/watch?v=tOMyRm2QkUM,Ski Mask the Slump God - Topic,https://www.youtube.com/channel/UC08lkzw56nPfKmNwh9ZXx6Q,2026-04-16T01:39:51.154Z,127.0,126.303,126.303
4th Dimension,https://music.youtube.com/watch?v=6Hj5tucYv1Q,Kids See Ghosts - Topic,https://www.youtube.com/channel/UCXXMMJZJg5Pbd6PYeqDvGNw,2026-04-16T01:37:17.742Z,154.0,153.412,153.412
Alright,https://music.youtube.com/watch?v=67vr-3kpX3Q,Kendrick Lamar - Topic,https://www.youtube.com/channel/UCprAFmT0C6O4X0ToEXpeFTQ,2026-04-16T01:33:38.461Z,220.0,219.281,219.281
Jesus Walks,https://music.youtube.com/watch?v=1fpkdSfPzio,Kanye West - Topic,https://www.youtube.com/channel/UCRY5dYsbIN5TylSbd7gVnZg,2026-04-16T01:30:23.895Z,194.0,194.566,194.0
Every BANNED Pokemon Strategy Explained In 25 Minutes,https://www.youtube.com/watch?v=5a9-sEB75TE,False Swipe Gaming,https://www.youtube.com/channel/UCDGbmCxt2CEZAsDh1CiWXsQ,2026-04-16T01:25:11.767Z,1540.0,312.128,312.128
Tobuscus - The Internet’s Abusive Parasocial Relationship,https://www.youtube.com/watch?v=HHnrRG3tkAs,Chazington,https://www.youtube.com/channel/UCkoovQZX5QP5Z0eI7e9KAxw,2026-04-16T01:25:07.801Z,1967.0,3.966,3.966
rue & daisy // euphoria (season 3) ,https://www.youtube.com/watch?v=Qi5kaa_QCJo,lucy,https://www.youtube.com/channel/UCtdoFZ6YHrp41qIIHUhfqjw,2026-04-15T23:49:56.996Z,47.0,5710.805,47.0
If you’ve seen the first episode PLS TELL ME U UNDERSTAND,https://www.youtube.com/watch?v=rTYwsBrUfO8,StinkyAsher,https://www.youtube.com/channel/UCSW20WNOFR_Ifq2qwK8QO-A,2026-04-15T23:49:17.826Z,23.0,39.17,23.0
WHEN I ATE TWO AT ONCE😭😭😭 @CarterKench,https://www.youtube.com/watch?v=Wa5o-UMMbrw,StinkyAsher,https://www.youtube.com/channel/UCSW20WNOFR_Ifq2qwK8QO-A,2026-04-15T23:49:14.975Z,64.0,2.851,2.851
Vivo X300 FE,https://www.youtube.com/watch?v=eN2DQPPbEaw,Parker Burton,https://www.youtube.com/channel/UCEeH57P89hPQ1Sp2TavfICA,2026-04-15T23:49:12.232Z,84.0,2.743,2.743
HUGE POWER on MEGA Starmie Was A MISTAKE...,https://www.youtube.com/watch?v=ABTzd0oOcck,pokeaimMD,https://www.youtube.com/channel/UCbXuFrNGSKcmZY_5DwYz4Ew,2026-04-15T22:39:19.324Z,2236.0,4192.908,2236.0
"Mayor Zohran Mamdani on Knicks, Snowball Fights, & Potholes - We Outside by Sidetalk",https://www.youtube.com/watch?v=5MvK4mfexN4,Sidetalk,https://www.youtube.com/channel/UCV_kX28NgNIMCHLXyokWlbQ,2026-04-15T22:34:19.661Z,1211.0,299.663,299.663
Bro Is A Lost Cause 💀,https://www.youtube.com/watch?v=GGN215TFF6g,Mappelz,https://www.youtube.com/channel/UCdUl_bahs2CptEdW0us2TRA,2026-04-15T22:34:01.209Z,51.0,18.452,18.452
"Oh you don't wanna study? That's fine, just imagine cutting apples 🍎🔪",https://www.youtube.com/watch?v=TOOccyA7pcU,Zian Roblox,https://www.youtube.com/channel/UCblzSICfTugJNoBOFoaag3Q,2026-04-15T22:14:37.762Z,12.0,1163.447,12.0
LeBron on the infamous tweet that he’s seen “throughout all his 30’s” 😭 (via @newheightshow/IG),https://www.youtube.com/watch?v=1_X_D3GkC2Y,ESPN,https://www.youtube.com/channel/UCiWLfSweyRNmLpgEHekhoAg,2026-04-15T20:17:49.042Z,41.0,7008.72,41.0
Do you support LGBTQ?,https://www.youtube.com/watch?v=N1dPlzOD_6Q,TikToks that feel like Vines - Sounds & Viral Vids,https://www.youtube.com/channel/UCByhvAY_3RYtjinfhvA3Zmg,2026-04-15T20:16:56.667Z,19.0,52.375,19.0
LeBron  giving back to the community 😂 #funny #viral #failarmy #nba ￼,https://www.youtube.com/watch?v=5jZfOR8s2U0,Gametag,https://www.youtube.com/channel/UC2UKkGZopq6KiAGftreMJeA,2026-04-15T20:16:41.866Z,9.0,14.801,9.0
Asking employees to delete ridiculous AI videos,https://www.youtube.com/watch?v=zAZeXpjvkks,Brenden,https://www.youtube.com/channel/UCo4iH8hcRFm7qzLjeljhbSQ,2026-04-15T19:09:34.290Z,24.0,4027.576,24.0
bro was desperate for it 💔💀 #viral #pranks #oil,https://www.youtube.com/watch?v=dEszpqLrB8w,sabina,https://www.youtube.com/channel/UCAYaBAGZSwqCEEgCcb4yZoA,2026-04-15T19:05:41.579Z,48.0,232.711,48.0
"No stress, just chilling for 8 hours a day",https://www.youtube.com/watch?v=yqNVJKtlmlY,Jacob Capozzi,https://www.youtube.com/channel/UCw0TD_5c_Ap7VPITQwh0SoA,2026-04-15T19:05:33.734Z,42.0,7.845,7.845
Jellycat teddy bear!,https://www.youtube.com/watch?v=Tnt0hI_ATtI,Shane Fan,https://www.youtube.com/channel/UCHKWU-76pvTwlpVMBDZHqdg,2026-04-15T19:05:32.807Z,20.0,0.927,0.927
do your cats love you?! 👀💕 #cat,https://www.youtube.com/watch?v=LOltcAgT5c0,Papaya the cat ,https://www.youtube.com/channel/UCPy_4TwcGP3wYViF1HPozJg,2026-04-15T19:05:31.189Z,40.0,1.618,1.618
Finding someone’s flight from a picture ✈️#geography #flight #travel #explore #egypt,https://www.youtube.com/watch?v=KYkdnsvTcHM,guessnotlost,https://www.youtube.com/channel/UCejdrk3-HnWAI1t77LCMn6Q,2026-04-15T19:05:28.364Z,62.0,2.825,2.825
BEWARE OF SKID SITE LIKE THIS ONE,https://www.youtube.com/watch?v=D2ccLpso4fY,Valleytech Custom Solutions,https://www.youtube.com/channel/UCTEwUEqrf_OQ0lV4rbO_Beg,2026-04-15T19:05:27.929Z,97.0,0.435,0.435
Hide and seek in cs2 😭 #cs2  #ohnepixel #cs2funny,https://www.youtube.com/watch?v=_hTE_kENBOU,Dose of CS2,https://www.youtube.com/channel/UCTUNsx5zewFr4Kt4McrU1Fg,2026-04-15T19:05:26.113Z,24.0,1.816,1.816
How I put magnets in my 3D prints...,https://www.youtube.com/watch?v=n8si_KMmhbI,S&C3DPrinted,https://www.youtube.com/channel/UCD5FGkIFBbXYZB07GI_unHA,2026-04-15T19:05:24.009Z,37.0,2.104,2.104
Landfills SUCK,https://www.youtube.com/watch?v=R-tWTrdTfqQ,PR's Grab Bag,https://www.youtube.com/channel/UCSZGu7DFGCYSNy7aKLgcJPg,2026-04-15T19:05:21.610Z,54.0,2.399,2.399
Building THE BEST Pressure Washer for Washing Cars - McKillans HF1,https://www.youtube.com/watch?v=Ma5AlLP06tg,McKillans,https://www.youtube.com/channel/UCqp_qM_Kfz7vD9qcK_W4hXQ,2026-04-15T19:05:13.197Z,62.0,8.413,8.413
When you can’t say anything right,https://www.youtube.com/watch?v=0rBz-ZcLuAs,Jay & Sharon,https://www.youtube.com/channel/UCRVtlcqayOmyuLIDrT3ng1w,2026-04-15T19:02:48.625Z,39.0,144.572,39.0
Check out my latest video,https://www.youtube.com/watch?v=Ehc8J1ndWX4,Audra Leigh,https://www.youtube.com/channel/UCkNP7ZCBbTsdF3nSsGJalaA,2026-04-15T19:02:47.613Z,31.0,1.012,1.012
The ancient Japanese woman who redefined longevity,https://www.youtube.com/watch?v=fcer0130B6g,Kyota Ko,https://www.youtube.com/channel/UCccNFAkYqVkmS9fyT1KvHQg,2026-04-15T19:02:45.584Z,180.0,2.029,2.029
What did Reese do to make Lois and Hal angry?  #film,https://www.youtube.com/watch?v=jpCQGCOitwc,SINAR FILM,https://www.youtube.com/channel/UC9o4JTlTGhN98wdVmEgpE_Q,2026-04-15T19:02:44.420Z,161.0,1.164,1.164
The best “trophy” in sports 🙌⛳️ #themasters #greenjacket #augustanational #rorymcilroy,https://www.youtube.com/watch?v=NUFhoudhQDw,Tyler Webb Shorts,https://www.youtube.com/channel/UCEeQ-cfpT6QfUON3I48q4JQ,2026-04-15T19:02:44.063Z,114.0,0.357,0.357
Emmie :27,https://www.youtube.com/watch?v=9IwP4aqmyNU,,,2026-04-15T19:02:42.967Z,27.0,1.096,1.096
Take your drawings from stinky to sweet. There’s a fairytale story in that somewhere,https://www.youtube.com/watch?v=AEdKwiEMlQg,YouTube Presents,https://www.youtube.com/channel/UCaxpAIn0XYokA8vLRjw8GHg,2026-04-15T19:02:40.811Z,19.0,2.156,2.156
I tried to break the Strava record,https://www.youtube.com/watch?v=WvefglOCCY0,Noah Anderson,https://www.youtube.com/channel/UC3B5F11oEtOwI-jXpwT0kHg,2026-04-15T19:02:39.276Z,75.0,1.535,1.535
8233103 POSS2186 NULL YOUTUBE FY27 POSSIBILITY XCAT ASPO GPXC VID 1080x1920 15 GM EL 26010730040PWW2,https://www.youtube.com/watch?v=97j6DRGnGVk,,,2026-04-15T19:02:38.354Z,16.0,0.922,0.922
how hard is rug tufting?,https://www.youtube.com/watch?v=Qk0E1HJvRJw,Sam Meeps,https://www.youtube.com/channel/UCwAW2PNUbEQ3OgTT_fOwTZQ,2026-04-15T19:02:26.915Z,63.0,11.439,11.439
Full DIY shower renovation — start to finish in 3 minutes,https://www.youtube.com/watch?v=TdbqzNcIhv0,Keifer Kelson,https://www.youtube.com/channel/UCQd1KS_pckv29pTO3DvxB1g,2026-04-15T19:02:17.348Z,180.0,9.567,9.567
REPLAI_CODM_14642_A-REMIX-MAPHIGHLIGHT-NUKETOWNVARIATIONS-0_V_9x16_EN_30s_251124,https://www.youtube.com/watch?v=uXHkkLgrFuw,,,2026-04-15T19:02:16.640Z,30.0,0.708,0.708
Should I Open it? Or Should I Keep it Sealed? - Episode 585 - Meiji Chocolate Pokemon Promo,https://www.youtube.com/watch?v=cPNboGLit1k,ShortPocketMonster,https://www.youtube.com/channel/UC274PEnFIQktbCbxDzzS-7Q,2026-04-15T19:02:15.552Z,77.0,1.088,1.088
Does your TV know what you’re watching?,https://www.youtube.com/watch?v=LqlFZeIw4Pc,Tech.explain,https://www.youtube.com/channel/UCpwyIpdiSrbaISeieVFShKg,2026-04-15T19:02:09.722Z,71.0,5.83,5.83
IOS 27 will be…,https://www.youtube.com/watch?v=hBA36DzWVzY,CarterPCs,https://www.youtube.com/channel/UCi7wDE2ZTiR5QYYrUY5WhtA,2026-04-15T19:02:09.032Z,31.0,0.69,0.69
"April 11, 2026",https://www.youtube.com/watch?v=yuPJ5s7jVEc,NanoWrld,https://www.youtube.com/channel/UCGMiKtR9Fke8tH-_jyhO1AQ,2026-04-15T19:02:02.807Z,175.0,6.225,6.225
https://www.youtube.com/watch?v=qovi1D-ph64,https://www.youtube.com/watch?v=qovi1D-ph64,,,2026-04-15T18:56:40.544Z,,322.263,322.263
I Zombified a Strawberry,https://www.youtube.com/watch?v=wKWHAne2Yb4,MrGreenGuy,https://www.youtube.com/channel/UCP2cNcC-2pqDRCFeFO4JLLw,2026-04-15T18:55:52.553Z,48.0,47.991,47.991
_11185GVST·V-SF·C-B·I-T·P-N·H-V·.mp4,https://www.youtube.com/watch?v=xIJp-6-UbEs,,,2026-04-15T18:55:51.612Z,13.0,0.941,0.941
Dewey cleverly dodged the trap #shorts #edit #viral #funny,https://www.youtube.com/watch?v=L7euFrhPxGw,Edit Chantith,https://www.youtube.com/channel/UCcWImVGuojJZE9LYCRCIwjQ,2026-04-15T18:55:47.955Z,60.0,3.657,3.657
Max would never let customers eat for free.#shorts #viral #viralvideo #shortsvideo #max,https://www.youtube.com/watch?v=Y7NGu_fuIE0,FrameLullaby-2872,https://www.youtube.com/channel/UCETP606exYIGgXpL8fV1ArQ,2026-04-15T18:55:46.772Z,48.0,1.183,1.183
cid=3ba0f516d84a1ff7c232eacfa7601d47,https://www.youtube.com/watch?v=-sKajPryx0s,,,2026-04-15T18:55:45.675Z,12.0,1.097,1.097
Nah Dylan did Des foul with this🤣,https://www.youtube.com/watch?v=tm5pzoKVe9w,RDC Live,https://www.youtube.com/channel/UCOnECY8FBKKPVi5ZsSgXPJA,2026-04-15T18:55:44.205Z,43.0,1.47,1.47
80 guinea pigs vs 2 watermelons (extended version),https://www.youtube.com/watch?v=icDCCHUNMJk,Cid Dwyer Outside,https://www.youtube.com/channel/UCsE-jdMlmML3GYlsnyKHBGQ,2026-04-15T18:54:38.941Z,66.0,65.264,65.264
Pokeaim VS Shofu Got HEATED in Pokemon Champions...,https://www.youtube.com/watch?v=OcgixQs0aN0,Pokeaim+,https://www.youtube.com/channel/UC5YFO-UNfZBfvJ9YPWuu_OA,2026-04-15T18:14:24.475Z,1784.0,2414.466,1784.0
What An Absolute Disgrace,https://www.youtube.com/watch?v=WRDIP9NePnI,Foekoe Gaming,https://www.youtube.com/channel/UCx_s5IZPEHDSqABd34040Hg,2026-04-15T17:55:43.975Z,939.0,1120.5,939.0
Can u see him 👀🐈‍⬛⁉️,https://www.youtube.com/watch?v=wjDiYop4IPo,Wasabi Sushi Matcha,https://www.youtube.com/channel/UCzMfRbnWfKYnVdIe_1WiSfw,2026-04-15T17:55:37.144Z,28.0,6.831,6.831
Literally The Worst PR Scandal An Idol Group Can Get,https://www.youtube.com/watch?v=5U41ZVFla6E,Jeff Gao,https://www.youtube.com/channel/UCuu8TaJ-CPGV0_dJ-7OEY3A,2026-04-15T17:50:55.718Z,903.0,281.426,281.426
What Happens If You Don’t Pay Klarna?,https://www.youtube.com/watch?v=a-GjAM_cHC8,Social Symone ♡,https://www.youtube.com/channel/UCqBkdAuMACt37Ek6p4BemVA,2026-04-15T17:20:23.007Z,1414.0,1832.711,1414.0
My Song Became A Viral Meme..,https://www.youtube.com/watch?v=KIVBPY0R7lo,tuvington,https://www.youtube.com/channel/UCrYWP4FOeCIwW3FI1PM2xSw,2026-04-15T17:18:49.079Z,1102.0,93.928,93.928
"Can you give me some money,  please?",https://www.youtube.com/watch?v=nVLZIgcLmsc,Sally Swan's Magic Movie World,https://www.youtube.com/channel/UCdOxo5rixEjsrd-uXo_YmUA,2026-04-15T17:10:42.457Z,42.0,486.622,42.0
LARPing 101,https://www.youtube.com/watch?v=x8tRw3K2EVk,Saintdon,https://www.youtube.com/channel/UC8Q5GXE6Iz7IFZgtu_9k2pA,2026-04-15T14:45:36.780Z,490.0,8705.677,490.0
Japan to stop accepting foreign workers in food services sector as quota nears limit,https://www.youtube.com/watch?v=RnLCb_2SCuc,CNA,https://www.youtube.com/channel/UC83jt4dlz1Gjl58fzQrrKZg,2026-04-15T14:45:19.187Z,227.0,17.593,17.593
The Biggest Larpers On The Internet,https://www.youtube.com/watch?v=JNFoH79n2MM,The Duck,https://www.youtube.com/channel/UC0dsaXEKYcQaDxKuK7Qd5-Q,2026-04-15T14:07:02.661Z,650.0,2296.526,650.0
Trying to Reach Rank 1 in Pokemon Champions,https://www.youtube.com/watch?v=NVAwUbuxyZ4,WolfeyVGC,https://www.youtube.com/channel/UC9OZkS1Mhl5UvKSiPrYqsxg,2026-04-15T14:06:11.728Z,11690.0,50.933,50.933
How Private Equity Turns Your Favorite Channels Into Slop,https://www.youtube.com/watch?v=ZoibAbdQf58,GEN,https://www.youtube.com/channel/UCF9OHrRasw-r4JcnBo4E2cg,2026-04-15T13:35:56.527Z,1303.0,1815.201,1303.0
My Setup Going Into 2026,https://www.youtube.com/watch?v=SjZv-B4LCu0,jakeu,https://www.youtube.com/channel/UCsjWfDQ68X7Epi7BqgQAEIA,2026-04-15T05:55:05.638Z,1495.0,27650.889,1495.0
Their first mouse is... actually good?,https://www.youtube.com/watch?v=nirYHA1DlTM,jakeu,https://www.youtube.com/channel/UCsjWfDQ68X7Epi7BqgQAEIA,2026-04-15T05:54:44.119Z,752.0,21.519,21.519
This is much bigger than you think it is.,https://www.youtube.com/watch?v=Mh-69VNCiuU,jakeu,https://www.youtube.com/channel/UCsjWfDQ68X7Epi7BqgQAEIA,2026-04-15T05:54:16.761Z,660.0,27.358,27.358
I'd rather spend my money on McDonald's than on this mouse.,https://www.youtube.com/watch?v=aGtUNyuPmLU,jakeu,https://www.youtube.com/channel/UCsjWfDQ68X7Epi7BqgQAEIA,2026-04-15T05:53:20.446Z,850.0,56.315,56.315
Too good to be true | ATK ZERO Review,https://www.youtube.com/watch?v=DT85ugAMpMU,jakeu,https://www.youtube.com/channel/UCsjWfDQ68X7Epi7BqgQAEIA,2026-04-15T05:52:59.317Z,902.0,21.129,21.129
Is This The Best GPX Clone Yet? - Incott G23 V2 Review,https://www.youtube.com/watch?v=b_Oeypis1MQ,dazztrazak,https://www.youtube.com/channel/UCBg-P6xoIAELmwJWjKlvR_A,2026-04-15T05:49:21.441Z,743.0,217.876,217.876
These Cheap Gaming Mice Are Embarrassing Pro Gear in 2025,https://www.youtube.com/watch?v=fPGcvK05vbc,jakeu,https://www.youtube.com/channel/UCsjWfDQ68X7Epi7BqgQAEIA,2026-04-15T05:46:23.355Z,933.0,178.086,178.086
This Mouse Surprised Me! (VXE Dragonfly R1 SE Review),https://www.youtube.com/watch?v=BDtSr24diBE,KaiZC_Tech,https://www.youtube.com/channel/UCsDvDlNidL7wPO4Mj_LSiPg,2026-04-15T05:45:09.381Z,277.0,73.974,73.974
The last gaming keyboard you'll ever need.,https://www.youtube.com/watch?v=uJQPqCddTTQ,jakeu,https://www.youtube.com/channel/UCsjWfDQ68X7Epi7BqgQAEIA,2026-04-15T05:34:04.675Z,1317.0,664.706,664.706
RUNNING UP THE POKEMON CHAMPIONS LADDER WITH THREATS!,https://www.youtube.com/watch?v=8BcI42Z5ZvU,shofu,https://www.youtube.com/channel/UCbr6TI0Mujw2iFAQE4R8yrQ,2026-04-15T05:33:42.494Z,13968.0,22.181,22.181
Pokimane saying the N word,https://www.youtube.com/watch?v=1ggnlWs7l74,Bored Potato,https://www.youtube.com/channel/UC8Um4_jjtX_-okAKR2V8nkQ,2026-04-15T05:32:46.153Z,15.0,56.341,15.0
Pokimane says the N-Word,https://www.youtube.com/watch?v=dtq0YxaUqG8,Ripoff_n1ck,https://www.youtube.com/channel/UCNlVUXujUK6UZLY2girqqRA,2026-04-15T05:32:27.180Z,14.0,18.973,14.0
The Best Budget Mouse Yet,https://www.youtube.com/watch?v=ohQ9jcxR12A,jakeu,https://www.youtube.com/channel/UCsjWfDQ68X7Epi7BqgQAEIA,2026-04-15T05:31:09.463Z,1044.0,77.717,77.717
Pokemon Fans don't understand Pokemon,https://www.youtube.com/watch?v=-IkzIhQZRfw,HoodlumCallum,https://www.youtube.com/channel/UC0cTVjYKgAnBrXQKcICyNmA,2026-04-15T05:28:37.893Z,967.0,151.57,151.57
Replying to @🎄⋆｡°✩JakeTech⋆｡°✩ 🌺 Trump mobile just overhauled their website.. #carterpcs #tech,https://www.youtube.com/watch?v=OzVvjgeOJwc,CarterPCs,https://www.youtube.com/channel/UCi7wDE2ZTiR5QYYrUY5WhtA,2026-04-15T05:27:59.869Z,46.0,38.024,38.024
Arora OLEDs ARENT the endgame… #c#carterpcstech #oled #tv,https://www.youtube.com/watch?v=DHJWDVvrgE0,CarterPCs,https://www.youtube.com/channel/UCi7wDE2ZTiR5QYYrUY5WhtA,2026-04-15T05:27:31.725Z,89.0,28.144,28.144
How to stop Apple.com/bill charges?? #carterpcs #tech #apple #budgeting,https://www.youtube.com/watch?v=pTZEDkD6Lfo,CarterPCs,https://www.youtube.com/channel/UCi7wDE2ZTiR5QYYrUY5WhtA,2026-04-15T05:27:29.220Z,28.0,2.505,2.505
How much faster is Apple TV than Roku?? #carterpcs #tech #appletv #roku,https://www.youtube.com/watch?v=CEa7dAZflRM,CarterPCs,https://www.youtube.com/channel/UCi7wDE2ZTiR5QYYrUY5WhtA,2026-04-15T05:27:26.275Z,39.0,2.945,2.945
SonyElectronics made GAMING OPEN-BACK Headphones … Sony INZONE H6 Air #carterpcs #tech #SonyINZONE,https://www.youtube.com/watch?v=Zb8uEQk5y2E,CarterPCs,https://www.youtube.com/channel/UCi7wDE2ZTiR5QYYrUY5WhtA,2026-04-15T05:26:27.069Z,56.0,59.206,56.0
What happend to “internet safety” #carterpcs #tech #internetsafety,https://www.youtube.com/watch?v=GS6qvSUYmIo,CarterPCs,https://www.youtube.com/channel/UCi7wDE2ZTiR5QYYrUY5WhtA,2026-04-15T05:25:47.951Z,32.0,39.118,32.0
Replying to @ㅤㅤㅤㅤㅤㅤㅤㅤㅤㅤㅤidk What AI will lie about setting a stopwatch?? #carterpcs #tech #ai #grok,https://www.youtube.com/watch?v=405Zda81Chs,CarterPCs,https://www.youtube.com/channel/UCi7wDE2ZTiR5QYYrUY5WhtA,2026-04-15T05:25:05.031Z,32.0,42.92,32.0
Barry Bee Benson Would Be Proud Of Peru #funfact,https://www.youtube.com/watch?v=r4blg7YOoXw,Doug Sharpe,https://www.youtube.com/channel/UCAYmlecATSG0wc5IxsFJSbQ,2026-04-15T05:24:56.826Z,57.0,8.205,8.205
OnePlus 15 bare phone with a sense of security! Choose a metal frame case for a minimalist design.,https://www.youtube.com/watch?v=oU3bqDyUjJM,Hemel 360°,https://www.youtube.com/channel/UCsWXFpmDDCLzWmSaz2i-U6g,2026-04-15T05:23:39.995Z,21.0,76.831,21.0
The Pokemon Champions Metagame.,https://www.youtube.com/watch?v=YwkZKaFzcrg,Jimothy Cool,https://www.youtube.com/channel/UCSNdD6WdJ5z2WwGgYSw81Cg,2026-04-15T03:11:54.371Z,2261.0,7905.624,2261.0
I Hate Brands That Do This,https://www.youtube.com/watch?v=zK1dUCvYDeA,Brock McGoff,https://www.youtube.com/channel/UClbfoD1o7sV0VxErpxTCpyw,2026-04-15T03:11:44.350Z,550.0,10.021,10.021
GODZILLA MINUS ZERO | First Look Teaser,https://www.youtube.com/watch?v=n-NDYWPXpKg,GODZILLA OFFICIAL by TOHO,https://www.youtube.com/channel/UCBuRIFDuaSY9dDr0p_qTlHw,2026-04-15T03:08:21.967Z,49.0,202.383,49.0
Magnolia,https://music.youtube.com/watch?v=sMrruvN56HA,Playboi Carti - Topic,https://www.youtube.com/channel/UCRB-a6u9flpg0xuBqCf9QlQ,2026-04-15T02:45:50.642Z,182.0,1351.325,182.0
COMË N GO,https://music.youtube.com/watch?v=z0hJswr1v0M,Yeat - Topic,https://www.youtube.com/channel/UCXvxWMFHlTAXlhpwkQ4Y2Hw,2026-04-15T02:45:40.714Z,199.0,9.928,9.928
SUKI,https://music.youtube.com/watch?v=PLaIYQEwz8g,Eric Reprid - Topic,https://www.youtube.com/channel/UC-cnRtw8ZIjNqt8k-0Ahs7g,2026-04-15T02:40:29.314Z,128.0,311.4,128.0
Took Her To The O (Slowed),https://music.youtube.com/watch?v=wWEcTxJCGBM,Dorthy Kosmicki - Topic,https://www.youtube.com/channel/UCX--NFHexKqhN8ZhzMamyZg,2026-04-15T02:40:22.494Z,90.0,6.82,6.82
MONEY POWER FAME,https://music.youtube.com/watch?v=_1p4ba-_Yls,Lil Darkie - Topic,https://www.youtube.com/channel/UCf4l_B9IhzstPp8elVeHnTQ,2026-04-15T02:40:15.969Z,185.0,6.525,6.525
redrum,https://music.youtube.com/watch?v=OCY9vN4QzqY,21 Savage - Topic,https://www.youtube.com/channel/UCoC_a7lWbj2v7rt4ujp4n2A,2026-04-15T02:35:44.679Z,271.0,271.29,271.0
Wolves,https://music.youtube.com/watch?v=GrM6OA3xtbU,Big Sean - Topic,https://www.youtube.com/channel/UCm3ai8dGs4olHioc_xL3IXA,2026-04-15T02:35:27.970Z,200.0,16.709,16.709
MIDDLE CHILD,https://music.youtube.com/watch?v=OblmFMRyQ9E,J. Cole - Topic,https://www.youtube.com/channel/UC0ajkOzj8xE3Gs3LHCE243A,2026-04-15T02:31:53.886Z,214.0,214.084,214.0
Dior (Remix),https://music.youtube.com/watch?v=Snea-6wH_zk,Pop Smoke - Topic,https://www.youtube.com/channel/UCD3fewmHnwmzjA3IeYWovaQ,2026-04-15T02:28:02.413Z,231.0,231.473,231.0
Going Bad (feat. Drake),https://music.youtube.com/watch?v=4H7l0HjAxd4,Meek Mill - Topic,https://www.youtube.com/channel/UCr_zAwkma5JAyHOWfVXaouA,2026-04-15T02:25:00.647Z,181.0,181.766,181.0
EVIL J0RDAN,https://music.youtube.com/watch?v=4xtwjLqdaj0,Playboi Carti - Topic,https://www.youtube.com/channel/UCRB-a6u9flpg0xuBqCf9QlQ,2026-04-15T02:21:54.008Z,184.0,186.639,184.0
Jumpy (feat. Ski Mask The Slump God),https://music.youtube.com/watch?v=22Z1X3Y1Mjk,Rich Brian - Topic,https://www.youtube.com/channel/UCGHwV23Qm-EDLJ_R7id-dsQ,2026-04-15T02:06:57.474Z,157.0,896.534,157.0
WINS EVERY LATE GAME BLASTOISE is a Must BAN or PICK Pokemon | Pokemon Unite,https://www.youtube.com/watch?v=YcynS7n074M,CrisHeroes,https://www.youtube.com/channel/UCoQZpbXkvTa_QjSVys4jSPw,2026-04-15T02:04:45.812Z,1153.0,131.662,131.662
Backseat Freestyle,https://music.youtube.com/watch?v=lm0mEp2v-t8,Kendrick Lamar - Topic,https://www.youtube.com/channel/UCprAFmT0C6O4X0ToEXpeFTQ,2026-04-15T02:03:15.881Z,213.0,89.931,89.931
Family Matters,https://music.youtube.com/watch?v=-iyupsqzOEU,Drake - Topic,https://www.youtube.com/channel/UCU6cE7pdJPc6DU2jSrKEsdQ,2026-04-15T01:59:27.322Z,457.0,228.559,228.559
Icon,https://music.youtube.com/watch?v=Yg-DUpei8Y0,Jaden - Topic,https://www.youtube.com/channel/UCRCRHG4OKZDdvIdRZj4jVBQ,2026-04-15T01:55:46.264Z,221.0,221.058,221.0
GATTI,https://music.youtube.com/watch?v=915A_tF9ktk,JACKBOYS - Topic,https://www.youtube.com/channel/UCBMfQroopt4mMzegu7-71jw,2026-04-15T01:52:38.204Z,182.0,188.06,182.0
Like That,https://music.youtube.com/watch?v=Rr1Cdli5nE8,Future - Topic,https://www.youtube.com/channel/UC1_liDR4fRFJgH4HoJeV8cw,2026-04-15T01:47:50.488Z,268.0,287.716,268.0
I'm a Boss (feat. Rick Ross),https://music.youtube.com/watch?v=9FKKf5AQmi4,Meek Mill - Topic,https://www.youtube.com/channel/UCr_zAwkma5JAyHOWfVXaouA,2026-04-15T01:39:51.796Z,246.0,478.692,246.0
BPD,https://music.youtube.com/watch?v=MXeID98Aook,YNG Martyr - Topic,https://www.youtube.com/channel/UCuUjvvVr_oAcPUw34yC-UuQ,2026-04-15T01:37:35.510Z,136.0,136.286,136.0
Aiming for Rank 1 in Pokemon Champions,https://www.youtube.com/watch?v=HhwW3StxTHw,WolfeyVGC,https://www.youtube.com/channel/UC9OZkS1Mhl5UvKSiPrYqsxg,2026-04-15T01:32:59.120Z,7299.0,276.39,276.39
Kendrick Lamar - King Kunta,https://www.youtube.com/watch?v=hRK7PVJFbS8,KendrickLamarVEVO,https://www.youtube.com/channel/UCoYfzC2zMlc9M-Odgaf6OSg,2026-04-15T01:29:06.899Z,238.0,232.221,232.221
King Kunta,https://music.youtube.com/watch?v=g0NVaX8DRN4,Kendrick Lamar - Topic,https://www.youtube.com/channel/UCprAFmT0C6O4X0ToEXpeFTQ,2026-04-15T01:28:04.059Z,235.0,62.84,62.84
Blood On The Leaves,https://music.youtube.com/watch?v=KEA0btSNkpw,Kanye West - Topic,https://www.youtube.com/channel/UCRY5dYsbIN5TylSbd7gVnZg,2026-04-15T01:21:55.562Z,360.0,368.497,360.0
Bodies,https://music.youtube.com/watch?v=uyzgRGvZrKc,Offset - Topic,https://www.youtube.com/channel/UCHnnN7-fplQL9W8G_pTkSxg,2026-04-15T01:21:28.223Z,179.0,27.339,27.339
Hot N*gga,https://music.youtube.com/watch?v=Y7kG_oDUCZo,Bobby Shmurda - Topic,https://www.youtube.com/channel/UCfvOEde-BGuQiQHe6tLm7rA,2026-04-15T01:18:10.739Z,195.0,197.484,195.0
Ima Boss (feat. Rick Ross),https://music.youtube.com/watch?v=U0NAAwaZ4Rw,Meek Mill - Topic,https://www.youtube.com/channel/UCr_zAwkma5JAyHOWfVXaouA,2026-04-15T01:01:13.168Z,251.0,1017.571,251.0
BLACKBEARD!,https://music.youtube.com/watch?v=vXLtNuz01ag,PE$O PETE - Topic,https://www.youtube.com/channel/UC5bBuOvUdRVMzszPTnNftdg,2026-04-15T01:00:06.803Z,139.0,66.365,66.365
I Don't Like,https://music.youtube.com/watch?v=Bb3YbUBB0zI,Chief Keef - Topic,https://www.youtube.com/channel/UCP1eNXDqBWtY9Mxhw3q_wNA,2026-04-15T00:55:12.473Z,294.0,294.33,294.0
Naked Hustle,https://music.youtube.com/watch?v=1OTNaAbtnOY,BossMan Dlow - Topic,https://www.youtube.com/channel/UCTwTHFGtx-n03NbsDqgZtlw,2026-04-15T00:55:08.595Z,134.0,3.878,3.878
First Day Out,https://music.youtube.com/watch?v=IJEZqMkbp8Q,Tee Grizzley - Topic,https://www.youtube.com/channel/UC_CGl-6kaneFydGp5T7NtNA,2026-04-15T00:50:53.056Z,255.0,255.539,255.0
A New Zealand startup just replaced every physical fence on a farm with a smartphone app,https://www.youtube.com/watch?v=ix5Rlc_fkVI,Nic Conley,https://www.youtube.com/channel/UCkjaCBJQ2FqcEJk0rsGhdDw,2026-04-15T00:49:44.789Z,68.0,68.267,68.0
ACNH Community Center Speed Build 👀,https://www.youtube.com/watch?v=sSrHasPdxI4,Lucky Seven Plays,https://www.youtube.com/channel/UCEkDlYOscxH-tUwkyTuDxng,2026-04-15T00:49:12.668Z,74.0,32.121,32.121
REPLAI_CODM_16195_A-REMIX-MAPHIGHLIGHT-MPANDBRCOMPILATION-0_V_9x16_EN_60s_260316,https://www.youtube.com/watch?v=uC_aPrj1e1Q,,,2026-04-15T00:47:45.266Z,60.0,87.402,60.0
This Stapler Company Used to Build Fighter Planes,https://www.youtube.com/watch?v=W5OE27SzoTU,bungu,https://www.youtube.com/channel/UCq7nXDX98k4uX84AjoJgOFQ,2026-04-15T00:47:42.465Z,100.0,2.801,2.801
Insane Typhus Comeback In Los Angeles 🥴,https://www.youtube.com/watch?v=38jhikfqGW0,Chubbyemu,https://www.youtube.com/channel/UCKOvOaJv4GK-oDqx-sj7VVg,2026-04-15T00:46:20.992Z,104.0,81.473,81.473
cid=94f955e3945b2602d5ddd22d234a8b66,https://www.youtube.com/watch?v=VqAy4jP1e5o,,,2026-04-15T00:46:10.698Z,63.0,10.294,10.294
How Does An AI Like ChatGPT Learn 😮,https://www.youtube.com/watch?v=nFRYgfitomc,Zack D. Films,https://www.youtube.com/channel/UCvz84_Q0BbvZThy75mbd-Dg,2026-04-15T00:45:48.095Z,65.0,22.603,22.603
Free YouTube Premium?,https://www.youtube.com/watch?v=HkDVe56JNnU,Surfshark Academy,https://www.youtube.com/channel/UCEFFKGOqb1Mtvj3g3gjc6tQ,2026-04-15T00:44:07.237Z,52.0,100.858,52.0
RG GUNDAM TIERLIST  |  Ranking Every Single Real Grade In My Collection - 60+ Kits!,https://www.youtube.com/watch?v=91YIVH2utPw,Mecha Gaikotsu,https://www.youtube.com/channel/UCowMgqWFV83mFHLKo32_O4w,2026-04-15T00:37:31.560Z,4648.0,395.677,395.677
THE RG SAZABI IS THE BEST RG GUNPLA BY A MILE! #gundam #gunpla,https://www.youtube.com/watch?v=YxhP3DwYifU,Hiduken,https://www.youtube.com/channel/UCmOsIe8qQhNBnwGX6d_VLLg,2026-04-15T00:17:32.036Z,39.0,1199.524,39.0
Paid To Do Nothing 6 YEARS Straight!!!🤯🤯,https://www.youtube.com/watch?v=S4v2yXCpg3Q,memelore,https://www.youtube.com/channel/UCBXkljFfA8s1Q6Rs_v8S35w,2026-04-15T00:16:48.196Z,41.0,43.84,41.0
He Accidentally Washed His Clothes with an Air Freshener #funny #hopecore #hopelesscore,https://www.youtube.com/watch?v=ka--Ywqw5OI,Hopeless Core,https://www.youtube.com/channel/UCCK7_HdCFAKTNBwh5KRAscA,2026-04-15T00:02:36.966Z,42.0,851.23,42.0
The Cookie or the CAN?! 🍪 My first time at Groove Coffee on 412 Day! #groovecoffee #coffeeinacan,https://www.youtube.com/watch?v=T4PMPiEgLyM,That Adventure Guy,https://www.youtube.com/channel/UC1bWCz2AYhCo4hlzETPM3uw,2026-04-15T00:02:36.085Z,125.0,0.881,0.881
How to move furniture easily! The airsled 🤌🛷 #painting #contractor #diy,https://www.youtube.com/watch?v=5jtRpG7mbu8,Moose Painting,https://www.youtube.com/channel/UCJQ3AvNXyUSzz001mzHKmRQ,2026-04-15T00:02:34.627Z,20.0,1.458,1.458
Isabel Clancy,https://www.youtube.com/watch?v=DXZj52EcMJU,,,2026-04-15T00:02:32.613Z,44.0,2.014,2.014
Jonah Hill refused to work with him,https://www.youtube.com/watch?v=rD20_i9Bcls,CRWN Cinema Podcast,https://www.youtube.com/channel/UCNzQeLWPOCsPlob7Zxa1qrA,2026-04-15T00:01:46.437Z,51.0,46.176,46.176
Tired of Ground Beef? Try This EASY High Protein Dinner #foodshorts #easyrecipe #groundbeef #dinner,https://www.youtube.com/watch?v=xvSXLIR0FLY,May Chavez ,https://www.youtube.com/channel/UCs3Fxcx0_rZrVZ03U_XBhow,2026-04-15T00:01:43.586Z,84.0,2.851,2.851
Too overweight to work,https://www.youtube.com/watch?v=mhccbP6Wa0c,CatClip,https://www.youtube.com/channel/UC-94Kl_qxpJSqYmEyeH-DGQ,2026-04-15T00:01:18.463Z,84.0,25.123,25.123
These PC Takes Are The New META,https://www.youtube.com/watch?v=vR2v9qmc8yo,META PCs,https://www.youtube.com/channel/UCiKNvzMjBFowg5Sj6pevymA,2026-04-15T00:01:10.173Z,34.0,8.29,8.29
being nice in 2026... #twitchstreamer #shorts #funnymoment,https://www.youtube.com/watch?v=95kmzYqF85I,lockupmarrr,https://www.youtube.com/channel/UCIvbVHqUPM38mwMgsIW3vEw,2026-04-15T00:00:54.227Z,9.0,15.946,9.0
The ultimate betrayal: a backup plan 😭#shorts,https://www.youtube.com/watch?v=oPRNi8t7Q7U,EchoStarlet ,https://www.youtube.com/channel/UCsFmBVGYgmYymutrmPpEYHw,2026-04-15T00:00:23.955Z,50.0,30.272,30.272
Funny how muscle memory takes over when I haven’t done picture tricks in years.,https://www.youtube.com/watch?v=9mrSvDhSlZg,AJ,https://www.youtube.com/channel/UCTp3Cnw4d0tG3updYj79QzA,2026-04-15T00:00:16.356Z,24.0,7.599,7.599
All of America’s oil is… made in Texas #texas #economy #petroleum #gas #houston,https://www.youtube.com/watch?v=Mee7JyahPXk,jake explains ,https://www.youtube.com/channel/UCdbVOEoelb9oMiCfcv8uK_Q,2026-04-15T00:00:15.314Z,61.0,1.042,1.042
Let’s talk about some niche fashion conversation in the archive community 🤌🏾 #fashion,https://www.youtube.com/watch?v=a2H2QsJWLrg,Adame Cross,https://www.youtube.com/channel/UC_jLkEUT1X2YE0TH4H6kmzw,2026-04-14T23:59:51.184Z,59.0,24.13,24.13
The most remote homestead on Earth,https://www.youtube.com/watch?v=6cv_IPPowII,Kamoka Pearl,https://www.youtube.com/channel/UCgHm3qONU9Q7fe4QmJB8m7g,2026-04-14T23:59:50.272Z,151.0,0.912,0.912
What Time Is It In Antarctica?,https://www.youtube.com/watch?v=Hsz5zpoS2Uo,Cleo Abram,https://www.youtube.com/channel/UC415bOPUcGSamy543abLmRA,2026-04-14T23:59:05.926Z,47.0,44.346,44.346
Genius,https://www.youtube.com/watch?v=p93jEzypSSU,Meech 2x,https://www.youtube.com/channel/UCJXz0DWi95pWUGugtD5n-YA,2026-04-14T23:59:04.025Z,15.0,1.901,1.901
Firefighter Training Is Intense 🥵,https://www.youtube.com/watch?v=zu-tGzl1xtA,Red Bull,https://www.youtube.com/channel/UCblfuW_4rakIf2h6aqANefA,2026-04-14T23:58:02.176Z,78.0,61.849,61.849
"Cleaning this home was difficult but together, we can make a positive change",https://www.youtube.com/watch?v=k_RvcrdoUKs,Cleanwithbea,https://www.youtube.com/channel/UCU_ZKTv5Vc3DPsowV1s1B6A,2026-04-14T23:58:01.072Z,95.0,1.104,1.104
🔴Food Live🔴,https://www.youtube.com/watch?v=ERQxJatxNus,Street Food Stall Live,https://www.youtube.com/channel/UCsPDT4js2prlEVLYX0KoLnA,2026-04-14T23:57:57.656Z,10666.0,3.416,3.416
He Shrunk His Wife OMG#shorts,https://www.youtube.com/watch?v=AKdI0qVBsGQ,ReelQuest ,https://www.youtube.com/channel/UCd31LVH7lGBDd3a4BIcHoiw,2026-04-14T23:56:59.409Z,57.0,58.247,57.0
Oil prices are masking the real shortage,https://www.youtube.com/watch?v=AIhQbaOSA6M,Nicholas Crown,https://www.youtube.com/channel/UCJSICzUeXSxBvc0UAf2Up8g,2026-04-14T23:56:53.781Z,58.0,5.628,5.628
#1minute,https://www.youtube.com/watch?v=sWQWyQ4CkAM,Cinemasthetic,https://www.youtube.com/channel/UCOCJianR4VLyhuugNgMZUkw,2026-04-14T23:56:52.226Z,179.0,1.555,1.555
am I baker or a mechanic?,https://www.youtube.com/watch?v=z3uDN5Se4XY,alchenny,https://www.youtube.com/channel/UCTBk6w02FIPi64JGrK_jxNw,2026-04-14T23:56:46.716Z,100.0,5.51,5.51
Foolproof ways to ELEVATE your travel pics 📸,https://www.youtube.com/watch?v=caKzgPpPtgY,Andy Yong,https://www.youtube.com/channel/UCjr9Gl4FQIpFH_u79a7zMKQ,2026-04-14T23:55:43.954Z,55.0,62.762,55.0
Fix it for Good | DIY Gutter Repair #diy #tools,https://www.youtube.com/watch?v=ffpkW98iGDs,"ModernMilt DIY, Tools, Home Improvement ",https://www.youtube.com/channel/UCzFBbIlJxdxlQFlZpMxNSrg,2026-04-14T23:55:42.101Z,18.0,1.853,1.853
The Key Skill Every Chef Needs to Know,https://www.youtube.com/watch?v=Wk_ErvPvosc,Fallow,https://www.youtube.com/channel/UCJ901NqoRaXMnIm7aOjLyuA,2026-04-14T23:55:35.926Z,55.0,6.175,6.175
All New Yorkers fear falling through these.,https://www.youtube.com/watch?v=uzU3IGLGvB0,Lectec | Everyday Science,https://www.youtube.com/channel/UCIiALZGKzY4ScjV92l4vI1Q,2026-04-14T23:55:32.463Z,69.0,3.463,3.463
There's an airport terminal beneath this tower,https://www.youtube.com/watch?v=GVVFnxBmsOA,Lectec | Everyday Science,https://www.youtube.com/channel/UCIiALZGKzY4ScjV92l4vI1Q,2026-04-14T23:54:29.323Z,63.0,63.14,63.0
Plants vs. Zombies 3 is Hilariously Bad,https://www.youtube.com/watch?v=E3-xtkqvQCc,hey1mjay,https://www.youtube.com/channel/UCtqsrbvadda9-zp6W2nCejQ,2026-04-14T23:46:25.800Z,880.0,483.523,483.523
MrBeast Is What Marx Warned Us About,https://www.youtube.com/watch?v=-Hv-be_KdE0,GEOGRAFEIN,https://www.youtube.com/channel/UCVsOquFq9G-ShGnR08IN8yg,2026-04-14T23:45:58.785Z,660.0,27.015,27.015
People hated this table but I did the math #woodworking #coffeetable #shorts,https://www.youtube.com/watch?v=Bg9lF0ZX4is,Outer Woods,https://www.youtube.com/channel/UCg5y4ftM4m6bLui1FH_HyQw,2026-04-14T23:44:08.562Z,43.0,110.223,43.0
Get your cards ready for summer with this custom PIPLUP binder!! DM on IG for price #pokemonart,https://www.youtube.com/watch?v=7f6E9M4Xkdg,Doofsies,https://www.youtube.com/channel/UClLyAqGu8kLhmXt4Qr3Pcyg,2026-04-14T23:44:00.216Z,8.0,8.346,8.0
Tired of grey watery ground beef?,https://www.youtube.com/watch?v=QYZqX9Vs8rA,Andy Cooks,https://www.youtube.com/channel/UCqNkn5PNeSqbQTAR5RP-L-Q,2026-04-14T23:43:06.087Z,51.0,54.129,51.0
People vs Temu 2026 😂 (Who Caused More Chaos?),https://www.youtube.com/watch?v=fnECY6EoUf8,FiveStormYT,https://www.youtube.com/channel/UCCqevEpikUWht_tqXuhk4qQ,2026-04-14T23:42:08.989Z,58.0,57.098,57.098
Wait… a GOOD new build?! 👀,https://www.youtube.com/watch?v=ESIvvpu9BTM,Jordan Van Voorst,https://www.youtube.com/channel/UCOtuZ1HgwuhJH6VV5yJPjqQ,2026-04-14T23:42:06.437Z,180.0,2.552,2.552
Where's WALDO but I'm a Sniper,https://www.youtube.com/watch?v=LBF4abXXLVI,Blakeevk,https://www.youtube.com/channel/UCkglEGa4d5JdfcH-C9KJNXw,2026-04-14T23:42:02.625Z,61.0,3.812,3.812
This is how we keep birds off our vertical farm using only humane deterrents #birds #farming #garden,https://www.youtube.com/watch?v=OA7SrBfGdB4,Agrotonomy,https://www.youtube.com/channel/UCF6JKjiC0wb7iHkT5O2VVaA,2026-04-14T23:42:01.584Z,57.0,1.041,1.041
Cutting Rebar The Easy Way,https://www.youtube.com/watch?v=ug8CixU8HNY,HAUS PLANS ®️,https://www.youtube.com/channel/UCFMGCDS4rQprREJJa8f4F0Q,2026-04-14T23:40:59.750Z,60.0,61.834,60.0
Blurry: ¿Quién?,https://www.youtube.com/watch?v=vOxHuZp02oM,,,2026-04-14T23:40:58.176Z,61.0,1.574,1.574
Malcolm and Reese's Daily Life #shorts #edit #viral #funny,https://www.youtube.com/watch?v=V0ipGY35cIA,Edit Chantith,https://www.youtube.com/channel/UCcWImVGuojJZE9LYCRCIwjQ,2026-04-14T23:39:58.716Z,59.0,59.46,59.0
❤️‍🔥LIVE STREAMING❤️‍🔥,https://www.youtube.com/watch?v=S7jENmOKPXQ,猪猪看娱乐,https://www.youtube.com/channel/UCkezUpdzcuYibQWP9IvN96g,2026-04-14T23:39:56.289Z,4341.0,2.427,2.427
Why does Google Maps show you a different map than me?,https://www.youtube.com/watch?v=TakPENK1jUI,Morning Brew,https://www.youtube.com/channel/UCqit4NtRDfdEHKX_zgmAwrg,2026-04-14T23:36:39.741Z,93.0,196.548,93.0
P500000 POSS2206 NULL YOUTUBE FY27 Who Knew   Possibility HNW ASPO VQHW VID 1080x1920 15 GM EL 26010,https://www.youtube.com/watch?v=JsmTwZlVN-k,,,2026-04-14T23:36:37.075Z,16.0,2.666,2.666
The North Oaks Streetview images on Google are finally gone... but they are still accessible,https://www.youtube.com/watch?v=ftD-sr1jxlU,Chris the Producer,https://www.youtube.com/channel/UCOVudd0hhBmB5n0DLTZNrGA,2026-04-14T23:36:34.107Z,167.0,2.968,2.968
Silent library with Silent Librarian… the guy behind us was sick of us😭 #cantinapartner,https://www.youtube.com/watch?v=E22HHD9cBH8,Hieuman,https://www.youtube.com/channel/UCTAciJLu_J-b5b8EIfgdGjw,2026-04-14T23:36:23.745Z,53.0,10.362,10.362
VABYSMO Say It Wrong 1,https://www.youtube.com/watch?v=wwD1AhBvDLY,,,2026-04-14T23:36:22.830Z,60.0,0.915,0.915
This is an airport in the U.S.?,https://www.youtube.com/watch?v=fUYBxHrZvoc,Max Miles Points,https://www.youtube.com/channel/UCMIftenASZwDCmalbdEwUig,2026-04-14T23:35:05.583Z,71.0,77.247,71.0
How a Chocolate Bar Inspired the World’s Most Famous Cutter,https://www.youtube.com/watch?v=E4_jcJQPrNs,bungu,https://www.youtube.com/channel/UCq7nXDX98k4uX84AjoJgOFQ,2026-04-14T23:33:13.099Z,112.0,112.484,112.0
"A realistic day in my life building two businesses to save $80,000 #mechanic #work #hustle #business",https://www.youtube.com/watch?v=xKLeBLylfCk,Torres Hustle,https://www.youtube.com/channel/UCTyx1Lt_owoFEZJYz0stW6w,2026-04-14T23:33:04.461Z,78.0,8.638,8.638
How to Pour a Concrete Pad That Will NEVER FAIL,https://www.youtube.com/watch?v=EKdJnN-Y_38,Home RenoVision DIY,https://www.youtube.com/channel/UCnorhjQR4zJkT7AVNhu395Q,2026-04-14T23:32:55.720Z,179.0,8.741,8.741
Shortened: cid=43e09dbf38fec6194827eae0b7fce302,https://www.youtube.com/watch?v=g_2Q54RVJro,,,2026-04-14T23:32:54.286Z,27.0,1.434,1.434
TOUGH call #funny #comedy #funnyvideo #politics #shorts,https://www.youtube.com/watch?v=rYPyNqKOk4c,Andrew Breen,https://www.youtube.com/channel/UCDseTJvCfJj5Bh_KdZSIbbw,2026-04-14T23:32:34.311Z,98.0,19.975,19.975
Take a nap and fight capitalism at the same time! #comedy #sketchcomedy #fyp,https://www.youtube.com/watch?v=r3DOcvAA9jA,The Second City,https://www.youtube.com/channel/UCzkcuUgsMln4y_aSxhE0H-g,2026-04-14T23:30:48.006Z,96.0,106.305,96.0
https://www.youtube.com/watch?v=ucRTW4rgrbU,https://www.youtube.com/watch?v=ucRTW4rgrbU,,,2026-04-14T22:51:14.249Z,,2373.757,2373.757
Ex Chick-fil-A Employee Reveals Spicy Sandwich Secret,https://www.youtube.com/watch?v=oN1ei4up7Co,DishwithDrew,https://www.youtube.com/channel/UCNS9Z7-MWQTdGT1aAmpX4pA,2026-04-14T22:51:05.761Z,67.0,8.488,8.488
One year post liver damage 🩺❤️‍🩹,https://www.youtube.com/watch?v=oSKX9Jso5nw,Wasabi Sushi Matcha,https://www.youtube.com/channel/UCzMfRbnWfKYnVdIe_1WiSfw,2026-04-14T22:48:40.372Z,90.0,145.389,90.0
MRS. MET FAN CLUB 🍑,https://www.youtube.com/watch?v=5YrGRw43lfg,Sidetalk Sports,https://www.youtube.com/channel/UCsejfiV96X3GoxWZdqnEDGw,2026-04-14T22:17:52.454Z,25.0,1847.918,25.0
NBA IS COOKED 🥀,https://www.youtube.com/watch?v=AC3u-SrHVGQ,Sidetalk Sports,https://www.youtube.com/channel/UCsejfiV96X3GoxWZdqnEDGw,2026-04-14T22:17:51.135Z,9.0,1.319,1.319
TOM BRADY IS A SON KISSER 😘,https://www.youtube.com/watch?v=t0YoZMBcF9k,Sidetalk Sports,https://www.youtube.com/channel/UCsejfiV96X3GoxWZdqnEDGw,2026-04-14T22:17:42.913Z,25.0,8.222,8.222
The Unreleased Rollable Smartphone!,https://www.youtube.com/watch?v=5aS-8QCRdGE,Marques Brownlee,https://www.youtube.com/channel/UCBJycsmduvYEL83R_U4JriQ,2026-04-14T22:16:51.693Z,599.0,51.22,51.22
Has London falled?,https://www.youtube.com/watch?v=_TlPc46vpq0,Adrian Gray Comedy,https://www.youtube.com/channel/UCvulgQYQPPUMwCs7tKMXO0g,2026-04-14T22:16:39.007Z,61.0,12.686,12.686
DESTROYING Master Ball Rank with MEGA MEOWSTIC in Pokemon Champions!,https://www.youtube.com/watch?v=uSwi8kMymac,shofu,https://www.youtube.com/channel/UCbr6TI0Mujw2iFAQE4R8yrQ,2026-04-14T22:15:01.920Z,1518.0,97.087,97.087
The Tiktokification of Asian Food is Weird,https://www.youtube.com/watch?v=4x-gDZfeS8g,Edvasian,https://www.youtube.com/channel/UCnJMxPKyz6nj7qoMwY0LkSw,2026-04-14T21:27:09.720Z,1374.0,2872.2,1374.0
The Bizarre Reason Garuda Indonesia Has the Highest Ticket Prices in Asia,https://www.youtube.com/watch?v=_YFM6NjvNxM,Behind Asia,https://www.youtube.com/channel/UCokeVZg4VaSLVBDiziJsMDA,2026-04-14T21:26:12.043Z,1420.0,57.677,57.677
nyobain gem bentar sebelum record,https://www.youtube.com/watch?v=oXCHVd0RzDg,TnM,https://www.youtube.com/channel/UCZdmuthWjKAC-oiaoh1bfOw,2026-04-14T21:25:37.203Z,12091.0,34.84,34.84
"this with a bit of cheese, salami, and olives?? heaven :) #baking #bread",https://www.youtube.com/watch?v=e72d7vcWz5w,Baking With Drea,https://www.youtube.com/channel/UCrleN8_NW9Oi3ayNaVJvFRQ,2026-04-14T21:25:27.733Z,18.0,9.47,9.47
"The Fish That ""Tricks"" Sharks! 🦈🕵️‍♂️",https://www.youtube.com/watch?v=84TLGy0t8Qs,Matt Discovers,https://www.youtube.com/channel/UC343wIz-wVTBjBXyhBn98aQ,2026-04-14T21:25:20.399Z,50.0,7.334,7.334
What is a homebrew router?,https://www.youtube.com/watch?v=vBJyEMOVcFA,Tech.explain,https://www.youtube.com/channel/UCpwyIpdiSrbaISeieVFShKg,2026-04-14T21:25:11.133Z,67.0,9.266,9.266
She Returned Baby Turtles to the Ocean 🐢🌊 #trending #viral,https://www.youtube.com/watch?v=dPQMfUntyfY,Vexiron Xplore,https://www.youtube.com/channel/UCRwCiwqWGFV1BQsKcwP5FjQ,2026-04-14T21:25:06.237Z,27.0,4.896,4.896
YOUR TODDLER WON’T LIKE THIS TABLE! #shorts #diy #youtubeshorts,https://www.youtube.com/watch?v=Ntlvs1sjEVI,The Epic Toolbox,https://www.youtube.com/channel/UCIU5g4mRXwcx8M0-WSDsEiw,2026-04-14T21:24:29.684Z,35.0,36.553,35.0
Husky V2 CA 9x16,https://www.youtube.com/watch?v=OWFHbmjmeLM,,,2026-04-14T21:24:09.988Z,113.0,19.696,19.696
Reese is always the victim #shorts #edit #viral #funny,https://www.youtube.com/watch?v=bWud-x0m7Nw,Edit Chantith,https://www.youtube.com/channel/UCcWImVGuojJZE9LYCRCIwjQ,2026-04-14T21:21:18.316Z,60.0,171.672,60.0
🖤🖤🖤🖤🖤,https://www.youtube.com/watch?v=R3PGT1Lp6Gk,dontaskmyname,https://www.youtube.com/channel/UCbHJAlGuGaVE3thaZomxUNw,2026-04-14T21:21:16.992Z,16.0,1.324,1.324
Why Are People Using The WRONG Mega Stones? #pokemon #pokemonfacts #pokemonchampions,https://www.youtube.com/watch?v=6010HvqgyR0,MEPlaysGames,https://www.youtube.com/channel/UCNQup65dteNareZIhrk7N3g,2026-04-14T21:21:15.929Z,20.0,1.063,1.063
Butterfly pollination castle #gardenessentials #gardeninghacks #gardeningtips #gardenmusthaves,https://www.youtube.com/watch?v=5XvQ7Uwzxew,Holisticrx ,https://www.youtube.com/channel/UCxAD7OFG0kRsXnJOgNCxnAg,2026-04-14T21:21:14.630Z,20.0,1.299,1.299
How to install speakers #fyp #explore #howto #tiktok #shorts #reels #trending #audio #video #work,https://www.youtube.com/watch?v=RbTRvY8rKk8,Xpress Tv Mounting,https://www.youtube.com/channel/UCsU_Ola8VhBX3Xyakz0EeOQ,2026-04-14T21:21:12.138Z,181.0,2.492,2.492
PART 1,https://www.youtube.com/watch?v=_-pE4jsOnj4,Morgan Kunzie,https://www.youtube.com/channel/UCJEtmyxm52rNfRBkLAZo3VA,2026-04-14T21:21:05.726Z,61.0,6.412,6.412
Funny tortoiseshell cat #cat #funny #funnyvideo #funnycats #tortoiseshellcat,https://www.youtube.com/watch?v=BxKmjBtcUh0,Aoki Bella,https://www.youtube.com/channel/UCdxFZVQCRrzq5Ulf0egzx8w,2026-04-14T21:20:53.358Z,50.0,12.368,12.368
Best sushi puzzle game cutting fish in half Ep. 16 bento blocks,https://www.youtube.com/watch?v=ZisD0VOqHmc,AndySlapsPuzzles,https://www.youtube.com/channel/UCQkbYOOPquLawMgrmbfEvhg,2026-04-14T21:20:51.027Z,57.0,2.331,2.331
DIY Floating Deck Stairs,https://www.youtube.com/watch?v=ECKRYcNAaWo,Luke Moore,https://www.youtube.com/channel/UCfK4jAPvJEgOPDiTPCXRDDQ,2026-04-14T21:20:48.624Z,180.0,2.403,2.403
cid=dc736a7b870a9c419065421b746cd52f,https://www.youtube.com/watch?v=fT_58G5ZBak,,,2026-04-14T21:20:46.174Z,61.0,2.45,2.45
Why can't helicopters land on NYC rooftops?,https://www.youtube.com/watch?v=E-mtwHynmqE,Lectec | Everyday Science,https://www.youtube.com/channel/UCIiALZGKzY4ScjV92l4vI1Q,2026-04-14T21:19:39.801Z,61.0,66.373,61.0
I Accidentally Screwed Into My Main Drain Line- Here’s How I Fixed It,https://www.youtube.com/watch?v=pGWOEmLMRMI,HAUS PLANS ®️,https://www.youtube.com/channel/UCFMGCDS4rQprREJJa8f4F0Q,2026-04-14T21:18:32.808Z,60.0,66.993,60.0
Green + Purple = Tentacle Bag? #glassbag #glassblowing,https://www.youtube.com/watch?v=ZsJwYW4fVEw,Raiffe,https://www.youtube.com/channel/UCPPzkS_iFDlQMaIfRdxj7Mw,2026-04-14T20:09:41.537Z,143.0,4131.271,143.0
How Liches Are Made | comic by baalbuddy,https://www.youtube.com/watch?v=aSuXAJLQOjQ,Solus Astorias,https://www.youtube.com/channel/UC34kGAogKZvSS9e47NmSnCg,2026-04-14T20:07:46.072Z,35.0,115.465,35.0
Technicality Between Goblins and Fairies | [Baalbuddy Comic Dub],https://www.youtube.com/watch?v=Whm_U9yVH-k,Alury VA,https://www.youtube.com/channel/UCHobMX4QGXL-wQW-DaAfdlg,2026-04-14T20:06:16.908Z,48.0,89.164,48.0
The Orphaned Crop,https://www.youtube.com/watch?v=SOjgkz-ZPJk,Shawn Grows,https://www.youtube.com/channel/UCzOXodveGcVO5xqLyc5l_Zg,2026-04-14T19:54:25.504Z,44.0,711.404,44.0
Companies That Are Disappearing,https://www.youtube.com/watch?v=PE5j9XRdRWo,Sambucha,https://www.youtube.com/channel/UCWBWgCD4oAqT3hUeq40SCUw,2026-04-14T19:46:33.306Z,59.0,472.198,59.0
🖍️ I Wanted The Big Box of Crayons More Than Anything,https://www.youtube.com/watch?v=uJyj9fGNxow,🍌PhillyBanana🍌,https://www.youtube.com/channel/UCysu1wVJiaOUJHHLqyVBL5A,2026-04-14T19:45:01.194Z,68.0,92.112,68.0
Why Did Airlines Stop Polishing Their Planes?,https://www.youtube.com/watch?v=nE2t3-q7kV4,Mentour Pilot,https://www.youtube.com/channel/UCwpHKudUkP5tNgmMdexB3ow,2026-04-14T19:42:27.584Z,155.0,153.61,153.61
Client wanted something different! Ever seen how rally stripes are done? 🔥 #carwrapping #asmrvideo,https://www.youtube.com/watch?v=gsuXQLBNCPI,Jay The Wrap Specialist,https://www.youtube.com/channel/UCY5DlpdjsmXD3KKVkOyoN6g,2026-04-14T19:42:18.776Z,78.0,8.808,8.808
The Hardest and Most Expensive Wrap! #carwrapping #asmr #asmrsounds #carwrap,https://www.youtube.com/watch?v=2IPW1_oIeMk,Jay The Wrap Specialist,https://www.youtube.com/channel/UCY5DlpdjsmXD3KKVkOyoN6g,2026-04-14T19:42:08.627Z,58.0,10.149,10.149
Watching this Scratches an Itch,https://www.youtube.com/watch?v=SZ6I3o7XA-Q,Wonder World,https://www.youtube.com/channel/UC0k173Oca1nPZurW2ITHlYw,2026-04-14T19:27:43.827Z,29.0,864.8,29.0
We put this ACTION movie expert to the test 🍿🎬🤩 #movietrivia #actionmovies #streetinterview,https://www.youtube.com/watch?v=LWHclEuA4OE,Reel Talk Show,https://www.youtube.com/channel/UCSTkzISo04FF9rC-GEnlZYA,2026-04-14T19:26:13.693Z,90.0,90.134,90.0
The Avatar Leaks Are Out Of Control #atla,https://www.youtube.com/watch?v=H75SFQSg7fg,Malcolm Crawford,https://www.youtube.com/channel/UCQaY3gdks_HnqNOy35wcK8A,2026-04-14T19:25:42.883Z,71.0,30.81,30.81
Was it actually worth it? #3dprinting #toyotalandcruiser,https://www.youtube.com/watch?v=-djsBTWnDWo,The Everyday Build,https://www.youtube.com/channel/UCImaB2p-UzeiBHNmZL2cpSQ,2026-04-14T19:25:26.270Z,91.0,16.613,16.613
"A realistic day in my life working twojobs and building a business to save $80,000#cartok #carguys",https://www.youtube.com/watch?v=-SEYpwfMoqc,Torres Hustle,https://www.youtube.com/channel/UCTyx1Lt_owoFEZJYz0stW6w,2026-04-14T19:24:08.997Z,71.0,77.273,71.0
Two Shops tried Wrapping this car 😬 #satisfyingvideo #carwrapping,https://www.youtube.com/watch?v=pMxtj3fg800,Jay The Wrap Specialist,https://www.youtube.com/channel/UCY5DlpdjsmXD3KKVkOyoN6g,2026-04-14T19:21:58.654Z,71.0,130.343,71.0
2 Wraps to make This Color 🔥✨We added Pink Glitter Wrap #carwrap #carwrapping #vinylwrap #asmr,https://www.youtube.com/watch?v=JcCLIUF7J7Q,Jay The Wrap Specialist,https://www.youtube.com/channel/UCY5DlpdjsmXD3KKVkOyoN6g,2026-04-14T19:21:19.584Z,59.0,39.07,39.07
This is How Quiet it is when I wrap cars 🤫📚😅 #asmr #asmrsounds #asmrvideo #carwrap,https://www.youtube.com/watch?v=PheFP5FoU7E,Jay The Wrap Specialist,https://www.youtube.com/channel/UCY5DlpdjsmXD3KKVkOyoN6g,2026-04-14T19:20:20.736Z,58.0,58.848,58.0
Carbon Fiber vinyl wrap 😳🔥✨ #carwrapping #carwrap #vinylwrap #carbonfiber,https://www.youtube.com/watch?v=n8pYoCMehe4,Jay The Wrap Specialist,https://www.youtube.com/channel/UCY5DlpdjsmXD3KKVkOyoN6g,2026-04-14T19:19:31.771Z,50.0,48.965,48.965
I Wrapped the NASA Orion Space Capsule for Training! | #artemis #artemismission,https://www.youtube.com/watch?v=HGdR0MhKqb8,Jay The Wrap Specialist,https://www.youtube.com/channel/UCY5DlpdjsmXD3KKVkOyoN6g,2026-04-14T19:19:14.018Z,88.0,17.753,17.753
AI will now come included in your phone soon! #ai #samsung #apple #investing,https://www.youtube.com/watch?v=4Ero-U5qqAU,Alex Temiz - Live Trading - My Investing Club,https://www.youtube.com/channel/UCBfnAfRDIM4qLhT7TqE6XyQ,2026-04-14T19:16:50.852Z,52.0,143.166,52.0
When you can't afford to be unhealthy 😂,https://www.youtube.com/watch?v=XNQ7lKEOpqY,Christian Maldonado,https://www.youtube.com/channel/UC8NDxJ7wSQwT6t3eNc4SORg,2026-04-14T19:16:07.318Z,43.0,43.534,43.0
Same builder. Same city. Two “new” homes… very different results. Always inspect.,https://www.youtube.com/watch?v=ufskrB1vyf8,Jordan Van Voorst,https://www.youtube.com/channel/UCOtuZ1HgwuhJH6VV5yJPjqQ,2026-04-14T19:12:49.962Z,180.0,197.356,180.0
APPLE GOTTA EXPLAIN THIS😭😭🙏🥀 #android #samsung #tech #techtok #smartphone #iphone,https://www.youtube.com/watch?v=eFy-0vc4K0c,ryan,https://www.youtube.com/channel/UCCiGY0qGJ6ArOh8FpwgmxJQ,2026-04-14T18:55:03.670Z,65.0,1066.292,65.0
Wait for the end😭🥗 @scottkress_,https://www.youtube.com/watch?v=EAmJ8y9KVZs,StinkyAsher,https://www.youtube.com/channel/UCSW20WNOFR_Ifq2qwK8QO-A,2026-04-14T18:54:59.355Z,82.0,4.315,4.315
COACHELLA DAY ONE HERE WE COMEEE @CarterKench @scottkress_,https://www.youtube.com/watch?v=RqmEP40bObI,StinkyAsher,https://www.youtube.com/channel/UCSW20WNOFR_Ifq2qwK8QO-A,2026-04-14T18:54:48.868Z,107.0,10.487,10.487
Day two is too chaotic 😭 @scottkress_ @MyaAngelise @CarterKench,https://www.youtube.com/watch?v=zHcUlbhnas4,StinkyAsher,https://www.youtube.com/channel/UCSW20WNOFR_Ifq2qwK8QO-A,2026-04-14T18:54:40.792Z,146.0,8.076,8.076
"This or That: ""Fix or Toss Car"" Edition 🥸",https://www.youtube.com/watch?v=V_DpBF1cYyw,Minnesota Truck Headquarters,https://www.youtube.com/channel/UChNUbIQsI0jSD5Ha4BZhpBA,2026-04-14T18:44:21.567Z,33.0,619.225,33.0
Visiting Guyana in a Video Game,https://www.youtube.com/watch?v=dr-O1pbPTPY,Skylerbuns,https://www.youtube.com/channel/UCl7IomsGxHFeHJgnrGKhSsg,2026-04-14T18:41:55.182Z,149.0,146.385,146.385
how could you forget the garlic?! 🤣🌯,https://www.youtube.com/watch?v=5ExKwpty6pI,Shawarma Palace Ottawa,https://www.youtube.com/channel/UCDzfi9rjxlaWuucV8nyTGOw,2026-04-14T18:41:29.381Z,25.0,25.801,25.0
Lee Kuan Yew's Genius Housing Calculation,https://www.youtube.com/watch?v=skoRa8Q49fQ,Sam's POV,https://www.youtube.com/channel/UC1FIRpwZhE0oubN6fWaEVsg,2026-04-14T18:40:57.186Z,97.0,32.195,32.195
This 1938 Bentley Has a Backup for Everything,https://www.youtube.com/watch?v=aMs6CMvkosc,AVANTS,https://www.youtube.com/channel/UC2QdvcrxWMb0i8Ix1ezpVVg,2026-04-14T18:38:24.421Z,61.0,152.765,61.0
Why Your Ring Won't Fall Into Water,https://www.youtube.com/watch?v=9TzdSALzU7I,vt.physics,https://www.youtube.com/channel/UCuO1xKv8PwUCdQ1b3eY1TrA,2026-04-14T18:38:12.526Z,30.0,11.895,11.895
How Hotel Casino Resorts are doing outside of Las Vegas & how we can improve visitor experiences,https://www.youtube.com/watch?v=y1V70kwVJmI,VegasStarfish,https://www.youtube.com/channel/UC-EylgXeMcGNkzyjSgJnfsQ,2026-04-14T18:36:01.646Z,90.0,130.88,90.0
Day 5 of learning Japanese Woodworking #diy #joinery #woodworking,https://www.youtube.com/watch?v=xXuKXb-zUO0,Xing's garage,https://www.youtube.com/channel/UCcMFHEdd55tPowbPyLYZMgA,2026-04-14T18:34:27.346Z,93.0,94.3,93.0
The car that refuses to start…😅,https://www.youtube.com/watch?v=fT88UXyGSqw,Jeremy_House236,https://www.youtube.com/channel/UCfj3uFWa9QzZ_SgQdArsjYA,2026-04-14T18:33:05.541Z,,81.805,81.805
"Collecting an Illustration Card for ALL 1,025 Pokemon... (Episode 51) #pokemontcg",https://www.youtube.com/watch?v=rhuHOfIp8Gs,bamf,https://www.youtube.com/channel/UCplckx6JZpjVzzpdz27JF_g,2026-04-14T18:32:55.502Z,106.0,10.039,10.039
Scammed at the Dealership 😭,https://www.youtube.com/watch?v=vTHr_Gm5-lc,MattieFlips,https://www.youtube.com/channel/UC78cMkM6b2spJk71FOK1LtQ,2026-04-14T18:24:05.825Z,170.0,529.677,170.0
now you have an excuse to learn a new language!,https://www.youtube.com/watch?v=rSuxUbL-p2I,Xavier The Dog Trainer,https://www.youtube.com/channel/UCi430lBrHmhJajDbuOPV2EA,2026-04-14T18:24:02.905Z,27.0,2.92,2.92
Why Tostitos Redesign Feels Off,https://www.youtube.com/watch?v=j6XMRn4pNA0,Ryan Selvy,https://www.youtube.com/channel/UC2FECbPKWO4t8doeHFiw8bA,2026-04-14T18:22:51.970Z,68.0,70.935,68.0
NYC has the smartest park in the world,https://www.youtube.com/watch?v=tDx6WLKeBDk,Lectec | Everyday Science,https://www.youtube.com/channel/UCIiALZGKzY4ScjV92l4vI1Q,2026-04-14T18:21:49.035Z,66.0,62.935,62.935
Coachella car camping never ceases to amaze me,https://www.youtube.com/watch?v=r8foXDN8Onc,Reyah the Last Dragon,https://www.youtube.com/channel/UCIgiQqVoIRKXIcawFSj55Lw,2026-04-14T17:34:21.698Z,179.0,2847.337,179.0
The Japanese Movie Exclusive Pokemon,https://www.youtube.com/watch?v=tHqS6j6CEkI,Mister CBody,https://www.youtube.com/channel/UCqPSt7s6uLdk9FZVhLo8XXw,2026-04-14T17:34:19.512Z,20.0,2.186,2.186
A Giant Pipe Just Shot Out of the Ground in Japan,https://www.youtube.com/watch?v=XXQNjn0LGOA,vt.physics,https://www.youtube.com/channel/UCuO1xKv8PwUCdQ1b3eY1TrA,2026-04-14T17:33:41.137Z,36.0,38.375,36.0
fixing tree roots in a sewer #plumbing,https://www.youtube.com/watch?v=8xzd5czpPI4,Cheddars Plumbing Co. ,https://www.youtube.com/channel/UCIM4BYayoCbXt1R2LMiUNyw,2026-04-14T17:33:36.580Z,107.0,4.557,4.557
American cars aren’t for Europe…😅,https://www.youtube.com/watch?v=dHNhicLc-E8,Jeremy_House236,https://www.youtube.com/channel/UCfj3uFWa9QzZ_SgQdArsjYA,2026-04-14T17:32:40.607Z,,55.973,55.973
Invasive Species FROM North America,https://www.youtube.com/watch?v=mxl5hgmEAoA,Idea Soup,https://www.youtube.com/channel/UC7YNOkrvxfNxBUNemYy0CXQ,2026-04-14T17:29:47.903Z,130.0,172.704,130.0
Normal animals when caught by humans vs lobsters. #shorts #skit #funny,https://www.youtube.com/watch?v=e2l9JViaLKk,AriaisDeluX,https://www.youtube.com/channel/UC1tPMsySD3aL3fSMYmM57vA,2026-04-14T17:26:31.918Z,19.0,195.985,19.0
why did we get MILK instead of water in school,https://www.youtube.com/watch?v=HrtVZjhdNz8,PRINCE HENRY,https://www.youtube.com/channel/UCmBQIdeOOO1jReQH-w9Gkkw,2026-04-14T17:17:56.066Z,1379.0,515.852,515.852
A bowl of Olive 🫒🍸,https://www.youtube.com/watch?v=XSE8GaQU4pg,Wasabi Sushi Matcha,https://www.youtube.com/channel/UCzMfRbnWfKYnVdIe_1WiSfw,2026-04-14T17:15:52.029Z,12.0,124.037,12.0
Losing Hope by the Minute! | PvZ3: Evolved Ep.2,https://www.youtube.com/watch?v=-cxXf0lUhTI,Flag Zombie,https://www.youtube.com/channel/UCgW6tVY6XWqZJEcFWzxZImg,2026-04-14T17:15:08.842Z,3237.0,43.187,43.187
Figure-rise Standard Amplified -Egyptian God- Slifer The Sky Dragon.,https://www.youtube.com/watch?v=qfB4EVqoah4,Hobby Bear,https://www.youtube.com/channel/UC4gzh7q_6J4EN8Q6y0p9VzQ,2026-04-14T17:14:59.797Z,181.0,9.045,9.045
Figure-rise Standard Amplified EGYPTIAN GOD The WINGED DRAGON of RA (Repaint),https://www.youtube.com/watch?v=PalOUGIw2ho,Pongchatpoom Torpongpun,https://www.youtube.com/channel/UCbLboTRpk6bQwlc_US2s1YA,2026-04-14T17:14:57.838Z,177.0,1.959,1.959
Slifer The Sky Dragon Figure-rise Standard Amplified Egyptian God Unbox #bandai #figurerisestandard,https://www.youtube.com/watch?v=dv9_q6xDFsY,Uncle Lok,https://www.youtube.com/channel/UC_7enOaMeYQzqJW4p-3fXaQ,2026-04-14T17:13:54.330Z,158.0,63.508,63.508
I have a question about Mosquitoes  #megaman #retrogaming,https://www.youtube.com/watch?v=lvV5KGEC3cM,Power Guy,https://www.youtube.com/channel/UC9m0sk4JMYCn4pEYOz91Cxw,2026-04-14T17:13:05.744Z,29.0,48.586,29.0
Is Temu Tech ACTUALLY Good in 2026?,https://www.youtube.com/watch?v=NIbW_uD97ps,Austin Evans,https://www.youtube.com/channel/UCXGgrKt94gR6lmN4aN3mYTg,2026-04-14T17:12:48.284Z,1266.0,17.46,17.46
Wish Has Gotten WORSE,https://www.youtube.com/watch?v=tohpk8v1Dzc,Austin Evans,https://www.youtube.com/channel/UCXGgrKt94gR6lmN4aN3mYTg,2026-04-14T17:08:07.484Z,975.0,280.8,280.8
We Wasted $1840 on VINTAGE Tech,https://www.youtube.com/watch?v=Br6oJEuS0Ag,Austin Evans,https://www.youtube.com/channel/UCXGgrKt94gR6lmN4aN3mYTg,2026-04-14T16:36:34.056Z,1008.0,1893.428,1008.0
Avatar Situation Is Insane,https://www.youtube.com/watch?v=B8xiWWXqRoo,Dolan Darkest,https://www.youtube.com/channel/UCJO31lXn1Uo924ha6nO8XlA,2026-04-14T16:01:28.061Z,102.0,2105.995,102.0
SPIDERMAN BRAND NEW DAY ATAU MINI CIVIL WAR?,https://www.youtube.com/watch?v=Q-98uNUF8Js,Tim2one - ChandraLiow,https://www.youtube.com/channel/UCUcBFGAfOzut1x4GSWa6Akg,2026-04-14T14:47:03.206Z,2423.0,4464.855,2423.0
Top 5 Winners & Losers Of Pokemon Champions,https://www.youtube.com/watch?v=KT8L6dZOnpg,False Swipe Gaming,https://www.youtube.com/channel/UCDGbmCxt2CEZAsDh1CiWXsQ,2026-04-14T05:24:41.231Z,1126.0,33741.975,1126.0
Affordable 2TB SSD for Mac? 💻 #ssd #ps5 #macbook #externalssd #affordableproducts #lifehack,https://www.youtube.com/watch?v=Mc5VHISDp_E,Connor McCaskill,https://www.youtube.com/channel/UCXgp79DhuEmQy25AsY2nKQA,2026-04-14T05:24:28.959Z,34.0,12.272,12.272
❤️‍🔥LIVE STREAMING❤️‍🔥,https://www.youtube.com/watch?v=PM8Dw2002eU,猪猪看娱乐,https://www.youtube.com/channel/UCkezUpdzcuYibQWP9IvN96g,2026-04-14T05:24:17.452Z,28993.0,11.507,11.507
Live streaming of Street Food China Hub,https://www.youtube.com/watch?v=EE9Hq5EEMik,Street Food China Hub,https://www.youtube.com/channel/UCp6mSLHcLiK7nzMvBPthyvQ,2026-04-14T05:24:16.617Z,6374.0,0.835,0.835
🔥Guess whether this egg will break or not?,https://www.youtube.com/watch?v=IjnUKIFF5i8,Perfect Egg Peeler,https://www.youtube.com/channel/UCdp0d6IFqdRRlwLjfQV299A,2026-04-14T05:24:14.646Z,7805.0,1.971,1.971
❇️中國漢堡-Chinese hamburger/#streetfood♨️#live,https://www.youtube.com/watch?v=fab2GC2nNHU,Food Steward,https://www.youtube.com/channel/UCw25mIJxmRGnlB1ova1kH2A,2026-04-14T05:24:12.477Z,9371.0,2.169,2.169
The Cost of Sleep Deprivation#shorts,https://www.youtube.com/watch?v=Xk8Is2ZA5tk,Hamza kids Tv,https://www.youtube.com/channel/UC8sW0exDKPUZm-QRmLPjXog,2026-04-14T05:21:39.252Z,59.0,153.225,59.0
They NEED to add these games to Switch Online,https://www.youtube.com/watch?v=2mlCbiJsNYc,BobbyWasabi Clips,https://www.youtube.com/channel/UCy6b69ObbIn8n-Ue_lZsvWw,2026-04-14T05:21:35.992Z,146.0,3.26,3.26
fixing a bad sewer smell #plumbing,https://www.youtube.com/watch?v=5TbNMf4Iq4Y,Cheddars Plumbing Co. ,https://www.youtube.com/channel/UCIM4BYayoCbXt1R2LMiUNyw,2026-04-14T05:19:39.728Z,93.0,116.264,93.0
On a Quest for the Best Dry Cat Food? Try Friskies Dry Cat Food - 9x16-15s,https://www.youtube.com/watch?v=L_s3y2suld0,,,2026-04-14T05:19:38.214Z,16.0,1.514,1.514
Tenants complained there was no room for a couch… so I took down a wall—and it changed everything!,https://www.youtube.com/watch?v=Nf17UzcM9y0,LEODAN ,https://www.youtube.com/channel/UCjchRohx4O_uLncINxzqvUg,2026-04-14T05:19:35.430Z,112.0,2.784,2.784
Buying A Tesla With A Credit Card!,https://www.youtube.com/watch?v=6IhfL_5jb4c,Graham Stephan,https://www.youtube.com/channel/UCV6KDgJskWaEckne5aPA0aQ,2026-04-14T05:18:39.293Z,48.0,56.137,48.0
The ultimate Netflix watching machine | Samsung S11 Ultra 14.6in #carterpcs #tech #techtok #samsung,https://www.youtube.com/watch?v=OctsScp7XWc,CarterPCs,https://www.youtube.com/channel/UCi7wDE2ZTiR5QYYrUY5WhtA,2026-04-14T05:18:31.612Z,47.0,7.681,7.681
Had to do something about it! #friday #bs,https://www.youtube.com/watch?v=9_avcCjA3pc,HydroNYC,https://www.youtube.com/channel/UCraen1wdOH6FbFEBdsrolgA,2026-04-14T05:18:30.213Z,129.0,1.399,1.399
Voiceover: Shop at Temu,https://www.youtube.com/watch?v=SZJ0uwqkk0k,,,2026-04-14T05:18:28.983Z,13.0,1.23,1.23
Aggron is The Secret Anti Meta Mega in Pokémon Champions #pokemonchampions #pokemonvgc #playpokemon,https://www.youtube.com/watch?v=Yutyfy_7Zcs,JoeUX9,https://www.youtube.com/channel/UCGYfQmjOELGJZBsZBr2Z5nQ,2026-04-14T05:18:23.495Z,71.0,5.488,5.488
The OnePlus 15 is that good tbh,https://www.youtube.com/watch?v=ElCbWKn91Mw,Michael Soledad,https://www.youtube.com/channel/UCEfopmnijwEA9sCOD_hfRtA,2026-04-14T05:16:03.603Z,123.0,139.892,123.0
The Footbook 🤢,https://www.youtube.com/watch?v=O7gJqrdCggc,Patrick Warburton,https://www.youtube.com/channel/UC5_s99XCU4SCNuUQkbQf2cQ,2026-04-14T05:15:53.875Z,60.0,9.728,9.728
Meet Daphne From Scooby Doo!,https://www.youtube.com/watch?v=meNTsBeuxPg,The Joe Vulpis Podcast,https://www.youtube.com/channel/UCjmqbxZsoH1YwihrGgU1vPA,2026-04-14T05:15:27.345Z,22.0,26.53,22.0
Why couldn’t you change your Gmail username?,https://www.youtube.com/watch?v=BwYkT45Zxbg,Tech.explain,https://www.youtube.com/channel/UCpwyIpdiSrbaISeieVFShKg,2026-04-14T05:15:17.052Z,68.0,10.293,10.293
I followed a man around the grocery store (Episode 3),https://www.youtube.com/watch?v=teQ_JtbQGnk,Chef Tyler,https://www.youtube.com/channel/UCFhMOIr1FZNaLwHXNIkBMSg,2026-04-14T05:14:11.756Z,62.0,65.296,62.0
Big Life Update!,https://www.youtube.com/watch?v=ew89-hCZgi8,Over The Fire Cooking by Derek Wolf,https://www.youtube.com/channel/UC7A3eGHrJ7JuVrkx4HpnduQ,2026-04-14T05:14:03.547Z,21.0,8.209,8.209
Chill day cooking lobster as a personal chef in Beverly Hills!,https://www.youtube.com/watch?v=gofJRFmzYvk,Brian min,https://www.youtube.com/channel/UCpa89LN6vAweEuw3EiIyzDg,2026-04-14T05:12:33.142Z,138.0,90.405,90.405
Feeding a family of￼ 2 for $1 #BudgetMeal #BudgetFriendly #beans  ￼,https://www.youtube.com/watch?v=XIzbwAGVclk,Beyond Food Market,https://www.youtube.com/channel/UC4NjwWy2iFjgcNCy3sY_6xg,2026-04-14T05:09:37.563Z,179.0,175.579,175.579
Will this AI model keep the internet secure or break it?,https://www.youtube.com/watch?v=nrlqJ-SzBVg,Dave Jorgenson,https://www.youtube.com/channel/UC4V84y8cUtthXhRzLKSly7A,2026-04-14T05:09:25.298Z,135.0,12.265,12.265
How we lost $2000 on this deep cleaning job…,https://www.youtube.com/watch?v=Z0bJznSwu0Q,Edge Cleaning Clips,https://www.youtube.com/channel/UCyL2NyZ-pE-1iNT-wvA4GKg,2026-04-14T05:09:23.189Z,84.0,2.109,2.109
You Can Sail From Spain To Japan In A Straight Line,https://www.youtube.com/watch?v=-wc0gXW2Og4,Frostech,https://www.youtube.com/channel/UCYAnutawqW-eGlbhSn7Lm4g,2026-04-14T05:09:21.341Z,15.0,1.848,1.848
Vlog Of My Day Trucking In Texas #trucker #truckdriver #trucking #truckerlife #truckinglife #otr,https://www.youtube.com/watch?v=5ambI5kSmdg,Jay The Trucker,https://www.youtube.com/channel/UCmbTSBPjIieazJvZbGeotVA,2026-04-14T05:07:07.774Z,134.0,133.567,133.567
"Collecting an Illustration Card for ALL 1,025 Pokemon... (Episode 72) #pokemontcg",https://www.youtube.com/watch?v=JaNsdDhs5kE,bamf,https://www.youtube.com/channel/UCplckx6JZpjVzzpdz27JF_g,2026-04-14T05:04:38.290Z,159.0,149.484,149.484
Every man should know how to replace his own faucet. #howto #home #diy #shorts #information #house,https://www.youtube.com/watch?v=UgXGD2eOeoY,LEODAN ,https://www.youtube.com/channel/UCjchRohx4O_uLncINxzqvUg,2026-04-14T05:03:06.269Z,93.0,92.021,92.021
OnePlus 15 Lock Screen Animations,https://www.youtube.com/watch?v=fYY9zkILXRI,Parker Burton,https://www.youtube.com/channel/UCEeH57P89hPQ1Sp2TavfICA,2026-04-14T05:02:28.969Z,47.0,37.3,37.3
Allan's Date | Smiling Friends | adult swim,https://www.youtube.com/watch?v=Ze7Pqw0JcM4,Adult Swim,https://www.youtube.com/channel/UCgPClNr5VSYC3syrDUIlzLw,2026-04-14T05:02:02.052Z,193.0,26.917,26.917
COOKING MASTERS ON POKEMON CHAMPIONS WITH A NEW TEAM!,https://www.youtube.com/watch?v=RoWew5fIsMM,shofu,https://www.youtube.com/channel/UCbr6TI0Mujw2iFAQE4R8yrQ,2026-04-14T04:59:13.882Z,12087.0,168.17,168.17
Need It,https://music.youtube.com/watch?v=qBMpxP8KjqM,Migos - Topic,https://www.youtube.com/channel/UCF5D9qC1TAQnFWa4oHuBZcA,2026-04-14T03:10:57.182Z,196.0,6496.7,196.0
GUMMO,https://music.youtube.com/watch?v=l2kxzkoXazU,6ix9ine - Topic,https://www.youtube.com/channel/UCYore7kfhcJYO_gSpN_KJKQ,2026-04-14T03:09:02.523Z,158.0,114.659,114.659
STILL IN THE PAINT,https://music.youtube.com/watch?v=zFRmXJN438k,Denzel Curry - Topic,https://www.youtube.com/channel/UCzN1vzi9iELop5XH53ud6Gw,2026-04-14T03:05:08.452Z,234.0,234.071,234.0
Zoo York,https://music.youtube.com/watch?v=nEWBFwqSAKc,Lil Tjay - Topic,https://www.youtube.com/channel/UCFmW9YSajN0XrhLlHEN0OOA,2026-04-14T03:04:37.292Z,215.0,31.16,31.16
GATTI,https://music.youtube.com/watch?v=915A_tF9ktk,JACKBOYS - Topic,https://www.youtube.com/channel/UCBMfQroopt4mMzegu7-71jw,2026-04-14T03:01:35.338Z,182.0,181.954,181.954
Who Want Smoke??,https://music.youtube.com/watch?v=OflJMm6Bkrc,Nardo Wick - Topic,https://www.youtube.com/channel/UC_duTRnaqtLLTCDIlqjRTcQ,2026-04-14T03:01:19.463Z,280.0,15.875,15.875
War Pain,https://music.youtube.com/watch?v=cKrfS3GFvQ4,Omelly - Topic,https://www.youtube.com/channel/UCqNFWeV9E0a5zkBiILQEYiQ,2026-04-14T03:01:10.758Z,298.0,8.705,8.705
Stick Talk,https://music.youtube.com/watch?v=AuaXmo12hAc,Future - Topic,https://www.youtube.com/channel/UC1_liDR4fRFJgH4HoJeV8cw,2026-04-14T02:58:19.357Z,172.0,171.401,171.401
tv off,https://music.youtube.com/watch?v=Rh3bJKkEhk8,Kendrick Lamar - Topic,https://www.youtube.com/channel/UCprAFmT0C6O4X0ToEXpeFTQ,2026-04-14T02:54:38.158Z,221.0,221.199,221.0
Racks in the Middle (feat. Roddy Ricch and Hit-Boy),https://music.youtube.com/watch?v=PvOZD74sgTw,Nipsey Hussle - Topic,https://www.youtube.com/channel/UCzyMypIMUep5W0J3R3PC87Q,2026-04-14T02:54:36.823Z,234.0,1.335,1.335
Never Surrender,https://music.youtube.com/watch?v=T_ttZMqxCoU,DJ Khaled - Topic,https://www.youtube.com/channel/UCF_sh7efmoosuGZVYWzryiQ,2026-04-14T02:54:35.223Z,386.0,1.6,1.6
No Type,https://music.youtube.com/watch?v=jH8Yox66CtQ,Rae Sremmurd - Topic,https://www.youtube.com/channel/UC8wglGUW3qSjbvqVdX6JUZA,2026-04-14T02:51:34.250Z,201.0,180.973,180.973
No Flockin',https://music.youtube.com/watch?v=JrCsGPYQXbQ,Kodak Black - Topic,https://www.youtube.com/channel/UC8zFXOPlDTI5lhy3fAn6E5w,2026-04-14T02:48:48.408Z,166.0,165.842,165.842
MELTDOWN,https://music.youtube.com/watch?v=qOwogdsFvbY,Travis Scott - Topic,https://www.youtube.com/channel/UCf_gP4AMRSgAfyzbkeS9k4g,2026-04-14T02:48:45.698Z,247.0,2.71,2.71
Cold Hearted II,https://music.youtube.com/watch?v=C90tNXyCbzA,Meek Mill - Topic,https://www.youtube.com/channel/UCr_zAwkma5JAyHOWfVXaouA,2026-04-14T02:48:44.408Z,302.0,1.29,1.29
Hustlin',https://music.youtube.com/watch?v=ew9o4gRbHWo,Rick Ross - Topic,https://www.youtube.com/channel/UCayETQO60tEaJ0ihqZYstRQ,2026-04-14T02:48:43.533Z,255.0,0.875,0.875
Outside Today,https://music.youtube.com/watch?v=PVZhf2NUirQ,YoungBoy Never Broke Again - Topic,https://www.youtube.com/channel/UCR28YDxjDE3ogQROaNdnRbQ,2026-04-14T02:48:41.704Z,130.0,1.829,1.829
Jalen Hurtski,https://music.youtube.com/watch?v=IJxMtJI6y2U,Tee Grizzley - Topic,https://www.youtube.com/channel/UC_CGl-6kaneFydGp5T7NtNA,2026-04-14T02:48:37.244Z,184.0,4.46,4.46
Mask Off,https://music.youtube.com/watch?v=AMCwYdTJ_PE,Future - Topic,https://www.youtube.com/channel/UC1_liDR4fRFJgH4HoJeV8cw,2026-04-14T02:45:12.124Z,205.0,205.12,205.0
Levels,https://music.youtube.com/watch?v=YslJ3FVfk4Q,Meek Mill - Topic,https://www.youtube.com/channel/UCr_zAwkma5JAyHOWfVXaouA,2026-04-14T02:45:09.649Z,239.0,2.475,2.475
meet the grahams,https://music.youtube.com/watch?v=J_tchksaJCM,Kendrick Lamar - Topic,https://www.youtube.com/channel/UCprAFmT0C6O4X0ToEXpeFTQ,2026-04-14T02:45:04.743Z,393.0,4.906,4.906
I Don't Like,https://music.youtube.com/watch?v=FHSP5qAkeoo,Chief Keef - Topic,https://www.youtube.com/channel/UCP1eNXDqBWtY9Mxhw3q_wNA,2026-04-14T02:40:10.059Z,295.0,294.684,294.684
Dreams and Nightmares,https://music.youtube.com/watch?v=FCxJO5OKW5Q,Meek Mill - Topic,https://www.youtube.com/channel/UCr_zAwkma5JAyHOWfVXaouA,2026-04-14T02:36:18.737Z,231.0,231.322,231.0
HIGHEST IN THE ROOM,https://music.youtube.com/watch?v=Gs5WlUzk_Ec,Travis Scott - Topic,https://www.youtube.com/channel/UCf_gP4AMRSgAfyzbkeS9k4g,2026-04-14T02:36:15.356Z,176.0,3.381,3.381
"Drake ""Push Ups"" Diss Track (V1 Original CDQ)",https://music.youtube.com/watch?v=P_odIhjnm8E,B E Y O N D ¥ Entertainment ,https://www.youtube.com/channel/UC_z0fbElhlf4sfH7LFp5whQ,2026-04-14T02:35:37.189Z,252.0,38.167,38.167
Back To Back,https://music.youtube.com/watch?v=72ykBvPOIc0,Drake - Topic,https://www.youtube.com/channel/UCU6cE7pdJPc6DU2jSrKEsdQ,2026-04-14T02:32:45.943Z,171.0,171.246,171.0
MOSHPIT (Gachiakuta),https://music.youtube.com/watch?v=UMjOIXLhQxc,GameboyJones - Topic,https://www.youtube.com/channel/UCcS4dEHCsvFw72N_v9GayCg,2026-04-14T02:32:43.115Z,178.0,2.828,2.828
SAMBA DE AMIGO (feat. LIME KING),https://music.youtube.com/watch?v=z_ViYW3HPL8,PE$O PETE - Topic,https://www.youtube.com/channel/UC5bBuOvUdRVMzszPTnNftdg,2026-04-14T02:32:40.535Z,129.0,2.58,2.58
THE ORIGINAL DRAGON,https://music.youtube.com/watch?v=zdumWCgFajQ,PE$O PETE - Topic,https://www.youtube.com/channel/UC5bBuOvUdRVMzszPTnNftdg,2026-04-14T02:27:05.552Z,175.0,334.983,175.0
DNA.,https://music.youtube.com/watch?v=Fb3j_yuFh1s,Kendrick Lamar - Topic,https://www.youtube.com/channel/UCprAFmT0C6O4X0ToEXpeFTQ,2026-04-14T02:23:59.274Z,186.0,186.278,186.0
Victory Lap,https://music.youtube.com/watch?v=HVTPxnzLvUk,Fred again.. - Topic,https://www.youtube.com/channel/UCvA7ExlBsBUb5XQEYzJC1ww,2026-04-14T02:23:58.314Z,166.0,0.96,0.96
Wake Up!,https://music.youtube.com/watch?v=LA-MfqjERUs,Ski Mask the Slump God - Topic,https://www.youtube.com/channel/UC08lkzw56nPfKmNwh9ZXx6Q,2026-04-14T02:23:55.133Z,136.0,3.181,3.181
MOTHER,https://music.youtube.com/watch?v=LG9xQm2MU_U,Eric Reprid - Topic,https://www.youtube.com/channel/UC-cnRtw8ZIjNqt8k-0Ahs7g,2026-04-14T02:23:27.099Z,85.0,28.034,28.034
Look At Me!,https://music.youtube.com/watch?v=I0FKqmoK56I,XXXTENTACION - Topic,https://www.youtube.com/channel/UCnAcxgRZ065f_eXK1o85c1w,2026-04-14T02:21:20.764Z,127.0,126.335,126.335
Push Ups,https://music.youtube.com/watch?v=HKH9p19PRLA,Drake - Topic,https://www.youtube.com/channel/UCU6cE7pdJPc6DU2jSrKEsdQ,2026-04-14T02:17:27.937Z,233.0,232.827,232.827
Catch Me Outside 2,https://music.youtube.com/watch?v=tOMyRm2QkUM,Ski Mask the Slump God - Topic,https://www.youtube.com/channel/UC08lkzw56nPfKmNwh9ZXx6Q,2026-04-14T02:15:20.998Z,127.0,126.939,126.939
The Bell,https://music.youtube.com/watch?v=x32CsJasYwM,Yeat - Topic,https://www.youtube.com/channel/UCXvxWMFHlTAXlhpwkQ4Y2Hw,2026-04-14T02:15:13.599Z,165.0,7.399,7.399
LV STEPPERS,https://music.youtube.com/watch?v=QRCrZ78mThc,YNG Martyr - Topic,https://www.youtube.com/channel/UCuUjvvVr_oAcPUw34yC-UuQ,2026-04-14T02:13:35.552Z,115.0,98.047,98.047
m.A.A.d city,https://music.youtube.com/watch?v=AuikIJZpt_8,Kendrick Lamar - Topic,https://www.youtube.com/channel/UCprAFmT0C6O4X0ToEXpeFTQ,2026-04-14T02:07:45.393Z,351.0,350.159,350.159
Landed In Brooklyn,https://music.youtube.com/watch?v=c4_Il3U6pq0,Khantrast - Topic,https://www.youtube.com/channel/UC0WjkKjGlwzkAeAc3Pni-zw,2026-04-14T02:05:53.083Z,113.0,112.31,112.31
SUKI,https://music.youtube.com/watch?v=PLaIYQEwz8g,Eric Reprid - Topic,https://www.youtube.com/channel/UC-cnRtw8ZIjNqt8k-0Ahs7g,2026-04-14T02:03:44.563Z,128.0,128.52,128.0
Storm season is here #dad #cleantok #asmr,https://www.youtube.com/watch?v=Pa3CXivLO0A,dadnamedryan,https://www.youtube.com/channel/UCM-Dijf3vYrj1ZDfvVchqAg,2026-04-14T01:57:09.052Z,116.0,395.511,116.0
ARE YOU KIDDING ME ONYX?! 🤣🤭Wait until the end🤯,https://www.youtube.com/watch?v=2H4xJ4Ey_sY,TheGoodHype,https://www.youtube.com/channel/UCcGHrLbRifyyI-DDRc3iQtQ,2026-04-14T01:57:07.723Z,35.0,1.329,1.329
Chowder mentioned on main 👀 this show was truly the blueprint for my sense of humor ⭐️,https://www.youtube.com/watch?v=xKuq_dtpFXU,Allergictokimchi,https://www.youtube.com/channel/UCtZZ2Qe_uYVn8IcVMygGF0Q,2026-04-14T01:56:39.713Z,23.0,28.01,23.0
These Abilities Do NOT Affect Base Stats #pokemon #pokemonfacts #pokemonchampions,https://www.youtube.com/watch?v=c2qvAXT8oV0,MEPlaysGames,https://www.youtube.com/channel/UCNQup65dteNareZIhrk7N3g,2026-04-14T01:56:14.587Z,22.0,25.126,22.0
I Can’t Believe I Get Paid For This… #Shorts,https://www.youtube.com/watch?v=Kp9Zq3l-DWU,Phone Repair Guru,https://www.youtube.com/channel/UCCOrp7GPgZA8EGrbOcIAsyQ,2026-04-14T01:56:10.496Z,24.0,4.091,4.091
Decorating cupcakes #yellowcupcakes #butterfinger #sweetcupcake #butterfingercupcakes #cake #food ,https://www.youtube.com/watch?v=r3DS1yekIxI,Petals & Crumb Bakes,https://www.youtube.com/channel/UCgj02cwuJVsJsRpV6XC2WIw,2026-04-14T01:56:08.156Z,75.0,2.34,2.34
Tv install fail 🫠 #fyp #explore #howto #tiktok #shorts #reels #trending #video #work #fail #tv #fun,https://www.youtube.com/watch?v=8u39cX2wMnY,Xpress Tv Mounting,https://www.youtube.com/channel/UCsU_Ola8VhBX3Xyakz0EeOQ,2026-04-14T01:53:11.844Z,178.0,176.312,176.312
Is this Carbon Fiber Paint real?,https://www.youtube.com/watch?v=F-V3oI2U-IE,vt.physics,https://www.youtube.com/channel/UCuO1xKv8PwUCdQ1b3eY1TrA,2026-04-14T01:53:10.988Z,52.0,0.856,0.856
WHAT HAPPENED TO DENNY’S? #dennys #antioch #dead #foodie #eating #restaurant #deals #people #shorts,https://www.youtube.com/watch?v=YeiyD-iMZI0,"LES ""THE PROMO GUY""",https://www.youtube.com/channel/UCKl1MFXT7oqkc9SmaPf4luQ,2026-04-14T01:51:13.671Z,81.0,117.317,81.0
Switch to a glass mousepad,https://www.youtube.com/watch?v=tUbOdL24qeA,CarterPCs,https://www.youtube.com/channel/UCi7wDE2ZTiR5QYYrUY5WhtA,2026-04-14T01:50:51.338Z,35.0,22.333,22.333
it’s so important with gender reveals to make sure the whole cake pop is fully covered #genderreveal,https://www.youtube.com/watch?v=iprY9GvVCNc,Cake by Kaity,https://www.youtube.com/channel/UCxWh9RdEN7zn_JAN3xtKiww,2026-04-14T01:49:43.207Z,69.0,68.131,68.131
Crimson Desert this was Unexpected 😳 #reaction #gaming #shorts,https://www.youtube.com/watch?v=963pZVQtubc,NautLive,https://www.youtube.com/channel/UCCRl6ELdnbBnUKaj-x8pw4Q,2026-04-14T01:49:26.760Z,15.0,16.447,15.0
Cleaning the DIRTIEST smoker door 🤧,https://www.youtube.com/watch?v=6zOjWXIsA4o,Not the Worst Cleaner,https://www.youtube.com/channel/UCcV70YejOm0HcEOu2OXmgvA,2026-04-14T01:48:23.560Z,60.0,63.2,60.0
#roomtransformation #aestheticroomdecor #ceilingpainting #ceilingmural #art #diy,https://www.youtube.com/watch?v=LJRatntAgow,CrystalLivesLife,https://www.youtube.com/channel/UC_RoQXUbf_6f1tRffqMOI-Q,2026-04-14T01:48:02.357Z,21.0,21.203,21.0
Water heater replacement #mission #impossible,https://www.youtube.com/watch?v=EUPk0akFze4,HydroNYC,https://www.youtube.com/channel/UCraen1wdOH6FbFEBdsrolgA,2026-04-14T01:46:07.526Z,96.0,114.831,96.0
Chicken Nuggets ❤️,https://www.youtube.com/watch?v=0pYVrd7dviM,Steve | The Vivaldi Way,https://www.youtube.com/channel/UCBYHENwbakRMVm23tESy1-A,2026-04-14T01:43:03.780Z,179.0,183.746,179.0
You CAN Repair Your Own Drywall,https://www.youtube.com/watch?v=CbS5ffrObBY,Home RenoVision DIY,https://www.youtube.com/channel/UCnorhjQR4zJkT7AVNhu395Q,2026-04-14T01:43:01.758Z,179.0,2.022,2.022
"The ten-year chimpanzee civil war, explained",https://www.youtube.com/watch?v=nsKIxP-eJnI,Dave Jorgenson,https://www.youtube.com/channel/UC4V84y8cUtthXhRzLKSly7A,2026-04-14T01:40:37.160Z,144.0,144.598,144.0
U like Olives in ur Meowtini🍸🫒?,https://www.youtube.com/watch?v=aoSHgNifYaY,Wasabi Sushi Matcha,https://www.youtube.com/channel/UCzMfRbnWfKYnVdIe_1WiSfw,2026-04-14T01:40:29.589Z,6.0,7.571,6.0
That squeak? It’s been part of daily life at #LAFD Fire Station 11,https://www.youtube.com/watch?v=knhC-7So2IU,LAFD Foundation,https://www.youtube.com/channel/UCKbsiU4mGpbU4JOU2OSQ8wg,2026-04-14T01:40:08.385Z,29.0,21.204,21.204
learning geoguessr ruins movies,https://www.youtube.com/watch?v=_xRoOyBC4T8,GeoGuessr,https://www.youtube.com/channel/UC1zTj3xDI7gFJQ0wRPcDyQg,2026-04-14T01:39:17.101Z,29.0,51.284,29.0
Donation link in my profile😢🙏 #yourhelp #duet #usa #homeless #usatoday #onthisday,https://www.youtube.com/watch?v=oXg2cYs5sIc,Bringittojohn,https://www.youtube.com/channel/UCIlAPTiS22qUtAjyRHVEgLQ,2026-04-14T01:39:03.174Z,,13.927,13.927
Tesla Glue is stronger than you think...,https://www.youtube.com/watch?v=7oRo-Rmkw2E,JerryRigEverything,https://www.youtube.com/channel/UCWFKCr40YwOZQx8FHU_ZqqQ,2026-04-14T01:38:58.442Z,125.0,4.732,4.732
The Infamous 7-Eleven Math Puzzle #maths #puzzle #math #animation,https://www.youtube.com/watch?v=kpBH9VAy-OE,YATAQi,https://www.youtube.com/channel/UCHslSysdITITc0gIl1BtM3g,2026-04-14T01:38:56.001Z,144.0,2.441,2.441
thank you,https://www.youtube.com/watch?v=YhLVemXova0,Bason and acey,https://www.youtube.com/channel/UCqmFpORzLgr8qwsUBrXuZhg,2026-04-14T01:38:54.270Z,28.0,1.731,1.731
"How this client kept hiring a $100 house cleaning company… And it ended up costing them $7,000…",https://www.youtube.com/watch?v=lsyQ1whEEpw,Edge Cleaning Clips,https://www.youtube.com/channel/UCyL2NyZ-pE-1iNT-wvA4GKg,2026-04-14T01:36:52.306Z,118.0,121.964,118.0
Pro Painter’s Secret to a Perfect Front Door Paint Job,https://www.youtube.com/watch?v=K2kAg6Ae6nE,Home RenoVision DIY,https://www.youtube.com/channel/UCnorhjQR4zJkT7AVNhu395Q,2026-04-14T01:36:15.541Z,36.0,36.765,36.0
13 April 2026,https://www.youtube.com/watch?v=rm3vSn3atWM,Ezra McCubbins,https://www.youtube.com/channel/UCEQy8nBPGOmV7u6UM5u7LFw,2026-04-14T01:34:39.179Z,,96.362,96.362
Workers demand Mike return the pretzels 🥨,https://www.youtube.com/watch?v=tTwdFUQ1cgQ,Kuro4ka Tv,https://www.youtube.com/channel/UCI0I2kQKth9kGSE_MesJF_w,2026-04-14T01:34:35.909Z,59.0,3.27,3.27
The ISS Is Crashing Into The Ocean,https://www.youtube.com/watch?v=Bn8NANaeyYI,Cleo Abram,https://www.youtube.com/channel/UC415bOPUcGSamy543abLmRA,2026-04-14T01:34:33.640Z,56.0,2.269,2.269
Twisted Table,https://www.youtube.com/watch?v=UX_vobcZQ40,Hess Woodwork,https://www.youtube.com/channel/UC8VnXgg8hD4FXCJ1NZGkgwQ,2026-04-14T01:34:22.008Z,145.0,11.632,11.632
Turning pot holes into art…,https://www.youtube.com/watch?v=oyWRLlLVVEk,BanterKing,https://www.youtube.com/channel/UCxBvIqgmJBAk97tbCOCcfug,2026-04-14T01:34:10.237Z,72.0,11.771,11.771
I SCREWED UP 🤦🏻‍♀️ learn from my mistakes before you RUIN your next brisket! #bbq #brisket #fail,https://www.youtube.com/watch?v=mRpwpCLn1bo,Married to BBQ,https://www.youtube.com/channel/UCRFIDD0X9yL4mbp0D4L6fpw,2026-04-14T01:31:14.155Z,174.0,176.082,174.0
Hal pretended to be sick and asked the boss for leave  #shorts #edit #viral #funny,https://www.youtube.com/watch?v=iTs1pOHmkxc,Edit Chantith,https://www.youtube.com/channel/UCcWImVGuojJZE9LYCRCIwjQ,2026-04-14T01:31:12.552Z,60.0,1.603,1.603
Will Claude lie about setting a stopwatch?? #carterpcs #tech #claude #chatgpt #ai,https://www.youtube.com/watch?v=m2Kg5xDHTJ4,CarterPCs,https://www.youtube.com/channel/UCi7wDE2ZTiR5QYYrUY5WhtA,2026-04-14T01:30:35.221Z,37.0,37.331,37.0
New homes are garbage.    Thoughts?,https://www.youtube.com/watch?v=SQTn95QdrRc,The Must Visit Magazine ,https://www.youtube.com/channel/UCH_4RhsOtmSd_ZtKRQKSmuA,2026-04-14T01:30:25.364Z,73.0,9.857,9.857
Every handy man needs one 😮,https://www.youtube.com/watch?v=CiCHtjpsNzg,The Reynolds Recommend,https://www.youtube.com/channel/UCXnxMBeTy0ruSa58Wuxx-BA,2026-04-14T01:29:09.624Z,60.0,75.74,60.0
Did He Get Expelled? 💀,https://www.youtube.com/watch?v=DJOvdM4Tx3M,Mappelz,https://www.youtube.com/channel/UCdUl_bahs2CptEdW0us2TRA,2026-04-14T01:28:20.088Z,49.0,49.536,49.0
It might be time for another Lethal run 😂,https://www.youtube.com/watch?v=JPSB1h9VdSU,RDCWorldGaming,https://www.youtube.com/channel/UCW0uwJNcMTiOFXXgyS2no4g,2026-04-14T01:28:12.305Z,90.0,7.783,7.783
New York couldn't afford the Statue of Liberty 🗽,https://www.youtube.com/watch?v=D7cAYiENBmM,Lectec | Everyday Science,https://www.youtube.com/channel/UCIiALZGKzY4ScjV92l4vI1Q,2026-04-14T01:26:50.881Z,63.0,81.424,63.0
Craziest Rock Removal Yet,https://www.youtube.com/watch?v=lYWN0KdF6cc,The Lawn Tools,https://www.youtube.com/channel/UCYWh9eJKxYTt9wTRZj5hVDA,2026-04-14T01:25:35.635Z,72.0,75.246,72.0
"Yes, you NEED to trim your brisket… but it’s easier than you might think 👀 #bbq #brisket #shorts",https://www.youtube.com/watch?v=uMHfqkEjloU,Married to BBQ,https://www.youtube.com/channel/UCRFIDD0X9yL4mbp0D4L6fpw,2026-04-14T01:22:57.077Z,149.0,158.558,149.0
Weekly meal prep does NOT have to be time consuming or gross. Here’s how I save money on my lunches.,https://www.youtube.com/watch?v=J2hNr71NHoE,Eric | Personal Finance & Growth,https://www.youtube.com/channel/UCb6DqVOVu43_47qdB0xvCGw,2026-04-14T01:22:05.892Z,51.0,51.185,51.0
When the drywall experience was dry 🥴 #drywall #generalcontractor #work #construction,https://www.youtube.com/watch?v=UALduTdBBlE,Chris Ramirez,https://www.youtube.com/channel/UCO66cbMWmEJpnFl1DW4U1HA,2026-04-14T01:21:49.898Z,11.0,15.994,11.0
I would cheat on Delta for fast Wi-Fi Footage: Milesabovetech United Airlines #carterpcs #tech,https://www.youtube.com/watch?v=fLAH4HJupc4,CarterPCs,https://www.youtube.com/channel/UCi7wDE2ZTiR5QYYrUY5WhtA,2026-04-14T01:21:05.081Z,44.0,44.817,44.0
Kittens new skill unlocked #fosterkittens #kitten,https://www.youtube.com/watch?v=_N3qiq3Mqyo,Whole Bunch of Cats,https://www.youtube.com/channel/UC1dQyP9jkJNEI9wh_U5rogQ,2026-04-14T01:21:03.536Z,35.0,1.545,1.545
The Map That Could Save The World,https://www.youtube.com/watch?v=aFu2HNNQKiI,magnify,https://www.youtube.com/channel/UCUi2SFPyyDNcsH2ZGpHyQIQ,2026-04-14T01:19:32.366Z,60.0,91.17,60.0
"If we can’t remove the blade, how do we clean it 🤓 #bakeryowner #brownies",https://www.youtube.com/watch?v=l-gG0VuBlyM,Browniegod,https://www.youtube.com/channel/UC_Ww-dGxjHwSg1Oa5NL8PXg,2026-04-14T01:19:26.667Z,58.0,5.699,5.699
too many bricks,https://www.youtube.com/watch?v=9DUeYekbYms,Kyle McCormack,https://www.youtube.com/channel/UCd9ASqyeo5OOpxNI9X4TKEA,2026-04-14T01:19:23.608Z,50.0,3.059,3.059
New Glitch After 12 YEARS!,https://www.youtube.com/watch?v=9TBJrgy3sv0,Speedrun Spotlight,https://www.youtube.com/channel/UChhHKUV9xghE9J3_u_gp3_Q,2026-04-14T01:19:20.665Z,33.0,2.943,2.943
Fixing my exploding 3D printed dittos 💥🪛💡,https://www.youtube.com/watch?v=mr5tBGCU4rc,Misfit Printing,https://www.youtube.com/channel/UCEXlmSUnRZgfXZtJzuMmSTQ,2026-04-14T01:18:02.409Z,91.0,78.256,78.256
Family Guy - Shepherd’s Pie (peter griffin’s recipe) #familyguy #shepherdspie #cartoonfood #netflix,https://www.youtube.com/watch?v=rBQrgKudJzc,Peakachie,https://www.youtube.com/channel/UCYCRYHxI3hcdRyq978qzEAA,2026-04-14T01:17:35.148Z,22.0,27.261,22.0
Why are some HDMI cables so expensive?,https://www.youtube.com/watch?v=0GOdslHvrpg,Tech.explain,https://www.youtube.com/channel/UCpwyIpdiSrbaISeieVFShKg,2026-04-14T01:16:52.768Z,68.0,42.38,42.38
Gundam Barbatos Lupus Blue Print #gundam #gunpla #gunplacustom #gunplabuilder #shorts #gundamibo,https://www.youtube.com/watch?v=5RtLkLU2FC8,AX Hobby,https://www.youtube.com/channel/UC_WfHGuC-G71pcDEbmqtSPA,2026-04-14T01:16:46.564Z,43.0,6.204,6.204
where to put the TV? it's always a balance of feeling good and looking good!,https://www.youtube.com/watch?v=o-vCLJ90_tY,Dear Modern,https://www.youtube.com/channel/UCL9Y2MYhBUT0rgOi1q6JeCQ,2026-04-14T00:54:11.439Z,73.0,1355.125,73.0
Bro Has Infinite IQ 😂,https://www.youtube.com/watch?v=cpGxqFHtkhc,Mappelz,https://www.youtube.com/channel/UCdUl_bahs2CptEdW0us2TRA,2026-04-14T00:08:24.918Z,37.0,2746.521,37.0
Tom feels like he needs approval to play with new toys we give him. We don't know why.,https://www.youtube.com/watch?v=CoDhpf5Rnco,Deborah Vaughn,https://www.youtube.com/channel/UCXUgZQJNMspsv7JL2EI2m4g,2026-04-14T00:06:01.434Z,50.0,143.484,50.0
Crazy good deal #vlog #dayinlife #groundbeef #costco #money,https://www.youtube.com/watch?v=vHuk9G3_B_A,Ryan Kennedy,https://www.youtube.com/channel/UC3-RPuV6CBtotDRAwaEO01Q,2026-04-14T00:02:50.314Z,34.0,191.12,34.0
No One Can Agree What to Call This Animal,https://www.youtube.com/watch?v=heeqcLHQfPg,Skyleryaps,https://www.youtube.com/channel/UC9_3hZa-4etz5A20QtO3mUg,2026-04-13T23:45:26.175Z,89.0,1044.139,89.0
Pokeaim TROLLS People With a CUBCHOO 🤣🤣,https://www.youtube.com/watch?v=V7-4qMYhYPE,Pokeaim+,https://www.youtube.com/channel/UC5YFO-UNfZBfvJ9YPWuu_OA,2026-04-13T23:45:23.148Z,43.0,3.027,3.027
How Baby Carrots are ACTUALLY made,https://www.youtube.com/watch?v=qWPLRbMEqXw,Potato Ty,https://www.youtube.com/channel/UCd5vmOKHhpAElWGXWh1ehdQ,2026-04-13T23:44:23.720Z,60.0,59.428,59.428
This job is just way too much 😮#shorts,https://www.youtube.com/watch?v=DXG91FSn0bQ,Shot Echo,https://www.youtube.com/channel/UCXrwY-5ex1xalnmA7ST3qAQ,2026-04-13T23:42:03.217Z,74.0,140.503,74.0
The cubes on the paper 😩,https://www.youtube.com/watch?v=-Mh7KZ_gTik,StinkyAsher,https://www.youtube.com/channel/UCSW20WNOFR_Ifq2qwK8QO-A,2026-04-13T23:41:46.133Z,22.0,17.084,17.084
Why would Doritos send me this? #gaming #doritos,https://www.youtube.com/watch?v=atfKREE-wSI,Sparx,https://www.youtube.com/channel/UCB_Yoi2EnNo_bDHRKKd0rpA,2026-04-13T23:41:37.139Z,32.0,8.994,8.994
Cleaning stop-n-go gyros_the colony before their opening!#commercialcleaning #pressurewashing #clean,https://www.youtube.com/watch?v=fj4lZm7w3is,Pulse Perfect,https://www.youtube.com/channel/UCZ-v5abAEkXIwVWNMlwBAUg,2026-04-13T23:40:51.803Z,44.0,45.336,44.0
Which Phone Has Better Stabilization? iPhone 17 Pro Vs S26 Ultra,https://www.youtube.com/watch?v=U81EHE8iPao,Phone Repair Guru,https://www.youtube.com/channel/UCCOrp7GPgZA8EGrbOcIAsyQ,2026-04-13T23:40:49.338Z,27.0,2.465,2.465
._ is Roku actually slow??? #carterpcs #tech #roku,https://www.youtube.com/watch?v=0Fq3bTYDvek,CarterPCs,https://www.youtube.com/channel/UCi7wDE2ZTiR5QYYrUY5WhtA,2026-04-13T23:40:15.298Z,32.0,34.04,32.0
The U.S. Town Given to Mexico,https://www.youtube.com/watch?v=9ilsL7sa4pE,GateNerd,https://www.youtube.com/channel/UC3KXMPeSyQjb9lvxnC0dHSg,2026-04-13T23:40:08.700Z,179.0,6.598,6.598
Beginner vs Pro: Houseplant edition,https://www.youtube.com/watch?v=x7xb_pl6HcM,Peter Beilstein,https://www.youtube.com/channel/UCusfbqoFmnxsCY-vcE7zRRA,2026-04-13T23:39:34.709Z,23.0,33.991,23.0
@_finallyallison fantastic choices! 😃 #Costco #costcofinds #costcohaul,https://www.youtube.com/watch?v=P-C8yo5cJyI,The Plant Slant,https://www.youtube.com/channel/UCEMj2h7pP4QWkoGnSmaiiYw,2026-04-13T23:39:30.907Z,117.0,3.802,3.802
Are Wendy's Grocery Store Burgers Worth it?,https://www.youtube.com/watch?v=RMf3ax-Yy7U,Grill Top Experience,https://www.youtube.com/channel/UCnke_wrVy3HqDs3POdvtgCg,2026-04-13T23:38:52.690Z,36.0,38.217,36.0
Wait for it…😭,https://www.youtube.com/watch?v=q6_KXzbhIhI,StinkyAsher,https://www.youtube.com/channel/UCSW20WNOFR_Ifq2qwK8QO-A,2026-04-13T23:38:26.338Z,25.0,26.352,25.0
Hoi Tod (Oyster Omelet),https://www.youtube.com/watch?v=i342W5P8iGI,pattyplates,https://www.youtube.com/channel/UCjNpXfVC2aY15RvoR4nBTOA,2026-04-13T23:38:03.090Z,23.0,23.248,23.0
BIG Moveset BUFFS & NERFS In Pokemon Champions,https://www.youtube.com/watch?v=PB1aAeD55VY,NumbNexus,https://www.youtube.com/channel/UCclC0JACuuz3yRwfDBf9XPA,2026-04-13T23:36:41.378Z,82.0,81.712,81.712
An Update On The Baby Octopus! #shorts #animals #ocean #trending #explore #outdoors #viral #nature,https://www.youtube.com/watch?v=iCZHN-ZfvrE,FishingWithConner,https://www.youtube.com/channel/UC_JQdG02Woqkglq8Ji01QxA,2026-04-13T23:35:50.869Z,50.0,50.509,50.0
(New Construction Home For sale)##homeinspector #homeinspector #newhomebuild,https://www.youtube.com/watch?v=N789GYoBhjc,Home inspector Jams,https://www.youtube.com/channel/UC14s_SCxEIG3a0dPVL195xw,2026-04-13T23:34:24.606Z,85.0,86.263,85.0
Waymo is paying people $24 to close a door… #c#carterpcstech #waymo #selfdrivingcar,https://www.youtube.com/watch?v=dXzVX_2iAaw,CarterPCs,https://www.youtube.com/channel/UCi7wDE2ZTiR5QYYrUY5WhtA,2026-04-13T23:33:41.132Z,36.0,43.474,36.0
How does Shazam know what song is playing?,https://www.youtube.com/watch?v=WIX2ANNoXhU,Tech.explain,https://www.youtube.com/channel/UCpwyIpdiSrbaISeieVFShKg,2026-04-13T23:32:13.734Z,70.0,87.398,70.0
How Heinz Fought Ketchup Fraud #funfact,https://www.youtube.com/watch?v=hlQ7pJIf69Y,Doug Sharpe,https://www.youtube.com/channel/UCAYmlecATSG0wc5IxsFJSbQ,2026-04-13T23:31:27.144Z,43.0,46.59,43.0
These Drywall Clips are a Game Changer for Large Drywall Repairs,https://www.youtube.com/watch?v=Wv_o1vIbZTA,Home RenoVision DIY,https://www.youtube.com/channel/UCnorhjQR4zJkT7AVNhu395Q,2026-04-13T23:28:29.208Z,176.0,177.936,176.0
Then im too scared to ask for more 💀,https://www.youtube.com/watch?v=CsVPORjUF0s,StinkyAsher,https://www.youtube.com/channel/UCSW20WNOFR_Ifq2qwK8QO-A,2026-04-13T23:27:04.274Z,18.0,84.934,18.0
Trying Amish BBQ leg and thighs #amish #amishcountry #farmersmarket #food #amishcommunity,https://www.youtube.com/watch?v=624otke32EQ,Steven in Amish Country,https://www.youtube.com/channel/UCZk6lnkeJ3K7qGNigJxo2jA,2026-04-13T23:26:17.542Z,61.0,46.732,46.732
Blunder and Suave Share Their Ladder Trauma on Pokemon Champions,https://www.youtube.com/watch?v=5Zte8HyOXwE,Mr Craw,https://www.youtube.com/channel/UCXopxoeh4WeD_Nx-6w2G1yQ,2026-04-13T21:52:48.786Z,625.0,5608.756,625.0
Homeless Master Ball In Pokemon Champions Today?,https://www.youtube.com/watch?v=ne7ZDKt-BDs,shadypenguinn,https://www.youtube.com/channel/UCU_mC__7H8NBJzX8ubMGY4Q,2026-04-13T21:41:46.616Z,10403.0,662.17,662.17
Any Chatters in the Chat? 【Mega Chad Monday: Just Chatting】,https://www.youtube.com/watch?v=hIVQcHyUGMA,Power Guy,https://www.youtube.com/channel/UC9m0sk4JMYCn4pEYOz91Cxw,2026-04-13T21:32:53.303Z,6436.0,533.313,533.313
What Is Induction?,https://www.youtube.com/watch?v=Dj0Cp14laX4,TriggTube,https://www.youtube.com/channel/UCvy6TA5egUGHnZXVRYDKOhg,2026-04-13T21:18:37.921Z,66.0,855.382,66.0
How I’d fix the biggest problem with AI (and the RAM crisis) #carterpcs #tech #ai #ram #aisafety,https://www.youtube.com/watch?v=-DoLQaYSJGs,CarterPCs,https://www.youtube.com/channel/UCi7wDE2ZTiR5QYYrUY5WhtA,2026-04-13T21:18:34.525Z,104.0,3.396,3.396
how to bury a body,https://www.youtube.com/watch?v=sW2UODQzlHI,Solus Astorias,https://www.youtube.com/channel/UC34kGAogKZvSS9e47NmSnCg,2026-04-13T21:02:37.632Z,8.0,956.893,8.0
Princess Devours Your Meat | comic by baalbuddy,https://www.youtube.com/watch?v=V76p-9hpRSs,Solus Astorias,https://www.youtube.com/channel/UC34kGAogKZvSS9e47NmSnCg,2026-04-13T21:01:53.170Z,33.0,44.462,33.0
Your Phone Plan Costs More Than You Think #visiblewireless #visible_partner,https://www.youtube.com/watch?v=RlJYdxqPG-I,Marques Brownlee,https://www.youtube.com/channel/UCBJycsmduvYEL83R_U4JriQ,2026-04-13T20:46:01.499Z,60.0,951.671,60.0
Is Visible's Unlimited Mobile Hotspot Any Good? What You Need to Know in 2 Minutes! (May 2022),https://www.youtube.com/watch?v=wcE1ATbV4jg,Michael Saves Plus ,https://www.youtube.com/channel/UCTqT1WeFWumZ8t9vrtSG5OQ,2026-04-13T20:11:57.278Z,112.0,2044.221,112.0
Extending Your Ethernet Network Beyond 100 Meters with PoE Extender and Injector,https://www.youtube.com/watch?v=-UCW5gcJLQE,FASTCABLING,https://www.youtube.com/channel/UC8A_HkoYNM62fFMNaF3a4hQ,2026-04-13T20:05:23.855Z,495.0,393.423,393.423
Get More Ethernet ports on your Hub or Router,https://www.youtube.com/watch?v=O0CWDZW5k5g,Chris Waite,https://www.youtube.com/channel/UCOxZKDnFHktLmrxinztPnCA,2026-04-13T20:03:51.675Z,204.0,92.18,92.18
Use Your Own Router! | Bridged Mode,https://www.youtube.com/watch?v=lwuLOkr9xTc,Device Casting Couch - Tech Podcast,https://www.youtube.com/channel/UCKf8nLc8-a1LQ1MVZ5vgwlw,2026-04-13T20:00:09.973Z,210.0,221.702,210.0
"Work Remote?  This is My Favorite 5G Hotspot! Easy to Use, Great Speed and Reliable!",https://www.youtube.com/watch?v=rbt9ABwfETQ,Damn Good Reviews,https://www.youtube.com/channel/UC9bWwxP5XeGsEeeCKzpq_pQ,2026-04-13T19:56:37.709Z,51.0,212.264,51.0
"T-Mobile Hotspot Guide: Free Hotspot, Plans & Hotspot Box Explained",https://www.youtube.com/watch?v=sCbTTIctMgc,TEKZOID,https://www.youtube.com/channel/UC3lRHXlDQhXZwyt-ijA3ceQ,2026-04-13T19:55:24.876Z,166.0,72.833,72.833
How To Access Router Admin Panel - QUICK & EASY!,https://www.youtube.com/watch?v=p-wZNeKRN7c,Ultimate Tech Hub,https://www.youtube.com/channel/UChCs6TB5FoGFOYUfhtR0nRA,2026-04-13T18:19:10.259Z,111.0,5774.617,111.0
How to configure your ISP provided router,https://www.youtube.com/watch?v=eq7G99MWEO8,Bradley Thomsen,https://www.youtube.com/channel/UCLBIN_bwsL0389qDQLtPnXQ,2026-04-13T18:00:53.770Z,14.0,1096.489,14.0
Troubleshooting: Fision Internet,https://www.youtube.com/watch?v=8RFsp70ihQc,Hotwire Communications,https://www.youtube.com/channel/UC9ROIn1IE2PThSQFxBWsX4Q,2026-04-13T18:00:19.598Z,31.0,34.172,31.0
How to Easily Change Your Wi-Fi Router Settings,https://www.youtube.com/watch?v=CKLVYzjxhcw,ScanderLoud,https://www.youtube.com/channel/UCkts1Py2QfLPQ1iKTqfLKTA,2026-04-13T17:59:18.887Z,225.0,60.711,60.711
Setup Second Router as its own Network,https://www.youtube.com/watch?v=ty6YMVWVJwg,LowPingKing,https://www.youtube.com/channel/UChjfiJAohdq1hfRLWcsJAjQ,2026-04-13T17:33:25.456Z,546.0,1553.431,546.0
Use Your Own Router With an ISP Modem: Bridge Mode Explained,https://www.youtube.com/watch?v=v8HbkIcSLO8,BroadbandNow,https://www.youtube.com/channel/UC8kHPVYaxbUvPmGaHeJwMow,2026-04-13T17:31:55.848Z,77.0,89.608,77.0
"I Tried Champions, but I've never played Competitive Pokemon",https://www.youtube.com/watch?v=VZSLujAre_E,Smant,https://www.youtube.com/channel/UCnyP4sbJVIU9JqHz4l6oQZw,2026-04-13T15:00:57.064Z,2067.0,9058.784,2067.0
Smiling Friends - The Frowning Friends,https://www.youtube.com/watch?v=_8T4-Xk6bFk,Critter clipz 2002,https://www.youtube.com/channel/UCtVrtnAvjrcCSywTQWvvXqg,2026-04-13T14:49:56.849Z,246.0,660.215,246.0
Smiling Friends - The Group Chat,https://www.youtube.com/watch?v=6H1fKjx4Szc,Critter clipz 2002,https://www.youtube.com/channel/UCtVrtnAvjrcCSywTQWvvXqg,2026-04-13T08:25:58.185Z,169.0,23038.664,169.0
Pokemon Champions Mega Lopunny Master Ball Rank Climbing,https://www.youtube.com/watch?v=JZNLJgth2O8,pokeaimMD,https://www.youtube.com/channel/UCbXuFrNGSKcmZY_5DwYz4Ew,2026-04-13T08:21:59.317Z,12716.0,238.868,238.868
My 3d printed planter kept breaking!,https://www.youtube.com/watch?v=l9Z7kaGxzBE,Gazzaladra,https://www.youtube.com/channel/UCJfjzTF1gs5cKQsrOyUtLtA,2026-04-13T08:18:57.945Z,56.0,181.372,56.0
NOT EVEN CLOSE 😭😭 #android #samsung #tech #oneplus #techtok #smartphone,https://www.youtube.com/watch?v=kNF2R29pTTY,ryan,https://www.youtube.com/channel/UCCiGY0qGJ6ArOh8FpwgmxJQ,2026-04-13T08:18:56.715Z,62.0,1.23,1.23
The Secret to Cross Cutting Plywood #diy #carpentry #circularsaw,https://www.youtube.com/watch?v=rn9nHC_gc9w,The Funny Carpenter,https://www.youtube.com/channel/UCgx_ERh6IE-Td3FLJstu1iQ,2026-04-13T08:04:49.314Z,29.0,847.401,29.0
OnePlus 15 Full Package: OnePlus 15 Tempered Glass Screen Protector,https://www.youtube.com/watch?v=xcH4u-Wpwkw,Hemel 360°,https://www.youtube.com/channel/UCsWXFpmDDCLzWmSaz2i-U6g,2026-04-13T08:04:02.304Z,48.0,47.01,47.01
pro wrestlers play newlywed game,https://www.youtube.com/watch?v=luOKvGklQE8,Kevin Langue,https://www.youtube.com/channel/UCxOdcOE2j5vnDDMihFgN4rg,2026-04-13T08:03:48.579Z,51.0,13.725,13.725
The best feature Apple refuses to release.. #carterpcs #tech #apple #ios #macbookneo,https://www.youtube.com/watch?v=-USYnUrbQlk,CarterPCs,https://www.youtube.com/channel/UCi7wDE2ZTiR5QYYrUY5WhtA,2026-04-13T08:03:18.207Z,26.0,30.372,26.0
ONEPLUS 15 vs iPhone 17 Pro Max - CAMERA TEST! 🤯,https://www.youtube.com/watch?v=ej3NU4Hf7ec,TechDroider Clips,https://www.youtube.com/channel/UCLBvG6cfRsccrTKekuTpwQA,2026-04-13T08:02:40.082Z,51.0,38.125,38.125
Black and Yellow,https://music.youtube.com/watch?v=O7_hvm34Obo,Wiz Khalifa - Topic,https://www.youtube.com/channel/UC3QmG1Jn9cE5fTMt14DLuZw,2026-04-13T08:02:13.898Z,218.0,26.184,26.184
Nonstop,https://music.youtube.com/watch?v=XNpGNykVZ6U,Drake - Topic,https://www.youtube.com/channel/UCU6cE7pdJPc6DU2jSrKEsdQ,2026-04-13T07:03:00.302Z,239.0,3553.596,239.0
SUMO | ZUMO,https://music.youtube.com/watch?v=Z5F9hN3KyuQ,Denzel Curry - Topic,https://www.youtube.com/channel/UCzN1vzi9iELop5XH53ud6Gw,2026-04-13T06:59:12.939Z,228.0,227.363,227.363
goosebumps,https://music.youtube.com/watch?v=9mahKFNuHqM,Travis Scott - Topic,https://www.youtube.com/channel/UCf_gP4AMRSgAfyzbkeS9k4g,2026-04-13T06:55:09.042Z,244.0,243.897,243.897
a lot,https://music.youtube.com/watch?v=qkDqCSgbluI,21 Savage - Topic,https://www.youtube.com/channel/UCoC_a7lWbj2v7rt4ujp4n2A,2026-04-13T06:50:20.230Z,289.0,288.812,288.812
I'm a Boss (feat. Rick Ross),https://music.youtube.com/watch?v=9FKKf5AQmi4,Meek Mill - Topic,https://www.youtube.com/channel/UCr_zAwkma5JAyHOWfVXaouA,2026-04-13T06:46:15.143Z,246.0,245.087,245.087
Hot N*gga,https://music.youtube.com/watch?v=Y7kG_oDUCZo,Bobby Shmurda - Topic,https://www.youtube.com/channel/UCfvOEde-BGuQiQHe6tLm7rA,2026-04-13T06:43:01Z,195.0,194.143,194.143
Pokemon Champions Mega Lopunny Master Ball Rank Climbing,https://www.youtube.com/watch?v=JZNLJgth2O8,pokeaimMD,https://www.youtube.com/channel/UCbXuFrNGSKcmZY_5DwYz4Ew,2026-04-13T06:41:30.452Z,12716.0,90.548,90.548
CoCo,https://music.youtube.com/watch?v=5s8thIvdh5s,O.T. Genasis - Topic,https://www.youtube.com/channel/UCLLNWo_zr3nCFj32AZXjzhQ,2026-04-13T06:39:01.042Z,240.0,149.41,149.41
Not Like Us,https://music.youtube.com/watch?v=phLb_SoPBlA,Kendrick Lamar - Topic,https://www.youtube.com/channel/UCprAFmT0C6O4X0ToEXpeFTQ,2026-04-13T06:38:32.148Z,275.0,28.894,28.894
Ultimate,https://music.youtube.com/watch?v=VR24Pfw7Ykw,Denzel Curry - Topic,https://www.youtube.com/channel/UCzN1vzi9iELop5XH53ud6Gw,2026-04-13T06:35:09.976Z,190.0,202.172,190.0
Blood On The Leaves,https://music.youtube.com/watch?v=KEA0btSNkpw,Kanye West - Topic,https://www.youtube.com/channel/UCRY5dYsbIN5TylSbd7gVnZg,2026-04-13T06:27:02.148Z,360.0,487.828,360.0
Devil In A New Dress,https://music.youtube.com/watch?v=sk3rpYkiHe8,Kanye West - Topic,https://www.youtube.com/channel/UCRY5dYsbIN5TylSbd7gVnZg,2026-04-13T06:26:55.144Z,352.0,7.004,7.004
squabble up,https://music.youtube.com/watch?v=U0KTVVMvcc4,Kendrick Lamar - Topic,https://www.youtube.com/channel/UCprAFmT0C6O4X0ToEXpeFTQ,2026-04-13T06:26:52.498Z,158.0,2.646,2.646
CIRCUS MAXIMUS,https://music.youtube.com/watch?v=4JAwSDUQd2g,Travis Scott - Topic,https://www.youtube.com/channel/UCf_gP4AMRSgAfyzbkeS9k4g,2026-04-13T06:26:50.724Z,259.0,1.774,1.774
Out thë way,https://music.youtube.com/watch?v=9k2UIZpi56c,Yeat - Topic,https://www.youtube.com/channel/UCXvxWMFHlTAXlhpwkQ4Y2Hw,2026-04-13T06:26:49.654Z,151.0,1.07,1.07
FATHER (feat. Travis Scott),https://music.youtube.com/watch?v=unypqeWmyNI,Kanye West - Topic,https://www.youtube.com/channel/UCRY5dYsbIN5TylSbd7gVnZg,2026-04-13T06:26:47.064Z,170.0,2.59,2.59
SKELETONS,https://music.youtube.com/watch?v=u3eEtCr2CJk,Travis Scott - Topic,https://www.youtube.com/channel/UCf_gP4AMRSgAfyzbkeS9k4g,2026-04-13T06:26:34.430Z,146.0,12.634,12.634
Icon,https://music.youtube.com/watch?v=Yg-DUpei8Y0,Jaden - Topic,https://www.youtube.com/channel/UCRCRHG4OKZDdvIdRZj4jVBQ,2026-04-13T06:22:52.677Z,221.0,221.753,221.0
Redbone,https://music.youtube.com/watch?v=k49I5m1J6Is,Childish Gambino - Topic,https://www.youtube.com/channel/UC4hvOh5lgkeAJoVRIg40Kgg,2026-04-13T06:22:42.407Z,327.0,10.27,10.27
Dreams and Nightmares,https://music.youtube.com/watch?v=FCxJO5OKW5Q,Meek Mill - Topic,https://www.youtube.com/channel/UCr_zAwkma5JAyHOWfVXaouA,2026-04-13T06:18:50.885Z,231.0,231.522,231.0
Push Ups,https://music.youtube.com/watch?v=HKH9p19PRLA,Drake - Topic,https://www.youtube.com/channel/UCU6cE7pdJPc6DU2jSrKEsdQ,2026-04-13T06:14:56.769Z,233.0,234.116,233.0
Pornography,https://music.youtube.com/watch?v=NCUGupIhRvk,Travis Scott - Topic,https://www.youtube.com/channel/UCf_gP4AMRSgAfyzbkeS9k4g,2026-04-13T06:14:51.568Z,232.0,5.201,5.201
Hymn for the Weekend,https://music.youtube.com/watch?v=H3Kzh6RrnMc,Coldplay - Topic,https://www.youtube.com/channel/UCIaFw5VBEK8qaW6nRpx_qnw,2026-04-13T06:08:53.463Z,259.0,358.105,259.0
trademark usa,https://music.youtube.com/watch?v=aUb7UtjyRmw,Baby Keem - Topic,https://www.youtube.com/channel/UCtWW-fcdt2gOE6mGHf-_dlw,2026-04-13T06:08:49.322Z,271.0,4.141,4.141
Kids See Ghosts,https://music.youtube.com/watch?v=cHFzyFMT0pw,Kids See Ghosts - Topic,https://www.youtube.com/channel/UCXXMMJZJg5Pbd6PYeqDvGNw,2026-04-13T06:07:17.113Z,246.0,92.209,92.209
SIRENS,https://music.youtube.com/watch?v=cW4cpK5XYVs,Travis Scott - Topic,https://www.youtube.com/channel/UCf_gP4AMRSgAfyzbkeS9k4g,2026-04-13T06:04:25.066Z,205.0,172.047,172.047
DNA.,https://music.youtube.com/watch?v=Fb3j_yuFh1s,Kendrick Lamar - Topic,https://www.youtube.com/channel/UCprAFmT0C6O4X0ToEXpeFTQ,2026-04-13T06:01:18.272Z,186.0,186.794,186.0
4th Dimension,https://music.youtube.com/watch?v=6Hj5tucYv1Q,Kids See Ghosts - Topic,https://www.youtube.com/channel/UCXXMMJZJg5Pbd6PYeqDvGNw,2026-04-13T05:58:41.194Z,154.0,157.078,154.0
Kendrick Lamar - Not Like Us,https://music.youtube.com/watch?v=H58vbez_m4E,KendrickLamarVEVO,https://www.youtube.com/channel/UCoYfzC2zMlc9M-Odgaf6OSg,2026-04-13T05:58:37.606Z,355.0,3.588,3.588
CypherGang Presents: THE CHAMPION CYPHER,https://music.youtube.com/watch?v=-o6pLmg-Sak,shofu,https://www.youtube.com/channel/UCbr6TI0Mujw2iFAQE4R8yrQ,2026-04-13T05:58:30.866Z,433.0,6.74,6.74
euphoria,https://music.youtube.com/watch?v=NPqDIwWMtxg,Kendrick Lamar,https://www.youtube.com/channel/UC3lBXcrKFnFAFkfVk5WuKcQ,2026-04-13T05:52:06.660Z,384.0,384.206,384.0
Let's Go (Remix),https://music.youtube.com/watch?v=av1fS5uQ9B4,Key Glock - Topic,https://www.youtube.com/channel/UC4N-7ZxQM6W0Ta1wbX_2FyQ,2026-04-13T05:52:04.607Z,140.0,2.053,2.053
Starboy,https://music.youtube.com/watch?v=3_g2un5M350,The Weeknd - Topic,https://www.youtube.com/channel/UClYV6hHlupm_S_ObS1W-DYw,2026-04-13T05:51:11.959Z,231.0,52.648,52.648
Bodies,https://music.youtube.com/watch?v=uyzgRGvZrKc,Offset - Topic,https://www.youtube.com/channel/UCHnnN7-fplQL9W8G_pTkSxg,2026-04-13T05:48:13.213Z,179.0,178.746,178.746
GATTI,https://music.youtube.com/watch?v=915A_tF9ktk,JACKBOYS - Topic,https://www.youtube.com/channel/UCBMfQroopt4mMzegu7-71jw,2026-04-13T05:45:12.080Z,182.0,181.133,181.133
Like That,https://music.youtube.com/watch?v=Rr1Cdli5nE8,Future - Topic,https://www.youtube.com/channel/UC1_liDR4fRFJgH4HoJeV8cw,2026-04-13T05:40:43.563Z,268.0,268.517,268.0
HBA,https://music.youtube.com/watch?v=BeuKg_3CCOc,Playboi Carti - Topic,https://www.youtube.com/channel/UCRB-a6u9flpg0xuBqCf9QlQ,2026-04-13T05:31:30.182Z,213.0,553.381,213.0
MAKA,https://music.youtube.com/watch?v=BN71pgouDkI,Central Cee - Topic,https://www.youtube.com/channel/UCiDD2aSYdgxSPE2YUm5lEjg,2026-04-13T05:31:29.058Z,165.0,1.124,1.124
Fire,https://music.youtube.com/watch?v=ZBIzL1OdKMI,Kids See Ghosts - Topic,https://www.youtube.com/channel/UCXXMMJZJg5Pbd6PYeqDvGNw,2026-04-13T05:30:32.809Z,141.0,56.249,56.249
GANG GANG,https://music.youtube.com/watch?v=M2FpXETbWIE,JACKBOYS - Topic,https://www.youtube.com/channel/UCBMfQroopt4mMzegu7-71jw,2026-04-13T05:26:27.968Z,245.0,244.841,244.841
Nia Daniaty - Tak Ingin Dimadu [OFFICIAL],https://www.youtube.com/watch?v=8wjH3RH4XQM,Purnama Records,https://www.youtube.com/channel/UChep--r1RYxcBoEn0qODheQ,2026-04-13T05:19:22.168Z,322.0,425.8,322.0
https://www.youtube.com/watch?v=2NA7XUw51oo,https://www.youtube.com/watch?v=2NA7XUw51oo,,,2026-04-13T05:14:47.653Z,,274.515,274.515
https://www.youtube.com/watch?v=MdUBm8G41ZU,https://www.youtube.com/watch?v=MdUBm8G41ZU,,,2026-04-13T05:14:30.566Z,,17.087,17.087
COACHELLA TV,https://www.youtube.com/watch?v=EkIfxAHlgJA,Coachella,https://www.youtube.com/channel/UCHF66aWLOxBW4l6VkSrS3cQ,2026-04-13T05:13:24.254Z,0.0,66.312,0.0
POKEMON CHAMPIONS MASTER BALL RANK GRIND!,https://www.youtube.com/watch?v=TxTg2Yibl1A,shofu,https://www.youtube.com/channel/UCbr6TI0Mujw2iFAQE4R8yrQ,2026-04-13T02:37:32.874Z,16443.0,9351.38,9351.38
Feel The Love,https://music.youtube.com/watch?v=rnZQvgWhM5s,Kids See Ghosts - Topic,https://www.youtube.com/channel/UCXXMMJZJg5Pbd6PYeqDvGNw,2026-04-13T02:30:37.466Z,166.0,415.408,166.0
Family Matters,https://music.youtube.com/watch?v=-iyupsqzOEU,Drake - Topic,https://www.youtube.com/channel/UCU6cE7pdJPc6DU2jSrKEsdQ,2026-04-13T02:22:59.280Z,457.0,458.186,457.0
BLACK BALLOONS | 13LACK 13ALLOONZ,https://music.youtube.com/watch?v=cr6vtUb4r5s,Denzel Curry - Topic,https://www.youtube.com/channel/UCzN1vzi9iELop5XH53ud6Gw,2026-04-13T02:22:54.892Z,211.0,4.388,4.388
Nightcrawler,https://music.youtube.com/watch?v=rNr6X0_vmWM,Travis Scott - Topic,https://www.youtube.com/channel/UCf_gP4AMRSgAfyzbkeS9k4g,2026-04-13T02:22:44.672Z,322.0,10.22,10.22
1-800,https://music.youtube.com/watch?v=0yrM8zNe8ec,​bbno$ - Topic,https://www.youtube.com/channel/UCqmI6Kl2lS99N9-e2hkuE9A,2026-04-13T01:39:04.428Z,208.0,2620.244,208.0
THE ORIGINAL DRAGON,https://music.youtube.com/watch?v=zdumWCgFajQ,PE$O PETE - Topic,https://www.youtube.com/channel/UC5bBuOvUdRVMzszPTnNftdg,2026-04-13T01:36:09.538Z,175.0,174.89,174.89
HUMBLE.,https://music.youtube.com/watch?v=H4RELGc9su8,Kendrick Lamar - Topic,https://www.youtube.com/channel/UCprAFmT0C6O4X0ToEXpeFTQ,2026-04-13T01:36:05.173Z,177.0,4.365,4.365
YNG Martyr (triple j Bars Of Steel),https://music.youtube.com/watch?v=08QFTBK4aGQ,YNG Martyr - Topic,https://www.youtube.com/channel/UCuUjvvVr_oAcPUw34yC-UuQ,2026-04-13T01:35:51.893Z,164.0,13.28,13.28
BPD,https://music.youtube.com/watch?v=MXeID98Aook,YNG Martyr - Topic,https://www.youtube.com/channel/UCuUjvvVr_oAcPUw34yC-UuQ,2026-04-13T01:33:35.343Z,136.0,136.55,136.0
Paper Planes,https://music.youtube.com/watch?v=W_K0hemcU5o,M.I.A. - Topic,https://www.youtube.com/channel/UCaPHikQGkyaAoH_zwrZmY1w,2026-04-13T01:33:19.809Z,206.0,15.534,15.534
Frequency Change,https://music.youtube.com/watch?v=Mmaq-LjhobM,JID - Topic,https://www.youtube.com/channel/UCRlGNubLJBgW9VRCuiUnuYw,2026-04-13T01:32:44.818Z,60.0,34.991,34.991
Mercy,https://music.youtube.com/watch?v=YGiBUN6EjCo,Kanye West - Topic,https://www.youtube.com/channel/UCRY5dYsbIN5TylSbd7gVnZg,2026-04-13T01:27:14.722Z,330.0,330.096,330.0
Tiimmy Turner,https://music.youtube.com/watch?v=HkmJVxuU_8I,Desiigner - Topic,https://www.youtube.com/channel/UCvSo9qiCL3_zG2sC4m4355A,2026-04-13T01:27:09.727Z,240.0,4.995,4.995
I accidentally became the Director of Smiling Friends,https://www.youtube.com/watch?v=GLh4_CV4jOI,Shigloo,https://www.youtube.com/channel/UCT1Mq1MaOyXa1qHXPT5dUAw,2026-04-13T00:49:56.605Z,1181.0,2233.122,1181.0
ok so mega crabominable is actually good,https://www.youtube.com/watch?v=6ToZGrs-GQk,Prisma but cool,https://www.youtube.com/channel/UCr0q8kfXV4agTJSikeZCZtQ,2026-04-13T00:47:59.022Z,1285.0,117.583,117.583
Lowkey a 10/10… if it was frozen pizza #amish #amishcommunity #farmersmarket,https://www.youtube.com/watch?v=UiLAp4xQUa8,Steven in Amish Country,https://www.youtube.com/channel/UCZk6lnkeJ3K7qGNigJxo2jA,2026-04-13T00:47:48.792Z,61.0,10.23,10.23
Is Mega Excadrill a BIG MISTAKE?,https://www.youtube.com/watch?v=ugYTrNfb1bc,WolfeyVGC,https://www.youtube.com/channel/UC9OZkS1Mhl5UvKSiPrYqsxg,2026-04-13T00:47:45.502Z,63.0,3.29,3.29
Best Choice Band User Of Each Gen,https://www.youtube.com/watch?v=2whitt6Z2So,Chuxsss,https://www.youtube.com/channel/UCLGOWXopLeFtDneu4NQ2p8g,2026-04-13T00:25:19.083Z,631.0,1346.419,631.0
POKEMON SHOWDOWN HERE I COME,https://www.youtube.com/watch?v=ycB7NfXQesA,Chuxsss,https://www.youtube.com/channel/UCLGOWXopLeFtDneu4NQ2p8g,2026-04-13T00:24:55.563Z,4731.0,23.52,23.52
Can Ribombee ACTUALLY Survive? #pokemon #pokémon #pokemoncommunity #pokemonshorts #pokemonshowdown,https://www.youtube.com/watch?v=qunCaaHenuw,Ram Bhuller,https://www.youtube.com/channel/UCg0C8f7nN3kH1CQqXUJRlRg,2026-04-13T00:23:27.141Z,73.0,88.422,73.0
Not your average wooden strainer. Made from Cherry. #woodworking #woodscraft #diy #woodshop #wood,https://www.youtube.com/watch?v=z0skc_z4bWk,RogueGrainCo ,https://www.youtube.com/channel/UCdoSsR61fshhpp7rH27f2SQ,2026-04-13T00:22:27.401Z,63.0,59.74,59.74
S23 Ultra No Charge ⚡Jumper Wire or Chip Replaced? 🤔What Would YOU Choose? 🔥,https://www.youtube.com/watch?v=eewFTZvji3Q,REWA Technology,https://www.youtube.com/channel/UC3ByF8DcZ3yxUs7VP1NOuyA,2026-04-13T00:22:22.595Z,164.0,4.806,4.806
This Guy Got Sent 60 iPhone 15’s 😳📱,https://www.youtube.com/watch?v=fau0fVlB9xI,Mappelz,https://www.youtube.com/channel/UCdUl_bahs2CptEdW0us2TRA,2026-04-13T00:22:17.041Z,56.0,5.554,5.554
Why Are These Mysterious Tubes on Mars?,https://www.youtube.com/watch?v=A86Zlfz68iA,Cleo Abram,https://www.youtube.com/channel/UC415bOPUcGSamy543abLmRA,2026-04-13T00:21:04.486Z,52.0,72.555,52.0
How To Check For Spyware On Your Phone,https://www.youtube.com/watch?v=IlfMiK30cqo,,,2026-04-13T00:21:00.926Z,46.0,3.56,3.56
The Z Flip 7 Display Confuses Me... #Shorts,https://www.youtube.com/watch?v=1WQhi2IBDDk,Phone Repair Guru,https://www.youtube.com/channel/UCCOrp7GPgZA8EGrbOcIAsyQ,2026-04-13T00:20:58.696Z,34.0,2.23,2.23
Why do we pretend to care about wireless charging?? #carterpcs #tech #wirelesscharger,https://www.youtube.com/watch?v=tKji03y60Ak,CarterPCs,https://www.youtube.com/channel/UCi7wDE2ZTiR5QYYrUY5WhtA,2026-04-13T00:20:19.405Z,37.0,39.291,37.0
Mama Diane is healing well ❤️‍🩹🐈,https://www.youtube.com/watch?v=nueUlnfqBAc,Wasabi Sushi Matcha,https://www.youtube.com/channel/UCzMfRbnWfKYnVdIe_1WiSfw,2026-04-13T00:19:05.858Z,24.0,73.547,24.0
Android Users Are BROKE!,https://www.youtube.com/watch?v=WjTC9O2yuzw,Naseem Speach,https://www.youtube.com/channel/UCSQEQ7QojWLZ6EQJSpJ02tQ,2026-04-13T00:18:51.869Z,20.0,13.989,13.989
MEGA FROSLASS Dominates Masterball Rank!,https://www.youtube.com/watch?v=C21-fttQ4sI,pokeaimMD,https://www.youtube.com/channel/UCbXuFrNGSKcmZY_5DwYz4Ew,2026-04-13T00:16:39.229Z,2063.0,132.64,132.64
Pokeaim Tries to Win with ONLY Recruit Pokemon...,https://www.youtube.com/watch?v=LQh7mTSxA_c,Pokeaim+,https://www.youtube.com/channel/UC5YFO-UNfZBfvJ9YPWuu_OA,2026-04-12T22:36:02.279Z,1886.0,6036.95,1886.0
Building the Ultimate Fast Food Combo USA Edition 🇺🇸,https://www.youtube.com/watch?v=2q-hYIc_2Ic,ARTYTIME,https://www.youtube.com/channel/UCdLTm5GxsiXgTB1A4bFbJQw,2026-04-12T22:35:48.609Z,52.0,13.67,13.67
No Weapons? NO E-TANKS??? 【Mega Man 3 Hardcore Challenge】,https://www.youtube.com/watch?v=My5r3p96Uic,Power Guy,https://www.youtube.com/channel/UC9m0sk4JMYCn4pEYOz91Cxw,2026-04-12T21:20:44.274Z,18045.0,4504.335,4504.335
Did anyone care about this?🤨 #apple #iphone #iphone15pro #tech #technology,https://www.youtube.com/watch?v=QHSVj9Gh1i4,Loydex,https://www.youtube.com/channel/UCty9TPQ1QJTiUEC8gLRmGsQ,2026-04-12T21:18:05.818Z,42.0,158.456,42.0
The LG Wing has Horizon Lock Before Samsung,https://www.youtube.com/watch?v=PTWwQ_MNgcU,Parker Burton,https://www.youtube.com/channel/UCEeH57P89hPQ1Sp2TavfICA,2026-04-12T21:17:05.361Z,70.0,60.457,60.457
Micah :28 - March 18,https://www.youtube.com/watch?v=T-6uQIjcy54,,,2026-04-12T21:17:04.484Z,29.0,0.877,0.877
It’s Not Destroying Furniture If I Saved It… Look What Happened 👀🔥 | Desk Makeover #furnitureflip,https://www.youtube.com/watch?v=9m03OxVMMmw,Grace Holbrook | DIY + FLIPS,https://www.youtube.com/channel/UCHVDJ3yUaFuEunlHDjj0HsQ,2026-04-12T21:13:30.964Z,162.0,213.52,162.0
A utopia where no one understands anyone else 🗣️🎤🤣 | Gianmarco Soresi | Stand Up Comedy Crowd Work,https://www.youtube.com/watch?v=jOYcdgBFRmg,Gianmarco Soresi,https://www.youtube.com/channel/UCCYWagpWEequTwx61dYGT0w,2026-04-12T21:11:59.613Z,120.0,91.351,91.351
I ESCAPED THE OAK LABS!,https://www.youtube.com/watch?v=vP2B1wqwWJ0,Derbearian,https://www.youtube.com/channel/UCY3x5jKrPG1Z6ceug8EI-9w,2026-04-12T21:11:58.335Z,10914.0,1.278,1.278
Samsung's Weird Rule In Canada... #Shorts,https://www.youtube.com/watch?v=bpLlHCTOaZ4,Phone Repair Guru,https://www.youtube.com/channel/UCCOrp7GPgZA8EGrbOcIAsyQ,2026-04-12T21:11:30.803Z,27.0,27.532,27.0
pt.5 is now in my yt!  #pokemon #firstplaythrough #twitchstreamer,https://www.youtube.com/watch?v=enIN5aGuCxE,Guppypey,https://www.youtube.com/channel/UCCm34LJIcNU_9dWsi8lGurA,2026-04-12T21:11:23.565Z,44.0,7.238,7.238
Galaxy Z Flip 5 Data Recovery... #tech,https://www.youtube.com/watch?v=Kgzi_KZeXXw,MDrepairs,https://www.youtube.com/channel/UC4gEs2SNPr8GBNcdbQGnLjg,2026-04-12T21:11:19.323Z,178.0,4.242,4.242
thats the most disrespectful thing i ever heard,https://www.youtube.com/watch?v=PrOHMspER4g,Kevin Langue,https://www.youtube.com/channel/UCxOdcOE2j5vnDDMihFgN4rg,2026-04-12T21:10:29.528Z,46.0,49.795,46.0
cid=75fcd589c3af58dd2c3c6aedb24af38e,https://www.youtube.com/watch?v=oVcZbkNX1vE,,,2026-04-12T21:10:28.108Z,23.0,1.42,1.42
Is it too hard to decline phone calls on IPhone? #carterpcs #tech #iphone #android,https://www.youtube.com/watch?v=vQJ6Mst_WSs,CarterPCs,https://www.youtube.com/channel/UCi7wDE2ZTiR5QYYrUY5WhtA,2026-04-12T21:10:24.155Z,36.0,3.953,3.953
my gooner phone🥀jk… #android #samsung #tech #techtok #samsunggalaxy #smartphone S26 ULTRA,https://www.youtube.com/watch?v=l64z5Gw82Qw,ryan,https://www.youtube.com/channel/UCCiGY0qGJ6ArOh8FpwgmxJQ,2026-04-12T21:09:08.199Z,69.0,75.956,69.0
2x World Championship Semi-Finalist Plays Pokémon Champions with Charizard,https://www.youtube.com/watch?v=ze_qfHzsSXg,James Baek,https://www.youtube.com/channel/UCJbbTSmMzaDhJg2uz6elyPA,2026-04-12T21:08:56.134Z,15661.0,12.065,12.065
HUGE COMPETITIVE MOVE BUFFS! Pokemon Champions,https://www.youtube.com/watch?v=jvZlN76Y-JI,pokeaimMD,https://www.youtube.com/channel/UCbXuFrNGSKcmZY_5DwYz4Ew,2026-04-12T20:39:50.350Z,611.0,1745.784,611.0
This is NOT how you’re supposed to use Mega Starmie ft. @Alpharad,https://www.youtube.com/watch?v=MDTT8szI7ko,WolfeyVGC,https://www.youtube.com/channel/UC9OZkS1Mhl5UvKSiPrYqsxg,2026-04-12T20:39:45.328Z,1580.0,5.022,5.022
Impossible Competitive Pokemon Trivia!,https://www.youtube.com/watch?v=ZiYIgqbj7eU,chimpact,https://www.youtube.com/channel/UC9y3BYRjW3ZNuqrlP6iY-eg,2026-04-12T19:56:59.848Z,1987.0,2565.48,1987.0
I Made A Pokemon Quiz Full Of Brain Teasers!,https://www.youtube.com/watch?v=5MBKjzX-qGs,chimpact,https://www.youtube.com/channel/UC9y3BYRjW3ZNuqrlP6iY-eg,2026-04-12T19:56:51.218Z,1716.0,8.63,8.63
"when life rains on you, make tomato egg drop soup",https://www.youtube.com/watch?v=KnhXSrvWdIQ,kennysong,https://www.youtube.com/channel/UCayvNWo8eZS8HJL2TSV_x7w,2026-04-12T19:38:45.433Z,31.0,1085.785,31.0
OnePlus 15 - This is CRAZY,https://www.youtube.com/watch?v=NLg--_RHrVg,ShoAndTech,https://www.youtube.com/channel/UCnKI_qa2DUgJW-hO7lBFA9w,2026-04-12T19:30:30.984Z,50.0,494.449,50.0
Is the camera on the OnePlus 15 really that bad?,https://www.youtube.com/watch?v=m_3b_ZbswSs,Michael Soledad,https://www.youtube.com/channel/UCEfopmnijwEA9sCOD_hfRtA,2026-04-12T19:27:00.175Z,52.0,210.809,52.0
The Best Android Phone for iPhone Users | OnePlus 15 Review,https://www.youtube.com/watch?v=uLff3igZ9Qk,Michael Soledad,https://www.youtube.com/channel/UCEfopmnijwEA9sCOD_hfRtA,2026-04-12T19:14:37.129Z,1002.0,743.046,743.046
Galaxy S26 Ultra Vs. OnePlus 15 should NOT be like this.,https://www.youtube.com/watch?v=ksZFPeeVZrs,Android Police,https://www.youtube.com/channel/UC7V6hW6xqPAiUfataAZZtWA,2026-04-12T19:13:45.833Z,508.0,51.296,51.296
I Tried the OnePlus 15,https://www.youtube.com/watch?v=uZbqWYPfG08,HowToMen,https://www.youtube.com/channel/UCqjVP9gAanUGFgTA5BRDvyA,2026-04-12T19:13:18.735Z,140.0,27.098,27.098
the math is not mathing,https://www.youtube.com/watch?v=k1wKeDPHh3E,Saturday Night Live,https://www.youtube.com/channel/UCqFzWxSCi39LnW1JKFR3efg,2026-04-12T19:11:41.894Z,181.0,96.841,96.841
Trying an Amish peanut butter whoopie pie #amish #amishcommunity #food #farmersmarket #whoopiepie,https://www.youtube.com/watch?v=FOBwU7axIGE,Steven in Amish Country,https://www.youtube.com/channel/UCZk6lnkeJ3K7qGNigJxo2jA,2026-04-12T19:09:41.804Z,51.0,120.09,51.0
How to Properly Wash Vegetables,https://www.youtube.com/watch?v=aszZq6q6fh4,Alice is healthy. ,https://www.youtube.com/channel/UCJJgHLNynE8tF9xGPZzT-MQ,2026-04-12T18:27:30.915Z,72.0,2530.889,72.0
GeoGuessr Sent Me To JAPAN In Real Life (Vlog),https://www.youtube.com/watch?v=GFlxJUG3UY0,Chicago Geographer,https://www.youtube.com/channel/UCwt6YbD6Uf_HWOwMHNjO7kQ,2026-04-12T18:18:39.245Z,1674.0,531.67,531.67
Egg Drop Soup in 15 minutes 😍 (better than takeout!),https://www.youtube.com/watch?v=WNvlqvUw-Bs,Takes Two Eggs,https://www.youtube.com/channel/UCaXh9c6jIeYxPkleelFupew,2026-04-12T18:17:55.310Z,36.0,43.935,36.0
Egg Drop Soup Recipe Anyone Can Master!,https://www.youtube.com/watch?v=wl9T55K10Qo,"CiCi Li, Asian Home Cooking",https://www.youtube.com/channel/UC3ges6pYvt8Rd-Dpiphnt4g,2026-04-12T18:17:25.586Z,36.0,29.724,29.724
I've Never Eaten Ground Beef and Potatoes This Delicious! The Most Simple Dinner Recipe!,https://www.youtube.com/watch?v=CfchYxh7Q9g,Essen Recipes,https://www.youtube.com/channel/UCNh35NtktYxumhyASfnF1dg,2026-04-12T18:16:04.633Z,631.0,80.953,80.953
Ground Beef Stir Fry Recipe,https://www.youtube.com/watch?v=KKGEdmzA-BY,Easy Family Recipes,https://www.youtube.com/channel/UCknMzfP9QA4Q8a1jxeJPc3w,2026-04-12T18:15:44.009Z,22.0,20.624,20.624
ground beef with potatoes #short,https://www.youtube.com/watch?v=WE7_EjiBghM,yuna's kitchen,https://www.youtube.com/channel/UCehh7sg7qDRc0soZrvVeyqg,2026-04-12T18:15:28.014Z,16.0,15.995,15.995
Simple One Pot Ground Beef Pasta Recipe: Perfect for Weeknights,https://www.youtube.com/watch?v=afM7gVxT-Q8,Essen Recipes,https://www.youtube.com/channel/UCNh35NtktYxumhyASfnF1dg,2026-04-12T18:15:10.759Z,489.0,17.255,17.255
the dish my mom ate every week: Cantonese minced beef & eggs,https://www.youtube.com/watch?v=JUsaCEqgrN0,smellylunchbox,https://www.youtube.com/channel/UCK73M_P1-H2pfZZfHsV4G6g,2026-04-12T18:15:05.024Z,41.0,5.735,5.735
Spicy Beef Arayes,https://www.youtube.com/watch?v=6m9LBELGpuc,The Golden Balance,https://www.youtube.com/channel/UCsEmkNdR_HQ_INJd_M9lULQ,2026-04-12T18:15:03.468Z,61.0,1.556,1.556
Ground Beef BULGOGI Rice Bowl in 15 Minutes!,https://www.youtube.com/watch?v=5YMJqshTBMI,Aaron and Claire,https://www.youtube.com/channel/UC5qRAYQmCLx8hFGIiTWSQvA,2026-04-12T18:15:00.878Z,60.0,2.59,2.59
Eggs in Beef 🔥,https://www.youtube.com/watch?v=KJdiPUunmPM,Filling Meals,https://www.youtube.com/channel/UC8PGlddKMJABxCgS6CChwVQ,2026-04-12T18:12:35.070Z,12.0,145.808,12.0
MINCED BEEF STEW,https://www.youtube.com/watch?v=0XrLPZ1j_jY,Phil's Kitchen,https://www.youtube.com/channel/UCsLjh1M9hA-4NZGp5nlqGoA,2026-04-12T18:12:18.227Z,193.0,16.843,16.843
Beef & Potato Curry 😍 #recipe,https://www.youtube.com/watch?v=QaHYGPoGH3k,Jon Watts,https://www.youtube.com/channel/UCqBN1YXLDKaSoQ45zOxhDlA,2026-04-12T18:11:06.073Z,33.0,72.154,33.0
"Cooking Nikujaga: Japan's Cozy, Comforting Meat & Potato Stew",https://www.youtube.com/watch?v=xY35--mGJ9A,Aoi's Magical Recipes - Japanese School Lunch,https://www.youtube.com/channel/UCJibApG-g2c91bXxcQ8uIaA,2026-04-12T17:48:27.201Z,135.0,1358.872,135.0
COACHELLA DAY ONE HERE WE COMEEE @CarterKench @scottkress_,https://www.youtube.com/watch?v=RqmEP40bObI,StinkyAsher,https://www.youtube.com/channel/UCSW20WNOFR_Ifq2qwK8QO-A,2026-04-12T17:40:52.825Z,107.0,454.376,107.0
Day two is too chaotic 😭 @scottkress_ @MyaAngelise @CarterKench,https://www.youtube.com/watch?v=zHcUlbhnas4,StinkyAsher,https://www.youtube.com/channel/UCSW20WNOFR_Ifq2qwK8QO-A,2026-04-12T17:32:32.618Z,146.0,500.207,146.0
Like there’s NO WAY that’s true,https://www.youtube.com/watch?v=D4LBdFj9j-Q,StinkyAsher,https://www.youtube.com/channel/UCSW20WNOFR_Ifq2qwK8QO-A,2026-04-12T17:32:25.046Z,44.0,7.572,7.572
THIS is becoming a PROBLEM in pokemon champions...,https://www.youtube.com/watch?v=cA2caaCxexM,BraxVGC,https://www.youtube.com/channel/UCwwpygiOm3a7yEgVO1Dpuig,2026-04-12T17:32:24.619Z,67.0,0.427,0.427
These World Champion Pokemon Were Just NERFED By Pokemon Champions,https://www.youtube.com/watch?v=fHnjbiThwbc,False Swipe Gaming,https://www.youtube.com/channel/UCDGbmCxt2CEZAsDh1CiWXsQ,2026-04-12T17:19:53.614Z,51.0,751.005,51.0
Built a ‘simple’ step (It wasn’t simple) #simpleseries #step #landscape #beforeandafter ​⁠#build,https://www.youtube.com/watch?v=D-NLqVZWues,George Hoskins,https://www.youtube.com/channel/UCGrgjAJejM40QcXTvsKvlzQ,2026-04-12T17:17:29.514Z,62.0,144.1,62.0
How to Make the CRISPIEST and CRUNCHIEST Deep Fried Tofu,https://www.youtube.com/watch?v=qhV3kBrW-MQ,feedthepudge,https://www.youtube.com/channel/UC88FeYcHJzqKsRJJxN8kAIA,2026-04-12T15:02:22.734Z,330.0,8106.78,330.0
Vegan Tofu Katsu Curry - 曰式炸豆腐咖喱,https://www.youtube.com/watch?v=AhsDC8ebS_c,WoonHeng (woon.heng),https://www.youtube.com/channel/UC8ixwcZrlMNa4MJZRx68ggA,2026-04-12T14:59:44.183Z,243.0,158.551,158.551
Replying to @່ Is Anthropic’s new Mythos AI just a marketing stunt??,https://www.youtube.com/watch?v=imsvaMMguQc,CarterPCs,https://www.youtube.com/channel/UCi7wDE2ZTiR5QYYrUY5WhtA,2026-04-12T14:52:36.567Z,42.0,427.616,42.0
Tiny Chicken Raised A Peacock Four Times Her Size | The Dodo,https://www.youtube.com/watch?v=u10FR8sKeHE,The Dodo,https://www.youtube.com/channel/UCINb0wqPz-A0dV9nARjJlOQ,2026-04-12T14:52:33.829Z,145.0,2.738,2.738
The coach's face when the kid was right 💡 #Shorts,https://www.youtube.com/watch?v=ErYxZfFQte0,Flick Stream,https://www.youtube.com/channel/UCd7nzldnD7CbWXe5Y2kSP9A,2026-04-12T14:51:43.844Z,59.0,49.985,49.985
"Do you think this was worth the time and the money, or do you think it was a waste? #garden #diy",https://www.youtube.com/watch?v=E0NQV433vk0,Mason Smith,https://www.youtube.com/channel/UCLU_1CPWRBBu5H6xZoSomlQ,2026-04-12T14:51:41.667Z,165.0,2.177,2.177
What happend to my Model S Plaid?? #carterpcs #tech #tesla #models #plaid,https://www.youtube.com/watch?v=TqsTQJAG_1s,CarterPCs,https://www.youtube.com/channel/UCi7wDE2ZTiR5QYYrUY5WhtA,2026-04-12T14:51:05.480Z,34.0,36.187,34.0
Some shops shouldn’t be allowed to fix phones 🤦‍♂️,https://www.youtube.com/watch?v=19ZTFTuQpAI,iMedic Cell Repair LLC,https://www.youtube.com/channel/UCdGvj8L117D3TXdg4pCU_Tw,2026-04-12T14:49:24.123Z,73.0,101.357,73.0
Hunting for a Replacement Integra Clock Spring at the Junkyard! (SRS Light and Horn Repair),https://www.youtube.com/watch?v=ihgexFfiAgU,Jason's Supra,https://www.youtube.com/channel/UCmnwzIXHAAKFOJ5bw-ko3Dw,2026-04-12T14:49:21.914Z,173.0,2.209,2.209
Let’s build a bed #diy #bed #homedepot,https://www.youtube.com/watch?v=2LicQHNbdzk,Jakes Junk,https://www.youtube.com/channel/UCPYGlyDvvishiYj5OHfld_g,2026-04-12T14:46:32.097Z,177.0,169.817,169.817
I HATE selling Switch 2 games at my store!,https://www.youtube.com/watch?v=vV_s7Nu5beQ,QuickFlips,https://www.youtube.com/channel/UCuRUf9_bksGcoB6D9R6qfHQ,2026-04-12T14:46:29.683Z,74.0,2.414,2.414
Sharing is Caring,https://www.youtube.com/watch?v=BfmmTdX1M3k,,,2026-04-12T14:46:27.875Z,16.0,1.808,1.808
New NASA Earth Photo Looks “weird”? #artemis2 #nasa #helloworld #bluemarble #apollo17 #nikond5,https://www.youtube.com/watch?v=JWt5-nvqxMo,Connor McCaskill,https://www.youtube.com/channel/UCXgp79DhuEmQy25AsY2nKQA,2026-04-12T14:44:22.278Z,120.0,125.597,120.0
Chef Boyardee Was A Real Person #funfact,https://www.youtube.com/watch?v=iA_wJizaF8k,Doug Sharpe,https://www.youtube.com/channel/UCAYmlecATSG0wc5IxsFJSbQ,2026-04-12T14:43:27.944Z,53.0,54.334,53.0
How I designed and built my court from DIRT! 👷🏾‍♂️🏀,https://www.youtube.com/watch?v=9RYPYNd5qAk,Anthony Hamilton Jr,https://www.youtube.com/channel/UChNz6iFKpp4P10K6sF8chhg,2026-04-12T14:43:26.789Z,100.0,1.155,1.155
Shortened: cid=141c727105c0a0e77c5d6488a22a9088,https://www.youtube.com/watch?v=9e3c31oLhlY,,,2026-04-12T14:43:23.819Z,27.0,2.97,2.97
Apple Card | Unboxing,https://www.youtube.com/watch?v=4HRxHKAekmY,Calby Ng,https://www.youtube.com/channel/UCVuaUlZMZtSbD_PBr0fvMAw,2026-04-12T14:40:50.959Z,54.0,152.86,54.0
Who has Mark been hanging with? 😂,https://www.youtube.com/watch?v=R45RRyEchuo,RDC Live,https://www.youtube.com/channel/UCOnECY8FBKKPVi5ZsSgXPJA,2026-04-12T14:07:22.097Z,40.0,2008.862,40.0
Ranking Best Cameraman Moments #tiktok #ranking,https://www.youtube.com/watch?v=O7wxSLHaP9U,Reds,https://www.youtube.com/channel/UCgAXUWNiWfxQsavUUjTB27g,2026-04-12T14:07:21.584Z,64.0,0.513,0.513
MASSIVE COMPANIES THAT ALMOST FAILED BUT WERE SAVED,https://www.youtube.com/watch?v=YISGcmwua-g,Ahmeds Business,https://www.youtube.com/channel/UCWRcZ4_BHSnwv--Gd6uZpwQ,2026-04-12T14:05:36.038Z,72.0,105.546,72.0
2026年4月12日,https://www.youtube.com/watch?v=wqIqW1DLv8g, monye dan momo,https://www.youtube.com/channel/UCXNNidaYa1zDxskuSdpKfDw,2026-04-12T14:05:34.985Z,36.0,1.053,1.053
This trap is 200IQ 😤😤😤 #minecraft #gaming,https://www.youtube.com/watch?v=pyIv9cjoFcs,Shadow,https://www.youtube.com/channel/UCCK1IUDeeGVzCYtWlYFQC3g,2026-04-12T14:05:33.607Z,145.0,1.378,1.378
Why I got rid of my Apple TV #carterpcs #tech #techtok #apple #appletv,https://www.youtube.com/watch?v=e5w-3QHv8IA,CarterPCs,https://www.youtube.com/channel/UCi7wDE2ZTiR5QYYrUY5WhtA,2026-04-12T14:05:13.043Z,36.0,20.564,20.564
What's the best way to remove this? #lego #technique #afol,https://www.youtube.com/watch?v=qR6ugjQPBdc,Bricks Made Simple,https://www.youtube.com/channel/UCGH4o7taGSE-4FB8ZzJxhkA,2026-04-12T14:05:09.872Z,51.0,3.171,3.171
YOU CAN REVEAL DOUBLE EXODIA?!?! #yugioh #masterduel,https://www.youtube.com/watch?v=eG9JL1q5LIE,Farfa,https://www.youtube.com/channel/UCEGuDrveqBgD0S9nqaOPw6Q,2026-04-12T14:04:40.103Z,31.0,29.769,29.769
Leland Gets First Place Off A Bullet In Mario Kart😂,https://www.youtube.com/watch?v=QA1rbATdmVs,RDC Live,https://www.youtube.com/channel/UCOnECY8FBKKPVi5ZsSgXPJA,2026-04-12T14:04:35.572Z,38.0,4.531,4.531
3D Printing a Trophy for the world's first Pro Curling League #curling #3dprinting #trophy #olympics,https://www.youtube.com/watch?v=DFprDjms_G8,Print and Play,https://www.youtube.com/channel/UC-_qiY0k-6mGo1s5rRN927A,2026-04-12T14:03:09.178Z,90.0,86.394,86.394
EIGHTBIT_CODM_16237_A-GAMEPLAY-CODMACTION-MYTHBUSTERSDEBUNKED-1_V_9x16_EN_46s_260331,https://www.youtube.com/watch?v=s8BIzKGbOj0,,,2026-04-12T14:03:07.168Z,46.0,2.01,2.01
The Luck Was CRAZY... 😳,https://www.youtube.com/watch?v=dGNs7o_uR28,Pokeaim+,https://www.youtube.com/channel/UC5YFO-UNfZBfvJ9YPWuu_OA,2026-04-12T14:03:04.594Z,41.0,2.574,2.574
Tesla batteries last WAY longer than you think.. #carterpcs #tech #tesla #ev,https://www.youtube.com/watch?v=L7wmOYLE_E4,CarterPCs,https://www.youtube.com/channel/UCi7wDE2ZTiR5QYYrUY5WhtA,2026-04-12T14:02:20.944Z,43.0,43.65,43.0
cid=0096af944ca475f9474447d84debd6b5,https://www.youtube.com/watch?v=LehV8Pwqhgk,,,2026-04-12T14:02:19.414Z,37.0,1.53,1.53
How did I feel the color of the phone?!? Parker Burton #carterpcs #tech #iphone #android,https://www.youtube.com/watch?v=htDH_FnJR7c,CarterPCs,https://www.youtube.com/channel/UCi7wDE2ZTiR5QYYrUY5WhtA,2026-04-12T14:01:50.553Z,26.0,28.861,26.0
We might be doomed...,https://www.youtube.com/watch?v=GRw2BWrwvyE,Venotoons,https://www.youtube.com/channel/UCWrutb3eme-L0DW_q1GcYgQ,2026-04-12T14:01:48.533Z,54.0,2.02,2.02
How we get installs so flat #fyp #explore #howto #tiktok #shorts #reels #trending #fun  #video #work,https://www.youtube.com/watch?v=GDvFfsLF_zA,Xpress Tv Mounting,https://www.youtube.com/channel/UCsU_Ola8VhBX3Xyakz0EeOQ,2026-04-12T13:58:38.767Z,181.0,189.766,181.0
Two types of Eagles fans 🤣🤣 #nfl #nflfootball #philadelphiaeagles #flyeaglesfly,https://www.youtube.com/watch?v=kKgw99d9Mzo,OFFTHEGLASSTV,https://www.youtube.com/channel/UCueX4-f8mRbRIqJGa0Ok8Kw,2026-04-12T13:58:31.711Z,6.0,7.056,6.0
The Easiest Way to Hide TV Cables (No Mess),https://www.youtube.com/watch?v=3EtJsjY6DwE,Home RenoVision DIY,https://www.youtube.com/channel/UCnorhjQR4zJkT7AVNhu395Q,2026-04-12T13:55:38.348Z,180.0,173.363,173.363
We took sometime to get him out😭 #cat #funny #shorts,https://www.youtube.com/watch?v=BNx4Z6YKTZw,Truffie and Nugget,https://www.youtube.com/channel/UC9WGLtqDInn_ErZyptamWCw,2026-04-12T13:55:29.269Z,12.0,9.079,9.079
Live streaming of Street food in China.,https://www.youtube.com/watch?v=1At_ZWTdcFg,Street food in China.,https://www.youtube.com/channel/UCCDa3w9IRE1rk-fzmARzu9Q,2026-04-12T13:55:24.105Z,10968.0,5.164,5.164
DVD reacts to subliminal messages in old cartoons #914dvd,https://www.youtube.com/watch?v=obb4oKT5hsM,DVD,https://www.youtube.com/channel/UCqh8X2Bf2ma8MA-aLYskVAg,2026-04-12T13:55:20.723Z,35.0,3.382,3.382
Fanum's Says The Real Price Of A Chopped Cheese,https://www.youtube.com/watch?v=ROWqWRlnJaE,Fanum Live,https://www.youtube.com/channel/UCP45EebTGl1ISj2DX33A2Rg,2026-04-12T13:55:10.524Z,16.0,10.199,10.199
YUGIOH'S UNSUMMONABLE HERO MONSTERS!,https://www.youtube.com/watch?v=71LTgxkQ9dk,MBT Yu-Gi-Oh!,https://www.youtube.com/channel/UCUkuW81Ny_nfZdo9YYULoQQ,2026-04-12T13:53:57.271Z,70.0,73.253,70.0
SonyElectronics new True RGB TVs are going to be insane.. #carterpcs #tech #sony #tv,https://www.youtube.com/watch?v=nQISnoH8dHU,CarterPCs,https://www.youtube.com/channel/UCi7wDE2ZTiR5QYYrUY5WhtA,2026-04-12T13:53:02.994Z,53.0,54.277,53.0
09 03 2026 Rain TPM,https://www.youtube.com/watch?v=2ZhGu2oYtPY,,,2026-04-12T13:53:00.564Z,18.0,2.43,2.43
This LEGO game LIES to you! #eastereggs #easteregg #gaming #lego #captaineggcellent,https://www.youtube.com/watch?v=ygL9L5iG3BM,Captain Eggcellent But Shorter,https://www.youtube.com/channel/UCUVfFYv8r4n3wsoaYB9W98Q,2026-04-12T13:52:58.948Z,69.0,1.616,1.616
RDC Leland Story Time 😂 #rdcworld1 #funny #comedy,https://www.youtube.com/watch?v=dw9ueDcmal4,RDC Clips ,https://www.youtube.com/channel/UCk8nVeWfa4Q2eFt3r-H7U8g,2026-04-12T13:52:58.061Z,59.0,0.887,0.887
Wake Me Up When My Lunch Gets Here 🍽️😴 | Atlanta S3E2 #shorts #movie,https://www.youtube.com/watch?v=ntnSypyldqM,Atticus XXII,https://www.youtube.com/channel/UCzqUejL6SmdfeBVhF5iOS9w,2026-04-12T13:52:29.668Z,,28.393,28.393
C4F17778_sxf_EN.mp4_sinodemo,https://www.youtube.com/watch?v=SvZ61Aiqw1s,,,2026-04-12T13:52:28.872Z,30.0,0.796,0.796
the suspect had zero drip,https://www.youtube.com/watch?v=3KKbeEJJQtk,Saturday Night Live,https://www.youtube.com/channel/UCqFzWxSCi39LnW1JKFR3efg,2026-04-12T13:52:23.896Z,165.0,4.976,4.976
That friend that shows out for the h*** is the worst 😂😂🤣 #comedy #deshaefrost #kaicenat,https://www.youtube.com/watch?v=fidw6pKOeO8,RDCWorldGaming,https://www.youtube.com/channel/UCW0uwJNcMTiOFXXgyS2no4g,2026-04-12T13:52:20.303Z,40.0,3.593,3.593
Bernie Mac show funny Rip Bernie Mac…#fypシ゚viral #berniemac,https://www.youtube.com/watch?v=ml7ceQ7TwOY,DfromtheT 🌪️,https://www.youtube.com/channel/UCwcYKrMb_f8HN-kSge__X-Q,2026-04-12T13:50:40.129Z,64.0,100.174,64.0
How hood McDonald’s employees be like… #shorts #ytshorts #viral #funny #druski,https://www.youtube.com/watch?v=dgO10wJq56A,ShortsOnShorts,https://www.youtube.com/channel/UCOJl4gWGgLT2vDTkxGy6hjQ,2026-04-12T13:50:02.983Z,61.0,37.146,37.146
Smiling Friends | EARLY PREVIEW: Charlie’s Uncle Dies and Doesn’t Come Back | adult swim,https://www.youtube.com/watch?v=OLa0dAvrb2g,Adult Swim,https://www.youtube.com/channel/UCgPClNr5VSYC3syrDUIlzLw,2026-04-12T13:47:55.377Z,63.0,127.606,63.0
THE MOST INSANE POKEMON MOVE EVER 🤣🤣,https://www.youtube.com/watch?v=05jsd22Z7EA,Pokeaim+,https://www.youtube.com/channel/UC5YFO-UNfZBfvJ9YPWuu_OA,2026-04-12T13:47:46.624Z,26.0,8.753,8.753
FASTEST RAGE QUIT EVER in Pokemon Champions 🤣🤣,https://www.youtube.com/watch?v=veNbdM_9-Is,Pokeaim+,https://www.youtube.com/channel/UC5YFO-UNfZBfvJ9YPWuu_OA,2026-04-12T13:47:01.173Z,22.0,45.451,22.0
HUGE SIGNATURE MOVE NERFS! Pokemon Champions,https://www.youtube.com/watch?v=9ZrQ2ZR3UD4,pokeaimMD,https://www.youtube.com/channel/UCbXuFrNGSKcmZY_5DwYz4Ew,2026-04-12T09:01:31.001Z,915.0,17130.172,915.0
Trying one of the best BBQ chicken in Amish Country 🔥 🍗 #amish #amishcommunity #bbq #farmersmarket,https://www.youtube.com/watch?v=yiZUJDkLBJ4,Steven in Amish Country,https://www.youtube.com/channel/UCZk6lnkeJ3K7qGNigJxo2jA,2026-04-12T09:00:33.261Z,62.0,57.74,57.74
Aku Tak Ingin Dimadu,https://music.youtube.com/watch?v=iYzmst835WM,Nia Daniaty - Topic,https://www.youtube.com/channel/UCJlQ_-2CUL_RtAN9sBoWBUw,2026-04-12T08:52:13.059Z,303.0,500.202,303.0
Duri Terlindung,https://music.youtube.com/watch?v=rqevcy_0zvM,Nike Ardilla - Topic,https://www.youtube.com/channel/UCgEuRbM8R1Tjdk-o8Or7JVA,2026-04-12T08:44:09.663Z,242.0,483.396,242.0
Mama Aku Ingin Pulang,https://music.youtube.com/watch?v=fngXsa1arkY,Nike Ardilla - Topic,https://www.youtube.com/channel/UCgEuRbM8R1Tjdk-o8Or7JVA,2026-04-12T08:37:36.159Z,350.0,393.504,350.0
Nike Ardilla - Mama Aku Ingin Pulang [Official Music Video],https://music.youtube.com/watch?v=LE-zy2LeXI8,InsictechMusicland,https://www.youtube.com/channel/UCl_X1mJlL17ZihSlgK_bgEg,2026-04-12T08:37:32.113Z,340.0,4.046,4.046
Mama Aku Ingin Pulang,https://music.youtube.com/watch?v=8paeFaJGVy0,Poppy Mercury - Topic,https://www.youtube.com/channel/UCFii_6yDPWtxg8zSWMi4jDg,2026-04-12T08:34:41.238Z,355.0,170.875,170.875
Antara Jakarta Penang,https://music.youtube.com/watch?v=9Tc1pQSRiMU,Poppy Mercury - Topic,https://www.youtube.com/channel/UCFii_6yDPWtxg8zSWMi4jDg,2026-04-12T08:34:37.591Z,346.0,3.647,3.647
Antara Kau Dia Dan Aku,https://music.youtube.com/watch?v=IYiDJoxDxgk,Poppy Mercury - Topic,https://www.youtube.com/channel/UCFii_6yDPWtxg8zSWMi4jDg,2026-04-12T08:30:16.199Z,245.0,261.392,245.0
Badai Asmara,https://music.youtube.com/watch?v=lQpaMWOX_eI,Poppy Mercury - Topic,https://www.youtube.com/channel/UCFii_6yDPWtxg8zSWMi4jDg,2026-04-12T08:29:37.579Z,278.0,38.62,38.62
Surat Undangan,https://music.youtube.com/watch?v=sztXeQph0wE,Poppy Mercury - Topic,https://www.youtube.com/channel/UCFii_6yDPWtxg8zSWMi4jDg,2026-04-12T08:27:33.533Z,244.0,124.046,124.046
Satukanlah Hati Kami,https://music.youtube.com/watch?v=ODSl52Yp9mg,Poppy Mercury - Topic,https://www.youtube.com/channel/UCFii_6yDPWtxg8zSWMi4jDg,2026-04-12T08:27:20.796Z,348.0,12.737,12.737
Hati Siapa Tak Luka,https://music.youtube.com/watch?v=IzH6AETHx4Y,Poppy Mercury - Topic,https://www.youtube.com/channel/UCFii_6yDPWtxg8zSWMi4jDg,2026-04-12T08:22:43.328Z,278.0,277.468,277.468
Syncthing on Retro Handhelds! Save Sync Guide,https://www.youtube.com/watch?v=NPx8FREezR4,Retro Game Corps,https://www.youtube.com/channel/UCoZQiN0o7f36H7PaW4fVhFw,2026-04-12T06:50:26.575Z,2506.0,5536.753,2506.0
Sync Files Across All Your Devices With Syncthing,https://www.youtube.com/watch?v=i6LuV7Pl2YU,DistroTube,https://www.youtube.com/channel/UCVls1GmFKf6WlTraIb_IaJg,2026-04-12T06:48:34.618Z,648.0,111.957,111.957
Why Do People Hate the Talk Tuah Podcast?,https://www.youtube.com/watch?v=zNcRPkUntFM,Harry James Miller,https://www.youtube.com/channel/UCWNi_beQlqPzIk_bdb1ZePA,2026-04-12T06:45:30.899Z,983.0,183.719,183.719
Spotify's Worst Wrapped Yet,https://www.youtube.com/watch?v=BHpt549uvxA,Harry James Miller,https://www.youtube.com/channel/UCWNi_beQlqPzIk_bdb1ZePA,2026-04-12T06:29:36.383Z,816.0,954.516,816.0
The Cult of AMC Stubs A-List,https://www.youtube.com/watch?v=nLLCZGhSXpQ,Harry James Miller,https://www.youtube.com/channel/UCWNi_beQlqPzIk_bdb1ZePA,2026-04-12T06:28:38.549Z,1284.0,57.834,57.834
They Hacked CPU-Z -- Were You Infected?,https://www.youtube.com/watch?v=uDefSgWhwRw,ThioJoe,https://www.youtube.com/channel/UCQSpnDG3YsFNf5-qHocF-WQ,2026-04-12T06:16:45.123Z,357.0,713.426,357.0
This Mega Crabominable Combo Is Incredible!,https://www.youtube.com/watch?v=nwKagGg3j-Q,foofootoo,https://www.youtube.com/channel/UCMNFjnFvWv05Mihkoxt0OMw,2026-04-12T05:30:10.156Z,982.0,2794.967,982.0
Pokemon Heart Gold Wi-Fi Battle #1: shofu vs. J123,https://www.youtube.com/watch?v=mJYNRTe3MR4,shofu,https://www.youtube.com/channel/UCbr6TI0Mujw2iFAQE4R8yrQ,2026-04-12T05:24:45.649Z,374.0,324.507,324.507
Pokeaim's UNBEATEN RUN To Get To Master Ball Tier was WILD...👀,https://www.youtube.com/watch?v=PI0EtfZjsVc,Pokeaim+,https://www.youtube.com/channel/UC5YFO-UNfZBfvJ9YPWuu_OA,2026-04-12T05:22:34.183Z,1455.0,131.466,131.466
POKEMON CHAMPIONS MASTER BALL RANK GRIND!,https://www.youtube.com/watch?v=qxMskdW7jdc,shofu,https://www.youtube.com/channel/UCbr6TI0Mujw2iFAQE4R8yrQ,2026-04-12T04:57:19.251Z,12547.0,1514.932,1514.932
Tech & Items I don't regret buying,https://www.youtube.com/watch?v=OnJlposSP6Y,Byte Review,https://www.youtube.com/channel/UCg3tygBbdzyLEZ4lPMpCAFw,2026-04-12T04:43:53.129Z,947.0,806.122,806.122
"""Minimalist Tech"" Makes NO Sense",https://www.youtube.com/watch?v=whySyToaSkY,Levi Hildebrand,https://www.youtube.com/channel/UC-OJ-24roEfQ_-PCnLJSckg,2026-04-12T04:30:00.207Z,1097.0,832.922,832.922
U.S. talks with Iran end after 21 hours without reaching agreement,https://www.youtube.com/watch?v=nBH9YdfnUHg,WKRN News 2,https://www.youtube.com/channel/UCEKJzGwBMDpmK51v5JIezUw,2026-04-12T04:26:03.003Z,120.0,237.204,120.0
The Foods of KPop Demon Hunters ft @AltonBrown  | Binging with Babish,https://www.youtube.com/watch?v=W8kIAgoqDAI,Binging with Babish,https://www.youtube.com/channel/UCJHA_jMfCvEnv-3kRjTCQXw,2026-04-12T04:25:38.174Z,1718.0,24.829,24.829
I Don't Understand (feat. Pe$o Pete & OmarCameUp),https://music.youtube.com/watch?v=caTZtgrxQxI,Shofu - Topic,https://www.youtube.com/channel/UCk2xi2u7TL6YN4MjMdRId7Q,2026-04-12T04:09:54.348Z,272.0,943.826,272.0
rockstar,https://music.youtube.com/watch?v=AaxFIY-cWH0,Post Malone - Topic,https://www.youtube.com/channel/UCyD3XWRK9ko-izf2nBSFitw,2026-04-12T04:06:15.699Z,219.0,218.649,218.649
6 Foot 7 Foot,https://music.youtube.com/watch?v=FcRBUd_gJBg,Lil Wayne - Topic,https://www.youtube.com/channel/UC4IAZ3dowcXyvVYBx4hucSQ,2026-04-12T04:02:04.555Z,249.0,251.144,249.0
Up All Night,https://music.youtube.com/watch?v=2BD9XuEz9bY,Drake - Topic,https://www.youtube.com/channel/UCU6cE7pdJPc6DU2jSrKEsdQ,2026-04-12T03:59:55.619Z,235.0,128.936,128.936
HYAENA,https://music.youtube.com/watch?v=qS6ozdhzSVQ,Travis Scott - Topic,https://www.youtube.com/channel/UCf_gP4AMRSgAfyzbkeS9k4g,2026-04-12T03:56:13.563Z,223.0,222.056,222.056
Swimming Pools (Drank),https://music.youtube.com/watch?v=T_OWvLDIyno,Kendrick Lamar - Topic,https://www.youtube.com/channel/UCprAFmT0C6O4X0ToEXpeFTQ,2026-04-12T03:52:04.989Z,248.0,248.574,248.0
Famous,https://music.youtube.com/watch?v=Lq2TmRzg19k,Kanye West - Topic,https://www.youtube.com/channel/UCRY5dYsbIN5TylSbd7gVnZg,2026-04-12T03:48:47.718Z,197.0,197.271,197.0
Swagga Like Us,https://music.youtube.com/watch?v=UR2zRsrHLMc,T.I. - Topic,https://www.youtube.com/channel/UCwwHxdscieNH0dzWmOwnuqw,2026-04-12T03:48:45.792Z,328.0,1.926,1.926
Beware,https://music.youtube.com/watch?v=ieP7rhMq3Q8,Big Sean - Topic,https://www.youtube.com/channel/UCm3ai8dGs4olHioc_xL3IXA,2026-04-12T03:48:45.048Z,236.0,0.744,0.744
Money Trees,https://music.youtube.com/watch?v=0nF69UTw99E,Kendrick Lamar - Topic,https://www.youtube.com/channel/UCprAFmT0C6O4X0ToEXpeFTQ,2026-04-12T03:48:43.963Z,387.0,1.085,1.085
Apparently,https://music.youtube.com/watch?v=Zbnv6sSFksc,J. Cole - Topic,https://www.youtube.com/channel/UC0ajkOzj8xE3Gs3LHCE243A,2026-04-12T03:48:40.469Z,293.0,3.494,3.494
Move That Dope,https://music.youtube.com/watch?v=9jROV2H9Sw0,Future - Topic,https://www.youtube.com/channel/UC1_liDR4fRFJgH4HoJeV8cw,2026-04-12T03:42:59.999Z,341.0,340.47,340.47
Ima Boss (feat. Rick Ross),https://music.youtube.com/watch?v=U0NAAwaZ4Rw,Meek Mill - Topic,https://www.youtube.com/channel/UCr_zAwkma5JAyHOWfVXaouA,2026-04-12T03:38:49.237Z,251.0,250.762,250.762
That's On Me (Remix),https://music.youtube.com/watch?v=rT664CPA2YA,Yella Beezy - Topic,https://www.youtube.com/channel/UC7zz789DfBL-mdLxFWPWWKg,2026-04-12T03:37:21.484Z,353.0,87.753,87.753
tv off,https://music.youtube.com/watch?v=Rh3bJKkEhk8,Kendrick Lamar - Topic,https://www.youtube.com/channel/UCprAFmT0C6O4X0ToEXpeFTQ,2026-04-12T03:33:40.794Z,221.0,220.69,220.69
Mercy,https://music.youtube.com/watch?v=YGiBUN6EjCo,Kanye West - Topic,https://www.youtube.com/channel/UCRY5dYsbIN5TylSbd7gVnZg,2026-04-12T03:28:10.825Z,330.0,329.969,329.969
Ni**as In Paris,https://music.youtube.com/watch?v=gTDCMd-O2Yk,JAY-Z - Topic,https://www.youtube.com/channel/UCbJG1HvzgzaMe_15xfiUyWw,2026-04-12T03:28:06.759Z,220.0,4.066,4.066
Ca$ino,https://music.youtube.com/watch?v=XrHJ6uEsxmI,Baby Keem - Topic,https://www.youtube.com/channel/UCtWW-fcdt2gOE6mGHf-_dlw,2026-04-12T03:25:46.210Z,261.0,140.549,140.549
Mamacita,https://music.youtube.com/watch?v=b7nuPJiCz4U,Travis Scott - Topic,https://www.youtube.com/channel/UCf_gP4AMRSgAfyzbkeS9k4g,2026-04-12T03:21:11.876Z,275.0,274.334,274.334
ELEMENT.,https://music.youtube.com/watch?v=SwvzXM-EVrQ,Kendrick Lamar - Topic,https://www.youtube.com/channel/UCprAFmT0C6O4X0ToEXpeFTQ,2026-04-12T03:17:43.229Z,209.0,208.647,208.647
A Tale Of 2 Citiez,https://music.youtube.com/watch?v=bFewu1ATBFs,J. Cole - Topic,https://www.youtube.com/channel/UC0ajkOzj8xE3Gs3LHCE243A,2026-04-12T03:13:12.684Z,270.0,270.545,270.0
STARGAZING,https://music.youtube.com/watch?v=9i8etMz0BdE,Travis Scott - Topic,https://www.youtube.com/channel/UCf_gP4AMRSgAfyzbkeS9k4g,2026-04-12T02:13:17.563Z,271.0,3595.121,271.0
peekaboo,https://music.youtube.com/watch?v=dJOtB4lZzMc,Kendrick Lamar - Topic,https://www.youtube.com/channel/UCprAFmT0C6O4X0ToEXpeFTQ,2026-04-12T02:11:27.314Z,156.0,110.249,110.249
Icon,https://music.youtube.com/watch?v=Yg-DUpei8Y0,Jaden - Topic,https://www.youtube.com/channel/UCRCRHG4OKZDdvIdRZj4jVBQ,2026-04-12T02:07:46.260Z,221.0,221.054,221.0
4th Dimension,https://music.youtube.com/watch?v=6Hj5tucYv1Q,Kids See Ghosts - Topic,https://www.youtube.com/channel/UCXXMMJZJg5Pbd6PYeqDvGNw,2026-04-12T02:05:12.305Z,154.0,153.955,153.955
Am I Dreaming,https://music.youtube.com/watch?v=P-X-iHTe5PI,Metro Boomin - Topic,https://www.youtube.com/channel/UCFYaIRiUe_1hvOtXu5IiBWQ,2026-04-12T02:04:28.764Z,257.0,43.541,43.541
Passionfruit,https://music.youtube.com/watch?v=COz9lDCFHjw,Drake - Topic,https://www.youtube.com/channel/UCU6cE7pdJPc6DU2jSrKEsdQ,2026-04-12T02:00:48.074Z,299.0,220.69,220.69
Adventure of a Lifetime,https://music.youtube.com/watch?v=XsMpXczOIPs,Coldplay - Topic,https://www.youtube.com/channel/UCIaFw5VBEK8qaW6nRpx_qnw,2026-04-12T01:56:24.635Z,264.0,263.439,263.439
Hymn for the Weekend,https://music.youtube.com/watch?v=H3Kzh6RrnMc,Coldplay - Topic,https://www.youtube.com/channel/UCIaFw5VBEK8qaW6nRpx_qnw,2026-04-12T01:52:05.366Z,259.0,259.269,259.0
STILL IN THE PAINT,https://music.youtube.com/watch?v=zFRmXJN438k,Denzel Curry - Topic,https://www.youtube.com/channel/UCzN1vzi9iELop5XH53ud6Gw,2026-04-12T01:44:35.462Z,234.0,449.904,234.0
bank account,https://music.youtube.com/watch?v=-NAX3jXRxL4,Baby Keem - Topic,https://www.youtube.com/channel/UCtWW-fcdt2gOE6mGHf-_dlw,2026-04-12T01:43:13.369Z,215.0,82.093,82.093
Not Like Us,https://music.youtube.com/watch?v=phLb_SoPBlA,Kendrick Lamar - Topic,https://www.youtube.com/channel/UCprAFmT0C6O4X0ToEXpeFTQ,2026-04-12T01:38:23.306Z,275.0,290.063,275.0
FE!N,https://music.youtube.com/watch?v=2nR1zrNzgcY,Travis Scott - Topic,https://www.youtube.com/channel/UCf_gP4AMRSgAfyzbkeS9k4g,2026-04-12T01:31:11.983Z,192.0,431.323,192.0
euphoria,https://music.youtube.com/watch?v=NPqDIwWMtxg,Kendrick Lamar,https://www.youtube.com/channel/UC3lBXcrKFnFAFkfVk5WuKcQ,2026-04-12T01:24:47.509Z,384.0,384.474,384.0
Rich Flex,https://music.youtube.com/watch?v=sllmR3TJd_w,Drake - Topic,https://www.youtube.com/channel/UCU6cE7pdJPc6DU2jSrKEsdQ,2026-04-12T01:24:40.840Z,240.0,6.669,6.669
Like That,https://music.youtube.com/watch?v=Rr1Cdli5nE8,Future - Topic,https://www.youtube.com/channel/UC1_liDR4fRFJgH4HoJeV8cw,2026-04-12T01:20:12.121Z,268.0,268.719,268.0
MEGA GLIMMORA Laddering in Pokemon Champions... (Become A Member For Bonus Content),https://www.youtube.com/watch?v=TaI9qmLMVG8,Moxie Boosted,https://www.youtube.com/channel/UCAVKuhZ5Og4O86jkgUgUcyg,2026-04-12T00:01:12.856Z,10466.0,4739.265,4739.265
What a Nigerian Electronics Market Taught Me About Global Trade,https://www.youtube.com/watch?v=8eaM6cgR-CI,The Flip,https://www.youtube.com/channel/UCAXKRVkIg3gxL2KWSKVcoLg,2026-04-11T22:45:13.189Z,908.0,4559.667,908.0
cid=aef069949fc220d17557307179ad36f1,https://www.youtube.com/watch?v=tYerGY9q4pQ,,,2026-04-11T22:37:14.694Z,11.0,478.495,11.0
Kobe Fans After Bam Adebayo Scored 83 😂😂,https://www.youtube.com/watch?v=x06Qpk-WKZk,girlhefunnyaf44,https://www.youtube.com/channel/UCgJzIBgq46e-_-x-oXZZ3cQ,2026-04-11T19:22:34.528Z,170.0,11680.166,170.0
How Offset Was After He Got Shot 😂😂,https://www.youtube.com/watch?v=VaPMnkFLoEo,girlhefunnyaf44,https://www.youtube.com/channel/UCgJzIBgq46e-_-x-oXZZ3cQ,2026-04-11T19:21:59.894Z,162.0,34.634,34.634
My First Pokemon Champions Stream,https://www.youtube.com/watch?v=GMW3c1nci5U,WolfeyVGC,https://www.youtube.com/channel/UC9OZkS1Mhl5UvKSiPrYqsxg,2026-04-11T19:20:34.221Z,10841.0,85.673,85.673
How Realtors be trying to sell Haunted Houses,https://www.youtube.com/watch?v=74GEqTm_VEk,RDCworld1,https://www.youtube.com/channel/UC4G10tk3AHFuyMIuD3rHOBA,2026-04-11T18:07:01.283Z,149.0,4412.938,149.0
How Security gotta be at Youngboy Concerts,https://www.youtube.com/watch?v=lXQYeqyO1HY,RDCworld1,https://www.youtube.com/channel/UC4G10tk3AHFuyMIuD3rHOBA,2026-04-11T17:59:42.860Z,118.0,438.423,118.0
How to Clone Apps in OnePlus - Create an App Copy,https://www.youtube.com/watch?v=BFX1_kjQmaI,HardReset.Info,https://www.youtube.com/channel/UCBviUkaeHb3SQPdtIRTNtJQ,2026-04-11T16:16:35.187Z,119.0,6187.673,119.0
Best Cell Phone Plans for 2026!,https://www.youtube.com/watch?v=qwr3jhdLtpM,Stetson Doggett,https://www.youtube.com/channel/UCwOokOU1RakmtuiCZFactGg,2026-04-11T16:15:41.809Z,1293.0,53.378,53.378
ENTITLEMENT #DoorDash #Myway #Hawaii #Justwatch #DeliveryDriver #Wikki #Platinum #Instacart,https://www.youtube.com/watch?v=cO3XAszPd30,Dasher Life Hawaii,https://www.youtube.com/channel/UCED5flk7e6bULf_lVRf6y9Q,2026-04-11T16:14:49.004Z,65981.0,52.805,52.805
OnePlus 15: How to Set Up System Clone,https://www.youtube.com/watch?v=7vzbv2fX0pg,Games & Apps Tutorials,https://www.youtube.com/channel/UCtmWTxLwqNkIsZO94r2h4Wg,2026-04-11T15:57:27.548Z,116.0,1041.456,116.0
OnePlus 15: How To Access Hidden Apps With Access Code,https://www.youtube.com/watch?v=5Ut0mm4EiFs,WebPro Education,https://www.youtube.com/channel/UCTCMk9I_YW-xjeHEHCXZ6AQ,2026-04-11T15:56:01.169Z,52.0,86.379,52.0
OnePlus 15 - How to Hide apps,https://www.youtube.com/watch?v=dRDCyUEbOg8,TimeToFixThis!,https://www.youtube.com/channel/UC1WiKsdG3n7UeU_atb1AjGg,2026-04-11T15:54:39.348Z,128.0,81.821,81.821
OnePlus 15: How to Set Up Private Safe (Secure Folder),https://www.youtube.com/watch?v=EDER1s7of-Q,Games & Apps Tutorials,https://www.youtube.com/channel/UCtmWTxLwqNkIsZO94r2h4Wg,2026-04-11T15:47:18.935Z,102.0,440.413,102.0
God knew not to make me a girl,https://www.youtube.com/watch?v=pT277hks2xQ,KneeCaps,https://www.youtube.com/channel/UC_topGGwb3s2gU3xXhYfILw,2026-04-11T15:45:55.855Z,132.0,83.08,83.08
nillkin super frosted shield pro #nillkin #xiaomi #iphone #samsung #frosted #case #magsafe,https://www.youtube.com/watch?v=8CTqzF2h7AM,ของใช้ของเล่น,https://www.youtube.com/channel/UC3U8vgivTilvWNP1CbzhAww,2026-04-11T15:37:02.771Z,43.0,533.084,43.0
COACHELLA DAY ONE HERE WE COMEEE @CarterKench @scottkress_,https://www.youtube.com/watch?v=RqmEP40bObI,StinkyAsher,https://www.youtube.com/channel/UCSW20WNOFR_Ifq2qwK8QO-A,2026-04-11T14:54:46.659Z,107.0,2536.112,107.0
Idk how they do it😭,https://www.youtube.com/watch?v=W8Zr9FBbUTM,StinkyAsher,https://www.youtube.com/channel/UCSW20WNOFR_Ifq2qwK8QO-A,2026-04-11T14:54:44.001Z,63.0,2.658,2.658
Those animals be HUNGRYYYY😭😭 @scottkress_ @CarterKench @sydneymorgan @MyaAngelise,https://www.youtube.com/watch?v=1n3sF0lBULc,StinkyAsher,https://www.youtube.com/channel/UCSW20WNOFR_Ifq2qwK8QO-A,2026-04-11T14:54:32.505Z,25.0,11.496,11.496
Have you accidentally hit the action button? #carterpcs #tech #apple #iphone #iphone15,https://www.youtube.com/watch?v=NlUEcVRK3Tk,CarterPCs,https://www.youtube.com/channel/UCi7wDE2ZTiR5QYYrUY5WhtA,2026-04-11T14:52:29.537Z,50.0,122.968,50.0
Proton Pass iOS Hidden Features - Part 1,https://www.youtube.com/watch?v=D7Uo7pzzVy8,Proton Guides & Updates,https://www.youtube.com/channel/UCVThyXNYXDC9UhDbI8LtghQ,2026-04-11T12:56:11.594Z,42.0,6977.943,42.0
London Fish & Chips Shop on a Busy Friday Night - Behind the Scenes,https://www.youtube.com/watch?v=ZLoZoZyfqpo,Find Eat Go,https://www.youtube.com/channel/UC8tl5f-6SkSio1Ag7ElZH2Q,2026-04-11T06:28:58.562Z,1357.0,23233.032,1357.0
POKEMON CHAMPIONS MASTER BALL RANK GRIND!,https://www.youtube.com/watch?v=ZIlQuBWGWDI,shofu,https://www.youtube.com/channel/UCbr6TI0Mujw2iFAQE4R8yrQ,2026-04-11T06:18:12.841Z,20163.0,645.721,645.721
I'm Different,https://music.youtube.com/watch?v=9DQM1w2k5l0,2 Chainz - Topic,https://www.youtube.com/channel/UCvNe1IHe_tf5g-J-jZF0ERQ,2026-04-11T06:15:44.709Z,208.0,148.132,148.132
I Don't Fuck With You,https://music.youtube.com/watch?v=MgT80H8EQ14,Big Sean - Topic,https://www.youtube.com/channel/UCm3ai8dGs4olHioc_xL3IXA,2026-04-11T06:11:00.384Z,285.0,284.325,284.325
Mercy,https://music.youtube.com/watch?v=YGiBUN6EjCo,Kanye West - Topic,https://www.youtube.com/channel/UCRY5dYsbIN5TylSbd7gVnZg,2026-04-11T06:05:30.603Z,330.0,329.781,329.781
Hell Of A Life,https://music.youtube.com/watch?v=tJKNcI6jC6A,Kanye West - Topic,https://www.youtube.com/channel/UCRY5dYsbIN5TylSbd7gVnZg,2026-04-11T06:05:13.908Z,328.0,16.695,16.695
Kanye West - Runaway (Video Version) ft. Pusha T,https://music.youtube.com/watch?v=Bm5iA4Zupek,KanyeWestVEVO,https://www.youtube.com/channel/UChpJbg7zMbi5jx9Gdjaxa9g,2026-04-11T06:04:50.529Z,278.0,23.379,23.379
Devil In A New Dress,https://music.youtube.com/watch?v=sk3rpYkiHe8,Kanye West - Topic,https://www.youtube.com/channel/UCRY5dYsbIN5TylSbd7gVnZg,2026-04-11T05:58:58.283Z,352.0,352.246,352.0
KING,https://music.youtube.com/watch?v=PuwWj2_wL2E,Kanye West - Topic,https://www.youtube.com/channel/UCRY5dYsbIN5TylSbd7gVnZg,2026-04-11T05:58:51.813Z,127.0,6.47,6.47
Runaway,https://music.youtube.com/watch?v=VhEoCOWUtcU,Kanye West - Topic,https://www.youtube.com/channel/UCRY5dYsbIN5TylSbd7gVnZg,2026-04-11T05:49:43.672Z,548.0,548.141,548.0
I CAN’T WAIT,https://music.youtube.com/watch?v=r2u0WUlWFO4,Kanye West - Topic,https://www.youtube.com/channel/UCRY5dYsbIN5TylSbd7gVnZg,2026-04-11T05:49:37.353Z,128.0,6.319,6.319
SISTERS AND BROTHERS,https://music.youtube.com/watch?v=u9v7ZkQqKYk,Kanye West - Topic,https://www.youtube.com/channel/UCRY5dYsbIN5TylSbd7gVnZg,2026-04-11T05:49:33.348Z,167.0,4.005,4.005
LAST BREATH (feat. Peso Pluma),https://music.youtube.com/watch?v=P1KYdO952HA,Kanye West - Topic,https://www.youtube.com/channel/UCRY5dYsbIN5TylSbd7gVnZg,2026-04-11T05:46:26.129Z,187.0,187.219,187.0
WHITE LINES (feat. Andre Troutman),https://music.youtube.com/watch?v=In0rzZa3WL8,Kanye West - Topic,https://www.youtube.com/channel/UCRY5dYsbIN5TylSbd7gVnZg,2026-04-11T05:46:16.379Z,131.0,9.75,9.75
ALL THE LOVE (feat. Andre Troutman),https://music.youtube.com/watch?v=DM1UkOX6hIU,Kanye West - Topic,https://www.youtube.com/channel/UCRY5dYsbIN5TylSbd7gVnZg,2026-04-11T05:41:57.982Z,230.0,258.397,230.0
FATHER (feat. Travis Scott),https://music.youtube.com/watch?v=unypqeWmyNI,Kanye West - Topic,https://www.youtube.com/channel/UCRY5dYsbIN5TylSbd7gVnZg,2026-04-11T05:41:56.238Z,170.0,1.744,1.744
SPIDER-MAN: BRAND NEW DAY – Official Trailer (HD),https://www.youtube.com/watch?v=8TZMtslA3UY,Spider-Man,https://www.youtube.com/channel/UCP8AC-LXl5Jmp64IRIsdacg,2026-04-11T05:03:14.658Z,161.0,2321.58,161.0
"""Minimalist Tech"" Makes NO Sense",https://www.youtube.com/watch?v=whySyToaSkY,Levi Hildebrand,https://www.youtube.com/channel/UC-OJ-24roEfQ_-PCnLJSckg,2026-04-11T04:53:43.026Z,1097.0,571.632,571.632
iPhone Thief Explains How He Breaks Into Your Phone | WSJ,https://www.youtube.com/watch?v=gi96HKr2vo8,The Wall Street Journal,https://www.youtube.com/channel/UCK7tptUDHh-RYDsdxO1-5QQ,2026-04-11T04:51:29.169Z,587.0,133.857,133.857
How a Traded-In Apple iPhone Gets Refurbished | WSJ,https://www.youtube.com/watch?v=WHqxBlFuIXA,The Wall Street Journal,https://www.youtube.com/channel/UCK7tptUDHh-RYDsdxO1-5QQ,2026-04-11T04:50:46.838Z,333.0,42.331,42.331
How These Women Feed Hungry Students with $3 Bento Boxes in Japan!,https://www.youtube.com/watch?v=HytrgDlXQ5M,Japanese Food Noodles,https://www.youtube.com/channel/UCxnZ8xQrppBhwj-_wuzWfIA,2026-04-11T04:39:45.594Z,1825.0,661.244,661.244
Five Nights At Freddy's 2 (2025) KILL COUNT,https://www.youtube.com/watch?v=s8UJXwYyGWg,Dead Meat,https://www.youtube.com/channel/UC2IYWWifoIht9T47z1Z5lJw,2026-04-11T04:39:06.577Z,2140.0,39.017,39.017
My First Day in Pokemon Champions,https://www.youtube.com/watch?v=AGWRN-cB2DU,WolfeyVGC,https://www.youtube.com/channel/UC9OZkS1Mhl5UvKSiPrYqsxg,2026-04-11T04:18:16.539Z,1801.0,1250.038,1250.038
90210,https://music.youtube.com/watch?v=tBfWb5IrbOI,Travis Scott - Topic,https://www.youtube.com/channel/UCf_gP4AMRSgAfyzbkeS9k4g,2026-04-11T03:58:49.263Z,340.0,1167.276,340.0
Pink + White,https://music.youtube.com/watch?v=9cHbvRUALrc,Frank Ocean - Topic,https://www.youtube.com/channel/UCETYiBLjt2v-pcKSgf8pe6g,2026-04-11T03:58:48.263Z,185.0,1.0,1.0
Jimmy Cooks,https://music.youtube.com/watch?v=UQNebFZnEQQ,Drake - Topic,https://www.youtube.com/channel/UCU6cE7pdJPc6DU2jSrKEsdQ,2026-04-11T03:58:45.123Z,219.0,3.14,3.14
Aloha,https://music.youtube.com/watch?v=oC-82atObUI,Charlie Heat - Topic,https://www.youtube.com/channel/UCNkFqQenjNwe5iMQRxkhsVw,2026-04-11T03:51:55.590Z,163.0,409.533,163.0
Famous,https://music.youtube.com/watch?v=Lq2TmRzg19k,Kanye West - Topic,https://www.youtube.com/channel/UCRY5dYsbIN5TylSbd7gVnZg,2026-04-11T03:48:38.632Z,197.0,196.958,196.958
ZEZE (feat. Travis Scott & Offset),https://music.youtube.com/watch?v=ghiSpmZu6tk,Kodak Black - Topic,https://www.youtube.com/channel/UC8zFXOPlDTI5lhy3fAn6E5w,2026-04-11T03:48:20.093Z,229.0,18.539,18.539
Netsujo No Spectrum,https://music.youtube.com/watch?v=cU22947XIYo,Ikimonogakari - Topic,https://www.youtube.com/channel/UCexzjYgmV9wKmAQHUmv3hWg,2026-04-11T03:44:53.388Z,225.0,206.705,206.705
Does OnePlus 15 Come with Screen Protector? (Pre-Installed Screen Protector),https://www.youtube.com/watch?v=csLEuLqlCfE,Games & Apps Tutorials,https://www.youtube.com/channel/UCtmWTxLwqNkIsZO94r2h4Wg,2026-04-11T03:02:36.570Z,40.0,2536.818,40.0
OnePlus 15 | Easy Slide Glass - Installation Guide,https://www.youtube.com/watch?v=G1PcKG3AXjo,Ringke,https://www.youtube.com/channel/UC-eEJ49DL4ffcKwa13Cnrzg,2026-04-11T02:59:36.552Z,52.0,180.018,52.0
No Role Modelz,https://music.youtube.com/watch?v=8HBcV0MtAQg,J. Cole - Topic,https://www.youtube.com/channel/UC0ajkOzj8xE3Gs3LHCE243A,2026-04-11T02:42:07.668Z,293.0,1048.884,293.0
Like That,https://music.youtube.com/watch?v=Rr1Cdli5nE8,Future - Topic,https://www.youtube.com/channel/UC1_liDR4fRFJgH4HoJeV8cw,2026-04-11T02:37:39.358Z,268.0,268.31,268.0
DIALGA & PALKIA,https://music.youtube.com/watch?v=O6YOVoTZMiU,WDFA - Topic,https://www.youtube.com/channel/UCC9UqPJ1ViXUpzCs166H7hw,2026-04-11T02:37:37.076Z,213.0,2.282,2.282
ROCKS D XEBEC,https://music.youtube.com/watch?v=iowByV0JKmk,PE$O PETE - Topic,https://www.youtube.com/channel/UC5bBuOvUdRVMzszPTnNftdg,2026-04-11T02:37:31.081Z,149.0,5.995,5.995
"Kamado Tanjirou no Uta (From ""Demon Slayer: Kimetsu no Yaiba"")",https://music.youtube.com/watch?v=4af1n9LeVKo,Akano - Topic,https://www.youtube.com/channel/UC9-LcwFmCCxSLrmTxB43TwQ,2026-04-11T02:37:28.607Z,148.0,2.474,2.474
Zankyosanka,https://music.youtube.com/watch?v=d6NPs3OQIAU,Aimer - Topic,https://www.youtube.com/channel/UC_gksw7NEueO_u3lPL372hA,2026-04-11T02:37:24.906Z,185.0,3.701,3.701
Silhouette,https://music.youtube.com/watch?v=zqKrpw36xnU,KANA-BOON - Topic,https://www.youtube.com/channel/UCoO40PGRZLLymjlFuncg_hg,2026-04-11T02:33:55.093Z,241.0,209.813,209.813
Blue Bird - From THE FIRST TAKE,https://music.youtube.com/watch?v=-xlKUeAlruM,Ikimonogakari - Topic,https://www.youtube.com/channel/UCexzjYgmV9wKmAQHUmv3hWg,2026-04-11T02:30:11.485Z,224.0,223.608,223.608
For The Night,https://music.youtube.com/watch?v=rm6ypCrKFQ8,Pop Smoke - Topic,https://www.youtube.com/channel/UCD3fewmHnwmzjA3IeYWovaQ,2026-04-11T02:23:20.648Z,191.0,410.837,191.0
family ties,https://music.youtube.com/watch?v=YqAt8-QiBcI,Baby Keem - Topic,https://www.youtube.com/channel/UCtWW-fcdt2gOE6mGHf-_dlw,2026-04-11T02:19:08.327Z,253.0,252.321,252.321
Superhero (Heroes & Villains),https://music.youtube.com/watch?v=074r1TFfo0M,Metro Boomin - Topic,https://www.youtube.com/channel/UCFYaIRiUe_1hvOtXu5IiBWQ,2026-04-11T02:16:04.819Z,183.0,183.508,183.0
Maui Wowie,https://music.youtube.com/watch?v=AnhBjLVtTNs,Kid Cudi - Topic,https://www.youtube.com/channel/UCo2-dPLJcpbZK84FIt0vD-w,2026-04-11T02:12:51.043Z,144.0,193.776,144.0
DON'T KILL THE PARTY (feat. Quavo & Juicy J),https://music.youtube.com/watch?v=hbiA6hWI6rg,Ty Dolla $ign - Topic,https://www.youtube.com/channel/UC_Wl1icJ-lfoz75E99PSVrQ,2026-04-11T02:10:38.538Z,133.0,132.505,132.505
No Pole,https://music.youtube.com/watch?v=KIXP--0-Tac,Don Toliver - Topic,https://www.youtube.com/channel/UCSzWQmDsKG37iKN2vw1G-2Q,2026-04-11T02:07:30.758Z,188.0,187.78,187.78
FRANCHISE,https://music.youtube.com/watch?v=e9LjL3XYoms,Travis Scott - Topic,https://www.youtube.com/channel/UCf_gP4AMRSgAfyzbkeS9k4g,2026-04-11T02:04:07.935Z,203.0,202.823,202.823
N95,https://music.youtube.com/watch?v=fhCkGKiP95I,Kendrick Lamar - Topic,https://www.youtube.com/channel/UCprAFmT0C6O4X0ToEXpeFTQ,2026-04-11T02:00:51.999Z,196.0,195.936,195.936
Dior (Bonus),https://music.youtube.com/watch?v=thk1vwD2p3Y,Pop Smoke - Topic,https://www.youtube.com/channel/UCD3fewmHnwmzjA3IeYWovaQ,2026-04-11T01:57:15.698Z,217.0,216.301,216.301
4th Dimension,https://music.youtube.com/watch?v=6Hj5tucYv1Q,Kids See Ghosts - Topic,https://www.youtube.com/channel/UCXXMMJZJg5Pbd6PYeqDvGNw,2026-04-11T01:54:41.598Z,154.0,154.1,154.0
KICK OUT,https://music.youtube.com/watch?v=648IE9Vs6NA,Travis Scott - Topic,https://www.youtube.com/channel/UCf_gP4AMRSgAfyzbkeS9k4g,2026-04-11T01:54:12.027Z,171.0,29.571,29.571
Game Over! (feat. Shofu),https://music.youtube.com/watch?v=wEh9vcjWZQY,PE$O PETE - Topic,https://www.youtube.com/channel/UC5bBuOvUdRVMzszPTnNftdg,2026-04-11T01:51:01.388Z,170.0,190.639,170.0
No Warning (feat. Sammie Archer),https://music.youtube.com/watch?v=tn5IaeuYC2s,Shofu - Topic,https://www.youtube.com/channel/UCk2xi2u7TL6YN4MjMdRId7Q,2026-04-11T01:50:44.152Z,104.0,17.236,17.236
"$4 Roti Bakar Street Food In Bandung, Indonesia 🇮🇩",https://www.youtube.com/watch?v=fFKpzCpXgYE,Ken Abroad Shorts,https://www.youtube.com/channel/UCH91-Qctyamawau9_vO51mg,2026-04-11T01:47:57.547Z,60.0,166.605,60.0
cid=9dfb66bb6d9e98a5b7b2a11515b264e9,https://www.youtube.com/watch?v=FxIx-J20KqA,,,2026-04-11T01:06:13.419Z,20.0,2504.128,20.0
❗️AI ITU BAIK DAN BURUK ❗️,https://www.youtube.com/watch?v=n14mcCWQ4IQ,Tim2one - ChandraLiow,https://www.youtube.com/channel/UCUcBFGAfOzut1x4GSWa6Akg,2026-04-10T23:22:24.483Z,64.0,6228.936,64.0
NASA’s Artemis II Crew Comes Home (Official Broadcast),https://www.youtube.com/watch?v=nfhDuOHMp0A,NASA,https://www.youtube.com/channel/UCLA_DiR1FfKNvjuUpBHmylQ,2026-04-10T23:21:57.131Z,14021.0,27.352,27.352
KeePassXC Tutorial - How To Use KeePassXC,https://www.youtube.com/watch?v=NFFSL4YbsOc,KMDTech,https://www.youtube.com/channel/UCzdZTCknLA_cnfDmpu2tQPw,2026-04-10T23:03:25.530Z,419.0,1111.601,419.0
Remarkably Bright Creatures | Official Trailer | Netflix,https://www.youtube.com/watch?v=b14IFe4an5k,Netflix,https://www.youtube.com/channel/UCWOA1ZGywLbqmigxE4Qlvuw,2026-04-10T22:40:01.722Z,144.0,1403.808,144.0
Remarkably Bright Creatures | Official Teaser | Netflix,https://www.youtube.com/watch?v=4bsjRq8kasA,Netflix,https://www.youtube.com/channel/UCWOA1ZGywLbqmigxE4Qlvuw,2026-04-10T22:39:23.763Z,56.0,37.959,37.959
BG Wealth Sharing DSJEX A Deep Dive Expose Into a Manufactured Dream and a Very Real Scam,https://www.youtube.com/watch?v=qJPQMsoBswk,DANNY DE HEK,https://www.youtube.com/channel/UCjmXwpKKlnusHDlfFTtcWXg,2026-04-10T21:58:03.235Z,2970.0,2480.528,2480.528
