title,link,channel,channel_link,date,video_length,time_diff,watch_time
How dare be eavesdrop on me while im making a video about his cheating 😡 #tinder #betrayal #cheater,https://www.youtube.com/watch?v=OOJCa84swfA,Kaitlyn Perkins,https://www.youtube.com/channel/UC0qI0CmjTdi0HTO43QEbhIQ,2026-03-23T20:01:41.916Z,113.0,,113.0
How they work underground 5000feet #diamondminer #mining,https://www.youtube.com/watch?v=flS_YK92AgM,Treasure Digger,https://www.youtube.com/channel/UCwg44U_N4Ogxz6gJUrOhBrg,2026-03-23T20:01:08.197Z,32.0,33.719,32.0
The 3 Worst Engine In The USA#engine #mechanic #shorts,https://www.youtube.com/watch?v=VGKFXCS_-EA,forevertoo0,https://www.youtube.com/channel/UCuAQ_OvkuX_kKUUQxwaQPhA,2026-03-23T20:00:40.920Z,51.0,27.277,27.277
VAVE YouTube 9x16 Ehrlich Phase1 PestGuest Termite 15 EN MP4,https://www.youtube.com/watch?v=yKlsS-I9Yqw,,,2026-03-23T20:00:40.004Z,16.0,0.916,0.916
How Thai Farmers Grow 2 Crops in 1 Field 😱,https://www.youtube.com/watch?v=un4o9hiwvq4,Vibra World ,https://www.youtube.com/channel/UCzS7y9HjChitCPotEFUuVTw,2026-03-23T20:00:15.590Z,23.0,24.414,23.0
#working #satisfying #excavator,https://www.youtube.com/watch?v=tS4ETympgR4,paasve,https://www.youtube.com/channel/UCRy7oxEfSH9NZWcsyu66Xdg,2026-03-23T20:00:13.120Z,64.0,2.47,2.47
Blurry: Fresh finds perfectly picked for you now and new at Target,https://www.youtube.com/watch?v=UdNUEGIkWwE,,,2026-03-23T20:00:12.230Z,7.0,0.89,0.89
Why ISN'T This Floor Common in The US? 😯,https://www.youtube.com/watch?v=UocVZ5eWZqU,MrVex,https://www.youtube.com/channel/UCgs2s8BPQ0BiHpSl1QXMy0w,2026-03-23T20:00:09.839Z,59.0,2.391,2.391
4 Sensors Secretly Controlling Your Fuel Economy #shorts #car #MechanicLife #mechanical,https://www.youtube.com/watch?v=qMTIf_MHRMw,Almani Technical Channel,https://www.youtube.com/channel/UC6xG0tjni0qQLEgKonOUIDA,2026-03-23T19:59:34.450Z,36.0,35.389,35.389
Blurry: us en 25 02 ct ac choice yt 16x9 kf ridiculously miss piggy 6,https://www.youtube.com/watch?v=Cyxf_rt06oY,,,2026-03-23T19:59:33.411Z,7.0,1.039,1.039
No Way! How to secure the end of a ratchet strap. #tipsandtricks #ratchetstrap,https://www.youtube.com/watch?v=xVUjvc2yVso,Brothers Fab Shop,https://www.youtube.com/channel/UChU7wQoG5Os34tC3D7P0BBQ,2026-03-23T19:59:31.492Z,36.0,1.919,1.919
Start 2026 out with watching a Farming Timelapse! Happy New Year! #agriculture #farming #farm #corn,https://www.youtube.com/watch?v=q3V0cvZb4dg,SilverFarms,https://www.youtube.com/channel/UCSLYpwE7UTmejNuSmeTDCeA,2026-03-23T19:59:16.699Z,62.0,14.793,14.793
The video that started it all ✍🏼 she was the first girl to go viral #jujuonthatbeat #shorts #short,https://www.youtube.com/watch?v=oROckMFYZLY,Zay Hilfiger,https://www.youtube.com/channel/UCKrJtYSGYgnXUGX2SDT66NQ,2026-03-23T19:59:01.990Z,46.0,14.709,14.709
Any excuse to walk outside in this weather!!,https://www.youtube.com/watch?v=t0lXVWkz37o,Megan Wohler,https://www.youtube.com/channel/UCOO_aSamFBxJrkXlwphoimA,2026-03-23T19:59:00.228Z,34.0,1.762,1.762
Mechanic fail #funnyvideo #fyp #viral #mechanic #failure,https://www.youtube.com/watch?v=4CWWTqiIF0M,JokeDiaries,https://www.youtube.com/channel/UC51GLVARio_dXOgAZliSvBA,2026-03-23T19:58:00.231Z,60.0,59.997,59.997
Cómo rehacer rosca dañada para aún tornillo original usando casquillo #mecanica #autos #taller,https://www.youtube.com/watch?v=8AI-DuD5qHY,HazeGarage,https://www.youtube.com/channel/UCU8n2TBR20HBd4bLDrq-zhg,2026-03-23T19:57:57.587Z,60.0,2.644,2.644
What happens when you till?,https://www.youtube.com/watch?v=X9BYrLflAIg,Ag PhD,https://www.youtube.com/channel/UCNMZF39LBB-E1DIkxnD6cbA,2026-03-23T19:56:38.963Z,77.0,78.624,77.0
Blurry: The Impact of AI on IBM's Operations,https://www.youtube.com/watch?v=SolxJVWlWUU,,,2026-03-23T19:56:38.098Z,31.0,0.865,0.865
installing a new delta shower valve! #plumber #plumbing,https://www.youtube.com/watch?v=jfJSbS4WpHM,replumb,https://www.youtube.com/channel/UCiVsCNoKoqzFcc4EnzfS2Aw,2026-03-23T19:56:36.592Z,61.0,1.506,1.506
Stuck Rotor Screw? Do THIS 😳 #mechanic,https://www.youtube.com/watch?v=AMAol7kCfjQ,Gearheadbryan,https://www.youtube.com/channel/UCNpd5mjGfrQq5L9bWnOBQ_g,2026-03-23T19:56:35.372Z,34.0,1.22,1.22
Shortened: cid=b89ea8d9f502bdddd68fc3f79ce099a3,https://www.youtube.com/watch?v=XNNRAWVBscw,,,2026-03-23T19:56:33.185Z,15.0,2.187,2.187
Soda can stuffed burgers 🍔 #shorts,https://www.youtube.com/watch?v=Y7rx9pxCeNA,Food Dudes,https://www.youtube.com/channel/UCmYihuwhou4ti2sXIFK7djw,2026-03-23T19:56:31.590Z,85.0,1.595,1.595
#woodworking #tips,https://www.youtube.com/watch?v=QNiAieXu1uU,diazconstruccion,https://www.youtube.com/channel/UCcdVkYKe51r1bON48vEcHOg,2026-03-23T19:55:34.138Z,55.0,57.452,55.0
bet365 TallTales Perpendicular OLV NCAAB 6 US EPO 9x16 Unslated 1,https://www.youtube.com/watch?v=YXxH6d9Xp10,,,2026-03-23T19:55:30.788Z,7.0,3.35,3.35
🙌 “BEST LIV EVENT EVER” | #LIVGolfSouthAfrica,https://www.youtube.com/watch?v=4849Wk5pS_M,LIV Golf,https://www.youtube.com/channel/UCuC-Is0pVH9RudfZJw-LSmw,2026-03-23T19:54:54.127Z,60.0,36.661,36.661
"REAL Mechanics know this Trick, Do You? #mechanic",https://www.youtube.com/watch?v=1DKJ035RKI0,Gearheadbryan,https://www.youtube.com/channel/UCNpd5mjGfrQq5L9bWnOBQ_g,2026-03-23T19:53:55.239Z,60.0,58.888,58.888
Viral video YouTube short experiment for you #automobile #funnyclips #experiements ￼,https://www.youtube.com/watch?v=d0myHadpK9g,ghulam abbasch2,https://www.youtube.com/channel/UC4pnZ6J4nmt88wPzpTXJ4hg,2026-03-23T14:00:32.599Z,55.0,21202.64,55.0
Chick-fil-A | GM | All Ranched Up | :06 | YTS,https://www.youtube.com/watch?v=3LwgxF6QQjA,,,2026-03-23T14:00:31.859Z,7.0,0.74,0.74
Toyota rear differential fluid change step-by-step. #oneeyedgarage #toyota #differential #autorepair,https://www.youtube.com/watch?v=yehtPXE_Leo,One eyed garage,https://www.youtube.com/channel/UCh23PX6gTRRuR9liaP50Ssw,2026-03-23T14:00:31.209Z,66.0,0.65,0.65
Over 500K New Listings Every Month - Realtor.com,https://www.youtube.com/watch?v=Y474CRQWsNI,,,2026-03-23T14:00:10.245Z,15.0,20.964,15.0
#tips,https://www.youtube.com/watch?v=VnjQJ3FHVUA,diazconstruccion,https://www.youtube.com/channel/UCcdVkYKe51r1bON48vEcHOg,2026-03-23T13:59:35.386Z,34.0,34.859,34.0
Oil Filter 🤔Kyun Hota Hai?😱 90% Log Nahi Jaante!Zyada Tight Oil Filter Badi Problem 😱#youtubeshorts,https://www.youtube.com/watch?v=owQRAfgxtVo,Jaga Car .m23,https://www.youtube.com/channel/UCb5tW9LDZuLhk_h3LjseTXg,2026-03-23T13:59:33.922Z,20.0,1.464,1.464
Зажим провода в винтовой клеммник,https://www.youtube.com/watch?v=1rbV0c3OlKo,Электрик Минск Электромонтаж от Jelektrik by,https://www.youtube.com/channel/UCYmXI1ZYaaPnS8p5vitm79g,2026-03-23T13:59:32.403Z,94.0,1.519,1.519
Bonsmara Bull Escapes,https://www.youtube.com/watch?v=vcR3lBcfZVs,SPM FARMS ,https://www.youtube.com/channel/UCaRSy9pEIhlQ6Z1QGSUAZHg,2026-03-23T13:59:29.498Z,18.0,2.905,2.905
The Mechanic Hack They Never Told You About! #mechanic,https://www.youtube.com/watch?v=ZbGNOFoQVMI,Gearheadbryan,https://www.youtube.com/channel/UCNpd5mjGfrQq5L9bWnOBQ_g,2026-03-23T13:58:53.681Z,35.0,35.817,35.0
How Much to Live a Good Life in the Philippines? | Asking a Filipina 🇻🇳,https://www.youtube.com/watch?v=0S5LewWznSM,Nik Vlogs,https://www.youtube.com/channel/UCeEj620f7QCEhqbrNp7a0gQ,2026-03-23T13:58:51.041Z,56.0,2.64,2.64
NEW: Axe is now lighter,https://www.youtube.com/watch?v=97s26fVTVSc,,,2026-03-23T13:58:50.187Z,13.0,0.854,0.854
Differential service #1 60k miles and you’re safe #oneeyedgarage #autorepair #differential #mechanic,https://www.youtube.com/watch?v=epdLk195PaM,One eyed garage,https://www.youtube.com/channel/UCh23PX6gTRRuR9liaP50Ssw,2026-03-23T13:57:31.595Z,78.0,78.592,78.0
How Shop Vacs Work #chrisboden #comedy #engineering #educational #diy #science #filter,https://www.youtube.com/watch?v=XnFKai0ycS8,Chris Boden,https://www.youtube.com/channel/UCbaAyXYMnbQu0BGGPbvxHsw,2026-03-23T13:57:30.637Z,125.0,0.958,0.958
Zillow | Someday Starts Today | Anthem :15,https://www.youtube.com/watch?v=4LjEYZ_nr9E,,,2026-03-23T13:57:29.909Z,16.0,0.728,0.728
And pro tip make sure you rub the ground rod for added grip,https://www.youtube.com/watch?v=bIRLUDmEwtE,LineCrate,https://www.youtube.com/channel/UCOXlU5x0buScYKxju--yc_A,2026-03-23T13:57:27.322Z,28.0,2.587,2.587
The Angry Protest Confrontation & Al’s Sarcastic Survival Switch 😤🔥 | Married... with Children,https://www.youtube.com/watch?v=aE9eFZs_JGA,Samuel Clark,https://www.youtube.com/channel/UCawu_Y5Mn55AaJitMfX0wew,2026-03-23T13:57:25.672Z,59.0,1.65,1.65
Straighten the pickup truck chassis.#shorts #ช่างประดิษฐ์,https://www.youtube.com/watch?v=bBB8iBj9tVc,Pardit ช่างประดิษฐ์,https://www.youtube.com/channel/UC5jYteqrL8vGHtvO2xZ7RWw,2026-03-23T13:57:21.714Z,29.0,3.958,3.958
My husband is a savage beast #trolljoel #couplecomedy #marriagehumor #savage #howtoloseaguyin10days,https://www.youtube.com/watch?v=PdmhdEFqrqY,Christy Smith,https://www.youtube.com/channel/UCsdVEuAU38Xq1c0e2Ut-RAg,2026-03-23T13:57:17.825Z,64.0,3.889,3.889
EXCAVATOR TRICK TURNS TREE TRUNK INTO GIANT RULER 🤯🌳,https://www.youtube.com/watch?v=s1A81S__ALA,XTREM FUN,https://www.youtube.com/channel/UC3d_8EWGifye2epsB1jRAeA,2026-03-23T13:57:07.238Z,15.0,10.587,10.587
BV Banana Milk Latte No Audio,https://www.youtube.com/watch?v=gLfYUT2JYWM,,,2026-03-23T13:57:06.389Z,13.0,0.849,0.849
J. Deere HATES This One Trick,https://www.youtube.com/watch?v=PsIZd2nfHFk,Glease Man,https://www.youtube.com/channel/UCyjxkVwXsJtuQucZ9YSQ6FQ,2026-03-23T13:57:02.604Z,180.0,3.785,3.785
🤣👌👌👌2026 pov Must-Watch Crazy Clips Compilation #humor #fypシ #pov #fyp #foryou 😍😜,https://www.youtube.com/watch?v=LJkldkzGDe0,Arcenia Carezia,https://www.youtube.com/channel/UC5Rs2CR8cIgln1cFn_z1eKQ,2026-03-23T13:56:59.430Z,67.0,3.174,3.174
installing a new dual union pressure regulator and ball valves,https://www.youtube.com/watch?v=3-u3Y9h9LJ8,replumb,https://www.youtube.com/channel/UCiVsCNoKoqzFcc4EnzfS2Aw,2026-03-23T13:56:52.873Z,61.0,6.557,6.557
Soap in Cast Iron - A Sin or Necessity?,https://www.youtube.com/watch?v=RLx3tzqFv3Y,Cowboy Kent Rollins,https://www.youtube.com/channel/UClrMJRlvoyoWsVlB-7c61PQ,2026-03-23T13:56:51.175Z,76.0,1.698,1.698
The Brake Job Hack You’ll Wish You Knew Sooner #mechanic,https://www.youtube.com/watch?v=EXmJFP-NZzU,Gearheadbryan,https://www.youtube.com/channel/UCNpd5mjGfrQq5L9bWnOBQ_g,2026-03-23T13:56:24.934Z,27.0,26.241,26.241
So Many Reasons to Love Dental Dog Treats from DentaLife,https://www.youtube.com/watch?v=uoDkjeObu_c,,,2026-03-23T13:56:24.203Z,16.0,0.731,0.731
Oh No,https://www.youtube.com/watch?v=aohJ08UB06Q,I-ROC ENT,https://www.youtube.com/channel/UCHkbhiv_-yNjjlmVr0oDJlQ,2026-03-23T13:56:13.524Z,45.0,10.679,10.679
#tips como hacer los cortes,https://www.youtube.com/watch?v=U5rL7XdiXNg,diazconstruccion,https://www.youtube.com/channel/UCcdVkYKe51r1bON48vEcHOg,2026-03-23T13:56:12.349Z,50.0,1.175,1.175
“Fantasy Team” with Fred Warner & Puka Nacua :15 Commercial,https://www.youtube.com/watch?v=Jj9MJzyZHBM,,,2026-03-23T13:56:11.533Z,16.0,0.816,0.816
Joe Rogan STUNNED By Donald Trump’s “Wet Raccoon” Joke Breaking The Internet,https://www.youtube.com/watch?v=Y5tvBVg-WUc,CheckmatePolitics,https://www.youtube.com/channel/UCnoc_1bz4BsS35MpQDxtDKA,2026-03-23T13:56:10.489Z,33.0,1.044,1.044
this is a quick and brilliant way to make corner joints,https://www.youtube.com/watch?v=jcegtHGeeR0,TRIS WOOD,https://www.youtube.com/channel/UCJo1SyHJA88v5BnEJzU1Vwg,2026-03-23T13:56:09.598Z,20.0,0.891,0.891
Dicas Mecânica,https://www.youtube.com/watch?v=KoWvVm_J0Uo,Dicas mecânicas ,https://www.youtube.com/channel/UCjxzaewZrWDu0KYGa5npKfw,2026-03-23T13:55:00.402Z,66.0,69.196,66.0
BEFORE BTS LIVE COMEBACK 🇰🇷,https://www.youtube.com/watch?v=1E9bzfNrFd8,Helen Li,https://www.youtube.com/channel/UCLM5ZegvnvAm1CXnj1zDuHA,2026-03-23T13:54:58.908Z,17.0,1.494,1.494
Kimberly UGC :20 - March 31st,https://www.youtube.com/watch?v=TkH7y7hXINM,,,2026-03-23T13:54:57.345Z,19.0,1.563,1.563
#pov #funny #skit #acting #tools #fyp #foryou #satisfying #story #shorts,https://www.youtube.com/watch?v=8kxVQPqiGbE,Ella.marie.andy_1,https://www.youtube.com/channel/UCERwxhfQBGy-pEmSnUncQ8A,2026-03-23T13:54:54.791Z,,2.554,2.554
Underground pipes.  #plumbing,https://www.youtube.com/watch?v=Ftzuyradizs,PlumbingSk8r,https://www.youtube.com/channel/UCk66wW0Re_rmQJFszx0hi7A,2026-03-23T13:54:52.933Z,96.0,1.858,1.858
Roofing Replacement K-UGC3.mov,https://www.youtube.com/watch?v=EDLlRO13KUI,,,2026-03-23T13:54:51.897Z,30.0,1.036,1.036
his 1942 instructional film shows flat-position welding taught with military-level discipline.,https://www.youtube.com/watch?v=muWctui6Uxg,Welding Fabrication World,https://www.youtube.com/channel/UCz71yNkB2EyT-2dRPFETMxA,2026-03-23T13:54:21.479Z,,30.418,30.418
Do you have a rifle or pistol?,https://www.youtube.com/watch?v=1VX24v56aWU,Sarah Hayes,https://www.youtube.com/channel/UCiAFsAWHSDPUL5yVchGYuLw,2026-03-23T13:54:18.880Z,24.0,2.599,2.599
The Greatest Speed Square Hack EVER?!? Check out the full video on our homepage! #protips #tutorial,https://www.youtube.com/watch?v=dMC_9Mmjj40,J&K Carpentry Bros ,https://www.youtube.com/channel/UCxVakfo5-xMyRjm6QrAxzXw,2026-03-23T13:53:10.374Z,56.0,68.506,56.0
cid=a1c4c5a95f018bcbddc3bc5c0baaef0e,https://www.youtube.com/watch?v=Skhr9kFF-uk,,,2026-03-23T13:53:09.102Z,19.0,1.272,1.272
This is a creative way to make wood corner joints,https://www.youtube.com/watch?v=9qWJxRZmcQA,TRIS WOOD,https://www.youtube.com/channel/UCJo1SyHJA88v5BnEJzU1Vwg,2026-03-23T13:52:53.772Z,24.0,15.33,15.33
40868285,https://www.youtube.com/watch?v=VeXasIGabck,,,2026-03-23T01:50:51.928Z,16.0,43321.844,16.0
Get them both,https://www.youtube.com/watch?v=uQrKHHJOmn0,,,2026-03-23T01:47:10.560Z,31.0,221.368,31.0
26Feb GLO 5YR 15 vs1,https://www.youtube.com/watch?v=XVsQ1qzmYIU,,,2026-03-23T01:46:54.222Z,15.0,16.338,15.0
ItJustMakesSense 50%More 6s Bumper,https://www.youtube.com/watch?v=isH7AyCmoY0,,,2026-03-23T01:46:46.484Z,6.0,7.738,6.0
aid104804 2025 Rebrand Teaser CTV 06s US FA 01949,https://www.youtube.com/watch?v=UEcNORETIzw,,,2026-03-23T01:46:39.062Z,7.0,7.422,7.0
NJM Laser Beam :15,https://www.youtube.com/watch?v=yhn0Ffu9u9w,,,2026-03-23T01:46:22.719Z,16.0,16.343,16.0
Mr. Pipp,https://www.youtube.com/watch?v=oXJsmmDv4yc,,,2026-03-23T01:19:13.615Z,31.0,1629.104,31.0
Sling Commercial 2026 | Sling Select,https://www.youtube.com/watch?v=hqLPCMMcbew,,,2026-03-23T01:18:57.078Z,15.0,16.537,15.0
Try NEW Olay Super Serum Body Wash,https://www.youtube.com/watch?v=kHxGRk91gG0,,,2026-03-23T01:18:49.620Z,,7.458,7.458
Renewal Cares - RenewalintheCommunity.com,https://www.youtube.com/watch?v=fBDOKeQZe3k,,,2026-03-23T01:18:18.275Z,31.0,31.345,31.0
What Happens During A Robot Wash Cycle? 🤖,https://www.youtube.com/watch?v=Noh42pmc4E4,Acres of Clay Homestead,https://www.youtube.com/channel/UCnFjZIwkMqJSWWPajK9QXxA,2026-03-23T01:05:15.891Z,1771.0,782.384,782.384
RYAN CLOSER REVISED 15/ Now Playing Only In Theaters,https://www.youtube.com/watch?v=D1AA4BYUv70,,,2026-03-23T01:05:11.479Z,16.0,4.412,4.412
Preg Checking Cows + Wheat Is Finally Growing! 🍀,https://www.youtube.com/watch?v=8NmRMIVxavA,Kip Siegler Farming,https://www.youtube.com/channel/UCVe2BxmFOI4Vhd7B7PoVRgw,2026-03-23T01:05:02.090Z,1557.0,9.389,9.389
T2_Gemini_US_Student_WordsDontLand_H_16X9_14s_C_Y_UI_N-Pr_Bl_Ph_W_ST-NIL_MO_en_.mp4,https://www.youtube.com/watch?v=o1QMbnlBaUo,,,2026-03-23T01:04:44.690Z,15.0,17.4,15.0
Shortened: SMB BFORM25Q4 US CA EN Video COBOL SJ 15s NOFR WM,https://www.youtube.com/watch?v=zi1mvQqJlkc,,,2026-03-23T01:04:30.944Z,13.0,13.746,13.0
Shape Change Together | Maze,https://www.youtube.com/watch?v=xTKmb3XU3EQ,,,2026-03-23T00:52:02.206Z,46.0,748.738,46.0
Grid Gorgeous :15,https://www.youtube.com/watch?v=wxACOVKkrAw,,,2026-03-23T00:51:45.209Z,16.0,16.997,16.0
2026 YGYW Any Way You Want JOURNEY 15 SLT1112251AH YouTube,https://www.youtube.com/watch?v=21JbWfLmwio,,,2026-03-23T00:51:28.655Z,16.0,16.554,16.0
JGR US 15 GetYourColorBack 16x9 CEGR0002000H 1920x1080,https://www.youtube.com/watch?v=Pjc6Yeq6v2w,,,2026-03-23T00:51:12.224Z,16.0,16.431,16.0
Chick-fil-A | GM | BEC & SEC - Comfort Is Calling | :06 | OLV,https://www.youtube.com/watch?v=svU8Dy5ZlqU,,,2026-03-23T00:51:04.549Z,6.0,7.675,6.0
Internal Rotary Parlor Outer Floor Is Poured - Fixing Doors and Feeding Cows,https://www.youtube.com/watch?v=H3BejRAaJ8M,Arlo Farms,https://www.youtube.com/channel/UCpeDcDTvl_jK9uO3fZ3j91A,2026-03-23T00:40:14.915Z,1349.0,649.634,649.634
30 IntenseTOS UPSX263241XH,https://www.youtube.com/watch?v=kzEjhiAnm-I,,,2026-03-23T00:40:04.003Z,31.0,10.912,10.912
See how Amazon is empowering hourly employees,https://www.youtube.com/watch?v=JtdaOV0TvVk,,,2026-03-23T00:39:55.692Z,7.0,8.311,7.0
Dune: Part Three | Official Teaser Trailer,https://www.youtube.com/watch?v=3_9vCamtuPY,,,2026-03-22T03:49:16.606Z,150.0,75039.086,150.0
VAHE YouTube 16x9 Ehrlich Phase1 PestGuest GenPest 15 EN MP4,https://www.youtube.com/watch?v=GCnWTmK7VgI,,,2026-03-22T03:49:00.179Z,16.0,16.427,16.0
High Cost Of Living,https://www.youtube.com/watch?v=j3Ukaov-PEM,Jamey Johnson - Topic,https://www.youtube.com/channel/UCoKXsJa7jRleuGMulu6d12w,2026-03-22T03:43:11.688Z,346.0,348.491,346.0
Seven Mary Three - Cumbersome (Official Video),https://www.youtube.com/watch?v=NjNn4bbbgSw,Atlantic Records,https://www.youtube.com/channel/UCe4LM_eKc9ywRmVuBm5pjQg,2026-03-22T03:42:35.250Z,240.0,36.438,36.438
Amica Insurance | Protect What Matters Most,https://www.youtube.com/watch?v=WGzlIvIFcMI,,,2026-03-22T03:42:17.914Z,16.0,17.336,16.0
Free Gift with Purchase | Harbor Freight,https://www.youtube.com/watch?v=lTxcYM5tp-A,,,2026-03-22T03:42:01.300Z,16.0,16.614,16.0
Five Finger Death Punch - Wash It All Away (Explicit),https://www.youtube.com/watch?v=l9VFg44H2z8,5FDPVEVO,https://www.youtube.com/channel/UC_fN8QapvzsTxrddAN3w9tw,2026-03-22T03:38:01.339Z,239.0,239.961,239.0
Chicken Fingers | Rewards on Hotels.com,https://www.youtube.com/watch?v=pXuXVZTJdFQ,,,2026-03-22T03:37:29.091Z,31.0,32.248,31.0
Google AI Plus,https://www.youtube.com/watch?v=bcCrMerN4zw,,,2026-03-22T03:37:05.843Z,22.0,23.248,22.0
Five Finger Death Punch - The Bleeding,https://www.youtube.com/watch?v=KAuyEG7JPbE,5FDPVEVO,https://www.youtube.com/channel/UC_fN8QapvzsTxrddAN3w9tw,2026-03-22T03:33:09.049Z,236.0,236.794,236.0
Now Taxes is Expertise No Hidden Fees - TurboTax 2026 Commercial (3/31 :30),https://www.youtube.com/watch?v=2qACnWjLrRs,,,2026-03-22T03:32:36.906Z,31.0,32.143,31.0
011226_GEN_LL_Tax Plan_TVC_animation_16x9_30sec_YouTube_20260112_V03.mp4,https://www.youtube.com/watch?v=BRjwb1JEuTM,,,2026-03-22T03:32:04.719Z,31.0,32.187,31.0
Five Finger Death Punch - Blue on Black (Official Video),https://www.youtube.com/watch?v=IMCfSjF_vSg,5FDPVEVO,https://www.youtube.com/channel/UC_fN8QapvzsTxrddAN3w9tw,2026-03-22T03:26:37.837Z,326.0,326.882,326.0
"""I wanted to check my FICO® Score but it does so much more"" – Experian App",https://www.youtube.com/watch?v=uhH5mnApuSQ,,,2026-03-22T03:26:20.570Z,16.0,17.267,16.0
Keep more of your tax refund by switching to FreeTaxUSA,https://www.youtube.com/watch?v=P-qcKOeHpf0,,,2026-03-22T03:25:14.033Z,66.0,66.537,66.0
Five Finger Death Punch - Wrong Side Of Heaven,https://www.youtube.com/watch?v=o_l4Ab5FRwM,5FDPVEVO,https://www.youtube.com/channel/UC_fN8QapvzsTxrddAN3w9tw,2026-03-22T03:18:00.025Z,433.0,434.008,433.0
Drake - Over,https://www.youtube.com/watch?v=2lTB1pIg1y0,DrakeVEVO,https://www.youtube.com/channel/UCQznUf1SjfDqx65hX3zRDiA,2026-03-22T03:17:39.263Z,242.0,20.762,20.762
Brewed Here | Michelob ULTRA | ENG,https://www.youtube.com/watch?v=jiyNOYvDLzU,,,2026-03-22T03:17:31.392Z,16.0,7.871,7.871
"Drake, Kanye West, Lil Wayne, Eminem - Forever (Explicit Version) (Official Music Video)",https://www.youtube.com/watch?v=eDuRoPIOBjE,DrakeVEVO,https://www.youtube.com/channel/UCQznUf1SjfDqx65hX3zRDiA,2026-03-22T03:11:14.374Z,374.0,377.018,374.0
Budweiser | Super Bowl LX Teaser 'Stable',https://www.youtube.com/watch?v=FAd8juj6-_k,,,2026-03-22T03:11:06.411Z,16.0,7.963,7.963
Drake - Started From the Bottom,https://www.youtube.com/watch?v=RubBzkZzpUA,DrakeVEVO,https://www.youtube.com/channel/UCQznUf1SjfDqx65hX3zRDiA,2026-03-22T03:08:40.592Z,321.0,145.819,145.819
Tom Petty - You Don't Know How It Feels [Official Music Video],https://www.youtube.com/watch?v=ygfA1A45tn8,Tom Petty & The Heartbreakers,https://www.youtube.com/channel/UCvYomLPMwUr1FAXRMGhVfCQ,2026-03-22T03:07:28.728Z,289.0,71.864,71.864
Tron: Ares,https://www.youtube.com/watch?v=8K4fxoGIw1A,,,2026-03-22T03:06:26.639Z,60.0,62.089,60.0
K-Pop Style | Airbnb Experiences,https://www.youtube.com/watch?v=tz-0EJ6qjjw,,,2026-03-22T03:05:55.067Z,31.0,31.572,31.0
"Everlast - Smoking and Drinking | Paste Studios, NYC (2018)",https://www.youtube.com/watch?v=mYGGfK4bqVs,Paste Magazine,https://www.youtube.com/channel/UC_PscE_7n8SiMspieMGMK_A,2026-03-22T03:01:34.891Z,208.0,260.176,208.0
Now Taxes is a Joy to File - TurboTax 2026 Commercial (Official TV Ad :30),https://www.youtube.com/watch?v=mqJ3IFWHqXU,,,2026-03-22T03:01:02.613Z,31.0,32.278,31.0
Savings Wrangler Kitchen 15 59,https://www.youtube.com/watch?v=xtG5egS4lho,,,2026-03-22T03:00:45.995Z,16.0,16.618,16.0
Santana - Put Your Lights On (Official Video) ft. Everlast,https://www.youtube.com/watch?v=KCBS5EtszYI,SantanaVEVO,https://www.youtube.com/channel/UCty_FzLdVEPlsUMg1O8eEgA,2026-03-22T02:56:25.055Z,258.0,260.94,258.0
Everlast - Black Jesus (Official Music Video),https://www.youtube.com/watch?v=dVeLYAgiJxg,Tommy Boy,https://www.youtube.com/channel/UCnSR7_Oq-MdsZxfogsfk-Ug,2026-03-22T02:55:55.391Z,262.0,29.664,29.664
See how Amazon is empowering hourly employees,https://www.youtube.com/watch?v=2MXM6ZA0b4M,,,2026-03-22T02:55:23.253Z,31.0,32.138,31.0
Instagram Teen Accounts,https://www.youtube.com/watch?v=rl4cwI6I7PY,,,2026-03-22T02:55:06.639Z,16.0,16.614,16.0
Everlast - Ends (Official Music Video),https://www.youtube.com/watch?v=MjiMqeD-lrs,Tommy Boy,https://www.youtube.com/channel/UCnSR7_Oq-MdsZxfogsfk-Ug,2026-03-22T02:50:25.950Z,278.0,280.689,278.0
Yelawolf - You and Me (Official Video),https://www.youtube.com/watch?v=jjNP9hdqfS4,Yelawolf,https://www.youtube.com/channel/UCeWSsy6hPAxThTS6QSAVwAA,2026-03-22T02:49:42.629Z,247.0,43.321,43.321
T2_Gemini_US_Student_Plant_H_16X9_13s_C_Y_UI_N-Pr_Bl_Ph_W_ST-NIL_MO_en_.mp4,https://www.youtube.com/watch?v=faqy2s8kRVg,,,2026-03-22T02:49:27.276Z,13.0,15.353,13.0
Never run out of tailored nutrition | Chewy,https://www.youtube.com/watch?v=V9gxfNzeUV8,,,2026-03-22T02:49:10.810Z,16.0,16.466,16.0
Everlast - What it's Like (Official Music Video),https://www.youtube.com/watch?v=qA1nGPM9yHA,Tommy Boy,https://www.youtube.com/channel/UCnSR7_Oq-MdsZxfogsfk-Ug,2026-03-22T02:44:34.434Z,276.0,276.376,276.0
Nickelback - Burn It to the Ground [OFFICIAL HD VIDEO],https://www.youtube.com/watch?v=iSf_cs4-E-I,Roadrunner Records,https://www.youtube.com/channel/UCRRxSTgPUY0q_YToaczc2BQ,2026-03-22T02:43:38.580Z,213.0,55.854,55.854
Savings Wrangler Elevator 15 59,https://www.youtube.com/watch?v=-TPNU1e9efs,,,2026-03-22T02:43:29.478Z,16.0,9.102,9.102
Five Finger Death Punch- Bad Company,https://www.youtube.com/watch?v=u_VsvZmIWxY,Five Finger Death Punch,https://www.youtube.com/channel/UCQjw3b3Ay5zMmEHUAxL93Rw,2026-03-22T02:39:09.467Z,257.0,260.011,257.0
Video Ad,https://www.youtube.com/watch?v=qdKEzgVHct4,,,2026-03-22T02:37:52.456Z,76.0,77.011,76.0
Steve Earle - Copperhead Road (Official Music Video),https://www.youtube.com/watch?v=xvaEJzoaYZk,SteveEarleVEVO,https://www.youtube.com/channel/UCGFLa8vQBZIzn-Coxjcfi8w,2026-03-22T02:31:35.593Z,270.0,376.863,270.0
Shortened: SMB BFORM25Q4 US CA EN Video COBOL SJ 15s NOFR WM,https://www.youtube.com/watch?v=zi1mvQqJlkc,,,2026-03-22T02:31:21.111Z,13.0,14.482,13.0
Home Tester Club Member Tamara's TurboTax Expert Full Service Testimonial (:30),https://www.youtube.com/watch?v=v4lVjBJ-EAo,,,2026-03-22T02:30:49.438Z,31.0,31.673,31.0
Crazed Country Rebel,https://www.youtube.com/watch?v=f2RipyQz8uY,Hank Williams III - Topic,https://www.youtube.com/channel/UC0YPAb4zDpZRTH2cNja1RbA,2026-03-22T02:27:39.938Z,188.0,189.5,188.0
30 GalaxyEvent UPSX263331XH,https://www.youtube.com/watch?v=pPZlacRgoqI,,,2026-03-22T02:27:29.495Z,31.0,10.443,10.443
See how Amazon is empowering American small businesses,https://www.youtube.com/watch?v=05cTSFJVWYc,,,2026-03-22T02:27:21.598Z,7.0,7.897,7.0
One Horse Town,https://www.youtube.com/watch?v=1_3LoMfYLjs,Hank Williams III - Topic,https://www.youtube.com/channel/UC0YPAb4zDpZRTH2cNja1RbA,2026-03-22T02:24:29.888Z,171.0,171.71,171.0
Yes! FreeTaxUSA gives away free federal filing for everyone. It's safe and accurate too.,https://www.youtube.com/watch?v=XBc-XBOHoFE,,,2026-03-22T02:24:02.298Z,65.0,27.59,27.59
Low Down,https://www.youtube.com/watch?v=wM0Q__hBauk,Hank Williams III - Topic,https://www.youtube.com/channel/UC0YPAb4zDpZRTH2cNja1RbA,2026-03-22T02:20:35.296Z,205.0,207.002,205.0
Amos Moses,https://www.youtube.com/watch?v=PbXFHSa4YmQ,Jerry Reed - Topic,https://www.youtube.com/channel/UC16q7SRg5jbLq7NXD-oZf7g,2026-03-22T02:20:25.614Z,140.0,9.682,9.682
Louisiana Saturday Night,https://www.youtube.com/watch?v=xpKSboDxXx8,Mel McDaniel - Topic,https://www.youtube.com/channel/UC78bAgbVu1RGVorKhORbccQ,2026-03-22T02:17:59.585Z,145.0,146.029,145.0
Nearly Home: The One with the Statement Wall - Realtor.com,https://www.youtube.com/watch?v=vPRiMY-mtg0,,,2026-03-22T02:17:33.093Z,16.0,26.492,16.0
Mississippi Mud,https://www.youtube.com/watch?v=1lB8X5cq82I,Hank Williams III - Topic,https://www.youtube.com/channel/UC0YPAb4zDpZRTH2cNja1RbA,2026-03-22T02:14:10.121Z,201.0,202.972,201.0
swapping out a hose bib #plumber #plumbing #diy #soldering #easymoney,https://www.youtube.com/watch?v=5RpwyX7zKdQ,replumb,https://www.youtube.com/channel/UCiVsCNoKoqzFcc4EnzfS2Aw,2026-03-20T19:04:08.868Z,61.0,112201.253,61.0
cid=aafd1306fd5fa5bf569b9aa274574695,https://www.youtube.com/watch?v=LefnqrkA9Cc,,,2026-03-20T19:04:07.664Z,22.0,1.204,1.204
"County Poured Chlorine Into His Trout Pond — Killed 300 Fish in Minutes — ""No Permit""",https://www.youtube.com/watch?v=fut3anH7qJo,Court of the People,https://www.youtube.com/channel/UCayoOiFvtfZ_jJrVCOepggw,2026-03-20T19:04:06.688Z,68.0,0.976,0.976
#torno #tornearia #solda #soldador #usinagem,https://www.youtube.com/watch?v=MrBDrcvrtMM,Torneiro dias ,https://www.youtube.com/channel/UCr7F2EVJkfJAfXe4RZAQ51w,2026-03-20T19:04:05.021Z,62.0,1.667,1.667
My crazy wife thinks she’s funny 🤦🏻‍♂️  #couplecomedy #estimate  #HomeImprovement  #marriagehumor,https://www.youtube.com/watch?v=T9xLYz6Rimc,Kevin Caliber,https://www.youtube.com/channel/UCqTm4WKmYF423q9dGpbKttA,2026-03-20T19:04:01.581Z,18.0,3.44,3.44
Preparation for installation of the propane line for the outdoor kitchen #outdoorcooking,https://www.youtube.com/watch?v=NWNc9QxNC-g,Filipino in Florida,https://www.youtube.com/channel/UCXdhFQrCNLcxCqx2HIDR6fw,2026-03-20T19:04:00.361Z,20.0,1.22,1.22
#tips 👍,https://www.youtube.com/watch?v=Giz6z190Ztg,diazconstruccion,https://www.youtube.com/channel/UCcdVkYKe51r1bON48vEcHOg,2026-03-20T19:03:54.794Z,52.0,5.567,5.567
Mainframe AI: Speed Meets Strategy,https://www.youtube.com/watch?v=M_RJky8uPHA,,,2026-03-20T19:03:51.596Z,58.0,3.198,3.198
replacing a shut off valve like a pro,https://www.youtube.com/watch?v=muPD2rPLULI,replumb,https://www.youtube.com/channel/UCiVsCNoKoqzFcc4EnzfS2Aw,2026-03-20T19:01:36.861Z,61.0,134.735,61.0
She actually had a guy in there and was cheating on me #cheater #relationship #cheating,https://www.youtube.com/watch?v=JhrtuVJQT8g,Conor Fallon,https://www.youtube.com/channel/UCxxVoC_8ZaoMu1G5cYRyWbw,2026-03-20T19:01:36.067Z,93.0,0.794,0.794
The Secret to Perfect Caulking #diy #carpentry #construction,https://www.youtube.com/watch?v=WASefe_Sn9A,The Funny Carpenter,https://www.youtube.com/channel/UCgx_ERh6IE-Td3FLJstu1iQ,2026-03-20T19:01:34.903Z,24.0,1.164,1.164
"First shorts vlog, what are your ideas for my next one? #tallgirl #explore #tall #tallwoman",https://www.youtube.com/watch?v=FSIWa-Do1ss,Maddy,https://www.youtube.com/channel/UCttVrugHHcQEXnSiOXAnJhQ,2026-03-20T19:01:18.586Z,,16.317,16.317
VAVE YouTube 9x16 Ehrlich Phase1 Smash GenPest 06 EN MP4,https://www.youtube.com/watch?v=IoTzw4LcHOA,,,2026-03-20T19:01:17.813Z,7.0,0.773,0.773
#electrician #electricianlife #electriciansoftiktok #americanelectrician,https://www.youtube.com/watch?v=ETKg6E2crKc,plmokn903,https://www.youtube.com/channel/UCNeEL6A_RSD4-nhM_qYyW9w,2026-03-20T19:00:10.459Z,95.0,67.354,67.354
"How to install flooring. Love, Dad",https://www.youtube.com/watch?v=I1g2A8_c-1Q,Dad Advice From Bo,https://www.youtube.com/channel/UCity_qp1lQfwByf4joIre2g,2026-03-20T19:00:09.228Z,81.0,1.231,1.231
#dicas #construçãocivil #obra,https://www.youtube.com/watch?v=RK48kQIy13s,Amauri Construções,https://www.youtube.com/channel/UC1HpwV55UfGEN8OiGfUfa1g,2026-03-20T18:59:48.335Z,,20.893,20.893
We should be friend dating more than dating dating tbh😛 From Girls with Goals episode: The Rules,https://www.youtube.com/watch?v=LyCXDydtt5s,Caroline Conneen,https://www.youtube.com/channel/UCtT7USAX6SnJCAwtYBwBNSg,2026-03-20T18:59:42.647Z,21.0,5.688,5.688
Kimberly UGC :20 - March 31st,https://www.youtube.com/watch?v=TkH7y7hXINM,,,2026-03-20T18:59:41.024Z,19.0,1.623,1.623
Builder said the inspection wasn’t necessary… let’s take a look. 👀,https://www.youtube.com/watch?v=YHggOw9pRrU,Jordan Van Voorst,https://www.youtube.com/channel/UCOtuZ1HgwuhJH6VV5yJPjqQ,2026-03-20T18:59:32.648Z,163.0,8.376,8.376
Hilarious Shane Gillis Kidnapping Sketch🤣🤣🤣ft Steve Gerben #shanegillis #comedy #snl #mssp,https://www.youtube.com/watch?v=1PX-wCSbJA8,CANCEL ME COMEDY,https://www.youtube.com/channel/UCT_idQparWMxBTcug2ed-qA,2026-03-20T18:59:30.198Z,,2.45,2.45
Try Cameron's pizza for $9.99 with the Best Deal Ever! Via @CameronBoozer on IG,https://www.youtube.com/watch?v=TvIIA6djYUU,,,2026-03-20T18:59:28.551Z,34.0,1.647,1.647
Was this her final straw?,https://www.youtube.com/watch?v=NpFY5lnOcXg,Justin Stagner ,https://www.youtube.com/channel/UCBU1iuJZN6UtBjQcgvuwJ_Q,2026-03-20T18:59:27.006Z,42.0,1.545,1.545
ONLY FOR THE GENIUS,https://www.youtube.com/watch?v=Wf1RWLUqiB8,Wyse ideas,https://www.youtube.com/channel/UC7tvdMoebbyLgBQAVOg8qCg,2026-03-20T18:59:26.031Z,42898.0,0.975,0.975
Get started the right way 🧐#roofing #roofingcontractor #roofer #fyp #bluecollarcontent #builder,https://www.youtube.com/watch?v=FvxS4cwOTDo,Blue Collar Content,https://www.youtube.com/channel/UCLsJr3NrwrZPA1_uPeXlvWA,2026-03-20T18:59:24.459Z,110.0,1.572,1.572
Happy Ostara AKA First day of spring!,https://www.youtube.com/watch?v=Z0f3XL9XrCA,Within The Starlit Willow,https://www.youtube.com/channel/UCatsnfecjDA5z2NT0p7IHQA,2026-03-20T18:59:22.967Z,97.0,1.492,1.492
#illustration #tattoo #art #pov #procreate #drawing #whydidntmyexcomeback #digitalart,https://www.youtube.com/watch?v=YSe6Hbbu6tY,vaflis,https://www.youtube.com/channel/UC6buE1herw0omkuj14ynwyQ,2026-03-20T18:59:21.626Z,,1.341,1.341
Coors Banquet. Brewed with 100% Rocky Mountain Water.,https://www.youtube.com/watch?v=g5LDA3dXZ7w,,,2026-03-20T18:59:20.781Z,7.0,0.845,0.845
Stop using a tape measure to cut flooring #scribe,https://www.youtube.com/watch?v=_FNkuRTPLco,Michael Dunn,https://www.youtube.com/channel/UCKuB-Aqg28GKofMHCR5ksmg,2026-03-20T18:57:36.701Z,58.0,104.08,58.0
Only Two Things To Worry About…💀||- BowtieComedy😅,https://www.youtube.com/watch?v=22pKoZvJMlM,Dapo IbrahimTV,https://www.youtube.com/channel/UCQsTgnl9c6Ij3n53cqyLAEA,2026-03-20T18:57:35.778Z,74.0,0.923,0.923
Daytona 3” Magnetic Jack Pad Pinch Weld Adapter | Harbor Freight #shorts,https://www.youtube.com/watch?v=klmAn8ozOyA,,,2026-03-20T18:57:29.973Z,21.0,5.805,5.805
Colocando engate #torno #tornearia #solda #soldador #usinagem,https://www.youtube.com/watch?v=-krOAmRg0Is,Torneiro dias ,https://www.youtube.com/channel/UCr7F2EVJkfJAfXe4RZAQ51w,2026-03-20T18:56:46.848Z,57.0,43.125,43.125
"Family camping trips, am I right!?",https://www.youtube.com/watch?v=GXyymAu0oY0,Sarah Hayes,https://www.youtube.com/channel/UCiAFsAWHSDPUL5yVchGYuLw,2026-03-20T18:56:43.902Z,35.0,2.946,2.946
CLUNK? CREAK? GRIND? Fix Common Suspension Noises FOR GOOD!#truck #engine #repair #parts,https://www.youtube.com/watch?v=vREJz3fznvE,Gai parts,https://www.youtube.com/channel/UCkhZ-uwEEwsywl1HqADh_kw,2026-03-20T18:56:42.628Z,17.0,1.274,1.274
I’ll give him peace #marriagehumor #couplecomedy #relationships,https://www.youtube.com/watch?v=gFhznOvdFoE,shesjustmac68,https://www.youtube.com/channel/UC6UkuAvo0IO10XnNYsEFRxg,2026-03-20T18:56:20.214Z,25.0,22.414,22.414
09 03 2026 RainAllWeek WinMoney TPM,https://www.youtube.com/watch?v=iKvZfnEW5w8,,,2026-03-20T18:56:18.335Z,18.0,1.879,1.879
The Magic Crescent Wrench Fix!  #diy #carpentry #construction,https://www.youtube.com/watch?v=TcIjPPrwX4U,The Funny Carpenter,https://www.youtube.com/channel/UCgx_ERh6IE-Td3FLJstu1iQ,2026-03-20T18:55:39.223Z,38.0,39.112,38.0
She was cheating on me in plain sight and had no way of denying it #cheater #relationship #cheating,https://www.youtube.com/watch?v=4hJfUokT6kw,Conor Fallon,https://www.youtube.com/channel/UCxxVoC_8ZaoMu1G5cYRyWbw,2026-03-20T18:53:46.179Z,95.0,113.044,95.0
Marcus Adulting :30,https://www.youtube.com/watch?v=WuBmGH1t3gY,,,2026-03-20T02:03:00.073Z,30.0,60646.106,30.0
Made to be More: We Found Solutions,https://www.youtube.com/watch?v=Pd7bFwdi4NQ,,,2026-03-20T01:52:43.114Z,31.0,616.959,31.0
T2_Gemini_US_Student_Plant_H_16X9_13s_C_Y_UI_N-Pr_Bl_Ph_W_ST-NIL_MO_en_.mp4,https://www.youtube.com/watch?v=faqy2s8kRVg,,,2026-03-20T01:52:28.354Z,13.0,14.76,13.0
Trips for families and friends | Booking.com,https://www.youtube.com/watch?v=JjbYtjk7j4s,,,2026-03-20T01:52:11.769Z,16.0,16.585,16.0
Chick-fil-A | GM | BEC & SEC - More Ways to Morning | :06 | OLV,https://www.youtube.com/watch?v=vww5DKeUP-A,,,2026-03-20T01:52:04.186Z,6.0,7.583,6.0
NJM Laser Beam :15,https://www.youtube.com/watch?v=yhn0Ffu9u9w,,,2026-03-20T01:51:47.744Z,16.0,16.442,16.0
Crazy Cow Chaos! Spring Fever Is HERE!,https://www.youtube.com/watch?v=GdDFgUH7o1k,Gierok Farms,https://www.youtube.com/channel/UC1T1VmqcatjhVCCcmcM6XZg,2026-03-20T01:42:54.761Z,1114.0,532.983,532.983
Build with Canva Code,https://www.youtube.com/watch?v=qLugYlx6nkU,,,2026-03-20T01:41:39.142Z,15.0,75.619,15.0
Amica Insurance | Go Together,https://www.youtube.com/watch?v=-mYviWibgbE,,,2026-03-20T01:41:22.689Z,16.0,16.453,16.0
Shortened: Power of Hope No QR 2M for CTV,https://www.youtube.com/watch?v=kcDTSfdaBEA,,,2026-03-20T01:32:54.155Z,25.0,508.534,25.0
K-Pop Style | Airbnb Experiences,https://www.youtube.com/watch?v=Trk23YcSvzI,,,2026-03-20T01:32:37.240Z,16.0,16.915,16.0
Tide Boosted | Wedding Savings :06,https://www.youtube.com/watch?v=RFk2mT4BClc,,,2026-03-20T01:32:29.668Z,7.0,7.572,7.0
Native-KOL-ENG-SR_Clean-Gentle-Sensitive-Product-Freeof-Multi-BW-Scrub-15-NonSkip-16x9-,https://www.youtube.com/watch?v=pN0FlgZe2xM,,,2026-03-20T01:32:13.337Z,15.0,16.331,15.0
Inside a Canadian Sheep Feedlot & Breeding Operation | HEJO Farms | Alberta,https://www.youtube.com/watch?v=Pqvp6sU4CBA,Te Pari Products Ltd,https://www.youtube.com/channel/UC2BfmIK27qHTXxlsrn_Z3Ww,2026-03-20T01:22:09.688Z,1083.0,603.649,603.649
P500000 EX2792 NULL YOUTUBE FY27 EASE XCAT CSL ESOS VID 1920X1080 30 GM EL 26010730036PWP2792,https://www.youtube.com/watch?v=dPU8bGdpbSs,,,2026-03-20T01:21:37.399Z,31.0,32.289,31.0
Amica Insurance | Go Together,https://www.youtube.com/watch?v=X9t2mkFlQ40,,,2026-03-20T01:20:34.815Z,61.0,62.584,61.0
MM2026 | Image | YTMasthead | AllDayLong,https://www.youtube.com/watch?v=SH_bebMnECM,,,2026-03-20T01:19:44.756Z,31.0,50.059,31.0
(1466)SBK CBB ALL Bonus Bets 2026 15 16x9,https://www.youtube.com/watch?v=k--XVZQ__n4,,,2026-03-20T01:17:58.959Z,15.0,105.797,15.0
Donnel Rawlings Is OFFENDED By Uncle Lazer 🤣 #killtony #standupcomedy #donnellrawlings,https://www.youtube.com/watch?v=d3OtK0BzJMI,DOG SQUAD COMEDY,https://www.youtube.com/channel/UC_j4yg5ewKv4r94VqqmaRHQ,2026-03-19T17:19:54.618Z,23.0,28684.341,23.0
When Dad Tries Waxing For The First Time 🤣🤣#funny #dad #couplecomedy #prank #fyp,https://www.youtube.com/watch?v=fOIptWOAh28,RomtoOooG,https://www.youtube.com/channel/UCF2xVg14OzYgLvfniSZ89ng,2026-03-19T17:19:51.373Z,62.0,3.245,3.245
The most expensive place to eat,https://www.youtube.com/watch?v=bHQLk1qzq00,Jennifer Harrison,https://www.youtube.com/channel/UCy9U6UNX94rvDfTvoZXK1tA,2026-03-19T17:19:49.827Z,69.0,1.546,1.546
Skip the regret and choose our quality luxury restroom trailers from the start.,https://www.youtube.com/watch?v=oJpkoGr-hrU,A Restroom Trailer Company,https://www.youtube.com/channel/UCkggr8waeCf1-74rbZsqttg,2026-03-19T17:19:48.704Z,8.0,1.123,1.123
Backfired😂 lG: maddiepricelol,https://www.youtube.com/watch?v=HTCDoWtgLPw,Maddie Price,https://www.youtube.com/channel/UC5Cfc-U4sg7kGvp-2aY5O4g,2026-03-19T17:19:46.970Z,15.0,1.734,1.734
Clearing A Clogged Sewer Line,https://www.youtube.com/watch?v=qWnSr7cL9cE,The Plumbers Plunger,https://www.youtube.com/channel/UC5NI3v_MkIX4xYTw751uDhA,2026-03-19T17:19:42.957Z,96.0,4.013,4.013
BV Normalize This IG Reels 1,https://www.youtube.com/watch?v=pP0nQOeOo8k,,,2026-03-19T17:19:41.815Z,11.0,1.142,1.142
How Do Pros Cut Planks for an Angled Wall? ⚒️,https://www.youtube.com/watch?v=TFGoaL9aBgE,MrVex,https://www.youtube.com/channel/UCgs2s8BPQ0BiHpSl1QXMy0w,2026-03-19T17:19:39.729Z,54.0,2.086,2.086
Automatic under sink drain pump. #plumbing #pump #diy #sink,https://www.youtube.com/watch?v=mqcK3gGDncg,PlumbingSk8r,https://www.youtube.com/channel/UCk66wW0Re_rmQJFszx0hi7A,2026-03-19T17:19:37.409Z,129.0,2.32,2.32
Por favor comparte con tus amigos #pov #herramientas #sketch #gracioso #actuación #historia,https://www.youtube.com/watch?v=WAK-yX1CF8c,Biewald Arsham,https://www.youtube.com/channel/UCaSzmdvoaMVWVCQ4wX87L3w,2026-03-19T17:18:40.904Z,62.0,56.505,56.505
house trap replacement #plumbing #sewerrepair #milwaukeetool,https://www.youtube.com/watch?v=G0aVP9kGP80,Cheddars Plumbing Co. ,https://www.youtube.com/channel/UCIM4BYayoCbXt1R2LMiUNyw,2026-03-19T17:18:38.738Z,77.0,2.166,2.166
Chick-fil-A | GM | All Ranched Up | :06 | YTS,https://www.youtube.com/watch?v=3LwgxF6QQjA,,,2026-03-19T17:18:37.686Z,7.0,1.052,1.052
é desse jeito que se faz uma cerca que dura mais de 50 anos na roça,https://www.youtube.com/watch?v=FKUQN5YhXZw,Mael oficial ,https://www.youtube.com/channel/UCupfwoejprvWKIol_86UH8Q,2026-03-19T17:18:18.989Z,17.0,18.697,17.0
"Creatine monohydrate works, but adding the right ingredient can improve how well it performs.",https://www.youtube.com/watch?v=7e4oDrbz_0U,"Jim Stoppani, PhD",https://www.youtube.com/channel/UCTMLcC81ypVNk293RFS7Zaw,2026-03-19T17:18:18.400Z,99.0,0.589,0.589
"⚡ The moment a trainee learns to troubleshoot, the trade starts making sense.#training #diy #light",https://www.youtube.com/watch?v=rV8DZziA9EI,Lula Inc.,https://www.youtube.com/channel/UC1a3t3rAUWZfieRtZ2tI5Hw,2026-03-19T17:18:17.395Z,119.0,1.005,1.005
Joe Rogan Reacts To Andrew Wilson Absolutely Destroying WOKE LIBERAL Feminist,https://www.youtube.com/watch?v=CG71VS34xb8,Aspire,https://www.youtube.com/channel/UCdiiQNYMfDvMEqvoY6FMwcw,2026-03-19T17:18:16.688Z,53.0,0.707,0.707
fixing a broken sewer #plumbing,https://www.youtube.com/watch?v=AwBntnY0_rE,Cheddars Plumbing Co. ,https://www.youtube.com/channel/UCIM4BYayoCbXt1R2LMiUNyw,2026-03-19T17:18:13.930Z,95.0,2.758,2.758
Roofing Replacement K-UGC3.mov,https://www.youtube.com/watch?v=EDLlRO13KUI,,,2026-03-19T17:18:12.692Z,30.0,1.238,1.238
"If you’re feeling stressed, lake walks are the best 😌 #naturegirl",https://www.youtube.com/watch?v=jCIUJfb4mlc,Sarah Hayes,https://www.youtube.com/channel/UCiAFsAWHSDPUL5yVchGYuLw,2026-03-19T17:18:11.919Z,13.0,0.773,0.773
Realistic Affirmations ✨️ #motivation #affirmations,https://www.youtube.com/watch?v=uZJqtWTAnsc,Apples & Oranges Jewelry And Apothecary,https://www.youtube.com/channel/UCC0Z3x8ppUuQd7BQB7ac8hw,2026-03-19T17:18:09.348Z,37.0,2.571,2.571
Joe Rogan Reacts To Pearl Davies DESTROYING A Socialist Feminist On Marriage,https://www.youtube.com/watch?v=Txo-F9k80ew,CheckmatePolitics,https://www.youtube.com/channel/UCnoc_1bz4BsS35MpQDxtDKA,2026-03-19T17:17:55.816Z,53.0,13.532,13.532
Experience just hits different. ✨ Respect for the classics. #snowbunny#wisdom #classic,https://www.youtube.com/watch?v=ymsQpLiRjOE,Lucy_Prime,https://www.youtube.com/channel/UCh5eSE7DojjfGuSL_lu3A1A,2026-03-19T17:17:37.289Z,18.0,18.527,18.0
Dicas mecanica #automobile,https://www.youtube.com/watch?v=4HdOXgKMwVQ,Dicas mecânicas ,https://www.youtube.com/channel/UCjxzaewZrWDu0KYGa5npKfw,2026-03-19T17:17:35.944Z,58.0,1.345,1.345
Good ole’ days #90skids,https://www.youtube.com/watch?v=E9WvyXC6hTY,Frontside Health,https://www.youtube.com/channel/UCZpK_FJBRDLr-Q_s5_Djrkg,2026-03-19T17:17:29.074Z,15.0,6.87,6.87
fixing a bad sewer smell #plumbing,https://www.youtube.com/watch?v=5TbNMf4Iq4Y,Cheddars Plumbing Co. ,https://www.youtube.com/channel/UCIM4BYayoCbXt1R2LMiUNyw,2026-03-19T17:15:57.459Z,93.0,91.615,91.615
he had the perfect response😎🔥#motivation #money #billionaire #elonmusk #success #successmotivation,https://www.youtube.com/watch?v=QBAYNhyBblg,success only truth,https://www.youtube.com/channel/UCOhN-CPbj4i8xiP6JXSKA7Q,2026-03-19T17:15:42.609Z,19.0,14.85,14.85
Just another sad story,https://www.youtube.com/watch?v=qdnH_-aFKa8,Justin Stagner ,https://www.youtube.com/channel/UCBU1iuJZN6UtBjQcgvuwJ_Q,2026-03-19T17:15:39.429Z,34.0,3.18,3.18
Your Power Is in This One Word. 🧠⚡🚫 #MindsetShift #PersonalGrowth #SelfEmpowerment,https://www.youtube.com/watch?v=r_U4ombxa0c,Essentials To A Journey,https://www.youtube.com/channel/UCojEoeKI1cb_VK8myf81IuQ,2026-03-19T17:15:37.862Z,47.0,1.567,1.567
"Don't mistake his silence for weakness, and don't mistake his patience for permission. #shorts",https://www.youtube.com/watch?v=VnWpsucOO7E,motivational hub,https://www.youtube.com/channel/UC98RQ1oXXdZAzgsjYhMyS5g,2026-03-19T17:15:36.840Z,42.0,1.022,1.022
Sometimes The Jokes Write Themselves 😂😂😂😂 #ViralVideo #TikTok #Funny #Jokes #ComedyIsTherapy,https://www.youtube.com/watch?v=psQiOSKq2To,Raheem Thee Rabbit,https://www.youtube.com/channel/UCHE4-OeT87vC60BnKQAccBA,2026-03-19T17:15:19.446Z,,17.394,17.394
How to install tile floor in the shower #works #asmr #diy #constructionchannel #home #satisfying,https://www.youtube.com/watch?v=GluBN0V_vV4,TileFixx,https://www.youtube.com/channel/UCd58m7xzUge0-lTrCiziUww,2026-03-19T17:15:18.012Z,70.0,1.434,1.434
Someone keep me away from the eggnog so this doesn’t happen again! 😂,https://www.youtube.com/watch?v=fep712ESM-M,Sarah Hayes,https://www.youtube.com/channel/UCiAFsAWHSDPUL5yVchGYuLw,2026-03-19T17:14:44.930Z,33.0,33.082,33.0
It’s a blast running farm equipment. #farmer #farming #wages,https://www.youtube.com/watch?v=ZHC3Qju4gO0,NBC Precision Spraying ,https://www.youtube.com/channel/UCNZ3sm7EgonE0_kAl7Iongw,2026-03-19T17:14:34.701Z,74.0,10.229,10.229
installing laminate is super easy! #flooring #laminateflooring #diy,https://www.youtube.com/watch?v=iku8ZHm-Hss,Thou Shalt DIY,https://www.youtube.com/channel/UCh6G28QMwPClPLO3MobjkjQ,2026-03-19T17:13:38.331Z,32.0,56.37,32.0
Taking My White Wife To Her First Mexican Carne Asada. #short #shortvideo #youtubeshorts,https://www.youtube.com/watch?v=5esayzqD1dk,All Things Kenna & Cisco,https://www.youtube.com/channel/UCyX6fWAE4QFfAVW_l0SqUKA,2026-03-19T17:13:34.923Z,61.0,3.408,3.408
This NEW BLADE Solves a Huge Construction Problem!!! #construction #tools,https://www.youtube.com/watch?v=XPUA0w-fcjQ,Stud Pack,https://www.youtube.com/channel/UCjG94SagJZoyPggcBhUdFCA,2026-03-19T17:13:32.060Z,64.0,2.863,2.863
Ol blindfold/Cowboylife #cowboylife #cattleranch #bull,https://www.youtube.com/watch?v=rqJeX90FfU4,Cowboy Life,https://www.youtube.com/channel/UCDF150AC9TsQyQO2GOEOlLQ,2026-03-19T17:13:30.186Z,43.0,1.874,1.874
Call 812-595-4033 or visit https://amishbuiltcabins.com,https://www.youtube.com/watch?v=RFc-kqCO-EY,Amish Built Cabins & House Kits,https://www.youtube.com/channel/UCe8Cs76lnVixGuymeoyExKg,2026-03-19T17:13:28.581Z,180.0,1.605,1.605
"How Do You Charge $2,200 for a Broken Clip? #shorts",https://www.youtube.com/watch?v=8dBc0KfZOXA,Whiteface Ford,https://www.youtube.com/channel/UCOS8gRuH8RLHR1bsNeMvdaA,2026-03-19T17:13:25.738Z,112.0,2.843,2.843
Who else done this before? 😂👇 #jobs #quotes #smallbusiness #construction #contractor,https://www.youtube.com/watch?v=WDBwEEGfflE,Emilio,https://www.youtube.com/channel/UCtfyQ1ozwzmb9Srt5PSCInQ,2026-03-19T17:13:05.053Z,87.0,20.685,20.685
How this Civil War Building was Saved from Demolition,https://www.youtube.com/watch?v=LRTaZCJ5JNE,American Battlefield Trust,https://www.youtube.com/channel/UCUfsbWIraXIl7a6HKSJINUg,2026-03-19T17:13:02.217Z,150.0,2.836,2.836
Fans are very disappointed with BTS V! 🤯,https://www.youtube.com/watch?v=BhzIUWl734A,IdolVerse,https://www.youtube.com/channel/UCJ4Y2zv7cnyRlCQFCpNAlFA,2026-03-19T17:13:00.829Z,17.0,1.388,1.388
My New Years Resolution! 🎉,https://www.youtube.com/watch?v=kqRLbcP-NI0,Sarah Hayes,https://www.youtube.com/channel/UCiAFsAWHSDPUL5yVchGYuLw,2026-03-19T17:12:40.349Z,17.0,20.48,17.0
"Shhh, don't tell anyone! 🤫",https://www.youtube.com/watch?v=P2VNPqXH1ts,Fix This Build That,https://www.youtube.com/channel/UCHYSw4XKO_q1GaChw5pxa-w,2026-03-19T17:12:38.032Z,62.0,2.317,2.317
The 5 WORST Trucks Of 2026,https://www.youtube.com/watch?v=BVZAS8rSBbQ,Official Seth Godwin,https://www.youtube.com/channel/UCrzp_2tuFz5E37MgV4EBMOQ,2026-03-19T17:10:15.797Z,142.0,142.235,142.0
The 15 and a Quarter Method #youtubeshorts #construction #carpentry #carpenter,https://www.youtube.com/watch?v=te8FlB_O9i8,Temple Builders Carpentry,https://www.youtube.com/channel/UCAKwc6q8vTCg4H-27GM36FA,2026-03-19T17:09:55.528Z,180.0,20.269,20.269
Grass fed cows…,https://www.youtube.com/watch?v=ihmyuNFKSkE,Farming While Beige,https://www.youtube.com/channel/UCFNcY_a-jIigMo1DAjKqEfQ,2026-03-19T17:09:47.933Z,109.0,7.595,7.595
Greenland2,https://www.youtube.com/watch?v=kSD7kCGupO4,Alice Merolli,https://www.youtube.com/channel/UCau8DZFjrYFtzSaQJy040lw,2026-03-19T13:01:09.183Z,67.0,14918.75,67.0
Immigration1,https://www.youtube.com/watch?v=Y826M--V41g,Alice Merolli,https://www.youtube.com/channel/UCau8DZFjrYFtzSaQJy040lw,2026-03-19T12:59:51.651Z,74.0,77.532,74.0
DCD-The-357122,https://www.youtube.com/watch?v=uWoPLP_vTh0,,,2026-03-19T01:53:32.838Z,16.0,39978.813,16.0
Disney+ & Hulu,https://www.youtube.com/watch?v=rGYg4bJpP8w,,,2026-03-19T01:40:26.254Z,31.0,786.584,31.0
Now Taxes is a Joy to File - TurboTax 2026 Commercial (Official TV Ad :15),https://www.youtube.com/watch?v=jZ5bgkVhkl4,,,2026-03-19T01:40:09.324Z,16.0,16.93,16.0
SP26 Skate Authentic 6sec 16x9,https://www.youtube.com/watch?v=5DTZrH-ovmU,,,2026-03-19T01:40:01.773Z,7.0,7.551,7.0
PGCW1348000H CREST WHITENING CW Just 1 Kit 2025 01 06 ENG 16x9 OLV,https://www.youtube.com/watch?v=MuHS0mJ95xE,,,2026-03-19T01:39:54.214Z,7.0,7.559,7.0
PGDN6943000H Dawn Platinum Jigsaw US 15 New OLV,https://www.youtube.com/watch?v=7YcSbEtOKkM,,,2026-03-19T01:39:37.871Z,16.0,16.343,16.0
“Pete and Repeat”,https://www.youtube.com/watch?v=Ehkd59mrcM4,Beckman Brother's Dairy & More,https://www.youtube.com/channel/UCcnp9E12CMH5Wva-ayMoz5Q,2026-03-19T01:29:47.671Z,1343.0,590.2,590.2
T2_Gemini_US_Student_Plant_H_16X9_13s_C_Y_UI_N-Pr_Bl_Ph_W_ST-NIL_MO_en_.mp4,https://www.youtube.com/watch?v=faqy2s8kRVg,,,2026-03-19T01:29:32.276Z,13.0,15.395,13.0
"Deals so right, it almost feels wrong.",https://www.youtube.com/watch?v=mKNvJ8SoAHY,,,2026-03-19T01:29:15.594Z,16.0,16.682,16.0
Inside Pickle Production: How Millions of Tons of Cucumbers Become Pickles,https://www.youtube.com/watch?v=9DEjw2XCN8Y,SmartFarm Insight,https://www.youtube.com/channel/UCd7t6zmQYNijpiHW3OK59vA,2026-03-19T01:19:01.472Z,1249.0,614.122,614.122
Taxes! The unwanted guest that comes every year.,https://www.youtube.com/watch?v=q8P8qvulSeM,,,2026-03-18T01:52:12.044Z,58.0,84409.428,58.0
Get them both,https://www.youtube.com/watch?v=_95EP6QVkVU,,,2026-03-18T01:51:40.475Z,31.0,31.569,31.0
RALPH LAUREN | Polo Ralph Lauren | Polo Play,https://www.youtube.com/watch?v=lsxFxU3FHIU,,,2026-03-18T01:51:33.424Z,6.0,7.051,6.0
1ASO2326000H6D16 ASO Spring Giant 6 16x9 ENG OLV HD,https://www.youtube.com/watch?v=N0d56Tqh3V0,,,2026-03-18T01:51:26.065Z,7.0,7.359,7.0
Tractor Fix-Ups Before Spring,https://www.youtube.com/watch?v=EuLbha0MUaw,Trinity Dairy,https://www.youtube.com/channel/UCNxENRWhbi3ayA2lywlFOAw,2026-03-18T01:37:07.966Z,1650.0,858.099,858.099
Installing Mastitis Detectors,https://www.youtube.com/watch?v=TrNza9smBSM,The Once A Day Farmer,https://www.youtube.com/channel/UC7Q7ebF9nhEOiwI1HkDv3BQ,2026-03-18T01:36:15.555Z,1018.0,52.411,52.411
X Ray :15,https://www.youtube.com/watch?v=oIKMdOeax-s,,,2026-03-18T01:35:55.356Z,18.0,20.199,18.0
First Milking With My New Mastitis Detectors & Great Results!,https://www.youtube.com/watch?v=uvdXeO681_w,The Once A Day Farmer,https://www.youtube.com/channel/UC7Q7ebF9nhEOiwI1HkDv3BQ,2026-03-18T01:21:08.342Z,715.0,887.014,715.0
T2_Gemini_US_Student_Plant_H_16X9_13s_C_Y_UI_N-Pr_Bl_Ph_W_ST-NIL_MO_en_.mp4,https://www.youtube.com/watch?v=faqy2s8kRVg,,,2026-03-18T01:20:52.328Z,13.0,16.014,13.0
Swoon | Truth Tellers | Liberty Mutual Insurance Commercial,https://www.youtube.com/watch?v=dE5UsXXhREw,,,2026-03-18T01:20:35.723Z,16.0,16.605,16.0
Welcome to Swedish Chapel Estates,https://www.youtube.com/watch?v=RSS6g47W0nI,Andrew Prasky,https://www.youtube.com/channel/UCjJxq4bT1gahhDJfpzOojsg,2026-03-17T17:11:31.639Z,19.0,29344.084,19.0
Why Are Mechanics Always Pissed Off?,https://www.youtube.com/watch?v=Uz0VzKXcpXU,South Main Auto LLC,https://www.youtube.com/channel/UCtAGzm9e_liY7ko1PBhzTHA,2026-03-17T17:11:25.254Z,29.0,6.385,6.385
Linoleum Installers Are Artists #flooring #construction,https://www.youtube.com/watch?v=C-TTLFT6Vx0,Blue Chrome Inc,https://www.youtube.com/channel/UC2QSJXdahKm9NqhSATitvjw,2026-03-17T17:11:22.021Z,63.0,3.233,3.233
I didn’t teach you that 🙂 Ximena Saenzzz #fyp #parati #latina,https://www.youtube.com/watch?v=V3FnsLBzt3A,Ximena Villanueva Saenz,https://www.youtube.com/channel/UCmtAjLilU6BUQg6bCAGZn7g,2026-03-17T17:11:20.660Z,53.0,1.361,1.361
Don’t hang mistletoe at family reunions!,https://www.youtube.com/watch?v=zM92-13fyxg,Sarah Hayes,https://www.youtube.com/channel/UCiAFsAWHSDPUL5yVchGYuLw,2026-03-17T17:10:42.578Z,38.0,38.082,38.0
How to Slide Flooring Under a Door Jamb? ⚒️😯,https://www.youtube.com/watch?v=fNg5TJa3Ycg,MrVex,https://www.youtube.com/channel/UCgs2s8BPQ0BiHpSl1QXMy0w,2026-03-17T17:10:11.336Z,60.0,31.242,31.242
Easily Fill A Bottle Jack!? Nooo Waaay!,https://www.youtube.com/watch?v=rC2hnU-stzI,The No Way Guy,https://www.youtube.com/channel/UCoZl7QSuHlSOkdN0-wSfdBQ,2026-03-17T17:10:09.458Z,77.0,1.878,1.878
🔩💀 🔥 Engine Bay Cleaning Safe Method🔥 💀🔩,https://www.youtube.com/watch?v=7IiStv3roH4,EngineWhisper,https://www.youtube.com/channel/UCtd1NMbkA5PDTRiH8ePVD6g,2026-03-17T17:10:08.521Z,33.0,0.937,0.937
⚖️ Making a Man Happy vs. Making a Woman Happy,https://www.youtube.com/watch?v=lWlg7zjd72k,Flourish with Laurin ,https://www.youtube.com/channel/UCAwHOqGiNpIU7XGkOgtiX1w,2026-03-17T17:10:04.685Z,90.0,3.836,3.836
Troca bucha da bandeja,https://www.youtube.com/watch?v=aBeBftATyZw,Dicas mecânicas ,https://www.youtube.com/channel/UCjxzaewZrWDu0KYGa5npKfw,2026-03-17T17:09:29.253Z,35.0,35.432,35.0
The Wall UPGRADE Most Homes Skip 😯,https://www.youtube.com/watch?v=imG56S_hFSc,MrVex,https://www.youtube.com/channel/UCgs2s8BPQ0BiHpSl1QXMy0w,2026-03-17T17:09:21.772Z,57.0,7.481,7.481
🤯 The STRIPPED Bolt Hack You’ll Wish You Knew Sooner! #mechanic,https://www.youtube.com/watch?v=4nq2GldxGkI,Gearheadbryan,https://www.youtube.com/channel/UCNpd5mjGfrQq5L9bWnOBQ_g,2026-03-17T17:09:20.417Z,44.0,1.355,1.355
My cousin always wants to help #funny #darkhumor,https://www.youtube.com/watch?v=xO7PQwi-r9c,Sarah Hayes,https://www.youtube.com/channel/UCiAFsAWHSDPUL5yVchGYuLw,2026-03-17T17:09:18.320Z,26.0,2.097,2.097
Wild Weather! (Cows & Robots) #farming #cow #robot,https://www.youtube.com/watch?v=3Jf35fIGhJw,Acres of Clay Homestead,https://www.youtube.com/channel/UCnFjZIwkMqJSWWPajK9QXxA,2026-03-17T17:07:38.721Z,163.0,99.599,99.599
The Secret to Perfect Baseboard Miters!!! #diy #carpentry #construction,https://www.youtube.com/watch?v=Fb8K9tFsCD0,The Funny Carpenter,https://www.youtube.com/channel/UCgx_ERh6IE-Td3FLJstu1iQ,2026-03-17T17:07:37.597Z,38.0,1.124,1.124
Nehemiah Tide StainMyShirt 1080x1920 30s WalmartCTA,https://www.youtube.com/watch?v=VB3te4wIM08,,,2026-03-17T17:07:36.328Z,31.0,1.269,1.269
The 3 worst motor oil brands in the usa #oil #engine #shorts,https://www.youtube.com/watch?v=jVx7kYNWK5c,forevertoo0,https://www.youtube.com/channel/UCuAQ_OvkuX_kKUUQxwaQPhA,2026-03-17T17:06:46.960Z,51.0,49.368,49.368
It be winking at them. #shortsfeed #funny #viral #explore #fyp,https://www.youtube.com/watch?v=R1XGAH6rd8Q,Eva Marie ,https://www.youtube.com/channel/UC6azpdNGR-4RrPjYQnBqOgg,2026-03-17T17:06:44.275Z,27.0,2.685,2.685
“Nothing” is one of my specialties #momlife #momhumor  #marriagehumor #couplecomedy #fyp,https://www.youtube.com/watch?v=w3R-Zw0zTYM,shesjustmac68,https://www.youtube.com/channel/UC6UkuAvo0IO10XnNYsEFRxg,2026-03-17T17:06:34.767Z,8.0,9.508,8.0
old school mechanic trick,https://www.youtube.com/watch?v=1mlypDCPgWk,Shadetree7.3,https://www.youtube.com/channel/UCauUuPDHzGO8WUp1uH3zWbQ,2026-03-17T17:05:40.154Z,52.0,54.613,52.0
Ross Prot NAILED IT,https://www.youtube.com/watch?v=G5tz1r5fBtg,Greg's English & Politics,https://www.youtube.com/channel/UCf0-14QkwCJdbAQgiQAPTfg,2026-03-17T17:05:37.779Z,26.0,2.375,2.375
Why did my cousin say THIS?,https://www.youtube.com/watch?v=kRjkDOEf7aM,Sarah Hayes,https://www.youtube.com/channel/UCiAFsAWHSDPUL5yVchGYuLw,2026-03-17T17:04:56.474Z,41.0,41.305,41.0
Just making sure he knows how much I love him.  #couples #funny #husbandwife,https://www.youtube.com/watch?v=3QxuiNfuRvE,Melissa & Ryan Beeler,https://www.youtube.com/channel/UCiVEARlPjLXk4UsVlnP40oA,2026-03-17T17:04:50.224Z,28.0,6.25,6.25
#youtube #youtubeshorts #funny #memes,https://www.youtube.com/watch?v=6TSfIgPKsIo,KMxFOE,https://www.youtube.com/channel/UCJjKM5L07LpeHFS0h627kKw,2026-03-17T17:04:42.548Z,,7.676,7.676
The Impossible Scribe!!! #diy #carpentry #construction,https://www.youtube.com/watch?v=A0kee_lXWn0,The Funny Carpenter,https://www.youtube.com/channel/UCgx_ERh6IE-Td3FLJstu1iQ,2026-03-17T16:59:56.820Z,35.0,285.728,35.0
Joe Rogan COULDN’T Believe How Candace Owens EXPOSED Modern Women,https://www.youtube.com/watch?v=Pl_LtQG3JoM,The Union Brief,https://www.youtube.com/channel/UCUhdMOA1J_lpt3P-s36ujpA,2026-03-17T16:59:55.259Z,52.0,1.561,1.561
"If you’ve ever been somewhere that made you feel like this, you get it ✨",https://www.youtube.com/watch?v=H15G1bKAJ5s,Michelle Biase,https://www.youtube.com/channel/UCQPDMXBno7NOeLOt0UN-4Jw,2026-03-17T16:59:54.163Z,29.0,1.096,1.096
My coworker thinks she’s subtle,https://www.youtube.com/watch?v=AAEiPm37Q88,hannah montoya,https://www.youtube.com/channel/UCPiesyDjkZUm8kSVdeRZhfg,2026-03-17T16:59:42.302Z,30.0,11.861,11.861
Pick the right wife,https://www.youtube.com/watch?v=9XQj0VG-dwI,D.Michael Harrison,https://www.youtube.com/channel/UCa5tDAfqLhFDEPqmF0XUUyQ,2026-03-17T16:59:39.454Z,28.0,2.848,2.848
The nerve of this guy 😂,https://www.youtube.com/watch?v=30vBo1vPjCw,Sarah Hayes,https://www.youtube.com/channel/UCiAFsAWHSDPUL5yVchGYuLw,2026-03-17T16:58:59.704Z,22.0,39.75,22.0
BASICS of Installing a New Pre-hung Interior Door,https://www.youtube.com/watch?v=Sa87IcyUxKY,JLM Woodworks,https://www.youtube.com/channel/UCMNyFsnfVjphi-mtBEcpQag,2026-03-17T16:58:53.930Z,176.0,5.774,5.774
This is crazy…😳 #joerogan #storytelling #story,https://www.youtube.com/watch?v=WhFhKGmeLRs,CLIPBANK,https://www.youtube.com/channel/UC0pCo97jL5xklWl6ZlMi3Xg,2026-03-17T16:58:51.735Z,76.0,2.195,2.195
What interest does the U.S. REALLY have in Iran?,https://www.youtube.com/watch?v=RVnHWdgOYyc,Camp Gagnon Daily,https://www.youtube.com/channel/UCDEBjAjBPfk4Fc-XtmFqqfg,2026-03-17T16:58:33.058Z,46.0,18.677,18.677
Dicas sobre mecanica,https://www.youtube.com/watch?v=sG657gI8CwM,Dicas mecânicas ,https://www.youtube.com/channel/UCjxzaewZrWDu0KYGa5npKfw,2026-03-17T16:57:22.686Z,73.0,70.372,70.372
How To Build a Doorstep The RIGHT Way ⚒️,https://www.youtube.com/watch?v=oaAuR_55S58,MrVex,https://www.youtube.com/channel/UCgs2s8BPQ0BiHpSl1QXMy0w,2026-03-17T16:57:10.519Z,55.0,12.167,12.167
I was given the title because of my INCREDIBLE observational skills. #genius #funny #automotive,https://www.youtube.com/watch?v=8RinwfNjm8s,Carson Schiess,https://www.youtube.com/channel/UCzQjKQ_bSc0uy-6h3abVsbw,2026-03-17T16:57:06.866Z,,3.653,3.653
16 years and counting #funny #funnyvideos #funnyshorts #couple #comedyvideos #marriagehumor #foryou,https://www.youtube.com/watch?v=-VQSiJmL1ZU,Ceeandceejay,https://www.youtube.com/channel/UCkSf6YLyheGKIzpsstONB6g,2026-03-17T16:56:56.686Z,14.0,10.18,10.18
Nobody Insulates Their Garage Like This #GarageUpgrade #DIYProjects #HomeImprovement #WinterProof,https://www.youtube.com/watch?v=GfV5JaiML30,ProBuild Insights,https://www.youtube.com/channel/UCWrbYRnMOxt-lOnDgUrQ7LQ,2026-03-17T16:56:49.313Z,35.0,7.373,7.373
Taking my wife to the MOST expensive place in town. 😤,https://www.youtube.com/watch?v=YlF-qTcjg0M,Slick Stevie,https://www.youtube.com/channel/UCTToCEh8CNjLEDeTXy0NZIQ,2026-03-17T16:56:15.642Z,43.0,33.671,33.671
El NUEVO MEME de LEONARDO DICAPRIO #oscars2026,https://www.youtube.com/watch?v=XadwqsapUnE,SensaCine Latinoamérica,https://www.youtube.com/channel/UCukfhmwOCX_LMlldg9gO9NQ,2026-03-17T16:55:55.535Z,18.0,20.107,18.0
Joe Rogan STUNNED As Pearl Davies ROASTS Woke Feminist On Equality,https://www.youtube.com/watch?v=bp1df1kbYLg,CheckmatePolitics,https://www.youtube.com/channel/UCnoc_1bz4BsS35MpQDxtDKA,2026-03-17T16:55:29.970Z,50.0,25.565,25.565
We wanted something nicer than the cheap metal bed frame we had in here. #diy #fyp #construction,https://www.youtube.com/watch?v=PwsDWfYrZqI,DoubleTakePros | DIY Duo,https://www.youtube.com/channel/UClWjqyo7o1cFTpsUT8iNjSw,2026-03-17T16:54:35.343Z,50.0,54.627,50.0
Can’t believe he said this about my mom!,https://www.youtube.com/watch?v=nG-ga8Z41Dk,Sarah Hayes,https://www.youtube.com/channel/UCiAFsAWHSDPUL5yVchGYuLw,2026-03-17T16:54:06.727Z,26.0,28.616,26.0
How To Install Bathroom Flooring With Perfect Measurements ⚒️,https://www.youtube.com/watch?v=KWv0Ug32nX0,MrVex,https://www.youtube.com/channel/UCgs2s8BPQ0BiHpSl1QXMy0w,2026-03-17T16:53:09.605Z,55.0,57.122,55.0
Turning a Water Tank into Something GENIUS 🤯,https://www.youtube.com/watch?v=tdMALXRhcQA,MrVex,https://www.youtube.com/channel/UCgs2s8BPQ0BiHpSl1QXMy0w,2026-03-17T16:53:06.795Z,59.0,2.81,2.81
Asking A Woman Her Weight 😇,https://www.youtube.com/watch?v=32rl-UKM070,CASSIUS,https://www.youtube.com/channel/UCsFu9dV0kS_zA-YcXC0m-BQ,2026-03-16T16:46:57.726Z,82.0,86769.069,82.0
I love picking on her #shorts,https://www.youtube.com/watch?v=tRzjpYPhHSs,Kaleb Austin,https://www.youtube.com/channel/UCP9yNWsxIYDS-Jz8XZra0Gw,2026-03-16T16:46:54.246Z,38.0,3.48,3.48
1950s drywall work in the United States #handyman #diy #craftsmanship #construction #doityourself,https://www.youtube.com/watch?v=hA0B0P2Uz0E,Mister DIY,https://www.youtube.com/channel/UClP6F8fvD43bfEHxCoQIe9w,2026-03-16T16:46:47.259Z,61.0,6.987,6.987
"If you see this at the gym, please correct it #funny #gymgirl #comedy #gymhumor",https://www.youtube.com/watch?v=NdIIY0ttudc,50PercentNatty,https://www.youtube.com/channel/UCKxEHFT7MuBGKmoq182nVYg,2026-03-16T16:46:41.085Z,16.0,6.174,6.174
Square Ground Chain #logger #timberfaller #husqvarna #firewood #chainsaws #axes,https://www.youtube.com/watch?v=BQGf-y2eQ48,Buckin' Billy Ray Smith,https://www.youtube.com/channel/UCsIFvStf9Oz99GMitW4vD_g,2026-03-16T16:46:31.245Z,43.0,9.84,9.84
#working #satisfying #excavator,https://www.youtube.com/watch?v=QX4NwPAGKZo,paasve,https://www.youtube.com/channel/UCRy7oxEfSH9NZWcsyu66Xdg,2026-03-16T16:46:28.456Z,62.0,2.789,2.789
How to Replace One Laminate Floor Plank? ⚒️,https://www.youtube.com/watch?v=Bk0pU-89T4w,MrVex,https://www.youtube.com/channel/UCgs2s8BPQ0BiHpSl1QXMy0w,2026-03-16T16:45:29.876Z,55.0,58.58,55.0
#movie Ray Shoesmith: The Ice Cream Scene That Defines Mr Inbetween 🍦👊 | Character Breakdown,https://www.youtube.com/watch?v=PcVXaRL8rQY,Shemsovalo Ule,https://www.youtube.com/channel/UCRW_pNJWObWl_5MjTfh2VKw,2026-03-16T16:45:27.905Z,55.0,1.971,1.971
One Step Closer to Being Dried-In | Northville Build Progress,https://www.youtube.com/watch?v=NpBwJhUP8rs,Mike Miller Building Company,https://www.youtube.com/channel/UC2CxlGVs2vqBgEua4_njiOg,2026-03-16T16:45:25.714Z,24.0,2.191,2.191
Not all is lost!,https://www.youtube.com/watch?v=4BueY5ItnXY,NHOU_StCroixValley,https://www.youtube.com/channel/UCdgvD113Be3XCwo0re_MELw,2026-03-16T16:45:09.250Z,39.0,16.464,16.464
She's Not Afraid to Tell The Truth.,https://www.youtube.com/watch?v=MXbJf88Xxos,GROWTH™,https://www.youtube.com/channel/UCGT_BYcMHygJYqYWZjGx68A,2026-03-16T16:45:07.956Z,57.0,1.294,1.294
Nobody Stealing That | Subscribe #mississippi,https://www.youtube.com/watch?v=3D5a3B8sCes,JacksonMs601,https://www.youtube.com/channel/UCT1GKYD6_auUbTaDhmOaEJw,2026-03-16T16:45:05.953Z,42.0,2.003,2.003
Splicing out unwanted hardware on existing door linings. #carpentry #construction #asmr #diy #reno,https://www.youtube.com/watch?v=Ox7O3Cdu-6w,Jae Wright Home Improvements,https://www.youtube.com/channel/UCeHt4IITIASGXDo3ejdzLVA,2026-03-16T16:45:03.324Z,47.0,2.629,2.629
On the job learning! #experience #construction #backhoe #excavator #constructionequipment #operator,https://www.youtube.com/watch?v=C9gHF33RYFg,Ice Colt Outdoors,https://www.youtube.com/channel/UCDpvdGSme9GRp5EZCZkh49Q,2026-03-16T16:44:59.036Z,30.0,4.288,4.288
https://www.youtube.com/watch?v=wN_LyrAZz0A,https://www.youtube.com/watch?v=wN_LyrAZz0A,,,2026-03-16T16:44:48.515Z,,10.521,10.521
Anyone know whose bike this is before this man sleeps outside??? #kawasaki #zx10r #mclarendaddy,https://www.youtube.com/watch?v=D1aREP_xlmI,Boosted & Rowdy,https://www.youtube.com/channel/UCRmJ_7owPwRd_OWMo9NP0BA,2026-03-16T16:44:30.921Z,36.0,17.594,17.594
Well this was bad luck!! (Said page in comments btw!),https://www.youtube.com/watch?v=io9ZF8Sce54,Sarah Hayes,https://www.youtube.com/channel/UCiAFsAWHSDPUL5yVchGYuLw,2026-03-16T16:44:29.521Z,38.0,1.4,1.4
Joe Rogan STUNNED As President Trump EXPOSES Woke Interviewer,https://www.youtube.com/watch?v=RC-DQCt5mHU,CheckmatePolitics,https://www.youtube.com/channel/UCnoc_1bz4BsS35MpQDxtDKA,2026-03-16T16:43:33.403Z,60.0,56.118,56.118
Michael B. Jordan wins his first Oscar for Actor in a Leading Role at the 2026 Oscars,https://www.youtube.com/watch?v=ZakqCSRzirk,Cover Nation,https://www.youtube.com/channel/UCtwQvkMG2Ksbe2HhB1WJlOg,2026-03-16T16:43:31.606Z,49.0,1.797,1.797
"Who remembers calling their crush? ‘NOSTALGIC’ premieres TOMORROW, March 10th only on @Netflix!",https://www.youtube.com/watch?v=wLBSs58kKrY,Derrick Stroup,https://www.youtube.com/channel/UCCKSdhtA7q7ObAIzJ9jKROQ,2026-03-16T16:43:29.766Z,109.0,1.84,1.84
Teaching my wife how to ride. 🤣,https://www.youtube.com/watch?v=26A7OIGd8Sk,Slick Stevie,https://www.youtube.com/channel/UCTToCEh8CNjLEDeTXy0NZIQ,2026-03-16T16:43:25.974Z,53.0,3.792,3.792
3 Minute Tire Change 😁🔥💪🏾 #automotive #automobile #mechanic #pov #fypシ #foryou,https://www.youtube.com/watch?v=pGAh1aSzVsE,Roadside Ryder,https://www.youtube.com/channel/UCxdcMoVyZy-MgrncnmDcZiw,2026-03-16T16:43:21.447Z,179.0,4.527,4.527
How To Install a New Door The Right Way ⚒️ 😯 @CRCarpentryRemodeling,https://www.youtube.com/watch?v=bfHGZGxtfrs,MrVex,https://www.youtube.com/channel/UCgs2s8BPQ0BiHpSl1QXMy0w,2026-03-16T16:41:17.414Z,60.0,124.033,60.0
She spoke to the board like THIS!?👀😳#shorts #God #Christian #Jesus #bible #Holyspirit,https://www.youtube.com/watch?v=pPVz1faTBts,Jordan Davis ,https://www.youtube.com/channel/UCA66heXqBu1S9v-MMvPhyVA,2026-03-16T16:41:15.184Z,125.0,2.23,2.23
The top 15 sitcoms you have never watched,https://www.youtube.com/watch?v=yQRSrhv6yRs,Broderick Turner,https://www.youtube.com/channel/UCBzZ6G-MzV-dQf-6Xp77YrA,2026-03-16T12:26:04.795Z,61.0,15310.389,61.0
Power Out At The Farm!,https://www.youtube.com/watch?v=S-7IxT-tqPI,Acres of Clay Homestead,https://www.youtube.com/channel/UCnFjZIwkMqJSWWPajK9QXxA,2026-03-16T01:32:44.611Z,1947.0,39200.184,1947.0
30 LevelUpTOS UPSX263271XH,https://www.youtube.com/watch?v=yPjxt5B7E0I,,,2026-03-16T01:32:12.389Z,31.0,32.222,31.0
See how Amazon is empowering American small businesses,https://www.youtube.com/watch?v=rT-WCQ6NzVQ,,,2026-03-16T01:31:55.769Z,16.0,16.62,16.0
Yes! FreeTaxUSA gives away free federal filing for everyone. It's safe and accurate too.,https://www.youtube.com/watch?v=XBc-XBOHoFE,,,2026-03-16T01:19:49.102Z,65.0,726.667,65.0
Shortened: Troy Op1   CTA End Card   Horizontal,https://www.youtube.com/watch?v=dtAMVY06bTQ,,,2026-03-16T01:19:29.011Z,19.0,20.091,19.0
Q1 2026 - Landline :06,https://www.youtube.com/watch?v=qW9y0n_xUpA,,,2026-03-16T01:19:21.479Z,7.0,7.532,7.0
00 AMD RTSD WEB MASTER,https://www.youtube.com/watch?v=ygSYarsnnaE,,,2026-03-16T01:18:50.372Z,31.0,31.107,31.0
"First Down Grade In 4 Years, Such A Bummer! Last Herd Test But The Most Important One",https://www.youtube.com/watch?v=ixFyu8XDuaQ,The Once A Day Farmer,https://www.youtube.com/channel/UC7Q7ebF9nhEOiwI1HkDv3BQ,2026-03-16T01:03:05.723Z,1170.0,944.649,944.649
HowStoresWork 30 FSO 3/18 :30,https://www.youtube.com/watch?v=YVShpFrk1AI,,,2026-03-16T01:02:27.206Z,31.0,38.517,31.0
"How To Fix Message Notification Sound On iPhone 17, 16, 15 - iOS 26.3.1",https://www.youtube.com/watch?v=VsmIowWqDek,Free Tech Guide,https://www.youtube.com/channel/UCJ_EeBqOzZcmTFZ0d9GDR8w,2026-03-16T01:02:22.176Z,208.0,5.03,5.03
T2_Gemini_US_Student_Plant_H_16X9_13s_C_Y_UI_N-Pr_Bl_Ph_W_ST-NIL_MO_en_.mp4,https://www.youtube.com/watch?v=faqy2s8kRVg,,,2026-03-16T01:02:12.671Z,13.0,9.505,9.505
00 CHANGES 16 9 WEB MASTER,https://www.youtube.com/watch?v=5W2Qrc6kS3w,,,2026-03-16T01:02:05.990Z,16.0,6.681,6.681
Pig Week 2025,https://www.youtube.com/watch?v=eN6H_SoYtpI,The Once A Day Farmer,https://www.youtube.com/channel/UC7Q7ebF9nhEOiwI1HkDv3BQ,2026-03-16T00:48:44.296Z,770.0,801.694,770.0
Get them both,https://www.youtube.com/watch?v=c01sD-_4jL8,,,2026-03-16T00:48:20.423Z,64.0,23.873,23.873
Mustache | LiMu Emu & Doug | Liberty Mutual Insurance Commercial,https://www.youtube.com/watch?v=wVqq7P5FRVw,,,2026-03-16T00:48:03.350Z,16.0,17.073,16.0
FINAL ROUND LIVE | HSBC LIV Golf Hong Kong 2026,https://www.youtube.com/watch?v=0mJ2h8jbwTA,LIV Golf,https://www.youtube.com/channel/UCuC-Is0pVH9RudfZJw-LSmw,2026-03-15T00:59:41.213Z,,85702.137,85702.137
30 IntenseTOS UPSX263241XH,https://www.youtube.com/watch?v=kzEjhiAnm-I,,,2026-03-15T00:59:29.681Z,31.0,11.532,11.532
See how Amazon is empowering hourly employees,https://www.youtube.com/watch?v=JtdaOV0TvVk,,,2026-03-15T00:59:20.974Z,7.0,8.707,7.0
Reagan gomez-preston and her 1990s hairstyles,https://www.youtube.com/watch?v=2sNTMe8cvqk,Lauren Dupree,https://www.youtube.com/channel/UCrSniodxfFE1Mm1kuP4H1NA,2026-03-14T01:39:31.582Z,61.0,83989.392,61.0
Disclosure Day | Official Trailer,https://www.youtube.com/watch?v=SCYT8vb2siQ,,,2026-03-14T01:38:20.724Z,158.0,70.858,70.858
Blurry: Sapphire Reserve | Ella's Nashville :15,https://www.youtube.com/watch?v=nhmdkvoxbwQ,,,2026-03-13T14:20:03.695Z,16.0,40697.029,16.0
The Cheapest Supplement Most People Ignore,https://www.youtube.com/watch?v=SM4feO8bfvc,Wisdom Recruiter,https://www.youtube.com/channel/UC1u8CdVzcoQoUj1JeF9ApVA,2026-03-13T14:20:00.223Z,24.0,3.472,3.472
I didn’t think she would take it so hard😭 #shorts,https://www.youtube.com/watch?v=CEcoSY5Vgp4,David Prince,https://www.youtube.com/channel/UCdzbZCe1k2VKbwr5utiSDcg,2026-03-13T14:19:47.120Z,48.0,13.103,13.103
My hispanic husband be like. #funny #couples,https://www.youtube.com/watch?v=KKlwgt5FKJE,All Things Kenna & Cisco,https://www.youtube.com/channel/UCyX6fWAE4QFfAVW_l0SqUKA,2026-03-13T14:19:44.464Z,61.0,2.656,2.656
“Military Guys Hate Shooting With Hunters” - Fat Electrician,https://www.youtube.com/watch?v=O37h-dJpKl8,Armed Warzone,https://www.youtube.com/channel/UC5CXFCB4lnwW0DY5hrfhgDA,2026-03-13T14:19:41.453Z,27.0,3.011,3.011
The Cardboard Ayatollah Is Revealed,https://www.youtube.com/watch?v=gEsp-0HcAyU,TheEricTConversation,https://www.youtube.com/channel/UCwoDmea2ns-lDPyDSGS-3iQ,2026-03-13T14:19:31.664Z,11.0,9.789,9.789
The Amish People Are INSANE,https://www.youtube.com/watch?v=Wax2_vyAvjs,Feaster,https://www.youtube.com/channel/UCTacW7OV5SFpRMoZxoK9HFg,2026-03-13T14:19:15.007Z,35.0,16.657,16.657
Chinese Metal Be Like 🤣 #comedy #fypシ #fypageシ #ford #diesel #pontoon #boating #fails #offroad #f250,https://www.youtube.com/watch?v=t4rKE5ZxL-E,FREEDOM SYNDICATE,https://www.youtube.com/channel/UCwODuUYQDnvU0gn9CQpr6PQ,2026-03-13T14:19:02.063Z,22.0,12.944,12.944
Wife hack that need to know #hack #funny #skit #couple,https://www.youtube.com/watch?v=5lKFdPqmNSA,D.Michael Harrison,https://www.youtube.com/channel/UCa5tDAfqLhFDEPqmF0XUUyQ,2026-03-13T14:18:36.150Z,26.0,25.913,25.913
👉Slow drip from the bleeder = air leaving the caliper🔧 #MobileMechanic #BrakeBleeding #MechanicTip,https://www.youtube.com/watch?v=CA10QyuFvGc,My Mobile Mechanic 978,https://www.youtube.com/channel/UCayRKTU7_5cLs8lAx7AEoVw,2026-03-13T14:18:33.667Z,21.0,2.483,2.483
Your Breath's BFF,https://www.youtube.com/watch?v=meU4rMVc-JY,,,2026-03-13T14:18:32.761Z,21.0,0.906,0.906
How to fix engine noise #jeeplife #offroad #jeepwrangler #4x4 #cars #car #ford #offroading #shorts,https://www.youtube.com/watch?v=lan2QDCfr3U,Sherpa Offroad,https://www.youtube.com/channel/UCnCHyeko3BDn0ERiXkUjtOw,2026-03-13T14:18:31.671Z,19.0,1.09,1.09
She isn’t going to be happy. 🤣,https://www.youtube.com/watch?v=3O9pblZJwy4,Slick Stevie,https://www.youtube.com/channel/UCTToCEh8CNjLEDeTXy0NZIQ,2026-03-13T14:18:26.097Z,52.0,5.574,5.574
Joe Rogan Reacts To Piers Morgan Confronting Woke Prison Policies,https://www.youtube.com/watch?v=Kz7qtysugN0,Just Doctrine,https://www.youtube.com/channel/UCEthGBxVPLFz95ql7WBBn4Q,2026-03-13T14:18:25.177Z,34.0,0.92,0.92
My grandparents are unhinged 🤦‍♀️,https://www.youtube.com/watch?v=keFn1asvt9w,Sarah Hayes,https://www.youtube.com/channel/UCiAFsAWHSDPUL5yVchGYuLw,2026-03-13T14:17:51.854Z,33.0,33.323,33.0
I told my husband to hire a pool person to clean our pool and guess who he hired 😡 #couples #funny,https://www.youtube.com/watch?v=2_GITF7cAyY,All Things Kenna & Cisco,https://www.youtube.com/channel/UCyX6fWAE4QFfAVW_l0SqUKA,2026-03-13T14:16:26.133Z,86.0,85.721,85.721
Get any footlong for $6.99. Sub Club Members get any footlong for $6.99,https://www.youtube.com/watch?v=_Y6b7ogFmlg,,,2026-03-13T14:04:37.277Z,16.0,708.856,16.0
Walmart Didn’t Just Sell Things in 1996—It Shaped Girlhood.#lestgoback #nostalgia #childhood #90s,https://www.youtube.com/watch?v=Pylw1NZHbq0,The Joys of the Past,https://www.youtube.com/channel/UCKNJsiJelygM1Z5ePHSFmww,2026-03-13T14:04:26.855Z,57.0,10.422,10.422
Joe Rogan Reacts To Piers Morgan DESTROYING A Vegan Activist,https://www.youtube.com/watch?v=1aSlX3asUHE,CheckmatePolitics,https://www.youtube.com/channel/UCnoc_1bz4BsS35MpQDxtDKA,2026-03-13T14:03:24.015Z,62.0,62.84,62.0
I hope it was worth it   #comedy #viral #foryoupage #wife,https://www.youtube.com/watch?v=Dz4eOmZQj8E,David Prince,https://www.youtube.com/channel/UCdzbZCe1k2VKbwr5utiSDcg,2026-03-13T14:02:55.759Z,30.0,28.256,28.256
random snow,https://www.youtube.com/watch?v=qK3IH2-hmdI,slanderman,https://www.youtube.com/channel/UClrnNjlwasIjySo2TGTtlQA,2026-03-13T14:02:51.868Z,43.0,3.891,3.891
What she sees when you open the door for another girl 🚪,https://www.youtube.com/watch?v=CsJ0Sa9wtBc,ELEMENT,https://www.youtube.com/channel/UCsYgSxkd56TOBar1KP4wxhA,2026-03-13T14:02:50.564Z,26.0,1.304,1.304
From Waitress to Grammy Legend: The Brutal Price of Fame 🎤✨,https://www.youtube.com/watch?v=y7G5aafx1Ws,Narrify,https://www.youtube.com/channel/UCTAr-EpPLLvsxpf6uvz3bjA,2026-03-13T14:02:41.245Z,,9.319,9.319
That Time Charlie Murphy shot Dave Chappelle in a dice game argument & robbery 🤣💀 #shorts #funny,https://www.youtube.com/watch?v=Ngd7x0FNuco,BUCK BANDIT NETWORK,https://www.youtube.com/channel/UC5jEcSMt7kVIxtn6xrLYFOg,2026-03-13T14:02:39.124Z,14.0,2.121,2.121
yall wait a minute now...,https://www.youtube.com/watch?v=1JUQeCO38n8,kelsey darragh,https://www.youtube.com/channel/UCcRxzzonHt6OfpV5HotZIPA,2026-03-13T14:02:37.500Z,24.0,1.624,1.624
He Really Thought He Had Him💀 ||Vampire Diaries,https://www.youtube.com/watch?v=crPcCToQVnk,MovieClipsFarmEditz,https://www.youtube.com/channel/UConTLVZIEOzD-byr0EqIcXw,2026-03-13T14:02:26.287Z,59.0,11.213,11.213
Shopping at Advance Auto Parts be like… #mechanic #carenthusiast #wrench,https://www.youtube.com/watch?v=vLm5-HEgVQE,Lenarto Garage,https://www.youtube.com/channel/UCVD5jWBPirgdTHBl1zaaCiw,2026-03-13T14:01:31.896Z,63.0,54.391,54.391
Joe Rogan SHOCKED By Piers Morgan Destroying Liberal in a Charlie Kirk Debate,https://www.youtube.com/watch?v=4k7r3zBjaok,The Union Brief,https://www.youtube.com/channel/UCUhdMOA1J_lpt3P-s36ujpA,2026-03-13T14:00:47.806Z,43.0,44.09,43.0
Blessed 🙏,https://www.youtube.com/watch?v=_J2qKymmEnk,Patrick Renna,https://www.youtube.com/channel/UCXlYRCvA12uk4ztBKrk3lwQ,2026-03-13T14:00:46.981Z,16.0,0.825,0.825
https://www.youtube.com/watch?v=lIOa1Vb4ygs,https://www.youtube.com/watch?v=lIOa1Vb4ygs,,,2026-03-13T14:00:41.477Z,,5.504,5.504
Blurry: Getaways for prima-donnas and parents | Booking.com,https://www.youtube.com/watch?v=YKQE3Jrtfno,,,2026-03-13T14:00:40.677Z,,0.8,0.8
Katt Williams On When School Says Your Kid Is Too Happy!!! 🤣🤣🤣,https://www.youtube.com/watch?v=lt-OQFs1MMQ,ComedyCentre,https://www.youtube.com/channel/UCvncN4vvxjuQZUtZvIQLw-Q,2026-03-13T14:00:39.863Z,,0.814,0.814
Panel is so hot ⚡️😂 #electrician #trades #construction #fyp #funny,https://www.youtube.com/watch?v=M-wp8vkhmlo,ElectriciansBroom,https://www.youtube.com/channel/UCNmmKQLazpCcDyiK7h6Zf7Q,2026-03-13T14:00:38.762Z,13.0,1.101,1.101
Never had any attention like that before 🤔,https://www.youtube.com/watch?v=_aj05FEHPvE,Sarah Hayes,https://www.youtube.com/channel/UCiAFsAWHSDPUL5yVchGYuLw,2026-03-13T14:00:00.056Z,18.0,38.706,18.0
The coldest reaction an ex has ever given 💔 #relationship #boyfriend #girlfriend,https://www.youtube.com/watch?v=nFiAd5HUWQ8,Love Intel Media ,https://www.youtube.com/channel/UCbbQFRUZNSYR4rFxYJcZV-Q,2026-03-13T13:59:09.092Z,27.0,50.964,27.0
When your husband’s love language is heavy machinery 🚜 #farmlife #homestead #farming101 #waterline,https://www.youtube.com/watch?v=nFMDbGTx6ko,Prim Meadows Farm,https://www.youtube.com/channel/UCjrJZF1bVNNijj6b1GQhIUg,2026-03-13T13:59:08.238Z,23.0,0.854,0.854
No nubbin around! #shorts #youtubeshorts #shortvideo #jgslounge,https://www.youtube.com/watch?v=afXqaCgMf1E,JGs Lounge,https://www.youtube.com/channel/UC4eOCa7bjMP0_pBG9X-GgXg,2026-03-13T13:58:18.246Z,40.0,49.992,40.0
Mechanic solved a global crisis,https://www.youtube.com/watch?v=ordJS0fbDtI,The Gabriels,https://www.youtube.com/channel/UCQOidFKQBMvLXk7PxGBXWyA,2026-03-13T13:57:51.337Z,40.0,26.909,26.909
when she's a keeper,https://www.youtube.com/watch?v=eODCjiWLsYs,JustPearlyClips,https://www.youtube.com/channel/UCxQGCOqnRkoBOoJelE5UvLQ,2026-03-13T13:57:48.522Z,63.0,2.815,2.815
Chick-fil-A | GM | New Flavor In Town | :06 | YTS,https://www.youtube.com/watch?v=99bb2oavl1Q,,,2026-03-13T13:57:46.543Z,7.0,1.979,1.979
Dump trucks should get paid by the hour. #dumptruck #construction,https://www.youtube.com/watch?v=f_lIKLY3M5A,Dauminique The Dump Truck Driver,https://www.youtube.com/channel/UCOarTB7l5FBv1LSpnxWvgNg,2026-03-13T13:57:21.013Z,43.0,25.53,25.53
there’s always time to turn your day around #bighugs,https://www.youtube.com/watch?v=MSY5WJwfscU,Busy Bialas,https://www.youtube.com/channel/UCHWi5uTyhzxkrtPUZFJ6Vug,2026-03-13T13:57:17.061Z,8.0,3.952,3.952
He matches my craziness #fyp #parati #latina Ximena Saenzzz,https://www.youtube.com/watch?v=YDQ8mQXmsKs,Ximena Villanueva Saenz,https://www.youtube.com/channel/UCmtAjLilU6BUQg6bCAGZn7g,2026-03-13T13:56:42.107Z,39.0,34.954,34.954
#homeinspector #construction #Home #satisfying,https://www.youtube.com/watch?v=h0PLeYLbAWI,jacksonconstruction0,https://www.youtube.com/channel/UC-ezh0Yazahx9XZtGGI6V2A,2026-03-13T13:56:39.872Z,74.0,2.235,2.235
I mean he’s not wrong…but still 😠 #marriagehumor #couplecomedy,https://www.youtube.com/watch?v=zOYwYSzpXbo,shesjustmac68,https://www.youtube.com/channel/UC6UkuAvo0IO10XnNYsEFRxg,2026-03-13T13:56:05.473Z,46.0,34.399,34.399
Access: Denied ⛔️🧤,https://www.youtube.com/watch?v=e1mjibZoyOk,Paralympic Games,https://www.youtube.com/channel/UCi8n36NkW2uCQSFZNiYtuMQ,2026-03-13T13:56:04.557Z,13.0,0.916,0.916
How I get my wheelchair in my car! #wheelchair #cartransfer #mercedesbenz #glb35,https://www.youtube.com/watch?v=gaBnPGPt4a4,jesi stracham (stracham820),https://www.youtube.com/channel/UCKD9s2mmSYQsqp_0YF28Zyg,2026-03-13T13:55:54.829Z,78.0,9.728,9.728
Why your boyfriend is ACTUALLY sad…,https://www.youtube.com/watch?v=iW7pf2WlPUE,Smart Blonde TV+,https://www.youtube.com/channel/UCS2jiTBvMftfmvgL4zaZBGQ,2026-03-13T13:54:43.575Z,71.0,71.254,71.0
Joe Rogan STUNNED After Pearl Davis Destroyed Ana Kasparian on Parenting Debate,https://www.youtube.com/watch?v=FslhBnpKRCI,The Union Brief,https://www.youtube.com/channel/UCUhdMOA1J_lpt3P-s36ujpA,2026-03-13T13:53:57.229Z,45.0,46.346,45.0
POV: My homie...that fo is BAD #bluecollar #homiehookup #hiring #funny #shorts #viralshorts,https://www.youtube.com/watch?v=W2hMK86JacM,SQUAREBODY _ BUILDERZ,https://www.youtube.com/channel/UCqlskPezRN1t61c7mSH0CXQ,2026-03-13T13:53:52.356Z,14.0,4.873,4.873
#realtalk #struggleisreal   #truestory #funnycomedy,https://www.youtube.com/watch?v=zJrJyR-P9-o,ANNA.Loveworkz,https://www.youtube.com/channel/UCsTC2l0JDj9MtF7I5LEcK6Q,2026-03-13T13:53:48.220Z,22.0,4.136,4.136
SECOND ROUND LIVE | Aramco LIV Golf Singapore 2026,https://www.youtube.com/watch?v=mzFuE6nPJF0,LIV Golf,https://www.youtube.com/channel/UCuC-Is0pVH9RudfZJw-LSmw,2026-03-13T01:06:58.608Z,13903.0,46009.612,13903.0
#real #relatablecontent #relatable,https://www.youtube.com/watch?v=K-yCiNcytGM,Alyssa Paige,https://www.youtube.com/channel/UCV_XbU3cZEnhWe06DF7LIQg,2026-03-12T19:10:38.225Z,10.0,21380.383,10.0
I’ve seen mad operators but never this mad. #dumptruck #construction #equipmentoperator,https://www.youtube.com/watch?v=WqgC5qbs0SU,Dauminique The Dump Truck Driver,https://www.youtube.com/channel/UCOarTB7l5FBv1LSpnxWvgNg,2026-03-12T19:10:16.593Z,30.0,21.632,21.632
Why is this always true?,https://www.youtube.com/watch?v=3cgLVp8grKk,Sarah Hayes,https://www.youtube.com/channel/UCiAFsAWHSDPUL5yVchGYuLw,2026-03-12T19:09:37.775Z,39.0,38.818,38.818
#bluecollorman. 🔥💯| quote,https://www.youtube.com/watch?v=HxFVil-lR1M,Reasons_ForComeback....,https://www.youtube.com/channel/UCagXuCKNWTReZhtFcQZfLFg,2026-03-12T19:09:36.166Z,25.0,1.609,1.609
Most Men Live Lives of Quiet Desperation | Joe Rogan,https://www.youtube.com/watch?v=3uyB0MPmvM8,Mindset Minutes,https://www.youtube.com/channel/UC5iXzK8uSxZLSrU4i-hOxvA,2026-03-12T19:09:13.569Z,64.0,22.597,22.597
Marking Out The Studs,https://www.youtube.com/watch?v=AdfwkzlAtPM,Felipe Freig,https://www.youtube.com/channel/UChx3MVINco89lS-_BsV-8mw,2026-03-12T19:09:11.988Z,32.0,1.581,1.581
Top Celebs who took flirting to a new level 🙃 #flirting #celebrity #topmoments,https://www.youtube.com/watch?v=M-6B9j77zSE,Top Moments ,https://www.youtube.com/channel/UCKMCXtoOonbT83CZa1FHGzA,2026-03-12T19:09:10.760Z,70.0,1.228,1.228
good men operate at a frequency most women have never experienced... and it terrifies them #marriage,https://www.youtube.com/watch?v=RyDIVZ5trA4,Daily Inspire 42,https://www.youtube.com/channel/UC-Sm5X3quDfZxmSEvkCyd3Q,2026-03-12T19:09:10.078Z,89.0,0.682,0.682
Quick lube shops be like… 🔧 🤡  #mechanic #wrench #carenthusiast #oilchange,https://www.youtube.com/watch?v=-5kC1QzH_cY,Lenarto Garage,https://www.youtube.com/channel/UCVD5jWBPirgdTHBl1zaaCiw,2026-03-12T19:08:49.905Z,64.0,20.173,20.173
The Bikeriders (2024) | You Can't Challenge the Boss. Here's Why. #movie #tvshow,https://www.youtube.com/watch?v=kWFtx7WQ2qE,Isaac Turner,https://www.youtube.com/channel/UCL-od0AdxdG7HUwawHeuYDA,2026-03-12T19:08:44.923Z,57.0,4.982,4.982
#genx #patrícia #musictherapy,https://www.youtube.com/watch?v=pmiVaLgxRhs,Patricia M.,https://www.youtube.com/channel/UCnRzu9_YrPWFgGK2WCY-Etg,2026-03-12T19:08:40.369Z,31.0,4.554,4.554
“I Was NOT Ready For This… I’m Still Crying 😂 Do You Agree?”  #viral,https://www.youtube.com/watch?v=UE8BrMpPMYY,Caracciolo Brands 👑,https://www.youtube.com/channel/UC85h9iESGnOjAmJAVH-XN_g,2026-03-12T19:08:21.609Z,55.0,18.76,18.76
LITERALLY the best stain resistant shirt I’ve ever had! Click on the shopping cart to get yours and,https://www.youtube.com/watch?v=wO7nIH-k5gA,David Prince,https://www.youtube.com/channel/UCdzbZCe1k2VKbwr5utiSDcg,2026-03-12T19:08:05.602Z,28.0,16.007,16.007
Do you think she noticed?! 😳 #couplecomedy #hunting #shorts,https://www.youtube.com/watch?v=-lm3uQXr57k,The Nomadic Outdoorsman,https://www.youtube.com/channel/UCTuCrajbR5JzJ0bO3GM3Pcw,2026-03-12T19:08:04.442Z,10.0,1.16,1.16
"DON’T WASTE $3,000 ON REBAR #shorts",https://www.youtube.com/watch?v=Mc6spUT1SLQ,Jackos concrete finishing,https://www.youtube.com/channel/UC737MKf_Asi8S4IBok6toYw,2026-03-12T19:07:50.064Z,28.0,14.378,14.378
That Time Rick Hoffman heard greatest knock knock joke of All-Time 🤣💀 #shorts #funny #short #reels,https://www.youtube.com/watch?v=4zZZ9vivC-U,BUCK BANDIT NETWORK,https://www.youtube.com/channel/UC5jEcSMt7kVIxtn6xrLYFOg,2026-03-12T19:07:35.939Z,14.0,14.125,14.0
Very average size pickle,https://www.youtube.com/watch?v=7B1JUlbpX58,Officer Eudy,https://www.youtube.com/channel/UCqR7CrYpYQrCYKBP5ZOfVuQ,2026-03-12T19:07:02.263Z,26.0,33.676,26.0
Please STOP Doing This to Your Cars 😭,https://www.youtube.com/watch?v=6tAzgtbWYL8,Homer Skelton CDJR,https://www.youtube.com/channel/UCeFSoxD1Gy77FYl7xl9GbZA,2026-03-12T19:06:56.264Z,35.0,5.999,5.999
How To Instantly Expose Any Mind Game,https://www.youtube.com/watch?v=MfdCKzwq7AM,Sharprise,https://www.youtube.com/channel/UCkZOXH2x5j3roxTlMuOLPKQ,2026-03-12T19:06:36.485Z,28.0,19.779,19.779
6 Funniest Johnny Depp Moments in Court! 🍷🕶️,https://www.youtube.com/watch?v=RtqBx85ilyo,world peace,https://www.youtube.com/channel/UCTnBEuWIW-h8OnbsqWwLTfg,2026-03-12T19:05:55.433Z,58.0,41.052,41.052
“Is it a vr4?” I chose simplicity,https://www.youtube.com/watch?v=oq-LLC6_qDY,Kaya,https://www.youtube.com/channel/UC2gQ-ZGEt4CPzfLpGltxAuw,2026-03-12T19:05:50.293Z,10.0,5.14,5.14
Removing a seized bolt #jeeplife #offroad #jeepwrangler #4x4 #cars #car #ford #offroading #shorts,https://www.youtube.com/watch?v=Tz2QWhvmQI8,Sherpa Offroad,https://www.youtube.com/channel/UCnCHyeko3BDn0ERiXkUjtOw,2026-03-12T19:05:31.232Z,18.0,19.061,18.0
"People often mistake his solitude for isolation, but it's actually self-mastery.#selfmastery #shorts",https://www.youtube.com/watch?v=I9bXmAxBzdo,motivational hub,https://www.youtube.com/channel/UC98RQ1oXXdZAzgsjYhMyS5g,2026-03-12T19:04:37.186Z,59.0,54.046,54.046
"$500 DIY vs. $10,000 Nightmare",https://www.youtube.com/watch?v=8VtYaJjTsp8,ProBuild Insights,https://www.youtube.com/channel/UCWrbYRnMOxt-lOnDgUrQ7LQ,2026-03-12T19:03:37.264Z,57.0,59.922,57.0
Vicky Cristina Barcelona (2008) #movie,https://www.youtube.com/watch?v=cpdoWcGbpPc,Darvilo,https://www.youtube.com/channel/UC8YX_CTxcFCyNGXBndHlyzA,2026-03-12T19:02:38.423Z,58.0,58.841,58.0
Well she didn’t see THAT coming 😂 #couple #humor #marriage #tips,https://www.youtube.com/watch?v=_PUWl53Uy40,Steve & Kristen Wiltz,https://www.youtube.com/channel/UCLk0VlGM7W8TAVjbyGGyP-g,2026-03-12T19:02:33.601Z,30.0,4.822,4.822
How he expects me to act and how I act are 2 different things. #funny #couple #farmlife,https://www.youtube.com/watch?v=aA8JjVcrXUY,JojoSnow,https://www.youtube.com/channel/UCSO77D3LeBCrfcW5AOYiHYg,2026-03-12T19:02:20.126Z,13.0,13.475,13.0
time to start an argument🥰,https://www.youtube.com/watch?v=c_-j3XxK9D8,Angelove,https://www.youtube.com/channel/UCmvXgkaWtsKOy6aa4OOvd0Q,2026-03-12T19:02:11.467Z,8.0,8.659,8.0
Check out my latest video,https://www.youtube.com/watch?v=4Ga825XB1ho,Zach and Hailee,https://www.youtube.com/channel/UCsdNBQZGlr8jV6DyTIwuNMw,2026-03-12T19:02:09.989Z,93.0,1.478,1.478
Free Tractor! 🚜,https://www.youtube.com/watch?v=K-b9ZADHxDM,Speed Bump Garage,https://www.youtube.com/channel/UCbHfRxTEWn79TCAvtb6i8Bw,2026-03-12T19:02:07.788Z,79.0,2.201,2.201
"Yes, our building is much larger than it looks!! Lots of rooms to serve as many patients as possible",https://www.youtube.com/watch?v=xZCvQEgVY2k,megangaza,https://www.youtube.com/channel/UCXVWsJ_S3e9HrqxAvjioLYA,2026-03-12T19:02:05.055Z,21.0,2.733,2.733
The fighter pilot experience can get EXTREME suddenly,https://www.youtube.com/watch?v=_WnoKs3ECag,Travis Chappell,https://www.youtube.com/channel/UC0ex2Vz6Jj9cTSiHy7KTICA,2026-03-12T19:02:01.943Z,45.0,3.112,3.112
Men are so confusing 😅,https://www.youtube.com/watch?v=stt2Ky7ZKEM,Sarah Hayes,https://www.youtube.com/channel/UCiAFsAWHSDPUL5yVchGYuLw,2026-03-12T19:00:42.320Z,33.0,79.623,33.0
He's got himself a keeper 😉😎🤝✌️ #classic #c10 #automobile #shorts #squarebody #chevy #projectlife,https://www.youtube.com/watch?v=vpT4x0Q3Wfo,SQUAREBODY _ BUILDERZ,https://www.youtube.com/channel/UCqlskPezRN1t61c7mSH0CXQ,2026-03-12T19:00:35.639Z,12.0,6.681,6.681
Over 40 and strength declining? One supplement may help slow the drop.,https://www.youtube.com/watch?v=w4IV6xOLvEg,"Jim Stoppani, PhD",https://www.youtube.com/channel/UCTMLcC81ypVNk293RFS7Zaw,2026-03-12T19:00:20.031Z,40.0,15.608,15.608
How to Install a Strong Pergola Post Base | Easy DIY Tutorial #woodworking #diy,https://www.youtube.com/watch?v=vHi771L17PY,Planet IQ,https://www.youtube.com/channel/UC018sB-fbW-i5kkGzuu1SxQ,2026-03-12T18:54:23.067Z,28.0,356.964,28.0
#justgoingtoleavethishere #doesnthelookthrilled #helookssohappy #omgwhatwhy #whatthatimplies,https://www.youtube.com/watch?v=F1jOnOLMRGI,Lady J ,https://www.youtube.com/channel/UCn9vmHe1oE-irAFnnMC7gXQ,2026-03-12T18:54:21.457Z,14.0,1.61,1.61
#dirtbike #shortvideos #shorts #automobile #shortsviral,https://www.youtube.com/watch?v=cu-4FMRfXRw,Frank WhiteSRT,https://www.youtube.com/channel/UC8MO8SblBfob5aR2PECngbA,2026-03-12T18:54:19.119Z,18.0,2.338,2.338
I could’ve saved her 😭,https://www.youtube.com/watch?v=5EEJUkS5_sk,David Prince,https://www.youtube.com/channel/UCdzbZCe1k2VKbwr5utiSDcg,2026-03-12T18:53:54.094Z,24.0,25.025,24.0
Who agrees with him???    #ometv,https://www.youtube.com/watch?v=v8BphnYVItk,Myaaa,https://www.youtube.com/channel/UC5sUtfVHXAdqSlYf82J79qg,2026-03-12T18:53:29.031Z,54.0,25.063,25.063
How does this happen…😅 #golf #LIVGolf,https://www.youtube.com/watch?v=grb6el9iE_o,LIV Golf,https://www.youtube.com/channel/UCuC-Is0pVH9RudfZJw-LSmw,2026-03-12T18:53:27.226Z,30.0,1.805,1.805
DIY air intake #jeeplife #offroad #jeepwrangler #4x4 #cars #car #ford #offroading #shorts,https://www.youtube.com/watch?v=3mpWHqoKKds,Sherpa Offroad,https://www.youtube.com/channel/UCnCHyeko3BDn0ERiXkUjtOw,2026-03-12T18:53:25.848Z,18.0,1.378,1.378
Nostalgia #nostalgia #vintage #80s #90s #00s,https://www.youtube.com/watch?v=fgVbV9XQKjo,Nostalgia 80s 90s 00s,https://www.youtube.com/channel/UCkhcd5h-7MPqOBawDy12esA,2026-03-12T18:53:12.245Z,36.0,13.603,13.603
3 Moves to Relieve Sciatica Fast,https://www.youtube.com/watch?v=cyw4Wvp0dHE,RehabFix,https://www.youtube.com/channel/UCEIuFir2D63x9a1FWWEGqZw,2026-03-12T18:53:11.211Z,43.0,1.034,1.034
She definitely didn’t see that one coming @Imthe_annag,https://www.youtube.com/watch?v=hu3z3SLW9OU,Nathan Kessel,https://www.youtube.com/channel/UCHr43HOeO7WHmwQ_sij6ezQ,2026-03-12T18:53:04.023Z,6.0,7.188,6.0
Boys for the win!!! #shorts,https://www.youtube.com/watch?v=QGqegieylFU,David Prince,https://www.youtube.com/channel/UCdzbZCe1k2VKbwr5utiSDcg,2026-03-12T18:53:02.562Z,30.0,1.461,1.461
GINA CARANO ARRIVES TO THE PRESS CONFERENCE #ROUSEYCARANO,https://www.youtube.com/watch?v=Jej-mInD4O0,MVP - Most Valuable Promotions,https://www.youtube.com/channel/UCGJlZUB-7b5s1wFynzpYU7Q,2026-03-12T18:52:59.712Z,22.0,2.85,2.85
#snow in March,https://www.youtube.com/watch?v=BJr2zmsXooo,Book Club Mom,https://www.youtube.com/channel/UCXNW3xz003GIWdT0SYOEU7Q,2026-03-12T18:52:54.180Z,22.0,5.532,5.532
You can get them from the link in bio 🥺#western#craftmanship#beltbuckle#country#cowgirl,https://www.youtube.com/watch?v=PGvEkQP2YGY,CowboySoul99,https://www.youtube.com/channel/UCy0nfxY-BI-c8y5hdnivjPA,2026-03-12T18:52:43.560Z,22.0,10.62,10.62
How to fix a transmission #jeeplife #offroad #jeepwrangler #4x4 #cars #car #ford #offroading #shorts,https://www.youtube.com/watch?v=mHchWbNq52Q,Sherpa Offroad,https://www.youtube.com/channel/UCnCHyeko3BDn0ERiXkUjtOw,2026-03-12T18:52:26.385Z,16.0,17.175,16.0
She was taking pics of my car!  #automobile #prank,https://www.youtube.com/watch?v=LzQt8jwJwJo,AutoWealthPranks,https://www.youtube.com/channel/UCnP6UiKao2BVfGWAcz_oQ9Q,2026-03-12T18:52:24.983Z,58.0,1.402,1.402
ARE YOU PROPERLY TRAINED WITH YOUR FIREARM?,https://www.youtube.com/watch?v=r_fsIhYo1dg,Wynns Home Awareness ,https://www.youtube.com/channel/UCowd3kSth5rUNTi32Zt1IRg,2026-03-12T18:52:24.041Z,,0.942,0.942
He Didn’t Even Think Twice ❤️,https://www.youtube.com/watch?v=D4dBXvy8Hb4,Trend Scope Report,https://www.youtube.com/channel/UCSSwjefecqvn2kWcVt_99UQ,2026-03-12T18:52:16.242Z,16.0,7.799,7.799
Couples watching movies together over time 🍿😂 #shorts,https://www.youtube.com/watch?v=UxqHYv-Tm0Q,Isaiah Miranda,https://www.youtube.com/channel/UCrO5W9Ln4DFOVwfC9cJs5kQ,2026-03-12T18:52:13.371Z,37.0,2.871,2.871
What is your status,https://www.youtube.com/watch?v=6cGDXIvMvBM,Wahida USA vlog,https://www.youtube.com/channel/UCRnSbyHOcqrV3jlhcfalxEg,2026-03-12T18:52:11.130Z,,2.241,2.241
Make Sure It's an Atlas,https://www.youtube.com/watch?v=NUuKphaYtbc,Atlas Survival Shelters,https://www.youtube.com/channel/UCPf0hMaIoO2dyf3MDUTcCOg,2026-03-12T18:52:09.354Z,61.0,1.776,1.776
Yall who did this??😭😂 #funny #lol #lego #arnoldschwarzenegger,https://www.youtube.com/watch?v=K12hJatRQFQ,Nikolaev ,https://www.youtube.com/channel/UCvQmkXsUBAl_gAqT9E7yiXA,2026-03-12T18:52:04.655Z,11.0,4.699,4.699
Schwarzenegger Arnold has a great sense of humor,https://www.youtube.com/watch?v=aQrTNoaWu0I,TEE HARRIS ,https://www.youtube.com/channel/UCuP7hHuSqbDUxIQcUo0Tzjw,2026-03-12T18:51:58.338Z,16.0,6.317,6.317
Why did she actually invite my ex over 😭 #shorts,https://www.youtube.com/watch?v=YGXCTuKwGuc,David Prince,https://www.youtube.com/channel/UCdzbZCe1k2VKbwr5utiSDcg,2026-03-12T18:51:28.097Z,30.0,30.241,30.0
Susanna Hoffs the Leader's Bangles Band in 80s The Best Beautiful Woman Times.,https://www.youtube.com/watch?v=ai9ppyVSPHo,Johnny Smoke 1981,https://www.youtube.com/channel/UCIFj1jm6UTgZTr23Z8cEgYQ,2026-03-12T18:51:26.914Z,13.0,1.183,1.183
Horse racing 🤭 #funny #humorvibes #comedyvideos #laugher #funnyshorts #funnyvideos #comedy,https://www.youtube.com/watch?v=w1Km5vl1nmw,Hereforthebanter,https://www.youtube.com/channel/UCxpbDCRyRq3wRxxVcubkNew,2026-03-12T18:51:23.207Z,6.0,3.707,3.707
Allstate Check First Blue Man,https://www.youtube.com/watch?v=uSgPBOuKI6o,,,2026-03-12T18:51:22.148Z,16.0,1.059,1.059
perfect tool for this job,https://www.youtube.com/watch?v=MqUwRpfLeog,"N, B, CONSTRUCTION ",https://www.youtube.com/channel/UCj0TSmQFbrButQyJeUKK-xw,2026-03-12T18:51:20.752Z,67.0,1.396,1.396
Fixing broken bolts #jeeplife #offroad #jeepwrangler #4x4 #cars #car #ford #offroading #shorts,https://www.youtube.com/watch?v=TUcaGDW46Rc,Sherpa Offroad,https://www.youtube.com/channel/UCnCHyeko3BDn0ERiXkUjtOw,2026-03-12T18:51:05.859Z,14.0,14.893,14.0
Jutta Leijola not only won the championship but also found love.#jakepaul #skating#speedskating,https://www.youtube.com/watch?v=LFImars0jCc,FaithcL,https://www.youtube.com/channel/UConjBZGLf7oz4xN91UOEStw,2026-03-12T18:51:04.542Z,60.0,1.317,1.317
The best 👏🏻👏🏻 #morganwallen #newmusic #livemusic,https://www.youtube.com/watch?v=wKVyIYI9kBk,Morgan Wallen Fan Page,https://www.youtube.com/channel/UCVQqjhUopdfs85YycjaGRKg,2026-03-12T18:51:03.601Z,31.0,0.941,0.941
#funny #memes #relatable,https://www.youtube.com/watch?v=n2bhI6t8NqE,Kayskanolis,https://www.youtube.com/channel/UCIxnlZ8Yba8J_r8e7TH02_Q,2026-03-12T18:50:55.581Z,16.0,8.02,8.02
Ready for the Rodeo! #couplecomedy #houston #latina #couple #comedy #texas,https://www.youtube.com/watch?v=PmaROkB6xZg,Max and Maoly,https://www.youtube.com/channel/UCKAYpn81p7qKljEvMMlNjMg,2026-03-12T18:50:47.713Z,18.0,7.868,7.868
That wasn’t planned 😅 wait till the end 🤣 #carsales #dealership #dealershipsales #carsalesman,https://www.youtube.com/watch?v=GTXuX99XHIw,LAX_Automotive,https://www.youtube.com/channel/UCLX4P-5G7YTVkg7letyMuHA,2026-03-12T18:50:39.476Z,28.0,8.237,8.237
"Honestly, I’m done asking twice!",https://www.youtube.com/watch?v=rLQ4svt92ls,The Wild Woods,https://www.youtube.com/channel/UCJ3MIhbAK8ndDdf3EAuFiSA,2026-03-12T18:50:37.040Z,12.0,2.436,2.436
Dogs Playing #dogs #dog #dogshorts #pets,https://www.youtube.com/watch?v=1jtq4001CN0,Blunt Ted Talks Music,https://www.youtube.com/channel/UCEjtBSzH3dqONUgWcfiKZjQ,2026-03-12T18:50:35.436Z,,1.604,1.604
"Oldie, but a goodie 😂",https://www.youtube.com/watch?v=f-dlnb7hPqc,Lyndsey,https://www.youtube.com/channel/UC_YXANaZBUNCTsVYV-QRBpg,2026-03-12T18:50:33.968Z,122.0,1.468,1.468
#крышаминск #кровляподключ#керамика #фальц #забудова #крыша #кровля #стройкаиремонт #стройкаминск,https://www.youtube.com/watch?v=RTC9IzyXll8,superkrysha,https://www.youtube.com/channel/UCotshIj3gjrqVptxpZmSByw,2026-03-12T18:50:31.101Z,29.0,2.867,2.867
TEACHING MY WIFE HOW TO DRIFT! 🤣,https://www.youtube.com/watch?v=oi0lDanSLCo,Slick Stevie,https://www.youtube.com/channel/UCTToCEh8CNjLEDeTXy0NZIQ,2026-03-12T18:50:20.402Z,60.0,10.699,10.699
The mountains make me feel like I’m alive. I love the follow drone,https://www.youtube.com/watch?v=mNEI6Q3t1NQ,saieka,https://www.youtube.com/channel/UCI-0oDvtbQN1lwMNWFwICyQ,2026-03-12T18:50:18.934Z,28.0,1.468,1.468
She definitely wasn’t pleased 😅 #boyfriend #girlfriend #couple #couplesprank #prank #fun #funny,https://www.youtube.com/watch?v=xTSDbghzoNU,DerekDesoDaily,https://www.youtube.com/channel/UCY7bKYTldiFrCxsG5MXKrVA,2026-03-12T18:50:16.647Z,59.0,2.287,2.287
Healing after alcohol,https://www.youtube.com/watch?v=KDZ6fe6vDEE,Kassie Purpura,https://www.youtube.com/channel/UC3MMk7PjhVXOllX9LEXRiOw,2026-03-12T18:50:14.465Z,34.0,2.182,2.182
Me and the boys meme #memes #fy #meme #fyp #fypシ #pov #meandtheboys #jackass,https://www.youtube.com/watch?v=mnTHeoLCmBE,Kobi Lelean,https://www.youtube.com/channel/UCdB2wO9-VUkneKmC0OQN9sQ,2026-03-12T18:49:59.623Z,20.0,14.842,14.842
Quick Roof Cricket,https://www.youtube.com/watch?v=op7Ss_CkBL8,Highland Construction,https://www.youtube.com/channel/UC_h2kiI7UHNkpXIpLPVJKHQ,2026-03-12T18:49:58.681Z,44.0,0.942,0.942
No one wanted to be his partner but she saw the champion no else saw #shorts,https://www.youtube.com/watch?v=sbZWW4abKkg,KELLIYON,https://www.youtube.com/channel/UCWRc6ZLtiPLaYUvjBoMlMgA,2026-03-12T18:49:54.128Z,,4.553,4.553
Plow Driver Helps Kids Shovel Driveway || ViralHog Shorts,https://www.youtube.com/watch?v=JTxf24nPYEE,ViralHog,https://www.youtube.com/channel/UC3339WgBDKIcxTfywuSmG8w,2026-03-12T18:49:51.309Z,27.0,2.819,2.819
Major Framing Mistake - Let's Fix It! #framing #senco #sencotools #tools #nailgun #cordlessnailer,https://www.youtube.com/watch?v=hnmN_HREQF8,Miillers Construction,https://www.youtube.com/channel/UCK9DXL31fZSNi3h7DTqTyzg,2026-03-12T18:49:49.283Z,58.0,2.026,2.026
#крышаминск #кровляподключ#керамика #фальц #забудова # стройкаминск,https://www.youtube.com/watch?v=PUqZuEcV1N0,superkrysha,https://www.youtube.com/channel/UCotshIj3gjrqVptxpZmSByw,2026-03-12T18:49:44.064Z,28.0,5.219,5.219
Am I wrong for this? 🤣,https://www.youtube.com/watch?v=lkcYW6ox8ok,Slick Stevie,https://www.youtube.com/channel/UCTToCEh8CNjLEDeTXy0NZIQ,2026-03-12T18:49:29.986Z,48.0,14.078,14.078
"It’s a #SnowDay. It was 80 degrees two days ago. This feels unfair, y’know? Stay warm! #Smarch",https://www.youtube.com/watch?v=1iUC6-rGJSE,urbanbohemian,https://www.youtube.com/channel/UCJKArs1uDX1ROKLEVfQdKYg,2026-03-12T18:49:28.724Z,46.0,1.262,1.262
Fiberglass shower base install. Deck screws -– overkill for structure?,https://www.youtube.com/watch?v=ICu6oOjU62A,Home Love Construction,https://www.youtube.com/channel/UCPhWSKI-SzzOh3hMbyL5dPw,2026-03-12T18:49:27.541Z,117.0,1.183,1.183
Health care at Amazon,https://www.youtube.com/watch?v=z2J_4KmCYUg,,,2026-03-12T18:49:24.788Z,11.0,2.753,2.753
This nerdy guy attempts to ask out three different girls at the mall #faceyourfear #dating,https://www.youtube.com/watch?v=3wrIPuKTjAk,kingCarlX,https://www.youtube.com/channel/UCUsG5bs9ezFDxFoXjWIfIjA,2026-03-12T18:49:21.784Z,63.0,3.004,3.004
IRAN WAR DAY 13 UPDATES 📱,https://www.youtube.com/watch?v=qCe6PUsUB00,S.E.T Media Reacts,https://www.youtube.com/channel/UCnUNhNp3Jnvbh2Z9Sdz8Sww,2026-03-12T18:49:20.465Z,14629.0,1.319,1.319
When he has all the answers #couplecomedy #funny #couple,https://www.youtube.com/watch?v=ASi_gPh8wWc,John & Joycelyn of Big Wave ,https://www.youtube.com/channel/UCic7FIJm2lKazI39gpvS94A,2026-03-12T18:49:06.364Z,17.0,14.101,14.101
✨boy dinner✨,https://www.youtube.com/watch?v=g_fH5X-2T90,Michel Janse,https://www.youtube.com/channel/UCRYQ0mlWC6tpVoH9UID0wXg,2026-03-12T18:48:45.022Z,29.0,21.342,21.342
Why was he yelling at him 🤨 part 1 @R6Goon,https://www.youtube.com/watch?v=QYdpyn47iFk,MasFace,https://www.youtube.com/channel/UC8JAMmKAkp_qcsykOw9MbmA,2026-03-12T18:48:43.098Z,49.0,1.924,1.924
Just a baby overbuild #framing #hardwork #construction #build #trending,https://www.youtube.com/watch?v=ONyFcvhBPCw,BRC Builders,https://www.youtube.com/channel/UCdi62zO0DUsClYBcI1TNvIA,2026-03-12T18:48:35.173Z,36.0,7.925,7.925
All because I thought I could be crafty . #funny #healthcare #glovedoll,https://www.youtube.com/watch?v=VfKPVuUK6po,megangaza,https://www.youtube.com/channel/UCXVWsJ_S3e9HrqxAvjioLYA,2026-03-12T18:48:19.980Z,10.0,15.193,10.0
#construction #homebuilding #diy #homerenovation,https://www.youtube.com/watch?v=qiymVKoOIXo,Construction work,https://www.youtube.com/channel/UCuF8NbSDg6-GW_7hxwMH3gA,2026-03-12T18:48:06.009Z,,13.971,13.971
it’s uncanny,https://www.youtube.com/watch?v=LDPDDS3HaGo,Saturday Night Live,https://www.youtube.com/channel/UCqFzWxSCi39LnW1JKFR3efg,2026-03-12T18:48:03.870Z,181.0,2.139,2.139
This rare 80s footage of Phil Robertson will change your perspective,https://www.youtube.com/watch?v=JXRqqPry_Ck,Darrell Puckett,https://www.youtube.com/channel/UCyldikWaxO9-pgCb1nb3tQg,2026-03-12T18:47:59.702Z,85.0,4.168,4.168
She Instantly regretted that 🤣 @ingridstewart29,https://www.youtube.com/watch?v=lGIs-PpnAqs,Sportz Clipz TV,https://www.youtube.com/channel/UCIxvLERoHEvIW4YKbzKOzOQ,2026-03-12T18:47:32.665Z,24.0,27.037,24.0
BASICS of Hanging Drywall,https://www.youtube.com/watch?v=4OFI_Yk281Q,JLM Woodworks,https://www.youtube.com/channel/UCMNyFsnfVjphi-mtBEcpQag,2026-03-12T18:47:30.771Z,148.0,1.894,1.894
"Local Builder VS National Builder, pick your poi...",https://www.youtube.com/watch?v=tVF3dNSGXcw,CyFy,https://www.youtube.com/channel/UC6cgh3wDSFPAYETrpLzPSvQ,2026-03-12T18:47:25.698Z,179.0,5.073,5.073
I CANT WIN WITH HER 😂,https://www.youtube.com/watch?v=cMWIMTcTRvs,Slick Stevie,https://www.youtube.com/channel/UCTToCEh8CNjLEDeTXy0NZIQ,2026-03-12T18:46:23.230Z,59.0,62.468,59.0
Never Die Alone (2004) Mirror Scene (DMX/ Reagon Gomez-Preston),https://www.youtube.com/watch?v=i4hSHKdTZy4,crazyghetto shit,https://www.youtube.com/channel/UChhG-pwRpcF-h7T_LztYnVw,2026-03-12T17:14:29.300Z,121.0,5513.93,121.0
"THE OG BEAUTY IT GIRL: TV, MOVIE AND VOICE ICON-REAGAN GOMEZ PRESTON/ ZARIA PETERSON| DEEP DIVE",https://www.youtube.com/watch?v=c1q2x4g4oKQ,Kia Shalonté,https://www.youtube.com/channel/UCzgIAPzhfqjMjRRgoniSxFw,2026-03-12T17:13:20.299Z,699.0,69.001,69.001
Reagan Gomez 🥰,https://www.youtube.com/watch?v=VjoC60GjWeo,Pineapple24Mango 🍍,https://www.youtube.com/channel/UC9FyArSVhp8FHgiCo47SwFw,2026-03-12T17:13:09.472Z,11.0,10.827,10.827
Thank You video from Reagan Gomez,https://www.youtube.com/watch?v=_--kCePR-kw,Chameleon Prod,https://www.youtube.com/channel/UCHEBjRdiaXio4SgqhYaERRg,2026-03-12T17:12:50.708Z,35.0,18.764,18.764
"“Mom, what were you like in the 90s?”",https://www.youtube.com/watch?v=GnDFgs2c8Y4,Sarah French,https://www.youtube.com/channel/UCTsC1U5HJYPXhb_f4NkcyoA,2026-03-12T17:12:18.441Z,13.0,32.267,13.0
Young Gunz - No Better Love (MTV Version) ft. Rell,https://www.youtube.com/watch?v=3kpzbqV67ZU,YoungGunzVEVO,https://www.youtube.com/channel/UCCA1sPMjdA_4N4wYC9fzwhw,2026-03-12T17:00:01.230Z,234.0,737.211,234.0
Meet Pat: a Saiontz & Kirk Success Story,https://www.youtube.com/watch?v=9tOC918Vs2E,,,2026-03-12T16:59:53.548Z,31.0,7.682,7.682
T.I. - Whatever You Like [Official Video],https://www.youtube.com/watch?v=nQJACVmankY,T.I.,https://www.youtube.com/channel/UCsD7zvGKkqB7GvQpygW2few,2026-03-12T16:45:23.625Z,258.0,869.923,258.0
Golf (Short) | LiMu Emu & Doug | Liberty Mutual Insurance Commercial,https://www.youtube.com/watch?v=OuB4R4KgUjo,,,2026-03-12T16:45:14.423Z,16.0,9.202,9.202
Regan Gomez-Preston💖,https://www.youtube.com/watch?v=9Y6LCpz3ohI,2007kidBut90sKid,https://www.youtube.com/channel/UCeZMhE8ApdA-u6wjgLgWrmg,2026-03-12T16:44:21.977Z,32.0,52.446,32.0
mom's in there 20s..🥵,https://www.youtube.com/watch?v=bfDlTJQOYd0,SED EDITZ,https://www.youtube.com/channel/UChxkx2a8nl6TZ_8e99dmLGg,2026-03-12T16:39:39.426Z,19.0,282.551,19.0
Mom what were you like in 90s? #90s #genx #millennials #throwback  #viral,https://www.youtube.com/watch?v=nm_PRkp54oM,Jade Darius,https://www.youtube.com/channel/UCaZ9tst7N0J4En3-n9WcqOA,2026-03-12T16:39:27.127Z,20.0,12.299,12.299
"Mom, What Were You Like in the 90s? #90snostalgia",https://www.youtube.com/watch?v=7kKxNioFhOc,Jodie Langel,https://www.youtube.com/channel/UCtap3Z7-XpRAbZHUcvBLPrA,2026-03-12T16:38:38.596Z,22.0,48.531,22.0
"Dad, what were you like in the 90’s #hollywoodfilane #90’s #boxingalumni",https://www.youtube.com/watch?v=fEGKwoPftPI,filanetv,https://www.youtube.com/channel/UCjH4kyEHNWjMetetC-80mPA,2026-03-12T16:38:13.853Z,24.0,24.743,24.0
"“Dad, what were you like in the 90’s?” #shorts",https://www.youtube.com/watch?v=KN6xkxMplrc,Kevin Kilgarriff,https://www.youtube.com/channel/UChVlhNYt_xtOGSqsY4mazpg,2026-03-12T16:37:57.562Z,11.0,16.291,11.0
"Dad , what were you like in the 90s? #limpbizkit #90s",https://www.youtube.com/watch?v=zS-6H_4Oggw,limp bizkit underground,https://www.youtube.com/channel/UCIcAMj684lAMz9PgRqj3l5Q,2026-03-12T16:37:06.683Z,20.0,50.879,20.0
9 February 2026,https://www.youtube.com/watch?v=EIY9HZ3akBc,Tractor Power Ride,https://www.youtube.com/channel/UCspXtdEAI0zhceBrLvL5WXQ,2026-03-12T16:36:43.617Z,60.0,23.066,23.066
https://www.youtube.com/watch?v=WvJenCOXIuY,https://www.youtube.com/watch?v=WvJenCOXIuY,,,2026-03-12T16:23:25.334Z,48.0,798.283,48.0
Frozen pond. #funny #music #comedymove #familytime #comedymusic #rock #fyp #fun #redneck #funshow,https://www.youtube.com/watch?v=Lv-5MKNlTdA,The Carter Lee,https://www.youtube.com/channel/UCj9q5E4GpbeaaZOhSpptATA,2026-03-12T16:23:22.124Z,46.0,3.21,3.21
New Window Install - Step By Step PVC Trim #royalpvc #pvctrim #windowtrim #royaltrim #pvc #carpenter,https://www.youtube.com/watch?v=-64fqwJrjHg,Miillers Construction,https://www.youtube.com/channel/UCK9DXL31fZSNi3h7DTqTyzg,2026-03-12T16:22:02.532Z,80.0,79.592,79.592
That Strange Color at the End. #asmr #colormixing #colors #mix #mixing #red #black #brown #green,https://www.youtube.com/watch?v=teiHQOMFMw4,Colormix349,https://www.youtube.com/channel/UCboqelC6uJgcU1TMkEnWkRQ,2026-03-12T16:21:56.981Z,45.0,5.551,5.551
#constructionhumor #nicknames #constructioncomedy #goodnuffconstruction #funny,https://www.youtube.com/watch?v=3v841yM9RvY,GoodNuff,https://www.youtube.com/channel/UCrfHHEq7B3VyJqeX_OIdDjQ,2026-03-12T16:21:52.423Z,25.0,4.558,4.558
Unfortunate hand placement #delaneyporazinski #danielbuyeske,https://www.youtube.com/watch?v=AL-xKfpS6O0,Tyler Tasneem,https://www.youtube.com/channel/UCrJPzLSbplUezWVQ-ana6ig,2026-03-12T16:21:46.610Z,33.0,5.813,5.813
What Are These Black Spots in Trees?,https://www.youtube.com/watch?v=ZVK5twI43Pc,Top Branch,https://www.youtube.com/channel/UCOMAnHZxPrcSIGCgbIcpCOg,2026-03-12T16:21:45.638Z,43.0,0.972,0.972
Asking strangers how much they weigh…then benching it,https://www.youtube.com/watch?v=34M1rdKf4Zo,Colin Weng Stories,https://www.youtube.com/channel/UCiy9js_0OtOUoAm5YKOKnkA,2026-03-12T16:21:40.582Z,55.0,5.056,5.056
How to Mix the PERFECT Drywall Mud For Every Coat,https://www.youtube.com/watch?v=sKq-Qy94kyg,Home RenoVision DIY,https://www.youtube.com/channel/UCnorhjQR4zJkT7AVNhu395Q,2026-03-12T16:21:39.069Z,163.0,1.513,1.513
Carpenter use corner joint tips,https://www.youtube.com/watch?v=BtppJoRL2WU,Mukesh Mourya carpenter ,https://www.youtube.com/channel/UCA_4qTLpB2HVAYRGtYRaALQ,2026-03-12T16:21:23.804Z,,15.265,15.265
Cleary Construction - Wherever pavement is needed,https://www.youtube.com/watch?v=emWRbTCcI8Q,Cleary Construction,https://www.youtube.com/channel/UCpjdCfdq9y7pXqXjH9Y6QPw,2026-03-12T16:21:20.933Z,31.0,2.871,2.871
Called out sick #animation #funny #work #job #funnyvideo #comedy #worklife #joblife #foryou #memes,https://www.youtube.com/watch?v=5HASBmCYPNw,Little matchstick man,https://www.youtube.com/channel/UC24CEPzDoPro8_juJ4kScBQ,2026-03-12T16:21:19.463Z,61.0,1.47,1.47
Video evidence is the only thing that will protect this man…remember this guys #shorts,https://www.youtube.com/watch?v=OdLQSvtBItY,emilywking,https://www.youtube.com/channel/UCS_Jr83ueVLKc6XNLWwqRag,2026-03-12T16:21:17.884Z,21.0,1.579,1.579
90% of Builders Get This Wrong #RoofingTips #HomeImprovement #RoofLeaks #DIYRoofing,https://www.youtube.com/watch?v=q3VhGiVMG0w,ProBuild Insights,https://www.youtube.com/channel/UCWrbYRnMOxt-lOnDgUrQ7LQ,2026-03-12T16:20:42.633Z,37.0,35.251,35.251
Don't Boo... VOTE!!!!,https://www.youtube.com/watch?v=kpPgUYECvQs,The Tony Michaels Podcast,https://www.youtube.com/channel/UCBG8zTGBDIDThADSqXrmqvQ,2026-03-12T16:20:39.336Z,105.0,3.297,3.297
Best Skid Steer Attachment you haven't seen before,https://www.youtube.com/watch?v=XBw3z0Wift0,Adare Machinery Ltd,https://www.youtube.com/channel/UCFR_YdIK-KOCWW7jInJdYsA,2026-03-12T16:20:36.980Z,28.0,2.356,2.356
Don't tell him that I secretly love it. 🤭🚀😂,https://www.youtube.com/watch?v=4N6GMuKrnN4,Cullen & Katie,https://www.youtube.com/channel/UCPYnVLuSSqX4KJ9vfup2FcQ,2026-03-12T16:20:31.264Z,21.0,5.716,5.716
https://www.youtube.com/watch?v=3dIDmeUu8ww,https://www.youtube.com/watch?v=3dIDmeUu8ww,,,2026-03-12T16:20:17.645Z,,13.619,13.619
How to install a window #daponthejob #construction #framing #sponsored (wear proper PPE),https://www.youtube.com/watch?v=bwGIOXOI8hQ,BRC Builders,https://www.youtube.com/channel/UCdi62zO0DUsClYBcI1TNvIA,2026-03-12T16:19:37.229Z,38.0,40.416,38.0
#debate #duet #whowillbemylifepartnerta #comedyshow #charliekirk #funny,https://www.youtube.com/watch?v=SdquezAV5w0,clipping.debates,https://www.youtube.com/channel/UClN19STcVoSv80m1ImmTIGg,2026-03-12T16:19:32.913Z,,4.316,4.316
POV your family has homemade zeppole nights #shorts,https://www.youtube.com/watch?v=b5QGRgT5p6M,Brothers Cucina,https://www.youtube.com/channel/UCb0hmWSw5vaj7O4O2fYl5XA,2026-03-12T16:19:31.622Z,16.0,1.291,1.291
Homer Buys a Gun #simpsons #shorts #thesimpsons #funny #funnyvideo,https://www.youtube.com/watch?v=9NJmqI0KmFw,Sephye,https://www.youtube.com/channel/UCbvkQKdztBf4mFQtFEBMCmw,2026-03-12T16:19:30.017Z,,1.605,1.605
I Turned Sand and Resin Into a Luxury Ocean Table #diy #epoxy  #shorts,https://www.youtube.com/watch?v=O790p7UF2Ls,IllusionTechDIY,https://www.youtube.com/channel/UCXNDUuY-QEQ90X7iMEV0hQw,2026-03-12T16:19:28.692Z,44.0,1.325,1.325
Everyone Should Know This Felling Technique,https://www.youtube.com/watch?v=IPvh7--6jx0,Top Branch,https://www.youtube.com/channel/UCOMAnHZxPrcSIGCgbIcpCOg,2026-03-12T16:19:15.854Z,107.0,12.838,12.838
#respect #kindness #viral,https://www.youtube.com/watch?v=kGcg9l-3o5s,RESPECT 🥰,https://www.youtube.com/channel/UC98390-9CHf5lVz7KKYeGBQ,2026-03-12T16:19:12.084Z,42.0,3.77,3.77
🚨🚨Wait till the end!!,https://www.youtube.com/watch?v=MF5vXcGP3N0,Builder Buddy,https://www.youtube.com/channel/UCVXdLoRgZxTzlIR1LNEIs9A,2026-03-12T16:19:10.162Z,40.0,1.922,1.922
Fixing the barn! #ranch #barn #horse,https://www.youtube.com/watch?v=wuokIC42aZ8,Jared Cole,https://www.youtube.com/channel/UC_R-TXt4TED9xJat2bxCfVg,2026-03-12T16:18:38.070Z,32.0,32.092,32.0
Theo Von Has No Chill 🤣,https://www.youtube.com/watch?v=0ofZC4cjrok,Theo Rogan Shorts,https://www.youtube.com/channel/UCxKGou6OIoV68Rw5VYV9LHg,2026-03-12T16:18:33.429Z,39.0,4.641,4.641
How to Build a ROCK SOLID Wall in Seconds #construction #framing #protips,https://www.youtube.com/watch?v=xryDv8cXnmo,BuiltRightco,https://www.youtube.com/channel/UCcZnDP3HjMdoDurPhGOYLwA,2026-03-12T16:18:11.594Z,91.0,21.835,21.835
Your back isn’t broken it’s weak! @lowbackability #backpain #spinehealth #mobility #recovery,https://www.youtube.com/watch?v=dNO6KPVOohU,Brendan Backstrom Clips,https://www.youtube.com/channel/UCy4LVLcvFp0av14i32ZGVrA,2026-03-12T16:18:10.255Z,52.0,1.339,1.339
https://www.youtube.com/watch?v=UgT3Ml2eP_M,https://www.youtube.com/watch?v=UgT3Ml2eP_M,,,2026-03-12T16:18:09.341Z,,0.914,0.914
Ace Pelka forever switch boardslide,https://www.youtube.com/watch?v=JuPqIlBaU2o,Arbor Collective,https://www.youtube.com/channel/UCrfzOXWDa5NkY8ZiVrR_Tug,2026-03-12T16:18:05.336Z,36.0,4.005,4.005
Man Shows Amazing Emotional Maturity ❤️,https://www.youtube.com/watch?v=NqSTioxG82I,Goated Eagle,https://www.youtube.com/channel/UCpuWWZBKVE_n_50K5KjZkhw,2026-03-12T16:18:03.584Z,60.0,1.752,1.752
His Request SHOCKED Me…😱 #videogames #retrogaming #fyp,https://www.youtube.com/watch?v=bkRlPWs00eI,cake,https://www.youtube.com/channel/UCvOPFCKap9a4aVAMS2mZZBg,2026-03-12T16:18:00.525Z,93.0,3.059,3.059
Charlie Kirk Debates a Kamala Supporter #shorts,https://www.youtube.com/watch?v=Z6g-a_YmLOE,Debate Vault,https://www.youtube.com/channel/UCM7M5XDIqvVUL4LIKPMHthA,2026-03-12T16:17:58.888Z,91.0,1.637,1.637
Redneck Pro Tip ( brake clean/spray can hack) #automobile #viral #diy #mechanic #automotivetips #tip,https://www.youtube.com/watch?v=7rzU_l8OVXM,North Side Norm,https://www.youtube.com/channel/UCrzZ3YsjD2YMqXOxU4NKgng,2026-03-12T16:17:56.102Z,47.0,2.786,2.786
Our God is Greater!,https://www.youtube.com/watch?v=hM-9fZtfUgA,Charlie Kirk,https://www.youtube.com/channel/UCfaIu2jO-fppCQV_lchCRIQ,2026-03-12T16:17:50.148Z,56.0,5.954,5.954
I wish I had one of these as a kid!,https://www.youtube.com/watch?v=9zdy-OyR9HI,Dude Dad,https://www.youtube.com/channel/UCnQjDnWKwV81mXEiuiA9Vqg,2026-03-12T16:17:23.687Z,86.0,26.461,26.461
🧔 She spent a year living as a man.,https://www.youtube.com/watch?v=_PZXeXUYfYU,Flourish with Laurin ,https://www.youtube.com/channel/UCAwHOqGiNpIU7XGkOgtiX1w,2026-03-12T16:17:18.780Z,180.0,4.907,4.907
6,https://www.youtube.com/watch?v=B1QK9Gb1O_w,Minhee Kim,https://www.youtube.com/channel/UCOrmlOBO763Je8KCQGNHNww,2026-03-12T15:58:53.334Z,143.0,1105.446,143.0
29,https://www.youtube.com/watch?v=PzMwhnXB9zg,Minhee Kim,https://www.youtube.com/channel/UCOrmlOBO763Je8KCQGNHNww,2026-03-12T15:55:51.523Z,152.0,181.811,152.0
9,https://www.youtube.com/watch?v=JA6djl0o_Aw,Minhee Kim,https://www.youtube.com/channel/UCOrmlOBO763Je8KCQGNHNww,2026-03-12T15:53:49.258Z,98.0,122.265,98.0
POV the Perfect Metal Trim Corner Bend,https://www.youtube.com/watch?v=-tT8xpm8iaA,RR Buildings,https://www.youtube.com/channel/UCWXEQsK3UiHszjwgGN5HUeQ,2026-03-12T11:49:50.946Z,90.0,14638.312,90.0
"Rage Against the Machine – “Killing in the Name,” Live on BBC Radio 5 Live, Dec 17, 2009) #ratm",https://www.youtube.com/watch?v=GxvwLzv7Etg,Vintage Recordings ,https://www.youtube.com/channel/UCXHunLj-5wicMIAx1kPzAbw,2026-03-12T11:49:49.466Z,21.0,1.48,1.48
A good athlete doesn't want to hurt anyone.,https://www.youtube.com/watch?v=iWMbhre45bU,Raw Combat,https://www.youtube.com/channel/UCVULvE7ilF36xkN9NsWnOSg,2026-03-12T11:49:47.244Z,45.0,2.222,2.222
Charlie Kirk's Funniest Debate Moment,https://www.youtube.com/watch?v=bVNeGc4xadM,Debate Vault,https://www.youtube.com/channel/UCM7M5XDIqvVUL4LIKPMHthA,2026-03-12T11:49:14.903Z,32.0,32.341,32.0
why did no one TELL USSSS😭😭😭 #traveltips #dubai #travelplanning,https://www.youtube.com/watch?v=0ADx0yje6vs,Marg - Travel Tips,https://www.youtube.com/channel/UCQnP9CXAYY8hOA7PvBrr0Sg,2026-03-12T11:49:05.355Z,34.0,9.548,9.548
Is it harder to stop a sled hockey shot than a stand-up hockey shot? #hockey #nhl #teamusa #olympics,https://www.youtube.com/watch?v=bDw13a6vXbs,Declan Farmer,https://www.youtube.com/channel/UCHlUmLmv0JXLzLbBFJpPaeA,2026-03-12T11:49:04.318Z,20.0,1.037,1.037
America’s Cheese Cave,https://www.youtube.com/watch?v=gj1wPu94ub0,M2ilitary,https://www.youtube.com/channel/UCWrH4SmZ9ZptKML7YAxg_KA,2026-03-12T11:48:18.168Z,45.0,46.15,45.0
https://www.youtube.com/watch?v=lQjiP37oeCI,https://www.youtube.com/watch?v=lQjiP37oeCI,,,2026-03-12T11:47:30.884Z,,47.284,47.284
Amazon helps small business,https://www.youtube.com/watch?v=O0UYmPLZnTc,,,2026-03-12T11:47:29.874Z,7.0,1.01,1.01
When a stand-up comedian meets...,https://www.youtube.com/watch?v=lOu3_9I_2mI,Arm4141,https://www.youtube.com/channel/UCIZaq0KLjGt_x96tYZ11JvQ,2026-03-12T11:47:27.227Z,66.0,2.647,2.647
On the Stump Training #logger #timberfaller #husqvarna #572 #buckin #firewood #love #teaching,https://www.youtube.com/watch?v=n4wAhxxce88,Buckin' Billy Ray Smith,https://www.youtube.com/channel/UCsIFvStf9Oz99GMitW4vD_g,2026-03-12T11:47:25.558Z,159.0,1.669,1.669
FREE Maine Apple Tree Pruning Workshop,https://www.youtube.com/watch?v=7NGociD-szg,Top Branch,https://www.youtube.com/channel/UCOMAnHZxPrcSIGCgbIcpCOg,2026-03-12T11:47:13.570Z,179.0,11.988,11.988
