title,link,channel,channel_link,date,video_length,time_diff,watch_time
REC is some of the best found footage i've ever seen???,https://www.youtube.com/watch?v=xKjguY_SFDw,she's scared,https://www.youtube.com/channel/UChx5mPZFkHeMOMnWAYYv0mA,2026-05-12T00:18:36.671Z,1574.0,,1574.0
HOST is f*%k!$G terrifying and FOR WHAT | Reaction,https://www.youtube.com/watch?v=sJiRiK8gDGo,she's scared,https://www.youtube.com/channel/UChx5mPZFkHeMOMnWAYYv0mA,2026-05-11T23:19:49.506Z,1193.0,3527.165,1193.0
Roblox Claims,https://www.youtube.com/watch?v=mgwZ0XUr6_0,,,2026-05-11T23:19:39.695Z,60.0,9.811,9.811
Speed introduced his cats to Courtney☠️😂 #ishowspeed #funny #pets,https://www.youtube.com/watch?v=5SjxEoPn2TQ,SDMNostalgia,https://www.youtube.com/channel/UC73usNwA4tM3ofYozkgWnBQ,2026-05-11T23:19:24.713Z,38.0,14.982,14.982
The Mark of a Fighter: Hustles,https://www.youtube.com/watch?v=lwxTJ9vfbM4,,,2026-05-11T23:19:03.211Z,16.0,21.502,16.0
Shortened: Get STARZ Today,https://www.youtube.com/watch?v=cRNqtrNKvjY,,,2026-05-11T23:18:59.106Z,24.0,4.105,4.105
The Mark of a Fighter: Shower Beer,https://www.youtube.com/watch?v=GvuMv8vnQMA,,,2026-05-11T22:16:37.274Z,7.0,3741.832,7.0
The New Smarter Way To Job Search | Indeed,https://www.youtube.com/watch?v=eAw-iMqnyx4,,,2026-05-11T22:16:37.271Z,239.0,0.003,0.003
The Way Home Final Season Now Streaming,https://www.youtube.com/watch?v=WWk24LlP_O4,,,2026-05-11T22:16:27.110Z,31.0,10.161,10.161
Behind the Curtain with Dean Devlin,https://www.youtube.com/watch?v=8ea_3bETFSU,,,2026-05-11T22:16:24.530Z,3068.0,2.58,2.58
Fountainhead | Farmers Insurance®,https://www.youtube.com/watch?v=50XqpgCkbp0,,,2026-05-11T22:11:00.241Z,16.0,324.289,16.0
105_CM01YH_[26_09]_motion_UGC_remake_12JV83_creo_mix_03_16x9_04PR.mp4,https://www.youtube.com/watch?v=JoeFDK79BGo,,,2026-05-11T22:05:08.929Z,48.0,351.312,48.0
Ashley Beautyrest Memorial Day Mattress Sale,https://www.youtube.com/watch?v=cc7o9o7CAKA,,,2026-05-11T21:48:27.974Z,16.0,1000.955,16.0
Golf (Short) | LiMu Emu & Doug | Liberty Mutual Insurance Commercial,https://www.youtube.com/watch?v=OuB4R4KgUjo,,,2026-05-11T21:48:05.486Z,16.0,22.488,16.0
Monroe Shocks & Struts | The World Rides On Monroe,https://www.youtube.com/watch?v=S7z_67eY5CM,,,2026-05-11T21:42:34.347Z,16.0,331.139,16.0
MARC 4239 BV Unclaimed Podcast Style UGC 16x9 30 Final,https://www.youtube.com/watch?v=5JCFFoF0Tok,,,2026-05-11T21:41:56.722Z,31.0,37.625,31.0
2605_Cleveland-Akron-Canton-_silverado_ENG_15_standard_FIL_20260501143530,https://www.youtube.com/watch?v=GTFX_mtjVBo,,,2026-05-11T21:27:12.375Z,16.0,884.347,16.0
THE VISIT is DIS-GUS-TANG.,https://www.youtube.com/watch?v=YSP96RQ9-i0,she's scared,https://www.youtube.com/channel/UChx5mPZFkHeMOMnWAYYv0mA,2026-05-11T21:25:05.542Z,1978.0,126.833,126.833
april 2026 cassscroggins agility ig reel paid 16x9,https://www.youtube.com/watch?v=swD4GgzIUcU,,,2026-05-11T21:24:33.574Z,31.0,31.968,31.0
Don’t just navigate the AI era — own it.,https://www.youtube.com/watch?v=5cGAGr73Fkg,,,2026-05-11T21:23:57.274Z,31.0,36.3,31.0
TheGarzas CTV 15s,https://www.youtube.com/watch?v=2AxtMO-X7g0,,,2026-05-11T21:23:49.548Z,16.0,7.726,7.726
"What I Saw as a Fake Billionaire | Fakes, Frauds and Scammers",https://www.youtube.com/watch?v=aKwkMZbeeGo,VICE,https://www.youtube.com/channel/UCn8zNIfYAQNdrFRrr8oibKw,2026-05-11T21:22:27.770Z,713.0,81.778,81.778
VV NPC2337TLS PVO529 ANG55 MOF L2,https://www.youtube.com/watch?v=BENTTew9Z-4,,,2026-05-11T21:22:16.956Z,43.0,10.814,10.814
Interview with a Cannibal,https://www.youtube.com/watch?v=BosZxa1bYcE,VICE,https://www.youtube.com/channel/UCn8zNIfYAQNdrFRrr8oibKw,2026-05-11T21:19:16.631Z,2030.0,180.325,180.325
blossom_16x9_12s.mp4,https://www.youtube.com/watch?v=aLnyzR33jzk,,,2026-05-11T21:18:33.782Z,12.0,42.849,12.0
Found While SHAVING His Hair!,https://www.youtube.com/watch?v=nHjWMj7vi74,Yawi Vlogs By Tannerites,https://www.youtube.com/channel/UCeZBPJV0fh4Dv4PPkBrh_qg,2026-05-11T21:17:21.514Z,1005.0,72.268,72.268
Premium Wireless for $15 Bucks a Month | Mint Mobile,https://www.youtube.com/watch?v=e5BNMNcSKLs,,,2026-05-11T21:15:30.990Z,31.0,110.524,31.0
Candice :15 - Oil Changexiety 2.0,https://www.youtube.com/watch?v=lp6bGDHNqGk,,,2026-05-11T21:15:28.854Z,16.0,2.136,2.136
Secretly recording inside a Scientology church service,https://www.youtube.com/watch?v=Auv8Bxnu8aU,Reckless Ben,https://www.youtube.com/channel/UC_UE7maDDe8OqqC8-TtXaKg,2026-05-11T21:12:44.675Z,346.0,164.179,164.179
Talkspace “Don’t want to talk about it”,https://www.youtube.com/watch?v=ud-cge8DE0o,,,2026-05-11T21:12:37.754Z,31.0,6.921,6.921
IFCJ Flag Pin USA Horizontal Generic,https://www.youtube.com/watch?v=49fjeNmfscQ,,,2026-05-11T21:12:17.194Z,46.0,20.56,20.56
The Mark of a Fighter: Clocked Out,https://www.youtube.com/watch?v=L40FtukRqEs,,,2026-05-11T21:12:10.774Z,7.0,6.42,6.42
"Dr. Squatch | ""Glide Test"" | Professor Fox",https://www.youtube.com/watch?v=-iI_hRJMtrk,,,2026-05-11T21:11:55.522Z,31.0,15.252,15.252
Tailor Brands vs Northwest Registered Agent (don't overpay!),https://www.youtube.com/watch?v=z0Hy34KQOuY,,,2026-05-11T21:10:43.582Z,493.0,71.94,71.94
THE TAKING OF DEBORAH LOGAN is absolutely b@tsh!t crazy,https://www.youtube.com/watch?v=C2pNEI3Hvow,she's scared,https://www.youtube.com/channel/UChx5mPZFkHeMOMnWAYYv0mA,2026-05-11T20:23:57.025Z,2130.0,2806.557,2130.0
Midol_On The Street,https://www.youtube.com/watch?v=BWJQu7ZqASw,,,2026-05-11T20:22:45.213Z,61.0,71.812,61.0
“WELL WE’RE GONNA CALL THE POLICE”-FIRST AMENDMENT ,https://www.youtube.com/watch?v=uwHS4e-WlHs,Tyrant Terminator Audits!!!,https://www.youtube.com/channel/UCfWEnytDiyfb7FowLx2nxrQ,2026-05-11T20:08:05.190Z,3727.0,880.023,880.023
Shortened: Roblox Claims,https://www.youtube.com/watch?v=44u4t55nfqo,,,2026-05-11T20:05:11.865Z,30.0,173.325,30.0
Tampax BraidBar at Milano Cortina 2026,https://www.youtube.com/watch?v=uwrddn_0wp0,,,2026-05-11T20:05:08.571Z,42.0,3.294,3.294
@rowanjett_t: Kitten life means giving up your seat... #cat  #catlover #kitty,https://www.youtube.com/watch?v=u9OXa6HfRZ4,Funny Cat Moments,https://www.youtube.com/channel/UC9A2C_Nm7O8Y1CHNrQ83qqg,2026-05-11T20:05:07.002Z,13.0,1.569,1.569
Speed Finally Found his Love.❤️‍🩹🥺 #ishowspeed #cat,https://www.youtube.com/watch?v=aSuU7nT1o0w,GarJo Clips,https://www.youtube.com/channel/UCXsrToWgFIXlUfu-VvUOsxQ,2026-05-11T20:04:31.806Z,32.0,35.196,32.0
2025 Scenic TV Commercial :06 - Sherwin-Williams,https://www.youtube.com/watch?v=sIKNbXmpU6Y,,,2026-05-11T20:04:26.938Z,7.0,4.868,4.868
A Maxxinisto’s Origin Story,https://www.youtube.com/watch?v=kt2nRZXyWKE,,,2026-05-11T20:04:24.146Z,61.0,2.792,2.792
xQc Ignored His Maids And Got Instant Justice 💀😭#xqc,https://www.youtube.com/watch?v=MNMxVuQ0ZfM,xQc Fan Page,https://www.youtube.com/channel/UCxgyVxrx1P8JwP5wxXJbDIw,2026-05-11T20:04:18.158Z,34.0,5.988,5.988
Date night,https://www.youtube.com/watch?v=WY-heZCYLfo,Jatie Vlogs,https://www.youtube.com/channel/UCnM1ay_QoQOpa1N2iejLA7A,2026-05-11T20:04:17.096Z,44.0,1.062,1.062
Adventure-Ready Dog Treats,https://www.youtube.com/watch?v=TG4QpMEed04,,,2026-05-11T20:04:16.069Z,7.0,1.027,1.027
“i created downloading” is CRAZY flex 🔥💀,https://www.youtube.com/watch?v=6cIyzGuiSMk,deagzzzshorts,https://www.youtube.com/channel/UCjcZfaPzpgifneY4aZgLGrQ,2026-05-11T20:04:14.650Z,35.0,1.419,1.419
"May 11, 2026",https://www.youtube.com/watch?v=eTpUlZGpmhI,Cameron Whitehead,https://www.youtube.com/channel/UCd67_-7nmTZkoRvqwSBZTSQ,2026-05-11T20:04:13.654Z,16.0,0.996,0.996
He Thought He Knew the Business… Until He Worked the Floor 👇,https://www.youtube.com/watch?v=biXHyRH1H6Y,mdscae,https://www.youtube.com/channel/UCHcWIp_7HdTlBAYUMAl1V_w,2026-05-11T20:03:40.646Z,58.0,33.008,33.008
Always helping fr 🔥,https://www.youtube.com/watch?v=XqFt_hmEmgY,DribFlash,https://www.youtube.com/channel/UCbQr6NXqE9fLkiB-Eoem32w,2026-05-11T20:03:37.702Z,27.0,2.944,2.944
Blurry: Dean 15s - new logo end,https://www.youtube.com/watch?v=NvJpI96KSeg,,,2026-05-11T20:03:36.046Z,16.0,1.656,1.656
IShowSpeed BREAKS Nick's Knife on First Try! 😂🔪,https://www.youtube.com/watch?v=Rra8gKHhBKU,weknows,https://www.youtube.com/channel/UCQbdVWvaM341-EzzRRNLHdg,2026-05-11T20:03:33.332Z,48.0,2.714,2.714
He Failed To End SPEED's Stream🍏😭 #ishowspeed #greenapple #greenapples #colorblind,https://www.youtube.com/watch?v=ixEGIY6ccdw,Cup Of Trending ,https://www.youtube.com/channel/UCWUHDL4LJJ5bWUJWIwEwLiw,2026-05-11T20:03:24.200Z,78.0,9.132,9.132
"April 18, 2026",https://www.youtube.com/watch?v=pRY_VSVJITA,,,2026-05-11T20:03:22.727Z,8.0,1.473,1.473
Entitled Neighbor  Finally Gets A Police Visit She Won’t Forget #cops #police #bodycam #crime,https://www.youtube.com/watch?v=6jUyFCMzGzc,POLICE BODYCAM CRITICAL FOOTAGE ,https://www.youtube.com/channel/UC2ihLBgj2z5tDEmDtAHKrBQ,2026-05-11T20:01:07.122Z,180.0,135.605,135.605
priceless roses 🌹 #spreadsmile #roses #flowers,https://www.youtube.com/watch?v=ZJttqboJonw,native ty food,https://www.youtube.com/channel/UCeilKqxzYOt_Ao3hIvSZnYA,2026-05-11T20:00:41.969Z,98.0,25.153,25.153
One course at a time | University of Phoenix,https://www.youtube.com/watch?v=LtnX0us1d8g,,,2026-05-11T20:00:40.898Z,7.0,1.071,1.071
iShowSpeed Never Forgets His True Fans ❤️‍🩹❤️‍🩹,https://www.youtube.com/watch?v=NYjLwZT-ylM,deagzzzshorts,https://www.youtube.com/channel/UCjcZfaPzpgifneY4aZgLGrQ,2026-05-11T19:59:43.572Z,58.0,57.326,57.326
Tong feeding lion #animalcare #bigcat #nationaltigersanctuary #metaglasses,https://www.youtube.com/watch?v=Xiyee5xFBVs,0austinp,https://www.youtube.com/channel/UCW9l9aSjtmTr3XbxrN5NL6g,2026-05-11T19:59:39.970Z,113.0,3.602,3.602
Nothing wrong with having hobbies...and great insurance.,https://www.youtube.com/watch?v=EsulIGA1BeQ,,,2026-05-11T19:59:38.846Z,14.0,1.124,1.124
I Tipped A Pizza Delivery Driver A Car,https://www.youtube.com/watch?v=IemzxkkzI5s,MrBeast,https://www.youtube.com/channel/UCX6OQ3DkcsbYNE6H8uQQuVA,2026-05-11T19:59:37.523Z,52.0,1.323,1.323
I Went Undercover as a Cashier,https://www.youtube.com/watch?v=KUUdLi5g8Nw,MrBeast 2,https://www.youtube.com/channel/UC4-79UOlP48-QNGgCko5p2g,2026-05-11T19:58:54.459Z,45.0,43.064,43.064
4 Ways to Improve Your Communication Skills at Work | Indeed,https://www.youtube.com/watch?v=KuzosPAlhyE,,,2026-05-11T19:58:46.762Z,330.0,7.697,7.697
iShowSpeed Trains his Cats & a Dog.. (gone wrong),https://www.youtube.com/watch?v=DOrlj3G1u1o,SpeedUniverse,https://www.youtube.com/channel/UCOC64I7IV17EvSIZJ1HDfHw,2026-05-11T19:47:52.897Z,1433.0,653.865,653.865
DCD-Malc-42070| Hulu,https://www.youtube.com/watch?v=1IQAAih14mE,,,2026-05-11T19:42:49.286Z,16.0,303.611,16.0
Starting a business can be scary. But Shopify is here to help.,https://www.youtube.com/watch?v=3OexX_FG5ow,,,2026-05-11T19:42:42.926Z,25.0,6.36,6.36
"Celebrate Every Moment: Make Your Statement with Custom Birthdays, Weddings & More | Zazzle",https://www.youtube.com/watch?v=gIMCLxihsoE,,,2026-05-11T17:01:08.626Z,31.0,9694.3,31.0
adhd_16x9_15s_v2.mp4,https://www.youtube.com/watch?v=V2955lIATQ8,,,2026-05-11T17:01:01.236Z,15.0,7.39,7.39
Duracell x Messi Reboot 15 ENG,https://www.youtube.com/watch?v=staHoxoASXw,,,2026-05-11T17:00:51.514Z,16.0,9.722,9.722
Hope Valley: 1874 | Exclusive Hallmark+ Original Series,https://www.youtube.com/watch?v=KfDV2_G2qDA,,,2026-05-11T17:00:51.150Z,31.0,0.364,0.364
LYMOW One Plus robotic mower.,https://www.youtube.com/watch?v=b3YgXTuXLoU,,,2026-05-11T16:59:54.582Z,833.0,56.568,56.568
How-To: Steak & Vegetables with Chimichurri,https://www.youtube.com/watch?v=nuBWm-m-Skk,,,2026-05-11T16:57:17.238Z,428.0,157.344,157.344
Native-Brand-ENG-NYC Romance-Hair-Core-:30-Multi-16x9-,https://www.youtube.com/watch?v=IU1miP0Gw8g,,,2026-05-11T16:57:01.318Z,31.0,15.92,15.92
PARTNERS Episode 1 | She’s ONLY 18… and The GOAT?!,https://www.youtube.com/watch?v=CG3TbBLzOQM,,,2026-05-11T16:54:56.170Z,2403.0,125.148,125.148
DTF: St. Louis | HBO Max,https://www.youtube.com/watch?v=s4mIRXLYQv8,,,2026-05-11T16:54:52.594Z,16.0,3.576,3.576
Torturing a Scammer in Customer Service Hell (30 min version),https://www.youtube.com/watch?v=AF8XcK7Vu6k,Kitboga,https://www.youtube.com/channel/UCm22FAXZMw1BaWeFszZxUKw,2026-05-11T08:50:02.402Z,2003.0,29090.192,2003.0
Euphoria | HBO Max,https://www.youtube.com/watch?v=g8_GeP_HcRI,,,2026-05-11T08:49:22.577Z,16.0,39.825,16.0
“HEY SECURITY? CAN YOU MAKE HIM STOP RECORDING?”-FIRST AMENDMENT ,https://www.youtube.com/watch?v=aKv4gTPCSuw,Tyrant Terminator Audits!!!,https://www.youtube.com/channel/UCfWEnytDiyfb7FowLx2nxrQ,2026-05-11T08:47:54.356Z,1383.0,88.221,88.221
2026 RAC Exchange GM15,https://www.youtube.com/watch?v=pTBeC8lBp8U,,,2026-05-11T08:47:47.724Z,15.0,6.632,6.632
V2Logo Brand Spokesperson BerklynMall 16x9 15sec,https://www.youtube.com/watch?v=tDE_ykmJUZY,,,2026-05-11T08:47:27.977Z,16.0,19.747,16.0
"Power Ballad (2026) TRAILER 2 – Paul Rudd, Nick Jonas",https://www.youtube.com/watch?v=Ta-DsXnkUVw,,,2026-05-11T08:46:49.096Z,109.0,38.881,38.881
Codex Ed 2 PrototypingWithCodex 16x9,https://www.youtube.com/watch?v=BfZzwD575NQ,,,2026-05-11T08:46:46.728Z,30.0,2.368,2.368
Copy of Codex Alexander 2 FixingPRs 16x9,https://www.youtube.com/watch?v=_wAWR3xf9SE,,,2026-05-11T05:02:35.305Z,38.0,13451.423,38.0
MRK170_Ads_A_16x9_v5.mp4,https://www.youtube.com/watch?v=tzwcUZdwOKA,,,2026-05-11T00:31:32.938Z,16.0,16262.367,16.0
“THEY SAY YOU ARE RECORDING PEOPLE LICENSE PLATES-BANGER-FIRST AMENDMENT,https://www.youtube.com/watch?v=tX5uR4M0p-8,Tyrant Terminator Audits!!!,https://www.youtube.com/channel/UCfWEnytDiyfb7FowLx2nxrQ,2026-05-11T00:16:05.534Z,1747.0,927.404,927.404
N Oestra C HRT A VSL F Informercial Sarah H Founder B Value props P In house E JC L Over 3min V AV1,https://www.youtube.com/watch?v=GW9riqTSUOY,,,2026-05-11T00:15:59.473Z,399.0,6.061,6.061
Shortened: Hope Valley: 1874 | Exclusive Hallmark+ Original Series,https://www.youtube.com/watch?v=utW5OafNpEE,,,2026-05-11T00:15:46.561Z,27.0,12.912,12.912
I Went To The Dentist For The First Time!,https://www.youtube.com/watch?v=lb68HYXu_nY,JasonTheWeen Live,https://www.youtube.com/channel/UClK4S3kGZN8YTiWA1MRaH0g,2026-05-11T00:05:35.874Z,2135.0,610.687,610.687
RMOB0460000H_2025_Hefty Waste_Fabuloso Watermelon New_06s_16x9.mp4,https://www.youtube.com/watch?v=DY9GHK-MciY,,,2026-05-11T00:05:30.842Z,7.0,5.032,5.032
What’s next?,https://www.youtube.com/watch?v=1RV_6aNJq7o,,,2026-05-11T00:05:28.833Z,7.0,2.009,2.009
Codex Andrew 2 DailyCommitSummary 16x9 h264,https://www.youtube.com/watch?v=6FqVZ0hLss0,,,2026-05-11T00:04:41.970Z,40.0,46.863,40.0
THE CABIN IN THE WOODS (2011) *REACTION* FIRST TIME WATCHING! WHAT IN THE RITUALISTIC SACRIFICE?!,https://www.youtube.com/watch?v=5eVsJguM_vs,Petty Pumpkins,https://www.youtube.com/channel/UCLXA8cr8lkHSE9xBg5nmezw,2026-05-10T23:21:51.874Z,2777.0,2570.096,2570.096
Hope Valley: 1874 | Exclusive Hallmark+ Original Series,https://www.youtube.com/watch?v=KfDV2_G2qDA,,,2026-05-10T23:20:51.645Z,31.0,60.229,31.0
Shortened: Demand Gen | UGC | US+CA | en desk reset subs,https://www.youtube.com/watch?v=jjZAzsSK2Zc,,,2026-05-10T23:20:28.422Z,49.0,23.223,23.223
Level up your business with Shopify,https://www.youtube.com/watch?v=hLMKQlkhXsk,,,2026-05-10T23:20:06.297Z,32.0,22.125,22.125
50% Off Spring & Summer| Spring & Summer Activities | Hobby Lobby® | 15s VI,https://www.youtube.com/watch?v=3P7s7X_g55w,,,2026-05-10T23:19:28.980Z,16.0,37.317,16.0
He makes amazing Vietnamese Crab Rangoons! #farmersmarket #wholesome #localbusiness #vendor,https://www.youtube.com/watch?v=avAgKsg8gxY,David’sPOV_,https://www.youtube.com/channel/UCp_mqkHkTok_8afoJkLDfpw,2026-05-10T23:19:18.213Z,75.0,10.767,10.767
How I feed my 10 Kids | Meal Prep,https://www.youtube.com/watch?v=mwnQMsuBzuc,Big Family Living ,https://www.youtube.com/channel/UC6TeepVK6vFlEC6ZKh_stog,2026-05-10T23:18:13.253Z,96.0,64.96,64.96
The Spring Collection,https://www.youtube.com/watch?v=2VdZbsVwZHI,,,2026-05-10T23:18:09.883Z,31.0,3.37,3.37
"Dr. Squatch | ""Glide Test"" | Professor Fox",https://www.youtube.com/watch?v=g6M9ZhFgf0Y,,,2026-05-10T23:18:06.653Z,16.0,3.23,3.23
The BEST way to cook eggs! #joshandmomma #joshsmom,https://www.youtube.com/watch?v=Pkge4guKObg,Josh & Momma,https://www.youtube.com/channel/UC9XniOQty-FyFm8OxJZX7Aw,2026-05-10T23:18:01.941Z,178.0,4.712,4.712
Momma enters a Bake-Off 😳 #joshandmomma #joshsmom,https://www.youtube.com/watch?v=rqyKuoVeX9s,Josh & Momma,https://www.youtube.com/channel/UC9XniOQty-FyFm8OxJZX7Aw,2026-05-10T23:16:41.426Z,142.0,80.515,80.515
Asana makes it easy to keep every team on the same page and every project on track,https://www.youtube.com/watch?v=VxQKcRYl2-U,,,2026-05-10T23:16:38.244Z,6.0,3.182,3.182
Golf (Short) | LiMu Emu & Doug | Liberty Mutual Insurance Commercial,https://www.youtube.com/watch?v=OuB4R4KgUjo,,,2026-05-10T23:16:30.861Z,16.0,7.383,7.383
Codex Andrew 1 SentryAutomation 16x9 h264,https://www.youtube.com/watch?v=Pr7FcbtRhbk,,,2026-05-10T23:14:54.162Z,39.0,96.699,39.0
Teen | Vrbo,https://www.youtube.com/watch?v=ygomt8jRm8Q,,,2026-05-10T23:13:11.081Z,16.0,103.081,16.0
Introducing Apple Creator Studio,https://www.youtube.com/watch?v=EW_WaC0Hmq8,,,2026-05-10T23:12:55.593Z,16.0,15.488,15.488
VV NPC3299 V2TLS PVO593 ANG1 TOF L2,https://www.youtube.com/watch?v=jo5rKPS4D1g,,,2026-05-10T23:07:12.266Z,70.0,343.327,70.0
5G Home Minternet | Mint Mobile,https://www.youtube.com/watch?v=QMGW_xdZCAo,,,2026-05-10T23:01:13.090Z,31.0,359.176,31.0
Gardeners | Farmers Insurance®,https://www.youtube.com/watch?v=cPaU_jg1QL0,,,2026-05-10T22:59:22.475Z,7.0,110.615,7.0
How to create an ebook using Wordgenie from Designrr - Designrr Hook 10,https://www.youtube.com/watch?v=ptHe2k-5Tlg,,,2026-05-10T22:54:02.054Z,97.0,320.421,97.0
Oestra HRT Education Vaginal Dryness VSL 16X9 AV4 HV1 BV1 CV1 LP1 2026 01 14,https://www.youtube.com/watch?v=ZGPCTwSXvL8,,,2026-05-10T22:39:06.477Z,391.0,895.577,391.0
VV NPC2337TLS PVO529 ANG55 MOF L2,https://www.youtube.com/watch?v=BENTTew9Z-4,,,2026-05-10T22:38:16.878Z,43.0,49.599,43.0
The Poughkeepsie Tapes (2007) FIRST TIME WATCH | WHAT DID WE JUST WITNESS?!,https://www.youtube.com/watch?v=Y1uKGVvyUpM,The Horror Bandwagon,https://www.youtube.com/channel/UCyTNyY2rlrydjAOdl25gWGg,2026-05-10T22:37:25.129Z,2468.0,51.749,51.749
5G Home Minternet | Mint Mobile,https://www.youtube.com/watch?v=kXGL6WxUiMM,,,2026-05-10T22:37:13.722Z,31.0,11.407,11.407
Clorox ToiletWand | All-in-One,https://www.youtube.com/watch?v=dOLVE7WiBPk,,,2026-05-10T22:36:57.133Z,16.0,16.589,16.0
Shortened: Roblox Claims,https://www.youtube.com/watch?v=44u4t55nfqo,,,2026-05-10T22:36:22.051Z,30.0,35.082,30.0
Codex Andrew 3 FixingMergeConflicts 16x9 h264,https://www.youtube.com/watch?v=V_gJQYyG1Os,,,2026-05-10T22:36:17.513Z,38.0,4.538,4.538
Video F Rachel Auto AgentComission Hook5 DavidTommy 9026 ComplianceEdit,https://www.youtube.com/watch?v=sSbnE2LhLgs,,,2026-05-10T22:34:38.245Z,46.0,99.268,46.0
"“IF YOU DON’T ABIDE BY THAT,YOU NEED TO LEAVE-I.D. REFUSAL-FIRST AMENDMENT",https://www.youtube.com/watch?v=D3dvVr7hwXI,Tyrant Terminator Audits!!!,https://www.youtube.com/channel/UCfWEnytDiyfb7FowLx2nxrQ,2026-05-10T22:27:08.106Z,1770.0,450.139,450.139
HC25.1022.J2W.v3 (OH),https://www.youtube.com/watch?v=x60D9EkgYSc,,,2026-05-10T22:27:01.010Z,39.0,7.096,7.096
Ice Spice | Spark something Beautiful | :06s,https://www.youtube.com/watch?v=7jz6ljxpHrU,,,2026-05-10T22:26:54.485Z,7.0,6.525,6.525
2026 RAC Exchange GM15,https://www.youtube.com/watch?v=pTBeC8lBp8U,,,2026-05-10T22:26:47.444Z,15.0,7.041,7.041
"kim, alexis, xena, shoovy w/ ice poseidon: “Deep Frying a Brisket” (w/ Chat)",https://www.youtube.com/watch?v=R-Gyhqtt-M0,FarCar,https://www.youtube.com/channel/UC3XLpGsH9B6aunwDpX2043Q,2026-05-10T22:21:16.781Z,26769.0,330.663,330.663
Dove Beauty Bar | 6s | Get a bar that does both,https://www.youtube.com/watch?v=o_-GJhQR3MQ,,,2026-05-10T22:21:01.953Z,7.0,14.828,7.0
Roblox Claims,https://www.youtube.com/watch?v=mgwZ0XUr6_0,,,2026-05-10T22:20:48.487Z,60.0,13.466,13.466
A NEW Way to Match OEM Factory Seam Sealers!,https://www.youtube.com/watch?v=7nVFpoy5gNc,,,2026-05-10T19:41:53.793Z,180.0,9534.694,180.0
"HC6.0406.J3W (Canton, OH)",https://www.youtube.com/watch?v=wKH5522hpq8,,,2026-05-10T19:21:15.553Z,38.0,1238.24,38.0
GwG Career Certs PMax AIPro Story StartHere 16x9,https://www.youtube.com/watch?v=pIGI_nXPojU,,,2026-05-10T19:14:45.481Z,31.0,390.072,31.0
THE BLAIR WITCH PROJECT (1999) *REACTION* FIRST TIME WATCHING!,https://www.youtube.com/watch?v=QQ9niSzn3fA,Petty Pumpkins,https://www.youtube.com/channel/UCLXA8cr8lkHSE9xBg5nmezw,2026-05-10T18:54:34.483Z,1883.0,1210.998,1210.998
"Don't Get Mad, Get Frndly TV! | Live TV Starting at $6.99/mo",https://www.youtube.com/watch?v=ku17LP_a94w,,,2026-05-10T18:51:51.804Z,31.0,162.679,31.0
Framer Design Pages: The Only Free Plan That’s Actually Free,https://www.youtube.com/watch?v=Kv4WKsavDm4,,,2026-05-10T18:51:44.869Z,34.0,6.935,6.935
Ac7ionman Calls The Cops After Being ''Assaulted'' By Mom & Daughter,https://www.youtube.com/watch?v=zMLKCoiWYXg,ClipsVonClaus,https://www.youtube.com/channel/UCqQlq8W2OVF8Dn2LYTdz3lA,2026-05-10T18:11:48.346Z,873.0,2396.523,873.0
Shortened: Career Compass YT Ad Editrev3.mp4,https://www.youtube.com/watch?v=8Ea6LuafhWw,,,2026-05-10T18:11:41.883Z,19.0,6.463,6.463
Young Artisans Crafting a New Era in Age-Old Traditions | Big Shoes to Fill,https://www.youtube.com/watch?v=FlcIYS6I8EY,,,2026-05-10T18:11:17.333Z,649.0,24.55,24.55
Sierra Athletic to Athletish Running Yoga: 06s CC,https://www.youtube.com/watch?v=C19TSYNdB3E,,,2026-05-10T18:10:41.925Z,7.0,35.408,7.0
Track progress toward your goals with Asana,https://www.youtube.com/watch?v=KnvkDevvtYE,,,2026-05-10T18:10:34.493Z,16.0,7.432,7.432
4 Steps to Improve Your Problem-Solving Skills | Indeed Career Tips,https://www.youtube.com/watch?v=pGYh-_uEef4,,,2026-05-10T18:10:27.749Z,318.0,6.744,6.744
"Laura Marquez-Garrett on the Meta & YouTube Trial, Addictive Design, and What Comes Next",https://www.youtube.com/watch?v=STd8sWxCVAI,,,2026-05-10T17:57:57.234Z,3829.0,750.515,750.515
CHAOTIC KAREN HAS A MELTDOWN OVER CAMERA-SHOCKING-FIRST AMENDMENT,https://www.youtube.com/watch?v=Yx5cAv2jRmY,Tyrant Terminator Audits!!!,https://www.youtube.com/channel/UCfWEnytDiyfb7FowLx2nxrQ,2026-05-10T17:52:28.410Z,1433.0,328.824,328.824
Turn any idea into an app with Base44,https://www.youtube.com/watch?v=1wzhsrwSOTY,,,2026-05-10T17:52:21.714Z,55.0,6.696,6.696
How to Tailor Your Resume for Every Job Instantly with AI | Indeed,https://www.youtube.com/watch?v=q3fLS-CoPWk,,,2026-05-10T17:52:15.989Z,197.0,5.725,5.725
World's Most Expensive Burger!,https://www.youtube.com/watch?v=lZIlFyzeZig,MrBeast 2,https://www.youtube.com/channel/UC4-79UOlP48-QNGgCko5p2g,2026-05-10T17:51:43.409Z,24.0,32.58,24.0
The Way Home Final Season Now Streaming,https://www.youtube.com/watch?v=kDA4Jua1HlY,,,2026-05-10T17:51:07.837Z,16.0,35.572,16.0
C25.0527.2JC1,https://www.youtube.com/watch?v=il1nBf9BxNk,,,2026-05-10T17:47:09.525Z,56.0,238.312,56.0
"10-Month Practical Nurse (LPN) Training in Fairlawn, OH!",https://www.youtube.com/watch?v=dHZmvphDPDk,,,2026-05-10T17:41:14.156Z,30.0,355.369,30.0
Horn | LiMu Emu & Doug | Liberty Mutual Insurance Commercial,https://www.youtube.com/watch?v=M-fkJWJPrFE,,,2026-05-10T17:33:46.569Z,16.0,447.587,16.0
UgenticAI - Done For You Clone - Video 2,https://www.youtube.com/watch?v=AgtqT1i94sg,,,2026-05-10T17:28:02.120Z,128.0,344.449,128.0
"Your ideas, your apps—Base44",https://www.youtube.com/watch?v=oIcP3BOvyeY,,,2026-05-10T17:22:22.996Z,57.0,339.124,57.0
"“SIR,WE WANT YOU TO LEAVE!!”-CODE BROWN ACTIVATED-FIRST AMENDMENT",https://www.youtube.com/watch?v=3dCQTooAD4k,Tyrant Terminator Audits!!!,https://www.youtube.com/channel/UCfWEnytDiyfb7FowLx2nxrQ,2026-05-10T17:21:25.988Z,2373.0,57.008,57.008
One Night Only | Official Trailer,https://www.youtube.com/watch?v=JRG244IfrRE,,,2026-05-10T17:21:23.036Z,145.0,2.952,2.952
“I’M ASKING YOU TO PLEASE COME OUTSIDE!!”-2 for 1-FIRST AMENDMENT ,https://www.youtube.com/watch?v=0t79KSEuIfY,Tyrant Terminator Audits!!!,https://www.youtube.com/channel/UCfWEnytDiyfb7FowLx2nxrQ,2026-05-10T17:21:14.909Z,1407.0,8.127,8.127
“WE HAVE ADULTS WITH SPECIAL NEEDS DOWN THERE”-FIRST AMENDMENT ,https://www.youtube.com/watch?v=xlbSJtkpFNA,Tyrant Terminator Audits!!!,https://www.youtube.com/channel/UCfWEnytDiyfb7FowLx2nxrQ,2026-05-10T17:21:05.156Z,1942.0,9.753,9.753
DETERMINED KARENS ESCALATED EVERYTHING-FIRST AMENDMENT ,https://www.youtube.com/watch?v=1t6gDsG53e4,Tyrant Terminator Audits!!!,https://www.youtube.com/channel/UCfWEnytDiyfb7FowLx2nxrQ,2026-05-10T17:20:55.521Z,2167.0,9.635,9.635
Introducing Afterpay on Cash App,https://www.youtube.com/watch?v=zFLbzGLxK_Q,,,2026-05-10T17:20:44.904Z,19.0,10.617,10.617
Top Ten Evergreens,https://www.youtube.com/watch?v=PjUMFuyxiuQ,,,2026-05-10T17:20:44.884Z,121.0,0.02,0.02
Hantavirus-hit cruise ship evacuated,https://www.youtube.com/watch?v=TlJJNRRapyg,CNN,https://www.youtube.com/channel/UCupvZG-5ko_eiXAupbDfxWw,2026-05-10T17:20:04.071Z,1748.0,40.813,40.813
Uncertainty - Brand - Priming - Evergreen - US - English - 30s - 16x9 - CTA ALT.mp4,https://www.youtube.com/watch?v=6lq5mqF9vWY,,,2026-05-10T17:19:53.588Z,31.0,10.483,10.483
Demand Gen | UGC | US+CA | en free plan subs,https://www.youtube.com/watch?v=PNeCH2tS7dk,,,2026-05-10T17:19:38.893Z,39.0,14.695,14.695
YOY’RE A BULLY AND A PER**RT”-FIRST AMENDMENT ,https://www.youtube.com/watch?v=HqFIadxyKZk,Tyrant Terminator Audits!!!,https://www.youtube.com/channel/UCfWEnytDiyfb7FowLx2nxrQ,2026-05-10T17:19:21.105Z,1798.0,17.788,17.788
The Way Home Final Season Now Streaming,https://www.youtube.com/watch?v=WWk24LlP_O4,,,2026-05-10T17:19:14.880Z,31.0,6.225,6.225
The New Smarter Way To Job Search | Indeed,https://www.youtube.com/watch?v=eAw-iMqnyx4,,,2026-05-10T17:18:53.336Z,239.0,21.544,21.544
Get the Gift of the Book of Mormon | 0:24 | 16x9,https://www.youtube.com/watch?v=_OqfWSLNgZM,,,2026-05-10T16:59:55.347Z,24.0,1137.989,24.0
“WHAT THE F***!!” HE’S A BIG NEGRO GUY!!”-FIRST AMENDMENT ,https://www.youtube.com/watch?v=eTxIcLXwiAU,Tyrant Terminator Audits!!!,https://www.youtube.com/channel/UCfWEnytDiyfb7FowLx2nxrQ,2026-05-10T16:59:54.383Z,1775.0,0.964,0.964
Lemonade Renters Insurance - Locks love it,https://www.youtube.com/watch?v=d02mLnQGJiE,,,2026-05-10T16:53:01.428Z,37.0,412.955,37.0
Suspendas Breaks Up With his BF Sam Pepper,https://www.youtube.com/watch?v=y1EbZwPHhvU,ClipsVonClaus,https://www.youtube.com/channel/UCqQlq8W2OVF8Dn2LYTdz3lA,2026-05-10T16:43:25.460Z,888.0,575.968,575.968
Bumper Ad - Mission at Merit America,https://www.youtube.com/watch?v=vh7QLxl3Yco,,,2026-05-10T16:43:19.480Z,15.0,5.98,5.98
PARTNERS Episode 1 | She’s ONLY 18… and The GOAT?!,https://www.youtube.com/watch?v=CG3TbBLzOQM,,,2026-05-10T16:35:24.629Z,2403.0,474.851,474.851
A/C Pro Digital Gauge Tutorial: How to recharge your car with A/C Pro,https://www.youtube.com/watch?v=tpftrn9uWOU,,,2026-05-10T04:37:57.551Z,208.0,43047.078,208.0
Nature Made is the #1 pharmacist recommended vitamin and supplement brand.,https://www.youtube.com/watch?v=sViZISLOIlw,,,2026-05-10T04:37:50.039Z,7.0,7.512,7.0
Как Платить Меньше Налогов и Создать Капитал? Стратегии Богатых,https://www.youtube.com/watch?v=Omatt9cZxYo,,,2026-05-10T04:37:12.529Z,1531.0,37.51,37.51
LIVE UPDATE W ANGELA IN PHOENIX❤️,https://www.youtube.com/watch?v=jx6cIk-qZaU,StuckInCali,https://www.youtube.com/channel/UCHY7UhjJ2-GsdwTlPwNTZvg,2026-05-10T04:36:13.717Z,2953.0,58.812,58.812
HOM HGHS Above+Beyond  15 16x9 DLB BRD BRD VDO 15s NA,https://www.youtube.com/watch?v=dpgJYspi-xM,,,2026-05-10T04:35:21.289Z,16.0,52.428,16.0
Ask Your Doctor About MIRENA® (levonorgestrel-releasing intrauterine system) 52mg IUD,https://www.youtube.com/watch?v=Nv0gYmW4Zlg,,,2026-05-10T04:35:11.562Z,16.0,9.727,9.727
THIS IS NO CHRISTMAS MOVIE! | First Time Watching The Descent (2005),https://www.youtube.com/watch?v=2ZhGUah_eIc,Jack & Dan React,https://www.youtube.com/channel/UCdaukIlzWQnVo_WLB-NjX7w,2026-05-10T04:34:52.090Z,2979.0,19.472,19.472
(Sep 24)[1/1 IRL] Prison food with Ice Poseidon (Ac7ionMan stream),https://www.youtube.com/watch?v=9QbrrBncaVU,Life Stream Archive,https://www.youtube.com/channel/UCG4Hk5KXjdCHVfEb0orkFdw,2026-05-10T04:32:11.897Z,17104.0,160.193,160.193
NU0115 MomsUGC IT001 V013 1920x1080 04082025 EN US 44sec,https://www.youtube.com/watch?v=vrRFuAf9D94,,,2026-05-10T04:32:02.613Z,45.0,9.284,9.284
Fabric by Gerber Life - Term Life Insurance,https://www.youtube.com/watch?v=N90HFhN6vFA,,,2026-05-10T04:31:58.152Z,16.0,4.461,4.461
MOTOREX MOTO LINE,https://www.youtube.com/watch?v=B-mN4CwMxPM,,,2026-05-10T04:30:57.757Z,68.0,60.395,60.395
All-New 2026 Jeep® Cherokee Hybrid | Fuel Efficiency,https://www.youtube.com/watch?v=Snq-jfNY2dw,,,2026-05-10T04:30:35.576Z,16.0,22.181,16.0
Premium Wireless for $15 Bucks a Month | Mint Mobile,https://www.youtube.com/watch?v=ZfLVHo6zqbE,,,2026-05-10T04:26:57.767Z,31.0,217.809,31.0
Cape Fear — Official Trailer | Apple TV,https://www.youtube.com/watch?v=FZ3sN5E-mBU,,,2026-05-10T04:26:55.914Z,148.0,1.853,1.853
MIAE6017700H OAD WhenHealthGetsLudacris WeightedVest social ecomm 16x9,https://www.youtube.com/watch?v=M-Vh21w82rg,,,2026-05-10T04:26:11.976Z,31.0,43.938,31.0
Pure Leaf,https://www.youtube.com/watch?v=tQotBdP-J4g,,,2026-05-10T04:26:08.407Z,7.0,3.569,3.569
Your crew. Your vibes. Play your away across Walt Disney World Resort.,https://www.youtube.com/watch?v=9fkvFTIGHPo,,,2026-05-10T04:25:44.122Z,16.0,24.285,16.0
MS6.0508.J1W (OH),https://www.youtube.com/watch?v=-i5CFtMQS1A,,,2026-05-10T04:25:30.939Z,50.0,13.183,13.183
FY26Q2 CC Individual Firefly us en JustImagine VID 16x9 Pablo 30s DCrea SZYT,https://www.youtube.com/watch?v=fOWi3ID2WMo,,,2026-05-10T04:24:35.328Z,31.0,55.611,31.0
WILL I EVER KNOW WHAT HAPPENED?,https://www.youtube.com/watch?v=sRjBSCCwPHU,CROAG,https://www.youtube.com/channel/UC2_qHoTZBtRVaeSbL7rApDA,2026-05-10T04:24:27.276Z,2637.0,8.052,8.052
PMax Wiggle End Card Test  video 25Jan Debit 200Wiggle SignUp V1 F3 Google Video 16x9,https://www.youtube.com/watch?v=YLntmCug554,,,2026-05-10T04:24:00.911Z,11.0,26.365,11.0
Cx Apprentice - Ice Poseidon Crashes Out Over Watermelon Juice!,https://www.youtube.com/watch?v=vQYXoPbu3bA,Yeti Jason,https://www.youtube.com/channel/UCxGClrXrzus4Hg7xeClHnHw,2026-05-10T04:21:09.408Z,2152.0,171.503,171.503
Ice Poseidon Sees a Huge Spider Then Falls Into a Ditch,https://www.youtube.com/watch?v=EdMkSu9Mpk0,ClipsVonClaus,https://www.youtube.com/channel/UCqQlq8W2OVF8Dn2LYTdz3lA,2026-05-10T04:18:53.095Z,171.0,136.313,136.313
2512 VID OH EN Prospecting Value M PA Doctor IfYoureCaring Shoot AGC 16 9 30s V2,https://www.youtube.com/watch?v=BeXzb9mUcXs,,,2026-05-10T04:18:45.487Z,30.0,7.608,7.608
Duracell x Messi Reboot 15 ENG,https://www.youtube.com/watch?v=staHoxoASXw,,,2026-05-10T04:18:36.187Z,16.0,9.3,9.3
Rent Day with Split Pay is Just a Tuesday,https://www.youtube.com/watch?v=T5TFKTRYTHQ,,,2026-05-10T04:17:12.387Z,31.0,83.8,31.0
Bring your ideas to life with Base44,https://www.youtube.com/watch?v=OugxDOargKI,,,2026-05-10T04:03:49.568Z,47.0,802.819,47.0
Horn | LiMu Emu & Doug | Liberty Mutual Insurance Commercial,https://www.youtube.com/watch?v=M-fkJWJPrFE,,,2026-05-10T03:50:42.371Z,16.0,787.197,16.0
"402_[25.19.apllvn]_motion_UGC_remake_285_05KS76_01NK256_01_1,91x1_04PR.mp4",https://www.youtube.com/watch?v=PuezdI6Bi5I,,,2026-05-10T03:43:23.539Z,37.0,438.832,37.0
How to Publish an Ebook Online in Seconds,https://www.youtube.com/watch?v=vbAdnmg2MC8,,,2026-05-10T03:43:02.027Z,117.0,21.512,21.512
Mother Calls 911 After Her Son Starves to Death,https://www.youtube.com/watch?v=ml-LiDIwScM,The Bloody Bunny,https://www.youtube.com/channel/UClTO_YUEIMY_h4Vmnw1eSGg,2026-05-10T03:42:09.577Z,2736.0,52.45,52.45
VV NPC3299 V2TLS PVO593 ANG1 TOF L2,https://www.youtube.com/watch?v=jo5rKPS4D1g,,,2026-05-10T03:42:03.801Z,70.0,5.776,5.776
Own a Successful Bookkeeping Business,https://www.youtube.com/watch?v=3CC7TWwiQlY,,,2026-05-10T03:41:52.927Z,79.0,10.874,10.874
1NM10205000H  NM3897 01 NM Peak Microtop Campaign $79 Rev Stand 30 WEB,https://www.youtube.com/watch?v=U9BVps_QSrg,,,2026-05-10T03:39:39.427Z,31.0,133.5,31.0
A Maxxinisto’s Origin Story,https://www.youtube.com/watch?v=kt2nRZXyWKE,,,2026-05-10T03:39:34.475Z,61.0,4.952,4.952
I Got Food Poisoning at India's Best Hotel 🇮🇳,https://www.youtube.com/watch?v=Z4pUWnumfA4,Hugh Abroad,https://www.youtube.com/channel/UCw6hflfioKOlhKd1C1QOBpw,2026-05-10T03:38:39.583Z,2302.0,54.892,54.892
Gardeners | Farmers Insurance®,https://www.youtube.com/watch?v=cPaU_jg1QL0,,,2026-05-10T03:38:23.895Z,7.0,15.688,7.0
Grab Life By The Claw - House Party - 15s,https://www.youtube.com/watch?v=ZaL5Ec4xuww,,,2026-05-10T03:38:16.260Z,16.0,7.635,7.635
Need better sleep? Upgrade to a Tempur-Pedic with special financing and $300 Instant Gift,https://www.youtube.com/watch?v=426SIRYdiHE,,,2026-05-10T03:38:10.164Z,16.0,6.096,6.096
Starting a business can be scary. But Shopify is here to help.,https://www.youtube.com/watch?v=3OexX_FG5ow,,,2026-05-10T03:37:57.827Z,25.0,12.337,12.337
blossom_16x9_12s.mp4,https://www.youtube.com/watch?v=aLnyzR33jzk,,,2026-05-10T03:37:53.756Z,12.0,4.071,4.071
ATunboxMar26 IP11 ver1_1920x1080.mp4,https://www.youtube.com/watch?v=t3r0MrREEFw,,,2026-05-10T03:35:07.078Z,19.0,166.678,19.0
THE MOST PAINFUL & EMOTIONAL CHEMO ROUND YET... | Cancer Update,https://www.youtube.com/watch?v=RcG0v_70WdM,bignoknow - Noah Thomas,https://www.youtube.com/channel/UCfTFGpTl0VV016Meh8i9idg,2026-05-10T03:29:37.305Z,1130.0,329.773,329.773
Get the Gift of the Book of Mormon | 0:24 | 16x9,https://www.youtube.com/watch?v=_OqfWSLNgZM,,,2026-05-10T03:29:31.412Z,24.0,5.893,5.893
Love | Truth Tellers | Liberty Mutual Insurance Commercial,https://www.youtube.com/watch?v=B7cZ68gorNY,,,2026-05-10T03:29:16.067Z,16.0,15.345,15.345
Dove Beauty Bar | 15s | High Standards,https://www.youtube.com/watch?v=aulJBvRr3P0,,,2026-05-10T03:29:12.389Z,16.0,3.678,3.678
Cayman Jack,https://www.youtube.com/watch?v=t6fZfZ4pRVI,,,2026-05-10T03:29:02.411Z,6.0,9.978,6.0
Golf (Short) | LiMu Emu & Doug | Liberty Mutual Insurance Commercial,https://www.youtube.com/watch?v=OuB4R4KgUjo,,,2026-05-10T03:28:43.791Z,16.0,18.62,16.0
Google Workspace: Live translate calls,https://www.youtube.com/watch?v=RMg7Sc06TTY,,,2026-05-10T03:28:36.065Z,16.0,7.726,7.726
Shortened: Julie talks teen therapy,https://www.youtube.com/watch?v=pAXYFv9r7O8,,,2026-05-10T01:16:07.312Z,31.0,7948.753,31.0
PMax Wiggle End Card Test  video 25Jan Debit 200Wiggle SignUp V1 F3 Google Video 16x9,https://www.youtube.com/watch?v=YLntmCug554,,,2026-05-10T01:15:30.812Z,11.0,36.5,11.0
vrbo vroty generic USAen 16x9 21 30,https://www.youtube.com/watch?v=PZWYNaj7XB8,,,2026-05-10T01:13:30.909Z,,119.903,119.903
Premium Wireless for $15 Bucks a Month | Mint Mobile,https://www.youtube.com/watch?v=M1aK7mBqz8g,,,2026-05-10T00:48:35.204Z,35.0,1495.705,35.0
Starbucks Doubleshot® Energy Zero Sugar :15,https://www.youtube.com/watch?v=nS3X8gmZwV4,,,2026-05-10T00:48:25.017Z,16.0,10.187,10.187
IFCJ Flag Pin USA Horizontal Generic,https://www.youtube.com/watch?v=49fjeNmfscQ,,,2026-05-10T00:47:59.445Z,46.0,25.572,25.572
Shortened: Roblox Claims,https://www.youtube.com/watch?v=44u4t55nfqo,,,2026-05-10T00:47:52.155Z,30.0,7.29,7.29
Working 14 Hours a Day in Japan 🇯🇵 | The Harsh Reality of Working Life in Tokyo,https://www.youtube.com/watch?v=oqxxIvT1LAw,Yuki’s Tokyo Overtime,https://www.youtube.com/channel/UCYV0u8vDulWl6kTIgoS4Z2A,2026-05-10T00:37:24.885Z,574.0,627.27,574.0
NEVER CHANGE | Nurses Week 2026,https://www.youtube.com/watch?v=XSXe6Pe2pbY,,,2026-05-10T00:35:40.893Z,61.0,103.992,61.0
How Do Homeless Women Cope With Their Periods? | Bustle,https://www.youtube.com/watch?v=ABch4VYOJZ0,Bustle,https://www.youtube.com/channel/UCqLj_VGACwmDa0FZ4UV3j-w,2026-05-10T00:29:06.021Z,404.0,394.872,394.872
Safe Weight loss using GLP-1 Medication @refills.com,https://www.youtube.com/watch?v=M1cL9cj_zH4,,,2026-05-10T00:28:59.513Z,59.0,6.508,6.508
Angel Soft | Lavender :06,https://www.youtube.com/watch?v=a5UiTzXDhG8,,,2026-05-10T00:28:53.066Z,7.0,6.447,6.447
Your Destination For Outdoor Power Tools | Harbor Freight,https://www.youtube.com/watch?v=wc-Wi-Bwox0,,,2026-05-10T00:27:33.618Z,31.0,79.448,31.0
The movie where you need to fill up a pain meter to survive,https://www.youtube.com/watch?v=CQnnz3A7_3s,Eden Carlisle,https://www.youtube.com/channel/UCQg8KEejvlATygiQdC1lVfA,2026-05-10T00:25:56.902Z,1391.0,96.716,96.716
MRK170_Ads_A_16x9_v5.mp4,https://www.youtube.com/watch?v=tzwcUZdwOKA,,,2026-05-10T00:20:47.732Z,16.0,309.17,16.0
VV NPC3022 V2TLS PVO575 ANG55 MOF L2,https://www.youtube.com/watch?v=YyNuVU3okd8,,,2026-05-10T00:15:29.896Z,47.0,317.836,47.0
ICE POSEIDON SUFFERING IN BED ON THE FINAL DAY TO CAMP! | Journey To Mount Everest Base Camp,https://www.youtube.com/watch?v=oN88IuX_nE8,IRL Moments,https://www.youtube.com/channel/UCK3LEiOxZacoXc5uBx3hJaw,2026-05-10T00:14:13.484Z,1536.0,76.412,76.412
ICE POSEIDON GUIDE REFUSES TO TAKE HIM TO FINAL DESTINATION! | Journey To Mount Everest Base Camp,https://www.youtube.com/watch?v=PFeyXfHAH_U,IRL Moments,https://www.youtube.com/channel/UCK3LEiOxZacoXc5uBx3hJaw,2026-05-10T00:14:03.801Z,1322.0,9.683,9.683
TROUBLE ON EVEREST AS ICE POSEIDON REACHES THE CLOUDS! | Journey To Mount Everest Base Camp,https://www.youtube.com/watch?v=piu9_kJMsw0,IRL Moments,https://www.youtube.com/channel/UCK3LEiOxZacoXc5uBx3hJaw,2026-05-10T00:11:28.821Z,1762.0,154.98,154.98
ICE POSEIDON ALMOST PASSES OUT RUNNING UP STEPS! | Journey To Mount Everest Base Camp,https://www.youtube.com/watch?v=WHs7EeG_S9Y,IRL Moments,https://www.youtube.com/channel/UCK3LEiOxZacoXc5uBx3hJaw,2026-05-10T00:07:40.113Z,1772.0,228.708,228.708
"Subathon $1/1 Minute, Traveling Nepal, Surviving LIVE",https://www.youtube.com/watch?v=NZaqCQr1E1Q,Ice Poseidon,https://www.youtube.com/channel/UCv9Edl_WbtbPeURPtFDo-uA,2026-05-10T00:06:08.417Z,42896.0,91.696,91.696
"10-Month Practical Nurse (LPN) Training in Fairlawn, OH!",https://www.youtube.com/watch?v=dHZmvphDPDk,,,2026-05-10T00:06:00.269Z,30.0,8.148,8.148
Copy of Codex Alexander 2 FixingPRs 16x9,https://www.youtube.com/watch?v=_wAWR3xf9SE,,,2026-05-10T00:05:54.061Z,38.0,6.208,6.208
Ice Poseidon & Sam Pepper Australia IRL Highlights and End credits presented by Team Cx,https://www.youtube.com/watch?v=vX_3BmGaHN0,Life Stream Archive,https://www.youtube.com/channel/UCG4Hk5KXjdCHVfEb0orkFdw,2026-05-10T00:05:46.509Z,960.0,7.552,7.552
The Moments That Matter: Wilderness Bisate Reserve | Condé Nast Traveler,https://www.youtube.com/watch?v=t_v67v8ibl8,,,2026-05-10T00:05:39.537Z,537.0,6.972,6.972
Self-care starts with Nature Made Vitamins and a little encouragement.,https://www.youtube.com/watch?v=COeSnZND0Xc,,,2026-05-10T00:05:29.012Z,16.0,10.525,10.525
| The Home Depot,https://www.youtube.com/watch?v=MurFtfnZzGg,,,2026-05-10T00:04:56.230Z,31.0,32.782,31.0
"[IRL INDIA 2023) Team B meets up with Team A Ice Poseidon, Moises (For the first time)",https://www.youtube.com/watch?v=oPYoQxgb7xY,Life Stream Archive,https://www.youtube.com/channel/UCG4Hk5KXjdCHVfEb0orkFdw,2026-05-09T22:41:50.260Z,19605.0,4985.97,4985.97
(DAY1️⃣0️⃣Adelaide)[3/3 KICK VOD] E2.252-3 Ice Poseidon Living off viewer donations | $1000=reset,https://www.youtube.com/watch?v=F8Duy_Ui2tw,Life Stream Archive,https://www.youtube.com/channel/UCG4Hk5KXjdCHVfEb0orkFdw,2026-05-09T22:25:40.978Z,18088.0,969.282,969.282
"Dr. Squatch | ""Pit Stop"" | Professor Fox",https://www.youtube.com/watch?v=rJapCbVIgek,,,2026-05-09T22:21:50.554Z,31.0,230.424,31.0
Native-Brand-ENG-Scalp Focused - Genero-Hair-Scalp-:06-Multi-16x9-,https://www.youtube.com/watch?v=rY-lhNNZeX4,,,2026-05-09T22:21:44.820Z,16.0,5.734,5.734
Shortened: Get STARZ Today,https://www.youtube.com/watch?v=cRNqtrNKvjY,,,2026-05-09T22:21:31.292Z,24.0,13.528,13.528
Roblox Claims,https://www.youtube.com/watch?v=mgwZ0XUr6_0,,,2026-05-09T22:21:00.297Z,60.0,30.995,30.995
Believing Always,https://www.youtube.com/watch?v=CZCELvmp_4k,,,2026-05-09T22:20:55.657Z,16.0,4.64,4.64
Bumper Ad - Mission at Merit America,https://www.youtube.com/watch?v=vh7QLxl3Yco,,,2026-05-09T22:18:53.645Z,15.0,122.012,15.0
Meat Goldmine :06,https://www.youtube.com/watch?v=HM1qyXdD5gs,,,2026-05-09T22:18:47.268Z,7.0,6.377,6.377
ICE POSEIDON PEPPER SPRAYED BY INSANE STREAM SNIPER IN AUSTRALIA (POLICE ARRIVE),https://www.youtube.com/watch?v=yQmZM-nvLUI,IRL Moments,https://www.youtube.com/channel/UCK3LEiOxZacoXc5uBx3hJaw,2026-05-09T22:12:30.630Z,538.0,376.638,376.638
Pinterest | How did they do it?,https://www.youtube.com/watch?v=qr8bNBuptpU,,,2026-05-09T22:12:20.300Z,61.0,10.33,10.33
Fabric by Gerber Life - Term Life Insurance,https://www.youtube.com/watch?v=N90HFhN6vFA,,,2026-05-09T22:12:11.648Z,16.0,8.652,8.652
Theresa: A Single Loan Shrinks Her Financial Stress,https://www.youtube.com/watch?v=4abUIvj_-38,,,2026-05-09T22:11:45.387Z,12.0,26.261,12.0
Advanced Night Repair Serum,https://www.youtube.com/watch?v=ErF1zgEUr1A,,,2026-05-09T22:11:32.420Z,31.0,12.967,12.967
Absolutely GORGEOUS Pink Hair Color,https://www.youtube.com/watch?v=JJeNRcO9jPk,Brad Mondo,https://www.youtube.com/channel/UCoc_XJPj6YLMQDWtPDQcDtA,2026-05-09T22:11:24.598Z,127.0,7.822,7.822
Mother bear tries to rescue baby bear cub stranded on wrong side of wall,https://www.youtube.com/watch?v=9S-nWayhtas,SanJoseMaxwell,https://www.youtube.com/channel/UCQahJ7jP0Ob5IRxcNV42Wdw,2026-05-09T22:11:23.243Z,160.0,1.355,1.355
"Call Your Ex, Win $10,000",https://www.youtube.com/watch?v=oiZvK6MY7tI,MrBeast,https://www.youtube.com/channel/UCX6OQ3DkcsbYNE6H8uQQuVA,2026-05-09T22:11:21.729Z,34.0,1.514,1.514
My blood pressure never dipped once watching APEX #Netflix,https://www.youtube.com/watch?v=1Rv_oFYNbbs,Still Watching Netflix,https://www.youtube.com/channel/UCGie8GMlUo3kBKIopdvumVQ,2026-05-09T22:10:47.299Z,61.0,34.43,34.43
5G Home Minternet | Mint Mobile,https://www.youtube.com/watch?v=CqBNJC0F-rM,,,2026-05-09T22:10:45.754Z,31.0,1.545,1.545
Phaetusa's PV | Girls' Frontline 2: Exilium,https://www.youtube.com/watch?v=epEGOi0YbmQ,,,2026-05-09T22:10:39.922Z,127.0,5.832,5.832
Stream Exclusive Reporting On CNN,https://www.youtube.com/watch?v=nytNy6_2Awg,,,2026-05-09T22:09:55.362Z,16.0,44.56,16.0
Children's - Hands You Trust,https://www.youtube.com/watch?v=mDzS6ZZmq6k,,,2026-05-09T22:09:42.629Z,16.0,12.733,12.733
vrbo vroty new hampshire USAen 16x9 21 30,https://www.youtube.com/watch?v=ALb15WtfecM,,,2026-05-09T22:09:35.776Z,24.0,6.853,6.853
"Nature Made takes care of you, so you can focus on what matters most",https://www.youtube.com/watch?v=tYBpo74C3xg,,,2026-05-09T22:08:58.341Z,16.0,37.435,16.0
MAX Closet  06 ENG CAP BRD BVL VDO 6s XZDT2375000H,https://www.youtube.com/watch?v=2lBFr0YE6aA,,,2026-05-09T22:08:36.280Z,7.0,22.061,7.0
Hulu’s “Designed To Last”,https://www.youtube.com/watch?v=EXfS8FwMUGM,,,2026-05-09T22:01:57.563Z,18.0,398.717,18.0
Native-Brand-ENG-Lavendar Cloud - Genero-Hair-Scalp-:06-Multi-16x9-,https://www.youtube.com/watch?v=fn6t5Jc06Mo,,,2026-05-09T22:01:52.771Z,7.0,4.792,4.792
Wuthering Heights | HBO Max,https://www.youtube.com/watch?v=M3rWwSUGsa8,,,2026-05-09T22:01:26.594Z,16.0,26.177,16.0
The Way Home Final Season Now Streaming,https://www.youtube.com/watch?v=kDA4Jua1HlY,,,2026-05-09T22:00:08.306Z,16.0,78.288,16.0
"Dr. Squatch | ""The Fox"" | Professor Fox",https://www.youtube.com/watch?v=RDJpbcQ72tc,,,2026-05-09T22:00:05.082Z,61.0,3.224,3.224
Introducing Apple Creator Studio,https://www.youtube.com/watch?v=EW_WaC0Hmq8,,,2026-05-09T21:53:03.868Z,16.0,421.214,16.0
"ICE POSEIDON CRASH OUT: Claims Adin Ross, Cuffem, & Ac7ionman viewbot with stats",https://www.youtube.com/watch?v=r2OtMdKa3k8,Lets Investigate,https://www.youtube.com/channel/UCcuvJ4H6Rohe8Znn-aXXCng,2026-05-09T21:47:33.614Z,1469.0,330.254,330.254
BBQ | Magic,https://www.youtube.com/watch?v=sY6fQV1owy0,,,2026-05-09T21:47:25.190Z,16.0,8.424,8.424
Codex Ed 2 PrototypingWithCodex 16x9,https://www.youtube.com/watch?v=BfZzwD575NQ,,,2026-05-09T21:47:19.523Z,30.0,5.667,5.667
SpinQuest - 300+ Games. One Epic Adventure,https://www.youtube.com/watch?v=TrIcwl_wURw,,,2026-05-09T21:21:27.497Z,16.0,1552.026,16.0
15 Mascot Spot Sign Slap Vignette Digital 16x9,https://www.youtube.com/watch?v=4Sv5-2oqTWU,,,2026-05-09T21:20:55.600Z,16.0,31.897,16.0
"Dr. Squatch | ""Stick Pics"" | Professor Fox",https://www.youtube.com/watch?v=1xEOiWjrp3c,,,2026-05-09T21:20:36.528Z,31.0,19.072,19.072
Touring Elizabeth Smart's Kidnap Site (FULL HIKE),https://www.youtube.com/watch?v=ct_sNGxy7_w,Elizabeth Smart,https://www.youtube.com/channel/UCA-cUE2h0fPpgCKvDVikUsw,2026-05-09T21:19:40.267Z,2598.0,56.261,56.261
Sugar & Vice: A Hannah Swensen Mystery,https://www.youtube.com/watch?v=bZtqNhhsLkg,,,2026-05-09T21:18:27.384Z,31.0,72.883,31.0
Codex Andrew 3 FixingMergeConflicts 16x9 h264,https://www.youtube.com/watch?v=V_gJQYyG1Os,,,2026-05-09T21:18:08.744Z,38.0,18.64,18.64
xQc exposes the floating man trick on iShowSpeed's stream 🧐😂 #xqc #ishowspeed #streamer,https://www.youtube.com/watch?v=bXOTl30V4w4,Juicer Clips,https://www.youtube.com/channel/UCm_00GlvwpoGe5zxDRD068g,2026-05-09T21:17:28.273Z,37.0,40.471,37.0
I Snuck Into Scientology,https://www.youtube.com/watch?v=wPIZT8kIg78,Nico Grigg,https://www.youtube.com/channel/UCYM6R9hAO4bOixJ2L7uRSQg,2026-05-09T20:52:03.227Z,1294.0,1525.046,1294.0
The Musician's Guide to The Hill Country | The Sound of Texas,https://www.youtube.com/watch?v=U_6HYBR3Tkg,,,2026-05-09T19:15:47.371Z,483.0,5775.856,483.0
Young Washington | Official Teaser | In Theaters July 3 | Angel & Wonder Project,https://www.youtube.com/watch?v=_Q3WkycWjLc,,,2026-05-09T19:07:08.575Z,107.0,518.796,107.0
Florida is like living in Jurassic park🦕😂#florida #floridalife #animals #fyp #funny,https://www.youtube.com/watch?v=QQnX0b3KpR0,Untamed.mp4,https://www.youtube.com/channel/UCS0RuCOJmzHelW8MUlfszVQ,2026-05-09T19:05:30.850Z,84.0,97.725,84.0
Wills & Trust,https://www.youtube.com/watch?v=ZVUfizBsgNc,,,2026-05-09T19:05:15.919Z,31.0,14.931,14.931
Vertical: The Mark of a Fighter: Pursuits,https://www.youtube.com/watch?v=W-1DNO88gQI,,,2026-05-09T19:05:12.027Z,16.0,3.892,3.892
“Trying to get water all day” 🥹❤️,https://www.youtube.com/watch?v=lbDeFx-CcrQ,Joseph Ozougwu,https://www.youtube.com/channel/UC7J9v1YFddN2elAG8tXHnYw,2026-05-09T19:04:10.403Z,60.0,61.624,60.0
They make amazing Sweet Sicilian Sausage! #farmersmarket #wholesome #localbusiness #vendor,https://www.youtube.com/watch?v=l8OYwNGqC2Q,David’sPOV_,https://www.youtube.com/channel/UCp_mqkHkTok_8afoJkLDfpw,2026-05-09T19:04:08.151Z,78.0,2.252,2.252
"You heard it right. With Farmers, you can get quality and savings.",https://www.youtube.com/watch?v=O9a9K7WAVcY,,,2026-05-09T19:04:07.055Z,12.0,1.096,1.096
Bear #comedy #shorts,https://www.youtube.com/watch?v=dLrC0Y_Q5AU,Ben Sellers,https://www.youtube.com/channel/UCp3JSo_Mpg3d8fE_0ObB8FQ,2026-05-09T19:03:54.331Z,92.0,12.724,12.724
Gen Z vs Millennials,https://www.youtube.com/watch?v=19DZZtOu7UY,Vapor Honing Technologies,https://www.youtube.com/channel/UC2DdHXu6oFqUWZ-rNNR7Bcg,2026-05-09T19:03:25.802Z,29.0,28.529,28.529
SHEIN | CoComelon Drop,https://www.youtube.com/watch?v=XA1eTmGOoPU,,,2026-05-09T19:03:02.179Z,36.0,23.623,23.623
The Fryer's™ Deep Fried* Turkey Breast,https://www.youtube.com/watch?v=hofxIHXWdv8,,,2026-05-09T19:02:56.699Z,31.0,5.48,5.48
T2_Chrome_US_iOS_translate_Sq_1X1_10s_C_Y_UI_N-Pr_W_Ill_B_ST-NIL_MO_en_q324c,https://www.youtube.com/watch?v=0FJUEicff6A,,,2026-05-09T18:53:19.286Z,11.0,577.413,11.0
SHELTER T183 Forever Friends Forbes Corp 30,https://www.youtube.com/watch?v=wsrbK6QyBRw,,,2026-05-09T18:53:10.518Z,31.0,8.768,8.768
LG Sound Suite – Buying Guides from Best Buy,https://www.youtube.com/watch?v=hY-67OcrlnU,,,2026-05-09T18:43:32.128Z,131.0,578.39,131.0
OLV PTFT6209000H TV 30 PROMO Strongest Self May ENG 2026 1 15 Exp  5 15,https://www.youtube.com/watch?v=Ep6a2XkWyiQ,,,2026-05-09T18:40:37.063Z,31.0,175.065,31.0
BURGER PLANET ATTACKS ICE POSEIDONS FRIEND AFTER BEING CALLED XENON (INDIA HIGHLIGHTS),https://www.youtube.com/watch?v=Py3Gyob1xAI,IRL Moments,https://www.youtube.com/channel/UCK3LEiOxZacoXc5uBx3hJaw,2026-05-09T18:39:20.047Z,540.0,77.016,77.016
Aritzia Vacation Edit,https://www.youtube.com/watch?v=LjmN97vzOPM,,,2026-05-09T18:39:13.301Z,31.0,6.746,6.746
AnimSchool Student Animation Showcase 2026,https://www.youtube.com/watch?v=COY23dscpiU,,,2026-05-09T18:36:50.392Z,431.0,142.909,142.909
Bring your ideas to life with Base44,https://www.youtube.com/watch?v=8hdvT-Ecjec,,,2026-05-09T18:30:30.924Z,47.0,379.468,47.0
Free Gift with Purchase | Harbor Freight,https://www.youtube.com/watch?v=ittPe4VaL10,,,2026-05-09T18:24:54.839Z,16.0,336.085,16.0
26Q1 AGRNAT TSPE YT15 FreshPerspective,https://www.youtube.com/watch?v=RC_Fw4BRalY,,,2026-05-09T18:24:32.268Z,16.0,22.571,16.0
Introducing the Coleman Snap ‘N Go™ Cooler,https://www.youtube.com/watch?v=S7Tn7fxRdVE,,,2026-05-09T18:17:29.503Z,16.0,422.765,16.0
3). Mario Ad 5 V2 + 0035 add new testim,https://www.youtube.com/watch?v=dhReIf2UTIA,,,2026-05-09T18:13:05.607Z,257.0,263.896,257.0
Ice Spice | Spark Something Beautiful | :15s,https://www.youtube.com/watch?v=gaHd7zxpfSo,,,2026-05-09T18:06:50.348Z,15.0,375.259,15.0
Turn any idea into an app with Base44,https://www.youtube.com/watch?v=1wzhsrwSOTY,,,2026-05-09T18:00:08.783Z,55.0,401.565,55.0
JELLO_Mario Ad 005_Consolidating loans + Ad 14 WITH CTA & Testimonies - 16x9,https://www.youtube.com/watch?v=N7qUfbMFWd0,,,2026-05-09T17:46:44.812Z,207.0,803.971,207.0
Car Accident Injury? Learn How to Claim Your Settlement! Toomie ad_VH icewalker_WH11,https://www.youtube.com/watch?v=3STxVsRDLyk,,,2026-05-09T17:40:12.583Z,164.0,392.229,164.0
The Conjuring: Last Rites (2025) | First time watching,https://www.youtube.com/watch?v=ZJSBvX-5PfE,Jack & Dan React,https://www.youtube.com/channel/UCdaukIlzWQnVo_WLB-NjX7w,2026-05-09T17:34:19.783Z,4763.0,352.8,352.8
Shortened: Dayana - YTB - PPC,https://www.youtube.com/watch?v=Fd-v7b2R9aQ,,,2026-05-09T17:34:13.424Z,63.0,6.359,6.359
"Your ideas, your apps—Base44",https://www.youtube.com/watch?v=oIcP3BOvyeY,,,2026-05-09T17:29:39.720Z,57.0,273.704,57.0
VV NPC2337TLS PVO529 ANG55 MOF L2,https://www.youtube.com/watch?v=BENTTew9Z-4,,,2026-05-09T17:28:50.207Z,43.0,49.513,43.0
"One Bottle, All Clean.",https://www.youtube.com/watch?v=Qo3G4007vV8,,,2026-05-09T17:27:14.152Z,16.0,96.055,16.0
adhd_16x9_15s_v2.mp4,https://www.youtube.com/watch?v=V2955lIATQ8,,,2026-05-09T17:27:14.151Z,15.0,0.001,0.001
QHOM2438000H HOMEGOODS NSTS LAUNCH HANDS TO MYSELF 15,https://www.youtube.com/watch?v=UkJU2KTiUNU,,,2026-05-09T17:09:57.575Z,16.0,1036.576,16.0
Priceline | Hike :15,https://www.youtube.com/watch?v=1J0Ub1_bNnc,,,2026-05-09T17:09:32.007Z,,25.568,25.568
How I Saved on Car Insurance...,https://www.youtube.com/watch?v=q5bup5rvqI4,,,2026-05-09T17:08:59.224Z,80.0,32.783,32.783
Panama Stem Cell Trip from Hell,https://www.youtube.com/watch?v=ujqqsFoyL8c,Daniel Seitz,https://www.youtube.com/channel/UCWlzoNzeVkpAemoyiU4kCcw,2026-05-09T17:08:46.495Z,1057.0,12.729,12.729
Keeping the Field running,https://www.youtube.com/watch?v=-ajnG_Xcfp4,,,2026-05-09T17:07:29.695Z,16.0,76.8,16.0
LYMOW One Plus robotic mower.,https://www.youtube.com/watch?v=b3YgXTuXLoU,,,2026-05-09T16:51:00.101Z,833.0,989.594,833.0
PMax & DemGen | Creators 2 4,https://www.youtube.com/watch?v=f2xJ3T_vNNY,,,2026-05-09T12:42:33.236Z,24.0,14906.865,24.0
My Grandma in Red Dead RP is Pure Comedy,https://www.youtube.com/watch?v=84B_VRewL6g,BlinksBunky,https://www.youtube.com/channel/UCM_DbjS0AL77tr9nyeGvVnA,2026-05-09T12:32:54.344Z,2267.0,578.892,578.892
Cayman Jack,https://www.youtube.com/watch?v=SWBhU4_jDPU,,,2026-05-09T12:32:50.616Z,15.0,3.728,3.728
Daycare Worker Caught Slamming Boy on Cot,https://www.youtube.com/watch?v=HMpEnBVE6Jc,Law&Crime Network,https://www.youtube.com/channel/UCz8K1occVvDTYDfFo7N5EZw,2026-05-09T12:32:16.939Z,1210.0,33.677,33.677
Aches & pains keeping you awake? We can help. Save up to $700 on Sealy Posturepedic.,https://www.youtube.com/watch?v=MJ1MCAygowc,,,2026-05-09T12:31:53.292Z,16.0,23.647,16.0
PARTNERS Episode 1 | She’s ONLY 18… and The GOAT?!,https://www.youtube.com/watch?v=CG3TbBLzOQM,,,2026-05-09T12:31:33.877Z,2403.0,19.415,19.415
Golf (Short) | LiMu Emu & Doug | Liberty Mutual Insurance Commercial,https://www.youtube.com/watch?v=OuB4R4KgUjo,,,2026-05-09T03:41:41.851Z,16.0,31792.026,16.0
Shortened: Get STARZ Today,https://www.youtube.com/watch?v=cRNqtrNKvjY,,,2026-05-09T03:41:38.795Z,24.0,3.056,3.056
Eating a Pizza in a Bag while Camping with a Kid,https://www.youtube.com/watch?v=TKZqVfGI6iE,Outdoors Fan,https://www.youtube.com/channel/UCEnUhhH9rX3VseeQQYeZUEQ,2026-05-09T03:41:33.968Z,30.0,4.827,4.827
Canadian Border Patrol Flirts with Licensed Pharmacist 🤭,https://www.youtube.com/watch?v=7XQ7vC2PS4I,Grant Harting,https://www.youtube.com/channel/UCMCHLu70LC-somPdXWWxcIw,2026-05-09T03:41:31.445Z,154.0,2.523,2.523
Video F Leslie Auto AgentCommission Hook1 DavidT 9032 SMA ComplianceEdit,https://www.youtube.com/watch?v=TuDWz52ZMdw,,,2026-05-09T03:41:30.101Z,44.0,1.344,1.344
Nobody told me there was 8 workers😭🙏,https://www.youtube.com/watch?v=iz7Sv-FeJMU,Skillkz,https://www.youtube.com/channel/UCslWE2Z1VJwMB-Xs30CaiZQ,2026-05-09T03:41:28.793Z,80.0,1.308,1.308
A towel that goes ice cold with just a shake! #farmersmarket #wholesome #localbusiness #vendor,https://www.youtube.com/watch?v=2WXx5F8D6lg,David’sPOV_,https://www.youtube.com/channel/UCp_mqkHkTok_8afoJkLDfpw,2026-05-09T03:40:36.052Z,65.0,52.741,52.741
Hilton. For the Stay | Book now,https://www.youtube.com/watch?v=dczt4cYU7ZQ,,,2026-05-09T03:40:26.588Z,16.0,9.464,9.464
260226 TDA Orijen FreshPrey Bowl 15s 1080p 16x9 DIGITAL H264 Delivery v2,https://www.youtube.com/watch?v=EC2XMvyPHdU,,,2026-05-09T02:09:39.223Z,16.0,5447.365,16.0
Ice Poseidon and Ac7ionman argue!,https://www.youtube.com/watch?v=J9vLOK0NLcQ,Wrap Up Show,https://www.youtube.com/channel/UC_b8gyfcNYPp-oFIlI4HewA,2026-05-09T02:08:52.234Z,1380.0,46.989,46.989
15 Mascot Spot Spotwatch Vignette Digital 16x9,https://www.youtube.com/watch?v=YcHs_exjheM,,,2026-05-09T02:08:43.584Z,16.0,8.65,8.65
"Dr. Squatch | ""Glide Test"" | Professor Fox",https://www.youtube.com/watch?v=-iI_hRJMtrk,,,2026-05-09T02:07:54.630Z,31.0,48.954,31.0
She followed my tutorial... 😬,https://www.youtube.com/watch?v=rgIM2G00HfY,Brad Mondo,https://www.youtube.com/channel/UCoc_XJPj6YLMQDWtPDQcDtA,2026-05-09T01:46:42.674Z,128.0,1271.956,128.0
She makes amazing Homemade Chinese Dumplings! #farmersmarket #wholesome #localbusiness,https://www.youtube.com/watch?v=5VJVgj-BNO0,David’sPOV_,https://www.youtube.com/channel/UCp_mqkHkTok_8afoJkLDfpw,2026-05-09T01:46:41.028Z,86.0,1.646,1.646
Fixed & Affordable Tuition No Matter Your Pace | University of Phoenix,https://www.youtube.com/watch?v=WQO7XCSravc,,,2026-05-09T01:46:38.833Z,7.0,2.195,2.195
This one made my day,https://www.youtube.com/watch?v=ixB4XhEcO6g,9 Figure Roofer,https://www.youtube.com/channel/UCGyAcDq9DOgnaxnEuQk7W_w,2026-05-09T01:46:37.951Z,117.0,0.882,0.882
Poor little guy is half froze! 🧊,https://www.youtube.com/watch?v=HVBv6M8F7es,Ben Kretchman,https://www.youtube.com/channel/UC3RkADU_V0YvKNJ7mc_m4Rw,2026-05-09T01:46:28.928Z,92.0,9.023,9.023
resume.co,https://www.youtube.com/watch?v=ZUu8jfq_Dqg,,,2026-05-09T01:46:27.820Z,37.0,1.108,1.108
Wolves Howling Around My Camp at Night,https://www.youtube.com/watch?v=UNuDkknW8mA,WildDen,https://www.youtube.com/channel/UCfeqb7W1LcDOXaM7AxlDgqQ,2026-05-09T01:46:21.124Z,58.0,6.696,6.696
Paying with Visa. That’s a Pro Move.,https://www.youtube.com/watch?v=AbHbgsqNgMw,,,2026-05-09T01:46:19.851Z,12.0,1.273,1.273
The Owners Of This Bakery in The Himalayas Are Deaf 🇳🇵,https://www.youtube.com/watch?v=JfhkUKPnKBQ,Travis Fein Travel,https://www.youtube.com/channel/UC2q2rhzWu9SUNRd4fbhOc0g,2026-05-09T01:46:10.568Z,146.0,9.283,9.283
Nice Biker Helps Man Catch Bus,https://www.youtube.com/watch?v=pF4Dxg5Fblk,All In Camera,https://www.youtube.com/channel/UCjPmgIgobXd0DSgTURg-99A,2026-05-09T01:46:06.492Z,38.0,4.076,4.076
google vertical 30 final,https://www.youtube.com/watch?v=x3xdzJID8gQ,,,2026-05-09T01:46:05.195Z,31.0,1.297,1.297
NO haircut for 5 YEARS.Then he changed his life.Boat life → Pilot #hawaii #haircut #hawaiibarber,https://www.youtube.com/watch?v=SlEomcNEf40,Game Changers Studio,https://www.youtube.com/channel/UCs0BhiqIh-ripHE9OrQ-XfQ,2026-05-09T01:45:09.931Z,87.0,55.264,55.264
Alone on Stream...Until 1 Viewer Joined 🥹,https://www.youtube.com/watch?v=RN30qdCIZiM,Livestreams Memes,https://www.youtube.com/channel/UClSzp3HiF1N1gz1E2xzxtGg,2026-05-09T01:45:07.272Z,61.0,2.659,2.659
MRK170_Ads_C_9x16_v5b.mp4,https://www.youtube.com/watch?v=7d_kR_0unYw,,,2026-05-09T01:45:04.862Z,16.0,2.41,2.41
The outdoor boys doesn’t like YouTube comments #outdoors #camping,https://www.youtube.com/watch?v=Zgx2u75qiJ4,Jobo,https://www.youtube.com/channel/UCkWNci0n0rYglxX9qD1cRQQ,2026-05-09T01:45:00.831Z,51.0,4.031,4.031
Strawberry shortcake review,https://www.youtube.com/watch?v=Wv9FW59qUZM,Ken & Ricky Soundventures,https://www.youtube.com/channel/UCgy-sMUh0g0UCH51yfXJ2KQ,2026-05-09T01:44:59.399Z,29.0,1.432,1.432
They make amazing Biscuits and Gravy! #farmersmarket #wholesome #localbusiness #vendor,https://www.youtube.com/watch?v=AuqvvUGrXZQ,David’sPOV_,https://www.youtube.com/channel/UCp_mqkHkTok_8afoJkLDfpw,2026-05-09T01:44:08.216Z,62.0,51.183,51.183
I Arrived To My Hotel in The Himalayas With No Booking 🇳🇵,https://www.youtube.com/watch?v=ZdtyV7Lx2Yw,Travis Fein Travel,https://www.youtube.com/channel/UC2q2rhzWu9SUNRd4fbhOc0g,2026-05-09T01:44:00.680Z,133.0,7.536,7.536
This Counts As Science?!?,https://www.youtube.com/watch?v=3K2AVDVilPQ,Doctor Mike,https://www.youtube.com/channel/UC0QHWhjbe5fGJEPz3sVb6nw,2026-05-09T01:42:38.423Z,82.0,82.257,82.0
The outdoor boys has an accident,https://www.youtube.com/watch?v=wLmy178bpGY,Wilderness clips,https://www.youtube.com/channel/UCTNbPUoNsetYTr7vlfr477A,2026-05-09T01:41:44.474Z,35.0,53.949,35.0
She Was All Alone In Below Freezing Temperatures ❄️😓     #helpothers #bekind #buildcommunity,https://www.youtube.com/watch?v=Kgd9OgoyqE8,Brandan Wicks,https://www.youtube.com/channel/UC_isrZVwATUkGvVWovrW8nQ,2026-05-09T01:41:42.638Z,180.0,1.836,1.836
Showing the local PD our brand! 🚔.​​​​​​​​​​​​​​​​ (FULL VERSION) follow along for more! 💪❤️,https://www.youtube.com/watch?v=xRnO4djH6y0,KodyDoesntLift,https://www.youtube.com/channel/UC_YrIbB5Fhtvt6eJeD3eDaQ,2026-05-09T01:41:40.324Z,140.0,2.314,2.314
Video M Malcolm Auto AgentComission Hook4 DavidT 9020 SMA ComplianceEdit,https://www.youtube.com/watch?v=P6Wc-TQpOcY,,,2026-05-09T01:41:39.002Z,40.0,1.322,1.322
"Flip a Coin, I’ll Pay For Your College",https://www.youtube.com/watch?v=uZY9xr-QAk0,MrBeast,https://www.youtube.com/channel/UCX6OQ3DkcsbYNE6H8uQQuVA,2026-05-09T01:41:35.121Z,34.0,3.881,3.881
We Got Kevin! #shorts @G@GooseWayneTVbre@brenditahelena,https://www.youtube.com/watch?v=5qjaneu5P8I,Hyphonix,https://www.youtube.com/channel/UCaFpm67qMk1W1wJkFhGXucA,2026-05-09T01:40:35.347Z,62.0,59.774,59.774
"Not everything online is true, but this is: With Farmers®, you can get quality and savings.",https://www.youtube.com/watch?v=QnICH2PtVo8,,,2026-05-09T01:40:33.650Z,19.0,1.697,1.697
He makes amazing Mediterranean style brisket! #farmersmarket #wholesome #localbusiness #vendor,https://www.youtube.com/watch?v=XVEq5K1hrrs,David’sPOV_,https://www.youtube.com/channel/UCp_mqkHkTok_8afoJkLDfpw,2026-05-09T01:39:29.562Z,63.0,64.088,63.0
Sick Alone in the Frozen Wild,https://www.youtube.com/watch?v=k9l-tfCLQCA,AdvntrNest,https://www.youtube.com/channel/UCqeNt37hzZbwNdPFKGmwtag,2026-05-09T01:39:15.222Z,60.0,14.34,14.34
Gantry Raise the Bar 15s - 1920x1080,https://www.youtube.com/watch?v=jZn5tPXdm7E,,,2026-05-09T01:39:13.012Z,16.0,2.21,2.21
vrbo vroty generic USAen 16x9 21 30,https://www.youtube.com/watch?v=PZWYNaj7XB8,,,2026-05-09T01:39:07.915Z,,5.097,5.097
"🚨 Hail Sale Alert: Save Up to $10,000 Off MSRP at Kia of Bedford! 🚗💸",https://www.youtube.com/watch?v=-WUAAOAugE4,,,2026-05-08T22:51:31.113Z,31.0,10056.802,31.0
Apple Creator Studio - Music,https://www.youtube.com/watch?v=SayobIMbn6M,,,2026-05-08T22:45:52.336Z,18.0,338.777,18.0
DA Opportunities :30,https://www.youtube.com/watch?v=NC5O09SpMAY,,,2026-05-08T22:38:59.484Z,31.0,412.852,31.0
Oestra HRT Education Vaginal Dryness VSL 16X9 AV4 HV1 BV1 CV1 LP1 2026 01 14,https://www.youtube.com/watch?v=ZGPCTwSXvL8,,,2026-05-08T22:32:25.319Z,391.0,394.165,391.0
Gardeners | Farmers Insurance®,https://www.youtube.com/watch?v=cPaU_jg1QL0,,,2026-05-08T22:32:19Z,7.0,6.319,6.319
LET’S Family :15,https://www.youtube.com/watch?v=k6lBO63jH_o,,,2026-05-08T22:24:55.487Z,16.0,443.513,16.0
Starbucks Iced Coffees :06,https://www.youtube.com/watch?v=xAw5tEKhEfQ,,,2026-05-08T22:24:50.964Z,7.0,4.523,4.523
V/H/S/HALLOWEEN *REACTION* | FIRST TIME WATCHING! All Treats/ NO Tricks!,https://www.youtube.com/watch?v=P-k_Ybw0wzk,Petty Pumpkins,https://www.youtube.com/channel/UCLXA8cr8lkHSE9xBg5nmezw,2026-05-08T21:42:18.112Z,2740.0,2552.852,2552.852
Copy of Codex Alexander 2 FixingPRs 16x9,https://www.youtube.com/watch?v=_wAWR3xf9SE,,,2026-05-08T21:42:12.012Z,38.0,6.1,6.1
Angel Soft is the only thing that’s not suspect - just the perfect balance of softness and strength!,https://www.youtube.com/watch?v=YzkPkAoXCOM,,,2026-05-08T21:42:08.339Z,43.0,3.673,3.673
Wait... Whites are Native Americans? 😲,https://www.youtube.com/watch?v=vCSVDVgaxIk,Desi Motivation,https://www.youtube.com/channel/UCWOEom1F3YkozQb5e_e28CA,2026-05-08T21:42:04.453Z,49.0,3.886,3.886
Kayaker Helps SAVE Lady On Beach,https://www.youtube.com/watch?v=_B6xBdraZss,Liquid Fill,https://www.youtube.com/channel/UCH_z_xtEMnI8OTdQg4X7JoA,2026-05-08T21:42:01.854Z,35.0,2.599,2.599
I didn’t know whole foods does this 😂 #subscribe #funnyshorts,https://www.youtube.com/watch?v=3C6dsxDbDMQ,LifeOfDre,https://www.youtube.com/channel/UCQY7CZvqdEyA-SYVtba4OqA,2026-05-08T21:41:55.590Z,134.0,6.264,6.264
Ready to feel like YOU again?,https://www.youtube.com/watch?v=tCRjTsjQW_8,,,2026-05-08T21:41:54.502Z,114.0,1.088,1.088
N3on and NFL STAR Dion Dawkins Didn't Hesitate To HELP a Single Mother #n3on #diondawkins #nfl,https://www.youtube.com/watch?v=99JprUsI_Ck,Vorx,https://www.youtube.com/channel/UCbu9ny00WVHItd6UOq9McQg,2026-05-08T21:41:53.378Z,70.0,1.124,1.124
Vertical: LookInside rebrand v2,https://www.youtube.com/watch?v=B0EKyB0UkR8,,,2026-05-08T21:41:49.746Z,16.0,3.632,3.632
IShowSpeed Gets Confused by 4K vs 5K Monitor Prices 💀,https://www.youtube.com/watch?v=ia9w6gu0Upw,Speedyshorts,https://www.youtube.com/channel/UCDbUDLiH8HdsoIbJnypyYMg,2026-05-08T21:41:20.590Z,60.0,29.156,29.156
World’s Most Expensive Bed,https://www.youtube.com/watch?v=n7x4Jj9pdH8,MrBeast,https://www.youtube.com/channel/UCX6OQ3DkcsbYNE6H8uQQuVA,2026-05-08T21:41:19.306Z,48.0,1.284,1.284
Maizy UGC 9x16 1,https://www.youtube.com/watch?v=k0yamSw4uYI,,,2026-05-08T21:41:15.415Z,27.0,3.891,3.891
Speed Made His Day❤️‍🩹 #ishowspeed #wholesome #edit,https://www.youtube.com/watch?v=4Nu_RCtoScg,Goofy Recaps,https://www.youtube.com/channel/UC1Pwkk4FmlLG0Z1Ns7H4hSg,2026-05-08T21:41:13.638Z,46.0,1.777,1.777
Tigers can hold a grudge for years#animalcare #nationaltigersanctuary #metaglasses #bigcat,https://www.youtube.com/watch?v=5IZei7wr5Pk,0austinp,https://www.youtube.com/channel/UCW9l9aSjtmTr3XbxrN5NL6g,2026-05-08T21:41:12.300Z,44.0,1.338,1.338
Rest In Peace Matt. One small moment that sparked a big movement #bekind #helpothers #buildcommunity,https://www.youtube.com/watch?v=j9Lnao-7koc,Brandan Wicks,https://www.youtube.com/channel/UC_isrZVwATUkGvVWovrW8nQ,2026-05-08T21:41:06.616Z,179.0,5.684,5.684
Funny failure in Disney land🤣,https://www.youtube.com/watch?v=SNt3Qf300jg,Moore Valerie,https://www.youtube.com/channel/UCIls7LZOVBslmoQOeI200kg,2026-05-08T21:40:57.775Z,60.0,8.841,8.841
He makes an amazing Mango Passion Fruit Agua Fresca! #farmersmarket #wholesome #vendor,https://www.youtube.com/watch?v=XKvGS5ZJx2I,David’sPOV_,https://www.youtube.com/channel/UCp_mqkHkTok_8afoJkLDfpw,2026-05-08T21:40:40.476Z,82.0,17.299,17.299
127_CM04TK_[26_4_hook]_motion_UGC_creomix_hooks_only_middle_test_results_03_9x16_04PR.mp4,https://www.youtube.com/watch?v=RKyb_83tJng,,,2026-05-08T21:40:33.678Z,32.0,6.798,6.798
MRK170_Ads_B_16x9_v2.mp4,https://www.youtube.com/watch?v=_3MZbnUKOUQ,,,2026-05-08T21:39:38.049Z,16.0,55.629,16.0
"Dr. Squatch | ""Stick Pics"" | Professor Fox",https://www.youtube.com/watch?v=2Kdm9ppjA_Q,,,2026-05-08T21:39:35.174Z,16.0,2.875,2.875
Welfare Check Leads Police Straight into Mom’s House of Horrors,https://www.youtube.com/watch?v=zx69GhQrx-c,Unpopular,https://www.youtube.com/channel/UCJ8-AAk1WYdrRZPQbSzYenA,2026-05-08T21:27:27.586Z,1389.0,727.588,727.588
Sequence 2_Hook 2.mp4,https://www.youtube.com/watch?v=bNUK3czY3ek,,,2026-05-08T21:27:21.745Z,270.0,5.841,5.841
SNL-GooglePPC-Short Format Video Ad-16x9.mp4,https://www.youtube.com/watch?v=ZjRF0wjsXPo,,,2026-05-08T21:26:59.869Z,11.0,21.876,11.0
Codex Andrew 3 FixingMergeConflicts 16x9 h264,https://www.youtube.com/watch?v=V_gJQYyG1Os,,,2026-05-08T21:26:55.501Z,38.0,4.368,4.368
2 Teachers Disturbing Text & Videos Exposed in 194 Page Police Report | Haley Beck & Angela Burlaka,https://www.youtube.com/watch?v=hbI8rs8rMi8,Christina Randall,https://www.youtube.com/channel/UCZTyzoGspuRurWtbWLEGqLQ,2026-05-08T21:22:49.418Z,1723.0,246.083,246.083
Shortened: Roblox Claims,https://www.youtube.com/watch?v=44u4t55nfqo,,,2026-05-08T21:21:35.457Z,30.0,73.961,30.0
Cape Fear — Official Trailer | Apple TV,https://www.youtube.com/watch?v=FZ3sN5E-mBU,,,2026-05-08T21:21:35.449Z,148.0,0.008,0.008
We Lost Our Baby Capybara… 💔,https://www.youtube.com/watch?v=wc8ro9fzWUw,Brian Barczyk,https://www.youtube.com/channel/UC4zS1wbO81p59CxKL7CQAcA,2026-05-08T21:17:34.234Z,960.0,241.215,241.215
127_CM04TK_[26_4_hook]_motion_UGC_creomix_hooks_only_middle_test_results_03_16x9_04PR.mp4,https://www.youtube.com/watch?v=vihDRLgRUXA,,,2026-05-08T21:17:27.954Z,32.0,6.28,6.28
FY26Q2 CC Individual Firefly us en JustImagine VID 16x9 Pablo 30s DCrea SZYT,https://www.youtube.com/watch?v=fOWi3ID2WMo,,,2026-05-08T21:17:20.333Z,31.0,7.621,7.621
Snoring partner keeping you awake? Upgrade to a Tempur Ergo Smart Base and save up to $500,https://www.youtube.com/watch?v=vhGgCgPzMK4,,,2026-05-08T21:17:14.598Z,16.0,5.735,5.735
Divers recreate Thai Cave Rescue with Lead Rescue Diver Rick Stanton,https://www.youtube.com/watch?v=_lEMFjpOKio,DIVE TALK,https://www.youtube.com/channel/UCb9sy84UQUOAL5To0IPotpw,2026-05-08T21:11:54.578Z,2156.0,320.02,320.02
Divers React to 5 Cave Diving couples who Died together,https://www.youtube.com/watch?v=0kuut7MTSNc,DIVE TALK,https://www.youtube.com/channel/UCb9sy84UQUOAL5To0IPotpw,2026-05-08T21:05:31.588Z,2100.0,382.99,382.99
MRK170_Ads_A_16x9_v5.mp4,https://www.youtube.com/watch?v=tzwcUZdwOKA,,,2026-05-08T21:05:23.757Z,16.0,7.831,7.831
Wuthering Heights | HBO Max,https://www.youtube.com/watch?v=LEaV99MODBA,,,2026-05-08T21:04:23.565Z,31.0,60.192,31.0
One Night Only | Official Trailer,https://www.youtube.com/watch?v=JRG244IfrRE,,,2026-05-08T21:04:06.629Z,145.0,16.936,16.936
Roblox Claims,https://www.youtube.com/watch?v=mgwZ0XUr6_0,,,2026-05-08T21:03:32.289Z,60.0,34.34,34.34
ChangingFoodFresher,https://www.youtube.com/watch?v=T2RSUQEjW-0,,,2026-05-08T20:16:31.655Z,29.0,2820.634,29.0
"Planet Visionaries – Ep 20: Stories of Hope, Science and Action",https://www.youtube.com/watch?v=u2ngusM3AvA,,,2026-05-08T20:16:25.326Z,1892.0,6.329,6.329
irl stream in Jamaica 🇯🇲,https://www.youtube.com/watch?v=VZfk2anDdY8,IShowSpeed,https://www.youtube.com/channel/UCWsDFcIhY2DBi3GB5uykGXA,2026-05-08T20:14:16.213Z,22348.0,129.113,129.113
theone Graylyn 6second Bumper 1920x1080,https://www.youtube.com/watch?v=4Jr56EesVw0,,,2026-05-08T20:14:03.099Z,7.0,13.114,7.0
Cayman Jack,https://www.youtube.com/watch?v=SWBhU4_jDPU,,,2026-05-08T20:07:46.502Z,15.0,376.597,15.0
IB LG0094   Auto Ins Fast Pace Female Iteration,https://www.youtube.com/watch?v=sfUF3C4cx4w,,,2026-05-08T20:02:34.919Z,80.0,311.583,80.0
Survivor 49 - Jake is Bitten by Extremely Venomous Snake,https://www.youtube.com/watch?v=Tjk3nPIrorc,SurvivorOnCBS,https://www.youtube.com/channel/UCVW1RiWXTQL-G-3KcoRy-_g,2026-05-08T19:56:40.138Z,638.0,354.781,354.781
OLV   T5 MoviesJuggler Light Promo 30%Off VID 1920x1080 15s,https://www.youtube.com/watch?v=CzfOdr7_oEQ,,,2026-05-08T19:56:09.548Z,16.0,30.59,16.0
blossom_16x9_12s.mp4,https://www.youtube.com/watch?v=aLnyzR33jzk,,,2026-05-08T19:55:43.186Z,12.0,26.362,12.0
Emotional Jimmy Thanks Ice Poseidon/Cx | SimpBZ Update,https://www.youtube.com/watch?v=P6vm3OlLxuM,ClipsVonClaus,https://www.youtube.com/channel/UCqQlq8W2OVF8Dn2LYTdz3lA,2026-05-08T19:47:38.311Z,1530.0,484.875,484.875
PKTV 000113962 000299797,https://www.youtube.com/watch?v=0TicUXEavo8,,,2026-05-08T19:47:29.697Z,16.0,8.614,8.614
CULT OF CHUCKY actually had me rooting for chucky 😭,https://www.youtube.com/watch?v=hNCHiXwjz6U,she's scared,https://www.youtube.com/channel/UChx5mPZFkHeMOMnWAYYv0mA,2026-05-08T19:43:53.694Z,2008.0,216.003,216.003
Just start talking. Riverside does the rest.,https://www.youtube.com/watch?v=NSHqNdOC0sk,,,2026-05-08T19:43:47.141Z,27.0,6.553,6.553
$10 Large Any 3-Topping | Hut Crust™ :15,https://www.youtube.com/watch?v=OozWnQ_TSuw,,,2026-05-08T19:43:22.018Z,16.0,25.123,16.0
Why People Are Questioning the Hantavirus Story | The Cruise Captain Lied to Passengers?! Cover Up?!,https://www.youtube.com/watch?v=AnEi6k5qB_k,Christina Randall,https://www.youtube.com/channel/UCZTyzoGspuRurWtbWLEGqLQ,2026-05-08T16:44:20.947Z,1907.0,10741.071,1907.0
Mario GS - (KM) 90 Second Debt Ad,https://www.youtube.com/watch?v=RfkmoQQX4Y0,,,2026-05-08T16:44:14.991Z,194.0,5.956,5.956
TALK ABOUT BEING A PILLAR OF THE COMMUNITY!!😮FIRST AMENDMENT ,https://www.youtube.com/watch?v=2B9PXDowSSk,Tyrant Terminator Audits!!!,https://www.youtube.com/channel/UCfWEnytDiyfb7FowLx2nxrQ,2026-05-08T16:32:33.847Z,2004.0,701.144,701.144
KFC | ENG :15 Bucket List REV | $10 Bucket of the Day,https://www.youtube.com/watch?v=jk2A-xCs4Kw,,,2026-05-08T16:32:29.074Z,16.0,4.773,4.773
Annabelle (2014) | First Time Watching,https://www.youtube.com/watch?v=psA6TdobmyA,Jack & Dan React,https://www.youtube.com/channel/UCdaukIlzWQnVo_WLB-NjX7w,2026-05-07T20:39:10.242Z,4075.0,71598.832,4075.0
irl treasure hunt in the ocean 🌊🏴‍☠️ (scuba diving) 🤿,https://www.youtube.com/watch?v=UI_FNt-SuyY,IShowSpeed,https://www.youtube.com/channel/UCWsDFcIhY2DBi3GB5uykGXA,2026-05-07T20:16:43.439Z,2148.0,1346.803,1346.803
Ice Poseidon Crashes Out On His GF AGAIN (Breakup Arc?) EP2,https://www.youtube.com/watch?v=v3bjkwv0z1A,ClipsVonClaus,https://www.youtube.com/channel/UCqQlq8W2OVF8Dn2LYTdz3lA,2026-05-07T20:04:51.071Z,964.0,712.368,712.368
Autistic Woman Gets Released After 50 Days 🤯,https://www.youtube.com/watch?v=5JPCPxX1Jzc,courtshorts,https://www.youtube.com/channel/UC7Rl-9WkZ2yMIQJzGXmh9TA,2026-05-07T19:28:13.708Z,60.0,2197.363,60.0
She makes amazing Authentic Mexican Tamales! #farmersmarket #wholesome #localbusiness,https://www.youtube.com/watch?v=Occ50YYgF4w,David’sPOV_,https://www.youtube.com/channel/UCp_mqkHkTok_8afoJkLDfpw,2026-05-07T19:26:59.617Z,62.0,74.091,62.0
She was mad. Chaplain Ed's Ministry #homeless.,https://www.youtube.com/watch?v=uUK0KEXIc2A,edward moreno,https://www.youtube.com/channel/UCPqmnTgNHpEZHrV6KQ99Pqg,2026-05-07T19:24:45.921Z,158.0,133.696,133.696
95 years old. A veteran. The least I could do was clear his mailbox. 🇺🇸🫶,https://www.youtube.com/watch?v=5V6Wszbiw8s,Brandan Wicks,https://www.youtube.com/channel/UC_isrZVwATUkGvVWovrW8nQ,2026-05-07T19:23:09.645Z,98.0,96.276,96.276
"Amal being a pain in the butt(tigers love water, she choosing to do this) ##animalcare##na",https://www.youtube.com/watch?v=H3SDj2iVdQA,0austinp,https://www.youtube.com/channel/UCW9l9aSjtmTr3XbxrN5NL6g,2026-05-07T19:20:07.056Z,75.0,182.589,75.0
POV: Eating at a 115 Year Old Family Sushi Restaurant in Japan,https://www.youtube.com/watch?v=KMVsk9Ls8sw,AsamaPOV,https://www.youtube.com/channel/UCZrg1XMMLV37VmewnlzvsLQ,2026-05-07T19:20:04.565Z,153.0,2.491,2.491
Mission accomplished💔 #cancer #dad #emotional #sad #hurt #rip #heartbroken #viral,https://www.youtube.com/watch?v=kialOyMfF5g,Corezone,https://www.youtube.com/channel/UCOdSRVAhOg2q1AYhfhEZ-4g,2026-05-07T19:19:39.634Z,23.0,24.931,23.0
Cheese pizza for the little man! #pizza #pizzalover #pizzatime,https://www.youtube.com/watch?v=bMYK7-4j9RE,Dolo Pizzaiolo,https://www.youtube.com/channel/UCU75yIZyYLEGVnwZ8QaszjQ,2026-05-07T19:19:37.329Z,48.0,2.305,2.305
“I just wanna have a perfect smile.” 🥺🦷,https://www.youtube.com/watch?v=Ru-8zwYzNZw,Lasting Smiles Dental Implant Center,https://www.youtube.com/channel/UC5ZVuOvH35Zaxct6FgCS2_w,2026-05-07T19:19:32.200Z,14.0,5.129,5.129
He makes amazing Pecan Toffee! #farmersmarket #wholesome #localbusiness,https://www.youtube.com/watch?v=wQpGPWMYBR0,David’sPOV_,https://www.youtube.com/channel/UCp_mqkHkTok_8afoJkLDfpw,2026-05-07T19:17:42.840Z,115.0,109.36,109.36
The Unexpected Parrot That Made a Family’s Everyday Life Much Happier#Parrot #lovestory #pet rescue,https://www.youtube.com/watch?v=86TCkn29JmY,Furry funnies,https://www.youtube.com/channel/UCA1mYkJunmSabaxkJ95agfw,2026-05-07T19:17:26.802Z,60.0,16.038,16.038
Luke got company in Alaska. 💛,https://www.youtube.com/watch?v=FglF7cEi5LE,Last Man Wild,https://www.youtube.com/channel/UCbPHE3GTBpluev80lzCjB2g,2026-05-07T19:17:25.472Z,96.0,1.33,1.33
Lionssss#animalcare #bigcat #sanctuary,https://www.youtube.com/watch?v=5Z31O9M_4jU,0austinp,https://www.youtube.com/channel/UCW9l9aSjtmTr3XbxrN5NL6g,2026-05-07T19:16:27.013Z,60.0,58.459,58.459
Surprising strangers with flowers 😊💐 #scarborough #randomactsofkindness #flowers,https://www.youtube.com/watch?v=pqT1gKs1z0w,Michael Kent,https://www.youtube.com/channel/UCG0ZIEstS8ufBjX5_4i-r7g,2026-05-07T19:16:23.003Z,27.0,4.01,4.01
Try Not To Get Slimed,https://www.youtube.com/watch?v=pzxtGL9kzPs,MrBeast,https://www.youtube.com/channel/UCX6OQ3DkcsbYNE6H8uQQuVA,2026-05-07T19:16:08.836Z,32.0,14.167,14.167
"somehow, I already knew... its become something of a morning routine...",https://www.youtube.com/watch?v=riFQtp2N60w,Farmer Chris,https://www.youtube.com/channel/UC3IU-fxeLmZY9onX3AwR_MA,2026-05-07T19:16:04.257Z,27.0,4.579,4.579
He makes amazing Homemade Granola! #farmersmarket #wholesome #localbusiness,https://www.youtube.com/watch?v=-vN0XmYuNnc,David’sPOV_,https://www.youtube.com/channel/UCp_mqkHkTok_8afoJkLDfpw,2026-05-07T19:14:50.216Z,74.0,74.041,74.0
tree cutting #downtree #wood #treeanatomy,https://www.youtube.com/watch?v=YKpdvXX_XGw,maika.1112,https://www.youtube.com/channel/UCcWBGA7sxjg2BBZWMCXIlYA,2026-05-07T19:14:48.944Z,15.0,1.272,1.272
Full video 👆,https://www.youtube.com/watch?v=ZJgO1jmP0AA,Vlog Creations,https://www.youtube.com/channel/UCR0VLWitB2xM4q7tjkoJUPw,2026-05-07T19:14:45.336Z,60.0,3.608,3.608
Biker's UNEXPECTED Gift to Santa Will Restore Your Faith😇,https://www.youtube.com/watch?v=AYZM9mueeuM,Gods_Soldiers,https://www.youtube.com/channel/UCv9onq8r1DsE0ECxe--PQaQ,2026-05-07T19:14:42.375Z,22.0,2.961,2.961
The best tour guide #playadelcarmen #cenotes #cenotesmexico,https://www.youtube.com/watch?v=fIiuP26RcSQ,Janneh Konneh,https://www.youtube.com/channel/UCXlybG_N1OIdIOOJETZlcwQ,2026-05-07T19:14:32.948Z,22.0,9.427,9.427
Last One To Fall Wins,https://www.youtube.com/watch?v=954wJ3uHVAk,MrBeast,https://www.youtube.com/channel/UCX6OQ3DkcsbYNE6H8uQQuVA,2026-05-07T19:14:31.628Z,30.0,1.32,1.32
I made a PINK SPEARHEAD,https://www.youtube.com/watch?v=lJuHZaBxDcM,Lava Blades ,https://www.youtube.com/channel/UCBn0pEwTkO-Loip6t0rYP9g,2026-05-07T19:14:28.702Z,40.0,2.926,2.926
Luke helps his son while he’s camping alone,https://www.youtube.com/watch?v=yZNmPzXlrXY,Jobo,https://www.youtube.com/channel/UCkWNci0n0rYglxX9qD1cRQQ,2026-05-07T19:13:13.948Z,60.0,74.754,60.0
Call came in for a mama dog and puppies chasing after people. I mean…maybe like to play? 😂,https://www.youtube.com/watch?v=CJxQ8Mvj0BI,Onega Yeah,https://www.youtube.com/channel/UCy5le57sjK9uxOWqdPdGAlQ,2026-05-07T19:11:42.100Z,95.0,91.848,91.848
⬆️Learn ASL – link in bio⬆️,https://www.youtube.com/watch?v=qTlr1gNZcNo,Sign Language CEO ,https://www.youtube.com/channel/UCIdHudBBT75TWY2j-6xg0GQ,2026-05-07T19:10:21.220Z,47.0,80.88,47.0
Elderly Woman Misses Neighbour's Kid's Company,https://www.youtube.com/watch?v=afCdjNQqBGc,ArmedNetwork,https://www.youtube.com/channel/UCn-ewB7RLGHKfzywWR_Ox_w,2026-05-07T19:09:51.232Z,29.0,29.988,29.0
I’m Granting Wishes For My Subscribers,https://www.youtube.com/watch?v=B9LizOAAoLg,MrBeast,https://www.youtube.com/channel/UCX6OQ3DkcsbYNE6H8uQQuVA,2026-05-07T19:09:50.230Z,17.0,1.002,1.002
These Cops Pressed These Muslims For No Reason… 😳,https://www.youtube.com/watch?v=E-rWbhTGMs8,sonnyfazsoldier,https://www.youtube.com/channel/UCvx9LeMUVsvnSVATvB03dyw,2026-05-07T19:09:41.147Z,79.0,9.083,9.083
Subscribe To Save iShowSpeed! #ishowspeed,https://www.youtube.com/watch?v=vd4jgKa5qZs,IShowSpeed,https://www.youtube.com/channel/UCWsDFcIhY2DBi3GB5uykGXA,2026-05-07T19:09:28.812Z,24.0,12.335,12.335
Full Vid 👆,https://www.youtube.com/watch?v=JHH_JFmr5QE,Vlog Creations,https://www.youtube.com/channel/UCR0VLWitB2xM4q7tjkoJUPw,2026-05-07T19:09:20.964Z,64.0,7.848,7.848
Will A Basketball Boat Hold My Weight?,https://www.youtube.com/watch?v=dDVFnfCwjHA,MrBeast,https://www.youtube.com/channel/UCX6OQ3DkcsbYNE6H8uQQuVA,2026-05-07T19:08:50.836Z,30.0,30.128,30.0
Rhett & Link Being Uncontrollable Without Stevie,https://www.youtube.com/watch?v=5pJIdSRaiv4,Mythical Moments,https://www.youtube.com/channel/UC-hOx-JRasnC8Y1CR4uA_wQ,2026-05-07T19:04:59.373Z,629.0,231.463,231.463
I was handed a list of rules to eat at this restaurant…,https://www.youtube.com/watch?v=CMMmLYV0d7Y,Molly Burke,https://www.youtube.com/channel/UCwf9TcLyS5KDoLRLjke41Hg,2026-05-07T17:51:56.760Z,113.0,4382.613,113.0
I gave Delta pilots paper airplane A220s as a Christmas gift! Template by Liverycraft,https://www.youtube.com/watch?v=2I7KE1VNTxw,Jaeseo Papercraft,https://www.youtube.com/channel/UCGPhO55pAoFav7laqf3U-kQ,2026-05-07T17:51:44.859Z,154.0,11.901,11.901
MrBeast Paid Him $500k To Lose 100lbs!,https://www.youtube.com/watch?v=_rkw58sDqrI,The Iced Coffee Hour,https://www.youtube.com/channel/UCMSYZVlQmyG8_2MkIKzg0kw,2026-05-07T17:51:43.581Z,29.0,1.278,1.278
Clav reveals he always keeps his peptides #kickclips #streamerclips #clavicular,https://www.youtube.com/watch?v=qXBebsNMcIs,Kick Overload,https://www.youtube.com/channel/UCDMRC5XxDUGQ38FIUppOtDg,2026-05-07T17:51:26.347Z,16.0,17.234,16.0
IShowSpeed surprised his biggest fan on his birthday 🥹🎂 (Wholesome moment),https://www.youtube.com/watch?v=0-It-ol7kN8,Speedyshorts,https://www.youtube.com/channel/UCDbUDLiH8HdsoIbJnypyYMg,2026-05-07T17:51:09.321Z,60.0,17.026,17.026
Immune Shot Effect 💀,https://www.youtube.com/watch?v=3fgvjGCQcPo,DribFlash,https://www.youtube.com/channel/UCbQr6NXqE9fLkiB-Eoem32w,2026-05-07T17:50:14.789Z,52.0,54.532,52.0
Is He Serious???,https://www.youtube.com/watch?v=zID_FCtRWXY,Doctor Mike,https://www.youtube.com/channel/UC0QHWhjbe5fGJEPz3sVb6nw,2026-05-07T17:50:01.780Z,54.0,13.009,13.009
#funny #tarayummy #shortsviral #trending,https://www.youtube.com/watch?v=I_j3pGcCuEM,Tarayummylive,https://www.youtube.com/channel/UCeRLZFrCbRiOaKGZ7k07UeA,2026-05-07T17:49:41.259Z,20.0,20.521,20.0
I GOT BARKMOGGED 🇩🇴🇩🇴,https://www.youtube.com/watch?v=EUuMDsBqujg,IShowSpeed,https://www.youtube.com/channel/UCWsDFcIhY2DBi3GB5uykGXA,2026-05-07T17:49:38.520Z,27.0,2.739,2.739
Sunday mornings as a Family of Four!,https://www.youtube.com/watch?v=YHFsDRftnak,Dallin and Bella ,https://www.youtube.com/channel/UCjKnNUbNcj7p_i3_gDyGyPg,2026-05-07T17:49:37.147Z,153.0,1.373,1.373
Paranormal Activity: The Marked Ones (2014) is PHENOMENAL | First Time Watching,https://www.youtube.com/watch?v=etrqp_hyT9g,Jack & Dan React,https://www.youtube.com/channel/UCdaukIlzWQnVo_WLB-NjX7w,2026-05-07T16:38:36.380Z,3801.0,4260.767,3801.0
INTERVIEW WITH THE VAMPIRE 2x08 REACTION - THAT LESTAT & LOUIS REUNION IS POWERFUL ! -REVIEW,https://www.youtube.com/watch?v=biPxGRvbe-U,Reel Rejects,https://www.youtube.com/channel/UC7_WiJnJxpm4MRNesRttzWg,2026-05-07T15:50:54.111Z,3537.0,2862.269,2862.269
"Dr. Squatch | ""The Fox"" | Professor Fox",https://www.youtube.com/watch?v=wje4mTBDmfI,,,2026-05-07T02:36:18.119Z,16.0,47675.992,16.0
Ask your doctor about Slynd® (drospirenone),https://www.youtube.com/watch?v=k8uQO8hDHk8,,,2026-05-07T02:00:28.482Z,69.0,2149.637,69.0
Apple Creator Studio - Music,https://www.youtube.com/watch?v=SayobIMbn6M,,,2026-05-07T02:00:10.919Z,18.0,17.563,17.563
031725_US_15scompetitor-sequence16x9_mp4,https://www.youtube.com/watch?v=4sYR8xx9tNw,,,2026-05-07T01:58:15.769Z,15.0,115.15,15.0
What’s inside Monster Energy?,https://www.youtube.com/watch?v=rm_1gXV0VX4,Science Snitch,https://www.youtube.com/channel/UCJElH0YxIIJcV-H3x8i6U9g,2026-05-07T01:57:04.653Z,63.0,71.116,63.0
V2Logo Brand Spokesperson BerkTruck 16x9 15sec,https://www.youtube.com/watch?v=eDNdh6reTx8,,,2026-05-07T01:56:51.469Z,16.0,13.184,13.184
Codex Andrew 2 DailyCommitSummary 16x9 h264,https://www.youtube.com/watch?v=6FqVZ0hLss0,,,2026-05-07T01:56:47.329Z,40.0,4.14,4.14
Cold plunging,https://www.youtube.com/watch?v=5sCcokmyboU,Sal,https://www.youtube.com/channel/UCHXgzJ8x55fdrgoYMy5lR-Q,2026-05-07T01:56:38.486Z,72.0,8.843,8.843
Golf (Short) | LiMu Emu & Doug | Liberty Mutual Insurance Commercial,https://www.youtube.com/watch?v=OuB4R4KgUjo,,,2026-05-07T01:56:28.905Z,16.0,9.581,9.581
"Dr. Squatch | ""Pit Stop"" | Professor Fox",https://www.youtube.com/watch?v=2oIvJCYpzlc,,,2026-05-07T01:56:16.183Z,61.0,12.722,12.722
Axon by AppLovin,https://www.youtube.com/watch?v=kD9nBZtl72E,,,2026-05-07T01:54:28.961Z,33.0,107.222,33.0
iShowSpeed Visits A MONKEY FOREST,https://www.youtube.com/watch?v=xFXYGAwJPJk,Live Speedy,https://www.youtube.com/channel/UC2bW_AY9BlbYLGJSXAbjS4Q,2026-05-07T01:48:55.465Z,611.0,333.496,333.496
TBC - Emma Cutting Board (Horizontal) - Unlisted,https://www.youtube.com/watch?v=k94YB5OiK1g,,,2026-05-07T01:48:49.141Z,69.0,6.324,6.324
Fountainhead | Farmers Insurance®,https://www.youtube.com/watch?v=50XqpgCkbp0,,,2026-05-07T01:48:33.589Z,16.0,15.552,15.552
EXP_b_Fy26-2418_ECWApp_YouTube_AlessandraAppsonApps_6s,https://www.youtube.com/watch?v=iOaj2jahCk0,,,2026-05-07T01:41:14.288Z,7.0,439.301,7.0
US General Tool Storage & Accessories | Harbor Freight,https://www.youtube.com/watch?v=qRqx8u2Z04M,,,2026-05-07T01:41:01.184Z,31.0,13.104,13.104
Social Media May Have Cost You More Than Time,https://www.youtube.com/watch?v=dzfbVskKhEA,,,2026-05-07T01:39:37.724Z,55.0,83.46,55.0
Roblox Claims,https://www.youtube.com/watch?v=mgwZ0XUr6_0,,,2026-05-07T01:38:40.657Z,60.0,57.067,57.067
Product | Spark Something Beautiful | :15s,https://www.youtube.com/watch?v=m9G9fMv2EeE,,,2026-05-07T01:38:25.073Z,15.0,15.584,15.0
Cristy C   S1H3,https://www.youtube.com/watch?v=AJ4UqWuzqL0,,,2026-05-07T01:30:43.968Z,81.0,461.105,81.0
Realtor.com | Market Clock - Reba Explains,https://www.youtube.com/watch?v=fCYjUST5AtQ,,,2026-05-07T01:29:26.376Z,13.0,77.592,13.0
Hellmann's Meal Diamond Sandwich Recipe :30,https://www.youtube.com/watch?v=zVRBUyJykpM,,,2026-05-07T01:29:08.953Z,22.0,17.423,17.423
YHTFD28TRQ0H_FY26_SpringDeals_Event_Video_15_BringItAllTogether_16x9 | The Home Depot,https://www.youtube.com/watch?v=VehIV0rImH0,,,2026-05-07T01:29:01.105Z,16.0,7.848,7.848
Pretty Tough Bags,https://www.youtube.com/watch?v=en6V_RR3qTY,,,2026-05-07T01:27:10.484Z,7.0,110.621,7.0
2026 Wraps 06 ENG Priced 16x9,https://www.youtube.com/watch?v=h8r7EehWdh8,,,2026-05-07T01:26:57.161Z,7.0,13.323,7.0
031826_US_15shero16x9_mp4,https://www.youtube.com/watch?v=AHmu4yIeFu0,,,2026-05-07T01:26:45.493Z,15.0,11.668,11.668
Duracell x Messi Reboot 15 ENG,https://www.youtube.com/watch?v=staHoxoASXw,,,2026-05-07T01:26:41.453Z,16.0,4.04,4.04
Ice Poseidon DESTROYS Nick Lee & Amouranth's Marriage,https://www.youtube.com/watch?v=IuHXUgqtZtA,Amouranth's Husband,https://www.youtube.com/channel/UCPCym73FuZRH0l-7CP8GQqQ,2026-05-07T01:26:08.194Z,11365.0,33.259,33.259
BOOSTERS - Keke :15 - In Theaters May 22,https://www.youtube.com/watch?v=wE2GvfC1NWM,,,2026-05-07T01:25:52.157Z,15.0,16.037,15.0
IShowSpeed Tries Fish Spa 😭💀 “I’m DONE!” 😂🔥,https://www.youtube.com/watch?v=4dR4V6OaO-Q,Speedyshorts,https://www.youtube.com/channel/UCDbUDLiH8HdsoIbJnypyYMg,2026-05-07T01:25:07.461Z,39.0,44.696,39.0
iShowSpeed Tries Taco's On The Ocean!,https://www.youtube.com/watch?v=v9D5oY6T8ho,Live Speedy,https://www.youtube.com/channel/UC2bW_AY9BlbYLGJSXAbjS4Q,2026-05-07T01:25:05.220Z,22.0,2.241,2.241
Tire Care with Armor All,https://www.youtube.com/watch?v=-hp_qPO8oI4,,,2026-05-07T01:24:59.869Z,46.0,5.351,5.351
How Possible Happens Video 2026,https://www.youtube.com/watch?v=S7JyC2wm9gs,,,2026-05-07T01:24:58.125Z,152.0,1.744,1.744
Kai Cenat Reveals His Hidden Daughter,https://www.youtube.com/watch?v=NYbdV935HnA,Kai Cenat Live,https://www.youtube.com/channel/UCvCfpQXRXdJdL07pzTIA6Cw,2026-05-07T01:24:25.400Z,31.0,32.725,31.0
Paid - ServiceTitan | AI for the Trades (15s) - Unlisted,https://www.youtube.com/watch?v=zEIbkb7ySM0,,,2026-05-07T01:24:21.881Z,16.0,3.519,3.519
Moroccan Shop Owner Fed IShowSpeed for FREE 🥹🇲🇦,https://www.youtube.com/watch?v=ievvgOja9uk,Speedyshorts,https://www.youtube.com/channel/UCDbUDLiH8HdsoIbJnypyYMg,2026-05-07T01:24:13.288Z,57.0,8.593,8.593
This Is What Responsibility Looks Like 💪❤️‍🩹,https://www.youtube.com/watch?v=bmcwgTseRqI,deagzzzshorts,https://www.youtube.com/channel/UCjcZfaPzpgifneY4aZgLGrQ,2026-05-07T01:24:08.801Z,36.0,4.487,4.487
US-EN | D8707 | Cha-Ching Berta | Women | Seller | 9x16 | 6s | .mp4,https://www.youtube.com/watch?v=3ggp_W8XTz4,,,2026-05-07T01:24:07.693Z,6.0,1.108,1.108
ISHOWSPEED Gets Pranked By His Brother JAMAL😭 #ishowspeed #jamal #scienceexperiment,https://www.youtube.com/watch?v=pV-t_Cgp-DY,Cup Of Trending ,https://www.youtube.com/channel/UCWUHDL4LJJ5bWUJWIwEwLiw,2026-05-07T01:24:04.612Z,64.0,3.081,3.081
Kai Cenat Plays Thick Of It To Stop Baby Crying,https://www.youtube.com/watch?v=qlxt7QZzmGY,Kai Cenat Live,https://www.youtube.com/channel/UCvCfpQXRXdJdL07pzTIA6Cw,2026-05-07T01:23:30.060Z,33.0,34.552,33.0
Start VTUBING in 10 MINS! Best Free 3D VTuber Software🚀,https://www.youtube.com/watch?v=4_M_vFR_q9Q,,,2026-05-07T01:23:18.666Z,201.0,11.394,11.394
I Tested Every 1-Star Hotel,https://www.youtube.com/watch?v=mb4x6rsp-Hk,Nico Grigg,https://www.youtube.com/channel/UCYM6R9hAO4bOixJ2L7uRSQg,2026-05-07T01:23:11.116Z,4964.0,7.55,7.55
"Dr. Squatch | ""Manliness 101"" | Professor Fox",https://www.youtube.com/watch?v=hskAvEuIid8,,,2026-05-07T01:22:50.569Z,15.0,20.547,15.0
"Dr. Squatch | ""The Fox"" | Professor Fox",https://www.youtube.com/watch?v=RDJpbcQ72tc,,,2026-05-07T01:22:42.430Z,61.0,8.139,8.139
Speed Tries Bulgaria's Most DANGEROUS Tradition.. (Walking On Fire),https://www.youtube.com/watch?v=-Le_os37rlE,Live Speedy,https://www.youtube.com/channel/UC2bW_AY9BlbYLGJSXAbjS4Q,2026-05-07T01:18:39.046Z,1532.0,243.384,243.384
15s Ho'okipa Surfing 16x9,https://www.youtube.com/watch?v=FLFVBAVOj6M,,,2026-05-07T01:18:03.215Z,16.0,35.831,16.0
Trapped Forever: The Unseen Footage of the Nutty Putty Cave Incident | xQc Reacts,https://www.youtube.com/watch?v=HFyDxvQJSx0,xQc,https://www.youtube.com/channel/UCmDTrq0LNgPodDOFZiSbsww,2026-05-07T01:16:15.384Z,1284.0,107.831,107.831
Foundayo is Now Approved!,https://www.youtube.com/watch?v=ymCeh07HD6g,,,2026-05-07T01:14:49.494Z,15.0,85.89,15.0
"Thank you, John Cena 😂✅",https://www.youtube.com/watch?v=1O1eidR9AH4,Haroons,https://www.youtube.com/channel/UCBK6_NMaKqeXQIf8F9qVUCw,2026-05-07T01:14:45.394Z,26.0,4.1,4.1
Blurry: Getaways for prima-donnas and parents | Booking.com,https://www.youtube.com/watch?v=YKQE3Jrtfno,,,2026-05-07T01:14:44.173Z,,1.221,1.221
Speed and Homeless Man Hugs ❤️ #shorts,https://www.youtube.com/watch?v=Yc59hCvGq2g,Sunnylue,https://www.youtube.com/channel/UC9WzRuJw-GVPtHGPbY5oadA,2026-05-07T01:14:10.674Z,35.0,33.499,33.499
Ants & Chocolate Cake_ Sharing Homeland Flavors!#BestEverFoodReviewShow #WorldFood #BEFRS #WeirdFood,https://www.youtube.com/watch?v=AVGoVTPiD-U,wesemna Ivlev,https://www.youtube.com/channel/UCr4oSO4b4RAXh1iyzPQvUrQ,2026-05-07T01:13:15.017Z,65.0,55.657,55.657
Extend your good hair days just a little bit longer with Batiste dry shampoo ✨,https://www.youtube.com/watch?v=IYw8LjsLB98,,,2026-05-07T01:13:13.515Z,20.0,1.502,1.502
"Pop The Balloons, Win $10,000",https://www.youtube.com/watch?v=IqL-ZunFfpk,MrBeast,https://www.youtube.com/channel/UCX6OQ3DkcsbYNE6H8uQQuVA,2026-05-07T01:13:01.454Z,22.0,12.061,12.061
Fake IShowSpeed Pulls Up… Even His Bodyguard Gets Confused 😭🔥,https://www.youtube.com/watch?v=XzODcJa1w6k,Speedyshorts,https://www.youtube.com/channel/UCDbUDLiH8HdsoIbJnypyYMg,2026-05-07T01:11:47.125Z,59.0,74.329,59.0
Citadel S2 | Favor | :30 POST,https://www.youtube.com/watch?v=3cWMBsP0N3o,,,2026-05-07T01:11:35.945Z,31.0,11.18,11.18
SHEIN | CoComelon Drop,https://www.youtube.com/watch?v=U8JOvfcilX0,,,2026-05-07T01:09:47.042Z,30.0,108.903,30.0
"Surfing, But With RANDOM OBJECTS 🏄‍♂️🌊 #ishowspeed",https://www.youtube.com/watch?v=CJsl1zhF7XE,IShowSpeed,https://www.youtube.com/channel/UCWsDFcIhY2DBi3GB5uykGXA,2026-05-07T01:09:36.633Z,47.0,10.409,10.409
There was a sale on mayonnaise 🤣 #joshandmomma #joshsmom,https://www.youtube.com/watch?v=0a1EZdRqVWs,Josh & Momma,https://www.youtube.com/channel/UC9XniOQty-FyFm8OxJZX7Aw,2026-05-07T01:09:35.334Z,24.0,1.299,1.299
Memorial Day Brand 15s Video 9x16 1,https://www.youtube.com/watch?v=P9Km6CDc6yk,,,2026-05-07T01:09:33.327Z,16.0,2.007,2.007
Tap Water Is Dehydrating?!?,https://www.youtube.com/watch?v=YS3KW6MI7ag,Doctor Mike,https://www.youtube.com/channel/UC0QHWhjbe5fGJEPz3sVb6nw,2026-05-07T01:09:31.065Z,81.0,2.262,2.262
Speed is definitely juiced.,https://www.youtube.com/watch?v=bCvPrX0n24s,StreamSpice,https://www.youtube.com/channel/UCTaL4O3v_Y3yT8IlEnYTSTg,2026-05-07T01:08:33.627Z,57.0,57.438,57.0
5G Home Minternet | Mint Mobile,https://www.youtube.com/watch?v=kXGL6WxUiMM,,,2026-05-07T01:08:23.871Z,31.0,9.756,9.756
Teen | Vrbo,https://www.youtube.com/watch?v=ygomt8jRm8Q,,,2026-05-07T01:08:13.883Z,16.0,9.988,9.988
Copy of Codex Alexander 2 FixingPRs 16x9,https://www.youtube.com/watch?v=_wAWR3xf9SE,,,2026-05-07T00:03:43.414Z,38.0,3870.469,38.0
Starting a business can be scary. But Shopify is here to help.,https://www.youtube.com/watch?v=3OexX_FG5ow,,,2026-05-07T00:02:29.194Z,25.0,74.22,25.0
"Ice Poseidon: IRL RV Trip Day 4 across Texas | AC7, Nicklee, Tazo, TAEMIN (Kick Vod)",https://www.youtube.com/watch?v=7k8jnrYGAlQ,FarCar,https://www.youtube.com/channel/UC3XLpGsH9B6aunwDpX2043Q,2026-05-07T00:01:47.313Z,41734.0,41.881,41.881
HGv1 LB Script 19 H1,https://www.youtube.com/watch?v=gH8xpZtibmg,,,2026-05-06T23:53:58.270Z,83.0,469.043,83.0
Exploring a Hidden Homeless Camp with Ice Poseidon..,https://www.youtube.com/watch?v=xhqcMJSCP_A,Ed Matthews,https://www.youtube.com/channel/UCcqy9Uea64Vc9jgGJ0NSI5A,2026-05-06T23:49:19.976Z,5787.0,278.294,278.294
SNL-GooglePPC-Short Format Video Ad-16x9.mp4,https://www.youtube.com/watch?v=ZjRF0wjsXPo,,,2026-05-06T23:48:47.308Z,11.0,32.668,11.0
Premium Wireless for $15 Bucks a Month | Mint Mobile,https://www.youtube.com/watch?v=e5BNMNcSKLs,,,2026-05-06T23:48:35.644Z,31.0,11.664,11.664
Codex Ed 2 PrototypingWithCodex 16x9,https://www.youtube.com/watch?v=BfZzwD575NQ,,,2026-05-06T23:48:32.224Z,30.0,3.42,3.42
IRS Forgives Millions By May Deadline,https://www.youtube.com/watch?v=AoZDkN87RRk,,,2026-05-06T23:48:14.304Z,13.0,17.92,13.0
SpinQuest - 300+ Games. One Epic Adventure,https://www.youtube.com/watch?v=TrIcwl_wURw,,,2026-05-06T23:48:04.252Z,16.0,10.052,10.052
Video F Rachel Auto AgentComission Hook5 DavidTommy 9026 ComplianceEdit,https://www.youtube.com/watch?v=sSbnE2LhLgs,,,2026-05-06T23:47:52.288Z,46.0,11.964,11.964
OBU OTD Short Form Paid Social and Display Video Ad Horizontal 02 25,https://www.youtube.com/watch?v=nj8Bnc33fog,,,2026-05-06T23:41:56.449Z,16.0,355.839,16.0
The Exorcist (1973) is a CLASSIC | First Time Watching,https://www.youtube.com/watch?v=9R7W7b0eVx0,Jack & Dan React,https://www.youtube.com/channel/UCdaukIlzWQnVo_WLB-NjX7w,2026-05-06T22:35:50.911Z,3760.0,3965.538,3760.0
protein-fep-psb-us-2026-3-Wide.mp4,https://www.youtube.com/watch?v=7Vl3T-kCyLw,,,2026-05-06T22:35:44.955Z,34.0,5.956,5.956
We Hosted Offensive Zoom Debates,https://www.youtube.com/watch?v=IGyMjrgTJY4,Family Friendly,https://www.youtube.com/channel/UCrR-9qug_zHoiBBGTXGP2Hw,2026-05-06T22:34:41.313Z,1332.0,63.642,63.642
Shutterfly_UGC_PB_JeruRecipeBook_UFT_16x9_YT,https://www.youtube.com/watch?v=SuXh1VQNEhI,,,2026-05-06T22:34:28.403Z,31.0,12.91,12.91
Netlify vs Vercel vs Tiiny Host: What's the Fastest Way to Publish a Website?,https://www.youtube.com/watch?v=RaFyXjXWwmg,,,2026-05-06T22:34:09.411Z,420.0,18.992,18.992
The Blair witch project (1999) is just a WHOLESOME camping trip | First Time Watching,https://www.youtube.com/watch?v=7p_E0ADAbVU,Jack & Dan React,https://www.youtube.com/channel/UCdaukIlzWQnVo_WLB-NjX7w,2026-05-06T22:23:26.991Z,3138.0,642.42,642.42
Get Google Pixel 10 on us with $300 off now | Switch to Fi and save,https://www.youtube.com/watch?v=zv9YDC-OG2U,,,2026-05-06T22:23:22.863Z,22.0,4.128,4.128
Halloween (1978) Mike Myers is a TEASE | First Time Watching,https://www.youtube.com/watch?v=vs0axfzqGbk,Jack & Dan React,https://www.youtube.com/channel/UCdaukIlzWQnVo_WLB-NjX7w,2026-05-06T22:19:21.995Z,3636.0,240.868,240.868
Horn | LiMu Emu & Doug | Liberty Mutual Insurance Commercial,https://www.youtube.com/watch?v=M-fkJWJPrFE,,,2026-05-06T22:19:16.110Z,16.0,5.885,5.885
WE ALMOST DIVORCED? The TRUTH About Our Marriage 💔,https://www.youtube.com/watch?v=1XD5-B1QL90,Jatie Vlogs,https://www.youtube.com/channel/UCnM1ay_QoQOpa1N2iejLA7A,2026-05-06T21:56:42.759Z,1192.0,1353.351,1192.0
"Dr. Squatch | ""Stick Pics"" | Professor Fox",https://www.youtube.com/watch?v=2Kdm9ppjA_Q,,,2026-05-06T21:55:02.202Z,16.0,100.557,16.0
Paranormal Activity: Next of Kin (2021) with HEART RATE MONITORS | First Time Watching,https://www.youtube.com/watch?v=njwx7_QVpT0,Jack & Dan React,https://www.youtube.com/channel/UCdaukIlzWQnVo_WLB-NjX7w,2026-05-06T21:25:52.908Z,3905.0,1749.294,1749.294
Paranormal Activity: The Ghost Dimension (2015) with HEART RATE MONITORS | First Time Watching,https://www.youtube.com/watch?v=tEXhEtNMULg,Jack & Dan React,https://www.youtube.com/channel/UCdaukIlzWQnVo_WLB-NjX7w,2026-05-06T21:25:32.687Z,3910.0,20.221,20.221
see if you're owed more - never sue crashed,https://www.youtube.com/watch?v=Bb05OGqMfZc,,,2026-05-06T21:25:25.833Z,212.0,6.854,6.854
Clorox ToiletWand | All-in-One,https://www.youtube.com/watch?v=dOLVE7WiBPk,,,2026-05-06T21:24:11.204Z,16.0,74.629,16.0
The Odyssey | Official New Trailer,https://www.youtube.com/watch?v=f_bKjZeJBBI,,,2026-05-06T21:24:07.377Z,152.0,3.827,3.827
"Join Fi and save on Pixel 10 | Wireless, reimagined by Google",https://www.youtube.com/watch?v=Xh3-JV2VjNc,,,2026-05-06T21:23:02.993Z,33.0,64.384,33.0
Going Solar: 15,https://www.youtube.com/watch?v=kW0shhDmXaw,,,2026-05-06T21:22:54.388Z,16.0,8.605,8.605
Extreme Home Makeover!,https://www.youtube.com/watch?v=zgLhCT7aFCA,MrBeast,https://www.youtube.com/channel/UCX6OQ3DkcsbYNE6H8uQQuVA,2026-05-06T21:22:45.937Z,57.0,8.451,8.451
Blurry: AT&T | Apple,https://www.youtube.com/watch?v=4g8ffdaUy0A,,,2026-05-06T21:22:44.365Z,,1.572,1.572
Picked the wrong spot to eat breakfast 😂🥀,https://www.youtube.com/watch?v=pIeODtiTnIk,Andy Mai,https://www.youtube.com/channel/UCtrz6dg93PiMY6Fc21JWfeg,2026-05-06T21:22:37.893Z,29.0,6.472,6.472
I Gave My Dog A Birthday Present! 🐕🎁,https://www.youtube.com/watch?v=u1eNUFjatIM,IShowSpeed,https://www.youtube.com/channel/UCWsDFcIhY2DBi3GB5uykGXA,2026-05-06T21:22:32.351Z,27.0,5.542,5.542
I Played THE CUTEST French Kid 😭,https://www.youtube.com/watch?v=AW6MASG_c6c,Nemo,https://www.youtube.com/channel/UCX1aKS73OTYKAD-D5dno73w,2026-05-06T21:22:29.031Z,72.0,3.32,3.32
The Truth About Detox Smoothies,https://www.youtube.com/watch?v=h-6XmDlD3mo,Doctor Mike,https://www.youtube.com/channel/UC0QHWhjbe5fGJEPz3sVb6nw,2026-05-06T21:21:33.347Z,61.0,55.684,55.684
Liberty Mutual Insurance,https://www.youtube.com/watch?v=8nU4yMOfX9M,,,2026-05-06T21:21:32.269Z,10.0,1.078,1.078
SPEED Runs Into a JAMAICAN Traveler🇯🇲🇵🇷😲 #ishowspeed #jamaican #puertorico #traveling,https://www.youtube.com/watch?v=JhrEAb_-jR8,Cup Of Trending ,https://www.youtube.com/channel/UCWUHDL4LJJ5bWUJWIwEwLiw,2026-05-06T21:21:30.555Z,42.0,1.714,1.714
"Feeding A Dog $1 vs $10,000 Steak",https://www.youtube.com/watch?v=ZVt9ZJfWV1c,MrBeast,https://www.youtube.com/channel/UCX6OQ3DkcsbYNE6H8uQQuVA,2026-05-06T21:21:01.273Z,27.0,29.282,27.0
POV: IShowSpeed tries Terry Black's BBQ,https://www.youtube.com/watch?v=WOc1I7TN_7M,Terry Black's Barbecue,https://www.youtube.com/channel/UCMVsR99n2xasgdEjlhqKi2A,2026-05-06T21:19:59.220Z,77.0,62.053,62.053
ExtraSpace Garage 15 16x9 v 3,https://www.youtube.com/watch?v=4aX5aIDwDzs,,,2026-05-06T21:19:55.764Z,16.0,3.456,3.456
NJM Bubble Wrap,https://www.youtube.com/watch?v=0oQkCcA-rBo,,,2026-05-06T21:19:48.383Z,31.0,7.381,7.381
Xena Jumps Merc After Shoovy Texted Her To Save Him,https://www.youtube.com/watch?v=fWqYnLsBdEM,ClipsVonClaus,https://www.youtube.com/channel/UCqQlq8W2OVF8Dn2LYTdz3lA,2026-05-06T21:19:11.509Z,928.0,36.874,36.874
SNO YOU 1003 v025C AbEX 16x9 Clean NoSale 101623,https://www.youtube.com/watch?v=LBzptchOh2M,,,2026-05-06T21:19:03.897Z,64.0,7.612,7.612
The Summer Edit,https://www.youtube.com/watch?v=lPNqLEaYLm0,,,2026-05-06T21:18:55.476Z,16.0,8.421,8.421
TEXANS WATCH LEATHERFACE: THE TEXAS CHAINSAW MASSACRE III *REACTION* FIRST TIME WATCHING!,https://www.youtube.com/watch?v=yqfMH_7O3Ic,Petty Pumpkins,https://www.youtube.com/channel/UCLXA8cr8lkHSE9xBg5nmezw,2026-05-06T21:18:46.722Z,2908.0,8.754,8.754
YOU'RE NEXT *REACTION* FIRST TIME WATCHING! BEST FINAL GIRL EVER?,https://www.youtube.com/watch?v=p-dR4kwZHEI,Petty Pumpkins,https://www.youtube.com/channel/UCLXA8cr8lkHSE9xBg5nmezw,2026-05-06T20:57:56.044Z,2499.0,1250.678,1250.678
Hobbies :15 - Extra Space Storage Ad,https://www.youtube.com/watch?v=4hF9XRLhb4c,,,2026-05-06T20:55:13.636Z,16.0,162.408,16.0
"Michael Pollan on Psychedelics, Consciousness, and the Future of the Mind",https://www.youtube.com/watch?v=-MlYabg0iCE,,,2026-05-06T20:54:56.816Z,3642.0,16.82,16.82
Private health insurance male horizontal,https://www.youtube.com/watch?v=__g_qhiJHPs,,,2026-05-06T20:54:12.432Z,78.0,44.384,44.384
Cyber Who :15,https://www.youtube.com/watch?v=SSbT0EbxSvI,,,2026-05-06T20:28:38.852Z,16.0,1533.58,16.0
MRK170_Ads_A_16x9_v5.mp4,https://www.youtube.com/watch?v=tzwcUZdwOKA,,,2026-05-06T20:22:30.412Z,16.0,368.44,16.0
TEXANS WATCH THE TEXAS CHAINSAW MASSACRE (2003) *REACTION* | FIRST TIME WATCHING THIS YASSACRE!,https://www.youtube.com/watch?v=5DNdaAnJ9Sw,Petty Pumpkins,https://www.youtube.com/channel/UCLXA8cr8lkHSE9xBg5nmezw,2026-05-06T20:01:37.805Z,2931.0,1252.607,1252.607
Everything FREE I got on my birthday,https://www.youtube.com/watch?v=wHSUZSAdhA0,Bradley on a Budget,https://www.youtube.com/channel/UC4_aeHO9Et1h3rEpQAtMAPw,2026-05-06T20:00:15.703Z,142.0,82.102,82.102
Space For You :15 - Extra Space Storage Ad,https://www.youtube.com/watch?v=RUTVv6YCP0Q,,,2026-05-06T20:00:00.481Z,16.0,15.222,15.222
Welfare Check Uncovers 4 Mistreated Kids and Nearly 100 Dead Dogs in Parents' House of Horrors,https://www.youtube.com/watch?v=kS4GrL5vOJc,Inspector Ted,https://www.youtube.com/channel/UCADO7MK9B08sBEgXK2eH_Gw,2026-05-06T19:58:25.445Z,1336.0,95.036,95.036
Snoring partner keeping you awake? Upgrade to a Tempur Ergo Smart Base and save up to $500,https://www.youtube.com/watch?v=vhGgCgPzMK4,,,2026-05-06T19:57:50.508Z,16.0,34.937,16.0
Bodycam: Cops Arrest 12-Year-Old Girl for Allegedly Stabbing Little Brother to Death in Oklahoma,https://www.youtube.com/watch?v=Ei5oOwjwDJw,Law&Crime Network,https://www.youtube.com/channel/UCz8K1occVvDTYDfFo7N5EZw,2026-05-06T19:56:49.821Z,1510.0,60.687,60.687
How-To: Steak & Vegetables with Chimichurri,https://www.youtube.com/watch?v=nuBWm-m-Skk,,,2026-05-06T19:56:16.824Z,428.0,32.997,32.997
Lima Police respond to a mental dance breakdown.,https://www.youtube.com/watch?v=fYwo96S1iRM,MidwestOhLE,https://www.youtube.com/channel/UC9grCpVmh5CRzmR-BUZXS7g,2026-05-06T19:55:55.755Z,885.0,21.069,21.069
Female Landscape Save Up to 80%,https://www.youtube.com/watch?v=4_WJ0K_fxzY,,,2026-05-06T19:42:08.920Z,64.0,826.835,64.0
SNOPSS Real People Real Stories v14 30sec Ginger FINAL WEB NO CTA MASTER,https://www.youtube.com/watch?v=LNf0cPxKf9s,,,2026-05-06T19:41:29.941Z,31.0,38.979,31.0
ABZ CATCHES NIKKI MESSAGING OTHER MEN 😢 DOESN'T END WELL,https://www.youtube.com/watch?v=l4HwiqL9jzw,cliptoe,https://www.youtube.com/channel/UC9k5_6e1Ji6VtAxCwyRuiWA,2026-05-06T19:28:08.718Z,962.0,801.223,801.223
Collin Morikawa Challenges Scottie Scheffler to a Fades Only Match,https://www.youtube.com/watch?v=dFyluoPpcH8,,,2026-05-06T19:28:03.517Z,535.0,5.201,5.201
V2Logo Brand Spokesperson BerkTruckA 16x9 6sec,https://www.youtube.com/watch?v=Q5yUtuSCfqw,,,2026-05-06T19:17:21.409Z,7.0,642.108,7.0
LZ 2026 WillsorTrusts 16x9 Web 15,https://www.youtube.com/watch?v=0kbFVS4uWiE,,,2026-05-06T19:17:18.849Z,16.0,2.56,2.56
Whats REALLY Happening w/ The Passengers Trapped on MV Hondius Cruise Ship! Rare Virus Growing Panic,https://www.youtube.com/watch?v=Q88t-M4xLDQ,Christina Randall,https://www.youtube.com/channel/UCZTyzoGspuRurWtbWLEGqLQ,2026-05-06T18:49:55.625Z,1352.0,1643.224,1352.0
Acting Up - 30s ENG_Optimized,https://www.youtube.com/watch?v=BE5IB9JnPDs,,,2026-05-06T18:49:37.725Z,31.0,17.9,17.9
irl stream in Dominican Republic  🇩🇴,https://www.youtube.com/watch?v=n2XDB_fuv7Y,IShowSpeed,https://www.youtube.com/channel/UCWsDFcIhY2DBi3GB5uykGXA,2026-05-06T18:49:29.962Z,19581.0,7.763,7.763
NJM Laser Beam :30,https://www.youtube.com/watch?v=ixj2bS8XHn8,,,2026-05-06T18:49:22.149Z,31.0,7.813,7.813
V2Logo Brand Spokesperson BerkOfficeA 16x9 6sec,https://www.youtube.com/watch?v=P6be3k5qW1o,,,2026-05-06T18:46:47.449Z,7.0,154.7,7.0
Need better sleep? We can help. Get any size mattress starting at $219.99,https://www.youtube.com/watch?v=U-UQU60ySXY,,,2026-05-06T18:35:45.508Z,16.0,661.941,16.0
Let’s Be Honest | BEHR® Paint,https://www.youtube.com/watch?v=lb7qrtGCTUg,,,2026-05-06T18:15:20.462Z,31.0,1225.046,31.0
vrbo FOMO book yours USAen 16x9 15,https://www.youtube.com/watch?v=2-CTNVN9bLI,,,2026-05-06T18:11:54.244Z,16.0,206.218,16.0
QHOM2516000H HOMEGOODS NSTS LAUNCH BUMPER REV 1 NEW MUSIC GIMME MORE VALUE 06 OLV,https://www.youtube.com/watch?v=7LD18KimDt0,,,2026-05-06T18:09:38.240Z,7.0,136.004,7.0
Spindrift - Fake Nothing [15 sec],https://www.youtube.com/watch?v=2oehbZYyd9k,,,2026-05-06T18:09:28.644Z,16.0,9.596,9.596
THE STRANGERS: PREY AT NIGHT (2018) *REACTION* FIRST TIME WATCHING! WHERE THE HELL IS TAMARA?!,https://www.youtube.com/watch?v=l33dwTfeAjA,Petty Pumpkins,https://www.youtube.com/channel/UCLXA8cr8lkHSE9xBg5nmezw,2026-05-06T18:09:26.926Z,2543.0,1.718,1.718
One Night Only | Official Trailer,https://www.youtube.com/watch?v=JRG244IfrRE,,,2026-05-06T18:09:17.562Z,145.0,9.364,9.364
MAR HustlersREV30WatermarkENG HUST BRD BRD VDO 30s MEMJ8404000H,https://www.youtube.com/watch?v=Bw__5VSPqM0,,,2026-05-06T17:58:33.368Z,31.0,644.194,31.0
Girls FIGHT Over Sam Panday! 🤕 + Does ABZ Finally End Things With Nikki!?! 😱,https://www.youtube.com/watch?v=odLfdp3yJyg,ʏᴀᴛᴛᴀ ᴛᴠ,https://www.youtube.com/channel/UCrNZxYBRLW6c2E1n5Pgl-jw,2026-05-06T17:57:47.439Z,1264.0,45.929,45.929
$10 Large Any 3-Topping | Hut Crust™ :06,https://www.youtube.com/watch?v=KLfdmF0BRbw,,,2026-05-06T17:57:38.109Z,7.0,9.33,7.0
IB LG0094   Auto Ins Fast Pace Female Iteration,https://www.youtube.com/watch?v=sfUF3C4cx4w,,,2026-05-06T17:56:03.756Z,80.0,94.353,80.0
Survivor 50 - The Auction Returns Featuring MrBeast! | Episode 10,https://www.youtube.com/watch?v=HBWem6G2r_w,SurvivorOnCBS,https://www.youtube.com/channel/UCVW1RiWXTQL-G-3KcoRy-_g,2026-05-06T17:55:54.666Z,1201.0,9.09,9.09
MIEBO® (perfluorohexyloctane ophthalmic solution),https://www.youtube.com/watch?v=P5j0Ytw6Egk,,,2026-05-06T17:53:47.138Z,16.0,127.528,16.0
"Nikki Loses her Mind, Breakup With SimpBZ? (Script?)",https://www.youtube.com/watch?v=8lH8p8oW5ec,ClipsVonClaus,https://www.youtube.com/channel/UCqQlq8W2OVF8Dn2LYTdz3lA,2026-05-06T17:37:45.531Z,1791.0,961.607,961.607
SNOPSS NewYear 26Sizzle 60SEC v17 FINAL WEB,https://www.youtube.com/watch?v=3DzWbPbd6Pw,,,2026-05-06T17:37:36.964Z,61.0,8.567,8.567
$10 Large Any 3-Topping | Hut Crust™ :15,https://www.youtube.com/watch?v=OozWnQ_TSuw,,,2026-05-06T16:55:55.525Z,16.0,2501.439,16.0
FY26 PYP YTMasthead 16x9 OFFER25,https://www.youtube.com/watch?v=uBuTemqtSDQ,,,2026-05-06T16:55:15.240Z,16.0,40.285,16.0
vrbo FOMO book yours USAen 16x9 15,https://www.youtube.com/watch?v=2-CTNVN9bLI,,,2026-05-06T02:03:30.063Z,16.0,53505.177,16.0
They Found WHAT In Her Ear???,https://www.youtube.com/watch?v=XyvvdUePBe8,Doctor Mike,https://www.youtube.com/channel/UC0QHWhjbe5fGJEPz3sVb6nw,2026-05-06T02:03:23.379Z,122.0,6.684,6.684
I can’t believe it worked 😳 #joshandmomma #joshsmom,https://www.youtube.com/watch?v=fzEOxq8alJI,Josh & Momma,https://www.youtube.com/channel/UC9XniOQty-FyFm8OxJZX7Aw,2026-05-06T02:00:42.169Z,144.0,161.21,144.0
Trying one of the best BBQ chicken in Amish Country 🔥 🍗 #amish #amishcommunity #bbq #farmersmarket,https://www.youtube.com/watch?v=yiZUJDkLBJ4,Steven in Amish Country,https://www.youtube.com/channel/UCZk6lnkeJ3K7qGNigJxo2jA,2026-05-06T01:59:52.035Z,62.0,50.134,50.134
Golf (Short) | LiMu Emu & Doug | Liberty Mutual Insurance Commercial,https://www.youtube.com/watch?v=OuB4R4KgUjo,,,2026-05-06T01:58:55.679Z,16.0,56.356,16.0
Samsung S26 Ultra Circle to Search - Find the Look – Clean Girl,https://www.youtube.com/watch?v=CRL7PNve4fM,,,2026-05-06T01:58:44.075Z,16.0,11.604,11.604
AJLStudios_ImmiTestimonial_16x9_v2.1_2025-11-06.mp4,https://www.youtube.com/watch?v=PwVKh5rpaE4,,,2026-05-06T01:58:40.091Z,71.0,3.984,3.984
Breakfast Time Inside Maximum Security Prison | Singapore | Free Doc Bites,https://www.youtube.com/watch?v=zJ5ayZEQrHA,Free Doc Bites,https://www.youtube.com/channel/UC9_BKfayJfXO5fZWLi-GVrg,2026-05-06T01:53:24.035Z,585.0,316.056,316.056
MS6.0405.J1W (OH) - T,https://www.youtube.com/watch?v=5OeV4fWMrCA,,,2026-05-06T01:53:18.018Z,26.0,6.017,6.017
Storage is Easy :15 - Extra Space Storage Ad,https://www.youtube.com/watch?v=KU0iDtCkj10,,,2026-05-06T01:51:38.484Z,16.0,99.534,16.0
Codex Andrew 1 SentryAutomation 16x9 h264,https://www.youtube.com/watch?v=Pr7FcbtRhbk,,,2026-05-06T01:50:35.567Z,39.0,62.917,39.0
Video F Rachel Auto AgentComission Hook5 DavidTommy 9026 ComplianceEdit,https://www.youtube.com/watch?v=sSbnE2LhLgs,,,2026-05-06T01:47:08.422Z,46.0,207.145,46.0
Man Drags All His Friends on a 115 MPH Police Chase,https://www.youtube.com/watch?v=HjvCHNG1SOQ,Code Blue Cam,https://www.youtube.com/channel/UCCKkuXux09y-TCg-BQxCjNA,2026-05-06T01:46:00.436Z,1042.0,67.986,67.986
FY27 0430 K NOPART MDaySaleUpto40offGiftingV1WMJ270070357YTMasthead PCToff UF NoInfl OLV VID GM 16x9,https://www.youtube.com/watch?v=nqltWER8rmY,,,2026-05-06T01:44:44.439Z,16.0,75.997,16.0
Dove Men+Care Not That,https://www.youtube.com/watch?v=OgVENIDVHBc,,,2026-05-06T01:44:17.150Z,7.0,27.289,7.0
Roblox Claims,https://www.youtube.com/watch?v=mgwZ0XUr6_0,,,2026-05-06T01:43:59.918Z,60.0,17.232,17.232
NJM Bubble Wrap,https://www.youtube.com/watch?v=0oQkCcA-rBo,,,2026-05-06T01:43:53.358Z,31.0,6.56,6.56
SNOPSS LiftEX Breakthrough v5 2025 30sec FINAL WEB NoSlate,https://www.youtube.com/watch?v=dcubrBBVyH4,,,2026-05-06T01:43:48.285Z,31.0,5.073,5.073
Why Don t You   YouTube Compliant 1920x1080,https://www.youtube.com/watch?v=yFnyVkaKN1k,,,2026-05-06T01:35:56.282Z,128.0,472.003,128.0
I Stealth Camped in Public Places,https://www.youtube.com/watch?v=HPZLeQveGXs,Nico Grigg,https://www.youtube.com/channel/UCYM6R9hAO4bOixJ2L7uRSQg,2026-05-06T01:29:57.306Z,1433.0,358.976,358.976
Wuthering Heights | HBO Max,https://www.youtube.com/watch?v=M3rWwSUGsa8,,,2026-05-06T01:29:46.433Z,16.0,10.873,10.873
Be Best Dressed At Ann Taylor,https://www.youtube.com/watch?v=R0fBnNVQkvU,,,2026-05-06T01:29:23.125Z,16.0,23.308,16.0
Go Get 'Em,https://www.youtube.com/watch?v=w_c9FwFcWMw,,,2026-05-06T01:29:03.300Z,16.0,19.825,16.0
"What Codex Unlocks for Ryan Hendler, dev at me&u",https://www.youtube.com/watch?v=4_P7R8Fjrg8,,,2026-05-06T01:28:57.731Z,72.0,5.569,5.569
NEW Jergens Natural Glow Brightening Daily Moisturizer | Infused with Coconut Oil & Antioxidants,https://www.youtube.com/watch?v=85dUm5l03cI,,,2026-05-06T01:22:08.585Z,16.0,409.146,16.0
Brody Skill 2,https://www.youtube.com/watch?v=Wb963YZD1Nc,,,2026-05-06T01:21:58.069Z,31.0,10.516,10.516
Native-Brand-ENG-NYC Romance-Hair-Core-:30-Multi-16x9-,https://www.youtube.com/watch?v=IU1miP0Gw8g,,,2026-05-06T01:21:30.863Z,31.0,27.206,27.206
Codex Andrew 2 DailyCommitSummary 16x9 h264,https://www.youtube.com/watch?v=6FqVZ0hLss0,,,2026-05-06T01:21:30.853Z,40.0,0.01,0.01
Pick up speed and what you need.,https://www.youtube.com/watch?v=TT8lk_ldkLA,,,2026-05-06T01:21:05.897Z,16.0,24.956,16.0
Fast Affordable Internet,https://www.youtube.com/watch?v=XxurxtwRO30,,,2026-05-06T01:20:59.574Z,31.0,6.323,6.323
Concept 1   V1 6s 1920x1080 px,https://www.youtube.com/watch?v=eM6I-Y8a3m0,,,2026-05-06T01:20:26.037Z,7.0,33.537,7.0
I Stayed in Japan's Dirtiest and Cheapest Hostel.$7 per night🕰️🏠,https://www.youtube.com/watch?v=UsKUsTIPcnw,Vagabond ,https://www.youtube.com/channel/UCMwMNEHbBJhnVZzeu0n8oAg,2026-05-06T01:15:26.366Z,899.0,299.671,299.671
MS6.0405.J1W (OH) - C,https://www.youtube.com/watch?v=EdtA9IWxe-A,,,2026-05-06T01:15:18.343Z,26.0,8.023,8.023
Dove Aluminum Free Deodorant | Fresh That Hits Different,https://www.youtube.com/watch?v=1XyF7W_78ZE,,,2026-05-06T01:14:32.836Z,16.0,45.507,16.0
Social Media May Have Cost You More Than Time,https://www.youtube.com/watch?v=dzfbVskKhEA,,,2026-05-06T01:14:10.347Z,55.0,22.489,22.489
Foundayo is Now Approved!,https://www.youtube.com/watch?v=ymCeh07HD6g,,,2026-05-06T01:13:35.842Z,15.0,34.505,15.0
Oculus (2013) is so UNSETTLING | First Time Watching,https://www.youtube.com/watch?v=5MGiXfTlzc4,Jack & Dan React,https://www.youtube.com/channel/UCdaukIlzWQnVo_WLB-NjX7w,2026-05-06T00:12:25.267Z,4122.0,3670.575,3670.575
IRS Forgives Millions By May Deadline,https://www.youtube.com/watch?v=AoZDkN87RRk,,,2026-05-06T00:12:22.434Z,13.0,2.833,2.833
Why Shea Butter Makers In Ghana Are Fighting For Their Livelihoods | Still Standing,https://www.youtube.com/watch?v=vUPCmwWhKPY,Business Insider,https://www.youtube.com/channel/UCcyq283he07B7_KUX07mmtA,2026-05-06T00:12:01.234Z,601.0,21.2,21.2
Research Post Job Ads Free Online,https://www.youtube.com/watch?v=8D5ApGSCrcw,,,2026-05-06T00:11:20.767Z,16.0,40.467,16.0
Jeep® Compass | Invitation,https://www.youtube.com/watch?v=DTNLtZzPEm0,,,2026-05-06T00:11:17.221Z,16.0,3.546,3.546
I Slept in the World’s Most Advanced Hotel Room,https://www.youtube.com/watch?v=yJvGUXXLPf0,Manuel Enrique,https://www.youtube.com/channel/UCUDGqdswEmwtAxFq6sa9Jsw,2026-05-06T00:07:05.569Z,912.0,251.652,251.652
The SPICiEST Chicken Sandwich Ever.. (Howlin' Rays),https://www.youtube.com/watch?v=8s8a5B9GzGo,Matt Stonie,https://www.youtube.com/channel/UCd1fLoVFooPeWqCEYVUJZqg,2026-05-06T00:06:01.513Z,486.0,64.056,64.056
SNL-GooglePPC-Short Format Video Ad-16x9.mp4,https://www.youtube.com/watch?v=ZjRF0wjsXPo,,,2026-05-06T00:05:58.099Z,11.0,3.414,3.414
The Dirty Supply Chain Behind Indonesia’s Poisoned Tofu,https://www.youtube.com/watch?v=zV9v0RIE-iI,Business Insider,https://www.youtube.com/channel/UCcyq283he07B7_KUX07mmtA,2026-05-06T00:04:52.005Z,987.0,66.094,66.094
Start VTUBING in 10 MINS! Best Free 3D VTuber Software🚀,https://www.youtube.com/watch?v=HRW17VKa5uk,,,2026-05-06T00:04:03.087Z,201.0,48.918,48.918
"Spot The Hidden People For $10,000",https://www.youtube.com/watch?v=Gx6VeIIbWwM,MrBeast,https://www.youtube.com/channel/UCX6OQ3DkcsbYNE6H8uQQuVA,2026-05-06T00:03:28.200Z,35.0,34.887,34.887
"Bounce, Downy, Gain or Tide Laundry Care",https://www.youtube.com/watch?v=sQTl_c2XW7A,,,2026-05-06T00:02:55.143Z,15.0,33.057,15.0
vrbo vroty generic USAen 16x9 21 30,https://www.youtube.com/watch?v=PZWYNaj7XB8,,,2026-05-06T00:02:52.568Z,,2.575,2.575
How The Cheesecake Factory Runs One Of America’s Biggest Menus,https://www.youtube.com/watch?v=rNNyEUxrPOY,Business Insider,https://www.youtube.com/channel/UCcyq283he07B7_KUX07mmtA,2026-05-05T23:59:46.692Z,825.0,185.876,185.876
Hilton. For the Stay | Book now,https://www.youtube.com/watch?v=VEIDX5twl9A,,,2026-05-05T23:59:27.212Z,16.0,19.48,16.0
The Network That Works For You | Grow Your Business :30 | LinkedIn,https://www.youtube.com/watch?v=f7EtWAw6LaI,,,2026-05-05T23:58:57.299Z,31.0,29.913,29.913
SNOPSS NewYear 26Sizzle 60SEC v17 FINAL WEB,https://www.youtube.com/watch?v=3DzWbPbd6Pw,,,2026-05-05T23:58:01.990Z,61.0,55.309,55.309
Kimmee Re-Enters the Script / Shoovy & Xena Get Caught Breaking In,https://www.youtube.com/watch?v=AKclTNYvVno,ClipsVonClaus,https://www.youtube.com/channel/UCqQlq8W2OVF8Dn2LYTdz3lA,2026-05-05T23:46:18.310Z,1087.0,703.68,703.68
Apple Creator Studio - Music,https://www.youtube.com/watch?v=SayobIMbn6M,,,2026-05-05T23:46:09.381Z,18.0,8.929,8.929
Ice Poseidon and Ac7ionMan CRASH OUT On Each Other While Hunting Aliens in the Texas Desert,https://www.youtube.com/watch?v=YMKW98JCfO4,h4rn1zk,https://www.youtube.com/channel/UC7dR1tdriaLMbMdObbiEm6g,2026-05-05T23:37:50.835Z,491.0,498.546,491.0
"Dr. Squatch | ""Not In The Mood"" | Professor Fox",https://www.youtube.com/watch?v=6EQm3pZLPHc,,,2026-05-05T23:37:44.888Z,16.0,5.947,5.947
"10-Month Practical Nurse (LPN) Training in Fairlawn, OH!",https://www.youtube.com/watch?v=dHZmvphDPDk,,,2026-05-05T23:26:40.276Z,30.0,664.612,30.0
Horn | LiMu Emu & Doug | Liberty Mutual Insurance Commercial,https://www.youtube.com/watch?v=M-fkJWJPrFE,,,2026-05-05T23:08:13.351Z,16.0,1106.925,16.0
THE STRANGERS:PREY AT NIGHT (2018) FIRST TIME REACTION!!,https://www.youtube.com/watch?v=RhwRnbBdfv0,The Horror Bandwagon,https://www.youtube.com/channel/UCyTNyY2rlrydjAOdl25gWGg,2026-05-05T23:03:51.864Z,2368.0,261.487,261.487
V2Logo Brand Spokesperson BerklynMallC 16x9 10 Video,https://www.youtube.com/watch?v=jXbyzulLCrY,,,2026-05-05T23:03:50.056Z,11.0,1.808,1.808
Shortened: Get STARZ Today,https://www.youtube.com/watch?v=9IzUs9Exaw4,,,2026-05-05T23:03:44.439Z,15.0,5.617,5.617
I Walked In The World's Most Painful Shoes,https://www.youtube.com/watch?v=-QRGlBORIks,Houston Jones,https://www.youtube.com/channel/UCNRW1846nhED2nBdOSAKteA,2026-05-05T23:02:50.145Z,1772.0,54.294,54.294
Shortened: Julie talks teen therapy,https://www.youtube.com/watch?v=pAXYFv9r7O8,,,2026-05-05T23:02:42.419Z,31.0,7.726,7.726
verified crashtest wesanderson armchair uf mf lf yt 16x9,https://www.youtube.com/watch?v=9lQIFsvMnVY,,,2026-05-05T23:02:11.112Z,23.0,31.307,23.0
Start Delivering with Amazon Flex,https://www.youtube.com/watch?v=lw2fWF_DWQk,,,2026-05-05T23:01:52.588Z,28.0,18.524,18.524
Copy of Codex Alexander 2 FixingPRs 16x9,https://www.youtube.com/watch?v=_wAWR3xf9SE,,,2026-05-05T23:01:44.912Z,38.0,7.676,7.676
Ice Poseidon Scares Kim,https://www.youtube.com/watch?v=kBYFuXR3d8Y,Scuffed Central,https://www.youtube.com/channel/UCLQyFZBJb9npzkWX5sPJ36w,2026-05-05T23:01:13.945Z,85.0,30.967,30.967
TR Hoovies Garage 30s,https://www.youtube.com/watch?v=om9CO0C4s88,,,2026-05-05T23:00:58.675Z,31.0,15.27,15.27
Kalen Catches up With Farmers Matt & John + FWAW’s Heather Martin Spills the Tea | Fox Reality Check,https://www.youtube.com/watch?v=Ohq-DwVF-7w,,,2026-05-05T23:00:52.369Z,1067.0,6.306,6.306
They told me to stay 😭,https://www.youtube.com/watch?v=024aJa7ke-s,Tism Pump,https://www.youtube.com/channel/UCZ9MMyNj1y2arP4GjDNBPSA,2026-05-05T23:00:48.226Z,47.0,4.143,4.143
Watch Till The End! 😂,https://www.youtube.com/watch?v=jDEqI58egd0,DribFlash,https://www.youtube.com/channel/UCbQr6NXqE9fLkiB-Eoem32w,2026-05-05T23:00:07.245Z,40.0,40.981,40.0
Guess The Animal,https://www.youtube.com/watch?v=rqsRdfdN4uI,MrBeast,https://www.youtube.com/channel/UCX6OQ3DkcsbYNE6H8uQQuVA,2026-05-05T23:00:04.948Z,47.0,2.297,2.297
SPEED Had To Be STOPPED By RUDI😂🇵🇷 #ishowspeed #rudi #bodyguard #puertoricanfood,https://www.youtube.com/watch?v=DJaVTV-t7kA,Cup Of Trending ,https://www.youtube.com/channel/UCWUHDL4LJJ5bWUJWIwEwLiw,2026-05-05T22:59:59.405Z,87.0,5.543,5.543
SPEED's Assistant SYDNEY Ended His STREAM🍏😭 #ishowspeed #assistant #greenapple #greenapples,https://www.youtube.com/watch?v=lZeCHfB2xrM,Cup Of Trending ,https://www.youtube.com/channel/UCWUHDL4LJJ5bWUJWIwEwLiw,2026-05-05T22:59:31.913Z,26.0,27.492,26.0
The Volkswagen Atlas Peak Edition | Best Day | :30 6.30.26,https://www.youtube.com/watch?v=SbB4tnji56k,,,2026-05-05T22:59:09.237Z,,22.676,22.676
Get STARZ Today,https://www.youtube.com/watch?v=MfhH7zSaNIU,,,2026-05-05T22:59:09.229Z,31.0,0.008,0.008
INSIDIOUS: OUT OF THE FURTHER- THE VAMPIRE COUPLE TRAILER REACTION,https://www.youtube.com/watch?v=EAoKIaVNlkM,The Vampire Couple,https://www.youtube.com/channel/UC4MNye5G99M652Q0Ij4Cr1A,2026-05-05T22:56:39.013Z,438.0,150.216,150.216
Native Shrubs,https://www.youtube.com/watch?v=lL24ARz5fMI,,,2026-05-05T22:56:37.182Z,30.0,1.831,1.831
vrbo vroty new hampshire USAen 16x9 21 30,https://www.youtube.com/watch?v=ALb15WtfecM,,,2026-05-05T22:56:04.570Z,24.0,32.612,24.0
PARANORMAL ACTIVITY (2007) MOVIE REACTION!! FIRST TIME WATCHING!! Found Footage Horror | Full Review,https://www.youtube.com/watch?v=BqLe_XhkkjI,Reel Rejects,https://www.youtube.com/channel/UC7_WiJnJxpm4MRNesRttzWg,2026-05-05T22:50:07.206Z,3075.0,357.364,357.364
One Night Only | Official Trailer,https://www.youtube.com/watch?v=JRG244IfrRE,,,2026-05-05T22:50:00.150Z,145.0,7.056,7.056
"Dr. Squatch | ""The Fox"" | Professor Fox",https://www.youtube.com/watch?v=RDJpbcQ72tc,,,2026-05-05T22:48:58.100Z,61.0,62.05,61.0
Shortened: IB LG0094   Auto Ins Fast Pace Female Iteration,https://www.youtube.com/watch?v=dYNEJ7gQdqQ,,,2026-05-05T22:47:00.612Z,33.0,117.488,33.0
V2Logo Brand Spokesperson BerklynWhiteboardA 16x9 6sec,https://www.youtube.com/watch?v=n7iu5cW5nr8,,,2026-05-05T22:46:42.587Z,7.0,18.025,7.0
Codex Ed 2 PrototypingWithCodex 16x9,https://www.youtube.com/watch?v=BfZzwD575NQ,,,2026-05-05T22:46:28.800Z,30.0,13.787,13.787
V2Logo Brand Spokesperson BerklynWhiteboard 16x9 17sec,https://www.youtube.com/watch?v=j0zixvIGtTM,,,2026-05-05T21:49:15.243Z,18.0,3433.557,18.0
"1,500 Birds Invade House Through Chimney",https://www.youtube.com/watch?v=h5sT4Whhw_M,Inside Edition,https://www.youtube.com/channel/UC9k-yiEpRHMNVOnOi_aQK8w,2026-05-05T21:48:56.211Z,107.0,19.032,19.032
"40,000 Subs Livestream Thank You!",https://www.youtube.com/watch?v=tICa12r4MfI,Daniel Seitz,https://www.youtube.com/channel/UCWlzoNzeVkpAemoyiU4kCcw,2026-05-05T21:47:40.724Z,3920.0,75.487,75.487
VLOC 9x16 0225 CustomerStory2 SplitScreen,https://www.youtube.com/watch?v=4SVkKemZ4Hg,,,2026-05-05T20:21:57.988Z,48.0,5142.736,48.0
2025-All-VDay2025-Horizontal,https://www.youtube.com/watch?v=JKlRjIVw_6Y,,,2026-05-05T20:21:08.318Z,12.0,49.67,12.0
Nick Lee & Amouranth's MASSIVE Fight! (COPS CALLED),https://www.youtube.com/watch?v=5hdIVXynpi4,Amouranth's Husband,https://www.youtube.com/channel/UCPCym73FuZRH0l-7CP8GQqQ,2026-05-05T20:18:26.557Z,6473.0,161.761,161.761
Dove Aluminum Free Deodorant | Fresh That Hits Different,https://www.youtube.com/watch?v=vv_05xRalRM,,,2026-05-05T20:18:12.884Z,7.0,13.673,7.0
Angry Greeting | Angry Orchard Hard Cider,https://www.youtube.com/watch?v=RC3Iw5X4nW8,,,2026-05-05T20:18:09.740Z,7.0,3.144,3.144
24 Hours in the Everglades,https://www.youtube.com/watch?v=X9YGBYnuFFw,Nico Grigg,https://www.youtube.com/channel/UCYM6R9hAO4bOixJ2L7uRSQg,2026-05-05T20:15:06.415Z,1816.0,183.325,183.325
NJM Laser Beam :30,https://www.youtube.com/watch?v=ixj2bS8XHn8,,,2026-05-05T20:13:50.508Z,31.0,75.907,31.0
SNO YOU 1003 v025C AbEX 16x9 Clean NoSale 101623,https://www.youtube.com/watch?v=LBzptchOh2M,,,2026-05-05T20:05:33.503Z,64.0,497.005,64.0
EVIL DEAD RISE (2023) First Time REACTION | MOTHER HAS ARRIVED,https://www.youtube.com/watch?v=LY-osZE3cbo,The Horror Bandwagon,https://www.youtube.com/channel/UCyTNyY2rlrydjAOdl25gWGg,2026-05-05T19:56:08.140Z,2728.0,565.363,565.363
2025-All-PerfectM-Horizontal,https://www.youtube.com/watch?v=_Ax2EsOq_cE,,,2026-05-05T19:55:56.066Z,12.0,12.074,12.0
A DOCTOR Reacted To Me…,https://www.youtube.com/watch?v=hTglFcYjbKg,Live Speedy,https://www.youtube.com/channel/UC2bW_AY9BlbYLGJSXAbjS4Q,2026-05-05T19:55:47.724Z,531.0,8.342,8.342
KAYAK “Big trip. Small screen.” Commercial,https://www.youtube.com/watch?v=9HP3JCiqz_s,,,2026-05-05T19:53:32.047Z,31.0,135.677,31.0
Bunny Approved :06 | Quilted Northern®,https://www.youtube.com/watch?v=ZQCl8KYcvdg,,,2026-05-05T19:53:25.767Z,7.0,6.28,6.28
Scariest One Yet?! PARANORMAL ACTIVITY 3 (2011) MOVIE REACTION!! FIRST TIME WATCHING!! Movie  Review,https://www.youtube.com/watch?v=AOVn72CPBLQ,Reel Rejects,https://www.youtube.com/channel/UC7_WiJnJxpm4MRNesRttzWg,2026-05-05T19:49:18.944Z,3942.0,246.823,246.823
Joel in Paris | Sam & Sus Still Mad On Ice Poseidon,https://www.youtube.com/watch?v=tmxOzm4Pdu4,ClipsVonClaus,https://www.youtube.com/channel/UCqQlq8W2OVF8Dn2LYTdz3lA,2026-05-05T19:35:47.512Z,737.0,811.432,737.0
"Shortened: Compare rates for free, pay less for auto insurance",https://www.youtube.com/watch?v=YOAPmajI_bo,,,2026-05-05T18:22:27.987Z,35.0,4399.525,35.0
iShowSpeed Reacts To The Truth About His Hospitalization..,https://www.youtube.com/watch?v=NsG8n5muT8Q,Live Speedy,https://www.youtube.com/channel/UC2bW_AY9BlbYLGJSXAbjS4Q,2026-05-05T18:16:59.374Z,328.0,328.613,328.0
H OV30 V CRITICILL ZOLIEMAIL 1 169,https://www.youtube.com/watch?v=NF00q7f6boc,,,2026-05-05T18:16:53.372Z,54.0,6.002,6.002
ScrubsNYC Stream Snipes Ac7ionMan! 😱 + Cinco de Mayo Party... GONE WRONG! 💀,https://www.youtube.com/watch?v=jVgfQWp0vEI,ʏᴀᴛᴛᴀ ᴛᴠ,https://www.youtube.com/channel/UCrNZxYBRLW6c2E1n5Pgl-jw,2026-05-05T18:14:31.867Z,1895.0,141.505,141.505
YouTube Premium EMU MIX 1mon Afterparty Stock 10s horiz 1920x1080 16-9 en US USD PU,https://www.youtube.com/watch?v=CCqIqPZqoJ0,,,2026-05-05T17:34:26.347Z,11.0,2405.52,11.0
Stop Wasting Time on Mainstream Remote Job Boards,https://www.youtube.com/watch?v=_Au2QzaGJTo,,,2026-05-05T16:36:36.044Z,30.0,3470.303,30.0
Private health insurance male horizontal,https://www.youtube.com/watch?v=__g_qhiJHPs,,,2026-05-05T16:11:44.980Z,78.0,1491.064,78.0
"BARBARIAN (2022) FIRST TIME REACTION | We are Befuddled, Queasy and TRAUMATIZED",https://www.youtube.com/watch?v=oHp7CyFXqbg,The Horror Bandwagon,https://www.youtube.com/channel/UCyTNyY2rlrydjAOdl25gWGg,2026-05-05T16:00:39.533Z,2965.0,665.447,665.447
V2Logo Brand Spokesperson BerkOffice 16x9 15sec,https://www.youtube.com/watch?v=DEYT-6G_Y6Q,,,2026-05-05T15:56:02.216Z,16.0,277.317,16.0
Ac7 Pressed Out of Hotel | Ice Poseidon Rages on Argentina,https://www.youtube.com/watch?v=q8lMP4iFCOg,ClipsVonClaus,https://www.youtube.com/channel/UCqQlq8W2OVF8Dn2LYTdz3lA,2026-05-05T15:55:36.963Z,1087.0,25.253,25.253
Hulu’s “Designed To Last”,https://www.youtube.com/watch?v=EXfS8FwMUGM,,,2026-05-05T15:55:21.067Z,18.0,15.896,15.896
"Compare rates for free, pay less for auto insurance",https://www.youtube.com/watch?v=dOLzDoRBmdE,,,2026-05-05T15:51:28.179Z,38.0,232.888,38.0
Palina LB Script 25 H1,https://www.youtube.com/watch?v=HZYB7B5KhXc,,,2026-05-05T15:45:46.319Z,73.0,341.86,73.0
Mario GS - (KM) Mario Ad 5 - 16x9,https://www.youtube.com/watch?v=Pz-s8cJA1j0,,,2026-05-05T15:39:55.339Z,203.0,350.98,203.0
Female Landscape Save Up to 80%,https://www.youtube.com/watch?v=4_WJ0K_fxzY,,,2026-05-05T15:34:24.912Z,64.0,330.427,64.0
“I’M JUST GONNA CALL THE POLICE!!”-FIRST AMENDMENT ,https://www.youtube.com/watch?v=dsdf0V2Ja9k,Tyrant Terminator Audits!!!,https://www.youtube.com/channel/UCfWEnytDiyfb7FowLx2nxrQ,2026-05-05T15:25:07.047Z,1756.0,557.865,557.865
NJM Laser Beam :30,https://www.youtube.com/watch?v=ixj2bS8XHn8,,,2026-05-05T02:20:31.112Z,31.0,47075.935,31.0
Social Media May Have Cost You More Than Time,https://www.youtube.com/watch?v=dzfbVskKhEA,,,2026-05-05T02:20:31.111Z,55.0,0.001,0.001
Native-Brand-ENG-Scalp Focused - Genero-Hair-Scalp-:06-Multi-16x9-,https://www.youtube.com/watch?v=rY-lhNNZeX4,,,2026-05-05T00:56:25.685Z,16.0,5045.426,16.0
CTV 2026 Influencer BEC 30 second 2 6 26,https://www.youtube.com/watch?v=jPOaEQVTFRY,,,2026-05-05T00:56:11.781Z,31.0,13.904,13.904
Starting a business can be scary. But Shopify is here to help.,https://www.youtube.com/watch?v=3OexX_FG5ow,,,2026-05-05T00:56:00.146Z,25.0,11.635,11.635
LZ_2026 BusinessFormation_16x9_30s,https://www.youtube.com/watch?v=MRvLejCpH_o,,,2026-05-05T00:56:00.113Z,31.0,0.033,0.033
I'm on TV! 🤩 EUPHORIA & HACKS Premieres! 🎥✨ | April 2026 VLOG,https://www.youtube.com/watch?v=wYJFHWLq7a0,blndsundoll4mj,https://www.youtube.com/channel/UCF2oW5-MO8dB6ul9WH9xi0A,2026-05-05T00:52:54.261Z,3265.0,185.852,185.852
PCODE COHI STYLING SMOOTHIE STYLING GEL CORE BSAY NA 16X9 YTTV 06S SHNW EN STP MIKMAK STA BASE 036 I,https://www.youtube.com/watch?v=THT6WU23w-8,,,2026-05-05T00:51:45.173Z,7.0,69.088,7.0
IB LG0094   Auto Ins Fast Pace Female Iteration,https://www.youtube.com/watch?v=sfUF3C4cx4w,,,2026-05-05T00:50:54.226Z,80.0,50.947,50.947
Ice Poseidon on Viewbots & Retirement | Ac7 Breaks Down,https://www.youtube.com/watch?v=gn9n_Bp47_U,ClipsVonClaus,https://www.youtube.com/channel/UCqQlq8W2OVF8Dn2LYTdz3lA,2026-05-05T00:50:16.810Z,2019.0,37.416,37.416
SNO YOU 1004 v051 AmberJourneyDoctor 16x9 071924 - Summer Trim,https://www.youtube.com/watch?v=44EJwOlphJQ,,,2026-05-05T00:50:02.586Z,51.0,14.224,14.224
Roblox Claims,https://www.youtube.com/watch?v=mgwZ0XUr6_0,,,2026-05-05T00:49:40.741Z,60.0,21.845,21.845
Codex Andrew 2 DailyCommitSummary 16x9 h264,https://www.youtube.com/watch?v=6FqVZ0hLss0,,,2026-05-05T00:49:34.937Z,40.0,5.804,5.804
Pray For Me… I was rushed to the ER 🏥,https://www.youtube.com/watch?v=OrNYFVibGKg,T&A Nation,https://www.youtube.com/channel/UClxLUqz2NXDEg_1ZFiDSD0g,2026-05-05T00:48:48.688Z,1110.0,46.249,46.249
Shortened: Axon by AppLovin: Profitable advertising made simple,https://www.youtube.com/watch?v=o5G7i8XxTcw,,,2026-05-05T00:48:21.312Z,36.0,27.376,27.376
Golf (Short) | LiMu Emu & Doug | Liberty Mutual Insurance Commercial,https://www.youtube.com/watch?v=OuB4R4KgUjo,,,2026-05-05T00:48:15.937Z,16.0,5.375,5.375
Foundayo is Now Approved!,https://www.youtube.com/watch?v=ymCeh07HD6g,,,2026-05-05T00:47:20.923Z,15.0,55.014,15.0
NJM Bubble Wrap,https://www.youtube.com/watch?v=0oQkCcA-rBo,,,2026-05-05T00:45:58.901Z,31.0,82.022,31.0
Cx Crew Explore Amazon Jungle! 🔍 + Ice Poseidon & ABZ WIPE OUT! 🤕,https://www.youtube.com/watch?v=nGQFO6ypp18,ʏᴀᴛᴛᴀ ᴛᴠ,https://www.youtube.com/channel/UCrNZxYBRLW6c2E1n5Pgl-jw,2026-05-05T00:26:54.932Z,3870.0,1143.969,1143.969
Ice Poseidon Cancels Amazon Streams,https://www.youtube.com/watch?v=VR7wQZDHrhY,ClipsVonClaus,https://www.youtube.com/channel/UCqQlq8W2OVF8Dn2LYTdz3lA,2026-05-05T00:21:59.809Z,693.0,295.123,295.123
Wills & Trust,https://www.youtube.com/watch?v=ZVUfizBsgNc,,,2026-05-05T00:21:50.197Z,31.0,9.612,9.612
TRANSITIONS MOVE FREELY VITTORIA VIDEO HZ 16X9 12S EN FINAL MP4 WITHSOUND,https://www.youtube.com/watch?v=2a6IinCwt3c,,,2026-05-05T00:21:34.305Z,13.0,15.892,13.0
Can Charlize Theron Survive The End Of Taron Egerton’s Song? | Apex | Netflix Philippines,https://www.youtube.com/watch?v=vNATr91IWVs,Netflix Philippines,https://www.youtube.com/channel/UCEnaoRpbxiSbAhBkuvODGpw,2026-05-05T00:21:12.705Z,203.0,21.6,21.6
"Dr. Squatch | ""Not In The Mood"" | Professor Fox",https://www.youtube.com/watch?v=kgkLz5kAIpg,,,2026-05-05T00:20:59.501Z,31.0,13.204,13.204
Taemin Has a Lil 💩 Accident / Ice Poseidon Tries To Advise Ac7ionman,https://www.youtube.com/watch?v=56i4yiJLqdw,ClipsVonClaus,https://www.youtube.com/channel/UCqQlq8W2OVF8Dn2LYTdz3lA,2026-05-05T00:15:46.333Z,704.0,313.168,313.168
Video F Rachel Auto AgentComission Hook5 DavidTommy 9026 ComplianceEdit,https://www.youtube.com/watch?v=sSbnE2LhLgs,,,2026-05-05T00:15:36.705Z,46.0,9.628,9.628
We can’t make laundry fun or taxes simpler. But we can make choosing insurance easier.,https://www.youtube.com/watch?v=MlCgsQZRnBw,,,2026-05-05T00:15:33.433Z,12.0,3.272,3.272
Would You Go On Vacation With A Stranger?,https://www.youtube.com/watch?v=x7yv72s8h0o,MrBeast,https://www.youtube.com/channel/UCX6OQ3DkcsbYNE6H8uQQuVA,2026-05-05T00:15:32.369Z,63.0,1.064,1.064
SPEED Acting Like His Bodyguard HENRY In A Helicopter😂 #ishowspeed #henry #bodyguard #helicopter,https://www.youtube.com/watch?v=4zWOYBmp9do,Cup Of Trending ,https://www.youtube.com/channel/UCWUHDL4LJJ5bWUJWIwEwLiw,2026-05-05T00:15:07.301Z,21.0,25.068,21.0
Ishowspeed tries rare fruits in Dominica 🇩🇲 #ishowspeed #shorts,https://www.youtube.com/watch?v=T4YagiPTv78,TMG Reacts,https://www.youtube.com/channel/UCHm6cU6XdWydIjun-TlIjvA,2026-05-05T00:14:22.409Z,66.0,44.892,44.892
"Dr. Squatch | ""Stick Pics"" | Professor Fox",https://www.youtube.com/watch?v=u5U9rnG1eAo,,,2026-05-05T00:14:00.029Z,45.0,22.38,22.38
Codex Andrew 1 SentryAutomation 16x9 h264,https://www.youtube.com/watch?v=Pr7FcbtRhbk,,,2026-05-05T00:12:29.456Z,39.0,90.573,39.0
The Conjuring (2013) is a NOPE from us | First Time Watching,https://www.youtube.com/watch?v=bR6obVlmkRg,Jack & Dan React,https://www.youtube.com/channel/UCdaukIlzWQnVo_WLB-NjX7w,2026-05-05T00:12:24.905Z,4664.0,4.551,4.551
O Horizon | Official Trailer | In Theaters June 12,https://www.youtube.com/watch?v=gZS0iFRjk5o,,,2026-05-05T00:11:05.164Z,117.0,79.741,79.741
"Mother's Day Sale v2, US :15 | Michaels",https://www.youtube.com/watch?v=71Qvg8hxwn0,,,2026-05-05T00:10:49.641Z,15.0,15.523,15.0
Tazo's Near-Robbery in Chile | Ice Poseidon Blacklists Moxie,https://www.youtube.com/watch?v=nl3G1uBpAfE,ClipsVonClaus,https://www.youtube.com/channel/UCqQlq8W2OVF8Dn2LYTdz3lA,2026-05-04T23:55:42.861Z,919.0,906.78,906.78
Ready for a Career Move? Franklin Makes It Possible,https://www.youtube.com/watch?v=J-LcwWkHCTo,,,2026-05-04T23:55:31.349Z,30.0,11.512,11.512
Gardeners | Farmers Insurance®,https://www.youtube.com/watch?v=cPaU_jg1QL0,,,2026-05-04T23:55:24.644Z,7.0,6.705,6.705
Live at Met Gala 2026 With Vogue,https://www.youtube.com/watch?v=hCjBNYbN_1I,,,2026-05-04T23:55:19.865Z,9540.0,4.779,4.779
ICE POSEIDON CALLS AC7IONMAN AND IT GOES OFF😳,https://www.youtube.com/watch?v=7mnxrUgCf5I,cliptoe,https://www.youtube.com/channel/UC9k5_6e1Ji6VtAxCwyRuiWA,2026-05-04T23:52:33.044Z,941.0,166.821,166.821
Ice Poseidon Catches His Girlfriend With Sam Pepper,https://www.youtube.com/watch?v=IxVItNuXHy4,Scuffed Central,https://www.youtube.com/channel/UCLQyFZBJb9npzkWX5sPJ36w,2026-05-04T23:49:52.580Z,246.0,160.464,160.464
Reupload: Paranormal Activity (2007) | First Time Watching,https://www.youtube.com/watch?v=bHBeZJON7-c,Jack & Dan React,https://www.youtube.com/channel/UCdaukIlzWQnVo_WLB-NjX7w,2026-05-04T23:37:40.212Z,2914.0,732.368,732.368
NickLee & Amouranth Have a Huge Fight (Divorce?) Part 1,https://www.youtube.com/watch?v=Z6NxqMStMaw,ClipsVonClaus,https://www.youtube.com/channel/UCqQlq8W2OVF8Dn2LYTdz3lA,2026-05-04T23:24:27.516Z,1912.0,792.696,792.696
What's in the Box with Charlize Theron and Taron Egerton | Apex | Netflix,https://www.youtube.com/watch?v=EdEYDPI_GL4,Still Watching Netflix,https://www.youtube.com/channel/UCGie8GMlUo3kBKIopdvumVQ,2026-05-04T23:21:57.387Z,620.0,150.129,150.129
"Shortened: Compare rates for free, pay less for auto insurance",https://www.youtube.com/watch?v=z_OvqbUIk0I,,,2026-05-04T23:14:34.663Z,34.0,442.724,34.0
INTERVIEW WITH THE VAMPIRE 2x06 & 2x07 REACTION -  THE BEST MOST HAUNTING EPISODE YET! -REVIEW,https://www.youtube.com/watch?v=7ZkNlrL5t5k,Reel Rejects,https://www.youtube.com/channel/UC7_WiJnJxpm4MRNesRttzWg,2026-05-04T23:10:56.874Z,4227.0,217.789,217.789
Cx Crew Border Drama | Ice Poseidon Crashes Out,https://www.youtube.com/watch?v=UWnLxQw8_pc,ClipsVonClaus,https://www.youtube.com/channel/UCqQlq8W2OVF8Dn2LYTdz3lA,2026-05-04T23:05:45.591Z,1518.0,311.283,311.283
"(July 6)[1/1 IRL] kimmee Checking out Ranch for the Hunger Games w/ Ice Poseidon,Alexis,Jandro,Sam",https://www.youtube.com/watch?v=6ktD9_OYtvk,Life Stream Archive,https://www.youtube.com/channel/UCG4Hk5KXjdCHVfEb0orkFdw,2026-05-04T23:05:24.428Z,6571.0,21.163,21.163
Paranormal Activity: The Ghost Dimension (2015) with HEART RATE MONITORS | First Time Watching,https://www.youtube.com/watch?v=tEXhEtNMULg,Jack & Dan React,https://www.youtube.com/channel/UCdaukIlzWQnVo_WLB-NjX7w,2026-05-04T23:04:29.724Z,3910.0,54.704,54.704
Horn | LiMu Emu & Doug | Liberty Mutual Insurance Commercial,https://www.youtube.com/watch?v=M-fkJWJPrFE,,,2026-05-04T23:04:20.933Z,16.0,8.791,8.791
DI-CID2062-Exaggerated Claims Test-HTV-1,https://www.youtube.com/watch?v=jjUQM69aCsU,,,2026-05-04T20:58:28.547Z,58.0,7552.386,58.0
YT Ad 3 - 2024,https://www.youtube.com/watch?v=Vhe6pdlzCBw,,,2026-05-04T20:44:23.532Z,148.0,845.015,148.0
Janine Horiz saved fifty dollars H,https://www.youtube.com/watch?v=IUd7dBHkg_8,,,2026-05-04T20:43:37.908Z,39.0,45.624,39.0
DavidT Video F Imani UGC v AgentCommissionComplianceEditsKaraoke 19746,https://www.youtube.com/watch?v=jsVLHQ0qxQU,,,2026-05-04T20:21:14.288Z,43.0,1343.62,43.0
Talkspace “Don’t want to talk about it”,https://www.youtube.com/watch?v=ud-cge8DE0o,,,2026-05-04T20:16:00.229Z,31.0,314.059,31.0
MARC 4239 BV Unclaimed Podcast Style UGC 16x9 30 Final,https://www.youtube.com/watch?v=5JCFFoF0Tok,,,2026-05-04T20:10:02.072Z,31.0,358.157,31.0
Sequence 3_Hook 2.mp4,https://www.youtube.com/watch?v=9Zfi2pN-Vvc,,,2026-05-04T20:03:43.265Z,270.0,378.807,270.0
"Compare rates for free, pay less for auto insurance",https://www.youtube.com/watch?v=dOLzDoRBmdE,,,2026-05-04T19:44:52.843Z,38.0,1130.422,38.0
Paranormal activity 4 (2012) had us WHIMPERING | First Time Watching,https://www.youtube.com/watch?v=LpFNKIKnHKM,Jack & Dan React,https://www.youtube.com/channel/UCdaukIlzWQnVo_WLB-NjX7w,2026-05-04T19:37:27.274Z,3763.0,445.569,445.569
GMIC Bubble Yukon Video 4-3,https://www.youtube.com/watch?v=u0r7-r1r_rI,,,2026-05-04T19:37:05.982Z,31.0,21.292,21.292
ICE POSEIDON KICKED OFF HIS OWN CRUISE EVENT! #iceposeidon #cruise #kickstreaming,https://www.youtube.com/watch?v=TeG0TmI2HGc,Kick_Clipz,https://www.youtube.com/channel/UCmXAEqNsldIpQWK6M8F156g,2026-05-04T19:29:54.864Z,2358.0,431.118,431.118
irl stream in Puerto Rico 🇵🇷,https://www.youtube.com/watch?v=cRLEGrEmvLw,IShowSpeed,https://www.youtube.com/channel/UCWsDFcIhY2DBi3GB5uykGXA,2026-05-04T19:28:41.796Z,18350.0,73.068,73.068
Spree for All - 2026 - 25-sec Ad,https://www.youtube.com/watch?v=_mcFUfbgIDw,,,2026-05-04T19:28:35.565Z,24.0,6.231,6.231
IFCJ Flag Pin USA Horizontal Generic,https://www.youtube.com/watch?v=49fjeNmfscQ,,,2026-05-04T01:31:51.924Z,46.0,64603.641,46.0
Shortened: Axon by AppLovin: Profitable advertising made simple,https://www.youtube.com/watch?v=o5G7i8XxTcw,,,2026-05-04T01:31:45.229Z,36.0,6.695,6.695
The Judges Were Speechless After This 😶⁉️#masterchef,https://www.youtube.com/watch?v=vdG-zeLXJKs,ZESTY,https://www.youtube.com/channel/UCJBnS5hxwqioLVMMBoW-pVw,2026-05-04T01:31:40.672Z,58.0,4.557,4.557
SO MUCH BLEACH 😭,https://www.youtube.com/watch?v=SccQz1WtBYs,Brad Mondo,https://www.youtube.com/channel/UCoc_XJPj6YLMQDWtPDQcDtA,2026-05-04T01:31:33.132Z,97.0,7.54,7.54
"Feeding A Cat $10 Vs $10,000 Sushi",https://www.youtube.com/watch?v=SGzWIoLAzmY,MrBeast,https://www.youtube.com/channel/UCX6OQ3DkcsbYNE6H8uQQuVA,2026-05-04T01:31:02.573Z,31.0,30.559,30.559
"Shortened: Compare rates for free, pay less for auto insurance",https://www.youtube.com/watch?v=z_OvqbUIk0I,,,2026-05-04T01:30:53.324Z,34.0,9.249,9.249
Resident Evil Requiem (Part 7) - Scary Streaming Sunday #122,https://www.youtube.com/watch?v=VitsgjHVgDQ,The Horror Bandwagon,https://www.youtube.com/channel/UCyTNyY2rlrydjAOdl25gWGg,2026-05-04T01:30:35.120Z,11954.0,18.204,18.204
Golf (Short) | LiMu Emu & Doug | Liberty Mutual Insurance Commercial,https://www.youtube.com/watch?v=OuB4R4KgUjo,,,2026-05-04T01:30:31.872Z,16.0,3.248,3.248
Introducing Base44’s Big Game Full Ad “It’s App to You”,https://www.youtube.com/watch?v=kLdaIxDM-_Y,,,2026-05-04T01:27:50.869Z,56.0,161.003,56.0
Video F Rachel Auto AgentComission Hook5 DavidTommy 9026 ComplianceEdit,https://www.youtube.com/watch?v=sSbnE2LhLgs,,,2026-05-04T01:08:17.536Z,46.0,1173.333,46.0
Paranormal Activity 3 (2011) is the BEST ONE YET | First time watching,https://www.youtube.com/watch?v=akRwL_33ors,Jack & Dan React,https://www.youtube.com/channel/UCdaukIlzWQnVo_WLB-NjX7w,2026-05-04T00:49:00.288Z,3640.0,1157.248,1157.248
VV NPC3022 V2TLS PVO575 ANG55 MOF L2,https://www.youtube.com/watch?v=YyNuVU3okd8,,,2026-05-04T00:48:54.244Z,47.0,6.044,6.044
V2Logo Brand Spokesperson BerklynWhiteboardA 16x9 6sec,https://www.youtube.com/watch?v=n7iu5cW5nr8,,,2026-05-04T00:47:57.177Z,7.0,57.067,7.0
"Compare rates for free, pay less for auto insurance",https://www.youtube.com/watch?v=dOLzDoRBmdE,,,2026-05-04T00:47:53.077Z,38.0,4.1,4.1
https://www.youtube.com/watch?v=ojwavpiY6yc,https://www.youtube.com/watch?v=ojwavpiY6yc,,,2026-05-04T00:47:49.792Z,,3.285,3.285
"Answer The Call, Win $10,000",https://www.youtube.com/watch?v=50G0kIty7Cg,MrBeast,https://www.youtube.com/channel/UCX6OQ3DkcsbYNE6H8uQQuVA,2026-05-04T00:47:47.168Z,39.0,2.624,2.624
Slippery vs Sticky Stairs,https://www.youtube.com/watch?v=N0pwLtonPdg,MrBeast,https://www.youtube.com/channel/UCX6OQ3DkcsbYNE6H8uQQuVA,2026-05-04T00:47:45.572Z,36.0,1.596,1.596
We can’t make laundry fun or taxes simpler. But we can make choosing insurance easier.,https://www.youtube.com/watch?v=MlCgsQZRnBw,,,2026-05-04T00:47:42.465Z,12.0,3.107,3.107
Super common questions I get asked all the time “doesn’t she have to be on a leash”,https://www.youtube.com/watch?v=EozPyXefd9w,Arthur & Korra,https://www.youtube.com/channel/UCmkFFL_UMKLOmjm8NhVKGhA,2026-05-04T00:47:41.104Z,95.0,1.361,1.361
Feeding some crazzzy cats #animalcare #nationaltigersanctuary #metaglasses #bigcat,https://www.youtube.com/watch?v=y_3qRDe-MoI,0austinp,https://www.youtube.com/channel/UCW9l9aSjtmTr3XbxrN5NL6g,2026-05-04T00:47:39.521Z,96.0,1.583,1.583
RUDI Teaches Fans How To Take a STREAM PICTURE🇻🇮😂 #ishowspeed #rudi #bodyguard #usvi,https://www.youtube.com/watch?v=Hdv8i6tFTtQ,Cup Of Trending ,https://www.youtube.com/channel/UCWUHDL4LJJ5bWUJWIwEwLiw,2026-05-04T00:46:44.804Z,31.0,54.717,31.0
Video F Michelle Auto AgentComission Hook4 DavidT 8752 SMA ComplianceEdit,https://www.youtube.com/watch?v=g69LI7JhhyY,,,2026-05-04T00:46:42.854Z,45.0,1.95,1.95
She definitely deserves a raise ❤️‍🩹❤️‍🩹,https://www.youtube.com/watch?v=HLMEUpYtE8I,deagzzzshorts,https://www.youtube.com/channel/UCjcZfaPzpgifneY4aZgLGrQ,2026-05-04T00:45:32.521Z,55.0,70.333,55.0
MRK170_Ads_A_16x9_v5.mp4,https://www.youtube.com/watch?v=tzwcUZdwOKA,,,2026-05-04T00:40:09.180Z,16.0,323.341,16.0
Janine Horiz saved fifty dollars H,https://www.youtube.com/watch?v=IUd7dBHkg_8,,,2026-05-04T00:28:33.076Z,39.0,696.104,39.0
How to Get Rid of your Junk car Today - Elisabeth   30s,https://www.youtube.com/watch?v=ajMXYC3VyL8,,,2026-05-04T00:16:52.449Z,30.0,700.627,30.0
Premium Wireless for $15 Bucks a Month | Mint Mobile,https://www.youtube.com/watch?v=e5BNMNcSKLs,,,2026-05-04T00:05:06.058Z,31.0,706.391,31.0
Paranormal Activity 2 (2010) is a BRILLIANT sequel | First Time Watching,https://www.youtube.com/watch?v=v3-wRfS1hpM,Jack & Dan React,https://www.youtube.com/channel/UCdaukIlzWQnVo_WLB-NjX7w,2026-05-03T23:53:14.792Z,3382.0,711.266,711.266
Roblox Claims,https://www.youtube.com/watch?v=mgwZ0XUr6_0,,,2026-05-03T23:52:56.857Z,60.0,17.935,17.935
Is The Vaccine To Blame?,https://www.youtube.com/watch?v=vVU_diBYwKY,Doctor Mike,https://www.youtube.com/channel/UC0QHWhjbe5fGJEPz3sVb6nw,2026-05-03T23:52:48.966Z,139.0,7.891,7.891
Speed Makes This Kids Day! ❤️,https://www.youtube.com/watch?v=9-NuCXwYDjE,Danny Digest,https://www.youtube.com/channel/UCmWJO-1U_RSFiDCudY2wRlg,2026-05-03T23:52:47.776Z,36.0,1.19,1.19
I Joined The Zambian Bike Circus!🚴🚴,https://www.youtube.com/watch?v=se_CXUFKPjw,IShowSpeed,https://www.youtube.com/channel/UCWsDFcIhY2DBi3GB5uykGXA,2026-05-03T23:52:47.100Z,34.0,0.676,0.676
Video M Erick Auto AgentComission Hook2 DavidT 9500 SMA ComplianceEdit,https://www.youtube.com/watch?v=GwCIbcsjXjo,,,2026-05-03T23:52:45.559Z,44.0,1.541,1.541
Wait... Was He Famous?,https://www.youtube.com/watch?v=kNLr-cduzuo,MrBeast,https://www.youtube.com/channel/UCX6OQ3DkcsbYNE6H8uQQuVA,2026-05-03T23:52:30.460Z,14.0,15.099,14.0
Ashley Crashed Out on Nico..,https://www.youtube.com/watch?v=2MFecn4qHsY,Nico Live,https://www.youtube.com/channel/UCyd7Kv3F3P1B_dNrFLZPpbg,2026-05-03T23:52:16.469Z,52.0,13.991,13.991
My Girlfriend Forgot I Was Live..,https://www.youtube.com/watch?v=vIW4hjNYY2U,Nico Live,https://www.youtube.com/channel/UCyd7Kv3F3P1B_dNrFLZPpbg,2026-05-03T23:51:40.392Z,37.0,36.077,36.077
AC7 VS TAEMIN + ZUES SUING ICE? iceposeidon #rvtravel #ac7ionman  #kickstreaming,https://www.youtube.com/watch?v=75qMj00EE4k,Kick_Clipz,https://www.youtube.com/channel/UCmXAEqNsldIpQWK6M8F156g,2026-05-03T23:41:41.990Z,2063.0,598.402,598.402
Great price for 1 line on Fi | Full-connectivity for select smartwatches,https://www.youtube.com/watch?v=909sDj8xyFI,,,2026-05-03T23:22:11.247Z,33.0,1170.743,33.0
WE JOINED THE CULT OF CHUCKY! *REACTION* A COMMENTARY (on how you can too...) 💉,https://www.youtube.com/watch?v=HERFA4HMUsY,Petty Pumpkins,https://www.youtube.com/channel/UCLXA8cr8lkHSE9xBg5nmezw,2026-05-03T23:14:51.454Z,2410.0,439.793,439.793
Womens Prospecting16x9 WithCaptions 2,https://www.youtube.com/watch?v=u_Ypi7DzzOM,,,2026-05-03T23:14:41.471Z,36.0,9.983,9.983
MRK170_Ads_B_16x9_v2.mp4,https://www.youtube.com/watch?v=_3MZbnUKOUQ,,,2026-05-03T23:14:36.915Z,16.0,4.556,4.556
Big Cable Bills Spark No Joy,https://www.youtube.com/watch?v=PBT6L2XtPzM,,,2026-05-03T23:13:45.898Z,31.0,51.017,31.0
Ac7ionman Has A Complete Meltdown | Ice Poseidon Steps In To Rescue Him,https://www.youtube.com/watch?v=wV-rCbFnO7c,ClipsVonClaus,https://www.youtube.com/channel/UCqQlq8W2OVF8Dn2LYTdz3lA,2026-05-03T23:00:34.598Z,493.0,791.3,493.0
Shortened: Roblox Claims,https://www.youtube.com/watch?v=44u4t55nfqo,,,2026-05-03T23:00:28.675Z,30.0,5.923,5.923
Ac7 Makes a Scene & Ice Poseidon Explains Whats Happening?,https://www.youtube.com/watch?v=dQEgfP65bv8,ClipsVonClaus,https://www.youtube.com/channel/UCqQlq8W2OVF8Dn2LYTdz3lA,2026-05-03T22:51:49.842Z,1275.0,518.833,518.833
US FY26 WPT2 16:9 Signage30 CTV EarlyBranding SIGNS15,https://www.youtube.com/watch?v=TvehYTkW9sA,,,2026-05-03T22:40:29.054Z,31.0,680.788,31.0
Worst Experience of my Life...,https://www.youtube.com/watch?v=JD4iT4XLeBc,Grant Harting,https://www.youtube.com/channel/UCMCHLu70LC-somPdXWWxcIw,2026-05-03T22:38:28.707Z,1227.0,120.347,120.347
Chicken Andy & Blackassdave Get Into a Fight,https://www.youtube.com/watch?v=1cWj0Bbdmzo,ClipsVonClaus,https://www.youtube.com/channel/UCqQlq8W2OVF8Dn2LYTdz3lA,2026-05-03T22:37:58.976Z,975.0,29.731,29.731
5G Home Minternet | Mint Mobile,https://www.youtube.com/watch?v=kXGL6WxUiMM,,,2026-05-03T22:28:25.583Z,31.0,573.393,31.0
irl stream in Antigua and Barbuda 🇦🇬,https://www.youtube.com/watch?v=LO5aaw43veM,IShowSpeed,https://www.youtube.com/channel/UCWsDFcIhY2DBi3GB5uykGXA,2026-05-03T22:26:56.781Z,22144.0,88.802,88.802
vrbo vroty generic USAen 16x9 21 30,https://www.youtube.com/watch?v=PZWYNaj7XB8,,,2026-05-03T19:04:56.896Z,,12119.885,12119.885
Going Places with IShowSpeed I Expedia,https://www.youtube.com/watch?v=dl9YBPUD6VE,,,2026-05-03T18:37:27.776Z,16.0,1649.12,16.0
"Cheez-It cravings can happen anywhere. Yes, even here.",https://www.youtube.com/watch?v=JyqSImf2U4o,,,2026-05-03T18:18:03.463Z,16.0,1164.313,16.0
YTTV PTC MARCH THEMADISON EMP RM V1 DR None US EN 30s MP4 VIDEO v02,https://www.youtube.com/watch?v=q9UXoT9P9R0,,,2026-05-03T17:50:07.303Z,30.0,1676.16,30.0
Take a Zesty Pause,https://www.youtube.com/watch?v=aIhrjxXxqA0,,,2026-05-03T17:44:27.895Z,31.0,339.408,31.0
This Is One Of The Best Horror Games This Year…,https://www.youtube.com/watch?v=oWpvD3aTdo8,CaseOh,https://www.youtube.com/channel/UC63anZxfVGHUEmfBAf5w7pw,2026-05-03T17:36:57.368Z,9847.0,450.527,450.527
VS Mother's Day featuring Adriana Lima - Modeled After Mom,https://www.youtube.com/watch?v=WUkSHR8-A4M,,,2026-05-03T17:36:24.880Z,25.0,32.488,25.0
Ice Poseidon Confronts NickLee & Amouranth,https://www.youtube.com/watch?v=JX1Gg6FoBVc,ClipsVonClaus,https://www.youtube.com/channel/UCqQlq8W2OVF8Dn2LYTdz3lA,2026-05-03T17:15:08.668Z,1642.0,1276.212,1276.212
iShowSpeed visits Chinese Zoo!,https://www.youtube.com/watch?v=MHlpPrRvFQc,SpeedUniverse,https://www.youtube.com/channel/UCOC64I7IV17EvSIZJ1HDfHw,2026-05-03T17:12:16.979Z,500.0,171.689,171.689
TRANSITIONS MOVE FREELY VITTORIA VIDEO HZ 16X9 10S EN FINAL MP4 WITHSOUND,https://www.youtube.com/watch?v=TyiWg0xejgY,,,2026-05-03T17:12:04.568Z,11.0,12.411,11.0
Fragrance Free Bathtime Collection | Honest,https://www.youtube.com/watch?v=9GH4FGaOmKU,,,2026-05-03T17:11:58.669Z,16.0,5.899,5.899
MARC 4239 BV Unclaimed Podcast Style UGC 16x9 fix Final,https://www.youtube.com/watch?v=HxREF1o7Z-A,,,2026-05-03T17:11:34.160Z,55.0,24.509,24.509
LZ_2026 BusinessFormation_16x9_30s,https://www.youtube.com/watch?v=MRvLejCpH_o,,,2026-05-03T17:11:31.623Z,31.0,2.537,2.537
KFC | :60 Value Feast,https://www.youtube.com/watch?v=rVz5KMNqDUI,,,2026-05-03T17:10:26.608Z,61.0,65.015,61.0
Nick Gets Scared By Homeless People / Ice Poseidon Exposes Nick,https://www.youtube.com/watch?v=KMy3OwkmejE,ClipsVonClaus,https://www.youtube.com/channel/UCqQlq8W2OVF8Dn2LYTdz3lA,2026-05-03T17:02:48.876Z,853.0,457.732,457.732
Switch to Unlimited Essentials | Join Google Fi Wireless today,https://www.youtube.com/watch?v=jIks10ZGg2w,,,2026-05-03T17:02:41.180Z,30.0,7.696,7.696
Going Places with IShowSpeed I Expedia,https://www.youtube.com/watch?v=uB4WLQQPJaQ,,,2026-05-03T17:00:14.607Z,31.0,146.573,31.0
Framer Design Pages: The Only Free Plan That’s Actually Free,https://www.youtube.com/watch?v=Kv4WKsavDm4,,,2026-05-03T16:59:57.139Z,34.0,17.468,17.468
YouTube Premium EMU MIX 1mon Afterparty Stock 15s horiz 1920x1080 16-9 en US USD PU,https://www.youtube.com/watch?v=s4ibe8R1XsQ,,,2026-05-03T16:50:30.667Z,16.0,566.472,16.0
Jiho Broke Into ABZ's Room?! | Taemin Visits Wuhan Market,https://www.youtube.com/watch?v=xLFZQI0YaN4,ClipsVonClaus,https://www.youtube.com/channel/UCqQlq8W2OVF8Dn2LYTdz3lA,2026-05-03T16:42:49.251Z,1317.0,461.416,461.416
One Night Only | Official Trailer,https://www.youtube.com/watch?v=JRG244IfrRE,,,2026-05-03T16:42:39.003Z,145.0,10.248,10.248
Zoho Expense - In a Nutshell,https://www.youtube.com/watch?v=6_dQ6T1Rbdk,,,2026-05-03T09:14:11.016Z,157.0,26907.987,157.0
V/H/S/Halloween (2025) FIRST TIME WATCH | Oh this one got DISTURBING!,https://www.youtube.com/watch?v=j8r8qHVnAsY,The Horror Bandwagon,https://www.youtube.com/channel/UCyTNyY2rlrydjAOdl25gWGg,2026-05-03T09:12:54.557Z,4463.0,76.459,76.459
Codex Andrew 1 SentryAutomation 16x9 h264,https://www.youtube.com/watch?v=Pr7FcbtRhbk,,,2026-05-03T09:12:50.062Z,39.0,4.495,4.495
"HC6.0406.J3W (Canton, OH)",https://www.youtube.com/watch?v=wKH5522hpq8,,,2026-05-03T09:09:38.267Z,38.0,191.795,38.0
Horn | LiMu Emu & Doug | Liberty Mutual Insurance Commercial,https://www.youtube.com/watch?v=M-fkJWJPrFE,,,2026-05-03T08:58:31.608Z,16.0,666.659,16.0
35 Minutes of OFFENSIVE Trolling!,https://www.youtube.com/watch?v=XJ7MFXtvCRY,Nico Grigg,https://www.youtube.com/channel/UCYM6R9hAO4bOixJ2L7uRSQg,2026-05-03T08:52:31.112Z,2144.0,360.496,360.496
Introducing Base44’s Big Game Ad “It’s App to You”,https://www.youtube.com/watch?v=iKEUWtqvsis,,,2026-05-03T08:52:24.640Z,31.0,6.472,6.472
CESAR® Real Food: Home Cooked Revised 15,https://www.youtube.com/watch?v=9cz1j4II-n0,,,2026-05-03T08:52:21.032Z,16.0,3.608,3.608
Guess What Age Punched You,https://www.youtube.com/watch?v=gar4U3n-ILY,MrBeast,https://www.youtube.com/channel/UCX6OQ3DkcsbYNE6H8uQQuVA,2026-05-03T08:51:41.544Z,37.0,39.488,37.0
What Codex Unlocks for Ramp,https://www.youtube.com/watch?v=ZXEAuZOSLs0,,,2026-05-03T08:51:34.013Z,62.0,7.531,7.531
Power Skills for Career Growth,https://www.youtube.com/watch?v=PMR_GYN5B2Y,,,2026-05-03T05:51:45.007Z,74.0,10789.006,74.0
Start VTUBING in 10 MINS! Best Free 3D VTuber Software🚀,https://www.youtube.com/watch?v=kZSh9BXF-SU,,,2026-05-03T05:42:27.181Z,201.0,557.826,201.0
15 Mascot Spot Sign Slap Vignette Digital 16x9,https://www.youtube.com/watch?v=4Sv5-2oqTWU,,,2026-05-03T05:42:21.497Z,16.0,5.684,5.684
Better days start with the pop of a cap.,https://www.youtube.com/watch?v=BuX5L12fVSM,,,2026-05-03T05:42:15.481Z,7.0,6.016,6.016
MAR HustlersREV30WatermarkENG HUST BRD BRD VDO 30s MEMJ8404000H,https://www.youtube.com/watch?v=Bw__5VSPqM0,,,2026-05-03T05:40:18.978Z,31.0,116.503,31.0
Pixel 10a has an incredible camera and helpful AI | Order it on Fi,https://www.youtube.com/watch?v=MucmRBq9vYo,,,2026-05-03T05:40:14.230Z,23.0,4.748,4.748
TRANSITIONS MOVE FREELY VITTORIA VIDEO HZ 16X9 6S EN FINAL MP4 WITHSOUND,https://www.youtube.com/watch?v=59eIgU-KAzU,,,2026-05-03T05:40:11.449Z,7.0,2.781,2.781
Now Serving: Jinx Cat,https://www.youtube.com/watch?v=Y2BX0ITsgL4,,,2026-05-03T05:40:11.426Z,31.0,0.023,0.023
Wuthering Heights | HBO Max,https://www.youtube.com/watch?v=M3rWwSUGsa8,,,2026-05-03T05:40:03.118Z,16.0,8.308,8.308
DCD-Malc-42070| Hulu,https://www.youtube.com/watch?v=1IQAAih14mE,,,2026-05-03T05:39:58.514Z,16.0,4.604,4.604
Ice Poseidon & Crew Get Their Last Warning (Day 2),https://www.youtube.com/watch?v=o6M8QHeiMYQ,ClipsVonClaus,https://www.youtube.com/channel/UCqQlq8W2OVF8Dn2LYTdz3lA,2026-05-03T05:39:20.932Z,1464.0,37.582,37.582
5G Home Minternet | Mint Mobile,https://www.youtube.com/watch?v=CqBNJC0F-rM,,,2026-05-03T05:38:52.154Z,31.0,28.778,28.778
Get Business Internet Free Forever when you add four mobile lines from Spectrum Business.,https://www.youtube.com/watch?v=qN_YMKi-CD8,,,2026-05-03T05:38:42.515Z,16.0,9.639,9.639
The Collector (2009) FIRST TIME REACTION | We did NOT expect all of THIS!!,https://www.youtube.com/watch?v=Dn0iJlp37mU,The Horror Bandwagon,https://www.youtube.com/channel/UCyTNyY2rlrydjAOdl25gWGg,2026-05-03T05:36:51.938Z,2599.0,110.577,110.577
A/C Pro Digital Gauge Tutorial: How to recharge your car with A/C Pro,https://www.youtube.com/watch?v=tpftrn9uWOU,,,2026-05-03T05:36:47.535Z,208.0,4.403,4.403
DJI Action 6 vs GoPro 13: Which Action Camera Is Actually Better?,https://www.youtube.com/watch?v=IaDOZbBr0Is,,,2026-05-03T05:36:37.707Z,352.0,9.828,9.828
Ac7ionman Crashes Out On Taemin Over Some Air Freshener,https://www.youtube.com/watch?v=SmLIitXjY1w,ClipsVonClaus,https://www.youtube.com/channel/UCqQlq8W2OVF8Dn2LYTdz3lA,2026-05-03T05:35:48.337Z,739.0,49.37,49.37
2026 Special Preview Trailer | Girls' Frontline 2: Exilium,https://www.youtube.com/watch?v=FNwCT8-hz-Q,,,2026-05-03T05:35:36.814Z,74.0,11.523,11.523
572_CM02MB_[25_42]_motion_UGC_remake_499_402_119_creo_mix_scroll_shorts_03_16x9_04PR.mp4,https://www.youtube.com/watch?v=-BWkMCYLcZE,,,2026-05-03T05:34:49.243Z,36.0,47.571,36.0
History :06 | American Family Insurance,https://www.youtube.com/watch?v=sCkG9a8WrQw,,,2026-05-03T05:34:21.109Z,7.0,28.134,7.0
Grave Encounters 2 (2012) FIRST TIME WATCH | The twists and gags keep coming!,https://www.youtube.com/watch?v=BtPUzo50en0,The Horror Bandwagon,https://www.youtube.com/channel/UCyTNyY2rlrydjAOdl25gWGg,2026-05-03T05:30:04.468Z,2255.0,256.641,256.641
Social Media May Have Cost You More Than Time,https://www.youtube.com/watch?v=dzfbVskKhEA,,,2026-05-03T05:28:23.252Z,55.0,101.216,55.0
"Dr. Squatch | ""The Fox"" | Professor Fox",https://www.youtube.com/watch?v=nIqQTTm_eas,,,2026-05-03T05:28:16.911Z,30.0,6.341,6.341
Horn | LiMu Emu & Doug | Liberty Mutual Insurance Commercial,https://www.youtube.com/watch?v=M-fkJWJPrFE,,,2026-05-03T02:12:45.645Z,16.0,11731.266,16.0
Grave Encounters (2011) FIRST TIME WATCH | This movie left us feeling CURSED!,https://www.youtube.com/watch?v=zXcPfGygpt4,The Horror Bandwagon,https://www.youtube.com/channel/UCyTNyY2rlrydjAOdl25gWGg,2026-05-03T02:12:41.792Z,2638.0,3.853,3.853
Shortened: W29ManOnTheStreet Iteration01 Video 16x9 ShorterVersionBFoodBRollTxtHook2NoPPM,https://www.youtube.com/watch?v=FGa2PBFfNuA,,,2026-05-03T02:12:35.088Z,29.0,6.704,6.704
KD found out Speed is BIGGER than him 💀😎 #shorts #ishowspeed #nba,https://www.youtube.com/watch?v=vQg6s6zKO6Y,Awesome speed,https://www.youtube.com/channel/UCRd0pkdo7134jK8BL6U8_aw,2026-05-03T02:12:26.309Z,35.0,8.779,8.779
IShowSpeed Tried To Buy Roadside Puppies 😭🐶 ($300 Golden Doodle?!),https://www.youtube.com/watch?v=tnv4NTuQSvc,Speedyshorts,https://www.youtube.com/channel/UCDbUDLiH8HdsoIbJnypyYMg,2026-05-03T02:12:17.712Z,60.0,8.597,8.597
"Don’t Turn Around, Win $10k",https://www.youtube.com/watch?v=zxuICI0kL3s,MrBeast,https://www.youtube.com/channel/UCX6OQ3DkcsbYNE6H8uQQuVA,2026-05-03T02:11:45.597Z,31.0,32.115,31.0
Ronaldo X IShowSpeed Over Time 😂,https://www.youtube.com/watch?v=-mrtqRPwWVw,Mostava Jr.,https://www.youtube.com/channel/UClIZS-tq0PdN_x7ygoKlCgA,2026-05-03T02:11:43.421Z,37.0,2.176,2.176
IShowSpeed Reacts To His Viral Meme 😭,https://www.youtube.com/watch?v=lDaaSvZrths,SpeedUniverse,https://www.youtube.com/channel/UCOC64I7IV17EvSIZJ1HDfHw,2026-05-03T02:11:16.292Z,26.0,27.129,26.0
Gordon Ramsay Tries Most Expensive Chocolate Bar!,https://www.youtube.com/watch?v=FD-0KG-h2-c,MrBeast,https://www.youtube.com/channel/UCX6OQ3DkcsbYNE6H8uQQuVA,2026-05-03T02:11:14.796Z,40.0,1.496,1.496
Calling all Trainers!,https://www.youtube.com/watch?v=BQpIuZfvYp8,,,2026-05-03T02:11:13.673Z,16.0,1.123,1.123
DIY Mullet with Red Hair Dye?!,https://www.youtube.com/watch?v=7CDQayAktHM,Brad Mondo,https://www.youtube.com/channel/UCoc_XJPj6YLMQDWtPDQcDtA,2026-05-03T02:11:09.453Z,179.0,4.22,4.22
Anything for Tesla fr 😂,https://www.youtube.com/watch?v=aHuPov0AsrE,DribFlash,https://www.youtube.com/channel/UCbQr6NXqE9fLkiB-Eoem32w,2026-05-03T02:10:17.252Z,52.0,52.201,52.0
Berry makes a new friend… sorta #frog #frogs #pets #animals,https://www.youtube.com/watch?v=WjQ0orvKE2k,Jessica’s Animal Friends,https://www.youtube.com/channel/UCZkZC1GF5k37Gxy6V3octSw,2026-05-03T02:10:13.772Z,50.0,3.48,3.48
https://www.youtube.com/watch?v=UKP5hsqBl8Y,https://www.youtube.com/watch?v=UKP5hsqBl8Y,,,2026-05-03T02:10:09.260Z,,4.512,4.512
Biker's Brief Encounter Turns into a Gift...,https://www.youtube.com/watch?v=zVVbdtTnC30,Dash Vault,https://www.youtube.com/channel/UCRjg4MzzTYc16jMWbO-4tmg,2026-05-03T02:07:40.702Z,38.0,148.558,38.0
Kindest Streamer 🐐❤️‍🩹 #ishowspeed #kindness #fangirl,https://www.youtube.com/watch?v=3AipnmIG02w,Speededitshorts,https://www.youtube.com/channel/UCNx3YwJ63XQljP6KgJ_94jw,2026-05-03T02:07:32.005Z,36.0,8.697,8.697
The Truth About LASIK...,https://www.youtube.com/watch?v=aOYrAn1MIJ0,Doctor Mike,https://www.youtube.com/channel/UC0QHWhjbe5fGJEPz3sVb6nw,2026-05-03T02:07:27.557Z,53.0,4.448,4.448
iShowSpeed vs KSI Wipeout Race GONE WRONG #ishowspeed #shorts #edit,https://www.youtube.com/watch?v=JD2vO4HaQpU,AnalogAura,https://www.youtube.com/channel/UCro87QRTa91vQUu0E8R79iw,2026-05-03T02:06:50.157Z,38.0,37.4,37.4
"Find The Real MrBeast, Win $10,000",https://www.youtube.com/watch?v=Kt2HvqRruHQ,MrBeast,https://www.youtube.com/channel/UCX6OQ3DkcsbYNE6H8uQQuVA,2026-05-03T02:06:10.585Z,37.0,39.572,37.0
"Slipz, IShowSpeed’s cameraman, was furious after his $30K streaming backpack was stolen 😳 #fyp",https://www.youtube.com/watch?v=jenRZ_jcoso,LuffyDClipper,https://www.youtube.com/channel/UC8DmmSE23KefqHVsUBV54DA,2026-05-03T02:05:31.231Z,36.0,39.354,36.0
Bro said them to become what?? 😭😭,https://www.youtube.com/watch?v=xbse7sM341o,deagzzzshorts,https://www.youtube.com/channel/UCjcZfaPzpgifneY4aZgLGrQ,2026-05-03T02:05:28.043Z,41.0,3.188,3.188
Jamal Actually Wants It 😂,https://www.youtube.com/watch?v=_p6j28IkdcI,DribFlash,https://www.youtube.com/channel/UCbQr6NXqE9fLkiB-Eoem32w,2026-05-03T02:04:37.607Z,51.0,50.436,50.436
MrBeast Shocked By Slipz 🎥,https://www.youtube.com/watch?v=WStHIn6a4wI,Yaphetz Edits,https://www.youtube.com/channel/UC-ux9GxnBYDX6C170081Fsg,2026-05-03T02:03:50.439Z,45.0,47.168,45.0
Murder Mystery May on Acorn TV,https://www.youtube.com/watch?v=hVzcw_7r1nc,,,2026-05-03T02:03:30.849Z,31.0,19.59,19.59
@IcePoseidon & @Ac7ionMan Get CHASED By Massage Lady! 🏃🏽‍♂️💨,https://www.youtube.com/watch?v=JHex8GDlcTw,ʏᴀᴛᴛᴀ ᴛᴠ,https://www.youtube.com/channel/UCrNZxYBRLW6c2E1n5Pgl-jw,2026-05-03T01:54:33.874Z,1201.0,536.975,536.975
W29ManOnTheStreet Iteration01 Video 16x9 ShorterVersionBFoodBRollTxtHook2NoPPM,https://www.youtube.com/watch?v=P-k6WtK0F7o,,,2026-05-03T01:54:28.458Z,31.0,5.416,5.416
Kai Cenat Wanted To Know How Paparazzi Know His Location Every Time! ❤️‍🩹😭,https://www.youtube.com/watch?v=K50EhQQwSys,DaPlug,https://www.youtube.com/channel/UCpMb_pfabjR1BuUMebtM4KQ,2026-05-03T01:54:23.570Z,26.0,4.888,4.888
Deshae pulls up to Kai stream with height boosters 🤣,https://www.youtube.com/watch?v=HefVm5wXEvg,Stream Cuts,https://www.youtube.com/channel/UCcg2QCQZwacFfxC6RdXHi0A,2026-05-03T01:53:14.738Z,67.0,68.832,67.0
Cayman Jack,https://www.youtube.com/watch?v=SWBhU4_jDPU,,,2026-05-03T01:52:56.187Z,15.0,18.551,15.0
"Dr. Squatch | ""The Fox"" | Professor Fox",https://www.youtube.com/watch?v=wje4mTBDmfI,,,2026-05-03T01:52:51.311Z,16.0,4.876,4.876
Abandoned Big Dogs Surprise Everyone By Being Huge Babies | The Dodo,https://www.youtube.com/watch?v=0T5jBDKBExA,The Dodo,https://www.youtube.com/channel/UCINb0wqPz-A0dV9nARjJlOQ,2026-05-03T01:52:46.399Z,176.0,4.912,4.912
Speed Made This Kid’s Day ❤️‍🩹🥲,https://www.youtube.com/watch?v=Q_pR7kJ4iGM,Bytex10,https://www.youtube.com/channel/UCE139Fz-jUc5Pv_45m9bciw,2026-05-03T01:52:42.647Z,27.0,3.752,3.752
Prime Speed Would Have Jump in 😂,https://www.youtube.com/watch?v=-Eqceg-NKJk,GreenApplezzzz,https://www.youtube.com/channel/UC08_Q0QK_qJbH9QveEw3OTA,2026-05-03T01:52:36.927Z,47.0,5.72,5.72
omg he’s passing me 💔 please sub up,https://www.youtube.com/watch?v=zTlp-6YZ7ck,IShowSpeed,https://www.youtube.com/channel/UCWsDFcIhY2DBi3GB5uykGXA,2026-05-03T01:52:34.870Z,19.0,2.057,2.057
i might die bye,https://www.youtube.com/watch?v=xrR9C4JY-rY,IShowSpeed,https://www.youtube.com/channel/UCWsDFcIhY2DBi3GB5uykGXA,2026-05-03T01:51:44.326Z,55.0,50.544,50.544
Thermacell | Your New Way to Keep Mosquitoes Away | EN | :15s,https://www.youtube.com/watch?v=8A21dC6el20,,,2026-05-03T01:51:36.646Z,16.0,7.68,7.68
ice poseidon watches sam pepper and kiaraakitty fight over old drama,https://www.youtube.com/watch?v=QDs-A3dUv1Y,icepissshorts,https://www.youtube.com/channel/UCEaQVE6WADmAiPlxpV8LlEQ,2026-05-03T01:36:29.507Z,3721.0,907.139,907.139
Codex Andrew 2 DailyCommitSummary 16x9 h264,https://www.youtube.com/watch?v=6FqVZ0hLss0,,,2026-05-03T01:35:58.580Z,40.0,30.927,30.927
GCC YT FromLearningtoDoing Stacey,https://www.youtube.com/watch?v=92dtMMQShL4,,,2026-05-03T01:35:53.635Z,31.0,4.945,4.945
DEAD SILENCE REACTION – JAMES WAN DOES NOT MISS! – FIRST TIME WATCH – REVIEW (UNRATED),https://www.youtube.com/watch?v=jPDETavzlKk,Reel Rejects,https://www.youtube.com/channel/UC7_WiJnJxpm4MRNesRttzWg,2026-05-03T01:35:52.239Z,4340.0,1.396,1.396
"Dr. Squatch | ""Not In The Mood"" | Professor Fox",https://www.youtube.com/watch?v=kgkLz5kAIpg,,,2026-05-03T01:25:36.163Z,31.0,616.076,31.0
Online Cyber & IT Programs | UMGC App Fee Waived Thru June 1 Horizontal,https://www.youtube.com/watch?v=q09TwxqX2G4,,,2026-05-03T01:25:31.938Z,20.0,4.225,4.225
This Might Be The Scariest Game Of The Year… (Don’t Play This),https://www.youtube.com/watch?v=OEL-fllVR_w,CaseOh,https://www.youtube.com/channel/UC63anZxfVGHUEmfBAf5w7pw,2026-05-03T01:19:26.750Z,6210.0,365.188,365.188
Video F Rachel Auto AgentComission Hook5 DavidTommy 9026 ComplianceEdit,https://www.youtube.com/watch?v=sSbnE2LhLgs,,,2026-05-03T01:18:58.794Z,46.0,27.956,27.956
True Spotlight FT. Sexyy Red | Ep.1: In the Lab,https://www.youtube.com/watch?v=HTEpJHcIMWY,,,2026-05-03T01:13:35.342Z,181.0,323.452,181.0
IFCJ Flag Pin USA Horizontal Generic,https://www.youtube.com/watch?v=49fjeNmfscQ,,,2026-05-03T01:08:43.838Z,46.0,291.504,46.0
"Dr. Squatch | ""Stick Pics"" | Professor Fox",https://www.youtube.com/watch?v=1xEOiWjrp3c,,,2026-05-03T01:08:37.336Z,31.0,6.502,6.502
SPEED's Fan Wanted To Hug HENRY & RUDI🇪🇹♥️ #ishowspeed #rudi #henry #ethiopia #africatour,https://www.youtube.com/watch?v=6hu5j6to76g,Cup Of Trending ,https://www.youtube.com/channel/UCWUHDL4LJJ5bWUJWIwEwLiw,2026-05-03T01:07:58.634Z,38.0,38.702,38.0
DCD-Malc-42070| Hulu,https://www.youtube.com/watch?v=1IQAAih14mE,,,2026-05-03T01:07:44.494Z,16.0,14.14,14.14
Build Your Website with One Sentence | Base44,https://www.youtube.com/watch?v=EKCqFUnueso,,,2026-05-03T01:07:39.986Z,49.0,4.508,4.508
Le Dernier qui Reste à Table Gagne 10.000€,https://www.youtube.com/watch?v=8Hj18ROKwjE,FastGoodCuisine,https://www.youtube.com/channel/UCKq9JxyISqBHDd-fXfV3QtQ,2026-05-03T01:06:00.647Z,1919.0,99.339,99.339
https://www.youtube.com/watch?v=JsNnpJ_8thQ,https://www.youtube.com/watch?v=JsNnpJ_8thQ,,,2026-05-03T01:05:47.914Z,,12.733,12.733
Power Skills for Career Growth,https://www.youtube.com/watch?v=PMR_GYN5B2Y,,,2026-05-03T01:05:44.142Z,74.0,3.772,3.772
One course at a time | University of Phoenix,https://www.youtube.com/watch?v=NETz87-1gig,,,2026-05-03T01:05:18.764Z,7.0,25.378,7.0
We Pranked TikTok Livestreams,https://www.youtube.com/watch?v=wHHwCt9-kjk,Family Friendly,https://www.youtube.com/channel/UCrR-9qug_zHoiBBGTXGP2Hw,2026-05-03T01:05:14.366Z,15.0,4.398,4.398
crocodile adopted  #wildliferescue #wildlife  #cute#rescue  #animalfriendshipgoals#crocodile,https://www.youtube.com/watch?v=CfN_K228MaU,Paws & Hearts,https://www.youtube.com/channel/UClnBczmUwWpYmQ_cjDcsnOw,2026-05-03T01:05:02.507Z,60.0,11.859,11.859
Star Wars: The Mandalorian and Grogu | In Theaters May 22 | Tickets On Sale Now,https://www.youtube.com/watch?v=T6APfK_piD8,,,2026-05-03T01:05:00.708Z,133.0,1.799,1.799
Can Rory McIlroy Change Grant Horvat's Golf Game?,https://www.youtube.com/watch?v=Z22pBRZKZLc,,,2026-05-03T01:04:48.994Z,1009.0,11.714,11.714
Tommy the octopus opens a red jar!,https://www.youtube.com/watch?v=LUiyke2CELk,JBToday,https://www.youtube.com/channel/UCdKTTwiMJmI5f6wyz0TWFgA,2026-05-03T01:04:44.463Z,46.0,4.531,4.531
Holding Bigger And Bigger Dogs,https://www.youtube.com/watch?v=8krJy31Diow,MrBeast,https://www.youtube.com/channel/UCX6OQ3DkcsbYNE6H8uQQuVA,2026-05-03T01:04:27.752Z,17.0,16.711,16.711
Grab Life By The Claw - Hug - 6s,https://www.youtube.com/watch?v=L24__8wI-eE,,,2026-05-03T01:04:22.684Z,7.0,5.068,5.068
How Major League Baseball Goes All in with Game Changing 5G Innovation | T-Mobile for Business,https://www.youtube.com/watch?v=IzwC7j7tQJE,,,2026-05-03T01:04:22.002Z,168.0,0.682,0.682
IShowSpeed in Disguise🤓,https://www.youtube.com/watch?v=HBZQ9imgzvk,IShowSpeed,https://www.youtube.com/channel/UCWsDFcIhY2DBi3GB5uykGXA,2026-05-03T01:04:16.122Z,49.0,5.88,5.88
iShowSpeed Hospitalized TWICE In Japan!,https://www.youtube.com/watch?v=abKnxYikV_4,Dexerto,https://www.youtube.com/channel/UCWWCHrEqzME9N6JTuL6YUaw,2026-05-03T01:04:11.766Z,40.0,4.356,4.356
video_Stephani-Pantoja-YT.mp4,https://www.youtube.com/watch?v=NcnYNEAhO_Y,,,2026-05-03T01:04:08.498Z,30.0,3.268,3.268
Shortened: Roblox Claims,https://www.youtube.com/watch?v=44u4t55nfqo,,,2026-05-03T01:04:06.078Z,30.0,2.42,2.42
Going Places with IShowSpeed I Expedia,https://www.youtube.com/watch?v=dl9YBPUD6VE,,,2026-05-03T01:03:59.650Z,16.0,6.428,6.428
19  million....... (hospital stream),https://www.youtube.com/watch?v=YbGrqtF5Ucg,IShowSpeed,https://www.youtube.com/channel/UCWsDFcIhY2DBi3GB5uykGXA,2026-05-03T00:59:46.851Z,501.0,252.799,252.799
Life In Japan,https://www.youtube.com/watch?v=D9XRVAqLD-8,IShowSpeed,https://www.youtube.com/channel/UCWsDFcIhY2DBi3GB5uykGXA,2026-05-03T00:59:27.575Z,719.0,19.276,19.276
Going Places with IShowSpeed I Expedia,https://www.youtube.com/watch?v=uB4WLQQPJaQ,,,2026-05-03T00:57:13.626Z,31.0,133.949,31.0
irl stream in Japan 🇯🇵,https://www.youtube.com/watch?v=sZIPaQUc4uc,IShowSpeed,https://www.youtube.com/channel/UCWsDFcIhY2DBi3GB5uykGXA,2026-05-03T00:56:26.550Z,8503.0,47.076,47.076
W29ManOnTheStreet Iteration01 Video 16x9 ShorterVersionBFoodBRollTxtHook1NoPPM,https://www.youtube.com/watch?v=j11MaOqSqbo,,,2026-05-03T00:55:27.066Z,30.0,59.484,30.0
iShowSpeed Saddest Moment…😭🙏,https://www.youtube.com/watch?v=4I10U2A6D8Q,bizotekki,https://www.youtube.com/channel/UCJCelHHK-cmMCztNCPXzdQw,2026-05-03T00:55:16.652Z,46.0,10.414,10.414
Codex Andrew 1 SentryAutomation 16x9 h264,https://www.youtube.com/watch?v=Pr7FcbtRhbk,,,2026-05-03T00:55:08.242Z,39.0,8.41,8.41
Theresa’s Story,https://www.youtube.com/watch?v=bI-GjwGQDMQ,,,2026-05-03T00:53:43.915Z,7.0,84.327,7.0
Clavicular Gives N3on A Makeover!,https://www.youtube.com/watch?v=JyEpXc-wz6w,N3ON,https://www.youtube.com/channel/UCsiqlKIUDHZJVG4smMvhF4w,2026-05-03T00:52:45.015Z,4609.0,58.9,58.9
TBC - Emma Cutting Board (Horizontal) - Unlisted,https://www.youtube.com/watch?v=k94YB5OiK1g,,,2026-05-03T00:48:55.675Z,69.0,229.34,69.0
"Face Your Biggest Fear To Win $800,000",https://www.youtube.com/watch?v=KOEfDvr4DcQ,MrBeast,https://www.youtube.com/channel/UCX6OQ3DkcsbYNE6H8uQQuVA,2026-05-03T00:48:11.719Z,1323.0,43.956,43.956
"I Saved 1,000 Animals From Dying",https://www.youtube.com/watch?v=Oo9EbArcQ1c,MrBeast,https://www.youtube.com/channel/UCX6OQ3DkcsbYNE6H8uQQuVA,2026-05-03T00:46:46.367Z,1056.0,85.352,85.352
Planet Visionaries – Ep 19: Deep-Ocean Discovery with Sheena Talma and Katy Croff Bell,https://www.youtube.com/watch?v=tv31bjqrO2U,,,2026-05-03T00:46:41.527Z,1781.0,4.84,4.84
Tipping A Waitress A Car,https://www.youtube.com/watch?v=GGBy50KtvRk,MrBeast,https://www.youtube.com/channel/UCX6OQ3DkcsbYNE6H8uQQuVA,2026-05-03T00:46:35.713Z,38.0,5.814,5.814
Giant Snake Bites and Constricts My Leg!  #snake,https://www.youtube.com/watch?v=XcUdRBvwj0Q,Brian Barczyk,https://www.youtube.com/channel/UC4zS1wbO81p59CxKL7CQAcA,2026-05-03T00:46:20.175Z,30.0,15.538,15.538
I Paid A Random Student’s College Tuition,https://www.youtube.com/watch?v=CAOY8EKH1qU,MrBeast,https://www.youtube.com/channel/UCX6OQ3DkcsbYNE6H8uQQuVA,2026-05-03T00:46:18.446Z,37.0,1.729,1.729
LEON and GRACE - Live vs Game (Nick Apostolides and Angela Sant 'Albano) #residentevilrequiem #game,https://www.youtube.com/watch?v=DBygOdO9yqM,YrkOFFplay,https://www.youtube.com/channel/UCGuGvBKmfQl3pxCzCOyaCtw,2026-05-03T00:46:10.518Z,7.0,7.928,7.0
Camping in -40 degrees almost froze to death (​⁠@OutdoorBoys),https://www.youtube.com/watch?v=JIF6o4_q3Mg,Camping Bros,https://www.youtube.com/channel/UCFLH5iToCinEjDleA85gCug,2026-05-03T00:45:09.206Z,61.0,61.312,61.0
Comment your thoughts big saltwater crocodile in Australia 🇦🇺 #australia #crocodile #reptiles,https://www.youtube.com/watch?v=mipVEa1EeC8,THE REAL TARZANN,https://www.youtube.com/channel/UCvJNQtApqga0jkpW0G1bYHQ,2026-05-03T00:45:07.748Z,35.0,1.458,1.458
the most expensive lemon in the world…,https://www.youtube.com/watch?v=fI_NgReIMv4,Iron Chef Dad,https://www.youtube.com/channel/UCQVwn0HNVFhg52-8ln0WJSw,2026-05-03T00:44:20.682Z,60.0,47.066,47.066
Good night #highland #highlandcow #farmanimals #farmlife #pets #farmvlog #rooster #goodnight,https://www.youtube.com/watch?v=NeuFIGfNdnE,Mud Run Meadow ,https://www.youtube.com/channel/UCbLyN4NbHXJX00d9E7XUSaQ,2026-05-03T00:44:19.458Z,46.0,1.224,1.224
Family photo shoot,https://www.youtube.com/watch?v=_mrIS73AlEU,Jatie Vlogs,https://www.youtube.com/channel/UCnM1ay_QoQOpa1N2iejLA7A,2026-05-03T00:44:17.983Z,166.0,1.475,1.475
😂😂 act out the temperature,https://www.youtube.com/watch?v=TezwUskMWiQ,Sam and Colby Reacts,https://www.youtube.com/channel/UC6GBQeLZbK1qn3mpDPKjZKw,2026-05-03T00:44:13.330Z,60.0,4.653,4.653
Biggest crocodile I have ever seen! #costarica#wildlife#snake#crocodile#shorts#animals#crazy#nature,https://www.youtube.com/watch?v=XYkJYHlvZUQ,Fishingarrett,https://www.youtube.com/channel/UCwEPk3WoBvBD-ApI8K-VQKA,2026-05-03T00:44:11.640Z,109.0,1.69,1.69
Full Vid 👆,https://www.youtube.com/watch?v=rebHCqrzsZo,Vlog Creations,https://www.youtube.com/channel/UCR0VLWitB2xM4q7tjkoJUPw,2026-05-03T00:44:06.194Z,71.0,5.446,5.446
"Subscribe for $10,000",https://www.youtube.com/watch?v=VEGq2Du_HCw,MrBeast,https://www.youtube.com/channel/UCX6OQ3DkcsbYNE6H8uQQuVA,2026-05-03T00:44:00.050Z,14.0,6.144,6.144
Blurry: Hand & Stone - Mother's Day - Offer - 30s,https://www.youtube.com/watch?v=W0Qg1wbbqS8,,,2026-05-03T00:43:58.859Z,31.0,1.191,1.191
I CHALLENGED A GOLD MEDALIST IN BOUNDING! 🇩🇲,https://www.youtube.com/watch?v=xOFIxfto2j8,IShowSpeed,https://www.youtube.com/channel/UCWsDFcIhY2DBi3GB5uykGXA,2026-05-03T00:43:31.330Z,30.0,27.529,27.529
I don't think I was being unfair...,https://www.youtube.com/watch?v=p7zd-D2fo0k,Doctor Mike,https://www.youtube.com/channel/UC0QHWhjbe5fGJEPz3sVb6nw,2026-05-03T00:43:30.858Z,155.0,0.472,0.472
Is he a good father ?,https://www.youtube.com/watch?v=G-3a3phH9i4,See The Comments,https://www.youtube.com/channel/UCEzcDSt8xJ2myGkpNMMt-Yw,2026-05-03T00:43:03.039Z,22.0,27.819,22.0
Baby gator talks to 10ft gator,https://www.youtube.com/watch?v=VLcTXzgrHJo,GatorChris,https://www.youtube.com/channel/UCaP7EStrMHE9G9S1338wEqg,2026-05-03T00:40:45.558Z,43.0,137.481,43.0
Rent Day with Split Pay is Just a Tuesday,https://www.youtube.com/watch?v=T5TFKTRYTHQ,,,2026-05-03T00:40:39.322Z,31.0,6.236,6.236
Speed Lowkey Gave Him Real Advice 💯🙌,https://www.youtube.com/watch?v=BKgny1e430k,deagzzzshorts,https://www.youtube.com/channel/UCjcZfaPzpgifneY4aZgLGrQ,2026-05-03T00:40:28.850Z,48.0,10.472,10.472
What a catch! 😳,https://www.youtube.com/watch?v=JrMLJAPeMU8,JohnTheCatGuy,https://www.youtube.com/channel/UCc0e__Mlgc_gHAIb1gqukqw,2026-05-03T00:40:21.652Z,69.0,7.198,7.198
iShowSpeed Pays For Everyone's Food In Barbados,https://www.youtube.com/watch?v=Q8vLPJ4KEBA,Live Speedy,https://www.youtube.com/channel/UC2bW_AY9BlbYLGJSXAbjS4Q,2026-05-03T00:40:12.661Z,30.0,8.991,8.991
"Living that skunk owner life, one night at a time 🌙🎥:",https://www.youtube.com/watch?v=h9t0w9WJztU,skunkguide,https://www.youtube.com/channel/UCQ9M_k7Xd0vU4zy5tNVqsRQ,2026-05-03T00:40:07.438Z,61.0,5.223,5.223
Consider Me Shook 🤯,https://www.youtube.com/watch?v=d9p-4PV-mLs,Doctor Mike,https://www.youtube.com/channel/UC0QHWhjbe5fGJEPz3sVb6nw,2026-05-03T00:38:34.028Z,93.0,93.41,93.0
I Rode The World's TALLEST Water Slide! #ishowspeed,https://www.youtube.com/watch?v=pulQXRI9v34,IShowSpeed,https://www.youtube.com/channel/UCWsDFcIhY2DBi3GB5uykGXA,2026-05-03T00:37:59.517Z,35.0,34.511,34.511
"Would You Date Him for $10,000?",https://www.youtube.com/watch?v=fO5FwBcCJBY,MrBeast,https://www.youtube.com/channel/UCX6OQ3DkcsbYNE6H8uQQuVA,2026-05-03T00:37:58.184Z,33.0,1.333,1.333
"Would Your Dog Pick $10,000 or Steak?",https://www.youtube.com/watch?v=EdT5Z16Y5WE,MrBeast,https://www.youtube.com/channel/UCX6OQ3DkcsbYNE6H8uQQuVA,2026-05-03T00:37:26.388Z,32.0,31.796,31.796
"Dr. Squatch | ""Manliness 101"" | Professor Fox",https://www.youtube.com/watch?v=hskAvEuIid8,,,2026-05-03T00:37:20.719Z,15.0,5.669,5.669
Create a website with one sentence using Base44,https://www.youtube.com/watch?v=zR2Nx_jAD-4,,,2026-05-03T00:36:11.584Z,46.0,69.135,46.0
I Opened A Nighttime Barber Shop…,https://www.youtube.com/watch?v=V2QqK0xDlqc,CaseOh,https://www.youtube.com/channel/UC63anZxfVGHUEmfBAf5w7pw,2026-05-03T00:36:07.038Z,8687.0,4.546,4.546
Codex Ed 2 PrototypingWithCodex 16x9,https://www.youtube.com/watch?v=BfZzwD575NQ,,,2026-05-03T00:36:01.361Z,30.0,5.677,5.677
2025-All-VDay2025-Horizontal,https://www.youtube.com/watch?v=JKlRjIVw_6Y,,,2026-05-03T00:08:53.468Z,12.0,1627.893,12.0
"Sam Pepper gate keeping the food Kimmee makes a run for it, things take wrong turn",https://www.youtube.com/watch?v=pWHwqo2EovM,Life Stream Archive,https://www.youtube.com/channel/UCG4Hk5KXjdCHVfEb0orkFdw,2026-05-03T00:03:39.607Z,491.0,313.861,313.861
Duracell x Messi Reboot 15 ENG,https://www.youtube.com/watch?v=staHoxoASXw,,,2026-05-03T00:02:35.583Z,16.0,64.024,16.0
Your crew. Your vibes. Play your away across Walt Disney World Resort.,https://www.youtube.com/watch?v=9fkvFTIGHPo,,,2026-05-02T21:58:31.625Z,16.0,7443.958,16.0
"Drive by Cookie review  Nationwide shipping on cookie dough Local pickup for baked chocolate cook",https://www.youtube.com/watch?v=QsMg6EKqnI8,Good Ol' Cookie,https://www.youtube.com/channel/UC5Np0gmKyPPWeFAWavkCKsA,2026-05-02T17:56:22.426Z,29.0,14529.199,29.0
Say Wallahi😭😂😭😂,https://www.youtube.com/watch?v=nmvm99_ukdA,Live Speedy,https://www.youtube.com/channel/UC2bW_AY9BlbYLGJSXAbjS4Q,2026-05-02T17:56:19.515Z,13.0,2.911,2.911
Biker Helps Poor Puppy 😊,https://www.youtube.com/watch?v=8fEUdRy6JjQ,Street Moto,https://www.youtube.com/channel/UCu5SARyczuzE6DcjVEtdKDQ,2026-05-02T17:56:06.364Z,23.0,13.151,13.151
Hit Decline When Odor Calls,https://www.youtube.com/watch?v=EsyCxR0cxg8,,,2026-05-02T17:56:04.900Z,10.0,1.464,1.464
Giving a Rug to Snoop Dogg😎,https://www.youtube.com/watch?v=asRiT5YhoTY,SIMJI,https://www.youtube.com/channel/UCTBGH7y-WPy4NPsPKTPXLEw,2026-05-02T17:55:14.344Z,57.0,50.556,50.556
#epoxy #asmr #satisfying #asmreatingsounds,https://www.youtube.com/watch?v=6TrLN2gY56Q,Soflo Epoxy,https://www.youtube.com/channel/UCfbAYxgHhpwPg8GKHIQo82Q,2026-05-02T17:55:12.992Z,141.0,1.352,1.352
I Went To The Zoo Alone,https://www.youtube.com/watch?v=TubrOq4soX4,BenGtalks,https://www.youtube.com/channel/UCJ_-L4d3S-5_hSdriglDsvQ,2026-05-02T17:55:10.267Z,28.0,2.725,2.725
WHAT!! #shorts,https://www.youtube.com/watch?v=1V6taQtckfo,Hyphonix,https://www.youtube.com/channel/UCaFpm67qMk1W1wJkFhGXucA,2026-05-02T17:55:06.960Z,6.0,3.307,3.307
MrBeast’s First Run Of Feastables Bars Exposed Just How Unforgiving The Food Business Really Is.,https://www.youtube.com/watch?v=jhaUq6YGpnI,ClipCast,https://www.youtube.com/channel/UCW91o5dFzqJ3Ffu73US2JYg,2026-05-02T17:54:15.440Z,49.0,51.52,49.0
Bro eats 100 introverts for breakfast 😂😂,https://www.youtube.com/watch?v=iREBuzRVPBc,deagzzzshorts,https://www.youtube.com/channel/UCjcZfaPzpgifneY4aZgLGrQ,2026-05-02T17:53:56.404Z,57.0,19.036,19.036
Momma had one job…😳#joshandmomma #joshsmom #dukes #dukesmayo,https://www.youtube.com/watch?v=83ezQquvceQ,Josh & Momma,https://www.youtube.com/channel/UC9XniOQty-FyFm8OxJZX7Aw,2026-05-02T17:53:43.311Z,44.0,13.093,13.093
Did You All Miss Goob Lagoon?,https://www.youtube.com/watch?v=Z_d2oMJjAQs,CaseOh,https://www.youtube.com/channel/UC63anZxfVGHUEmfBAf5w7pw,2026-05-02T17:53:41.227Z,104.0,2.084,2.084
The Product That Doesn’t Need Marketing 🤯‼️ #sharktank,https://www.youtube.com/watch?v=335Z4GwhHAs,Monarch,https://www.youtube.com/channel/UCjP2zQSPxMkaWgNRGyGarpg,2026-05-02T17:53:27.212Z,50.0,14.015,14.015
Raccoon Mets Police 😱 Credit @brian636,https://www.youtube.com/watch?v=St4SYNmdmjU,POV Biker,https://www.youtube.com/channel/UC9xeTYXg6_koGbUybEpPBsg,2026-05-02T17:52:55.215Z,31.0,31.997,31.0
https://www.youtube.com/watch?v=_kFO6rALmEs,https://www.youtube.com/watch?v=_kFO6rALmEs,,,2026-05-02T17:52:34.531Z,,20.684,20.684
Stop Attacking Doctors!,https://www.youtube.com/watch?v=rXFlkb3EaL4,Doctor Mike,https://www.youtube.com/channel/UC0QHWhjbe5fGJEPz3sVb6nw,2026-05-02T17:51:21.428Z,124.0,73.103,73.103
The way Millie stopped the show|MillieBobbyBrown|Strangerthings5|#strangerthings #edit #shorts,https://www.youtube.com/watch?v=lR9O0dFSqRI,@Pop_Television,https://www.youtube.com/channel/UCeoF0H8OFYBV09W2bioqQBw,2026-05-02T17:51:04.316Z,17.0,17.112,17.0
"Find Your Dog, Win $10,000",https://www.youtube.com/watch?v=69g-YcbmgQA,MrBeast,https://www.youtube.com/channel/UCX6OQ3DkcsbYNE6H8uQQuVA,2026-05-02T17:50:26.579Z,36.0,37.737,36.0
Lying Challenge...but we BOTH have Stella🫠🤣🤣#lyingchallenge #coupleschallenge #relationshipgames,https://www.youtube.com/watch?v=4ywzsAC5A4c,Lifestyle By Brea,https://www.youtube.com/channel/UCNrU2l9SyZuBwUJjyGuDxQA,2026-05-02T17:50:05.751Z,179.0,20.828,20.828
The way he eats it without a hesitation ❤️‍🩹❤️‍🩹,https://www.youtube.com/watch?v=BBpwgpT1VcE,deagzzzshorts,https://www.youtube.com/channel/UCjcZfaPzpgifneY4aZgLGrQ,2026-05-02T17:49:06.603Z,60.0,59.148,59.148
using a FAKE DRAGONFLY clip to stop deerflies 🪰🛑 (part 1),https://www.youtube.com/watch?v=rwwUHhUoQO4,Mack Topa,https://www.youtube.com/channel/UCYPJYYN7oWZNEYfO2Xh8P0A,2026-05-02T17:48:57.804Z,32.0,8.799,8.799
Mental warfare 🫡😂,https://www.youtube.com/watch?v=OvQEOTt4g_U,Jatie Vlogs,https://www.youtube.com/channel/UCnM1ay_QoQOpa1N2iejLA7A,2026-05-02T17:48:37.627Z,36.0,20.177,20.177
Video F Leslie Auto 2Cars Hook2 DavidT 9927 SMA ComplianceEdit,https://www.youtube.com/watch?v=a15gVfmJ4a0,,,2026-05-02T17:48:36.179Z,39.0,1.448,1.448
"Answer The Door, Win $10,000",https://www.youtube.com/watch?v=gtkqnhN0VkU,MrBeast,https://www.youtube.com/channel/UCX6OQ3DkcsbYNE6H8uQQuVA,2026-05-02T17:48:33.303Z,31.0,2.876,2.876
Guess the Animal,https://www.youtube.com/watch?v=mktYW177p6U,MrBeast,https://www.youtube.com/channel/UCX6OQ3DkcsbYNE6H8uQQuVA,2026-05-02T17:47:38.148Z,53.0,55.155,53.0
Turn any idea into an app with Base44,https://www.youtube.com/watch?v=1wzhsrwSOTY,,,2026-05-02T17:41:11.812Z,55.0,386.336,55.0
YTM APN EMP 1mon Acq Stock 10s horiz 1920x1080 16-9 en US USD,https://www.youtube.com/watch?v=dV9WSBgvQ0o,,,2026-05-02T17:28:20.422Z,10.0,771.39,10.0
Video Ad,https://www.youtube.com/watch?v=r1uEpgvMveU,,,2026-05-02T17:19:03.960Z,7.0,556.462,7.0
"I Stranded 100 People In The Wilderness For $250,000",https://www.youtube.com/watch?v=6Zy5VLcEbZc,MrBeast,https://www.youtube.com/channel/UCX6OQ3DkcsbYNE6H8uQQuVA,2026-05-02T17:14:16.844Z,2220.0,287.116,287.116
You’re not dreaming. That’s just Rice Krispies Treats. Treat Your Inner Child.,https://www.youtube.com/watch?v=AQ4NyhCXJ_o,,,2026-05-02T17:14:03.308Z,31.0,13.536,13.536
irl stream in U.S. Virgin Islands 🇻🇮,https://www.youtube.com/watch?v=KrIevLkNoFE,IShowSpeed,https://www.youtube.com/channel/UCWsDFcIhY2DBi3GB5uykGXA,2026-05-02T17:11:19.252Z,12640.0,164.056,164.056
LZ 2026 WillsorTrusts 16x9 Web 15,https://www.youtube.com/watch?v=0kbFVS4uWiE,,,2026-05-02T17:10:39.496Z,16.0,39.756,16.0
Experian® - Taylor Rooks - Fourth Wall (:15s),https://www.youtube.com/watch?v=N2-uli_e3YY,,,2026-05-02T16:25:36.478Z,16.0,2703.018,16.0
Royal Kingdom Macaulay LoveoftheGameWsub 45s -Solve puzzles & build your kingdom,https://www.youtube.com/watch?v=bXwNTpo1TvM,,,2026-05-02T16:18:31.323Z,46.0,425.155,46.0
Get Pixel 10 Pro with Camera Coach,https://www.youtube.com/watch?v=-Y4_4ikh_O0,,,2026-05-02T16:13:07.808Z,16.0,323.515,16.0
Golf (Short) | LiMu Emu & Doug | Liberty Mutual Insurance Commercial,https://www.youtube.com/watch?v=U5pXp1pAwjU,,,2026-05-02T16:12:47.422Z,16.0,20.386,16.0
Lemonade - Sign up for renters insurance in seconds,https://www.youtube.com/watch?v=VoHELLHNB5s,,,2026-05-02T16:05:39.353Z,31.0,428.069,31.0
Robinhood Prediction Markets,https://www.youtube.com/watch?v=K--LW7JNRgw,,,2026-05-02T16:05:33.048Z,6.0,6.305,6.0
ABZ Argues with Nikki | Chicken Andy Roasts Ice Poseidon,https://www.youtube.com/watch?v=fCRtRK61_B0,ClipsVonClaus,https://www.youtube.com/channel/UCqQlq8W2OVF8Dn2LYTdz3lA,2026-05-02T16:05:25.405Z,1563.0,7.643,7.643
Golf (Short) | LiMu Emu & Doug | Liberty Mutual Insurance Commercial,https://www.youtube.com/watch?v=OuB4R4KgUjo,,,2026-05-02T16:05:12.608Z,16.0,12.797,12.797
Pairfect Match AI • GlassesUSA.com,https://www.youtube.com/watch?v=9g0GkGg6QJY,,,2026-05-02T09:53:17.526Z,37.0,22315.082,37.0
HOKUM - Demons :30s - NP,https://www.youtube.com/watch?v=oHK_AlEpKno,,,2026-05-02T09:53:10.578Z,31.0,6.948,6.948
xQc reacts to himself speaking normally,https://www.youtube.com/watch?v=rbHSRGfPSKE,StreamerHQ,https://www.youtube.com/channel/UCRnxBdDuQUuQ_y3fhR4Vs2A,2026-05-02T09:53:07.486Z,25.0,3.092,3.092
xQc reacts to 'Sora 2' INSANE AI Edits 😭 #xqc #sora #ai,https://www.youtube.com/watch?v=74Weif-TpM0,starzy,https://www.youtube.com/channel/UCJ3LptFjIwR9Bo7jjnoqzJg,2026-05-02T09:52:34.782Z,58.0,32.704,32.704
Hannah's Journey to United Airlines Pilot: Real Alumni Spotlight,https://www.youtube.com/watch?v=w_0RrLI4RL8,,,2026-05-02T09:52:21.950Z,121.0,12.832,12.832
Trolling Vegans For 40 Minutes Straight,https://www.youtube.com/watch?v=LpX4g9jn2nI,NicoIsCold,https://www.youtube.com/channel/UCraH6ehjjUB8TuIJZakgi_w,2026-05-02T09:40:42.837Z,2445.0,699.113,699.113
Social Media May Have Cost You More Than Time,https://www.youtube.com/watch?v=dzfbVskKhEA,,,2026-05-02T09:40:35.541Z,55.0,7.296,7.296
Ice Poseidon Makes Kim Paranoid After Trolling Her,https://www.youtube.com/watch?v=9NB2aUfmsj4,Scuffed Central,https://www.youtube.com/channel/UCLQyFZBJb9npzkWX5sPJ36w,2026-05-02T09:40:02.384Z,191.0,33.157,33.157
Own Your Now,https://www.youtube.com/watch?v=RSBkLrwzFZ4,,,2026-05-02T09:39:52.092Z,77.0,10.292,10.292
One Night Only | Official Trailer,https://www.youtube.com/watch?v=JRG244IfrRE,,,2026-05-02T09:39:45.392Z,145.0,6.7,6.7
572_CM02MB_[25_42]_motion_UGC_remake_499_402_119_creo_mix_scroll_shorts_03_16x9_04PR.mp4,https://www.youtube.com/watch?v=-BWkMCYLcZE,,,2026-05-02T07:31:54.493Z,36.0,7670.899,36.0
A love letter to the OG Euphoria makeup fans. 🖤✨ The ones who made Half Magic possible.,https://www.youtube.com/watch?v=jM9y4q7KlQM,,,2026-05-02T07:29:10.361Z,34.0,164.132,34.0
VITAstir® - #1 Brand for 15 years.,https://www.youtube.com/watch?v=pDvViCeGIwE,,,2026-05-02T07:29:06.152Z,15.0,4.209,4.209
Coffee in bloom.,https://www.youtube.com/watch?v=StYp4Z2zWWk,,,2026-05-02T07:29:05.148Z,9.0,1.004,1.004
2512 VID OH EN Prospecting Value M PA Doctor IfYoureCaring Shoot AGC 16 9 30s V2,https://www.youtube.com/watch?v=BeXzb9mUcXs,,,2026-05-02T07:22:05.874Z,30.0,419.274,30.0
I Joined Adult Only Zoom Classes,https://www.youtube.com/watch?v=LF7Cjdvm3RU,Subtrist,https://www.youtube.com/channel/UCvsAVNN9cK0jun01GO3n-kA,2026-05-02T07:05:57.128Z,1433.0,968.746,968.746
CR_vid1362_v3_YT_FB_IQ_EN_10-12-25_AY_1920×1080.mp4,https://www.youtube.com/watch?v=9yNotPUcB2Q,,,2026-05-02T07:05:50.168Z,34.0,6.96,6.96
Robotics,https://www.youtube.com/watch?v=SlRf-Mr_QSY,,,2026-05-02T07:05:44.533Z,16.0,5.635,5.635
ABZ REUNITES With Jiho Givenchy! 😱 + BlackAssDave Gets BANNED! ❌,https://www.youtube.com/watch?v=71RJxqfL6X0,ʏᴀᴛᴛᴀ ᴛᴠ,https://www.youtube.com/channel/UCrNZxYBRLW6c2E1n5Pgl-jw,2026-05-02T06:55:39.724Z,1599.0,604.809,604.809
Introducing Base44’s Big Game Full Ad “It’s App to You”,https://www.youtube.com/watch?v=kLdaIxDM-_Y,,,2026-05-02T06:55:32.892Z,56.0,6.832,6.832
Get Google Pixel 10 on us with $300 off now | Switch to Fi and save,https://www.youtube.com/watch?v=zv9YDC-OG2U,,,2026-05-02T06:55:25Z,22.0,7.892,7.892
Calling all Trainers!,https://www.youtube.com/watch?v=r-x7fXmLNsE,,,2026-05-02T06:55:20.916Z,31.0,4.084,4.084
Power of Hope 2M Monthly CTA Banner,https://www.youtube.com/watch?v=oup9hrfzaCc,,,2026-05-02T02:00:16.372Z,121.0,17704.544,121.0
PODS Biggest Sale of Year is here! Save up to 30% until May 18! | PODS,https://www.youtube.com/watch?v=0r-UagQLMso,,,2026-05-02T01:59:39.036Z,31.0,37.336,31.0
My Neighbor Is Creepy…,https://www.youtube.com/watch?v=97rKhM_i9LU,CaseOh,https://www.youtube.com/channel/UC63anZxfVGHUEmfBAf5w7pw,2026-05-02T01:53:10.050Z,3336.0,388.986,388.986
IFCJ Flag Pin USA Horizontal Generic,https://www.youtube.com/watch?v=49fjeNmfscQ,,,2026-05-02T01:52:26.531Z,46.0,43.519,43.519
5G Home Minternet | Mint Mobile,https://www.youtube.com/watch?v=kXGL6WxUiMM,,,2026-05-02T01:52:22.863Z,31.0,3.668,3.668
video_Stephani-Pantoja-YT.mp4,https://www.youtube.com/watch?v=NcnYNEAhO_Y,,,2026-05-02T01:52:07.458Z,30.0,15.405,15.405
vrbo vroty new hampshire USAen 16x9 21 30,https://www.youtube.com/watch?v=ALb15WtfecM,,,2026-05-02T01:52:07.457Z,24.0,0.001,0.001
Shortened: Axon by AppLovin: Profitable advertising made simple,https://www.youtube.com/watch?v=o5G7i8XxTcw,,,2026-05-02T01:34:04.526Z,36.0,1082.931,36.0
VV NPC2337TLS PVO529 ANG55 MOF L2,https://www.youtube.com/watch?v=BENTTew9Z-4,,,2026-05-02T01:29:47.864Z,43.0,256.662,43.0
POLTERGEIST is actually one of the craziest horror movies i've ever seen...,https://www.youtube.com/watch?v=n9pzx4QZXC0,she's scared,https://www.youtube.com/channel/UChx5mPZFkHeMOMnWAYYv0mA,2026-05-02T01:29:46.682Z,1975.0,1.182,1.182
Codex Andrew 2 DailyCommitSummary 16x9 h264,https://www.youtube.com/watch?v=6FqVZ0hLss0,,,2026-05-02T01:28:54.594Z,40.0,52.088,40.0
DA Learn :15,https://www.youtube.com/watch?v=aGL0CdhQrjA,,,2026-05-02T01:09:22.854Z,16.0,1171.74,16.0
Bring your ideas to life with Base44,https://www.youtube.com/watch?v=OugxDOargKI,,,2026-05-02T01:04:44.782Z,47.0,278.072,47.0
Ice Poseidon Opens Up on Troubled Youth | Blackassdave Assaulted,https://www.youtube.com/watch?v=wisTYEKcs30,ClipsVonClaus,https://www.youtube.com/channel/UCqQlq8W2OVF8Dn2LYTdz3lA,2026-05-02T00:56:38.021Z,1240.0,486.761,486.761
Cayman Jack,https://www.youtube.com/watch?v=t6fZfZ4pRVI,,,2026-05-02T00:56:24.159Z,6.0,13.862,6.0
AJLStudios_ImmiTestimonial_16x9_v1.2_2025-11-06.mp4,https://www.youtube.com/watch?v=_ivqISZttCs,,,2026-05-02T00:55:51.610Z,70.0,32.549,32.549
Shortened: Roblox Claims,https://www.youtube.com/watch?v=44u4t55nfqo,,,2026-05-02T00:55:21.626Z,30.0,29.984,29.984
iShowSpeed vs Military Attack Dogs!,https://www.youtube.com/watch?v=Y9rYRuORlJg,Live Speedy,https://www.youtube.com/channel/UC2bW_AY9BlbYLGJSXAbjS4Q,2026-05-02T00:54:35.598Z,840.0,46.028,46.028
PMax & DemGen | Creators 1 2,https://www.youtube.com/watch?v=wUwo3xaC3sc,,,2026-05-02T00:54:28.414Z,32.0,7.184,7.184
Get in on what millions of shoppers already know – Cash Back is the best way to save!,https://www.youtube.com/watch?v=_i69D8oXUgY,,,2026-05-02T00:48:49.782Z,31.0,338.632,31.0
ISHOWSPEED Vs. STRONGEST WOMAN in AFRICA..,https://www.youtube.com/watch?v=aJhAFFxwxN0,SpeedUniverse,https://www.youtube.com/channel/UCOC64I7IV17EvSIZJ1HDfHw,2026-05-02T00:40:45.024Z,1046.0,484.758,484.758
This little LYTE of mine,https://www.youtube.com/watch?v=jVJbI1CKlz0,,,2026-05-02T00:40:37.483Z,61.0,7.541,7.541
Sea Lions :06 | The first-ever Kia Telluride Turbo-Hybrid,https://www.youtube.com/watch?v=jZuZQ_21jsk,,,2026-05-02T00:40:31.122Z,7.0,6.361,6.361
Pixel 10a has an incredible camera and helpful AI | Order it on Fi,https://www.youtube.com/watch?v=MucmRBq9vYo,,,2026-05-02T00:39:47.849Z,23.0,43.273,23.0
iShowSpeed Burns Down His House...,https://www.youtube.com/watch?v=1R9xH3R3caw,Live Speedy,https://www.youtube.com/channel/UC2bW_AY9BlbYLGJSXAbjS4Q,2026-05-02T00:38:55.618Z,1831.0,52.231,52.231
Two Sisters. One Dream. They Quit Their Jobs to Become Airline Pilots — Together.,https://www.youtube.com/watch?v=8aoBUUoNvEc,,,2026-05-02T00:38:46.280Z,325.0,9.338,9.338
We did it we all our baby’s,https://www.youtube.com/watch?v=wwIbjKks2b8,G.family ,https://www.youtube.com/channel/UCuYW0En8uxQ8aIoUkC1v4OA,2026-05-02T00:38:41.838Z,56.0,4.442,4.442
Shape-shifting❎ Jump-scaring✅,https://www.youtube.com/watch?v=v0JZYIqgk0I,Frayzz Shorts,https://www.youtube.com/channel/UCVH5or5vw-Kzu8r_9_ZP8yA,2026-05-02T00:38:40.761Z,39.0,1.077,1.077
Bro got ragebaited at the end 😂😂,https://www.youtube.com/watch?v=efCp2o4aIEY,deagzzzshorts,https://www.youtube.com/channel/UCjcZfaPzpgifneY4aZgLGrQ,2026-05-02T00:38:14.879Z,38.0,25.882,25.882
Penguin Struck by Paralysis Tick #penguin #tickseason #shorts,https://www.youtube.com/watch?v=sp4iysdJ4zo,Bondi Vet,https://www.youtube.com/channel/UCRnSnAq44St3dzNdgPpfChA,2026-05-02T00:37:29.617Z,135.0,45.262,45.262
TEACHERS need a RAISE! #love #teachers #children #goodteacher #shorts #fyp,https://www.youtube.com/watch?v=Ir1qXxw3YIA,Dr. Beautician,https://www.youtube.com/channel/UC65LuY7ynK5GwwVuwhVbw4w,2026-05-02T00:37:21.657Z,174.0,7.96,7.96
I'm Reaching My Limit...,https://www.youtube.com/watch?v=67mdBdwaybM,Doctor Mike,https://www.youtube.com/channel/UC0QHWhjbe5fGJEPz3sVb6nw,2026-05-02T00:37:19.157Z,79.0,2.5,2.5
Motorcycle Strength Challenge! 🏍️😱,https://www.youtube.com/watch?v=UcUTmv3ZUDM,IShowSpeed,https://www.youtube.com/channel/UCWsDFcIhY2DBi3GB5uykGXA,2026-05-02T00:37:09.589Z,22.0,9.568,9.568
I Went Gorilla Trekking In Rwanda 🇷🇼🇷🇼,https://www.youtube.com/watch?v=VtBs1GlgTcc,IShowSpeed,https://www.youtube.com/channel/UCWsDFcIhY2DBi3GB5uykGXA,2026-05-02T00:36:37.029Z,33.0,32.56,32.56
iShowSpeed Eats Iguana 😳 (BAD IDEA),https://www.youtube.com/watch?v=4F_UdL3IX8A,Speedy Boykins,https://www.youtube.com/channel/UCd09ztChTkJ9dlY6RLawSog,2026-05-02T00:35:10.006Z,80.0,87.023,80.0
The Only Prescription Strength Hair Regrowth Gummy,https://www.youtube.com/watch?v=3vnOvbtaeLU,,,2026-05-02T00:34:22.590Z,34.0,47.416,34.0
ICE POSEIDON TAKES KIMMEE TO MEET KOALA BEARS AND KANGAROOS #kickstreaming #iceposeidon #sampepper,https://www.youtube.com/watch?v=zrV6j-Xd_f0,Kick_Clipz,https://www.youtube.com/channel/UCmXAEqNsldIpQWK6M8F156g,2026-05-02T00:27:20.138Z,833.0,422.452,422.452
"Pairfect Match AI, GlassesUSA.com",https://www.youtube.com/watch?v=0rjYaiYsTTc,,,2026-05-02T00:26:59.863Z,37.0,20.275,20.275
Foundayo is Now Approved!,https://www.youtube.com/watch?v=ymCeh07HD6g,,,2026-05-02T00:26:37.079Z,15.0,22.784,15.0
Baby Warthog Runs His Mouth… and His Legs 🤣,https://www.youtube.com/watch?v=jF0KxOMlSRM,Dusty Douglas,https://www.youtube.com/channel/UCMSIDB9jvhqBKby2qk6E4VA,2026-05-01T18:51:34.925Z,27.0,20102.154,27.0
LIONS Reunite with Human #cat #wildlife #nature,https://www.youtube.com/watch?v=e8xm1kXjymQ,The Lion Whisperer,https://www.youtube.com/channel/UC_NS4MiiHAFo3CYI7fRSLtQ,2026-05-01T18:51:31.853Z,63.0,3.072,3.072
#fypシ #hunting #plssubscribe #deerhunting #bruzzoutdoors #deerseason #bucks #whitetail #deer,https://www.youtube.com/watch?v=bpdNOthmFgY,JS OUTDOORS,https://www.youtube.com/channel/UC7ztjryjekNJ7wP_AdEAuCg,2026-05-01T18:51:27.081Z,35.0,4.772,4.772
Lion wants to play video games in living room,https://www.youtube.com/watch?v=8dFjUOXmIBI,Monarch Hill Productions,https://www.youtube.com/channel/UClucIBxkj6qq8yDU9k7Lh_Q,2026-05-01T18:50:49.693Z,35.0,37.388,35.0
15 Times IShowSpeed Humbled Arrogant Karens,https://www.youtube.com/watch?v=cJ6Uv-8X0pA,Slap Back,https://www.youtube.com/channel/UCcHzCNJLcB6xVTzxWHhSkCg,2026-05-01T18:50:16.761Z,1484.0,32.932,32.932
Always Radiant with Flexfoam Can.,https://www.youtube.com/watch?v=40pFTrlSljE,,,2026-05-01T18:50:10.009Z,7.0,6.752,6.752
3%KibbleBash 16x9 dog B,https://www.youtube.com/watch?v=k4oN1YENO9w,,,2026-05-01T18:49:58.637Z,25.0,11.372,11.372
I weigh 29 kilograms and my life is hell.,https://www.youtube.com/watch?v=RcLQmkknWpU,VASYA IN THE HAY,https://www.youtube.com/channel/UCaNfHBihSUqcUBpvHx-rwYw,2026-05-01T18:46:53.163Z,977.0,185.474,185.474
"""Try to be slightly normal"" 😂😂 #ishowspeed #funny #edit",https://www.youtube.com/watch?v=LCS-pKmkb88,deagzzzshorts,https://www.youtube.com/channel/UCjcZfaPzpgifneY4aZgLGrQ,2026-05-01T18:46:24.222Z,53.0,28.941,28.941
One Way Out 🕳️ #ishowspeed,https://www.youtube.com/watch?v=43U-qppkN64,IShowSpeed,https://www.youtube.com/channel/UCWsDFcIhY2DBi3GB5uykGXA,2026-05-01T18:46:22.498Z,25.0,1.724,1.724
Speed is lucky to have such bodyguards 💖💖,https://www.youtube.com/watch?v=nQ4CFc7Js7U,deagzzzshorts,https://www.youtube.com/channel/UCjcZfaPzpgifneY4aZgLGrQ,2026-05-01T18:45:51.462Z,32.0,31.036,31.036
vrbo vroty generic USAen 16x9 21 30,https://www.youtube.com/watch?v=PZWYNaj7XB8,,,2026-05-01T18:32:51.617Z,,779.845,779.845
Myron Gaines is POOR 💀 #shorts,https://www.youtube.com/watch?v=Wwg3fIMQmNw,Amouranth's Husband,https://www.youtube.com/channel/UCPCym73FuZRH0l-7CP8GQqQ,2026-05-01T18:32:47.877Z,28.0,3.74,3.74
you and no stress 🥰❤️‍🔥 #shorts | dion and sebb #sebasdion,https://www.youtube.com/watch?v=r0-8PvTShFs,Dion Yorkie,https://www.youtube.com/channel/UCjcv8SqJ29QxhAdKY8lB7ug,2026-05-01T18:32:31.898Z,15.0,15.979,15.0
I Stealth Camped Outside Jeffrey Epstein’s Ranch,https://www.youtube.com/watch?v=d4UkDLZLPTU,Nico Grigg,https://www.youtube.com/channel/UCYM6R9hAO4bOixJ2L7uRSQg,2026-05-01T18:15:13.288Z,1011.0,1038.61,1011.0
Demand Gen | heroes cover new users video en 1920x1080,https://www.youtube.com/watch?v=gmcr60McSrs,,,2026-05-01T18:14:54.908Z,10.0,18.38,10.0
Cyber Who :15,https://www.youtube.com/watch?v=SSbT0EbxSvI,,,2026-05-01T18:13:59.149Z,16.0,55.759,16.0
Golf (Short) | LiMu Emu & Doug | Liberty Mutual Insurance Commercial,https://www.youtube.com/watch?v=OuB4R4KgUjo,,,2026-05-01T17:57:59.143Z,16.0,960.006,16.0
“I’M INTERESTED TO SEE HOW THIS IS GONNA GO”-FIRST AMENDMENT ,https://www.youtube.com/watch?v=7nETCI2Ey4Y,Tyrant Terminator Audits!!!,https://www.youtube.com/channel/UCfWEnytDiyfb7FowLx2nxrQ,2026-05-01T17:41:39.487Z,2136.0,979.656,979.656
AJLStudios_ImmiTestimonial_16x9_v2.1_2025-11-06.mp4,https://www.youtube.com/watch?v=PwVKh5rpaE4,,,2026-05-01T17:41:33.155Z,71.0,6.332,6.332
INTERVIEW WITH THE VAMPIRE 2x06 & 2x07 REACTION -  THE BEST MOST HAUNTING EPISODE YET! -REVIEW,https://www.youtube.com/watch?v=7ZkNlrL5t5k,Reel Rejects,https://www.youtube.com/channel/UC7_WiJnJxpm4MRNesRttzWg,2026-05-01T17:40:12.459Z,4227.0,80.696,80.696
Pixel 10a has an incredible camera and helpful AI | Order it on Fi,https://www.youtube.com/watch?v=MucmRBq9vYo,,,2026-05-01T03:33:46.135Z,23.0,50786.324,23.0
Josh Block Crashes Out in Austin | Ice Poseidon Meets Josh,https://www.youtube.com/watch?v=700FECQTi4U,ClipsVonClaus,https://www.youtube.com/channel/UCqQlq8W2OVF8Dn2LYTdz3lA,2026-05-01T01:07:31.911Z,1390.0,8774.224,1390.0
MPI Product,https://www.youtube.com/watch?v=skP5or9IpJo,,,2026-05-01T00:50:24.322Z,31.0,1027.589,31.0
Ice Poseidon's NYE Leechfest: Xena & Kim Attack Random Girl,https://www.youtube.com/watch?v=iY1OY4zOvE4,ClipsVonClaus,https://www.youtube.com/channel/UCqQlq8W2OVF8Dn2LYTdz3lA,2026-05-01T00:50:15.881Z,2159.0,8.441,8.441
Clavicular looksmaxes his new Girlfriend 😱!,https://www.youtube.com/watch?v=_NGqaqR4S4I,fortentertainingplug,https://www.youtube.com/channel/UCw_BJKXRRNngtAkfz_5svfw,2026-05-01T00:46:19.406Z,693.0,236.475,236.475
https://www.youtube.com/watch?v=dfgY8MuF68c,https://www.youtube.com/watch?v=dfgY8MuF68c,,,2026-05-01T00:45:29.327Z,,50.079,50.079
IFCJ Flag Pin USA Horizontal Generic,https://www.youtube.com/watch?v=49fjeNmfscQ,,,2026-05-01T00:45:07.876Z,46.0,21.451,21.451
Premium Wireless for $15 Bucks a Month | Mint Mobile,https://www.youtube.com/watch?v=e5BNMNcSKLs,,,2026-05-01T00:45:00.392Z,31.0,7.484,7.484
Codex Andrew 3 FixingMergeConflicts 16x9 h264,https://www.youtube.com/watch?v=V_gJQYyG1Os,,,2026-05-01T00:44:54.929Z,38.0,5.463,5.463
"Join Fi and save on Pixel 10 | Wireless, reimagined by Google",https://www.youtube.com/watch?v=Xh3-JV2VjNc,,,2026-05-01T00:25:56.359Z,33.0,1138.57,33.0
Aritzia Vacation Edit,https://www.youtube.com/watch?v=LjmN97vzOPM,,,2026-05-01T00:25:09.117Z,31.0,47.242,31.0
Ice Poseidon Tries His Hardest To Make Moises Go Home,https://www.youtube.com/watch?v=1HCDCUCJDFQ,ClipsVonClaus,https://www.youtube.com/channel/UCqQlq8W2OVF8Dn2LYTdz3lA,2026-04-30T21:57:07.323Z,1262.0,8881.794,1262.0
iShowSpeed Gets Bit By a SNAKE In India..,https://www.youtube.com/watch?v=LNyi9-USp9w,Live Speedy,https://www.youtube.com/channel/UC2bW_AY9BlbYLGJSXAbjS4Q,2026-04-30T21:47:16.903Z,700.0,590.42,590.42
BALLER LEAGUE WEEK 7 ⚽️ SPEED UTD VS FOR THE WIN FC 🔥,https://www.youtube.com/watch?v=J3q5X0JK9OM,IShowSpeed,https://www.youtube.com/channel/UCWsDFcIhY2DBi3GB5uykGXA,2026-04-30T21:45:09.783Z,17361.0,127.12,127.12
IS ISHOWSPEED BIGGER THAN MR BEAST?,https://www.youtube.com/watch?v=iXr7OYoV2k0,Team Reyna,https://www.youtube.com/channel/UC9Y7E183CPOQw-98IFNITIA,2026-04-30T21:44:14.095Z,62.0,55.688,55.688
Getting some real déjà vu here...,https://www.youtube.com/watch?v=UPqhyZwiGqo,Good Mythical MORE,https://www.youtube.com/channel/UCzpCc5n9hqiVC7HhPwcIKEg,2026-04-30T21:44:02.875Z,20.0,11.22,11.22
Should Doctors Hug Their Patients?,https://www.youtube.com/watch?v=j_fPhucKC5s,Doctor Mike,https://www.youtube.com/channel/UC0QHWhjbe5fGJEPz3sVb6nw,2026-04-30T21:43:58.760Z,57.0,4.115,4.115
climbing the LOVE LADDER 🇨🇳🗻 #ishowspeed,https://www.youtube.com/watch?v=XQ_Cp5VI_MU,IShowSpeed,https://www.youtube.com/channel/UCWsDFcIhY2DBi3GB5uykGXA,2026-04-30T21:43:56.507Z,44.0,2.253,2.253
??? ____,https://www.youtube.com/watch?v=d8hwkn6dqms,Jurgen & Nan,https://www.youtube.com/channel/UCMUQuTxnTbYbpOdramyrLGg,2026-04-30T21:43:50.835Z,11.0,5.672,5.672
When the home school prom is going crazy.,https://www.youtube.com/watch?v=Wn7N_KwgfQ8,Lee Houston,https://www.youtube.com/channel/UCBEnMJcipvJHPDkEkPecGLw,2026-04-30T21:43:41.016Z,17.0,9.819,9.819
Hg Risks War For A  Rotisserie Chicken 🤦‍♂️😭,https://www.youtube.com/watch?v=YAIJKSa9jmA,Crunchy Spring Rolls ,https://www.youtube.com/channel/UCR2hzr6mKlL2jIuxMopQ8kA,2026-04-30T21:43:35.237Z,39.0,5.779,5.779
Last One Standing Wins @MrBeast,https://www.youtube.com/watch?v=6Nd-v8lmIDc,IShowSpeed,https://www.youtube.com/channel/UCWsDFcIhY2DBi3GB5uykGXA,2026-04-30T21:42:10.003Z,83.0,85.234,83.0
iShowSpeed meets his real mom ❤️‍🩹❤️‍🩹,https://www.youtube.com/watch?v=E4RiNdiX7N0,deagzzzshorts,https://www.youtube.com/channel/UCjcZfaPzpgifneY4aZgLGrQ,2026-04-30T21:42:02.607Z,43.0,7.396,7.396
My Mom has CRAZY Surgery Transformation,https://www.youtube.com/watch?v=dUtoQNdl40o,Zane Hijazi,https://www.youtube.com/channel/UCiIFLzjBUX5WpkVqVDVWMTQ,2026-04-30T21:42:01.346Z,117.0,1.261,1.261
Ahren Belisle Needs Help!!! 😂😂😂,https://www.youtube.com/watch?v=if03nnwwN3E,Ahren Belisle Comedy,https://www.youtube.com/channel/UCZeedM8IVH_HjjflbU3-Yxg,2026-04-30T21:41:56.771Z,42.0,4.575,4.575
110 Pound Puppy at the Store 😳,https://www.youtube.com/watch?v=4A3dA-7yw40,Gaston Cane Corso,https://www.youtube.com/channel/UCUhBg_QNa3az7wy-9ZF7rTg,2026-04-30T21:41:53.484Z,33.0,3.287,3.287
Do You Trust Chat-GPT Over A Doctor?,https://www.youtube.com/watch?v=cnyqT48dyjE,Doctor Mike,https://www.youtube.com/channel/UC0QHWhjbe5fGJEPz3sVb6nw,2026-04-30T21:41:13.055Z,39.0,40.429,39.0
RE requiem devs are amazing,https://www.youtube.com/watch?v=jAaIFMZQuvA,Arcturra,https://www.youtube.com/channel/UC5OVo7Ao_-MZ6mleQDlMXqA,2026-04-30T21:41:06.247Z,46.0,6.808,6.808
iShowSpeed Gifted An iPhone 17 Pro To a Blind Kid in Morocco ❤️‍🩹,https://www.youtube.com/watch?v=k2YzP1nqfAc,Speedzyy,https://www.youtube.com/channel/UCLE3ZWbxtrTqYQQsqV-wIlw,2026-04-30T21:40:07.463Z,59.0,58.784,58.784
He Was SO CONFUSED on OMEGLE,https://www.youtube.com/watch?v=CBi2n29uVAk,SomethingAboutChickens,https://www.youtube.com/channel/UCvWYDS4aNMNMKiSIuovPQIg,2026-04-30T21:40:06.240Z,88.0,1.223,1.223
Jen's Coachella Period Prep!,https://www.youtube.com/watch?v=_TAGDa-jnds,,,2026-04-30T21:40:02.633Z,33.0,3.607,3.607
IShowSpeed was losing until Unc helped him🥹,https://www.youtube.com/watch?v=U2_bIf97XbQ,Speedy D. Luffy,https://www.youtube.com/channel/UClDYYo3OwQk4cSHuclCWX1Q,2026-04-30T21:39:59.931Z,36.0,2.702,2.702
xQc defends his girlfriend from Cuffem,https://www.youtube.com/watch?v=-lGPi_tUv3k,StreamerHQ,https://www.youtube.com/channel/UCRnxBdDuQUuQ_y3fhR4Vs2A,2026-04-30T21:39:56.875Z,20.0,3.056,3.056
I called his opening garbage! Pt.2,https://www.youtube.com/watch?v=fuWn48vB52s,Thechessmaverick,https://www.youtube.com/channel/UCWYCbq2u59KohNkeZR9wH1Q,2026-04-30T21:39:53.684Z,65.0,3.191,3.191
Nova loves a good lick mat! 🐶😋 #nova #doberman #dogsofyoutube #lick #enrichment,https://www.youtube.com/watch?v=zKhBJ8ACFTE,Bailey Coates,https://www.youtube.com/channel/UCtwe1kh_ryt2fzyMk-W7Rag,2026-04-30T21:39:52.378Z,55.0,1.306,1.306
"Shooters shoot man, shooters shoot... #indiegames #gaming #funny #smallstreamer #quarantinezone",https://www.youtube.com/watch?v=ebdMng3WySw,DORADO,https://www.youtube.com/channel/UC3LIh0j5TCv60mc4TH0KTIg,2026-04-30T21:39:47.996Z,24.0,4.382,4.382
"August 6, 2025",https://www.youtube.com/watch?v=yj76sQr-YVw,Sosa,https://www.youtube.com/channel/UCjjT17Nk_qqo6j1m82RCSkg,2026-04-30T21:39:24.074Z,25.0,23.922,23.922
Kicked the RSV,https://www.youtube.com/watch?v=dRbx5ecyyeA,Daniel Seitz,https://www.youtube.com/channel/UCWlzoNzeVkpAemoyiU4kCcw,2026-04-30T21:39:21.919Z,125.0,2.155,2.155
They turn into what?!?! #joshandmomma #joshsmom,https://www.youtube.com/watch?v=O2HT2RIVMiQ,Josh & Momma,https://www.youtube.com/channel/UC9XniOQty-FyFm8OxJZX7Aw,2026-04-30T21:39:20.203Z,172.0,1.716,1.716
https://www.youtube.com/watch?v=1yoes4vy3ME,https://www.youtube.com/watch?v=1yoes4vy3ME,,,2026-04-30T21:39:17.291Z,,2.912,2.912
Where does a DOG pee on a cruise ship?! 🤔,https://www.youtube.com/watch?v=fBL6cN1qkWk,Molly Burke,https://www.youtube.com/channel/UCwf9TcLyS5KDoLRLjke41Hg,2026-04-30T21:38:16.347Z,107.0,60.944,60.944
I Tried Turkish Oil Wrestling🇹🇷🤼#ishowspeed,https://www.youtube.com/watch?v=uJ9tXHSw7qI,IShowSpeed,https://www.youtube.com/channel/UCWsDFcIhY2DBi3GB5uykGXA,2026-04-30T21:37:25.708Z,32.0,50.639,32.0
I HAVE AN UNKNOWN VIRUS...,https://www.youtube.com/watch?v=H_XW3eVHoE4,Lucas and Marcus,https://www.youtube.com/channel/UCwD4x63A9KC7Si2RuSfg-SA,2026-04-30T21:35:09.360Z,628.0,136.348,136.348
Experian® - Taylor Rooks - Interview (:30),https://www.youtube.com/watch?v=1aGACpg-a3A,,,2026-04-30T21:34:54.943Z,31.0,14.417,14.417
Disney+ Hulu HBO Max,https://www.youtube.com/watch?v=ESspWUW8D1o,,,2026-04-30T21:34:45.283Z,31.0,9.66,9.66
MRK170_Ads_B_16x9_v2.mp4,https://www.youtube.com/watch?v=_3MZbnUKOUQ,,,2026-04-30T21:34:29.919Z,16.0,15.364,15.364
One Night Only | Official Trailer,https://www.youtube.com/watch?v=JRG244IfrRE,,,2026-04-30T21:34:22.832Z,145.0,7.087,7.087
2 SEIZURES I HAD AT MALL / 2 SEIZURES AT HOME ,https://www.youtube.com/watch?v=_u8fdzO5QVM,MyJourneyToBeSeizureFree,https://www.youtube.com/channel/UC8S33lw4D2A-Pz13YyE7dLw,2026-04-30T21:30:29.795Z,686.0,233.037,233.037
Cayman Jack,https://www.youtube.com/watch?v=SWBhU4_jDPU,,,2026-04-30T21:30:03.784Z,15.0,26.011,15.0
Social Media May Have Cost You More Than Time,https://www.youtube.com/watch?v=dzfbVskKhEA,,,2026-04-30T21:29:53.184Z,55.0,10.6,10.6
THANKSGIVING (2023) MOVIE REACTION!! First Time Watching | Horror Slasher | Full Movie Review,https://www.youtube.com/watch?v=-9aAdFd6BpU,Reel Rejects,https://www.youtube.com/channel/UC7_WiJnJxpm4MRNesRttzWg,2026-04-30T21:09:01.915Z,4940.0,1251.269,1251.269
Concept 1   V2 6s 1920x1080 px,https://www.youtube.com/watch?v=44b6ohsYnY4,,,2026-04-30T21:08:54.275Z,7.0,7.64,7.0
Teen | Vrbo,https://www.youtube.com/watch?v=ygomt8jRm8Q,,,2026-04-30T21:08:52.297Z,16.0,1.978,1.978
SOMEONE BROKE INTO OUR HOUSE,https://www.youtube.com/watch?v=b3Nc6jw-u1g,Jatie Vlogs,https://www.youtube.com/channel/UCnM1ay_QoQOpa1N2iejLA7A,2026-04-30T21:08:35.774Z,762.0,16.523,16.523
Scout Motors | Rivals,https://www.youtube.com/watch?v=b0YDJguWh3Q,,,2026-04-30T21:08:28.087Z,31.0,7.687,7.687
Foundayo is Now Approved!,https://www.youtube.com/watch?v=ymCeh07HD6g,,,2026-04-30T21:08:23.427Z,15.0,4.66,4.66
https://www.youtube.com/watch?v=UbxpvWMigDs,https://www.youtube.com/watch?v=UbxpvWMigDs,,,2026-04-30T20:46:17.601Z,,1325.826,1325.826
Shortened: Roblox Claims,https://www.youtube.com/watch?v=44u4t55nfqo,,,2026-04-30T20:46:12.597Z,30.0,5.004,5.004
17 Times Speed’s Bodyguards Had to Step In,https://www.youtube.com/watch?v=eBssdIV2exw,Slap Back,https://www.youtube.com/channel/UCcHzCNJLcB6xVTzxWHhSkCg,2026-04-30T18:46:14.686Z,774.0,7197.911,774.0
iShowSpeed PASSES OUT On Stream 😳,https://www.youtube.com/watch?v=M078Ljmi-TY,Speedy Boykins,https://www.youtube.com/channel/UCd09ztChTkJ9dlY6RLawSog,2026-04-30T18:45:40.423Z,43.0,34.263,34.263
Gardening,https://www.youtube.com/watch?v=mKsYLXdTDKU,,,2026-04-30T18:43:20.019Z,16.0,140.404,16.0
YouTube Premium EMU MIX 1mon Music Stock 10s horiz 1920x1080 16-9 en US USD PU,https://www.youtube.com/watch?v=3u0C_B6yONw,,,2026-04-30T18:40:33.390Z,11.0,166.629,11.0
Mustache | LiMu Emu & Doug | Liberty Mutual Insurance Commercial,https://www.youtube.com/watch?v=wVqq7P5FRVw,,,2026-04-30T18:29:01.107Z,16.0,692.283,16.0
Never Pack Sleep Masks Again ✈️ Landscape,https://www.youtube.com/watch?v=PyLtLUUvBIw,,,2026-04-30T18:28:24.904Z,40.0,36.203,36.203
Vanguard cut expense ratios. Again.,https://www.youtube.com/watch?v=llCX_hFmNo8,,,2026-04-30T18:24:15.854Z,16.0,249.05,16.0
The Chevy Colorado WT: Work smarter and harder | Chevrolet,https://www.youtube.com/watch?v=OoBS1OYYWcw,,,2026-04-30T18:24:00.417Z,16.0,15.437,15.437
How I Saved on Car Insurance...,https://www.youtube.com/watch?v=q5bup5rvqI4,,,2026-04-30T18:17:45.869Z,80.0,374.548,80.0
Ignoring My Wife on a Road Trip… (she got mad),https://www.youtube.com/watch?v=BOIxq-WD6-Y,Jatie Vlogs,https://www.youtube.com/channel/UCnM1ay_QoQOpa1N2iejLA7A,2026-04-30T18:16:08.075Z,852.0,97.794,97.794
Burger King® | There’s a New King and It’s You.,https://www.youtube.com/watch?v=JknrYxOBPf8,,,2026-04-30T18:15:45.143Z,16.0,22.932,16.0
Try Asana Today I FY26BC I Cross Functional Work I Audio I 30s I en-US,https://www.youtube.com/watch?v=ZmBKap7SeqQ,,,2026-04-30T18:13:37.192Z,31.0,127.951,31.0
Hiring the Worst Personal Trainer on Zoom,https://www.youtube.com/watch?v=Wg28_euqzXM,NicoIsCold,https://www.youtube.com/channel/UCraH6ehjjUB8TuIJZakgi_w,2026-04-30T18:12:02.494Z,1033.0,94.698,94.698
https://www.youtube.com/watch?v=AWoDqbkr8v8,https://www.youtube.com/watch?v=AWoDqbkr8v8,,,2026-04-30T18:10:30.473Z,,92.021,92.021
VV NPC3022 V2TLS PVO575 ANG55 MOF L2,https://www.youtube.com/watch?v=YyNuVU3okd8,,,2026-04-30T18:10:23.113Z,47.0,7.36,7.36
5G Home Minternet | Mint Mobile,https://www.youtube.com/watch?v=QMGW_xdZCAo,,,2026-04-30T17:58:18.865Z,31.0,724.248,31.0
iShowSpeed ALMOST DIES Flying A Plane,https://www.youtube.com/watch?v=QMomneLe5mE,Live Speedy,https://www.youtube.com/channel/UC2bW_AY9BlbYLGJSXAbjS4Q,2026-04-30T17:47:10.486Z,2135.0,668.379,668.379
Shortened: Axon by AppLovin: Profitable advertising made simple,https://www.youtube.com/watch?v=o5G7i8XxTcw,,,2026-04-30T17:46:31.277Z,36.0,39.209,36.0
Scout Rivals 06s,https://www.youtube.com/watch?v=feXbhcLH4BY,,,2026-04-30T17:46:21.854Z,7.0,9.423,7.0
Scary Reality of Special Needs Parenting,https://www.youtube.com/watch?v=YNt0TxQCoro,Daniel Seitz,https://www.youtube.com/channel/UCWlzoNzeVkpAemoyiU4kCcw,2026-04-30T17:40:24.086Z,752.0,357.768,357.768
Storms Cause Storms,https://www.youtube.com/watch?v=IWRDiVTY5O0,Daniel Seitz,https://www.youtube.com/channel/UCWlzoNzeVkpAemoyiU4kCcw,2026-04-30T17:25:22.121Z,1229.0,901.965,901.965
Walking Out With the Cart Was Easy Until They Stopped Her,https://www.youtube.com/watch?v=1sjnC1bX5ts,Body Cam USA,https://www.youtube.com/channel/UChXXE1zDwAb28LovDo4FuPw,2026-04-30T17:24:44.690Z,2401.0,37.431,37.431
The Others (2001) has the BEST TWIST | First Time Watching,https://www.youtube.com/watch?v=7YeK2caOr_g,Jack & Dan React,https://www.youtube.com/channel/UCdaukIlzWQnVo_WLB-NjX7w,2026-04-30T17:23:16.821Z,3001.0,87.869,87.869
SPEED Exhausted After NONSTOP Travel Stream😲 #ishowspeed #fainted #stmartin #stmaarten,https://www.youtube.com/watch?v=2TSHTjjcf04,Cup Of Trending ,https://www.youtube.com/channel/UCWUHDL4LJJ5bWUJWIwEwLiw,2026-04-30T17:23:11.614Z,22.0,5.207,5.207
Is That ishowspeed! #ishowspeed,https://www.youtube.com/watch?v=0R8jTtZKLis,T-ANDO,https://www.youtube.com/channel/UCXm08ZgLjTCdGIcQzdewA2A,2026-04-30T17:23:08.914Z,14.0,2.7,2.7
Get Google Pixel 10 on us with $300 off now | Switch to Fi and save,https://www.youtube.com/watch?v=zv9YDC-OG2U,,,2026-04-30T17:23:06.430Z,22.0,2.484,2.484
5G Home Minternet | Mint Mobile,https://www.youtube.com/watch?v=kXGL6WxUiMM,,,2026-04-30T17:23:02.322Z,31.0,4.108,4.108
Mousetrap Backflip Challenge🐭😱 #ishowspeed,https://www.youtube.com/watch?v=aFcSlzzmTmw,IShowSpeed,https://www.youtube.com/channel/UCWsDFcIhY2DBi3GB5uykGXA,2026-04-30T17:22:57.425Z,52.0,4.897,4.897
Easy way to install springs on a trampoline,https://www.youtube.com/watch?v=Tl7IpxQuDhM,Michael Harding,https://www.youtube.com/channel/UCCHysp8HIwmskMYvdoqzDYA,2026-04-30T17:22:54.349Z,24.0,3.076,3.076
"April 30, 2026",https://www.youtube.com/watch?v=v35iz3f0PaA,Ashton Hollifield ,https://www.youtube.com/channel/UCGwIYAXZkDYgiC4QF0pCgvQ,2026-04-30T17:22:50.428Z,16.0,3.921,3.921
Show me another cat that high fives her vet ……#crazycatfunny #cat #crazycatvideos #funnycats,https://www.youtube.com/watch?v=Cg_8hFn5pdA,Dr Michael Vo,https://www.youtube.com/channel/UCOoiOuBIGFoU_SMftUSReew,2026-04-30T17:22:39.786Z,53.0,10.642,10.642
#fypシ゚viral #gasstation #metaglasses #trolling,https://www.youtube.com/watch?v=Gj-USAFxdTE,Raven Gladin,https://www.youtube.com/channel/UCsxY6gf6BcINot2qKDwp82Q,2026-04-30T17:22:36.202Z,13.0,3.584,3.584
60 sec into meeting and we wilin #unsighted #lushlife #zaralarsson #girlypop #youtubeshorts #dance,https://www.youtube.com/watch?v=qGIpWPquF68,Unsighted,https://www.youtube.com/channel/UCN8MqWuCPnQB9CTJsZPGl5g,2026-04-30T17:22:34.518Z,20.0,1.684,1.684
How it feels to go back to work after vacation! 👀 #fails #CCTV #bears  #scare #shorts,https://www.youtube.com/watch?v=1mepkJIZyoI,Peachy,https://www.youtube.com/channel/UCO8fQqYM_EeHxiGYONWt-fg,2026-04-30T17:22:20.054Z,13.0,14.464,13.0
Full Vid 👆,https://www.youtube.com/watch?v=TWKipfMY-DA,Vlog Creations,https://www.youtube.com/channel/UCR0VLWitB2xM4q7tjkoJUPw,2026-04-30T17:22:17.538Z,50.0,2.516,2.516
Ever had a guest who just won’t leave? Yeah…Ohio knows the feeling. 🎂,https://www.youtube.com/watch?v=LTcG94dG4mE,,,2026-04-30T17:22:15.946Z,31.0,1.592,1.592
Bro had to have practiced that for a while!! #cottoneyejoe #dance,https://www.youtube.com/watch?v=8OerG_jDiEk,Josh,https://www.youtube.com/channel/UCzUPBVwLEnYpb5RTtP8Re8w,2026-04-30T17:22:08.974Z,18.0,6.972,6.972
Hey guys am I late? #shorts @SomethingAboutChickens,https://www.youtube.com/watch?v=XnqBbhb38QM,Hyphonix,https://www.youtube.com/channel/UCaFpm67qMk1W1wJkFhGXucA,2026-04-30T17:22:07.707Z,47.0,1.267,1.267
Lifeguards and police confront inappropriate man 🚨 #bondirescue #lifeguard #beach #shortsfeed,https://www.youtube.com/watch?v=-oyxpAgnzD4,BondiRescue,https://www.youtube.com/channel/UCxEct2HUBYj_mt4t7qR9UYg,2026-04-30T17:22:02.462Z,124.0,5.245,5.245
Bro got his soul scared out of him.😂 #piano #memes #funny #shorts #viral #usa,https://www.youtube.com/watch?v=C2WTfy6j_wc,Piano 'N' Chill,https://www.youtube.com/channel/UCiT0VWD-EhQma15b7stM5MQ,2026-04-30T17:21:55.673Z,20.0,6.789,6.789
Experian® - Taylor Rooks - Interview (:30s),https://www.youtube.com/watch?v=__twZSF9VnM,,,2026-04-30T17:21:54.302Z,31.0,1.371,1.371
Resident Evil 9 Behind the Scenes #re9 #re9requiem #residentevil,https://www.youtube.com/watch?v=MkwhgwTOUPU,CasuallyDeep,https://www.youtube.com/channel/UCJZr_593ir5eqBZ72xZsFMA,2026-04-30T17:21:47.383Z,52.0,6.919,6.919
CZN Burak Pranked Me🇹🇷 #ishowspeed,https://www.youtube.com/watch?v=Sr5yHpvHiiA,IShowSpeed,https://www.youtube.com/channel/UCWsDFcIhY2DBi3GB5uykGXA,2026-04-30T17:21:33.701Z,14.0,13.682,13.682
That's my man! 🏀,https://www.youtube.com/watch?v=D-pXdU8GNm0,SOCIAL MANIA,https://www.youtube.com/channel/UCBxjH8Kjr0MUQf37h2ESgzg,2026-04-30T17:21:32.918Z,90.0,0.783,0.783
https://www.youtube.com/watch?v=pvNexLhXCUA,https://www.youtube.com/watch?v=pvNexLhXCUA,,,2026-04-30T17:20:58.331Z,,34.587,34.587
Going Back to School Tomorrow!,https://www.youtube.com/watch?v=UObUQjnR41A,Daniel Seitz,https://www.youtube.com/channel/UCWlzoNzeVkpAemoyiU4kCcw,2026-04-30T17:20:47.854Z,95.0,10.477,10.477
Do you call it soda or pop? #pregnancycraving #findingoutimpregnant,https://www.youtube.com/watch?v=xAlKeoa6V0o,Elena Sloup,https://www.youtube.com/channel/UCjgyq3jfhYCKAyuKEQLmzjw,2026-04-30T17:20:34.899Z,22.0,12.955,12.955
Blanket Training broke my heart. Those poor babies.  #shinyhappypeople #careernanny,https://www.youtube.com/watch?v=sBryLSquGWE,A Nanny’s Life,https://www.youtube.com/channel/UC2uN5MXv_YzpeslZXQgTuXg,2026-04-30T17:19:50.674Z,60.0,44.225,44.225
Paige DeSorbo Takes Us Behind The Scenes of Her Campaign with TRESemmé,https://www.youtube.com/watch?v=o5WbMHHNNjo,,,2026-04-30T17:19:42.431Z,61.0,8.243,8.243
Boyfriend Guns Down Girlfriend in AutoZone Parking Lot,https://www.youtube.com/watch?v=8q8n8MK1NfY,Law&Crime Network,https://www.youtube.com/channel/UCz8K1occVvDTYDfFo7N5EZw,2026-04-30T17:19:08.937Z,1201.0,33.494,33.494
Swoon | Truth Tellers | Liberty Mutual Insurance Commercial,https://www.youtube.com/watch?v=dE5UsXXhREw,,,2026-04-30T17:15:38.006Z,16.0,210.931,16.0
CHAOS CREATING KARENS!!-UNBELIEVABLE REVELATION-FIRST AMENDMENT ,https://www.youtube.com/watch?v=J4WsLCjQuOg,Tyrant Terminator Audits!!!,https://www.youtube.com/channel/UCfWEnytDiyfb7FowLx2nxrQ,2026-04-30T16:08:34.181Z,3041.0,4023.825,3041.0
What A Day With My AUTISTIC SON Is Really Like...,https://www.youtube.com/watch?v=dva3EgR3sNw,HiddenTyJaee,https://www.youtube.com/channel/UCjCL_B3wCnIuej43yX_FuJg,2026-04-30T16:07:46.973Z,957.0,47.208,47.208
Introducing the bold kickin’ flavor of Cheez-It Crunch!,https://www.youtube.com/watch?v=by0VsRlKi2Y,,,2026-04-30T16:06:30.254Z,16.0,76.719,16.0
iShowSpeed Tries a Volcano Mud Bath! (GONE WRONG),https://www.youtube.com/watch?v=5hZMh3vPuhw,SpeedUniverse,https://www.youtube.com/channel/UCOC64I7IV17EvSIZJ1HDfHw,2026-04-30T16:06:01.554Z,489.0,28.7,28.7
Premium Wireless for $15 Bucks a Month | Mint Mobile,https://www.youtube.com/watch?v=6xrIYKyKKpc,,,2026-04-30T16:05:34.914Z,31.0,26.64,26.64
Lemonade Renters Insurance - Goes famously with your stuff,https://www.youtube.com/watch?v=KOT-3wueDdQ,,,2026-04-30T16:05:26.144Z,44.0,8.77,8.77
DEAD SILENCE REACTION – JAMES WAN DOES NOT MISS! – FIRST TIME WATCH – REVIEW (UNRATED),https://www.youtube.com/watch?v=jPDETavzlKk,Reel Rejects,https://www.youtube.com/channel/UC7_WiJnJxpm4MRNesRttzWg,2026-04-30T15:54:31.967Z,4340.0,654.177,654.177
Cant Skip Unless The Stranger Does The Challenge! @hyphonix,https://www.youtube.com/watch?v=3s0s7Bu9CT4,Hyphonix,https://www.youtube.com/channel/UCaFpm67qMk1W1wJkFhGXucA,2026-04-30T03:14:51.861Z,15606.0,45580.106,15606.0
Delivery Done Right Audio,https://www.youtube.com/watch?v=oY8GDl4gM-E,,,2026-04-30T03:13:10.009Z,31.0,101.852,31.0
No Sweat,https://www.youtube.com/watch?v=0FaHiqCQLjM,,,2026-04-30T03:07:10.869Z,31.0,359.14,31.0
572_CM02MB_[25_42]_motion_UGC_remake_499_402_119_creo_mix_scroll_shorts_03_16x9_04PR.mp4,https://www.youtube.com/watch?v=-BWkMCYLcZE,,,2026-04-30T02:40:04.189Z,36.0,1626.68,36.0
irl stream in St. Maarten 🇸🇽 & St. Martin 🇫🇷 (THE WORLD RECORD),https://www.youtube.com/watch?v=FO_iqkxXj1I,IShowSpeed,https://www.youtube.com/channel/UCWsDFcIhY2DBi3GB5uykGXA,2026-04-30T02:34:59.051Z,10201.0,305.138,305.138
Picanti Video 16x9 Jonathan Text c 15 11 25 GUI 6V B3,https://www.youtube.com/watch?v=yC3PZ1SHGwo,,,2026-04-30T02:34:52.728Z,42.0,6.323,6.323
irl stream in Dominica 🇩🇲 & Guadeloupe 🇬🇵 & St. Kitts and Nevis 🇰🇳 & St. Maarten 🇸🇽,https://www.youtube.com/watch?v=TbHXXbxVudw,IShowSpeed,https://www.youtube.com/channel/UCWsDFcIhY2DBi3GB5uykGXA,2026-04-30T00:18:45.944Z,42174.0,8166.784,8166.784
Bring your ideas to life with Base44,https://www.youtube.com/watch?v=OugxDOargKI,,,2026-04-30T00:18:39.755Z,47.0,6.189,6.189
CRIMSON PEAK *REACTION* FIRST TIME WATCHING GUILLERMO DEL TORO'S GOTHIC WINTER GHOST STORY!,https://www.youtube.com/watch?v=oxgj1vUlwNQ,Petty Pumpkins,https://www.youtube.com/channel/UCLXA8cr8lkHSE9xBg5nmezw,2026-04-30T00:15:09.822Z,3173.0,209.933,209.933
Experian® - Taylor Rooks - Interview (:30),https://www.youtube.com/watch?v=1aGACpg-a3A,,,2026-04-30T00:13:01.166Z,31.0,128.656,31.0
Paleovalley® Beef Sticks | 30 for $36,https://www.youtube.com/watch?v=SNPsbAwDgrs,,,2026-04-30T00:12:28.534Z,14.0,32.632,14.0
JAB JAB RITUAL IN GRENADA! 🇬🇩,https://www.youtube.com/watch?v=qHoc0lmF8uY,IShowSpeed,https://www.youtube.com/channel/UCWsDFcIhY2DBi3GB5uykGXA,2026-04-30T00:12:00.797Z,32.0,27.737,27.737
Blurry: Stays for hikers and mermaids | Booking.com,https://www.youtube.com/watch?v=hZSP0YnhZmU,,,2026-04-30T00:11:44.068Z,16.0,16.729,16.0
Yonna was so Hungry 😭,https://www.youtube.com/watch?v=GGLrqBuGf58,Female Marlon,https://www.youtube.com/channel/UCCSZD8stPfc3g0WMJgMRanA,2026-04-30T00:11:40.614Z,19.0,3.454,3.454
#jakewebber #shortsviral #trending,https://www.youtube.com/watch?v=0mNBcAL0-7Q,Jake Webber,https://www.youtube.com/channel/UCzfScS0MkYf1EHTPFCYt79Q,2026-04-30T00:11:38.156Z,29.0,2.458,2.458
xQc GIRLFRIEND Gifts Him SPECIAL Present 😭 #xqc #girlfriend #relationship,https://www.youtube.com/watch?v=stsQP1rIzwA,starzy,https://www.youtube.com/channel/UCJ3LptFjIwR9Bo7jjnoqzJg,2026-04-30T00:11:00.654Z,29.0,37.502,29.0
Pixel 10a has an incredible camera and helpful AI | Order it on Fi,https://www.youtube.com/watch?v=MucmRBq9vYo,,,2026-04-30T00:05:19.913Z,23.0,340.741,23.0
Greener Future/Grow a Wild Back Yard - 2026 - 30-sec Ad,https://www.youtube.com/watch?v=CIJ1igrxpsU,,,2026-04-29T23:36:45.382Z,31.0,1714.531,31.0
Rent Day with Split Pay is Just a Tuesday,https://www.youtube.com/watch?v=T5TFKTRYTHQ,,,2026-04-29T23:36:29.526Z,31.0,15.856,15.856
5G Home Minternet | Mint Mobile,https://www.youtube.com/watch?v=CqBNJC0F-rM,,,2026-04-29T23:36:19.489Z,31.0,10.037,10.037
Big Cable Bills Spark No Joy,https://www.youtube.com/watch?v=PBT6L2XtPzM,,,2026-04-29T23:12:19.815Z,31.0,1439.674,31.0
Teen | Vrbo,https://www.youtube.com/watch?v=ygomt8jRm8Q,,,2026-04-29T23:12:16.473Z,16.0,3.342,3.342
Roblox Claims,https://www.youtube.com/watch?v=mgwZ0XUr6_0,,,2026-04-29T20:51:00.672Z,60.0,8475.801,60.0
Shortened: Roblox Claims,https://www.youtube.com/watch?v=44u4t55nfqo,,,2026-04-29T20:44:22.119Z,30.0,398.553,30.0
ER Turned Her Oxygen Off,https://www.youtube.com/watch?v=8BWN1Z8m5iU,Daniel Seitz,https://www.youtube.com/channel/UCWlzoNzeVkpAemoyiU4kCcw,2026-04-29T20:32:33.274Z,886.0,708.845,708.845
Foundayo is Now Approved!,https://www.youtube.com/watch?v=ymCeh07HD6g,,,2026-04-29T19:11:22.305Z,15.0,4870.969,15.0
Going Places with IShowSpeed I Expedia,https://www.youtube.com/watch?v=dl9YBPUD6VE,,,2026-04-29T17:42:10.546Z,16.0,5351.759,16.0
Going Places with IShowSpeed I Expedia,https://www.youtube.com/watch?v=uB4WLQQPJaQ,,,2026-04-29T16:34:49.226Z,31.0,4041.32,31.0
H OV30 V CRITICILL ZOLIEMAIL 1 169,https://www.youtube.com/watch?v=NF00q7f6boc,,,2026-04-29T16:19:39.435Z,54.0,909.791,54.0
15 Minutes of Craziest Zoom Trolling,https://www.youtube.com/watch?v=GcAHd3qiTTI,NicoIsCold,https://www.youtube.com/channel/UCraH6ehjjUB8TuIJZakgi_w,2026-04-29T16:04:05.739Z,933.0,933.696,933.0
Your Superagent is waiting,https://www.youtube.com/watch?v=DLRg19owe-4,,,2026-04-29T16:03:58.941Z,60.0,6.798,6.798
How Top Companies Control Their Business Travel Spend,https://www.youtube.com/watch?v=6cZbS_n0t4Q,,,2026-04-29T15:55:00.620Z,27.0,538.321,27.0
39 Minutes of Out of Pocket Zoom Trolling,https://www.youtube.com/watch?v=YSvNRIMcvf4,Nico Grigg,https://www.youtube.com/channel/UCYM6R9hAO4bOixJ2L7uRSQg,2026-04-29T15:34:51.484Z,2375.0,1209.136,1209.136
Social Media May Have Cost You More Than Time,https://www.youtube.com/watch?v=dzfbVskKhEA,,,2026-04-29T15:34:45.352Z,55.0,6.132,6.132
Dugan Flex#2 Apr26 Hor,https://www.youtube.com/watch?v=d0wF9E4s-5I,,,2026-04-29T15:33:33.358Z,15.0,71.994,15.0
Julie talks teen therapy,https://www.youtube.com/watch?v=1kMUXw7p3_Y,,,2026-04-29T15:33:19.294Z,58.0,14.064,14.064
17 Minutes of Offensive Zoom Trolling,https://www.youtube.com/watch?v=cxZlc6gplkA,NicoIsCold,https://www.youtube.com/channel/UCraH6ehjjUB8TuIJZakgi_w,2026-04-29T15:32:24.309Z,1053.0,54.985,54.985
IFCJ Flag Pin USA Horizontal Generic,https://www.youtube.com/watch?v=49fjeNmfscQ,,,2026-04-29T15:32:00.788Z,46.0,23.521,23.521
Answering your passions with Samsung Vision AI,https://www.youtube.com/watch?v=5_hF9cy7Zrw,,,2026-04-29T15:31:49.032Z,31.0,11.756,11.756
Sacred Geometry: Spiritual Science - Practices | Gaia,https://www.youtube.com/watch?v=uTxAVMZFUdw,,,2026-04-29T15:31:41.340Z,47.0,7.692,7.692
"Interview with the Vampire Stars Play Most Likely To | Sam Reid, Jacob Anderson",https://www.youtube.com/watch?v=tKs6Ohwv-xM,TV Guide,https://www.youtube.com/channel/UCK6aWaZl2HXEXBvGplDFxMg,2026-04-29T15:31:33.596Z,339.0,7.744,7.744
5G Home Minternet | Mint Mobile,https://www.youtube.com/watch?v=kXGL6WxUiMM,,,2026-04-29T15:31:15.364Z,31.0,18.232,18.232
VS Mother's Day featuring Adriana Lima - Modeled After Mom,https://www.youtube.com/watch?v=WUkSHR8-A4M,,,2026-04-29T15:31:01.364Z,25.0,14.0,14.0
16 Minutes of the Funniest Zoom Trolling,https://www.youtube.com/watch?v=5VEto1CcHVE,NicoIsCold,https://www.youtube.com/channel/UCraH6ehjjUB8TuIJZakgi_w,2026-04-29T10:37:33.363Z,996.0,17608.001,996.0
Introducing Base44’s Big Game Full Ad “It’s App to You”,https://www.youtube.com/watch?v=kLdaIxDM-_Y,,,2026-04-29T10:37:25.147Z,56.0,8.216,8.216
Never Visiting Grandma Again…,https://www.youtube.com/watch?v=8oC1jcNZxhM,CaseOh,https://www.youtube.com/channel/UC63anZxfVGHUEmfBAf5w7pw,2026-04-29T07:57:19.461Z,3856.0,9605.686,3856.0
Interviewing the Vampires with Eric Bogosian | Interview with the Vampire | Streaming Now on AMC+,https://www.youtube.com/watch?v=dF7CThz2iRk,amc+,https://www.youtube.com/channel/UCmxURUIJXKnoC7_i1fPhs7Q,2026-04-29T07:49:05.373Z,486.0,494.088,486.0
We Pitched Offensive Ideas To Strangers,https://www.youtube.com/watch?v=lz3088bex3w,Family Friendly,https://www.youtube.com/channel/UCrR-9qug_zHoiBBGTXGP2Hw,2026-04-29T06:31:15.505Z,1572.0,4669.868,1572.0
Titanic (1997) | First Time Watching,https://www.youtube.com/watch?v=52egQ3s8dqA,Jack & Dan React,https://www.youtube.com/channel/UCdaukIlzWQnVo_WLB-NjX7w,2026-04-29T05:27:02.086Z,5191.0,3853.419,3853.419
I Built Myself an At-Home Spa From Instagram,https://www.youtube.com/watch?v=R9jdMulc2iI,Safiya Nygaard,https://www.youtube.com/channel/UCbAwSkqJ1W_Eg7wr3cp5BUA,2026-04-29T05:25:03.066Z,1949.0,119.02,119.02
Noah Beck’s Teacher Mom Placed on Leave After Nasty Video Resurfaces,https://www.youtube.com/watch?v=xrvisvrgV0I,Law&Crime Network,https://www.youtube.com/channel/UCz8K1occVvDTYDfFo7N5EZw,2026-04-29T05:23:53.534Z,1020.0,69.532,69.532
Hope Valley: 1874 | Exclusive Hallmark+ Original Series,https://www.youtube.com/watch?v=pY4LffPJMLM,,,2026-04-29T05:23:05.394Z,31.0,48.14,31.0
lululemon | NAM | US | Q1 MUST WIN | 15s | V1 SL | W-16x9,https://www.youtube.com/watch?v=M5qLP5dEZvw,,,2026-04-29T05:17:38.117Z,16.0,327.277,16.0
The Answer | Chewy Commercial,https://www.youtube.com/watch?v=95xEU7uiVIk,,,2026-04-29T05:17:35.166Z,31.0,2.951,2.951
SHOCKING cause of Deadly Meat Allergy: Medical Mystery Solved!,https://www.youtube.com/watch?v=4o7EOBCbwHA,Violin MD,https://www.youtube.com/channel/UCiamy6DLsjIeCgfz8TLXg9Q,2026-04-29T05:17:16.245Z,933.0,18.921,18.921
Bilqees Transparency | K12 #k12 #virtual #onlinelearning #education,https://www.youtube.com/watch?v=5l-0vMA9fnc,,,2026-04-29T05:17:05.313Z,25.0,10.932,10.932
Punjabi Stereotypes are TRUE!,https://www.youtube.com/watch?v=JkaO3_aP430,Akaash Singh,https://www.youtube.com/channel/UCdFGdIh0CZa_oF8MJAowsEw,2026-04-29T05:16:25.609Z,32.0,39.704,32.0
Woman’s Hilarious Rant ROASTS Salad Shrinkflation,https://www.youtube.com/watch?v=GEgW6HB7rW4,The Dangerous Ones,https://www.youtube.com/channel/UCGqOl-QNQJZaNVG3d0lLMYA,2026-04-29T05:16:23.990Z,83.0,1.619,1.619
A teenage boy is never safe in the kitchen.😂🍽️ #TeenAppetite #viral#funny #fyp #teenageboy#food,https://www.youtube.com/watch?v=HqyV2Evvg_4,funny.cat_paradis.0105,https://www.youtube.com/channel/UCMz0SC8tVsAhHFQoORQdyzA,2026-04-29T05:16:16.530Z,59.0,7.46,7.46
That’s just what New York apartments are like.🤣#newyork #apartment #foryou #funny #funnyvideo,https://www.youtube.com/watch?v=kag32EM5fno,PawPrints,https://www.youtube.com/channel/UCWfU4D34J3kSK_GEHtXNtvg,2026-04-29T05:16:15.345Z,59.0,1.185,1.185
"Best Tropical Rainbow Sorbet 🍧🌈🥭 Easy Raw Vegan Ice Cream Recipe! 🍓 Simple, Heathy, & Delicious!",https://www.youtube.com/watch?v=9NRK1_0WlQ0,FullyRawKristina,https://www.youtube.com/channel/UC_cOrj8dlCqYnGgp0xdkxow,2026-04-29T05:14:56.897Z,60.0,78.448,60.0
Woman Hides in Mall Bathroom for Hours—Police Force Her Out & Instantly Regret What They Find,https://www.youtube.com/watch?v=bFL9C7QjRm4,Real World Police5,https://www.youtube.com/channel/UCBp67ylEHji0O8IBL0bQI7A,2026-04-29T05:14:23.478Z,2309.0,33.419,33.419
Woman Forces Cops to Drag Her From The Hospital,https://www.youtube.com/watch?v=PBv14w2o3cY,Police Insider,https://www.youtube.com/channel/UCGBZFFufYgUJ56MCvfyAXfA,2026-04-29T05:08:32.946Z,512.0,350.532,350.532
2512 VID OH EN Prospecting Value M PA Doctor IfYoureCaring Shoot AGC 16 9 30s V2,https://www.youtube.com/watch?v=BeXzb9mUcXs,,,2026-04-29T05:08:26.196Z,30.0,6.75,6.75
EXP_b_Fy26-2418_ECWApp_YouTube_AlessandraAppsonApps_6s,https://www.youtube.com/watch?v=iOaj2jahCk0,,,2026-04-29T05:08:02.378Z,7.0,23.818,7.0
Demand Gen | heroes cover new users video en 1920x1080,https://www.youtube.com/watch?v=gmcr60McSrs,,,2026-04-29T05:07:56.606Z,10.0,5.772,5.772
Realtor.com | Market Clock - Eye at Camera,https://www.youtube.com/watch?v=nz0e1bK3btI,,,2026-04-29T05:07:50.175Z,20.0,6.431,6.431
Picanti Video 16x9 Leslie Text c 27 08 25 GUI 1V A3,https://www.youtube.com/watch?v=v_luuxLF1Lc,,,2026-04-29T05:07:44.398Z,36.0,5.777,5.777
Johnny Somali Had a Gay Affair with NedX,https://www.youtube.com/watch?v=XcaV4VDkAVY,Exposing Johnny Somali,https://www.youtube.com/channel/UCFcTUriCZXm9qeqqmUArwjg,2026-04-29T04:08:53.910Z,10.0,3530.488,10.0
The High Cost of Illegal Immigration,https://www.youtube.com/watch?v=H8lLU7XjcWc,Federation for American Immigration Reform,https://www.youtube.com/channel/UC-cBbqorFmquilxI8KylKwA,2026-04-28T23:20:53.813Z,139.0,17280.097,139.0
STUDENT V3 update,https://www.youtube.com/watch?v=WKmw7_K6lPs,,,2026-04-28T17:38:59.962Z,87.0,20513.851,87.0
Pixel 10a has an incredible camera and helpful AI | Order it on Fi,https://www.youtube.com/watch?v=MucmRBq9vYo,,,2026-04-28T17:38:50.529Z,23.0,9.433,9.433
Know Your Work Is Original With Grammarly’s Plagiarism Checker,https://www.youtube.com/watch?v=VBAQr43v5hc,,,2026-04-28T17:38:40.386Z,45.0,10.143,10.143
5G Home Minternet | Mint Mobile,https://www.youtube.com/watch?v=CqBNJC0F-rM,,,2026-04-28T17:38:21.885Z,31.0,18.501,18.501
Mom Used Newborn in Stroller to Steal from Sephora,https://www.youtube.com/watch?v=riN4vLIfEYk,Law&Crime Network,https://www.youtube.com/channel/UCz8K1occVvDTYDfFo7N5EZw,2026-04-28T17:27:24.899Z,1206.0,656.986,656.986
EXP_b_Fy26-2418_ECWApp_YouTube_AlessandraAppsonApps_6s,https://www.youtube.com/watch?v=iOaj2jahCk0,,,2026-04-28T17:26:59.685Z,7.0,25.214,7.0
Rent Day with Split Pay is Just a Tuesday,https://www.youtube.com/watch?v=T5TFKTRYTHQ,,,2026-04-28T17:26:53.927Z,31.0,5.758,5.758
Shortened: Roblox Claims,https://www.youtube.com/watch?v=44u4t55nfqo,,,2026-04-28T17:26:36.498Z,30.0,17.429,17.429
Clarity,https://www.youtube.com/watch?v=T0tQtioEULM,,,2026-04-28T17:26:29.618Z,21.0,6.88,6.88
LB S29 V4 S2,https://www.youtube.com/watch?v=gC199Y3JuCE,,,2026-04-28T17:26:08.590Z,173.0,21.028,21.028
PMax en | body hook 1 new users video en 1920x1080,https://www.youtube.com/watch?v=63K-Y-R4pqA,,,2026-04-28T17:22:46.146Z,45.0,202.444,45.0
MRK170_Ads_A_16x9_v5.mp4,https://www.youtube.com/watch?v=tzwcUZdwOKA,,,2026-04-28T17:10:51.046Z,16.0,715.1,16.0
“I’M ASKING YOU TO LEAVE!! NOW YOU’RE TRESPASSING”-FIRST AMENDMENT ,https://www.youtube.com/watch?v=ZyytmtNGJSk,Tyrant Terminator Audits!!!,https://www.youtube.com/channel/UCfWEnytDiyfb7FowLx2nxrQ,2026-04-28T16:59:48.023Z,1590.0,663.023,663.023
TWILIGHT: BREAKING DAWN - PART 1 MOVIE REACTION– THIS MARRIAGE IS OFF TO A HORRIBLE START! -REVIEW ,https://www.youtube.com/watch?v=A6xeDQkLy30,Reel Rejects,https://www.youtube.com/channel/UC7_WiJnJxpm4MRNesRttzWg,2026-04-28T16:58:54.538Z,5453.0,53.485,53.485
Nike LD-1000 'EDITION A',https://www.youtube.com/watch?v=NytPbJoIw0U,,,2026-04-28T16:58:43.058Z,16.0,11.48,11.48
DREO RO Water Filter 112 | The Most Compact Yet Powerful Countertop Water Filter,https://www.youtube.com/watch?v=ygFmIOvBMvc,,,2026-04-28T16:58:33.017Z,83.0,10.041,10.041
5G Home Minternet | Mint Mobile,https://www.youtube.com/watch?v=kXGL6WxUiMM,,,2026-04-28T16:49:21.909Z,31.0,551.108,31.0
Concept 2   V2 1920x1080 px,https://www.youtube.com/watch?v=uGRmDJD36IU,,,2026-04-28T15:54:36.916Z,30.0,3284.993,30.0
Rula Step by Step,https://www.youtube.com/watch?v=sTifIv2RpK0,,,2026-04-28T15:54:13.251Z,18.0,23.665,18.0
Picanti Video 16x9 Leslie Text c 27 08 25 GUI 1V A3,https://www.youtube.com/watch?v=v_luuxLF1Lc,,,2026-04-28T15:54:05.544Z,36.0,7.707,7.707
I Worked At A Daycare…,https://www.youtube.com/watch?v=Jm6y901-lxg,CaseOh,https://www.youtube.com/channel/UC63anZxfVGHUEmfBAf5w7pw,2026-04-28T15:53:46.767Z,4513.0,18.777,18.777
Base44 Superagents - Your Personal AI Agent,https://www.youtube.com/watch?v=mHUVjd8-BF8,,,2026-04-28T15:53:41.103Z,60.0,5.664,5.664
Savings Wrangler Elevator 15 $39,https://www.youtube.com/watch?v=nJdcIUmtxOI,,,2026-04-28T15:53:35.979Z,16.0,5.124,5.124
The Early Midlife Crisis: The Visibility Gap S3E6,https://www.youtube.com/watch?v=ak_bAzt7LGs,,,2026-04-28T15:36:50.792Z,2360.0,1005.187,1005.187
Burger King® | There’s a New King and It’s You.,https://www.youtube.com/watch?v=FVQIrrRAyTA,,,2026-04-28T15:36:43.737Z,7.0,7.055,7.0
I Tested The Most Dangerous Hair Tools For Science,https://www.youtube.com/watch?v=mGBtYZr5l28,Houston Jones,https://www.youtube.com/channel/UCNRW1846nhED2nBdOSAKteA,2026-04-28T15:32:20.304Z,1245.0,263.433,263.433
Codex Andrew 1 SentryAutomation 16x9 h264,https://www.youtube.com/watch?v=Pr7FcbtRhbk,,,2026-04-28T15:30:12.316Z,39.0,127.988,39.0
CURSE OF CHUCKY absolutely ate with *those* post-credit scenes !!!,https://www.youtube.com/watch?v=_HYIINdRTm0,she's scared,https://www.youtube.com/channel/UChx5mPZFkHeMOMnWAYYv0mA,2026-04-28T15:25:30.180Z,1867.0,282.136,282.136
Big Cable Bills Spark No Joy,https://www.youtube.com/watch?v=PBT6L2XtPzM,,,2026-04-28T15:20:22.137Z,31.0,308.043,31.0
oba 30 bw sy,https://www.youtube.com/watch?v=VhfdQLPBw6o,,,2026-04-28T15:19:52.834Z,31.0,29.303,29.303
This wasn’t how our beach day was supposed to go…,https://www.youtube.com/watch?v=pZZe5U8GLmI,Jatie Vlogs,https://www.youtube.com/channel/UCnM1ay_QoQOpa1N2iejLA7A,2026-04-28T08:00:04.527Z,706.0,26388.307,706.0
EVE X Apple,https://www.youtube.com/watch?v=I0fIN3MkcvE,,,2026-04-28T00:50:56.888Z,48.0,25747.639,48.0
Golf (Short) | LiMu Emu & Doug | Liberty Mutual Insurance Commercial,https://www.youtube.com/watch?v=OuB4R4KgUjo,,,2026-04-28T00:50:54.895Z,16.0,1.993,1.993
5G Home Minternet | Mint Mobile,https://www.youtube.com/watch?v=kXGL6WxUiMM,,,2026-04-28T00:50:52.118Z,31.0,2.777,2.777
Start today with Printify!,https://www.youtube.com/watch?v=Q9-fqV8wcl8,,,2026-04-27T04:05:37.770Z,23.0,74714.348,23.0
Resident Evil Requiem (Part 6) - Scary Streaming Sunday #121,https://www.youtube.com/watch?v=0Cb1I7_cJfY,The Horror Bandwagon,https://www.youtube.com/channel/UCyTNyY2rlrydjAOdl25gWGg,2026-04-27T01:11:45.851Z,9377.0,10431.919,9377.0
Create a website with one sentence using Base44,https://www.youtube.com/watch?v=zR2Nx_jAD-4,,,2026-04-27T01:11:39.225Z,46.0,6.626,6.626
I Found A Mansion In The Woods…,https://www.youtube.com/watch?v=IzTbihTD2iE,CaseOh,https://www.youtube.com/channel/UC63anZxfVGHUEmfBAf5w7pw,2026-04-27T00:57:25.164Z,4255.0,854.061,854.061
Pixel 10a has an incredible camera and helpful AI | Order it on Fi,https://www.youtube.com/watch?v=MucmRBq9vYo,,,2026-04-27T00:57:10.041Z,23.0,15.123,15.123
Deepfake AI – How Dangerous Is It? #shorts #deepfake,https://www.youtube.com/watch?v=Fyzr6jbSI_I,VICE,https://www.youtube.com/channel/UCn8zNIfYAQNdrFRrr8oibKw,2026-04-26T23:39:48.460Z,39.0,4641.581,39.0
Musk reshapes Grok AI after backlash over antisemitic responses #Shorts,https://www.youtube.com/watch?v=5sQeivm12x0,USA TODAY,https://www.youtube.com/channel/UCP6HGa63sBC7-KHtkme-p-g,2026-04-26T23:38:29.140Z,80.0,79.32,79.32
"Humanoid robot describes ""nightmare scenario"" with robotics and AI #shorts",https://www.youtube.com/watch?v=QF-Vu93C4m0,CBS News,https://www.youtube.com/channel/UC8p1vwvWtl6T73JiExfWs1g,2026-04-26T23:37:54.480Z,35.0,34.66,34.66
How OpenAI’s Changes Sent Some Users Spiraling,https://www.youtube.com/watch?v=mEahc3UbSq4,The New York Times,https://www.youtube.com/channel/UCqnbDFdCpuN8CMEg0VuEBqA,2026-04-26T23:34:54.649Z,180.0,179.831,179.831
Tech billionaires seem to be doom prepping. Should we be worried? #AI #Tech #BBCNews,https://www.youtube.com/watch?v=jimldQT1pQw,BBC News,https://www.youtube.com/channel/UC16niRr50-MSBwiO3YDb3RA,2026-04-26T23:34:01.388Z,54.0,53.261,53.261
BI investigated the footprint of 1k+ #datacenters to see real-life consequences of #ai. #tech,https://www.youtube.com/watch?v=7rEzhCwPhqc,Business Insider,https://www.youtube.com/channel/UCcyq283he07B7_KUX07mmtA,2026-04-26T23:31:17.401Z,164.0,163.987,163.987
Is AI making you stupid?,https://www.youtube.com/watch?v=A3S8yzJ4oBM,The Economist,https://www.youtube.com/channel/UC0p5jTq6Xx_DosDFxVXnWaQ,2026-04-26T23:28:35.586Z,162.0,161.815,161.815
Could the AI bubble pop?,https://www.youtube.com/watch?v=iWl7OMxZSUU,The Economist,https://www.youtube.com/channel/UC0p5jTq6Xx_DosDFxVXnWaQ,2026-04-26T23:25:39.189Z,177.0,176.397,176.397
Open AI's CTO on Having a Relationship With an AI,https://www.youtube.com/watch?v=q6yq1i7vd9E,Bloomberg Originals,https://www.youtube.com/channel/UCUMZ7gohGI9HcU9VNsr2FJQ,2026-04-26T23:23:45.832Z,57.0,113.357,57.0
Bill Gates Gets Real About AI,https://www.youtube.com/watch?v=uoU_1KORocQ,Bloomberg Originals,https://www.youtube.com/channel/UCUMZ7gohGI9HcU9VNsr2FJQ,2026-04-26T23:22:52.192Z,54.0,53.64,53.64
‘Risk of extinction' warning issued by AI developers,https://www.youtube.com/watch?v=h89iKqL1bRg,CNN,https://www.youtube.com/channel/UCupvZG-5ko_eiXAupbDfxWw,2026-04-26T23:22:06.597Z,46.0,45.595,45.595
'Godfather of AI' has a plan for humanity to survive AI,https://www.youtube.com/watch?v=Wd8RzZ3xn7w,CNN,https://www.youtube.com/channel/UCupvZG-5ko_eiXAupbDfxWw,2026-04-26T23:20:50.024Z,77.0,76.573,76.573
AI security system mistakes student's empty Doritos bag for gun,https://www.youtube.com/watch?v=Khf6o0t-9zg,CNN,https://www.youtube.com/channel/UCupvZG-5ko_eiXAupbDfxWw,2026-04-26T23:19:18.797Z,92.0,91.227,91.227
AI expert shows how easy it is to impersonate someone,https://www.youtube.com/watch?v=EEw-7zVs8wE,CNN,https://www.youtube.com/channel/UCupvZG-5ko_eiXAupbDfxWw,2026-04-26T23:16:31.776Z,167.0,167.021,167.0
ChatGPT creator is now worried about AI,https://www.youtube.com/watch?v=0kIhwa1e_5M,CNN,https://www.youtube.com/channel/UCupvZG-5ko_eiXAupbDfxWw,2026-04-26T23:15:34.876Z,57.0,56.9,56.9
See AI Putin ask real Putin about body doubles,https://www.youtube.com/watch?v=rfIhRjFOpuc,CNN,https://www.youtube.com/channel/UCupvZG-5ko_eiXAupbDfxWw,2026-04-26T23:14:51.032Z,44.0,43.844,43.844
The Real Cost of Your AI Use: Inside a Power-Hungry Data Center,https://www.youtube.com/watch?v=Tx0uoiuLAZg,The Wall Street Journal,https://www.youtube.com/channel/UCK7tptUDHh-RYDsdxO1-5QQ,2026-04-26T23:10:16.865Z,175.0,274.167,175.0
AI Needs Copper—Can the World Deliver? | Presented by CME Group,https://www.youtube.com/watch?v=6H17LkJB7U4,Bloomberg News,https://www.youtube.com/channel/UChirEOpgFCupRAk5etXqPaA,2026-04-26T23:08:53.124Z,80.0,83.741,80.0
Elon Musk on AI: 'There Will Come a Point When No Job Is Needed',https://www.youtube.com/watch?v=HbiyTZae61A,Bloomberg News,https://www.youtube.com/channel/UChirEOpgFCupRAk5etXqPaA,2026-04-26T23:07:53.674Z,60.0,59.45,59.45
Is Generative AI an Existential Threat to the Human Species?,https://www.youtube.com/watch?v=9fogzZ_6kR0,Bloomberg News,https://www.youtube.com/channel/UChirEOpgFCupRAk5etXqPaA,2026-04-26T23:07:08.741Z,34.0,44.933,34.0
