title,link,channel,channel_link,date,video_length,time_diff,watch_time
Enterprise: Here For It :30 (US English),https://www.youtube.com/watch?v=abjQAzTkaE8,,,2026-05-12T01:55:13.119Z,31.0,,31.0
Woman Realizes She Was Caught on Camera Attacking 11-Year-Old,https://www.youtube.com/watch?v=qrBL_IAoPqk,EWU Bodycam,https://www.youtube.com/channel/UCRmnt09hfWo6hD574tLVVDQ,2026-05-11T21:36:43.537Z,823.0,15509.582,823.0
"Man Slashes 8-Year-Old's Neck, Crowd Instantly Fights Back",https://www.youtube.com/watch?v=8Ndobf4Yqfg,EWU Bodycam,https://www.youtube.com/channel/UCRmnt09hfWo6hD574tLVVDQ,2026-05-11T21:36:25.170Z,764.0,18.367,18.367
Kill Tony's FIRST EVER Regular Promotion!,https://www.youtube.com/watch?v=hOr6ZP-S548,StageRatz,https://www.youtube.com/channel/UC_UJXRwE4wVW8ynFRAAbxcg,2026-05-11T21:32:54.918Z,,210.252,210.252
Yup #trending #viralvideo #fyp #viral #america #disney #explore #shorts,https://www.youtube.com/watch?v=0VT8lBUzGQg,ArteaGANG.,https://www.youtube.com/channel/UCeTfTWqU9eW3Y2gU2HE_JqA,2026-05-11T21:32:49.128Z,12.0,5.79,5.79
Airbnb owner comes home to yns throwing a party 😂,https://www.youtube.com/watch?v=ZgKer8TQUBw,OnnaComeUp! ,https://www.youtube.com/channel/UC_ohBfgTwARVhMwockCoiBQ,2026-05-11T21:32:40.921Z,46.0,8.207,8.207
Wait till the end !!! #funny Asl,https://www.youtube.com/watch?v=KbpRvaiUlwA,RideServ ,https://www.youtube.com/channel/UCG6GCm4qZQZk2fhPDXARt0Q,2026-05-11T21:32:40.354Z,50.0,0.567,0.567
Brainrot Uber Part 3 #funny #viral #youtubeshorts #shorts #memes #xyzbca #reels #trending #explore,https://www.youtube.com/watch?v=kkP5Or-ay-0,Fishward,https://www.youtube.com/channel/UC1Is0CzFEjCFGvH0DJLZTCA,2026-05-11T21:32:17.993Z,23.0,22.361,22.361
Funny VR Moments 🤣🤣,https://www.youtube.com/watch?v=u0HQuqHD8og,BestRankings,https://www.youtube.com/channel/UCUWXsJTFqbml1oHxVux3-pw,2026-05-11T21:32:16.033Z,80.0,1.96,1.96
Tony Hinchcliffe's Unhinged George Floyd Joke!!! 😂😂😂 | The roast of Kevin Hart,https://www.youtube.com/watch?v=1uvMkyy_MwE,LifeofLogos,https://www.youtube.com/channel/UCNrnx5h8mMjZEQqbbVXVMkA,2026-05-11T21:31:57.722Z,,18.311,18.311
He observed. He reported💯 #games #funny #reaction #shorts #streamer #gaming #youtubeshorts,https://www.youtube.com/watch?v=UkLBsLrQyhY,PresidentLloyd Everything,https://www.youtube.com/channel/UCYlNeXiwyOfZQi3qPvZz2tg,2026-05-11T21:31:40.057Z,10.0,17.665,10.0
Crazy Couple in vegas prank #funny #pranksong @ComedianCarlosA ​ @AuraBlu,https://www.youtube.com/watch?v=jLhU4ByDpew,Amir The Amiracle Comedian 🌹  🎸 ,https://www.youtube.com/channel/UCOK5GuZlzXOainzPMhRctAg,2026-05-11T21:31:27.304Z,49.0,12.753,12.753
Part 2/3 Judge Fleischer #court  #judge #judgefleischer #courtroomdrama #judgeboyd  #judgesimpson,https://www.youtube.com/watch?v=6y10rBTCR1M,Justice Verdict,https://www.youtube.com/channel/UCAv57_fXMT-gZzgGybUxzmg,2026-05-11T21:30:46.684Z,40.0,40.62,40.0
Meet the star of your coffee routine. It's the real deal.,https://www.youtube.com/watch?v=Jmf7p_kAMFY,,,2026-05-11T21:30:44.943Z,25.0,1.741,1.741
What Does That Mean? BOW! | Anderson Burrus vs DOT | Rap Battle Clip,https://www.youtube.com/watch?v=8oafef1nXb0,Anderson Burrus,https://www.youtube.com/channel/UCQ5vazfoAsuCGEg-kwMgUzQ,2026-05-11T21:29:17.945Z,44.0,86.998,44.0
Jesus Accepts You #shorts,https://www.youtube.com/watch?v=Zt2rMKLjtNQ,Band of Warriors for Christ,https://www.youtube.com/channel/UCCWOHPT1if4yrQ19ov3ihpQ,2026-05-11T21:29:14.698Z,28.0,3.247,3.247
This is who you are loosing to in warzone #warzone #resurgence,https://www.youtube.com/watch?v=39cnnNHNqAM,Josh Conville,https://www.youtube.com/channel/UC9tLWQoXlXG8Mef2rZLsEZA,2026-05-11T21:28:51.234Z,16.0,23.464,16.0
Song - Whatchu Gonna Do by mr flintstone #jerseyclub #producer #jersey #dance #fypシ,https://www.youtube.com/watch?v=jU-ZE1qfU1g,Mr Flintstone,https://www.youtube.com/channel/UCERSae6yic9Ven4n0WLa6Cg,2026-05-11T21:28:41.181Z,13.0,10.053,10.053
Paid Media | YouTube Shorts | Sole Series ASMR | 9x16 | 20s,https://www.youtube.com/watch?v=3_NS57LRLCA,,,2026-05-11T21:28:39.210Z,20.0,1.971,1.971
Blasting Very Uncalled For Tutorials Inside Panda Express 😂😂 Via @Asiankidstevo #funny #pranks,https://www.youtube.com/watch?v=7oRrgvVXhB0,StevoHub,https://www.youtube.com/channel/UCnbQy4yv7lxA-U0Gl347hRQ,2026-05-11T21:26:57.163Z,62.0,102.047,62.0
Insane Trick Shot Captured Live Explodes Online #Funny #Viral,https://www.youtube.com/watch?v=kXRbrL4elSw,Matt Sowards,https://www.youtube.com/channel/UC3yXq9Wo1pCgeEU4xZNcsDQ,2026-05-11T21:26:55.953Z,8.0,1.21,1.21
Blurry: SB Paid YT Trueview Fridays,https://www.youtube.com/watch?v=FbH059Ip23M,,,2026-05-11T21:26:54.740Z,31.0,1.213,1.213
Police Rescue Kids Trapped in Man’s Basement😳😫🚔#bodycam #lawenforcement #police #cops #crime #law,https://www.youtube.com/watch?v=st25--HVYiQ,Police Cam Chaos,https://www.youtube.com/channel/UCvYHi7fyM5uIGXZsAm4NgoQ,2026-05-11T21:26:53.007Z,49.0,1.733,1.733
⁠yall I think my dad got anger issues😭,https://www.youtube.com/watch?v=Tt9XkbquDjA,80ktwins,https://www.youtube.com/channel/UCpR6ROzgBTfpJ7FZTVyNsvA,2026-05-11T21:26:16.081Z,72.0,36.926,36.926
Blurry: Smith & Hassler Tell Them You Mean Business,https://www.youtube.com/watch?v=_mLEcnVVzwc,,,2026-05-11T21:26:14.396Z,63.0,1.685,1.685
Pentagram Doom Metal Bobby Liebling Death Metal Stoner Metal Black Metal,https://www.youtube.com/watch?v=_OAp-YO8cDQ,Apostate Music,https://www.youtube.com/channel/UCXCYXwk8pCYzp27Jcv-1Mbg,2026-05-11T21:26:07.291Z,5.0,7.105,5.0
Song - Whatchu Gonna Do by Mr Flintstone #jerseyclub #jersey #dance #producer,https://www.youtube.com/watch?v=H8Svs22o3Fw,Mr Flintstone,https://www.youtube.com/channel/UCERSae6yic9Ven4n0WLa6Cg,2026-05-11T21:26:03.511Z,19.0,3.78,3.78
Blurry: svod_uac|UA|BL|S2|Moment|1x1|15s|en|dub|WatchDubbed-BAU-US,https://www.youtube.com/watch?v=V5qXfJjpY1U,,,2026-05-11T21:26:00.899Z,16.0,2.612,2.612
Tony Hinchcliffe Destroys Kevin Hart!!! 😂😂😂 | The Roast Of Kevin Hart,https://www.youtube.com/watch?v=4KdF0uLAiFs,LifeofLogos,https://www.youtube.com/channel/UCNrnx5h8mMjZEQqbbVXVMkA,2026-05-11T21:25:07.211Z,,53.688,53.688
Always a DJ Fitforeal Remix #djfitforeal #love #amapiano #ﬁtness #hiphop #classicsoul #206reps,https://www.youtube.com/watch?v=BMfVSmSUC0Y,DJ Fitforeal,https://www.youtube.com/channel/UCAZF82tUyQIOEWJSaPqG9fg,2026-05-11T21:25:03.961Z,37.0,3.25,3.25
#fypシ゚viral #funnyshorts #instagram #youareoneofakind #virlfunnyvideo #lionking,https://www.youtube.com/watch?v=zj2XUoNDzyE,BCBSAVAGE,https://www.youtube.com/channel/UC7awihE0U9FGfSyye521N7Q,2026-05-11T21:24:18.747Z,23.0,45.214,23.0
Kendrick Lamar Beefing W/ Schoolboy Q?,https://www.youtube.com/watch?v=L_VIcZqAsug,Big Boy's Neighborhood,https://www.youtube.com/channel/UCaGF50DDZY8K1iRuY23Y8qQ,2026-05-11T21:24:07.965Z,43.0,10.782,10.782
Erica Baty Updated Kroger Chicken in a Bag,https://www.youtube.com/watch?v=CN8ODU0PJQg,,,2026-05-11T21:24:06.155Z,21.0,1.81,1.81
#illustration #tattoo #art #pov #procreate #drawing #whydidntmyexcomeback #digitalart,https://www.youtube.com/watch?v=pXr-u-zQIdA,Kangna Pawaiya,https://www.youtube.com/channel/UCfd9QMNcmBdeZugTKHxs2iA,2026-05-11T21:23:19.781Z,54.0,46.374,46.374
Sugarhill Ddot is a FREAK! #sugarhillddot #ddosama,https://www.youtube.com/watch?v=B9OS-_sahrY,DrillSection,https://www.youtube.com/channel/UCLPPzqfSX7Gf7rtZ_TL5S0g,2026-05-11T21:23:13.066Z,13.0,6.715,6.715
Blurry: Acting Up - 15s ENG_Optimized,https://www.youtube.com/watch?v=ZbAOlsNhOQE,,,2026-05-11T21:23:11.186Z,16.0,1.88,1.88
Is Charlie Clips in Your Top 5?   #battlerap #bars,https://www.youtube.com/watch?v=pynhMFgFmpI,OnlyBarsTV,https://www.youtube.com/channel/UCtfvlhaJ8Yt6VzeApe3hslA,2026-05-11T21:22:59.114Z,176.0,12.072,12.072
Song - Whatchu Gonna Do by mr flintstone #jerseyclub #producer #jersey #dance #fypシ,https://www.youtube.com/watch?v=xRmZCWRgGzc,Mr Flintstone,https://www.youtube.com/channel/UCERSae6yic9Ven4n0WLa6Cg,2026-05-11T21:22:27.970Z,11.0,31.144,11.0
Find spring looks for kids.,https://www.youtube.com/watch?v=FfUPwDzgGnc,,,2026-05-11T21:22:26.116Z,16.0,1.854,1.854
☠️😭 #jerseyclub #fyp #jerseyclubremix #remix #jersey #subscribe #beats #shorts #clips #football,https://www.youtube.com/watch?v=8X1kKKMRR1g,l1lroldyy,https://www.youtube.com/channel/UC5tOGow9HQpYYEJSXOJHXmw,2026-05-11T21:22:18.660Z,15.0,7.456,7.456
Bro needs to be stopped😂 #rdr2 #reddeadredemption,https://www.youtube.com/watch?v=ban21NnL6pM,Elijah Wordly,https://www.youtube.com/channel/UCeS6WvOUhZmmQIIsLpXn_Sg,2026-05-11T21:22:17.181Z,91.0,1.479,1.479
Blurry: #StandUpToJewishHate: Tony,https://www.youtube.com/watch?v=aOK4dowP2LQ,,,2026-05-11T21:22:15.725Z,31.0,1.456,1.456
Anderson Burrus vs Gritzzz (HBCU Battle Clip) #rapbattle #comedy #college #hbcu #hiphop,https://www.youtube.com/watch?v=Zhpa5GM3AhA,Anderson Burrus,https://www.youtube.com/channel/UCQ5vazfoAsuCGEg-kwMgUzQ,2026-05-11T21:21:15.688Z,57.0,60.037,57.0
Anderson Burrus vs J2 [Clip],https://www.youtube.com/watch?v=KZVc8gYxhb0,Anderson Burrus,https://www.youtube.com/channel/UCQ5vazfoAsuCGEg-kwMgUzQ,2026-05-11T21:20:12.968Z,60.0,62.72,60.0
Shortened: Way of the Hunter 2 | Bergara Trailer,https://www.youtube.com/watch?v=26kLfbTObak,,,2026-05-11T21:20:08.749Z,40.0,4.219,4.219
Get Your Attention Span Back | Do Your Best Work With Superhuman,https://www.youtube.com/watch?v=tD-8PWM00Jk,,,2026-05-11T21:20:04.893Z,31.0,3.856,3.856
Kidnapper Realizes Cops Found His Victim in a Box,https://www.youtube.com/watch?v=jOIJygIfyAc,EWU Bodycam,https://www.youtube.com/channel/UCRmnt09hfWo6hD574tLVVDQ,2026-05-11T21:10:20.831Z,1361.0,584.062,584.062
Evil Dad Realizes Cops Found His Disturbing Secret,https://www.youtube.com/watch?v=H3G8fwIU9v4,Dr Insanity,https://www.youtube.com/channel/UCjnYCUIym8wNRjLtZCc6gNg,2026-05-11T21:10:19.094Z,1070.0,1.737,1.737
Stranded Motorist Hides a Disturbing Secret,https://www.youtube.com/watch?v=ULEON70O9nY,EWU Bodycam,https://www.youtube.com/channel/UCRmnt09hfWo6hD574tLVVDQ,2026-05-11T21:10:16.180Z,1103.0,2.914,2.914
Introducing Base44’s Big Game Full Ad “It’s App to You”,https://www.youtube.com/watch?v=kLdaIxDM-_Y,,,2026-05-11T21:09:57.680Z,56.0,18.5,18.5
Dating App | Truth Tellers | Liberty Mutual Insurance Commercial,https://www.youtube.com/watch?v=FF8IHX-nYWE,,,2026-05-11T21:07:26.900Z,31.0,150.78,31.0
"So Many Tools, Too Little Time? Stay in the Flow With Superhuman",https://www.youtube.com/watch?v=iYq4R2y1N7Y,,,2026-05-11T21:03:09.314Z,53.0,257.586,53.0
E-40 - 1-Luv (Official Video) ft. Leviti,https://www.youtube.com/watch?v=cuM2nzz2PmQ,E40VEVO,https://www.youtube.com/channel/UC-tDtay-KBnW7nuZ0lHAGQA,2026-05-11T17:18:11.889Z,280.0,13497.425,280.0
Sprinkle Me,https://www.youtube.com/watch?v=QDFagoZSZSQ,E-40 - Topic,https://www.youtube.com/channel/UCKlkhvMKkJdaz48cpscL7eg,2026-05-11T17:14:01.302Z,250.0,250.587,250.0
Dusted 'N' Disgusted,https://www.youtube.com/watch?v=wly76dGX7hw,E-40 - Topic,https://www.youtube.com/channel/UCKlkhvMKkJdaz48cpscL7eg,2026-05-11T17:09:30.999Z,270.0,270.303,270.0
I'm Da Man (feat. Mike Jones),https://www.youtube.com/watch?v=WwJP90A5nwg,E-40 - Topic,https://www.youtube.com/channel/UCKlkhvMKkJdaz48cpscL7eg,2026-05-11T17:05:22.638Z,248.0,248.361,248.0
Ahhhh Sh*t!,https://www.youtube.com/watch?v=EOLTkUpxLqY,E-40 - Topic,https://www.youtube.com/channel/UCKlkhvMKkJdaz48cpscL7eg,2026-05-11T17:01:50.015Z,213.0,212.623,212.623
You Don’t Need Loads of Apps to Be Productive | Try Superhuman Instead,https://www.youtube.com/watch?v=upP3VJfrHuk,,,2026-05-11T17:01:42.194Z,30.0,7.821,7.821
Back Then,https://www.youtube.com/watch?v=N9XoGYgCVzg,Mike Jones - Topic,https://www.youtube.com/channel/UCX0NP1lG3Xh8ARvPd9HBASQ,2026-05-11T17:01:15.205Z,245.0,26.989,26.989
RALLY HOUSE,https://www.youtube.com/watch?v=CbtVUfRPE-Q,The Vibe Guide,https://www.youtube.com/channel/UCxH0sQJKG6Aq9-vFIPnDZ2A,2026-05-11T16:59:37.508Z,97.0,97.697,97.0
RALLY FUNK,https://www.youtube.com/watch?v=ZRL3I0--ad0,SLOWYMANE - Topic,https://www.youtube.com/channel/UCjxI2gTPBUKvnu7GLSUDCxQ,2026-05-11T16:57:44.525Z,113.0,112.983,112.983
Mark Morrison - Return of the Mack (Official Music Video),https://www.youtube.com/watch?v=uB1D9wWxd2w,Mark Morrison,https://www.youtube.com/channel/UC9f-u24P4TP4bUcmSiA6JEw,2026-05-11T16:53:57.885Z,227.0,226.64,226.64
Spectra Ocean Dream Circuit,https://www.youtube.com/watch?v=cyN83yVAOBw,Starjunk 95 - Topic,https://www.youtube.com/channel/UC9uM1my5uld4JmAvB5tdnhw,2026-05-11T16:50:43.081Z,195.0,194.804,194.804
Put It On,https://www.youtube.com/watch?v=ZDCFKRr6Kik,Big L - Topic,https://www.youtube.com/channel/UCCyjDe9r4_ze77f0jOuW5tg,2026-05-11T16:47:04.910Z,218.0,218.171,218.0
MVP,https://www.youtube.com/watch?v=iCZGMFCPOZM,Big L - Topic,https://www.youtube.com/channel/UCCyjDe9r4_ze77f0jOuW5tg,2026-05-11T16:43:25.517Z,219.0,219.393,219.0
E-40 - Sprinkle Me (Official Video) ft. Suga-T,https://www.youtube.com/watch?v=byuQVTdlfos,E40VEVO,https://www.youtube.com/channel/UC-tDtay-KBnW7nuZ0lHAGQA,2026-05-11T16:39:18.503Z,247.0,247.014,247.0
Big L - Now or Never,https://www.youtube.com/watch?v=N3Oe0kFY2gk,passiveMenis,https://www.youtube.com/channel/UCTsS-d2pN8oCYCE5GhoIBzg,2026-05-11T16:35:18.367Z,240.0,240.136,240.0
DR. GABBA - Plasma,https://www.youtube.com/watch?v=xt56GyJu85M,DR. GABBA,https://www.youtube.com/channel/UCzSioysDbWR0p3tsuNJ-MwQ,2026-05-11T16:30:59.974Z,258.0,258.393,258.0
Cop Films Himself Doing the Unthinkable,https://www.youtube.com/watch?v=lhfljie3f7E,EWU Bodycam,https://www.youtube.com/channel/UCRmnt09hfWo6hD574tLVVDQ,2026-05-11T16:18:43.197Z,1120.0,736.777,736.777
Enterprise: Change of Plans - Weather or Not :15 (US English),https://www.youtube.com/watch?v=z_j3DQ9Qa4A,,,2026-05-11T16:16:41.597Z,16.0,121.6,16.0
Wife Discovers Her Husband's Sick Secret,https://www.youtube.com/watch?v=vE9IoSoujUc,EWU Bodycam,https://www.youtube.com/channel/UCRmnt09hfWo6hD574tLVVDQ,2026-05-11T02:34:05.562Z,1732.0,49356.035,1732.0
Wife Unknowingly Films Her Husband Doing the Unthinkable,https://www.youtube.com/watch?v=eS7Zo-NgeqA,EWU Bodycam,https://www.youtube.com/channel/UCRmnt09hfWo6hD574tLVVDQ,2026-05-11T02:21:11.309Z,772.0,774.253,772.0
Too Much to Focus On? Change the Way You Work With Superhuman,https://www.youtube.com/watch?v=oCtgwoTjl1I,,,2026-05-11T02:20:46.613Z,43.0,24.696,24.696
Moments Before A Mass Killer Takes His Next Victim,https://www.youtube.com/watch?v=Z7LiQuylr-o,Dr Insanity,https://www.youtube.com/channel/UCjnYCUIym8wNRjLtZCc6gNg,2026-05-10T20:54:54.629Z,791.0,19551.984,791.0
SPRINGA2Z,https://www.youtube.com/watch?v=NZmSNWWFS8k,,,2026-05-10T20:54:37.577Z,16.0,17.052,16.0
Guard Helps A Killer Inmate Escape Prison,https://www.youtube.com/watch?v=r53t61EWztg,Dr Insanity,https://www.youtube.com/channel/UCjnYCUIym8wNRjLtZCc6gNg,2026-05-10T20:35:56.279Z,1119.0,1121.298,1119.0
Wanted Man Pulls Out Chainsaw During Traffic Stop,https://www.youtube.com/watch?v=yy-c7XKEarg,EWU Bodycam,https://www.youtube.com/channel/UCRmnt09hfWo6hD574tLVVDQ,2026-05-10T20:22:57.217Z,753.0,779.062,753.0
FY26Q2_DC_AcrobatDC_StudentSpaces_StudentFeed-Flashcards_US (Progression),https://www.youtube.com/watch?v=VdDiEf6YJnQ,,,2026-05-10T20:21:32.165Z,16.0,85.052,16.0
Music & Me,https://www.youtube.com/watch?v=hK-JRSM0F34,Nate Dogg - Topic,https://www.youtube.com/channel/UCRPIFXLmWOCSu7CL-eo5lYw,2026-05-10T20:07:59.519Z,241.0,812.646,241.0
Ambitionz Az A Ridah,https://www.youtube.com/watch?v=6glk4oMbgKE,2Pac - Topic,https://www.youtube.com/channel/UC5RrGzC-JXglhFW5NhT4r6w,2026-05-10T20:03:20.765Z,279.0,278.754,278.754
Paul Wall - Sittin' Sidewayz ft. Big Pokey (Official Video),https://www.youtube.com/watch?v=wJoU6Vbf-_o,UPROXX,https://www.youtube.com/channel/UCWGljB8djPusdaKtVx1UKfg,2026-05-10T19:59:28.988Z,232.0,231.777,231.777
Back Then,https://www.youtube.com/watch?v=N9XoGYgCVzg,Mike Jones - Topic,https://www.youtube.com/channel/UCX0NP1lG3Xh8ARvPd9HBASQ,2026-05-10T19:55:24.336Z,245.0,244.652,244.652
Shake That Monkey,https://www.youtube.com/watch?v=lw08ix8Fbno,Too $hort - Topic,https://www.youtube.com/channel/UC7kG2xPW0nmPMkU5MIrukHQ,2026-05-10T19:50:45.261Z,279.0,279.075,279.0
Smart Rental,https://www.youtube.com/watch?v=kqY7j0EZ_Uo,,,2026-05-10T19:50:22.493Z,16.0,22.768,16.0
15s   US   B   reporting   16x9,https://www.youtube.com/watch?v=sB3idB6mjfg,,,2026-05-10T19:50:00.218Z,15.0,22.275,15.0
Da Bumble,https://www.youtube.com/watch?v=ZpisFd7tzJA,E-40 - Topic,https://www.youtube.com/channel/UCKlkhvMKkJdaz48cpscL7eg,2026-05-10T19:45:48.389Z,252.0,251.829,251.829
25Q2 AGRNAT PF3WholeHome YT15s Furn 1920x1080,https://www.youtube.com/watch?v=BrqSRlizpeU,,,2026-05-10T19:45:25.680Z,16.0,22.709,16.0
Gmail Roundup - DR - 16x9 - EN-US,https://www.youtube.com/watch?v=WQtl-X7lVjM,,,2026-05-10T19:45:03.377Z,15.0,22.303,15.0
Ain’t No Fun (If The Homies Can’t Have None),https://www.youtube.com/watch?v=h3jOkCksXo4,Snoop Dogg - Topic,https://www.youtube.com/channel/UC7xz_YipuZtypOuVALNzeog,2026-05-10T19:40:56.512Z,247.0,246.865,246.865
Aikido Pentest - Lipstick on DAST   16:9,https://www.youtube.com/watch?v=DvL57-gXD5c,,,2026-05-10T19:40:11.123Z,38.0,45.389,38.0
Reasons Why Refresh - 1884 - Evergreen - US - English - Checkout Sell More - 15s - 16x9.mp4,https://www.youtube.com/watch?v=VF6mIONVxO8,,,2026-05-10T19:39:48.853Z,15.0,22.27,15.0
Friday,https://www.youtube.com/watch?v=VTb9nziVnoA,Ice Cube - Topic,https://www.youtube.com/channel/UCA9eJHcx3lkhyaln9ZHs90Q,2026-05-10T19:35:58.484Z,230.0,230.369,230.0
monday.com is the best AI for work,https://www.youtube.com/watch?v=qZF3_fL9fn8,,,2026-05-10T19:35:09.805Z,42.0,48.679,42.0
Beach Wagon With Big Wheels - Best Foldable Cart for Families,https://www.youtube.com/watch?v=bOgvcONm0XM,,,2026-05-10T19:34:27.259Z,36.0,42.546,36.0
Do For Love,https://www.youtube.com/watch?v=Y2cWHiKaFjc,2Pac - Topic,https://www.youtube.com/channel/UC5RrGzC-JXglhFW5NhT4r6w,2026-05-10T19:29:45.220Z,282.0,282.039,282.0
Mac Dre - Feelin' Myself,https://www.youtube.com/watch?v=6vE6oUc0t4o,VitiareVideos,https://www.youtube.com/channel/UCEkrah8urWtqotXGJScJabw,2026-05-10T19:26:00.021Z,225.0,225.199,225.0
Too $hort - Blow the Whistle (Official Audio),https://www.youtube.com/watch?v=qBmU9drpYAM,Certified,https://www.youtube.com/channel/UCF0Nc2O16gmAWw-Bd-N6BWg,2026-05-10T19:23:16.486Z,164.0,163.535,163.535
E-40 - U And Dat (Featuring T. Pain & Kandi Girl) [HD],https://www.youtube.com/watch?v=m-fL-vdcBWo,Warner Records,https://www.youtube.com/channel/UCDj64sior23IP_7xLe8R7sg,2026-05-10T19:19:50.086Z,212.0,206.4,206.4
Sprinkle Me,https://www.youtube.com/watch?v=QDFagoZSZSQ,E-40 - Topic,https://www.youtube.com/channel/UCKlkhvMKkJdaz48cpscL7eg,2026-05-10T19:13:59.697Z,250.0,350.389,250.0
Dusted 'N' Disgusted,https://www.youtube.com/watch?v=wly76dGX7hw,E-40 - Topic,https://www.youtube.com/channel/UCKlkhvMKkJdaz48cpscL7eg,2026-05-10T19:09:29.706Z,270.0,269.991,269.991
Ahhhh Sh*t!,https://www.youtube.com/watch?v=EOLTkUpxLqY,E-40 - Topic,https://www.youtube.com/channel/UCKlkhvMKkJdaz48cpscL7eg,2026-05-10T19:05:57.158Z,213.0,212.548,212.548
Noggin of Goggin Promo (Airo) :48,https://www.youtube.com/watch?v=uBESUFC25o4,,,2026-05-10T19:05:29.796Z,48.0,27.362,27.362
I'm Da Man (feat. Mike Jones),https://www.youtube.com/watch?v=WwJP90A5nwg,E-40 - Topic,https://www.youtube.com/channel/UCKlkhvMKkJdaz48cpscL7eg,2026-05-10T19:01:21.500Z,248.0,248.296,248.0
Enterprise: Change of Plans - Weather or Not :15 (US English),https://www.youtube.com/watch?v=z_j3DQ9Qa4A,,,2026-05-10T19:01:16.835Z,16.0,4.665,4.665
Berlin,https://www.youtube.com/watch?v=HbM-KCsoWGY,DJ CARPET - Topic,https://www.youtube.com/channel/UCNRfR_Fue5CyJ2WOt-nGvag,2026-05-10T15:51:57.163Z,187.0,11359.672,187.0
Shoreditch,https://www.youtube.com/watch?v=SEBBQlJy2l0,Vrdnyn - Topic,https://www.youtube.com/channel/UCxMWSYU4_oMVSXifwlqLxng,2026-05-10T15:49:25.667Z,150.0,151.496,150.0
YouTube Premium EMU MIX 1mon Ceramics Artist-MuniLong 06s horiz 1920x1080 16-9 en US USD PU,https://www.youtube.com/watch?v=yhbbeUks_AM,,,2026-05-10T15:49:19.365Z,7.0,6.302,6.302
RALLY FUNK,https://www.youtube.com/watch?v=ZRL3I0--ad0,SLOWYMANE - Topic,https://www.youtube.com/channel/UCjxI2gTPBUKvnu7GLSUDCxQ,2026-05-10T15:47:25.977Z,113.0,113.388,113.0
Groove District,https://www.youtube.com/watch?v=tPw1_CuSuHY,Starjunk 95 - Topic,https://www.youtube.com/channel/UC9uM1my5uld4JmAvB5tdnhw,2026-05-10T15:44:17.626Z,187.0,188.351,187.0
Spectra Ocean Dream Circuit,https://www.youtube.com/watch?v=cyN83yVAOBw,Starjunk 95 - Topic,https://www.youtube.com/channel/UC9uM1my5uld4JmAvB5tdnhw,2026-05-10T15:41:02.711Z,195.0,194.915,194.915
Easy business internet,https://www.youtube.com/watch?v=qBFjXDaFQeo,,,2026-05-10T15:40:40.177Z,16.0,22.534,16.0
Bring your ideas to life with Base44,https://www.youtube.com/watch?v=OugxDOargKI,,,2026-05-10T15:39:46.502Z,47.0,53.675,47.0
DR. GABBA - Plasma,https://www.youtube.com/watch?v=xt56GyJu85M,DR. GABBA,https://www.youtube.com/channel/UCzSioysDbWR0p3tsuNJ-MwQ,2026-05-10T15:35:27.667Z,258.0,258.835,258.0
Stay Ahead of AI Scams with McAfee's Scam Detector | Flamingo,https://www.youtube.com/watch?v=7vG1vQZBX2M,,,2026-05-10T15:35:21.594Z,16.0,6.073,6.073
Starjunk 95 | Groovy Funky Disco Future House Mix,https://www.youtube.com/watch?v=J9ZgLFLbsA8,Gatuso,https://www.youtube.com/channel/UCrSecnmFNMxS9H75Kv5B0Zw,2026-05-10T15:19:06.145Z,975.0,975.449,975.0
Crystal Waters - Gypsy Woman (She's Homeless) (Official Music Video),https://www.youtube.com/watch?v=_KztNIg4cvE,CrystalWatersVEVO,https://www.youtube.com/channel/UClxOpkzxTwjF-7lSr4koDQg,2026-05-10T15:18:20.275Z,225.0,45.87,45.87
MVP,https://www.youtube.com/watch?v=iCZGMFCPOZM,Big L - Topic,https://www.youtube.com/channel/UCCyjDe9r4_ze77f0jOuW5tg,2026-05-10T15:14:40.594Z,219.0,219.681,219.0
E-40 - Sprinkle Me (Official Video) ft. Suga-T,https://www.youtube.com/watch?v=byuQVTdlfos,E40VEVO,https://www.youtube.com/channel/UC-tDtay-KBnW7nuZ0lHAGQA,2026-05-10T15:10:33.514Z,247.0,247.08,247.0
Big L - Now or Never,https://www.youtube.com/watch?v=N3Oe0kFY2gk,passiveMenis,https://www.youtube.com/channel/UCTsS-d2pN8oCYCE5GhoIBzg,2026-05-10T15:06:33.424Z,240.0,240.09,240.0
RALLY HOUSE,https://www.youtube.com/watch?v=CbtVUfRPE-Q,The Vibe Guide,https://www.youtube.com/channel/UCxH0sQJKG6Aq9-vFIPnDZ2A,2026-05-10T15:04:55.370Z,97.0,98.054,97.0
Shortened: Way of the Hunter 2 | Bergara Trailer,https://www.youtube.com/watch?v=26kLfbTObak,,,2026-05-10T15:00:31.456Z,40.0,263.914,40.0
Enterprise: Replacement :15 (US English),https://www.youtube.com/watch?v=m6thWDstTF4,,,2026-05-10T15:00:31.454Z,16.0,0.002,0.002
No one expected him to say this  #duckydee #shortsviral #funny #shortvideos,https://www.youtube.com/watch?v=vHleV66qWtw,DuckyDee,https://www.youtube.com/channel/UCoqExwHinRzvPHPzZyJ7Xjw,2026-05-10T13:05:59.181Z,21.0,6872.273,21.0
Beginning sounding like lucid dreams intro,https://www.youtube.com/watch?v=LrWC5ypdchc,girlies mob,https://www.youtube.com/channel/UCwxDPFkakDmzUmUo_WfMf3Q,2026-05-10T13:05:19.523Z,26.0,39.658,26.0
Michael was a Savage during his Meetings!,https://www.youtube.com/watch?v=iJq_Ha1koRs,Michael Trapson,https://www.youtube.com/channel/UCcFZ32BdOjN97CXHKZd7lwQ,2026-05-10T13:04:47.243Z,24.0,32.28,24.0
Let Claritin-D® be your emergency contact for allergy season,https://www.youtube.com/watch?v=jKN37t2AUrE,,,2026-05-10T13:04:44.249Z,7.0,2.994,2.994
Method Man Casually Freestyles Like It’s Nothing 🎤🔥,https://www.youtube.com/watch?v=QghLz2kh0Bs,Funktasy,https://www.youtube.com/channel/UC9Zr9fw54d2vPK89C_TplSg,2026-05-10T13:04:42.277Z,30.0,1.972,1.972
💯💯Who had the bar. #repostyoutube #rapbattle,https://www.youtube.com/watch?v=uuQPntogS6c,PlutoMoon,https://www.youtube.com/channel/UC_oVexwyXaB8Y66OwOaBRHg,2026-05-10T13:04:28.688Z,178.0,13.589,13.589
Arthur Morgan wouldn’t approve😂 #rdr2 #funnymoments #reddeadredemption2,https://www.youtube.com/watch?v=SjzpW_XjdSs,Elijah Wordly,https://www.youtube.com/channel/UCeS6WvOUhZmmQIIsLpXn_Sg,2026-05-10T13:02:31.500Z,113.0,117.188,113.0
Skyrim: Funny & Accurate pt 219,https://www.youtube.com/watch?v=ap0NsQZpGvE,Ulven,https://www.youtube.com/channel/UClluFvg5v9ZSsAOMbJW6iWQ,2026-05-10T13:02:16.118Z,14.0,15.382,14.0
Lego Should not have molded heads?! @thisorthatstarwars #lego #legostarwars #minifigures,https://www.youtube.com/watch?v=fl98UH_xtog,Mr Clips,https://www.youtube.com/channel/UCfammLMqv9D1-C6CH8OFeug,2026-05-10T13:02:13.889Z,38.0,2.229,2.229
ImageGen 9x16 Hero v1,https://www.youtube.com/watch?v=RwcVIzNskWk,,,2026-05-10T13:02:11.885Z,30.0,2.004,2.004
Ernie Johnson “Street Cred” Moments #nba #basketball #lebronjames #stephcurry #kobebryant #lakers,https://www.youtube.com/watch?v=4pUtZ98_beI,sideline.moments,https://www.youtube.com/channel/UCI6Fu5YFp7tLANrXFikrgMQ,2026-05-10T13:02:00.327Z,54.0,11.558,11.558
Anderson Burrus Vs J2 (Chum Bucket Bar),https://www.youtube.com/watch?v=AtEXNKeTSaA,Anderson Burrus,https://www.youtube.com/channel/UCQ5vazfoAsuCGEg-kwMgUzQ,2026-05-10T13:00:59.061Z,58.0,61.266,58.0
Not The Swing 😂🫣😳,https://www.youtube.com/watch?v=lKOs3pt-j0w,Korie Mckennedy,https://www.youtube.com/channel/UCe9Srnuecx5i9d4JyI6Ah2g,2026-05-10T13:00:34.498Z,31.0,24.563,24.563
Song - Whatchu Gonna Do by mr flintstone #jerseyclub #producer #jersey #dance #fypシ,https://www.youtube.com/watch?v=kmsGGIFf2YY,Mr Flintstone,https://www.youtube.com/channel/UCERSae6yic9Ven4n0WLa6Cg,2026-05-10T12:59:58.136Z,36.0,36.362,36.0
Blurry: OLV   T5 MoviesDiesel Duel Promo 30%Off VID 1920x1080 6s,https://www.youtube.com/watch?v=i7k6kFFiu6g,,,2026-05-10T12:59:55.458Z,7.0,2.678,2.678
BattleBots Baby! #toshshow  #danieltosh,https://www.youtube.com/watch?v=lHTsg8_6nAg,tosh show,https://www.youtube.com/channel/UCLc1NRldPFA6lI3It3JMBVA,2026-05-10T12:59:22.772Z,78.0,32.686,32.686
Hilarious New Comedian Set!!! 😂😂😂 | Kill Tony ft. Tristan Bowling,https://www.youtube.com/watch?v=GZhdOvVcfww,LifeofLogos,https://www.youtube.com/channel/UCNrnx5h8mMjZEQqbbVXVMkA,2026-05-10T12:58:47.567Z,32.0,35.205,32.0
New VIP Offer: Running Shorts For Only $10,https://www.youtube.com/watch?v=onHypED1Dbc,,,2026-05-10T12:58:45.804Z,15.0,1.763,1.763
I shouldn’t have done that😂 #rdr2 #funnymoments #reddeadredemption,https://www.youtube.com/watch?v=A6YaVVQowjg,Elijah Wordly,https://www.youtube.com/channel/UCeS6WvOUhZmmQIIsLpXn_Sg,2026-05-10T12:56:53.500Z,96.0,112.304,96.0
we are killing #hiphop,https://www.youtube.com/watch?v=ylzZ7fYr53s,Tires,https://www.youtube.com/channel/UCU3UCiNxmeaevhdOT4r-Auw,2026-05-10T12:56:51.032Z,26.0,2.468,2.468
We stand with Beasley. Follow us at @clutch_time_clips  #nba #michaelbeasley,https://www.youtube.com/watch?v=9cnAtEgA7JY,Clutch Time Clips,https://www.youtube.com/channel/UCQWZLaUzVscDwAFOnmggSnQ,2026-05-10T12:56:46.652Z,67.0,4.38,4.38
Black Guy Says the WRONG THING!!!,https://www.youtube.com/watch?v=crQv1P0JR_Q,Quinn Dale,https://www.youtube.com/channel/UC1GPSNr2Jlfsj8WGc-R6L7Q,2026-05-10T12:56:38.888Z,35.0,7.764,7.764
#bull #funnyshorts #youtuber #youtube #repost #anime #cartoon #shorts #fyp #fypシ゚ “thugnificent”,https://www.youtube.com/watch?v=NyntTFqQprI,Anonymous the Ghost,https://www.youtube.com/channel/UCWRjCXPkE8uRk3ISERLTggw,2026-05-10T12:56:37.162Z,14.0,1.726,1.726
“Are You Insane?” Loaded Lux Vs Rum Nitty,https://www.youtube.com/watch?v=YfyyDbKfV1M,Ultimate Rap League,https://www.youtube.com/channel/UCflIAeM03JFL9ml03LwYF-g,2026-05-10T12:56:35.230Z,42.0,1.932,1.932
Clown boundaries #toshshow #danieltosh,https://www.youtube.com/watch?v=L3FJV09nwKo,tosh show,https://www.youtube.com/channel/UCLc1NRldPFA6lI3It3JMBVA,2026-05-10T12:54:55.385Z,49.0,99.845,49.0
"Dr. Squatch | ""Pit Stop"" | Professor Fox",https://www.youtube.com/watch?v=jBVwjhZVAk8,,,2026-05-10T12:54:53.004Z,31.0,2.381,2.381
"""You Must Be From The Future"" #shanegillis #shorts #viral #funny #smokecountyjk #comedy fyp",https://www.youtube.com/watch?v=6Fm7r4wRZis,SmokeCounty JK,https://www.youtube.com/channel/UCaYK1Mfghu5TjYSJUb7krcw,2026-05-10T12:54:51.137Z,61.0,1.867,1.867
resume.co,https://www.youtube.com/watch?v=O_jLoio1I24,,,2026-05-10T12:54:49.177Z,30.0,1.96,1.96
Song - Whatchu Gonna Do by mr flintstone #jerseyclub #producer #jersey #dance #fypシ,https://www.youtube.com/watch?v=LV4aUDKcMYk,Mr Flintstone,https://www.youtube.com/channel/UCERSae6yic9Ven4n0WLa6Cg,2026-05-10T12:54:25.440Z,16.0,23.737,16.0
Por favor comparte con tus amigos #pov #herramientas #sketch #gracioso #actuación #historia,https://www.youtube.com/watch?v=QtxFt_un0KA,Licerio Tofanelli,https://www.youtube.com/channel/UCJ-FWcpWL7VHWCjP7YUDCjw,2026-05-10T12:54:15.314Z,62.0,10.126,10.126
Celebrate Every Moment (9x16 30s),https://www.youtube.com/watch?v=WTk2wEfNckU,,,2026-05-10T12:54:13.872Z,31.0,1.442,1.442
AIDS patient 001 #games #funny #reaction #shorts #streamer #gaming #youtubeshortsvideo,https://www.youtube.com/watch?v=HMHO6CM5ssE,PresidentLloyd Everything,https://www.youtube.com/channel/UCYlNeXiwyOfZQi3qPvZz2tg,2026-05-10T12:54:10.812Z,50.0,3.06,3.06
This might be the funniest impersonation #funny #shorts,https://www.youtube.com/watch?v=xO7V2iDljCc,isdatmarlo,https://www.youtube.com/channel/UCj1QjG72iwp-XLZ_ZCLnLoA,2026-05-10T12:53:53.974Z,29.0,16.838,16.838
"We Need Gamers 🎮 -- Learn to test, design, and program video games with a degree",https://www.youtube.com/watch?v=mVNAnMI9zso,,,2026-05-10T12:53:52.150Z,20.0,1.824,1.824
“He Really Thought This Was Smart 😂” #warzone #warzoneclips #shorts #cod,https://www.youtube.com/watch?v=SA_GAesfXF4,Hot_Boy_Gaming,https://www.youtube.com/channel/UCb4HoAQ2yt-rLlwbZqHedmw,2026-05-10T12:53:50.548Z,41.0,1.602,1.602
Thor’s Tool Makes The Most Satisfying Sounds Ever?! 🤯 #satisfying #thor #skills #asmr #tools #wow,https://www.youtube.com/watch?v=Me1l3O-ehp4,Zach “The Speed Square” King,https://www.youtube.com/channel/UCz7AU8lA4X_H5DmCPmenCdg,2026-05-10T12:53:48.860Z,24.0,1.688,1.688
Premium Wireless for $15 Bucks a Month | Mint Mobile,https://www.youtube.com/watch?v=Ta8cA9nL9x8,,,2026-05-10T12:53:46.218Z,22.0,2.642,2.642
You Worked With a Cop?! | Anderson Burrus vs Arsonal | Rap Battle Clip,https://www.youtube.com/watch?v=R5WR2SP7PS8,Anderson Burrus,https://www.youtube.com/channel/UCQ5vazfoAsuCGEg-kwMgUzQ,2026-05-10T12:53:17.848Z,26.0,28.37,26.0
Follow us for more basketball content. Credit: @jb7.bleedgreen #nba #mikebeasley,https://www.youtube.com/watch?v=8EOtjxPh7IE,Clutch Time Clips,https://www.youtube.com/channel/UCQWZLaUzVscDwAFOnmggSnQ,2026-05-10T12:51:57.968Z,62.0,79.88,62.0
Rugiet — Performance Medicine For Men,https://www.youtube.com/watch?v=KreA4dslT_A,,,2026-05-10T12:51:56.231Z,46.0,1.737,1.737
Hilarious Kill Tony Minute.. 😂😂 | Kill Tony ft. Peyton Ruddy,https://www.youtube.com/watch?v=7HPbproSpdU,Slice Comedy,https://www.youtube.com/channel/UCpFibUePF0xVRbjnEJKSI7A,2026-05-10T12:51:07.325Z,47.0,48.906,47.0
Song - Whatchu Gonna Do by mr flintstone #jerseyclub #producer #jersey #dance #fypシ,https://www.youtube.com/watch?v=Ll8CmvDFN6o,Mr Flintstone,https://www.youtube.com/channel/UCERSae6yic9Ven4n0WLa6Cg,2026-05-10T12:49:55.551Z,15.0,71.774,15.0
v12044gd0000d6fkigfog65quq20ioqg.mp4,https://www.youtube.com/watch?v=V9VnWlI2XCE,,,2026-05-10T12:49:52.688Z,29.0,2.863,2.863
Theo & Bobby Are Too Much 🤣,https://www.youtube.com/watch?v=oxp3xgrX9GM,Theo Rogan Shorts,https://www.youtube.com/channel/UCxKGou6OIoV68Rw5VYV9LHg,2026-05-10T12:49:51.050Z,19.0,1.638,1.638
Can a Blind Man Guess This Jerky Flavor? 👀 #blind #blindness,https://www.youtube.com/watch?v=BOvk6hpiKKY,Blindhound Farms,https://www.youtube.com/channel/UCvvzLbanE09aM9Ry3yJcuyA,2026-05-10T12:49:26.591Z,46.0,24.459,24.459
Find hilarious clips you're in with Medal,https://www.youtube.com/watch?v=soc3P8TUW-Q,,,2026-05-10T12:49:24.541Z,15.0,2.05,2.05
Dogs being idiots part 47: Friendly dog 🤣 #funnydog #funnypet #cutedog #dogshorts,https://www.youtube.com/watch?v=P4n4s_PLgyc,Funny Cute,https://www.youtube.com/channel/UCcoVXouHbRMJmc4O7TeprEA,2026-05-10T12:48:50.613Z,,33.928,33.928
PASSSED THE VIBE CHECK,https://www.youtube.com/watch?v=5620cqHqlUI,Reflex Soundz,https://www.youtube.com/channel/UCuDoEkY7apMs_n90OamRIbA,2026-05-10T12:47:55.321Z,18.0,55.292,18.0
Broken Ranks - PC vertical sequence 1,https://www.youtube.com/watch?v=s-lpinX9Xzc,,,2026-05-10T12:47:53.855Z,23.0,1.466,1.466
10 мая 2026 г.,https://www.youtube.com/watch?v=CfrfDXH5RbA,Yasmina Kwink,https://www.youtube.com/channel/UCz9s_qbwxUwqO3cXWQp1IiQ,2026-05-10T12:47:45.367Z,25.0,8.488,8.488
Oxillery Hits a Gyarados EX on BOXED! - 30s - 9:16,https://www.youtube.com/watch?v=Fm22pSV2N0M,,,2026-05-10T12:47:43.275Z,30.0,2.092,2.092
First guy clinging onto the side like Jack from the Titanic 😭💀🤣 #foryou #funny #shorts #fypviralシ,https://www.youtube.com/watch?v=Jny0_zk7Ulw,Matt Sowards,https://www.youtube.com/channel/UC3yXq9Wo1pCgeEU4xZNcsDQ,2026-05-10T12:46:35.267Z,32.0,68.008,32.0
SOME ROUNDS I STILL CAN'T GET OUT! 😲🔥🔥,https://www.youtube.com/watch?v=IoQjxA76Kxg,Ultimate Rap League,https://www.youtube.com/channel/UCflIAeM03JFL9ml03LwYF-g,2026-05-10T12:45:39.015Z,59.0,56.252,56.252
102_CM04TK_26_07_motion_remake_creomix_11KN87_office_15_qa_01_9x16.mp4,https://www.youtube.com/watch?v=bo_Ka8OEe3w,,,2026-05-10T12:45:37.346Z,35.0,1.669,1.669
Alright Ars Kelly | Anderson Burrus vs Arsonal | Rap Battle Clip,https://www.youtube.com/watch?v=cDxsu9jwKWA,Anderson Burrus,https://www.youtube.com/channel/UCQ5vazfoAsuCGEg-kwMgUzQ,2026-05-10T12:44:22.112Z,34.0,75.234,34.0
Chaos in the Air 😂 Misfit Minds Take on Aussie Pubs 🇦🇺 #ireland #funny #comedy,https://www.youtube.com/watch?v=rPAk267il4Q,Stormy,https://www.youtube.com/channel/UC9IaceT5zkLVlVrgrUDLhtw,2026-05-10T12:44:17.340Z,95.0,4.772,4.772
audien C062 intugc povtryinggrandpashearingaids vid 9x16 cold v3,https://www.youtube.com/watch?v=Ah7q2w5FylI,,,2026-05-10T12:44:13.778Z,36.0,3.562,3.562
GameCast 2003 Malibu most wanted,https://www.youtube.com/watch?v=0lkLa7xtuUE,Chubbz 1989,https://www.youtube.com/channel/UCilcwRS_I5MpNIhuQGf7Xog,2026-05-10T12:44:01.223Z,19.0,12.555,12.555
Brainrot Uber Part 4 #trending #viral #funny #memes #shorts #youtubeshorts #explore #xyzbca #reels,https://www.youtube.com/watch?v=-1N-OjB-zAk,Fishward,https://www.youtube.com/channel/UC1Is0CzFEjCFGvH0DJLZTCA,2026-05-10T12:43:32.391Z,26.0,28.832,26.0
Part 2/2 Judge Fleischer #court  #judge #judgefleischer #courtroomdrama #judgeboyd  #judgesimpson,https://www.youtube.com/watch?v=9l6O67zzhlc,U.S.A Law and Crime,https://www.youtube.com/channel/UC6ZEYo1pELmq6Bv1yKeIZNw,2026-05-10T12:43:21.369Z,42.0,11.022,11.022
DC ROI - AcrobatDC AcrobatDC DC EN XY Clc SisterSister Travel VID 1080x1920,https://www.youtube.com/watch?v=zedxf8lqldQ,,,2026-05-10T12:43:19.762Z,16.0,1.607,1.607
been a crazy week.       #rap  #rapper  #eminem  #hiphop  #music,https://www.youtube.com/watch?v=0PxpNVU-flU,Malcolm Tree,https://www.youtube.com/channel/UCEINMlpGYAC5Jf2yY4r73WA,2026-05-10T12:43:16.312Z,26.0,3.45,3.45
I Battled Guy With a Square Head | Anderson Burrus vs Funky Dee | Rap Battle,https://www.youtube.com/watch?v=o-pZ2dsy_J4,Anderson Burrus,https://www.youtube.com/channel/UCQ5vazfoAsuCGEg-kwMgUzQ,2026-05-10T12:42:02.602Z,54.0,73.71,54.0
Not Enough Hours in the Day? Superhuman Is the Fix,https://www.youtube.com/watch?v=30Pvnn3ilTU,,,2026-05-10T12:41:59.756Z,31.0,2.846,2.846
CHARLIE CLIPS ADDRESSES ARSONAL AND SUGE👀 #battlerap #bars #rap,https://www.youtube.com/watch?v=K_Z8Wc8HOLk,OnlyBarsTV,https://www.youtube.com/channel/UCtfvlhaJ8Yt6VzeApe3hslA,2026-05-10T12:40:29.221Z,59.0,90.535,59.0
that's a brother in disguise #memes #samueljackson #impersonations,https://www.youtube.com/watch?v=Xp7ckD9QeHk,kittney,https://www.youtube.com/channel/UCmFhCc4Rs1Ar4LGZTuz_9Tw,2026-05-10T12:40:15.815Z,14.0,13.406,13.406
😮‍💨😮‍💨 STRUGGLE BARZZZ #battlerapper #battleraphighlights #battlerap,https://www.youtube.com/watch?v=E_lyJgZlInk,PlutoMoon,https://www.youtube.com/channel/UC_oVexwyXaB8Y66OwOaBRHg,2026-05-10T12:39:26.476Z,150.0,49.339,49.339
Your Dads Doing a LIFE SENTENCE? | Anderson Burrus vs Febou | Rap Battle,https://www.youtube.com/watch?v=DIWsMqXhN6A,Anderson Burrus,https://www.youtube.com/channel/UCQ5vazfoAsuCGEg-kwMgUzQ,2026-05-10T12:38:31.780Z,53.0,54.696,53.0
Gothic 1 Remake | Pre-Order Teaser,https://www.youtube.com/watch?v=XxJvLsyokTA,,,2026-05-10T12:38:17.735Z,31.0,14.045,14.045
Why U Bullshittin'?,https://www.youtube.com/watch?v=ARCzcHQ3PPU,Suga Free - Topic,https://www.youtube.com/channel/UC_Xc7jJbh2b61ZYQ7rsANZw,2026-05-10T12:25:04.195Z,265.0,793.54,265.0
Back In Business,https://www.youtube.com/watch?v=5g_raFOGCJE,E-40 - Topic,https://www.youtube.com/channel/UCKlkhvMKkJdaz48cpscL7eg,2026-05-10T12:16:53.003Z,279.0,491.192,279.0
Shortened: landfill find kiosk,https://www.youtube.com/watch?v=YHhP4wrNuMg,,,2026-05-10T12:16:30.439Z,16.0,22.564,16.0
Introducing Base44’s Big Game Ad Teaser “It’s App to You”,https://www.youtube.com/watch?v=JcMPf4sEzew,,,2026-05-10T12:16:07.821Z,16.0,22.618,16.0
OAI Task2 USA Cooking 16x9 18s,https://www.youtube.com/watch?v=rIIT-U8YvTY,,,2026-05-10T12:11:31.332Z,19.0,276.489,19.0
E-40 Da Bumble,https://www.youtube.com/watch?v=QM54iE3GfKQ,J.Arthur,https://www.youtube.com/channel/UCWfTfrneOX3G6mywCrfY5Eg,2026-05-10T12:06:56.813Z,252.0,274.519,252.0
E-40 - 1-Luv (Official Video) ft. Leviti,https://www.youtube.com/watch?v=cuM2nzz2PmQ,E40VEVO,https://www.youtube.com/channel/UC-tDtay-KBnW7nuZ0lHAGQA,2026-05-10T11:50:13.264Z,280.0,1003.549,280.0
"Upload your resume, say what to change, and get a sharper, more compelling version in seconds",https://www.youtube.com/watch?v=oJxBOzEnQSE,,,2026-05-10T11:29:18.521Z,41.0,1254.743,41.0
Song - Whatchu Gonna Do By mr flintstone #jerseyclub #dance #jersey #jerseyrocks #dancevideo,https://www.youtube.com/watch?v=MskgV85nHVc,Mr Flintstone,https://www.youtube.com/channel/UCERSae6yic9Ven4n0WLa6Cg,2026-05-10T11:28:17.094Z,16.0,61.427,16.0
He not even sitting up 💀😭#shorts#viral#funny#comedy#trending#interview#lol#crazy#relatable,https://www.youtube.com/watch?v=hfsI2rF6mOk,🦁Yolo Forever23🦁,https://www.youtube.com/channel/UCrRvkBZ7nEh0CxmrZU_BHmA,2026-05-10T11:27:46.127Z,59.0,30.967,30.967
Explore Mexican Legends: Discover How Myths Begin #MexicanMyths #Folklore,https://www.youtube.com/watch?v=qhXRN6ijpRs,Matt Sowards,https://www.youtube.com/channel/UC3yXq9Wo1pCgeEU4xZNcsDQ,2026-05-10T11:27:28.939Z,16.0,17.188,16.0
Anderson Burrus Vs MVP (Golden Girls Clip),https://www.youtube.com/watch?v=DLeWge4pUwE,Anderson Burrus,https://www.youtube.com/channel/UCQ5vazfoAsuCGEg-kwMgUzQ,2026-05-10T11:25:46.554Z,59.0,102.385,59.0
Big Boi Reveals his Pokèmon Obsession 😎,https://www.youtube.com/watch?v=yhX4s7kgDMA,Big Bro with Kid Cudi,https://www.youtube.com/channel/UCy1iruS87WaAxn3w_aysQ_Q,2026-05-10T11:25:14.710Z,49.0,31.844,31.844
Blurry: Popeyes 2Pc Tuesdays,https://www.youtube.com/watch?v=7gcPEFVsmfU,,,2026-05-10T11:25:12.959Z,16.0,1.751,1.751
Chicago few tickets left 👑 RENE VACA,https://www.youtube.com/watch?v=pjfZr44lAYI,Rene Vaca,https://www.youtube.com/channel/UCoUyntb3c9fzpArszdgs4Tg,2026-05-10T11:25:08.013Z,39.0,4.946,4.946
He didn’t believe I Painted this this morning !,https://www.youtube.com/watch?v=20vWyvBxOwA,VisualFusions Painting & Art,https://www.youtube.com/channel/UCo2I3XNzKHW6_EeYW62S_mg,2026-05-10T11:24:47.721Z,24.0,20.292,20.292
DC ROI - AcrobatDC EN XY MyEx VID 720x1280,https://www.youtube.com/watch?v=USSbSelKfJ8,,,2026-05-10T11:24:45.965Z,23.0,1.756,1.756
Lil Buddy Was Just Relaxing N Listening 2 Muzic 🤣🤣🤣🤣,https://www.youtube.com/watch?v=ZvBDn8TcrLE,Muzic N More TV,https://www.youtube.com/channel/UC6ZKkAEzKUBPacQrQMf27ow,2026-05-10T11:24:22.153Z,21.0,23.812,21.0
#courtroomdrama #fleischer,https://www.youtube.com/watch?v=mrRh0dKMMh4,Judge Fleischer TV,https://www.youtube.com/channel/UCXmwC5-xPnFNhJKCJ11xhNg,2026-05-10T11:21:24.347Z,163.0,177.806,163.0
Relay: Customer Testimonials,https://www.youtube.com/watch?v=uyOnm678bBg,,,2026-05-10T11:21:22.443Z,31.0,1.904,1.904
Noir Doodle Madness ✏️,https://www.youtube.com/watch?v=kqBBed66yqI,Yautja Vision,https://www.youtube.com/channel/UCg6M2-P01pnmEjtWwtoOlHg,2026-05-10T11:20:54.522Z,14.0,27.921,14.0
That escalated quickly😳 #rdr2 #funnymoments #rdro #reddeadredemption2,https://www.youtube.com/watch?v=fWKGJRa78os,Elijah Wordly,https://www.youtube.com/channel/UCeS6WvOUhZmmQIIsLpXn_Sg,2026-05-10T11:20:50.656Z,121.0,3.866,3.866
I've Even Got a Better REACH Than You! | Anderson Burrus vs DOT | Rap Battle Clip,https://www.youtube.com/watch?v=uHDrwdsB8i8,Anderson Burrus,https://www.youtube.com/channel/UCQ5vazfoAsuCGEg-kwMgUzQ,2026-05-10T11:19:27.775Z,40.0,82.881,40.0
doypu remember Mike Jones??#mikejones #singer,https://www.youtube.com/watch?v=WugZYSzpPzE,GhettoLife,https://www.youtube.com/channel/UC0O-jFbGQwMuTY2-hWWWJ8w,2026-05-10T11:19:09.357Z,54.0,18.418,18.418
LANCER JUMP,https://www.youtube.com/watch?v=UDlQt-yAV5o,KylRyū,https://www.youtube.com/channel/UCjxxSoTot6nunbke5gtQI8Q,2026-05-10T11:18:50.675Z,178.0,18.682,18.682
FY26Q2_DC_AcrobatDC_StudentSpaces_StudentFeed-General_US (Progression),https://www.youtube.com/watch?v=K7yaPpBJidc,,,2026-05-10T11:14:26.967Z,31.0,263.708,31.0
Drunk Woman Realizes She Killed Her Girlfriend's Baby,https://www.youtube.com/watch?v=q1S44WXT7VQ,EWU Crime Storytime,https://www.youtube.com/channel/UCVXKabRhXSQXh_U0au5JSzQ,2026-05-10T04:19:34.175Z,844.0,24892.792,844.0
Cop Calls 911 After Discovering Son's Horrifying Secret,https://www.youtube.com/watch?v=CLh9wiG128U,EWU Bodycam,https://www.youtube.com/channel/UCRmnt09hfWo6hD574tLVVDQ,2026-05-10T04:18:28.148Z,1454.0,66.027,66.027
FY26Q2_DC_AcrobatDC_StudentSpaces_StudentFeed-AIAssistant_US (Progression),https://www.youtube.com/watch?v=EJ_xkuarNEU,,,2026-05-10T04:18:01.865Z,16.0,26.283,16.0
"So Many Tools, Too Little Time? Stay in the Flow With Superhuman",https://www.youtube.com/watch?v=DgxylOpTzHk,,,2026-05-10T04:17:58.280Z,50.0,3.585,3.585
RALLY HOUSE,https://www.youtube.com/watch?v=CbtVUfRPE-Q,The Vibe Guide,https://www.youtube.com/channel/UCxH0sQJKG6Aq9-vFIPnDZ2A,2026-05-09T23:05:47.031Z,97.0,18731.249,97.0
LANCER JUMP,https://www.youtube.com/watch?v=UDlQt-yAV5o,KylRyū,https://www.youtube.com/channel/UCjxxSoTot6nunbke5gtQI8Q,2026-05-09T23:02:49.364Z,178.0,177.667,177.667
DR. GABBA - Plasma,https://www.youtube.com/watch?v=xt56GyJu85M,DR. GABBA,https://www.youtube.com/channel/UCzSioysDbWR0p3tsuNJ-MwQ,2026-05-09T22:58:30.816Z,258.0,258.548,258.0
Modjo - Lady (Hear Me Tonight) (Official Video),https://www.youtube.com/watch?v=mMfxI3r_LyA,ModjoOfficial,https://www.youtube.com/channel/UC74sX8oY-MVC7_3KzlnFgzQ,2026-05-09T22:33:22.094Z,222.0,1508.722,222.0
Try Asana Today I FY26BC I Cross Functional Work I Audio I 15s I en-US,https://www.youtube.com/watch?v=BujRuJ7cdg0,,,2026-05-09T22:33:06.677Z,16.0,15.417,15.417
Crystal Waters - Gypsy Woman (She's Homeless) (Official Music Video),https://www.youtube.com/watch?v=_KztNIg4cvE,CrystalWatersVEVO,https://www.youtube.com/channel/UClxOpkzxTwjF-7lSr4koDQg,2026-05-09T22:29:20.900Z,225.0,225.777,225.0
Sixth Sense,https://www.youtube.com/watch?v=3_4rzg8kh0w,,,2026-05-09T22:28:50.490Z,31.0,30.41,30.41
Rally House,https://www.youtube.com/watch?v=vg4JGLfF33w,prod. DTM - Topic,https://www.youtube.com/channel/UC8zCroaojzf7LuXjizQG4uA,2026-05-09T22:24:14.113Z,97.0,276.377,97.0
Because You’re Only Human,https://www.youtube.com/watch?v=Hg8oqiFpmHQ,,,2026-05-09T22:23:58.549Z,16.0,15.564,15.564
Uncle Turbo don’t care who he takes home🤣🤣🤣,https://www.youtube.com/watch?v=cpaKwMB3hnk,G'Nard Da Starr,https://www.youtube.com/channel/UCzmA8lU7eMY6KvpX6hKPIhA,2026-05-09T22:18:16.310Z,9.0,342.239,9.0
Comedian Gets Interrupted #standupcomedy #standup #comedian #jokes #crowdwork,https://www.youtube.com/watch?v=yb_3fykQ0pY,Phil Hanley,https://www.youtube.com/channel/UC-r4Tg3nBRALtxJn12fFP_Q,2026-05-09T22:18:14.989Z,44.0,1.321,1.321
Cremo Italian Bergamot,https://www.youtube.com/watch?v=_1PSnTiMPqc,,,2026-05-09T22:18:13.440Z,16.0,1.549,1.549
#illustration #tattoo #art #pov #procreate #drawing #whydidntmyexcomeback #digitalart,https://www.youtube.com/watch?v=XlUlTDaxtAs,Kangna Pawaiya,https://www.youtube.com/channel/UCfd9QMNcmBdeZugTKHxs2iA,2026-05-09T22:17:13.703Z,63.0,59.737,59.737
asking strangers to take a picture of us at the zoo #memes #socialanxiety #unexpected #fyp #lol,https://www.youtube.com/watch?v=wKUEUqmniJk,chzn,https://www.youtube.com/channel/UCQC9iafmLgpEeG0mO8dwqzQ,2026-05-09T22:17:12.546Z,22.0,1.157,1.157
Now ssstreaming,https://www.youtube.com/watch?v=DFW6-LMNjww,,,2026-05-09T22:17:11.307Z,31.0,1.239,1.239
Homeowner Meets Delivery Guy With No Filter,https://www.youtube.com/watch?v=fXwNuMop5kw,MechaIQ,https://www.youtube.com/channel/UCAiR2yggpg4hCIDIYtpceeA,2026-05-09T22:17:09.782Z,17.0,1.525,1.525
Oblivion: Funny & Accurate pt 66,https://www.youtube.com/watch?v=XKHM4qS85Sc,Ulven,https://www.youtube.com/channel/UClluFvg5v9ZSsAOMbJW6iWQ,2026-05-09T22:16:50.237Z,26.0,19.545,19.545
Allergies Won't Quit?,https://www.youtube.com/watch?v=yzAVPW4ns2I,,,2026-05-09T22:16:49.049Z,11.0,1.188,1.188
Panhandling burnouts #closedcourse #classiccars,https://www.youtube.com/watch?v=fXdgAdB2Dj8,Blaze James,https://www.youtube.com/channel/UCKMvpo5xR_OMf1W8q0035tA,2026-05-09T22:16:47.484Z,118.0,1.565,1.565
@musclementalitycoaching:  #catlovers #cat #kitten,https://www.youtube.com/watch?v=QH-8AniX8UQ,Cat Man,https://www.youtube.com/channel/UCTLP8Md19VL4T4E73eFIKAA,2026-05-09T22:16:29.444Z,8.0,18.04,8.0
KFC | ENG Bucket List :15 REV 9x16 | $10 Bucket of the Day,https://www.youtube.com/watch?v=yLktHrbFGCg,,,2026-05-09T22:16:27.774Z,16.0,1.67,1.67
What was the name he said at the end? Little rochie?? #piano #music #pianomusic #bleach #bank,https://www.youtube.com/watch?v=5AbOpVhTq9E,Silver Piano,https://www.youtube.com/channel/UCgCr8pQv3Q_YbsTKlgFehAQ,2026-05-09T22:16:26.208Z,76.0,1.566,1.566
We got him bad😂😂😂 #funny #explore,https://www.youtube.com/watch?v=--E_y9f4ORc,80ktwins,https://www.youtube.com/channel/UCpR6ROzgBTfpJ7FZTVyNsvA,2026-05-09T22:15:51.259Z,34.0,34.949,34.0
resume.co,https://www.youtube.com/watch?v=2P3nH_brNYQ,,,2026-05-09T22:15:49.592Z,30.0,1.667,1.667
#illustration #tattoo #art #pov #procreate #drawing #whydidntmyexcomeback #digitalarttiktok,https://www.youtube.com/watch?v=OXE4eDrb6OM,Kangna Pawaiya,https://www.youtube.com/channel/UCfd9QMNcmBdeZugTKHxs2iA,2026-05-09T22:14:59.553Z,50.0,50.039,50.0
Pokemon cards are making people billionaires,https://www.youtube.com/watch?v=6u_8QX9wEE0,TravisGGaming,https://www.youtube.com/channel/UCDQJSH222AI6JH-EyhXKWmg,2026-05-09T22:14:57.456Z,17.0,2.097,2.097
Theo Von Made Druski LOSE It 🤣,https://www.youtube.com/watch?v=zmmqnq2Sqp8,Theo Rogan Shorts,https://www.youtube.com/channel/UCxKGou6OIoV68Rw5VYV9LHg,2026-05-09T22:14:27.438Z,29.0,30.018,29.0
Teva S26 Hurricane XLT3 CT 9x16 06,https://www.youtube.com/watch?v=rlTqfD9L0BI,,,2026-05-09T22:14:25.734Z,7.0,1.704,1.704
"“You don’t often hear about everything a police officer does in the course of their shift, but I ...",https://www.youtube.com/watch?v=hqkM5dimTIo,sfiagra,https://www.youtube.com/channel/UC5iYi4aXsr6udCUXh62Q-6g,2026-05-09T22:13:24.108Z,57.0,61.626,57.0
IMPOSSIBLE THROW LANDED - Tony Hinchcliffe,https://www.youtube.com/watch?v=n3C0h03WCkE,StageRatz,https://www.youtube.com/channel/UC_UJXRwE4wVW8ynFRAAbxcg,2026-05-09T22:12:41.799Z,,42.309,42.309
DCD-Scru-4104| Hulu,https://www.youtube.com/watch?v=NV76BjEU400,,,2026-05-09T22:12:39.779Z,16.0,2.02,2.02
6 Asians vs 1 Secret Fake Asian,https://www.youtube.com/watch?v=ZDFmcu2V8q4,More Niko,https://www.youtube.com/channel/UCx1rCf63MdNLLEQG8bqeJHA,2026-05-09T22:12:36.361Z,49.0,3.418,3.418
Anderson Burrus vs J2 | White Rapper vs Gay Rapper | Dragon Tales | Rap Battle,https://www.youtube.com/watch?v=CRH49oxCfUE,Anderson Burrus,https://www.youtube.com/channel/UCQ5vazfoAsuCGEg-kwMgUzQ,2026-05-09T22:11:35.047Z,60.0,61.314,60.0
Blurry: Maker's Mark. Perfectly Unreasonable.,https://www.youtube.com/watch?v=A4N1UT5JX88,,,2026-05-09T22:11:33.019Z,7.0,2.028,2.028
Recreating GIFs🤣🤣,https://www.youtube.com/watch?v=dva0qS19nM8,Timzz,https://www.youtube.com/channel/UCG_XSgDrB7LCR96aB_nUIOg,2026-05-09T22:11:30.857Z,16.0,2.162,2.162
Ranking The Funniest AWKWARD Compliment Reactions 😭,https://www.youtube.com/watch?v=6Cx2Y_UgtKQ,TopChaos TV,https://www.youtube.com/channel/UCMf9lNbkg_88_yaFC-U7bAQ,2026-05-09T22:11:29.066Z,25.0,1.791,1.791
Blurry: NBA Playoffs on Prime | Thunder vs. Lakers Game 4 | Monday,https://www.youtube.com/watch?v=yFFqiZlWAwk,,,2026-05-09T22:11:27.593Z,16.0,1.473,1.473
Food Delivery Prank 👹,https://www.youtube.com/watch?v=VhK9jV9S62M,Durtty Daily,https://www.youtube.com/channel/UCY52lZLTs0X0NVxenazbA2Q,2026-05-09T22:10:24.582Z,71.0,63.011,63.011
this guy was a legend 😂😂😭😭🔥 #funny #fyp #shorts #viral,https://www.youtube.com/watch?v=X6-ORWzLGEc,Matt Sowards,https://www.youtube.com/channel/UC3yXq9Wo1pCgeEU4xZNcsDQ,2026-05-09T22:09:51.452Z,57.0,33.13,33.13
Be careful who you wish for. #OBSESSION only in theaters May 15.,https://www.youtube.com/watch?v=djvsA2s6sXY,,,2026-05-09T22:09:48.677Z,81.0,2.775,2.775
Frak vs John John da don 🔥🔥#battlerap #rapbattle #rap #freestyle,https://www.youtube.com/watch?v=mxYNjyDKJNI,Frak The Person,https://www.youtube.com/channel/UCpeOy5t3uaqegbjEDHzfDTg,2026-05-09T22:09:45.994Z,37.0,2.683,2.683
Shane Gillis | My GF Ex was a Navy Seal #shorts,https://www.youtube.com/watch?v=42f8CupXM_c,Comedy Shot,https://www.youtube.com/channel/UCaiq1SUpmZuNTjUVjzqn8IA,2026-05-09T22:09:40.194Z,166.0,5.8,5.8
Blurry: Opera GX x DIEM,https://www.youtube.com/watch?v=wqn8LNoLOZs,,,2026-05-09T22:09:36.663Z,55.0,3.531,3.531
#viral #lego #art #cat #meme #fun #legomemes #catvideos #catmemes #train #bluebrixx #balance #wtf,https://www.youtube.com/watch?v=mOE_qtoJVZg,Avadonye,https://www.youtube.com/channel/UCRbQXJcbF2cDbNwHSb9WtEw,2026-05-09T22:09:31.179Z,11.0,5.484,5.484
Drinking Laos’ killer moonshine,https://www.youtube.com/watch?v=4x3v9cbeBRw,Seal On Tour,https://www.youtube.com/channel/UCHpoNrigyJIHSCvM-Fgw4kg,2026-05-09T22:09:02.185Z,28.0,28.994,28.0
Premium Wireless for $15 Bucks a Month | Mint Mobile,https://www.youtube.com/watch?v=ogvP0xHxv1k,,,2026-05-09T22:09:00.499Z,27.0,1.686,1.686
Pat O'Neill Crushes on Kill Tony.. 😂😂 | Kill Tony,https://www.youtube.com/watch?v=f9T4ApBJIeI,Slice Comedy,https://www.youtube.com/channel/UCpFibUePF0xVRbjnEJKSI7A,2026-05-09T22:08:37.071Z,50.0,23.428,23.428
I think we struck a nerve😂 #rdr2 #reddeadredemption2 #reddeadredemption #funnymoments,https://www.youtube.com/watch?v=prVkmebwBIM,Elijah Wordly,https://www.youtube.com/channel/UCeS6WvOUhZmmQIIsLpXn_Sg,2026-05-09T22:08:35.824Z,130.0,1.247,1.247
Blurry: DC ROI - FY25Q3 DC AcrobatDC AcrobatDC XY EN DemandConversionMMX GenerateImageVideo 15s AN 1,https://www.youtube.com/watch?v=Y3WtFTe9ZqE,,,2026-05-09T22:08:33.242Z,16.0,2.582,2.582
Rap Battle HAYMAKERS | Anderson Burrus vs Danny Myers,https://www.youtube.com/watch?v=Y3EBZ4G1vSo,Anderson Burrus,https://www.youtube.com/channel/UCQ5vazfoAsuCGEg-kwMgUzQ,2026-05-09T22:07:29.658Z,62.0,63.584,62.0
You'll See Dot and White Sheet 🇯🇵 | Anderson Burrus vs DOT | Rap Battle Clip,https://www.youtube.com/watch?v=P2VIY9gQ1ok,Anderson Burrus,https://www.youtube.com/channel/UCQ5vazfoAsuCGEg-kwMgUzQ,2026-05-09T22:06:50.633Z,58.0,39.025,39.025
Enterprise: Change of Plans - Weather or Not :15 (US English),https://www.youtube.com/watch?v=z_j3DQ9Qa4A,,,2026-05-09T22:06:48.973Z,16.0,1.66,1.66
Feel Busy but Getting Nowhere? Superhuman Fixes That,https://www.youtube.com/watch?v=OV08l88KFEI,,,2026-05-09T22:06:47.631Z,31.0,1.342,1.342
Cops Don't Realize Trucker is Sitting Next to Dead Body,https://www.youtube.com/watch?v=daZJIs7qGYs,EWU Bodycam,https://www.youtube.com/channel/UCRmnt09hfWo6hD574tLVVDQ,2026-05-09T21:50:20.007Z,1038.0,987.624,987.624
How to Install WickedWhims - Windows,https://www.youtube.com/watch?v=VgNBwFDFK4Y,TURBODRIVER,https://www.youtube.com/channel/UCD9cF0OFWjdV85tEQoJNwkw,2026-05-09T19:40:37.295Z,32.0,7782.712,32.0
Platinum Plus (feat. Big Daddy Kane),https://www.youtube.com/watch?v=cu59dRZ2HnM,Big L - Topic,https://www.youtube.com/channel/UCCyjDe9r4_ze77f0jOuW5tg,2026-05-09T18:30:05.037Z,218.0,4232.258,218.0
Try Asana Today I FY26BC I Cross Functional Work I Audio I 30s I en-US,https://www.youtube.com/watch?v=ZmBKap7SeqQ,,,2026-05-09T18:29:34.744Z,31.0,30.293,30.293
"No Endz, No Skinz",https://www.youtube.com/watch?v=EkN5A1GGE54,Big L - Topic,https://www.youtube.com/channel/UCCyjDe9r4_ze77f0jOuW5tg,2026-05-09T18:26:05.243Z,209.0,209.501,209.0
Audio :15 (Caller),https://www.youtube.com/watch?v=KzB7fR6GeH4,,,2026-05-09T18:25:49.723Z,15.0,15.52,15.0
"Let 'Em Have It ""L""",https://www.youtube.com/watch?v=5mfoUQdJn54,Big L - Topic,https://www.youtube.com/channel/UCCyjDe9r4_ze77f0jOuW5tg,2026-05-09T18:21:50.971Z,238.0,238.752,238.0
Zyrtalk 02 mix002,https://www.youtube.com/watch?v=rlZ6fiFRY08,,,2026-05-09T18:21:20.562Z,30.0,30.409,30.0
Da Graveyard,https://www.youtube.com/watch?v=aLfrU4oN79w,Big L - Topic,https://www.youtube.com/channel/UCCyjDe9r4_ze77f0jOuW5tg,2026-05-09T18:15:55.802Z,324.0,324.76,324.0
Turn your closet into cash,https://www.youtube.com/watch?v=O4hfGGGQIEM,,,2026-05-09T18:15:25.647Z,30.0,30.155,30.0
Twinz (Deep Cover 98),https://www.youtube.com/watch?v=3AQBW-li_hE,Big Punisher - Topic,https://www.youtube.com/channel/UChH5fTMt-pijTxWCpU8NP-g,2026-05-09T18:11:35.614Z,229.0,230.033,229.0
Mass Appeal,https://www.youtube.com/watch?v=mEgTtsHUnrQ,Gang Starr - Topic,https://www.youtube.com/channel/UCPN9k1RTnz3OxA3t8Dc5lCQ,2026-05-09T18:07:52.237Z,222.0,223.377,222.0
250416 Aleve Bayer April2025 FemaleRead V2 JF 30 1,https://www.youtube.com/watch?v=189yc1K7op8,,,2026-05-09T18:07:21.994Z,31.0,30.243,30.243
93 'Til Infinity,https://www.youtube.com/watch?v=4Z0TeaTzo_U,Souls of Mischief - Topic,https://www.youtube.com/channel/UCrQvCPpaNN_C-C3jfKEu0Qw,2026-05-09T18:02:34.032Z,287.0,287.962,287.0
MVP,https://www.youtube.com/watch?v=iCZGMFCPOZM,Big L - Topic,https://www.youtube.com/channel/UCCyjDe9r4_ze77f0jOuW5tg,2026-05-09T17:58:53.455Z,219.0,220.577,219.0
Now or Never,https://www.youtube.com/watch?v=9C8v7cfl7Mc,Big L - Topic,https://www.youtube.com/channel/UCCyjDe9r4_ze77f0jOuW5tg,2026-05-09T17:54:44.697Z,247.0,248.758,247.0
Big L - Games Females Play,https://www.youtube.com/watch?v=0-NmXZVdJuY,passiveMenis,https://www.youtube.com/channel/UCTsS-d2pN8oCYCE5GhoIBzg,2026-05-09T17:50:45.010Z,224.0,239.687,224.0
Lifestylez Ov Da Poor & Dangerous,https://www.youtube.com/watch?v=SuGcWAddiMk,Big L - Topic,https://www.youtube.com/channel/UCCyjDe9r4_ze77f0jOuW5tg,2026-05-09T17:47:23.043Z,202.0,201.967,201.967
Danger Zone,https://www.youtube.com/watch?v=2Fy63pVCJEA,Big L - Topic,https://www.youtube.com/channel/UCCyjDe9r4_ze77f0jOuW5tg,2026-05-09T17:43:44.112Z,217.0,218.931,217.0
Put It On,https://www.youtube.com/watch?v=ZDCFKRr6Kik,Big L - Topic,https://www.youtube.com/channel/UCCyjDe9r4_ze77f0jOuW5tg,2026-05-09T17:40:06.176Z,218.0,217.936,217.936
I'm Da Man (feat. Mike Jones),https://www.youtube.com/watch?v=WwJP90A5nwg,E-40 - Topic,https://www.youtube.com/channel/UCKlkhvMKkJdaz48cpscL7eg,2026-05-09T17:35:57.962Z,248.0,248.214,248.0
Street Struck,https://www.youtube.com/watch?v=sxWYHYalr-U,Big L - Topic,https://www.youtube.com/channel/UCCyjDe9r4_ze77f0jOuW5tg,2026-05-09T17:35:56.862Z,250.0,1.1,1.1
Dollaz + Sense,https://www.youtube.com/watch?v=x8Y3qoIPMZA,DJ Quik - Topic,https://www.youtube.com/channel/UCkjPhJe34X-tAPw0rvOCIYQ,2026-05-09T17:35:46.334Z,353.0,10.528,10.528
Back In Business,https://www.youtube.com/watch?v=5g_raFOGCJE,E-40 - Topic,https://www.youtube.com/channel/UCKlkhvMKkJdaz48cpscL7eg,2026-05-09T17:31:07.378Z,279.0,278.956,278.956
US - Meet Modmax - G15H,https://www.youtube.com/watch?v=RnWqShOzBnQ,,,2026-05-09T17:30:44.701Z,16.0,22.677,16.0
House Hunters | CubeSmart Self Storage,https://www.youtube.com/watch?v=lc0jvOiln7M,,,2026-05-09T17:30:21.970Z,16.0,22.731,16.0
E-40 - U And Dat (Featuring T. Pain & Kandi Girl) [HD],https://www.youtube.com/watch?v=m-fL-vdcBWo,Warner Records,https://www.youtube.com/channel/UCDj64sior23IP_7xLe8R7sg,2026-05-09T17:26:48.906Z,212.0,213.064,212.0
E-40 Da Bumble,https://www.youtube.com/watch?v=QM54iE3GfKQ,J.Arthur,https://www.youtube.com/channel/UCWfTfrneOX3G6mywCrfY5Eg,2026-05-09T17:22:35.851Z,252.0,253.055,252.0
The Enemy (feat. Fat Joe),https://www.youtube.com/watch?v=CNXsrF6INLw,Big L - Topic,https://www.youtube.com/channel/UCCyjDe9r4_ze77f0jOuW5tg,2026-05-09T17:19:45.460Z,169.0,170.391,169.0
Big L - Now or Never,https://www.youtube.com/watch?v=N3Oe0kFY2gk,passiveMenis,https://www.youtube.com/channel/UCTsS-d2pN8oCYCE5GhoIBzg,2026-05-09T17:15:43.468Z,240.0,241.992,240.0
Dusted 'N' Disgusted,https://www.youtube.com/watch?v=wly76dGX7hw,E-40 - Topic,https://www.youtube.com/channel/UCKlkhvMKkJdaz48cpscL7eg,2026-05-09T17:11:11.180Z,270.0,272.288,270.0
E-40 - 1-Luv (Official Video) ft. Leviti,https://www.youtube.com/watch?v=cuM2nzz2PmQ,E40VEVO,https://www.youtube.com/channel/UC-tDtay-KBnW7nuZ0lHAGQA,2026-05-09T17:06:29.221Z,280.0,281.959,280.0
E-40 - Sprinkle Me (Official Video) ft. Suga-T,https://www.youtube.com/watch?v=byuQVTdlfos,E40VEVO,https://www.youtube.com/channel/UC-tDtay-KBnW7nuZ0lHAGQA,2026-05-09T17:02:22.348Z,247.0,246.873,246.873
Starjunk 95 | Groovy Funky Disco Future House Mix,https://www.youtube.com/watch?v=J9ZgLFLbsA8,Gatuso,https://www.youtube.com/channel/UCrSecnmFNMxS9H75Kv5B0Zw,2026-05-09T16:59:21.881Z,975.0,180.467,180.467
AT&T | Apple,https://www.youtube.com/watch?v=gEGkhyCw9wE,,,2026-05-09T15:47:32.870Z,,4309.011,4309.011
DR. GABBA - Whip Smack,https://www.youtube.com/watch?v=r4-ZicgdKPk,DR. GABBA,https://www.youtube.com/channel/UCzSioysDbWR0p3tsuNJ-MwQ,2026-05-09T15:47:20.317Z,163.0,12.553,12.553
Your all-in-one privileged access management platform,https://www.youtube.com/watch?v=ZJXvkuCqb9A,,,2026-05-09T15:42:30.358Z,185.0,289.959,185.0
Shortened: Way of the Hunter 2 | Bergara Trailer,https://www.youtube.com/watch?v=26kLfbTObak,,,2026-05-09T15:42:28.371Z,40.0,1.987,1.987
This 🥷 said punchy rock😂 #youtube #comedyshorts #commentonvideo,https://www.youtube.com/watch?v=WapljxHLboY,THE RATED R2K,https://www.youtube.com/channel/UCAM0M2wDNc_-YVtW1CV2WCQ,2026-05-09T15:42:15.618Z,45.0,12.753,12.753
Joybait made a strangers day,https://www.youtube.com/watch?v=halqdotmegE,Tykupj2013,https://www.youtube.com/channel/UCz-nvivgDwKzqM9JtDmiJUQ,2026-05-09T15:42:09.369Z,65.0,6.249,6.249
Plz don’t check the sound 😭 🙏,https://www.youtube.com/watch?v=KVRwlHFGd5w,TheRankRoom,https://www.youtube.com/channel/UCS3EsZRz32HQT2MHNnzXuIA,2026-05-09T15:41:17.278Z,44.0,52.091,44.0
bestie gassing me up at my lowest #miniatureart,https://www.youtube.com/watch?v=4hk10uUYfUk,milkberry 🧷,https://www.youtube.com/channel/UCw5UMVDxjSQo8RneHV_t92A,2026-05-09T15:41:15.948Z,10.0,1.33,1.33
"March 28, 2026",https://www.youtube.com/watch?v=iWoAW8KIrpc,call of duty Cambo34 king ,https://www.youtube.com/channel/UC59-1-Z_4882ucM4PVbQudg,2026-05-09T15:40:18.340Z,23.0,57.608,23.0
"Upload your resume, say what to change, and get a sharper, more compelling version in seconds",https://www.youtube.com/watch?v=oJxBOzEnQSE,,,2026-05-09T15:39:49.489Z,41.0,28.851,28.851
Battling a Rapper Who Buys Things at Reasonable Prices | Anderson Burrus vs Funky Dee | Rap Battle,https://www.youtube.com/watch?v=uis_9anD9JY,Anderson Burrus,https://www.youtube.com/channel/UCQ5vazfoAsuCGEg-kwMgUzQ,2026-05-09T15:39:43.702Z,29.0,5.787,5.787
End of shift…he’s ready to go home,https://www.youtube.com/watch?v=02P95pqiIDs,girlies mob,https://www.youtube.com/channel/UCwxDPFkakDmzUmUo_WfMf3Q,2026-05-09T15:39:02.820Z,37.0,40.882,37.0
Blurry: Stays for fashionistas and fisherman | Booking.com,https://www.youtube.com/watch?v=oUcZs94BovQ,,,2026-05-09T15:39:00.858Z,16.0,1.962,1.962
This Prison Rap Was Perfect 😭🔥,https://www.youtube.com/watch?v=aDOh4BfBfVQ,Wave James,https://www.youtube.com/channel/UCmqsQcTVqjnyCp5uMKKfsmw,2026-05-09T15:38:50.096Z,158.0,10.762,10.762
Asking Celebrities to Sign Old Photos from the Internet (Again),https://www.youtube.com/watch?v=X3Bu34G-PtY,Timothy Flick,https://www.youtube.com/channel/UCGjH-fUd8xNpERe23On-n2Q,2026-05-09T15:37:51.668Z,57.0,58.428,57.0
DC ROI - AcrobatDC AcrobatDC DC EN XY Clc SisterSister Travel VID 1080x1920,https://www.youtube.com/watch?v=zedxf8lqldQ,,,2026-05-09T15:37:48.368Z,16.0,3.3,3.3
Fellas always Level up! Never get to comfortable 😂💯🎥 @dshearesjr @1andrewrose #comedy #crowdwork,https://www.youtube.com/watch?v=5xaTkP-YL7Q,Mojo Brookzz,https://www.youtube.com/channel/UCvWHvXyTOZu9fzS9JzODkCQ,2026-05-09T15:37:36.420Z,178.0,11.948,11.948
The fake Lego box prank,https://www.youtube.com/watch?v=Zr6sDPg-vUE,M1GJames,https://www.youtube.com/channel/UCzWVAylJsHCSJYq6eUJiGPw,2026-05-09T15:37:20.254Z,12.0,16.166,12.0
UAC-UGC 122024 24Nov Debit Sapphire BrandonStrangers V1 F1 Meta Video 9x16,https://www.youtube.com/watch?v=PVI_JT9Z3Tk,,,2026-05-09T15:37:17.017Z,34.0,3.237,3.237
"Water Crisis in Delbarton, West Virginia!!",https://www.youtube.com/watch?v=sgvxlaEpOB4,BowmanTV,https://www.youtube.com/channel/UC7vT7Os2LCWShO_SvpAMiLg,2026-05-09T15:37:15.436Z,180.0,1.581,1.581
It gets to a point dude🤣‼️ #rdr2 #reddeadredemption2,https://www.youtube.com/watch?v=EXdxv1mzu90,Elijah Wordly,https://www.youtube.com/channel/UCeS6WvOUhZmmQIIsLpXn_Sg,2026-05-09T15:36:59.329Z,26.0,16.107,16.107
You Told a Room of Black People… | Anderson Burrus vs Charron | Rap Battle Clip,https://www.youtube.com/watch?v=rmnXcy0C684,Anderson Burrus,https://www.youtube.com/channel/UCQ5vazfoAsuCGEg-kwMgUzQ,2026-05-09T15:35:54.591Z,60.0,64.738,60.0
Respect. U ain’t embarrass him or nothing. #funny #fyp #shorts,https://www.youtube.com/watch?v=aCgsmda8_0o,Matt Sowards,https://www.youtube.com/channel/UC3yXq9Wo1pCgeEU4xZNcsDQ,2026-05-09T15:35:11.641Z,23.0,42.95,23.0
Codex Andrew 2 DailyCommitSummary 16x9 h264,https://www.youtube.com/watch?v=6FqVZ0hLss0,,,2026-05-09T15:34:35.319Z,40.0,36.322,36.322
Be About Yo' Paper,https://www.youtube.com/watch?v=4ZDsW0ee5b4,The Click - Topic,https://www.youtube.com/channel/UCfaHtURvCP0wh-8GSpAuLYQ,2026-05-09T07:35:52.200Z,277.0,28723.119,277.0
EAZY-E - Real Muthaphuckkin' G's (EXPLICIT VERSION),https://www.youtube.com/watch?v=U5yFoeAaG8Q,MKPr0ducti0nsHipHop,https://www.youtube.com/channel/UCjbqLrpaV-SgopJI3CvEreA,2026-05-09T07:35:35.955Z,324.0,16.245,16.245
Just Another Day,https://www.youtube.com/watch?v=fw_58PPCMRI,Too $hort - Topic,https://www.youtube.com/channel/UC7kG2xPW0nmPMkU5MIrukHQ,2026-05-09T07:30:58.943Z,442.0,277.012,277.012
Suga Free - I'd Rather Give You My Bitch,https://www.youtube.com/watch?v=RMxGdLdMNRc,Suga Free,https://www.youtube.com/channel/UCuwelhuzVSdFaAgOKJ_MPmg,2026-05-09T07:30:51.310Z,305.0,7.633,7.633
Make You Mine,https://www.youtube.com/watch?v=Ei7aXkxjRlQ,Mac Dre - Topic,https://www.youtube.com/channel/UCs1fCzG0yFLXZykZ98GDmYg,2026-05-09T07:30:41.178Z,232.0,10.132,10.132
Mark Morrison - Return of the Mack (Official Music Video),https://www.youtube.com/watch?v=uB1D9wWxd2w,Mark Morrison,https://www.youtube.com/channel/UC9f-u24P4TP4bUcmSiA6JEw,2026-05-09T07:26:52.138Z,227.0,229.04,227.0
Fabolous ft. Nate Dogg - Can't Deny It (Official Video) [Explicit],https://www.youtube.com/watch?v=0glb5pkZlWo,UPROXX,https://www.youtube.com/channel/UCWGljB8djPusdaKtVx1UKfg,2026-05-09T07:23:17.334Z,259.0,214.804,214.804
Slick Rick - Children's Story (Official Music Video),https://www.youtube.com/watch?v=HjNTu8jdukA,SlickRickVEVO,https://www.youtube.com/channel/UCZDHjoHcWHR9pi0Jh8iG1sw,2026-05-09T07:19:29.686Z,235.0,227.648,227.648
Doggy Dogg World,https://www.youtube.com/watch?v=O0DSSzUD1wk,Snoop Dogg - Topic,https://www.youtube.com/channel/UC7xz_YipuZtypOuVALNzeog,2026-05-09T07:13:26.766Z,339.0,362.92,339.0
Sideways,https://www.youtube.com/watch?v=SkgiqoLpwSc,E-40 - Topic,https://www.youtube.com/channel/UCKlkhvMKkJdaz48cpscL7eg,2026-05-09T07:08:39.438Z,265.0,287.328,265.0
Everyday Is A Weekend (feat. The Jacka),https://www.youtube.com/watch?v=lFfIDdwYCBM,E-40 - Topic,https://www.youtube.com/channel/UCKlkhvMKkJdaz48cpscL7eg,2026-05-09T07:08:24.521Z,156.0,14.917,14.917
"Kurupt - ""We Can Freak It"" [Official Video]",https://www.youtube.com/watch?v=uwC3Nu-be_I,THA OFFICIAL KURUPT,https://www.youtube.com/channel/UCSiIpvsuHejd1uINXsw0adQ,2026-05-09T07:06:20.859Z,220.0,123.662,123.662
Flirting vs Autism💔 #siblings #couple #funny #viral #fy,https://www.youtube.com/watch?v=sIsnoZ6SiBw,Dantes Highlights,https://www.youtube.com/channel/UCenJzRZqCeyG6IRLCPNVZCQ,2026-05-09T06:47:34.983Z,28.0,1125.876,28.0
Blurry: svod_uac|UA|SL|S2|Moment|16x9|18s|en|sub|whatsyourname bau onlyon appbugs,https://www.youtube.com/watch?v=5wLGw3-z3_w,,,2026-05-09T06:47:33.005Z,18.0,1.978,1.978
Twitch{Paemezero}|Wait a minute😭| #trending #viral #paemezero #viralvideo,https://www.youtube.com/watch?v=RqaU6Xb1LmU,PAE,https://www.youtube.com/channel/UC6jBCWzQ0h7TVln-tR2_ksQ,2026-05-09T06:47:12.519Z,18.0,20.486,18.0
Even boys are not safe these days 😂 | Gym #shorts #youtubeshorts #shortmotivation #gymmotivation,https://www.youtube.com/watch?v=c0vckAOZ1ec,Born for Disciplines ,https://www.youtube.com/channel/UCCBH4lQ6GZm2bQkxyzjUk_A,2026-05-09T06:47:10.378Z,10.0,2.141,2.141
Blurry: Don’t just navigate the AI era — own it.,https://www.youtube.com/watch?v=dVejO4rFiwg,,,2026-05-09T06:47:07.481Z,31.0,2.897,2.897
"Timmy No Brakes Gets in Trouble 😂🔥🤣 | Kill Tony ft. Dr Phil (Adam Ray), Tony Hinchcliffe",https://www.youtube.com/watch?v=MD2H7n4hKt4,HMSvids,https://www.youtube.com/channel/UCMZpJfMnr7XNqqfIBBxogFQ,2026-05-09T06:46:49.353Z,42.0,18.128,18.128
Bringing a Prop to a Rap Battle | Anderson Burrus vs Arsonal | Rap Battle Clip,https://www.youtube.com/watch?v=NXZjUE2W7PM,Anderson Burrus,https://www.youtube.com/channel/UCQ5vazfoAsuCGEg-kwMgUzQ,2026-05-09T06:46:22.461Z,26.0,26.892,26.0
Plaid   Health Equity   A   06   1080x1920   ProRes,https://www.youtube.com/watch?v=8yA5ht5evR0,,,2026-05-09T06:45:52.340Z,7.0,30.121,7.0
Karl’s getting fired 😭 #grandma #rdr2 #rp #lasagna #funny,https://www.youtube.com/watch?v=RILLoXNSGPs,BlinksBunky,https://www.youtube.com/channel/UCM_DbjS0AL77tr9nyeGvVnA,2026-05-09T06:45:22.779Z,65.0,29.561,29.561
Willie's Remedy+ Alcohol Free Social Tonic,https://www.youtube.com/watch?v=y5ZW6YpLbm0,,,2026-05-09T06:45:21.174Z,25.0,1.605,1.605
I’m Actually Annoying😂 #rdr2 #reddeadredemption2 #funny moments y,https://www.youtube.com/watch?v=3tWUBXTDhm4,Elijah Wordly,https://www.youtube.com/channel/UCeS6WvOUhZmmQIIsLpXn_Sg,2026-05-09T06:44:38.820Z,93.0,42.354,42.354
Who tf is “we” 🤨 #quotes #viral #shorts,https://www.youtube.com/watch?v=XF66jlyxCwo, Zionwentviral,https://www.youtube.com/channel/UCHlRUmnu4J4QUU_LV3RzhPA,2026-05-09T06:44:13.998Z,21.0,24.822,21.0
Why would you hand me the phone?!,https://www.youtube.com/watch?v=udbBO-ckJBc,AriesSpears,https://www.youtube.com/channel/UC_Z6Tbjk4AesZwwGggZC7qQ,2026-05-09T06:43:31.823Z,109.0,42.175,42.175
@IShowSpeed 😭🙏 #ishowspeed #gugugaga #fyp #ronaldo #edit #darrenwatkins #prince7xeditz,https://www.youtube.com/watch?v=7ZqfGlZqLpM,Prince7xEditz ,https://www.youtube.com/channel/UCfSz8ulGxYM_4IliBWIl8Lw,2026-05-09T06:43:05.041Z,24.0,26.782,24.0
Speed Makes This Kids Day! ❤️,https://www.youtube.com/watch?v=9-NuCXwYDjE,Danny Digest,https://www.youtube.com/channel/UCmWJO-1U_RSFiDCudY2wRlg,2026-05-09T06:42:58.491Z,36.0,6.55,6.55
Blurry: Basil Hayden® Bourbon - The One With The Belt,https://www.youtube.com/watch?v=9DgbwBAYBPc,,,2026-05-09T06:42:56.310Z,31.0,2.181,2.181
Battle Rap Sneak Attack #rapbattle #frak #dizaster #freestyle #kotd,https://www.youtube.com/watch?v=98BWTB_J5aw,Frak The Person,https://www.youtube.com/channel/UCpeOy5t3uaqegbjEDHzfDTg,2026-05-09T06:42:25.696Z,27.0,30.614,27.0
Katt Williams Wasn't Ready for Theo Von,https://www.youtube.com/watch?v=BUHFtSYQFE8,Theo Rogan Shorts,https://www.youtube.com/channel/UCxKGou6OIoV68Rw5VYV9LHg,2026-05-09T06:42:23.270Z,39.0,2.426,2.426
I battled an ORPHAN | Anderson Burrus vs O Solo | Rap Battle Clip,https://www.youtube.com/watch?v=dsT8SD6V8gg,Anderson Burrus,https://www.youtube.com/channel/UCQ5vazfoAsuCGEg-kwMgUzQ,2026-05-09T06:40:56.198Z,65.0,87.072,65.0
"Little Mo KILLS on Kill Tony 😂🔥🤣 | Kill Tony ft. Theo Von, Tony Hinchcliffe, Jelly Roll",https://www.youtube.com/watch?v=oqZ2jP_qpXQ,HMSvids,https://www.youtube.com/channel/UCMZpJfMnr7XNqqfIBBxogFQ,2026-05-09T06:40:05.926Z,50.0,50.272,50.0
"Claude, the AI for putting theory into practice.",https://www.youtube.com/watch?v=U_c5NbvyEMw,,,2026-05-09T06:40:04.324Z,16.0,1.602,1.602
You Don’t Need Loads of Apps to Be Productive | Try Superhuman Instead,https://www.youtube.com/watch?v=upP3VJfrHuk,,,2026-05-09T06:40:00.937Z,30.0,3.387,3.387
Rappers in 2026: #funny #rap #memes #comedy #trending #music #jokes #hiphop #shorts,https://www.youtube.com/watch?v=QZffsBz6J80,BadBoy RDW8,https://www.youtube.com/channel/UC1pjalKPwEgxv-QSysZiaRA,2026-05-09T06:39:43.401Z,26.0,17.536,17.536
This is MY News team now 🤣 Good work ❤️ Song is a FOREVER BOP 🏆 To everyone else…Happy SUMMER ☀️,https://www.youtube.com/watch?v=8n8gjch8pc4,DJ Lovers Club,https://www.youtube.com/channel/UC2l_lWEN-BcfxDY3dsWTfMw,2026-05-09T06:39:12.867Z,46.0,30.534,30.534
Dance like nobody is watching you👀…#dance #dj #techno #festival #edm #rave,https://www.youtube.com/watch?v=saH055Q4AFA,Global Music Festival,https://www.youtube.com/channel/UCsyuGv7YjPHfbOths1l-u4g,2026-05-09T06:39:09.860Z,25.0,3.007,3.007
Is Red Dead RP Worth It⁉️ #rdr2 #reddeadredemption2 #funnymoments,https://www.youtube.com/watch?v=Qp-pGNRjkf8,Elijah Wordly,https://www.youtube.com/channel/UCeS6WvOUhZmmQIIsLpXn_Sg,2026-05-09T06:38:17.152Z,55.0,52.708,52.708
Some Things Demand Zero Forgiveness #kevingates #motivation #realman #life #inspiration,https://www.youtube.com/watch?v=uQwKKP2Smyg,Innerzeal,https://www.youtube.com/channel/UCnXtTV3XhcznLiM4bYQMRAw,2026-05-09T06:37:42.353Z,47.0,34.799,34.799
Sauce is Our Passion,https://www.youtube.com/watch?v=IQqsCRTTwBY,,,2026-05-09T06:37:40.310Z,10.0,2.043,2.043
They sync so well though#usa #shorts,https://www.youtube.com/watch?v=EDf8GUP8j5I,Toon factory,https://www.youtube.com/channel/UCQ80IB2qZNnSdjWEGbOtoYQ,2026-05-09T06:37:06.457Z,19.0,33.853,19.0
Theo Shows Bobby Lee the Wildest Clip 💀,https://www.youtube.com/watch?v=iXeraUj-j8M,Theo Rogan Shorts,https://www.youtube.com/channel/UCxKGou6OIoV68Rw5VYV9LHg,2026-05-09T06:36:09.606Z,53.0,56.851,53.0
Stock up on 24-hour Claritin® (70ct) at Walmart for $10 back.,https://www.youtube.com/watch?v=wIAyk7Lpkh4,,,2026-05-09T06:36:07.522Z,7.0,2.084,2.084
Johnny Silverhand’s CRAZIEST LINE….😭,https://www.youtube.com/watch?v=Xi4kbzZ8x68,Lumbago Gaming,https://www.youtube.com/channel/UCzw0jlwj_wlOWDjFrCYVnLg,2026-05-09T06:35:28.544Z,20.0,38.978,20.0
Old Moves… Still Got It! 🕺 NBA Dance Cam Legend #shorts,https://www.youtube.com/watch?v=0iGsxw61sAk,Juan Hoop,https://www.youtube.com/channel/UCl3LRUhtPrErJ2tbQNNk5RA,2026-05-09T06:34:17.125Z,46.0,71.419,46.0
"Our NEW College Collection is made for game day, graduation and every day.",https://www.youtube.com/watch?v=GHf4K8rOxDk,,,2026-05-09T06:34:11.060Z,17.0,6.065,6.065
"L'assist du siècle. 🤝✅ ,l'amitié, c'est sacré 🫡#humour #viral #anime #",https://www.youtube.com/watch?v=ZVdkFoV0w0E,Madness Senpai,https://www.youtube.com/channel/UCsWS3Men8savoixiXp_QOUA,2026-05-09T06:33:15.220Z,25.0,55.84,25.0
Flash mob in the school cafeteria with @roblandes #shostakovich #waltz #piano #violin,https://www.youtube.com/watch?v=n_BfyJaJr-E,Andy Morris,https://www.youtube.com/channel/UCIlr7gYkjlC8UbINlq0vpng,2026-05-09T06:33:12.343Z,60.0,2.877,2.877
McDonald's | I Just Want You,https://www.youtube.com/watch?v=hcJYBVQaN_s,,,2026-05-09T06:33:09.309Z,6.0,3.034,3.034
I Battled a Strong Black Man 🩷 | Compliment Battle | Anderson Burrus vs Jerry Wess,https://www.youtube.com/watch?v=ix2a_dCSdts,Anderson Burrus,https://www.youtube.com/channel/UCQ5vazfoAsuCGEg-kwMgUzQ,2026-05-09T06:32:12.886Z,55.0,56.423,55.0
Talking bout mortal threat #games #funny #reaction #shorts #streamer #gaming #youtubeshorts,https://www.youtube.com/watch?v=s0fHyf2GfcA,PresidentLloyd Everything,https://www.youtube.com/channel/UCYlNeXiwyOfZQi3qPvZz2tg,2026-05-09T06:31:14.651Z,35.0,58.235,35.0
Latinas can't do THIS 😂 RENE VACA,https://www.youtube.com/watch?v=EoUsQ2yG8mg,Rene Vaca,https://www.youtube.com/channel/UCoUyntb3c9fzpArszdgs4Tg,2026-05-09T06:31:12.415Z,34.0,2.236,2.236
FY27 PAC BEER NA Equity Can Silhouette Music PLC PLC LM EN BAU 9x16 6 DTC shoppable NA,https://www.youtube.com/watch?v=QwR8oXfA1iY,,,2026-05-09T06:31:10.042Z,7.0,2.373,2.373
It was all a blur,https://www.youtube.com/watch?v=suwlp6L6fG0,Tony Hawk,https://www.youtube.com/channel/UC0DMhk-sTZHFe75A5WAKgLg,2026-05-09T06:30:45.557Z,21.0,24.485,21.0
Shane Gillis The Lone Wolf,https://www.youtube.com/watch?v=hcBeUf0K8xw,DawgCore,https://www.youtube.com/channel/UCawQKG_k1JPExaApCx9nyFQ,2026-05-09T06:30:22.549Z,24.0,23.008,23.008
Boost Your Productivity,https://www.youtube.com/watch?v=1wKQtssXM3k,,,2026-05-09T06:30:21.041Z,41.0,1.508,1.508
These Cats Missed You 🐈,https://www.youtube.com/watch?v=thmQqpbQcRg,Fluffel,https://www.youtube.com/channel/UC7zDDueMZx4tUSa1EMbQEag,2026-05-09T06:30:18.437Z,29.0,2.604,2.604
B.B King Seeing How Good Gary Moore Is,https://www.youtube.com/watch?v=FLaIsajDERY,MusiciangoodsTV,https://www.youtube.com/channel/UCibfY25HFBbb26t2nG9s1Yg,2026-05-09T06:29:38.157Z,58.0,40.28,40.28
Bride :06 9x16,https://www.youtube.com/watch?v=YTH9jpMpKu8,,,2026-05-09T06:29:31.375Z,7.0,6.782,6.782
Song - Whatchu Gonna Do by mr flintstone #jerseyclub #producer #jersey #dance #fypシ,https://www.youtube.com/watch?v=5KAmgG61tOM,Mr Flintstone,https://www.youtube.com/channel/UCERSae6yic9Ven4n0WLa6Cg,2026-05-09T06:29:10.802Z,15.0,20.573,15.0
MF DOOM Albums Popular vs Best #rap #hiphop #mfdoomdoomsday #ranking #madvillain #music,https://www.youtube.com/watch?v=UFx0x71Y10k,ThatMusicMerchant,https://www.youtube.com/channel/UCeDG3uUUXyC4kobnoK-wVNA,2026-05-09T06:28:43.505Z,60.0,27.297,27.297
Blurry: Laufenn | The Essence of Driving (US_TGL_6s),https://www.youtube.com/watch?v=s9talr4iT4E,,,2026-05-09T06:28:41.325Z,7.0,2.18,2.18
Crazy Rap Battle! - Anderson Burrus vs Danny Myers,https://www.youtube.com/watch?v=yOywQFDR9Kw,Anderson Burrus,https://www.youtube.com/channel/UCQ5vazfoAsuCGEg-kwMgUzQ,2026-05-09T06:28:40.316Z,56.0,1.009,1.009
THIS IS MF DOOM #subscribe #pleasedontflop #shorts #weirdalyankovic #memes #funny #music #weirdal,https://www.youtube.com/watch?v=6k-E5Ib4bkI,JosephDoesStuff ,https://www.youtube.com/channel/UCDCm39n-Z9E9YDr2uTpertQ,2026-05-09T06:28:38.111Z,19.0,2.205,2.205
Search for Customer Data Solutions,https://www.youtube.com/watch?v=U42_atd2oFQ,,,2026-05-09T06:27:00.775Z,16.0,97.336,16.0
NBA THE RUN PLAYTEST # 2 AND FREE CODES # fyp #nbatherun #nba #nbastreet #playtest,https://www.youtube.com/watch?v=tOjFf_kTc1I,ZoNextDoor,https://www.youtube.com/channel/UCjQdpZo4-B7Dd95SaqTjP6w,2026-05-09T06:26:49.054Z,52.0,11.721,11.721
To Infinity… and the Corner Store 😂,https://www.youtube.com/watch?v=tuo-8sVfK8A,BWFMEDIA TV,https://www.youtube.com/channel/UC8_wxX0GLhTWNPXgv06YbUw,2026-05-09T06:26:24.414Z,40.0,24.64,24.64
Bro is having the TIME OF HIS LIFE😂🙏 #fortnite #fortnitememes #shorts,https://www.youtube.com/watch?v=21qeulJaT08,Drewify,https://www.youtube.com/channel/UCyJnl8BevCn7gwuAAUC_Qfw,2026-05-09T06:26:22.960Z,11.0,1.454,1.454
Mr. Govderf (Second Cycle of Humanity),https://www.youtube.com/watch?v=BaeT5kCsRyE,,,2026-05-09T06:25:43.289Z,106.0,39.671,39.671
Aura Farming At All Times 😎 #meme #relatablememes #funny #cars,https://www.youtube.com/watch?v=GUt6uKUejIo,B3YOND,https://www.youtube.com/channel/UCCgOIImFgXUv-TdBS9VVmMQ,2026-05-09T06:25:39.247Z,24.0,4.042,4.042
Cop went from “you cant skate here” to “were honored to have you skating here” via Kenny Stanley.,https://www.youtube.com/watch?v=Re-_FQhKsYE,Chip Smith,https://www.youtube.com/channel/UClIZQN9w1LRgtl_f-PkvwoQ,2026-05-09T06:25:27.822Z,11.0,11.425,11.0
"Y’ALL NOT READY FOR THE RED, WHITE, AND BLUE…BERRY",https://www.youtube.com/watch?v=TbCS6h0ifC8,,,2026-05-09T06:25:25.518Z,20.0,2.304,2.304
Pikachu goes GODMODE⚡️😟 #pokemon #nintendo #pikachu,https://www.youtube.com/watch?v=SHePlOQbL04,RetroBoy,https://www.youtube.com/channel/UCEyJ2b11futFWS_foxg4XFw,2026-05-09T06:24:43.223Z,,42.295,42.295
"“Taste some of my freedom"" 🙏😭 #dogs #freedom #master #art #ragebait",https://www.youtube.com/watch?v=peY-bZ51Wgo,chilloutsleezy,https://www.youtube.com/channel/UCC_lljwkaKvREYL1XyHniSg,2026-05-09T06:24:24.277Z,10.0,18.946,10.0
He’s lowkey a chill guy😂 #rdr2 #funnymoments #reddeadredemption,https://www.youtube.com/watch?v=wCDodpE0ZmI,Elijah Wordly,https://www.youtube.com/channel/UCeS6WvOUhZmmQIIsLpXn_Sg,2026-05-09T06:24:13.632Z,117.0,10.645,10.645
D4 VID MUSIC KORN EXP LIVE STO enUS 1080x1920 30 PlayNow KORN HELIX 30JUN26,https://www.youtube.com/watch?v=wyoFmceceHQ,,,2026-05-09T06:24:11.616Z,30.0,2.016,2.016
I Battled a British Rapper Who Doesn’t Like Rap | Anderson Burrus vs Ghast Buff,https://www.youtube.com/watch?v=PAl8BSrxP6Y,Anderson Burrus,https://www.youtube.com/channel/UCQ5vazfoAsuCGEg-kwMgUzQ,2026-05-09T06:22:10.859Z,60.0,120.757,60.0
day 15 of torturing my math teacher everytime he gives me homework #art #horror #drawing #shorts,https://www.youtube.com/watch?v=zTesL-OPzlc,Lukeart.mp4,https://www.youtube.com/channel/UC4MafYRa3FuldtDXtjnqmMQ,2026-05-09T06:21:48.032Z,18.0,22.827,18.0
Way of the Hunter 2 | Bergara Trailer,https://www.youtube.com/watch?v=GpSwAWALoWA,,,2026-05-09T06:21:40.872Z,45.0,7.16,7.16
Get Your Attention Span Back | Do Your Best Work With Superhuman,https://www.youtube.com/watch?v=tD-8PWM00Jk,,,2026-05-09T06:21:37.178Z,31.0,3.694,3.694
#typography,https://www.youtube.com/watch?v=Y71Te1rTMBE,Hustle Edits,https://www.youtube.com/channel/UCxQwNGlpqFE5tYEuuF0Br5w,2026-05-09T06:21:25.379Z,6.0,11.799,6.0
Say this when ordering Coffee 🤣☕️,https://www.youtube.com/watch?v=qQg5-Q-iSp0,Darren Carter,https://www.youtube.com/channel/UCfP9qhI4MnilAy_k6E30-7A,2026-05-09T06:21:23.874Z,29.0,1.505,1.505
Rugiet — Performance Medicine For Men,https://www.youtube.com/watch?v=KreA4dslT_A,,,2026-05-09T06:21:22Z,46.0,1.874,1.874
Adam Ray Hates Homeless People!!! 😂😂😂 | Kill Tony ft. Tony Hinchcliffe,https://www.youtube.com/watch?v=oYe_voCsQ6U,LifeofLogos,https://www.youtube.com/channel/UCNrnx5h8mMjZEQqbbVXVMkA,2026-05-09T06:21:15.543Z,30.0,6.457,6.457
UGC_LyricTest-4_SethRing_SunoCreator_English_Subscribe_9x16,https://www.youtube.com/watch?v=460Tvkw6Ryc,,,2026-05-09T06:20:11.266Z,81.0,64.277,64.277
R.I.P to the legend himself!🙌🏾🙏🏾🔥,https://www.youtube.com/watch?v=QoCtXRiBtxQ,G'Nard Da Starr,https://www.youtube.com/channel/UCzmA8lU7eMY6KvpX6hKPIhA,2026-05-09T06:20:03.084Z,24.0,8.182,8.182
Ranking The Best Barbershop Moments #shorts,https://www.youtube.com/watch?v=J2VIOcOl9g8,Queslt,https://www.youtube.com/channel/UCF2ApAuFDXtdNeAXTH7oX3A,2026-05-09T06:19:16.837Z,45.0,46.247,45.0
CS2 Mystery Box Unboxing Epic Wins,https://www.youtube.com/watch?v=Frz1V6E3G6s,,,2026-05-09T06:19:10.392Z,16.0,6.445,6.445
Toxic Phone Calls,https://www.youtube.com/watch?v=_kq7ym-7xX4,Mojo Brookzz,https://www.youtube.com/channel/UCvWHvXyTOZu9fzS9JzODkCQ,2026-05-09T06:18:50.133Z,136.0,20.259,20.259
Song - Whatchu Gonna Do by mr flintstone #jerseyclub #producer #jersey #dance #fypシ,https://www.youtube.com/watch?v=1RESyHIjThI,Mr Flintstone,https://www.youtube.com/channel/UCERSae6yic9Ven4n0WLa6Cg,2026-05-09T06:18:27.096Z,16.0,23.037,16.0
God forbid I wanna practice😂 #funnymoments #rdr2 #reddeadredemption,https://www.youtube.com/watch?v=nw3Cjt5_Pz0,Elijah Wordly,https://www.youtube.com/channel/UCeS6WvOUhZmmQIIsLpXn_Sg,2026-05-09T06:16:48.956Z,96.0,98.14,96.0
Boomhauer was based off of real life,https://www.youtube.com/watch?v=_OS7hzGxi0o,Starius2,https://www.youtube.com/channel/UC1lMNgZAK0SaVg6bcWWf7WA,2026-05-09T06:16:22.433Z,30.0,26.523,26.523
FY26Q2_DC_AcrobatDC_StudentSpaces_StudentFeed-Flashcards_US (Progression),https://www.youtube.com/watch?v=VdDiEf6YJnQ,,,2026-05-09T06:16:18.397Z,16.0,4.036,4.036
DR. GABBA - Whip Smack,https://www.youtube.com/watch?v=r4-ZicgdKPk,DR. GABBA,https://www.youtube.com/channel/UCzSioysDbWR0p3tsuNJ-MwQ,2026-05-09T03:07:25.060Z,163.0,11333.337,163.0
LANCER JUMP,https://www.youtube.com/watch?v=UDlQt-yAV5o,KylRyū,https://www.youtube.com/channel/UCjxxSoTot6nunbke5gtQI8Q,2026-05-09T03:04:25.632Z,178.0,179.428,178.0
DR. GABBA - Plasma,https://www.youtube.com/watch?v=xt56GyJu85M,DR. GABBA,https://www.youtube.com/channel/UCzSioysDbWR0p3tsuNJ-MwQ,2026-05-09T03:00:07.122Z,258.0,258.51,258.0
"Immutable, Ransomware-resistant Backup",https://www.youtube.com/watch?v=QvGzMSDCu84,,,2026-05-09T03:00:03.028Z,13.0,4.094,4.094
Shortened: Your all-in-one privileged access management platform,https://www.youtube.com/watch?v=vlD7vauDguM,,,2026-05-09T02:59:59.134Z,176.0,3.894,3.894
Too Much to Focus On? Change the Way You Work With Superhuman,https://www.youtube.com/watch?v=oCtgwoTjl1I,,,2026-05-09T02:59:58.250Z,43.0,0.884,0.884
Too $hort - Blow the Whistle (Official Audio),https://www.youtube.com/watch?v=qBmU9drpYAM,Certified,https://www.youtube.com/channel/UCF0Nc2O16gmAWw-Bd-N6BWg,2026-05-09T02:59:55.726Z,164.0,2.524,2.524
Ahhhh Sh*t!,https://www.youtube.com/watch?v=EOLTkUpxLqY,E-40 - Topic,https://www.youtube.com/channel/UCKlkhvMKkJdaz48cpscL7eg,2026-05-09T02:56:21.981Z,213.0,213.745,213.0
Titan Quest II | Summons Teaser 3,https://www.youtube.com/watch?v=epieGKRWOWk,,,2026-05-09T02:56:04.131Z,30.0,17.85,17.85
I Rap Battled an Old Lady | Anderson Burrus vs Joy France | Rap Battle Clip,https://www.youtube.com/watch?v=je-5JKf9z_I,Anderson Burrus,https://www.youtube.com/channel/UCQ5vazfoAsuCGEg-kwMgUzQ,2026-05-09T02:55:06.288Z,48.0,57.843,48.0
Copy of Codex Alexander 2 FixingPRs 16x9,https://www.youtube.com/watch?v=_wAWR3xf9SE,,,2026-05-09T02:55:03.299Z,38.0,2.989,2.989
FY26Q2_DC_AcrobatDC_StudentSpaces_StudentFeed-General_US (Progression),https://www.youtube.com/watch?v=K7yaPpBJidc,,,2026-05-09T02:55:02.778Z,31.0,0.521,0.521
E-40 - 1-Luv (Official Video) ft. Leviti,https://www.youtube.com/watch?v=cuM2nzz2PmQ,E40VEVO,https://www.youtube.com/channel/UC-tDtay-KBnW7nuZ0lHAGQA,2026-05-09T02:54:59.058Z,280.0,3.72,3.72
E-40 Da Bumble,https://www.youtube.com/watch?v=QM54iE3GfKQ,J.Arthur,https://www.youtube.com/channel/UCWfTfrneOX3G6mywCrfY5Eg,2026-05-09T02:18:13.809Z,252.0,2205.249,252.0
E-40 - Sprinkle Me (Official Video) ft. Suga-T,https://www.youtube.com/watch?v=byuQVTdlfos,E40VEVO,https://www.youtube.com/channel/UC-tDtay-KBnW7nuZ0lHAGQA,2026-05-09T02:09:26.903Z,247.0,526.906,247.0
Starjunk 95 | Groovy Funky Disco Future House Mix,https://www.youtube.com/watch?v=J9ZgLFLbsA8,Gatuso,https://www.youtube.com/channel/UCrSecnmFNMxS9H75Kv5B0Zw,2026-05-09T02:05:29.125Z,975.0,237.778,237.778
Top 10 E40 Songs 2023 Mix,https://www.youtube.com/watch?v=tC_IdB3TD10,HWHS520,https://www.youtube.com/channel/UC1Ok8V6gqz2_UDa4qvOcniw,2026-05-09T01:56:08.466Z,2580.0,560.659,560.659
Cop Realizes the Dismembered Body is Alive,https://www.youtube.com/watch?v=0RIA1zVKlvU,EWU Bodycam,https://www.youtube.com/channel/UCRmnt09hfWo6hD574tLVVDQ,2026-05-08T22:09:06.964Z,1227.0,13621.502,1227.0
Cops Discover Babysitter Being Eaten Alive in Backyard,https://www.youtube.com/watch?v=CbuYkTpl3g0,EWU Bodycam,https://www.youtube.com/channel/UCRmnt09hfWo6hD574tLVVDQ,2026-05-08T22:08:43.490Z,907.0,23.474,23.474
FY26Q2_St_EN_WW_SpringCampaign_Discover_Phase 1_:15_16x9,https://www.youtube.com/watch?v=qCcT_8M_Tkg,,,2026-05-08T22:07:49.668Z,15.0,53.822,15.0
Tell AG Ken Paxton: Do Your Job & Put Texans First,https://www.youtube.com/watch?v=gLOAPdi3X8Q,,,2026-05-08T18:18:48.273Z,31.0,13741.395,31.0
A Detective Tricks Guilty Suspect Into Confession,https://www.youtube.com/watch?v=F7k5Ucjdfhw,Dr Insanity,https://www.youtube.com/channel/UCjnYCUIym8wNRjLtZCc6gNg,2026-05-08T07:22:43.663Z,1208.0,39364.61,1208.0
Killer Husband Realizes Wife Is Still Alive,https://www.youtube.com/watch?v=pTYEszkqNWU,STAYAWAKE - Crime & Psychology,https://www.youtube.com/channel/UCoV5rqQ-ZwLahX1Q0aEsneA,2026-05-08T07:22:25.861Z,1414.0,17.802,17.802
A Husband Realizes His Wife Is The Murderer,https://www.youtube.com/watch?v=AT3fsRCbT_s,Dr Insanity,https://www.youtube.com/channel/UCjnYCUIym8wNRjLtZCc6gNg,2026-05-08T07:22:15.534Z,655.0,10.327,10.327
Wife Discovers Her Husband's Disgusting Secret,https://www.youtube.com/watch?v=AeSAZTMyur0,EWU Bodycam,https://www.youtube.com/channel/UCRmnt09hfWo6hD574tLVVDQ,2026-05-08T07:22:05.091Z,1036.0,10.443,10.443
FY25Q4 MaxLA DVA ObjectMask A Cutdown 15 YT 16x9 EN UPDATED,https://www.youtube.com/watch?v=k1ndUblrbOg,,,2026-05-08T07:21:48.176Z,16.0,16.915,16.0
You’ve Never Heard This In A Rap Battle | Anderson Burrus vs Danny Myers,https://www.youtube.com/watch?v=Ws9tSLiYpS4,Anderson Burrus,https://www.youtube.com/channel/UCQ5vazfoAsuCGEg-kwMgUzQ,2026-05-07T07:54:51.521Z,58.0,84416.655,58.0
"WWE Backlash – Saturday, May 9",https://www.youtube.com/watch?v=me5Y0GARxBU,,,2026-05-07T07:54:49.282Z,31.0,2.239,2.239
Karma Hits Him Back Instantly...👀,https://www.youtube.com/watch?v=q7K0HEXdFLw,Nopey,https://www.youtube.com/channel/UC0dqSxWYFkRsjQVMQ3_psxw,2026-05-07T07:54:47.976Z,32.0,1.306,1.306
Lets dance Diana #pragmata #space,https://www.youtube.com/watch?v=2z9U6y-fp5s,Meowtingz,https://www.youtube.com/channel/UCBBUfxWMbTjgH4DEELuOn0A,2026-05-07T07:54:36.994Z,30.0,10.982,10.982
A master and his student 😍🔥 #music #explore #shorts #youtube #ytshorts #fyp #viral,https://www.youtube.com/watch?v=fjp0DG47kEY,Starblessing ,https://www.youtube.com/channel/UC53qM6Lb67i4mMSzSRtA-lg,2026-05-07T07:54:33.697Z,46.0,3.297,3.297
Blurry: OLV   T5 MoviesJuggler Light Promo 30%Off VID 1920x1080 15s,https://www.youtube.com/watch?v=kf9NkUmtiqA,,,2026-05-07T07:54:20.367Z,16.0,13.33,13.33
when Scottish People speak in English 😂,https://www.youtube.com/watch?v=fIkILVfMcIU,Wordoria,https://www.youtube.com/channel/UCmotL5iIHJDG-ooyRahYCHg,2026-05-07T07:54:18.374Z,23.0,1.993,1.993
Old Spice-Brand-ENG-Jacky Sawgger BW -APDO/PCC-60-Shorts-9x16-,https://www.youtube.com/watch?v=dV3mkidDyJU,,,2026-05-07T07:53:59.209Z,30.0,19.165,19.165
Inside The NBA FUNNIEST Moments!😂🏀,https://www.youtube.com/watch?v=i_0XiqXLCWY,The Rushmore Reel,https://www.youtube.com/channel/UC_Chdf31CVBdV5ucyGtgjHA,2026-05-07T07:53:57.562Z,77.0,1.647,1.647
I have to show him who’s boss #fyp #rottierumble #dogsof TikTok #rottweiler #funny #bear #dogs,https://www.youtube.com/watch?v=C8WGO9-8GPQ,Ryanpr8ter4,https://www.youtube.com/channel/UCScSpoq3eGERISQfO2yy87w,2026-05-07T07:53:55.633Z,61.0,1.929,1.929
Native-Brand-ENG-The Wire-APDO-Spray-6-Shorts-9x16-PGNV2003000H,https://www.youtube.com/watch?v=SJmO1t-tKD8,,,2026-05-07T07:53:53.830Z,7.0,1.803,1.803
You Said WHAT?! | Anderson Burrus vs Marlo | Rap Battle Clip,https://www.youtube.com/watch?v=oST6PXDinOo,Anderson Burrus,https://www.youtube.com/channel/UCQ5vazfoAsuCGEg-kwMgUzQ,2026-05-07T07:52:30.953Z,82.0,82.877,82.0
GIVING SIDE QUESTS TO STRANGERS,https://www.youtube.com/watch?v=QR3dKmnzHok,sidequestz,https://www.youtube.com/channel/UCNDUK1LhfrnvedhfHGrZKPw,2026-05-07T07:52:18.805Z,82.0,12.148,12.148
YouTube Restage Launch Video Ad with Sound,https://www.youtube.com/watch?v=KYCPHfZLiwY,,,2026-05-07T07:52:17.341Z,22.0,1.464,1.464
What will happen if you heat the Monster Energy drink with the Hot Spoon #experiment #satisfying,https://www.youtube.com/watch?v=dhx-1OTBIWc,Angry Spoon,https://www.youtube.com/channel/UCnTqnGIQs59L-EfnVAhZxCw,2026-05-07T07:51:16.174Z,60.0,61.167,60.0
Training Details Catch Spies #knowledge #youtube #science #story,https://www.youtube.com/watch?v=b_IRjZHNRJo,Karen’s interesting knowledge ,https://www.youtube.com/channel/UCZI2xfZXOuXjDO2IL4Rxk5A,2026-05-07T07:51:14.841Z,60.0,1.333,1.333
9x16 Crest or Oral-B Dental Care,https://www.youtube.com/watch?v=xc1Kz8vgSvQ,,,2026-05-07T07:51:00.726Z,15.0,14.115,14.115
Why she mad? 😂 RENE VACA,https://www.youtube.com/watch?v=AFIkIW-MFDc,Rene Vaca,https://www.youtube.com/channel/UCoUyntb3c9fzpArszdgs4Tg,2026-05-07T07:49:25.762Z,96.0,94.964,94.964
When dave realized 😂,https://www.youtube.com/watch?v=z1rYIeLRTo8,GolGlobe,https://www.youtube.com/channel/UCkpn6sXEzrhvV3OgzmwdI8A,2026-05-07T07:49:23.643Z,60.0,2.119,2.119
(New Construction Home For sale)##homeinspector #homeinspector #newhomebuild,https://www.youtube.com/watch?v=N789GYoBhjc,Home inspector Jams,https://www.youtube.com/channel/UC14s_SCxEIG3a0dPVL195xw,2026-05-07T07:49:21.490Z,85.0,2.153,2.153
April 2026 spring savings Mobile Video,https://www.youtube.com/watch?v=11_x_SM61Ak,,,2026-05-07T07:49:20.227Z,9.0,1.263,1.263
calm osa 5 man run down. im diamond 1,https://www.youtube.com/watch?v=_n8ARBj1bn0,Frankystrings,https://www.youtube.com/channel/UCUphEOTL7MDr5U_ptHPOoZw,2026-05-07T07:49:18.796Z,78.0,1.431,1.431
Guess the Card WIN the Card! #mtg #magicthegathering #gaming,https://www.youtube.com/watch?v=z8QhDVl9w2w,KitchenTableTCG,https://www.youtube.com/channel/UCsTrzDBU_4nNQw6GQ7EpapA,2026-05-07T07:48:57.407Z,94.0,21.389,21.389
svod_uac|UA|CMTMRA|na|Trailer|9x16|27s|en|dub|OnlyOn-MusicTest-BAU,https://www.youtube.com/watch?v=3iC3FYDzyDo,,,2026-05-07T07:48:55.544Z,28.0,1.863,1.863
You Get Caught Doing EVERYTHING | Anderson Burrus vs DOT | Rap Battle Clip,https://www.youtube.com/watch?v=WA4pYFbTr4A,Anderson Burrus,https://www.youtube.com/channel/UCQ5vazfoAsuCGEg-kwMgUzQ,2026-05-07T07:47:47.826Z,50.0,67.718,50.0
How English sounds to foreigners 😭,https://www.youtube.com/watch?v=u8KYh87fWVc,Sgt Asap Music,https://www.youtube.com/channel/UCkvfb62IBnscn9se4lyjNHQ,2026-05-07T07:47:13.230Z,15.0,34.596,15.0
Shortened: MCS 2177 Video Concept NK BTD6 BloonsMusic V2 1920x1080 en nn,https://www.youtube.com/watch?v=wyZJjGU-ue0,,,2026-05-07T07:47:09.495Z,26.0,3.735,3.735
Lil Pump Starts TWEAKING After Chugging This Mystery Drink!😭🔥,https://www.youtube.com/watch?v=qmBW_LIpPA0,dripinbeats,https://www.youtube.com/channel/UCQN67_Ifrip98hJh2QYYO_g,2026-05-07T07:47:00.105Z,16.0,9.39,9.39
Way of the Hunter 2 | Early Access Release Trailer,https://www.youtube.com/watch?v=czET4p2CmY0,,,2026-05-07T07:46:54.500Z,204.0,5.605,5.605
15s Home Internet Video.mp4,https://www.youtube.com/watch?v=G1GU1KzdYOg,,,2026-05-07T07:46:50.349Z,15.0,4.151,4.151
Media mogul Ted Turner dies,https://www.youtube.com/watch?v=K4xZLYQMA6E,KTVN 2 News Nevada,https://www.youtube.com/channel/UCaLjq8bBXAA7lLlHaGHvI8w,2026-05-07T07:45:57.870Z,42.0,52.479,42.0
FY25Q4 Ps Desktop Demand Progression HaleyVaracallo2 LM RD 15 16x9 EN,https://www.youtube.com/watch?v=cwxhrqcMWb8,,,2026-05-07T07:45:44.892Z,15.0,12.978,12.978
Too Much to Focus On? Change the Way You Work With Superhuman,https://www.youtube.com/watch?v=W9qlAQw44yM,,,2026-05-07T07:45:41.682Z,42.0,3.21,3.21
Times Charles Barkley Had Shaq Laughing #nba #basketball #lebronjames #stephcurry #kobebryant,https://www.youtube.com/watch?v=MoJOJswF07s,roleplayerevolution,https://www.youtube.com/channel/UCak-EIzSCJKsIzRqPj8IvyA,2026-05-07T07:44:44.961Z,60.0,56.721,56.721
Blurry: Margaritaville at Sea Beachcomber Updated Offer,https://www.youtube.com/watch?v=35ODSMmlKbA,,,2026-05-07T07:44:43.745Z,31.0,1.216,1.216
Angel Reese out here causing problems 😂😂😂 FULL VIDEO DROPS 11/17 7pm CT #conedy #crowdwork,https://www.youtube.com/watch?v=xxsZdlGUSwc,Mojo Brookzz,https://www.youtube.com/channel/UCvWHvXyTOZu9fzS9JzODkCQ,2026-05-07T07:44:41.747Z,168.0,1.998,1.998
You can’t make this up😂 #rdr2 #reddeadredemption #funnymoments,https://www.youtube.com/watch?v=leaFadvfwPY,Elijah Wordly,https://www.youtube.com/channel/UCeS6WvOUhZmmQIIsLpXn_Sg,2026-05-07T07:44:38.037Z,73.0,3.71,3.71
Blurry: gw 30 cs sy,https://www.youtube.com/watch?v=2tLWEG3PeFk,,,2026-05-07T07:44:36.701Z,31.0,1.336,1.336
We didn’t know each other 5 minutes ago now we got inside jokes #viral #funniestvideo #trending #fy,https://www.youtube.com/watch?v=n1bxs4BSS-c,Buildbyjessy ,https://www.youtube.com/channel/UCThYlb0pZMPGEGJILtNuV0Q,2026-05-07T07:44:22.612Z,50.0,14.089,14.089
Funhouse Atl szn3 #viral #tvshow #funhouse #funhouseofmemphis,https://www.youtube.com/watch?v=g757v58JXV0,A.R. The Mermaid,https://www.youtube.com/channel/UC0dOzZjFhZiuADEukaLnTOw,2026-05-07T07:44:12.816Z,6.0,9.796,6.0
Had the whole team watching me😂 #rdro #rdr2 #funnymoments #reddeadredemption2,https://www.youtube.com/watch?v=Fxe9oU6keAo,Elijah Wordly,https://www.youtube.com/channel/UCeS6WvOUhZmmQIIsLpXn_Sg,2026-05-07T07:42:24.922Z,107.0,107.894,107.0
Enemies? Pray for Them! God’s Secret Weapon? 🙏🔥 #Faith #Jesus #Christianity #Prayer #SpiritualWar,https://www.youtube.com/watch?v=AGM6oWaMk0E,The Gospels Project,https://www.youtube.com/channel/UC2UwPYe1csjM91K2NkF2q9A,2026-05-07T07:42:22.756Z,57.0,2.166,2.166
Gary Chambers Doesn't Hold Back! He Goes All In on Louisiana State Reps over Foul Behaviour!,https://www.youtube.com/watch?v=vp-td_Jz9ng,Black Joy Interrupted,https://www.youtube.com/channel/UCXX9av8f0TKW5zOJDnnx7UQ,2026-05-07T07:42:11.490Z,180.0,11.266,11.266
Ken Bundles and Saves,https://www.youtube.com/watch?v=DXmiBeth6y4,,,2026-05-07T07:42:09.190Z,15.0,2.3,2.3
Magic Trick in Rap Battle! | Anderson Burrus vs Jerry Wess | Compliment Battle,https://www.youtube.com/watch?v=49OJh-i0dAE,Anderson Burrus,https://www.youtube.com/channel/UCQ5vazfoAsuCGEg-kwMgUzQ,2026-05-07T07:41:04.792Z,62.0,64.398,62.0
bolingbroke pen roof top escape artist | #ixblackx on #Twitch #echorp  #gta #fivem,https://www.youtube.com/watch?v=f8x3RtldM08,ixBlacKx Gaming,https://www.youtube.com/channel/UCFoZyqsxP1Aywqe1E0p4gQQ,2026-05-07T07:41:00.433Z,16.0,4.359,4.359
PG 25 1279200 KaywinGonzalez 15 9x16 Eng AC,https://www.youtube.com/watch?v=UVBYg6Sm5uo,,,2026-05-07T07:40:58.317Z,16.0,2.116,2.116
Pure Lockdown Vs ISO DEMON🔥🔒😱#nba2k26 #2k26 #xiblank #explore,https://www.youtube.com/watch?v=KTWykDaDwwo,iBlanK,https://www.youtube.com/channel/UCfqtCguKyK61342x0_J3EvA,2026-05-07T07:40:40.463Z,110.0,17.854,17.854
this young woman got put in her place by this comedian #funnyshorts #wokemindvirus #comedy,https://www.youtube.com/watch?v=ZuOs3z6Gagc,Wake up,https://www.youtube.com/channel/UCGIvg8_Q1ICMEWiEGFH-_eg,2026-05-07T07:40:06.660Z,30.0,33.803,30.0
Game Boy vs. The Sun: The ultimate battle ☀️👾 #90skids,https://www.youtube.com/watch?v=IGd3YLwCW-o,Nostalgic Latino,https://www.youtube.com/channel/UCz5eIUe-8q4nUXz6M6G9LEQ,2026-05-07T07:40:04.486Z,10.0,2.174,2.174
Emerald Got A Paint Job? 🎨 #gems #gemstone #emerald,https://www.youtube.com/watch?v=t9PEicACcVY,Avi The Gem Guy,https://www.youtube.com/channel/UCDyIAIANu2Ncm1cgJQTTN3A,2026-05-07T07:40:00.086Z,62.0,4.4,4.4
Blurry: Laufenn | The Essence of Driving (US_TGL_15s),https://www.youtube.com/watch?v=OXeS1c6u2l8,,,2026-05-07T07:39:58.403Z,19.0,1.683,1.683
Ranking The FUNNIEST Counter-Strike Moments 😂 Savage Teammate Roasts!,https://www.youtube.com/watch?v=_E6l1AgTYMY,DRACO RANKINGS,https://www.youtube.com/channel/UCiDEBlR7XDkkEvkEiWM8JCg,2026-05-07T07:39:40.683Z,72.0,17.72,17.72
It’s not that serious😂‼️ #rdro #rdr2 #funnymoments #reddeadredemption2,https://www.youtube.com/watch?v=uma2dNZWNzQ,Elijah Wordly,https://www.youtube.com/channel/UCeS6WvOUhZmmQIIsLpXn_Sg,2026-05-07T07:38:15.268Z,84.0,85.415,84.0
Blurry: Sticky Note: (6sec),https://www.youtube.com/watch?v=TEA40bFv1Yo,,,2026-05-07T07:38:13.475Z,7.0,1.793,1.793
Cattle Talk And Cold Cash.,https://www.youtube.com/watch?v=R_0BpP-nYd4,Snuff Cup,https://www.youtube.com/channel/UCm-ra6k1zLgGw-uIVaM0vkA,2026-05-07T07:38:10.051Z,69.0,3.424,3.424
Stealing his opponent’s bars #battlerap #frak #johnjohn #kotd #freestyle,https://www.youtube.com/watch?v=8XIZ8neC3O0,Frak The Person,https://www.youtube.com/channel/UCpeOy5t3uaqegbjEDHzfDTg,2026-05-07T07:38:08.593Z,38.0,1.458,1.458
"Inspired by Joy, Crafted with Heart™",https://www.youtube.com/watch?v=IhGSynMDgo8,,,2026-05-07T07:38:05.834Z,47.0,2.759,2.759
Something is clearly going on 😂😂😂,https://www.youtube.com/watch?v=b_GlzL_Q3eo,Mojo Brookzz,https://www.youtube.com/channel/UCvWHvXyTOZu9fzS9JzODkCQ,2026-05-07T07:35:06.311Z,179.0,179.523,179.0
Prowess - Kolleen Denaga and Diachi,https://www.youtube.com/watch?v=nquEjp3NfGM,,,2026-05-07T07:35:04.456Z,42.0,1.855,1.855
Anderson Burrus Vs J2 (Chum Bucket Clip),https://www.youtube.com/watch?v=FxsNJGi5a50,Anderson Burrus,https://www.youtube.com/channel/UCQ5vazfoAsuCGEg-kwMgUzQ,2026-05-07T07:34:06.470Z,58.0,57.986,57.986
Bobby Lee's Kimchi ramen 🍜 #shorts,https://www.youtube.com/watch?v=UbNqeLp7LcA,SIZZEL,https://www.youtube.com/channel/UCcWpJRodNjwXDsepAM-UzUg,2026-05-07T07:34:01.630Z,33.0,4.84,4.84
McAlister's Deli Hearty 15 9x16 YouTube,https://www.youtube.com/watch?v=IGv2Jg5eVho,,,2026-05-07T07:33:59.602Z,16.0,2.028,2.028
You can’t make this up😂 #rdr2 #funnymoments #rdro #reddeadredemption2,https://www.youtube.com/watch?v=ts_0bQ8Kv_o,Elijah Wordly,https://www.youtube.com/channel/UCeS6WvOUhZmmQIIsLpXn_Sg,2026-05-07T07:32:23.460Z,95.0,96.142,95.0
Khabib Refused to Wait for Conor McGregor,https://www.youtube.com/watch?v=j8_TIZnXZyI,Wavesclip,https://www.youtube.com/channel/UC__62uOtDXS6rxL9mjYh8aw,2026-05-07T07:32:21.731Z,58.0,1.729,1.729
Blurry: Acting Up - 15s ENG_Optimized,https://www.youtube.com/watch?v=ZbAOlsNhOQE,,,2026-05-07T07:32:20.132Z,16.0,1.599,1.599
What are the chances? 🤯⁉️ #skateboarding #reels,https://www.youtube.com/watch?v=vez3yFT7SwQ,Dabble Video Magazine,https://www.youtube.com/channel/UCb7KDyhF8NfyoYagrtb-TDg,2026-05-07T07:32:02.434Z,108.0,17.698,17.698
The nicest rap battle ever😂 #frak #geechigotti #battlerap #complimentbattle,https://www.youtube.com/watch?v=qN1Ods4483Y,Frak The Person,https://www.youtube.com/channel/UCpeOy5t3uaqegbjEDHzfDTg,2026-05-07T07:30:43.071Z,79.0,79.363,79.0
Cops Tase A Man For Going To His Own Vehicle,https://www.youtube.com/watch?v=ghhIZ-EOsOI,GCS,https://www.youtube.com/channel/UCYsDBLgNtIGu6tKlyZR1bXg,2026-05-07T07:30:35.934Z,64.0,7.137,7.137
Shortened: 26FCB0104H Instacart ChooseYourBananas 30 9x16,https://www.youtube.com/watch?v=JLGBVOuwwfg,,,2026-05-07T07:30:32.826Z,12.0,3.108,3.108
Every Bluecollar Job.,https://www.youtube.com/watch?v=Yjr5AXks_ok,Snuff Cup,https://www.youtube.com/channel/UCm-ra6k1zLgGw-uIVaM0vkA,2026-05-07T07:29:22.390Z,68.0,70.436,68.0
The Most Disturbing PS1 Boss,https://www.youtube.com/watch?v=E-Rd68RvVDg,DuelShock Files,https://www.youtube.com/channel/UC85vAbUpMroZLDS6c1dDZ0w,2026-05-07T07:28:28.693Z,37.0,53.697,37.0
Hilton. For the Stay | Book now,https://www.youtube.com/watch?v=YUx2oMLkSCk,,,2026-05-07T07:28:26.715Z,7.0,1.978,1.978
You can’t make this up🤣 #rdr2 #reddeadredemption #reddeadredemption2,https://www.youtube.com/watch?v=rQ_1bB3TUAs,Elijah Wordly,https://www.youtube.com/channel/UCeS6WvOUhZmmQIIsLpXn_Sg,2026-05-07T07:26:49.683Z,99.0,97.032,97.032
Blade #nostalgia #games #retrogaming #ps2 #ps2games #blade e,https://www.youtube.com/watch?v=O-kjfxkW0TM,RetroRealm Tervo,https://www.youtube.com/channel/UC-IAG0uLbLaLG2xsiuF2Wcw,2026-05-07T07:26:31.029Z,16.0,18.654,16.0
Ore-Ida: “Don’t Trust the Imi-taters” | Sweden Mikkael Këy (:15),https://www.youtube.com/watch?v=f5eWx9Fpu6w,,,2026-05-07T07:26:28.988Z,16.0,2.041,2.041
that’s a wild ride 😳 #Shorts #Minecraft,https://www.youtube.com/watch?v=zuQqfnCueVI,Joe & Pops,https://www.youtube.com/channel/UCwesjDasKZJvGPlhUJt4UEA,2026-05-07T07:25:51.314Z,142.0,37.674,37.674
Ps2 Pre-launch day Public Event in 2000,https://www.youtube.com/watch?v=lD7138IRv9E,2000’s Internet Fever,https://www.youtube.com/channel/UCEggfdwmC-uuenEyZhM7g-w,2026-05-07T07:25:48.349Z,20.0,2.965,2.965
Blurry: svod_uac|UA|ASHHFIR|S1|Moment|16x9|143s|en|dub|addictedtopraise,https://www.youtube.com/watch?v=uIGlCK8jc_Q,,,2026-05-07T07:25:46.426Z,143.0,1.923,1.923
You Stayed In Your Daughter's Life Because - | Anderson Burrus vs Thesaurus | Rap Battle Clip,https://www.youtube.com/watch?v=i8BjaM_fg_0,Anderson Burrus,https://www.youtube.com/channel/UCQ5vazfoAsuCGEg-kwMgUzQ,2026-05-07T07:23:52.824Z,55.0,113.602,55.0
GameStop Retro Expands Nationwide | GameStop,https://www.youtube.com/watch?v=_mHoYNxWmuU,GameStop,https://www.youtube.com/channel/UCX1aoT25QZzgGQJo4uCtRxw,2026-05-07T07:22:59.788Z,33.0,53.036,33.0
FY25Q3 Ps Desktop Demand Progression PedroNekoi1 LM YT Hero 16x9 EN,https://www.youtube.com/watch?v=-SlNMnTYD-g,,,2026-05-07T07:22:55.433Z,41.0,4.355,4.355
DG Video Gen Video,https://www.youtube.com/watch?v=ypOS3tWd_zU,,,2026-05-07T07:22:46.513Z,13.0,8.92,8.92
Titan Quest II | Summons Teaser 1,https://www.youtube.com/watch?v=W3fUjVhr2LQ,,,2026-05-07T07:22:38.455Z,28.0,8.058,8.058
Killer Realizes She's Been Caught 27 Years Later,https://www.youtube.com/watch?v=lpC4FvGyrds,EWU Crime Storytime,https://www.youtube.com/channel/UCVXKabRhXSQXh_U0au5JSzQ,2026-05-07T07:04:38.119Z,1674.0,1080.336,1080.336
Serial Killer Realizes He's Been Caught 45 Years Later,https://www.youtube.com/watch?v=qzQNFzA01_0,EWU Crime Storytime,https://www.youtube.com/channel/UCVXKabRhXSQXh_U0au5JSzQ,2026-05-07T07:04:09.135Z,1115.0,28.984,28.984
TikTok Prank Gets Man Arrested on 6 Felony Charges,https://www.youtube.com/watch?v=FKRkVXKAN7s,EWU Bodycam,https://www.youtube.com/channel/UCRmnt09hfWo6hD574tLVVDQ,2026-05-07T07:03:32.330Z,929.0,36.805,36.805
FY25Q4 Ps Desktop Demand Progression MarinaMay3 LM RD 30 16x9 EN,https://www.youtube.com/watch?v=NInunySOAcc,,,2026-05-07T07:03:02.085Z,30.0,30.245,30.0
Officer Gone need a Pepsi and 6 wings to get them answers out of her,https://www.youtube.com/watch?v=kKMiwu4x_rU,Mojo Brookzz,https://www.youtube.com/channel/UCvWHvXyTOZu9fzS9JzODkCQ,2026-05-06T19:50:05.475Z,162.0,40376.61,162.0
Pokémon Emerald 3D Box Animation #blender #retrogaming,https://www.youtube.com/watch?v=0CvJlUxRzvw,Viu_Bannes,https://www.youtube.com/channel/UC5O9Z9g7XQ-NOJcEcdtqeIg,2026-05-06T19:49:48.859Z,11.0,16.616,11.0
Markerters E5,https://www.youtube.com/watch?v=TguWIL-uOkc,,,2026-05-06T19:49:09.271Z,31.0,39.588,31.0
There’s more to Houston with the Chronicle,https://www.youtube.com/watch?v=7HAoXI4oMyU,,,2026-05-06T19:49:04.414Z,31.0,4.857,4.857
Predator Caught With Zipper Down Filming Girl in Restroom,https://www.youtube.com/watch?v=eIsVCvAyCWk,EWU Bodycam,https://www.youtube.com/channel/UCRmnt09hfWo6hD574tLVVDQ,2026-05-06T19:45:18.080Z,528.0,226.334,226.334
Missing Man Found Alive After 8 Days Buried to His Head in Mud,https://www.youtube.com/watch?v=j6IK5J6UQB8,EWU Bodycam,https://www.youtube.com/channel/UCRmnt09hfWo6hD574tLVVDQ,2026-05-06T19:41:52.906Z,803.0,205.174,205.174
Cops Open Son's Freezer & Immediately Arrest Him,https://www.youtube.com/watch?v=LnhINvAtyJc,EWU Bodycam,https://www.youtube.com/channel/UCRmnt09hfWo6hD574tLVVDQ,2026-05-06T19:40:45.097Z,1319.0,67.809,67.809
Your all-in-one privileged access management platform,https://www.youtube.com/watch?v=ZJXvkuCqb9A,,,2026-05-06T19:40:11.034Z,185.0,34.063,34.063
DR. GABBA - Sunday 2pm,https://www.youtube.com/watch?v=cvNiP0J-1eI,DR. GABBA,https://www.youtube.com/channel/UCzSioysDbWR0p3tsuNJ-MwQ,2026-05-06T14:43:37.931Z,180.0,17793.103,180.0
25Q2 AGRNAT PR TempurBreezeEVG TV YT Mattress 15s ENG 1920x1080,https://www.youtube.com/watch?v=RTcRn1pYul8,,,2026-05-06T14:43:31.078Z,16.0,6.853,6.853
DR. GABBA - Whip Smack,https://www.youtube.com/watch?v=r4-ZicgdKPk,DR. GABBA,https://www.youtube.com/channel/UCzSioysDbWR0p3tsuNJ-MwQ,2026-05-06T14:40:48.315Z,163.0,162.763,162.763
LANCER JUMP,https://www.youtube.com/watch?v=UDlQt-yAV5o,KylRyū,https://www.youtube.com/channel/UCjxxSoTot6nunbke5gtQI8Q,2026-05-06T14:37:48.887Z,178.0,179.428,178.0
DR. GABBA - Plasma,https://www.youtube.com/watch?v=xt56GyJu85M,DR. GABBA,https://www.youtube.com/channel/UCzSioysDbWR0p3tsuNJ-MwQ,2026-05-06T14:33:30.252Z,258.0,258.635,258.0
FY26Q1_CC_Video_Pr_EN_NA_Premiere-HouseOfDynamite-Kirk-30s_VID_16x9,https://www.youtube.com/watch?v=cxOyEmjipM8,,,2026-05-06T14:33:26.614Z,31.0,3.638,3.638
Be About Yo' Paper,https://www.youtube.com/watch?v=4ZDsW0ee5b4,The Click - Topic,https://www.youtube.com/channel/UCfaHtURvCP0wh-8GSpAuLYQ,2026-05-06T14:30:43.287Z,277.0,163.327,163.327
Lodi Dodi,https://www.youtube.com/watch?v=OvX0xjMP0RI,Snoop Dogg - Topic,https://www.youtube.com/channel/UC7xz_YipuZtypOuVALNzeog,2026-05-06T14:30:04.553Z,302.0,38.734,38.734
It's 1998 and you're drifting in tokyo.,https://www.youtube.com/watch?v=XNyGjf1mnxM,baby.murcielaga,https://www.youtube.com/channel/UCzsv3s5OcQvglRqlATpHvBA,2026-05-06T14:24:40.212Z,2520.0,324.341,324.341
Trump exacts revenge in Indiana,https://www.youtube.com/watch?v=m__W5euINc8,CNN,https://www.youtube.com/channel/UCupvZG-5ko_eiXAupbDfxWw,2026-05-06T06:15:37.662Z,74.0,29342.55,74.0
Control Access and Prevent Deletions,https://www.youtube.com/watch?v=dQXaN5b5PqE,,,2026-05-06T06:15:30.771Z,11.0,6.891,6.891
What Justin Bieber Was Doing as Hailey Bieber Attended Met Gala 2026 | E! News,https://www.youtube.com/watch?v=CA2ZAjDVohk,E! News,https://www.youtube.com/channel/UCjDsbbzHgTrGc4Ff26TJtsA,2026-05-06T06:15:03.152Z,66.0,27.619,27.619
Gothic 1 Remake | Pre-Order Teaser 15s,https://www.youtube.com/watch?v=Ze6ox9qEHtw,,,2026-05-06T06:15:01.435Z,16.0,1.717,1.717
FY26Q2 B2B Acrobat DoThatWithAcrobat LevelUpYourPitch NA,https://www.youtube.com/watch?v=3FBgVscIXUQ,,,2026-05-06T06:14:51.770Z,16.0,9.665,9.665
"One decision will change the world. PRESSURE in theaters May 29, from the producers of DARKEST HOUR.",https://www.youtube.com/watch?v=emLb3RkrJlU,,,2026-05-06T06:12:28.841Z,16.0,142.929,16.0
You got 10 KIDS?! | Anderson Burrus vs Danny Myers | Battle rap clip,https://www.youtube.com/watch?v=8HwiVkGEc_c,Anderson Burrus,https://www.youtube.com/channel/UCQ5vazfoAsuCGEg-kwMgUzQ,2026-05-06T06:10:51.121Z,54.0,97.72,54.0
She told her dad on me😂‼️ #rdr2 #funnymoments #reddeadredemption #reddeadredemption2,https://www.youtube.com/watch?v=zkuC2Mwt5h8,Elijah Wordly,https://www.youtube.com/channel/UCeS6WvOUhZmmQIIsLpXn_Sg,2026-05-06T06:10:48.717Z,85.0,2.404,2.404
This just got me so good | #summuh_ on #Twitch,https://www.youtube.com/watch?v=YhhliCJZcC8,Summuh,https://www.youtube.com/channel/UC38PecvuiuEoG3xehtR6r6Q,2026-05-06T06:10:44.636Z,31.0,4.081,4.081
the best casino method… #funny #relatable #daddywellness #casino #gambling,https://www.youtube.com/watch?v=tAyUejFWQPs,Daddy Wellness Live,https://www.youtube.com/channel/UCB9Fo5vh7Fs0mYbRY_ZHQ0g,2026-05-06T06:09:59.454Z,22.0,45.182,22.0
Duitse presentatrice Hazel Brugger krijgt reisadvies van een Nederlander in Amsterdam (2020),https://www.youtube.com/watch?v=1aETe-H511A,Bakkie Bonje,https://www.youtube.com/channel/UCfe55Fz1tc6fkTVnecSOxQA,2026-05-06T06:09:44.462Z,14.0,14.992,14.0
Classic #108,https://www.youtube.com/watch?v=TBMalVidJCU,Xarxes,https://www.youtube.com/channel/UC2ZT1gXbvpMt-hb-A69ZXLQ,2026-05-06T06:09:42.102Z,26.0,2.36,2.36
A view of the Hollywood Hills and downtown Los Angeles from my window.,https://www.youtube.com/watch?v=3l0PtKNzclA,Jetset Luck,https://www.youtube.com/channel/UCN4qNWDTmuDnoxrSo_Qkwrw,2026-05-06T06:09:40.635Z,23.0,1.467,1.467
Por favor comparte con tus amigos #pov #herramientas #sketch #gracioso #actuación #historia,https://www.youtube.com/watch?v=ZaC-b1mCWyI,gsdga,https://www.youtube.com/channel/UCS6lqwRT4UHBGZYKDx0tBag,2026-05-06T06:09:35.717Z,63.0,4.918,4.918
Blurry: Laufenn | The Essence of Driving (US_TGL_6s),https://www.youtube.com/watch?v=s9talr4iT4E,,,2026-05-06T06:09:33.592Z,7.0,2.125,2.125
"6ix9ine Says Lil Durk Got Karma For Mocking Him On “Laugh Now, Cry Later” #stream #kick #adinross",https://www.youtube.com/watch?v=kIFEkJEl5ao,Male Gigalo,https://www.youtube.com/channel/UCkdf15nV2qw-YqDxZI9WZKA,2026-05-06T06:09:22.537Z,44.0,11.055,11.055
Grasshopper Scooter Finals!,https://www.youtube.com/watch?v=vDal6eAJXPI,Benny Yinzer | Hail Mary Media,https://www.youtube.com/channel/UCZp4n6_ksfqCLgaUHShTThA,2026-05-06T06:09:19.471Z,19.0,3.066,3.066
Viva | Alien Ice Cream Bar,https://www.youtube.com/watch?v=EGnlS-gzslM,,,2026-05-06T06:09:17.561Z,7.0,1.91,1.91
House Hunters | CubeSmart Self Storage,https://www.youtube.com/watch?v=Zkm-aDJ8nUs,,,2026-05-06T06:08:05.644Z,16.0,71.917,16.0
POV: You meant to call an ambulance but open YouTube shorts out of bad habit #subscribe #afambobie,https://www.youtube.com/watch?v=2WJYmvYTIlc,AFAMBOBIE,https://www.youtube.com/channel/UCbj5yxepFY8Ui6myHorEG0Q,2026-05-06T06:07:59.765Z,8.0,5.879,5.879
Shout for the Birria Tacos and consome for me right @VitosTacos SUBSCRIBE TO MEMBESHIP DONT MISS OUT,https://www.youtube.com/watch?v=dwCyxHPrrTQ,Richard,https://www.youtube.com/channel/UC3ozTyu9Z1n3XauALb4qe5A,2026-05-06T06:07:57.917Z,61.0,1.848,1.848
AC Slurp Love Story 20 sec Vert,https://www.youtube.com/watch?v=8cO9ZbbzqCA,,,2026-05-06T06:07:56.305Z,21.0,1.612,1.612
They take it so serious😂 #reddeadredemption #rdr2 #funnymoments,https://www.youtube.com/watch?v=F_qSQxtppXQ,Elijah Wordly,https://www.youtube.com/channel/UCeS6WvOUhZmmQIIsLpXn_Sg,2026-05-06T06:05:41.280Z,150.0,135.025,135.025
People that even science can’t understand! 🤯😳,https://www.youtube.com/watch?v=eLZFLDqRg3w,Forgotten Pages,https://www.youtube.com/channel/UCNvsthwzgEUd7jONduGWnXQ,2026-05-06T06:05:28.929Z,61.0,12.351,12.351
A new era of American Innovation: NYC MTA (6s),https://www.youtube.com/watch?v=v7x_oaE-iv8,,,2026-05-06T06:05:24.891Z,7.0,4.038,4.038
Officer Freaky Man 😂😂😂😂😂😂😂😂 #comedy #comedymoments #standup #crowdwork,https://www.youtube.com/watch?v=ryUnR4MWdr8,Mojo Brookzz,https://www.youtube.com/channel/UCvWHvXyTOZu9fzS9JzODkCQ,2026-05-06T06:02:50.313Z,180.0,154.578,154.578
That Mexican OT Hit by Joke! 🤣,https://www.youtube.com/watch?v=IpVjEwpVchk,Big Boy's Neighborhood,https://www.youtube.com/channel/UCaGF50DDZY8K1iRuY23Y8qQ,2026-05-06T06:02:46.009Z,19.0,4.304,4.304
Wuthering Heights | HBO Max,https://www.youtube.com/watch?v=sAGjeJgRG5k,,,2026-05-06T06:02:44.231Z,16.0,1.778,1.778
Is he wrong or right? #foryou #treanding #viral #viralvideo #foryou #hype #explore #explorepage #rap,https://www.youtube.com/watch?v=z21EEWo-elk,News9,https://www.youtube.com/channel/UCSq6myeVQU70mT69ig4rE2Q,2026-05-06T06:02:28.413Z,49.0,15.818,15.818
Grandma shaking up the politics 😭 #rdr2 #rp #grandma #politics #funny,https://www.youtube.com/watch?v=_UycTfFDoJY,BlinksBunky,https://www.youtube.com/channel/UCM_DbjS0AL77tr9nyeGvVnA,2026-05-06T06:02:02.026Z,21.0,26.387,21.0
NAR RBY26 MaisonMosaic 10 Social 9x16,https://www.youtube.com/watch?v=Cj30t5nw5m4,,,2026-05-06T06:01:59.810Z,11.0,2.216,2.216
Worst Bar Ever | Anderson Burrus vs Arsonal | Rap Battle Clip,https://www.youtube.com/watch?v=1_aXcahfyZU,Anderson Burrus,https://www.youtube.com/channel/UCQ5vazfoAsuCGEg-kwMgUzQ,2026-05-06T06:01:13.636Z,24.0,46.174,24.0
White People Suprise Kam Patterson!!! 😂😂😂| Kill Tony,https://www.youtube.com/watch?v=dXkZBKEUAmQ,LifeofLogos,https://www.youtube.com/channel/UCNrnx5h8mMjZEQqbbVXVMkA,2026-05-06T06:01:11.698Z,19.0,1.938,1.938
Blurry: Sticky Note: (6sec),https://www.youtube.com/watch?v=TEA40bFv1Yo,,,2026-05-06T06:01:09.875Z,7.0,1.823,1.823
My Black Friend took me to Get My Hair Done,https://www.youtube.com/watch?v=2ACyQbUzkBM,Tbone & Solo ,https://www.youtube.com/channel/UCWBBoHrCi1jd3AgweQxmB_A,2026-05-06T06:00:26.933Z,64.0,42.942,42.942
I think she dead 💀| #justlisto on #Twitch,https://www.youtube.com/watch?v=JxYFXzuQgD0,JustListo,https://www.youtube.com/channel/UCNZcIKbL6u1Tlb_ezfCiEEg,2026-05-06T06:00:21.956Z,29.0,4.977,4.977
Bro Got Pressed For Trying To Buy A Cronus Zen At GameStop 😅🤣😂,https://www.youtube.com/watch?v=j275S_LPniQ,Trap Boy Gamers,https://www.youtube.com/channel/UCosUwfeGZQBAqDRLSA2qJSw,2026-05-06T06:00:20.342Z,36.0,1.614,1.614
My Neighbors Look Like You! | Anderson Burrus vs Arsonal | Rap Battle Clip,https://www.youtube.com/watch?v=S_svruQzt4U,Anderson Burrus,https://www.youtube.com/channel/UCQ5vazfoAsuCGEg-kwMgUzQ,2026-05-06T05:59:36.908Z,40.0,43.434,40.0
svod_uac|UA|MHA|S8|Moment|9x16|30s|en|dub|streamnow-ytvac,https://www.youtube.com/watch?v=l2nLkAYo_Mc,,,2026-05-06T05:59:33.092Z,31.0,3.816,3.816
This ain’t right 😭 #gta #funnymoments #shorts,https://www.youtube.com/watch?v=WkpcmerKoRg,Cheeto Head,https://www.youtube.com/channel/UCDT6JRvtVCMGXonJi3j-tpg,2026-05-06T05:59:31.309Z,21.0,1.783,1.783
🥺#short#Schardo_Mitch,https://www.youtube.com/watch?v=2dbvWUWEV7Y,Schardo_Mitch,https://www.youtube.com/channel/UCigbSl_2IIlM3h6PT_wdCxQ,2026-05-06T05:59:29.813Z,7.0,1.496,1.496
POV THE LIFE OF DRIVING A HELLCAT,https://www.youtube.com/watch?v=wBMirwxs-DM,mariblends,https://www.youtube.com/channel/UCYixKWbXyXCx_0Ajlpy69Lg,2026-05-06T05:59:19.909Z,,9.904,9.904
Scalpers sleeping on the job 💀,https://www.youtube.com/watch?v=YeHb6CCvIbU,YungFika,https://www.youtube.com/channel/UCXw22DTcIO4VbFIcqdDsqvQ,2026-05-06T05:59:04.568Z,32.0,15.341,15.341
Dollar General Cat Food Extreme Weight Discrepancy! #scalefraud #dollargeneralfraud #shortweighting,https://www.youtube.com/watch?v=wVD9VYjLtbs,Jimmy Wrigg,https://www.youtube.com/channel/UCqxmNbNp8xQ2QBr-9mXAThw,2026-05-06T05:58:24.048Z,61.0,40.52,40.52
🥺#short#Schardo_Mitch,https://www.youtube.com/watch?v=ZSTmmO8VkYM,Schardo_Mitch,https://www.youtube.com/channel/UCigbSl_2IIlM3h6PT_wdCxQ,2026-05-06T05:58:21.945Z,7.0,2.103,2.103
"""Why Are You Going Through My Phone!!!""😂😂😂 | Kill Tony",https://www.youtube.com/watch?v=szcm8NZAd6I,LifeofLogos,https://www.youtube.com/channel/UCNrnx5h8mMjZEQqbbVXVMkA,2026-05-06T05:57:49.774Z,30.0,32.171,30.0
ED Treatment With Testosterone Might Be the Missing Piece,https://www.youtube.com/watch?v=uPgm0XI_tbs,,,2026-05-06T05:57:47.010Z,51.0,2.764,2.764
Customer service 10/10 #rdr2 #grandma #funnyvideo,https://www.youtube.com/watch?v=J65AUL5YDFs,BlinksBunky,https://www.youtube.com/channel/UCM_DbjS0AL77tr9nyeGvVnA,2026-05-06T05:56:40.876Z,62.0,66.134,62.0
The Black Man’s Cat #cat #funny #catsoftiktok #funnycat #cats #kitten,https://www.youtube.com/watch?v=Ju1BxR5GrTM,Gancio Homestead,https://www.youtube.com/channel/UCKobhDMVMwZo33P8Ce2quwA,2026-05-06T05:56:25.927Z,61.0,14.949,14.949
FY26Q1_CC_Video_Pr_EN_NA_Premiere-HouseOfDynamite-Kirk-15s_VID_16x9,https://www.youtube.com/watch?v=KMTmN-mJtDM,,,2026-05-06T05:56:21.201Z,16.0,4.726,4.726
Man Does the Unthinkable After Talking to ChatGPT,https://www.youtube.com/watch?v=a5Ui9k6Tecg,EWU Bodycam,https://www.youtube.com/channel/UCRmnt09hfWo6hD574tLVVDQ,2026-05-06T05:48:48.053Z,668.0,453.148,453.148
FY25Q4 MaxLA DVA ObjectMask B Cutdown 15 YT 16x9 EN,https://www.youtube.com/watch?v=9EsMgECHfsU,,,2026-05-06T05:48:22.891Z,13.0,25.162,13.0
speedy house for warpin' around,https://www.youtube.com/watch?v=DF8QrwTQb1M,Denz1000,https://www.youtube.com/channel/UC5ChaM4pM8tVdZc3CF7AFNA,2026-05-06T03:25:14.290Z,5189.0,8588.601,5189.0
V-1266-双子星操作-O-伪生态-EN-H-MA1-260121-LwYxTD-DFM-搜打撤+社交组队.mp4,https://www.youtube.com/watch?v=Hhzi1RPGTPg,,,2026-05-06T03:24:31.522Z,36.0,42.768,36.0
Shortened: Axon by AppLovin,https://www.youtube.com/watch?v=4ccWATeAlTs,,,2026-05-06T03:24:06.355Z,18.0,25.167,18.0
FMUC0311000H Sustain| FBA-New Beginnings |June 10|30,https://www.youtube.com/watch?v=PHItlgqFIfM,,,2026-05-06T03:24:02.004Z,31.0,4.351,4.351
Marketers - ep 2,https://www.youtube.com/watch?v=Cvn2sYxr6Wg,,,2026-05-06T03:23:59.392Z,32.0,2.612,2.612
(AI) The nostalgia of the year 2000: Great Teacher Onizuka inspired,https://www.youtube.com/watch?v=F_b-2fUHBcw,tetsuya 哲,https://www.youtube.com/channel/UCLyB3XCbHZgLd-Yl_euVdJg,2026-05-06T03:23:12.925Z,2933.0,46.467,46.467
FULL SET ELEKTRAV26,https://www.youtube.com/watch?v=RL6WXxwDy1U,DATALENS,https://www.youtube.com/channel/UCzNQ5k77P0GLsPZsOG3dbUg,2026-05-06T03:21:49.279Z,3600.0,83.646,83.646
Starjunk 95 | Groovy Funky Disco Future House Mix,https://www.youtube.com/watch?v=J9ZgLFLbsA8,Gatuso,https://www.youtube.com/channel/UCrSecnmFNMxS9H75Kv5B0Zw,2026-05-06T03:16:07.394Z,975.0,341.885,341.885
Aikido Security - no-nonsense security platform for developers,https://www.youtube.com/watch?v=IjVrvdJkj98,,,2026-05-06T03:15:26.176Z,77.0,41.218,41.218
The EVE Online Experience - Play For Free (Trailer),https://www.youtube.com/watch?v=zQciMy_Pr0Q,,,2026-05-06T03:13:24.593Z,115.0,121.583,115.0
Crystal Waters - Gypsy Woman (She's Homeless) (Official Music Video),https://www.youtube.com/watch?v=_KztNIg4cvE,CrystalWatersVEVO,https://www.youtube.com/channel/UClxOpkzxTwjF-7lSr4koDQg,2026-05-06T03:09:37.512Z,225.0,227.081,225.0
Uncertainty - Brand - Priming - Evergreen - US - English - 30s - 16x9 - CTA ALT.mp4,https://www.youtube.com/watch?v=6lq5mqF9vWY,,,2026-05-06T03:08:59.302Z,31.0,38.21,31.0
YOWA2742100H Lowes FY26Q1 Category Story Lawn & Garden GM Spring Into Deals YouTube FW12 13 15,https://www.youtube.com/watch?v=OKCjv2_gNr8,,,2026-05-06T03:08:36.739Z,15.0,22.563,15.0
DR. GABBA - Whip Smack,https://www.youtube.com/watch?v=r4-ZicgdKPk,DR. GABBA,https://www.youtube.com/channel/UCzSioysDbWR0p3tsuNJ-MwQ,2026-05-06T03:05:53.980Z,163.0,162.759,162.759
LoL x GX Performance Ad VO,https://www.youtube.com/watch?v=ZQj1ns6K_gA,,,2026-05-06T03:05:20.447Z,31.0,33.533,31.0
DR. GABBA - Plasma,https://www.youtube.com/watch?v=xt56GyJu85M,DR. GABBA,https://www.youtube.com/channel/UCzSioysDbWR0p3tsuNJ-MwQ,2026-05-06T03:01:01.770Z,258.0,258.677,258.0
Ashley | Evergreen 2023 (V- E 4),https://www.youtube.com/watch?v=xgUVggTqFRI,,,2026-05-06T03:00:54.736Z,16.0,7.034,7.034
FY25Q4 MaxLA DVA ObjectMask B Cutdown 15 YT 16x9 EN,https://www.youtube.com/watch?v=9EsMgECHfsU,,,2026-05-06T02:57:49.383Z,13.0,185.353,13.0
E-40 - Sprinkle Me (Official Video) ft. Suga-T,https://www.youtube.com/watch?v=byuQVTdlfos,E40VEVO,https://www.youtube.com/channel/UC-tDtay-KBnW7nuZ0lHAGQA,2026-05-05T18:26:52.774Z,247.0,30656.609,247.0
LANCER JUMP,https://www.youtube.com/watch?v=UDlQt-yAV5o,KylRyū,https://www.youtube.com/channel/UCjxxSoTot6nunbke5gtQI8Q,2026-05-05T18:23:53.462Z,178.0,179.312,178.0
Your all-in-one privileged access management platform,https://www.youtube.com/watch?v=ZJXvkuCqb9A,,,2026-05-05T18:19:27.693Z,185.0,265.769,185.0
1B 30 16x9 v3 003 LM FL,https://www.youtube.com/watch?v=nkKXZ_79y3c,,,2026-05-05T18:19:27.691Z,33.0,0.002,0.002
Mother Realizes She Ran Over Her Own Son,https://www.youtube.com/watch?v=Zcmd5i-A4mk,Dr Insanity,https://www.youtube.com/channel/UCjnYCUIym8wNRjLtZCc6gNg,2026-05-05T05:51:36.289Z,917.0,44871.402,917.0
Drunk Woman Has No Idea She Just Killed 2 Kids,https://www.youtube.com/watch?v=z0g8uyjoJXE,EWU Bodycam,https://www.youtube.com/channel/UCRmnt09hfWo6hD574tLVVDQ,2026-05-05T05:35:29.341Z,1042.0,966.948,966.948
Titan Quest II | Summons Teaser 2,https://www.youtube.com/watch?v=gwfmty4yBqw,,,2026-05-05T05:35:15.175Z,18.0,14.166,14.166
Killer Wife Realizes Police Found Her Husband's Body,https://www.youtube.com/watch?v=Yg7XL-B9wMU,Dr Insanity,https://www.youtube.com/channel/UCjnYCUIym8wNRjLtZCc6gNg,2026-05-05T05:33:56.982Z,1604.0,78.193,78.193
Markerters E5,https://www.youtube.com/watch?v=TguWIL-uOkc,,,2026-05-05T05:33:51.458Z,31.0,5.524,5.524
DR. GABBA - Sunday 2pm,https://www.youtube.com/watch?v=cvNiP0J-1eI,DR. GABBA,https://www.youtube.com/channel/UCzSioysDbWR0p3tsuNJ-MwQ,2026-05-05T04:30:22.524Z,180.0,3808.934,180.0
Rally House,https://www.youtube.com/watch?v=vg4JGLfF33w,prod. DTM - Topic,https://www.youtube.com/channel/UC8zCroaojzf7LuXjizQG4uA,2026-05-05T04:28:45.101Z,97.0,97.423,97.0
Chase | Drum Kit :30,https://www.youtube.com/watch?v=CfGcFJ2dpy4,,,2026-05-05T04:28:27.358Z,31.0,17.743,17.743
LANCER JUMP,https://www.youtube.com/watch?v=UDlQt-yAV5o,KylRyū,https://www.youtube.com/channel/UCjxxSoTot6nunbke5gtQI8Q,2026-05-05T04:25:29.233Z,178.0,178.125,178.0
DR. GABBA - Plasma,https://www.youtube.com/watch?v=xt56GyJu85M,DR. GABBA,https://www.youtube.com/channel/UCzSioysDbWR0p3tsuNJ-MwQ,2026-05-05T04:21:10.354Z,258.0,258.879,258.0
Ready for real results on your community platform?,https://www.youtube.com/watch?v=cVaD0q9zPTk,,,2026-05-05T04:21:06.812Z,16.0,3.542,3.542
FY25Q4 MaxLA DVA ObjectMask B Cutdown 15 YT 16x9 EN,https://www.youtube.com/watch?v=9EsMgECHfsU,,,2026-05-05T04:21:05.262Z,13.0,1.55,1.55
"E-40 & Too $hort - Too Forty (2026 MIXTAPE) ft. Keak Da Sneak, P-Lo, B-Legit, G-Eazy, Snoop Dogg, +",https://www.youtube.com/watch?v=zdllFdOsgSM,DJ ICEK' RECORDS™,https://www.youtube.com/channel/UCtqJjb-miZrlCYrQq4iXfgQ,2026-05-04T22:25:43.979Z,3806.0,21321.283,3806.0
The secret to glowing skin,https://www.youtube.com/watch?v=lTxHpIOrOog,,,2026-05-04T22:25:34.152Z,20.0,9.827,9.827
Best of Berner Mix,https://www.youtube.com/watch?v=c6c2f2xPI20,thelofipimp,https://www.youtube.com/channel/UCHaH4U6UKhzV3H1SYlfWspQ,2026-05-04T22:21:38.767Z,1561.0,235.385,235.385
Way of the Hunter 2 | Early Access Release Trailer,https://www.youtube.com/watch?v=czET4p2CmY0,,,2026-05-04T22:21:24.849Z,204.0,13.918,13.918
Ashley I Retro Revival 2024 (Promo Products 1920x1080),https://www.youtube.com/watch?v=SA0iottNN3o,,,2026-05-04T22:21:02.393Z,16.0,22.456,16.0
PS2 PILLS | Liquid DnB / Jungle Mix,https://www.youtube.com/watch?v=1E_Zn7jCVok,Orion,https://www.youtube.com/channel/UCmBvJE-o4417nYEos7KyR9g,2026-05-04T22:20:07.845Z,23375.0,54.548,54.548
FPZS1822000H South Texas | Best In Texas | Testimonial Franklin  | F-150 | April HISP 15 | July 7th,https://www.youtube.com/watch?v=FwBhpAl5aZU,,,2026-05-04T22:19:57.993Z,16.0,9.852,9.852
Movers Robo Vac5 Year | Same Day WiFi,https://www.youtube.com/watch?v=eFY33NBcfio,,,2026-05-04T22:19:05.028Z,16.0,52.965,16.0
Samsung S26 Ultra Circle to Search - Find the Look – Clean Girl,https://www.youtube.com/watch?v=CRL7PNve4fM,,,2026-05-04T22:19:04.252Z,16.0,0.776,0.776
Throwing Basketball At Strangers,https://www.youtube.com/watch?v=oTQR4VbuKPg,Prankify,https://www.youtube.com/channel/UCLqi72vvK0Y8CHs4zAD2TNg,2026-05-04T22:10:12.632Z,19.0,531.62,19.0
the PP I was going for was Pink Princess 🫪 #minecraft #gaming #twitch,https://www.youtube.com/watch?v=a9cCbs8GJzM,kelsaco,https://www.youtube.com/channel/UCbNWYo-HXgJc2wlpz7frqyw,2026-05-04T22:08:56.077Z,20.0,76.555,20.0
Stella Artois x FIFA World Cup 2026™ I Celebration ft. David Beckham (:6 Sec),https://www.youtube.com/watch?v=qibo_6JpI3E,,,2026-05-04T22:08:54.098Z,7.0,1.979,1.979
She Thought Her Friend Could Recover Her Fumble #funny #comedy #prank #shorts,https://www.youtube.com/watch?v=0BWm1Lw904w,Quin3y,https://www.youtube.com/channel/UC151XSwAJh7rFBDyn_PHXwg,2026-05-04T22:07:46.668Z,61.0,67.43,61.0
he lowk tea #fy #tiktoks4u #funny #relatable #viral,https://www.youtube.com/watch?v=nszE9omUi1o,fadepoststoomuch,https://www.youtube.com/channel/UCAjtV-dGNwFhk9KXtcqzB9g,2026-05-04T22:07:38.215Z,6.0,8.453,6.0
What Was He Talking About?! | Anderson Burrus vs O Solo | Rap Battle Clip,https://www.youtube.com/watch?v=SsyJIt1-zpM,Anderson Burrus,https://www.youtube.com/channel/UCQ5vazfoAsuCGEg-kwMgUzQ,2026-05-04T22:06:55.404Z,42.0,42.811,42.0
Vertical: The Mark of a Fighter: Cooked All Day,https://www.youtube.com/watch?v=4BX9D_VAXVI,,,2026-05-04T22:06:54.136Z,7.0,1.268,1.268
Top 3 Haydo Moments😂 #youtube #youtubeshorts #shorts,https://www.youtube.com/watch?v=T7Pda9yHWJo,Haydo,https://www.youtube.com/channel/UC1K2OEddM0vISq0X3tMoiGg,2026-05-04T22:05:52.260Z,67.0,61.876,61.876
Times have changed this new generation would never understand 😂🍃 #funny #fyp  #boston #explore,https://www.youtube.com/watch?v=1YgsqtHCe14,ThomasTV,https://www.youtube.com/channel/UCAbEbWeeLBCHJFYvYgCfy8Q,2026-05-04T22:05:00.883Z,46.0,51.377,46.0
Never Had an Order Fail to Come,https://www.youtube.com/watch?v=7FRy_XixDvc,,,2026-05-04T22:04:59.479Z,16.0,1.404,1.404
"As a daughter, it’s gotta be tough raising your mother.",https://www.youtube.com/watch?v=yL9sOvMyTeI,brandonjamal,https://www.youtube.com/channel/UCvjp2YuzFAI9rUIW20g-APw,2026-05-04T22:04:24.658Z,28.0,34.821,28.0
Did he get Away? 😨😳 #nationwidebikelife #bikelife #bikesvscops,https://www.youtube.com/watch?v=IJsMaW_iKn4,Nationwide BikeLife,https://www.youtube.com/channel/UCVaFSLqEkRFh839MyYJqnJg,2026-05-04T22:04:01.916Z,27.0,22.742,22.742
Blurry: Sparkling Ice | Possibilities,https://www.youtube.com/watch?v=1eA0FLf_wEc,,,2026-05-04T22:04:00.594Z,16.0,1.322,1.322
Unc tried stop the beef #funny #trolllife #trolling #prank,https://www.youtube.com/watch?v=EdrcNQrSaK0,isaacondones,https://www.youtube.com/channel/UCJ120i0rsIwdgueiIS2LsNQ,2026-05-04T22:02:58.872Z,29.0,61.722,29.0
Dantes Meets His BIGGEST Haters 😭🥀‎,https://www.youtube.com/watch?v=ehzqYBz7Uws,Doaenel Shorts,https://www.youtube.com/channel/UCVlig7co3SpWQtQhHM7Q8-Q,2026-05-04T22:02:56.268Z,33.0,2.604,2.604
Premium Wireless for $15 Bucks a Month | Mint Mobile,https://www.youtube.com/watch?v=JehysDFdUMY,,,2026-05-04T22:02:54.487Z,20.0,1.781,1.781
HEAD FROM YA 😂😂😂,https://www.youtube.com/watch?v=q-gzFB0SmNk,THEYCALLMEODEE🥶😎,https://www.youtube.com/channel/UC_fp3wXnR8bKSTfG-SaUcww,2026-05-04T22:02:49.641Z,9.0,4.846,4.846
BLK People Will GetAnything & Anybody Lit😂🕺🏽,https://www.youtube.com/watch?v=FipbnqFvo7s,DaCoby Live,https://www.youtube.com/channel/UCjnM0NcnwWhWksw2rLYJjuw,2026-05-04T22:02:12.232Z,51.0,37.409,37.409
6ix9ine is too funny 😭,https://www.youtube.com/watch?v=UefrmGxiYbA,SameDayClips,https://www.youtube.com/channel/UCPvmiDTH-OVe5MxIr3L5k4Q,2026-05-04T22:01:54.790Z,17.0,17.442,17.0
Rihanna meets a little girl who looks exactly like her — shocked #viralvideo #trending #newshorts,https://www.youtube.com/watch?v=Am-agFBah7o,Famous Media TV,https://www.youtube.com/channel/UCdjVBeN9pdQKKzOCu9pH4ZQ,2026-05-04T22:01:52.245Z,6.0,2.545,2.545
Blurry: Acting Up - 15s ENG_Optimized,https://www.youtube.com/watch?v=ZbAOlsNhOQE,,,2026-05-04T22:01:50.425Z,16.0,1.82,1.82
alum piece nugget #funny #viral #youtubeshorts,https://www.youtube.com/watch?v=HocIT2TEsI0,RichGottem,https://www.youtube.com/channel/UCSmf1jyNxEPbTkIDPfMgbHA,2026-05-04T22:01:34.116Z,11.0,16.309,11.0
@stackswopo_ #gtarp #gta5 #fivem #funny #shortsfeed,https://www.youtube.com/watch?v=Mga8N9QwAN4,Shiesty mar ,https://www.youtube.com/channel/UCujvltvBuUijYCUOyBqNMPA,2026-05-04T22:00:40.259Z,27.0,53.857,27.0
Kanel Meets a Disney Channel Bully IRL😡😭 #funny,https://www.youtube.com/watch?v=8aGw-talWgE,Kanel Joseph Shorts,https://www.youtube.com/channel/UCYC5gGiIWF2qyFtAD7ZKe0w,2026-05-04T22:00:30.743Z,18.0,9.516,9.516
Teva S26 Hurricane XLT3 Trailsetter 9x16 06,https://www.youtube.com/watch?v=Y1ZFsacMlwc,,,2026-05-04T22:00:29.543Z,7.0,1.2,1.2
Soulja Boy Says He W￼as The First Rapper With The Xbox 360 😅,https://www.youtube.com/watch?v=k5I-eLXYIK8,Trap Boy Gamers,https://www.youtube.com/channel/UCosUwfeGZQBAqDRLSA2qJSw,2026-05-04T22:00:27.103Z,25.0,2.44,2.44
Ari Matti is a Scammer.. 😂😂 | Kill Tony ft. Ari Matti,https://www.youtube.com/watch?v=7XFAO2o681A,Slice Comedy,https://www.youtube.com/channel/UCpFibUePF0xVRbjnEJKSI7A,2026-05-04T21:58:52.031Z,90.0,95.072,90.0
V2   Sick Days Video 2   Jordynn Nicholson,https://www.youtube.com/watch?v=0Ef9ZukLpC4,,,2026-05-04T21:58:50.977Z,23.0,1.054,1.054
The skating is impeccable but did yall see that girl break dancing?😭😭😭,https://www.youtube.com/watch?v=8B_orpMg3U4,G'Nard Da Starr,https://www.youtube.com/channel/UCzmA8lU7eMY6KvpX6hKPIhA,2026-05-04T21:58:07.399Z,17.0,43.578,17.0
IM NOT FROM THERE NO MORE 🙄 #shorts #mcdonalds,https://www.youtube.com/watch?v=yjgmNWdW5jE,Richard,https://www.youtube.com/channel/UC3ozTyu9Z1n3XauALb4qe5A,2026-05-04T21:56:22.614Z,104.0,104.785,104.0
☠️ #l1lroldyy #producer #jerseyclub #jerseyclubremix #shorts #funny #memes #typebeat #invincible,https://www.youtube.com/watch?v=-1sJsK7sfFI,l1lroldyy,https://www.youtube.com/channel/UC5tOGow9HQpYYEJSXOJHXmw,2026-05-04T21:56:10.169Z,10.0,12.445,10.0
I’m trippin?? #relatable #funny,https://www.youtube.com/watch?v=zDnGoso6j64,Whoistonii,https://www.youtube.com/channel/UCPtqjmEkbQU7Z77fmtJwIiA,2026-05-04T21:55:53.814Z,13.0,16.355,13.0
The Creator of Full Metal Alchemist has a new Anime on @crunchyroll!  #ad #CrunchyrollPartner,https://www.youtube.com/watch?v=XI4RYNPJxHg,,,2026-05-04T21:55:53.559Z,35.0,0.255,0.255
"Everybody at the show Police,Criminals, & body builders 😂😂😂😂😂😂 #standupcomedy #crowdwork t",https://www.youtube.com/watch?v=nsdWnKikwH0,Mojo Brookzz,https://www.youtube.com/channel/UCvWHvXyTOZu9fzS9JzODkCQ,2026-05-04T21:55:39.596Z,167.0,13.963,13.963
Guy doesn't know Mexicans Exist #shorts #mexico,https://www.youtube.com/watch?v=hnALTEhRedc,LOLtino,https://www.youtube.com/channel/UCUtp3_TvwLlJ5YNOVVD335g,2026-05-04T21:55:09.275Z,54.0,30.321,30.321
Gothic 1 Remake | Pre-Order Teaser,https://www.youtube.com/watch?v=XxJvLsyokTA,,,2026-05-04T21:55:02.351Z,31.0,6.924,6.924
Dating App | Truth Tellers | Liberty Mutual Insurance Commercial,https://www.youtube.com/watch?v=FF8IHX-nYWE,,,2026-05-04T21:55:02.351Z,31.0,0.0,0.0
Shortened: Your all-in-one privileged access management platform,https://www.youtube.com/watch?v=vlD7vauDguM,,,2026-05-04T21:54:49.890Z,176.0,12.461,12.461
Marketers - ep 1,https://www.youtube.com/watch?v=bZ7GGXehoWk,,,2026-05-04T21:54:02.410Z,31.0,47.48,31.0
rally house for throwin it sideways,https://www.youtube.com/watch?v=AiqaEMchDAA,Denz1000,https://www.youtube.com/channel/UC5ChaM4pM8tVdZc3CF7AFNA,2026-05-04T19:08:39.616Z,3091.0,9922.794,3091.0
MARXO - MICHELIN CLUB (Official audio),https://www.youtube.com/watch?v=vJ-DapY3piY,MARXO,https://www.youtube.com/channel/UCFPebROiGV2vjm-x1bYdqaA,2026-05-04T19:08:20.652Z,153.0,18.964,18.964
Googoo Lagoon,https://www.youtube.com/watch?v=i_I8BnK75cY,DR. GABBA - Topic,https://www.youtube.com/channel/UCEn9J07QEMdTSoMfCPJMwQQ,2026-05-04T19:04:15.514Z,225.0,245.138,225.0
Starjunk 95 | Groovy Funky Disco Future House Mix,https://www.youtube.com/watch?v=J9ZgLFLbsA8,Gatuso,https://www.youtube.com/channel/UCrSecnmFNMxS9H75Kv5B0Zw,2026-05-04T18:55:42.984Z,975.0,512.53,512.53
25Q2 AGRNAT PF3WholeHome YT15s Furn 1920x1080,https://www.youtube.com/watch?v=BrqSRlizpeU,,,2026-05-04T18:55:36.660Z,16.0,6.324,6.324
The Weedman (feat. Stresmatic),https://www.youtube.com/watch?v=P007IUXPfAc,E-40 - Topic,https://www.youtube.com/channel/UCKlkhvMKkJdaz48cpscL7eg,2026-05-04T18:51:41.147Z,283.0,235.513,235.513
Too $hort - Blow the Whistle (Official Audio),https://www.youtube.com/watch?v=qBmU9drpYAM,Certified,https://www.youtube.com/channel/UCF0Nc2O16gmAWw-Bd-N6BWg,2026-05-04T18:48:53.211Z,164.0,167.936,164.0
Ahhhh Sh*t!,https://www.youtube.com/watch?v=EOLTkUpxLqY,E-40 - Topic,https://www.youtube.com/channel/UCKlkhvMKkJdaz48cpscL7eg,2026-05-04T18:45:19.876Z,213.0,213.335,213.0
E-40 - 1-Luv (Official Video) ft. Leviti,https://www.youtube.com/watch?v=cuM2nzz2PmQ,E40VEVO,https://www.youtube.com/channel/UC-tDtay-KBnW7nuZ0lHAGQA,2026-05-04T18:40:40.471Z,280.0,279.405,279.405
E-40 - Sprinkle Me (Official Video) ft. Suga-T,https://www.youtube.com/watch?v=byuQVTdlfos,E40VEVO,https://www.youtube.com/channel/UC-tDtay-KBnW7nuZ0lHAGQA,2026-05-04T18:36:30.982Z,247.0,249.489,247.0
Enterprise: Replacement :15 (US English),https://www.youtube.com/watch?v=m6thWDstTF4,,,2026-05-04T17:24:36.677Z,16.0,4314.305,16.0
Marketers - ep 2,https://www.youtube.com/watch?v=Cvn2sYxr6Wg,,,2026-05-04T17:24:19.245Z,32.0,17.432,17.432
How Cops Captured The Minnesota Mass Shooter,https://www.youtube.com/watch?v=r4u05GGp3Yo,Dr Insanity,https://www.youtube.com/channel/UCjnYCUIym8wNRjLtZCc6gNg,2026-05-04T05:23:31.215Z,1824.0,43248.03,1824.0
Mother Realizes She Ran Over Her Own Son,https://www.youtube.com/watch?v=Zcmd5i-A4mk,Dr Insanity,https://www.youtube.com/channel/UCjnYCUIym8wNRjLtZCc6gNg,2026-05-04T05:08:09.508Z,917.0,921.707,917.0
1B 30 16x9 v3 003 LM FL,https://www.youtube.com/watch?v=nkKXZ_79y3c,,,2026-05-04T05:05:03.301Z,33.0,186.207,33.0
Da Bumble,https://www.youtube.com/watch?v=ZpisFd7tzJA,E-40 - Topic,https://www.youtube.com/channel/UCKlkhvMKkJdaz48cpscL7eg,2026-05-04T03:38:12.377Z,252.0,5210.924,252.0
Swoon | Truth Tellers | Liberty Mutual Insurance Commercial,https://www.youtube.com/watch?v=dE5UsXXhREw,,,2026-05-04T03:37:56.778Z,16.0,15.599,15.599
Shortened: Your all-in-one privileged access management platform,https://www.youtube.com/watch?v=vlD7vauDguM,,,2026-05-04T03:34:53.979Z,176.0,182.799,176.0
The Weedman (feat. Stresmatic),https://www.youtube.com/watch?v=P007IUXPfAc,E-40 - Topic,https://www.youtube.com/channel/UCKlkhvMKkJdaz48cpscL7eg,2026-05-04T03:30:11.034Z,283.0,282.945,282.945
2603 Curology CTV2 Mosaic Proof 16x9,https://www.youtube.com/watch?v=JEMu_sqsDF8,,,2026-05-04T03:30:04.432Z,15.0,6.602,6.602
Ashley |  Performance Fabric 2024 (Triage NGN),https://www.youtube.com/watch?v=DvsjMuWbLJ0,,,2026-05-04T03:29:42.044Z,16.0,22.388,16.0
E-40 - 1-Luv (Official Video) ft. Leviti,https://www.youtube.com/watch?v=cuM2nzz2PmQ,E40VEVO,https://www.youtube.com/channel/UC-tDtay-KBnW7nuZ0lHAGQA,2026-05-04T03:25:01.593Z,280.0,280.451,280.0
Shortened: Way of the Hunter 2 | Early Access Release Teaser,https://www.youtube.com/watch?v=CGwPefELTrk,,,2026-05-04T03:24:48.470Z,26.0,13.123,13.123
this is embarrassing girly😭 #fy #tiktoks4u #funny #relatable #karma,https://www.youtube.com/watch?v=ibDdHixO0Xs,fadepoststoomuch,https://www.youtube.com/channel/UCAjtV-dGNwFhk9KXtcqzB9g,2026-05-04T03:24:28.447Z,13.0,20.023,13.0
Gothic 1 Remake | Pre-Order Teaser 15s,https://www.youtube.com/watch?v=Ze6ox9qEHtw,,,2026-05-04T03:24:22.930Z,16.0,5.517,5.517
Marketers - ep 2,https://www.youtube.com/watch?v=Cvn2sYxr6Wg,,,2026-05-04T03:24:21.183Z,32.0,1.747,1.747
The Cats LOVED What She Made For Them!,https://www.youtube.com/watch?v=WNE-Yvz7sNw,Blissful Pets,https://www.youtube.com/channel/UCBdKDd6gLLpBK_DZAGiGpfA,2026-05-04T03:24:15.223Z,60.0,5.96,5.96
Fat #ihavethisthingwithplants,https://www.youtube.com/watch?v=Hl-arSgZhM0,CAXX3111,https://www.youtube.com/channel/UCAGHD2yq9rjYETUD7qkMMRg,2026-05-04T03:23:55.218Z,8.0,20.005,8.0
You want me to call him? YESSSSS,https://www.youtube.com/watch?v=JdOqzVQe7gw,Mojo Brookzz,https://www.youtube.com/channel/UCvWHvXyTOZu9fzS9JzODkCQ,2026-05-04T03:21:47.170Z,165.0,128.048,128.048
Millions of finds on eBay | Drag Race,https://www.youtube.com/watch?v=s_7SkRIRTHQ,,,2026-05-04T03:21:45.697Z,7.0,1.473,1.473
What was his problem😂⁉️ #rdr2 #funnymoments #reddeadredemption,https://www.youtube.com/watch?v=TjxQQmt672I,Elijah Wordly,https://www.youtube.com/channel/UCeS6WvOUhZmmQIIsLpXn_Sg,2026-05-04T03:21:42.851Z,84.0,2.846,2.846
Lock In,https://www.youtube.com/watch?v=BFbTz-DHT8U,Grim and Panda,https://www.youtube.com/channel/UCpkRQn4deVeS30lmXDSUNKQ,2026-05-04T03:21:41.635Z,26.0,1.216,1.216
svod_uac|UA|TAD|S2|Moment|9x16|15s|en|dub|yt onlyon,https://www.youtube.com/watch?v=6uWh4nEiOYU,,,2026-05-04T03:21:40.493Z,16.0,1.142,1.142
Kodak Black using a microwave 🍗 😂 #kodakblack #kodak,https://www.youtube.com/watch?v=29QzlZiy1iw,Bxeye,https://www.youtube.com/channel/UC0xV5WV55kOfKA33ldykjrg,2026-05-04T03:21:14.842Z,22.0,25.651,22.0
Do you think that was necessary☠️🤣 #fail #funny #humor #safetyfirst #goodsamaritan,https://www.youtube.com/watch?v=Zb5v4x27Nkc,Louis Ova,https://www.youtube.com/channel/UCY2sv1jf88v7uGTY488_Kfg,2026-05-04T03:21:04.690Z,11.0,10.152,10.152
Golden Throwback #rdr2 #grandma #funny #gaming,https://www.youtube.com/watch?v=92bG04VFNWA,BlinksBunky,https://www.youtube.com/channel/UCM_DbjS0AL77tr9nyeGvVnA,2026-05-04T03:20:05.539Z,38.0,59.151,38.0
how I saved our hardcore world...#minecraft,https://www.youtube.com/watch?v=1VlJor6kdEY,Voidlay,https://www.youtube.com/channel/UCtF0VSMfEh9omqHss4KHEJw,2026-05-04T03:19:12.080Z,50.0,53.459,50.0
Grab Life by the Claw,https://www.youtube.com/watch?v=1nwOdzcOtr8,,,2026-05-04T03:19:11.206Z,7.0,0.874,0.874
A man can’t whistle no more 😔 #reddeadredemption2 #gaming #shorts,https://www.youtube.com/watch?v=QGF6jpYy3qw,Unknown Malone,https://www.youtube.com/channel/UCL8FC2BSZqD0UGotCGOCEYw,2026-05-04T03:18:01.088Z,61.0,70.118,61.0
Ranking Teachers Signing Old Photos (Part 2),https://www.youtube.com/watch?v=HihcievE3og,Beans Ranking,https://www.youtube.com/channel/UCE_1IHKq7rSpkFx907Gcylg,2026-05-04T03:16:54.030Z,59.0,67.058,59.0
Teva S26 Hurricane Collection Tech 9x16 15,https://www.youtube.com/watch?v=f9sNGnbgjzs,,,2026-05-04T03:16:52.672Z,16.0,1.358,1.358
DayZ Greatest Clutch of ALL TIME,https://www.youtube.com/watch?v=kpsZy5mlDcg,House Of Survival,https://www.youtube.com/channel/UCKTbpcenxP6-eUny3YdmBIQ,2026-05-04T03:16:49.188Z,37.0,3.484,3.484
"IShowSpeed says ""There's like 200 countries in the world and I'm at 96 ... After",https://www.youtube.com/watch?v=fszJNpaqdqA,RAHIT SHORT NEWS,https://www.youtube.com/channel/UCJIgwQm6GCqO3ahpzTfeuwA,2026-05-04T03:16:40.479Z,4.0,8.709,4.0
"Ranch lovers, we built this for you",https://www.youtube.com/watch?v=E4ZXbTotQys,,,2026-05-04T03:16:38.502Z,16.0,1.977,1.977
Real #meme #funnyshorts #memehub #memesdaily #memes #memepage #funny #relatable #haha #lol #shorts,https://www.youtube.com/watch?v=D8t-VKtA1YM,Kent Osborne,https://www.youtube.com/channel/UClCeVPl5JpS0geytNh9r_Sw,2026-05-04T03:16:34.410Z,7.0,4.092,4.092
Funny Drive-Thru Prank #funny #prank #pov #fastfood #drivethru,https://www.youtube.com/watch?v=dpVqaqkZUBk,The Lucky One,https://www.youtube.com/channel/UCOQx1xN3yRgTY6QhqwrmWtQ,2026-05-04T03:16:26.055Z,19.0,8.355,8.355
Gum for when distractions deal major damage #GetLostInTheGame,https://www.youtube.com/watch?v=r3LG5s449hM,,,2026-05-04T03:16:24.928Z,7.0,1.127,1.127
Bro got his soul scared out of him.😂 #piano #memes #funny #shorts #viral #usa,https://www.youtube.com/watch?v=C2WTfy6j_wc,Piano 'N' Chill,https://www.youtube.com/channel/UCiT0VWD-EhQma15b7stM5MQ,2026-05-04T03:16:23.495Z,20.0,1.433,1.433
Role play….,https://www.youtube.com/watch?v=_IGmNQ-9TcA,NoContext Play,https://www.youtube.com/channel/UCJKXCXixOTW0csvt-lcrivA,2026-05-04T03:15:24.134Z,58.0,59.361,58.0
Summer Allergies 🤝 Claritin,https://www.youtube.com/watch?v=XkTrw0PXf5g,,,2026-05-04T03:15:21.454Z,7.0,2.68,2.68
did she suddenly realize that was not her human? 😂,https://www.youtube.com/watch?v=PJGJsdjYenU,Catzhub,https://www.youtube.com/channel/UCegfdq_piZGMYhpcJR56CZA,2026-05-04T03:14:43.973Z,31.0,37.481,31.0
rainbolt shocked pewdiepie,https://www.youtube.com/watch?v=udweQGsncwQ,rainbolt clips,https://www.youtube.com/channel/UC0lf2-Y3nb5AWnZqie268FQ,2026-05-04T03:14:40.977Z,32.0,2.996,2.996
The Adventures of the Phillyboy: Creamy Pesto Pasta,https://www.youtube.com/watch?v=vwbt3voKmIY,,,2026-05-04T03:14:40.656Z,16.0,0.321,0.321
shook the whole class by saying this #funny #trolllife #schoolhumor,https://www.youtube.com/watch?v=OJNvmIySb-I,isaacondones,https://www.youtube.com/channel/UCJ120i0rsIwdgueiIS2LsNQ,2026-05-04T03:14:34.100Z,18.0,6.556,6.556
Paying Strangers to Shave Their Head!,https://www.youtube.com/watch?v=bhS5c0bkG_Q,Seth Meiring,https://www.youtube.com/channel/UCf79cSPZ0SYePmEU7IRKl2g,2026-05-04T03:13:59.547Z,36.0,34.553,34.553
$10 Large Any 3-Topping | Hut Crust™ :06,https://www.youtube.com/watch?v=A4l8KMz7ErI,,,2026-05-04T03:13:58.957Z,7.0,0.59,0.59
bro is TERRIFIED #dimawallhacks  #cs2  #csgo #jL,https://www.youtube.com/watch?v=NuuTwyKT8k8,dima_goonwalls,https://www.youtube.com/channel/UCTS6XUsAgjRravbmeZIfP6g,2026-05-04T03:13:28.208Z,17.0,30.749,17.0
This Girl Laughs At Anything Reggie Says! 😭🥀,https://www.youtube.com/watch?v=6TfPfClwT_Y,Zylok,https://www.youtube.com/channel/UCwJJxcke-uBJcLJ58HqrdSw,2026-05-04T03:12:55.779Z,15.0,32.429,15.0
Blurry: Laufenn | The Essence of Driving (US_TGL_15s),https://www.youtube.com/watch?v=OXeS1c6u2l8,,,2026-05-04T03:12:54.278Z,19.0,1.501,1.501
Jynxzi Runs Into A Fan He Owes $500 #jynxzi #rocketleague,https://www.youtube.com/watch?v=IUzFV333VpI,tinymunchy,https://www.youtube.com/channel/UCGVVPsYnu6BWIA60-uWM8tw,2026-05-04T03:12:17.669Z,58.0,36.609,36.609
Picked the wrong spot to eat breakfast 😂🥀,https://www.youtube.com/watch?v=pIeODtiTnIk,Andy Mai,https://www.youtube.com/channel/UCtrz6dg93PiMY6Fc21JWfeg,2026-05-04T03:12:06.550Z,29.0,11.119,11.119
DCD-Scru-4104| Hulu,https://www.youtube.com/watch?v=NV76BjEU400,,,2026-05-04T03:12:01.875Z,16.0,4.675,4.675
Ranking Teachers Signing Old Photos,https://www.youtube.com/watch?v=AmPcRGOYdhI,Beans Ranking,https://www.youtube.com/channel/UCE_1IHKq7rSpkFx907Gcylg,2026-05-04T03:11:00.114Z,59.0,61.761,59.0
Norm Macdonald Got Replaced!!! 😂😂😂 | Kill Tony ft. Colt,https://www.youtube.com/watch?v=6OEhmHBRQXY,LifeofLogos,https://www.youtube.com/channel/UCNrnx5h8mMjZEQqbbVXVMkA,2026-05-04T03:10:44.973Z,27.0,15.141,15.141
"Discover matching styles to keep each other close, wherever you go.",https://www.youtube.com/watch?v=eckxYI9VVIA,,,2026-05-04T03:10:43.301Z,33.0,1.672,1.672
twitch: recked_em 💎#twitchclips #clips #funny  #girlgamer,https://www.youtube.com/watch?v=Z9SOrMEUyW4,Recked Em ,https://www.youtube.com/channel/UCYWGiWxa376Z2J5i9Dj6sWQ,2026-05-04T03:10:13.902Z,17.0,29.399,17.0
Indoor boy reacts to outdoor boy 💀,https://www.youtube.com/watch?v=C7ll8yN-IPA,xQcFlippedMyBurger,https://www.youtube.com/channel/UCCByHWt87aCgmV-DEbXMA6Q,2026-05-04T03:10:04.374Z,29.0,9.528,9.528
How lucky are we,https://www.youtube.com/watch?v=74vzL9x9dFE,,,2026-05-04T03:10:03.276Z,7.0,1.098,1.098
GMA don’t know good cuisine 🐕😋 #rdr2 #rp #grandma #shorts #viral,https://www.youtube.com/watch?v=YBpdV8a2G7k,BlinksBunky,https://www.youtube.com/channel/UCM_DbjS0AL77tr9nyeGvVnA,2026-05-04T03:07:59.424Z,61.0,123.852,61.0
Eddie Hall Orders At World’s Rudest Restaurant,https://www.youtube.com/watch?v=BJ9qjChwQps,RobyVerse,https://www.youtube.com/channel/UCyo9fNrXFL_jU2aoEs3WyfA,2026-05-04T03:07:23.233Z,39.0,36.191,36.191
Chris Hansen Meets the Warrior 🤣☠️,https://www.youtube.com/watch?v=KVajxUm8JZI,Boondocks Realm,https://www.youtube.com/channel/UCvzCABXgULcfDytix6MyZhw,2026-05-04T03:07:21.601Z,,1.632,1.632
@Tiohelmet  said this his favorite movie & he’s getting fat 🤣 #tio #mclyfe #foosgonewild,https://www.youtube.com/watch?v=R90ZYYIYv40,Mc Lyfe,https://www.youtube.com/channel/UCOtZkukk6ATptyC30AzcU9Q,2026-05-04T03:07:00.841Z,16.0,20.76,16.0
Recoil in Cs2💀 jynxzi vs Pro 🤯🔥🎯 #jynxzi #cs2 #recoilcontrol #pro #vs #noob #aura,https://www.youtube.com/watch?v=pZYw7Qg5so4,Clips Delivery,https://www.youtube.com/channel/UCcP00WZInHaIj3hlmWdc1dA,2026-05-04T03:06:41.765Z,18.0,19.076,18.0
Feel Like A Million Bucks!!!,https://www.youtube.com/watch?v=3myE6uJaaYU,,,2026-05-04T03:06:40.386Z,31.0,1.379,1.379
Different language hack😭🙏 #fyp #prank #china #hack #chinese #viral #shorts,https://www.youtube.com/watch?v=sRs8zCHsUBQ,iblancsss,https://www.youtube.com/channel/UCPx-pzot5S89-6567uKVhzQ,2026-05-04T03:06:08.100Z,32.0,32.286,32.0
https://www.youtube.com/watch?v=tPq2HXIQenU,https://www.youtube.com/watch?v=tPq2HXIQenU,,,2026-05-04T03:05:31.129Z,,36.971,36.971
Blurry: 24 in 24: Last Chef Standing | All New Tonight 8p,https://www.youtube.com/watch?v=7XYZF81Z0qE,,,2026-05-04T03:05:29.784Z,31.0,1.345,1.345
Tony Hinchcliffe Cancels Adam Ray!!! 😂😂😂 | Kill Tony,https://www.youtube.com/watch?v=yC_9KYR9LBE,LifeofLogos,https://www.youtube.com/channel/UCNrnx5h8mMjZEQqbbVXVMkA,2026-05-04T03:05:06.750Z,21.0,23.034,21.0
How do you do the American accent so well?😂,https://www.youtube.com/watch?v=AYQK7Z7UcSw,Funktasy,https://www.youtube.com/channel/UC9Zr9fw54d2vPK89C_TplSg,2026-05-04T03:04:40.152Z,40.0,26.598,26.598
Daytona 3” Magnetic Jack Pad Pinch Weld Adapter | Harbor Freight #shorts,https://www.youtube.com/watch?v=klmAn8ozOyA,,,2026-05-04T03:04:39.786Z,21.0,0.366,0.366
These AI Huzz ain't loyal #CODTrolling #CallOfDuty #RageBait #CODClips #fyp #texplays,https://www.youtube.com/watch?v=Atov_xqmpDc,TexPlays,https://www.youtube.com/channel/UCWoq973WuWjI4WKvS-YneOQ,2026-05-04T03:04:32.805Z,44.0,6.981,6.981
https://www.youtube.com/watch?v=QBivwiQtq3U,https://www.youtube.com/watch?v=QBivwiQtq3U,,,2026-05-04T03:04:00.761Z,37.0,32.044,32.044
it’s hard to be low maintenance when you get a $5/$7/$9 box.,https://www.youtube.com/watch?v=AcYAb-N-P1U,,,2026-05-04T03:03:59.440Z,12.0,1.321,1.321
NINTENDO CREATED ITS OWN WORST ENEMY,https://www.youtube.com/watch?v=UZz3V0wi6oA,Revealed TV,https://www.youtube.com/channel/UCuIPMMHSz5R1OyxCb0UcKwg,2026-05-04T03:03:49.761Z,6.0,9.679,6.0
Did He Really Just Do That….,https://www.youtube.com/watch?v=tYU7MDtwYZM,FULL SEND GOLF,https://www.youtube.com/channel/UCLpyfBtmj6hxmrMWhXQi6RA,2026-05-04T03:03:34.436Z,34.0,15.325,15.325
Blurry: Riverside - All you need is a concept,https://www.youtube.com/watch?v=pB_WHTxetzY,,,2026-05-04T03:03:33.011Z,67.0,1.425,1.425
Theo Von Got Caught Off Guard 😂,https://www.youtube.com/watch?v=mJgdX-Q2Fxs,Theo Rogan Shorts,https://www.youtube.com/channel/UCxKGou6OIoV68Rw5VYV9LHg,2026-05-04T03:02:54.414Z,34.0,38.597,34.0
Snarp Bails Out Criminal!,https://www.youtube.com/watch?v=yX8J054jUAE,Snarp Clipped,https://www.youtube.com/channel/UC3oySWrxeh65hUFCnsB1W9g,2026-05-04T03:02:23.386Z,32.0,31.028,31.028
Premium Wireless for $15 Bucks a Month | Mint Mobile,https://www.youtube.com/watch?v=Im5dOijd9nk,,,2026-05-04T03:02:22.332Z,7.0,1.054,1.054
Coastguard Gets OWNED By Fisherman😳,https://www.youtube.com/watch?v=YP228LwJzlQ,FishingKarens,https://www.youtube.com/channel/UC16s7EbmqVh4vfhgPfgcXvA,2026-05-04T03:02:17.978Z,35.0,4.354,4.354
Traded for this giant stuffed turkey leg and it was straight 🔥🔥🔥🤤🤤🤤,https://www.youtube.com/watch?v=ppIxHlsf5fM,Good Vibes Concessions,https://www.youtube.com/channel/UCdFmDPSv93MnG32IMzE6cLg,2026-05-04T03:01:08.941Z,74.0,69.037,69.037
Gently cleanses and removes excess oil without disrupting the skin barrier,https://www.youtube.com/watch?v=-gEa0SUCr8Q,,,2026-05-04T03:01:07.734Z,31.0,1.207,1.207
Wait... Whites are Native Americans? 😲,https://www.youtube.com/watch?v=vCSVDVgaxIk,Desi Motivation,https://www.youtube.com/channel/UCWOEom1F3YkozQb5e_e28CA,2026-05-04T03:00:49.698Z,49.0,18.036,18.036
Ralph Barbosa Can't Read!!! 😂😂😂 | Dr.Phil Live,https://www.youtube.com/watch?v=UTgQTC74Y4o,LifeofLogos,https://www.youtube.com/channel/UCNrnx5h8mMjZEQqbbVXVMkA,2026-05-04T03:00:04.832Z,44.0,44.866,44.0
This Changed My Sex Life,https://www.youtube.com/watch?v=Rc8Lv9lypX4,,,2026-05-04T03:00:03.770Z,41.0,1.062,1.062
FIRST TIMER HUMILIATES YUGIOH TOURNAMENT,https://www.youtube.com/watch?v=Fsr7pH_GemM,Squiddys,https://www.youtube.com/channel/UCiN3Qb2Rx5L6zxE2BF5iWkw,2026-05-04T02:59:41.538Z,60.0,22.232,22.232
She will be missed🤣‼️ #rdr2 #reddeadredemption #funnymoments,https://www.youtube.com/watch?v=8j9wS2Z8iNs,Elijah Wordly,https://www.youtube.com/channel/UCeS6WvOUhZmmQIIsLpXn_Sg,2026-05-04T02:58:49.993Z,112.0,51.545,51.545
svod_uac|UA|DOTSR|S1|Trailer|9x16|15s|en|na|OnlyOn-MusicOverlay-US,https://www.youtube.com/watch?v=Prlyn97jADo,,,2026-05-04T02:58:48.868Z,16.0,1.125,1.125
@DTHshow on youtube  he was dark 😂 #health #podcast #advice #edit #protein #gym #workout #gymrat,https://www.youtube.com/watch?v=4HDpcVAQEp8,ilax,https://www.youtube.com/channel/UCfPYXgsBbUPFya_5iw6p1ww,2026-05-04T02:58:34.951Z,15.0,13.917,13.917
"April 5, 2026",https://www.youtube.com/watch?v=2hCUVLXzQbo,Mojo Brookzz,https://www.youtube.com/channel/UCvWHvXyTOZu9fzS9JzODkCQ,2026-05-04T02:56:30.504Z,179.0,124.447,124.447
Shortened: 26FCB0104H Instacart ChooseYourBananas 30 9x16,https://www.youtube.com/watch?v=zFNguREgbeg,,,2026-05-04T02:56:29.052Z,24.0,1.452,1.452
Theo Von Ask The Wildest Thing 😂,https://www.youtube.com/watch?v=Opf8ynuFzz8,Theo Cuts,https://www.youtube.com/channel/UCmDhViamHqqQY0l6VKeBxoQ,2026-05-04T02:55:47.035Z,16.0,42.017,16.0
FY26Q1_CC_Video_Pr_EN_NA_SundanceRelease2026-FasterVectorMaskTracking-15s_VID_16x9,https://www.youtube.com/watch?v=wwbtFm4zmMk,,,2026-05-04T02:52:33.471Z,16.0,193.564,16.0
Back In Business,https://www.youtube.com/watch?v=5g_raFOGCJE,E-40 - Topic,https://www.youtube.com/channel/UCKlkhvMKkJdaz48cpscL7eg,2026-05-03T16:05:40.073Z,279.0,38813.398,279.0
E-40 Da Bumble,https://www.youtube.com/watch?v=QM54iE3GfKQ,J.Arthur,https://www.youtube.com/channel/UCWfTfrneOX3G6mywCrfY5Eg,2026-05-03T16:01:27.920Z,252.0,252.153,252.0
E-40 - Sprinkle Me (Official Video) ft. Suga-T,https://www.youtube.com/watch?v=byuQVTdlfos,E40VEVO,https://www.youtube.com/channel/UC-tDtay-KBnW7nuZ0lHAGQA,2026-05-03T15:52:34.651Z,247.0,533.269,247.0
Street Nigga,https://www.youtube.com/watch?v=6kCdSLiTHCU,E-40 - Topic,https://www.youtube.com/channel/UCKlkhvMKkJdaz48cpscL7eg,2026-05-03T15:13:48.153Z,192.0,2326.498,192.0
Mr. Flamboyant 2k11,https://www.youtube.com/watch?v=vKv9ZHOZbw0,E-40 - Topic,https://www.youtube.com/channel/UCKlkhvMKkJdaz48cpscL7eg,2026-05-03T15:13:23.739Z,271.0,24.414,24.414
2026Q1A platform COOLMOM Go con bbl social moments social logo horizontal 10sec some youtube,https://www.youtube.com/watch?v=Di87oEasSK4,,,2026-05-03T15:13:17.797Z,12.0,5.942,5.942
Back In Business,https://www.youtube.com/watch?v=67IohuFM10M,E-40 - Topic,https://www.youtube.com/channel/UCKlkhvMKkJdaz48cpscL7eg,2026-05-03T15:11:42.607Z,279.0,95.19,95.19
Too $hort - Blow the Whistle (Official Audio),https://www.youtube.com/watch?v=qBmU9drpYAM,Certified,https://www.youtube.com/channel/UCF0Nc2O16gmAWw-Bd-N6BWg,2026-05-03T15:08:58.476Z,164.0,164.131,164.0
Ahhhh Sh*t!,https://www.youtube.com/watch?v=EOLTkUpxLqY,E-40 - Topic,https://www.youtube.com/channel/UCKlkhvMKkJdaz48cpscL7eg,2026-05-03T15:05:25.066Z,213.0,213.41,213.0
Enterprise: Here For It :30 (US English),https://www.youtube.com/watch?v=abjQAzTkaE8,,,2026-05-03T15:05:19.536Z,31.0,5.53,5.53
FY26Q1_CC_Video_Pr_EN_NA_SundanceRelease2026-ObjectMaskConcept2-15s_VID_16x9,https://www.youtube.com/watch?v=kVy_5oaAl1U,,,2026-05-03T15:05:19.536Z,13.0,0.0,0.0
The Wiz Khalifa Mix Part 2,https://www.youtube.com/watch?v=Q8DCTFnW9P4,Rick Rockswell,https://www.youtube.com/channel/UC3IX0SmyWG0YG-rLBtBJO8g,2026-05-03T07:10:36.535Z,5297.0,28483.001,5297.0
Sound effects for serious video work.,https://www.youtube.com/watch?v=rq49bz2f5Ko,,,2026-05-03T07:10:29.196Z,30.0,7.339,7.339
"2012 Hip Hop [Explicit Radio Mix] (Lil Wayne, Drake, Wiz Khalifa, etc.)",https://www.youtube.com/watch?v=sK0V4lHZxJM,NoizProof Content,https://www.youtube.com/channel/UCXfuuhtgvpf-d026mX_M4cw,2026-05-03T07:09:50.365Z,4130.0,38.831,38.831
Abortion pill maker asks Supreme Court to restore mail delivery of Mifepristone,https://www.youtube.com/watch?v=SHPP_4mfPM0,WFAA,https://www.youtube.com/channel/UCBu0KdNokE4MqdkacvH37_A,2026-05-03T07:08:57.623Z,35.0,52.742,35.0
Search for Best Cellular Packages,https://www.youtube.com/watch?v=ogk4PN4L3LE,,,2026-05-03T07:08:43.362Z,15.0,14.261,14.261
"‼️Cardi B CRASH OUT as Beyonce STRUGGLES to sell Metgala. Nicki Minaj and media dynamics, Ice Spice",https://www.youtube.com/watch?v=GZOmiM2kuXk,The tea plug,https://www.youtube.com/channel/UCC7QIalvfVXg6TjeYBQBsRA,2026-05-03T07:08:24.171Z,1201.0,19.191,19.191
Shortened: Way of the Hunter 2 | Early Access Release Trailer,https://www.youtube.com/watch?v=ZfsBcGaLidw,,,2026-05-03T07:08:15.960Z,200.0,8.211,8.211
React to stains fast with StainForce,https://www.youtube.com/watch?v=mtGZknwBles,,,2026-05-03T07:08:15.406Z,16.0,0.554,0.554
song called ‘FLY’ by Jeremiah Miller,https://www.youtube.com/watch?v=V4MUr7PUW9M,Jeremiah Miller,https://www.youtube.com/channel/UC9kfZiSVhPZVYxbg2YMBSGQ,2026-05-03T07:07:49.366Z,59.0,26.04,26.04
Mother's Day Creator Video | Whole Foods Market,https://www.youtube.com/watch?v=Cdh2qfPZD9o,,,2026-05-03T07:07:48.323Z,26.0,1.043,1.043
3 for 3,https://www.youtube.com/watch?v=Q_3HmEGIDVY,Noonessafe shorts ,https://www.youtube.com/channel/UCA8hW4o-9cCKDRowwGmCg6Q,2026-05-03T07:07:21.420Z,24.0,26.903,24.0
I don’t know how to speak to women so I used magic instead… 😳(26/100) #magic #rizz#viral #viralreel,https://www.youtube.com/watch?v=o6wix_PRENs,Fifthhorseman ,https://www.youtube.com/channel/UCrTP2yp5UqVOOlHmbD9UM_Q,2026-05-03T07:05:58.143Z,83.0,83.277,83.0
Blurry: OLV   T5 MoviesJuggler Light NonPromo N VID 1920x1080 30s,https://www.youtube.com/watch?v=gLjXcuqhJKE,,,2026-05-03T07:05:56.726Z,31.0,1.417,1.417
When the Developer Joins your Game to Troll #gaming #flippingishard #indiegame,https://www.youtube.com/watch?v=_qg8viUvLDo,grizzbx,https://www.youtube.com/channel/UCvK0CRsqQuUrNqTJ1bJ9qQg,2026-05-03T07:05:49.927Z,103.0,6.799,6.799
Ranking Funniest Beatbox Pranks Ever😂,https://www.youtube.com/watch?v=_ZMS095LYEQ,TopShot Review,https://www.youtube.com/channel/UCwR_9ulIo7i4ViBNMdbzyeg,2026-05-03T07:04:50.881Z,58.0,59.046,58.0
svod_uac|UA|MHA|S8|Moment|9x16|16s|en|dub|streamnow-ytvac,https://www.youtube.com/watch?v=FkqMRj0Tn1E,,,2026-05-03T07:04:49.898Z,16.0,0.983,0.983
They got revenge 😭🙏 #troll #roblox #homelander,https://www.youtube.com/watch?v=7L7dJM1LTzc,RealJuno,https://www.youtube.com/channel/UCBDDyaapscwncOG_ZZs0kdQ,2026-05-03T07:04:46.651Z,34.0,3.247,3.247
Ahren Belisle Hates Kim Congdon!!! 😂😂😂 | The Fold,https://www.youtube.com/watch?v=CQucBYqscA4,Ahren Belisle Comedy,https://www.youtube.com/channel/UCZeedM8IVH_HjjflbU3-Yxg,2026-05-03T07:04:36.641Z,35.0,10.01,10.01
Hero | UFC 328 | Paramount+,https://www.youtube.com/watch?v=8Mnr-TYGOyU,,,2026-05-03T07:04:35.508Z,16.0,1.133,1.133
Ninja Couldn't Stop Smiling After This #ninja #rocketleague,https://www.youtube.com/watch?v=zP-usZbp0jY,tinymunchy,https://www.youtube.com/channel/UCGVVPsYnu6BWIA60-uWM8tw,2026-05-03T07:03:55.104Z,,40.404,40.404
Fake Cab Driver Challenge - Impractical Jokers #shorts #prank,https://www.youtube.com/watch?v=N00xSIemc9E,Jokers On Loop,https://www.youtube.com/channel/UCbZ4htthr_R_68CetJ910GQ,2026-05-03T07:03:36.333Z,28.0,18.771,18.771
Native-Brand-ENG-The Wire-APDO-15-Shorts-9x16-PGNV1988000H,https://www.youtube.com/watch?v=N0XUHfLUZuA,,,2026-05-03T07:03:34.169Z,16.0,2.164,2.164
Ranking Top 5 Skiguyfr Aura Moment #dance #shorts #viralshorts,https://www.youtube.com/watch?v=k57hrSd4itU,VidRush,https://www.youtube.com/channel/UCtbKgnkbPDFtW1AN93ja1qA,2026-05-03T07:03:32.356Z,52.0,1.813,1.813
Meet the new member of the gang 😂 #gunrange #tx22,https://www.youtube.com/watch?v=s_ASRhPVPxA,Black Gun Owners Association,https://www.youtube.com/channel/UCv0WI0WSey52zgz2PUwQq_g,2026-05-03T07:02:56.819Z,34.0,35.537,34.0
#fyp,https://www.youtube.com/watch?v=fJ_cyMQaRXk,Big dog 4,https://www.youtube.com/channel/UCerU7v7c3Ad6MYcZTcn0DMA,2026-05-03T07:01:26.357Z,58.0,90.462,58.0
YouTube Swish Up Your Style with Sound,https://www.youtube.com/watch?v=SkUcJI-EzSE,,,2026-05-03T07:01:24.995Z,20.0,1.362,1.362
Quadruplet DejaVu Prank 😆👻 #twins #pranks #dejavu #strangerthings #confused,https://www.youtube.com/watch?v=hLfbc0OB8A0,TheBurnsTwins,https://www.youtube.com/channel/UC1GkyUm4JYmH1qKUIMXROgA,2026-05-03T07:00:22.669Z,44.0,62.326,44.0
One (Person) Brings Two (People) | Anderson Burrus vs O Solo Rap Battle,https://www.youtube.com/watch?v=uZLNA0BJ7N4,Anderson Burrus,https://www.youtube.com/channel/UCQ5vazfoAsuCGEg-kwMgUzQ,2026-05-03T07:00:09.312Z,60.0,13.357,13.357
Unc needs to stop #fyp #viral #funny #ometv #mogmastersalim,https://www.youtube.com/watch?v=_lW1CfLPRic,Abuk,https://www.youtube.com/channel/UC283krhXeHVaGCOVrs_lPFQ,2026-05-03T07:00:01.942Z,30.0,7.37,7.37
Druski fit check #shorts,https://www.youtube.com/watch?v=W3T2iAwZCA4,Druski,https://www.youtube.com/channel/UC4PQqjGczpgmqbpicKjkwvw,2026-05-03T07:00:01.570Z,29.0,0.372,0.372
bro just be sayin shi 🤣🔥 #rap #freestylerap #freestyle,https://www.youtube.com/watch?v=Ox--ByTYHxA,kozarkane!,https://www.youtube.com/channel/UC0Jp3M4mbENZV57KfHhk6AQ,2026-05-03T06:59:27.600Z,73.0,33.97,33.97
OREO Frozen Treats NewNeighbor US BarBox,https://www.youtube.com/watch?v=l-sN7qUBwyY,,,2026-05-03T06:59:26.199Z,7.0,1.401,1.401
Trolling as HOMELANDER #roblox #troll,https://www.youtube.com/watch?v=gwYS84sucT8,RealJuno,https://www.youtube.com/channel/UCBDDyaapscwncOG_ZZs0kdQ,2026-05-03T06:58:37.855Z,47.0,48.344,47.0
Gordon Ramsay Was Not Ready for This...,https://www.youtube.com/watch?v=-nmRlTogqrQ,FoundOnDash,https://www.youtube.com/channel/UCng9ABSDjJ68eC8j4b4StbA,2026-05-03T06:58:03.410Z,31.0,34.445,31.0
Old Spice-Brand-ENG-Stick Nation Spice Alchemist-APDO/PCC--60-NonSkip-16x9-,https://www.youtube.com/watch?v=5pT4E6lyUVE,,,2026-05-03T06:58:01.719Z,53.0,1.691,1.691
MAGICIAN Tries To SCAM Someone Out Of 50 POUNDS!!,https://www.youtube.com/watch?v=Zt2CpqNc-w4,Jason Maher,https://www.youtube.com/channel/UCPN6irtK3KIT2xUdQYQmh5Q,2026-05-03T06:57:58.339Z,105.0,3.38,3.38
#ometv #fyp #viral #mogmastersalim #omegle,https://www.youtube.com/watch?v=3nW4_vpSt6I,Abuk,https://www.youtube.com/channel/UC283krhXeHVaGCOVrs_lPFQ,2026-05-03T06:56:59.193Z,28.0,59.146,28.0
DVD to make music on guitar? EASY,https://www.youtube.com/watch?v=RxWgrrBCiBI,Alexandr Misko,https://www.youtube.com/channel/UCdZe3OmKYiIwyrLFEEbNwVw,2026-05-03T06:56:57.485Z,60.0,1.708,1.708
Blurry: What’s next?,https://www.youtube.com/watch?v=ai3FfeXrIOg,,,2026-05-03T06:56:56.685Z,16.0,0.8,0.8
Who Was Meaner? | Anderson Burrus vs Arsonal | Rap Battle Clip,https://www.youtube.com/watch?v=sXFTsjnPs38,Anderson Burrus,https://www.youtube.com/channel/UCQ5vazfoAsuCGEg-kwMgUzQ,2026-05-03T06:56:07.562Z,45.0,49.123,45.0
Can You Fight? 🤔👊🏽 #viral #funny #fight #stance #dlupie,https://www.youtube.com/watch?v=pBEMjg04t3w,Dlupie,https://www.youtube.com/channel/UCeIeZf2y5qrK7IggDkG36CA,2026-05-03T06:55:19.361Z,55.0,48.201,48.201
Paid Media | YouTube Shorts | FRE Outdoors | 9x16 | 13s,https://www.youtube.com/watch?v=Qnm_NoyWg-I,,,2026-05-03T06:55:17.986Z,13.0,1.375,1.375
We exposed them #guitar #guitar #funny,https://www.youtube.com/watch?v=_TYctRtlQGM,Adam&Eyal,https://www.youtube.com/channel/UC8Qu_2Ru9sPcrC60uFxHcIw,2026-05-03T06:55:13.517Z,25.0,4.469,4.469
How did he not realize? 😂,https://www.youtube.com/watch?v=o2Xrn8cjog8,Jynxzi,https://www.youtube.com/channel/UCjiXtODGCCulmhwypZAWSag,2026-05-03T06:55:06.817Z,61.0,6.7,6.7
Ben & Jerry's | Your New Ice Cream Sundae Bestie,https://www.youtube.com/watch?v=YR5YcI0KnIo,,,2026-05-03T06:55:05.079Z,12.0,1.738,1.738
How Lerone Murphy Got Dropped 💣 | Technique Breakdown #ufc #breakdown,https://www.youtube.com/watch?v=Smfd1m525yo,Fight Lab,https://www.youtube.com/channel/UCPqk6TzLQt-7GSgmbGIe__g,2026-05-03T06:54:59.429Z,66.0,5.65,5.65
L Dealership 🤦🏿‍♂️ #stevewilldoit,https://www.youtube.com/watch?v=2G-ebkGtCxE,SteveWillDoIt,https://www.youtube.com/channel/UCYuTELGi3Vz_zAAU9kNnSvg,2026-05-03T06:54:56.180Z,75.0,3.249,3.249
The Bridge Is Insane #moistcritikal #penguinz0 #shorts,https://www.youtube.com/watch?v=RSLbUobj_-c,Moist Charlie Clips,https://www.youtube.com/channel/UC4EQHfzIbkL_Skit_iKt1aA,2026-05-03T06:54:54.497Z,36.0,1.683,1.683
Blurry: Sticky Note: (15sec),https://www.youtube.com/watch?v=uSFM27vs76U,,,2026-05-03T06:54:52.978Z,16.0,1.519,1.519
Solving Rubik’s Cube in a Rap Battle! | Anderson Burrus vs O Solo!,https://www.youtube.com/watch?v=mCXlOzv-uOc,Anderson Burrus,https://www.youtube.com/channel/UCQ5vazfoAsuCGEg-kwMgUzQ,2026-05-03T06:53:52.673Z,61.0,60.305,60.305
"May 2, 2026",https://www.youtube.com/watch?v=ko2dlvrj5jc,Alex!,https://www.youtube.com/channel/UCAuiSrGQrq-d4MOKh22q4tw,2026-05-03T06:53:35.465Z,39.0,17.208,17.208
How O’Malley Sets Up His Knee 💥 | Technique Breakdown #ufc #breakdown,https://www.youtube.com/watch?v=0CPcqzjkfz4,Fight Lab,https://www.youtube.com/channel/UCPqk6TzLQt-7GSgmbGIe__g,2026-05-03T06:53:34.139Z,64.0,1.326,1.326
Find hilarious clips you're in with Medal,https://www.youtube.com/watch?v=soc3P8TUW-Q,,,2026-05-03T06:53:01.962Z,15.0,32.177,15.0
Big Boy wasn’t ready for this…,https://www.youtube.com/watch?v=xCiiogdLq78,Max Major,https://www.youtube.com/channel/UC0ohF_jjao7xXL_pg3TLTSQ,2026-05-03T06:51:52.700Z,61.0,69.262,61.0
Bro had to instantly lock in 💀,https://www.youtube.com/watch?v=llNpHVQrh2g,Jynxzi,https://www.youtube.com/channel/UCjiXtODGCCulmhwypZAWSag,2026-05-03T06:51:11.839Z,37.0,40.861,37.0
Get Seen. Get Booked. | Booking.com #vacationrental #listyourhome,https://www.youtube.com/watch?v=AGnCD2M3JVw,,,2026-05-03T06:51:10.147Z,31.0,1.692,1.692
POV: Rats try to team up,https://www.youtube.com/watch?v=PFKB1OzDBWg,SlymoTV,https://www.youtube.com/channel/UCtpZyngVJ84MLha4JWUGPCQ,2026-05-03T06:51:07.598Z,60.0,2.549,2.549
Ranking Best Cameraman Moments #tiktok #ranking,https://www.youtube.com/watch?v=O7wxSLHaP9U,Reds,https://www.youtube.com/channel/UCgAXUWNiWfxQsavUUjTB27g,2026-05-03T06:51:03.998Z,64.0,3.6,3.6
"Take Me Down, Win $100 vs 16-Year-Old",https://www.youtube.com/watch?v=D6YN54TbKss,Ryan Juliano,https://www.youtube.com/channel/UCIzvh96eooUBxvLB4nOFHFw,2026-05-03T06:50:34.680Z,60.0,29.318,29.318
Are we serious right now😂⁉️ #rdr2 #funnymoments #reddeadredemption,https://www.youtube.com/watch?v=MfPxg7azGGc,Elijah Wordly,https://www.youtube.com/channel/UCeS6WvOUhZmmQIIsLpXn_Sg,2026-05-03T06:50:32.556Z,110.0,2.124,2.124
D4 VID CREATOR ITEMIZATION DEV INFL CUST enUS 1080x1920 30 PlayNow ITEM HELIX NOEXP,https://www.youtube.com/watch?v=1uLsqCmy9kE,,,2026-05-03T06:50:31.248Z,25.0,1.308,1.308
LOBA REACTS TO JYNXZI,https://www.youtube.com/watch?v=0vpu-vc3w4Y,Daddy Loba,https://www.youtube.com/channel/UCMiAZoh2dPPPmog1HaQ64fQ,2026-05-03T06:50:02.502Z,54.0,28.746,28.746
Battling a Crip | Anderson Burrus vs Arsonal | Rap Battle Clip,https://www.youtube.com/watch?v=uq3t0alM8qA,Anderson Burrus,https://www.youtube.com/channel/UCQ5vazfoAsuCGEg-kwMgUzQ,2026-05-03T06:49:25.010Z,31.0,37.492,31.0
V2   Sick Days Video 2   Jordynn Nicholson,https://www.youtube.com/watch?v=0Ef9ZukLpC4,,,2026-05-03T06:49:23.584Z,23.0,1.426,1.426
Jynxzi Reacts to Player Thats Better Than Him,https://www.youtube.com/watch?v=6j_BQCxHn74,Jynxzi,https://www.youtube.com/channel/UCjiXtODGCCulmhwypZAWSag,2026-05-03T06:48:36.068Z,45.0,47.516,45.0
Surprising bradleymartyn with cigs 😆 #stevewilldoit,https://www.youtube.com/watch?v=qLKG5g5r6cg,SteveWillDoIt,https://www.youtube.com/channel/UCYuTELGi3Vz_zAAU9kNnSvg,2026-05-03T06:47:45.591Z,55.0,50.477,50.477
We took a Polaroid camera on set for our commercials with the Astros. Which is your favorite? 📷,https://www.youtube.com/watch?v=o_Gr0fDG_H0,,,2026-05-03T06:47:44.473Z,9.0,1.118,1.118
no way bro is jiggle peeking 💀,https://www.youtube.com/watch?v=YuO3VRRkODE,ohnepixel raw,https://www.youtube.com/channel/UCWX7tzz1JJVc2Usx0BRn1Cg,2026-05-03T06:47:42.766Z,37.0,1.707,1.707
Im The King Of Ragebait! #shorts,https://www.youtube.com/watch?v=dG3k_O3S2rA,Bosnov,https://www.youtube.com/channel/UClsCiiIZBhab0eeiPFOZQtg,2026-05-03T06:47:14.367Z,69.0,28.399,28.399
Blurry: Redefine Your Ritual,https://www.youtube.com/watch?v=nApRnUNOkxA,,,2026-05-03T06:47:12.277Z,31.0,2.09,2.09
Ladies Reward your man when he's doing good! #comedy #standupcomedy,https://www.youtube.com/watch?v=s6JpFFm8Hyw,Mojo Brookzz,https://www.youtube.com/channel/UCvWHvXyTOZu9fzS9JzODkCQ,2026-05-03T06:44:10.494Z,169.0,181.783,169.0
Welcome To Red Dead RP😂‼️ #rdr2 #reddeadredemption #funnymoments,https://www.youtube.com/watch?v=HUHCEiP3ASI,Elijah Wordly,https://www.youtube.com/channel/UCeS6WvOUhZmmQIIsLpXn_Sg,2026-05-03T06:42:16.801Z,132.0,113.693,113.693
Fuel your day the right way.,https://www.youtube.com/watch?v=GG34e0-T_Vo,,,2026-05-03T06:42:15.371Z,41.0,1.43,1.43
KNOW The Difference: Light vs Touch Sparring,https://www.youtube.com/watch?v=BsrL9WvoM_c,Jeff Chan MMAShredded ,https://www.youtube.com/channel/UCt1ZR07apYANZ3MmlbipIXg,2026-05-03T06:41:02.702Z,60.0,72.669,60.0
PKTV 000116750 000304129,https://www.youtube.com/watch?v=HKBzQuzX-n4,,,2026-05-03T06:41:00.061Z,16.0,2.641,2.641
Bro has generational beef 😂,https://www.youtube.com/watch?v=YgQJpRK4gmY,Jynxzi,https://www.youtube.com/channel/UCjiXtODGCCulmhwypZAWSag,2026-05-03T06:40:06.770Z,46.0,53.291,46.0
bro fooled EVERYONE on well dressed wednesday,https://www.youtube.com/watch?v=bT4Swa459wg,BasslineMacc,https://www.youtube.com/channel/UCRNBkOSwW2uWskS0QmILL2Q,2026-05-03T06:39:43.960Z,30.0,22.81,22.81
Blurry: svod_uac|UA|MHA|S8|Moment|16x9|16s|en|dub|streamnow-ytvac,https://www.youtube.com/watch?v=3n6G6aY7anc,,,2026-05-03T06:39:42.903Z,16.0,1.057,1.057
I wasn’t expecting that 😭🙏,https://www.youtube.com/watch?v=FlyrxSmcVwY,WzlfsKeys,https://www.youtube.com/channel/UCZU-ntFGANcJNSNzNt1uAmg,2026-05-03T06:39:37.214Z,18.0,5.689,5.689
VLVM YouTube Ahhh 9x16 Rodent Music to your ears 06 EN MP4,https://www.youtube.com/watch?v=rvGSDkIbfYc,,,2026-05-03T06:39:22.056Z,7.0,15.158,7.0
BRO HURT HIS EYES AND EARS,https://www.youtube.com/watch?v=cB-YiejgP_A,Xenos,https://www.youtube.com/channel/UCWB_6zusLAFz7-s8AQI3Gfw,2026-05-03T06:38:42.588Z,39.0,39.468,39.0
You can tell Conor and Dana were loving it 😭 #ufc #conormcgregor #mma,https://www.youtube.com/watch?v=KXbHsj7qk28,Fight Riddle,https://www.youtube.com/channel/UCstG4ZPNrEMRcNmIjdCVMKA,2026-05-03T06:37:42.342Z,90.0,60.246,60.246
Kareshi Kareshi  @LenaLemon             #learnjapanese #japaneseculture,https://www.youtube.com/watch?v=rA_AJKWkf5w,Real Real Japan,https://www.youtube.com/channel/UCyIhBDft5f3kj4Xcua3p3kQ,2026-05-03T06:37:28.335Z,27.0,14.007,14.007
Ranking funniest Omegle sound pranks,https://www.youtube.com/watch?v=sVg-bLKdbZc,zanviro,https://www.youtube.com/channel/UCCBDFZPR6UiKNsje2EJGz4A,2026-05-03T06:36:14.884Z,61.0,73.451,61.0
no brakes = no safety #nickorossetti #newmusic #rap #recommended,https://www.youtube.com/watch?v=wPXW_gK44yM,Nicko Rossetti,https://www.youtube.com/channel/UCajKT4HcRgwMk62Vio8mEew,2026-05-03T06:36:13.208Z,18.0,1.676,1.676
XXXTentacion After Getting Knocked Out on Stage..,https://www.youtube.com/watch?v=CG_dEo7Xemg,Jivo Live,https://www.youtube.com/channel/UCKkgvnssb7qMxq1Jmen_ErA,2026-05-03T06:35:47.196Z,40.0,26.012,26.012
GUESS THE SONG 🗣️,https://www.youtube.com/watch?v=XwFriVdiPvc,Dumblit TV,https://www.youtube.com/channel/UCO1JmgZMV-sfttnyGoOVDsg,2026-05-03T06:35:18.049Z,57.0,29.147,29.147
Chad Smith Heard This Song Once… Then Nailed It in 30 Seconds 🥁 #shorts,https://www.youtube.com/watch?v=Viwerx_Gt4I,TLR Distribution,https://www.youtube.com/channel/UCUSLOQ2KGfuzffq3IkO4wxg,2026-05-03T06:35:05.956Z,32.0,12.093,12.093
She Did Not Expect I Actually Knew Chinese💀,https://www.youtube.com/watch?v=VOJpo4ygN6c,Ryan Hale,https://www.youtube.com/channel/UCPpb6z6FWCCC80lwApeibnQ,2026-05-03T06:34:16.865Z,52.0,49.091,49.091
#yslwoody trolling in court 😂😂 yall go fw Hudson on #tiktok bro hella funny #drillnation #atl,https://www.youtube.com/watch?v=Ck7yLP14dQg,DrillNation_Tv,https://www.youtube.com/channel/UC_ZpZAd6sCyI0bgXpQmdOHQ,2026-05-03T06:34:14.825Z,,2.04,2.04
Where Does Darth Maul get his shoes 😂,https://www.youtube.com/watch?v=Tk9F3SSYIY0,Jynxzi,https://www.youtube.com/channel/UCjiXtODGCCulmhwypZAWSag,2026-05-03T06:33:24.019Z,44.0,50.806,44.0
They really tried to embarrass T-Pain by asking him to sing live without AutoTune 🤧🔥,https://www.youtube.com/watch?v=a3R3P7byEaw,Wholesome Pop,https://www.youtube.com/channel/UCJwrZ7-ID3080Oas6CWDMpw,2026-05-03T06:33:14.367Z,28.0,9.652,9.652
Eminem KNOWS Rhymes for The Word Orange,https://www.youtube.com/watch?v=V0Jm7gRZoqQ,Find My Positivity,https://www.youtube.com/channel/UCAUxeQ5cT2Hg94fuavbG6WQ,2026-05-03T06:32:29.358Z,43.0,45.009,43.0
TYLER1 H1Z1 DAYS 😂,https://www.youtube.com/watch?v=vS3yF7u_g5Q,H1Z1,https://www.youtube.com/channel/UCcQMciKmfkUlT81yuZXaChw,2026-05-03T06:31:21.068Z,52.0,68.29,52.0
Nipsey's Blueprint: Hustle & Motivation #StayFocused #GrindMode #nipseyhusslemotivation,https://www.youtube.com/watch?v=9b0_RiRZsXE,ab5times,https://www.youtube.com/channel/UCrPWgwvJmVxW0-P8lnw0fmg,2026-05-03T06:31:18.090Z,65.0,2.978,2.978
Look alike cam #lookalike,https://www.youtube.com/watch?v=pRCd_SWVUaE,BFlookalikecam,https://www.youtube.com/channel/UCF2xR7VJgT2XPosU7SZprIw,2026-05-03T06:31:16.931Z,61.0,1.159,1.159
Did you catch it?,https://www.youtube.com/watch?v=8BuHrHt3mxU,G90,https://www.youtube.com/channel/UC8HpzKzjdib4V6EKIBZPHsQ,2026-05-03T06:30:52.592Z,49.0,24.339,24.339
The Greatest Bar-Flip EVER 🔥🔥🔥,https://www.youtube.com/watch?v=zOHsL27jLzo,Ultimate Rap League,https://www.youtube.com/channel/UCflIAeM03JFL9ml03LwYF-g,2026-05-03T06:29:52.709Z,59.0,59.883,59.0
Triple Language Switch on Omegle😂,https://www.youtube.com/watch?v=UU5lcQuapN4,Ryan Hale,https://www.youtube.com/channel/UCPpb6z6FWCCC80lwApeibnQ,2026-05-03T06:29:06.058Z,44.0,46.651,44.0
#dj #remix #scratch #scratchdj #turntables #djshorts #djviral##shorts #viral ##djlife #hiphop,https://www.youtube.com/watch?v=KZIQ3ypqZZU,djstevenb,https://www.youtube.com/channel/UCeawyfCiyy9uQyaXcX84PVw,2026-05-03T06:29:04.394Z,28.0,1.664,1.664
No One was Safe from Eminem's Slim Shady 🤣,https://www.youtube.com/watch?v=1cmsBz6JXwk,SlimShots,https://www.youtube.com/channel/UCByeH9bXLQiNzOyyXcWgAzA,2026-05-03T06:28:41.055Z,52.0,23.339,23.339
Ranking Celebrities Impersonating Each Other,https://www.youtube.com/watch?v=JktNgjnAv9s,AidenAstra,https://www.youtube.com/channel/UCq3AGvDMryWSl-S8sHgod6g,2026-05-03T06:27:37.593Z,61.0,63.462,61.0
When EMINEM Tried TO PROMOTE HIS ALBUM 😂😂😂😂 #eminem #rap,https://www.youtube.com/watch?v=JJ4MYnuLk5g,HipHopUnity,https://www.youtube.com/channel/UC7VU2QvYMFiAbjClaT3CJcA,2026-05-03T06:27:17.904Z,18.0,19.689,18.0
JAMAICAN FINISH THE LYRICS,https://www.youtube.com/watch?v=FsToBXTZFwg,sidequestz,https://www.youtube.com/channel/UCNDUK1LhfrnvedhfHGrZKPw,2026-05-03T06:27:08.342Z,30.0,9.562,9.562
Nipsey Hussle's Neighborhood Haunts: 8th Ave & Beyond,https://www.youtube.com/watch?v=zmLAV-QIS68,ab5times,https://www.youtube.com/channel/UCrPWgwvJmVxW0-P8lnw0fmg,2026-05-03T06:26:57.089Z,55.0,11.253,11.253
Norm McDonald's Joke 😂🤣 Shane Gillis #shorts #shanegillis,https://www.youtube.com/watch?v=76tgn9KmaDA,Laughter Mothership,https://www.youtube.com/channel/UC3qPasawO3YRxPCNQN74LtQ,2026-05-03T06:26:55.438Z,39.0,1.651,1.651
Timmy No Brakes Meets Steve-O.. 😂😂 | Kill Tony ft. Tim Stiefler & Steve-O,https://www.youtube.com/watch?v=BcVH-m8Hv3U,Slice Comedy,https://www.youtube.com/channel/UCpFibUePF0xVRbjnEJKSI7A,2026-05-03T06:26:54.724Z,39.0,0.714,0.714
How Kanye TROLLED ScHoolboy Q?? 😱🤣 #schoolboyq #kanyewest #interview #fyp #shorts #rap #thatpart,https://www.youtube.com/watch?v=YhtO02qLKEs,TracksListed,https://www.youtube.com/channel/UCy5OR0ukCumjxCFeYstQDsg,2026-05-03T06:26:48.865Z,42.0,5.859,5.859
What your adjectives? #shorts,https://www.youtube.com/watch?v=-D6gWDqHh5Q,Druski,https://www.youtube.com/channel/UC4PQqjGczpgmqbpicKjkwvw,2026-05-03T06:26:19.546Z,58.0,29.319,29.319
"March 22, 2026",https://www.youtube.com/watch?v=mL8bE5JO33c,Mojo Brookzz,https://www.youtube.com/channel/UCvWHvXyTOZu9fzS9JzODkCQ,2026-05-03T06:25:31.474Z,175.0,48.072,48.072
Can he play the guitar?!,https://www.youtube.com/watch?v=8s5b7quoE34,Chyke,https://www.youtube.com/channel/UCWwu9QTFevAZMWJIfKLpGsg,2026-05-03T06:25:27.421Z,60.0,4.053,4.053
EMINEM CLASSIC FREESTYLE ! 🤯🔥 #eminem #rap,https://www.youtube.com/watch?v=ZoPFUiU3OwI,HipHopUnity,https://www.youtube.com/channel/UC7VU2QvYMFiAbjClaT3CJcA,2026-05-03T06:24:32.974Z,50.0,54.447,50.0
Hilarious Kill Tony Minute.. 😂😂 | Kill Tony ft. Andrew Tarr,https://www.youtube.com/watch?v=hKMty_3f3pA,Slice Comedy,https://www.youtube.com/channel/UCpFibUePF0xVRbjnEJKSI7A,2026-05-03T06:24:20.635Z,48.0,12.339,12.339
"When you can only blame yourself, grab Respawn gum #GetLostInTheGame",https://www.youtube.com/watch?v=XodWEQi68F0,,,2026-05-03T06:24:19.273Z,7.0,1.362,1.362
What car do you not like to work on? #caraudio #installers #shorts,https://www.youtube.com/watch?v=gkXGiQqz178,Absolute Electronix,https://www.youtube.com/channel/UC856N0qdETMTKNZuDgcWO5Q,2026-05-03T06:24:07.450Z,54.0,11.823,11.823
Alright lil fella #shorts,https://www.youtube.com/watch?v=q8-zI8R7wIU,Druski,https://www.youtube.com/channel/UC4PQqjGczpgmqbpicKjkwvw,2026-05-03T06:23:35.571Z,54.0,31.879,31.879
Jennifer just got SCAMMED🤯😭| spaceman ufo - nah stop reaction,https://www.youtube.com/watch?v=Xqu8nNkHGmw,Rap Reactions,https://www.youtube.com/channel/UC22AWbaQkNoOhBGhXIdwihA,2026-05-03T06:23:05.576Z,32.0,29.995,29.995
#illustration #tattoo #art #pov #procreate #drawing #whydidntmyexcomeback #digitalart,https://www.youtube.com/watch?v=jfDEwSzrDkE,Kangna Pawaiya,https://www.youtube.com/channel/UCfd9QMNcmBdeZugTKHxs2iA,2026-05-03T06:23:03.721Z,59.0,1.855,1.855
Shane Gillis Meets Jared Nathan.. 😂😂 | Kill Tony ft. Shane Gillis & Jared Nathan,https://www.youtube.com/watch?v=XfYSr9bt4P8,Slice Comedy,https://www.youtube.com/channel/UCpFibUePF0xVRbjnEJKSI7A,2026-05-03T06:22:06.908Z,31.0,56.813,31.0
"March 15, 2026",https://www.youtube.com/watch?v=xiUBs3W5jN0,Mojo Brookzz,https://www.youtube.com/channel/UCvWHvXyTOZu9fzS9JzODkCQ,2026-05-03T06:19:09.996Z,178.0,176.912,176.912
Dana White knew he hit gold💰#danawhite #conormcgregor #ufc,https://www.youtube.com/watch?v=j9068iVcypQ,Fist To Face Extra,https://www.youtube.com/channel/UC3gIBxG-4LylyYoxr1Ctj4w,2026-05-03T06:17:47.046Z,41.0,82.95,41.0
Ice Cube Had To Correct E-40 Real Quick 😂,https://www.youtube.com/watch?v=rkR9U-wA7Oc,Big Boy's Neighborhood,https://www.youtube.com/channel/UCaGF50DDZY8K1iRuY23Y8qQ,2026-05-03T06:16:51.047Z,55.0,55.999,55.0
Post Malone vs. Karen - Impractical Jokers #shorts #prank #funny,https://www.youtube.com/watch?v=j3iJP69-3rs,Laaphy,https://www.youtube.com/channel/UCtjmaYg6Tr19gBp7dQbNJxA,2026-05-03T06:16:34.354Z,29.0,16.693,16.693
#illustration #tattoo #art #pov #procreate #drawing #whydidntmyexcomeback #digitalart,https://www.youtube.com/watch?v=x4hhr8WFVro,Kangna Pawaiya,https://www.youtube.com/channel/UCfd9QMNcmBdeZugTKHxs2iA,2026-05-03T06:16:30.004Z,50.0,4.35,4.35
J Lew Has INSANE Handles 😳,https://www.youtube.com/watch?v=RPtQDehMsTw,Top Floor Hoops,https://www.youtube.com/channel/UCpoQBNJtkjghqEGH8qhfX6A,2026-05-03T06:16:28.405Z,14.0,1.599,1.599
Giving disposable cameras to strangers #disposablecamera #lifeonfilm,https://www.youtube.com/watch?v=DaL4KY3OMlU,Life on Film,https://www.youtube.com/channel/UCxCTpFPnG9Z0F0ZrcrkATIg,2026-05-03T06:16:24.730Z,27.0,3.675,3.675
Bill Burr Destroys Charlegmagne!!! 😂😂😂,https://www.youtube.com/watch?v=GsDctwvZn6s,LifeofLogos,https://www.youtube.com/channel/UCNrnx5h8mMjZEQqbbVXVMkA,2026-05-03T06:15:19.121Z,34.0,65.609,34.0
WAZZAM #shorts,https://www.youtube.com/watch?v=8lwQPivfZYQ,Druski,https://www.youtube.com/channel/UC4PQqjGczpgmqbpicKjkwvw,2026-05-03T06:14:27.865Z,41.0,51.256,41.0
Matt McCusker Was Wrong 😂,https://www.youtube.com/watch?v=HCFkjs8jvC4,Theo Cuts,https://www.youtube.com/channel/UCmDhViamHqqQY0l6VKeBxoQ,2026-05-03T06:14:27.049Z,15.0,0.816,0.816
https://www.youtube.com/watch?v=OAK7hRWetM8,https://www.youtube.com/watch?v=OAK7hRWetM8,,,2026-05-03T06:13:50.525Z,,36.524,36.524
How Black People Talk To Their Friends!!! 😂😂😂 | Kill Tony ft. Dedrick Flynn,https://www.youtube.com/watch?v=rWRANFGTiKg,LifeofLogos,https://www.youtube.com/channel/UCNrnx5h8mMjZEQqbbVXVMkA,2026-05-03T06:13:26.498Z,23.0,24.027,23.0
that sync was clean! 😤 The Crown & DJ Hans #dance #dancer #dj,https://www.youtube.com/watch?v=eYbgk51lPyU,Red Bull Dance,https://www.youtube.com/channel/UCz98WUC8uWURqbNaTobcRbw,2026-05-03T06:13:24.625Z,,1.873,1.873
when the keyboardist also plays guitar 🎹🎸,https://www.youtube.com/watch?v=ZRztm-PszRg,The Lionyls,https://www.youtube.com/channel/UC8G--yCCgJOj4un_wkszxlg,2026-05-03T06:12:36.136Z,38.0,48.489,38.0
Hardest English words to pronounce 🙊🗣️ #learnontiktok #learnenglish #streetinterviews #language,https://www.youtube.com/watch?v=ekDJzOelhQU,alanthedude,https://www.youtube.com/channel/UCrW_7J7sDbtvVVJSeYhekCw,2026-05-03T06:12:33.757Z,63.0,2.379,2.379
Conor McGregor,https://www.youtube.com/watch?v=bvh5ifJSCP4,Fight Realm,https://www.youtube.com/channel/UCdoxYUYQlRp8SdM6mh6UUJg,2026-05-03T06:12:10.792Z,73.0,22.965,22.965
I thought he was messing with me #standup #standupcomedy #funny #jokes #crowdwork #funnyvideos,https://www.youtube.com/watch?v=ygMpxdoLMt0,Jeff Arcuri,https://www.youtube.com/channel/UCpbWmV3trWP4kqbNawlXIcQ,2026-05-03T06:10:51.588Z,42.0,79.204,42.0
Wowwww!#shorts Cc- Slim Gaillard,https://www.youtube.com/watch?v=O6mqb7iS5GY,Kola Daniels,https://www.youtube.com/channel/UCptJ46vIWgT-wK8BYpwIwYQ,2026-05-03T06:10:49.879Z,31.0,1.709,1.709
I GOT ROASTED BY A FAN!,https://www.youtube.com/watch?v=0TOy7IKYBAw,Jourdain Fisher,https://www.youtube.com/channel/UC0t8opOOvnP8WIbCizpFlNw,2026-05-03T06:10:23.733Z,24.0,26.146,24.0
Weak-A** Names | Shapel Lacey | The Comedy Store,https://www.youtube.com/watch?v=LlYA-mI2zZ8,The Comedy Store,https://www.youtube.com/channel/UCWHZt1zsnWz3ksHg-YND7PQ,2026-05-03T06:10:21.911Z,75.0,1.822,1.822
What would you do 😂 #2raw4tv #jayraw #rap #explorepage,https://www.youtube.com/watch?v=KnltaUmVfE8,The Real Jay Raw ,https://www.youtube.com/channel/UCVeCrw7Y-Bi_nBv6TztyHkQ,2026-05-03T06:08:31.162Z,60.0,110.749,60.0
QuickDraw core💀 #rdr2 #reddeadredemption2 #funnymoments,https://www.youtube.com/watch?v=8nUGhFmQLTA,Elijah Wordly,https://www.youtube.com/channel/UCeS6WvOUhZmmQIIsLpXn_Sg,2026-05-03T06:07:18.257Z,62.0,72.905,62.0
But it’s not enough 😩,https://www.youtube.com/watch?v=7qodb4598ts,Best DJ Transitions,https://www.youtube.com/channel/UC_QwQ5TGxH4eUk5lFdWdq_w,2026-05-03T06:07:16.881Z,56.0,1.376,1.376
#memes #hollywood #podcast #funnymemes #interview #psychology #actor #quotes #story #america,https://www.youtube.com/watch?v=CptIDJVOR6A,HayotUz,https://www.youtube.com/channel/UCoFCE0JkCX_-cTYOx2cglbA,2026-05-03T06:04:29.438Z,5.0,167.443,5.0
Kim Jong Illest 🇰🇵,https://www.youtube.com/watch?v=d3cm2xywIzg,Rodney ,https://www.youtube.com/channel/UCpJst-tFOA_0_nZ_8kjtJzw,2026-05-03T06:04:00.307Z,19.0,29.131,19.0
How Bruno Mars Accidentally Created One Of His Biggest Hits,https://www.youtube.com/watch?v=z__hZwo4Udg,How The Song Was Made,https://www.youtube.com/channel/UCczz-sgwj91XKF23BbS4qwg,2026-05-03T06:03:30.312Z,32.0,29.995,29.995
March🚶🏽,https://www.youtube.com/watch?v=KSWGHK1YaMA,PIANICK ,https://www.youtube.com/channel/UCLr40xMjw4EkzqhqTtAjNjQ,2026-05-03T06:02:42.693Z,50.0,47.619,47.619
Colt 1911 Airsoft: Pure Satisfaction 🔥#airsoft #shortsfeed,https://www.youtube.com/watch?v=rUbLnPk1Kzs,TOY ZILLA ,https://www.youtube.com/channel/UCDdwLmAOeUwPBhZePmNEC2g,2026-05-03T06:02:37.175Z,14.0,5.518,5.518
DON’T BLAME ME !,https://www.youtube.com/watch?v=vn-hDKNaY6Q,Ref Rob,https://www.youtube.com/channel/UCBJoHezQC3H5jTtAOfuOg8g,2026-05-03T06:02:03.043Z,33.0,34.132,33.0
Allergic To Almonds - Impractical Jokers #shorts #prank #funny,https://www.youtube.com/watch?v=4jYGivPC-Zo,Laaphy,https://www.youtube.com/channel/UCtjmaYg6Tr19gBp7dQbNJxA,2026-05-03T06:01:31.846Z,28.0,31.197,28.0
This wordplay is actually genius 🤯,https://www.youtube.com/watch?v=Eex6VFGI0jg,Best DJ Transitions,https://www.youtube.com/channel/UC_QwQ5TGxH4eUk5lFdWdq_w,2026-05-03T06:00:56.058Z,25.0,35.788,25.0
“Don’t Touch That!” – Genghis Khan’s Helmet Fight Scene,https://www.youtube.com/watch?v=n7s_UhTw0c4,Faye,https://www.youtube.com/channel/UClWc__S3rm8H0_4BbmbMRSA,2026-05-03T06:00:52.796Z,45.0,3.262,3.262
Theo Von Meets Mark Zuckerberg 😂,https://www.youtube.com/watch?v=gQbjFSvcd8E,Theo Rogan Shorts,https://www.youtube.com/channel/UCxKGou6OIoV68Rw5VYV9LHg,2026-05-03T06:00:51.605Z,17.0,1.191,1.191
Blurry: Stays for hikers and mermaids | Booking.com,https://www.youtube.com/watch?v=hZSP0YnhZmU,,,2026-05-03T06:00:50.838Z,16.0,0.767,0.767
Fan Interactions in the NBA,https://www.youtube.com/watch?v=HOSN31NE8Pg,The_HoopVault,https://www.youtube.com/channel/UCeCQ2MXLJF1DTU8sra-t0Mg,2026-05-03T06:00:13.784Z,25.0,37.054,25.0
Bill Burr Destroys Joe Rogan!!! 😂😂😂,https://www.youtube.com/watch?v=YMQebUQRHfc,LifeofLogos,https://www.youtube.com/channel/UCNrnx5h8mMjZEQqbbVXVMkA,2026-05-03T05:59:43.632Z,25.0,30.152,25.0
AK 47 vs AR 15 After 100 Days In Salt Water,https://www.youtube.com/watch?v=McgOi-scE20,War Veterans,https://www.youtube.com/channel/UCIFaYQg5IF4gWhEJTw5HkFQ,2026-05-03T05:59:36.738Z,60.0,6.894,6.894
#thepracticefullseason,https://www.youtube.com/watch?v=Er5I7w10tLA,Charles Spann,https://www.youtube.com/channel/UCI2rAXrLCiho0SHiGGt8skw,2026-05-03T05:59:35.383Z,16.0,1.355,1.355
Theo Von Gets Ganged Up On!!! 😂😂😂 | Kill Tony ft. Charles Haycock,https://www.youtube.com/watch?v=xzCLLJBbj_A,LifeofLogos,https://www.youtube.com/channel/UCNrnx5h8mMjZEQqbbVXVMkA,2026-05-03T05:59:07.634Z,26.0,27.749,26.0
Gotta see that id 😭😭#kendrickcurry #shorts,https://www.youtube.com/watch?v=sWq2-VF5zxU,Kendrick Curry Shorts,https://www.youtube.com/channel/UCQuHKvt7HcZ9-9uUL0WoDIA,2026-05-03T05:58:56.975Z,33.0,10.659,10.659
Police Catch A Mexican Cartel Boss,https://www.youtube.com/watch?v=MeBmWeqngQo,SPY Network,https://www.youtube.com/channel/UCdavHBo0dXJz2cpg_GnsWCQ,2026-05-03T05:58:53.418Z,36.0,3.557,3.557
Hide and seek in cs2 😭 #cs2  #ohnepixel #cs2funny,https://www.youtube.com/watch?v=_hTE_kENBOU,Dose of CS2,https://www.youtube.com/channel/UCTUNsx5zewFr4Kt4McrU1Fg,2026-05-03T05:58:24.947Z,24.0,28.471,24.0
The Creator of Full Metal Alchemist has a new Anime on @crunchyroll!  #ad #CrunchyrollPartner,https://www.youtube.com/watch?v=XI4RYNPJxHg,,,2026-05-03T05:58:23.789Z,35.0,1.158,1.158
OGs let it rip on the mic 🔥🙌,https://www.youtube.com/watch?v=_P9Ipf62fxc,ARIatHOME,https://www.youtube.com/channel/UCJm8Q-9K_8n-UBrgwEo4yLA,2026-05-03T05:58:14.224Z,90.0,9.565,9.565
Charlie Murphy talks about going to 7-Eleven - Gotham Comedy Live (2013),https://www.youtube.com/watch?v=JVcplJ4ZLTs,Funniest Stand-Up,https://www.youtube.com/channel/UC56OoubNfQAElKK_XadmCmA,2026-05-03T05:57:39.066Z,34.0,35.158,34.0
E-40 Speaks in Bars,https://www.youtube.com/watch?v=GjND9Ibx628,Apple Music,https://www.youtube.com/channel/UCBv7HEHuVlNAELGi5XJd85Q,2026-05-03T05:57:19.112Z,22.0,19.954,19.954
Way of the Hunter 2 | Early Access Release Trailer,https://www.youtube.com/watch?v=czET4p2CmY0,,,2026-05-03T05:57:12.591Z,204.0,6.521,6.521
Top 10 E40 Songs 2023 Mix,https://www.youtube.com/watch?v=tC_IdB3TD10,HWHS520,https://www.youtube.com/channel/UC1Ok8V6gqz2_UDa4qvOcniw,2026-05-03T03:34:22.999Z,2580.0,8569.592,2580.0
Back In Business,https://www.youtube.com/watch?v=67IohuFM10M,E-40 - Topic,https://www.youtube.com/channel/UCKlkhvMKkJdaz48cpscL7eg,2026-05-03T03:33:13.668Z,279.0,69.331,69.331
Too $hort - Blow the Whistle (Official Audio),https://www.youtube.com/watch?v=qBmU9drpYAM,Certified,https://www.youtube.com/channel/UCF0Nc2O16gmAWw-Bd-N6BWg,2026-05-03T03:30:27.513Z,164.0,166.155,164.0
Ahhhh Sh*t!,https://www.youtube.com/watch?v=EOLTkUpxLqY,E-40 - Topic,https://www.youtube.com/channel/UCKlkhvMKkJdaz48cpscL7eg,2026-05-03T03:26:52.087Z,213.0,215.426,213.0
OG CHILL RAP — Everyday OG Chill | West Coast • 420 Mood • Stoner Vibes,https://www.youtube.com/watch?v=qbWEDj9CQuQ,Stoner SlowKush,https://www.youtube.com/channel/UCpx1RK0sJ1-B16IPAE4NXEw,2026-05-03T03:20:29.546Z,3631.0,382.541,382.541
Control Access and Prevent Deletions,https://www.youtube.com/watch?v=dQXaN5b5PqE,,,2026-05-03T03:19:45.109Z,11.0,44.437,11.0
President Trump has rejected Iran's latest proposal to end the war,https://www.youtube.com/watch?v=E2-FTFovzNo,KTVN 2 News Nevada,https://www.youtube.com/channel/UCaLjq8bBXAA7lLlHaGHvI8w,2026-05-03T03:19:31.462Z,105.0,13.647,13.647
Shortened: Your all-in-one privileged access management platform,https://www.youtube.com/watch?v=vlD7vauDguM,,,2026-05-03T03:19:21.129Z,176.0,10.333,10.333
Way of the Hunter 2 | Early Access Release Trailer,https://www.youtube.com/watch?v=czET4p2CmY0,,,2026-05-03T03:19:11.133Z,204.0,9.996,9.996
Enterprise: Here For It :30 (US English),https://www.youtube.com/watch?v=abjQAzTkaE8,,,2026-05-03T03:19:03.096Z,31.0,8.037,8.037
Starjunk 95 | Groovy Funky Disco Future House Mix,https://www.youtube.com/watch?v=J9ZgLFLbsA8,Gatuso,https://www.youtube.com/channel/UCrSecnmFNMxS9H75Kv5B0Zw,2026-05-03T01:52:43.685Z,975.0,5179.411,975.0
Your Superagent is waiting,https://www.youtube.com/watch?v=ln3pYT7yy-E,,,2026-05-03T01:52:36.866Z,59.0,6.819,6.819
Show Me What You Workin' Wit (feat. Too $hort),https://www.youtube.com/watch?v=97z27xeTEd8,E-40 - Topic,https://www.youtube.com/channel/UCKlkhvMKkJdaz48cpscL7eg,2026-05-03T01:52:16.943Z,247.0,19.923,19.923
I Had It In A Drought (feat. Stresmatic),https://www.youtube.com/watch?v=DUJS-d1ZPoM,E-40 - Topic,https://www.youtube.com/channel/UCKlkhvMKkJdaz48cpscL7eg,2026-05-03T01:52:07.844Z,262.0,9.099,9.099
The Weedman (feat. Stresmatic),https://www.youtube.com/watch?v=P007IUXPfAc,E-40 - Topic,https://www.youtube.com/channel/UCKlkhvMKkJdaz48cpscL7eg,2026-05-03T01:51:57.325Z,283.0,10.519,10.519
E-40 - 1-Luv (Official Video) ft. Leviti,https://www.youtube.com/watch?v=cuM2nzz2PmQ,E40VEVO,https://www.youtube.com/channel/UC-tDtay-KBnW7nuZ0lHAGQA,2026-05-03T01:20:18.699Z,280.0,1898.626,280.0
E-40 - Sprinkle Me (Official Video) ft. Suga-T,https://www.youtube.com/watch?v=byuQVTdlfos,E40VEVO,https://www.youtube.com/channel/UC-tDtay-KBnW7nuZ0lHAGQA,2026-05-03T01:16:34.793Z,247.0,223.906,223.906
Copy of Codex Alexander 2 FixingPRs 16x9,https://www.youtube.com/watch?v=_wAWR3xf9SE,,,2026-05-03T01:16:10.095Z,38.0,24.698,24.698
DG Video Gen Video,https://www.youtube.com/watch?v=9uA8vJ_Djik,,,2026-05-02T21:37:42.953Z,16.0,13107.142,16.0
Codex Andrew 3 FixingMergeConflicts 16x9 h264,https://www.youtube.com/watch?v=V_gJQYyG1Os,,,2026-05-02T21:37:39.117Z,38.0,3.836,3.836
FY25Q4 Ps Desktop Demand Progression HaleyVaracallo2 LM RD 15 16x9 EN,https://www.youtube.com/watch?v=cwxhrqcMWb8,,,2026-05-02T21:37:37.780Z,15.0,1.337,1.337
he knew what he wanted😂 #kendrickcurry #shorts,https://www.youtube.com/watch?v=7Spv-EvWFmk,Kendrick Curry Shorts,https://www.youtube.com/channel/UCQuHKvt7HcZ9-9uUL0WoDIA,2026-05-02T21:37:11.347Z,54.0,26.433,26.433
This would be too trippy at a rave 🤣 #housemusic #techhouse #musicfestival #edm #rave #edmmusic,https://www.youtube.com/watch?v=E4RnJ417owY,Rave Moments,https://www.youtube.com/channel/UCPKXIwGFMnyHo8mQa1GIv3w,2026-05-02T21:37:02.247Z,7.0,9.1,7.0
Good heavens,https://www.youtube.com/watch?v=C3MIBgYE88M,Tactical Forge,https://www.youtube.com/channel/UCrEjMu4_cEh3dC1YU0CS1Gg,2026-05-02T21:37:00.402Z,5.0,1.845,1.845
WH is Happening 😭🙏 #basketball #shortsfeed,https://www.youtube.com/watch?v=wTuC51kD14g,Bregz,https://www.youtube.com/channel/UCvm813BZfwFdITIZQ9Tbsnw,2026-05-02T21:36:59.056Z,13.0,1.346,1.346
#bigkingenergy #vlog,https://www.youtube.com/watch?v=pvDGv9_YrJg,King68thegreat,https://www.youtube.com/channel/UClLp38ZRS0J57CcdYWaGNxw,2026-05-02T21:36:18.652Z,38.0,40.404,38.0
The ending is crazy 💀💀,https://www.youtube.com/watch?v=Vl21j-UMALE,deagzzzshorts,https://www.youtube.com/channel/UCjcZfaPzpgifneY4aZgLGrQ,2026-05-02T21:36:17.325Z,53.0,1.327,1.327
I thought I had allies...,https://www.youtube.com/watch?v=PQ6PiT3m2o8,Raphael Solo LIVE,https://www.youtube.com/channel/UC5oeq5AewnF_8z-hKhOs6Eg,2026-05-02T21:35:10.605Z,29.0,66.72,29.0
#funny,https://www.youtube.com/watch?v=sGxb8CSVmbM,Porter,https://www.youtube.com/channel/UC4m9BO-cOjJp5KPc9w06LAQ,2026-05-02T21:35:00.729Z,21.0,9.876,9.876
When your homeboy didn’t snitch 💯 #reels #shortfeed #real #views #memes #lastest #trendingshorts,https://www.youtube.com/watch?v=YsklOqCSwa0,Realskits4k,https://www.youtube.com/channel/UC5zfAzPdGR5UAqiy4nh9L7g,2026-05-02T21:33:59.881Z,23.0,60.848,23.0
Ain’t gonna lie you had me at first,https://www.youtube.com/watch?v=pNSQJ1oZnXc,Doggoztales,https://www.youtube.com/channel/UCkjoQ0GYiZCTdWkEm6eRJxg,2026-05-02T21:33:08.120Z,31.0,51.761,31.0
Sal's Straw - Impractical Jokers #shorts,https://www.youtube.com/watch?v=6N9aNwkMbSE,Laaphy,https://www.youtube.com/channel/UCtjmaYg6Tr19gBp7dQbNJxA,2026-05-02T21:32:47.455Z,21.0,20.665,20.665
He tried it again😂#modestohoops#ballislife#basketball#modesto#streetball#shorts,https://www.youtube.com/watch?v=sOwLg1XMKnA,209ModestoHoops,https://www.youtube.com/channel/UCWTAFvm9Bm9miw7ZX6HEg5Q,2026-05-02T21:32:30.587Z,17.0,16.868,16.868
#funny #giftok #fyp,https://www.youtube.com/watch?v=6QXATr0h4zk,Zipsy,https://www.youtube.com/channel/UCMnM03E34dJPmteX8Z93eEg,2026-05-02T21:32:01.162Z,20.0,29.425,20.0
It was too good to be true 😭,https://www.youtube.com/watch?v=zYZJC8UMcik,IanGillisReacts,https://www.youtube.com/channel/UColSMMK4OxdHqHWpQzDq_Og,2026-05-02T21:32:00.854Z,11.0,0.308,0.308
Poor Ice 😢,https://www.youtube.com/watch?v=B-a0BHkVnZA,𝒂𝒓𝒊𝒂𝒏𝒂𝒗𝒆𝒏𝒕𝒊⸆⸉ 🦧,https://www.youtube.com/channel/UCOKLSvtu15hBCvsLd9Gn3Rg,2026-05-02T21:31:48.769Z,22.0,12.085,12.085
https://www.youtube.com/watch?v=e7_pCUEQIUI,https://www.youtube.com/watch?v=e7_pCUEQIUI,,,2026-05-02T21:31:33.532Z,12.0,15.237,12.0
All Djs Should Know This! #dj #djviral #edm #shorts #viral #dancemusic #djremix #djsong #djviral,https://www.youtube.com/watch?v=z3CDNixcDww,djstevenb,https://www.youtube.com/channel/UCeawyfCiyy9uQyaXcX84PVw,2026-05-02T21:31:24.076Z,33.0,9.456,9.456
#rap #enphamus #dannyduncan #quez2rr,https://www.youtube.com/watch?v=4B9Q_jLNRdw,Enphamus,https://www.youtube.com/channel/UCQ7Kz4V383vqgEyORLS44gQ,2026-05-02T21:30:25.003Z,20.0,59.073,20.0
Druski Was About To Lie! 😭🤣,https://www.youtube.com/watch?v=EV4yvUNrizc,Snickerly,https://www.youtube.com/channel/UCjBz-SDpfjRWZ-5Wc5Tj4kw,2026-05-02T21:29:55.260Z,9.0,29.743,9.0
This is hilarious 😭😭,https://www.youtube.com/watch?v=b0AQgO1y31I,Makrane Daily,https://www.youtube.com/channel/UCZrh-3UvKVPNmtaVHrzWwew,2026-05-02T21:29:23.294Z,30.0,31.966,30.0
Drunk fan rushes the stage at Bryan Adams concert in Salt Lake City during ‘Summer of 69’,https://www.youtube.com/watch?v=nIo5ZXVYcr4,Pressing Rewind with Tim Nydell,https://www.youtube.com/channel/UCZsAilAuapmsOrv8_A0G2iQ,2026-05-02T21:29:12.911Z,18.0,10.383,10.383
Quad Load Shotgun😮🔥 | IPSC #ipscshooting #benelli #esporte #callofduty,https://www.youtube.com/watch?v=L4aCF8Yq8so,Lucas Roth,https://www.youtube.com/channel/UCicr313z5piFnUpIZLi42EA,2026-05-02T21:28:56.751Z,17.0,16.16,16.16
POV: Bringin the trash cans in during day to avoid being chased back inside at night by a random guy,https://www.youtube.com/watch?v=aj9wav0KkUk,Get Milly Fit,https://www.youtube.com/channel/UCS-iIJWZHmJI5NQ7uyfGiLw,2026-05-02T21:28:53.120Z,7.0,3.631,3.631
Finally I found that man 😂|| #trending #kookie #fyp #aesthetic #kpop,https://www.youtube.com/watch?v=Jg1ofgPRKws,𝗞𝗼𝗼𝗸𝗶𝗲ᯓᡣ𐭩,https://www.youtube.com/channel/UCT8vVHMI3nF2Kz9U6I9fKYw,2026-05-02T21:28:51.849Z,7.0,1.271,1.271
the enemy has been defeated,https://www.youtube.com/watch?v=tJNV1H9-siE,AdventuresWithJesus,https://www.youtube.com/channel/UCShtSyIIIcrjXdjyCz0QZdQ,2026-05-02T21:28:51.558Z,11.0,0.291,0.291
Shoutout to Cali part 6 😂 - SUBSCRIBE for more! 🦅 #airsoft #shortsviral #edc,https://www.youtube.com/watch?v=o0y8mhG7qps,Low Fly Over,https://www.youtube.com/channel/UCvUJsR0vJ_Z-F2CgzHkZpdw,2026-05-02T21:28:35.987Z,15.0,15.571,15.0
#floydmayweather #fazejarvis #sparring,https://www.youtube.com/watch?v=oc9kPrveUXo,Fight Iqboxing,https://www.youtube.com/channel/UCFsvVYNBYlhhW8-fZX-_1BQ,2026-05-02T21:28:35.402Z,9.0,0.585,0.585
I soiled these bad bunny’s with burnt motor oil😦 #shoedoc #shoelada #shoecleaner #150bucks,https://www.youtube.com/watch?v=e8KHXTenlfg,Theshowlorios,https://www.youtube.com/channel/UC5ti_-CJm7q6Xg3Il_xO9uA,2026-05-02T21:28:32.055Z,60.0,3.347,3.347
"""Culture Shock"" Fyp and here's some Skate3 ❤️🔥 #kv #VOLDE #47stairs #4u #skate",https://www.youtube.com/watch?v=JjdbCfBTONI,VOLDE ,https://www.youtube.com/channel/UCe2rzrEyfLDruVyNK3KRAhA,2026-05-02T21:28:31.007Z,23.0,1.048,1.048
He kept getting in trouble at school so his uncles did this 😤  #reaction #viral,https://www.youtube.com/watch?v=i002LiN3J1M,jaylyn ,https://www.youtube.com/channel/UCUNYQCkkqelZ0UIjAL8Q_FA,2026-05-02T21:28:04.286Z,18.0,26.721,18.0
That sibling connection 🔥,https://www.youtube.com/watch?v=bf8xmqwu_cw,Buza,https://www.youtube.com/channel/UC1ByTUqi_kFzn4bRfbQWbQQ,2026-05-02T21:27:31.285Z,20.0,33.001,20.0
Blurry: MONDAY Haircare,https://www.youtube.com/watch?v=l-G6O5Sp4Ds,,,2026-05-02T21:27:30.129Z,16.0,1.156,1.156
Next Level Can Spout #gadgets,https://www.youtube.com/watch?v=JSS_IcFOsfM,CrazyRussianHacker,https://www.youtube.com/channel/UCe_vXdMrHHseZ_esYUskSBw,2026-05-02T21:27:10.876Z,34.0,19.253,19.253
This 50AE serious 😮,https://www.youtube.com/watch?v=Ee5jx9WStUo,Black Rambo TV,https://www.youtube.com/channel/UCIJTMUQJ2X-NID48X-mi5iQ,2026-05-02T21:26:41.358Z,34.0,29.518,29.518
Thai Chef Roasts Gordon Ramsay 😂,https://www.youtube.com/watch?v=DQK0TRGo0Ys,Goated Eagle,https://www.youtube.com/channel/UCpuWWZBKVE_n_50K5KjZkhw,2026-05-02T21:26:20.517Z,20.0,20.841,20.0
How to clean Jordan’s that bleed a lot‼️🫡 #shoedoc #shoelada #shoecleaner #150bucks #jordan1,https://www.youtube.com/watch?v=ZdYyX29frQY,Theshowlorios,https://www.youtube.com/channel/UC5ti_-CJm7q6Xg3Il_xO9uA,2026-05-02T21:26:15.466Z,49.0,5.051,5.051
#funny,https://www.youtube.com/watch?v=eyBS0_GOt5M,Porter,https://www.youtube.com/channel/UC4m9BO-cOjJp5KPc9w06LAQ,2026-05-02T21:25:34.412Z,38.0,41.054,38.0
【続】抜かずに抜く❣️体術鍛錬《壁留》For body mechanism😉 #shorts,https://www.youtube.com/watch?v=SOdI4kv5-14,俳優《沙人🇯🇵瀬本博之》還暦武藝帖,https://www.youtube.com/channel/UCR2hW4DZUQy45FfUmp4N1fg,2026-05-02T21:25:14.788Z,39.0,19.624,19.624
Watch for meshmines! 🤣 #firebreak #BO4 #callofduty #codshorts #funnyshorts #quip #jajaja,https://www.youtube.com/watch?v=RLDudLsFEXo,MeleeMama85,https://www.youtube.com/channel/UCZepwiNiwuFrt5HoMz9rkRw,2026-05-02T21:25:10.430Z,6.0,4.358,4.358
Army Ranger Firing SIG M338 LMG While Walking,https://www.youtube.com/watch?v=UgE4z1KS7PA,War Veterans,https://www.youtube.com/channel/UCIFaYQg5IF4gWhEJTw5HkFQ,2026-05-02T21:24:07.857Z,31.0,62.573,31.0
Going Through Her Phone Was A Mistake!!!😭 #shorts #viral #viralvideo #funny #relationship #trending,https://www.youtube.com/watch?v=ejQ9DIP4_rQ,Mar2Fed,https://www.youtube.com/channel/UCCsDVM2dda4FeFarREbRffQ,2026-05-02T21:24:05.246Z,18.0,2.611,2.611
@McDonalds Staff took Teamwork Seriously,https://www.youtube.com/watch?v=ZWNzMd7evfU,We5Rule,https://www.youtube.com/channel/UCt7ILZuMauUE4uf-a35wqLg,2026-05-02T21:23:29.983Z,18.0,35.263,18.0
U.S. army ranger demonstrates ￼ combat course,https://www.youtube.com/watch?v=8Or-6pQY6fs,Notinregs,https://www.youtube.com/channel/UCAVoa4ZysyLq6AcWIV1Ccow,2026-05-02T21:23:28.967Z,52.0,1.016,1.016
$100 or MYSTERYBOX😳🤑 #culturekicks #sneakers #sneakerhead #snkrs #kicks #mysterybox #scammer,https://www.youtube.com/watch?v=nSYqbQO2TLE,Culture Kicks Clips,https://www.youtube.com/channel/UCbIR_RyygPanaAp4pHznQVQ,2026-05-02T21:23:28.108Z,43.0,0.859,0.859
He Bought These In New York…,https://www.youtube.com/watch?v=zzZc5mfKM3U,World of Ramitheicon,https://www.youtube.com/channel/UC1XvevhfzZXnuB-pHdUtJFg,2026-05-02T21:22:27.157Z,18.0,60.951,18.0
Bro's AURA tho 🔥🔥,https://www.youtube.com/watch?v=wcEwy-lBjzU,deagzzzshorts,https://www.youtube.com/channel/UCjcZfaPzpgifneY4aZgLGrQ,2026-05-02T21:22:05.185Z,24.0,21.972,21.972
WHITE JAMAICAN MONKEY STORY,https://www.youtube.com/watch?v=UVICSImWDL0,sidequestz,https://www.youtube.com/channel/UCNDUK1LhfrnvedhfHGrZKPw,2026-05-02T21:22:03.178Z,62.0,2.007,2.007
ハットグ vs 映画 Intro IB : @B@BayashiTV_,https://www.youtube.com/watch?v=Uobr2vqpD1Y,Izu💪🏼イズ,https://www.youtube.com/channel/UCuB2WVJroGqkV4nR2lHYAsQ,2026-05-02T21:21:36.833Z,24.0,26.345,24.0
King Trot Roasting Guy As He Gets Arrested 😂,https://www.youtube.com/watch?v=TzLI2N6-yRQ,Viralbanger,https://www.youtube.com/channel/UC-PV38KvdI7nh5bTAybnqlA,2026-05-02T21:21:14.288Z,16.0,22.545,16.0
What is going on #trending #funny #xyzbca #youtubeshorts #shorts #memes #viral #pov #getpovd,https://www.youtube.com/watch?v=olXLTX5b39E,Fishward,https://www.youtube.com/channel/UC1Is0CzFEjCFGvH0DJLZTCA,2026-05-02T21:21:01.313Z,29.0,12.975,12.975
collecting you ladies like pokémon #bikergirl #motorcycle #girl #funny #moto #love #humor,https://www.youtube.com/watch?v=HWv_oBEucq0,Nabi,https://www.youtube.com/channel/UCOegn0b_Z6e7IhCWqOJfXuw,2026-05-02T21:20:59.608Z,32.0,1.705,1.705
Did The Dads Take It Too Far⁉️#shorts #trend,https://www.youtube.com/watch?v=x0c9GXvgBpw,GunttClipss,https://www.youtube.com/channel/UCCBf_wWwyUSvZmJsMsSs73Q,2026-05-02T21:20:54.262Z,31.0,5.346,5.346
W moms😭 #hellcat #viralvideo #funny #cargirl #srt #shortsfeed #srtaddicts,https://www.youtube.com/watch?v=WcbVrTsR-88,SRT JADE,https://www.youtube.com/channel/UCC1_NrvloAccS-YWtwoUSmg,2026-05-02T21:20:20.072Z,26.0,34.19,26.0
Guy learns how to park his car #driving,https://www.youtube.com/watch?v=VEO7Tx6wcJk,Capture Archive,https://www.youtube.com/channel/UCFt9ZzISImrXWtE0QzOtaGw,2026-05-02T21:20:17.662Z,11.0,2.41,2.41
HE WAS SO NONCHALANT 😳 #culturekicks #sneakers #sneakerhead #kicks #snkrs #coinflip #kobe,https://www.youtube.com/watch?v=gcrKTlssUG8,Culture Kicks Clips,https://www.youtube.com/channel/UCbIR_RyygPanaAp4pHznQVQ,2026-05-02T21:19:12.507Z,63.0,65.155,63.0
Officer Koolaid Man!,https://www.youtube.com/watch?v=qjWwgDIpXs4,Tactical Forge,https://www.youtube.com/channel/UCrEjMu4_cEh3dC1YU0CS1Gg,2026-05-02T21:18:57.423Z,15.0,15.084,15.0
This TV Folds 5 Times!,https://www.youtube.com/watch?v=Cwnh43LSalw,A2Z,https://www.youtube.com/channel/UCWhIdjTJ4EHndJGXdpycYWg,2026-05-02T21:18:51.251Z,7.0,6.172,6.172
Military Peeking Technique,https://www.youtube.com/watch?v=jmg4HYFJvro,Army Edit,https://www.youtube.com/channel/UC5Wmtse1lI4gE8PgNnPGl7w,2026-05-02T21:18:29.822Z,21.0,21.429,21.0
Just A GTA Lobby ATP😭  #edited #funny #comedy #funnyclips #memes #prank #meme #prankshorts,https://www.youtube.com/watch?v=TnH4_Y8gUKs,Kritz,https://www.youtube.com/channel/UCuEb0tmO5acAQ8yAw5_x3zA,2026-05-02T21:18:10.516Z,19.0,19.306,19.0
how tall are you ? 🤔,https://www.youtube.com/watch?v=-81JdBRaXro,avidon,https://www.youtube.com/channel/UCR5F26qUA7viCEnRnZ0n_FQ,2026-05-02T21:18:00.486Z,10.0,10.03,10.0
Bugs Hate Raid ® Ant & Roach Spray,https://www.youtube.com/watch?v=Wpm3Nf22pNk,,,2026-05-02T21:17:58.996Z,14.0,1.49,1.49
Innovative Ideas At A Whole New Level #construction #engineer #adamrose,https://www.youtube.com/watch?v=C9DqE6dQw58,A.R Engineer US,https://www.youtube.com/channel/UCmH2u-e79eJ_6tNI-VPRLPA,2026-05-02T21:17:49.299Z,60.0,9.697,9.697
Sassy Tullahassee 18.02 at the jail!!,https://www.youtube.com/watch?v=GVU65rFJMrQ,Sassy Tullahassee,https://www.youtube.com/channel/UCF3r-61J2EEL3v0c7Q9pJNg,2026-05-02T21:17:26.543Z,23.0,22.756,22.756
Prison Rules: How to Survive Your First Day 😰🔒 | Felon (2008),https://www.youtube.com/watch?v=UAxD6lFCC2k,ketvirtukas challange,https://www.youtube.com/channel/UCtZgmnYeb7BnOQarU_kVmQQ,2026-05-02T21:17:19.043Z,60.0,7.5,7.5
Link in my profile to get this product 💌✨,https://www.youtube.com/watch?v=AE0ZBTneksw,thetailoredfarm ,https://www.youtube.com/channel/UC9DdhfxQAdZRxxANB6q0J_g,2026-05-02T21:17:06.502Z,12.0,12.541,12.0
Bro came out of nowhere 😭✌️ #prank #funny #troll #jokes #ragebait #viral #trending,https://www.youtube.com/watch?v=9LjUkRlgoT8,Yoyo,https://www.youtube.com/channel/UCpN3vYFk9AlDBK7XOG1u9VA,2026-05-02T21:16:58.419Z,21.0,8.083,8.083
Police Ambush Outta Nowhere,https://www.youtube.com/watch?v=xjITGBAe6lQ,BodyCam Hub,https://www.youtube.com/channel/UCByCug6bIAxtSqk5vMQpXNw,2026-05-02T21:16:57.037Z,38.0,1.382,1.382
CHAOS OVER ARROWHEAD,https://www.youtube.com/watch?v=X07zY8pxh0k,Ages Untold,https://www.youtube.com/channel/UCY1_cgCQwMJfrtZ5ElWQKMQ,2026-05-02T21:16:31.396Z,7.0,25.641,7.0
Prowess - Jessica Moatz Video,https://www.youtube.com/watch?v=h88ApVMTkCc,,,2026-05-02T21:16:29.990Z,42.0,1.406,1.406
Unmarked Speed Bumps vs High Speed Car PART 1 #karma #regret #speed #shorts,https://www.youtube.com/watch?v=8R35k5SDJsw,VIRAL VIDEOS Official,https://www.youtube.com/channel/UCP4IPoY3wkpcEZXkrHLwb0g,2026-05-02T21:16:19.570Z,7.0,10.42,7.0
STALLONE WROTE LETTERS TO BUY A WATCH,https://www.youtube.com/watch?v=ilM6mEcBXSo,Archive TV,https://www.youtube.com/channel/UChAH6Vwg8zh_hef3q6F2r2Q,2026-05-02T21:16:16.761Z,6.0,2.809,2.809
Cops Harass Biker Trying To Go Home. ragemeister | Instagram,https://www.youtube.com/watch?v=iz9Q1sR--hY,TratosShorts,https://www.youtube.com/channel/UC2Z2YBz-LuGpcQf8-1t0jyw,2026-05-02T21:16:11.303Z,38.0,5.458,5.458
"between titus and a dreadnought, who’s actually stronger?#shorts #gaming #viral #ps5  #warhammer40k",https://www.youtube.com/watch?v=b9jVRsgm60Y,Space Lore 40k,https://www.youtube.com/channel/UCKPxJNDyGj-Gx-e6HU5gsmw,2026-05-02T21:16:09.824Z,6.0,1.479,1.479
With what 🤣 #qt #worldstarshorts #security #fyp,https://www.youtube.com/watch?v=gTn0UUut2Ls,KotaBlack,https://www.youtube.com/channel/UCjMLaISMzd1FBj9inh1ipyw,2026-05-02T21:15:35.684Z,30.0,34.14,30.0
Outdoor Boys Shows Off His Skills...🤯😱,https://www.youtube.com/watch?v=auNbv1MpMkM,Aesthetic Campfire,https://www.youtube.com/channel/UCBEGTebJuN1PNp42qoRG1qw,2026-05-02T21:14:44.731Z,46.0,50.953,46.0
When Police Treat A Suspect With Pure Respect,https://www.youtube.com/watch?v=Z8bEcZFyTr0,CrimeCut,https://www.youtube.com/channel/UCYVv6gKw3Ku5KGmC0qINIbw,2026-05-02T21:14:38.093Z,25.0,6.638,6.638
GoodThing Greg Social,https://www.youtube.com/watch?v=2wC3j7mkz04,,,2026-05-02T21:14:37.319Z,7.0,0.774,0.774
Spawn Is A Menace | Spawn (1997),https://www.youtube.com/watch?v=U8R22OEzsq4,Wiz Caster,https://www.youtube.com/channel/UCumkM5g5o4KT8Euk8XefKOw,2026-05-02T21:14:35.638Z,6.0,1.681,1.681
nepo babies for no reason: #nepotism #actors,https://www.youtube.com/watch?v=-2fn6zkCmC4,jules!,https://www.youtube.com/channel/UCCtbqn_pftcUQOqXMNmeK2w,2026-05-02T21:14:29.912Z,41.0,5.726,5.726
When a Former Navy SEAL Got Dead Serious on the Range,https://www.youtube.com/watch?v=qyqaL-ASJcA,Armed Sphere,https://www.youtube.com/channel/UCTSDqq_38e5rX2Fw0it6osg,2026-05-02T21:13:55.879Z,27.0,34.033,27.0
NBA Fan Interactions PT 2,https://www.youtube.com/watch?v=WUbMFwuhJ8Y,The_HoopVault,https://www.youtube.com/channel/UCeCQ2MXLJF1DTU8sra-t0Mg,2026-05-02T21:13:18.099Z,37.0,37.78,37.0
"Quality and savings are our jam. If it's important, it's not worth compromising.",https://www.youtube.com/watch?v=mBwShYEH28k,,,2026-05-02T21:13:16.661Z,10.0,1.438,1.438
He Picked the Wrong Man / The Good Lord Bird / Me and the Devil. #shorts #movies,https://www.youtube.com/watch?v=fZkKysDoXuA,Fortor_editzzz,https://www.youtube.com/channel/UClCB_rByJZVLJhau7dsszbg,2026-05-02T21:13:14.344Z,58.0,2.317,2.317
Wait for it…,https://www.youtube.com/watch?v=sVyXPRPQWDY,Best DJ Transitions,https://www.youtube.com/channel/UC_QwQ5TGxH4eUk5lFdWdq_w,2026-05-02T21:12:58.943Z,44.0,15.401,15.401
Deputy Tries To PULL OVER Fellow Cop!,https://www.youtube.com/watch?v=g3n7ZQm2Fmc,StreetlineDV,https://www.youtube.com/channel/UCWcCKWirKWbvJR-RqPD6ktQ,2026-05-02T21:12:18.156Z,38.0,40.787,38.0
Is it really that easy#confidence #pickup #girl #pov #asherwhite,https://www.youtube.com/watch?v=YBFjigSAvVA,Asher White,https://www.youtube.com/channel/UCI2w5Bnlvo-rdsOja0S0NWg,2026-05-02T21:12:13.270Z,26.0,4.886,4.886
Plaid   GoFundMe   60   1080x1920   ProRes,https://www.youtube.com/watch?v=69a9RnuWuvc,,,2026-05-02T21:12:12.032Z,61.0,1.238,1.238
space marines sleep while running 💀 #shorts #gaming #viral #ps5  #warhammer40k #spacemarines,https://www.youtube.com/watch?v=Qvg4hr0syLQ,Space Lore 40k,https://www.youtube.com/channel/UCKPxJNDyGj-Gx-e6HU5gsmw,2026-05-02T21:11:11.784Z,6.0,60.248,6.0
whoever dropped off 8 guinea pigs count yo days,https://www.youtube.com/watch?v=kL5PMBJ_fsY,fadedhippie,https://www.youtube.com/channel/UCBKNK4AXS1WYAX1xLvyqVgA,2026-05-02T21:10:56.957Z,7.0,14.827,7.0
"#movie Taxi Driver (1976) – The ""Hero"" Nobody Asked For: Travis Bickle's Cold-Blooded",https://www.youtube.com/watch?v=mQX6Jho63oY, Roseanne,https://www.youtube.com/channel/UCSdTVN5W6F9yYzHpbNja0CA,2026-05-02T21:10:01.693Z,45.0,55.264,45.0
His Probation Made Total Sense After This,https://www.youtube.com/watch?v=hrqqBS_piAQ,Alpha Responder Network,https://www.youtube.com/channel/UCs2mVuZgKhWSuNPT565RNIA,2026-05-02T21:09:53.026Z,63.0,8.667,8.667
svod_uac|UA|FSF|S1|Moment|9x16|33s|en|sub|StreamNow-US,https://www.youtube.com/watch?v=_3V8ZF_lLjo,,,2026-05-02T21:09:51.221Z,34.0,1.805,1.805
Bless You Ma'am #funny #indianajones,https://www.youtube.com/watch?v=ldeNb51Tr1U,MightyElemental,https://www.youtube.com/channel/UCrvq-kI9y8sMUWy0AXDEJEA,2026-05-02T21:09:41.703Z,8.0,9.518,8.0
Straight up surgical,https://www.youtube.com/watch?v=b5H5HV7aXgw,Best DJ Transitions,https://www.youtube.com/channel/UC_QwQ5TGxH4eUk5lFdWdq_w,2026-05-02T21:08:49.309Z,73.0,52.394,52.394
When John Gotti's Neighbors Defended America's Most Dangerous Man ⚖️👨‍👩‍👧‍👦,https://www.youtube.com/watch?v=ejOVu-sqv1M,History Exposed Shorts ,https://www.youtube.com/channel/UCD6uT7g3JqRGayLBbWQ4Xhw,2026-05-02T21:08:48.027Z,16.0,1.282,1.282
PS5 In The Hood,https://www.youtube.com/watch?v=JsuricXX5mQ,Prankify,https://www.youtube.com/channel/UCLqi72vvK0Y8CHs4zAD2TNg,2026-05-02T21:08:43.877Z,34.0,4.15,4.15
Peak_Collector_Explorer_30_-_V2_Insta-Reel-1080x1920.mov,https://www.youtube.com/watch?v=oEl-wLBhPZ4,,,2026-05-02T21:08:42.476Z,32.0,1.401,1.401
#houstontx #houston #roadrage #funny #funnyshorts #fail,https://www.youtube.com/watch?v=nETy48CADpQ,Pete Rodriguez,https://www.youtube.com/channel/UCugg0XtkPKzEHqc46ZnzWbw,2026-05-02T21:08:37.757Z,24.0,4.719,4.719
When Cops Meet A Real Reformed Gangster,https://www.youtube.com/watch?v=k-GPXGtVZq8,CrimeCut,https://www.youtube.com/channel/UCYVv6gKw3Ku5KGmC0qINIbw,2026-05-02T21:07:38.629Z,30.0,59.128,30.0
Dumbest Drug Dealer Ever? Florida man accused of mistakenly setting up drug deal with commissioner,https://www.youtube.com/watch?v=AhTkKS5FLPM,Matt Austin,https://www.youtube.com/channel/UCfojN4vABPifhksAZp3L2Uw,2026-05-02T21:06:56.569Z,40.0,42.06,40.0
Mac Miller - Self Care,https://www.youtube.com/watch?v=SsKT0s5J8ko,Mac Miller,https://www.youtube.com/channel/UC3SEvBYhullC-aaEmbEQflg,2026-05-02T17:58:49.171Z,348.0,11287.398,348.0
Genuine Leather JACKETS That you Need to See to Believe!,https://www.youtube.com/watch?v=HBAIm_2mF1k,,,2026-05-02T17:48:32.971Z,15.0,616.2,15.0
FY25Q4 MaxLA DVA ObjectMask B Cutdown 15 YT 16x9 EN,https://www.youtube.com/watch?v=9EsMgECHfsU,,,2026-05-02T17:48:32.971Z,13.0,0.0,0.0
E-40 ft. Stressmatic - The Weedman,https://www.youtube.com/watch?v=CrzyuLRzk8U,E-40 - Revenue Retrievin' (4 ALBUMS),https://www.youtube.com/channel/UC-LQUJVsIjELslpPTX1NEeQ,2026-05-02T17:37:40.025Z,283.0,652.946,283.0
Take a Zesty Pause for Longer Walks,https://www.youtube.com/watch?v=uXUCw5JUYUM,,,2026-05-02T17:37:17.532Z,16.0,22.493,16.0
"Learn About Transferring to St. Edward’s University in Austin, TX.",https://www.youtube.com/watch?v=668YWt3B0TM,,,2026-05-02T17:36:40.053Z,31.0,37.479,31.0
wishlist01_ad07_landscape.mov,https://www.youtube.com/watch?v=N_gsuVrQmog,,,2026-05-02T17:29:47.653Z,15.0,412.4,15.0
Himiko Kikuchi - Flying Beagle (1987),https://www.youtube.com/watch?v=HHOn8u-c2wk,captain chef,https://www.youtube.com/channel/UC6qLId64tMtyf8ZSF0IOUqg,2026-05-02T17:23:19.648Z,2580.0,388.005,388.005
Codex Ed 2 PrototypingWithCodex 16x9,https://www.youtube.com/watch?v=BfZzwD575NQ,,,2026-05-02T17:23:09.717Z,30.0,9.931,9.931
Your all-in-one privileged access management platform,https://www.youtube.com/watch?v=ZJXvkuCqb9A,,,2026-05-02T17:23:07.857Z,185.0,1.86,1.86
Gothic 1 Remake | Pre-Order Teaser,https://www.youtube.com/watch?v=XxJvLsyokTA,,,2026-05-02T17:23:01.793Z,31.0,6.064,6.064
Research CMMC Compliance Providers,https://www.youtube.com/watch?v=KvTZydhtDXs,,,2026-05-02T17:22:57.006Z,15.0,4.787,4.787
T S U K I J I　1 9 8 0 - 日本のシティポップ 80’S JAPANESE CITY POP🎵【Playlist 50】,https://www.youtube.com/watch?v=Rh7u_cbAiZc,Chill City Pop,https://www.youtube.com/channel/UCY4YovmJwl4_BivQ-LkzU2A,2026-05-02T17:18:15.974Z,7834.0,281.032,281.032
Enterprise: Change of Plans - Weather or Not :15 (US English),https://www.youtube.com/watch?v=z_j3DQ9Qa4A,,,2026-05-02T17:18:13.379Z,16.0,2.595,2.595
Marketers - ep 2,https://www.youtube.com/watch?v=Cvn2sYxr6Wg,,,2026-05-02T17:18:12.188Z,32.0,1.191,1.191
90s–00s Gangsta Rap Heat | Golden Era Street Anthems Only,https://www.youtube.com/watch?v=172tTjV4QaQ,Power Up The Music,https://www.youtube.com/channel/UCJztXk3AzEPdte0ko-r-2pw,2026-05-02T17:17:55.428Z,7124.0,16.76,16.76
Noggin of Goggin Promo (Airo) :48,https://www.youtube.com/watch?v=uBESUFC25o4,,,2026-05-02T17:16:34.657Z,48.0,80.771,48.0
Reasons Why Refresh - 1884 - Evergreen - US - English - Checkout Easy To Build - 15s - 16x9.mp4,https://www.youtube.com/watch?v=5tUDtqse2wk,,,2026-05-02T17:16:12.296Z,15.0,22.361,15.0
5 hours of rally house for hittin the bricks,https://www.youtube.com/watch?v=JFbHgOyogcg,Denz1000,https://www.youtube.com/channel/UC5ChaM4pM8tVdZc3CF7AFNA,2026-05-02T17:03:24.502Z,16400.0,767.794,767.794
Photo Op :15,https://www.youtube.com/watch?v=j0Q5xVOaJeI,,,2026-05-02T17:02:54.922Z,16.0,29.58,16.0
(AI) 3AM in tokyo: a Night Runners inspired playlist.,https://www.youtube.com/watch?v=w-xrra6ExBc,tetsuya 哲,https://www.youtube.com/channel/UCLyB3XCbHZgLd-Yl_euVdJg,2026-05-02T16:56:19.433Z,2769.0,395.489,395.489
YOWA2768100H Lowes FY26Q1 MLR Homecare+ Millennial GM YouTube FW9 13 15 V1 Revision,https://www.youtube.com/watch?v=cb3z-PFB7U8,,,2026-05-02T16:56:10.812Z,16.0,8.621,8.621
"Recycle Phone, Earn Karma | ecoATM | 16s",https://www.youtube.com/watch?v=dDvIhV88a-s,,,2026-05-02T16:51:23.544Z,16.0,287.268,16.0
Da Bumble,https://www.youtube.com/watch?v=ZpisFd7tzJA,E-40 - Topic,https://www.youtube.com/channel/UCKlkhvMKkJdaz48cpscL7eg,2026-05-02T16:47:11.442Z,252.0,252.102,252.0
"“GRWM, credit card edition!” – Experian Credit Card Marketplace",https://www.youtube.com/watch?v=6Mn6i8llrz4,,,2026-05-02T16:28:19.172Z,16.0,1132.27,16.0
Airo All Access Offer- 14 Day Free Trial :15,https://www.youtube.com/watch?v=xkWDnwfMc4k,,,2026-05-02T16:27:56.135Z,16.0,23.037,16.0
Bring your ideas to life with Base44,https://www.youtube.com/watch?v=OugxDOargKI,,,2026-05-02T16:23:14.496Z,47.0,281.639,47.0
Calling all Trainers!,https://www.youtube.com/watch?v=r-x7fXmLNsE,,,2026-05-02T06:25:08.259Z,31.0,35886.237,31.0
svod_uac|UA|WHA|S1|Moment|16x9|14s|en|sub|OnlyOn-US,https://www.youtube.com/watch?v=an-Ui2-nbpo,,,2026-05-02T05:53:54.326Z,15.0,1873.933,15.0
Your Superagent is waiting,https://www.youtube.com/watch?v=DLRg19owe-4,,,2026-05-02T05:49:55.487Z,60.0,238.839,60.0
Marketers - ep 1,https://www.youtube.com/watch?v=bZ7GGXehoWk,,,2026-05-02T05:49:51.295Z,31.0,4.192,4.192
"Best of classic Dance & Hause 80s, 90, 2000s",https://www.youtube.com/watch?v=NS8DsXzU2Xg,Runin-X ,https://www.youtube.com/channel/UCyBq9MB9qbH3TBql6t3litg,2026-05-02T05:35:22.291Z,5019.0,869.004,869.004
"(AI) neon streets, no destination.tracker",https://www.youtube.com/watch?v=tGMglruXHb4,tetsuya 哲,https://www.youtube.com/channel/UCLyB3XCbHZgLd-Yl_euVdJg,2026-05-02T05:31:55.292Z,5373.0,206.999,206.999
DG Video Gen Video,https://www.youtube.com/watch?v=c04DNl2WsKo,,,2026-05-02T05:31:46.916Z,16.0,8.376,8.376
Reasons Why Refresh - 1884 - Evergreen - US - English - Start Selling in No Time - 15s - 16x9.mp4,https://www.youtube.com/watch?v=uH5MYGG46cQ,,,2026-05-02T05:27:15.036Z,15.0,271.88,15.0
Everyday Is A Weekend (feat. The Jacka),https://www.youtube.com/watch?v=-Urq_ka1b2o,E-40 - Topic,https://www.youtube.com/channel/UCKlkhvMKkJdaz48cpscL7eg,2026-05-02T05:26:32.105Z,156.0,42.931,42.931
"E-40 ""Give Me 6"" Music Video",https://www.youtube.com/watch?v=OT20KfhnQow,E40TV,https://www.youtube.com/channel/UCc-lKM4_OHLDDtvC1KFUIAQ,2026-05-02T05:22:55.555Z,151.0,216.55,151.0
React to stains fast with StainForce,https://www.youtube.com/watch?v=mtGZknwBles,,,2026-05-02T05:21:14.386Z,16.0,101.169,16.0
Da Bumble,https://www.youtube.com/watch?v=ZpisFd7tzJA,E-40 - Topic,https://www.youtube.com/channel/UCKlkhvMKkJdaz48cpscL7eg,2026-05-02T03:58:45.338Z,252.0,4949.048,252.0
E-40 - 1-Luv (Official Video) ft. Leviti,https://www.youtube.com/watch?v=cuM2nzz2PmQ,E40VEVO,https://www.youtube.com/channel/UC-tDtay-KBnW7nuZ0lHAGQA,2026-05-02T03:54:02.528Z,280.0,282.81,280.0
E-40 - Sprinkle Me (Official Video) ft. Suga-T,https://www.youtube.com/watch?v=byuQVTdlfos,E40VEVO,https://www.youtube.com/channel/UC-tDtay-KBnW7nuZ0lHAGQA,2026-05-02T03:49:53.201Z,247.0,249.327,247.0
E-40 ft. Stressmatic - The Weedman,https://www.youtube.com/watch?v=CrzyuLRzk8U,E-40 - Revenue Retrievin' (4 ALBUMS),https://www.youtube.com/channel/UC-LQUJVsIjELslpPTX1NEeQ,2026-05-02T03:44:59.006Z,283.0,294.195,283.0
WM_03173A01_169_EN_LWT_20260325_CY_RTS^抵御飞艇军团,https://www.youtube.com/watch?v=7HYAwxi2cug,,,2026-05-02T03:44:46.989Z,39.0,12.017,12.017
"E-40 ""Give Me 6"" Music Video",https://www.youtube.com/watch?v=OT20KfhnQow,E40TV,https://www.youtube.com/channel/UCc-lKM4_OHLDDtvC1KFUIAQ,2026-05-02T03:12:53.779Z,151.0,1913.21,151.0
Everyday Is A Weekend (feat. The Jacka),https://www.youtube.com/watch?v=-Urq_ka1b2o,E-40 - Topic,https://www.youtube.com/channel/UCKlkhvMKkJdaz48cpscL7eg,2026-05-02T03:10:14.046Z,156.0,159.733,156.0
Ahhhh Sh*t!,https://www.youtube.com/watch?v=EOLTkUpxLqY,E-40 - Topic,https://www.youtube.com/channel/UCKlkhvMKkJdaz48cpscL7eg,2026-05-02T03:06:38.714Z,213.0,215.332,213.0
Reasons Why Refresh - 1884 - Evergreen - US - English - Start Selling in No Time - 15s - 16x9.mp4,https://www.youtube.com/watch?v=uH5MYGG46cQ,,,2026-05-02T03:06:19.482Z,15.0,19.232,15.0
Back In Business,https://www.youtube.com/watch?v=67IohuFM10M,E-40 - Topic,https://www.youtube.com/channel/UCKlkhvMKkJdaz48cpscL7eg,2026-05-02T02:57:24.794Z,279.0,534.688,279.0
Too $hort - Blow the Whistle (Official Audio),https://www.youtube.com/watch?v=qBmU9drpYAM,Certified,https://www.youtube.com/channel/UCF0Nc2O16gmAWw-Bd-N6BWg,2026-05-02T02:54:38.299Z,164.0,166.495,164.0
DG Video Gen Video,https://www.youtube.com/watch?v=7FRFHco_ZYE,,,2026-05-02T02:54:29.819Z,11.0,8.48,8.48
Aikido Security - no-nonsense security platform for developers,https://www.youtube.com/watch?v=IjVrvdJkj98,,,2026-05-01T14:28:43.024Z,77.0,44746.795,77.0
My Shit Bang,https://www.youtube.com/watch?v=U8kGdEe8z4k,E-40 - Topic,https://www.youtube.com/channel/UCKlkhvMKkJdaz48cpscL7eg,2026-05-01T14:27:49.496Z,243.0,53.528,53.528
Give Me 6,https://www.youtube.com/watch?v=V6olm9VeSmI,E-40 - Topic,https://www.youtube.com/channel/UCKlkhvMKkJdaz48cpscL7eg,2026-05-01T14:25:25.288Z,144.0,144.208,144.0
Mob Sh*t (feat. B-Legit),https://www.youtube.com/watch?v=_aMYR7YLazY,E-40 - Topic,https://www.youtube.com/channel/UCKlkhvMKkJdaz48cpscL7eg,2026-05-01T14:21:47.045Z,215.0,218.243,215.0
Patre casually gets Kraken,https://www.youtube.com/watch?v=Ga6_jr7orSc,,,2026-05-01T14:21:29.734Z,304.0,17.311,17.311
Barbarian,https://www.youtube.com/watch?v=hRZmuJh-LME,E-40 - Topic,https://www.youtube.com/channel/UCKlkhvMKkJdaz48cpscL7eg,2026-05-01T14:17:57.478Z,212.0,212.256,212.0
I Get Down (feat. B-Legit),https://www.youtube.com/watch?v=ZA5A5ELjxiY,E-40 - Topic,https://www.youtube.com/channel/UCKlkhvMKkJdaz48cpscL7eg,2026-05-01T14:14:31.304Z,203.0,206.174,203.0
Ballhog (feat. Stresmatic),https://www.youtube.com/watch?v=K15f4S3vui4,E-40 - Topic,https://www.youtube.com/channel/UCKlkhvMKkJdaz48cpscL7eg,2026-05-01T14:05:51.090Z,143.0,520.214,143.0
The Weedman (feat. Stresmatic),https://www.youtube.com/watch?v=P007IUXPfAc,E-40 - Topic,https://www.youtube.com/channel/UCKlkhvMKkJdaz48cpscL7eg,2026-05-01T13:56:46.488Z,283.0,544.602,283.0
Research CMMC Compliance Providers,https://www.youtube.com/watch?v=KvTZydhtDXs,,,2026-05-01T13:44:03.377Z,15.0,763.111,15.0
B*tch (feat. Too $hort),https://www.youtube.com/watch?v=Nder1eyhckA,E-40 - Topic,https://www.youtube.com/channel/UCKlkhvMKkJdaz48cpscL7eg,2026-05-01T06:13:53.590Z,204.0,27009.787,204.0
Codex Ed 2 PrototypingWithCodex 16x9,https://www.youtube.com/watch?v=BfZzwD575NQ,,,2026-05-01T06:13:32.700Z,30.0,20.89,20.89
Shortened: Auto Tune - The General 15s ENG,https://www.youtube.com/watch?v=qu_OkIrRB44,,,2026-05-01T06:13:19.784Z,13.0,12.916,12.916
"Function (feat. YG, IAMSU! & Problem)",https://www.youtube.com/watch?v=yuWPejKtNqE,E-40 - Topic,https://www.youtube.com/channel/UCKlkhvMKkJdaz48cpscL7eg,2026-05-01T05:53:44.826Z,260.0,1174.958,260.0
E-40 “19 Dolla Lapdance“ Feat. Suga Free & ProHoeZak (MUSIC VIDEO),https://www.youtube.com/watch?v=R1mwGZ3EP7M,E40TV,https://www.youtube.com/channel/UCc-lKM4_OHLDDtvC1KFUIAQ,2026-05-01T05:52:29.303Z,250.0,75.523,75.523
Shortened: GXx Tutorial 60sec,https://www.youtube.com/watch?v=W2WUrCCtYKU,,,2026-05-01T05:36:07.763Z,51.0,981.54,51.0
"“I can’t keep track, but my BFF can!” – Subscription Cancellation",https://www.youtube.com/watch?v=HLfQAZE10Q4,,,2026-05-01T05:35:45.374Z,16.0,22.389,16.0
Dating App | Truth Tellers | Liberty Mutual Insurance Commercial,https://www.youtube.com/watch?v=FF8IHX-nYWE,,,2026-05-01T05:30:45.107Z,31.0,300.267,31.0
Research CLM Software Vendors,https://www.youtube.com/watch?v=KY4RZXxkgi8,,,2026-05-01T05:30:45.106Z,16.0,0.001,0.001
Got It,https://www.youtube.com/watch?v=-OGOeHBrI8c,E-40 - Topic,https://www.youtube.com/channel/UCKlkhvMKkJdaz48cpscL7eg,2026-04-30T21:57:54.054Z,187.0,27171.052,187.0
Everyday Is A Weekend (feat. The Jacka),https://www.youtube.com/watch?v=-Urq_ka1b2o,E-40 - Topic,https://www.youtube.com/channel/UCKlkhvMKkJdaz48cpscL7eg,2026-04-30T21:55:17.987Z,156.0,156.067,156.0
"“I can’t keep track, but my BFF can!” – Subscription Cancellation",https://www.youtube.com/watch?v=HLfQAZE10Q4,,,2026-04-30T21:54:55.280Z,16.0,22.707,16.0
svod_uac|UA|DOTSR|S1|Trailer|16x9|15s|en|na|OnlyOn-MusicOverlay-US,https://www.youtube.com/watch?v=V_iOGfql_BQ,,,2026-04-30T21:54:32.719Z,16.0,22.561,16.0
Da Bumble,https://www.youtube.com/watch?v=ZpisFd7tzJA,E-40 - Topic,https://www.youtube.com/channel/UCKlkhvMKkJdaz48cpscL7eg,2026-04-30T21:50:20.673Z,252.0,252.046,252.0
Back In Business,https://www.youtube.com/watch?v=67IohuFM10M,E-40 - Topic,https://www.youtube.com/channel/UCKlkhvMKkJdaz48cpscL7eg,2026-04-30T21:45:39.414Z,279.0,281.259,279.0
Mustache | LiMu Emu & Doug | Liberty Mutual Insurance Commercial,https://www.youtube.com/watch?v=wVqq7P5FRVw,,,2026-04-30T21:45:33.342Z,16.0,6.072,6.072
Shortened: OAI FebVideographer USA UC2 16x9,https://www.youtube.com/watch?v=SuRosfQD4Qs,,,2026-04-30T21:45:10.715Z,16.0,22.627,16.0
Too $hort - Blow the Whistle (Official Audio),https://www.youtube.com/watch?v=qBmU9drpYAM,Certified,https://www.youtube.com/channel/UCF0Nc2O16gmAWw-Bd-N6BWg,2026-04-30T21:42:26.549Z,164.0,164.166,164.0
Codex Andrew 1 SentryAutomation 16x9 h264,https://www.youtube.com/watch?v=Pr7FcbtRhbk,,,2026-04-30T21:40:33.502Z,39.0,113.047,39.0
DG Video Gen Video,https://www.youtube.com/watch?v=Ejd6gOATRT4,,,2026-04-30T21:40:33.501Z,15.0,0.001,0.001
Installing Wrye Bash under Linux Steam/Proton,https://www.youtube.com/watch?v=M47fyz03YIk,RangerTony,https://www.youtube.com/channel/UCwnGRvLp8KNmuhQ_0Hbf7kQ,2026-04-30T18:50:14.747Z,1144.0,10218.754,1144.0
Undastandz Me,https://www.youtube.com/watch?v=MP5UT4SL_ZQ,E-40 - Topic,https://www.youtube.com/channel/UCKlkhvMKkJdaz48cpscL7eg,2026-04-30T15:55:30.325Z,242.0,10484.422,242.0
WF ENG 15 xyzMM2515173A  NFA WEB,https://www.youtube.com/watch?v=VQ2Gj2T-8Oc,,,2026-04-30T15:55:07.828Z,16.0,22.497,16.0
Uncertainty - Brand - Priming - Evergreen - US - English - 15s - 16x9 - CTA ALT.mp4,https://www.youtube.com/watch?v=_qNlJUpLhtI,,,2026-04-30T15:54:45.390Z,16.0,22.438,16.0
svod_uac|UA|SGSC|S2|Moment|16x9|17s|en|dub|giveitalittlemore streamnow appbug,https://www.youtube.com/watch?v=Th8Ze8h2bCk,,,2026-04-30T15:48:49.794Z,17.0,355.596,17.0
E-40 - Sprinkle Me (Official Video) ft. Suga-T,https://www.youtube.com/watch?v=byuQVTdlfos,E40VEVO,https://www.youtube.com/channel/UC-tDtay-KBnW7nuZ0lHAGQA,2026-04-30T15:44:42.649Z,247.0,247.145,247.0
"""I wanted to check my FICO® Score but it does so much more"" – Experian App",https://www.youtube.com/watch?v=uhH5mnApuSQ,,,2026-04-30T15:44:20.119Z,16.0,22.53,16.0
The Weedman (feat. Stresmatic),https://www.youtube.com/watch?v=P007IUXPfAc,E-40 - Topic,https://www.youtube.com/channel/UCKlkhvMKkJdaz48cpscL7eg,2026-04-30T15:39:37.433Z,283.0,282.686,282.686
The Art Of Story Tellin',https://www.youtube.com/watch?v=IZ8eDj0v3QU,E-40 - Topic,https://www.youtube.com/channel/UCKlkhvMKkJdaz48cpscL7eg,2026-04-30T15:39:19.177Z,256.0,18.256,18.256
Love | Truth Tellers | Liberty Mutual Insurance Commercial,https://www.youtube.com/watch?v=B7cZ68gorNY,,,2026-04-30T15:39:03.725Z,16.0,15.452,15.452
"E-40 ""MONEY SACK"" Feat. LIL BOOSIE NEW ALBUMS OUT NOW!!",https://www.youtube.com/watch?v=oQ1_7gOIUOM,E40TV,https://www.youtube.com/channel/UCc-lKM4_OHLDDtvC1KFUIAQ,2026-04-30T15:31:45.886Z,204.0,437.839,204.0
Bring your ideas to life with Base44,https://www.youtube.com/watch?v=8hdvT-Ecjec,,,2026-04-30T15:31:39.130Z,47.0,6.756,6.756
E-40 - 1-Luv (Official Video) ft. Leviti,https://www.youtube.com/watch?v=cuM2nzz2PmQ,E40VEVO,https://www.youtube.com/channel/UC-tDtay-KBnW7nuZ0lHAGQA,2026-04-30T15:24:11.538Z,280.0,447.592,280.0
The EVE Online Experience - Play For Free (Trailer),https://www.youtube.com/watch?v=zQciMy_Pr0Q,,,2026-04-30T15:24:03.817Z,115.0,7.721,7.721
svod_uac|UA|TAD|S2|Moment|16x9|15s|en|dub|bau watchdubbed,https://www.youtube.com/watch?v=6UPkjCOumr0,,,2026-04-30T15:19:46.107Z,16.0,257.71,16.0
Swoon (Short) | Truth Tellers | Liberty Mutual Insurance Commercial,https://www.youtube.com/watch?v=ov07NQ-tdx4,,,2026-04-30T15:15:09.994Z,7.0,276.113,7.0
Codex Andrew 3 FixingMergeConflicts 16x9 h264,https://www.youtube.com/watch?v=V_gJQYyG1Os,,,2026-04-30T15:14:46.003Z,38.0,23.991,23.991
"Fewer Vendor Emails, More R&D",https://www.youtube.com/watch?v=Fjg1FSX1v6M,,,2026-04-30T15:14:44.651Z,13.0,1.352,1.352
Research Video Ads Agency,https://www.youtube.com/watch?v=ntNc-GVBIis,,,2026-04-30T15:14:42.853Z,16.0,1.798,1.798
Starjunk 95 | Groovy Funky Disco Future House Mix,https://www.youtube.com/watch?v=J9ZgLFLbsA8,Gatuso,https://www.youtube.com/channel/UCrSecnmFNMxS9H75Kv5B0Zw,2026-04-30T15:11:24.151Z,975.0,198.702,198.702
Turn any idea into an app with Base44,https://www.youtube.com/watch?v=1wzhsrwSOTY,,,2026-04-30T15:11:17.530Z,55.0,6.621,6.621
Rock 2000s ⚡ [ LIVE ] Best of 2000's Rock Hits | Top 2000s Rock Songs | 2000s Rock Playlist,https://www.youtube.com/watch?v=VbTYnJshTas,Rock FM,https://www.youtube.com/channel/UCx3H_0xNy6vB_RUtG-_7Hhw,2026-04-30T14:33:43.414Z,0.0,2254.116,0.0
Police Discover A Mass Killer's Secret Hideout,https://www.youtube.com/watch?v=hvxuXT2uDrI,Dr Insanity,https://www.youtube.com/channel/UCjnYCUIym8wNRjLtZCc6gNg,2026-04-30T14:32:55.879Z,2858.0,47.535,47.535
$100 Amazon Card with Demo,https://www.youtube.com/watch?v=oSZ9c1ku30U,,,2026-04-30T14:30:01.158Z,11.0,174.721,11.0
Adding Skittles to an espresso shot,https://www.youtube.com/watch?v=ewaXKerE344,Ryantagcoffee,https://www.youtube.com/channel/UCJ19KBELNeVLV7LdgrM9nMw,2026-04-30T05:54:34.393Z,70.0,30926.765,70.0
Why arc So Hostile On This Map THIS CRAZY | #556tee on #Twitch,https://www.youtube.com/watch?v=FyAQWbcG_Eg,5.56Gaming,https://www.youtube.com/channel/UCEX_gklJN2af4Uo17UlWP6A,2026-04-30T05:54:18.147Z,35.0,16.246,16.246
Are They Faster than Space Marines 🧐🔥?? #halo #spacemarines #shorts,https://www.youtube.com/watch?v=lAKm_n38UDc,Ghosts of Reykjavik,https://www.youtube.com/channel/UCdMqhRF3nE0dNjJKTrxyrNQ,2026-04-30T05:54:17.156Z,,0.991,0.991
His duty has finally ended. May he rest💀,https://www.youtube.com/watch?v=nePCwUzehVg,GamCrafts,https://www.youtube.com/channel/UC6CDokU_LuGLQIMla9sOPvw,2026-04-30T05:54:16.463Z,60.0,0.693,0.693
Rich Kids MESS With Fisherman 😳,https://www.youtube.com/watch?v=d4NpSGEcVIE,dangerjunkie,https://www.youtube.com/channel/UCm-LbHOH_iJfIAKYiJtiCPw,2026-04-30T05:54:03.926Z,49.0,12.537,12.537
The most Italian New Yorker😂,https://www.youtube.com/watch?v=npMqjHUg6Jk,TheEuropeanKid,https://www.youtube.com/channel/UC9sUGzowFF-zWM4v768YAjQ,2026-04-30T05:54:01.233Z,41.0,2.693,2.693
Ranking The Funniest Useless Inventions,https://www.youtube.com/watch?v=GHyA7JiHhM4,QuillianRanks,https://www.youtube.com/channel/UCgzBIACht4Reafy1aRdidLQ,2026-04-30T05:53:54.744Z,,6.489,6.489
Fishing at the bottom of the sea,https://www.youtube.com/watch?v=GX1Ah11MWgE,DeepSea Hunter,https://www.youtube.com/channel/UCD2KZeqjlyZmIZ7nrtSZbSw,2026-04-30T05:53:51.607Z,63.0,3.137,3.137
Why I almost get caught and then get put on blast 🤦🏽‍♂️ #skit #shorts #viral #explore #shortvideos,https://www.youtube.com/watch?v=s5ZS1zlUJHk,Zeekshifty ,https://www.youtube.com/channel/UCKqX_uLo5f7qR4gPErHuD5A,2026-04-30T05:53:27.859Z,36.0,23.748,23.748
Customer states #funny,https://www.youtube.com/watch?v=XaSfkJEPTZ8,Jonatan Carrasco,https://www.youtube.com/channel/UCZN85Zz3uQQzHdc5wHXN0PA,2026-04-30T05:53:13.943Z,59.0,13.916,13.916
H-E-B x Astros Commercial Trivia 👀,https://www.youtube.com/watch?v=IAkQspBv9P8,,,2026-04-30T05:52:52.383Z,60.0,21.56,21.56
Best Ship Launch Everr #ship #shiplaunch,https://www.youtube.com/watch?v=mOWUx3rFU9s,CrazyClips,https://www.youtube.com/channel/UC-z7oFccLBFB5hqNfjBvUVQ,2026-04-30T05:52:45.462Z,62.0,6.921,6.921
"April 29, 2026",https://www.youtube.com/watch?v=HeIbpxnZEEQ,🥀jaebug🥂,https://www.youtube.com/channel/UCH75ChbpTeGf1NcWfHWvB1w,2026-04-30T05:52:42.506Z,8.0,2.956,2.956
How Cheese Gets Its Official Stamp 🧀,https://www.youtube.com/watch?v=CFhKGqY4cfY,Curious as Hell,https://www.youtube.com/channel/UCy38OtTWhi8vabnv_VKUGVw,2026-04-30T05:52:24.868Z,18.0,17.638,17.638
"Black Templar and Crimson Fist, a perfect duo💀",https://www.youtube.com/watch?v=BR2-UdpGJFA,GamCrafts,https://www.youtube.com/channel/UC6CDokU_LuGLQIMla9sOPvw,2026-04-30T05:51:32.825Z,52.0,52.043,52.0
Lucifer Season 1/ He offended him.,https://www.youtube.com/watch?v=ZS-SSpoOJUg,Dung Le,https://www.youtube.com/channel/UCD1uYStc5B6llz9ETXnPiXw,2026-04-30T05:50:31.191Z,58.0,61.634,58.0
The shirt vs Trader Joe’s… who wins? 😂#viral #funny #funnyvideo #comedy #shorts #trendingshorts,https://www.youtube.com/watch?v=zZPgSmnypfE,The shirt you never take off ,https://www.youtube.com/channel/UCWretDLdVVTkAQfGsAbqTdg,2026-04-30T05:50:21.265Z,6.0,9.926,6.0
HE HASN'T PAID RENT SINCE 1997,https://www.youtube.com/watch?v=-ZmIuzGINqY,Shadow of the Empire,https://www.youtube.com/channel/UCogE5Xzl6gJZE9LpM_g-2-w,2026-04-30T05:50:19.429Z,6.0,1.836,1.836
BUYING A PALLET OF TRADING CARDS FROM COSTCO 😱,https://www.youtube.com/watch?v=UT-RfoVgEaU,cillclips,https://www.youtube.com/channel/UCZ16hFfiB5L6NR9npyw4z2Q,2026-04-30T05:50:16.807Z,57.0,2.622,2.622
He Beat A World Record!!! 😂😂😂 | Kill Tony ft. Law Kroger,https://www.youtube.com/watch?v=9Jdi5ddON2A,LifeofLogos,https://www.youtube.com/channel/UCNrnx5h8mMjZEQqbbVXVMkA,2026-04-30T05:50:14.718Z,17.0,2.089,2.089
He asked for it😭😭 #subscribe #roadto100k,https://www.youtube.com/watch?v=oxq7UZAIwz0,Vault 414,https://www.youtube.com/channel/UCnRTADon4gXo4nWw6zMpN6g,2026-04-30T05:50:08.063Z,31.0,6.655,6.655
31s NAYSAYERS Vertical,https://www.youtube.com/watch?v=Hqa9-8ZPU3c,,,2026-04-30T05:50:06.430Z,32.0,1.633,1.633
Bro met a menace at the gym.. 💀#funny #humor #shorts #gym,https://www.youtube.com/watch?v=PEIfRz6GFyw,"PowerUp, Your Daily Dose of Fun and Energy",https://www.youtube.com/channel/UCfwIbesNwHg-lhRcyVNSwhQ,2026-04-30T05:50:04.897Z,20.0,1.533,1.533
He wants to thanks the car guy! 😆| THE TRILLIONAIRE CREATOR,https://www.youtube.com/watch?v=x7xU4fMRQMw,THE TRILLIONAIRE CREATOR,https://www.youtube.com/channel/UCEfCj4Ycb9-n6bWmHFJniSA,2026-04-30T05:49:23.245Z,15.0,41.652,15.0
Punched the fight outta him 😭💀 #boxing #explore #viral #today,https://www.youtube.com/watch?v=NXhSkZ9LyJ4,Lachen Met Je Moeder 🇳🇱,https://www.youtube.com/channel/UCWWI9Z1S-TVEAd1o3xUcNsQ,2026-04-30T05:49:21.003Z,29.0,2.242,2.242
Find hilarious clips you're in with Medal,https://www.youtube.com/watch?v=soc3P8TUW-Q,,,2026-04-30T05:49:18.839Z,15.0,2.164,2.164
"they help you get addicted, then treat you #funny #humor #shorts",https://www.youtube.com/watch?v=lnB9LxKLoHU,"PowerUp, Your Daily Dose of Fun and Energy",https://www.youtube.com/channel/UCfwIbesNwHg-lhRcyVNSwhQ,2026-04-30T05:48:40.674Z,25.0,38.165,25.0
Tweaker Geographic Episode 49: “Domain”,https://www.youtube.com/watch?v=6fIiqh6z94E,Tweaker Geographic ,https://www.youtube.com/channel/UCsC8JMpIx8-AVrXrqROlqwQ,2026-04-30T05:48:34.470Z,29.0,6.204,6.204
Uncle Does This So ⚰️ Doesn’t Get Reused,https://www.youtube.com/watch?v=v3Ljm_-AaaE,DaCoby Live,https://www.youtube.com/channel/UCjnM0NcnwWhWksw2rLYJjuw,2026-04-30T05:48:28.277Z,18.0,6.193,6.193
Degree without pay anything?,https://www.youtube.com/watch?v=-0zn0OySe-4,,,2026-04-30T05:48:26.436Z,29.0,1.841,1.841
Worst Day at Chick-Fil-A  #anime #animation #chickfila #storytime,https://www.youtube.com/watch?v=-rDcggtyZ-4,Kevinu,https://www.youtube.com/channel/UCMBxnpU54WaKJZ-MzFngbYw,2026-04-30T05:48:24.892Z,64.0,1.544,1.544
Feminist Lies To The COPS About Me!!😳😳😳,https://www.youtube.com/watch?v=AmmwXgQ42j0,Stop Playinn Tre Clips,https://www.youtube.com/channel/UCmmz8N5JhAESHLWafTmaXIA,2026-04-30T05:48:04.807Z,72.0,20.085,20.085
BestApps.AI video.mp4,https://www.youtube.com/watch?v=7Mfu_KQ0PMk,,,2026-04-30T05:48:03.404Z,40.0,1.403,1.403
He Opened His Vacuum App… And Something Wasn’t Right #fyp #podcast #shawnryanshow #products,https://www.youtube.com/watch?v=e4UZVOz9mUg,Pod-Clips,https://www.youtube.com/channel/UCBZDPlcahNCWCSAega6f9vQ,2026-04-30T05:48:00.589Z,53.0,2.815,2.815
deenthegreat almost gets knocked out,https://www.youtube.com/watch?v=Wo3B880VMcg,Sapoclipsx,https://www.youtube.com/channel/UCIWJsnWBpThkE0x8B87Wm3A,2026-04-30T05:47:42.910Z,33.0,17.679,17.679
Pilot Saw Something Moving on the Wing… Then It Struck #fyp #shawnryanshow #podcast #africa #snake,https://www.youtube.com/watch?v=jUyVRRYYEvk,Pod-Clips,https://www.youtube.com/channel/UCBZDPlcahNCWCSAega6f9vQ,2026-04-30T05:47:37.492Z,38.0,5.418,5.418
"April 25, 2026",https://www.youtube.com/watch?v=YwscpyuMlR0,Lit Mann,https://www.youtube.com/channel/UCdglVV8rv8d6Iz9l9UrJoQw,2026-04-30T05:47:15.498Z,33.0,21.994,21.994
Now they get to watch you suffer.,https://www.youtube.com/watch?v=tF_CGSlyz0g,FilmAndFate,https://www.youtube.com/channel/UCHrYn_5Vy6vYZXYCkNqwDFw,2026-04-30T05:46:07.943Z,55.0,67.555,55.0
❤,https://www.youtube.com/watch?v=kCD-fZnovl0,AWFW,https://www.youtube.com/channel/UCEd2EwuHS3CAfiJjJq_hBZQ,2026-04-30T05:45:02.692Z,63.0,65.251,63.0
UAC-UGC 122024 24Nov Debit Sapphire BrandonStrangers V1 F1 Meta Video 9x16,https://www.youtube.com/watch?v=PVI_JT9Z3Tk,,,2026-04-30T05:45:01.243Z,34.0,1.449,1.449
"This Chain Was Worth Almost $20,000!!!",https://www.youtube.com/watch?v=zho9tPszDWA,Cache Of Cash,https://www.youtube.com/channel/UCJ-OLyM2xpm0ENyYI-hr5pA,2026-04-30T05:44:43.330Z,86.0,17.913,17.913
This Cop Was Actually Chill 😄,https://www.youtube.com/watch?v=4BF1zNBcU18,JustRealFootage,https://www.youtube.com/channel/UCCqrV8kVYGeKgAMLXSNaAuw,2026-04-30T05:44:40.718Z,29.0,2.612,2.612
Tweaker Geographic Episode 86: “Tweakers Nest pt. 2”,https://www.youtube.com/watch?v=uZpLpNNueE8,Tweaker Geographic ,https://www.youtube.com/channel/UCsC8JMpIx8-AVrXrqROlqwQ,2026-04-30T05:43:47.685Z,49.0,53.033,49.0
Genesis In-Market | Details Matter | GV70 Performance,https://www.youtube.com/watch?v=bSHcIWbU1ak,,,2026-04-30T05:43:44.578Z,16.0,3.107,3.107
"Learn About Transferring to St. Edward’s University in Austin, TX.",https://www.youtube.com/watch?v=668YWt3B0TM,,,2026-04-30T05:43:42.096Z,31.0,2.482,2.482
Influ2: How it works,https://www.youtube.com/watch?v=ySpQ1sfwNiA,,,2026-04-30T05:39:04.833Z,98.0,277.263,98.0
When Entitled Women Are Finally Told 'No',https://www.youtube.com/watch?v=UVPBDMJMkM4,Dr Insanity,https://www.youtube.com/channel/UCjnYCUIym8wNRjLtZCc6gNg,2026-04-30T05:38:02.620Z,1105.0,62.213,62.213
24/7 True Crime Livestream - Dr. Insanity TV - With Live Chat,https://www.youtube.com/watch?v=Vs2uO_4rGd4,Dr Insanity,https://www.youtube.com/channel/UCjnYCUIym8wNRjLtZCc6gNg,2026-04-30T05:37:31.962Z,1369975.0,30.658,30.658
"Map of India - States, Union Territories, Capitals and Largest Cities - Bharat Map (with Photos)",https://www.youtube.com/watch?v=qRIk0l7bI2w,Genius Learning,https://www.youtube.com/channel/UCmvBVmiTrR6qlG2Merzx6tQ,2026-04-30T01:03:08.836Z,481.0,16463.126,481.0
